{
  "type": "FeatureCollection",
  "name": "tecate_facsimile_polygon",
  "crs": {
    "type": "name",
    "properties": {
      "name": "urn:ogc:def:crs:OGC:1.3:CRS84"
    }
  },
  "features": [
    {
      "type": "Feature",
      "properties": {
        "description": "Tecate terrain facsimile boundary extracted from tecate.glb clippedBottom mesh. Contains the official INEGI boundary with intentional NW displacement toward Donohue Mountain.",
        "source_asset": "tecate.glb",
        "vertex_count": 7852,
        "bounds_lon": [
          -116.7807649,
          -115.8742049
        ],
        "bounds_lat": [
          32.2112089,
          32.6360789
        ]
      },
      "geometry": {
        "type": "Polygon",
        "coordinates": [
          [
            [
              -115.878707,
              32.5022173
            ],
            [
              -115.8787168,
              32.5024697
            ],
            [
              -115.8787295,
              32.5027972
            ],
            [
              -115.8787386,
              32.5030313
            ],
            [
              -115.878752,
              32.5033771
            ],
            [
              -115.8787604,
              32.5035928
            ],
            [
              -115.8787746,
              32.503957
            ],
            [
              -115.8787822,
              32.5041542
            ],
            [
              -115.8787971,
              32.5045369
            ],
            [
              -115.878813,
              32.5049455
            ],
            [
              -115.8788196,
              32.5051168
            ],
            [
              -115.8788363,
              32.505545
            ],
            [
              -115.8788422,
              32.5056967
            ],
            [
              -115.8788476,
              32.5058388
            ],
            [
              -115.8788647,
              32.5062766
            ],
            [
              -115.8788829,
              32.5067441
            ],
            [
              -115.8788872,
              32.5068565
            ],
            [
              -115.8788913,
              32.5069618
            ],
            [
              -115.8789097,
              32.5074364
            ],
            [
              -115.8789131,
              32.5075232
            ],
            [
              -115.8789323,
              32.5080163
            ],
            [
              -115.8789527,
              32.5085427
            ],
            [
              -115.8789548,
              32.5085961
            ],
            [
              -115.878976,
              32.5091422
            ],
            [
              -115.8789773,
              32.509176
            ],
            [
              -115.8789993,
              32.5097417
            ],
            [
              -115.8789998,
              32.5097559
            ],
            [
              -115.8790003,
              32.5097691
            ],
            [
              -115.8790161,
              32.5101735
            ],
            [
              -115.8790222,
              32.5103306
            ],
            [
              -115.8790223,
              32.5103358
            ],
            [
              -115.8790439,
              32.5108921
            ],
            [
              -115.8790448,
              32.5109156
            ],
            [
              -115.8790458,
              32.5109408
            ],
            [
              -115.8790674,
              32.5114955
            ],
            [
              -115.8790691,
              32.5115403
            ],
            [
              -115.8790899,
              32.5120753
            ],
            [
              -115.8791094,
              32.5125765
            ],
            [
              -115.8791124,
              32.5126552
            ],
            [
              -115.8791157,
              32.5127393
            ],
            [
              -115.8791349,
              32.5132351
            ],
            [
              -115.879153,
              32.5136994
            ],
            [
              -115.8791575,
              32.5138149
            ],
            [
              -115.8791748,
              32.5142608
            ],
            [
              -115.87918,
              32.5143947
            ],
            [
              -115.8791855,
              32.5145378
            ],
            [
              -115.8792025,
              32.5149746
            ],
            [
              -115.8792088,
              32.5151372
            ],
            [
              -115.8792251,
              32.5155544
            ],
            [
              -115.8792321,
              32.5157367
            ],
            [
              -115.8792476,
              32.5161342
            ],
            [
              -115.8792554,
              32.5163362
            ],
            [
              -115.8792701,
              32.5167141
            ],
            [
              -115.8792787,
              32.5169357
            ],
            [
              -115.8792926,
              32.5172939
            ],
            [
              -115.8793056,
              32.5176294
            ],
            [
              -115.8793152,
              32.5178737
            ],
            [
              -115.8793275,
              32.5181908
            ],
            [
              -115.8793377,
              32.5184535
            ],
            [
              -115.8793493,
              32.5187522
            ],
            [
              -115.8793602,
              32.5190334
            ],
            [
              -115.8793719,
              32.5193335
            ],
            [
              -115.8793828,
              32.5196132
            ],
            [
              -115.8793929,
              32.519875
            ],
            [
              -115.8794053,
              32.520193
            ],
            [
              -115.8794184,
              32.5205324
            ],
            [
              -115.8794277,
              32.5207728
            ],
            [
              -115.8794417,
              32.5211319
            ],
            [
              -115.8794503,
              32.5213526
            ],
            [
              -115.8794583,
              32.5215593
            ],
            [
              -115.8794728,
              32.5219324
            ],
            [
              -115.8794883,
              32.5223308
            ],
            [
              -115.8794953,
              32.5225122
            ],
            [
              -115.8795019,
              32.5226821
            ],
            [
              -115.8795179,
              32.5230919
            ],
            [
              -115.8795237,
              32.5232434
            ],
            [
              -115.8795404,
              32.5236717
            ],
            [
              -115.8795581,
              32.524129
            ],
            [
              -115.8795629,
              32.5242515
            ],
            [
              -115.8795674,
              32.5243662
            ],
            [
              -115.8795854,
              32.5248313
            ],
            [
              -115.8796047,
              32.5253279
            ],
            [
              -115.879608,
              32.525411
            ],
            [
              -115.879628,
              32.5259273
            ],
            [
              -115.8796305,
              32.5259908
            ],
            [
              -115.8796328,
              32.5260503
            ],
            [
              -115.879653,
              32.5265706
            ],
            [
              -115.8796746,
              32.5271261
            ],
            [
              -115.8796756,
              32.5271503
            ],
            [
              -115.8796764,
              32.5271731
            ],
            [
              -115.8796981,
              32.5277301
            ],
            [
              -115.8797033,
              32.5278659
            ],
            [
              -115.87972,
              32.5282958
            ],
            [
              -115.8797206,
              32.5283099
            ],
            [
              -115.8797212,
              32.5283249
            ],
            [
              -115.8797431,
              32.5288896
            ],
            [
              -115.8797445,
              32.5289243
            ],
            [
              -115.8797657,
              32.5294694
            ],
            [
              -115.8797855,
              32.5299798
            ],
            [
              -115.8797882,
              32.5300491
            ],
            [
              -115.8797911,
              32.5301231
            ],
            [
              -115.8798107,
              32.5306288
            ],
            [
              -115.8798143,
              32.5307225
            ],
            [
              -115.8798332,
              32.5312086
            ],
            [
              -115.8798509,
              32.5316638
            ],
            [
              -115.8798557,
              32.5317883
            ],
            [
              -115.8798727,
              32.5322252
            ],
            [
              -115.8798782,
              32.532368
            ],
            [
              -115.8798842,
              32.5325206
            ],
            [
              -115.8799008,
              32.5329477
            ],
            [
              -115.8799163,
              32.5333478
            ],
            [
              -115.8799233,
              32.5335275
            ],
            [
              -115.8799307,
              32.5337193
            ],
            [
              -115.8799458,
              32.5341072
            ],
            [
              -115.8799599,
              32.5344705
            ],
            [
              -115.8799683,
              32.5346869
            ],
            [
              -115.8799773,
              32.534918
            ],
            [
              -115.8799909,
              32.5352666
            ],
            [
              -115.8800006,
              32.5355174
            ],
            [
              -115.8800134,
              32.5358463
            ],
            [
              -115.8800239,
              32.5361167
            ],
            [
              -115.8800359,
              32.536426
            ],
            [
              -115.8800472,
              32.5367157
            ],
            [
              -115.8800585,
              32.5370057
            ],
            [
              -115.8800705,
              32.5373154
            ],
            [
              -115.880081,
              32.5375854
            ],
            [
              -115.8800938,
              32.5379147
            ],
            [
              -115.8801035,
              32.5381651
            ],
            [
              -115.8801126,
              32.5383996
            ],
            [
              -115.880126,
              32.5387448
            ],
            [
              -115.8801404,
              32.5391133
            ],
            [
              -115.8801486,
              32.5393245
            ],
            [
              -115.8801637,
              32.5397127
            ],
            [
              -115.8801711,
              32.5399042
            ],
            [
              -115.880178,
              32.5400834
            ],
            [
              -115.8801936,
              32.5404838
            ],
            [
              -115.8801999,
              32.5406447
            ],
            [
              -115.8802162,
              32.5410635
            ],
            [
              -115.8802335,
              32.5415106
            ],
            [
              -115.8802387,
              32.5416432
            ],
            [
              -115.8802435,
              32.5417673
            ],
            [
              -115.8802611,
              32.5422228
            ],
            [
              -115.8802801,
              32.5427092
            ],
            [
              -115.8802837,
              32.5428025
            ],
            [
              -115.8803034,
              32.5433085
            ],
            [
              -115.8803062,
              32.5433821
            ],
            [
              -115.8803114,
              32.5435158
            ],
            [
              -115.8803513,
              32.5445414
            ],
            [
              -115.8803537,
              32.5446038
            ],
            [
              -115.8803906,
              32.5455549
            ],
            [
              -115.8803962,
              32.5456961
            ],
            [
              -115.8803963,
              32.5457007
            ],
            [
              -115.8804179,
              32.5462573
            ],
            [
              -115.8804198,
              32.5463049
            ],
            [
              -115.8804414,
              32.54686
            ],
            [
              -115.8804616,
              32.5473798
            ],
            [
              -115.8804639,
              32.5474396
            ],
            [
              -115.8804663,
              32.5475035
            ],
            [
              -115.8804864,
              32.5480192
            ],
            [
              -115.8804896,
              32.5481027
            ],
            [
              -115.8805089,
              32.5485989
            ],
            [
              -115.8805129,
              32.548702
            ],
            [
              -115.8805315,
              32.5491785
            ],
            [
              -115.8805488,
              32.5496247
            ],
            [
              -115.880554,
              32.5497581
            ],
            [
              -115.8805595,
              32.5499005
            ],
            [
              -115.8805765,
              32.5503377
            ],
            [
              -115.8806073,
              32.5511314
            ],
            [
              -115.8806216,
              32.5514969
            ],
            [
              -115.88064,
              32.5519714
            ],
            [
              -115.8806441,
              32.5520765
            ],
            [
              -115.8806483,
              32.5521852
            ],
            [
              -115.8806619,
              32.5525339
            ],
            [
              -115.8806891,
              32.5532357
            ],
            [
              -115.8806993,
              32.5534959
            ],
            [
              -115.8807116,
              32.5538153
            ],
            [
              -115.8807225,
              32.5540952
            ],
            [
              -115.8807342,
              32.5543949
            ],
            [
              -115.8807451,
              32.5546756
            ],
            [
              -115.8807567,
              32.5549745
            ],
            [
              -115.8807691,
              32.5552936
            ],
            [
              -115.8807792,
              32.555554
            ],
            [
              -115.8807887,
              32.555798
            ],
            [
              -115.8808017,
              32.5561336
            ],
            [
              -115.8808157,
              32.556492
            ],
            [
              -115.8808243,
              32.5567132
            ],
            [
              -115.8808323,
              32.5569203
            ],
            [
              -115.8808468,
              32.5572927
            ],
            [
              -115.880861,
              32.5576586
            ],
            [
              -115.8808838,
              32.558244
            ],
            [
              -115.8808919,
              32.5584519
            ],
            [
              -115.8809088,
              32.5588888
            ],
            [
              -115.8809144,
              32.5590314
            ],
            [
              -115.8809196,
              32.559165
            ],
            [
              -115.8809369,
              32.559611
            ],
            [
              -115.8809414,
              32.5597261
            ],
            [
              -115.8809594,
              32.5601905
            ],
            [
              -115.8809787,
              32.5606864
            ],
            [
              -115.880982,
              32.5607701
            ],
            [
              -115.880985,
              32.5608485
            ],
            [
              -115.8810045,
              32.5613496
            ],
            [
              -115.8810095,
              32.5614801
            ],
            [
              -115.8813073,
              32.56914
            ],
            [
              -115.8813423,
              32.5700422
            ],
            [
              -115.8813513,
              32.5702727
            ],
            [
              -115.8813649,
              32.5706217
            ],
            [
              -115.8813746,
              32.5708718
            ],
            [
              -115.8813874,
              32.5712012
            ],
            [
              -115.8813994,
              32.5715097
            ],
            [
              -115.8814212,
              32.5720706
            ],
            [
              -115.8814678,
              32.5732682
            ],
            [
              -115.8814727,
              32.5733958
            ],
            [
              -115.8814775,
              32.5735191
            ],
            [
              -115.8814866,
              32.573754
            ],
            [
              -115.8815,
              32.5740985
            ],
            [
              -115.8815143,
              32.5744664
            ],
            [
              -115.8815225,
              32.574678
            ],
            [
              -115.8815376,
              32.5750655
            ],
            [
              -115.881545,
              32.5752575
            ],
            [
              -115.881552,
              32.5754372
            ],
            [
              -115.8815676,
              32.5758369
            ],
            [
              -115.8815739,
              32.5759983
            ],
            [
              -115.8815901,
              32.5764163
            ],
            [
              -115.8815956,
              32.5765593
            ],
            [
              -115.8816126,
              32.5769958
            ],
            [
              -115.8816307,
              32.5774618
            ],
            [
              -115.8816351,
              32.5775752
            ],
            [
              -115.8816393,
              32.5776814
            ],
            [
              -115.8816773,
              32.5786599
            ],
            [
              -115.8816802,
              32.5787341
            ],
            [
              -115.8817006,
              32.579259
            ],
            [
              -115.8817027,
              32.5793135
            ],
            [
              -115.8817037,
              32.5793394
            ],
            [
              -115.8817253,
              32.5798929
            ],
            [
              -115.8817265,
              32.5799256
            ],
            [
              -115.8817478,
              32.5804723
            ],
            [
              -115.8817653,
              32.5809224
            ],
            [
              -115.8817703,
              32.5810518
            ],
            [
              -115.8817704,
              32.5810561
            ],
            [
              -115.8817928,
              32.5816311
            ],
            [
              -115.8818138,
              32.5821697
            ],
            [
              -115.8818154,
              32.5822106
            ],
            [
              -115.881817,
              32.5822542
            ],
            [
              -115.8818379,
              32.58279
            ],
            [
              -115.8818574,
              32.5832917
            ],
            [
              -115.8818604,
              32.5833693
            ],
            [
              -115.8818636,
              32.5834523
            ],
            [
              -115.8818829,
              32.5839487
            ],
            [
              -115.8818869,
              32.5840513
            ],
            [
              -115.8819054,
              32.5845281
            ],
            [
              -115.8819228,
              32.5849747
            ],
            [
              -115.8819279,
              32.5851075
            ],
            [
              -115.8819335,
              32.5852493
            ],
            [
              -115.8819505,
              32.5856869
            ],
            [
              -115.8819568,
              32.5858483
            ],
            [
              -115.881973,
              32.5862663
            ],
            [
              -115.8819882,
              32.5866577
            ],
            [
              -115.8819955,
              32.5868457
            ],
            [
              -115.8820033,
              32.5870463
            ],
            [
              -115.882018,
              32.587425
            ],
            [
              -115.8820266,
              32.5876454
            ],
            [
              -115.8820406,
              32.5880044
            ],
            [
              -115.8820536,
              32.5883407
            ],
            [
              -115.8820631,
              32.5885838
            ],
            [
              -115.8820732,
              32.5888433
            ],
            [
              -115.8820856,
              32.5891631
            ],
            [
              -115.8820973,
              32.5894626
            ],
            [
              -115.8821082,
              32.5897425
            ],
            [
              -115.8821198,
              32.5900413
            ],
            [
              -115.8821307,
              32.5903218
            ],
            [
              -115.882143,
              32.5906403
            ],
            [
              -115.8821532,
              32.5909012
            ],
            [
              -115.8821627,
              32.5911455
            ],
            [
              -115.8821757,
              32.5914805
            ],
            [
              -115.8821896,
              32.5918382
            ],
            [
              -115.8821983,
              32.5920599
            ],
            [
              -115.8822063,
              32.5922675
            ],
            [
              -115.8822208,
              32.5926392
            ],
            [
              -115.8822362,
              32.5930362
            ],
            [
              -115.8822433,
              32.5932185
            ],
            [
              -115.8822449,
              32.5932589
            ],
            [
              -115.8822213,
              32.5936029
            ],
            [
              -115.8822079,
              32.5937979
            ],
            [
              -115.8821929,
              32.5940168
            ],
            [
              -115.8821681,
              32.5943772
            ],
            [
              -115.8821461,
              32.5946982
            ],
            [
              -115.8821284,
              32.5949565
            ],
            [
              -115.8821084,
              32.5952466
            ],
            [
              -115.8820886,
              32.5955358
            ],
            [
              -115.8820709,
              32.5957934
            ],
            [
              -115.8820488,
              32.5961152
            ],
            [
              -115.8820333,
              32.5963411
            ],
            [
              -115.8820091,
              32.5966945
            ],
            [
              -115.8819818,
              32.5970913
            ],
            [
              -115.8819693,
              32.5972738
            ],
            [
              -115.8819396,
              32.5977062
            ],
            [
              -115.8819295,
              32.5978531
            ],
            [
              -115.8819205,
              32.5979839
            ],
            [
              -115.8818898,
              32.5984324
            ],
            [
              -115.8818829,
              32.5985316
            ],
            [
              -115.88185,
              32.5990117
            ],
            [
              -115.881813,
              32.5995508
            ],
            [
              -115.8818102,
              32.599591
            ],
            [
              -115.8817707,
              32.6001656
            ],
            [
              -115.8817704,
              32.6001702
            ],
            [
              -115.8817702,
              32.6001744
            ],
            [
              -115.8817653,
              32.6002455
            ],
            [
              -115.8817307,
              32.6007495
            ],
            [
              -115.8816949,
              32.6012696
            ],
            [
              -115.8816909,
              32.6013288
            ],
            [
              -115.8816863,
              32.6013953
            ],
            [
              -115.8816511,
              32.6019081
            ],
            [
              -115.8816198,
              32.6023648
            ],
            [
              -115.8816113,
              32.6024874
            ],
            [
              -115.8816019,
              32.6026251
            ],
            [
              -115.8815716,
              32.6030667
            ],
            [
              -115.8815446,
              32.6034599
            ],
            [
              -115.8815175,
              32.6038547
            ],
            [
              -115.881492,
              32.6042252
            ],
            [
              -115.8814694,
              32.6045551
            ],
            [
              -115.8814523,
              32.6048044
            ],
            [
              -115.8814331,
              32.6050844
            ],
            [
              -115.8814125,
              32.6053837
            ],
            [
              -115.8813908,
              32.6056992
            ],
            [
              -115.8813727,
              32.6059629
            ],
            [
              -115.8813487,
              32.606314
            ],
            [
              -115.881333,
              32.6065422
            ],
            [
              -115.881319,
              32.6067454
            ],
            [
              -115.8812932,
              32.6071214
            ],
            [
              -115.8812642,
              32.6075437
            ],
            [
              -115.8812535,
              32.6077007
            ],
            [
              -115.8812439,
              32.6078405
            ],
            [
              -115.8812137,
              32.6082799
            ],
            [
              -115.8811798,
              32.6087733
            ],
            [
              -115.8811739,
              32.6088592
            ],
            [
              -115.8811376,
              32.6093881
            ],
            [
              -115.8811342,
              32.6094384
            ],
            [
              -115.8810954,
              32.6100029
            ],
            [
              -115.8810944,
              32.6100176
            ],
            [
              -115.8810935,
              32.6100307
            ],
            [
              -115.881078,
              32.610257
            ],
            [
              -115.8810183,
              32.6111258
            ],
            [
              -115.8810149,
              32.6111761
            ],
            [
              -115.881011,
              32.6112325
            ],
            [
              -115.8809751,
              32.6117552
            ],
            [
              -115.8809432,
              32.6122208
            ],
            [
              -115.8809266,
              32.612462
            ],
            [
              -115.8808956,
              32.6129137
            ],
            [
              -115.8808843,
              32.6130768
            ],
            [
              -115.8808558,
              32.6134929
            ],
            [
              -115.8808422,
              32.6136916
            ],
            [
              -115.8808161,
              32.6140721
            ],
            [
              -115.8807999,
              32.6143064
            ],
            [
              -115.8807763,
              32.6146513
            ],
            [
              -115.8807551,
              32.6149584
            ],
            [
              -115.8807365,
              32.6152305
            ],
            [
              -115.8807155,
              32.6155359
            ],
            [
              -115.8806968,
              32.6158096
            ],
            [
              -115.88068,
              32.6160535
            ],
            [
              -115.880657,
              32.6163888
            ],
            [
              -115.8806424,
              32.616601
            ],
            [
              -115.8806172,
              32.616968
            ],
            [
              -115.8805889,
              32.6173801
            ],
            [
              -115.8805774,
              32.6175472
            ],
            [
              -115.8805672,
              32.617696
            ],
            [
              -115.8805377,
              32.6181264
            ],
            [
              -115.8805296,
              32.6182435
            ],
            [
              -115.8804979,
              32.6187055
            ],
            [
              -115.8804623,
              32.6192244
            ],
            [
              -115.8804581,
              32.6192847
            ],
            [
              -115.88042,
              32.6198391
            ],
            [
              -115.8804183,
              32.6198639
            ],
            [
              -115.8803906,
              32.6202673
            ],
            [
              -115.8803786,
              32.620443
            ],
            [
              -115.8803779,
              32.6204538
            ],
            [
              -115.8803388,
              32.6210222
            ],
            [
              -115.8803356,
              32.6210685
            ],
            [
              -115.880299,
              32.6216013
            ],
            [
              -115.8802665,
              32.6220758
            ],
            [
              -115.8802593,
              32.6221805
            ],
            [
              -115.8802289,
              32.6226233
            ],
            [
              -115.880209,
              32.6229127
            ],
            [
              -115.8801797,
              32.6233388
            ],
            [
              -115.8801537,
              32.6237182
            ],
            [
              -115.88014,
              32.6239179
            ],
            [
              -115.8801246,
              32.6241421
            ],
            [
              -115.8801002,
              32.624497
            ],
            [
              -115.8800785,
              32.6248131
            ],
            [
              -115.8800604,
              32.6250761
            ],
            [
              -115.8800409,
              32.6253606
            ],
            [
              -115.8800207,
              32.6256553
            ],
            [
              -115.879998,
              32.6259862
            ],
            [
              -115.8799809,
              32.6262344
            ],
            [
              -115.8799558,
              32.6266008
            ],
            [
              -115.8799411,
              32.6268135
            ],
            [
              -115.8799135,
              32.6272155
            ],
            [
              -115.8799014,
              32.6273926
            ],
            [
              -115.8798906,
              32.6275503
            ],
            [
              -115.8798616,
              32.6279717
            ],
            [
              -115.8798291,
              32.6284449
            ],
            [
              -115.8798219,
              32.6285508
            ],
            [
              -115.8798154,
              32.6286452
            ],
            [
              -115.8797821,
              32.6291299
            ],
            [
              -115.8797778,
              32.6291926
            ],
            [
              -115.8797423,
              32.629709
            ],
            [
              -115.8797033,
              32.6302765
            ],
            [
              -115.8797026,
              32.6302881
            ],
            [
              -115.879665,
              32.6308349
            ],
            [
              -115.8796603,
              32.6309035
            ],
            [
              -115.879623,
              32.6314463
            ],
            [
              -115.8795898,
              32.6319297
            ],
            [
              -115.8795833,
              32.6320254
            ],
            [
              -115.8795759,
              32.6321328
            ],
            [
              -115.8795435,
              32.6326045
            ],
            [
              -115.8795239,
              32.6328897
            ],
            [
              -115.8793992,
              32.6347055
            ],
            [
              -115.8793844,
              32.6349208
            ],
            [
              -115.8793741,
              32.6350716
            ],
            [
              -115.8793446,
              32.6354998
            ],
            [
              -115.8793267,
              32.6357615
            ],
            [
              -115.8793049,
              32.6360789
            ],
            [
              -115.8796959,
              32.6360726
            ],
            [
              -115.8797111,
              32.6360724
            ],
            [
              -115.8803906,
              32.6360614
            ],
            [
              -115.8804117,
              32.6360611
            ],
            [
              -115.881078,
              32.6360504
            ],
            [
              -115.8811124,
              32.6360498
            ],
            [
              -115.8823937,
              32.6360292
            ],
            [
              -115.8824526,
              32.6360283
            ],
            [
              -115.8830682,
              32.6360184
            ],
            [
              -115.8832144,
              32.6360161
            ],
            [
              -115.8838272,
              32.6360062
            ],
            [
              -115.884417,
              32.6359968
            ],
            [
              -115.8845145,
              32.6359952
            ],
            [
              -115.8846157,
              32.6359936
            ],
            [
              -115.8852018,
              32.6359842
            ],
            [
              -115.8853164,
              32.6359823
            ],
            [
              -115.8864404,
              32.6359643
            ],
            [
              -115.8865764,
              32.6359621
            ],
            [
              -115.8871149,
              32.6359534
            ],
            [
              -115.8872637,
              32.635951
            ],
            [
              -115.8877893,
              32.6359426
            ],
            [
              -115.8879511,
              32.63594
            ],
            [
              -115.8881191,
              32.6359373
            ],
            [
              -115.8886384,
              32.635929
            ],
            [
              -115.8888198,
              32.6359261
            ],
            [
              -115.8893256,
              32.6359179
            ],
            [
              -115.8898126,
              32.6359101
            ],
            [
              -115.890013,
              32.6359069
            ],
            [
              -115.8902211,
              32.6359035
            ],
            [
              -115.8907003,
              32.6358959
            ],
            [
              -115.8911616,
              32.6358884
            ],
            [
              -115.8913876,
              32.6358848
            ],
            [
              -115.891836,
              32.6358776
            ],
            [
              -115.8920749,
              32.6358738
            ],
            [
              -115.8923231,
              32.6358698
            ],
            [
              -115.8927622,
              32.6358627
            ],
            [
              -115.8930237,
              32.6358585
            ],
            [
              -115.8934495,
              32.6358517
            ],
            [
              -115.8938594,
              32.6358451
            ],
            [
              -115.8941368,
              32.6358407
            ],
            [
              -115.8945338,
              32.6358343
            ],
            [
              -115.8948242,
              32.6358296
            ],
            [
              -115.8951257,
              32.6358248
            ],
            [
              -115.8958827,
              32.6358126
            ],
            [
              -115.8961987,
              32.6358075
            ],
            [
              -115.8965271,
              32.6358022
            ],
            [
              -115.8968861,
              32.6357965
            ],
            [
              -115.8972277,
              32.635791
            ],
            [
              -115.8979061,
              32.6357801
            ],
            [
              -115.8982606,
              32.6357744
            ],
            [
              -115.8986291,
              32.6357685
            ],
            [
              -115.898948,
              32.6357634
            ],
            [
              -115.8993297,
              32.6357572
            ],
            [
              -115.8996353,
              32.6357523
            ],
            [
              -115.9000304,
              32.635746
            ],
            [
              -115.9003226,
              32.6357413
            ],
            [
              -115.9006038,
              32.6357368
            ],
            [
              -115.9010099,
              32.6357303
            ],
            [
              -115.9012783,
              32.6357259
            ],
            [
              -115.9016972,
              32.6357192
            ],
            [
              -115.9021324,
              32.6357122
            ],
            [
              -115.9023845,
              32.6357082
            ],
            [
              -115.9028331,
              32.635701
            ],
            [
              -115.9030718,
              32.6356971
            ],
            [
              -115.9035338,
              32.6356897
            ],
            [
              -115.9039761,
              32.6356826
            ],
            [
              -115.9044465,
              32.6356751
            ],
            [
              -115.9054431,
              32.635659
            ],
            [
              -115.9061713,
              32.6356473
            ],
            [
              -115.9071957,
              32.6356309
            ],
            [
              -115.9077377,
              32.6356222
            ],
            [
              -115.9080228,
              32.6356176
            ],
            [
              -115.9085703,
              32.6356088
            ],
            [
              -115.9097304,
              32.6355902
            ],
            [
              -115.9099449,
              32.6355867
            ],
            [
              -115.9101437,
              32.6355835
            ],
            [
              -115.9113195,
              32.6355647
            ],
            [
              -115.9113951,
              32.6355634
            ],
            [
              -115.9120068,
              32.6355536
            ],
            [
              -115.9121299,
              32.6355517
            ],
            [
              -115.9130597,
              32.6355367
            ],
            [
              -115.9133815,
              32.6355316
            ],
            [
              -115.9147322,
              32.6355098
            ],
            [
              -115.9147561,
              32.6355095
            ],
            [
              -115.9153572,
              32.6354998
            ],
            [
              -115.9161307,
              32.6354874
            ],
            [
              -115.9161457,
              32.6354871
            ],
            [
              -115.916818,
              32.6354764
            ],
            [
              -115.9171446,
              32.6354711
            ],
            [
              -115.9180885,
              32.6354559
            ],
            [
              -115.9181658,
              32.6354547
            ],
            [
              -115.9181926,
              32.6354543
            ],
            [
              -115.9182477,
              32.6354534
            ],
            [
              -115.9200747,
              32.6354241
            ],
            [
              -115.9202546,
              32.6354212
            ],
            [
              -115.9203497,
              32.6354196
            ],
            [
              -115.9209418,
              32.6354101
            ],
            [
              -115.9215118,
              32.6354009
            ],
            [
              -115.9216292,
              32.6353991
            ],
            [
              -115.9221863,
              32.6353901
            ],
            [
              -115.9223165,
              32.635388
            ],
            [
              -115.9228607,
              32.6353793
            ],
            [
              -115.9230038,
              32.635377
            ],
            [
              -115.9235352,
              32.6353685
            ],
            [
              -115.9236911,
              32.635366
            ],
            [
              -115.9238531,
              32.6353634
            ],
            [
              -115.9243784,
              32.6353549
            ],
            [
              -115.9245537,
              32.6353521
            ],
            [
              -115.9250657,
              32.6353439
            ],
            [
              -115.9255585,
              32.635336
            ],
            [
              -115.925753,
              32.6353328
            ],
            [
              -115.926233,
              32.6353251
            ],
            [
              -115.9264403,
              32.6353218
            ],
            [
              -115.9269074,
              32.6353143
            ],
            [
              -115.9271277,
              32.6353108
            ],
            [
              -115.9273564,
              32.6353071
            ],
            [
              -115.9278149,
              32.6352997
            ],
            [
              -115.9282564,
              32.6352926
            ],
            [
              -115.9285023,
              32.6352887
            ],
            [
              -115.9289308,
              32.6352818
            ],
            [
              -115.9291896,
              32.6352776
            ],
            [
              -115.9294584,
              32.6352733
            ],
            [
              -115.9298768,
              32.6352666
            ],
            [
              -115.930159,
              32.6352621
            ],
            [
              -115.9305642,
              32.6352556
            ],
            [
              -115.9309541,
              32.6352493
            ],
            [
              -115.9312515,
              32.6352445
            ],
            [
              -115.9315604,
              32.6352396
            ],
            [
              -115.9319388,
              32.6352335
            ],
            [
              -115.932261,
              32.6352283
            ],
            [
              -115.9326261,
              32.6352224
            ],
            [
              -115.9329775,
              32.6352168
            ],
            [
              -115.9333134,
              32.6352114
            ],
            [
              -115.9336624,
              32.6352058
            ],
            [
              -115.9340007,
              32.6352004
            ],
            [
              -115.9343264,
              32.6351951
            ],
            [
              -115.934688,
              32.6351893
            ],
            [
              -115.9350008,
              32.6351843
            ],
            [
              -115.9353753,
              32.6351783
            ],
            [
              -115.9357644,
              32.6351721
            ],
            [
              -115.9360627,
              32.6351672
            ],
            [
              -115.9364651,
              32.6351608
            ],
            [
              -115.9367499,
              32.6351562
            ],
            [
              -115.9370242,
              32.6351518
            ],
            [
              -115.9374373,
              32.6351452
            ],
            [
              -115.9378664,
              32.6351383
            ],
            [
              -115.9381246,
              32.6351341
            ],
            [
              -115.9383731,
              32.6351301
            ],
            [
              -115.9388119,
              32.6351231
            ],
            [
              -115.9392677,
              32.6351158
            ],
            [
              -115.9394992,
              32.6351121
            ],
            [
              -115.9399684,
              32.6351045
            ],
            [
              -115.9401865,
              32.635101
            ],
            [
              -115.9403965,
              32.6350976
            ],
            [
              -115.9408738,
              32.63509
            ],
            [
              -115.9410709,
              32.6350868
            ],
            [
              -115.9415611,
              32.6350789
            ],
            [
              -115.9420704,
              32.6350708
            ],
            [
              -115.9422484,
              32.6350679
            ],
            [
              -115.942771,
              32.6350595
            ],
            [
              -115.9429358,
              32.6350569
            ],
            [
              -115.9430942,
              32.6350543
            ],
            [
              -115.943623,
              32.6350458
            ],
            [
              -115.9441724,
              32.635037
            ],
            [
              -115.9443103,
              32.6350348
            ],
            [
              -115.944873,
              32.6350257
            ],
            [
              -115.9449977,
              32.6350237
            ],
            [
              -115.9451176,
              32.6350218
            ],
            [
              -115.945685,
              32.6350127
            ],
            [
              -115.945792,
              32.635011
            ],
            [
              -115.9463723,
              32.6350017
            ],
            [
              -115.946975,
              32.634992
            ],
            [
              -115.9471409,
              32.6349893
            ],
            [
              -115.9477469,
              32.6349796
            ],
            [
              -115.9483764,
              32.6349695
            ],
            [
              -115.9484342,
              32.6349685
            ],
            [
              -115.9484899,
              32.6349677
            ],
            [
              -115.9491215,
              32.6349575
            ],
            [
              -115.9497777,
              32.634947
            ],
            [
              -115.9498088,
              32.6349465
            ],
            [
              -115.9498387,
              32.634946
            ],
            [
              -115.9504961,
              32.6349354
            ],
            [
              -115.9511791,
              32.6349244
            ],
            [
              -115.9511834,
              32.6349244
            ],
            [
              -115.9511918,
              32.6349242
            ],
            [
              -115.952558,
              32.6349023
            ],
            [
              -115.953211,
              32.6348918
            ],
            [
              -115.9532453,
              32.6348913
            ],
            [
              -115.9538854,
              32.634881
            ],
            [
              -115.9539327,
              32.6348802
            ],
            [
              -115.9539817,
              32.6348794
            ],
            [
              -115.95462,
              32.6348692
            ],
            [
              -115.9552344,
              32.6348593
            ],
            [
              -115.9553073,
              32.6348581
            ],
            [
              -115.955383,
              32.6348569
            ],
            [
              -115.9559946,
              32.6348471
            ],
            [
              -115.9565833,
              32.6348377
            ],
            [
              -115.9566819,
              32.6348361
            ],
            [
              -115.9572577,
              32.6348268
            ],
            [
              -115.9573692,
              32.634825
            ],
            [
              -115.957485,
              32.6348232
            ],
            [
              -115.9580565,
              32.634814
            ],
            [
              -115.9586067,
              32.6348052
            ],
            [
              -115.9587439,
              32.6348029
            ],
            [
              -115.9588864,
              32.6348007
            ],
            [
              -115.9594311,
              32.6347919
            ],
            [
              -115.9599555,
              32.6347835
            ],
            [
              -115.9601184,
              32.6347809
            ],
            [
              -115.9602877,
              32.6347781
            ],
            [
              -115.9608058,
              32.6347698
            ],
            [
              -115.9613044,
              32.6347618
            ],
            [
              -115.9614931,
              32.6347588
            ],
            [
              -115.9619788,
              32.634751
            ],
            [
              -115.9621804,
              32.6347478
            ],
            [
              -115.9626534,
              32.6347402
            ],
            [
              -115.9628677,
              32.6347367
            ],
            [
              -115.9630904,
              32.6347331
            ],
            [
              -115.963555,
              32.6347257
            ],
            [
              -115.9640022,
              32.6347185
            ],
            [
              -115.9642423,
              32.6347146
            ],
            [
              -115.9646767,
              32.6347077
            ],
            [
              -115.9649296,
              32.6347036
            ],
            [
              -115.9651924,
              32.6346994
            ],
            [
              -115.9656169,
              32.6346926
            ],
            [
              -115.9660255,
              32.634686
            ],
            [
              -115.9663042,
              32.6346815
            ],
            [
              -115.9665937,
              32.6346769
            ],
            [
              -115.9669915,
              32.6346705
            ],
            [
              -115.9673745,
              32.6346643
            ],
            [
              -115.9676789,
              32.6346594
            ],
            [
              -115.9680489,
              32.6346535
            ],
            [
              -115.9683661,
              32.6346484
            ],
            [
              -115.9687234,
              32.6346427
            ],
            [
              -115.9690534,
              32.6346374
            ],
            [
              -115.9693963,
              32.6346318
            ],
            [
              -115.9697408,
              32.6346263
            ],
            [
              -115.9700723,
              32.634621
            ],
            [
              -115.9704281,
              32.6346153
            ],
            [
              -115.9707468,
              32.6346101
            ],
            [
              -115.9711154,
              32.6346042
            ],
            [
              -115.9714984,
              32.6345981
            ],
            [
              -115.9718027,
              32.6345932
            ],
            [
              -115.972199,
              32.6345868
            ],
            [
              -115.97249,
              32.6345822
            ],
            [
              -115.9728997,
              32.6345756
            ],
            [
              -115.9731773,
              32.6345711
            ],
            [
              -115.9734445,
              32.6345668
            ],
            [
              -115.9738646,
              32.6345601
            ],
            [
              -115.974119,
              32.634556
            ],
            [
              -115.9745519,
              32.634549
            ],
            [
              -115.9750017,
              32.6345418
            ],
            [
              -115.9752392,
              32.634538
            ],
            [
              -115.9754679,
              32.6345343
            ],
            [
              -115.9759265,
              32.634527
            ],
            [
              -115.9764031,
              32.6345193
            ],
            [
              -115.9768168,
              32.6345127
            ],
            [
              -115.9773012,
              32.6345049
            ],
            [
              -115.9774912,
              32.6345018
            ],
            [
              -115.9779884,
              32.6344938
            ],
            [
              -115.9781657,
              32.634491
            ],
            [
              -115.9786758,
              32.6344828
            ],
            [
              -115.9792057,
              32.6344743
            ],
            [
              -115.9793631,
              32.6344718
            ],
            [
              -115.9795146,
              32.6344693
            ],
            [
              -115.9800504,
              32.6344607
            ],
            [
              -115.980189,
              32.6344585
            ],
            [
              -115.9807377,
              32.6344497
            ],
            [
              -115.9813077,
              32.6344405
            ],
            [
              -115.981425,
              32.6344386
            ],
            [
              -115.981538,
              32.6344368
            ],
            [
              -115.9821123,
              32.6344276
            ],
            [
              -115.9822124,
              32.634426
            ],
            [
              -115.9827996,
              32.6344166
            ],
            [
              -115.9834097,
              32.6344068
            ],
            [
              -115.983487,
              32.6344055
            ],
            [
              -115.9835613,
              32.6344043
            ],
            [
              -115.9841743,
              32.6343945
            ],
            [
              -115.984811,
              32.6343843
            ],
            [
              -115.9848615,
              32.6343835
            ],
            [
              -115.9855117,
              32.634373
            ],
            [
              -115.9855489,
              32.6343724
            ],
            [
              -115.9855847,
              32.6343719
            ],
            [
              -115.9862362,
              32.6343614
            ],
            [
              -115.986913,
              32.6343505
            ],
            [
              -115.9869234,
              32.6343503
            ],
            [
              -115.9874617,
              32.6343417
            ],
            [
              -115.987608,
              32.6343393
            ],
            [
              -115.9876108,
              32.6343393
            ],
            [
              -115.9882824,
              32.6343285
            ],
            [
              -115.9882981,
              32.6343283
            ],
            [
              -115.9889569,
              32.6343177
            ],
            [
              -115.989015,
              32.6343167
            ],
            [
              -115.9896727,
              32.6343062
            ],
            [
              -115.9897157,
              32.6343055
            ],
            [
              -115.99036,
              32.6342951
            ],
            [
              -115.9904163,
              32.6342942
            ],
            [
              -115.9916547,
              32.6342743
            ],
            [
              -115.9917346,
              32.6342731
            ],
            [
              -115.9918177,
              32.6342717
            ],
            [
              -115.992422,
              32.634262
            ],
            [
              -115.9930036,
              32.6342527
            ],
            [
              -115.9931093,
              32.634251
            ],
            [
              -115.9936781,
              32.6342418
            ],
            [
              -115.9937965,
              32.6342399
            ],
            [
              -115.9939197,
              32.634238
            ],
            [
              -115.9944839,
              32.6342289
            ],
            [
              -115.9946203,
              32.6342267
            ],
            [
              -115.9951712,
              32.6342179
            ],
            [
              -115.9957014,
              32.6342094
            ],
            [
              -115.9958585,
              32.6342068
            ],
            [
              -115.9963758,
              32.6341985
            ],
            [
              -115.9965458,
              32.6341958
            ],
            [
              -115.9967223,
              32.634193
            ],
            [
              -115.9972331,
              32.6341847
            ],
            [
              -115.997423,
              32.6341817
            ],
            [
              -115.9979204,
              32.6341737
            ],
            [
              -115.9981237,
              32.6341704
            ],
            [
              -115.9986077,
              32.6341627
            ],
            [
              -115.9990737,
              32.6341552
            ],
            [
              -115.999295,
              32.6341516
            ],
            [
              -115.9997481,
              32.6341443
            ],
            [
              -116.0002257,
              32.6341367
            ],
            [
              -116.0006696,
              32.6341295
            ],
            [
              -116.001097,
              32.6341227
            ],
            [
              -116.001357,
              32.6341185
            ],
            [
              -116.001627,
              32.6341142
            ],
            [
              -116.0020443,
              32.6341075
            ],
            [
              -116.0023277,
              32.6341029
            ],
            [
              -116.0027316,
              32.6340964
            ],
            [
              -116.0030283,
              32.6340917
            ],
            [
              -116.0034189,
              32.6340854
            ],
            [
              -116.003729,
              32.6340804
            ],
            [
              -116.0041062,
              32.6340743
            ],
            [
              -116.0044693,
              32.6340685
            ],
            [
              -116.0047935,
              32.6340633
            ],
            [
              -116.0051437,
              32.6340577
            ],
            [
              -116.0054808,
              32.6340523
            ],
            [
              -116.0058182,
              32.6340469
            ],
            [
              -116.0061681,
              32.6340412
            ],
            [
              -116.0064926,
              32.634036
            ],
            [
              -116.0068554,
              32.6340302
            ],
            [
              -116.0071671,
              32.6340252
            ],
            [
              -116.0075427,
              32.6340192
            ],
            [
              -116.007933,
              32.6340129
            ],
            [
              -116.00823,
              32.6340081
            ],
            [
              -116.0086337,
              32.6340016
            ],
            [
              -116.0089174,
              32.6339971
            ],
            [
              -116.0093343,
              32.6339904
            ],
            [
              -116.0096046,
              32.633986
            ],
            [
              -116.0098649,
              32.6339818
            ],
            [
              -116.010292,
              32.633975
            ],
            [
              -116.0107357,
              32.6339679
            ],
            [
              -116.0109793,
              32.633964
            ],
            [
              -116.0114364,
              32.6339566
            ],
            [
              -116.0116666,
              32.6339529
            ],
            [
              -116.0118882,
              32.6339494
            ],
            [
              -116.0123539,
              32.6339419
            ],
            [
              -116.0128377,
              32.6339341
            ],
            [
              -116.0130412,
              32.6339308
            ],
            [
              -116.0132371,
              32.6339277
            ],
            [
              -116.0137285,
              32.6339198
            ],
            [
              -116.014239,
              32.6339116
            ],
            [
              -116.0144158,
              32.6339088
            ],
            [
              -116.014586,
              32.633906
            ],
            [
              -116.0151031,
              32.6338977
            ],
            [
              -116.0156403,
              32.6338891
            ],
            [
              -116.0157905,
              32.6338867
            ],
            [
              -116.015935,
              32.6338844
            ],
            [
              -116.0164777,
              32.6338756
            ],
            [
              -116.0170416,
              32.6338666
            ],
            [
              -116.0171651,
              32.6338646
            ],
            [
              -116.0172838,
              32.6338627
            ],
            [
              -116.0178524,
              32.6338536
            ],
            [
              -116.018443,
              32.6338441
            ],
            [
              -116.0185397,
              32.6338425
            ],
            [
              -116.0186327,
              32.633841
            ],
            [
              -116.019227,
              32.6338315
            ],
            [
              -116.0198443,
              32.6338216
            ],
            [
              -116.0199143,
              32.6338204
            ],
            [
              -116.0199817,
              32.6338194
            ],
            [
              -116.0206016,
              32.6338094
            ],
            [
              -116.0212457,
              32.6337991
            ],
            [
              -116.0212889,
              32.6337984
            ],
            [
              -116.0219463,
              32.6337878
            ],
            [
              -116.0219762,
              32.6337873
            ],
            [
              -116.022647,
              32.6337766
            ],
            [
              -116.0226636,
              32.6337763
            ],
            [
              -116.0226794,
              32.633776
            ],
            [
              -116.0233508,
              32.6337652
            ],
            [
              -116.0233539,
              32.6337652
            ],
            [
              -116.023514,
              32.6337626
            ],
            [
              -116.0240381,
              32.6337542
            ],
            [
              -116.0247028,
              32.6337435
            ],
            [
              -116.0247255,
              32.6337432
            ],
            [
              -116.024749,
              32.6337428
            ],
            [
              -116.0254127,
              32.6337321
            ],
            [
              -116.0260517,
              32.6337219
            ],
            [
              -116.0261001,
              32.6337211
            ],
            [
              -116.0261503,
              32.6337203
            ],
            [
              -116.0267874,
              32.63371
            ],
            [
              -116.0274006,
              32.6337002
            ],
            [
              -116.0274747,
              32.633699
            ],
            [
              -116.0275517,
              32.6336978
            ],
            [
              -116.028162,
              32.633688
            ],
            [
              -116.0282523,
              32.6336865
            ],
            [
              -116.0288493,
              32.6336769
            ],
            [
              -116.0294239,
              32.6336677
            ],
            [
              -116.0295366,
              32.6336659
            ],
            [
              -116.0296536,
              32.633664
            ],
            [
              -116.0302239,
              32.6336549
            ],
            [
              -116.0307728,
              32.633646
            ],
            [
              -116.0309112,
              32.6336438
            ],
            [
              -116.031055,
              32.6336415
            ],
            [
              -116.0315986,
              32.6336328
            ],
            [
              -116.0317556,
              32.6336302
            ],
            [
              -116.0322858,
              32.6336217
            ],
            [
              -116.0327962,
              32.6336135
            ],
            [
              -116.0329731,
              32.6336107
            ],
            [
              -116.0334706,
              32.6336027
            ],
            [
              -116.0336605,
              32.6335997
            ],
            [
              -116.0338577,
              32.6335965
            ],
            [
              -116.0343478,
              32.6335886
            ],
            [
              -116.0348196,
              32.633581
            ],
            [
              -116.0350351,
              32.6335776
            ],
            [
              -116.035494,
              32.6335702
            ],
            [
              -116.0357224,
              32.6335665
            ],
            [
              -116.0359597,
              32.6335627
            ],
            [
              -116.0364097,
              32.6335555
            ],
            [
              -116.0366603,
              32.6335515
            ],
            [
              -116.037097,
              32.6335445
            ],
            [
              -116.0375173,
              32.6335377
            ],
            [
              -116.0377843,
              32.6335334
            ],
            [
              -116.0381918,
              32.6335269
            ],
            [
              -116.0384717,
              32.6335224
            ],
            [
              -116.0387623,
              32.6335177
            ],
            [
              -116.0391589,
              32.6335113
            ],
            [
              -116.0395407,
              32.6335052
            ],
            [
              -116.0398462,
              32.6335003
            ],
            [
              -116.0401636,
              32.6334952
            ],
            [
              -116.0405336,
              32.6334893
            ],
            [
              -116.0408896,
              32.6334835
            ],
            [
              -116.0412209,
              32.6334782
            ],
            [
              -116.041564,
              32.6334727
            ],
            [
              -116.0419081,
              32.6334672
            ],
            [
              -116.0422656,
              32.6334614
            ],
            [
              -116.0425955,
              32.6334561
            ],
            [
              -116.042913,
              32.633451
            ],
            [
              -116.0432828,
              32.6334451
            ],
            [
              -116.0435874,
              32.6334402
            ],
            [
              -116.0439701,
              32.6334341
            ],
            [
              -116.0442619,
              32.6334294
            ],
            [
              -116.0446574,
              32.633423
            ],
            [
              -116.0450683,
              32.6334164
            ],
            [
              -116.0453447,
              32.633412
            ],
            [
              -116.0456107,
              32.6334077
            ],
            [
              -116.046032,
              32.6334009
            ],
            [
              -116.0464697,
              32.6333939
            ],
            [
              -116.0467193,
              32.6333899
            ],
            [
              -116.0469597,
              32.633386
            ],
            [
              -116.0474067,
              32.6333789
            ],
            [
              -116.047871,
              32.6333714
            ],
            [
              -116.0480939,
              32.6333678
            ],
            [
              -116.0485717,
              32.6333601
            ],
            [
              -116.0487812,
              32.6333568
            ],
            [
              -116.048983,
              32.6333535
            ],
            [
              -116.0494686,
              32.6333457
            ],
            [
              -116.0496574,
              32.6333427
            ],
            [
              -116.0501559,
              32.6333347
            ],
            [
              -116.0506737,
              32.6333264
            ],
            [
              -116.0508431,
              32.6333237
            ],
            [
              -116.0513743,
              32.6333151
            ],
            [
              -116.0515305,
              32.6333126
            ],
            [
              -116.0516808,
              32.6333102
            ],
            [
              -116.0522178,
              32.6333016
            ],
            [
              -116.0527756,
              32.6332926
            ],
            [
              -116.0529051,
              32.6332905
            ],
            [
              -116.0530297,
              32.6332885
            ],
            [
              -116.0535924,
              32.6332795
            ],
            [
              -116.0537041,
              32.6332777
            ],
            [
              -116.0542797,
              32.6332685
            ],
            [
              -116.0543786,
              32.6332669
            ],
            [
              -116.054967,
              32.6332574
            ],
            [
              -116.0555783,
              32.6332476
            ],
            [
              -116.0556543,
              32.6332464
            ],
            [
              -116.056279,
              32.6332364
            ],
            [
              -116.0563417,
              32.6332354
            ],
            [
              -116.056402,
              32.6332344
            ],
            [
              -116.057029,
              32.6332243
            ],
            [
              -116.0570764,
              32.6332235
            ],
            [
              -116.0577162,
              32.6332133
            ],
            [
              -116.0577509,
              32.6332127
            ],
            [
              -116.0584036,
              32.6332022
            ],
            [
              -116.0584253,
              32.6332019
            ],
            [
              -116.0590909,
              32.6331912
            ],
            [
              -116.0595663,
              32.6331836
            ],
            [
              -116.0597742,
              32.6331802
            ],
            [
              -116.0597782,
              32.6331802
            ],
            [
              -116.0597823,
              32.6331801
            ],
            [
              -116.0604655,
              32.6331691
            ],
            [
              -116.060483,
              32.6331688
            ],
            [
              -116.0611528,
              32.6331581
            ],
            [
              -116.0617976,
              32.6331477
            ],
            [
              -116.0618401,
              32.633147
            ],
            [
              -116.062472,
              32.6331369
            ],
            [
              -116.0625274,
              32.633136
            ],
            [
              -116.062585,
              32.6331351
            ],
            [
              -116.0632147,
              32.633125
            ],
            [
              -116.0632857,
              32.6331238
            ],
            [
              -116.063902,
              32.6331139
            ],
            [
              -116.0644954,
              32.6331044
            ],
            [
              -116.0645893,
              32.6331029
            ],
            [
              -116.0651698,
              32.6330935
            ],
            [
              -116.0652767,
              32.6330918
            ],
            [
              -116.0658443,
              32.6330827
            ],
            [
              -116.065964,
              32.6330808
            ],
            [
              -116.0660883,
              32.6330788
            ],
            [
              -116.0666512,
              32.6330698
            ],
            [
              -116.0671932,
              32.633061
            ],
            [
              -116.0673386,
              32.6330587
            ],
            [
              -116.0674896,
              32.6330563
            ],
            [
              -116.0680259,
              32.6330477
            ],
            [
              -116.0685421,
              32.6330394
            ],
            [
              -116.0687132,
              32.6330366
            ],
            [
              -116.0692166,
              32.6330286
            ],
            [
              -116.0694005,
              32.6330256
            ],
            [
              -116.0695916,
              32.6330225
            ],
            [
              -116.0700878,
              32.6330145
            ],
            [
              -116.0705654,
              32.6330069
            ],
            [
              -116.0707751,
              32.6330035
            ],
            [
              -116.070993,
              32.633
            ],
            [
              -116.0714624,
              32.6329925
            ],
            [
              -116.0719143,
              32.6329852
            ],
            [
              -116.0721498,
              32.6329814
            ],
            [
              -116.0723943,
              32.6329775
            ],
            [
              -116.0728371,
              32.6329704
            ],
            [
              -116.073095,
              32.6329663
            ],
            [
              -116.0735243,
              32.6329593
            ],
            [
              -116.0737957,
              32.632955
            ],
            [
              -116.0742117,
              32.6329483
            ],
            [
              -116.0746121,
              32.6329419
            ],
            [
              -116.074899,
              32.6329373
            ],
            [
              -116.075197,
              32.6329325
            ],
            [
              -116.0755863,
              32.6329262
            ],
            [
              -116.075961,
              32.6329202
            ],
            [
              -116.0762736,
              32.6329152
            ],
            [
              -116.0766355,
              32.6329094
            ],
            [
              -116.0769609,
              32.6329041
            ],
            [
              -116.0772989,
              32.6328987
            ],
            [
              -116.0776482,
              32.6328931
            ],
            [
              -116.0779844,
              32.6328877
            ],
            [
              -116.0783355,
              32.6328821
            ],
            [
              -116.0786588,
              32.6328769
            ],
            [
              -116.0790228,
              32.632871
            ],
            [
              -116.0794009,
              32.632865
            ],
            [
              -116.0797102,
              32.63286
            ],
            [
              -116.0800077,
              32.6328552
            ],
            [
              -116.0803974,
              32.6328489
            ],
            [
              -116.0808023,
              32.6328424
            ],
            [
              -116.0810848,
              32.6328379
            ],
            [
              -116.081503,
              32.6328312
            ],
            [
              -116.0817721,
              32.6328269
            ],
            [
              -116.0822036,
              32.63282
            ],
            [
              -116.0824593,
              32.6328158
            ],
            [
              -116.0827055,
              32.6328119
            ],
            [
              -116.0831467,
              32.6328048
            ],
            [
              -116.083605,
              32.6327974
            ],
            [
              -116.083834,
              32.6327938
            ],
            [
              -116.0840544,
              32.6327902
            ],
            [
              -116.0845213,
              32.6327827
            ],
            [
              -116.0847289,
              32.6327794
            ],
            [
              -116.0852086,
              32.6327717
            ],
            [
              -116.0854034,
              32.6327686
            ],
            [
              -116.0858959,
              32.6327606
            ],
            [
              -116.0864077,
              32.6327524
            ],
            [
              -116.0865832,
              32.6327496
            ],
            [
              -116.0871083,
              32.6327412
            ],
            [
              -116.0872705,
              32.6327386
            ],
            [
              -116.0874267,
              32.6327361
            ],
            [
              -116.0879578,
              32.6327275
            ],
            [
              -116.0881011,
              32.6327252
            ],
            [
              -116.0886452,
              32.6327165
            ],
            [
              -116.0892103,
              32.6327074
            ],
            [
              -116.0893324,
              32.6327054
            ],
            [
              -116.0894501,
              32.6327036
            ],
            [
              -116.0900198,
              32.6326944
            ],
            [
              -116.0901245,
              32.6326927
            ],
            [
              -116.0907071,
              32.6326834
            ],
            [
              -116.0913123,
              32.6326736
            ],
            [
              -116.0913944,
              32.6326723
            ],
            [
              -116.0914734,
              32.632671
            ],
            [
              -116.0920817,
              32.6326613
            ],
            [
              -116.0921479,
              32.6326602
            ],
            [
              -116.092769,
              32.6326502
            ],
            [
              -116.0934143,
              32.6326399
            ],
            [
              -116.0934563,
              32.6326392
            ],
            [
              -116.0941149,
              32.6326286
            ],
            [
              -116.0941436,
              32.6326282
            ],
            [
              -116.0941712,
              32.6326277
            ],
            [
              -116.0948309,
              32.6326171
            ],
            [
              -116.0955163,
              32.6326061
            ],
            [
              -116.0955183,
              32.6326061
            ],
            [
              -116.0955201,
              32.6326061
            ],
            [
              -116.0956186,
              32.6326045
            ],
            [
              -116.0961946,
              32.6325952
            ],
            [
              -116.0962055,
              32.632595
            ],
            [
              -116.096217,
              32.6325949
            ],
            [
              -116.0968928,
              32.632584
            ],
            [
              -116.0969176,
              32.6325836
            ],
            [
              -116.0975802,
              32.632573
            ],
            [
              -116.0982179,
              32.6325627
            ],
            [
              -116.0982675,
              32.6325619
            ],
            [
              -116.098319,
              32.6325611
            ],
            [
              -116.0989548,
              32.6325509
            ],
            [
              -116.0995668,
              32.632541
            ],
            [
              -116.0996421,
              32.6325398
            ],
            [
              -116.0997203,
              32.6325386
            ],
            [
              -116.1003294,
              32.6325288
            ],
            [
              -116.100421,
              32.6325273
            ],
            [
              -116.1010167,
              32.6325178
            ],
            [
              -116.1015902,
              32.6325085
            ],
            [
              -116.101704,
              32.6325067
            ],
            [
              -116.1022646,
              32.6324977
            ],
            [
              -116.1023913,
              32.6324957
            ],
            [
              -116.1025229,
              32.6324936
            ],
            [
              -116.1030786,
              32.6324846
            ],
            [
              -116.1032236,
              32.6324823
            ],
            [
              -116.1037659,
              32.6324736
            ],
            [
              -116.104288,
              32.6324652
            ],
            [
              -116.1044533,
              32.6324626
            ],
            [
              -116.1049624,
              32.6324544
            ],
            [
              -116.1051405,
              32.6324515
            ],
            [
              -116.1053256,
              32.6324486
            ],
            [
              -116.1058278,
              32.6324405
            ],
            [
              -116.1063113,
              32.6324327
            ],
            [
              -116.1065152,
              32.6324295
            ],
            [
              -116.1067269,
              32.632426
            ],
            [
              -116.1072025,
              32.6324184
            ],
            [
              -116.1076602,
              32.6324111
            ],
            [
              -116.1078898,
              32.6324074
            ],
            [
              -116.1083347,
              32.6324002
            ],
            [
              -116.1085771,
              32.6323963
            ],
            [
              -116.108829,
              32.6323923
            ],
            [
              -116.1092644,
              32.6323853
            ],
            [
              -116.1095296,
              32.632381
            ],
            [
              -116.1099517,
              32.6323743
            ],
            [
              -116.110358,
              32.6323677
            ],
            [
              -116.110639,
              32.6323632
            ],
            [
              -116.1110325,
              32.6323569
            ],
            [
              -116.1113264,
              32.6323522
            ],
            [
              -116.1116316,
              32.6323473
            ],
            [
              -116.1120136,
              32.6323411
            ],
            [
              -116.1123814,
              32.6323352
            ],
            [
              -116.1127009,
              32.6323301
            ],
            [
              -116.1130558,
              32.6323244
            ],
            [
              -116.1133883,
              32.6323191
            ],
            [
              -116.1137303,
              32.6323136
            ],
            [
              -116.1140756,
              32.632308
            ],
            [
              -116.1144047,
              32.6323027
            ],
            [
              -116.1147629,
              32.632297
            ],
            [
              -116.1150792,
              32.6322919
            ],
            [
              -116.1154502,
              32.6322859
            ],
            [
              -116.1158356,
              32.6322798
            ],
            [
              -116.1161375,
              32.6322749
            ],
            [
              -116.1164281,
              32.6322702
            ],
            [
              -116.1168248,
              32.6322639
            ],
            [
              -116.1171025,
              32.6322594
            ],
            [
              -116.1175121,
              32.6322528
            ],
            [
              -116.1179376,
              32.632246
            ],
            [
              -116.1181994,
              32.6322418
            ],
            [
              -116.1184514,
              32.6322377
            ],
            [
              -116.1188867,
              32.6322307
            ],
            [
              -116.1193389,
              32.6322235
            ],
            [
              -116.119574,
              32.6322197
            ],
            [
              -116.1198003,
              32.6322161
            ],
            [
              -116.1202614,
              32.6322087
            ],
            [
              -116.1207403,
              32.632201
            ],
            [
              -116.1209486,
              32.6321976
            ],
            [
              -116.121441,
              32.6321897
            ],
            [
              -116.1216359,
              32.6321866
            ],
            [
              -116.1221416,
              32.6321785
            ],
            [
              -116.1223233,
              32.6321755
            ],
            [
              -116.1224982,
              32.6321727
            ],
            [
              -116.1230106,
              32.6321645
            ],
            [
              -116.1231726,
              32.6321619
            ],
            [
              -116.1236979,
              32.6321535
            ],
            [
              -116.123847,
              32.6321511
            ],
            [
              -116.1243852,
              32.6321424
            ],
            [
              -116.1249443,
              32.6321334
            ],
            [
              -116.1250725,
              32.6321314
            ],
            [
              -116.1251959,
              32.6321294
            ],
            [
              -116.1257598,
              32.6321203
            ],
            [
              -116.1263456,
              32.6321109
            ],
            [
              -116.1265449,
              32.6321077
            ],
            [
              -116.1271345,
              32.6320983
            ],
            [
              -116.1277469,
              32.6320884
            ],
            [
              -116.1278217,
              32.6320872
            ],
            [
              -116.1284476,
              32.6320772
            ],
            [
              -116.128509,
              32.6320762
            ],
            [
              -116.1285682,
              32.6320752
            ],
            [
              -116.1291964,
              32.6320651
            ],
            [
              -116.1298489,
              32.6320547
            ],
            [
              -116.1298837,
              32.6320541
            ],
            [
              -116.1305496,
              32.6320434
            ],
            [
              -116.1305709,
              32.6320431
            ],
            [
              -116.1305916,
              32.6320427
            ],
            [
              -116.1312583,
              32.632032
            ],
            [
              -116.1316709,
              32.6320254
            ],
            [
              -116.1319404,
              32.6320211
            ],
            [
              -116.1319456,
              32.632021
            ],
            [
              -116.1326149,
              32.6320102
            ],
            [
              -116.1326329,
              32.63201
            ],
            [
              -116.1326516,
              32.6320096
            ],
            [
              -116.1333202,
              32.6319989
            ],
            [
              -116.1333523,
              32.6319984
            ],
            [
              -116.1340075,
              32.6319878
            ],
            [
              -116.1346383,
              32.6319777
            ],
            [
              -116.1346948,
              32.6319768
            ],
            [
              -116.1347536,
              32.6319759
            ],
            [
              -116.1353821,
              32.6319658
            ],
            [
              -116.1359871,
              32.6319561
            ],
            [
              -116.1360695,
              32.6319548
            ],
            [
              -116.136155,
              32.6319534
            ],
            [
              -116.1367568,
              32.6319437
            ],
            [
              -116.137336,
              32.6319344
            ],
            [
              -116.137444,
              32.6319327
            ],
            [
              -116.1380105,
              32.6319236
            ],
            [
              -116.1381314,
              32.6319216
            ],
            [
              -116.1382569,
              32.6319196
            ],
            [
              -116.1388187,
              32.6319106
            ],
            [
              -116.1389576,
              32.6319084
            ],
            [
              -116.1395059,
              32.6318995
            ],
            [
              -116.1396582,
              32.6318971
            ],
            [
              -116.1401933,
              32.6318885
            ],
            [
              -116.1403589,
              32.6318858
            ],
            [
              -116.1408806,
              32.6318775
            ],
            [
              -116.1410596,
              32.6318746
            ],
            [
              -116.1415679,
              32.6318664
            ],
            [
              -116.1417602,
              32.6318633
            ],
            [
              -116.1422552,
              32.6318554
            ],
            [
              -116.1427317,
              32.6318477
            ],
            [
              -116.1429425,
              32.6318443
            ],
            [
              -116.1434061,
              32.6318369
            ],
            [
              -116.1436298,
              32.6318333
            ],
            [
              -116.1438623,
              32.6318296
            ],
            [
              -116.1443171,
              32.6318223
            ],
            [
              -116.144755,
              32.6318152
            ],
            [
              -116.1450045,
              32.6318112
            ],
            [
              -116.1454295,
              32.6318044
            ],
            [
              -116.1456918,
              32.6318002
            ],
            [
              -116.1461039,
              32.6317936
            ],
            [
              -116.146379,
              32.6317891
            ],
            [
              -116.1466649,
              32.6317846
            ],
            [
              -116.1470664,
              32.6317781
            ],
            [
              -116.1474528,
              32.6317719
            ],
            [
              -116.1477537,
              32.6317671
            ],
            [
              -116.1480663,
              32.631762
            ],
            [
              -116.148441,
              32.631756
            ],
            [
              -116.1488017,
              32.6317502
            ],
            [
              -116.1491283,
              32.631745
            ],
            [
              -116.1494762,
              32.6317394
            ],
            [
              -116.1498156,
              32.6317339
            ],
            [
              -116.1501506,
              32.6317286
            ],
            [
              -116.1505029,
              32.6317229
            ],
            [
              -116.1508689,
              32.631717
            ],
            [
              -116.1511902,
              32.6317119
            ],
            [
              -116.1514995,
              32.6317069
            ],
            [
              -116.1518775,
              32.6317008
            ],
            [
              -116.1521739,
              32.6316961
            ],
            [
              -116.1525649,
              32.6316898
            ],
            [
              -116.1528484,
              32.6316852
            ],
            [
              -116.1532521,
              32.6316787
            ],
            [
              -116.1536716,
              32.631672
            ],
            [
              -116.1539395,
              32.6316677
            ],
            [
              -116.1541973,
              32.6316636
            ],
            [
              -116.1546268,
              32.6316567
            ],
            [
              -116.1550729,
              32.6316495
            ],
            [
              -116.1553141,
              32.6316456
            ],
            [
              -116.1555462,
              32.6316419
            ],
            [
              -116.1560014,
              32.6316346
            ],
            [
              -116.1564742,
              32.631627
            ],
            [
              -116.1566887,
              32.6316235
            ],
            [
              -116.1571749,
              32.6316157
            ],
            [
              -116.157376,
              32.6316125
            ],
            [
              -116.1575696,
              32.6316094
            ],
            [
              -116.1580633,
              32.6316015
            ],
            [
              -116.1585763,
              32.6315932
            ],
            [
              -116.1587506,
              32.6315904
            ],
            [
              -116.1589185,
              32.6315877
            ],
            [
              -116.1594379,
              32.6315794
            ],
            [
              -116.1595929,
              32.6315769
            ],
            [
              -116.1601252,
              32.6315684
            ],
            [
              -116.1606783,
              32.6315595
            ],
            [
              -116.1608125,
              32.6315573
            ],
            [
              -116.1609419,
              32.6315552
            ],
            [
              -116.1614999,
              32.6315463
            ],
            [
              -116.1616163,
              32.6315444
            ],
            [
              -116.1621871,
              32.6315352
            ],
            [
              -116.1627802,
              32.6315257
            ],
            [
              -116.1628745,
              32.6315242
            ],
            [
              -116.1634809,
              32.6315145
            ],
            [
              -116.1635618,
              32.6315132
            ],
            [
              -116.1636396,
              32.6315119
            ],
            [
              -116.1642491,
              32.6315021
            ],
            [
              -116.164314,
              32.6315011
            ],
            [
              -116.1649364,
              32.6314911
            ],
            [
              -116.1655829,
              32.6314807
            ],
            [
              -116.1656237,
              32.63148
            ],
            [
              -116.165663,
              32.6314794
            ],
            [
              -116.166311,
              32.631469
            ],
            [
              -116.1663374,
              32.6314686
            ],
            [
              -116.1676849,
              32.6314469
            ],
            [
              -116.1676856,
              32.6314469
            ],
            [
              -116.1677232,
              32.6314463
            ],
            [
              -116.1683608,
              32.6314361
            ],
            [
              -116.168373,
              32.6314359
            ],
            [
              -116.1690353,
              32.6314252
            ],
            [
              -116.1690476,
              32.631425
            ],
            [
              -116.1690862,
              32.6314244
            ],
            [
              -116.169767,
              32.6314135
            ],
            [
              -116.1697869,
              32.6314132
            ],
            [
              -116.1704349,
              32.6314028
            ],
            [
              -116.1710586,
              32.6313927
            ],
            [
              -116.1711222,
              32.6313917
            ],
            [
              -116.1711883,
              32.6313906
            ],
            [
              -116.1718095,
              32.6313807
            ],
            [
              -116.1724075,
              32.6313711
            ],
            [
              -116.1724968,
              32.6313696
            ],
            [
              -116.1725896,
              32.6313682
            ],
            [
              -116.1731841,
              32.6313586
            ],
            [
              -116.1732903,
              32.6313569
            ],
            [
              -116.1738714,
              32.6313476
            ],
            [
              -116.1744308,
              32.6313386
            ],
            [
              -116.1745587,
              32.6313365
            ],
            [
              -116.1751053,
              32.6313277
            ],
            [
              -116.1753922,
              32.6313231
            ],
            [
              -116.1759333,
              32.6313144
            ],
            [
              -116.1761962,
              32.6313102
            ],
            [
              -116.1769559,
              32.631298
            ],
            [
              -116.1772174,
              32.6312938
            ],
            [
              -116.1774942,
              32.6312894
            ],
            [
              -116.1784775,
              32.6312736
            ],
            [
              -116.1786826,
              32.6312703
            ],
            [
              -116.179152,
              32.6312627
            ],
            [
              -116.1793699,
              32.6312592
            ],
            [
              -116.1799793,
              32.6312494
            ],
            [
              -116.1800572,
              32.6312482
            ],
            [
              -116.1801759,
              32.6312463
            ],
            [
              -116.1802969,
              32.6312444
            ],
            [
              -116.1807445,
              32.6312371
            ],
            [
              -116.1809976,
              32.6312331
            ],
            [
              -116.1814318,
              32.6312261
            ],
            [
              -116.1816982,
              32.6312218
            ],
            [
              -116.1821191,
              32.6312151
            ],
            [
              -116.1823989,
              32.6312106
            ],
            [
              -116.1828064,
              32.6312041
            ],
            [
              -116.1831987,
              32.6311977
            ],
            [
              -116.1834937,
              32.631193
            ],
            [
              -116.1838732,
              32.6311869
            ],
            [
              -116.1841811,
              32.6311819
            ],
            [
              -116.1845476,
              32.6311761
            ],
            [
              -116.1848683,
              32.6311709
            ],
            [
              -116.1852016,
              32.6311656
            ],
            [
              -116.1855556,
              32.6311599
            ],
            [
              -116.1858965,
              32.6311544
            ],
            [
              -116.186243,
              32.6311488
            ],
            [
              -116.1866029,
              32.6311431
            ],
            [
              -116.1869303,
              32.6311378
            ],
            [
              -116.1872454,
              32.6311327
            ],
            [
              -116.1876176,
              32.6311267
            ],
            [
              -116.1880042,
              32.6311205
            ],
            [
              -116.1883049,
              32.6311157
            ],
            [
              -116.1887049,
              32.6311093
            ],
            [
              -116.1889922,
              32.6311047
            ],
            [
              -116.1892688,
              32.6311002
            ],
            [
              -116.1901062,
              32.6310868
            ],
            [
              -116.1903668,
              32.6310826
            ],
            [
              -116.1906176,
              32.6310786
            ],
            [
              -116.1910542,
              32.6310716
            ],
            [
              -116.1912921,
              32.6310677
            ],
            [
              -116.1917414,
              32.6310605
            ],
            [
              -116.1919666,
              32.6310569
            ],
            [
              -116.1924288,
              32.6310495
            ],
            [
              -116.1929089,
              32.6310418
            ],
            [
              -116.1933155,
              32.6310352
            ],
            [
              -116.1938034,
              32.6310274
            ],
            [
              -116.1943102,
              32.6310193
            ],
            [
              -116.1944907,
              32.6310164
            ],
            [
              -116.1946644,
              32.6310136
            ],
            [
              -116.195178,
              32.6310053
            ],
            [
              -116.1953388,
              32.6310027
            ],
            [
              -116.1958653,
              32.6309943
            ],
            [
              -116.1964122,
              32.6309855
            ],
            [
              -116.1965526,
              32.6309832
            ],
            [
              -116.1971129,
              32.6309742
            ],
            [
              -116.1972399,
              32.6309722
            ],
            [
              -116.1973622,
              32.6309702
            ],
            [
              -116.1979272,
              32.6309612
            ],
            [
              -116.1985142,
              32.6309517
            ],
            [
              -116.1986145,
              32.6309501
            ],
            [
              -116.1987111,
              32.6309486
            ],
            [
              -116.1993018,
              32.6309391
            ],
            [
              -116.1999155,
              32.6309292
            ],
            [
              -116.1999891,
              32.630928
            ],
            [
              -116.20006,
              32.6309269
            ],
            [
              -116.2006764,
              32.630917
            ],
            [
              -116.2013169,
              32.6309067
            ],
            [
              -116.2013638,
              32.630906
            ],
            [
              -116.2020175,
              32.6308955
            ],
            [
              -116.202051,
              32.6308949
            ],
            [
              -116.2020833,
              32.6308944
            ],
            [
              -116.2027384,
              32.6308839
            ],
            [
              -116.2034189,
              32.630873
            ],
            [
              -116.2034257,
              32.6308728
            ],
            [
              -116.2034322,
              32.6308727
            ],
            [
              -116.2037755,
              32.6308672
            ],
            [
              -116.204113,
              32.6308618
            ],
            [
              -116.2041196,
              32.6308617
            ],
            [
              -116.2048003,
              32.6308508
            ],
            [
              -116.2054556,
              32.6308402
            ],
            [
              -116.2054876,
              32.6308397
            ],
            [
              -116.2055209,
              32.6308392
            ],
            [
              -116.2061749,
              32.6308287
            ],
            [
              -116.2068045,
              32.6308186
            ],
            [
              -116.2068622,
              32.6308176
            ],
            [
              -116.2069222,
              32.6308167
            ],
            [
              -116.2075495,
              32.6308066
            ],
            [
              -116.2081534,
              32.6307969
            ],
            [
              -116.2082368,
              32.6307956
            ],
            [
              -116.2083235,
              32.6307942
            ],
            [
              -116.2089241,
              32.6307845
            ],
            [
              -116.2095023,
              32.6307752
            ],
            [
              -116.2096115,
              32.6307735
            ],
            [
              -116.2097249,
              32.6307716
            ],
            [
              -116.2102988,
              32.6307624
            ],
            [
              -116.2108512,
              32.6307536
            ],
            [
              -116.2109861,
              32.6307514
            ],
            [
              -116.2111262,
              32.6307492
            ],
            [
              -116.2116734,
              32.6307404
            ],
            [
              -116.2122001,
              32.6307319
            ],
            [
              -116.2123607,
              32.6307293
            ],
            [
              -116.2125275,
              32.6307266
            ],
            [
              -116.213048,
              32.6307183
            ],
            [
              -116.213549,
              32.6307102
            ],
            [
              -116.2137353,
              32.6307073
            ],
            [
              -116.2139289,
              32.6307041
            ],
            [
              -116.2144226,
              32.6306962
            ],
            [
              -116.2148979,
              32.6306886
            ],
            [
              -116.2151099,
              32.6306852
            ],
            [
              -116.2155723,
              32.6306777
            ],
            [
              -116.2157972,
              32.6306741
            ],
            [
              -116.2160309,
              32.6306704
            ],
            [
              -116.2164845,
              32.6306631
            ],
            [
              -116.2167316,
              32.6306591
            ],
            [
              -116.2171719,
              32.6306521
            ],
            [
              -116.2174322,
              32.6306479
            ],
            [
              -116.2178591,
              32.630641
            ],
            [
              -116.2182701,
              32.6306344
            ],
            [
              -116.2185465,
              32.63063
            ],
            [
              -116.2188335,
              32.6306254
            ],
            [
              -116.2192338,
              32.6306189
            ],
            [
              -116.219619,
              32.6306127
            ],
            [
              -116.2199211,
              32.6306079
            ],
            [
              -116.2202935,
              32.6306019
            ],
            [
              -116.2206084,
              32.6305968
            ],
            [
              -116.2209355,
              32.6305916
            ],
            [
              -116.2212957,
              32.6305858
            ],
            [
              -116.2216362,
              32.6305803
            ],
            [
              -116.221983,
              32.6305748
            ],
            [
              -116.2223168,
              32.6305694
            ],
            [
              -116.2226703,
              32.6305637
            ],
            [
              -116.2230375,
              32.6305578
            ],
            [
              -116.2233576,
              32.6305527
            ],
            [
              -116.2236657,
              32.6305477
            ],
            [
              -116.2240449,
              32.6305416
            ],
            [
              -116.2244389,
              32.6305353
            ],
            [
              -116.2247322,
              32.6305306
            ],
            [
              -116.2250146,
              32.6305261
            ],
            [
              -116.2254196,
              32.6305196
            ],
            [
              -116.2258402,
              32.6305128
            ],
            [
              -116.2261069,
              32.6305085
            ],
            [
              -116.2263636,
              32.6305044
            ],
            [
              -116.2267942,
              32.6304975
            ],
            [
              -116.227038,
              32.6304936
            ],
            [
              -116.2274815,
              32.6304864
            ],
            [
              -116.2277124,
              32.6304827
            ],
            [
              -116.2281688,
              32.6304754
            ],
            [
              -116.2283869,
              32.6304719
            ],
            [
              -116.2288561,
              32.6304644
            ],
            [
              -116.2293435,
              32.6304565
            ],
            [
              -116.2295434,
              32.6304533
            ],
            [
              -116.2300442,
              32.6304453
            ],
            [
              -116.2302307,
              32.6304423
            ],
            [
              -116.2304103,
              32.6304394
            ],
            [
              -116.230918,
              32.6304312
            ],
            [
              -116.2314455,
              32.6304228
            ],
            [
              -116.2316053,
              32.6304202
            ],
            [
              -116.2317591,
              32.6304177
            ],
            [
              -116.2322927,
              32.6304092
            ],
            [
              -116.2328469,
              32.6304003
            ],
            [
              -116.2329799,
              32.6303981
            ],
            [
              -116.2335475,
              32.630389
            ],
            [
              -116.2336673,
              32.6303871
            ],
            [
              -116.2342482,
              32.6303778
            ],
            [
              -116.2343546,
              32.630376
            ],
            [
              -116.234457,
              32.6303744
            ],
            [
              -116.2356495,
              32.6303552
            ],
            [
              -116.2357292,
              32.630354
            ],
            [
              -116.2358058,
              32.6303527
            ],
            [
              -116.2364165,
              32.6303429
            ],
            [
              -116.2370508,
              32.6303327
            ],
            [
              -116.2371038,
              32.6303319
            ],
            [
              -116.2377515,
              32.6303215
            ],
            [
              -116.2377911,
              32.6303208
            ],
            [
              -116.2378292,
              32.6303202
            ],
            [
              -116.2384784,
              32.6303098
            ],
            [
              -116.2385037,
              32.6303094
            ],
            [
              -116.2398277,
              32.6302881
            ],
            [
              -116.2398521,
              32.6302877
            ],
            [
              -116.239853,
              32.6302877
            ],
            [
              -116.2398535,
              32.6302877
            ],
            [
              -116.2405403,
              32.6302767
            ],
            [
              -116.2418383,
              32.6302558
            ],
            [
              -116.2419149,
              32.6302546
            ],
            [
              -116.2425504,
              32.6302444
            ],
            [
              -116.2426023,
              32.6302436
            ],
            [
              -116.2432248,
              32.6302336
            ],
            [
              -116.2432896,
              32.6302325
            ],
            [
              -116.2438993,
              32.6302227
            ],
            [
              -116.2440575,
              32.6302202
            ],
            [
              -116.2446642,
              32.6302105
            ],
            [
              -116.2452481,
              32.6302011
            ],
            [
              -116.2453515,
              32.6301994
            ],
            [
              -116.2459226,
              32.6301902
            ],
            [
              -116.2461595,
              32.6301864
            ],
            [
              -116.2467261,
              32.6301773
            ],
            [
              -116.2472715,
              32.6301686
            ],
            [
              -116.2474134,
              32.6301663
            ],
            [
              -116.247946,
              32.6301577
            ],
            [
              -116.2481007,
              32.6301553
            ],
            [
              -116.2482615,
              32.6301527
            ],
            [
              -116.248788,
              32.6301442
            ],
            [
              -116.2492949,
              32.6301361
            ],
            [
              -116.2494754,
              32.6301332
            ],
            [
              -116.2496628,
              32.6301302
            ],
            [
              -116.2501627,
              32.6301221
            ],
            [
              -116.2503635,
              32.6301189
            ],
            [
              -116.25085,
              32.6301111
            ],
            [
              -116.2510642,
              32.6301076
            ],
            [
              -116.2515373,
              32.6301001
            ],
            [
              -116.2519927,
              32.6300927
            ],
            [
              -116.2522246,
              32.630089
            ],
            [
              -116.2524655,
              32.6300851
            ],
            [
              -116.2529119,
              32.630078
            ],
            [
              -116.2533416,
              32.6300711
            ],
            [
              -116.2535992,
              32.6300669
            ],
            [
              -116.254016,
              32.6300602
            ],
            [
              -116.2542865,
              32.6300559
            ],
            [
              -116.2545675,
              32.6300514
            ],
            [
              -116.2549738,
              32.6300448
            ],
            [
              -116.2552682,
              32.6300401
            ],
            [
              -116.2556611,
              32.6300338
            ],
            [
              -116.2560394,
              32.6300277
            ],
            [
              -116.2563484,
              32.6300228
            ],
            [
              -116.2567138,
              32.6300169
            ],
            [
              -116.2570357,
              32.6300117
            ],
            [
              -116.2573883,
              32.6300061
            ],
            [
              -116.257723,
              32.6300007
            ],
            [
              -116.2580627,
              32.6299952
            ],
            [
              -116.2584104,
              32.6299896
            ],
            [
              -116.2587715,
              32.6299839
            ],
            [
              -116.2590977,
              32.6299786
            ],
            [
              -116.2594116,
              32.6299736
            ],
            [
              -116.259785,
              32.6299676
            ],
            [
              -116.2600861,
              32.6299627
            ],
            [
              -116.2604723,
              32.6299565
            ],
            [
              -116.2607605,
              32.6299519
            ],
            [
              -116.2615742,
              32.6299388
            ],
            [
              -116.2618469,
              32.6299344
            ],
            [
              -116.2621094,
              32.6299302
            ],
            [
              -116.2625342,
              32.6299234
            ],
            [
              -116.2629755,
              32.6299163
            ],
            [
              -116.2632215,
              32.6299124
            ],
            [
              -116.2636762,
              32.6299051
            ],
            [
              -116.2639088,
              32.6299013
            ],
            [
              -116.2643768,
              32.6298938
            ],
            [
              -116.2645961,
              32.6298903
            ],
            [
              -116.2650775,
              32.6298825
            ],
            [
              -116.2652835,
              32.6298792
            ],
            [
              -116.2654817,
              32.6298761
            ],
            [
              -116.2659708,
              32.6298682
            ],
            [
              -116.2661561,
              32.6298652
            ],
            [
              -116.2666581,
              32.6298572
            ],
            [
              -116.2671795,
              32.6298488
            ],
            [
              -116.2673454,
              32.6298461
            ],
            [
              -116.2678802,
              32.6298375
            ],
            [
              -116.2680327,
              32.6298351
            ],
            [
              -116.2681795,
              32.6298327
            ],
            [
              -116.26872,
              32.629824
            ],
            [
              -116.2692815,
              32.629815
            ],
            [
              -116.2694073,
              32.629813
            ],
            [
              -116.2699822,
              32.6298038
            ],
            [
              -116.2700946,
              32.629802
            ],
            [
              -116.2706828,
              32.6297925
            ],
            [
              -116.2707819,
              32.6297909
            ],
            [
              -116.2708773,
              32.6297894
            ],
            [
              -116.2714692,
              32.6297799
            ],
            [
              -116.2720842,
              32.62977
            ],
            [
              -116.2721566,
              32.6297689
            ],
            [
              -116.2727848,
              32.6297588
            ],
            [
              -116.2728438,
              32.6297578
            ],
            [
              -116.2729006,
              32.6297569
            ],
            [
              -116.2735311,
              32.6297468
            ],
            [
              -116.2741862,
              32.6297362
            ],
            [
              -116.2742185,
              32.6297357
            ],
            [
              -116.2742496,
              32.6297352
            ],
            [
              -116.2749058,
              32.6297247
            ],
            [
              -116.2755875,
              32.6297137
            ],
            [
              -116.2755931,
              32.6297137
            ],
            [
              -116.2755984,
              32.6297136
            ],
            [
              -116.27588,
              32.629709
            ],
            [
              -116.2769473,
              32.6296919
            ],
            [
              -116.2769677,
              32.6296916
            ],
            [
              -116.2769888,
              32.6296912
            ],
            [
              -116.277655,
              32.6296805
            ],
            [
              -116.2776895,
              32.62968
            ],
            [
              -116.2783423,
              32.6296695
            ],
            [
              -116.2789707,
              32.6296594
            ],
            [
              -116.2790296,
              32.6296585
            ],
            [
              -116.2796452,
              32.6296486
            ],
            [
              -116.2797169,
              32.6296474
            ],
            [
              -116.2797915,
              32.6296462
            ],
            [
              -116.2804042,
              32.6296364
            ],
            [
              -116.2804922,
              32.629635
            ],
            [
              -116.2810916,
              32.6296253
            ],
            [
              -116.2816685,
              32.629616
            ],
            [
              -116.2817788,
              32.6296143
            ],
            [
              -116.282343,
              32.6296052
            ],
            [
              -116.2824662,
              32.6296032
            ],
            [
              -116.2825942,
              32.6296012
            ],
            [
              -116.2831535,
              32.6295922
            ],
            [
              -116.2836919,
              32.6295836
            ],
            [
              -116.2838408,
              32.6295812
            ],
            [
              -116.2839955,
              32.6295787
            ],
            [
              -116.2850407,
              32.6295619
            ],
            [
              -116.2852154,
              32.6295591
            ],
            [
              -116.2853968,
              32.6295562
            ],
            [
              -116.2859027,
              32.629548
            ],
            [
              -116.2860975,
              32.6295449
            ],
            [
              -116.28659,
              32.629537
            ],
            [
              -116.2870641,
              32.6295294
            ],
            [
              -116.2872773,
              32.629526
            ],
            [
              -116.2874988,
              32.6295224
            ],
            [
              -116.2879646,
              32.6295149
            ],
            [
              -116.288413,
              32.6295077
            ],
            [
              -116.2886519,
              32.6295039
            ],
            [
              -116.2889002,
              32.6294999
            ],
            [
              -116.2893393,
              32.6294928
            ],
            [
              -116.2897619,
              32.629486
            ],
            [
              -116.2900266,
              32.6294818
            ],
            [
              -116.2903015,
              32.6294774
            ],
            [
              -116.2907139,
              32.6294708
            ],
            [
              -116.2911108,
              32.6294644
            ],
            [
              -116.2914012,
              32.6294597
            ],
            [
              -116.2917853,
              32.6294536
            ],
            [
              -116.2920885,
              32.6294487
            ],
            [
              -116.2924035,
              32.6294436
            ],
            [
              -116.2927758,
              32.6294376
            ],
            [
              -116.2931342,
              32.6294319
            ],
            [
              -116.2934631,
              32.6294266
            ],
            [
              -116.2938086,
              32.6294211
            ],
            [
              -116.2941504,
              32.6294156
            ],
            [
              -116.2945055,
              32.6294099
            ],
            [
              -116.2948377,
              32.6294045
            ],
            [
              -116.2951575,
              32.6293994
            ],
            [
              -116.295525,
              32.6293935
            ],
            [
              -116.2959068,
              32.6293873
            ],
            [
              -116.2962123,
              32.6293824
            ],
            [
              -116.2965064,
              32.6293777
            ],
            [
              -116.2968996,
              32.6293714
            ],
            [
              -116.2973082,
              32.6293649
            ],
            [
              -116.2975869,
              32.6293604
            ],
            [
              -116.2978553,
              32.629356
            ],
            [
              -116.2982743,
              32.6293493
            ],
            [
              -116.2987095,
              32.6293423
            ],
            [
              -116.2989616,
              32.6293383
            ],
            [
              -116.2994101,
              32.6293311
            ],
            [
              -116.2996489,
              32.6293273
            ],
            [
              -116.3001108,
              32.6293198
            ],
            [
              -116.3003362,
              32.6293162
            ],
            [
              -116.3005531,
              32.6293127
            ],
            [
              -116.3010235,
              32.6293052
            ],
            [
              -116.3015122,
              32.6292973
            ],
            [
              -116.3017108,
              32.6292941
            ],
            [
              -116.3022128,
              32.6292861
            ],
            [
              -116.3023981,
              32.6292831
            ],
            [
              -116.3029135,
              32.6292748
            ],
            [
              -116.3030854,
              32.6292721
            ],
            [
              -116.3032509,
              32.6292694
            ],
            [
              -116.3037727,
              32.629261
            ],
            [
              -116.3039254,
              32.6292586
            ],
            [
              -116.30446,
              32.62925
            ],
            [
              -116.3050155,
              32.6292411
            ],
            [
              -116.3051474,
              32.6292389
            ],
            [
              -116.3057161,
              32.6292298
            ],
            [
              -116.3058346,
              32.6292279
            ],
            [
              -116.3059487,
              32.629226
            ],
            [
              -116.306522,
              32.6292169
            ],
            [
              -116.3066232,
              32.6292152
            ],
            [
              -116.3072093,
              32.6292058
            ],
            [
              -116.3078182,
              32.629196
            ],
            [
              -116.3078966,
              32.6291948
            ],
            [
              -116.3085188,
              32.6291848
            ],
            [
              -116.3085839,
              32.6291837
            ],
            [
              -116.3092195,
              32.6291735
            ],
            [
              -116.3092712,
              32.6291727
            ],
            [
              -116.309321,
              32.6291719
            ],
            [
              -116.3099585,
              32.6291616
            ],
            [
              -116.3099954,
              32.6291611
            ],
            [
              -116.3106458,
              32.6291506
            ],
            [
              -116.3106699,
              32.6291502
            ],
            [
              -116.3113331,
              32.6291396
            ],
            [
              -116.3113443,
              32.6291394
            ],
            [
              -116.3120204,
              32.6291285
            ],
            [
              -116.3126932,
              32.6291177
            ],
            [
              -116.3127077,
              32.6291175
            ],
            [
              -116.3127228,
              32.6291172
            ],
            [
              -116.313395,
              32.6291064
            ],
            [
              -116.3140422,
              32.629096
            ],
            [
              -116.3140824,
              32.6290954
            ],
            [
              -116.3141242,
              32.6290947
            ],
            [
              -116.3147697,
              32.6290844
            ],
            [
              -116.315391,
              32.6290744
            ],
            [
              -116.315457,
              32.6290733
            ],
            [
              -116.3155255,
              32.6290722
            ],
            [
              -116.3161443,
              32.6290623
            ],
            [
              -116.3167399,
              32.6290527
            ],
            [
              -116.3168316,
              32.6290512
            ],
            [
              -116.3174144,
              32.6290419
            ],
            [
              -116.3175189,
              32.6290402
            ],
            [
              -116.3176275,
              32.6290385
            ],
            [
              -116.3182062,
              32.6290292
            ],
            [
              -116.3183281,
              32.6290272
            ],
            [
              -116.3194377,
              32.6290094
            ],
            [
              -116.3195808,
              32.6290071
            ],
            [
              -116.3197295,
              32.6290047
            ],
            [
              -116.3202681,
              32.628996
            ],
            [
              -116.3207866,
              32.6289877
            ],
            [
              -116.3209555,
              32.628985
            ],
            [
              -116.3211308,
              32.6289822
            ],
            [
              -116.3216427,
              32.628974
            ],
            [
              -116.3221356,
              32.628966
            ],
            [
              -116.3223301,
              32.6289629
            ],
            [
              -116.3225321,
              32.6289597
            ],
            [
              -116.3234845,
              32.6289444
            ],
            [
              -116.3237047,
              32.6289408
            ],
            [
              -116.3239335,
              32.6289372
            ],
            [
              -116.3248333,
              32.6289227
            ],
            [
              -116.3250793,
              32.6289188
            ],
            [
              -116.3253348,
              32.6289146
            ],
            [
              -116.3257666,
              32.6289077
            ],
            [
              -116.3261822,
              32.6289011
            ],
            [
              -116.3264539,
              32.6288967
            ],
            [
              -116.3268567,
              32.6288902
            ],
            [
              -116.3271412,
              32.6288856
            ],
            [
              -116.3274368,
              32.6288809
            ],
            [
              -116.3278285,
              32.6288746
            ],
            [
              -116.3282056,
              32.6288685
            ],
            [
              -116.3288381,
              32.6288584
            ],
            [
              -116.3292032,
              32.6288525
            ],
            [
              -116.3295545,
              32.6288469
            ],
            [
              -116.3298905,
              32.6288415
            ],
            [
              -116.3302289,
              32.628836
            ],
            [
              -116.3305777,
              32.6288305
            ],
            [
              -116.3309401,
              32.6288246
            ],
            [
              -116.3312651,
              32.6288194
            ],
            [
              -116.3316408,
              32.6288134
            ],
            [
              -116.3319524,
              32.6288083
            ],
            [
              -116.3323415,
              32.6288021
            ],
            [
              -116.3326397,
              32.6287973
            ],
            [
              -116.3329267,
              32.6287927
            ],
            [
              -116.333327,
              32.6287863
            ],
            [
              -116.3337428,
              32.6287796
            ],
            [
              -116.3340143,
              32.6287753
            ],
            [
              -116.3342756,
              32.6287711
            ],
            [
              -116.3347016,
              32.6287642
            ],
            [
              -116.3351441,
              32.6287571
            ],
            [
              -116.3353889,
              32.6287532
            ],
            [
              -116.3358448,
              32.6287458
            ],
            [
              -116.3360762,
              32.6287421
            ],
            [
              -116.336299,
              32.6287385
            ],
            [
              -116.3367635,
              32.6287311
            ],
            [
              -116.3369735,
              32.6287277
            ],
            [
              -116.3374508,
              32.62872
            ],
            [
              -116.3376479,
              32.6287169
            ],
            [
              -116.3381382,
              32.628709
            ],
            [
              -116.3386475,
              32.6287008
            ],
            [
              -116.3388255,
              32.628698
            ],
            [
              -116.3389968,
              32.6286952
            ],
            [
              -116.3395128,
              32.6286869
            ],
            [
              -116.3400488,
              32.6286783
            ],
            [
              -116.3402001,
              32.6286759
            ],
            [
              -116.3407494,
              32.6286671
            ],
            [
              -116.3408874,
              32.6286648
            ],
            [
              -116.3414501,
              32.6286558
            ],
            [
              -116.3415747,
              32.6286538
            ],
            [
              -116.3416946,
              32.6286519
            ],
            [
              -116.342262,
              32.6286428
            ],
            [
              -116.3428515,
              32.6286333
            ],
            [
              -116.3429493,
              32.6286317
            ],
            [
              -116.3435521,
              32.6286221
            ],
            [
              -116.3436366,
              32.6286207
            ],
            [
              -116.343718,
              32.6286194
            ],
            [
              -116.3443239,
              32.6286096
            ],
            [
              -116.3449535,
              32.6285995
            ],
            [
              -116.3450113,
              32.6285986
            ],
            [
              -116.3456541,
              32.6285883
            ],
            [
              -116.3456985,
              32.6285876
            ],
            [
              -116.3463548,
              32.628577
            ],
            [
              -116.3463859,
              32.6285765
            ],
            [
              -116.3464158,
              32.628576
            ],
            [
              -116.3470732,
              32.6285655
            ],
            [
              -116.3477561,
              32.6285545
            ],
            [
              -116.3477605,
              32.6285544
            ],
            [
              -116.3479846,
              32.6285508
            ],
            [
              -116.3484478,
              32.6285434
            ],
            [
              -116.3491136,
              32.6285327
            ],
            [
              -116.3491351,
              32.6285324
            ],
            [
              -116.3491575,
              32.628532
            ],
            [
              -116.3498224,
              32.6285213
            ],
            [
              -116.3498581,
              32.6285207
            ],
            [
              -116.3505097,
              32.6285103
            ],
            [
              -116.3511369,
              32.6285002
            ],
            [
              -116.351197,
              32.6284992
            ],
            [
              -116.3518114,
              32.6284894
            ],
            [
              -116.3518843,
              32.6284882
            ],
            [
              -116.3519601,
              32.628487
            ],
            [
              -116.3525716,
              32.6284772
            ],
            [
              -116.3526608,
              32.6284757
            ],
            [
              -116.3532589,
              32.6284661
            ],
            [
              -116.3538347,
              32.6284569
            ],
            [
              -116.3539463,
              32.6284551
            ],
            [
              -116.3540621,
              32.6284532
            ],
            [
              -116.3546336,
              32.628444
            ],
            [
              -116.3547628,
              32.628442
            ],
            [
              -116.3553209,
              32.628433
            ],
            [
              -116.3558581,
              32.6284244
            ],
            [
              -116.3560082,
              32.6284219
            ],
            [
              -116.3565325,
              32.6284135
            ],
            [
              -116.3566955,
              32.6284109
            ],
            [
              -116.3568648,
              32.6284082
            ],
            [
              -116.3573828,
              32.6283999
            ],
            [
              -116.3575655,
              32.6283969
            ],
            [
              -116.3580701,
              32.6283889
            ],
            [
              -116.3585141,
              32.6283817
            ],
            [
              -116.3587574,
              32.6283778
            ],
            [
              -116.3589961,
              32.628374
            ],
            [
              -116.3596859,
              32.6283629
            ],
            [
              -116.360132,
              32.6283557
            ],
            [
              -116.3605792,
              32.6283485
            ],
            [
              -116.3608193,
              32.6283447
            ],
            [
              -116.3610688,
              32.6283407
            ],
            [
              -116.3615066,
              32.6283336
            ],
            [
              -116.3617694,
              32.6283294
            ],
            [
              -116.362194,
              32.6283226
            ],
            [
              -116.3624701,
              32.6283182
            ],
            [
              -116.3628813,
              32.6283115
            ],
            [
              -116.363277,
              32.6283052
            ],
            [
              -116.3635686,
              32.6283005
            ],
            [
              -116.3638715,
              32.6282956
            ],
            [
              -116.3642559,
              32.6282895
            ],
            [
              -116.3646259,
              32.6282835
            ],
            [
              -116.3649432,
              32.6282784
            ],
            [
              -116.3653004,
              32.6282727
            ],
            [
              -116.3656305,
              32.6282674
            ],
            [
              -116.3659734,
              32.6282619
            ],
            [
              -116.3663178,
              32.6282564
            ],
            [
              -116.3666493,
              32.628251
            ],
            [
              -116.3670051,
              32.6282453
            ],
            [
              -116.3673748,
              32.6282394
            ],
            [
              -116.3676924,
              32.6282343
            ],
            [
              -116.3679982,
              32.6282294
            ],
            [
              -116.3683797,
              32.6282232
            ],
            [
              -116.3686726,
              32.6282185
            ],
            [
              -116.369067,
              32.6282122
            ],
            [
              -116.3694768,
              32.6282056
            ],
            [
              -116.3697544,
              32.6282012
            ],
            [
              -116.3700215,
              32.6281968
            ],
            [
              -116.3704416,
              32.6281901
            ],
            [
              -116.3708781,
              32.6281831
            ],
            [
              -116.371129,
              32.6281791
            ],
            [
              -116.3713705,
              32.6281752
            ],
            [
              -116.3718163,
              32.628168
            ],
            [
              -116.3720449,
              32.6281644
            ],
            [
              -116.3729801,
              32.6281493
            ],
            [
              -116.3731909,
              32.628146
            ],
            [
              -116.3733938,
              32.6281427
            ],
            [
              -116.3738782,
              32.6281349
            ],
            [
              -116.3743814,
              32.6281268
            ],
            [
              -116.3745655,
              32.6281239
            ],
            [
              -116.3750821,
              32.6281156
            ],
            [
              -116.3752528,
              32.6281128
            ],
            [
              -116.3754172,
              32.6281102
            ],
            [
              -116.3759401,
              32.6281018
            ],
            [
              -116.3760916,
              32.6280994
            ],
            [
              -116.3766274,
              32.6280908
            ],
            [
              -116.3771841,
              32.6280818
            ],
            [
              -116.3773147,
              32.6280797
            ],
            [
              -116.3774405,
              32.6280777
            ],
            [
              -116.3780021,
              32.6280687
            ],
            [
              -116.3785854,
              32.6280593
            ],
            [
              -116.3786894,
              32.6280576
            ],
            [
              -116.3787894,
              32.628056
            ],
            [
              -116.3793767,
              32.6280466
            ],
            [
              -116.3799868,
              32.6280368
            ],
            [
              -116.380064,
              32.6280355
            ],
            [
              -116.3801383,
              32.6280344
            ],
            [
              -116.3807513,
              32.6280245
            ],
            [
              -116.3813881,
              32.6280143
            ],
            [
              -116.3814386,
              32.6280135
            ],
            [
              -116.3814872,
              32.6280127
            ],
            [
              -116.3821259,
              32.6280024
            ],
            [
              -116.3821616,
              32.6280019
            ],
            [
              -116.3828132,
              32.6279914
            ],
            [
              -116.3834901,
              32.6279805
            ],
            [
              -116.3835005,
              32.6279803
            ],
            [
              -116.3840369,
              32.6279717
            ],
            [
              -116.3841878,
              32.6279693
            ],
            [
              -116.3848595,
              32.6279585
            ],
            [
              -116.3848752,
              32.6279583
            ],
            [
              -116.3855339,
              32.6279477
            ],
            [
              -116.3855624,
              32.6279472
            ],
            [
              -116.3855921,
              32.6279467
            ],
            [
              -116.3862498,
              32.6279362
            ],
            [
              -116.3862928,
              32.6279355
            ],
            [
              -116.3869371,
              32.6279251
            ],
            [
              -116.3869934,
              32.6279243
            ],
            [
              -116.3876244,
              32.6279141
            ],
            [
              -116.3882317,
              32.6279044
            ],
            [
              -116.3883117,
              32.6279031
            ],
            [
              -116.3889062,
              32.6278935
            ],
            [
              -116.388999,
              32.627892
            ],
            [
              -116.3890954,
              32.6278905
            ],
            [
              -116.3896863,
              32.627881
            ],
            [
              -116.3902551,
              32.6278719
            ],
            [
              -116.3903736,
              32.6278699
            ],
            [
              -116.3904967,
              32.627868
            ],
            [
              -116.3910609,
              32.6278589
            ],
            [
              -116.391604,
              32.6278502
            ],
            [
              -116.3917482,
              32.6278479
            ],
            [
              -116.3918981,
              32.6278455
            ],
            [
              -116.3924355,
              32.6278368
            ],
            [
              -116.3929529,
              32.6278285
            ],
            [
              -116.3931228,
              32.6278258
            ],
            [
              -116.3932994,
              32.6278229
            ],
            [
              -116.3938102,
              32.6278148
            ],
            [
              -116.3940001,
              32.6278117
            ],
            [
              -116.3944974,
              32.6278037
            ],
            [
              -116.3949762,
              32.627796
            ],
            [
              -116.3951848,
              32.6277927
            ],
            [
              -116.3954014,
              32.6277892
            ],
            [
              -116.3958721,
              32.6277816
            ],
            [
              -116.3963251,
              32.6277744
            ],
            [
              -116.3965594,
              32.6277706
            ],
            [
              -116.3969996,
              32.6277635
            ],
            [
              -116.3972467,
              32.6277596
            ],
            [
              -116.3975034,
              32.6277554
            ],
            [
              -116.397934,
              32.6277485
            ],
            [
              -116.3983485,
              32.6277419
            ],
            [
              -116.3986213,
              32.6277375
            ],
            [
              -116.3990229,
              32.627731
            ],
            [
              -116.3993086,
              32.6277264
            ],
            [
              -116.3996974,
              32.6277202
            ],
            [
              -116.3999959,
              32.6277154
            ],
            [
              -116.4003718,
              32.6277093
            ],
            [
              -116.4006832,
              32.6277043
            ],
            [
              -116.4010068,
              32.6276991
            ],
            [
              -116.4013705,
              32.6276933
            ],
            [
              -116.4017207,
              32.6276877
            ],
            [
              -116.4020579,
              32.6276823
            ],
            [
              -116.4023952,
              32.6276768
            ],
            [
              -116.4027452,
              32.6276712
            ],
            [
              -116.4031087,
              32.6276654
            ],
            [
              -116.4034325,
              32.6276602
            ],
            [
              -116.4037441,
              32.6276552
            ],
            [
              -116.4041198,
              32.6276491
            ],
            [
              -116.4045101,
              32.6276429
            ],
            [
              -116.4048071,
              32.6276381
            ],
            [
              -116.405093,
              32.6276335
            ],
            [
              -116.4054944,
              32.6276271
            ],
            [
              -116.4057674,
              32.6276227
            ],
            [
              -116.4061817,
              32.627616
            ],
            [
              -116.4066121,
              32.6276091
            ],
            [
              -116.406869,
              32.627605
            ],
            [
              -116.4071163,
              32.627601
            ],
            [
              -116.4075563,
              32.6275939
            ],
            [
              -116.4080134,
              32.6275866
            ],
            [
              -116.4082436,
              32.6275829
            ],
            [
              -116.4087141,
              32.6275754
            ],
            [
              -116.4089309,
              32.6275719
            ],
            [
              -116.4094147,
              32.6275641
            ],
            [
              -116.4098141,
              32.6275577
            ],
            [
              -116.4103055,
              32.6275498
            ],
            [
              -116.4104886,
              32.6275468
            ],
            [
              -116.4109929,
              32.6275387
            ],
            [
              -116.4115168,
              32.6275303
            ],
            [
              -116.4116802,
              32.6275277
            ],
            [
              -116.4118375,
              32.6275252
            ],
            [
              -116.4123675,
              32.6275167
            ],
            [
              -116.4129181,
              32.6275078
            ],
            [
              -116.4130548,
              32.6275056
            ],
            [
              -116.4131864,
              32.6275035
            ],
            [
              -116.4137421,
              32.6274946
            ],
            [
              -116.4143194,
              32.6274853
            ],
            [
              -116.4144294,
              32.6274835
            ],
            [
              -116.4145353,
              32.6274818
            ],
            [
              -116.4151167,
              32.6274725
            ],
            [
              -116.4157207,
              32.6274628
            ],
            [
              -116.415804,
              32.6274615
            ],
            [
              -116.4158842,
              32.6274602
            ],
            [
              -116.4164913,
              32.6274504
            ],
            [
              -116.4165586,
              32.6274493
            ],
            [
              -116.4171786,
              32.6274394
            ],
            [
              -116.4172331,
              32.6274385
            ],
            [
              -116.417866,
              32.6274283
            ],
            [
              -116.4185234,
              32.6274178
            ],
            [
              -116.4185533,
              32.6274173
            ],
            [
              -116.4192241,
              32.6274065
            ],
            [
              -116.4192406,
              32.6274062
            ],
            [
              -116.4192565,
              32.627406
            ],
            [
              -116.4199279,
              32.6273952
            ],
            [
              -116.4200892,
              32.6273926
            ],
            [
              -116.4206053,
              32.6273843
            ],
            [
              -116.4206152,
              32.6273842
            ],
            [
              -116.4206254,
              32.627384
            ],
            [
              -116.4213025,
              32.6273731
            ],
            [
              -116.4219542,
              32.6273627
            ],
            [
              -116.4219898,
              32.6273621
            ],
            [
              -116.4220267,
              32.6273615
            ],
            [
              -116.4226771,
              32.627351
            ],
            [
              -116.4233032,
              32.627341
            ],
            [
              -116.4233644,
              32.62734
            ],
            [
              -116.4234281,
              32.627339
            ],
            [
              -116.4240517,
              32.627329
            ],
            [
              -116.4241287,
              32.6273277
            ],
            [
              -116.4247391,
              32.6273179
            ],
            [
              -116.4248294,
              32.6273165
            ],
            [
              -116.4254263,
              32.6273069
            ],
            [
              -116.4260009,
              32.6272977
            ],
            [
              -116.4261136,
              32.6272958
            ],
            [
              -116.4262307,
              32.627294
            ],
            [
              -116.426801,
              32.6272848
            ],
            [
              -116.4273499,
              32.627276
            ],
            [
              -116.4274883,
              32.6272738
            ],
            [
              -116.4280243,
              32.6272652
            ],
            [
              -116.4283327,
              32.6272602
            ],
            [
              -116.4288629,
              32.6272517
            ],
            [
              -116.4293732,
              32.6272435
            ],
            [
              -116.4295502,
              32.6272407
            ],
            [
              -116.4297341,
              32.6272377
            ],
            [
              -116.4302375,
              32.6272296
            ],
            [
              -116.4307221,
              32.6272218
            ],
            [
              -116.4309248,
              32.6272186
            ],
            [
              -116.4311354,
              32.6272152
            ],
            [
              -116.4316121,
              32.6272075
            ],
            [
              -116.4318361,
              32.6272039
            ],
            [
              -116.4322994,
              32.6271965
            ],
            [
              -116.4327455,
              32.6271893
            ],
            [
              -116.4329867,
              32.6271855
            ],
            [
              -116.4332374,
              32.6271814
            ],
            [
              -116.4336741,
              32.6271744
            ],
            [
              -116.4340944,
              32.6271677
            ],
            [
              -116.4343613,
              32.6271634
            ],
            [
              -116.4347688,
              32.6271568
            ],
            [
              -116.4350487,
              32.6271523
            ],
            [
              -116.4353394,
              32.6271477
            ],
            [
              -116.435736,
              32.6271413
            ],
            [
              -116.4360401,
              32.6271364
            ],
            [
              -116.4364233,
              32.6271303
            ],
            [
              -116.4367922,
              32.6271243
            ],
            [
              -116.4371106,
              32.6271192
            ],
            [
              -116.4374666,
              32.6271135
            ],
            [
              -116.4377979,
              32.6271082
            ],
            [
              -116.4381421,
              32.6271027
            ],
            [
              -116.4388155,
              32.6270918
            ],
            [
              -116.4391725,
              32.6270861
            ],
            [
              -116.4395434,
              32.6270801
            ],
            [
              -116.4398598,
              32.627075
            ],
            [
              -116.4401644,
              32.6270701
            ],
            [
              -116.4405471,
              32.627064
            ],
            [
              -116.4408389,
              32.6270593
            ],
            [
              -116.4412344,
              32.627053
            ],
            [
              -116.4416454,
              32.6270464
            ],
            [
              -116.4419218,
              32.6270419
            ],
            [
              -116.4424788,
              32.627033
            ],
            [
              -116.4427368,
              32.6270288
            ],
            [
              -116.4431061,
              32.6270229
            ],
            [
              -116.4439837,
              32.6270088
            ],
            [
              -116.4444481,
              32.6270013
            ],
            [
              -116.444671,
              32.6269978
            ],
            [
              -116.4448856,
              32.6269943
            ],
            [
              -116.4453583,
              32.6269867
            ],
            [
              -116.4458494,
              32.6269788
            ],
            [
              -116.4460456,
              32.6269757
            ],
            [
              -116.4462345,
              32.6269726
            ],
            [
              -116.4467329,
              32.6269646
            ],
            [
              -116.4472507,
              32.6269563
            ],
            [
              -116.4475834,
              32.626951
            ],
            [
              -116.4481075,
              32.6269426
            ],
            [
              -116.4486521,
              32.6269338
            ],
            [
              -116.4487948,
              32.6269315
            ],
            [
              -116.4489323,
              32.6269293
            ],
            [
              -116.4500534,
              32.6269113
            ],
            [
              -116.4501694,
              32.6269094
            ],
            [
              -116.4502812,
              32.6269077
            ],
            [
              -116.4508568,
              32.6268984
            ],
            [
              -116.4509556,
              32.6268968
            ],
            [
              -116.4521554,
              32.6268775
            ],
            [
              -116.4522314,
              32.6268763
            ],
            [
              -116.452856,
              32.6268663
            ],
            [
              -116.4529187,
              32.6268653
            ],
            [
              -116.452979,
              32.6268643
            ],
            [
              -116.453606,
              32.6268542
            ],
            [
              -116.4542574,
              32.6268438
            ],
            [
              -116.4543279,
              32.6268426
            ],
            [
              -116.4549806,
              32.6268322
            ],
            [
              -116.4550023,
              32.6268318
            ],
            [
              -116.4561415,
              32.6268135
            ],
            [
              -116.4563512,
              32.6268101
            ],
            [
              -116.4563552,
              32.6268101
            ],
            [
              -116.4563594,
              32.62681
            ],
            [
              -116.4570425,
              32.6267991
            ],
            [
              -116.4577001,
              32.6267885
            ],
            [
              -116.4577299,
              32.626788
            ],
            [
              -116.4577607,
              32.6267875
            ],
            [
              -116.4584172,
              32.6267769
            ],
            [
              -116.459049,
              32.6267668
            ],
            [
              -116.4591045,
              32.6267659
            ],
            [
              -116.4597235,
              32.626756
            ],
            [
              -116.4597918,
              32.6267549
            ],
            [
              -116.4603979,
              32.6267451
            ],
            [
              -116.4604791,
              32.6267438
            ],
            [
              -116.4605634,
              32.6267425
            ],
            [
              -116.4611664,
              32.6267328
            ],
            [
              -116.4612641,
              32.6267312
            ],
            [
              -116.4618537,
              32.6267217
            ],
            [
              -116.4624213,
              32.6267126
            ],
            [
              -116.462541,
              32.6267107
            ],
            [
              -116.4626654,
              32.6267087
            ],
            [
              -116.4632283,
              32.6266997
            ],
            [
              -116.4637702,
              32.626691
            ],
            [
              -116.4639156,
              32.6266886
            ],
            [
              -116.4644446,
              32.6266801
            ],
            [
              -116.464603,
              32.6266776
            ],
            [
              -116.4647674,
              32.626675
            ],
            [
              -116.4652902,
              32.6266666
            ],
            [
              -116.4657935,
              32.6266585
            ],
            [
              -116.4659775,
              32.6266555
            ],
            [
              -116.4661687,
              32.6266524
            ],
            [
              -116.4666649,
              32.6266445
            ],
            [
              -116.4671424,
              32.6266368
            ],
            [
              -116.4675701,
              32.6266299
            ],
            [
              -116.4680395,
              32.6266224
            ],
            [
              -116.4684914,
              32.6266151
            ],
            [
              -116.4687268,
              32.6266114
            ],
            [
              -116.4691658,
              32.6266043
            ],
            [
              -116.4694141,
              32.6266003
            ],
            [
              -116.469672,
              32.6265962
            ],
            [
              -116.4701014,
              32.6265893
            ],
            [
              -116.4705147,
              32.6265826
            ],
            [
              -116.4707887,
              32.6265782
            ],
            [
              -116.4711891,
              32.6265718
            ],
            [
              -116.471476,
              32.6265672
            ],
            [
              -116.471774,
              32.6265624
            ],
            [
              -116.4721633,
              32.6265562
            ],
            [
              -116.4725381,
              32.6265501
            ],
            [
              -116.4728506,
              32.6265451
            ],
            [
              -116.4731754,
              32.6265399
            ],
            [
              -116.473538,
              32.6265341
            ],
            [
              -116.4738869,
              32.6265285
            ],
            [
              -116.4742252,
              32.626523
            ],
            [
              -116.4745614,
              32.6265176
            ],
            [
              -116.4749126,
              32.626512
            ],
            [
              -116.4752774,
              32.6265061
            ],
            [
              -116.4755999,
              32.6265009
            ],
            [
              -116.475978,
              32.6264949
            ],
            [
              -116.4762872,
              32.6264899
            ],
            [
              -116.4765848,
              32.6264851
            ],
            [
              -116.4769745,
              32.6264789
            ],
            [
              -116.4772592,
              32.6264743
            ],
            [
              -116.4776618,
              32.6264678
            ],
            [
              -116.47808,
              32.6264611
            ],
            [
              -116.4783491,
              32.6264568
            ],
            [
              -116.4786081,
              32.6264526
            ],
            [
              -116.4790364,
              32.6264457
            ],
            [
              -116.4794814,
              32.6264386
            ],
            [
              -116.4797237,
              32.6264347
            ],
            [
              -116.4802976,
              32.6264255
            ],
            [
              -116.480411,
              32.6264237
            ],
            [
              -116.4806315,
              32.6264201
            ],
            [
              -116.4810983,
              32.6264126
            ],
            [
              -116.4813059,
              32.6264093
            ],
            [
              -116.4817857,
              32.6264016
            ],
            [
              -116.482284,
              32.6263936
            ],
            [
              -116.482473,
              32.6263905
            ],
            [
              -116.4829847,
              32.6263823
            ],
            [
              -116.4831602,
              32.6263795
            ],
            [
              -116.4833292,
              32.6263768
            ],
            [
              -116.4838476,
              32.6263685
            ],
            [
              -116.484386,
              32.6263598
            ],
            [
              -116.4845349,
              32.6263574
            ],
            [
              -116.4846782,
              32.6263551
            ],
            [
              -116.4852222,
              32.6263464
            ],
            [
              -116.4853526,
              32.6263443
            ],
            [
              -116.4859095,
              32.6263353
            ],
            [
              -116.486488,
              32.6263261
            ],
            [
              -116.4865968,
              32.6263243
            ],
            [
              -116.4867015,
              32.6263226
            ],
            [
              -116.4872841,
              32.6263133
            ],
            [
              -116.4878894,
              32.6263035
            ],
            [
              -116.4879714,
              32.6263022
            ],
            [
              -116.4880504,
              32.626301
            ],
            [
              -116.4886587,
              32.6262912
            ],
            [
              -116.4892907,
              32.626281
            ],
            [
              -116.489346,
              32.6262801
            ],
            [
              -116.4899914,
              32.6262698
            ],
            [
              -116.4900333,
              32.6262691
            ],
            [
              -116.490692,
              32.6262585
            ],
            [
              -116.4907207,
              32.626258
            ],
            [
              -116.4913927,
              32.6262473
            ],
            [
              -116.491408,
              32.626247
            ],
            [
              -116.4914227,
              32.6262468
            ],
            [
              -116.4920953,
              32.626236
            ],
            [
              -116.4921937,
              32.6262344
            ],
            [
              -116.4927716,
              32.6262251
            ],
            [
              -116.4927826,
              32.6262249
            ],
            [
              -116.493446,
              32.6262143
            ],
            [
              -116.4934699,
              32.6262139
            ],
            [
              -116.4934947,
              32.6262135
            ],
            [
              -116.4941572,
              32.6262028
            ],
            [
              -116.4947949,
              32.6261926
            ],
            [
              -116.4948445,
              32.6261918
            ],
            [
              -116.494896,
              32.626191
            ],
            [
              -116.4955318,
              32.6261808
            ],
            [
              -116.4961438,
              32.626171
            ],
            [
              -116.4962191,
              32.6261697
            ],
            [
              -116.4962974,
              32.6261685
            ],
            [
              -116.4969064,
              32.6261587
            ],
            [
              -116.496998,
              32.6261572
            ],
            [
              -116.4975937,
              32.6261476
            ],
            [
              -116.4981672,
              32.6261384
            ],
            [
              -116.4982811,
              32.6261366
            ],
            [
              -116.4983994,
              32.6261347
            ],
            [
              -116.4989684,
              32.6261256
            ],
            [
              -116.4991,
              32.6261235
            ],
            [
              -116.4996557,
              32.6261145
            ],
            [
              -116.5001905,
              32.6261059
            ],
            [
              -116.500343,
              32.6261035
            ],
            [
              -116.5005013,
              32.6261009
            ],
            [
              -116.5010303,
              32.6260925
            ],
            [
              -116.5014623,
              32.6260855
            ],
            [
              -116.5017176,
              32.6260814
            ],
            [
              -116.5022139,
              32.6260734
            ],
            [
              -116.5024049,
              32.6260704
            ],
            [
              -116.5028883,
              32.6260626
            ],
            [
              -116.5030922,
              32.6260593
            ],
            [
              -116.503304,
              32.6260559
            ],
            [
              -116.5037795,
              32.6260483
            ],
            [
              -116.5042372,
              32.6260409
            ],
            [
              -116.5044668,
              32.6260373
            ],
            [
              -116.5047054,
              32.6260334
            ],
            [
              -116.5051541,
              32.6260262
            ],
            [
              -116.5055861,
              32.6260193
            ],
            [
              -116.5058414,
              32.6260152
            ],
            [
              -116.5061067,
              32.6260109
            ],
            [
              -116.5065288,
              32.6260041
            ],
            [
              -116.506935,
              32.6259976
            ],
            [
              -116.5072161,
              32.6259931
            ],
            [
              -116.507508,
              32.6259884
            ],
            [
              -116.5079034,
              32.625982
            ],
            [
              -116.5082839,
              32.6259759
            ],
            [
              -116.5085907,
              32.625971
            ],
            [
              -116.5089094,
              32.6259659
            ],
            [
              -116.509278,
              32.62596
            ],
            [
              -116.50961,
              32.6259546
            ],
            [
              -116.5099653,
              32.6259489
            ],
            [
              -116.5103073,
              32.6259434
            ],
            [
              -116.5106526,
              32.6259379
            ],
            [
              -116.5110114,
              32.6259321
            ],
            [
              -116.5113399,
              32.6259268
            ],
            [
              -116.5116562,
              32.6259218
            ],
            [
              -116.5120272,
              32.6259158
            ],
            [
              -116.5124127,
              32.6259096
            ],
            [
              -116.5127145,
              32.6259048
            ],
            [
              -116.5130051,
              32.6259001
            ],
            [
              -116.5134018,
              32.6258937
            ],
            [
              -116.5136795,
              32.6258893
            ],
            [
              -116.5140892,
              32.6258827
            ],
            [
              -116.5145147,
              32.6258758
            ],
            [
              -116.5147765,
              32.6258716
            ],
            [
              -116.5150284,
              32.6258676
            ],
            [
              -116.5154638,
              32.6258606
            ],
            [
              -116.515916,
              32.6258533
            ],
            [
              -116.5161511,
              32.6258496
            ],
            [
              -116.5166167,
              32.6258421
            ],
            [
              -116.5168384,
              32.6258385
            ],
            [
              -116.5173174,
              32.6258308
            ],
            [
              -116.5175257,
              32.6258275
            ],
            [
              -116.518018,
              32.6258196
            ],
            [
              -116.518213,
              32.6258164
            ],
            [
              -116.5184007,
              32.6258134
            ],
            [
              -116.5189003,
              32.6258054
            ],
            [
              -116.5194193,
              32.6257971
            ],
            [
              -116.5195876,
              32.6257944
            ],
            [
              -116.5197496,
              32.6257918
            ],
            [
              -116.5202749,
              32.6257833
            ],
            [
              -116.5208207,
              32.6257746
            ],
            [
              -116.5209622,
              32.6257723
            ],
            [
              -116.5215213,
              32.6257633
            ],
            [
              -116.5216496,
              32.6257612
            ],
            [
              -116.5217729,
              32.6257592
            ],
            [
              -116.5223368,
              32.6257502
            ],
            [
              -116.5224474,
              32.6257484
            ],
            [
              -116.5230242,
              32.6257391
            ],
            [
              -116.5236233,
              32.6257295
            ],
            [
              -116.5237115,
              32.6257281
            ],
            [
              -116.524324,
              32.6257183
            ],
            [
              -116.5243988,
              32.6257171
            ],
            [
              -116.5244708,
              32.6257159
            ],
            [
              -116.5257253,
              32.6256958
            ],
            [
              -116.5257734,
              32.625695
            ],
            [
              -116.5258196,
              32.6256943
            ],
            [
              -116.5264607,
              32.6256839
            ],
            [
              -116.5271267,
              32.6256732
            ],
            [
              -116.527148,
              32.6256729
            ],
            [
              -116.5278273,
              32.625662
            ],
            [
              -116.5278353,
              32.6256619
            ],
            [
              -116.527843,
              32.6256617
            ],
            [
              -116.528246,
              32.6256553
            ],
            [
              -116.5285175,
              32.6256509
            ],
            [
              -116.5285226,
              32.6256508
            ],
            [
              -116.528528,
              32.6256508
            ],
            [
              -116.5292099,
              32.6256398
            ],
            [
              -116.5292287,
              32.6256395
            ],
            [
              -116.5298972,
              32.6256287
            ],
            [
              -116.5305408,
              32.6256184
            ],
            [
              -116.5305846,
              32.6256177
            ],
            [
              -116.5312153,
              32.6256076
            ],
            [
              -116.5312719,
              32.6256067
            ],
            [
              -116.5313307,
              32.6256057
            ],
            [
              -116.5319592,
              32.6255956
            ],
            [
              -116.5320313,
              32.6255945
            ],
            [
              -116.5326465,
              32.6255846
            ],
            [
              -116.5332386,
              32.6255751
            ],
            [
              -116.5333338,
              32.6255736
            ],
            [
              -116.5334327,
              32.625572
            ],
            [
              -116.5340211,
              32.6255625
            ],
            [
              -116.5345875,
              32.6255534
            ],
            [
              -116.5347084,
              32.6255515
            ],
            [
              -116.535262,
              32.6255426
            ],
            [
              -116.5355347,
              32.6255382
            ],
            [
              -116.536083,
              32.6255294
            ],
            [
              -116.5362353,
              32.6255269
            ],
            [
              -116.5367703,
              32.6255184
            ],
            [
              -116.5372853,
              32.6255101
            ],
            [
              -116.5376367,
              32.6255044
            ],
            [
              -116.538145,
              32.6254962
            ],
            [
              -116.5383373,
              32.6254932
            ],
            [
              -116.5388323,
              32.6254852
            ],
            [
              -116.5393087,
              32.6254776
            ],
            [
              -116.5395196,
              32.6254742
            ],
            [
              -116.5397387,
              32.6254707
            ],
            [
              -116.5402069,
              32.6254631
            ],
            [
              -116.5406576,
              32.6254559
            ],
            [
              -116.5408942,
              32.6254521
            ],
            [
              -116.54114,
              32.6254482
            ],
            [
              -116.5415815,
              32.6254411
            ],
            [
              -116.5418407,
              32.6254369
            ],
            [
              -116.5422688,
              32.62543
            ],
            [
              -116.5425413,
              32.6254256
            ],
            [
              -116.5429561,
              32.625419
            ],
            [
              -116.5433554,
              32.6254126
            ],
            [
              -116.5436434,
              32.6254079
            ],
            [
              -116.5439427,
              32.6254031
            ],
            [
              -116.5443307,
              32.6253969
            ],
            [
              -116.5447043,
              32.6253909
            ],
            [
              -116.545018,
              32.6253859
            ],
            [
              -116.5453787,
              32.6253801
            ],
            [
              -116.5457053,
              32.6253748
            ],
            [
              -116.5460447,
              32.6253694
            ],
            [
              -116.5463926,
              32.6253638
            ],
            [
              -116.5467453,
              32.6253581
            ],
            [
              -116.54708,
              32.6253527
            ],
            [
              -116.5474021,
              32.6253476
            ],
            [
              -116.5477673,
              32.6253417
            ],
            [
              -116.5480765,
              32.6253367
            ],
            [
              -116.5484546,
              32.6253307
            ],
            [
              -116.5488473,
              32.6253243
            ],
            [
              -116.5491419,
              32.6253196
            ],
            [
              -116.5494254,
              32.6253151
            ],
            [
              -116.5498292,
              32.6253086
            ],
            [
              -116.5502487,
              32.6253018
            ],
            [
              -116.5505165,
              32.6252975
            ],
            [
              -116.5507743,
              32.6252934
            ],
            [
              -116.5512038,
              32.6252865
            ],
            [
              -116.55165,
              32.6252793
            ],
            [
              -116.5518911,
              32.6252755
            ],
            [
              -116.5521232,
              32.6252717
            ],
            [
              -116.5530513,
              32.6252568
            ],
            [
              -116.5532657,
              32.6252534
            ],
            [
              -116.553752,
              32.6252456
            ],
            [
              -116.5539531,
              32.6252423
            ],
            [
              -116.5541466,
              32.6252392
            ],
            [
              -116.5546404,
              32.6252313
            ],
            [
              -116.554821,
              32.6252284
            ],
            [
              -116.5553277,
              32.6252202
            ],
            [
              -116.555854,
              32.6252118
            ],
            [
              -116.556015,
              32.6252092
            ],
            [
              -116.5561699,
              32.6252067
            ],
            [
              -116.5567023,
              32.6251982
            ],
            [
              -116.5572553,
              32.6251893
            ],
            [
              -116.5573896,
              32.6251871
            ],
            [
              -116.5575188,
              32.625185
            ],
            [
              -116.5580769,
              32.6251761
            ],
            [
              -116.5586566,
              32.6251668
            ],
            [
              -116.5587642,
              32.625165
            ],
            [
              -116.5588677,
              32.6251634
            ],
            [
              -116.5594515,
              32.625154
            ],
            [
              -116.560058,
              32.6251443
            ],
            [
              -116.5601388,
              32.625143
            ],
            [
              -116.5602166,
              32.6251417
            ],
            [
              -116.5608261,
              32.6251319
            ],
            [
              -116.5614593,
              32.6251217
            ],
            [
              -116.5615134,
              32.6251209
            ],
            [
              -116.5615655,
              32.6251201
            ],
            [
              -116.5622007,
              32.6251098
            ],
            [
              -116.5628607,
              32.6250993
            ],
            [
              -116.5628881,
              32.6250988
            ],
            [
              -116.5629144,
              32.6250984
            ],
            [
              -116.5635754,
              32.6250878
            ],
            [
              -116.5635889,
              32.6250876
            ],
            [
              -116.5642627,
              32.6250767
            ],
            [
              -116.5642633,
              32.6250767
            ],
            [
              -116.5642983,
              32.6250761
            ],
            [
              -116.56495,
              32.6250657
            ],
            [
              -116.5656122,
              32.625055
            ],
            [
              -116.5656373,
              32.6250546
            ],
            [
              -116.5662867,
              32.6250442
            ],
            [
              -116.5663246,
              32.6250436
            ],
            [
              -116.566364,
              32.625043
            ],
            [
              -116.5670119,
              32.6250326
            ],
            [
              -116.5670647,
              32.6250317
            ],
            [
              -116.5676992,
              32.6250215
            ],
            [
              -116.56831,
              32.6250117
            ],
            [
              -116.5683865,
              32.6250105
            ],
            [
              -116.5689845,
              32.6250009
            ],
            [
              -116.5690738,
              32.6249995
            ],
            [
              -116.5696589,
              32.6249901
            ],
            [
              -116.5697611,
              32.6249884
            ],
            [
              -116.5698673,
              32.6249867
            ],
            [
              -116.5704485,
              32.6249773
            ],
            [
              -116.5710079,
              32.6249684
            ],
            [
              -116.5711358,
              32.6249663
            ],
            [
              -116.5716823,
              32.6249575
            ],
            [
              -116.5718231,
              32.6249553
            ],
            [
              -116.5719693,
              32.6249529
            ],
            [
              -116.5725104,
              32.6249442
            ],
            [
              -116.5730312,
              32.6249359
            ],
            [
              -116.5731977,
              32.6249332
            ],
            [
              -116.5733706,
              32.6249304
            ],
            [
              -116.573885,
              32.6249222
            ],
            [
              -116.5743801,
              32.6249142
            ],
            [
              -116.5745723,
              32.6249111
            ],
            [
              -116.574772,
              32.6249079
            ],
            [
              -116.5752596,
              32.6249001
            ],
            [
              -116.5754726,
              32.6248967
            ],
            [
              -116.5759469,
              32.624889
            ],
            [
              -116.5764035,
              32.6248817
            ],
            [
              -116.5766342,
              32.624878
            ],
            [
              -116.5770779,
              32.6248709
            ],
            [
              -116.5773215,
              32.624867
            ],
            [
              -116.5775746,
              32.6248629
            ],
            [
              -116.5780089,
              32.6248559
            ],
            [
              -116.5782753,
              32.6248516
            ],
            [
              -116.5786961,
              32.6248449
            ],
            [
              -116.578976,
              32.6248404
            ],
            [
              -116.5793835,
              32.6248338
            ],
            [
              -116.5796766,
              32.6248291
            ],
            [
              -116.5800708,
              32.6248228
            ],
            [
              -116.5803773,
              32.6248179
            ],
            [
              -116.5807581,
              32.6248118
            ],
            [
              -116.5811246,
              32.6248059
            ],
            [
              -116.5814454,
              32.6248007
            ],
            [
              -116.5817786,
              32.6247954
            ],
            [
              -116.5821327,
              32.6247897
            ],
            [
              -116.5824793,
              32.6247841
            ],
            [
              -116.58282,
              32.6247786
            ],
            [
              -116.58318,
              32.6247728
            ],
            [
              -116.5835073,
              32.6247676
            ],
            [
              -116.5838224,
              32.6247625
            ],
            [
              -116.5841946,
              32.6247565
            ],
            [
              -116.5845813,
              32.6247503
            ],
            [
              -116.5848819,
              32.6247455
            ],
            [
              -116.5851713,
              32.6247409
            ],
            [
              -116.5855692,
              32.6247345
            ],
            [
              -116.5859826,
              32.6247278
            ],
            [
              -116.5862565,
              32.6247234
            ],
            [
              -116.5865202,
              32.6247192
            ],
            [
              -116.5869439,
              32.6247124
            ],
            [
              -116.587384,
              32.6247053
            ],
            [
              -116.5876312,
              32.6247013
            ],
            [
              -116.5878691,
              32.6246975
            ],
            [
              -116.5883185,
              32.6246903
            ],
            [
              -116.5887853,
              32.6246828
            ],
            [
              -116.5890058,
              32.6246793
            ],
            [
              -116.589486,
              32.6246716
            ],
            [
              -116.5896931,
              32.6246682
            ],
            [
              -116.5898925,
              32.624665
            ],
            [
              -116.5903804,
              32.6246572
            ],
            [
              -116.5905669,
              32.6246542
            ],
            [
              -116.5910677,
              32.6246461
            ],
            [
              -116.5912414,
              32.6246434
            ],
            [
              -116.591755,
              32.6246351
            ],
            [
              -116.5922886,
              32.6246265
            ],
            [
              -116.5924423,
              32.6246241
            ],
            [
              -116.5925903,
              32.6246217
            ],
            [
              -116.5931296,
              32.624613
            ],
            [
              -116.5932647,
              32.6246108
            ],
            [
              -116.5938169,
              32.624602
            ],
            [
              -116.5943906,
              32.6245928
            ],
            [
              -116.5945043,
              32.6245909
            ],
            [
              -116.5946136,
              32.6245892
            ],
            [
              -116.5951916,
              32.6245799
            ],
            [
              -116.595792,
              32.6245702
            ],
            [
              -116.5959625,
              32.6245675
            ],
            [
              -116.5965662,
              32.6245578
            ],
            [
              -116.5971933,
              32.6245478
            ],
            [
              -116.5972535,
              32.6245468
            ],
            [
              -116.597894,
              32.6245365
            ],
            [
              -116.5979408,
              32.6245357
            ],
            [
              -116.5985946,
              32.6245252
            ],
            [
              -116.5986281,
              32.6245247
            ],
            [
              -116.5986603,
              32.6245242
            ],
            [
              -116.5993154,
              32.6245136
            ],
            [
              -116.599996,
              32.6245027
            ],
            [
              -116.6000027,
              32.6245026
            ],
            [
              -116.6000092,
              32.6245025
            ],
            [
              -116.6003506,
              32.624497
            ],
            [
              -116.60069,
              32.6244916
            ],
            [
              -116.6013581,
              32.6244808
            ],
            [
              -116.6013773,
              32.6244805
            ],
            [
              -116.6020326,
              32.62447
            ],
            [
              -116.6020646,
              32.6244695
            ],
            [
              -116.602707,
              32.6244592
            ],
            [
              -116.602752,
              32.6244584
            ],
            [
              -116.6033815,
              32.6244483
            ],
            [
              -116.6034393,
              32.6244474
            ],
            [
              -116.6034993,
              32.6244464
            ],
            [
              -116.6041266,
              32.6244364
            ],
            [
              -116.6047304,
              32.6244267
            ],
            [
              -116.6048139,
              32.6244253
            ],
            [
              -116.6054048,
              32.6244158
            ],
            [
              -116.6055012,
              32.6244143
            ],
            [
              -116.6060793,
              32.624405
            ],
            [
              -116.6061885,
              32.6244032
            ],
            [
              -116.606302,
              32.6244014
            ],
            [
              -116.6068758,
              32.6243922
            ],
            [
              -116.6070026,
              32.6243902
            ],
            [
              -116.6075631,
              32.6243812
            ],
            [
              -116.6081026,
              32.6243725
            ],
            [
              -116.6082504,
              32.6243701
            ],
            [
              -116.608404,
              32.6243676
            ],
            [
              -116.6089377,
              32.6243591
            ],
            [
              -116.6094515,
              32.6243508
            ],
            [
              -116.609625,
              32.6243481
            ],
            [
              -116.6098053,
              32.6243452
            ],
            [
              -116.6103124,
              32.624337
            ],
            [
              -116.610506,
              32.6243339
            ],
            [
              -116.6109997,
              32.6243259
            ],
            [
              -116.6112066,
              32.6243226
            ],
            [
              -116.611687,
              32.6243149
            ],
            [
              -116.6121493,
              32.6243075
            ],
            [
              -116.6123743,
              32.6243039
            ],
            [
              -116.612608,
              32.6243001
            ],
            [
              -116.6130616,
              32.6242928
            ],
            [
              -116.6134982,
              32.6242858
            ],
            [
              -116.6137489,
              32.6242818
            ],
            [
              -116.6140093,
              32.6242776
            ],
            [
              -116.6144362,
              32.6242707
            ],
            [
              -116.6149945,
              32.6242618
            ],
            [
              -116.6156126,
              32.6242519
            ],
            [
              -116.6158108,
              32.6242487
            ],
            [
              -116.616196,
              32.6242425
            ],
            [
              -116.6164981,
              32.6242376
            ],
            [
              -116.6168705,
              32.6242316
            ],
            [
              -116.6171854,
              32.6242266
            ],
            [
              -116.6175126,
              32.6242213
            ],
            [
              -116.6178727,
              32.6242156
            ],
            [
              -116.6182194,
              32.62421
            ],
            [
              -116.61856,
              32.6242045
            ],
            [
              -116.618914,
              32.6241988
            ],
            [
              -116.6192474,
              32.6241935
            ],
            [
              -116.6195683,
              32.6241883
            ],
            [
              -116.6199347,
              32.6241824
            ],
            [
              -116.6202428,
              32.6241775
            ],
            [
              -116.620622,
              32.6241714
            ],
            [
              -116.6210159,
              32.6241651
            ],
            [
              -116.6213093,
              32.6241604
            ],
            [
              -116.6215917,
              32.6241558
            ],
            [
              -116.6219966,
              32.6241493
            ],
            [
              -116.6222661,
              32.624145
            ],
            [
              -116.6226839,
              32.6241383
            ],
            [
              -116.6231179,
              32.6241313
            ],
            [
              -116.6233712,
              32.6241272
            ],
            [
              -116.6238186,
              32.62412
            ],
            [
              -116.6240585,
              32.6241162
            ],
            [
              -116.6245193,
              32.6241088
            ],
            [
              -116.6247458,
              32.6241051
            ],
            [
              -116.6249639,
              32.6241016
            ],
            [
              -116.6254331,
              32.6240941
            ],
            [
              -116.6256384,
              32.6240908
            ],
            [
              -116.6261205,
              32.6240831
            ],
            [
              -116.6263684,
              32.6240791
            ],
            [
              -116.6268077,
              32.624072
            ],
            [
              -116.627322,
              32.6240638
            ],
            [
              -116.6274951,
              32.624061
            ],
            [
              -116.6280226,
              32.6240525
            ],
            [
              -116.6281824,
              32.6240499
            ],
            [
              -116.6287233,
              32.6240413
            ],
            [
              -116.6288697,
              32.6240389
            ],
            [
              -116.6290106,
              32.6240366
            ],
            [
              -116.629557,
              32.6240279
            ],
            [
              -116.6296851,
              32.6240258
            ],
            [
              -116.6302443,
              32.6240168
            ],
            [
              -116.6308253,
              32.6240075
            ],
            [
              -116.6309316,
              32.6240058
            ],
            [
              -116.631034,
              32.6240041
            ],
            [
              -116.6316189,
              32.6239947
            ],
            [
              -116.6322266,
              32.623985
            ],
            [
              -116.6323062,
              32.6239837
            ],
            [
              -116.6323828,
              32.6239825
            ],
            [
              -116.6329936,
              32.6239727
            ],
            [
              -116.6330573,
              32.6239716
            ],
            [
              -116.6336808,
              32.6239616
            ],
            [
              -116.6343286,
              32.6239512
            ],
            [
              -116.6343682,
              32.6239506
            ],
            [
              -116.6350293,
              32.6239399
            ],
            [
              -116.6350555,
              32.6239395
            ],
            [
              -116.6350807,
              32.6239391
            ],
            [
              -116.6357427,
              32.6239285
            ],
            [
              -116.6364029,
              32.6239179
            ],
            [
              -116.6364296,
              32.6239175
            ],
            [
              -116.6364301,
              32.6239175
            ],
            [
              -116.6364306,
              32.6239175
            ],
            [
              -116.6371174,
              32.6239064
            ],
            [
              -116.6377785,
              32.6238958
            ],
            [
              -116.6378047,
              32.6238954
            ],
            [
              -116.6378319,
              32.6238949
            ],
            [
              -116.638492,
              32.6238843
            ],
            [
              -116.6391274,
              32.6238741
            ],
            [
              -116.6391793,
              32.6238733
            ],
            [
              -116.6392333,
              32.6238724
            ],
            [
              -116.6398666,
              32.6238622
            ],
            [
              -116.6404763,
              32.6238525
            ],
            [
              -116.6405539,
              32.6238512
            ],
            [
              -116.6411507,
              32.6238416
            ],
            [
              -116.6412412,
              32.6238402
            ],
            [
              -116.6413353,
              32.6238387
            ],
            [
              -116.6419286,
              32.6238291
            ],
            [
              -116.6424996,
              32.62382
            ],
            [
              -116.6426158,
              32.6238181
            ],
            [
              -116.6427366,
              32.6238161
            ],
            [
              -116.6433032,
              32.623807
            ],
            [
              -116.6438485,
              32.6237983
            ],
            [
              -116.6439905,
              32.623796
            ],
            [
              -116.644523,
              32.6237874
            ],
            [
              -116.6446778,
              32.623785
            ],
            [
              -116.6451974,
              32.6237766
            ],
            [
              -116.6453651,
              32.6237739
            ],
            [
              -116.6458719,
              32.6237658
            ],
            [
              -116.6460524,
              32.6237629
            ],
            [
              -116.6462399,
              32.6237599
            ],
            [
              -116.6467397,
              32.6237518
            ],
            [
              -116.6472208,
              32.6237441
            ],
            [
              -116.647427,
              32.6237408
            ],
            [
              -116.6476413,
              32.6237373
            ],
            [
              -116.6481143,
              32.6237298
            ],
            [
              -116.6483419,
              32.6237261
            ],
            [
              -116.6488016,
              32.6237187
            ],
            [
              -116.6492441,
              32.6237116
            ],
            [
              -116.6494889,
              32.6237077
            ],
            [
              -116.6497433,
              32.6237036
            ],
            [
              -116.6501763,
              32.6236967
            ],
            [
              -116.6504439,
              32.6236923
            ],
            [
              -116.6508636,
              32.6236856
            ],
            [
              -116.6512675,
              32.6236791
            ],
            [
              -116.6515509,
              32.6236745
            ],
            [
              -116.6518453,
              32.6236698
            ],
            [
              -116.6522382,
              32.6236635
            ],
            [
              -116.6526164,
              32.6236574
            ],
            [
              -116.6529255,
              32.6236525
            ],
            [
              -116.6532466,
              32.6236473
            ],
            [
              -116.6536128,
              32.6236414
            ],
            [
              -116.6539653,
              32.6236358
            ],
            [
              -116.6543001,
              32.6236304
            ],
            [
              -116.6546479,
              32.6236248
            ],
            [
              -116.6549874,
              32.6236193
            ],
            [
              -116.6553142,
              32.6236141
            ],
            [
              -116.6556747,
              32.6236083
            ],
            [
              -116.6560492,
              32.6236023
            ],
            [
              -116.656362,
              32.6235973
            ],
            [
              -116.6567499,
              32.623591
            ],
            [
              -116.6570493,
              32.6235862
            ],
            [
              -116.6574506,
              32.6235798
            ],
            [
              -116.6577366,
              32.6235752
            ],
            [
              -116.658012,
              32.6235708
            ],
            [
              -116.6584239,
              32.6235642
            ],
            [
              -116.6588519,
              32.6235573
            ],
            [
              -116.6591113,
              32.6235531
            ],
            [
              -116.6593609,
              32.6235491
            ],
            [
              -116.6597986,
              32.6235421
            ],
            [
              -116.6602532,
              32.6235348
            ],
            [
              -116.6604859,
              32.623531
            ],
            [
              -116.6607098,
              32.6235274
            ],
            [
              -116.6611732,
              32.62352
            ],
            [
              -116.6616546,
              32.6235123
            ],
            [
              -116.6618605,
              32.623509
            ],
            [
              -116.6620587,
              32.6235058
            ],
            [
              -116.6625478,
              32.6234979
            ],
            [
              -116.6630559,
              32.6234897
            ],
            [
              -116.6632351,
              32.6234869
            ],
            [
              -116.6634076,
              32.6234841
            ],
            [
              -116.6639224,
              32.6234758
            ],
            [
              -116.6644573,
              32.6234672
            ],
            [
              -116.6646097,
              32.6234648
            ],
            [
              -116.6647565,
              32.6234624
            ],
            [
              -116.665297,
              32.6234537
            ],
            [
              -116.6658586,
              32.6234447
            ],
            [
              -116.6659843,
              32.6234427
            ],
            [
              -116.6665592,
              32.6234335
            ],
            [
              -116.6666716,
              32.6234317
            ],
            [
              -116.6672599,
              32.6234222
            ],
            [
              -116.667359,
              32.6234206
            ],
            [
              -116.6674543,
              32.6234191
            ],
            [
              -116.6680463,
              32.6234096
            ],
            [
              -116.6686612,
              32.6233997
            ],
            [
              -116.6687336,
              32.6233985
            ],
            [
              -116.6693619,
              32.6233884
            ],
            [
              -116.6694209,
              32.6233875
            ],
            [
              -116.6694776,
              32.6233866
            ],
            [
              -116.6701082,
              32.6233765
            ],
            [
              -116.6707633,
              32.6233659
            ],
            [
              -116.6707955,
              32.6233654
            ],
            [
              -116.6708266,
              32.6233649
            ],
            [
              -116.6714828,
              32.6233544
            ],
            [
              -116.6721646,
              32.6233434
            ],
            [
              -116.6721701,
              32.6233433
            ],
            [
              -116.6721755,
              32.6233432
            ],
            [
              -116.6724552,
              32.6233388
            ],
            [
              -116.6728499,
              32.6233324
            ],
            [
              -116.6728574,
              32.6233323
            ],
            [
              -116.6735243,
              32.6233216
            ],
            [
              -116.6735447,
              32.6233213
            ],
            [
              -116.6741988,
              32.6233107
            ],
            [
              -116.6742321,
              32.6233102
            ],
            [
              -116.6742666,
              32.6233097
            ],
            [
              -116.6749194,
              32.6232992
            ],
            [
              -116.6755477,
              32.6232891
            ],
            [
              -116.6756067,
              32.6232881
            ],
            [
              -116.6756679,
              32.6232871
            ],
            [
              -116.676294,
              32.6232771
            ],
            [
              -116.6768966,
              32.6232674
            ],
            [
              -116.6769813,
              32.623266
            ],
            [
              -116.6770693,
              32.6232646
            ],
            [
              -116.6776686,
              32.623255
            ],
            [
              -116.6782455,
              32.6232457
            ],
            [
              -116.6783559,
              32.623244
            ],
            [
              -116.6784706,
              32.6232421
            ],
            [
              -116.6790432,
              32.6232329
            ],
            [
              -116.6795944,
              32.6232241
            ],
            [
              -116.6797305,
              32.6232219
            ],
            [
              -116.6802689,
              32.6232132
            ],
            [
              -116.6804178,
              32.6232108
            ],
            [
              -116.6809433,
              32.6232024
            ],
            [
              -116.6811051,
              32.6231998
            ],
            [
              -116.6812732,
              32.6231971
            ],
            [
              -116.6817924,
              32.6231888
            ],
            [
              -116.6819739,
              32.6231858
            ],
            [
              -116.6824797,
              32.6231777
            ],
            [
              -116.6829667,
              32.6231699
            ],
            [
              -116.6831671,
              32.6231667
            ],
            [
              -116.6836411,
              32.6231591
            ],
            [
              -116.6838544,
              32.6231556
            ],
            [
              -116.6843156,
              32.6231482
            ],
            [
              -116.6845417,
              32.6231446
            ],
            [
              -116.6847766,
              32.6231408
            ],
            [
              -116.685229,
              32.6231336
            ],
            [
              -116.6856644,
              32.6231265
            ],
            [
              -116.6859163,
              32.6231225
            ],
            [
              -116.6863389,
              32.6231157
            ],
            [
              -116.6866036,
              32.6231115
            ],
            [
              -116.6868786,
              32.623107
            ],
            [
              -116.6872909,
              32.6231004
            ],
            [
              -116.6876878,
              32.6230941
            ],
            [
              -116.6879782,
              32.6230894
            ],
            [
              -116.6882799,
              32.6230846
            ],
            [
              -116.6886655,
              32.6230783
            ],
            [
              -116.6890367,
              32.6230724
            ],
            [
              -116.6893528,
              32.6230673
            ],
            [
              -116.6896812,
              32.623062
            ],
            [
              -116.6900402,
              32.6230563
            ],
            [
              -116.6903819,
              32.6230508
            ],
            [
              -116.6907274,
              32.6230452
            ],
            [
              -116.6910826,
              32.6230395
            ],
            [
              -116.6914148,
              32.6230342
            ],
            [
              -116.6917345,
              32.623029
            ],
            [
              -116.6921021,
              32.6230231
            ],
            [
              -116.6924839,
              32.623017
            ],
            [
              -116.6927894,
              32.6230121
            ],
            [
              -116.6931846,
              32.6230058
            ],
            [
              -116.6934767,
              32.6230011
            ],
            [
              -116.6937579,
              32.6229965
            ],
            [
              -116.694164,
              32.62299
            ],
            [
              -116.6945859,
              32.6229832
            ],
            [
              -116.6948513,
              32.622979
            ],
            [
              -116.6952866,
              32.622972
            ],
            [
              -116.6955386,
              32.6229679
            ],
            [
              -116.6957812,
              32.6229641
            ],
            [
              -116.6962259,
              32.6229569
            ],
            [
              -116.6966879,
              32.6229495
            ],
            [
              -116.6969132,
              32.6229459
            ],
            [
              -116.6973886,
              32.6229382
            ],
            [
              -116.6976005,
              32.6229348
            ],
            [
              -116.6978046,
              32.6229315
            ],
            [
              -116.6982878,
              32.6229238
            ],
            [
              -116.6987899,
              32.6229157
            ],
            [
              -116.6989752,
              32.6229128
            ],
            [
              -116.6994906,
              32.6229044
            ],
            [
              -116.6996624,
              32.6229017
            ],
            [
              -116.7001912,
              32.6228932
            ],
            [
              -116.7003498,
              32.6228906
            ],
            [
              -116.7008919,
              32.622882
            ],
            [
              -116.7010371,
              32.6228796
            ],
            [
              -116.7015926,
              32.6228707
            ],
            [
              -116.7017244,
              32.6228686
            ],
            [
              -116.7018513,
              32.6228665
            ],
            [
              -116.7024117,
              32.6228575
            ],
            [
              -116.7025258,
              32.6228557
            ],
            [
              -116.703099,
              32.6228465
            ],
            [
              -116.7032002,
              32.6228449
            ],
            [
              -116.7037863,
              32.6228355
            ],
            [
              -116.7043952,
              32.6228257
            ],
            [
              -116.7044736,
              32.6228244
            ],
            [
              -116.7045491,
              32.6228232
            ],
            [
              -116.7051609,
              32.6228134
            ],
            [
              -116.7052235,
              32.6228124
            ],
            [
              -116.7058483,
              32.6228023
            ],
            [
              -116.7064972,
              32.6227919
            ],
            [
              -116.7065355,
              32.6227913
            ],
            [
              -116.7065725,
              32.6227907
            ],
            [
              -116.7072229,
              32.6227803
            ],
            [
              -116.7078986,
              32.6227694
            ],
            [
              -116.7079102,
              32.6227692
            ],
            [
              -116.7079213,
              32.622769
            ],
            [
              -116.7085074,
              32.6227596
            ],
            [
              -116.7085975,
              32.6227582
            ],
            [
              -116.7092702,
              32.6227474
            ],
            [
              -116.7092848,
              32.6227471
            ],
            [
              -116.7092999,
              32.6227469
            ],
            [
              -116.7099721,
              32.6227361
            ],
            [
              -116.7100005,
              32.6227356
            ],
            [
              -116.7106594,
              32.6227251
            ],
            [
              -116.7107012,
              32.6227244
            ],
            [
              -116.7113467,
              32.622714
            ],
            [
              -116.711968,
              32.622704
            ],
            [
              -116.712034,
              32.622703
            ],
            [
              -116.7121026,
              32.6227019
            ],
            [
              -116.7127213,
              32.6226919
            ],
            [
              -116.7133169,
              32.6226823
            ],
            [
              -116.7134086,
              32.6226809
            ],
            [
              -116.7135039,
              32.6226794
            ],
            [
              -116.7140959,
              32.6226698
            ],
            [
              -116.7146659,
              32.6226607
            ],
            [
              -116.7147833,
              32.6226588
            ],
            [
              -116.7149052,
              32.6226568
            ],
            [
              -116.7154705,
              32.6226478
            ],
            [
              -116.7156059,
              32.6226456
            ],
            [
              -116.7161579,
              32.6226367
            ],
            [
              -116.7166892,
              32.6226282
            ],
            [
              -116.7168452,
              32.6226257
            ],
            [
              -116.7170072,
              32.6226231
            ],
            [
              -116.7175325,
              32.6226146
            ],
            [
              -116.7180381,
              32.6226065
            ],
            [
              -116.7182198,
              32.6226036
            ],
            [
              -116.7184086,
              32.6226006
            ],
            [
              -116.7189071,
              32.6225926
            ],
            [
              -116.719387,
              32.6225848
            ],
            [
              -116.7195944,
              32.6225815
            ],
            [
              -116.7198099,
              32.622578
            ],
            [
              -116.7202817,
              32.6225705
            ],
            [
              -116.7207359,
              32.6225632
            ],
            [
              -116.720969,
              32.6225594
            ],
            [
              -116.7212112,
              32.6225555
            ],
            [
              -116.7216563,
              32.6225484
            ],
            [
              -116.7219119,
              32.6225443
            ],
            [
              -116.7223436,
              32.6225374
            ],
            [
              -116.7227593,
              32.6225307
            ],
            [
              -116.723031,
              32.6225263
            ],
            [
              -116.7233132,
              32.6225218
            ],
            [
              -116.7237183,
              32.6225153
            ],
            [
              -116.7240139,
              32.6225105
            ],
            [
              -116.7244056,
              32.6225042
            ],
            [
              -116.7247826,
              32.6224982
            ],
            [
              -116.7250929,
              32.6224932
            ],
            [
              -116.7254571,
              32.6224873
            ],
            [
              -116.7257802,
              32.6224821
            ],
            [
              -116.7261315,
              32.6224765
            ],
            [
              -116.7264675,
              32.6224711
            ],
            [
              -116.7268165,
              32.6224655
            ],
            [
              -116.7271548,
              32.6224601
            ],
            [
              -116.7274804,
              32.6224548
            ],
            [
              -116.7278421,
              32.622449
            ],
            [
              -116.7281549,
              32.622444
            ],
            [
              -116.7285294,
              32.622438
            ],
            [
              -116.7289185,
              32.6224317
            ],
            [
              -116.7292167,
              32.6224269
            ],
            [
              -116.7295038,
              32.6224223
            ],
            [
              -116.7299041,
              32.6224159
            ],
            [
              -116.7301782,
              32.6224115
            ],
            [
              -116.7305913,
              32.6224049
            ],
            [
              -116.7310205,
              32.622398
            ],
            [
              -116.7312787,
              32.6223938
            ],
            [
              -116.7315271,
              32.6223898
            ],
            [
              -116.731966,
              32.6223828
            ],
            [
              -116.7324219,
              32.6223755
            ],
            [
              -116.7326533,
              32.6223717
            ],
            [
              -116.732876,
              32.6223682
            ],
            [
              -116.7333406,
              32.6223607
            ],
            [
              -116.7338232,
              32.6223529
            ],
            [
              -116.7340279,
              32.6223497
            ],
            [
              -116.7342249,
              32.6223465
            ],
            [
              -116.7347152,
              32.6223386
            ],
            [
              -116.7352245,
              32.6223304
            ],
            [
              -116.7354025,
              32.6223276
            ],
            [
              -116.7359252,
              32.6223192
            ],
            [
              -116.7360898,
              32.6223165
            ],
            [
              -116.7362483,
              32.622314
            ],
            [
              -116.7367771,
              32.6223055
            ],
            [
              -116.7369227,
              32.6223032
            ],
            [
              -116.7374644,
              32.6222944
            ],
            [
              -116.7375972,
              32.6222923
            ],
            [
              -116.7381517,
              32.6222834
            ],
            [
              -116.7387279,
              32.6222742
            ],
            [
              -116.7388391,
              32.6222724
            ],
            [
              -116.7389461,
              32.6222707
            ],
            [
              -116.7395264,
              32.6222613
            ],
            [
              -116.7401292,
              32.6222516
            ],
            [
              -116.740295,
              32.622249
            ],
            [
              -116.740901,
              32.6222392
            ],
            [
              -116.7409694,
              32.6222381
            ],
            [
              -116.7415883,
              32.6222282
            ],
            [
              -116.7422312,
              32.6222179
            ],
            [
              -116.7422756,
              32.6222172
            ],
            [
              -116.7423183,
              32.6222165
            ],
            [
              -116.7429629,
              32.6222061
            ],
            [
              -116.7429928,
              32.6222056
            ],
            [
              -116.7436502,
              32.6221951
            ],
            [
              -116.7443332,
              32.6221841
            ],
            [
              -116.7443375,
              32.6221841
            ],
            [
              -116.7443417,
              32.622184
            ],
            [
              -116.7445598,
              32.6221805
            ],
            [
              -116.7450161,
              32.6221731
            ],
            [
              -116.7450248,
              32.622173
            ],
            [
              -116.7456906,
              32.6221623
            ],
            [
              -116.7457121,
              32.6221619
            ],
            [
              -116.7457345,
              32.6221616
            ],
            [
              -116.7463994,
              32.6221509
            ],
            [
              -116.7470395,
              32.6221406
            ],
            [
              -116.7470868,
              32.6221399
            ],
            [
              -116.7471359,
              32.6221391
            ],
            [
              -116.7477741,
              32.6221288
            ],
            [
              -116.7483884,
              32.622119
            ],
            [
              -116.7484614,
              32.6221178
            ],
            [
              -116.7485372,
              32.6221166
            ],
            [
              -116.7491487,
              32.6221067
            ],
            [
              -116.7492379,
              32.6221053
            ],
            [
              -116.749836,
              32.6220957
            ],
            [
              -116.7504117,
              32.6220865
            ],
            [
              -116.7505233,
              32.6220847
            ],
            [
              -116.7506392,
              32.6220828
            ],
            [
              -116.7512106,
              32.6220736
            ],
            [
              -116.7517606,
              32.6220648
            ],
            [
              -116.7518979,
              32.6220626
            ],
            [
              -116.7520405,
              32.6220603
            ],
            [
              -116.7525852,
              32.6220516
            ],
            [
              -116.7527412,
              32.622049
            ],
            [
              -116.7532725,
              32.6220405
            ],
            [
              -116.753784,
              32.6220323
            ],
            [
              -116.7539598,
              32.6220295
            ],
            [
              -116.7541425,
              32.6220265
            ],
            [
              -116.7546472,
              32.6220184
            ],
            [
              -116.7551329,
              32.6220106
            ],
            [
              -116.7553344,
              32.6220074
            ],
            [
              -116.7555439,
              32.622004
            ],
            [
              -116.7560218,
              32.6219964
            ],
            [
              -116.7564818,
              32.621989
            ],
            [
              -116.7567091,
              32.6219853
            ],
            [
              -116.7569452,
              32.6219815
            ],
            [
              -116.7573964,
              32.6219743
            ],
            [
              -116.7578307,
              32.6219673
            ],
            [
              -116.7580837,
              32.6219632
            ],
            [
              -116.7583465,
              32.621959
            ],
            [
              -116.758771,
              32.6219522
            ],
            [
              -116.7591796,
              32.6219456
            ],
            [
              -116.7594583,
              32.6219411
            ],
            [
              -116.7598541,
              32.6219348
            ],
            [
              -116.7601456,
              32.6219301
            ],
            [
              -116.7604485,
              32.6219252
            ],
            [
              -116.7608329,
              32.6219191
            ],
            [
              -116.7612029,
              32.6219131
            ],
            [
              -116.7615202,
              32.621908
            ],
            [
              -116.7618499,
              32.6219027
            ],
            [
              -116.7622075,
              32.621897
            ],
            [
              -116.7625518,
              32.6218914
            ],
            [
              -116.7628949,
              32.6218859
            ],
            [
              -116.7632512,
              32.6218802
            ],
            [
              -116.7635822,
              32.6218749
            ],
            [
              -116.7639008,
              32.6218698
            ],
            [
              -116.7642695,
              32.6218639
            ],
            [
              -116.7646525,
              32.6218577
            ],
            [
              -116.7649568,
              32.6218528
            ],
            [
              -116.7652496,
              32.6218481
            ],
            [
              -116.7660538,
              32.6218352
            ],
            [
              -116.7663314,
              32.6218307
            ],
            [
              -116.7665985,
              32.6218264
            ],
            [
              -116.7670187,
              32.6218197
            ],
            [
              -116.7674552,
              32.6218127
            ],
            [
              -116.767706,
              32.6218087
            ],
            [
              -116.7679475,
              32.6218048
            ],
            [
              -116.7683933,
              32.6217976
            ],
            [
              -116.7688565,
              32.6217902
            ],
            [
              -116.7690806,
              32.6217866
            ],
            [
              -116.7692963,
              32.6217831
            ],
            [
              -116.769768,
              32.6217755
            ],
            [
              -116.7699708,
              32.6217723
            ],
            [
              -116.7704552,
              32.6217645
            ],
            [
              -116.7709585,
              32.6217564
            ],
            [
              -116.7711425,
              32.6217534
            ],
            [
              -116.7713197,
              32.6217506
            ],
            [
              -116.7718299,
              32.6217424
            ],
            [
              -116.7719942,
              32.6217398
            ],
            [
              -116.7725172,
              32.6217314
            ],
            [
              -116.7730605,
              32.6217226
            ],
            [
              -116.7732045,
              32.6217203
            ],
            [
              -116.7733431,
              32.6217181
            ],
            [
              -116.7738918,
              32.6217093
            ],
            [
              -116.7740175,
              32.6217072
            ],
            [
              -116.7745791,
              32.6216982
            ],
            [
              -116.7751625,
              32.6216889
            ],
            [
              -116.7752664,
              32.6216872
            ],
            [
              -116.7753664,
              32.6216856
            ],
            [
              -116.7759537,
              32.6216762
            ],
            [
              -116.7765638,
              32.6216663
            ],
            [
              -116.776641,
              32.6216651
            ],
            [
              -116.7767153,
              32.6216639
            ],
            [
              -116.7773283,
              32.6216541
            ],
            [
              -116.7773898,
              32.6216531
            ],
            [
              -116.7780156,
              32.621643
            ],
            [
              -116.7780642,
              32.6216423
            ],
            [
              -116.778703,
              32.621632
            ],
            [
              -116.7793665,
              32.6216213
            ],
            [
              -116.7793902,
              32.6216209
            ],
            [
              -116.7794131,
              32.6216206
            ],
            [
              -116.7800776,
              32.6216099
            ],
            [
              -116.780612,
              32.6216013
            ],
            [
              -116.7807649,
              32.6215989
            ],
            [
              -116.7804999,
              32.6212455
            ],
            [
              -116.7803325,
              32.6210222
            ],
            [
              -116.7800776,
              32.6206822
            ],
            [
              -116.7799677,
              32.6205356
            ],
            [
              -116.7798982,
              32.620443
            ],
            [
              -116.7797016,
              32.6201807
            ],
            [
              -116.779464,
              32.6198639
            ],
            [
              -116.7793902,
              32.6197655
            ],
            [
              -116.7791693,
              32.6194709
            ],
            [
              -116.7790298,
              32.6192847
            ],
            [
              -116.778703,
              32.6188488
            ],
            [
              -116.7786371,
              32.618761
            ],
            [
              -116.7785955,
              32.6187055
            ],
            [
              -116.7784111,
              32.6184596
            ],
            [
              -116.7781613,
              32.6181264
            ],
            [
              -116.7780156,
              32.6179321
            ],
            [
              -116.7778388,
              32.6176962
            ],
            [
              -116.777727,
              32.6175472
            ],
            [
              -116.7773283,
              32.6170154
            ],
            [
              -116.7773065,
              32.6169864
            ],
            [
              -116.7772928,
              32.616968
            ],
            [
              -116.7772318,
              32.6168867
            ],
            [
              -116.7768585,
              32.6163888
            ],
            [
              -116.7767743,
              32.6162765
            ],
            [
              -116.776641,
              32.6160987
            ],
            [
              -116.7764243,
              32.6158096
            ],
            [
              -116.7762421,
              32.6155666
            ],
            [
              -116.77599,
              32.6152305
            ],
            [
              -116.7759537,
              32.615182
            ],
            [
              -116.7757099,
              32.6148568
            ],
            [
              -116.7755558,
              32.6146513
            ],
            [
              -116.7752664,
              32.6142652
            ],
            [
              -116.7751216,
              32.6140721
            ],
            [
              -116.7749115,
              32.6137919
            ],
            [
              -116.7746874,
              32.6134929
            ],
            [
              -116.7746454,
              32.613437
            ],
            [
              -116.7745791,
              32.6133485
            ],
            [
              -116.7742531,
              32.6129137
            ],
            [
              -116.7741132,
              32.6127271
            ],
            [
              -116.7738918,
              32.6124317
            ],
            [
              -116.7738471,
              32.6123721
            ],
            [
              -116.7738189,
              32.6123345
            ],
            [
              -116.773581,
              32.6120172
            ],
            [
              -116.7733846,
              32.6117552
            ],
            [
              -116.7732045,
              32.611515
            ],
            [
              -116.7730488,
              32.6113073
            ],
            [
              -116.7729504,
              32.6111761
            ],
            [
              -116.7727826,
              32.6109523
            ],
            [
              -116.7725172,
              32.6105982
            ],
            [
              -116.7725161,
              32.6105968
            ],
            [
              -116.7722504,
              32.6102424
            ],
            [
              -116.7720819,
              32.6100176
            ],
            [
              -116.7718299,
              32.6096814
            ],
            [
              -116.7716476,
              32.6094384
            ],
            [
              -116.7714521,
              32.6091775
            ],
            [
              -116.7712134,
              32.6088592
            ],
            [
              -116.7711425,
              32.6087646
            ],
            [
              -116.7709199,
              32.6084676
            ],
            [
              -116.7707792,
              32.6082799
            ],
            [
              -116.7704552,
              32.6078478
            ],
            [
              -116.7703876,
              32.6077577
            ],
            [
              -116.7703449,
              32.6077007
            ],
            [
              -116.7701556,
              32.6074482
            ],
            [
              -116.7699107,
              32.6071214
            ],
            [
              -116.7698554,
              32.6070477
            ],
            [
              -116.769768,
              32.606931
            ],
            [
              -116.7695893,
              32.6066927
            ],
            [
              -116.7694765,
              32.6065422
            ],
            [
              -116.7690806,
              32.6060142
            ],
            [
              -116.7690571,
              32.6059828
            ],
            [
              -116.7690422,
              32.6059629
            ],
            [
              -116.7689763,
              32.605875
            ],
            [
              -116.768608,
              32.6053837
            ],
            [
              -116.7683933,
              32.6050974
            ],
            [
              -116.7682587,
              32.6049179
            ],
            [
              -116.7681737,
              32.6048044
            ],
            [
              -116.7677969,
              32.6043018
            ],
            [
              -116.7677395,
              32.6042252
            ],
            [
              -116.767706,
              32.6041805
            ],
            [
              -116.7674604,
              32.6038529
            ],
            [
              -116.7673052,
              32.6036459
            ],
            [
              -116.7670187,
              32.6032637
            ],
            [
              -116.766871,
              32.6030667
            ],
            [
              -116.7666621,
              32.602788
            ],
            [
              -116.7664367,
              32.6024874
            ],
            [
              -116.766396,
              32.602433
            ],
            [
              -116.7663314,
              32.6023468
            ],
            [
              -116.7661298,
              32.602078
            ],
            [
              -116.7660025,
              32.6019081
            ],
            [
              -116.7656441,
              32.60143
            ],
            [
              -116.7655976,
              32.601368
            ],
            [
              -116.7655683,
              32.6013288
            ],
            [
              -116.7654382,
              32.6011553
            ],
            [
              -116.765134,
              32.6007495
            ],
            [
              -116.7650654,
              32.600658
            ],
            [
              -116.7649568,
              32.6005131
            ],
            [
              -116.7646998,
              32.6001702
            ],
            [
              -116.7645332,
              32.599948
            ],
            [
              -116.7642695,
              32.5995962
            ],
            [
              -116.7642671,
              32.599593
            ],
            [
              -116.7642656,
              32.599591
            ],
            [
              -116.7642589,
              32.599582
            ],
            [
              -116.7638313,
              32.5990117
            ],
            [
              -116.7635822,
              32.5986793
            ],
            [
              -116.7634687,
              32.598528
            ],
            [
              -116.7633971,
              32.5984324
            ],
            [
              -116.7630795,
              32.5980087
            ],
            [
              -116.7629628,
              32.5978531
            ],
            [
              -116.7628949,
              32.5977624
            ],
            [
              -116.7626704,
              32.597463
            ],
            [
              -116.7625286,
              32.5972738
            ],
            [
              -116.7624043,
              32.597108
            ],
            [
              -116.7622075,
              32.5968455
            ],
            [
              -116.7621382,
              32.5967529
            ],
            [
              -116.7620943,
              32.5966945
            ],
            [
              -116.7619001,
              32.5964353
            ],
            [
              -116.7616601,
              32.5961152
            ],
            [
              -116.7615202,
              32.5959286
            ],
            [
              -116.7612259,
              32.5955358
            ],
            [
              -116.7610737,
              32.5953329
            ],
            [
              -116.7608329,
              32.5950116
            ],
            [
              -116.7607916,
              32.5949565
            ],
            [
              -116.7605415,
              32.5946228
            ],
            [
              -116.7603574,
              32.5943772
            ],
            [
              -116.7602754,
              32.5942678
            ],
            [
              -116.7601456,
              32.5940947
            ],
            [
              -116.7600093,
              32.5939128
            ],
            [
              -116.7599232,
              32.5937979
            ],
            [
              -116.7597432,
              32.5935578
            ],
            [
              -116.7594889,
              32.5932185
            ],
            [
              -116.7594583,
              32.5931777
            ],
            [
              -116.759211,
              32.5928477
            ],
            [
              -116.7590547,
              32.5926392
            ],
            [
              -116.758771,
              32.5922608
            ],
            [
              -116.7586787,
              32.5921377
            ],
            [
              -116.7586204,
              32.5920599
            ],
            [
              -116.758362,
              32.5917152
            ],
            [
              -116.7581862,
              32.5914805
            ],
            [
              -116.7581465,
              32.5914276
            ],
            [
              -116.7580837,
              32.5913438
            ],
            [
              -116.7577519,
              32.5909012
            ],
            [
              -116.7576143,
              32.5907175
            ],
            [
              -116.7573964,
              32.5904268
            ],
            [
              -116.7573177,
              32.5903218
            ],
            [
              -116.7570821,
              32.5900074
            ],
            [
              -116.7568834,
              32.5897425
            ],
            [
              -116.7567091,
              32.5895098
            ],
            [
              -116.7564492,
              32.5891631
            ],
            [
              -116.7562837,
              32.5889423
            ],
            [
              -116.7560218,
              32.5885928
            ],
            [
              -116.756015,
              32.5885838
            ],
            [
              -116.7560033,
              32.5885682
            ],
            [
              -116.7555807,
              32.5880044
            ],
            [
              -116.7554854,
              32.5878772
            ],
            [
              -116.7553344,
              32.5876758
            ],
            [
              -116.7552193,
              32.5875221
            ],
            [
              -116.7551465,
              32.587425
            ],
            [
              -116.754824,
              32.5869947
            ],
            [
              -116.7547123,
              32.5868457
            ],
            [
              -116.7546472,
              32.5867588
            ],
            [
              -116.754278,
              32.5862663
            ],
            [
              -116.7539598,
              32.5858418
            ],
            [
              -116.7538438,
              32.5856869
            ],
            [
              -116.7536226,
              32.5853918
            ],
            [
              -116.7534095,
              32.5851075
            ],
            [
              -116.7532725,
              32.5849247
            ],
            [
              -116.7530904,
              32.5846817
            ],
            [
              -116.7529753,
              32.5845281
            ],
            [
              -116.7525852,
              32.5840077
            ],
            [
              -116.752541,
              32.5839487
            ],
            [
              -116.7524652,
              32.5838476
            ],
            [
              -116.7521068,
              32.5833693
            ],
            [
              -116.7518979,
              32.5830906
            ],
            [
              -116.7516726,
              32.58279
            ],
            [
              -116.7512859,
              32.582274
            ],
            [
              -116.7512383,
              32.5822106
            ],
            [
              -116.7512276,
              32.5821962
            ],
            [
              -116.7512106,
              32.5821736
            ],
            [
              -116.7508041,
              32.5816311
            ],
            [
              -116.7505233,
              32.5812565
            ],
            [
              -116.7503699,
              32.5810518
            ],
            [
              -116.7501631,
              32.5807759
            ],
            [
              -116.7499356,
              32.5804723
            ],
            [
              -116.749836,
              32.5803394
            ],
            [
              -116.7496309,
              32.5800658
            ],
            [
              -116.7495014,
              32.5798929
            ],
            [
              -116.7491487,
              32.5794223
            ],
            [
              -116.7490671,
              32.5793135
            ],
            [
              -116.7489272,
              32.5791267
            ],
            [
              -116.7486329,
              32.5787341
            ],
            [
              -116.7485665,
              32.5786455
            ],
            [
              -116.7484614,
              32.5785052
            ],
            [
              -116.7483004,
              32.5782904
            ],
            [
              -116.7481986,
              32.5781546
            ],
            [
              -116.7477741,
              32.5775881
            ],
            [
              -116.7477681,
              32.5775802
            ],
            [
              -116.7477644,
              32.5775752
            ],
            [
              -116.7477478,
              32.5775531
            ],
            [
              -116.7473301,
              32.5769958
            ],
            [
              -116.7470868,
              32.576671
            ],
            [
              -116.7469698,
              32.5765149
            ],
            [
              -116.7468959,
              32.5764163
            ],
            [
              -116.7467037,
              32.5761598
            ],
            [
              -116.7464617,
              32.5758369
            ],
            [
              -116.7464376,
              32.5758047
            ],
            [
              -116.7463994,
              32.5757538
            ],
            [
              -116.7460274,
              32.5752575
            ],
            [
              -116.7459054,
              32.5750946
            ],
            [
              -116.7457121,
              32.5748367
            ],
            [
              -116.7455932,
              32.574678
            ],
            [
              -116.7453891,
              32.5744057
            ],
            [
              -116.745159,
              32.5740985
            ],
            [
              -116.7450248,
              32.5739196
            ],
            [
              -116.7447247,
              32.5735191
            ],
            [
              -116.7445748,
              32.573319
            ],
            [
              -116.7443375,
              32.5730024
            ],
            [
              -116.7443087,
              32.5729639
            ],
            [
              -116.7442905,
              32.5729396
            ],
            [
              -116.7442097,
              32.5728319
            ],
            [
              -116.7438562,
              32.5723602
            ],
            [
              -116.7437765,
              32.5722537
            ],
            [
              -116.7436502,
              32.5720853
            ],
            [
              -116.743422,
              32.5717807
            ],
            [
              -116.7432442,
              32.5715435
            ],
            [
              -116.7429877,
              32.5712012
            ],
            [
              -116.7429629,
              32.5711681
            ],
            [
              -116.742712,
              32.5708333
            ],
            [
              -116.7425535,
              32.5706217
            ],
            [
              -116.7421798,
              32.570123
            ],
            [
              -116.7421193,
              32.5700422
            ],
            [
              -116.741851,
              32.5696843
            ],
            [
              -116.741685,
              32.5694628
            ],
            [
              -116.7416476,
              32.5694128
            ],
            [
              -116.7415883,
              32.5693337
            ],
            [
              -116.7413815,
              32.5690577
            ],
            [
              -116.7412508,
              32.5688833
            ],
            [
              -116.740901,
              32.5684165
            ],
            [
              -116.7408492,
              32.5683474
            ],
            [
              -116.7408165,
              32.5683038
            ],
            [
              -116.7405831,
              32.5679923
            ],
            [
              -116.7403823,
              32.5677243
            ],
            [
              -116.7402137,
              32.5674993
            ],
            [
              -116.7400509,
              32.5672821
            ],
            [
              -116.7399481,
              32.5671448
            ],
            [
              -116.7395264,
              32.566582
            ],
            [
              -116.7395138,
              32.5665653
            ],
            [
              -116.7394923,
              32.5665366
            ],
            [
              -116.7390796,
              32.5659858
            ],
            [
              -116.7389864,
              32.5658615
            ],
            [
              -116.7388391,
              32.5656648
            ],
            [
              -116.7387204,
              32.5655064
            ],
            [
              -116.7386453,
              32.5654063
            ],
            [
              -116.7384542,
              32.5651512
            ],
            [
              -116.7382111,
              32.5648268
            ],
            [
              -116.7381517,
              32.5647476
            ],
            [
              -116.737922,
              32.564441
            ],
            [
              -116.7377768,
              32.5642473
            ],
            [
              -116.7376559,
              32.5640858
            ],
            [
              -116.7374644,
              32.5638303
            ],
            [
              -116.7373426,
              32.5636677
            ],
            [
              -116.7371237,
              32.5633755
            ],
            [
              -116.7369084,
              32.5630882
            ],
            [
              -116.7367771,
              32.5629131
            ],
            [
              -116.7365914,
              32.5626652
            ],
            [
              -116.7364741,
              32.5625087
            ],
            [
              -116.7360898,
              32.5619958
            ],
            [
              -116.7360399,
              32.5619292
            ],
            [
              -116.7357931,
              32.5615998
            ],
            [
              -116.7356057,
              32.5613496
            ],
            [
              -116.7354025,
              32.5610785
            ],
            [
              -116.7352609,
              32.5608895
            ],
            [
              -116.7351714,
              32.5607701
            ],
            [
              -116.7347749,
              32.5602408
            ],
            [
              -116.7347372,
              32.5601905
            ],
            [
              -116.7347287,
              32.5601792
            ],
            [
              -116.7347152,
              32.5601612
            ],
            [
              -116.7344625,
              32.559824
            ],
            [
              -116.7343029,
              32.559611
            ],
            [
              -116.7340279,
              32.5592439
            ],
            [
              -116.7338687,
              32.5590314
            ],
            [
              -116.7336642,
              32.5587585
            ],
            [
              -116.7334344,
              32.5584519
            ],
            [
              -116.7333981,
              32.5584034
            ],
            [
              -116.7333406,
              32.5583266
            ],
            [
              -116.7332449,
              32.5581989
            ],
            [
              -116.7333406,
              32.5581919
            ],
            [
              -116.733678,
              32.5581674
            ],
            [
              -116.7340279,
              32.558142
            ],
            [
              -116.7344301,
              32.5581127
            ],
            [
              -116.7347152,
              32.558092
            ],
            [
              -116.734955,
              32.5580746
            ],
            [
              -116.7354025,
              32.558042
            ],
            [
              -116.7359344,
              32.5580034
            ],
            [
              -116.7360898,
              32.5579921
            ],
            [
              -116.7366866,
              32.5579487
            ],
            [
              -116.7367771,
              32.5579421
            ],
            [
              -116.7374387,
              32.557894
            ],
            [
              -116.7374644,
              32.5578921
            ],
            [
              -116.7377371,
              32.5578723
            ],
            [
              -116.7381517,
              32.5578422
            ],
            [
              -116.7387516,
              32.5577986
            ],
            [
              -116.7388391,
              32.5577922
            ],
            [
              -116.738943,
              32.5577847
            ],
            [
              -116.7395264,
              32.5577422
            ],
            [
              -116.7400171,
              32.5577066
            ],
            [
              -116.7402137,
              32.5576923
            ],
            [
              -116.7406499,
              32.5576606
            ],
            [
              -116.740901,
              32.5576423
            ],
            [
              -116.7412826,
              32.5576146
            ],
            [
              -116.7415883,
              32.5575923
            ],
            [
              -116.7419516,
              32.5575659
            ],
            [
              -116.7422756,
              32.5575424
            ],
            [
              -116.7427037,
              32.5575113
            ],
            [
              -116.7429629,
              32.5574924
            ],
            [
              -116.7434559,
              32.5574566
            ],
            [
              -116.7436502,
              32.5574425
            ],
            [
              -116.7438137,
              32.5574306
            ],
            [
              -116.7443375,
              32.5573925
            ],
            [
              -116.7444464,
              32.5573846
            ],
            [
              -116.7450248,
              32.5573425
            ],
            [
              -116.7457097,
              32.5572927
            ],
            [
              -116.7457119,
              32.5572926
            ],
            [
              -116.7457121,
              32.5572926
            ],
            [
              -116.7463447,
              32.5572466
            ],
            [
              -116.7463994,
              32.5572426
            ],
            [
              -116.7464645,
              32.5572379
            ],
            [
              -116.7470868,
              32.5571927
            ],
            [
              -116.7476102,
              32.5571546
            ],
            [
              -116.7477741,
              32.5571427
            ],
            [
              -116.7479688,
              32.5571285
            ],
            [
              -116.7484614,
              32.5570927
            ],
            [
              -116.748721,
              32.5570739
            ],
            [
              -116.7491487,
              32.5570428
            ],
            [
              -116.7495085,
              32.5570166
            ],
            [
              -116.749836,
              32.5569928
            ],
            [
              -116.7501413,
              32.5569706
            ],
            [
              -116.7505233,
              32.5569428
            ],
            [
              -116.7509774,
              32.5569098
            ],
            [
              -116.7512106,
              32.5568929
            ],
            [
              -116.7517296,
              32.5568551
            ],
            [
              -116.7518979,
              32.5568429
            ],
            [
              -116.7524817,
              32.5568004
            ],
            [
              -116.7525852,
              32.5567929
            ],
            [
              -116.7526723,
              32.5567866
            ],
            [
              -116.7532725,
              32.556743
            ],
            [
              -116.7536823,
              32.5567132
            ],
            [
              -116.7539598,
              32.556693
            ],
            [
              -116.7545706,
              32.5566486
            ],
            [
              -116.7546472,
              32.556643
            ],
            [
              -116.7547382,
              32.5566364
            ],
            [
              -116.7552549,
              32.5565989
            ],
            [
              -116.755164,
              32.5562773
            ],
            [
              -116.7551234,
              32.5561336
            ],
            [
              -116.7550574,
              32.5559
            ],
            [
              -116.7549597,
              32.555554
            ],
            [
              -116.7548425,
              32.5551392
            ],
            [
              -116.7547959,
              32.5549745
            ],
            [
              -116.7547673,
              32.5548731
            ],
            [
              -116.7546472,
              32.5544479
            ],
            [
              -116.7546351,
              32.5544051
            ],
            [
              -116.7546322,
              32.5543949
            ],
            [
              -116.7546275,
              32.5543783
            ],
            [
              -116.7544684,
              32.5538153
            ],
            [
              -116.7543706,
              32.5534689
            ],
            [
              -116.7543047,
              32.5532357
            ],
            [
              -116.7541976,
              32.5528566
            ],
            [
              -116.7541409,
              32.5526561
            ],
            [
              -116.7541061,
              32.5525328
            ],
            [
              -116.7539772,
              32.5520765
            ],
            [
              -116.7539598,
              32.5520151
            ],
            [
              -116.7538416,
              32.5515966
            ],
            [
              -116.7538135,
              32.5514969
            ],
            [
              -116.7537677,
              32.5513349
            ],
            [
              -116.7536497,
              32.5509173
            ],
            [
              -116.7535772,
              32.5506604
            ],
            [
              -116.753486,
              32.5503377
            ],
            [
              -116.7534449,
              32.5501924
            ],
            [
              -116.7533222,
              32.5497581
            ],
            [
              -116.7532725,
              32.5495822
            ],
            [
              -116.7531585,
              32.5491785
            ],
            [
              -116.7531228,
              32.5490522
            ],
            [
              -116.7529947,
              32.5485989
            ],
            [
              -116.7529078,
              32.5482913
            ],
            [
              -116.752831,
              32.5480192
            ],
            [
              -116.7527837,
              32.5478519
            ],
            [
              -116.7526672,
              32.5474396
            ],
            [
              -116.7525852,
              32.5471493
            ],
            [
              -116.7525192,
              32.5469157
            ],
            [
              -116.7525035,
              32.54686
            ],
            [
              -116.7524779,
              32.5467695
            ],
            [
              -116.7523397,
              32.5462803
            ],
            [
              -116.7522547,
              32.5459794
            ],
            [
              -116.752176,
              32.5457007
            ],
            [
              -116.7521225,
              32.5455113
            ],
            [
              -116.7520122,
              32.5451211
            ],
            [
              -116.7518979,
              32.5447164
            ],
            [
              -116.7518485,
              32.5445414
            ],
            [
              -116.7517257,
              32.544107
            ],
            [
              -116.7516848,
              32.5439618
            ],
            [
              -116.7516181,
              32.5437258
            ],
            [
              -116.751521,
              32.5433821
            ],
            [
              -116.7514613,
              32.5431707
            ],
            [
              -116.7513573,
              32.5428025
            ],
            [
              -116.751329,
              32.5427026
            ],
            [
              -116.7512106,
              32.5422834
            ],
            [
              -116.7511935,
              32.5422228
            ],
            [
              -116.7511882,
              32.5422039
            ],
            [
              -116.7510298,
              32.5416432
            ],
            [
              -116.7509749,
              32.5414489
            ],
            [
              -116.7505233,
              32.5413012
            ],
            [
              -116.7503201,
              32.5412348
            ],
            [
              -116.749836,
              32.5410765
            ],
            [
              -116.749796,
              32.5410635
            ],
            [
              -116.7491487,
              32.5408519
            ],
            [
              -116.7488342,
              32.540749
            ],
            [
              -116.7484614,
              32.5406272
            ],
            [
              -116.7478436,
              32.5404252
            ],
            [
              -116.7477741,
              32.5404025
            ],
            [
              -116.7476165,
              32.540351
            ],
            [
              -116.7470868,
              32.5401778
            ],
            [
              -116.7468529,
              32.5401013
            ],
            [
              -116.7463994,
              32.5399531
            ],
            [
              -116.7462498,
              32.5399042
            ],
            [
              -116.7458623,
              32.5397775
            ],
            [
              -116.7457121,
              32.5397284
            ],
            [
              -116.7453718,
              32.5396171
            ],
            [
              -116.7450248,
              32.5395037
            ],
            [
              -116.7444767,
              32.5393245
            ],
            [
              -116.7443764,
              32.5392917
            ],
            [
              -116.7443375,
              32.539279
            ],
            [
              -116.7442494,
              32.5392502
            ],
            [
              -116.7436502,
              32.5390543
            ],
            [
              -116.7431271,
              32.5388832
            ],
            [
              -116.7429629,
              32.5388296
            ],
            [
              -116.7428905,
              32.5388059
            ],
            [
              -116.7427035,
              32.5387448
            ],
            [
              -116.7426549,
              32.5387289
            ],
            [
              -116.7424377,
              32.5383018
            ],
            [
              -116.7423681,
              32.5381651
            ],
            [
              -116.7423404,
              32.5381105
            ],
            [
              -116.7422756,
              32.5379831
            ],
            [
              -116.7420733,
              32.5375854
            ],
            [
              -116.7419214,
              32.5372866
            ],
            [
              -116.7417785,
              32.5370057
            ],
            [
              -116.7417214,
              32.5368934
            ],
            [
              -116.7415883,
              32.5366317
            ],
            [
              -116.7415151,
              32.5364878
            ],
            [
              -116.7414837,
              32.536426
            ],
            [
              -116.741405,
              32.5362715
            ],
            [
              -116.7411888,
              32.5358463
            ],
            [
              -116.7411024,
              32.5356764
            ],
            [
              -116.740901,
              32.5352803
            ],
            [
              -116.740894,
              32.5352666
            ],
            [
              -116.7408888,
              32.5352563
            ],
            [
              -116.7405992,
              32.5346869
            ],
            [
              -116.7404834,
              32.5344594
            ],
            [
              -116.7403043,
              32.5341072
            ],
            [
              -116.7402771,
              32.5340537
            ],
            [
              -116.7402137,
              32.5339289
            ],
            [
              -116.7400095,
              32.5335275
            ],
            [
              -116.7398645,
              32.5332423
            ],
            [
              -116.7397147,
              32.5329477
            ],
            [
              -116.7395264,
              32.5325774
            ],
            [
              -116.7394518,
              32.5324309
            ],
            [
              -116.7394198,
              32.532368
            ],
            [
              -116.7393398,
              32.5322107
            ],
            [
              -116.739125,
              32.5317883
            ],
            [
              -116.7390392,
              32.5316195
            ],
            [
              -116.7388391,
              32.531226
            ],
            [
              -116.7388329,
              32.5312138
            ],
            [
              -116.7388302,
              32.5312086
            ],
            [
              -116.7388236,
              32.5311955
            ],
            [
              -116.7385354,
              32.5306288
            ],
            [
              -116.7383073,
              32.5301803
            ],
            [
              -116.7382406,
              32.5300491
            ],
            [
              -116.7382139,
              32.5299967
            ],
            [
              -116.7381517,
              32.5298745
            ],
            [
              -116.7379457,
              32.5294694
            ],
            [
              -116.7377909,
              32.529165
            ],
            [
              -116.7376509,
              32.5288896
            ],
            [
              -116.7374644,
              32.528523
            ],
            [
              -116.7373886,
              32.5283738
            ],
            [
              -116.7373561,
              32.5283099
            ],
            [
              -116.7373149,
              32.5282289
            ],
            [
              -116.7367771,
              32.5280749
            ],
            [
              -116.736472,
              32.5279875
            ],
            [
              -116.7360898,
              32.5278781
            ],
            [
              -116.7359589,
              32.5278405
            ],
            [
              -116.7355732,
              32.5277301
            ],
            [
              -116.7354025,
              32.5276812
            ],
            [
              -116.7349327,
              32.5275467
            ],
            [
              -116.7347152,
              32.5274844
            ],
            [
              -116.7342743,
              32.5273581
            ],
            [
              -116.7340279,
              32.5272876
            ],
            [
              -116.7335486,
              32.5271503
            ],
            [
              -116.7333933,
              32.5271059
            ],
            [
              -116.7333406,
              32.5270908
            ],
            [
              -116.7332337,
              32.5270602
            ],
            [
              -116.7326533,
              32.526894
            ],
            [
              -116.7323671,
              32.526812
            ],
            [
              -116.731966,
              32.5266971
            ],
            [
              -116.731854,
              32.5266651
            ],
            [
              -116.731524,
              32.5265706
            ],
            [
              -116.7313408,
              32.5265181
            ],
            [
              -116.7312787,
              32.5265003
            ],
            [
              -116.7311525,
              32.5264642
            ],
            [
              -116.7307149,
              32.5263389
            ],
            [
              -116.7307375,
              32.5261141
            ],
            [
              -116.7307499,
              32.5259908
            ],
            [
              -116.7307646,
              32.5258447
            ],
            [
              -116.7308082,
              32.525411
            ],
            [
              -116.730845,
              32.5250453
            ],
            [
              -116.7308665,
              32.5248313
            ],
            [
              -116.7308988,
              32.5245109
            ],
            [
              -116.7309249,
              32.5242515
            ],
            [
              -116.7309558,
              32.523944
            ],
            [
              -116.7309832,
              32.5236717
            ],
            [
              -116.7310063,
              32.523442
            ],
            [
              -116.7310416,
              32.5230919
            ],
            [
              -116.7310601,
              32.5229076
            ],
            [
              -116.7310999,
              32.5225122
            ],
            [
              -116.7311139,
              32.5223732
            ],
            [
              -116.7311583,
              32.5219324
            ],
            [
              -116.7312049,
              32.5214689
            ],
            [
              -116.7311479,
              32.5214629
            ],
            [
              -116.7305913,
              32.5214045
            ],
            [
              -116.7305367,
              32.5213987
            ],
            [
              -116.7300972,
              32.5213526
            ],
            [
              -116.7299041,
              32.5213323
            ],
            [
              -116.7293142,
              32.5212704
            ],
            [
              -116.7292167,
              32.5212601
            ],
            [
              -116.7290916,
              32.521247
            ],
            [
              -116.7285294,
              32.521188
            ],
            [
              -116.7283066,
              32.5211646
            ],
            [
              -116.7278421,
              32.5211158
            ],
            [
              -116.7275216,
              32.5210822
            ],
            [
              -116.7271548,
              32.5210436
            ],
            [
              -116.7268693,
              32.5210137
            ],
            [
              -116.7264675,
              32.5209715
            ],
            [
              -116.726258,
              32.5209495
            ],
            [
              -116.7257802,
              32.5208993
            ],
            [
              -116.7251665,
              32.5208349
            ],
            [
              -116.7250929,
              32.5208271
            ],
            [
              -116.724575,
              32.5207728
            ],
            [
              -116.7244243,
              32.520757
            ],
            [
              -116.7244056,
              32.520755
            ],
            [
              -116.7243815,
              32.5207525
            ],
            [
              -116.7237183,
              32.5206828
            ],
            [
              -116.7235965,
              32.52067
            ],
            [
              -116.7233949,
              32.5206489
            ],
            [
              -116.7233587,
              32.5207728
            ],
            [
              -116.7232414,
              32.521175
            ],
            [
              -116.7231896,
              32.5213526
            ],
            [
              -116.723031,
              32.5218966
            ],
            [
              -116.7230205,
              32.5219324
            ],
            [
              -116.7228869,
              32.5223906
            ],
            [
              -116.7228514,
              32.5225122
            ],
            [
              -116.7227928,
              32.522713
            ],
            [
              -116.7226949,
              32.5230489
            ],
            [
              -116.7225413,
              32.5230919
            ],
            [
              -116.722393,
              32.5231335
            ],
            [
              -116.7223436,
              32.5231474
            ],
            [
              -116.7222452,
              32.523175
            ],
            [
              -116.7213613,
              32.5234229
            ],
            [
              -116.720969,
              32.5235329
            ],
            [
              -116.7208455,
              32.5235675
            ],
            [
              -116.720474,
              32.5236717
            ],
            [
              -116.7202817,
              32.5237257
            ],
            [
              -116.7198139,
              32.5238568
            ],
            [
              -116.7195944,
              32.5239184
            ],
            [
              -116.7191649,
              32.5240389
            ],
            [
              -116.7191612,
              32.5240372
            ],
            [
              -116.7189071,
              32.5239194
            ],
            [
              -116.7182739,
              32.5236261
            ],
            [
              -116.7182198,
              32.523601
            ],
            [
              -116.7178303,
              32.5234205
            ],
            [
              -116.7175325,
              32.5232825
            ],
            [
              -116.7173867,
              32.523215
            ],
            [
              -116.7168452,
              32.5229641
            ],
            [
              -116.7164994,
              32.5228038
            ],
            [
              -116.7161579,
              32.5226456
            ],
            [
              -116.7160558,
              32.5225983
            ],
            [
              -116.7158699,
              32.5225122
            ],
            [
              -116.7154705,
              32.5223271
            ],
            [
              -116.7149839,
              32.5221016
            ],
            [
              -116.7147833,
              32.5220086
            ],
            [
              -116.7147249,
              32.5219816
            ],
            [
              -116.7146186,
              32.5219324
            ],
            [
              -116.7142813,
              32.5217761
            ],
            [
              -116.7140959,
              32.5216902
            ],
            [
              -116.713459,
              32.521395
            ],
            [
              -116.7134086,
              32.5213717
            ],
            [
              -116.7133673,
              32.5213526
            ],
            [
              -116.7129504,
              32.5211593
            ],
            [
              -116.7127213,
              32.5210532
            ],
            [
              -116.712116,
              32.5207728
            ],
            [
              -116.7120631,
              32.5207483
            ],
            [
              -116.712034,
              32.5207348
            ],
            [
              -116.7116195,
              32.5205427
            ],
            [
              -116.7113467,
              32.5204163
            ],
            [
              -116.7111149,
              32.5203089
            ],
            [
              -116.7110547,
              32.520193
            ],
            [
              -116.7108274,
              32.5197549
            ],
            [
              -116.7107538,
              32.5196132
            ],
            [
              -116.7107251,
              32.5195578
            ],
            [
              -116.7106594,
              32.5194312
            ],
            [
              -116.7105158,
              32.5191545
            ],
            [
              -116.710453,
              32.5190334
            ],
            [
              -116.7102922,
              32.5187236
            ],
            [
              -116.7101521,
              32.5184535
            ],
            [
              -116.7100973,
              32.5183479
            ],
            [
              -116.7099721,
              32.5181067
            ],
            [
              -116.709888,
              32.5179447
            ],
            [
              -116.7098512,
              32.5178737
            ],
            [
              -116.7097449,
              32.5176689
            ],
            [
              -116.7098094,
              32.5174311
            ],
            [
              -116.7098467,
              32.5172939
            ],
            [
              -116.7098701,
              32.5172078
            ],
            [
              -116.7099721,
              32.5168321
            ],
            [
              -116.7100042,
              32.5167141
            ],
            [
              -116.7101263,
              32.5162643
            ],
            [
              -116.7101616,
              32.5161342
            ],
            [
              -116.7102179,
              32.5159269
            ],
            [
              -116.7103191,
              32.5155544
            ],
            [
              -116.7103825,
              32.5153208
            ],
            [
              -116.7104765,
              32.5149746
            ],
            [
              -116.7106264,
              32.5144226
            ],
            [
              -116.710634,
              32.5143947
            ],
            [
              -116.7106594,
              32.514301
            ],
            [
              -116.7107668,
              32.5139055
            ],
            [
              -116.7107914,
              32.5138149
            ],
            [
              -116.7108306,
              32.5136705
            ],
            [
              -116.7109489,
              32.5132351
            ],
            [
              -116.711023,
              32.512962
            ],
            [
              -116.7111063,
              32.5126552
            ],
            [
              -116.7111511,
              32.5124902
            ],
            [
              -116.7112638,
              32.5120753
            ],
            [
              -116.7113467,
              32.5117698
            ],
            [
              -116.7114212,
              32.5114955
            ],
            [
              -116.7114434,
              32.511414
            ],
            [
              -116.7115787,
              32.5109156
            ],
            [
              -116.7116635,
              32.5106031
            ],
            [
              -116.7117361,
              32.5103358
            ],
            [
              -116.7118518,
              32.5099096
            ],
            [
              -116.7118936,
              32.5097559
            ],
            [
              -116.712034,
              32.5092386
            ],
            [
              -116.712051,
              32.509176
            ],
            [
              -116.7121759,
              32.5087159
            ],
            [
              -116.7122085,
              32.5085961
            ],
            [
              -116.7122349,
              32.5084989
            ],
            [
              -116.7124414,
              32.50836
            ],
            [
              -116.7127213,
              32.5081717
            ],
            [
              -116.7129524,
              32.5080163
            ],
            [
              -116.7132063,
              32.5078455
            ],
            [
              -116.7134086,
              32.5077094
            ],
            [
              -116.7138146,
              32.5074364
            ],
            [
              -116.7139712,
              32.5073311
            ],
            [
              -116.7140959,
              32.5072472
            ],
            [
              -116.7144949,
              32.5069789
            ],
            [
              -116.7145251,
              32.5068565
            ],
            [
              -116.7145696,
              32.5066762
            ],
            [
              -116.7146682,
              32.5062766
            ],
            [
              -116.7147833,
              32.5058106
            ],
            [
              -116.7148065,
              32.5057163
            ],
            [
              -116.7148113,
              32.5056967
            ],
            [
              -116.7148187,
              32.5056668
            ],
            [
              -116.7149545,
              32.5051168
            ],
            [
              -116.7150434,
              32.5047564
            ],
            [
              -116.7150976,
              32.5045369
            ],
            [
              -116.7151803,
              32.5042019
            ],
            [
              -116.7152408,
              32.503957
            ],
            [
              -116.7152804,
              32.5037965
            ],
            [
              -116.7153839,
              32.5033771
            ],
            [
              -116.7153988,
              32.5033166
            ],
            [
              -116.7154705,
              32.503026
            ],
            [
              -116.715527,
              32.5027972
            ],
            [
              -116.7156358,
              32.5023567
            ],
            [
              -116.7156702,
              32.5022173
            ],
            [
              -116.7157227,
              32.5020045
            ],
            [
              -116.7158133,
              32.5016373
            ],
            [
              -116.7158727,
              32.5013967
            ],
            [
              -116.7159564,
              32.5010574
            ],
            [
              -116.7160842,
              32.5005396
            ],
            [
              -116.7160996,
              32.5004775
            ],
            [
              -116.7161096,
              32.5004368
            ],
            [
              -116.7161579,
              32.5002413
            ],
            [
              -116.7162427,
              32.4998976
            ],
            [
              -116.716265,
              32.4998071
            ],
            [
              -116.7163858,
              32.4993176
            ],
            [
              -116.716465,
              32.4989968
            ],
            [
              -116.716529,
              32.4987377
            ],
            [
              -116.7165835,
              32.4985168
            ],
            [
              -116.7166721,
              32.4981577
            ],
            [
              -116.7167019,
              32.4980369
            ],
            [
              -116.7168152,
              32.4975778
            ],
            [
              -116.7168452,
              32.4974565
            ],
            [
              -116.7169389,
              32.4970769
            ],
            [
              -116.7169584,
              32.4969978
            ],
            [
              -116.7169882,
              32.4968772
            ],
            [
              -116.7171015,
              32.4964179
            ],
            [
              -116.7171758,
              32.4961169
            ],
            [
              -116.7172446,
              32.4958379
            ],
            [
              -116.7173497,
              32.4954122
            ],
            [
              -116.7173878,
              32.4952579
            ],
            [
              -116.7174127,
              32.4951569
            ],
            [
              -116.7175309,
              32.494678
            ],
            [
              -116.7175325,
              32.4946717
            ],
            [
              -116.7175949,
              32.4944189
            ],
            [
              -116.7176864,
              32.4942279
            ],
            [
              -116.7177487,
              32.494098
            ],
            [
              -116.7178957,
              32.4937915
            ],
            [
              -116.7180269,
              32.493518
            ],
            [
              -116.7180824,
              32.4934021
            ],
            [
              -116.7182198,
              32.4931157
            ],
            [
              -116.7182804,
              32.4929892
            ],
            [
              -116.718305,
              32.492938
            ],
            [
              -116.7184784,
              32.4925763
            ],
            [
              -116.7185831,
              32.4923581
            ],
            [
              -116.71883,
              32.4918431
            ],
            [
              -116.7188612,
              32.4917781
            ],
            [
              -116.7189071,
              32.4916824
            ],
            [
              -116.7191393,
              32.4911981
            ],
            [
              -116.7192704,
              32.4909247
            ],
            [
              -116.7194174,
              32.4906181
            ],
            [
              -116.7195944,
              32.4902491
            ],
            [
              -116.7196956,
              32.4900381
            ],
            [
              -116.7197643,
              32.4898947
            ],
            [
              -116.7199737,
              32.4894581
            ],
            [
              -116.7202314,
              32.4889205
            ],
            [
              -116.7202518,
              32.4888781
            ],
            [
              -116.7202604,
              32.4888601
            ],
            [
              -116.7202817,
              32.4888157
            ],
            [
              -116.7205299,
              32.4882981
            ],
            [
              -116.7206564,
              32.4880343
            ],
            [
              -116.720808,
              32.4877181
            ],
            [
              -116.720969,
              32.4873823
            ],
            [
              -116.7210861,
              32.4871381
            ],
            [
              -116.7211658,
              32.4869721
            ],
            [
              -116.7214484,
              32.4863826
            ],
            [
              -116.7216424,
              32.485978
            ],
            [
              -116.7216464,
              32.4859697
            ],
            [
              -116.7216563,
              32.4859489
            ],
            [
              -116.7218444,
              32.4855567
            ],
            [
              -116.7219205,
              32.485398
            ],
            [
              -116.7221,
              32.4850236
            ],
            [
              -116.7221986,
              32.484818
            ],
            [
              -116.7223436,
              32.4845155
            ],
            [
              -116.7224767,
              32.4842379
            ],
            [
              -116.7226364,
              32.483905
            ],
            [
              -116.7227549,
              32.4836579
            ],
            [
              -116.723031,
              32.4830821
            ],
            [
              -116.7230324,
              32.4830791
            ],
            [
              -116.723033,
              32.4830779
            ],
            [
              -116.7232304,
              32.4826661
            ],
            [
              -116.7235015,
              32.4821007
            ],
            [
              -116.7235892,
              32.4819178
            ],
            [
              -116.7236264,
              32.4818402
            ],
            [
              -116.7237183,
              32.4816486
            ],
            [
              -116.7238673,
              32.4813377
            ],
            [
              -116.7240224,
              32.4810143
            ],
            [
              -116.7241454,
              32.4807577
            ],
            [
              -116.7242204,
              32.4806014
            ],
            [
              -116.7244056,
              32.4802151
            ],
            [
              -116.7244184,
              32.4801884
            ],
            [
              -116.7244236,
              32.4801776
            ],
            [
              -116.7244949,
              32.4800289
            ],
            [
              -116.7244056,
              32.4800385
            ],
            [
              -116.7242594,
              32.4800543
            ],
            [
              -116.7237183,
              32.4801127
            ],
            [
              -116.72365,
              32.48012
            ],
            [
              -116.7231161,
              32.4801776
            ],
            [
              -116.7230406,
              32.4801857
            ],
            [
              -116.723031,
              32.4801868
            ],
            [
              -116.7230185,
              32.4801881
            ],
            [
              -116.7223436,
              32.4802609
            ],
            [
              -116.7218218,
              32.4803172
            ],
            [
              -116.7216563,
              32.4803351
            ],
            [
              -116.7212124,
              32.480383
            ],
            [
              -116.7210649,
              32.4803989
            ],
            [
              -116.720969,
              32.4801912
            ],
            [
              -116.7209645,
              32.4801814
            ],
            [
              -116.7209628,
              32.4801776
            ],
            [
              -116.7209588,
              32.480169
            ],
            [
              -116.7206951,
              32.4795976
            ],
            [
              -116.7205793,
              32.4793464
            ],
            [
              -116.7202817,
              32.4787016
            ],
            [
              -116.720194,
              32.4785115
            ],
            [
              -116.7201598,
              32.4784374
            ],
            [
              -116.7200013,
              32.478094
            ],
            [
              -116.7198922,
              32.4778573
            ],
            [
              -116.7196436,
              32.4773188
            ],
            [
              -116.7196245,
              32.4772773
            ],
            [
              -116.7195944,
              32.4772121
            ],
            [
              -116.7194234,
              32.4768415
            ],
            [
              -116.7193568,
              32.4766972
            ],
            [
              -116.7192308,
              32.476424
            ],
            [
              -116.7190891,
              32.4761171
            ],
            [
              -116.7189071,
              32.4757225
            ],
            [
              -116.7188215,
              32.475537
            ],
            [
              -116.7186529,
              32.4751715
            ],
            [
              -116.7185538,
              32.4749569
            ],
            [
              -116.7184602,
              32.474754
            ],
            [
              -116.7182862,
              32.4743768
            ],
            [
              -116.7182198,
              32.4742329
            ],
            [
              -116.7181349,
              32.4740489
            ],
            [
              -116.7175824,
              32.4737967
            ],
            [
              -116.71755,
              32.4737819
            ],
            [
              -116.7175325,
              32.4737739
            ],
            [
              -116.7174737,
              32.4737471
            ],
            [
              -116.7168452,
              32.4734602
            ],
            [
              -116.7163114,
              32.4732166
            ],
            [
              -116.7161579,
              32.4731465
            ],
            [
              -116.715977,
              32.473064
            ],
            [
              -116.7157249,
              32.4729489
            ],
            [
              -116.7154705,
              32.4730575
            ],
            [
              -116.7150981,
              32.4732166
            ],
            [
              -116.714889,
              32.4733059
            ],
            [
              -116.7147833,
              32.4733511
            ],
            [
              -116.7144606,
              32.4734889
            ],
            [
              -116.7140959,
              32.4736447
            ],
            [
              -116.7139763,
              32.4736958
            ],
            [
              -116.71374,
              32.4737967
            ],
            [
              -116.71352,
              32.4738907
            ],
            [
              -116.7134086,
              32.4739382
            ],
            [
              -116.7130691,
              32.4740833
            ],
            [
              -116.7127213,
              32.4742318
            ],
            [
              -116.7126073,
              32.4742805
            ],
            [
              -116.7123819,
              32.4743768
            ],
            [
              -116.7121509,
              32.4744755
            ],
            [
              -116.712034,
              32.4745254
            ],
            [
              -116.7116776,
              32.4746776
            ],
            [
              -116.7113467,
              32.474819
            ],
            [
              -116.7112382,
              32.4748653
            ],
            [
              -116.7110238,
              32.4749569
            ],
            [
              -116.7103255,
              32.4752552
            ],
            [
              -116.7099721,
              32.4754061
            ],
            [
              -116.7098691,
              32.4754501
            ],
            [
              -116.7096657,
              32.475537
            ],
            [
              -116.7094128,
              32.475645
            ],
            [
              -116.7092848,
              32.4756997
            ],
            [
              -116.7088945,
              32.4758664
            ],
            [
              -116.7085975,
              32.4759933
            ],
            [
              -116.7083076,
              32.4761171
            ],
            [
              -116.7080437,
              32.4762298
            ],
            [
              -116.7079102,
              32.4762868
            ],
            [
              -116.7075029,
              32.4764608
            ],
            [
              -116.7072229,
              32.4765804
            ],
            [
              -116.7069495,
              32.4766972
            ],
            [
              -116.7066746,
              32.4768146
            ],
            [
              -116.7065355,
              32.476874
            ],
            [
              -116.7061114,
              32.4770551
            ],
            [
              -116.7058483,
              32.4771675
            ],
            [
              -116.7057619,
              32.4772044
            ],
            [
              -116.7055914,
              32.4772773
            ],
            [
              -116.7051609,
              32.4774611
            ],
            [
              -116.7048492,
              32.4775942
            ],
            [
              -116.7044736,
              32.4777547
            ],
            [
              -116.7042333,
              32.4778573
            ],
            [
              -116.7039365,
              32.4779841
            ],
            [
              -116.7037863,
              32.4780482
            ],
            [
              -116.7034801,
              32.478179
            ],
            [
              -116.703099,
              32.4783418
            ],
            [
              -116.7030238,
              32.4783739
            ],
            [
              -116.7028752,
              32.4784374
            ],
            [
              -116.7024117,
              32.4786354
            ],
            [
              -116.7021111,
              32.4787638
            ],
            [
              -116.7017244,
              32.4789289
            ],
            [
              -116.7016547,
              32.4789587
            ],
            [
              -116.7015171,
              32.4790175
            ],
            [
              -116.7010371,
              32.4792225
            ],
            [
              -116.7005452,
              32.4794326
            ],
            [
              -116.7003498,
              32.4795161
            ],
            [
              -116.7002857,
              32.4795434
            ],
            [
              -116.700159,
              32.4795976
            ],
            [
              -116.6996624,
              32.4798096
            ],
            [
              -116.6993729,
              32.4799333
            ],
            [
              -116.6989752,
              32.4801032
            ],
            [
              -116.6989166,
              32.4801282
            ],
            [
              -116.6988009,
              32.4801776
            ],
            [
              -116.6982878,
              32.4803967
            ],
            [
              -116.6980039,
              32.480518
            ],
            [
              -116.6976005,
              32.4806903
            ],
            [
              -116.6975475,
              32.4807129
            ],
            [
              -116.6974428,
              32.4807577
            ],
            [
              -116.6966348,
              32.4811028
            ],
            [
              -116.6962259,
              32.4812774
            ],
            [
              -116.6960847,
              32.4813377
            ],
            [
              -116.6957221,
              32.4814926
            ],
            [
              -116.6955386,
              32.481571
            ],
            [
              -116.6949791,
              32.4818099
            ],
            [
              -116.6948513,
              32.4818645
            ],
            [
              -116.6948094,
              32.4818824
            ],
            [
              -116.6947266,
              32.4819178
            ],
            [
              -116.694353,
              32.4820773
            ],
            [
              -116.694164,
              32.482158
            ],
            [
              -116.6938967,
              32.4822722
            ],
            [
              -116.6934767,
              32.4824516
            ],
            [
              -116.6933685,
              32.4824978
            ],
            [
              -116.6927894,
              32.4827451
            ],
            [
              -116.6925276,
              32.4828569
            ],
            [
              -116.6921021,
              32.4830387
            ],
            [
              -116.6920103,
              32.4830779
            ],
            [
              -116.6914148,
              32.4833322
            ],
            [
              -116.6911586,
              32.4834417
            ],
            [
              -116.6910949,
              32.4834689
            ],
            [
              -116.6910502,
              32.4833502
            ],
            [
              -116.6909476,
              32.4830779
            ],
            [
              -116.6908944,
              32.4829369
            ],
            [
              -116.690729,
              32.4824978
            ],
            [
              -116.6907286,
              32.4824968
            ],
            [
              -116.6907274,
              32.4824938
            ],
            [
              -116.6905104,
              32.4819178
            ],
            [
              -116.690397,
              32.4816166
            ],
            [
              -116.6902919,
              32.4813377
            ],
            [
              -116.6900888,
              32.4807987
            ],
            [
              -116.6900733,
              32.4807577
            ],
            [
              -116.6900653,
              32.4807364
            ],
            [
              -116.6900402,
              32.4806697
            ],
            [
              -116.6898995,
              32.4802963
            ],
            [
              -116.6898547,
              32.4801776
            ],
            [
              -116.6897683,
              32.4799482
            ],
            [
              -116.6896362,
              32.4795976
            ],
            [
              -116.6895678,
              32.4794161
            ],
            [
              -116.6894176,
              32.4790175
            ],
            [
              -116.689402,
              32.478976
            ],
            [
              -116.6893528,
              32.4788455
            ],
            [
              -116.6892362,
              32.4785359
            ],
            [
              -116.6891991,
              32.4784374
            ],
            [
              -116.6891274,
              32.4782471
            ],
            [
              -116.6889805,
              32.4778573
            ],
            [
              -116.6888069,
              32.4773966
            ],
            [
              -116.6887619,
              32.4772773
            ],
            [
              -116.6887387,
              32.4772155
            ],
            [
              -116.6886655,
              32.4770213
            ],
            [
              -116.6885434,
              32.4766972
            ],
            [
              -116.688407,
              32.4763352
            ],
            [
              -116.6883248,
              32.4761171
            ],
            [
              -116.6882412,
              32.4758951
            ],
            [
              -116.6881062,
              32.475537
            ],
            [
              -116.6879782,
              32.4751971
            ],
            [
              -116.6879095,
              32.4750149
            ],
            [
              -116.6878877,
              32.4749569
            ],
            [
              -116.6877437,
              32.4745747
            ],
            [
              -116.6876692,
              32.4743768
            ],
            [
              -116.6875779,
              32.4741346
            ],
            [
              -116.6874506,
              32.4737967
            ],
            [
              -116.6872909,
              32.4733729
            ],
            [
              -116.6872463,
              32.4732543
            ],
            [
              -116.687232,
              32.4732166
            ],
            [
              -116.6870804,
              32.4728142
            ],
            [
              -116.6870135,
              32.4726365
            ],
            [
              -116.6868841,
              32.4722931
            ],
            [
              -116.6867949,
              32.4720564
            ],
            [
              -116.6867487,
              32.4719339
            ],
            [
              -116.6866036,
              32.4715486
            ],
            [
              -116.6865763,
              32.4714763
            ],
            [
              -116.6865636,
              32.4714425
            ],
            [
              -116.6863578,
              32.4708961
            ],
            [
              -116.6862513,
              32.4706134
            ],
            [
              -116.6861392,
              32.470316
            ],
            [
              -116.6860854,
              32.4701732
            ],
            [
              -116.6859207,
              32.4697359
            ],
            [
              -116.6859163,
              32.4697243
            ],
            [
              -116.6857021,
              32.4691558
            ],
            [
              -116.6856022,
              32.4688907
            ],
            [
              -116.6854836,
              32.4685756
            ],
            [
              -116.6854221,
              32.4684126
            ],
            [
              -116.685265,
              32.4679955
            ],
            [
              -116.6852563,
              32.4679724
            ],
            [
              -116.685229,
              32.4678999
            ],
            [
              -116.6850905,
              32.4675323
            ],
            [
              -116.6850464,
              32.4674153
            ],
            [
              -116.6849649,
              32.4671989
            ],
            [
              -116.6849521,
              32.4671817
            ],
            [
              -116.6846956,
              32.4668352
            ],
            [
              -116.6845417,
              32.4666273
            ],
            [
              -116.6842661,
              32.4662551
            ],
            [
              -116.6838544,
              32.4656989
            ],
            [
              -116.6838366,
              32.4656749
            ],
            [
              -116.6838069,
              32.4656348
            ],
            [
              -116.683407,
              32.4650947
            ],
            [
              -116.6833148,
              32.4649701
            ],
            [
              -116.6831671,
              32.4647706
            ],
            [
              -116.6829775,
              32.4645146
            ],
            [
              -116.6826617,
              32.464088
            ],
            [
              -116.682548,
              32.4639344
            ],
            [
              -116.6825217,
              32.463899
            ],
            [
              -116.6824797,
              32.4638422
            ],
            [
              -116.6821185,
              32.4633542
            ],
            [
              -116.6820849,
              32.4633089
            ],
            [
              -116.6820618,
              32.4631269
            ],
            [
              -116.6820169,
              32.4627741
            ],
            [
              -116.6819614,
              32.4623365
            ],
            [
              -116.6819432,
              32.4621939
            ],
            [
              -116.6819286,
              32.4620789
            ],
            [
              -116.6818696,
              32.4616137
            ],
            [
              -116.6818621,
              32.4615549
            ],
            [
              -116.6817959,
              32.4610335
            ],
            [
              -116.6817924,
              32.4610066
            ],
            [
              -116.6817222,
              32.4604533
            ],
            [
              -116.6816624,
              32.4599829
            ],
            [
              -116.6816485,
              32.4598731
            ],
            [
              -116.6816312,
              32.459737
            ],
            [
              -116.6815748,
              32.459293
            ],
            [
              -116.6815349,
              32.4589789
            ],
            [
              -116.681502,
              32.4589579
            ],
            [
              -116.6811051,
              32.4587052
            ],
            [
              -116.6807184,
              32.458459
            ],
            [
              -116.6804178,
              32.4582675
            ],
            [
              -116.6803267,
              32.4582095
            ],
            [
              -116.6802059,
              32.4581326
            ],
            [
              -116.6797305,
              32.4578298
            ],
            [
              -116.6795431,
              32.4577105
            ],
            [
              -116.6792948,
              32.4575524
            ],
            [
              -116.6791514,
              32.457461
            ],
            [
              -116.6790432,
              32.4573922
            ],
            [
              -116.6783837,
              32.4569721
            ],
            [
              -116.6783678,
              32.4569621
            ],
            [
              -116.6783559,
              32.4569545
            ],
            [
              -116.6782707,
              32.4569002
            ],
            [
              -116.6776686,
              32.4565168
            ],
            [
              -116.6774725,
              32.4563919
            ],
            [
              -116.6771925,
              32.4562136
            ],
            [
              -116.6769813,
              32.4560791
            ],
            [
              -116.6765614,
              32.4558117
            ],
            [
              -116.676294,
              32.4556414
            ],
            [
              -116.6760172,
              32.4554651
            ],
            [
              -116.6756503,
              32.4552315
            ],
            [
              -116.6756067,
              32.4552037
            ],
            [
              -116.6755049,
              32.4551389
            ],
            [
              -116.6755068,
              32.4546513
            ],
            [
              -116.6755071,
              32.4545672
            ],
            [
              -116.6755091,
              32.454071
            ],
            [
              -116.6755111,
              32.4535715
            ],
            [
              -116.6755114,
              32.4534908
            ],
            [
              -116.6755117,
              32.4534106
            ],
            [
              -116.6755137,
              32.4529106
            ],
            [
              -116.6755157,
              32.4524072
            ],
            [
              -116.6755159,
              32.4523303
            ],
            [
              -116.6755179,
              32.451825
            ],
            [
              -116.6755183,
              32.4517501
            ],
            [
              -116.6755203,
              32.4512428
            ],
            [
              -116.6755205,
              32.4511698
            ],
            [
              -116.6755208,
              32.4510974
            ],
            [
              -116.6755228,
              32.4505896
            ],
            [
              -116.6755249,
              32.4500784
            ],
            [
              -116.6755249,
              32.4500689
            ],
            [
              -116.6754753,
              32.4500093
            ],
            [
              -116.6751634,
              32.4496351
            ],
            [
              -116.6749917,
              32.4494291
            ],
            [
              -116.6749194,
              32.4493423
            ],
            [
              -116.674678,
              32.4490526
            ],
            [
              -116.6745081,
              32.4488488
            ],
            [
              -116.6742321,
              32.4485175
            ],
            [
              -116.6741103,
              32.4483714
            ],
            [
              -116.6740246,
              32.4482685
            ],
            [
              -116.6735447,
              32.4476927
            ],
            [
              -116.6735426,
              32.4476901
            ],
            [
              -116.673541,
              32.4476883
            ],
            [
              -116.6735323,
              32.4476778
            ],
            [
              -116.6731749,
              32.4472489
            ],
            [
              -116.6731448,
              32.447108
            ],
            [
              -116.6730568,
              32.446696
            ],
            [
              -116.6730208,
              32.4465277
            ],
            [
              -116.6729056,
              32.4459881
            ],
            [
              -116.6728909,
              32.4459192
            ],
            [
              -116.6728574,
              32.4457628
            ],
            [
              -116.6727858,
              32.4454276
            ],
            [
              -116.6727729,
              32.4453672
            ],
            [
              -116.6727543,
              32.4452801
            ],
            [
              -116.672649,
              32.4447869
            ],
            [
              -116.6726031,
              32.4445721
            ],
            [
              -116.672525,
              32.4442066
            ],
            [
              -116.6724708,
              32.4439527
            ],
            [
              -116.672401,
              32.4436263
            ],
            [
              -116.6723006,
              32.4431562
            ],
            [
              -116.6722771,
              32.443046
            ],
            [
              -116.6722607,
              32.4429695
            ],
            [
              -116.6721701,
              32.4425452
            ],
            [
              -116.6721557,
              32.4424778
            ],
            [
              -116.6721532,
              32.4424657
            ],
            [
              -116.6721494,
              32.4424482
            ],
            [
              -116.6720292,
              32.4418854
            ],
            [
              -116.6719457,
              32.4414946
            ],
            [
              -116.6719052,
              32.4413051
            ],
            [
              -116.6718407,
              32.4410029
            ],
            [
              -116.6717813,
              32.4407248
            ],
            [
              -116.6716957,
              32.4403242
            ],
            [
              -116.6716573,
              32.4401444
            ],
            [
              -116.6716307,
              32.4400196
            ],
            [
              -116.6715333,
              32.4395641
            ],
            [
              -116.6715256,
              32.439528
            ],
            [
              -116.6714828,
              32.4393275
            ],
            [
              -116.6714094,
              32.4389838
            ],
            [
              -116.6713156,
              32.4385446
            ],
            [
              -116.6712854,
              32.4384035
            ],
            [
              -116.671242,
              32.4382002
            ],
            [
              -116.6711615,
              32.4378231
            ],
            [
              -116.6711056,
              32.4375613
            ],
            [
              -116.6710375,
              32.4372428
            ],
            [
              -116.6710006,
              32.4370697
            ],
            [
              -116.6709136,
              32.4366625
            ],
            [
              -116.6708955,
              32.436578
            ],
            [
              -116.6707896,
              32.4360821
            ],
            [
              -116.6706855,
              32.4355946
            ],
            [
              -116.6706657,
              32.4355018
            ],
            [
              -116.6706371,
              32.435368
            ],
            [
              -116.6705417,
              32.4349214
            ],
            [
              -116.6704755,
              32.4346113
            ],
            [
              -116.6704178,
              32.4343411
            ],
            [
              -116.6703346,
              32.4339519
            ],
            [
              -116.6702938,
              32.4337607
            ],
            [
              -116.6702654,
              32.4336279
            ],
            [
              -116.6701082,
              32.4328917
            ],
            [
              -116.6700649,
              32.4326889
            ],
            [
              -116.6700705,
              32.4326318
            ],
            [
              -116.6700737,
              32.4326
            ],
            [
              -116.6701082,
              32.4322513
            ],
            [
              -116.6701293,
              32.4320375
            ],
            [
              -116.6701311,
              32.4320196
            ],
            [
              -116.6701824,
              32.4315019
            ],
            [
              -116.6701886,
              32.4314392
            ],
            [
              -116.6702354,
              32.4309663
            ],
            [
              -116.6702461,
              32.4308588
            ],
            [
              -116.6702586,
              32.4307318
            ],
            [
              -116.6703035,
              32.4302785
            ],
            [
              -116.6703213,
              32.4300985
            ],
            [
              -116.6703609,
              32.4296981
            ],
            [
              -116.670384,
              32.4294652
            ],
            [
              -116.6704184,
              32.4291177
            ],
            [
              -116.6704475,
              32.4288238
            ],
            [
              -116.6704759,
              32.4285373
            ],
            [
              -116.6705094,
              32.4281985
            ],
            [
              -116.6705333,
              32.4279569
            ],
            [
              -116.6705721,
              32.4275651
            ],
            [
              -116.6705908,
              32.4273765
            ],
            [
              -116.6706348,
              32.4269318
            ],
            [
              -116.6706482,
              32.4267961
            ],
            [
              -116.6706596,
              32.4266813
            ],
            [
              -116.6707057,
              32.4262157
            ],
            [
              -116.6707549,
              32.4257189
            ],
            [
              -116.6707409,
              32.4256814
            ],
            [
              -116.6707237,
              32.4256353
            ],
            [
              -116.6706908,
              32.4255469
            ],
            [
              -116.6705076,
              32.4250549
            ],
            [
              -116.670412,
              32.4247983
            ],
            [
              -116.6702914,
              32.4244745
            ],
            [
              -116.6701082,
              32.4239827
            ],
            [
              -116.6700831,
              32.4239152
            ],
            [
              -116.6700752,
              32.423894
            ],
            [
              -116.67006,
              32.4238534
            ],
            [
              -116.669859,
              32.4233136
            ],
            [
              -116.6697542,
              32.4230321
            ],
            [
              -116.6696428,
              32.4227332
            ],
            [
              -116.6695897,
              32.4225906
            ],
            [
              -116.6694266,
              32.4221527
            ],
            [
              -116.6694209,
              32.4221373
            ],
            [
              -116.6692608,
              32.4217075
            ],
            [
              -116.6692104,
              32.4215723
            ],
            [
              -116.6691712,
              32.4214668
            ],
            [
              -116.6688535,
              32.420614
            ],
            [
              -116.6687864,
              32.4204337
            ],
            [
              -116.6687781,
              32.4204114
            ],
            [
              -116.6687674,
              32.4203828
            ],
            [
              -116.6687336,
              32.420292
            ],
            [
              -116.6685619,
              32.419831
            ],
            [
              -116.6684385,
              32.4194997
            ],
            [
              -116.6683749,
              32.4193289
            ],
            [
              -116.6683762,
              32.4192505
            ],
            [
              -116.6683815,
              32.4189531
            ],
            [
              -116.6683864,
              32.4186701
            ],
            [
              -116.6683915,
              32.4183785
            ],
            [
              -116.6683966,
              32.4180896
            ],
            [
              -116.6684018,
              32.4177893
            ],
            [
              -116.6684068,
              32.4175091
            ],
            [
              -116.6684115,
              32.4172371
            ],
            [
              -116.6684169,
              32.4169287
            ],
            [
              -116.6684225,
              32.4166109
            ],
            [
              -116.6684271,
              32.4163482
            ],
            [
              -116.6684316,
              32.4160931
            ],
            [
              -116.6684373,
              32.4157677
            ],
            [
              -116.6684431,
              32.4154325
            ],
            [
              -116.6684475,
              32.4151872
            ],
            [
              -116.6684535,
              32.4148433
            ],
            [
              -116.6684576,
              32.4146068
            ],
            [
              -116.6684638,
              32.4142541
            ],
            [
              -116.6684678,
              32.4140263
            ],
            [
              -116.6684717,
              32.4138051
            ],
            [
              -116.668478,
              32.4134458
            ],
            [
              -116.6684817,
              32.413233
            ],
            [
              -116.6684881,
              32.4128653
            ],
            [
              -116.6684948,
              32.4124865
            ],
            [
              -116.6684983,
              32.4122848
            ],
            [
              -116.6685051,
              32.4118973
            ],
            [
              -116.6685085,
              32.4117043
            ],
            [
              -116.6685117,
              32.4115169
            ],
            [
              -116.6685149,
              32.4113389
            ],
            [
              -116.6682587,
              32.4111238
            ],
            [
              -116.6681522,
              32.4110343
            ],
            [
              -116.6680463,
              32.4109454
            ],
            [
              -116.6675674,
              32.4105433
            ],
            [
              -116.667359,
              32.4103682
            ],
            [
              -116.6668761,
              32.4099628
            ],
            [
              -116.6667736,
              32.4098767
            ],
            [
              -116.6664696,
              32.4096214
            ],
            [
              -116.6659843,
              32.4092139
            ],
            [
              -116.6657396,
              32.4090084
            ],
            [
              -116.665297,
              32.4086368
            ],
            [
              -116.6648021,
              32.4082212
            ],
            [
              -116.6647057,
              32.4081402
            ],
            [
              -116.6646097,
              32.4080596
            ],
            [
              -116.6640163,
              32.4075613
            ],
            [
              -116.6639224,
              32.4074825
            ],
            [
              -116.6634195,
              32.4070601
            ],
            [
              -116.663327,
              32.4069825
            ],
            [
              -116.6632351,
              32.4069053
            ],
            [
              -116.6630528,
              32.4067522
            ],
            [
              -116.6625478,
              32.4063281
            ],
            [
              -116.6621908,
              32.4060283
            ],
            [
              -116.6620369,
              32.4058991
            ],
            [
              -116.6602165,
              32.4043704
            ],
            [
              -116.6597918,
              32.4040137
            ],
            [
              -116.6592716,
              32.4035769
            ],
            [
              -116.6584747,
              32.4029077
            ],
            [
              -116.6578126,
              32.4023516
            ],
            [
              -116.6573655,
              32.4019762
            ],
            [
              -116.6566395,
              32.4013665
            ],
            [
              -116.6552069,
              32.4001634
            ],
            [
              -116.6546369,
              32.3996847
            ],
            [
              -116.6536199,
              32.3988306
            ],
            [
              -116.6529749,
              32.3982889
            ],
            [
              -116.6539626,
              32.3974587
            ],
            [
              -116.6579085,
              32.3941423
            ],
            [
              -116.6580807,
              32.3939976
            ],
            [
              -116.6584239,
              32.3937091
            ],
            [
              -116.6584252,
              32.393708
            ],
            [
              -116.6591113,
              32.3931314
            ],
            [
              -116.6591153,
              32.393128
            ],
            [
              -116.6598017,
              32.392551
            ],
            [
              -116.6598081,
              32.3925457
            ],
            [
              -116.6604859,
              32.391976
            ],
            [
              -116.660499,
              32.391965
            ],
            [
              -116.6611732,
              32.3913983
            ],
            [
              -116.6611814,
              32.3913914
            ],
            [
              -116.6611897,
              32.3913844
            ],
            [
              -116.6618605,
              32.3908206
            ],
            [
              -116.6625245,
              32.3902625
            ],
            [
              -116.6625635,
              32.3902298
            ],
            [
              -116.6625714,
              32.3902231
            ],
            [
              -116.6632351,
              32.3896652
            ],
            [
              -116.6632486,
              32.3896539
            ],
            [
              -116.6632622,
              32.3896425
            ],
            [
              -116.6635931,
              32.3893643
            ],
            [
              -116.663953,
              32.3890618
            ],
            [
              -116.6646097,
              32.3885098
            ],
            [
              -116.6646267,
              32.3884956
            ],
            [
              -116.6646438,
              32.3884812
            ],
            [
              -116.665297,
              32.3879321
            ],
            [
              -116.6653158,
              32.3879164
            ],
            [
              -116.6653346,
              32.3879005
            ],
            [
              -116.6657649,
              32.3875389
            ],
            [
              -116.6657446,
              32.3875224
            ],
            [
              -116.665297,
              32.3871606
            ],
            [
              -116.6650422,
              32.3869545
            ],
            [
              -116.6647759,
              32.3867392
            ],
            [
              -116.6646097,
              32.3866048
            ],
            [
              -116.6643398,
              32.3863866
            ],
            [
              -116.6639224,
              32.3860491
            ],
            [
              -116.6636374,
              32.3858186
            ],
            [
              -116.6632351,
              32.3854933
            ],
            [
              -116.6629351,
              32.3852507
            ],
            [
              -116.6626216,
              32.3849972
            ],
            [
              -116.6625839,
              32.3849667
            ],
            [
              -116.6625478,
              32.3849375
            ],
            [
              -116.6619035,
              32.3844165
            ],
            [
              -116.6618605,
              32.3843818
            ],
            [
              -116.6615303,
              32.3841148
            ],
            [
              -116.6611854,
              32.3838359
            ],
            [
              -116.6611732,
              32.383826
            ],
            [
              -116.6609012,
              32.383606
            ],
            [
              -116.6604859,
              32.3832702
            ],
            [
              -116.6604768,
              32.3832629
            ],
            [
              -116.6604673,
              32.3832552
            ],
            [
              -116.6597986,
              32.3827144
            ],
            [
              -116.6597744,
              32.3826949
            ],
            [
              -116.6591113,
              32.3821587
            ],
            [
              -116.659072,
              32.3821269
            ],
            [
              -116.659031,
              32.3820938
            ],
            [
              -116.6587208,
              32.381843
            ],
            [
              -116.6584239,
              32.3816029
            ],
            [
              -116.6583697,
              32.381559
            ],
            [
              -116.6577366,
              32.3810471
            ],
            [
              -116.6576907,
              32.38101
            ],
            [
              -116.6575948,
              32.3809324
            ],
            [
              -116.6570493,
              32.3804913
            ],
            [
              -116.6569649,
              32.380423
            ],
            [
              -116.6563128,
              32.3798957
            ],
            [
              -116.6562625,
              32.379855
            ],
            [
              -116.6562111,
              32.3798135
            ],
            [
              -116.6553037,
              32.3790797
            ],
            [
              -116.6549684,
              32.3788085
            ],
            [
              -116.6542134,
              32.378198
            ],
            [
              -116.6538699,
              32.3779202
            ],
            [
              -116.6537395,
              32.3778148
            ],
            [
              -116.6531624,
              32.3773481
            ],
            [
              -116.6529255,
              32.3771565
            ],
            [
              -116.6527507,
              32.3770151
            ],
            [
              -116.652568,
              32.3768674
            ],
            [
              -116.6520483,
              32.3764471
            ],
            [
              -116.6518499,
              32.3762867
            ],
            [
              -116.6516971,
              32.3761631
            ],
            [
              -116.6515509,
              32.3760448
            ],
            [
              -116.6511318,
              32.375706
            ],
            [
              -116.6509947,
              32.3755951
            ],
            [
              -116.6508636,
              32.375489
            ],
            [
              -116.6502924,
              32.3750271
            ],
            [
              -116.6501763,
              32.3749332
            ],
            [
              -116.64959,
              32.3744591
            ],
            [
              -116.6494889,
              32.3743774
            ],
            [
              -116.6489775,
              32.3739637
            ],
            [
              -116.6488016,
              32.3738215
            ],
            [
              -116.6485364,
              32.3736071
            ],
            [
              -116.6482593,
              32.373383
            ],
            [
              -116.6481143,
              32.3732657
            ],
            [
              -116.6475412,
              32.3728022
            ],
            [
              -116.647427,
              32.3727099
            ],
            [
              -116.6468231,
              32.3722215
            ],
            [
              -116.6467397,
              32.372154
            ],
            [
              -116.646105,
              32.3716407
            ],
            [
              -116.6460524,
              32.3715982
            ],
            [
              -116.6453869,
              32.3710599
            ],
            [
              -116.6453757,
              32.3710509
            ],
            [
              -116.6453651,
              32.3710423
            ],
            [
              -116.6448785,
              32.3706488
            ],
            [
              -116.6446778,
              32.3704865
            ],
            [
              -116.6446734,
              32.3704829
            ],
            [
              -116.6446688,
              32.3704792
            ],
            [
              -116.6440749,
              32.3699989
            ],
            [
              -116.6440147,
              32.3699189
            ],
            [
              -116.6439993,
              32.3698984
            ],
            [
              -116.6439959,
              32.3698939
            ],
            [
              -116.6439905,
              32.3698867
            ],
            [
              -116.643958,
              32.3698435
            ],
            [
              -116.6433032,
              32.3689732
            ],
            [
              -116.6431944,
              32.3688287
            ],
            [
              -116.6431253,
              32.3687369
            ],
            [
              -116.6428148,
              32.3683242
            ],
            [
              -116.6426883,
              32.3681561
            ],
            [
              -116.6426158,
              32.3680598
            ],
            [
              -116.642393,
              32.3677636
            ],
            [
              -116.6422513,
              32.3675753
            ],
            [
              -116.6419286,
              32.3671463
            ],
            [
              -116.6418587,
              32.3670535
            ],
            [
              -116.6418143,
              32.3669945
            ],
            [
              -116.6416149,
              32.3667295
            ],
            [
              -116.6413773,
              32.3664137
            ],
            [
              -116.6413244,
              32.3663434
            ],
            [
              -116.6412412,
              32.3662328
            ],
            [
              -116.6409403,
              32.3658329
            ],
            [
              -116.6407902,
              32.3656333
            ],
            [
              -116.6405539,
              32.3653194
            ],
            [
              -116.6402559,
              32.3649232
            ],
            [
              -116.6400663,
              32.3646713
            ],
            [
              -116.6399887,
              32.3645681
            ],
            [
              -116.6398666,
              32.3644059
            ],
            [
              -116.6396294,
              32.3640905
            ],
            [
              -116.6394544,
              32.363858
            ],
            [
              -116.6393949,
              32.3637789
            ],
            [
              -116.6397008,
              32.3635097
            ],
            [
              -116.639782,
              32.3634382
            ],
            [
              -116.6398666,
              32.3633638
            ],
            [
              -116.6401187,
              32.363142
            ],
            [
              -116.6403609,
              32.3629289
            ],
            [
              -116.6405539,
              32.3627591
            ],
            [
              -116.6407922,
              32.3625494
            ],
            [
              -116.641021,
              32.3623481
            ],
            [
              -116.6412412,
              32.3621543
            ],
            [
              -116.6414656,
              32.3619569
            ],
            [
              -116.6416811,
              32.3617672
            ],
            [
              -116.6419844,
              32.3615004
            ],
            [
              -116.6426158,
              32.3609448
            ],
            [
              -116.6427479,
              32.3608287
            ],
            [
              -116.6430014,
              32.3606056
            ],
            [
              -116.6433032,
              32.3603401
            ],
            [
              -116.6434859,
              32.3601792
            ],
            [
              -116.6436615,
              32.3600248
            ],
            [
              -116.6439905,
              32.3597353
            ],
            [
              -116.6441594,
              32.3595867
            ],
            [
              -116.6443216,
              32.3594439
            ],
            [
              -116.6446778,
              32.3591306
            ],
            [
              -116.6449817,
              32.3588631
            ],
            [
              -116.6451696,
              32.3586978
            ],
            [
              -116.6453651,
              32.3585258
            ],
            [
              -116.6456419,
              32.3582822
            ],
            [
              -116.6460524,
              32.357921
            ],
            [
              -116.646302,
              32.3577014
            ],
            [
              -116.6465164,
              32.3575127
            ],
            [
              -116.6467397,
              32.3573162
            ],
            [
              -116.6469621,
              32.3571205
            ],
            [
              -116.647427,
              32.3567115
            ],
            [
              -116.6476222,
              32.3565397
            ],
            [
              -116.6481143,
              32.3561067
            ],
            [
              -116.6482,
              32.3560313
            ],
            [
              -116.6482824,
              32.3559588
            ],
            [
              -116.6485368,
              32.355735
            ],
            [
              -116.6488016,
              32.3555019
            ],
            [
              -116.6489425,
              32.355378
            ],
            [
              -116.6492102,
              32.3551424
            ],
            [
              -116.6494889,
              32.3548971
            ],
            [
              -116.6496026,
              32.3547971
            ],
            [
              -116.6501763,
              32.3542923
            ],
            [
              -116.6502627,
              32.3542162
            ],
            [
              -116.6505571,
              32.3539572
            ],
            [
              -116.6508636,
              32.3536875
            ],
            [
              -116.6509228,
              32.3536354
            ],
            [
              -116.6515509,
              32.3530827
            ],
            [
              -116.6515672,
              32.3530683
            ],
            [
              -116.651583,
              32.3530545
            ],
            [
              -116.6522382,
              32.3524779
            ],
            [
              -116.6522407,
              32.3524757
            ],
            [
              -116.6522431,
              32.3524736
            ],
            [
              -116.6523624,
              32.3523686
            ],
            [
              -116.6529032,
              32.3518927
            ],
            [
              -116.6529255,
              32.3518731
            ],
            [
              -116.6535633,
              32.3513118
            ],
            [
              -116.6536128,
              32.3512683
            ],
            [
              -116.6538849,
              32.3510289
            ],
            [
              -116.6539125,
              32.3510585
            ],
            [
              -116.6541481,
              32.3513118
            ],
            [
              -116.6543001,
              32.3514751
            ],
            [
              -116.6545176,
              32.3517089
            ],
            [
              -116.6546886,
              32.3518927
            ],
            [
              -116.6549874,
              32.3522138
            ],
            [
              -116.6552291,
              32.3524736
            ],
            [
              -116.6554253,
              32.3526844
            ],
            [
              -116.6556747,
              32.3529525
            ],
            [
              -116.6557278,
              32.3530096
            ],
            [
              -116.6557696,
              32.3530545
            ],
            [
              -116.656119,
              32.35343
            ],
            [
              -116.6563101,
              32.3536354
            ],
            [
              -116.656333,
              32.3536599
            ],
            [
              -116.656362,
              32.3536911
            ],
            [
              -116.6566949,
              32.3540489
            ],
            [
              -116.656775,
              32.3539844
            ],
            [
              -116.6570493,
              32.3537636
            ],
            [
              -116.6571271,
              32.3537011
            ],
            [
              -116.6572088,
              32.3536354
            ],
            [
              -116.6578312,
              32.3531344
            ],
            [
              -116.6579306,
              32.3530545
            ],
            [
              -116.6581833,
              32.3528511
            ],
            [
              -116.6584239,
              32.3526575
            ],
            [
              -116.6585354,
              32.3525678
            ],
            [
              -116.6586525,
              32.3524736
            ],
            [
              -116.6588875,
              32.3522845
            ],
            [
              -116.6591113,
              32.3521044
            ],
            [
              -116.6593743,
              32.3518927
            ],
            [
              -116.6595916,
              32.3517178
            ],
            [
              -116.6597986,
              32.3515513
            ],
            [
              -116.6599437,
              32.3514345
            ],
            [
              -116.6600961,
              32.3513118
            ],
            [
              -116.6602958,
              32.3511512
            ],
            [
              -116.6604859,
              32.3509982
            ],
            [
              -116.6606479,
              32.3508678
            ],
            [
              -116.6611732,
              32.3504451
            ],
            [
              -116.661352,
              32.3503012
            ],
            [
              -116.6615399,
              32.35015
            ],
            [
              -116.6618605,
              32.349892
            ],
            [
              -116.6620562,
              32.3497345
            ],
            [
              -116.6622617,
              32.3495691
            ],
            [
              -116.6624083,
              32.3494512
            ],
            [
              -116.6625478,
              32.3493389
            ],
            [
              -116.6629836,
              32.3489882
            ],
            [
              -116.6631124,
              32.3488845
            ],
            [
              -116.6632351,
              32.3487858
            ],
            [
              -116.6637054,
              32.3484073
            ],
            [
              -116.6639224,
              32.3482327
            ],
            [
              -116.6641687,
              32.3480345
            ],
            [
              -116.6644273,
              32.3478264
            ],
            [
              -116.6646097,
              32.3476796
            ],
            [
              -116.6648728,
              32.3474678
            ],
            [
              -116.6651491,
              32.3472455
            ],
            [
              -116.665297,
              32.3471265
            ],
            [
              -116.665871,
              32.3466646
            ],
            [
              -116.6659291,
              32.3466178
            ],
            [
              -116.6659843,
              32.3465733
            ],
            [
              -116.6665928,
              32.3460837
            ],
            [
              -116.6666716,
              32.3460202
            ],
            [
              -116.6673147,
              32.3455027
            ],
            [
              -116.6673374,
              32.3454845
            ],
            [
              -116.667359,
              32.3454671
            ],
            [
              -116.6680366,
              32.3449218
            ],
            [
              -116.6680463,
              32.344914
            ],
            [
              -116.66824,
              32.3447581
            ],
            [
              -116.6687336,
              32.3443608
            ],
            [
              -116.6687457,
              32.3443511
            ],
            [
              -116.6687584,
              32.3443409
            ],
            [
              -116.6694209,
              32.3438077
            ],
            [
              -116.6694499,
              32.3437844
            ],
            [
              -116.6694802,
              32.3437599
            ],
            [
              -116.6698019,
              32.343501
            ],
            [
              -116.6701082,
              32.3432545
            ],
            [
              -116.6702021,
              32.343179
            ],
            [
              -116.6707955,
              32.3427014
            ],
            [
              -116.6709239,
              32.342598
            ],
            [
              -116.6712102,
              32.3423676
            ],
            [
              -116.6714828,
              32.3421483
            ],
            [
              -116.6716458,
              32.3420171
            ],
            [
              -116.6719144,
              32.3418009
            ],
            [
              -116.6721701,
              32.3415951
            ],
            [
              -116.6722665,
              32.3415176
            ],
            [
              -116.6723677,
              32.3414361
            ],
            [
              -116.6726185,
              32.3412342
            ],
            [
              -116.6728574,
              32.3410419
            ],
            [
              -116.6730895,
              32.3408552
            ],
            [
              -116.6733227,
              32.3406675
            ],
            [
              -116.6735447,
              32.3404888
            ],
            [
              -116.6738114,
              32.3402742
            ],
            [
              -116.6740268,
              32.3401008
            ],
            [
              -116.6742321,
              32.3399356
            ],
            [
              -116.6743789,
              32.3398174
            ],
            [
              -116.6745332,
              32.3396933
            ],
            [
              -116.6749194,
              32.3393825
            ],
            [
              -116.6752551,
              32.3391123
            ],
            [
              -116.6754352,
              32.3389673
            ],
            [
              -116.6756067,
              32.3388293
            ],
            [
              -116.6757873,
              32.338684
            ],
            [
              -116.6759769,
              32.3385313
            ],
            [
              -116.6761393,
              32.3384006
            ],
            [
              -116.676294,
              32.3382761
            ],
            [
              -116.6766988,
              32.3379503
            ],
            [
              -116.6768435,
              32.3378339
            ],
            [
              -116.6769813,
              32.337723
            ],
            [
              -116.6771956,
              32.3375505
            ],
            [
              -116.6774206,
              32.3373694
            ],
            [
              -116.6776686,
              32.3371698
            ],
            [
              -116.6778997,
              32.3369838
            ],
            [
              -116.6781425,
              32.3367884
            ],
            [
              -116.6782518,
              32.3367004
            ],
            [
              -116.6783559,
              32.3366166
            ],
            [
              -116.6786039,
              32.336417
            ],
            [
              -116.6788643,
              32.3362074
            ],
            [
              -116.6790432,
              32.3360634
            ],
            [
              -116.679308,
              32.3358503
            ],
            [
              -116.6795862,
              32.3356264
            ],
            [
              -116.6797305,
              32.3355102
            ],
            [
              -116.6800122,
              32.3352835
            ],
            [
              -116.680308,
              32.3350454
            ],
            [
              -116.6804178,
              32.334957
            ],
            [
              -116.6810299,
              32.3344644
            ],
            [
              -116.6811051,
              32.3344038
            ],
            [
              -116.6814205,
              32.33415
            ],
            [
              -116.6817517,
              32.3338834
            ],
            [
              -116.6817924,
              32.3338506
            ],
            [
              -116.6824736,
              32.3333024
            ],
            [
              -116.6824768,
              32.3332999
            ],
            [
              -116.6824797,
              32.3332974
            ],
            [
              -116.6826025,
              32.3331987
            ],
            [
              -116.6831671,
              32.3327442
            ],
            [
              -116.6831954,
              32.3327214
            ],
            [
              -116.683533,
              32.3324497
            ],
            [
              -116.6838544,
              32.332191
            ],
            [
              -116.6839173,
              32.3321404
            ],
            [
              -116.6842371,
              32.3318829
            ],
            [
              -116.6845417,
              32.3316378
            ],
            [
              -116.6846391,
              32.3315594
            ],
            [
              -116.685229,
              32.3310846
            ],
            [
              -116.685361,
              32.3309784
            ],
            [
              -116.6856454,
              32.3307494
            ],
            [
              -116.6859163,
              32.3305314
            ],
            [
              -116.6860829,
              32.3303973
            ],
            [
              -116.6863496,
              32.3301826
            ],
            [
              -116.6866036,
              32.3299782
            ],
            [
              -116.6868047,
              32.3298163
            ],
            [
              -116.6872909,
              32.3294249
            ],
            [
              -116.6874058,
              32.3293324
            ],
            [
              -116.6875266,
              32.3292353
            ],
            [
              -116.6877579,
              32.329049
            ],
            [
              -116.6879782,
              32.3288717
            ],
            [
              -116.6882484,
              32.3286542
            ],
            [
              -116.6884621,
              32.3284822
            ],
            [
              -116.6886655,
              32.3283185
            ],
            [
              -116.6891662,
              32.3279155
            ],
            [
              -116.6893528,
              32.3277652
            ],
            [
              -116.6896921,
              32.3274922
            ],
            [
              -116.6898704,
              32.3273486
            ],
            [
              -116.6900402,
              32.327212
            ],
            [
              -116.6902225,
              32.3270653
            ],
            [
              -116.6904139,
              32.3269111
            ],
            [
              -116.6905745,
              32.3267818
            ],
            [
              -116.6907274,
              32.3266588
            ],
            [
              -116.6911249,
              32.3263389
            ],
            [
              -116.6911244,
              32.3263301
            ],
            [
              -116.6911095,
              32.3260071
            ],
            [
              -116.6910975,
              32.325749
            ],
            [
              -116.6910845,
              32.3254698
            ],
            [
              -116.6910704,
              32.325168
            ],
            [
              -116.6910564,
              32.324865
            ],
            [
              -116.6910435,
              32.3245869
            ],
            [
              -116.6910315,
              32.3243299
            ],
            [
              -116.6910164,
              32.3240058
            ],
            [
              -116.6910055,
              32.3237708
            ],
            [
              -116.6909894,
              32.3234248
            ],
            [
              -116.6909795,
              32.3232117
            ],
            [
              -116.6909624,
              32.3228437
            ],
            [
              -116.6909439,
              32.3224456
            ],
            [
              -116.6909354,
              32.3222626
            ],
            [
              -116.6909276,
              32.3220934
            ],
            [
              -116.6909084,
              32.3216815
            ],
            [
              -116.6909016,
              32.3215343
            ],
            [
              -116.6908814,
              32.3211005
            ],
            [
              -116.6908596,
              32.3206311
            ],
            [
              -116.6908544,
              32.3205194
            ],
            [
              -116.6908314,
              32.3200262
            ],
            [
              -116.6908274,
              32.3199383
            ],
            [
              -116.6908236,
              32.319857
            ],
            [
              -116.6908004,
              32.3193572
            ],
            [
              -116.6907976,
              32.3192979
            ],
            [
              -116.6907734,
              32.3187761
            ],
            [
              -116.6907716,
              32.3187387
            ],
            [
              -116.6907463,
              32.318195
            ],
            [
              -116.6907456,
              32.3181796
            ],
            [
              -116.6907194,
              32.3176139
            ],
            [
              -116.6906937,
              32.3170613
            ],
            [
              -116.6906923,
              32.3170328
            ],
            [
              -116.6906909,
              32.3170019
            ],
            [
              -116.6906653,
              32.3164517
            ],
            [
              -116.6906628,
              32.316397
            ],
            [
              -116.6906383,
              32.3158705
            ],
            [
              -116.6906157,
              32.3153839
            ],
            [
              -116.6906113,
              32.3152894
            ],
            [
              -116.6905897,
              32.3148247
            ],
            [
              -116.6905843,
              32.3147083
            ],
            [
              -116.6905637,
              32.3142656
            ],
            [
              -116.6905573,
              32.3141272
            ],
            [
              -116.6905503,
              32.3139774
            ],
            [
              -116.6905303,
              32.313546
            ],
            [
              -116.6905118,
              32.3131473
            ],
            [
              -116.6905033,
              32.3129649
            ],
            [
              -116.6904941,
              32.3127676
            ],
            [
              -116.6904763,
              32.3123838
            ],
            [
              -116.690466,
              32.3121627
            ],
            [
              -116.6904493,
              32.3118026
            ],
            [
              -116.6904379,
              32.3115578
            ],
            [
              -116.6904223,
              32.3112215
            ],
            [
              -116.6904078,
              32.3109106
            ],
            [
              -116.6903952,
              32.3106403
            ],
            [
              -116.6903818,
              32.3103514
            ],
            [
              -116.6903682,
              32.3100592
            ],
            [
              -116.6903558,
              32.3097922
            ],
            [
              -116.6903412,
              32.309478
            ],
            [
              -116.6903299,
              32.309233
            ],
            [
              -116.6903142,
              32.3088968
            ],
            [
              -116.6902973,
              32.3085331
            ],
            [
              -116.6902872,
              32.3083157
            ],
            [
              -116.6902779,
              32.3081147
            ],
            [
              -116.6902411,
              32.3073233
            ],
            [
              -116.6902332,
              32.3071533
            ],
            [
              -116.690213,
              32.3067183
            ],
            [
              -116.6902062,
              32.3065722
            ],
            [
              -116.6901999,
              32.3064371
            ],
            [
              -116.6901792,
              32.305991
            ],
            [
              -116.6901568,
              32.3055084
            ],
            [
              -116.6901522,
              32.3054098
            ],
            [
              -116.690148,
              32.3053187
            ],
            [
              -116.6901251,
              32.3048286
            ],
            [
              -116.6901005,
              32.3042985
            ],
            [
              -116.6900982,
              32.3042474
            ],
            [
              -116.6900959,
              32.3042002
            ],
            [
              -116.6900711,
              32.3036662
            ],
            [
              -116.6900443,
              32.3030886
            ],
            [
              -116.6900442,
              32.303085
            ],
            [
              -116.690044,
              32.3030818
            ],
            [
              -116.6900402,
              32.302999
            ],
            [
              -116.690018,
              32.3025225
            ],
            [
              -116.6900171,
              32.3025038
            ],
            [
              -116.6900162,
              32.3024836
            ],
            [
              -116.6899901,
              32.3019226
            ],
            [
              -116.689966,
              32.3014041
            ],
            [
              -116.6899631,
              32.3013414
            ],
            [
              -116.68996,
              32.3012736
            ],
            [
              -116.6899361,
              32.3007602
            ],
            [
              -116.689914,
              32.3002856
            ],
            [
              -116.6899091,
              32.300179
            ],
            [
              -116.6899037,
              32.3000636
            ],
            [
              -116.6898821,
              32.2995978
            ],
            [
              -116.6898621,
              32.2991671
            ],
            [
              -116.6898551,
              32.2990165
            ],
            [
              -116.6898475,
              32.2988536
            ],
            [
              -116.6898281,
              32.2984353
            ],
            [
              -116.6898194,
              32.2982486
            ],
            [
              -116.689801,
              32.2978541
            ],
            [
              -116.6897913,
              32.2976436
            ],
            [
              -116.6897741,
              32.2972728
            ],
            [
              -116.6897581,
              32.2969301
            ],
            [
              -116.689747,
              32.2966916
            ],
            [
              -116.6897351,
              32.2964336
            ],
            [
              -116.6897201,
              32.2961104
            ],
            [
              -116.6897062,
              32.2958116
            ],
            [
              -116.689693,
              32.2955291
            ],
            [
              -116.6896802,
              32.2952523
            ],
            [
              -116.689666,
              32.2949479
            ],
            [
              -116.6896507,
              32.2946185
            ],
            [
              -116.689639,
              32.2943666
            ],
            [
              -116.6896282,
              32.2941337
            ],
            [
              -116.689612,
              32.2937853
            ],
            [
              -116.6895945,
              32.2934085
            ],
            [
              -116.689585,
              32.2932041
            ],
            [
              -116.6895664,
              32.2928034
            ],
            [
              -116.689558,
              32.2926228
            ],
            [
              -116.6895383,
              32.2921984
            ],
            [
              -116.689531,
              32.2920415
            ],
            [
              -116.6895243,
              32.2918966
            ],
            [
              -116.689504,
              32.2914603
            ],
            [
              -116.6894983,
              32.2913373
            ],
            [
              -116.689477,
              32.290879
            ],
            [
              -116.6894539,
              32.2903832
            ],
            [
              -116.68945,
              32.2902977
            ],
            [
              -116.6894463,
              32.2902187
            ],
            [
              -116.6894229,
              32.2897164
            ],
            [
              -116.6893977,
              32.2891731
            ],
            [
              -116.689396,
              32.2891352
            ],
            [
              -116.6893696,
              32.288568
            ],
            [
              -116.6893689,
              32.2885539
            ],
            [
              -116.6893683,
              32.2885407
            ],
            [
              -116.6893528,
              32.2882073
            ],
            [
              -116.6893423,
              32.2879814
            ],
            [
              -116.6893419,
              32.2879726
            ],
            [
              -116.6893163,
              32.2874221
            ],
            [
              -116.6893149,
              32.2873913
            ],
            [
              -116.6893134,
              32.2873579
            ],
            [
              -116.6892879,
              32.28681
            ],
            [
              -116.6892853,
              32.2867528
            ],
            [
              -116.6892609,
              32.2862286
            ],
            [
              -116.6892549,
              32.2860989
            ],
            [
              -116.6889085,
              32.2860231
            ],
            [
              -116.6886655,
              32.28597
            ],
            [
              -116.6882531,
              32.2858799
            ],
            [
              -116.6879782,
              32.2858198
            ],
            [
              -116.6878162,
              32.2857843
            ],
            [
              -116.6872909,
              32.2856695
            ],
            [
              -116.6871896,
              32.2856473
            ],
            [
              -116.686724,
              32.2855455
            ],
            [
              -116.6866036,
              32.2855192
            ],
            [
              -116.6861778,
              32.2854261
            ],
            [
              -116.6859163,
              32.285369
            ],
            [
              -116.6854724,
              32.2852719
            ],
            [
              -116.685229,
              32.2852187
            ],
            [
              -116.6850856,
              32.2851873
            ],
            [
              -116.6845417,
              32.2850684
            ],
            [
              -116.6845307,
              32.285066
            ],
            [
              -116.6839933,
              32.2849485
            ],
            [
              -116.6838544,
              32.2849182
            ],
            [
              -116.6836186,
              32.2848666
            ],
            [
              -116.6831671,
              32.2847679
            ],
            [
              -116.6826917,
              32.284664
            ],
            [
              -116.6824797,
              32.2846176
            ],
            [
              -116.6823549,
              32.2845903
            ],
            [
              -116.6818717,
              32.2844847
            ],
            [
              -116.6818087,
              32.2844709
            ],
            [
              -116.6817648,
              32.2844613
            ],
            [
              -116.6811051,
              32.2843171
            ],
            [
              -116.6807164,
              32.2842321
            ],
            [
              -116.6804178,
              32.2841668
            ],
            [
              -116.679911,
              32.284056
            ],
            [
              -116.6797305,
              32.2840166
            ],
            [
              -116.6796242,
              32.2839933
            ],
            [
              -116.6792128,
              32.2839034
            ],
            [
              -116.6790432,
              32.2838663
            ],
            [
              -116.6785319,
              32.2837545
            ],
            [
              -116.6783559,
              32.283716
            ],
            [
              -116.6780572,
              32.2836507
            ],
            [
              -116.6776686,
              32.2835658
            ],
            [
              -116.6774396,
              32.2835157
            ],
            [
              -116.6769813,
              32.2834155
            ],
            [
              -116.6765539,
              32.2833221
            ],
            [
              -116.6763474,
              32.2832769
            ],
            [
              -116.676294,
              32.2832652
            ],
            [
              -116.6758012,
              32.2831575
            ],
            [
              -116.6756067,
              32.283115
            ],
            [
              -116.6752764,
              32.2830428
            ],
            [
              -116.6749194,
              32.2829647
            ],
            [
              -116.6743495,
              32.2828401
            ],
            [
              -116.6742321,
              32.2828144
            ],
            [
              -116.673895,
              32.2827407
            ],
            [
              -116.6736167,
              32.2826799
            ],
            [
              -116.6735447,
              32.2826642
            ],
            [
              -116.6734227,
              32.2826375
            ],
            [
              -116.6728574,
              32.2825139
            ],
            [
              -116.6725244,
              32.2824411
            ],
            [
              -116.6721701,
              32.2823636
            ],
            [
              -116.6715688,
              32.2822322
            ],
            [
              -116.6714828,
              32.2822134
            ],
            [
              -116.671236,
              32.2821594
            ],
            [
              -116.6707955,
              32.2820631
            ],
            [
              -116.6706419,
              32.2820295
            ],
            [
              -116.6701082,
              32.2819128
            ],
            [
              -116.669715,
              32.2818269
            ],
            [
              -116.6694209,
              32.2817625
            ],
            [
              -116.6687881,
              32.2816242
            ],
            [
              -116.6687336,
              32.2816123
            ],
            [
              -116.6687014,
              32.2816052
            ],
            [
              -116.6685771,
              32.2815781
            ],
            [
              -116.6681553,
              32.2814858
            ],
            [
              -116.6680463,
              32.281462
            ],
            [
              -116.6678612,
              32.2814215
            ],
            [
              -116.667359,
              32.2813117
            ],
            [
              -116.667063,
              32.281247
            ],
            [
              -116.6666716,
              32.2811615
            ],
            [
              -116.6665169,
              32.2811276
            ],
            [
              -116.6659843,
              32.2810112
            ],
            [
              -116.6659182,
              32.2809967
            ],
            [
              -116.665297,
              32.2808609
            ],
            [
              -116.6650805,
              32.2808136
            ],
            [
              -116.6646097,
              32.2807106
            ],
            [
              -116.6641536,
              32.2806109
            ],
            [
              -116.6639224,
              32.2805604
            ],
            [
              -116.6632593,
              32.2804154
            ],
            [
              -116.6632351,
              32.2804101
            ],
            [
              -116.6632267,
              32.2804083
            ],
            [
              -116.6625478,
              32.2802598
            ],
            [
              -116.6621478,
              32.2801724
            ],
            [
              -116.6618605,
              32.2801095
            ],
            [
              -116.6613729,
              32.2800029
            ],
            [
              -116.6611732,
              32.2799593
            ],
            [
              -116.6610555,
              32.2799335
            ],
            [
              -116.6606004,
              32.279834
            ],
            [
              -116.6604859,
              32.279809
            ],
            [
              -116.6599633,
              32.2796947
            ],
            [
              -116.6597986,
              32.2796587
            ],
            [
              -116.659519,
              32.2795976
            ],
            [
              -116.6591113,
              32.2795084
            ],
            [
              -116.658871,
              32.2794559
            ],
            [
              -116.6584239,
              32.2793582
            ],
            [
              -116.6583249,
              32.2793365
            ],
            [
              -116.6579414,
              32.2792527
            ],
            [
              -116.6577366,
              32.2792079
            ],
            [
              -116.6572326,
              32.2790977
            ],
            [
              -116.6570493,
              32.2790576
            ],
            [
              -116.6566864,
              32.2789783
            ],
            [
              -116.656362,
              32.2789074
            ],
            [
              -116.6561403,
              32.2788589
            ],
            [
              -116.6556747,
              32.2787571
            ],
            [
              -116.6552825,
              32.2786713
            ],
            [
              -116.655048,
              32.2786201
            ],
            [
              -116.6549874,
              32.2786068
            ],
            [
              -116.6545019,
              32.2785006
            ],
            [
              -116.6543001,
              32.2784565
            ],
            [
              -116.6539576,
              32.2783816
            ],
            [
              -116.6536128,
              32.2783063
            ],
            [
              -116.6530307,
              32.278179
            ],
            [
              -116.6529255,
              32.278156
            ],
            [
              -116.6526236,
              32.27809
            ],
            [
              -116.6523173,
              32.278023
            ],
            [
              -116.6522382,
              32.2780057
            ],
            [
              -116.6521038,
              32.2779763
            ],
            [
              -116.6515509,
              32.2778554
            ],
            [
              -116.6512251,
              32.2777842
            ],
            [
              -116.6508636,
              32.2777051
            ],
            [
              -116.65025,
              32.277571
            ],
            [
              -116.6501763,
              32.2775549
            ],
            [
              -116.6501328,
              32.2775454
            ],
            [
              -116.6499647,
              32.2775086
            ],
            [
              -116.6495866,
              32.277426
            ],
            [
              -116.6494889,
              32.2774046
            ],
            [
              -116.6493231,
              32.2773683
            ],
            [
              -116.6488016,
              32.2772543
            ],
            [
              -116.6484944,
              32.2771871
            ],
            [
              -116.6481143,
              32.277104
            ],
            [
              -116.6474693,
              32.276963
            ],
            [
              -116.647427,
              32.2769538
            ],
            [
              -116.6473058,
              32.2769272
            ],
            [
              -116.646856,
              32.2768289
            ],
            [
              -116.6467397,
              32.2768035
            ],
            [
              -116.6465424,
              32.2767603
            ],
            [
              -116.6460524,
              32.2766532
            ],
            [
              -116.6457637,
              32.2765901
            ],
            [
              -116.6453651,
              32.2765029
            ],
            [
              -116.6446886,
              32.276355
            ],
            [
              -116.6446778,
              32.2763526
            ],
            [
              -116.6446714,
              32.2763513
            ],
            [
              -116.6446468,
              32.2763459
            ],
            [
              -116.6439905,
              32.2762024
            ],
            [
              -116.6435791,
              32.2761124
            ],
            [
              -116.6433032,
              32.2760521
            ],
            [
              -116.643033,
              32.275993
            ],
            [
              -116.6426158,
              32.2759018
            ],
            [
              -116.6419879,
              32.2757645
            ],
            [
              -116.6419286,
              32.2757515
            ],
            [
              -116.6413946,
              32.2756348
            ],
            [
              -116.6412412,
              32.2756012
            ],
            [
              -116.6409809,
              32.2755443
            ],
            [
              -116.6405539,
              32.275451
            ],
            [
              -116.6403023,
              32.2753959
            ],
            [
              -116.6398666,
              32.2753007
            ],
            [
              -116.639329,
              32.2751831
            ],
            [
              -116.63921,
              32.2751571
            ],
            [
              -116.6391793,
              32.2751504
            ],
            [
              -116.6386639,
              32.2750377
            ],
            [
              -116.638492,
              32.2750001
            ],
            [
              -116.6382002,
              32.2749363
            ],
            [
              -116.6378047,
              32.2748498
            ],
            [
              -116.6372733,
              32.2747336
            ],
            [
              -116.6371174,
              32.2746995
            ],
            [
              -116.6370255,
              32.2746795
            ],
            [
              -116.63667,
              32.2746017
            ],
            [
              -116.6364301,
              32.2745493
            ],
            [
              -116.6359332,
              32.2744406
            ],
            [
              -116.6357427,
              32.274399
            ],
            [
              -116.6353871,
              32.2743212
            ],
            [
              -116.6352849,
              32.2742989
            ],
            [
              -116.6350555,
              32.2741557
            ],
            [
              -116.6348387,
              32.2740204
            ],
            [
              -116.634568,
              32.2738513
            ],
            [
              -116.6343682,
              32.2737266
            ],
            [
              -116.6339074,
              32.273439
            ],
            [
              -116.6336808,
              32.2732975
            ],
            [
              -116.6330425,
              32.272899
            ],
            [
              -116.6329936,
              32.2728684
            ],
            [
              -116.6329861,
              32.2728638
            ],
            [
              -116.6329761,
              32.2728576
            ],
            [
              -116.6323062,
              32.2724394
            ],
            [
              -116.6321952,
              32.2723701
            ],
            [
              -116.6320448,
              32.2722762
            ],
            [
              -116.6317998,
              32.2721232
            ],
            [
              -116.6316189,
              32.2720103
            ],
            [
              -116.6314043,
              32.2718763
            ],
            [
              -116.6309316,
              32.2715812
            ],
            [
              -116.6306134,
              32.2713825
            ],
            [
              -116.6302443,
              32.2711521
            ],
            [
              -116.6301822,
              32.2711134
            ],
            [
              -116.629557,
              32.270723
            ],
            [
              -116.6292509,
              32.270532
            ],
            [
              -116.6288697,
              32.2702939
            ],
            [
              -116.6286361,
              32.2701481
            ],
            [
              -116.6283196,
              32.2699506
            ],
            [
              -116.6281824,
              32.2698648
            ],
            [
              -116.6277956,
              32.2696234
            ],
            [
              -116.6274951,
              32.2694358
            ],
            [
              -116.6274498,
              32.2694075
            ],
            [
              -116.6273883,
              32.2693691
            ],
            [
              -116.6268077,
              32.2690067
            ],
            [
              -116.6266588,
              32.2689137
            ],
            [
              -116.626457,
              32.2687877
            ],
            [
              -116.6261205,
              32.2685776
            ],
            [
              -116.6258679,
              32.2684199
            ],
            [
              -116.6255257,
              32.2682063
            ],
            [
              -116.6254725,
              32.268173
            ],
            [
              -116.6254331,
              32.2681485
            ],
            [
              -116.6251722,
              32.2679856
            ],
            [
              -116.6247458,
              32.2677194
            ],
            [
              -116.6245944,
              32.2676249
            ],
            [
              -116.6242861,
              32.2674323
            ],
            [
              -116.6240585,
              32.2672903
            ],
            [
              -116.6238906,
              32.2671855
            ],
            [
              -116.6236632,
              32.2670434
            ],
            [
              -116.6233712,
              32.2668612
            ],
            [
              -116.6230997,
              32.2666917
            ],
            [
              -116.6227319,
              32.266462
            ],
            [
              -116.6227043,
              32.2664448
            ],
            [
              -116.6226839,
              32.266432
            ],
            [
              -116.6223088,
              32.2661979
            ],
            [
              -116.6219966,
              32.266003
            ],
            [
              -116.6218006,
              32.2658806
            ],
            [
              -116.6215179,
              32.2657041
            ],
            [
              -116.6213093,
              32.2655738
            ],
            [
              -116.6211224,
              32.2654572
            ],
            [
              -116.6208849,
              32.2653089
            ],
            [
              -116.620882,
              32.2652991
            ],
            [
              -116.62083,
              32.2651231
            ],
            [
              -116.6207103,
              32.2647177
            ],
            [
              -116.620622,
              32.2644184
            ],
            [
              -116.6205553,
              32.2641926
            ],
            [
              -116.6205387,
              32.2641362
            ],
            [
              -116.6205109,
              32.2640423
            ],
            [
              -116.620367,
              32.2635548
            ],
            [
              -116.6202806,
              32.2632621
            ],
            [
              -116.6201954,
              32.2629733
            ],
            [
              -116.6201433,
              32.2627969
            ],
            [
              -116.6200237,
              32.2623919
            ],
            [
              -116.6200059,
              32.2623316
            ],
            [
              -116.6199347,
              32.2620904
            ],
            [
              -116.619852,
              32.2618104
            ],
            [
              -116.6197312,
              32.2614011
            ],
            [
              -116.6196804,
              32.2612289
            ],
            [
              -116.6195957,
              32.2609422
            ],
            [
              -116.6195087,
              32.2606475
            ],
            [
              -116.6193669,
              32.2601671
            ],
            [
              -116.619337,
              32.260066
            ],
            [
              -116.6193191,
              32.2600053
            ],
            [
              -116.6192474,
              32.2597622
            ],
            [
              -116.6191818,
              32.25954
            ],
            [
              -116.6191654,
              32.2594845
            ],
            [
              -116.6191381,
              32.2593921
            ],
            [
              -116.6189937,
              32.258903
            ],
            [
              -116.618907,
              32.2586095
            ],
            [
              -116.6188221,
              32.2583216
            ],
            [
              -116.6187697,
              32.2581442
            ],
            [
              -116.6186504,
              32.2577401
            ],
            [
              -116.61856,
              32.2574341
            ],
            [
              -116.618495,
              32.2572136
            ],
            [
              -116.6184787,
              32.2571586
            ],
            [
              -116.6184517,
              32.2570669
            ],
            [
              -116.6183071,
              32.2565771
            ],
            [
              -116.6182228,
              32.2562918
            ],
            [
              -116.6181354,
              32.2559956
            ],
            [
              -116.617994,
              32.2555167
            ],
            [
              -116.6179637,
              32.2554141
            ],
            [
              -116.6179455,
              32.2553525
            ],
            [
              -116.6178727,
              32.2551058
            ],
            [
              -116.6177921,
              32.2548326
            ],
            [
              -116.6177652,
              32.2547416
            ],
            [
              -116.6176204,
              32.254251
            ],
            [
              -116.6175335,
              32.2539566
            ],
            [
              -116.6174488,
              32.2536695
            ],
            [
              -116.6173076,
              32.2531914
            ],
            [
              -116.6172771,
              32.253088
            ],
            [
              -116.6171854,
              32.2527776
            ],
            [
              -116.6171214,
              32.2525607
            ],
            [
              -116.6171054,
              32.2525065
            ],
            [
              -116.616984,
              32.2520954
            ],
            [
              -116.6169338,
              32.251925
            ],
            [
              -116.61685,
              32.2516411
            ],
            [
              -116.6167621,
              32.2513434
            ],
            [
              -116.6167093,
              32.2511647
            ],
            [
              -116.6165904,
              32.2507619
            ],
            [
              -116.616572,
              32.2506994
            ],
            [
              -116.6164981,
              32.2504492
            ],
            [
              -116.6164346,
              32.2502341
            ],
            [
              -116.6164188,
              32.2501804
            ],
            [
              -116.6163924,
              32.2500909
            ],
            [
              -116.6162471,
              32.2495988
            ],
            [
              -116.6161635,
              32.2493157
            ],
            [
              -116.6160755,
              32.2490173
            ],
            [
              -116.6160226,
              32.2488381
            ],
            [
              -116.6159038,
              32.2484357
            ],
            [
              -116.6158108,
              32.2481208
            ],
            [
              -116.6157321,
              32.2478542
            ],
            [
              -116.6156105,
              32.2474421
            ],
            [
              -116.6155605,
              32.2472726
            ],
            [
              -116.6154731,
              32.2469768
            ],
            [
              -116.6153888,
              32.2466911
            ],
            [
              -116.6153358,
              32.2465114
            ],
            [
              -116.6152171,
              32.2461095
            ],
            [
              -116.6151984,
              32.2460461
            ],
            [
              -116.6151235,
              32.2457923
            ],
            [
              -116.6150455,
              32.2455279
            ],
            [
              -116.6149237,
              32.2451154
            ],
            [
              -116.6148738,
              32.2449464
            ],
            [
              -116.6147864,
              32.2446501
            ],
            [
              -116.6147021,
              32.2443648
            ],
            [
              -116.6145619,
              32.2438895
            ],
            [
              -116.6145305,
              32.2437832
            ],
            [
              -116.6145116,
              32.2437194
            ],
            [
              -116.6144362,
              32.2434638
            ],
            [
              -116.6143588,
              32.2432016
            ],
            [
              -116.6143049,
              32.2430189
            ],
            [
              -116.6137858,
              32.2432016
            ],
            [
              -116.6137597,
              32.2432108
            ],
            [
              -116.6137489,
              32.2432146
            ],
            [
              -116.6137226,
              32.2432239
            ],
            [
              -116.6130616,
              32.2434566
            ],
            [
              -116.612789,
              32.2435526
            ],
            [
              -116.6123743,
              32.2436986
            ],
            [
              -116.6121339,
              32.2437832
            ],
            [
              -116.611687,
              32.2439406
            ],
            [
              -116.6113329,
              32.2440652
            ],
            [
              -116.6109997,
              32.2441825
            ],
            [
              -116.6109249,
              32.2442089
            ],
            [
              -116.6109118,
              32.2438575
            ],
            [
              -116.6109091,
              32.2437832
            ],
            [
              -116.6109061,
              32.2437041
            ],
            [
              -116.6108875,
              32.2432016
            ],
            [
              -116.61087,
              32.2427298
            ],
            [
              -116.6108659,
              32.24262
            ],
            [
              -116.6108616,
              32.2425032
            ],
            [
              -116.6108282,
              32.241602
            ],
            [
              -116.6108228,
              32.2414569
            ],
            [
              -116.610817,
              32.2413023
            ],
            [
              -116.6108012,
              32.2408752
            ],
            [
              -116.6107947,
              32.2407019
            ],
            [
              -116.6107796,
              32.2402937
            ],
            [
              -116.6107725,
              32.2401014
            ],
            [
              -116.610758,
              32.2397121
            ],
            [
              -116.6107502,
              32.2395009
            ],
            [
              -116.6107364,
              32.2391304
            ],
            [
              -116.6107235,
              32.2387825
            ],
            [
              -116.6107149,
              32.2385488
            ],
            [
              -116.6107056,
              32.2383
            ],
            [
              -116.6106933,
              32.2379672
            ],
            [
              -116.6106817,
              32.2376547
            ],
            [
              -116.6106717,
              32.2373856
            ],
            [
              -116.6106608,
              32.2370908
            ],
            [
              -116.6106501,
              32.236804
            ],
            [
              -116.6106388,
              32.2364986
            ],
            [
              -116.6106285,
              32.2362224
            ],
            [
              -116.6106165,
              32.2358981
            ],
            [
              -116.610607,
              32.2356407
            ],
            [
              -116.610598,
              32.235399
            ],
            [
              -116.6105854,
              32.2350591
            ],
            [
              -116.6105771,
              32.2348351
            ],
            [
              -116.6105638,
              32.2344774
            ],
            [
              -116.6105561,
              32.2342711
            ],
            [
              -116.6105422,
              32.2338958
            ],
            [
              -116.6105274,
              32.2334961
            ],
            [
              -116.6105206,
              32.2333142
            ],
            [
              -116.6105051,
              32.2328956
            ],
            [
              -116.6104991,
              32.2327325
            ],
            [
              -116.6104934,
              32.2325793
            ],
            [
              -116.6104775,
              32.2321509
            ],
            [
              -116.6104724,
              32.2320154
            ],
            [
              -116.6104559,
              32.2315692
            ],
            [
              -116.6104383,
              32.2310941
            ],
            [
              -116.6104343,
              32.2309875
            ],
            [
              -116.610416,
              32.2304936
            ],
            [
              -116.6104127,
              32.2304059
            ],
            [
              -116.6104097,
              32.2303235
            ],
            [
              -116.6103912,
              32.2298242
            ],
            [
              -116.6103887,
              32.2297595
            ],
            [
              -116.6103696,
              32.2292425
            ],
            [
              -116.6103491,
              32.228692
            ],
            [
              -116.610348,
              32.2286609
            ],
            [
              -116.6103269,
              32.2280915
            ],
            [
              -116.6103264,
              32.2280792
            ],
            [
              -116.610326,
              32.2280676
            ],
            [
              -116.6103124,
              32.2277002
            ],
            [
              -116.6103051,
              32.2275037
            ],
            [
              -116.6103048,
              32.2274975
            ],
            [
              -116.6102841,
              32.2269397
            ],
            [
              -116.6102832,
              32.2269158
            ],
            [
              -116.6102632,
              32.2263757
            ],
            [
              -116.6102617,
              32.2263341
            ],
            [
              -116.61026,
              32.2262898
            ],
            [
              -116.6102401,
              32.2257524
            ],
            [
              -116.6102214,
              32.2252477
            ],
            [
              -116.6102185,
              32.2251707
            ],
            [
              -116.6102155,
              32.2250887
            ],
            [
              -116.6101969,
              32.224589
            ],
            [
              -116.6101795,
              32.2241197
            ],
            [
              -116.6101753,
              32.2240073
            ],
            [
              -116.6101709,
              32.2238876
            ],
            [
              -116.6101538,
              32.2234256
            ],
            [
              -116.6101486,
              32.223287
            ],
            [
              -116.6101322,
              32.2228439
            ],
            [
              -116.6101167,
              32.2224277
            ],
            [
              -116.6101106,
              32.2222622
            ],
            [
              -116.6101041,
              32.2220859
            ],
            [
              -116.610089,
              32.2216805
            ],
            [
              -116.6100749,
              32.2212997
            ],
            [
              -116.6100674,
              32.2210987
            ],
            [
              -116.6100595,
              32.2208847
            ],
            [
              -116.6100459,
              32.220517
            ],
            [
              -116.6100331,
              32.2201717
            ],
            [
              -116.6100243,
              32.2199353
            ],
            [
              -116.6100149,
              32.2196836
            ],
            [
              -116.6100027,
              32.2193535
            ],
            [
              -116.6099912,
              32.2190436
            ],
            [
              -116.6099811,
              32.2187718
            ],
            [
              -116.6099703,
              32.2184796
            ],
            [
              -116.6099595,
              32.2181901
            ],
            [
              -116.6099481,
              32.2178818
            ],
            [
              -116.609938,
              32.2176083
            ],
            [
              -116.6099258,
              32.2172812
            ],
            [
              -116.6099164,
              32.2170266
            ],
            [
              -116.6099075,
              32.2167875
            ],
            [
              -116.6098948,
              32.2164448
            ],
            [
              -116.6098813,
              32.2160799
            ],
            [
              -116.6098732,
              32.2158631
            ],
            [
              -116.609859,
              32.2154793
            ],
            [
              -116.6098516,
              32.2152813
            ],
            [
              -116.6098449,
              32.2150989
            ],
            [
              -116.6098432,
              32.2150967
            ],
            [
              -116.609625,
              32.2148129
            ],
            [
              -116.6095379,
              32.2146995
            ],
            [
              -116.6093013,
              32.2143917
            ],
            [
              -116.6090908,
              32.2141178
            ],
            [
              -116.6089377,
              32.2139187
            ],
            [
              -116.6087595,
              32.2136868
            ],
            [
              -116.6086436,
              32.213536
            ],
            [
              -116.6082504,
              32.2130245
            ],
            [
              -116.6082177,
              32.2129819
            ],
            [
              -116.6081964,
              32.2129542
            ],
            [
              -116.6079468,
              32.2126295
            ],
            [
              -116.6077492,
              32.2123724
            ],
            [
              -116.6075631,
              32.2121303
            ],
            [
              -116.607405,
              32.2119245
            ],
            [
              -116.6073021,
              32.2117906
            ],
            [
              -116.6068758,
              32.2112361
            ],
            [
              -116.6068631,
              32.2112196
            ],
            [
              -116.6068549,
              32.2112089
            ],
            [
              -116.6061885,
              32.2115022
            ],
            [
              -116.6059643,
              32.2116009
            ],
            [
              -116.6055333,
              32.2117906
            ],
            [
              -116.6055012,
              32.2118048
            ],
            [
              -116.60506,
              32.211999
            ],
            [
              -116.6048139,
              32.2121073
            ],
            [
              -116.6042117,
              32.2123724
            ],
            [
              -116.6041557,
              32.2123971
            ],
            [
              -116.6041266,
              32.2124099
            ],
            [
              -116.6040343,
              32.2124505
            ],
            [
              -116.6034393,
              32.2127125
            ],
            [
              -116.6032514,
              32.2127952
            ],
            [
              -116.6028901,
              32.2129542
            ],
            [
              -116.602752,
              32.213015
            ],
            [
              -116.6026023,
              32.2130809
            ],
            [
              -116.6020646,
              32.2133176
            ],
            [
              -116.6018949,
              32.2133923
            ],
            [
              -116.6015685,
              32.213536
            ],
            [
              -116.6013773,
              32.2136201
            ],
            [
              -116.6011702,
              32.2137113
            ],
            [
              -116.60069,
              32.2139227
            ],
            [
              -116.6002469,
              32.2141178
            ],
            [
              -116.6000027,
              32.2142253
            ],
            [
              -116.5996341,
              32.2143875
            ],
            [
              -116.5993154,
              32.2145278
            ],
            [
              -116.5989253,
              32.2146995
            ],
            [
              -116.5986281,
              32.2148303
            ],
            [
              -116.5983061,
              32.2149721
            ],
            [
              -116.5979408,
              32.2151329
            ],
            [
              -116.5978255,
              32.2151837
            ],
            [
              -116.5976037,
              32.2152813
            ],
            [
              -116.5972535,
              32.2154355
            ],
            [
              -116.5969211,
              32.2155817
            ],
            [
              -116.5965662,
              32.215738
            ],
            [
              -116.5962821,
              32.2158631
            ],
            [
              -116.5960168,
              32.2159798
            ],
            [
              -116.5958789,
              32.2160406
            ],
            [
              -116.5954419,
              32.2162329
            ],
            [
              -116.5951916,
              32.2163431
            ],
            [
              -116.5951125,
              32.2163779
            ],
            [
              -116.5949605,
              32.2164448
            ],
            [
              -116.5946604,
              32.2165769
            ],
            [
              -116.5945043,
              32.2166456
            ],
            [
              -116.5940099,
              32.2168633
            ],
            [
              -116.5938169,
              32.2169482
            ],
            [
              -116.593756,
              32.216975
            ],
            [
              -116.5936389,
              32.2170266
            ],
            [
              -116.5931296,
              32.2172507
            ],
            [
              -116.5928517,
              32.2173731
            ],
            [
              -116.5924423,
              32.2175533
            ],
            [
              -116.5923173,
              32.2176083
            ],
            [
              -116.591755,
              32.2178558
            ],
            [
              -116.5914952,
              32.2179702
            ],
            [
              -116.5910677,
              32.2181584
            ],
            [
              -116.5910431,
              32.2181692
            ],
            [
              -116.5909957,
              32.2181901
            ],
            [
              -116.5903804,
              32.2184609
            ],
            [
              -116.5901388,
              32.2185673
            ],
            [
              -116.5896931,
              32.2187634
            ],
            [
              -116.5896741,
              32.2187718
            ],
            [
              -116.5890058,
              32.219066
            ],
            [
              -116.5883525,
              32.2193535
            ],
            [
              -116.5883185,
              32.2193685
            ],
            [
              -116.5882816,
              32.2193848
            ],
            [
              -116.5876312,
              32.2196711
            ],
            [
              -116.5870309,
              32.2199353
            ],
            [
              -116.5869439,
              32.2199736
            ],
            [
              -116.5865215,
              32.2201595
            ],
            [
              -116.5862565,
              32.2202761
            ],
            [
              -116.5860693,
              32.2203585
            ],
            [
              -116.5857093,
              32.220517
            ],
            [
              -116.5856172,
              32.2205576
            ],
            [
              -116.5855692,
              32.2205787
            ],
            [
              -116.5854174,
              32.2206455
            ],
            [
              -116.5848819,
              32.2208812
            ],
            [
              -116.5843877,
              32.2210987
            ],
            [
              -116.5842607,
              32.2211547
            ],
            [
              -116.5841946,
              32.2211837
            ],
            [
              -116.5839854,
              32.2212758
            ],
            [
              -116.5835073,
              32.2214863
            ],
            [
              -116.5833564,
              32.2215527
            ],
            [
              -116.5830661,
              32.2216805
            ],
            [
              -116.58282,
              32.2217888
            ],
            [
              -116.5824521,
              32.2219508
            ],
            [
              -116.5821327,
              32.2220913
            ],
            [
              -116.5817445,
              32.2222622
            ],
            [
              -116.5815477,
              32.2223488
            ],
            [
              -116.5814454,
              32.2223939
            ],
            [
              -116.5811212,
              32.2225365
            ],
            [
              -116.5807581,
              32.2226964
            ],
            [
              -116.580423,
              32.2228439
            ],
            [
              -116.5801913,
              32.2229459
            ],
            [
              -116.5800708,
              32.2229989
            ],
            [
              -116.5796892,
              32.2231669
            ],
            [
              -116.5793835,
              32.2233014
            ],
            [
              -116.579287,
              32.2233439
            ],
            [
              -116.5791013,
              32.2234256
            ],
            [
              -116.5786961,
              32.223604
            ],
            [
              -116.5783826,
              32.223742
            ],
            [
              -116.5780089,
              32.2239065
            ],
            [
              -116.5779305,
              32.223941
            ],
            [
              -116.5777797,
              32.2240073
            ],
            [
              -116.5774783,
              32.22414
            ],
            [
              -116.5773215,
              32.224209
            ],
            [
              -116.576825,
              32.2244275
            ],
            [
              -116.5766342,
              32.2245115
            ],
            [
              -116.5764582,
              32.224589
            ],
            [
              -116.5759469,
              32.224814
            ],
            [
              -116.5753929,
              32.2250579
            ],
            [
              -116.5752596,
              32.2251166
            ],
            [
              -116.5752175,
              32.2251351
            ],
            [
              -116.5751366,
              32.2251707
            ],
            [
              -116.5745723,
              32.2254191
            ],
            [
              -116.5743132,
              32.2255331
            ],
            [
              -116.573885,
              32.2257216
            ],
            [
              -116.573815,
              32.2257524
            ],
            [
              -116.5734089,
              32.2259312
            ],
            [
              -116.5731977,
              32.2260241
            ],
            [
              -116.5725288,
              32.2263185
            ],
            [
              -116.5725104,
              32.2263266
            ],
            [
              -116.5724934,
              32.2263341
            ],
            [
              -116.5720524,
              32.2265282
            ],
            [
              -116.5718231,
              32.2266291
            ],
            [
              -116.5711718,
              32.2269158
            ],
            [
              -116.5711481,
              32.2269262
            ],
            [
              -116.5711358,
              32.2269317
            ],
            [
              -116.5710967,
              32.2269488
            ],
            [
              -116.5704485,
              32.2272342
            ],
            [
              -116.5698502,
              32.2274975
            ],
            [
              -116.5697611,
              32.2275367
            ],
            [
              -116.5696647,
              32.2275791
            ],
            [
              -116.5690738,
              32.2278392
            ],
            [
              -116.5685286,
              32.2280792
            ],
            [
              -116.5684351,
              32.2281203
            ],
            [
              -116.5683865,
              32.2281417
            ],
            [
              -116.567983,
              32.2283193
            ],
            [
              -116.5676992,
              32.2284442
            ],
            [
              -116.5675308,
              32.2285183
            ],
            [
              -116.567207,
              32.2286609
            ],
            [
              -116.5670787,
              32.2287173
            ],
            [
              -116.5670119,
              32.2287467
            ],
            [
              -116.5666265,
              32.2289164
            ],
            [
              -116.5663246,
              32.2290492
            ],
            [
              -116.5658854,
              32.2292425
            ],
            [
              -116.5657222,
              32.2293144
            ],
            [
              -116.5656373,
              32.2293517
            ],
            [
              -116.5653685,
              32.22947
            ],
            [
              -116.56495,
              32.2296542
            ],
            [
              -116.5648178,
              32.2297124
            ],
            [
              -116.5645638,
              32.2298242
            ],
            [
              -116.5642627,
              32.2299567
            ],
            [
              -116.5639135,
              32.2301104
            ],
            [
              -116.5635754,
              32.2302592
            ],
            [
              -116.5634614,
              32.2303094
            ],
            [
              -116.5632422,
              32.2304059
            ],
            [
              -116.5628881,
              32.2305617
            ],
            [
              -116.5625571,
              32.2307074
            ],
            [
              -116.5622007,
              32.2308642
            ],
            [
              -116.5621049,
              32.2309064
            ],
            [
              -116.5619206,
              32.2309875
            ],
            [
              -116.5615134,
              32.2311667
            ],
            [
              -116.5612006,
              32.2313044
            ],
            [
              -116.5608261,
              32.2314692
            ],
            [
              -116.560599,
              32.2315692
            ],
            [
              -116.5601388,
              32.2317717
            ],
            [
              -116.5596402,
              32.2319912
            ],
            [
              -116.5594515,
              32.2320742
            ],
            [
              -116.559392,
              32.2321004
            ],
            [
              -116.5592774,
              32.2321509
            ],
            [
              -116.5587642,
              32.2323767
            ],
            [
              -116.5584876,
              32.2324984
            ],
            [
              -116.5580769,
              32.2326792
            ],
            [
              -116.5580355,
              32.2326974
            ],
            [
              -116.5579558,
              32.2327325
            ],
            [
              -116.5575833,
              32.2328964
            ],
            [
              -116.5573896,
              32.2329817
            ],
            [
              -116.5571311,
              32.2330954
            ],
            [
              -116.5567023,
              32.2332842
            ],
            [
              -116.5566342,
              32.2333142
            ],
            [
              -116.556015,
              32.2335867
            ],
            [
              -116.555344,
              32.233882
            ],
            [
              -116.5553277,
              32.2338892
            ],
            [
              -116.5553225,
              32.2338914
            ],
            [
              -116.5553126,
              32.2338958
            ],
            [
              -116.5546404,
              32.2341917
            ],
            [
              -116.5544182,
              32.2342894
            ],
            [
              -116.553991,
              32.2344774
            ],
            [
              -116.5539531,
              32.2344941
            ],
            [
              -116.5535139,
              32.2346874
            ],
            [
              -116.5532657,
              32.2347966
            ],
            [
              -116.5530617,
              32.2348864
            ],
            [
              -116.5526694,
              32.2350591
            ],
            [
              -116.5525784,
              32.2350991
            ],
            [
              -116.5521574,
              32.2352844
            ],
            [
              -116.5518911,
              32.2354016
            ],
            [
              -116.5513478,
              32.2356407
            ],
            [
              -116.5512531,
              32.2356824
            ],
            [
              -116.5512038,
              32.2357041
            ],
            [
              -116.5510478,
              32.2357728
            ],
            [
              -116.5505165,
              32.2360066
            ],
            [
              -116.5503488,
              32.2360804
            ],
            [
              -116.5500262,
              32.2362224
            ],
            [
              -116.5498292,
              32.2363091
            ],
            [
              -116.5494444,
              32.2364784
            ],
            [
              -116.5491419,
              32.2366115
            ],
            [
              -116.5487046,
              32.236804
            ],
            [
              -116.5485401,
              32.2368764
            ],
            [
              -116.5484546,
              32.236914
            ],
            [
              -116.548088,
              32.2370754
            ],
            [
              -116.5477673,
              32.2372165
            ],
            [
              -116.547383,
              32.2373856
            ],
            [
              -116.5471837,
              32.2374733
            ],
            [
              -116.54708,
              32.237519
            ],
            [
              -116.5467515,
              32.2376635
            ],
            [
              -116.5463926,
              32.2378215
            ],
            [
              -116.5462793,
              32.2378713
            ],
            [
              -116.5460614,
              32.2379672
            ],
            [
              -116.5458272,
              32.2380703
            ],
            [
              -116.5457053,
              32.2381239
            ],
            [
              -116.5453195,
              32.2382937
            ],
            [
              -116.545018,
              32.2384264
            ],
            [
              -116.5449229,
              32.2384683
            ],
            [
              -116.5447398,
              32.2385488
            ],
            [
              -116.5440185,
              32.2388663
            ],
            [
              -116.5436434,
              32.2390313
            ],
            [
              -116.5435664,
              32.2390653
            ],
            [
              -116.5434182,
              32.2391304
            ],
            [
              -116.5429561,
              32.2393338
            ],
            [
              -116.5426621,
              32.2394632
            ],
            [
              -116.5422688,
              32.2396363
            ],
            [
              -116.5419605,
              32.2397719
            ],
            [
              -116.5415815,
              32.2399388
            ],
            [
              -116.5414426,
              32.2399999
            ],
            [
              -116.5413739,
              32.2400301
            ],
            [
              -116.541277,
              32.2400728
            ],
            [
              -116.5402074,
              32.2405435
            ],
            [
              -116.5325766,
              32.2439015
            ],
            [
              -116.5306903,
              32.2447316
            ],
            [
              -116.5292649,
              32.2453589
            ],
            [
              -116.5291081,
              32.2453556
            ],
            [
              -116.5290038,
              32.2453535
            ],
            [
              -116.5285226,
              32.2453435
            ],
            [
              -116.5280645,
              32.245334
            ],
            [
              -116.5278353,
              32.2453293
            ],
            [
              -116.5273935,
              32.2453202
            ],
            [
              -116.5268902,
              32.2453098
            ],
            [
              -116.5264607,
              32.2453009
            ],
            [
              -116.5260517,
              32.2452924
            ],
            [
              -116.5254811,
              32.2452806
            ],
            [
              -116.5250861,
              32.2452725
            ],
            [
              -116.5247099,
              32.2452647
            ],
            [
              -116.5243988,
              32.2452583
            ],
            [
              -116.5240721,
              32.2452515
            ],
            [
              -116.5237115,
              32.2452441
            ],
            [
              -116.5233676,
              32.2452369
            ],
            [
              -116.5230242,
              32.2452298
            ],
            [
              -116.5226971,
              32.2452231
            ],
            [
              -116.5219585,
              32.2452078
            ],
            [
              -116.5216496,
              32.2452014
            ],
            [
              -116.521254,
              32.2451933
            ],
            [
              -116.5209622,
              32.2451872
            ],
            [
              -116.5205495,
              32.2451787
            ],
            [
              -116.5202749,
              32.245173
            ],
            [
              -116.519845,
              32.2451641
            ],
            [
              -116.5195876,
              32.2451588
            ],
            [
              -116.5193425,
              32.2451537
            ],
            [
              -116.5189003,
              32.2451446
            ],
            [
              -116.5186716,
              32.2451399
            ],
            [
              -116.5177314,
              32.2451204
            ],
            [
              -116.5175257,
              32.2451162
            ],
            [
              -116.5173298,
              32.2451121
            ],
            [
              -116.5168384,
              32.245102
            ],
            [
              -116.5163223,
              32.2450913
            ],
            [
              -116.5161511,
              32.2450877
            ],
            [
              -116.515988,
              32.2450844
            ],
            [
              -116.5154638,
              32.2450735
            ],
            [
              -116.515317,
              32.2450705
            ],
            [
              -116.5147765,
              32.2450593
            ],
            [
              -116.5142088,
              32.2450476
            ],
            [
              -116.5140892,
              32.2450451
            ],
            [
              -116.5139752,
              32.2450428
            ],
            [
              -116.5134018,
              32.2450309
            ],
            [
              -116.5133043,
              32.2450289
            ],
            [
              -116.5127145,
              32.2450167
            ],
            [
              -116.5120952,
              32.2450039
            ],
            [
              -116.5120272,
              32.2450025
            ],
            [
              -116.5119625,
              32.2450012
            ],
            [
              -116.5113399,
              32.2449883
            ],
            [
              -116.5106862,
              32.2449748
            ],
            [
              -116.5106526,
              32.2449741
            ],
            [
              -116.5106206,
              32.2449734
            ],
            [
              -116.5099653,
              32.2449599
            ],
            [
              -116.5093122,
              32.2449464
            ],
            [
              -116.5092788,
              32.2449457
            ],
            [
              -116.509278,
              32.2449456
            ],
            [
              -116.5092771,
              32.2449456
            ],
            [
              -116.5085907,
              32.2449314
            ],
            [
              -116.507937,
              32.2449179
            ],
            [
              -116.5079034,
              32.2449172
            ],
            [
              -116.5078681,
              32.2449165
            ],
            [
              -116.5072161,
              32.244903
            ],
            [
              -116.5065951,
              32.2448902
            ],
            [
              -116.5065288,
              32.2448888
            ],
            [
              -116.506459,
              32.2448874
            ],
            [
              -116.5058414,
              32.2448746
            ],
            [
              -116.5057545,
              32.2448728
            ],
            [
              -116.5051541,
              32.2448604
            ],
            [
              -116.50505,
              32.2448582
            ],
            [
              -116.5044668,
              32.2448462
            ],
            [
              -116.5039115,
              32.2448347
            ],
            [
              -116.5037795,
              32.244832
            ],
            [
              -116.503641,
              32.2448291
            ],
            [
              -116.5030922,
              32.2448178
            ],
            [
              -116.5029364,
              32.2448146
            ],
            [
              -116.5024049,
              32.2448036
            ],
            [
              -116.5018987,
              32.2447931
            ],
            [
              -116.5017176,
              32.2447894
            ],
            [
              -116.5015274,
              32.2447854
            ],
            [
              -116.5010303,
              32.2447751
            ],
            [
              -116.5005569,
              32.2447653
            ],
            [
              -116.500343,
              32.2447609
            ],
            [
              -116.5001184,
              32.2447563
            ],
            [
              -116.4996557,
              32.2447467
            ],
            [
              -116.4992151,
              32.2447376
            ],
            [
              -116.4989684,
              32.2447325
            ],
            [
              -116.4985441,
              32.2447237
            ],
            [
              -116.4982811,
              32.2447183
            ],
            [
              -116.4980048,
              32.2447126
            ],
            [
              -116.4975937,
              32.2447041
            ],
            [
              -116.4973003,
              32.244698
            ],
            [
              -116.4969064,
              32.2446899
            ],
            [
              -116.4965314,
              32.2446821
            ],
            [
              -116.4962191,
              32.2446757
            ],
            [
              -116.4958605,
              32.2446683
            ],
            [
              -116.4955318,
              32.2446615
            ],
            [
              -116.4951867,
              32.2446543
            ],
            [
              -116.4948445,
              32.2446473
            ],
            [
              -116.4945187,
              32.2446405
            ],
            [
              -116.4941572,
              32.244633
            ],
            [
              -116.4937777,
              32.2446252
            ],
            [
              -116.4934699,
              32.2446188
            ],
            [
              -116.4930731,
              32.2446106
            ],
            [
              -116.4927826,
              32.2446046
            ],
            [
              -116.4923686,
              32.2445961
            ],
            [
              -116.4920953,
              32.2445904
            ],
            [
              -116.491835,
              32.244585
            ],
            [
              -116.491408,
              32.2445762
            ],
            [
              -116.4911641,
              32.2445712
            ],
            [
              -116.4907207,
              32.244562
            ],
            [
              -116.4904932,
              32.2445573
            ],
            [
              -116.4900333,
              32.2445478
            ],
            [
              -116.4895505,
              32.2445378
            ],
            [
              -116.4891513,
              32.2445295
            ],
            [
              -116.4886587,
              32.2445194
            ],
            [
              -116.4881415,
              32.2445087
            ],
            [
              -116.4879714,
              32.2445052
            ],
            [
              -116.4874369,
              32.2444941
            ],
            [
              -116.4872841,
              32.2444909
            ],
            [
              -116.4871386,
              32.2444879
            ],
            [
              -116.4865968,
              32.2444767
            ],
            [
              -116.4864677,
              32.2444741
            ],
            [
              -116.4859095,
              32.2444625
            ],
            [
              -116.4853234,
              32.2444504
            ],
            [
              -116.4852222,
              32.2444483
            ],
            [
              -116.4851258,
              32.2444463
            ],
            [
              -116.4845349,
              32.2444341
            ],
            [
              -116.4839143,
              32.2444213
            ],
            [
              -116.4838476,
              32.2444199
            ],
            [
              -116.483784,
              32.2444186
            ],
            [
              -116.4831602,
              32.2444057
            ],
            [
              -116.4825053,
              32.2443921
            ],
            [
              -116.4824422,
              32.2443908
            ],
            [
              -116.4817857,
              32.2443773
            ],
            [
              -116.4811819,
              32.2443648
            ],
            [
              -116.4810983,
              32.244363
            ],
            [
              -116.4810962,
              32.244363
            ],
            [
              -116.480411,
              32.2443488
            ],
            [
              -116.4797585,
              32.2443354
            ],
            [
              -116.4797237,
              32.2443346
            ],
            [
              -116.4790876,
              32.2443215
            ],
            [
              -116.4790364,
              32.2443204
            ],
            [
              -116.4789827,
              32.2443193
            ],
            [
              -116.4783491,
              32.2443062
            ],
            [
              -116.4777458,
              32.2442937
            ],
            [
              -116.4776618,
              32.244292
            ],
            [
              -116.4775736,
              32.2442902
            ],
            [
              -116.4769745,
              32.2442778
            ],
            [
              -116.4768691,
              32.2442756
            ],
            [
              -116.4762872,
              32.2442636
            ],
            [
              -116.475733,
              32.2442521
            ],
            [
              -116.4755999,
              32.2442494
            ],
            [
              -116.4750621,
              32.2442383
            ],
            [
              -116.4749126,
              32.2442352
            ],
            [
              -116.4747556,
              32.2442319
            ],
            [
              -116.4742252,
              32.244221
            ],
            [
              -116.474051,
              32.2442174
            ],
            [
              -116.473538,
              32.2442067
            ],
            [
              -116.4733465,
              32.2442028
            ],
            [
              -116.4728506,
              32.2441925
            ],
            [
              -116.4723784,
              32.2441828
            ],
            [
              -116.4721633,
              32.2441783
            ],
            [
              -116.4719374,
              32.2441737
            ],
            [
              -116.4710366,
              32.244155
            ],
            [
              -116.4707887,
              32.2441499
            ],
            [
              -116.4703657,
              32.2441412
            ],
            [
              -116.4701014,
              32.2441357
            ],
            [
              -116.4698239,
              32.24413
            ],
            [
              -116.4694141,
              32.2441215
            ],
            [
              -116.4690239,
              32.2441134
            ],
            [
              -116.4687268,
              32.2441073
            ],
            [
              -116.4684149,
              32.2441008
            ],
            [
              -116.4680395,
              32.2440931
            ],
            [
              -116.467682,
              32.2440857
            ],
            [
              -116.4673522,
              32.2440789
            ],
            [
              -116.4670058,
              32.2440717
            ],
            [
              -116.4666649,
              32.2440647
            ],
            [
              -116.4663013,
              32.2440571
            ],
            [
              -116.4656693,
              32.2440441
            ],
            [
              -116.4652902,
              32.2440362
            ],
            [
              -116.4648922,
              32.244028
            ],
            [
              -116.464603,
              32.244022
            ],
            [
              -116.4643274,
              32.2440163
            ],
            [
              -116.4639156,
              32.2440078
            ],
            [
              -116.4636565,
              32.2440025
            ],
            [
              -116.4627787,
              32.2439843
            ],
            [
              -116.462541,
              32.2439794
            ],
            [
              -116.4623147,
              32.2439747
            ],
            [
              -116.4618537,
              32.2439652
            ],
            [
              -116.4613696,
              32.2439552
            ],
            [
              -116.4611664,
              32.243951
            ],
            [
              -116.4606651,
              32.2439406
            ],
            [
              -116.460434,
              32.2439358
            ],
            [
              -116.4591416,
              32.2439091
            ],
            [
              -116.4585656,
              32.2438972
            ],
            [
              -116.4569473,
              32.2438637
            ],
            [
              -116.456506,
              32.2438546
            ],
            [
              -116.4562333,
              32.243849
            ],
            [
              -116.4559441,
              32.243843
            ],
            [
              -116.452055,
              32.2437626
            ],
            [
              -116.4490163,
              32.2436998
            ],
            [
              -116.4470648,
              32.2436594
            ],
            [
              -116.445707,
              32.2436314
            ],
            [
              -116.4437557,
              32.243591
            ],
            [
              -116.4433823,
              32.2435833
            ],
            [
              -116.4428278,
              32.2435718
            ],
            [
              -116.4425233,
              32.2435655
            ],
            [
              -116.4424799,
              32.2435646
            ],
            [
              -116.4423475,
              32.2435619
            ],
            [
              -116.4419218,
              32.2435531
            ],
            [
              -116.441643,
              32.2435473
            ],
            [
              -116.4408454,
              32.2435309
            ],
            [
              -116.4405471,
              32.2435247
            ],
            [
              -116.440234,
              32.2435182
            ],
            [
              -116.4398598,
              32.2435105
            ],
            [
              -116.4395035,
              32.2435031
            ],
            [
              -116.4391725,
              32.2434963
            ],
            [
              -116.4388249,
              32.2434891
            ],
            [
              -116.4384852,
              32.2434821
            ],
            [
              -116.4381204,
              32.2434745
            ],
            [
              -116.4377979,
              32.2434678
            ],
            [
              -116.4374908,
              32.2434615
            ],
            [
              -116.4371106,
              32.2434536
            ],
            [
              -116.4368199,
              32.2434476
            ],
            [
              -116.4364233,
              32.2434394
            ],
            [
              -116.4360068,
              32.2434308
            ],
            [
              -116.435736,
              32.2434252
            ],
            [
              -116.435478,
              32.2434199
            ],
            [
              -116.4350487,
              32.243411
            ],
            [
              -116.4348071,
              32.243406
            ],
            [
              -116.4343613,
              32.2433968
            ],
            [
              -116.4338933,
              32.2433871
            ],
            [
              -116.4336741,
              32.2433826
            ],
            [
              -116.4334653,
              32.2433783
            ],
            [
              -116.4329867,
              32.2433684
            ],
            [
              -116.4324842,
              32.243358
            ],
            [
              -116.4322994,
              32.2433542
            ],
            [
              -116.4321234,
              32.2433505
            ],
            [
              -116.4316121,
              32.24334
            ],
            [
              -116.4310752,
              32.2433289
            ],
            [
              -116.4309248,
              32.2433257
            ],
            [
              -116.4307816,
              32.2433228
            ],
            [
              -116.4302375,
              32.2433115
            ],
            [
              -116.4296661,
              32.2432997
            ],
            [
              -116.4295502,
              32.2432973
            ],
            [
              -116.4294398,
              32.243295
            ],
            [
              -116.4288629,
              32.2432831
            ],
            [
              -116.4282571,
              32.2432706
            ],
            [
              -116.4281756,
              32.2432689
            ],
            [
              -116.428098,
              32.2432673
            ],
            [
              -116.4274883,
              32.2432547
            ],
            [
              -116.427427,
              32.2432534
            ],
            [
              -116.426801,
              32.2432405
            ],
            [
              -116.4267561,
              32.2432396
            ],
            [
              -116.4261136,
              32.2432263
            ],
            [
              -116.425439,
              32.2432123
            ],
            [
              -116.4254263,
              32.2432121
            ],
            [
              -116.4254143,
              32.2432118
            ],
            [
              -116.4249213,
              32.2432016
            ],
            [
              -116.4247391,
              32.2431979
            ],
            [
              -116.4247345,
              32.2431978
            ],
            [
              -116.4240517,
              32.2431836
            ],
            [
              -116.4234015,
              32.2431702
            ],
            [
              -116.4233644,
              32.2431694
            ],
            [
              -116.4233254,
              32.2431686
            ],
            [
              -116.4226771,
              32.2431552
            ],
            [
              -116.4226209,
              32.2431541
            ],
            [
              -116.4219898,
              32.243141
            ],
            [
              -116.4213888,
              32.2431286
            ],
            [
              -116.4213025,
              32.2431268
            ],
            [
              -116.4207179,
              32.2431147
            ],
            [
              -116.4206152,
              32.2431126
            ],
            [
              -116.4205074,
              32.2431104
            ],
            [
              -116.4199279,
              32.2430984
            ],
            [
              -116.4198028,
              32.2430958
            ],
            [
              -116.4192406,
              32.2430842
            ],
            [
              -116.4187051,
              32.2430731
            ],
            [
              -116.4185533,
              32.24307
            ],
            [
              -116.4183938,
              32.2430667
            ],
            [
              -116.417866,
              32.2430557
            ],
            [
              -116.4176892,
              32.2430521
            ],
            [
              -116.4171786,
              32.2430415
            ],
            [
              -116.4166924,
              32.2430315
            ],
            [
              -116.4162802,
              32.243023
            ],
            [
              -116.415804,
              32.2430131
            ],
            [
              -116.4153506,
              32.2430038
            ],
            [
              -116.4151167,
              32.2429989
            ],
            [
              -116.4149955,
              32.2429964
            ],
            [
              -116.4144294,
              32.2429847
            ],
            [
              -116.4141667,
              32.2429793
            ],
            [
              -116.4137421,
              32.2429705
            ],
            [
              -116.4133378,
              32.2429621
            ],
            [
              -116.4127576,
              32.2429501
            ],
            [
              -116.4123675,
              32.2429421
            ],
            [
              -116.4120531,
              32.2429356
            ],
            [
              -116.4116802,
              32.2429279
            ],
            [
              -116.4113251,
              32.2429205
            ],
            [
              -116.4109929,
              32.2429137
            ],
            [
              -116.4106541,
              32.2429067
            ],
            [
              -116.4103055,
              32.2428994
            ],
            [
              -116.4099395,
              32.2428919
            ],
            [
              -116.4096183,
              32.2428852
            ],
            [
              -116.4093123,
              32.2428789
            ],
            [
              -116.4089309,
              32.242871
            ],
            [
              -116.4086414,
              32.242865
            ],
            [
              -116.4082436,
              32.2428568
            ],
            [
              -116.4079705,
              32.2428512
            ],
            [
              -116.4075563,
              32.2428426
            ],
            [
              -116.4072996,
              32.2428373
            ],
            [
              -116.406869,
              32.2428284
            ],
            [
              -116.4064169,
              32.2428191
            ],
            [
              -116.4061817,
              32.2428142
            ],
            [
              -116.4059577,
              32.2428096
            ],
            [
              -116.4054944,
              32.2428
            ],
            [
              -116.4050078,
              32.2427899
            ],
            [
              -116.4048071,
              32.2427858
            ],
            [
              -116.4046159,
              32.2427818
            ],
            [
              -116.4041198,
              32.2427716
            ],
            [
              -116.403945,
              32.2427679
            ],
            [
              -116.4034325,
              32.2427574
            ],
            [
              -116.4028943,
              32.2427462
            ],
            [
              -116.4027452,
              32.2427431
            ],
            [
              -116.4026032,
              32.2427402
            ],
            [
              -116.4020579,
              32.2427289
            ],
            [
              -116.4014852,
              32.2427171
            ],
            [
              -116.4013705,
              32.2427147
            ],
            [
              -116.4012613,
              32.2427125
            ],
            [
              -116.4006832,
              32.2427005
            ],
            [
              -116.4000762,
              32.242688
            ],
            [
              -116.3999959,
              32.2426863
            ],
            [
              -116.3999195,
              32.2426847
            ],
            [
              -116.3993086,
              32.2426721
            ],
            [
              -116.3992486,
              32.2426708
            ],
            [
              -116.3986213,
              32.2426579
            ],
            [
              -116.3979626,
              32.2426443
            ],
            [
              -116.397934,
              32.2426437
            ],
            [
              -116.3979067,
              32.2426431
            ],
            [
              -116.3972467,
              32.2426295
            ],
            [
              -116.3972358,
              32.2426292
            ],
            [
              -116.3967911,
              32.24262
            ],
            [
              -116.3965594,
              32.2426152
            ],
            [
              -116.395894,
              32.2426015
            ],
            [
              -116.3958721,
              32.242601
            ],
            [
              -116.3952231,
              32.2425876
            ],
            [
              -116.3951848,
              32.2425868
            ],
            [
              -116.3951445,
              32.242586
            ],
            [
              -116.3944974,
              32.2425726
            ],
            [
              -116.3938813,
              32.2425599
            ],
            [
              -116.3938102,
              32.2425584
            ],
            [
              -116.3932103,
              32.242546
            ],
            [
              -116.3931228,
              32.2425442
            ],
            [
              -116.3925394,
              32.2425321
            ],
            [
              -116.3924355,
              32.24253
            ],
            [
              -116.3918685,
              32.2425183
            ],
            [
              -116.3917482,
              32.2425158
            ],
            [
              -116.3916219,
              32.2425132
            ],
            [
              -116.3910609,
              32.2425016
            ],
            [
              -116.3905267,
              32.2424905
            ],
            [
              -116.3903736,
              32.2424874
            ],
            [
              -116.3902129,
              32.242484
            ],
            [
              -116.3896863,
              32.2424731
            ],
            [
              -116.3895084,
              32.2424695
            ],
            [
              -116.388999,
              32.2424589
            ],
            [
              -116.3888038,
              32.2424549
            ],
            [
              -116.3883117,
              32.2424447
            ],
            [
              -116.387843,
              32.242435
            ],
            [
              -116.3876244,
              32.2424305
            ],
            [
              -116.3871721,
              32.2424212
            ],
            [
              -116.3869371,
              32.2424163
            ],
            [
              -116.3866903,
              32.2424112
            ],
            [
              -116.3862498,
              32.2424021
            ],
            [
              -116.3858302,
              32.2423934
            ],
            [
              -116.3855624,
              32.2423879
            ],
            [
              -116.3851594,
              32.2423795
            ],
            [
              -116.3848752,
              32.2423737
            ],
            [
              -116.3845767,
              32.2423675
            ],
            [
              -116.3841878,
              32.2423595
            ],
            [
              -116.3838175,
              32.2423518
            ],
            [
              -116.3835005,
              32.2423453
            ],
            [
              -116.3831677,
              32.2423384
            ],
            [
              -116.3828132,
              32.2423311
            ],
            [
              -116.3824631,
              32.2423238
            ],
            [
              -116.3821259,
              32.2423168
            ],
            [
              -116.3818048,
              32.2423102
            ],
            [
              -116.3814386,
              32.2423026
            ],
            [
              -116.3809449,
              32.2422924
            ],
            [
              -116.3807513,
              32.2422884
            ],
            [
              -116.3803496,
              32.2422801
            ],
            [
              -116.380064,
              32.2422742
            ],
            [
              -116.379792,
              32.2422686
            ],
            [
              -116.3793767,
              32.24226
            ],
            [
              -116.3791211,
              32.2422547
            ],
            [
              -116.3786894,
              32.2422458
            ],
            [
              -116.378236,
              32.2422364
            ],
            [
              -116.3780021,
              32.2422316
            ],
            [
              -116.3775315,
              32.2422218
            ],
            [
              -116.3773147,
              32.2422174
            ],
            [
              -116.3771083,
              32.2422131
            ],
            [
              -116.3766274,
              32.2422032
            ],
            [
              -116.3764374,
              32.2421992
            ],
            [
              -116.3759401,
              32.2421889
            ],
            [
              -116.3754179,
              32.2421782
            ],
            [
              -116.3752528,
              32.2421747
            ],
            [
              -116.3751732,
              32.2421731
            ],
            [
              -116.3749457,
              32.2421684
            ],
            [
              -116.3738782,
              32.2421463
            ],
            [
              -116.3737538,
              32.2421437
            ],
            [
              -116.3731909,
              32.2421321
            ],
            [
              -116.3725998,
              32.2421199
            ],
            [
              -116.3725036,
              32.2421179
            ],
            [
              -116.3718953,
              32.2421053
            ],
            [
              -116.3718163,
              32.2421037
            ],
            [
              -116.3711908,
              32.2420908
            ],
            [
              -116.3710701,
              32.2420883
            ],
            [
              -116.3704416,
              32.2420753
            ],
            [
              -116.3703992,
              32.2420744
            ],
            [
              -116.3697544,
              32.2420611
            ],
            [
              -116.3697283,
              32.2420605
            ],
            [
              -116.369067,
              32.2420468
            ],
            [
              -116.3686608,
              32.2420384
            ],
            [
              -116.3683797,
              32.2420326
            ],
            [
              -116.3677155,
              32.2420189
            ],
            [
              -116.3676924,
              32.2420184
            ],
            [
              -116.3676682,
              32.2420179
            ],
            [
              -116.3670051,
              32.2420042
            ],
            [
              -116.3669637,
              32.2420034
            ],
            [
              -116.3663178,
              32.24199
            ],
            [
              -116.3657028,
              32.2419773
            ],
            [
              -116.3656305,
              32.2419758
            ],
            [
              -116.3655546,
              32.2419742
            ],
            [
              -116.3649432,
              32.2419616
            ],
            [
              -116.3643609,
              32.2419496
            ],
            [
              -116.3641455,
              32.2419451
            ],
            [
              -116.3635686,
              32.2419332
            ],
            [
              -116.3630191,
              32.2419218
            ],
            [
              -116.3628813,
              32.241919
            ],
            [
              -116.3627365,
              32.241916
            ],
            [
              -116.362194,
              32.2419048
            ],
            [
              -116.3616773,
              32.2418941
            ],
            [
              -116.3615066,
              32.2418905
            ],
            [
              -116.3613275,
              32.2418868
            ],
            [
              -116.3608193,
              32.2418763
            ],
            [
              -116.3603355,
              32.2418663
            ],
            [
              -116.360132,
              32.2418621
            ],
            [
              -116.3599184,
              32.2418577
            ],
            [
              -116.3594447,
              32.2418479
            ],
            [
              -116.3592139,
              32.2418431
            ],
            [
              -116.3587574,
              32.2418337
            ],
            [
              -116.3583227,
              32.2418247
            ],
            [
              -116.3580701,
              32.2418195
            ],
            [
              -116.3576518,
              32.2418108
            ],
            [
              -116.3573828,
              32.2418053
            ],
            [
              -116.3571003,
              32.2417994
            ],
            [
              -116.3566955,
              32.2417911
            ],
            [
              -116.3563958,
              32.2417849
            ],
            [
              -116.3560082,
              32.2417769
            ],
            [
              -116.355639,
              32.2417692
            ],
            [
              -116.3553209,
              32.2417626
            ],
            [
              -116.3549681,
              32.2417554
            ],
            [
              -116.3546336,
              32.2417484
            ],
            [
              -116.3542823,
              32.2417412
            ],
            [
              -116.3539463,
              32.2417342
            ],
            [
              -116.3536263,
              32.2417276
            ],
            [
              -116.3528732,
              32.241712
            ],
            [
              -116.3525716,
              32.2417058
            ],
            [
              -116.3522844,
              32.2416999
            ],
            [
              -116.3518843,
              32.2416916
            ],
            [
              -116.3516135,
              32.241686
            ],
            [
              -116.351197,
              32.2416774
            ],
            [
              -116.3507596,
              32.2416683
            ],
            [
              -116.3505097,
              32.2416632
            ],
            [
              -116.3502717,
              32.2416583
            ],
            [
              -116.3498224,
              32.241649
            ],
            [
              -116.3496008,
              32.2416444
            ],
            [
              -116.3491351,
              32.2416348
            ],
            [
              -116.3486461,
              32.2416246
            ],
            [
              -116.3484478,
              32.2416205
            ],
            [
              -116.3482589,
              32.2416166
            ],
            [
              -116.3477605,
              32.2416063
            ],
            [
              -116.347237,
              32.2415955
            ],
            [
              -116.3470732,
              32.2415921
            ],
            [
              -116.3469171,
              32.2415889
            ],
            [
              -116.3463859,
              32.2415779
            ],
            [
              -116.345828,
              32.2415664
            ],
            [
              -116.3456985,
              32.2415637
            ],
            [
              -116.3455753,
              32.2415611
            ],
            [
              -116.3450113,
              32.2415495
            ],
            [
              -116.3444189,
              32.2415372
            ],
            [
              -116.3443239,
              32.2415353
            ],
            [
              -116.3442335,
              32.2415334
            ],
            [
              -116.3436366,
              32.2415211
            ],
            [
              -116.3430099,
              32.2415081
            ],
            [
              -116.3428916,
              32.2415057
            ],
            [
              -116.342262,
              32.2414926
            ],
            [
              -116.3416008,
              32.241479
            ],
            [
              -116.3415747,
              32.2414784
            ],
            [
              -116.3415498,
              32.2414779
            ],
            [
              -116.3408874,
              32.2414642
            ],
            [
              -116.3405305,
              32.2414569
            ],
            [
              -116.3402001,
              32.24145
            ],
            [
              -116.339537,
              32.2414363
            ],
            [
              -116.3395128,
              32.2414358
            ],
            [
              -116.3388661,
              32.2414224
            ],
            [
              -116.3388255,
              32.2414216
            ],
            [
              -116.3387828,
              32.2414207
            ],
            [
              -116.3381382,
              32.2414074
            ],
            [
              -116.3380782,
              32.2414062
            ],
            [
              -116.3368534,
              32.2413808
            ],
            [
              -116.3367635,
              32.241379
            ],
            [
              -116.3361825,
              32.241367
            ],
            [
              -116.3360762,
              32.2413648
            ],
            [
              -116.3359647,
              32.2413625
            ],
            [
              -116.3353889,
              32.2413506
            ],
            [
              -116.3352601,
              32.2413479
            ],
            [
              -116.3347016,
              32.2413363
            ],
            [
              -116.3341697,
              32.2413253
            ],
            [
              -116.3340143,
              32.2413221
            ],
            [
              -116.3334988,
              32.2413115
            ],
            [
              -116.333327,
              32.2413079
            ],
            [
              -116.3331466,
              32.2413042
            ],
            [
              -116.3326397,
              32.2412937
            ],
            [
              -116.3324421,
              32.2412896
            ],
            [
              -116.3319524,
              32.2412795
            ],
            [
              -116.3314861,
              32.2412699
            ],
            [
              -116.3312651,
              32.2412653
            ],
            [
              -116.331033,
              32.2412605
            ],
            [
              -116.3305777,
              32.2412511
            ],
            [
              -116.3303285,
              32.2412459
            ],
            [
              -116.3298905,
              32.2412369
            ],
            [
              -116.3294733,
              32.2412282
            ],
            [
              -116.3292032,
              32.2412227
            ],
            [
              -116.3289194,
              32.2412168
            ],
            [
              -116.3285158,
              32.2412084
            ],
            [
              -116.3281315,
              32.2412005
            ],
            [
              -116.3278285,
              32.2411942
            ],
            [
              -116.3274606,
              32.2411866
            ],
            [
              -116.3271412,
              32.24118
            ],
            [
              -116.3268059,
              32.2411731
            ],
            [
              -116.3264539,
              32.2411658
            ],
            [
              -116.3261014,
              32.2411585
            ],
            [
              -116.3257666,
              32.2411516
            ],
            [
              -116.3254478,
              32.241145
            ],
            [
              -116.3250793,
              32.2411374
            ],
            [
              -116.3247769,
              32.2411311
            ],
            [
              -116.324392,
              32.2411232
            ],
            [
              -116.3239878,
              32.2411148
            ],
            [
              -116.3237047,
              32.241109
            ],
            [
              -116.3234351,
              32.2411034
            ],
            [
              -116.3230174,
              32.2410948
            ],
            [
              -116.3227642,
              32.2410895
            ],
            [
              -116.3223301,
              32.2410806
            ],
            [
              -116.3220932,
              32.2410757
            ],
            [
              -116.3216427,
              32.2410663
            ],
            [
              -116.3211697,
              32.2410566
            ],
            [
              -116.3209555,
              32.2410521
            ],
            [
              -116.3207514,
              32.2410479
            ],
            [
              -116.3202681,
              32.2410379
            ],
            [
              -116.3200805,
              32.2410341
            ],
            [
              -116.3195808,
              32.2410237
            ],
            [
              -116.3190562,
              32.2410129
            ],
            [
              -116.3188935,
              32.2410095
            ],
            [
              -116.3187387,
              32.2410063
            ],
            [
              -116.3182062,
              32.2409953
            ],
            [
              -116.3176471,
              32.2409837
            ],
            [
              -116.3175189,
              32.2409811
            ],
            [
              -116.3169426,
              32.2409692
            ],
            [
              -116.3168316,
              32.2409669
            ],
            [
              -116.3167259,
              32.2409647
            ],
            [
              -116.3161443,
              32.2409527
            ],
            [
              -116.3155335,
              32.24094
            ],
            [
              -116.315457,
              32.2409385
            ],
            [
              -116.314829,
              32.2409255
            ],
            [
              -116.3147131,
              32.2409231
            ],
            [
              -116.3140824,
              32.24091
            ],
            [
              -116.31342,
              32.2408963
            ],
            [
              -116.313395,
              32.2408958
            ],
            [
              -116.3127155,
              32.2408818
            ],
            [
              -116.3127077,
              32.2408816
            ],
            [
              -116.3124002,
              32.2408752
            ],
            [
              -116.3120204,
              32.2408674
            ],
            [
              -116.3113586,
              32.2408537
            ],
            [
              -116.3113331,
              32.2408532
            ],
            [
              -116.3113064,
              32.2408526
            ],
            [
              -116.3106458,
              32.240839
            ],
            [
              -116.3100168,
              32.240826
            ],
            [
              -116.3099585,
              32.2408248
            ],
            [
              -116.3093458,
              32.2408121
            ],
            [
              -116.3092712,
              32.2408106
            ],
            [
              -116.3091928,
              32.2408089
            ],
            [
              -116.3085839,
              32.2407964
            ],
            [
              -116.3084883,
              32.2407944
            ],
            [
              -116.3078966,
              32.2407821
            ],
            [
              -116.3073331,
              32.2407705
            ],
            [
              -116.3072093,
              32.2407679
            ],
            [
              -116.3070793,
              32.2407652
            ],
            [
              -116.306522,
              32.2407537
            ],
            [
              -116.3063747,
              32.2407507
            ],
            [
              -116.3058346,
              32.2407395
            ],
            [
              -116.3053203,
              32.2407289
            ],
            [
              -116.3051474,
              32.2407253
            ],
            [
              -116.3049657,
              32.2407216
            ],
            [
              -116.30446,
              32.2407111
            ],
            [
              -116.3042612,
              32.240707
            ],
            [
              -116.3037727,
              32.2406969
            ],
            [
              -116.3033076,
              32.2406873
            ],
            [
              -116.3030854,
              32.2406827
            ],
            [
              -116.3028521,
              32.2406778
            ],
            [
              -116.3023981,
              32.2406685
            ],
            [
              -116.3019657,
              32.2406595
            ],
            [
              -116.3017108,
              32.2406543
            ],
            [
              -116.3012948,
              32.2406456
            ],
            [
              -116.3007386,
              32.2406342
            ],
            [
              -116.3003362,
              32.2406258
            ],
            [
              -116.299953,
              32.2406179
            ],
            [
              -116.2996489,
              32.2406116
            ],
            [
              -116.2993295,
              32.240605
            ],
            [
              -116.2989616,
              32.2405974
            ],
            [
              -116.298625,
              32.2405905
            ],
            [
              -116.2982743,
              32.2405832
            ],
            [
              -116.2979402,
              32.2405763
            ],
            [
              -116.2975869,
              32.240569
            ],
            [
              -116.2972693,
              32.2405624
            ],
            [
              -116.2968996,
              32.2405548
            ],
            [
              -116.2965984,
              32.2405485
            ],
            [
              -116.2958069,
              32.2405322
            ],
            [
              -116.295525,
              32.2405264
            ],
            [
              -116.2952566,
              32.2405208
            ],
            [
              -116.2948377,
              32.2405121
            ],
            [
              -116.2945857,
              32.2405069
            ],
            [
              -116.2941504,
              32.2404979
            ],
            [
              -116.2936933,
              32.2404885
            ],
            [
              -116.2934631,
              32.2404837
            ],
            [
              -116.2929888,
              32.2404739
            ],
            [
              -116.2927758,
              32.2404695
            ],
            [
              -116.2925729,
              32.2404653
            ],
            [
              -116.2920885,
              32.2404553
            ],
            [
              -116.291902,
              32.2404514
            ],
            [
              -116.2914012,
              32.2404411
            ],
            [
              -116.2908753,
              32.2404302
            ],
            [
              -116.2907139,
              32.2404269
            ],
            [
              -116.2905602,
              32.2404237
            ],
            [
              -116.2900266,
              32.2404127
            ],
            [
              -116.2894662,
              32.2404011
            ],
            [
              -116.2893393,
              32.2403985
            ],
            [
              -116.2892183,
              32.240396
            ],
            [
              -116.2886519,
              32.2403843
            ],
            [
              -116.2885474,
              32.2403821
            ],
            [
              -116.2879646,
              32.24037
            ],
            [
              -116.2873526,
              32.2403574
            ],
            [
              -116.2872773,
              32.2403558
            ],
            [
              -116.2872056,
              32.2403543
            ],
            [
              -116.28659,
              32.2403416
            ],
            [
              -116.2859436,
              32.2403283
            ],
            [
              -116.2859027,
              32.2403274
            ],
            [
              -116.2858638,
              32.2403266
            ],
            [
              -116.2852154,
              32.2403132
            ],
            [
              -116.2851929,
              32.2403127
            ],
            [
              -116.2845281,
              32.240299
            ],
            [
              -116.2845219,
              32.2402989
            ],
            [
              -116.2842699,
              32.2402937
            ],
            [
              -116.283851,
              32.240285
            ],
            [
              -116.2838408,
              32.2402848
            ],
            [
              -116.2831801,
              32.2402711
            ],
            [
              -116.2831535,
              32.2402706
            ],
            [
              -116.2831255,
              32.24027
            ],
            [
              -116.2824662,
              32.2402564
            ],
            [
              -116.2818382,
              32.2402434
            ],
            [
              -116.2817788,
              32.2402422
            ],
            [
              -116.2817165,
              32.2402409
            ],
            [
              -116.2810916,
              32.2402279
            ],
            [
              -116.2804964,
              32.2402156
            ],
            [
              -116.2804042,
              32.2402137
            ],
            [
              -116.2803074,
              32.2402117
            ],
            [
              -116.2797169,
              32.2401995
            ],
            [
              -116.2791546,
              32.2401879
            ],
            [
              -116.2790296,
              32.2401853
            ],
            [
              -116.2788984,
              32.2401826
            ],
            [
              -116.2783423,
              32.2401711
            ],
            [
              -116.2778128,
              32.2401602
            ],
            [
              -116.277655,
              32.2401569
            ],
            [
              -116.2774893,
              32.2401535
            ],
            [
              -116.2769677,
              32.2401427
            ],
            [
              -116.2767848,
              32.2401389
            ],
            [
              -116.2762804,
              32.2401285
            ],
            [
              -116.2758,
              32.2401185
            ],
            [
              -116.2755931,
              32.2401143
            ],
            [
              -116.2753758,
              32.2401098
            ],
            [
              -116.2749058,
              32.2401
            ],
            [
              -116.2746712,
              32.2400952
            ],
            [
              -116.2742185,
              32.2400858
            ],
            [
              -116.2739667,
              32.2400806
            ],
            [
              -116.2735311,
              32.2400716
            ],
            [
              -116.2732622,
              32.2400661
            ],
            [
              -116.2728438,
              32.2400574
            ],
            [
              -116.2724455,
              32.2400492
            ],
            [
              -116.2721566,
              32.2400432
            ],
            [
              -116.2718532,
              32.2400369
            ],
            [
              -116.2714692,
              32.240029
            ],
            [
              -116.2711486,
              32.2400224
            ],
            [
              -116.2704327,
              32.2400076
            ],
            [
              -116.2697396,
              32.2399932
            ],
            [
              -116.2694073,
              32.2399864
            ],
            [
              -116.2690909,
              32.2399798
            ],
            [
              -116.26872,
              32.2399722
            ],
            [
              -116.2683305,
              32.2399641
            ],
            [
              -116.2680327,
              32.2399579
            ],
            [
              -116.267749,
              32.2399521
            ],
            [
              -116.2673454,
              32.2399437
            ],
            [
              -116.2670781,
              32.2399382
            ],
            [
              -116.2666581,
              32.2399295
            ],
            [
              -116.2664072,
              32.2399243
            ],
            [
              -116.2659708,
              32.2399153
            ],
            [
              -116.2657363,
              32.2399105
            ],
            [
              -116.2652835,
              32.2399011
            ],
            [
              -116.2648079,
              32.2398913
            ],
            [
              -116.2645961,
              32.2398869
            ],
            [
              -116.2643944,
              32.2398827
            ],
            [
              -116.2639088,
              32.2398727
            ],
            [
              -116.2637235,
              32.2398689
            ],
            [
              -116.2632215,
              32.2398585
            ],
            [
              -116.2626944,
              32.2398476
            ],
            [
              -116.2625342,
              32.2398443
            ],
            [
              -116.2619898,
              32.239833
            ],
            [
              -116.2618469,
              32.23983
            ],
            [
              -116.2617108,
              32.2398272
            ],
            [
              -116.2605808,
              32.2398039
            ],
            [
              -116.2604723,
              32.2398016
            ],
            [
              -116.260369,
              32.2397995
            ],
            [
              -116.259785,
              32.2397874
            ],
            [
              -116.2591718,
              32.2397747
            ],
            [
              -116.2590977,
              32.2397732
            ],
            [
              -116.2584672,
              32.2397602
            ],
            [
              -116.2584104,
              32.239759
            ],
            [
              -116.2583562,
              32.2397579
            ],
            [
              -116.257723,
              32.2397448
            ],
            [
              -116.2576853,
              32.239744
            ],
            [
              -116.2570357,
              32.2397306
            ],
            [
              -116.2563537,
              32.2397165
            ],
            [
              -116.2563484,
              32.2397164
            ],
            [
              -116.2563435,
              32.2397163
            ],
            [
              -116.2561396,
              32.2397121
            ],
            [
              -116.2556611,
              32.2397022
            ],
            [
              -116.2550016,
              32.2396885
            ],
            [
              -116.2549738,
              32.239688
            ],
            [
              -116.2549446,
              32.2396873
            ],
            [
              -116.2542865,
              32.2396737
            ],
            [
              -116.2542401,
              32.2396728
            ],
            [
              -116.2535992,
              32.2396595
            ],
            [
              -116.2535356,
              32.2396582
            ],
            [
              -116.2529119,
              32.2396453
            ],
            [
              -116.252318,
              32.239633
            ],
            [
              -116.2522246,
              32.2396311
            ],
            [
              -116.251647,
              32.2396192
            ],
            [
              -116.2515373,
              32.2396169
            ],
            [
              -116.251422,
              32.2396145
            ],
            [
              -116.25085,
              32.2396027
            ],
            [
              -116.2503052,
              32.2395914
            ],
            [
              -116.2501627,
              32.2395885
            ],
            [
              -116.250013,
              32.2395854
            ],
            [
              -116.2494754,
              32.2395743
            ],
            [
              -116.2489634,
              32.2395637
            ],
            [
              -116.248788,
              32.2395601
            ],
            [
              -116.2482925,
              32.2395498
            ],
            [
              -116.2481007,
              32.2395458
            ],
            [
              -116.2476216,
              32.2395359
            ],
            [
              -116.2474134,
              32.2395316
            ],
            [
              -116.2471949,
              32.2395271
            ],
            [
              -116.2467261,
              32.2395174
            ],
            [
              -116.2464904,
              32.2395125
            ],
            [
              -116.2460388,
              32.2395032
            ],
            [
              -116.2457858,
              32.239498
            ],
            [
              -116.2453515,
              32.239489
            ],
            [
              -116.2449379,
              32.2394804
            ],
            [
              -116.2446642,
              32.2394748
            ],
            [
              -116.2443768,
              32.2394689
            ],
            [
              -116.2439769,
              32.2394606
            ],
            [
              -116.2435961,
              32.2394527
            ],
            [
              -116.2432896,
              32.2394464
            ],
            [
              -116.2429251,
              32.2394388
            ],
            [
              -116.2426023,
              32.2394322
            ],
            [
              -116.2422632,
              32.2394251
            ],
            [
              -116.2419149,
              32.239418
            ],
            [
              -116.2415587,
              32.2394106
            ],
            [
              -116.2412277,
              32.2394037
            ],
            [
              -116.2409124,
              32.2393972
            ],
            [
              -116.2405403,
              32.2393895
            ],
            [
              -116.2402415,
              32.2393833
            ],
            [
              -116.239853,
              32.2393753
            ],
            [
              -116.2395706,
              32.2393695
            ],
            [
              -116.2391657,
              32.2393611
            ],
            [
              -116.2388997,
              32.2393556
            ],
            [
              -116.2384784,
              32.2393469
            ],
            [
              -116.2380361,
              32.2393378
            ],
            [
              -116.2377911,
              32.2393327
            ],
            [
              -116.2373316,
              32.2393232
            ],
            [
              -116.2371038,
              32.2393185
            ],
            [
              -116.2368869,
              32.239314
            ],
            [
              -116.2364165,
              32.2393043
            ],
            [
              -116.2359225,
              32.2392941
            ],
            [
              -116.2357292,
              32.2392901
            ],
            [
              -116.235218,
              32.2392795
            ],
            [
              -116.2350419,
              32.2392758
            ],
            [
              -116.2345135,
              32.2392649
            ],
            [
              -116.2343546,
              32.2392616
            ],
            [
              -116.2338089,
              32.2392503
            ],
            [
              -116.2336673,
              32.2392474
            ],
            [
              -116.2331044,
              32.2392358
            ],
            [
              -116.2329799,
              32.2392332
            ],
            [
              -116.2328614,
              32.2392308
            ],
            [
              -116.2316954,
              32.2392067
            ],
            [
              -116.2316053,
              32.2392048
            ],
            [
              -116.2315196,
              32.239203
            ],
            [
              -116.230918,
              32.2391906
            ],
            [
              -116.2308486,
              32.2391891
            ],
            [
              -116.2299103,
              32.2391697
            ],
            [
              -116.2291854,
              32.2391548
            ],
            [
              -116.2281728,
              32.2391338
            ],
            [
              -116.2281688,
              32.2391337
            ],
            [
              -116.2281613,
              32.2391336
            ],
            [
              -116.2264313,
              32.2390978
            ],
            [
              -116.2254813,
              32.2390782
            ],
            [
              -116.2253547,
              32.2390756
            ],
            [
              -116.2240449,
              32.2390485
            ],
            [
              -116.2239457,
              32.2390464
            ],
            [
              -116.2227977,
              32.2390227
            ],
            [
              -116.2226703,
              32.2390201
            ],
            [
              -116.2225366,
              32.2390173
            ],
            [
              -116.221983,
              32.2390058
            ],
            [
              -116.2218321,
              32.2390027
            ],
            [
              -116.2212957,
              32.2389916
            ],
            [
              -116.2207849,
              32.2389811
            ],
            [
              -116.2206084,
              32.2389774
            ],
            [
              -116.220114,
              32.2389672
            ],
            [
              -116.2199211,
              32.2389632
            ],
            [
              -116.2194431,
              32.2389533
            ],
            [
              -116.2192338,
              32.238949
            ],
            [
              -116.2187722,
              32.2389395
            ],
            [
              -116.2185465,
              32.2389348
            ],
            [
              -116.2183095,
              32.2389299
            ],
            [
              -116.2178591,
              32.2389206
            ],
            [
              -116.217605,
              32.2389153
            ],
            [
              -116.2171719,
              32.2389064
            ],
            [
              -116.2167594,
              32.2388978
            ],
            [
              -116.2164845,
              32.2388922
            ],
            [
              -116.2161959,
              32.2388862
            ],
            [
              -116.2157972,
              32.2388779
            ],
            [
              -116.2154914,
              32.2388716
            ],
            [
              -116.2151099,
              32.2388637
            ],
            [
              -116.2147869,
              32.2388571
            ],
            [
              -116.2144226,
              32.2388495
            ],
            [
              -116.2140757,
              32.2388424
            ],
            [
              -116.2137353,
              32.2388353
            ],
            [
              -116.2134048,
              32.2388285
            ],
            [
              -116.213048,
              32.2388211
            ],
            [
              -116.2126733,
              32.2388134
            ],
            [
              -116.2123607,
              32.2388069
            ],
            [
              -116.212063,
              32.2388007
            ],
            [
              -116.2116734,
              32.2387927
            ],
            [
              -116.2112642,
              32.2387842
            ],
            [
              -116.2109861,
              32.2387785
            ],
            [
              -116.2105597,
              32.2387697
            ],
            [
              -116.2102988,
              32.2387643
            ],
            [
              -116.2100503,
              32.2387591
            ],
            [
              -116.2096115,
              32.2387501
            ],
            [
              -116.2091507,
              32.2387405
            ],
            [
              -116.2089241,
              32.2387358
            ],
            [
              -116.2087084,
              32.2387314
            ],
            [
              -116.2082368,
              32.2387216
            ],
            [
              -116.2080375,
              32.2387175
            ],
            [
              -116.2070371,
              32.2386968
            ],
            [
              -116.2068622,
              32.2386932
            ],
            [
              -116.2063326,
              32.2386823
            ],
            [
              -116.2061749,
              32.238679
            ],
            [
              -116.2060248,
              32.2386759
            ],
            [
              -116.2054876,
              32.2386648
            ],
            [
              -116.2049235,
              32.2386531
            ],
            [
              -116.2048003,
              32.2386506
            ],
            [
              -116.2046829,
              32.2386482
            ],
            [
              -116.204113,
              32.2386364
            ],
            [
              -116.2035145,
              32.238624
            ],
            [
              -116.2034257,
              32.2386222
            ],
            [
              -116.20281,
              32.2386094
            ],
            [
              -116.2027384,
              32.238608
            ],
            [
              -116.2026702,
              32.2386065
            ],
            [
              -116.202051,
              32.2385937
            ],
            [
              -116.2019993,
              32.2385927
            ],
            [
              -116.2013638,
              32.2385795
            ],
            [
              -116.2006964,
              32.2385657
            ],
            [
              -116.2006764,
              32.2385653
            ],
            [
              -116.2006574,
              32.2385649
            ],
            [
              -116.1999891,
              32.2385511
            ],
            [
              -116.1998791,
              32.2385488
            ],
            [
              -116.1993156,
              32.2385372
            ],
            [
              -116.1993018,
              32.2385369
            ],
            [
              -116.1986447,
              32.2385233
            ],
            [
              -116.1986145,
              32.2385227
            ],
            [
              -116.1985828,
              32.238522
            ],
            [
              -116.1979272,
              32.2385085
            ],
            [
              -116.1978783,
              32.2385075
            ],
            [
              -116.1972399,
              32.2384943
            ],
            [
              -116.1966319,
              32.2384817
            ],
            [
              -116.1965526,
              32.23848
            ],
            [
              -116.1964693,
              32.2384783
            ],
            [
              -116.1958653,
              32.2384658
            ],
            [
              -116.1952901,
              32.238454
            ],
            [
              -116.195178,
              32.2384516
            ],
            [
              -116.1946192,
              32.2384401
            ],
            [
              -116.1944907,
              32.2384374
            ],
            [
              -116.1943557,
              32.2384346
            ],
            [
              -116.1938034,
              32.2384232
            ],
            [
              -116.1932773,
              32.2384123
            ],
            [
              -116.193116,
              32.238409
            ],
            [
              -116.1926064,
              32.2383985
            ],
            [
              -116.1924288,
              32.2383948
            ],
            [
              -116.1922421,
              32.2383909
            ],
            [
              -116.1917414,
              32.2383806
            ],
            [
              -116.1912646,
              32.2383707
            ],
            [
              -116.1910542,
              32.2383664
            ],
            [
              -116.1905937,
              32.2383568
            ],
            [
              -116.1903668,
              32.2383522
            ],
            [
              -116.1899228,
              32.238343
            ],
            [
              -116.1896795,
              32.2383379
            ],
            [
              -116.1894241,
              32.2383327
            ],
            [
              -116.1889922,
              32.2383237
            ],
            [
              -116.1887195,
              32.2383181
            ],
            [
              -116.1883049,
              32.2383095
            ],
            [
              -116.188015,
              32.2383035
            ],
            [
              -116.1876176,
              32.2382953
            ],
            [
              -116.1872391,
              32.2382875
            ],
            [
              -116.1869303,
              32.2382811
            ],
            [
              -116.1865682,
              32.2382736
            ],
            [
              -116.186243,
              32.2382669
            ],
            [
              -116.1859015,
              32.2382598
            ],
            [
              -116.1855556,
              32.2382527
            ],
            [
              -116.1851969,
              32.2382453
            ],
            [
              -116.1848683,
              32.2382385
            ],
            [
              -116.1845554,
              32.238232
            ],
            [
              -116.1841811,
              32.2382243
            ],
            [
              -116.1838845,
              32.2382181
            ],
            [
              -116.1834937,
              32.2382101
            ],
            [
              -116.1830834,
              32.2382016
            ],
            [
              -116.1828064,
              32.2381958
            ],
            [
              -116.1825427,
              32.2381904
            ],
            [
              -116.1821191,
              32.2381816
            ],
            [
              -116.1816743,
              32.2381724
            ],
            [
              -116.1814318,
              32.2381674
            ],
            [
              -116.1812008,
              32.2381626
            ],
            [
              -116.1807445,
              32.2381532
            ],
            [
              -116.1802652,
              32.2381433
            ],
            [
              -116.1800572,
              32.238139
            ],
            [
              -116.179859,
              32.2381349
            ],
            [
              -116.1793699,
              32.2381248
            ],
            [
              -116.1788562,
              32.2381142
            ],
            [
              -116.1786826,
              32.2381106
            ],
            [
              -116.1781517,
              32.2380996
            ],
            [
              -116.1779952,
              32.2380964
            ],
            [
              -116.1778463,
              32.2380933
            ],
            [
              -116.177308,
              32.2380822
            ],
            [
              -116.1767427,
              32.2380705
            ],
            [
              -116.1766206,
              32.2380679
            ],
            [
              -116.1765045,
              32.2380655
            ],
            [
              -116.1759333,
              32.2380537
            ],
            [
              -116.1753336,
              32.2380413
            ],
            [
              -116.1752461,
              32.2380395
            ],
            [
              -116.1751626,
              32.2380378
            ],
            [
              -116.1745587,
              32.2380253
            ],
            [
              -116.1739245,
              32.2380122
            ],
            [
              -116.1738714,
              32.2380111
            ],
            [
              -116.1738207,
              32.23801
            ],
            [
              -116.1731841,
              32.2379969
            ],
            [
              -116.1725155,
              32.2379831
            ],
            [
              -116.1724968,
              32.2379827
            ],
            [
              -116.171811,
              32.2379685
            ],
            [
              -116.1718095,
              32.2379685
            ],
            [
              -116.1717488,
              32.2379672
            ],
            [
              -116.1711371,
              32.2379546
            ],
            [
              -116.1711222,
              32.2379543
            ],
            [
              -116.1711065,
              32.2379539
            ],
            [
              -116.1704349,
              32.23794
            ],
            [
              -116.1697953,
              32.2379268
            ],
            [
              -116.1697476,
              32.2379258
            ],
            [
              -116.1691244,
              32.2379129
            ],
            [
              -116.1690602,
              32.2379116
            ],
            [
              -116.1684535,
              32.2378991
            ],
            [
              -116.168373,
              32.2378974
            ],
            [
              -116.1682884,
              32.2378957
            ],
            [
              -116.1676856,
              32.2378832
            ],
            [
              -116.1671116,
              32.2378713
            ],
            [
              -116.1669983,
              32.237869
            ],
            [
              -116.1664407,
              32.2378575
            ],
            [
              -116.166311,
              32.2378548
            ],
            [
              -116.1661748,
              32.237852
            ],
            [
              -116.1656237,
              32.2378406
            ],
            [
              -116.1650989,
              32.2378297
            ],
            [
              -116.1649364,
              32.2378264
            ],
            [
              -116.164428,
              32.2378158
            ],
            [
              -116.1642491,
              32.2378122
            ],
            [
              -116.1640613,
              32.2378083
            ],
            [
              -116.1635618,
              32.237798
            ],
            [
              -116.1630862,
              32.2377881
            ],
            [
              -116.1628745,
              32.2377837
            ],
            [
              -116.1626522,
              32.2377791
            ],
            [
              -116.1621871,
              32.2377695
            ],
            [
              -116.1617443,
              32.2377604
            ],
            [
              -116.1614999,
              32.2377553
            ],
            [
              -116.1612431,
              32.23775
            ],
            [
              -116.1608125,
              32.2377411
            ],
            [
              -116.1605387,
              32.2377354
            ],
            [
              -116.1601252,
              32.2377269
            ],
            [
              -116.1598341,
              32.2377209
            ],
            [
              -116.1594379,
              32.2377127
            ],
            [
              -116.1590607,
              32.2377049
            ],
            [
              -116.1587506,
              32.2376985
            ],
            [
              -116.1583897,
              32.237691
            ],
            [
              -116.1580633,
              32.2376843
            ],
            [
              -116.1577206,
              32.2376772
            ],
            [
              -116.157376,
              32.23767
            ],
            [
              -116.1570479,
              32.2376633
            ],
            [
              -116.1566887,
              32.2376558
            ],
            [
              -116.1563769,
              32.2376494
            ],
            [
              -116.1560014,
              32.2376416
            ],
            [
              -116.1557061,
              32.2376355
            ],
            [
              -116.1553141,
              32.2376274
            ],
            [
              -116.1550352,
              32.2376216
            ],
            [
              -116.1546268,
              32.2376132
            ],
            [
              -116.1543642,
              32.2376078
            ],
            [
              -116.1539395,
              32.237599
            ],
            [
              -116.1534934,
              32.2375898
            ],
            [
              -116.1532521,
              32.2375848
            ],
            [
              -116.1527889,
              32.2375752
            ],
            [
              -116.1525649,
              32.2375706
            ],
            [
              -116.1523515,
              32.2375662
            ],
            [
              -116.1518775,
              32.2375564
            ],
            [
              -116.1516806,
              32.2375523
            ],
            [
              -116.1511902,
              32.2375421
            ],
            [
              -116.1510096,
              32.2375384
            ],
            [
              -116.1505029,
              32.2375279
            ],
            [
              -116.1499708,
              32.2375169
            ],
            [
              -116.1498156,
              32.2375137
            ],
            [
              -116.1496678,
              32.2375107
            ],
            [
              -116.1491283,
              32.2374995
            ],
            [
              -116.1489969,
              32.2374968
            ],
            [
              -116.148441,
              32.2374853
            ],
            [
              -116.1478573,
              32.2374732
            ],
            [
              -116.1477537,
              32.2374711
            ],
            [
              -116.1471527,
              32.2374587
            ],
            [
              -116.1470664,
              32.2374569
            ],
            [
              -116.1464482,
              32.2374441
            ],
            [
              -116.146379,
              32.2374427
            ],
            [
              -116.1461949,
              32.2374389
            ],
            [
              -116.1459276,
              32.2375852
            ],
            [
              -116.1456918,
              32.2377143
            ],
            [
              -116.1455103,
              32.2378137
            ],
            [
              -116.1452298,
              32.2379672
            ],
            [
              -116.1450045,
              32.2380906
            ],
            [
              -116.1446757,
              32.2382706
            ],
            [
              -116.1443171,
              32.2384669
            ],
            [
              -116.1442584,
              32.2384991
            ],
            [
              -116.1441675,
              32.2385488
            ],
            [
              -116.1436298,
              32.2388432
            ],
            [
              -116.1434237,
              32.238956
            ],
            [
              -116.1431052,
              32.2391304
            ],
            [
              -116.1430064,
              32.2391845
            ],
            [
              -116.1426445,
              32.2393827
            ],
            [
              -116.1422552,
              32.2395958
            ],
            [
              -116.1421718,
              32.2396414
            ],
            [
              -116.1420428,
              32.2397121
            ],
            [
              -116.1415679,
              32.2399721
            ],
            [
              -116.1413372,
              32.2400984
            ],
            [
              -116.1409804,
              32.2402937
            ],
            [
              -116.1409198,
              32.2403269
            ],
            [
              -116.1408806,
              32.2403483
            ],
            [
              -116.1406975,
              32.2404486
            ],
            [
              -116.1401933,
              32.2407246
            ],
            [
              -116.1400852,
              32.2407838
            ],
            [
              -116.1399181,
              32.2408752
            ],
            [
              -116.1395059,
              32.2411009
            ],
            [
              -116.1392506,
              32.2412407
            ],
            [
              -116.1388558,
              32.2414569
            ],
            [
              -116.1388333,
              32.2414692
            ],
            [
              -116.1388187,
              32.2414772
            ],
            [
              -116.138416,
              32.2416977
            ],
            [
              -116.1381314,
              32.2418535
            ],
            [
              -116.1377935,
              32.2420384
            ],
            [
              -116.137444,
              32.2422297
            ],
            [
              -116.1368037,
              32.2425803
            ],
            [
              -116.1367568,
              32.242606
            ],
            [
              -116.1367467,
              32.2426115
            ],
            [
              -116.1367311,
              32.24262
            ],
            [
              -116.1363294,
              32.24284
            ],
            [
              -116.1360695,
              32.2429823
            ],
            [
              -116.1359121,
              32.2430685
            ],
            [
              -116.1356688,
              32.2432016
            ],
            [
              -116.1353821,
              32.2433586
            ],
            [
              -116.1348568,
              32.2436462
            ],
            [
              -116.1346948,
              32.2437348
            ],
            [
              -116.1346601,
              32.2437538
            ],
            [
              -116.1346065,
              32.2437832
            ],
            [
              -116.1342428,
              32.2439823
            ],
            [
              -116.1340075,
              32.2441111
            ],
            [
              -116.1335441,
              32.2443648
            ],
            [
              -116.1333202,
              32.2444874
            ],
            [
              -116.1329908,
              32.2446677
            ],
            [
              -116.1326329,
              32.2448636
            ],
            [
              -116.1325736,
              32.2448961
            ],
            [
              -116.1324818,
              32.2449464
            ],
            [
              -116.1319456,
              32.2452399
            ],
            [
              -116.1314194,
              32.2455279
            ],
            [
              -116.1313216,
              32.2455815
            ],
            [
              -116.1312583,
              32.2456162
            ],
            [
              -116.130963,
              32.2457778
            ],
            [
              -116.1305709,
              32.2459924
            ],
            [
              -116.1303571,
              32.2461095
            ],
            [
              -116.1298837,
              32.2463687
            ],
            [
              -116.1296523,
              32.2464953
            ],
            [
              -116.1292948,
              32.2466911
            ],
            [
              -116.1291964,
              32.2467449
            ],
            [
              -116.129016,
              32.2468437
            ],
            [
              -116.128509,
              32.2471212
            ],
            [
              -116.1282324,
              32.2472726
            ],
            [
              -116.1279831,
              32.2474091
            ],
            [
              -116.1278217,
              32.2474974
            ],
            [
              -116.12717,
              32.2478542
            ],
            [
              -116.1271345,
              32.2478737
            ],
            [
              -116.1270691,
              32.2479095
            ],
            [
              -116.1264471,
              32.2482499
            ],
            [
              -116.1263138,
              32.2483229
            ],
            [
              -116.1261077,
              32.2484357
            ],
            [
              -116.1258965,
              32.2485514
            ],
            [
              -116.1257598,
              32.2486262
            ],
            [
              -116.1251222,
              32.2489753
            ],
            [
              -116.1250725,
              32.2490024
            ],
            [
              -116.1250619,
              32.2490083
            ],
            [
              -116.1243852,
              32.2493787
            ],
            [
              -116.1242272,
              32.2494652
            ],
            [
              -116.1239831,
              32.2495988
            ],
            [
              -116.1236979,
              32.2497549
            ],
            [
              -116.1233926,
              32.249922
            ],
            [
              -116.1230106,
              32.2501312
            ],
            [
              -116.1229753,
              32.2501505
            ],
            [
              -116.1229207,
              32.2501804
            ],
            [
              -116.122558,
              32.250379
            ],
            [
              -116.1223233,
              32.2505074
            ],
            [
              -116.1218584,
              32.2507619
            ],
            [
              -116.1216359,
              32.2508837
            ],
            [
              -116.1212283,
              32.2511068
            ],
            [
              -116.1209486,
              32.2512599
            ],
            [
              -116.1208887,
              32.2512927
            ],
            [
              -116.1207961,
              32.2513434
            ],
            [
              -116.1204714,
              32.2515212
            ],
            [
              -116.1202614,
              32.2516361
            ],
            [
              -116.1200541,
              32.2517496
            ],
            [
              -116.1197337,
              32.251925
            ],
            [
              -116.1196368,
              32.251978
            ],
            [
              -116.119574,
              32.2520124
            ],
            [
              -116.1192814,
              32.2521726
            ],
            [
              -116.1188867,
              32.2523886
            ],
            [
              -116.1188021,
              32.2524349
            ],
            [
              -116.1186713,
              32.2525065
            ],
            [
              -116.1181994,
              32.2527648
            ],
            [
              -116.117609,
              32.253088
            ],
            [
              -116.1175121,
              32.2531411
            ],
            [
              -116.1171328,
              32.2533487
            ],
            [
              -116.1168248,
              32.2535173
            ],
            [
              -116.1165467,
              32.2536695
            ],
            [
              -116.1161375,
              32.2538935
            ],
            [
              -116.1154844,
              32.254251
            ],
            [
              -116.1154636,
              32.2542624
            ],
            [
              -116.1154502,
              32.2542698
            ],
            [
              -116.1153876,
              32.254304
            ],
            [
              -116.114629,
              32.2547193
            ],
            [
              -116.114422,
              32.2548326
            ],
            [
              -116.1142116,
              32.2549477
            ],
            [
              -116.1134406,
              32.2553697
            ],
            [
              -116.1133813,
              32.2554022
            ],
            [
              -116.1133597,
              32.2554141
            ],
            [
              -116.1129597,
              32.255633
            ],
            [
              -116.1123859,
              32.2559471
            ],
            [
              -116.1120136,
              32.2561509
            ],
            [
              -116.1117078,
              32.2563183
            ],
            [
              -116.1113264,
              32.2565271
            ],
            [
              -116.1112904,
              32.2565467
            ],
            [
              -116.111235,
              32.2565771
            ],
            [
              -116.110639,
              32.2569033
            ],
            [
              -116.1104558,
              32.2570036
            ],
            [
              -116.1101727,
              32.2571586
            ],
            [
              -116.1096212,
              32.2574604
            ],
            [
              -116.1092644,
              32.2576557
            ],
            [
              -116.1087866,
              32.2579173
            ],
            [
              -116.1085771,
              32.2580319
            ],
            [
              -116.108048,
              32.2583216
            ],
            [
              -116.1078898,
              32.2584081
            ],
            [
              -116.1075999,
              32.2585668
            ],
            [
              -116.1071495,
              32.2588134
            ],
            [
              -116.1069857,
              32.258903
            ],
            [
              -116.1067,
              32.2590594
            ],
            [
              -116.1065152,
              32.2591606
            ],
            [
              -116.1059233,
              32.2594845
            ],
            [
              -116.1058278,
              32.2595368
            ],
            [
              -116.105448,
              32.2597447
            ],
            [
              -116.1051405,
              32.259913
            ],
            [
              -116.1048609,
              32.260066
            ],
            [
              -116.1043836,
              32.2603273
            ],
            [
              -116.1037986,
              32.2606475
            ],
            [
              -116.1037788,
              32.2606583
            ],
            [
              -116.1037659,
              32.2606654
            ],
            [
              -116.103706,
              32.2606982
            ],
            [
              -116.1030786,
              32.2610416
            ],
            [
              -116.1027363,
              32.2612289
            ],
            [
              -116.1025268,
              32.2613436
            ],
            [
              -116.1023913,
              32.2614178
            ],
            [
              -116.1021095,
              32.261572
            ],
            [
              -116.101674,
              32.2618104
            ],
            [
              -116.1012749,
              32.2620288
            ],
            [
              -116.1010167,
              32.2621702
            ],
            [
              -116.1006116,
              32.2623919
            ],
            [
              -116.1003294,
              32.2625463
            ],
            [
              -116.100023,
              32.2627141
            ],
            [
              -116.0996421,
              32.2629225
            ],
            [
              -116.0995493,
              32.2629733
            ],
            [
              -116.0991883,
              32.2631709
            ],
            [
              -116.0989548,
              32.2632987
            ],
            [
              -116.098771,
              32.2633993
            ],
            [
              -116.0984869,
              32.2635548
            ],
            [
              -116.0979363,
              32.2638561
            ],
            [
              -116.0975802,
              32.2640511
            ],
            [
              -116.0974246,
              32.2641362
            ],
            [
              -116.0968928,
              32.2644273
            ],
            [
              -116.0966845,
              32.2645414
            ],
            [
              -116.0963623,
              32.2647177
            ],
            [
              -116.0962671,
              32.2647698
            ],
            [
              -116.0962055,
              32.2648035
            ],
            [
              -116.0959184,
              32.2649607
            ],
            [
              -116.0955183,
              32.2651796
            ],
            [
              -116.0954325,
              32.2652266
            ],
            [
              -116.0952999,
              32.2652991
            ],
            [
              -116.0948309,
              32.2655558
            ],
            [
              -116.0945978,
              32.2656834
            ],
            [
              -116.0942376,
              32.2658806
            ],
            [
              -116.0941436,
              32.265932
            ],
            [
              -116.0937632,
              32.2661402
            ],
            [
              -116.0934563,
              32.2663082
            ],
            [
              -116.0933459,
              32.2663686
            ],
            [
              -116.0931753,
              32.266462
            ],
            [
              -116.092769,
              32.2666843
            ],
            [
              -116.0925113,
              32.2668254
            ],
            [
              -116.0921129,
              32.2670434
            ],
            [
              -116.0920939,
              32.2670538
            ],
            [
              -116.0920817,
              32.2670605
            ],
            [
              -116.0920245,
              32.2670918
            ],
            [
              -116.0913944,
              32.2674367
            ],
            [
              -116.0910505,
              32.2676249
            ],
            [
              -116.090842,
              32.267739
            ],
            [
              -116.0907071,
              32.2678129
            ],
            [
              -116.0900776,
              32.2681574
            ],
            [
              -116.0900198,
              32.268189
            ],
            [
              -116.0900074,
              32.2681958
            ],
            [
              -116.0899882,
              32.2682063
            ],
            [
              -116.0895901,
              32.2684242
            ],
            [
              -116.0893324,
              32.2685652
            ],
            [
              -116.0889259,
              32.2687877
            ],
            [
              -116.0887554,
              32.268881
            ],
            [
              -116.0886452,
              32.2689414
            ],
            [
              -116.0881307,
              32.269223
            ],
            [
              -116.0879578,
              32.2693175
            ],
            [
              -116.0878636,
              32.2693691
            ],
            [
              -116.0872705,
              32.2696937
            ],
            [
              -116.0870862,
              32.2697946
            ],
            [
              -116.0868012,
              32.2699506
            ],
            [
              -116.0866689,
              32.270023
            ],
            [
              -116.0865832,
              32.2700699
            ],
            [
              -116.0861837,
              32.2702885
            ],
            [
              -116.0858959,
              32.270446
            ],
            [
              -116.0857389,
              32.270532
            ],
            [
              -116.0852086,
              32.2708222
            ],
            [
              -116.0846765,
              32.2711134
            ],
            [
              -116.0845213,
              32.2711983
            ],
            [
              -116.084165,
              32.2713933
            ],
            [
              -116.083834,
              32.2715745
            ],
            [
              -116.0837477,
              32.2716217
            ],
            [
              -116.0836142,
              32.2716948
            ],
            [
              -116.0833304,
              32.2718501
            ],
            [
              -116.0831467,
              32.2719506
            ],
            [
              -116.0825518,
              32.2722762
            ],
            [
              -116.0824957,
              32.2723069
            ],
            [
              -116.0824593,
              32.2723268
            ],
            [
              -116.0822899,
              32.2724195
            ],
            [
              -116.0817721,
              32.2727029
            ],
            [
              -116.0814895,
              32.2728576
            ],
            [
              -116.0812437,
              32.2729921
            ],
            [
              -116.0810848,
              32.2730791
            ],
            [
              -116.0804272,
              32.273439
            ],
            [
              -116.0804092,
              32.2734488
            ],
            [
              -116.0803974,
              32.2734552
            ],
            [
              -116.0799918,
              32.2736772
            ],
            [
              -116.0797102,
              32.2738314
            ],
            [
              -116.0791572,
              32.274134
            ],
            [
              -116.0790228,
              32.2742075
            ],
            [
              -116.078396,
              32.2745506
            ],
            [
              -116.0783355,
              32.2745837
            ],
            [
              -116.0783225,
              32.2745908
            ],
            [
              -116.0783025,
              32.2746017
            ],
            [
              -116.0779052,
              32.2748192
            ],
            [
              -116.0776482,
              32.2749598
            ],
            [
              -116.0770706,
              32.2752759
            ],
            [
              -116.0769609,
              32.2753359
            ],
            [
              -116.0764491,
              32.275616
            ],
            [
              -116.0762736,
              32.2757121
            ],
            [
              -116.0761778,
              32.2757645
            ],
            [
              -116.0758187,
              32.2759611
            ],
            [
              -116.0755863,
              32.2760882
            ],
            [
              -116.0751155,
              32.2763459
            ],
            [
              -116.074984,
              32.2764178
            ],
            [
              -116.0745022,
              32.2766815
            ],
            [
              -116.0742117,
              32.2768405
            ],
            [
              -116.0740532,
              32.2769272
            ],
            [
              -116.0737321,
              32.2771029
            ],
            [
              -116.0735243,
              32.2772166
            ],
            [
              -116.0733148,
              32.2773313
            ],
            [
              -116.0729908,
              32.2775086
            ],
            [
              -116.0728371,
              32.2775927
            ],
            [
              -116.0725553,
              32.277747
            ],
            [
              -116.0720628,
              32.2780164
            ],
            [
              -116.0719285,
              32.27809
            ],
            [
              -116.0716455,
              32.2782448
            ],
            [
              -116.0714624,
              32.278345
            ],
            [
              -116.0708662,
              32.2786713
            ],
            [
              -116.0708109,
              32.2787016
            ],
            [
              -116.0707751,
              32.2787211
            ],
            [
              -116.0706083,
              32.2788124
            ],
            [
              -116.0700878,
              32.2790973
            ],
            [
              -116.0699763,
              32.2791583
            ],
            [
              -116.0698038,
              32.2792527
            ],
            [
              -116.0694005,
              32.2794734
            ],
            [
              -116.0691416,
              32.2796151
            ],
            [
              -116.0687414,
              32.279834
            ],
            [
              -116.0687243,
              32.2798434
            ],
            [
              -116.0687132,
              32.2798495
            ],
            [
              -116.0686614,
              32.2798778
            ],
            [
              -116.0680259,
              32.2802256
            ],
            [
              -116.0676791,
              32.2804154
            ],
            [
              -116.0674724,
              32.2805285
            ],
            [
              -116.0673386,
              32.2806017
            ],
            [
              -116.0670551,
              32.2807569
            ],
            [
              -116.0666512,
              32.2809779
            ],
            [
              -116.0666168,
              32.2809967
            ],
            [
              -116.065964,
              32.281354
            ],
            [
              -116.0655545,
              32.2815781
            ],
            [
              -116.0652767,
              32.2817301
            ],
            [
              -116.0647676,
              32.2820087
            ],
            [
              -116.0645893,
              32.2821062
            ],
            [
              -116.0644921,
              32.2821594
            ],
            [
              -116.063902,
              32.2824823
            ],
            [
              -116.0637165,
              32.2825838
            ],
            [
              -116.0634297,
              32.2827407
            ],
            [
              -116.0630364,
              32.282956
            ],
            [
              -116.0625274,
              32.2832345
            ],
            [
              -116.0623674,
              32.2833221
            ],
            [
              -116.0620472,
              32.2834973
            ],
            [
              -116.0618401,
              32.2836106
            ],
            [
              -116.061588,
              32.2837486
            ],
            [
              -116.0611528,
              32.2839867
            ],
            [
              -116.0607953,
              32.2841824
            ],
            [
              -116.0604655,
              32.2843628
            ],
            [
              -116.060378,
              32.2844107
            ],
            [
              -116.0602427,
              32.2844847
            ],
            [
              -116.0599607,
              32.2846391
            ],
            [
              -116.0597782,
              32.2847389
            ],
            [
              -116.0595434,
              32.2848674
            ],
            [
              -116.0591804,
              32.285066
            ],
            [
              -116.0590909,
              32.285115
            ],
            [
              -116.0587087,
              32.2853241
            ],
            [
              -116.0584036,
              32.2854911
            ],
            [
              -116.0581181,
              32.2856473
            ],
            [
              -116.0577162,
              32.2858672
            ],
            [
              -116.0570558,
              32.2862286
            ],
            [
              -116.0570395,
              32.2862375
            ],
            [
              -116.057029,
              32.2862433
            ],
            [
              -116.0566222,
              32.2864659
            ],
            [
              -116.0563417,
              32.2866194
            ],
            [
              -116.0557875,
              32.2869226
            ],
            [
              -116.0556543,
              32.2869955
            ],
            [
              -116.0553702,
              32.287151
            ],
            [
              -116.054931,
              32.2873913
            ],
            [
              -116.0542797,
              32.2877477
            ],
            [
              -116.0541183,
              32.287836
            ],
            [
              -116.0538687,
              32.2879726
            ],
            [
              -116.0535924,
              32.2881238
            ],
            [
              -116.053149,
              32.2883664
            ],
            [
              -116.0528064,
              32.2885539
            ],
            [
              -116.052449,
              32.2887494
            ],
            [
              -116.0522178,
              32.2888759
            ],
            [
              -116.0517441,
              32.2891352
            ],
            [
              -116.0516144,
              32.2892061
            ],
            [
              -116.0515305,
              32.289252
            ],
            [
              -116.0511391,
              32.2894661
            ],
            [
              -116.0508431,
              32.2896281
            ],
            [
              -116.0507798,
              32.2896628
            ],
            [
              -116.0506817,
              32.2897164
            ],
            [
              -116.0501559,
              32.2900042
            ],
            [
              -116.0496194,
              32.2902977
            ],
            [
              -116.0494686,
              32.2903802
            ],
            [
              -116.0491105,
              32.2905762
            ],
            [
              -116.0487812,
              32.2907563
            ],
            [
              -116.048557,
              32.290879
            ],
            [
              -116.0482759,
              32.2910328
            ],
            [
              -116.0480939,
              32.2911324
            ],
            [
              -116.0478586,
              32.2912612
            ],
            [
              -116.0474947,
              32.2914603
            ],
            [
              -116.0474412,
              32.2914895
            ],
            [
              -116.0474067,
              32.2915085
            ],
            [
              -116.0470239,
              32.2917179
            ],
            [
              -116.0467193,
              32.2918845
            ],
            [
              -116.0464323,
              32.2920415
            ],
            [
              -116.0461893,
              32.2921746
            ],
            [
              -116.046032,
              32.2922606
            ],
            [
              -116.0457719,
              32.2924029
            ],
            [
              -116.04537,
              32.2926228
            ],
            [
              -116.0453447,
              32.2926367
            ],
            [
              -116.0449373,
              32.2928596
            ],
            [
              -116.0446574,
              32.2930127
            ],
            [
              -116.0443077,
              32.2932041
            ],
            [
              -116.0439701,
              32.2933888
            ],
            [
              -116.0436854,
              32.2935446
            ],
            [
              -116.0432454,
              32.2937853
            ],
            [
              -116.0428507,
              32.2940012
            ],
            [
              -116.0425955,
              32.2941409
            ],
            [
              -116.042183,
              32.2943666
            ],
            [
              -116.0420161,
              32.2944579
            ],
            [
              -116.0419081,
              32.294517
            ],
            [
              -116.0414045,
              32.2947926
            ],
            [
              -116.0412209,
              32.294893
            ],
            [
              -116.0411206,
              32.2949479
            ],
            [
              -116.0405336,
              32.2952691
            ],
            [
              -116.0403469,
              32.2953712
            ],
            [
              -116.0400583,
              32.2955291
            ],
            [
              -116.0398462,
              32.2956451
            ],
            [
              -116.0395122,
              32.2958279
            ],
            [
              -116.0391589,
              32.2960212
            ],
            [
              -116.0390949,
              32.2960562
            ],
            [
              -116.038996,
              32.2961104
            ],
            [
              -116.0384717,
              32.2963972
            ],
            [
              -116.0382603,
              32.2965129
            ],
            [
              -116.0379336,
              32.2966916
            ],
            [
              -116.0377843,
              32.2967733
            ],
            [
              -116.0373015,
              32.2970375
            ],
            [
              -116.037097,
              32.2971493
            ],
            [
              -116.0363704,
              32.2975469
            ],
            [
              -116.035809,
              32.2978541
            ],
            [
              -116.0357564,
              32.2978828
            ],
            [
              -116.0357224,
              32.2979014
            ],
            [
              -116.0353391,
              32.2981112
            ],
            [
              -116.0350351,
              32.2982775
            ],
            [
              -116.0345045,
              32.2985678
            ],
            [
              -116.0343478,
              32.2986535
            ],
            [
              -116.0340871,
              32.2987961
            ],
            [
              -116.0336605,
              32.2990296
            ],
            [
              -116.0332525,
              32.2992528
            ],
            [
              -116.0329731,
              32.2994056
            ],
            [
              -116.0328352,
              32.2994811
            ],
            [
              -116.0326219,
              32.2995978
            ],
            [
              -116.0322858,
              32.2997816
            ],
            [
              -116.0320006,
              32.2999377
            ],
            [
              -116.0315986,
              32.3001577
            ],
            [
              -116.0315596,
              32.300179
            ],
            [
              -116.0311659,
              32.3003944
            ],
            [
              -116.0309112,
              32.3005337
            ],
            [
              -116.0304973,
              32.3007602
            ],
            [
              -116.0303313,
              32.300851
            ],
            [
              -116.0302239,
              32.3009098
            ],
            [
              -116.029914,
              32.3010793
            ],
            [
              -116.0295366,
              32.3012858
            ],
            [
              -116.029435,
              32.3013414
            ],
            [
              -116.0290793,
              32.301536
            ],
            [
              -116.0288493,
              32.3016618
            ],
            [
              -116.0283726,
              32.3019226
            ],
            [
              -116.0282448,
              32.3019926
            ],
            [
              -116.028162,
              32.3020378
            ],
            [
              -116.027776,
              32.302249
            ],
            [
              -116.0274747,
              32.3024139
            ],
            [
              -116.0273102,
              32.3025038
            ],
            [
              -116.0267874,
              32.3027899
            ],
            [
              -116.0265754,
              32.3029058
            ],
            [
              -116.0262479,
              32.303085
            ],
            [
              -116.0257408,
              32.3033625
            ],
            [
              -116.0254127,
              32.3035419
            ],
            [
              -116.0251856,
              32.3036662
            ],
            [
              -116.0249062,
              32.3038191
            ],
            [
              -116.0247255,
              32.303918
            ],
            [
              -116.0244889,
              32.3040474
            ],
            [
              -116.0241232,
              32.3042474
            ],
            [
              -116.0240381,
              32.304294
            ],
            [
              -116.0236542,
              32.304504
            ],
            [
              -116.0233508,
              32.30467
            ],
            [
              -116.0230609,
              32.3048286
            ],
            [
              -116.0228196,
              32.3049606
            ],
            [
              -116.0226636,
              32.305046
            ],
            [
              -116.0224023,
              32.3051889
            ],
            [
              -116.0219986,
              32.3054098
            ],
            [
              -116.0215677,
              32.3056455
            ],
            [
              -116.0212889,
              32.305798
            ],
            [
              -116.0209362,
              32.305991
            ],
            [
              -116.020733,
              32.3061021
            ],
            [
              -116.0206016,
              32.3061741
            ],
            [
              -116.0199883,
              32.3065095
            ],
            [
              -116.0199143,
              32.3065501
            ],
            [
              -116.0198739,
              32.3065722
            ],
            [
              -116.0194811,
              32.306787
            ],
            [
              -116.019227,
              32.3069261
            ],
            [
              -116.0188115,
              32.3071533
            ],
            [
              -116.0186465,
              32.3072436
            ],
            [
              -116.0185397,
              32.3073021
            ],
            [
              -116.0182292,
              32.3074719
            ],
            [
              -116.0178524,
              32.3076781
            ],
            [
              -116.0178118,
              32.3077002
            ],
            [
              -116.0171651,
              32.3080541
            ],
            [
              -116.0169772,
              32.3081568
            ],
            [
              -116.0166869,
              32.3083157
            ],
            [
              -116.0164777,
              32.3084301
            ],
            [
              -116.0160945,
              32.3086398
            ],
            [
              -116.0157905,
              32.3088061
            ],
            [
              -116.0157253,
              32.3088417
            ],
            [
              -116.0156246,
              32.3088968
            ],
            [
              -116.0151031,
              32.3091821
            ],
            [
              -116.0148907,
              32.3092983
            ],
            [
              -116.0145622,
              32.309478
            ],
            [
              -116.0144733,
              32.3095266
            ],
            [
              -116.0144158,
              32.3095581
            ],
            [
              -116.0141476,
              32.3097048
            ],
            [
              -116.0137285,
              32.3099341
            ],
            [
              -116.0134998,
              32.3100592
            ],
            [
              -116.0132213,
              32.3102115
            ],
            [
              -116.0130412,
              32.3103101
            ],
            [
              -116.0124375,
              32.3106403
            ],
            [
              -116.0123539,
              32.3106861
            ],
            [
              -116.0119695,
              32.3108964
            ],
            [
              -116.0116666,
              32.3110621
            ],
            [
              -116.0113752,
              32.3112215
            ],
            [
              -116.0111348,
              32.311353
            ],
            [
              -116.0109793,
              32.311438
            ],
            [
              -116.0103128,
              32.3118026
            ],
            [
              -116.0103001,
              32.3118096
            ],
            [
              -116.010292,
              32.311814
            ],
            [
              -116.0102537,
              32.311835
            ],
            [
              -116.0096046,
              32.31219
            ],
            [
              -116.0092505,
              32.3123838
            ],
            [
              -116.0090483,
              32.3124944
            ],
            [
              -116.0089174,
              32.312566
            ],
            [
              -116.0086309,
              32.3127227
            ],
            [
              -116.00823,
              32.312942
            ],
            [
              -116.0081882,
              32.3129649
            ],
            [
              -116.0077963,
              32.3131793
            ],
            [
              -116.0075427,
              32.313318
            ],
            [
              -116.0071259,
              32.313546
            ],
            [
              -116.0069616,
              32.3136358
            ],
            [
              -116.0068554,
              32.313694
            ],
            [
              -116.0065443,
              32.3138641
            ],
            [
              -116.0061681,
              32.3140699
            ],
            [
              -116.0057097,
              32.3143207
            ],
            [
              -116.0054808,
              32.3144459
            ],
            [
              -116.0052924,
              32.314549
            ],
            [
              -116.0050011,
              32.3147083
            ],
            [
              -116.0048751,
              32.3147773
            ],
            [
              -116.0047935,
              32.3148219
            ],
            [
              -116.0044578,
              32.3150055
            ],
            [
              -116.0041062,
              32.3151979
            ],
            [
              -116.0036231,
              32.3154621
            ],
            [
              -116.0034189,
              32.3155738
            ],
            [
              -116.0032058,
              32.3156904
            ],
            [
              -116.0028765,
              32.3158705
            ],
            [
              -116.0027316,
              32.3159498
            ],
            [
              -116.0023712,
              32.3161469
            ],
            [
              -116.0020443,
              32.3163258
            ],
            [
              -116.0018141,
              32.3164517
            ],
            [
              -116.0015366,
              32.3166035
            ],
            [
              -116.001357,
              32.3167017
            ],
            [
              -116.0007518,
              32.3170328
            ],
            [
              -116.0006696,
              32.3170777
            ],
            [
              -116.0002846,
              32.3172883
            ],
            [
              -115.9999824,
              32.3174537
            ],
            [
              -115.9998673,
              32.3175166
            ],
            [
              -115.999295,
              32.3178296
            ],
            [
              -115.9990327,
              32.3179731
            ],
            [
              -115.9986271,
              32.318195
            ],
            [
              -115.9986077,
              32.3182056
            ],
            [
              -115.9985722,
              32.318225
            ],
            [
              -115.9977807,
              32.318658
            ],
            [
              -115.9975648,
              32.3187761
            ],
            [
              -115.9973634,
              32.3188862
            ],
            [
              -115.9972331,
              32.3189575
            ],
            [
              -115.996946,
              32.3191145
            ],
            [
              -115.9965458,
              32.3193335
            ],
            [
              -115.9965288,
              32.3193428
            ],
            [
              -115.9965024,
              32.3193572
            ],
            [
              -115.9958585,
              32.3197094
            ],
            [
              -115.9956942,
              32.3197993
            ],
            [
              -115.9954401,
              32.3199383
            ],
            [
              -115.9952768,
              32.3200276
            ],
            [
              -115.9951712,
              32.3200854
            ],
            [
              -115.9946784,
              32.3203549
            ],
            [
              -115.9944839,
              32.3204613
            ],
            [
              -115.9944422,
              32.3204841
            ],
            [
              -115.9943778,
              32.3205194
            ],
            [
              -115.9937965,
              32.3208373
            ],
            [
              -115.9936075,
              32.3209407
            ],
            [
              -115.9933155,
              32.3211005
            ],
            [
              -115.9931093,
              32.3212132
            ],
            [
              -115.9927314,
              32.3214199
            ],
            [
              -115.992422,
              32.3215892
            ],
            [
              -115.9923556,
              32.3216255
            ],
            [
              -115.9922531,
              32.3216815
            ],
            [
              -115.9919383,
              32.3218537
            ],
            [
              -115.9917346,
              32.3219651
            ],
            [
              -115.991342,
              32.3221799
            ],
            [
              -115.9904707,
              32.3226564
            ],
            [
              -115.99036,
              32.322717
            ],
            [
              -115.990269,
              32.3227668
            ],
            [
              -115.9901284,
              32.3228437
            ],
            [
              -115.9898517,
              32.322995
            ],
            [
              -115.9896727,
              32.3230929
            ],
            [
              -115.9890171,
              32.3234516
            ],
            [
              -115.9889854,
              32.3234689
            ],
            [
              -115.9885998,
              32.3236798
            ],
            [
              -115.9882981,
              32.3238448
            ],
            [
              -115.9880037,
              32.3240058
            ],
            [
              -115.9877651,
              32.3241363
            ],
            [
              -115.9876108,
              32.3242208
            ],
            [
              -115.9871875,
              32.3244523
            ],
            [
              -115.986634,
              32.324755
            ],
            [
              -115.9862362,
              32.3249726
            ],
            [
              -115.9858791,
              32.325168
            ],
            [
              -115.9855489,
              32.3253486
            ],
            [
              -115.9849437,
              32.3256795
            ],
            [
              -115.9848439,
              32.3257341
            ],
            [
              -115.9848167,
              32.325749
            ],
            [
              -115.9841743,
              32.3261004
            ],
            [
              -115.9840093,
              32.3261906
            ],
            [
              -115.9837544,
              32.3263301
            ],
            [
              -115.983487,
              32.3264763
            ],
            [
              -115.9831747,
              32.3266471
            ],
            [
              -115.9827996,
              32.3268523
            ],
            [
              -115.982692,
              32.3269111
            ],
            [
              -115.9821123,
              32.3272282
            ],
            [
              -115.9816297,
              32.3274922
            ],
            [
              -115.981425,
              32.3276041
            ],
            [
              -115.9805674,
              32.3280732
            ],
            [
              -115.9800504,
              32.328356
            ],
            [
              -115.979505,
              32.3286542
            ],
            [
              -115.9794189,
              32.3287014
            ],
            [
              -115.9793631,
              32.3287319
            ],
            [
              -115.979103,
              32.3288741
            ],
            [
              -115.9786758,
              32.3291078
            ],
            [
              -115.9785842,
              32.3291579
            ],
            [
              -115.9784427,
              32.3292353
            ],
            [
              -115.9781669,
              32.3293861
            ],
            [
              -115.9779884,
              32.3294837
            ],
            [
              -115.9777496,
              32.3296144
            ],
            [
              -115.9773803,
              32.3298163
            ],
            [
              -115.9773322,
              32.3298426
            ],
            [
              -115.9773012,
              32.3298596
            ],
            [
              -115.976915,
              32.3300708
            ],
            [
              -115.9766139,
              32.3302355
            ],
            [
              -115.976318,
              32.3303973
            ],
            [
              -115.9760803,
              32.3305273
            ],
            [
              -115.9759265,
              32.3306114
            ],
            [
              -115.9752557,
              32.3309784
            ],
            [
              -115.9752392,
              32.3309873
            ],
            [
              -115.9748284,
              32.3312121
            ],
            [
              -115.9741933,
              32.3315594
            ],
            [
              -115.9739937,
              32.3316685
            ],
            [
              -115.9738646,
              32.3317392
            ],
            [
              -115.9732622,
              32.3320686
            ],
            [
              -115.9731773,
              32.3321151
            ],
            [
              -115.9731591,
              32.332125
            ],
            [
              -115.973131,
              32.3321404
            ],
            [
              -115.97249,
              32.332491
            ],
            [
              -115.9720687,
              32.3327214
            ],
            [
              -115.9718027,
              32.3328669
            ],
            [
              -115.9713153,
              32.3331334
            ],
            [
              -115.9711154,
              32.3332428
            ],
            [
              -115.9710725,
              32.3332662
            ],
            [
              -115.9710063,
              32.3333024
            ],
            [
              -115.9704281,
              32.3336187
            ],
            [
              -115.9698206,
              32.3339509
            ],
            [
              -115.9697408,
              32.3339945
            ],
            [
              -115.9693683,
              32.3341982
            ],
            [
              -115.9690534,
              32.3343704
            ],
            [
              -115.9688816,
              32.3344644
            ],
            [
              -115.9685686,
              32.3346356
            ],
            [
              -115.9683661,
              32.3347463
            ],
            [
              -115.9681513,
              32.3348638
            ],
            [
              -115.9678193,
              32.3350454
            ],
            [
              -115.9676789,
              32.3351222
            ],
            [
              -115.9673167,
              32.3353203
            ],
            [
              -115.9669915,
              32.3354981
            ],
            [
              -115.9668994,
              32.3355485
            ],
            [
              -115.966757,
              32.3356264
            ],
            [
              -115.9664821,
              32.3357767
            ],
            [
              -115.9663042,
              32.335874
            ],
            [
              -115.9656946,
              32.3362074
            ],
            [
              -115.9656474,
              32.3362332
            ],
            [
              -115.9656169,
              32.3362499
            ],
            [
              -115.9654745,
              32.3363278
            ],
            [
              -115.9649296,
              32.3366258
            ],
            [
              -115.9648128,
              32.3366897
            ],
            [
              -115.9646323,
              32.3367884
            ],
            [
              -115.9643955,
              32.3369179
            ],
            [
              -115.9642423,
              32.3370017
            ],
            [
              -115.9635609,
              32.3373743
            ],
            [
              -115.963555,
              32.3373775
            ],
            [
              -115.9635276,
              32.3373925
            ],
            [
              -115.9628677,
              32.3377534
            ],
            [
              -115.9627262,
              32.3378308
            ],
            [
              -115.9625076,
              32.3379503
            ],
            [
              -115.9623089,
              32.338059
            ],
            [
              -115.9615806,
              32.3384573
            ],
            [
              -115.9614931,
              32.3385052
            ],
            [
              -115.9614743,
              32.3385154
            ],
            [
              -115.9614453,
              32.3385313
            ],
            [
              -115.9610569,
              32.3387437
            ],
            [
              -115.9608058,
              32.3388811
            ],
            [
              -115.9603829,
              32.3391123
            ],
            [
              -115.9602224,
              32.3392001
            ],
            [
              -115.9601184,
              32.3392569
            ],
            [
              -115.959992,
              32.3393261
            ],
            [
              -115.9594311,
              32.3396328
            ],
            [
              -115.9589704,
              32.3398848
            ],
            [
              -115.9587439,
              32.3400087
            ],
            [
              -115.9582583,
              32.3402742
            ],
            [
              -115.9580565,
              32.3403845
            ],
            [
              -115.9577184,
              32.3405694
            ],
            [
              -115.9573692,
              32.3407604
            ],
            [
              -115.9571959,
              32.3408552
            ],
            [
              -115.9566819,
              32.3411363
            ],
            [
              -115.9564665,
              32.3412541
            ],
            [
              -115.9561336,
              32.3414361
            ],
            [
              -115.9560492,
              32.3414823
            ],
            [
              -115.9559946,
              32.3415121
            ],
            [
              -115.9556319,
              32.3417105
            ],
            [
              -115.9553073,
              32.341888
            ],
            [
              -115.9545749,
              32.3422885
            ],
            [
              -115.9542109,
              32.3424875
            ],
            [
              -115.9539327,
              32.3426397
            ],
            [
              -115.9535453,
              32.3428516
            ],
            [
              -115.9532453,
              32.3430156
            ],
            [
              -115.953128,
              32.3430798
            ],
            [
              -115.9529466,
              32.343179
            ],
            [
              -115.9527107,
              32.343308
            ],
            [
              -115.952558,
              32.3433914
            ],
            [
              -115.9522933,
              32.3435362
            ],
            [
              -115.9518842,
              32.3437599
            ],
            [
              -115.9518708,
              32.3437673
            ],
            [
              -115.9514587,
              32.3439926
            ],
            [
              -115.9508219,
              32.3443409
            ],
            [
              -115.9506241,
              32.344449
            ],
            [
              -115.9504961,
              32.344519
            ],
            [
              -115.9502068,
              32.3446772
            ],
            [
              -115.9498088,
              32.3448948
            ],
            [
              -115.9497595,
              32.3449218
            ],
            [
              -115.9493721,
              32.3451336
            ],
            [
              -115.9491215,
              32.3452707
            ],
            [
              -115.9486972,
              32.3455027
            ],
            [
              -115.9485375,
              32.3455901
            ],
            [
              -115.9484342,
              32.3456465
            ],
            [
              -115.9476349,
              32.3460837
            ],
            [
              -115.9472856,
              32.3462747
            ],
            [
              -115.9465725,
              32.3466646
            ],
            [
              -115.9464509,
              32.3467311
            ],
            [
              -115.9463723,
              32.3467741
            ],
            [
              -115.9460336,
              32.3469593
            ],
            [
              -115.945685,
              32.3471499
            ],
            [
              -115.9456163,
              32.3471875
            ],
            [
              -115.9455102,
              32.3472455
            ],
            [
              -115.9449156,
              32.3475706
            ],
            [
              -115.9444479,
              32.3478264
            ],
            [
              -115.9443644,
              32.3478721
            ],
            [
              -115.9443103,
              32.3479016
            ],
            [
              -115.9440584,
              32.3480394
            ],
            [
              -115.943623,
              32.3482774
            ],
            [
              -115.9433855,
              32.3484073
            ],
            [
              -115.9431124,
              32.3485566
            ],
            [
              -115.9429358,
              32.3486533
            ],
            [
              -115.9422778,
              32.349013
            ],
            [
              -115.9422484,
              32.3490291
            ],
            [
              -115.9421114,
              32.349104
            ],
            [
              -115.9415611,
              32.3494049
            ],
            [
              -115.9414431,
              32.3494694
            ],
            [
              -115.9412608,
              32.3495691
            ],
            [
              -115.9408738,
              32.3497808
            ],
            [
              -115.9406086,
              32.3499258
            ],
            [
              -115.9401985,
              32.35015
            ],
            [
              -115.9401865,
              32.3501566
            ],
            [
              -115.9397739,
              32.3503822
            ],
            [
              -115.9394992,
              32.3505324
            ],
            [
              -115.9391362,
              32.3507309
            ],
            [
              -115.9385219,
              32.3510668
            ],
            [
              -115.9381246,
              32.3512841
            ],
            [
              -115.9380738,
              32.3513118
            ],
            [
              -115.9376873,
              32.3515232
            ],
            [
              -115.9374373,
              32.3516599
            ],
            [
              -115.9370115,
              32.3518927
            ],
            [
              -115.9368527,
              32.3519795
            ],
            [
              -115.9367499,
              32.3520357
            ],
            [
              -115.9364354,
              32.3522077
            ],
            [
              -115.9360627,
              32.3524115
            ],
            [
              -115.9359492,
              32.3524736
            ],
            [
              -115.9353753,
              32.3527874
            ],
            [
              -115.9348868,
              32.3530545
            ],
            [
              -115.9347661,
              32.3531205
            ],
            [
              -115.934688,
              32.3531632
            ],
            [
              -115.9343237,
              32.3533624
            ],
            [
              -115.9339315,
              32.3535768
            ],
            [
              -115.9333134,
              32.3539148
            ],
            [
              -115.9330969,
              32.3540332
            ],
            [
              -115.9327621,
              32.3542162
            ],
            [
              -115.9326795,
              32.3542614
            ],
            [
              -115.9326261,
              32.3542906
            ],
            [
              -115.9316998,
              32.3547971
            ],
            [
              -115.9314276,
              32.3549459
            ],
            [
              -115.9312515,
              32.3550422
            ],
            [
              -115.930593,
              32.3554023
            ],
            [
              -115.9305642,
              32.355418
            ],
            [
              -115.9304299,
              32.3554914
            ],
            [
              -115.9298768,
              32.3557938
            ],
            [
              -115.9297583,
              32.3558586
            ],
            [
              -115.9295751,
              32.3559588
            ],
            [
              -115.9291896,
              32.3561696
            ],
            [
              -115.9289237,
              32.356315
            ],
            [
              -115.9285127,
              32.3565397
            ],
            [
              -115.9285064,
              32.3565432
            ],
            [
              -115.928483,
              32.356556
            ],
            [
              -115.9278149,
              32.3569212
            ],
            [
              -115.9276718,
              32.3569995
            ],
            [
              -115.9274504,
              32.3571205
            ],
            [
              -115.9271277,
              32.357297
            ],
            [
              -115.926536,
              32.3576205
            ],
            [
              -115.9264198,
              32.3576841
            ],
            [
              -115.9263881,
              32.3577014
            ],
            [
              -115.925753,
              32.3580486
            ],
            [
              -115.9255851,
              32.3581404
            ],
            [
              -115.9253258,
              32.3582822
            ],
            [
              -115.9250657,
              32.3584244
            ],
            [
              -115.9247506,
              32.3585967
            ],
            [
              -115.9243784,
              32.3588002
            ],
            [
              -115.9242634,
              32.3588631
            ],
            [
              -115.9237143,
              32.3591633
            ],
            [
              -115.9232011,
              32.3594439
            ],
            [
              -115.9230813,
              32.3595094
            ],
            [
              -115.9230038,
              32.3595518
            ],
            [
              -115.9226422,
              32.3597495
            ],
            [
              -115.9223165,
              32.3599276
            ],
            [
              -115.9221388,
              32.3600248
            ],
            [
              -115.9218293,
              32.3601939
            ],
            [
              -115.9216292,
              32.3603034
            ],
            [
              -115.9214121,
              32.3604221
            ],
            [
              -115.9210764,
              32.3606056
            ],
            [
              -115.9209418,
              32.3606792
            ],
            [
              -115.9205774,
              32.3608784
            ],
            [
              -115.9202546,
              32.3610549
            ],
            [
              -115.920014,
              32.3611864
            ],
            [
              -115.9197428,
              32.3613348
            ],
            [
              -115.9193536,
              32.3615475
            ],
            [
              -115.9188799,
              32.3618065
            ],
            [
              -115.9184908,
              32.3620192
            ],
            [
              -115.9181926,
              32.3621823
            ],
            [
              -115.9178894,
              32.3623481
            ],
            [
              -115.9175053,
              32.3625581
            ],
            [
              -115.9172389,
              32.3627037
            ],
            [
              -115.9168271,
              32.3629289
            ],
            [
              -115.916818,
              32.3629338
            ],
            [
              -115.9164042,
              32.3631601
            ],
            [
              -115.9157647,
              32.3635097
            ],
            [
              -115.9154434,
              32.3636854
            ],
            [
              -115.9151523,
              32.3638445
            ],
            [
              -115.9147561,
              32.3640612
            ],
            [
              -115.914735,
              32.3640727
            ],
            [
              -115.9147024,
              32.3640905
            ],
            [
              -115.9143177,
              32.3643008
            ],
            [
              -115.9140687,
              32.3644369
            ],
            [
              -115.913483,
              32.3647572
            ],
            [
              -115.9133815,
              32.3648127
            ],
            [
              -115.9129076,
              32.3650718
            ],
            [
              -115.9126484,
              32.3652135
            ],
            [
              -115.9125777,
              32.3652521
            ],
            [
              -115.9122311,
              32.3654416
            ],
            [
              -115.9120068,
              32.3655642
            ],
            [
              -115.9118138,
              32.3656698
            ],
            [
              -115.9115154,
              32.3658329
            ],
            [
              -115.9113195,
              32.36594
            ],
            [
              -115.9109792,
              32.3661261
            ],
            [
              -115.9106322,
              32.3663157
            ],
            [
              -115.9105618,
              32.3663542
            ],
            [
              -115.910453,
              32.3664137
            ],
            [
              -115.9101445,
              32.3665824
            ],
            [
              -115.9099449,
              32.3666915
            ],
            [
              -115.9093907,
              32.3669945
            ],
            [
              -115.9093099,
              32.3670387
            ],
            [
              -115.9092576,
              32.3670673
            ],
            [
              -115.9090138,
              32.3672006
            ],
            [
              -115.9084753,
              32.367495
            ],
            [
              -115.9083284,
              32.3675753
            ],
            [
              -115.908058,
              32.3677231
            ],
            [
              -115.907883,
              32.3678188
            ],
            [
              -115.9076406,
              32.3679513
            ],
            [
              -115.907266,
              32.3681561
            ],
            [
              -115.9071957,
              32.3681945
            ],
            [
              -115.9070668,
              32.368265
            ],
            [
              -115.9065084,
              32.3685703
            ],
            [
              -115.9063887,
              32.3686357
            ],
            [
              -115.9058211,
              32.368946
            ],
            [
              -115.905554,
              32.369092
            ],
            [
              -115.9051413,
              32.3693176
            ],
            [
              -115.9051368,
              32.3693202
            ],
            [
              -115.9051337,
              32.3693218
            ],
            [
              -115.9047194,
              32.3695483
            ],
            [
              -115.9044465,
              32.3696975
            ],
            [
              -115.9043021,
              32.3697764
            ],
            [
              -115.904079,
              32.3698984
            ],
            [
              -115.9037592,
              32.3700733
            ],
            [
              -115.9034675,
              32.3702327
            ],
            [
              -115.9030718,
              32.370449
            ],
            [
              -115.9030167,
              32.3704792
            ],
            [
              -115.9026328,
              32.370689
            ],
            [
              -115.9023845,
              32.3708248
            ],
            [
              -115.9017982,
              32.3711453
            ],
            [
              -115.9016972,
              32.3712005
            ],
            [
              -115.9013809,
              32.3713734
            ],
            [
              -115.900892,
              32.3716407
            ],
            [
              -115.9005463,
              32.3718297
            ],
            [
              -115.9003226,
              32.371952
            ],
            [
              -115.8998296,
              32.3722215
            ],
            [
              -115.8997116,
              32.372286
            ],
            [
              -115.8996353,
              32.3723277
            ],
            [
              -115.8992791,
              32.3725224
            ],
            [
              -115.898948,
              32.3727035
            ],
            [
              -115.898877,
              32.3727422
            ],
            [
              -115.8982606,
              32.3730792
            ],
            [
              -115.8980424,
              32.3731985
            ],
            [
              -115.8977049,
              32.373383
            ],
            [
              -115.8975734,
              32.3734549
            ],
            [
              -115.8972077,
              32.3736548
            ],
            [
              -115.8968861,
              32.3738307
            ],
            [
              -115.8967904,
              32.3738829
            ],
            [
              -115.8966426,
              32.3739637
            ],
            [
              -115.8961987,
              32.3742064
            ],
            [
              -115.8959558,
              32.3743392
            ],
            [
              -115.8955803,
              32.3745445
            ],
            [
              -115.8955114,
              32.3745821
            ],
            [
              -115.8953853,
              32.3746511
            ],
            [
              -115.8948242,
              32.3749578
            ],
            [
              -115.8947039,
              32.3750236
            ],
            [
              -115.894518,
              32.3751252
            ],
            [
              -115.8942865,
              32.3752517
            ],
            [
              -115.8941368,
              32.3753335
            ],
            [
              -115.8934519,
              32.375708
            ],
            [
              -115.8934495,
              32.3757093
            ],
            [
              -115.8930346,
              32.3759361
            ],
            [
              -115.8923932,
              32.3762867
            ],
            [
              -115.8922,
              32.3763923
            ],
            [
              -115.8920749,
              32.3764607
            ],
            [
              -115.8917827,
              32.3766205
            ],
            [
              -115.8913876,
              32.3768364
            ],
            [
              -115.8913309,
              32.3768674
            ],
            [
              -115.8907003,
              32.3772122
            ],
            [
              -115.8905307,
              32.3773048
            ],
            [
              -115.890013,
              32.3775879
            ],
            [
              -115.889696,
              32.3777611
            ],
            [
              -115.8893256,
              32.3779636
            ],
            [
              -115.8892788,
              32.3779892
            ],
            [
              -115.8886384,
              32.3783393
            ],
            [
              -115.8884441,
              32.3784455
            ],
            [
              -115.8881439,
              32.3786096
            ],
            [
              -115.8880268,
              32.3786736
            ],
            [
              -115.8879511,
              32.378715
            ],
            [
              -115.8875976,
              32.3789082
            ],
            [
              -115.8872637,
              32.3790907
            ],
            [
              -115.8871922,
              32.3791298
            ],
            [
              -115.8870816,
              32.3791903
            ],
            [
              -115.8865764,
              32.3794664
            ],
            [
              -115.8863575,
              32.3795861
            ],
            [
              -115.8860192,
              32.379771
            ],
            [
              -115.8859402,
              32.3798142
            ],
            [
              -115.8858891,
              32.3798421
            ],
            [
              -115.8856507,
              32.3799725
            ],
            [
              -115.8852018,
              32.3802178
            ],
            [
              -115.8851056,
              32.3802704
            ],
            [
              -115.8849569,
              32.3803517
            ],
            [
              -115.8846883,
              32.3804985
            ],
            [
              -115.8845145,
              32.3805935
            ],
            [
              -115.8838945,
              32.3809324
            ],
            [
              -115.8838536,
              32.3809548
            ],
            [
              -115.8838272,
              32.3809692
            ],
            [
              -115.8834363,
              32.3811829
            ],
            [
              -115.8831399,
              32.3813449
            ],
            [
              -115.8828322,
              32.3815131
            ],
            [
              -115.8826017,
              32.3816391
            ],
            [
              -115.8824526,
              32.3817206
            ],
            [
              -115.8817699,
              32.3820938
            ],
            [
              -115.8817671,
              32.3820953
            ],
            [
              -115.8817653,
              32.3820963
            ],
            [
              -115.8817568,
              32.3821009
            ],
            [
              -115.881078,
              32.382472
            ],
            [
              -115.8809324,
              32.3825516
            ],
            [
              -115.8807076,
              32.3826745
            ],
            [
              -115.8803906,
              32.3828477
            ],
            [
              -115.8798099,
              32.3831652
            ],
            [
              -115.8797033,
              32.3832234
            ],
            [
              -115.8796805,
              32.3832359
            ],
            [
              -115.8796452,
              32.3832552
            ],
            [
              -115.8790161,
              32.3835991
            ],
            [
              -115.8785828,
              32.3838359
            ],
            [
              -115.8784286,
              32.3839202
            ],
            [
              -115.8783287,
              32.3839748
            ],
            [
              -115.877863,
              32.3842294
            ],
            [
              -115.8776414,
              32.3843505
            ],
            [
              -115.8775939,
              32.3843764
            ],
            [
              -115.8775205,
              32.3844165
            ],
            [
              -115.8769541,
              32.3847261
            ],
            [
              -115.8767593,
              32.3848326
            ],
            [
              -115.8764582,
              32.3849972
            ],
            [
              -115.876342,
              32.3850607
            ],
            [
              -115.8762668,
              32.3851018
            ],
            [
              -115.8759247,
              32.3852888
            ],
            [
              -115.8755795,
              32.3854775
            ],
            [
              -115.8753958,
              32.3855779
            ],
            [
              -115.87509,
              32.385745
            ],
            [
              -115.8748922,
              32.3858532
            ],
            [
              -115.8746727,
              32.3859731
            ],
            [
              -115.8743335,
              32.3861585
            ],
            [
              -115.8742554,
              32.3862012
            ],
            [
              -115.8742049,
              32.3862289
            ],
            [
              -115.8742247,
              32.3867392
            ],
            [
              -115.8742459,
              32.3872853
            ],
            [
              -115.8742472,
              32.3873199
            ],
            [
              -115.8742486,
              32.3873568
            ],
            [
              -115.8742697,
              32.3879005
            ],
            [
              -115.8742894,
              32.3884097
            ],
            [
              -115.8742923,
              32.3884812
            ],
            [
              -115.8743113,
              32.388972
            ],
            [
              -115.8743148,
              32.3890618
            ],
            [
              -115.8743185,
              32.3891578
            ],
            [
              -115.8743373,
              32.3896425
            ],
            [
              -115.8743549,
              32.3900964
            ],
            [
              -115.8743598,
              32.3902231
            ],
            [
              -115.8743767,
              32.3906586
            ],
            [
              -115.8743824,
              32.3908038
            ],
            [
              -115.8743883,
              32.3909588
            ],
            [
              -115.8744049,
              32.3913844
            ],
            [
              -115.8744203,
              32.391783
            ],
            [
              -115.8744274,
              32.391965
            ],
            [
              -115.8744349,
              32.3921594
            ],
            [
              -115.8744499,
              32.3925457
            ],
            [
              -115.8744582,
              32.3927597
            ],
            [
              -115.8744724,
              32.3931263
            ],
            [
              -115.8744815,
              32.39336
            ],
            [
              -115.8744949,
              32.3937069
            ],
            [
              -115.8745076,
              32.3940318
            ],
            [
              -115.8745175,
              32.3942875
            ],
            [
              -115.8745281,
              32.3945606
            ],
            [
              -115.87454,
              32.3948681
            ],
            [
              -115.8745512,
              32.3951562
            ],
            [
              -115.8745625,
              32.3954488
            ],
            [
              -115.874573,
              32.3957184
            ],
            [
              -115.8745851,
              32.3960294
            ],
            [
              -115.874598,
              32.3963614
            ],
            [
              -115.8746076,
              32.39661
            ],
            [
              -115.8746166,
              32.3968427
            ],
            [
              -115.8746301,
              32.3971906
            ],
            [
              -115.8746385,
              32.3974049
            ],
            [
              -115.8746526,
              32.3977711
            ],
            [
              -115.8746602,
              32.3979671
            ],
            [
              -115.8746752,
              32.3983517
            ],
            [
              -115.874682,
              32.3985293
            ],
            [
              -115.8746977,
              32.3989323
            ],
            [
              -115.8747144,
              32.3993627
            ],
            [
              -115.8747202,
              32.3995129
            ],
            [
              -115.8747377,
              32.399963
            ],
            [
              -115.8747427,
              32.4000935
            ],
            [
              -115.8747474,
              32.4002157
            ],
            [
              -115.8747653,
              32.4006741
            ],
            [
              -115.8747842,
              32.4011635
            ],
            [
              -115.8747878,
              32.4012546
            ],
            [
              -115.8748075,
              32.4017637
            ],
            [
              -115.8748103,
              32.4018352
            ],
            [
              -115.8748129,
              32.4019022
            ],
            [
              -115.8748329,
              32.4024158
            ],
            [
              -115.8748541,
              32.4029642
            ],
            [
              -115.8748553,
              32.4029963
            ],
            [
              -115.8748565,
              32.4030265
            ],
            [
              -115.8748778,
              32.4035769
            ],
            [
              -115.8748922,
              32.4039457
            ],
            [
              -115.8749004,
              32.4041574
            ],
            [
              -115.8749007,
              32.4041646
            ],
            [
              -115.8749229,
              32.404738
            ],
            [
              -115.8749437,
              32.405275
            ],
            [
              -115.8749454,
              32.4053185
            ],
            [
              -115.8749473,
              32.405365
            ],
            [
              -115.874968,
              32.4058991
            ],
            [
              -115.8749706,
              32.4059653
            ],
            [
              -115.8749905,
              32.4064796
            ],
            [
              -115.8749939,
              32.4065655
            ],
            [
              -115.875013,
              32.4070601
            ],
            [
              -115.8750171,
              32.4071657
            ],
            [
              -115.8750355,
              32.4076407
            ],
            [
              -115.8750528,
              32.4080855
            ],
            [
              -115.8750581,
              32.4082212
            ],
            [
              -115.8750746,
              32.4086476
            ],
            [
              -115.8750806,
              32.4088017
            ],
            [
              -115.875087,
              32.4089663
            ],
            [
              -115.8751031,
              32.4093823
            ],
            [
              -115.8751182,
              32.4097718
            ],
            [
              -115.8751257,
              32.4099628
            ],
            [
              -115.87514,
              32.4103339
            ],
            [
              -115.8751482,
              32.4105433
            ],
            [
              -115.8751568,
              32.4107668
            ],
            [
              -115.8751707,
              32.4111238
            ],
            [
              -115.8751801,
              32.411367
            ],
            [
              -115.8752054,
              32.4120202
            ],
            [
              -115.8752158,
              32.4122848
            ],
            [
              -115.8752273,
              32.4125823
            ],
            [
              -115.8752383,
              32.4128653
            ],
            [
              -115.87525,
              32.4131675
            ],
            [
              -115.8752709,
              32.4137064
            ],
            [
              -115.8752833,
              32.4140263
            ],
            [
              -115.8752927,
              32.4142685
            ],
            [
              -115.8753198,
              32.4149679
            ],
            [
              -115.8753283,
              32.4151872
            ],
            [
              -115.8753431,
              32.4155681
            ],
            [
              -115.8753509,
              32.4157677
            ],
            [
              -115.8753582,
              32.4159547
            ],
            [
              -115.8753734,
              32.4163482
            ],
            [
              -115.8753897,
              32.4167684
            ],
            [
              -115.8753959,
              32.4169287
            ],
            [
              -115.8754017,
              32.4170788
            ],
            [
              -115.8754363,
              32.4179687
            ],
            [
              -115.875441,
              32.4180896
            ],
            [
              -115.8754454,
              32.4182029
            ],
            [
              -115.8754635,
              32.4186701
            ],
            [
              -115.8754672,
              32.4187649
            ],
            [
              -115.875486,
              32.4192505
            ],
            [
              -115.875489,
              32.4193269
            ],
            [
              -115.8755086,
              32.419831
            ],
            [
              -115.8755294,
              32.4203691
            ],
            [
              -115.8755311,
              32.4204114
            ],
            [
              -115.8755527,
              32.4209692
            ],
            [
              -115.8755536,
              32.4209918
            ],
            [
              -115.8755544,
              32.421013
            ],
            [
              -115.8755761,
              32.4215723
            ],
            [
              -115.8755795,
              32.421659
            ],
            [
              -115.875598,
              32.4221371
            ],
            [
              -115.8755987,
              32.4221527
            ],
            [
              -115.8756199,
              32.4226991
            ],
            [
              -115.8756212,
              32.4227332
            ],
            [
              -115.8756226,
              32.4227696
            ],
            [
              -115.8756437,
              32.4233136
            ],
            [
              -115.8756634,
              32.4238231
            ],
            [
              -115.8756663,
              32.423894
            ],
            [
              -115.8756853,
              32.4243851
            ],
            [
              -115.8756887,
              32.4244745
            ],
            [
              -115.8756924,
              32.4245698
            ],
            [
              -115.8757112,
              32.4250549
            ],
            [
              -115.8757289,
              32.4255091
            ],
            [
              -115.8757338,
              32.4256353
            ],
            [
              -115.875739,
              32.42577
            ],
            [
              -115.8757563,
              32.4262157
            ],
            [
              -115.8757725,
              32.4266331
            ],
            [
              -115.8757788,
              32.4267961
            ],
            [
              -115.8757943,
              32.4271951
            ],
            [
              -115.8758014,
              32.4273765
            ],
            [
              -115.8758162,
              32.4277571
            ],
            [
              -115.8758239,
              32.4279569
            ],
            [
              -115.8758322,
              32.4281703
            ],
            [
              -115.8758464,
              32.4285373
            ],
            [
              -115.8758555,
              32.4287703
            ],
            [
              -115.8758689,
              32.4291177
            ],
            [
              -115.8758788,
              32.4293704
            ],
            [
              -115.8758915,
              32.4296981
            ],
            [
              -115.8759021,
              32.4299704
            ],
            [
              -115.875914,
              32.4302785
            ],
            [
              -115.8759252,
              32.4305669
            ],
            [
              -115.8759486,
              32.4311705
            ],
            [
              -115.8759591,
              32.4314392
            ],
            [
              -115.8759688,
              32.4316908
            ],
            [
              -115.8759816,
              32.4320196
            ],
            [
              -115.8759906,
              32.4322528
            ],
            [
              -115.8760041,
              32.4326
            ],
            [
              -115.8760124,
              32.4328148
            ],
            [
              -115.8760266,
              32.4331803
            ],
            [
              -115.8760342,
              32.4333767
            ],
            [
              -115.8760492,
              32.4337607
            ],
            [
              -115.876065,
              32.4341707
            ],
            [
              -115.8760717,
              32.4343411
            ],
            [
              -115.8760883,
              32.4347707
            ],
            [
              -115.8760941,
              32.4349214
            ],
            [
              -115.8761116,
              32.4353707
            ],
            [
              -115.8761167,
              32.4355018
            ],
            [
              -115.8761349,
              32.4359707
            ],
            [
              -115.8761392,
              32.4360821
            ],
            [
              -115.8761433,
              32.4361864
            ],
            [
              -115.8761617,
              32.4366625
            ],
            [
              -115.8761815,
              32.4371708
            ],
            [
              -115.8761843,
              32.4372428
            ],
            [
              -115.8761869,
              32.4373103
            ],
            [
              -115.8762068,
              32.4378231
            ],
            [
              -115.8762087,
              32.4378722
            ],
            [
              -115.8762293,
              32.4384035
            ],
            [
              -115.8762305,
              32.4384341
            ],
            [
              -115.8762518,
              32.4389838
            ],
            [
              -115.8762668,
              32.4393689
            ],
            [
              -115.8762742,
              32.4395579
            ],
            [
              -115.8762744,
              32.4395641
            ],
            [
              -115.8762959,
              32.4401198
            ],
            [
              -115.8762969,
              32.4401444
            ],
            [
              -115.876298,
              32.4401707
            ],
            [
              -115.8763194,
              32.4407248
            ],
            [
              -115.8763396,
              32.4412436
            ],
            [
              -115.876342,
              32.4413051
            ],
            [
              -115.8763445,
              32.4413707
            ],
            [
              -115.8763645,
              32.4418854
            ],
            [
              -115.8763678,
              32.4419707
            ],
            [
              -115.876387,
              32.4424657
            ],
            [
              -115.876405,
              32.4429293
            ],
            [
              -115.8764095,
              32.443046
            ],
            [
              -115.8764268,
              32.4434912
            ],
            [
              -115.8764321,
              32.4436263
            ],
            [
              -115.8764376,
              32.4437705
            ],
            [
              -115.8764546,
              32.4442066
            ],
            [
              -115.8764704,
              32.444615
            ],
            [
              -115.8764771,
              32.4447869
            ],
            [
              -115.8764922,
              32.4451768
            ],
            [
              -115.8764997,
              32.4453672
            ],
            [
              -115.8765075,
              32.4455704
            ],
            [
              -115.8765221,
              32.4459475
            ],
            [
              -115.8765308,
              32.4461703
            ],
            [
              -115.8765446,
              32.4465277
            ],
            [
              -115.8765541,
              32.4467703
            ],
            [
              -115.8765672,
              32.447108
            ],
            [
              -115.8765795,
              32.4474243
            ],
            [
              -115.8765897,
              32.4476883
            ],
            [
              -115.8766006,
              32.4479701
            ],
            [
              -115.8766122,
              32.4482685
            ],
            [
              -115.8766231,
              32.448548
            ],
            [
              -115.8766348,
              32.4488488
            ],
            [
              -115.8766449,
              32.4491099
            ],
            [
              -115.8766573,
              32.4494291
            ],
            [
              -115.8766667,
              32.4496717
            ],
            [
              -115.8766798,
              32.4500093
            ],
            [
              -115.8766885,
              32.4502336
            ],
            [
              -115.8767023,
              32.4505896
            ],
            [
              -115.8767171,
              32.4509698
            ],
            [
              -115.8767249,
              32.4511698
            ],
            [
              -115.8767322,
              32.4513572
            ],
            [
              -115.8767474,
              32.4517501
            ],
            [
              -115.8767539,
              32.4519191
            ],
            [
              -115.8767699,
              32.4523303
            ],
            [
              -115.8767757,
              32.4524809
            ],
            [
              -115.8767924,
              32.4529106
            ],
            [
              -115.8768103,
              32.4533694
            ],
            [
              -115.876815,
              32.4534908
            ],
            [
              -115.8768335,
              32.4539692
            ],
            [
              -115.8768375,
              32.454071
            ],
            [
              -115.8768568,
              32.4545691
            ],
            [
              -115.87686,
              32.4546513
            ],
            [
              -115.876863,
              32.4547282
            ],
            [
              -115.8768826,
              32.4552315
            ],
            [
              -115.8769034,
              32.4557689
            ],
            [
              -115.8769051,
              32.4558117
            ],
            [
              -115.8769066,
              32.4558518
            ],
            [
              -115.8769275,
              32.4563919
            ],
            [
              -115.8769499,
              32.4569686
            ],
            [
              -115.8769501,
              32.4569721
            ],
            [
              -115.8769502,
              32.4569754
            ],
            [
              -115.8769541,
              32.4570752
            ],
            [
              -115.8769726,
              32.4575524
            ],
            [
              -115.8769939,
              32.458099
            ],
            [
              -115.8769951,
              32.4581326
            ],
            [
              -115.8769965,
              32.4581684
            ],
            [
              -115.8770177,
              32.4587128
            ],
            [
              -115.8770198,
              32.4587682
            ],
            [
              -115.8770402,
              32.459293
            ],
            [
              -115.8770593,
              32.4597844
            ],
            [
              -115.8770627,
              32.4598731
            ],
            [
              -115.8770664,
              32.459968
            ],
            [
              -115.8770852,
              32.4604533
            ],
            [
              -115.8770897,
              32.4605678
            ],
            [
              -115.8771078,
              32.4610335
            ],
            [
              -115.8771247,
              32.4614697
            ],
            [
              -115.8771303,
              32.4616137
            ],
            [
              -115.8771363,
              32.4617675
            ],
            [
              -115.8771528,
              32.4621939
            ],
            [
              -115.8771596,
              32.4623673
            ],
            [
              -115.8771754,
              32.4627741
            ],
            [
              -115.8771902,
              32.463155
            ],
            [
              -115.8771979,
              32.4633542
            ],
            [
              -115.8772062,
              32.463567
            ],
            [
              -115.8772204,
              32.4639344
            ],
            [
              -115.8772294,
              32.4641668
            ],
            [
              -115.8772429,
              32.4645146
            ],
            [
              -115.8772556,
              32.4648403
            ],
            [
              -115.8772655,
              32.4650947
            ],
            [
              -115.877276,
              32.4653665
            ],
            [
              -115.877288,
              32.4656749
            ],
            [
              -115.8772993,
              32.4659662
            ],
            [
              -115.8773105,
              32.4662551
            ],
            [
              -115.877321,
              32.4665255
            ],
            [
              -115.8773331,
              32.4668352
            ],
            [
              -115.8773458,
              32.4671658
            ],
            [
              -115.8773555,
              32.4674153
            ],
            [
              -115.8773646,
              32.467649
            ],
            [
              -115.877378,
              32.4679955
            ],
            [
              -115.8773924,
              32.4683655
            ],
            [
              -115.8774006,
              32.4685756
            ],
            [
              -115.8774157,
              32.4689652
            ],
            [
              -115.8774231,
              32.4691558
            ],
            [
              -115.87743,
              32.4693342
            ],
            [
              -115.8774456,
              32.4697359
            ],
            [
              -115.8774623,
              32.4701648
            ],
            [
              -115.8774682,
              32.470316
            ],
            [
              -115.8774737,
              32.4704576
            ],
            [
              -115.8774907,
              32.4708961
            ],
            [
              -115.8774955,
              32.4710193
            ],
            [
              -115.8775132,
              32.4714763
            ],
            [
              -115.8775322,
              32.4719641
            ],
            [
              -115.8775357,
              32.4720564
            ],
            [
              -115.8775555,
              32.4725639
            ],
            [
              -115.8775583,
              32.4726365
            ],
            [
              -115.8775609,
              32.4727044
            ],
            [
              -115.8775808,
              32.4732166
            ],
            [
              -115.8775827,
              32.4732662
            ],
            [
              -115.8776033,
              32.4737967
            ],
            [
              -115.8776253,
              32.4743632
            ],
            [
              -115.8776258,
              32.4743768
            ],
            [
              -115.8776263,
              32.4743895
            ],
            [
              -115.8776414,
              32.4747781
            ],
            [
              -115.8776484,
              32.4749569
            ],
            [
              -115.8776699,
              32.4755129
            ],
            [
              -115.8776709,
              32.475537
            ],
            [
              -115.8776719,
              32.4755627
            ],
            [
              -115.8776934,
              32.4761171
            ],
            [
              -115.8776952,
              32.4761624
            ],
            [
              -115.877716,
              32.4766972
            ],
            [
              -115.8777185,
              32.4767622
            ],
            [
              -115.8777385,
              32.4772773
            ],
            [
              -115.8777572,
              32.4777596
            ],
            [
              -115.8777609,
              32.4778573
            ],
            [
              -115.877779,
              32.4783213
            ],
            [
              -115.8777835,
              32.4784374
            ],
            [
              -115.8777883,
              32.4785614
            ],
            [
              -115.877806,
              32.4790175
            ],
            [
              -115.8778116,
              32.4791611
            ],
            [
              -115.8778285,
              32.4795976
            ],
            [
              -115.8778444,
              32.4800063
            ],
            [
              -115.8778511,
              32.4801776
            ],
            [
              -115.8778581,
              32.4803605
            ],
            [
              -115.8778736,
              32.4807577
            ],
            [
              -115.8778814,
              32.4809603
            ],
            [
              -115.8778961,
              32.4813377
            ],
            [
              -115.8779099,
              32.4816912
            ],
            [
              -115.8779186,
              32.4819178
            ],
            [
              -115.8779317,
              32.4822529
            ],
            [
              -115.8779412,
              32.4824978
            ],
            [
              -115.8779513,
              32.4827594
            ],
            [
              -115.8779637,
              32.4830779
            ],
            [
              -115.8779753,
              32.4833762
            ],
            [
              -115.8779862,
              32.4836579
            ],
            [
              -115.8779979,
              32.4839588
            ],
            [
              -115.8780088,
              32.4842379
            ],
            [
              -115.8780212,
              32.4845585
            ],
            [
              -115.8780313,
              32.484818
            ],
            [
              -115.8780407,
              32.485061
            ],
            [
              -115.8780538,
              32.485398
            ],
            [
              -115.8780625,
              32.4856227
            ],
            [
              -115.8780763,
              32.485978
            ],
            [
              -115.8780911,
              32.4863575
            ],
            [
              -115.8780989,
              32.4865581
            ],
            [
              -115.8781144,
              32.4869571
            ],
            [
              -115.8781214,
              32.4871381
            ],
            [
              -115.8781279,
              32.4873075
            ],
            [
              -115.8781439,
              32.4877181
            ],
            [
              -115.8781497,
              32.4878691
            ],
            [
              -115.8781665,
              32.4882981
            ],
            [
              -115.8781716,
              32.4884307
            ],
            [
              -115.8781889,
              32.4888781
            ],
            [
              -115.8782075,
              32.4893558
            ],
            [
              -115.8782114,
              32.4894581
            ],
            [
              -115.8782308,
              32.4899554
            ],
            [
              -115.878234,
              32.4900381
            ],
            [
              -115.878237,
              32.4901155
            ],
            [
              -115.8782565,
              32.4906181
            ],
            [
              -115.8782773,
              32.4911548
            ],
            [
              -115.878279,
              32.4911981
            ],
            [
              -115.8782806,
              32.4912387
            ],
            [
              -115.8783015,
              32.4917781
            ],
            [
              -115.8783024,
              32.4918003
            ],
            [
              -115.8783241,
              32.4923581
            ],
            [
              -115.8783287,
              32.4924775
            ],
            [
              -115.878346,
              32.4929235
            ],
            [
              -115.8783466,
              32.492938
            ],
            [
              -115.8783472,
              32.4929537
            ],
            [
              -115.8783691,
              32.493518
            ],
            [
              -115.8783705,
              32.4935533
            ],
            [
              -115.8784115,
              32.4946081
            ],
            [
              -115.8784142,
              32.494678
            ],
            [
              -115.8784333,
              32.4951697
            ],
            [
              -115.8784367,
              32.4952579
            ],
            [
              -115.8784404,
              32.4953521
            ],
            [
              -115.8784592,
              32.4958379
            ],
            [
              -115.8784769,
              32.4962928
            ],
            [
              -115.8784818,
              32.4964179
            ],
            [
              -115.8784987,
              32.4968544
            ],
            [
              -115.8785102,
              32.497151
            ],
            [
              -115.8785268,
              32.4975778
            ],
            [
              -115.8785335,
              32.4977506
            ],
            [
              -115.8785494,
              32.4981577
            ],
            [
              -115.8785642,
              32.498539
            ],
            [
              -115.8785719,
              32.4987377
            ],
            [
              -115.8785801,
              32.4989498
            ],
            [
              -115.8785943,
              32.4993176
            ],
            [
              -115.8786077,
              32.4996621
            ],
            [
              -115.8786169,
              32.4998976
            ],
            [
              -115.8786267,
              32.5001489
            ],
            [
              -115.8786394,
              32.5004775
            ],
            [
              -115.8786514,
              32.5007852
            ],
            [
              -115.8786619,
              32.5010574
            ],
            [
              -115.8786732,
              32.5013467
            ],
            [
              -115.8786845,
              32.5016373
            ],
            [
              -115.878695,
              32.5019082
            ],
            [
              -115.878707,
              32.5022173
            ]
          ]
        ]
      }
    }
  ]
}