# Montaña Cuchumá (Kuuchamaa Mountain) Regional Horizon Landmark Mesh
v -9972.000 0.000 -5414.000
v -9808.735 0.000 -5414.000
v -9645.469 0.000 -5414.000
v -9482.204 0.000 -5414.000
v -9318.939 0.000 -5414.000
v -9155.673 0.000 -5414.000
v -8992.408 0.000 -5414.000
v -8829.143 0.000 -5414.000
v -8665.878 0.000 -5414.000
v -8502.612 0.000 -5414.000
v -8339.347 0.000 -5414.000
v -8176.082 0.000 -5414.000
v -8012.816 0.000 -5414.000
v -7849.551 0.000 -5414.000
v -7686.286 0.000 -5414.000
v -7523.020 0.000 -5414.000
v -7359.755 0.000 -5414.000
v -7196.490 0.000 -5414.000
v -7033.224 0.000 -5414.000
v -6869.959 0.000 -5414.000
v -6706.694 0.000 -5414.000
v -6543.429 0.000 -5414.000
v -6380.163 0.000 -5414.000
v -6216.898 0.000 -5414.000
v -6053.633 0.000 -5414.000
v -5890.367 0.000 -5414.000
v -5727.102 0.000 -5414.000
v -5563.837 0.000 -5414.000
v -5400.571 0.000 -5414.000
v -5237.306 0.000 -5414.000
v -5074.041 0.000 -5414.000
v -4910.776 0.000 -5414.000
v -4747.510 0.000 -5414.000
v -4584.245 0.000 -5414.000
v -4420.980 0.000 -5414.000
v -4257.714 0.000 -5414.000
v -4094.449 0.000 -5414.000
v -3931.184 0.000 -5414.000
v -3767.918 0.000 -5414.000
v -3604.653 0.000 -5414.000
v -3441.388 0.000 -5414.000
v -3278.122 0.000 -5414.000
v -3114.857 0.000 -5414.000
v -2951.592 0.000 -5414.000
v -2788.327 0.000 -5414.000
v -2625.061 0.000 -5414.000
v -2461.796 0.000 -5414.000
v -2298.531 0.000 -5414.000
v -2135.265 0.000 -5414.000
v -1972.000 0.000 -5414.000
v -9972.000 0.000 -5250.735
v -9808.735 0.000 -5250.735
v -9645.469 0.000 -5250.735
v -9482.204 0.000 -5250.735
v -9318.939 0.000 -5250.735
v -9155.673 0.000 -5250.735
v -8992.408 0.000 -5250.735
v -8829.143 0.000 -5250.735
v -8665.878 0.000 -5250.735
v -8502.612 0.000 -5250.735
v -8339.347 0.000 -5250.735
v -8176.082 0.000 -5250.735
v -8012.816 0.000 -5250.735
v -7849.551 0.000 -5250.735
v -7686.286 0.000 -5250.735
v -7523.020 0.000 -5250.735
v -7359.755 0.000 -5250.735
v -7196.490 0.000 -5250.735
v -7033.224 0.138 -5250.735
v -6869.959 0.396 -5250.735
v -6706.694 0.296 -5250.735
v -6543.429 0.221 -5250.735
v -6380.163 0.996 -5250.735
v -6216.898 1.034 -5250.735
v -6053.633 1.745 -5250.735
v -5890.367 1.988 -5250.735
v -5727.102 1.285 -5250.735
v -5563.837 1.229 -5250.735
v -5400.571 0.401 -5250.735
v -5237.306 0.368 -5250.735
v -5074.041 0.425 -5250.735
v -4910.776 0.131 -5250.735
v -4747.510 0.000 -5250.735
v -4584.245 0.000 -5250.735
v -4420.980 0.000 -5250.735
v -4257.714 0.000 -5250.735
v -4094.449 0.000 -5250.735
v -3931.184 0.000 -5250.735
v -3767.918 0.000 -5250.735
v -3604.653 0.000 -5250.735
v -3441.388 0.000 -5250.735
v -3278.122 0.000 -5250.735
v -3114.857 0.000 -5250.735
v -2951.592 0.000 -5250.735
v -2788.327 0.000 -5250.735
v -2625.061 0.000 -5250.735
v -2461.796 0.000 -5250.735
v -2298.531 0.000 -5250.735
v -2135.265 0.000 -5250.735
v -1972.000 0.000 -5250.735
v -9972.000 0.000 -5087.469
v -9808.735 0.000 -5087.469
v -9645.469 0.000 -5087.469
v -9482.204 0.000 -5087.469
v -9318.939 0.000 -5087.469
v -9155.673 0.000 -5087.469
v -8992.408 0.000 -5087.469
v -8829.143 0.000 -5087.469
v -8665.878 0.000 -5087.469
v -8502.612 0.000 -5087.469
v -8339.347 0.000 -5087.469
v -8176.082 0.000 -5087.469
v -8012.816 0.000 -5087.469
v -7849.551 0.000 -5087.469
v -7686.286 0.000 -5087.469
v -7523.020 0.132 -5087.469
v -7359.755 1.321 -5087.469
v -7196.490 2.239 -5087.469
v -7033.224 3.393 -5087.469
v -6869.959 1.280 -5087.469
v -6706.694 0.103 -5087.469
v -6543.429 0.760 -5087.469
v -6380.163 1.151 -5087.469
v -6216.898 5.238 -5087.469
v -6053.633 5.887 -5087.469
v -5890.367 6.516 -5087.469
v -5727.102 6.169 -5087.469
v -5563.837 1.964 -5087.469
v -5400.571 1.279 -5087.469
v -5237.306 0.514 -5087.469
v -5074.041 1.352 -5087.469
v -4910.776 3.311 -5087.469
v -4747.510 2.069 -5087.469
v -4584.245 1.170 -5087.469
v -4420.980 0.113 -5087.469
v -4257.714 0.000 -5087.469
v -4094.449 0.000 -5087.469
v -3931.184 0.000 -5087.469
v -3767.918 0.000 -5087.469
v -3604.653 0.000 -5087.469
v -3441.388 0.000 -5087.469
v -3278.122 0.000 -5087.469
v -3114.857 0.000 -5087.469
v -2951.592 0.000 -5087.469
v -2788.327 0.000 -5087.469
v -2625.061 0.000 -5087.469
v -2461.796 0.000 -5087.469
v -2298.531 0.000 -5087.469
v -2135.265 0.000 -5087.469
v -1972.000 0.000 -5087.469
v -9972.000 0.000 -4924.204
v -9808.735 0.000 -4924.204
v -9645.469 0.000 -4924.204
v -9482.204 0.000 -4924.204
v -9318.939 0.000 -4924.204
v -9155.673 0.000 -4924.204
v -8992.408 0.000 -4924.204
v -8829.143 0.000 -4924.204
v -8665.878 0.000 -4924.204
v -8502.612 0.000 -4924.204
v -8339.347 0.000 -4924.204
v -8176.082 0.000 -4924.204
v -8012.816 0.000 -4924.204
v -7849.551 0.090 -4924.204
v -7686.286 0.490 -4924.204
v -7523.020 2.710 -4924.204
v -7359.755 5.615 -4924.204
v -7196.490 6.727 -4924.204
v -7033.224 7.809 -4924.204
v -6869.959 4.246 -4924.204
v -6706.694 2.206 -4924.204
v -6543.429 2.576 -4924.204
v -6380.163 3.476 -4924.204
v -6216.898 10.198 -4924.204
v -6053.633 12.887 -4924.204
v -5890.367 14.270 -4924.204
v -5727.102 12.086 -4924.204
v -5563.837 5.344 -4924.204
v -5400.571 3.994 -4924.204
v -5237.306 3.162 -4924.204
v -5074.041 4.401 -4924.204
v -4910.776 7.548 -4924.204
v -4747.510 6.221 -4924.204
v -4584.245 4.993 -4924.204
v -4420.980 2.271 -4924.204
v -4257.714 0.202 -4924.204
v -4094.449 0.035 -4924.204
v -3931.184 0.000 -4924.204
v -3767.918 0.000 -4924.204
v -3604.653 0.000 -4924.204
v -3441.388 0.000 -4924.204
v -3278.122 0.000 -4924.204
v -3114.857 0.000 -4924.204
v -2951.592 0.000 -4924.204
v -2788.327 0.000 -4924.204
v -2625.061 0.000 -4924.204
v -2461.796 0.000 -4924.204
v -2298.531 0.000 -4924.204
v -2135.265 0.000 -4924.204
v -1972.000 0.000 -4924.204
v -9972.000 0.000 -4760.939
v -9808.735 0.000 -4760.939
v -9645.469 0.000 -4760.939
v -9482.204 0.000 -4760.939
v -9318.939 0.000 -4760.939
v -9155.673 0.000 -4760.939
v -8992.408 0.000 -4760.939
v -8829.143 0.000 -4760.939
v -8665.878 0.000 -4760.939
v -8502.612 0.000 -4760.939
v -8339.347 0.000 -4760.939
v -8176.082 0.000 -4760.939
v -8012.816 1.480 -4760.939
v -7849.551 1.408 -4760.939
v -7686.286 5.258 -4760.939
v -7523.020 7.159 -4760.939
v -7359.755 9.397 -4760.939
v -7196.490 13.060 -4760.939
v -7033.224 8.894 -4760.939
v -6869.959 13.113 -4760.939
v -6706.694 11.620 -4760.939
v -6543.429 8.560 -4760.939
v -6380.163 13.942 -4760.939
v -6216.898 11.789 -4760.939
v -6053.633 19.184 -4760.939
v -5890.367 21.912 -4760.939
v -5727.102 14.676 -4760.939
v -5563.837 17.286 -4760.939
v -5400.571 11.849 -4760.939
v -5237.306 13.253 -4760.939
v -5074.041 13.780 -4760.939
v -4910.776 8.333 -4760.939
v -4747.510 11.887 -4760.939
v -4584.245 8.124 -4760.939
v -4420.980 5.533 -4760.939
v -4257.714 4.138 -4760.939
v -4094.449 0.744 -4760.939
v -3931.184 1.176 -4760.939
v -3767.918 0.000 -4760.939
v -3604.653 0.000 -4760.939
v -3441.388 0.000 -4760.939
v -3278.122 0.000 -4760.939
v -3114.857 0.000 -4760.939
v -2951.592 0.000 -4760.939
v -2788.327 0.000 -4760.939
v -2625.061 0.000 -4760.939
v -2461.796 0.000 -4760.939
v -2298.531 0.000 -4760.939
v -2135.265 0.000 -4760.939
v -1972.000 0.000 -4760.939
v -9972.000 0.000 -4597.673
v -9808.735 0.000 -4597.673
v -9645.469 0.000 -4597.673
v -9482.204 0.000 -4597.673
v -9318.939 0.000 -4597.673
v -9155.673 0.000 -4597.673
v -8992.408 0.000 -4597.673
v -8829.143 0.000 -4597.673
v -8665.878 0.000 -4597.673
v -8502.612 0.000 -4597.673
v -8339.347 0.511 -4597.673
v -8176.082 3.192 -4597.673
v -8012.816 7.517 -4597.673
v -7849.551 10.357 -4597.673
v -7686.286 15.001 -4597.673
v -7523.020 14.386 -4597.673
v -7359.755 13.060 -4597.673
v -7196.490 15.126 -4597.673
v -7033.224 14.167 -4597.673
v -6869.959 21.283 -4597.673
v -6706.694 24.022 -4597.673
v -6543.429 22.928 -4597.673
v -6380.163 23.024 -4597.673
v -6216.898 16.778 -4597.673
v -6053.633 17.697 -4597.673
v -5890.367 21.458 -4597.673
v -5727.102 21.008 -4597.673
v -5563.837 27.594 -4597.673
v -5400.571 27.226 -4597.673
v -5237.306 26.857 -4597.673
v -5074.041 22.657 -4597.673
v -4910.776 13.531 -4597.673
v -4747.510 12.807 -4597.673
v -4584.245 10.015 -4597.673
v -4420.980 10.970 -4597.673
v -4257.714 12.313 -4597.673
v -4094.449 8.515 -4597.673
v -3931.184 6.366 -4597.673
v -3767.918 2.581 -4597.673
v -3604.653 0.339 -4597.673
v -3441.388 0.000 -4597.673
v -3278.122 0.000 -4597.673
v -3114.857 0.000 -4597.673
v -2951.592 0.000 -4597.673
v -2788.327 0.000 -4597.673
v -2625.061 0.000 -4597.673
v -2461.796 0.000 -4597.673
v -2298.531 0.000 -4597.673
v -2135.265 0.000 -4597.673
v -1972.000 0.000 -4597.673
v -9972.000 0.000 -4434.408
v -9808.735 0.000 -4434.408
v -9645.469 0.000 -4434.408
v -9482.204 0.000 -4434.408
v -9318.939 0.000 -4434.408
v -9155.673 0.000 -4434.408
v -8992.408 0.000 -4434.408
v -8829.143 0.000 -4434.408
v -8665.878 0.000 -4434.408
v -8502.612 0.404 -4434.408
v -8339.347 3.475 -4434.408
v -8176.082 8.681 -4434.408
v -8012.816 16.316 -4434.408
v -7849.551 31.766 -4434.408
v -7686.286 27.515 -4434.408
v -7523.020 26.327 -4434.408
v -7359.755 19.165 -4434.408
v -7196.490 12.085 -4434.408
v -7033.224 26.156 -4434.408
v -6869.959 26.398 -4434.408
v -6706.694 35.638 -4434.408
v -6543.429 41.980 -4434.408
v -6380.163 29.847 -4434.408
v -6216.898 29.141 -4434.408
v -6053.633 17.023 -4434.408
v -5890.367 21.949 -4434.408
v -5727.102 35.668 -4434.408
v -5563.837 36.203 -4434.408
v -5400.571 47.206 -4434.408
v -5237.306 40.357 -4434.408
v -5074.041 28.347 -4434.408
v -4910.776 25.653 -4434.408
v -4747.510 8.742 -4434.408
v -4584.245 13.301 -4434.408
v -4420.980 20.651 -4434.408
v -4257.714 22.169 -4434.408
v -4094.449 27.827 -4434.408
v -3931.184 13.771 -4434.408
v -3767.918 6.671 -4434.408
v -3604.653 2.506 -4434.408
v -3441.388 0.000 -4434.408
v -3278.122 0.000 -4434.408
v -3114.857 0.000 -4434.408
v -2951.592 0.000 -4434.408
v -2788.327 0.000 -4434.408
v -2625.061 0.000 -4434.408
v -2461.796 0.000 -4434.408
v -2298.531 0.000 -4434.408
v -2135.265 0.000 -4434.408
v -1972.000 0.000 -4434.408
v -9972.000 0.000 -4271.143
v -9808.735 0.000 -4271.143
v -9645.469 0.000 -4271.143
v -9482.204 0.000 -4271.143
v -9318.939 0.000 -4271.143
v -9155.673 0.000 -4271.143
v -8992.408 0.000 -4271.143
v -8829.143 0.000 -4271.143
v -8665.878 2.523 -4271.143
v -8502.612 4.421 -4271.143
v -8339.347 9.501 -4271.143
v -8176.082 18.460 -4271.143
v -8012.816 31.080 -4271.143
v -7849.551 47.419 -4271.143
v -7686.286 43.721 -4271.143
v -7523.020 36.710 -4271.143
v -7359.755 29.460 -4271.143
v -7196.490 26.036 -4271.143
v -7033.224 34.246 -4271.143
v -6869.959 38.776 -4271.143
v -6706.694 46.246 -4271.143
v -6543.429 50.093 -4271.143
v -6380.163 43.092 -4271.143
v -6216.898 38.078 -4271.143
v -6053.633 30.785 -4271.143
v -5890.367 38.032 -4271.143
v -5727.102 46.994 -4271.143
v -5563.837 52.082 -4271.143
v -5400.571 57.897 -4271.143
v -5237.306 52.330 -4271.143
v -5074.041 41.533 -4271.143
v -4910.776 33.261 -4271.143
v -4747.510 21.267 -4271.143
v -4584.245 21.873 -4271.143
v -4420.980 28.461 -4271.143
v -4257.714 35.451 -4271.143
v -4094.449 40.302 -4271.143
v -3931.184 25.961 -4271.143
v -3767.918 14.438 -4271.143
v -3604.653 6.814 -4271.143
v -3441.388 2.645 -4271.143
v -3278.122 1.797 -4271.143
v -3114.857 0.000 -4271.143
v -2951.592 0.000 -4271.143
v -2788.327 0.000 -4271.143
v -2625.061 0.000 -4271.143
v -2461.796 0.000 -4271.143
v -2298.531 0.000 -4271.143
v -2135.265 0.000 -4271.143
v -1972.000 0.000 -4271.143
v -9972.000 0.000 -4107.878
v -9808.735 0.000 -4107.878
v -9645.469 0.000 -4107.878
v -9482.204 0.000 -4107.878
v -9318.939 0.000 -4107.878
v -9155.673 0.000 -4107.878
v -8992.408 0.000 -4107.878
v -8829.143 4.397 -4107.878
v -8665.878 8.497 -4107.878
v -8502.612 20.540 -4107.878
v -8339.347 23.956 -4107.878
v -8176.082 35.871 -4107.878
v -8012.816 48.059 -4107.878
v -7849.551 38.664 -4107.878
v -7686.286 56.140 -4107.878
v -7523.020 52.124 -4107.878
v -7359.755 50.627 -4107.878
v -7196.490 57.611 -4107.878
v -7033.224 43.715 -4107.878
v -6869.959 56.518 -4107.878
v -6706.694 53.965 -4107.878
v -6543.429 47.153 -4107.878
v -6380.163 57.994 -4107.878
v -6216.898 47.902 -4107.878
v -6053.633 61.961 -4107.878
v -5890.367 72.495 -4107.878
v -5727.102 59.603 -4107.878
v -5563.837 70.773 -4107.878
v -5400.571 59.199 -4107.878
v -5237.306 61.244 -4107.878
v -5074.041 59.935 -4107.878
v -4910.776 41.563 -4107.878
v -4747.510 51.095 -4107.878
v -4584.245 41.722 -4107.878
v -4420.980 40.142 -4107.878
v -4257.714 45.086 -4107.878
v -4094.449 28.840 -4107.878
v -3931.184 39.105 -4107.878
v -3767.918 28.966 -4107.878
v -3604.653 17.648 -4107.878
v -3441.388 16.489 -4107.878
v -3278.122 6.249 -4107.878
v -3114.857 3.519 -4107.878
v -2951.592 0.000 -4107.878
v -2788.327 0.000 -4107.878
v -2625.061 0.000 -4107.878
v -2461.796 0.000 -4107.878
v -2298.531 0.000 -4107.878
v -2135.265 0.000 -4107.878
v -1972.000 0.000 -4107.878
v -9972.000 0.000 -3944.612
v -9808.735 0.000 -3944.612
v -9645.469 0.000 -3944.612
v -9482.204 0.000 -3944.612
v -9318.939 0.000 -3944.612
v -9155.673 0.000 -3944.612
v -8992.408 3.073 -3944.612
v -8829.143 13.105 -3944.612
v -8665.878 26.538 -3944.612
v -8502.612 44.792 -3944.612
v -8339.347 57.188 -3944.612
v -8176.082 57.695 -3944.612
v -8012.816 46.336 -3944.612
v -7849.551 41.836 -3944.612
v -7686.286 57.005 -3944.612
v -7523.020 73.874 -3944.612
v -7359.755 85.652 -3944.612
v -7196.490 87.625 -3944.612
v -7033.224 76.404 -3944.612
v -6869.959 67.770 -3944.612
v -6706.694 57.139 -3944.612
v -6543.429 51.783 -3944.612
v -6380.163 61.417 -3944.612
v -6216.898 76.773 -3944.612
v -6053.633 97.455 -3944.612
v -5890.367 111.121 -3944.612
v -5727.102 93.315 -3944.612
v -5563.837 79.206 -3944.612
v -5400.571 67.652 -3944.612
v -5237.306 67.374 -3944.612
v -5074.041 71.229 -3944.612
v -4910.776 73.196 -3944.612
v -4747.510 79.159 -3944.612
v -4584.245 73.384 -3944.612
v -4420.980 58.937 -3944.612
v -4257.714 42.093 -3944.612
v -4094.449 28.580 -3944.612
v -3931.184 34.497 -3944.612
v -3767.918 45.747 -3944.612
v -3604.653 46.375 -3944.612
v -3441.388 37.131 -3944.612
v -3278.122 21.785 -3944.612
v -3114.857 10.466 -3944.612
v -2951.592 2.265 -3944.612
v -2788.327 0.000 -3944.612
v -2625.061 0.000 -3944.612
v -2461.796 0.000 -3944.612
v -2298.531 0.000 -3944.612
v -2135.265 0.000 -3944.612
v -1972.000 0.000 -3944.612
v -9972.000 0.000 -3781.347
v -9808.735 0.000 -3781.347
v -9645.469 0.000 -3781.347
v -9482.204 0.000 -3781.347
v -9318.939 0.000 -3781.347
v -9155.673 1.712 -3781.347
v -8992.408 8.292 -3781.347
v -8829.143 23.453 -3781.347
v -8665.878 59.396 -3781.347
v -8502.612 74.615 -3781.347
v -8339.347 94.657 -3781.347
v -8176.082 73.627 -3781.347
v -8012.816 47.594 -3781.347
v -7849.551 64.197 -3781.347
v -7686.286 62.039 -3781.347
v -7523.020 97.270 -3781.347
v -7359.755 121.106 -3781.347
v -7196.490 114.885 -3781.347
v -7033.224 120.445 -3781.347
v -6869.959 79.569 -3781.347
v -6706.694 63.999 -3781.347
v -6543.429 69.357 -3781.347
v -6380.163 70.052 -3781.347
v -6216.898 115.534 -3781.347
v -6053.633 128.148 -3781.347
v -5890.367 145.770 -3781.347
v -5727.102 138.800 -3781.347
v -5563.837 93.652 -3781.347
v -5400.571 88.786 -3781.347
v -5237.306 78.427 -3781.347
v -5074.041 83.847 -3781.347
v -4910.776 116.572 -3781.347
v -4747.510 103.527 -3781.347
v -4584.245 103.504 -3781.347
v -4420.980 79.227 -3781.347
v -4257.714 42.650 -3781.347
v -4094.449 46.416 -3781.347
v -3931.184 31.800 -3781.347
v -3767.918 56.469 -3781.347
v -3604.653 80.064 -3781.347
v -3441.388 61.888 -3781.347
v -3278.122 50.307 -3781.347
v -3114.857 18.187 -3781.347
v -2951.592 5.265 -3781.347
v -2788.327 1.211 -3781.347
v -2625.061 0.000 -3781.347
v -2461.796 0.000 -3781.347
v -2298.531 0.000 -3781.347
v -2135.265 0.000 -3781.347
v -1972.000 0.000 -3781.347
v -9972.000 0.000 -3618.082
v -9808.735 0.000 -3618.082
v -9645.469 0.000 -3618.082
v -9482.204 0.000 -3618.082
v -9318.939 0.000 -3618.082
v -9155.673 9.144 -3618.082
v -8992.408 20.955 -3618.082
v -8829.143 44.748 -3618.082
v -8665.878 83.138 -3618.082
v -8502.612 109.996 -3618.082
v -8339.347 106.253 -3618.082
v -8176.082 91.198 -3618.082
v -8012.816 79.256 -3618.082
v -7849.551 85.408 -3618.082
v -7686.286 99.247 -3618.082
v -7523.020 119.883 -3618.082
v -7359.755 140.642 -3618.082
v -7196.490 149.505 -3618.082
v -7033.224 139.267 -3618.082
v -6869.959 112.051 -3618.082
v -6706.694 91.838 -3618.082
v -6543.429 92.989 -3618.082
v -6380.163 110.982 -3618.082
v -6216.898 136.388 -3618.082
v -6053.633 156.675 -3618.082
v -5890.367 180.669 -3618.082
v -5727.102 166.007 -3618.082
v -5563.837 140.932 -3618.082
v -5400.571 118.475 -3618.082
v -5237.306 109.598 -3618.082
v -5074.041 119.219 -3618.082
v -4910.776 134.490 -3618.082
v -4747.510 133.989 -3618.082
v -4584.245 118.326 -3618.082
v -4420.980 95.327 -3618.082
v -4257.714 74.839 -3618.082
v -4094.449 62.382 -3618.082
v -3931.184 57.831 -3618.082
v -3767.918 70.348 -3618.082
v -3604.653 87.094 -3618.082
v -3441.388 91.926 -3618.082
v -3278.122 68.240 -3618.082
v -3114.857 34.574 -3618.082
v -2951.592 15.029 -3618.082
v -2788.327 6.570 -3618.082
v -2625.061 0.000 -3618.082
v -2461.796 0.000 -3618.082
v -2298.531 0.000 -3618.082
v -2135.265 0.000 -3618.082
v -1972.000 0.000 -3618.082
v -9972.000 0.000 -3454.816
v -9808.735 0.000 -3454.816
v -9645.469 0.000 -3454.816
v -9482.204 0.000 -3454.816
v -9318.939 9.864 -3454.816
v -9155.673 24.304 -3454.816
v -8992.408 51.229 -3454.816
v -8829.143 80.917 -3454.816
v -8665.878 91.343 -3454.816
v -8502.612 121.880 -3454.816
v -8339.347 108.473 -3454.816
v -8176.082 117.787 -3454.816
v -8012.816 130.919 -3454.816
v -7849.551 118.645 -3454.816
v -7686.286 155.390 -3454.816
v -7523.020 150.727 -3454.816
v -7359.755 153.393 -3454.816
v -7196.490 171.446 -3454.816
v -7033.224 142.964 -3454.816
v -6869.959 158.190 -3454.816
v -6706.694 147.053 -3454.816
v -6543.429 136.504 -3454.816
v -6380.163 163.943 -3454.816
v -6216.898 150.415 -3454.816
v -6053.633 181.170 -3454.816
v -5890.367 211.995 -3454.816
v -5727.102 185.914 -3454.816
v -5563.837 201.345 -3454.816
v -5400.571 170.466 -3454.816
v -5237.306 168.865 -3454.816
v -5074.041 168.307 -3454.816
v -4910.776 136.989 -3454.816
v -4747.510 151.957 -3454.816
v -4584.245 126.243 -3454.816
v -4420.980 116.967 -3454.816
v -4257.714 123.612 -3454.816
v -4094.449 89.649 -3454.816
v -3931.184 104.207 -3454.816
v -3767.918 93.478 -3454.816
v -3604.653 82.884 -3454.816
v -3441.388 98.732 -3454.816
v -3278.122 69.902 -3454.816
v -3114.857 63.823 -3454.816
v -2951.592 41.139 -3454.816
v -2788.327 18.331 -3454.816
v -2625.061 8.023 -3454.816
v -2461.796 0.000 -3454.816
v -2298.531 0.000 -3454.816
v -2135.265 0.000 -3454.816
v -1972.000 0.000 -3454.816
v -9972.000 0.000 -3291.551
v -9808.735 0.000 -3291.551
v -9645.469 0.000 -3291.551
v -9482.204 2.025 -3291.551
v -9318.939 23.506 -3291.551
v -9155.673 58.095 -3291.551
v -8992.408 95.283 -3291.551
v -8829.143 119.491 -3291.551
v -8665.878 109.521 -3291.551
v -8502.612 104.805 -3291.551
v -8339.347 125.344 -3291.551
v -8176.082 152.901 -3291.551
v -8012.816 170.856 -3291.551
v -7849.551 189.972 -3291.551
v -7686.286 197.654 -3291.551
v -7523.020 194.610 -3291.551
v -7359.755 179.428 -3291.551
v -7196.490 165.940 -3291.551
v -7033.224 174.516 -3291.551
v -6869.959 194.857 -3291.551
v -6706.694 212.364 -3291.551
v -6543.429 211.046 -3291.551
v -6380.163 195.844 -3291.551
v -6216.898 191.093 -3291.551
v -6053.633 198.522 -3291.551
v -5890.367 234.610 -3291.551
v -5727.102 234.615 -3291.551
v -5563.837 242.313 -3291.551
v -5400.571 252.919 -3291.551
v -5237.306 241.663 -3291.551
v -5074.041 206.221 -3291.551
v -4910.776 167.735 -3291.551
v -4747.510 143.215 -3291.551
v -4584.245 144.183 -3291.551
v -4420.980 152.593 -3291.551
v -4257.714 155.623 -3291.551
v -4094.449 153.755 -3291.551
v -3931.184 140.146 -3291.551
v -3767.918 121.980 -3291.551
v -3604.653 94.375 -3291.551
v -3441.388 75.020 -3291.551
v -3278.122 82.150 -3291.551
v -3114.857 95.178 -3291.551
v -2951.592 78.048 -3291.551
v -2788.327 47.812 -3291.551
v -2625.061 19.015 -3291.551
v -2461.796 1.591 -3291.551
v -2298.531 0.000 -3291.551
v -2135.265 0.000 -3291.551
v -1972.000 0.000 -3291.551
v -9972.000 0.000 -3128.286
v -9808.735 0.000 -3128.286
v -9645.469 0.000 -3128.286
v -9482.204 13.071 -3128.286
v -9318.939 40.518 -3128.286
v -9155.673 100.506 -3128.286
v -8992.408 139.325 -3128.286
v -8829.143 144.339 -3128.286
v -8665.878 144.819 -3128.286
v -8502.612 109.117 -3128.286
v -8339.347 153.718 -3128.286
v -8176.082 185.209 -3128.286
v -8012.816 204.692 -3128.286
v -7849.551 260.978 -3128.286
v -7686.286 236.942 -3128.286
v -7523.020 238.308 -3128.286
v -7359.755 217.112 -3128.286
v -7196.490 183.070 -3128.286
v -7033.224 227.108 -3128.286
v -6869.959 230.471 -3128.286
v -6706.694 263.072 -3128.286
v -6543.429 277.775 -3128.286
v -6380.163 232.621 -3128.286
v -6216.898 245.842 -3128.286
v -6053.633 227.490 -3128.286
v -5890.367 270.762 -3128.286
v -5727.102 300.237 -3128.286
v -5563.837 289.351 -3128.286
v -5400.571 327.316 -3128.286
v -5237.306 300.465 -3128.286
v -5074.041 244.243 -3128.286
v -4910.776 219.582 -3128.286
v -4747.510 155.334 -3128.286
v -4584.245 171.991 -3128.286
v -4420.980 188.236 -3128.286
v -4257.714 185.089 -3128.286
v -4094.449 216.270 -3128.286
v -3931.184 167.542 -3128.286
v -3767.918 146.105 -3128.286
v -3604.653 117.648 -3128.286
v -3441.388 72.569 -3128.286
v -3278.122 110.079 -3128.286
v -3114.857 113.958 -3128.286
v -2951.592 113.393 -3128.286
v -2788.327 85.313 -3128.286
v -2625.061 32.461 -3128.286
v -2461.796 10.341 -3128.286
v -2298.531 0.000 -3128.286
v -2135.265 0.000 -3128.286
v -1972.000 0.000 -3128.286
v -9972.000 0.000 -2965.020
v -9808.735 0.000 -2965.020
v -9645.469 1.367 -2965.020
v -9482.204 25.476 -2965.020
v -9318.939 70.723 -2965.020
v -9155.673 121.931 -2965.020
v -8992.408 173.745 -2965.020
v -8829.143 176.458 -2965.020
v -8665.878 171.684 -2965.020
v -8502.612 179.923 -2965.020
v -8339.347 185.707 -2965.020
v -8176.082 213.383 -2965.020
v -8012.816 248.318 -2965.020
v -7849.551 275.742 -2965.020
v -7686.286 291.909 -2965.020
v -7523.020 275.841 -2965.020
v -7359.755 263.639 -2965.020
v -7196.490 268.987 -2965.020
v -7033.224 269.900 -2965.020
v -6869.959 284.108 -2965.020
v -6706.694 291.352 -2965.020
v -6543.429 295.924 -2965.020
v -6380.163 300.767 -2965.020
v -6216.898 286.348 -2965.020
v -6053.633 294.740 -2965.020
v -5890.367 349.964 -2965.020
v -5727.102 352.577 -2965.020
v -5563.837 368.846 -2965.020
v -5400.571 355.939 -2965.020
v -5237.306 333.821 -2965.020
v -5074.041 303.057 -2965.020
v -4910.776 260.421 -2965.020
v -4747.510 233.372 -2965.020
v -4584.245 210.710 -2965.020
v -4420.980 215.001 -2965.020
v -4257.714 232.462 -2965.020
v -4094.449 221.894 -2965.020
v -3931.184 200.223 -2965.020
v -3767.918 167.562 -2965.020
v -3604.653 141.472 -2965.020
v -3441.388 137.171 -2965.020
v -3278.122 130.196 -2965.020
v -3114.857 137.868 -2965.020
v -2951.592 140.746 -2965.020
v -2788.327 100.070 -2965.020
v -2625.061 57.814 -2965.020
v -2461.796 19.673 -2965.020
v -2298.531 0.990 -2965.020
v -2135.265 0.000 -2965.020
v -1972.000 0.000 -2965.020
v -9972.000 0.000 -2801.755
v -9808.735 0.000 -2801.755
v -9645.469 12.520 -2801.755
v -9482.204 41.907 -2801.755
v -9318.939 97.534 -2801.755
v -9155.673 128.167 -2801.755
v -8992.408 178.659 -2801.755
v -8829.143 209.208 -2801.755
v -8665.878 213.373 -2801.755
v -8502.612 267.521 -2801.755
v -8339.347 244.427 -2801.755
v -8176.082 253.303 -2801.755
v -8012.816 273.388 -2801.755
v -7849.551 264.241 -2801.755
v -7686.286 327.280 -2801.755
v -7523.020 326.890 -2801.755
v -7359.755 340.540 -2801.755
v -7196.490 375.090 -2801.755
v -7033.224 327.967 -2801.755
v -6869.959 335.985 -2801.755
v -6706.694 308.568 -2801.755
v -6543.429 295.911 -2801.755
v -6380.163 348.714 -2801.755
v -6216.898 339.089 -2801.755
v -6053.633 394.561 -2801.755
v -5890.367 461.476 -2801.755
v -5727.102 417.648 -2801.755
v -5563.837 430.169 -2801.755
v -5400.571 368.471 -2801.755
v -5237.306 356.684 -2801.755
v -5074.041 357.934 -2801.755
v -4910.776 315.280 -2801.755
v -4747.510 332.361 -2801.755
v -4584.245 280.284 -2801.755
v -4420.980 254.869 -2801.755
v -4257.714 258.595 -2801.755
v -4094.449 200.888 -2801.755
v -3931.184 214.886 -2801.755
v -3767.918 199.277 -2801.755
v -3604.653 189.981 -2801.755
v -3441.388 217.353 -2801.755
v -3278.122 166.012 -2801.755
v -3114.857 163.833 -2801.755
v -2951.592 141.302 -2801.755
v -2788.327 97.600 -2801.755
v -2625.061 78.545 -2801.755
v -2461.796 32.372 -2801.755
v -2298.531 9.781 -2801.755
v -2135.265 0.000 -2801.755
v -1972.000 0.000 -2801.755
v -9972.000 0.000 -2638.490
v -9808.735 0.000 -2638.490
v -9645.469 30.322 -2638.490
v -9482.204 70.737 -2638.490
v -9318.939 100.189 -2638.490
v -9155.673 152.771 -2638.490
v -8992.408 182.376 -2638.490
v -8829.143 229.398 -2638.490
v -8665.878 288.641 -2638.490
v -8502.612 313.257 -2638.490
v -8339.347 332.880 -2638.490
v -8176.082 308.359 -2638.490
v -8012.816 266.492 -2638.490
v -7849.551 286.496 -2638.490
v -7686.286 325.148 -2638.490
v -7523.020 398.572 -2638.490
v -7359.755 445.512 -2638.490
v -7196.490 441.162 -2638.490
v -7033.224 423.850 -2638.490
v -6869.959 366.885 -2638.490
v -6706.694 331.131 -2638.490
v -6543.429 325.629 -2638.490
v -6380.163 346.136 -2638.490
v -6216.898 427.547 -2638.490
v -6053.633 493.370 -2638.490
v -5890.367 567.793 -2638.490
v -5727.102 519.598 -2638.490
v -5563.837 442.643 -2638.490
v -5400.571 409.821 -2638.490
v -5237.306 389.091 -2638.490
v -5074.041 387.355 -2638.490
v -4910.776 407.991 -2638.490
v -4747.510 394.110 -2638.490
v -4584.245 375.139 -2638.490
v -4420.980 317.833 -2638.490
v -4257.714 243.314 -2638.490
v -4094.449 213.165 -2638.490
v -3931.184 201.497 -2638.490
v -3767.918 242.125 -2638.490
v -3604.653 269.485 -2638.490
v -3441.388 253.700 -2638.490
v -3278.122 234.767 -2638.490
v -3114.857 181.087 -2638.490
v -2951.592 136.808 -2638.490
v -2788.327 112.907 -2638.490
v -2625.061 74.373 -2638.490
v -2461.796 56.515 -2638.490
v -2298.531 25.084 -2638.490
v -2135.265 0.000 -2638.490
v -1972.000 0.000 -2638.490
v -9972.000 0.000 -2475.224
v -9808.735 4.311 -2475.224
v -9645.469 48.798 -2475.224
v -9482.204 99.485 -2475.224
v -9318.939 115.955 -2475.224
v -9155.673 179.377 -2475.224
v -8992.408 201.638 -2475.224
v -8829.143 255.302 -2475.224
v -8665.878 343.541 -2475.224
v -8502.612 349.276 -2475.224
v -8339.347 393.361 -2475.224
v -8176.082 355.338 -2475.224
v -8012.816 287.216 -2475.224
v -7849.551 330.112 -2475.224
v -7686.286 352.396 -2475.224
v -7523.020 460.066 -2475.224
v -7359.755 521.058 -2475.224
v -7196.490 495.540 -2475.224
v -7033.224 498.867 -2475.224
v -6869.959 408.372 -2475.224
v -6706.694 371.498 -2475.224
v -6543.429 373.017 -2475.224
v -6380.163 373.692 -2475.224
v -6216.898 500.371 -2475.224
v -6053.633 566.609 -2475.224
v -5890.367 649.945 -2475.224
v -5727.102 605.656 -2475.224
v -5563.837 484.102 -2475.224
v -5400.571 468.380 -2475.224
v -5237.306 438.659 -2475.224
v -5074.041 430.021 -2475.224
v -4910.776 480.710 -2475.224
v -4747.510 442.886 -2475.224
v -4584.245 440.215 -2475.224
v -4420.980 369.381 -2475.224
v -4257.714 258.324 -2475.224
v -4094.449 246.598 -2475.224
v -3931.184 214.412 -2475.224
v -3767.918 278.501 -2475.224
v -3604.653 321.666 -2475.224
v -3441.388 280.985 -2475.224
v -3278.122 282.190 -2475.224
v -3114.857 201.801 -2475.224
v -2951.592 148.697 -2475.224
v -2788.327 133.376 -2475.224
v -2625.061 82.972 -2475.224
v -2461.796 80.156 -2475.224
v -2298.531 40.788 -2475.224
v -2135.265 3.537 -2475.224
v -1972.000 0.000 -2475.224
v -9972.000 0.000 -2311.959
v -9808.735 13.970 -2311.959
v -9645.469 60.404 -2311.959
v -9482.204 111.612 -2311.959
v -9318.939 181.291 -2311.959
v -9155.673 205.939 -2311.959
v -8992.408 246.529 -2311.959
v -8829.143 299.809 -2311.959
v -8665.878 341.492 -2311.959
v -8502.612 398.769 -2311.959
v -8339.347 391.537 -2311.959
v -8176.082 381.659 -2311.959
v -8012.816 371.320 -2311.959
v -7849.551 377.040 -2311.959
v -7686.286 448.789 -2311.959
v -7523.020 493.353 -2311.959
v -7359.755 533.868 -2311.959
v -7196.490 559.316 -2311.959
v -7033.224 512.211 -2311.959
v -6869.959 481.059 -2311.959
v -6706.694 436.476 -2311.959
v -6543.429 424.216 -2311.959
v -6380.163 479.043 -2311.959
v -6216.898 522.120 -2311.959
v -6053.633 604.522 -2311.959
v -5890.367 701.425 -2311.959
v -5727.102 638.789 -2311.959
v -5563.837 600.435 -2311.959
v -5400.571 531.110 -2311.959
v -5237.306 508.742 -2311.959
v -5074.041 510.522 -2311.959
v -4910.776 492.831 -2311.959
v -4747.510 497.655 -2311.959
v -4584.245 444.576 -2311.959
v -4420.980 388.963 -2311.959
v -4257.714 346.339 -2311.959
v -4094.449 283.632 -2311.959
v -3931.184 286.546 -2311.959
v -3767.918 299.700 -2311.959
v -3604.653 311.204 -2311.959
v -3441.388 324.011 -2311.959
v -3278.122 272.177 -2311.959
v -3114.857 235.426 -2311.959
v -2951.592 190.142 -2311.959
v -2788.327 154.575 -2311.959
v -2625.061 141.254 -2311.959
v -2461.796 87.708 -2311.959
v -2298.531 48.652 -2311.959
v -2135.265 11.493 -2311.959
v -1972.000 0.000 -2311.959
v -9972.000 0.000 -2148.694
v -9808.735 19.857 -2148.694
v -9645.469 63.245 -2148.694
v -9482.204 123.750 -2148.694
v -9318.939 245.190 -2148.694
v -9155.673 263.172 -2148.694
v -8992.408 306.628 -2148.694
v -8829.143 338.555 -2148.694
v -8665.878 337.098 -2148.694
v -8502.612 398.472 -2148.694
v -8339.347 377.979 -2148.694
v -8176.082 408.536 -2148.694
v -8012.816 456.770 -2148.694
v -7849.551 466.723 -2148.694
v -7686.286 542.629 -2148.694
v -7523.020 527.544 -2148.694
v -7359.755 530.928 -2148.694
v -7196.490 570.940 -2148.694
v -7033.224 523.332 -2148.694
v -6869.959 544.309 -2148.694
v -6706.694 522.537 -2148.694
v -6543.429 512.981 -2148.694
v -6380.163 570.623 -2148.694
v -6216.898 546.861 -2148.694
v -6053.633 608.124 -2148.694
v -5890.367 715.477 -2148.694
v -5727.102 673.743 -2148.694
v -5563.837 701.703 -2148.694
v -5400.571 629.350 -2148.694
v -5237.306 601.592 -2148.694
v -5074.041 580.291 -2148.694
v -4910.776 503.776 -2148.694
v -4747.510 502.111 -2148.694
v -4584.245 432.028 -2148.694
v -4420.980 410.993 -2148.694
v -4257.714 430.612 -2148.694
v -4094.449 364.044 -2148.694
v -3931.184 363.046 -2148.694
v -3767.918 321.188 -2148.694
v -3604.653 291.258 -2148.694
v -3441.388 317.139 -2148.694
v -3278.122 259.392 -2148.694
v -3114.857 264.834 -2148.694
v -2951.592 245.253 -2148.694
v -2788.327 207.505 -2148.694
v -2625.061 198.943 -2148.694
v -2461.796 95.474 -2148.694
v -2298.531 48.136 -2148.694
v -2135.265 15.704 -2148.694
v -1972.000 0.000 -2148.694
v -9972.000 0.000 -1985.429
v -9808.735 21.418 -1985.429
v -9645.469 64.805 -1985.429
v -9482.204 150.610 -1985.429
v -9318.939 258.350 -1985.429
v -9155.673 340.492 -1985.429
v -8992.408 361.375 -1985.429
v -8829.143 358.670 -1985.429
v -8665.878 365.979 -1985.429
v -8502.612 342.166 -1985.429
v -8339.347 397.690 -1985.429
v -8176.082 451.061 -1985.429
v -8012.816 494.560 -1985.429
v -7849.551 581.079 -1985.429
v -7686.286 579.870 -1985.429
v -7523.020 581.730 -1985.429
v -7359.755 558.031 -1985.429
v -7196.490 526.701 -1985.429
v -7033.224 568.834 -1985.429
v -6869.959 574.758 -1985.429
v -6706.694 607.956 -1985.429
v -6543.429 625.565 -1985.429
v -6380.163 587.593 -1985.429
v -6216.898 604.331 -1985.429
v -6053.633 607.445 -1985.429
v -5890.367 718.134 -1985.429
v -5727.102 740.178 -1985.429
v -5563.837 728.572 -1985.429
v -5400.571 749.262 -1985.429
v -5237.306 697.478 -1985.429
v -5074.041 610.543 -1985.429
v -4910.776 549.058 -1985.429
v -4747.510 455.723 -1985.429
v -4584.245 448.427 -1985.429
v -4420.980 457.461 -1985.429
v -4257.714 454.829 -1985.429
v -4094.449 470.389 -1985.429
v -3931.184 398.717 -1985.429
v -3767.918 355.015 -1985.429
v -3604.653 306.681 -1985.429
v -3441.388 252.877 -1985.429
v -3278.122 280.981 -1985.429
v -3114.857 281.945 -1985.429
v -2951.592 291.194 -1985.429
v -2788.327 281.293 -1985.429
v -2625.061 207.351 -1985.429
v -2461.796 118.136 -1985.429
v -2298.531 47.956 -1985.429
v -2135.265 15.128 -1985.429
v -1972.000 0.000 -1985.429
v -9972.000 0.000 -1822.163
v -9808.735 26.216 -1822.163
v -9645.469 75.188 -1822.163
v -9482.204 168.786 -1822.163
v -9318.939 261.927 -1822.163
v -9155.673 365.729 -1822.163
v -8992.408 391.413 -1822.163
v -8829.143 381.703 -1822.163
v -8665.878 384.156 -1822.163
v -8502.612 342.896 -1822.163
v -8339.347 425.553 -1822.163
v -8176.082 487.637 -1822.163
v -8012.816 519.662 -1822.163
v -7849.551 615.521 -1822.163
v -7686.286 606.343 -1822.163
v -7523.020 625.652 -1822.163
v -7359.755 596.552 -1822.163
v -7196.490 539.166 -1822.163
v -7033.224 597.126 -1822.163
v -6869.959 607.363 -1822.163
v -6706.694 656.032 -1822.163
v -6543.429 670.948 -1822.163
v -6380.163 605.383 -1822.163
v -6216.898 639.577 -1822.163
v -6053.633 644.761 -1822.163
v -5890.367 759.898 -1822.163
v -5727.102 781.776 -1822.163
v -5563.837 755.000 -1822.163
v -5400.571 803.016 -1822.163
v -5237.306 751.493 -1822.163
v -5074.041 642.967 -1822.163
v -4910.776 575.701 -1822.163
v -4747.510 466.000 -1822.163
v -4584.245 481.321 -1822.163
v -4420.980 493.765 -1822.163
v -4257.714 471.987 -1822.163
v -4094.449 498.843 -1822.163
v -3931.184 420.780 -1822.163
v -3767.918 385.836 -1822.163
v -3604.653 328.244 -1822.163
v -3441.388 247.457 -1822.163
v -3278.122 295.253 -1822.163
v -3114.857 302.275 -1822.163
v -2951.592 315.914 -1822.163
v -2788.327 302.120 -1822.163
v -2625.061 208.278 -1822.163
v -2461.796 133.468 -1822.163
v -2298.531 56.362 -1822.163
v -2135.265 18.150 -1822.163
v -1972.000 0.000 -1822.163
v -9972.000 0.000 -1658.898
v -9808.735 37.823 -1658.898
v -9645.469 94.276 -1658.898
v -9482.204 170.561 -1658.898
v -9318.939 290.407 -1658.898
v -9155.673 322.984 -1658.898
v -8992.408 380.703 -1658.898
v -8829.143 405.393 -1658.898
v -8665.878 388.958 -1658.898
v -8502.612 438.856 -1658.898
v -8339.347 448.232 -1658.898
v -8176.082 497.955 -1658.898
v -8012.816 540.957 -1658.898
v -7849.551 557.659 -1658.898
v -7686.286 637.213 -1658.898
v -7523.020 637.816 -1658.898
v -7359.755 631.000 -1658.898
v -7196.490 644.040 -1658.898
v -7033.224 606.429 -1658.898
v -6869.959 645.164 -1658.898
v -6706.694 642.502 -1658.898
v -6543.429 624.990 -1658.898
v -6380.163 655.970 -1658.898
v -6216.898 643.295 -1658.898
v -6053.633 716.905 -1658.898
v -5890.367 841.066 -1658.898
v -5727.102 790.848 -1658.898
v -5563.837 811.474 -1658.898
v -5400.571 764.449 -1658.898
v -5237.306 737.020 -1658.898
v -5074.041 684.739 -1658.898
v -4910.776 582.689 -1658.898
v -4747.510 565.414 -1658.898
v -4584.245 515.145 -1658.898
v -4420.980 499.011 -1658.898
v -4257.714 501.657 -1658.898
v -4094.449 436.865 -1658.898
v -3931.184 433.816 -1658.898
v -3767.918 394.745 -1658.898
v -3604.653 344.158 -1658.898
v -3441.388 341.265 -1658.898
v -3278.122 298.485 -1658.898
v -3114.857 320.462 -1658.898
v -2951.592 306.332 -1658.898
v -2788.327 255.666 -1658.898
v -2625.061 233.733 -1658.898
v -2461.796 133.009 -1658.898
v -2298.531 72.390 -1658.898
v -2135.265 29.231 -1658.898
v -1972.000 0.000 -1658.898
v -9972.000 0.000 -1495.633
v -9808.735 47.937 -1495.633
v -9645.469 112.496 -1495.633
v -9482.204 185.831 -1495.633
v -9318.939 283.955 -1495.633
v -9155.673 282.309 -1495.633
v -8992.408 335.698 -1495.633
v -8829.143 399.028 -1495.633
v -8665.878 437.341 -1495.633
v -8502.612 519.159 -1495.633
v -8339.347 497.004 -1495.633
v -8176.082 497.350 -1495.633
v -8012.816 509.049 -1495.633
v -7849.551 514.206 -1495.633
v -7686.286 612.642 -1495.633
v -7523.020 643.418 -1495.633
v -7359.755 683.551 -1495.633
v -7196.490 729.526 -1495.633
v -7033.224 662.535 -1495.633
v -6869.959 641.642 -1495.633
v -6706.694 587.871 -1495.633
v -6543.429 572.870 -1495.633
v -6380.163 653.415 -1495.633
v -6216.898 678.889 -1495.633
v -6053.633 778.811 -1495.633
v -5890.367 907.696 -1495.633
v -5727.102 832.815 -1495.633
v -5563.837 812.767 -1495.633
v -5400.571 713.429 -1495.633
v -5237.306 682.845 -1495.633
v -5074.041 682.472 -1495.633
v -4910.776 637.646 -1495.633
v -4747.510 647.180 -1495.633
v -4584.245 565.313 -1495.633
v -4420.980 504.927 -1495.633
v -4257.714 478.164 -1495.633
v -4094.449 390.759 -1495.633
v -3931.184 396.170 -1495.633
v -3767.918 390.240 -1495.633
v -3604.653 391.625 -1495.633
v -3441.388 421.010 -1495.633
v -3278.122 345.072 -1495.633
v -3114.857 312.439 -1495.633
v -2951.592 261.871 -1495.633
v -2788.327 214.946 -1495.633
v -2625.061 224.883 -1495.633
v -2461.796 144.943 -1495.633
v -2298.531 89.171 -1495.633
v -2135.265 39.193 -1495.633
v -1972.000 0.000 -1495.633
v -9972.000 0.000 -1332.367
v -9808.735 50.796 -1332.367
v -9645.469 122.817 -1332.367
v -9482.204 209.749 -1332.367
v -9318.939 237.341 -1332.367
v -9155.673 274.903 -1332.367
v -8992.408 298.189 -1332.367
v -8829.143 374.940 -1332.367
v -8665.878 498.896 -1332.367
v -8502.612 521.943 -1332.367
v -8339.347 553.158 -1332.367
v -8176.082 504.369 -1332.367
v -8012.816 445.911 -1332.367
v -7849.551 512.762 -1332.367
v -7686.286 547.202 -1332.367
v -7523.020 658.169 -1332.367
v -7359.755 737.430 -1332.367
v -7196.490 734.345 -1332.367
v -7033.224 730.367 -1332.367
v -6869.959 606.933 -1332.367
v -6706.694 546.584 -1332.367
v -6543.429 559.729 -1332.367
v -6380.163 589.009 -1332.367
v -6216.898 730.065 -1332.367
v -6053.633 806.880 -1332.367
v -5890.367 932.620 -1332.367
v -5727.102 887.205 -1332.367
v -5563.837 750.181 -1332.367
v -5400.571 697.748 -1332.367
v -5237.306 644.775 -1332.367
v -5074.041 643.384 -1332.367
v -4910.776 705.176 -1332.367
v -4747.510 653.607 -1332.367
v -4584.245 616.427 -1332.367
v -4420.980 524.720 -1332.367
v -4257.714 411.574 -1332.367
v -4094.449 388.937 -1332.367
v -3931.184 334.916 -1332.367
v -3767.918 392.086 -1332.367
v -3604.653 449.985 -1332.367
v -3441.388 422.947 -1332.367
v -3278.122 406.109 -1332.367
v -3114.857 292.553 -1332.367
v -2951.592 221.894 -1332.367
v -2788.327 209.062 -1332.367
v -2625.061 177.636 -1332.367
v -2461.796 166.808 -1332.367
v -2298.531 100.513 -1332.367
v -2135.265 41.652 -1332.367
v -1972.000 0.000 -1332.367
v -9972.000 0.000 -1169.102
v -9808.735 48.563 -1169.102
v -9645.469 121.241 -1169.102
v -9482.204 200.637 -1169.102
v -9318.939 226.431 -1169.102
v -9155.673 267.341 -1169.102
v -8992.408 303.237 -1169.102
v -8829.143 375.172 -1169.102
v -8665.878 479.014 -1169.102
v -8502.612 503.732 -1169.102
v -8339.347 545.783 -1169.102
v -8176.082 506.707 -1169.102
v -8012.816 439.687 -1169.102
v -7849.551 489.992 -1169.102
v -7686.286 536.061 -1169.102
v -7523.020 656.226 -1169.102
v -7359.755 729.772 -1169.102
v -7196.490 713.858 -1169.102
v -7033.224 703.163 -1169.102
v -6869.959 601.389 -1169.102
v -6706.694 550.045 -1169.102
v -6543.429 549.615 -1169.102
v -6380.163 569.120 -1169.102
v -6216.898 709.257 -1169.102
v -6053.633 801.819 -1169.102
v -5890.367 924.030 -1169.102
v -5727.102 861.446 -1169.102
v -5563.837 727.965 -1169.102
v -5400.571 687.434 -1169.102
v -5237.306 646.352 -1169.102
v -5074.041 635.231 -1169.102
v -4910.776 677.521 -1169.102
v -4747.510 636.319 -1169.102
v -4584.245 612.729 -1169.102
v -4420.980 523.753 -1169.102
v -4257.714 400.986 -1169.102
v -4094.449 368.946 -1169.102
v -3931.184 332.803 -1169.102
v -3767.918 397.054 -1169.102
v -3604.653 442.332 -1169.102
v -3441.388 405.564 -1169.102
v -3278.122 389.510 -1169.102
v -3114.857 295.583 -1169.102
v -2951.592 227.639 -1169.102
v -2788.327 201.022 -1169.102
v -2625.061 168.023 -1169.102
v -2461.796 160.360 -1169.102
v -2298.531 99.940 -1169.102
v -2135.265 39.724 -1169.102
v -1972.000 0.000 -1169.102
v -9972.000 0.000 -1005.837
v -9808.735 40.299 -1005.837
v -9645.469 103.072 -1005.837
v -9482.204 164.860 -1005.837
v -9318.939 260.234 -1005.837
v -9155.673 265.415 -1005.837
v -8992.408 332.817 -1005.837
v -8829.143 387.029 -1005.837
v -8665.878 398.737 -1005.837
v -8502.612 477.354 -1005.837
v -8339.347 472.671 -1005.837
v -8176.082 485.908 -1005.837
v -8012.816 485.173 -1005.837
v -7849.551 471.020 -1005.837
v -7686.286 578.991 -1005.837
v -7523.020 622.115 -1005.837
v -7359.755 653.128 -1005.837
v -7196.490 678.422 -1005.837
v -7033.224 607.687 -1005.837
v -6869.959 614.555 -1005.837
v -6706.694 575.712 -1005.837
v -6543.429 544.317 -1005.837
v -6380.163 606.446 -1005.837
v -6216.898 632.092 -1005.837
v -6053.633 747.814 -1005.837
v -5890.367 868.045 -1005.837
v -5727.102 774.913 -1005.837
v -5563.837 757.984 -1005.837
v -5400.571 680.344 -1005.837
v -5237.306 665.516 -1005.837
v -5074.041 650.617 -1005.837
v -4910.776 582.981 -1005.837
v -4747.510 602.843 -1005.837
v -4584.245 543.523 -1005.837
v -4420.980 489.126 -1005.837
v -4257.714 449.132 -1005.837
v -4094.449 354.911 -1005.837
v -3931.184 381.229 -1005.837
v -3767.918 385.361 -1005.837
v -3604.653 370.162 -1005.837
v -3441.388 383.176 -1005.837
v -3278.122 313.502 -1005.837
v -3114.857 306.816 -1005.837
v -2951.592 261.983 -1005.837
v -2788.327 199.472 -1005.837
v -2625.061 204.658 -1005.837
v -2461.796 129.568 -1005.837
v -2298.531 82.633 -1005.837
v -2135.265 32.781 -1005.837
v -1972.000 0.000 -1005.837
v -9972.000 0.000 -842.571
v -9808.735 25.915 -842.571
v -9645.469 73.405 -842.571
v -9482.204 143.726 -842.571
v -9318.939 269.169 -842.571
v -9155.673 300.407 -842.571
v -8992.408 346.018 -842.571
v -8829.143 366.759 -842.571
v -8665.878 357.025 -842.571
v -8502.612 397.758 -842.571
v -8339.347 403.544 -842.571
v -8176.082 448.509 -842.571
v -8012.816 495.661 -842.571
v -7849.551 521.154 -842.571
v -7686.286 584.548 -842.571
v -7523.020 576.532 -842.571
v -7359.755 568.371 -842.571
v -7196.490 583.783 -842.571
v -7033.224 556.682 -842.571
v -6869.959 586.254 -842.571
v -6706.694 584.423 -842.571
v -6543.429 575.868 -842.571
v -6380.163 603.964 -842.571
v -6216.898 588.678 -842.571
v -6053.633 643.527 -842.571
v -5890.367 757.129 -842.571
v -5727.102 724.012 -842.571
v -5563.837 745.292 -842.571
v -5400.571 701.824 -842.571
v -5237.306 670.789 -842.571
v -5074.041 623.324 -842.571
v -4910.776 535.618 -842.571
v -4747.510 511.386 -842.571
v -4584.245 461.783 -842.571
v -4420.980 450.575 -842.571
v -4257.714 461.687 -842.571
v -4094.449 410.791 -842.571
v -3931.184 397.220 -842.571
v -3767.918 354.254 -842.571
v -3604.653 309.838 -842.571
v -3441.388 309.213 -842.571
v -3278.122 273.673 -842.571
v -3114.857 288.661 -842.571
v -2951.592 278.400 -842.571
v -2788.327 239.874 -842.571
v -2625.061 217.519 -842.571
v -2461.796 111.710 -842.571
v -2298.531 55.710 -842.571
v -2135.265 19.896 -842.571
v -1972.000 0.000 -842.571
v -9972.000 0.000 -679.306
v -9808.735 14.032 -679.306
v -9645.469 50.002 -679.306
v -9482.204 133.101 -679.306
v -9318.939 231.053 -679.306
v -9155.673 329.521 -679.306
v -8992.408 333.918 -679.306
v -8829.143 326.586 -679.306
v -8665.878 348.282 -679.306
v -8502.612 307.168 -679.306
v -8339.347 364.883 -679.306
v -8176.082 412.057 -679.306
v -8012.816 458.767 -679.306
v -7849.551 565.526 -679.306
v -7686.286 538.956 -679.306
v -7523.020 534.969 -679.306
v -7359.755 510.537 -679.306
v -7196.490 477.029 -679.306
v -7033.224 539.451 -679.306
v -6869.959 527.423 -679.306
v -6706.694 563.425 -679.306
v -6543.429 595.412 -679.306
v -6380.163 547.848 -679.306
v -6216.898 569.612 -679.306
v -6053.633 546.941 -679.306
v -5890.367 649.724 -679.306
v -5727.102 697.183 -679.306
v -5563.837 678.230 -679.306
v -5400.571 708.176 -679.306
v -5237.306 647.469 -679.306
v -5074.041 561.600 -679.306
v -4910.776 522.050 -679.306
v -4747.510 410.398 -679.306
v -4584.245 406.814 -679.306
v -4420.980 420.915 -679.306
v -4257.714 423.469 -679.306
v -4094.449 462.323 -679.306
v -3931.184 369.152 -679.306
v -3767.918 322.069 -679.306
v -3604.653 282.503 -679.306
v -3441.388 224.684 -679.306
v -3278.122 267.870 -679.306
v -3114.857 254.837 -679.306
v -2951.592 268.497 -679.306
v -2788.327 275.988 -679.306
v -2625.061 185.862 -679.306
v -2461.796 104.206 -679.306
v -2298.531 36.090 -679.306
v -2135.265 9.552 -679.306
v -1972.000 0.000 -679.306
v -9972.000 0.000 -516.041
v -9808.735 8.848 -516.041
v -9645.469 41.900 -516.041
v -9482.204 107.587 -516.041
v -9318.939 197.202 -516.041
v -9155.673 289.001 -516.041
v -8992.408 306.977 -516.041
v -8829.143 304.179 -516.041
v -8665.878 307.798 -516.041
v -8502.612 289.841 -516.041
v -8339.347 333.817 -516.041
v -8176.082 380.680 -516.041
v -8012.816 421.446 -516.041
v -7849.551 493.301 -516.041
v -7686.286 493.976 -516.041
v -7523.020 491.060 -516.041
v -7359.755 469.405 -516.041
v -7196.490 445.835 -516.041
v -7033.224 479.476 -516.041
v -6869.959 487.691 -516.041
v -6706.694 515.723 -516.041
v -6543.429 530.453 -516.041
v -6380.163 500.983 -516.041
v -6216.898 509.850 -516.041
v -6053.633 512.001 -516.041
v -5890.367 605.922 -516.041
v -5727.102 624.855 -516.041
v -5563.837 620.195 -516.041
v -5400.571 635.101 -516.041
v -5237.306 591.382 -516.041
v -5074.041 518.322 -516.041
v -4910.776 462.823 -516.041
v -4747.510 385.557 -516.041
v -4584.245 376.603 -516.041
v -4420.980 385.745 -516.041
v -4257.714 388.306 -516.041
v -4094.449 399.577 -516.041
v -3931.184 340.087 -516.041
v -3767.918 299.561 -516.041
v -3604.653 256.847 -516.041
v -3441.388 214.361 -516.041
v -3278.122 235.742 -516.041
v -3114.857 238.946 -516.041
v -2951.592 247.717 -516.041
v -2788.327 238.948 -516.041
v -2625.061 158.744 -516.041
v -2461.796 84.238 -516.041
v -2298.531 30.835 -516.041
v -2135.265 6.238 -516.041
v -1972.000 0.000 -516.041
v -9972.000 0.000 -352.776
v -9808.735 3.508 -352.776
v -9645.469 38.640 -352.776
v -9482.204 79.855 -352.776
v -9318.939 163.198 -352.776
v -9155.673 208.741 -352.776
v -8992.408 260.068 -352.776
v -8829.143 284.168 -352.776
v -8665.878 264.200 -352.776
v -8502.612 318.589 -352.776
v -8339.347 314.344 -352.776
v -8176.082 347.161 -352.776
v -8012.816 372.405 -352.776
v -7849.551 360.844 -352.776
v -7686.286 438.953 -352.776
v -7523.020 442.655 -352.776
v -7359.755 442.997 -352.776
v -7196.490 461.389 -352.776
v -7033.224 412.517 -352.776
v -6869.959 449.995 -352.776
v -6706.694 439.031 -352.776
v -6543.429 414.830 -352.776
v -6380.163 453.124 -352.776
v -6216.898 438.383 -352.776
v -6053.633 511.203 -352.776
v -5890.367 597.389 -352.776
v -5727.102 539.532 -352.776
v -5563.837 560.901 -352.776
v -5400.571 512.575 -352.776
v -5237.306 503.347 -352.776
v -5074.041 476.948 -352.776
v -4910.776 395.381 -352.776
v -4747.510 407.255 -352.776
v -4584.245 364.469 -352.776
v -4420.980 345.924 -352.776
v -4257.714 345.371 -352.776
v -4094.449 277.690 -352.776
v -3931.184 298.319 -352.776
v -3767.918 276.487 -352.776
v -3604.653 240.933 -352.776
v -3441.388 251.080 -352.776
v -3278.122 202.774 -352.776
v -3114.857 225.639 -352.776
v -2951.592 209.232 -352.776
v -2788.327 161.301 -352.776
v -2625.061 131.172 -352.776
v -2461.796 62.266 -352.776
v -2298.531 30.135 -352.776
v -2135.265 2.777 -352.776
v -1972.000 0.000 -352.776
v -9972.000 0.000 -189.510
v -9808.735 0.000 -189.510
v -9645.469 29.114 -189.510
v -9482.204 66.352 -189.510
v -9318.939 110.938 -189.510
v -9155.673 154.394 -189.510
v -8992.408 193.784 -189.510
v -8829.143 237.024 -189.510
v -8665.878 269.309 -189.510
v -8502.612 313.370 -189.510
v -8339.347 315.411 -189.510
v -8176.082 306.058 -189.510
v -8012.816 286.235 -189.510
v -7849.551 286.011 -189.510
v -7686.286 345.688 -189.510
v -7523.020 393.818 -189.510
v -7359.755 428.813 -189.510
v -7196.490 440.655 -189.510
v -7033.224 402.518 -189.510
v -6869.959 377.897 -189.510
v -6706.694 343.566 -189.510
v -6543.429 328.899 -189.510
v -6380.163 366.594 -189.510
v -6216.898 411.328 -189.510
v -6053.633 485.150 -189.510
v -5890.367 560.613 -189.510
v -5727.102 502.376 -189.510
v -5563.837 462.534 -189.510
v -5400.571 413.910 -189.510
v -5237.306 400.469 -189.510
v -5074.041 399.769 -189.510
v -4910.776 386.736 -189.510
v -4747.510 393.067 -189.510
v -4584.245 359.345 -189.510
v -4420.980 311.483 -189.510
v -4257.714 264.261 -189.510
v -4094.449 212.801 -189.510
v -3931.184 220.597 -189.510
v -3767.918 241.469 -189.510
v -3604.653 251.293 -189.510
v -3441.388 254.095 -189.510
v -3278.122 215.616 -189.510
v -3114.857 187.370 -189.510
v -2951.592 149.035 -189.510
v -2788.327 114.051 -189.510
v -2625.061 85.257 -189.510
v -2461.796 52.501 -189.510
v -2298.531 23.743 -189.510
v -2135.265 0.000 -189.510
v -1972.000 0.000 -189.510
v -9972.000 0.000 -26.245
v -9808.735 0.000 -26.245
v -9645.469 15.029 -26.245
v -9482.204 52.411 -26.245
v -9318.939 69.487 -26.245
v -9155.673 118.052 -26.245
v -8992.408 139.941 -26.245
v -8829.143 186.246 -26.245
v -8665.878 273.191 -26.245
v -8502.612 276.289 -26.245
v -8339.347 300.311 -26.245
v -8176.082 259.782 -26.245
v -8012.816 211.299 -26.245
v -7849.551 256.640 -26.245
v -7686.286 263.347 -26.245
v -7523.020 340.723 -26.245
v -7359.755 394.617 -26.245
v -7196.490 385.997 -26.245
v -7033.224 393.671 -26.245
v -6869.959 302.947 -26.245
v -6706.694 265.220 -26.245
v -6543.429 277.689 -26.245
v -6380.163 287.152 -26.245
v -6216.898 387.928 -26.245
v -6053.633 425.900 -26.245
v -5890.367 490.044 -26.245
v -5727.102 469.626 -26.245
v -5563.837 370.428 -26.245
v -5400.571 347.954 -26.245
v -5237.306 316.169 -26.245
v -5074.041 320.746 -26.245
v -4910.776 380.562 -26.245
v -4747.510 344.678 -26.245
v -4584.245 331.934 -26.245
v -4420.980 273.509 -26.245
v -4257.714 193.787 -26.245
v -4094.449 192.943 -26.245
v -3931.184 154.346 -26.245
v -3767.918 200.844 -26.245
v -3604.653 247.781 -26.245
v -3441.388 225.379 -26.245
v -3278.122 225.473 -26.245
v -3114.857 144.845 -26.245
v -2951.592 100.436 -26.245
v -2788.327 88.698 -26.245
v -2625.061 50.062 -26.245
v -2461.796 41.960 -26.245
v -2298.531 12.492 -26.245
v -2135.265 0.000 -26.245
v -1972.000 0.000 -26.245
v -9972.000 0.000 137.020
v -9808.735 0.000 137.020
v -9645.469 2.112 137.020
v -9482.204 29.904 137.020
v -9318.939 55.075 137.020
v -9155.673 85.329 137.020
v -8992.408 124.831 137.020
v -8829.143 163.548 137.020
v -8665.878 216.826 137.020
v -8502.612 239.584 137.020
v -8339.347 241.466 137.020
v -8176.082 217.084 137.020
v -8012.816 193.592 137.020
v -7849.551 212.578 137.020
v -7686.286 238.801 137.020
v -7523.020 283.644 137.020
v -7359.755 322.040 137.020
v -7196.490 332.002 137.020
v -7033.224 317.271 137.020
v -6869.959 265.292 137.020
v -6706.694 230.698 137.020
v -6543.429 233.084 137.020
v -6380.163 260.541 137.020
v -6216.898 315.435 137.020
v -6053.633 356.862 137.020
v -5890.367 412.293 137.020
v -5727.102 383.959 137.020
v -5563.837 330.596 137.020
v -5400.571 293.203 137.020
v -5237.306 272.762 137.020
v -5074.041 281.671 137.020
v -4910.776 306.188 137.020
v -4747.510 296.364 137.020
v -4584.245 269.789 137.020
v -4420.980 225.512 137.020
v -4257.714 180.562 137.020
v -4094.449 158.737 137.020
v -3931.184 144.508 137.020
v -3767.918 168.536 137.020
v -3604.653 196.383 137.020
v -3441.388 196.839 137.020
v -3278.122 176.592 137.020
v -3114.857 127.275 137.020
v -2951.592 92.282 137.020
v -2788.327 63.433 137.020
v -2625.061 41.529 137.020
v -2461.796 23.675 137.020
v -2298.531 1.731 137.020
v -2135.265 0.000 137.020
v -1972.000 0.000 137.020
v -9972.000 0.000 300.286
v -9808.735 0.000 300.286
v -9645.469 0.000 300.286
v -9482.204 11.892 300.286
v -9318.939 43.072 300.286
v -9155.673 64.952 300.286
v -8992.408 115.589 300.286
v -8829.143 151.262 300.286
v -8665.878 143.137 300.286
v -8502.612 184.561 300.286
v -8339.347 171.430 300.286
v -8176.082 183.240 300.286
v -8012.816 195.281 300.286
v -7849.551 179.406 300.286
v -7686.286 231.897 300.286
v -7523.020 234.070 300.286
v -7359.755 240.565 300.286
v -7196.490 260.918 300.286
v -7033.224 222.121 300.286
v -6869.959 240.125 300.286
v -6706.694 224.407 300.286
v -6543.429 208.311 300.286
v -6380.163 243.381 300.286
v -6216.898 233.380 300.286
v -6053.633 281.359 300.286
v -5890.367 327.998 300.286
v -5727.102 287.592 300.286
v -5563.837 300.914 300.286
v -5400.571 260.519 300.286
v -5237.306 258.090 300.286
v -5074.041 254.831 300.286
v -4910.776 212.779 300.286
v -4747.510 231.581 300.286
v -4584.245 199.082 300.286
v -4420.980 182.556 300.286
v -4257.714 182.747 300.286
v -4094.449 135.085 300.286
v -3931.184 154.992 300.286
v -3767.918 145.675 300.286
v -3604.653 132.046 300.286
v -3441.388 148.850 300.286
v -3278.122 110.570 300.286
v -3114.857 119.783 300.286
v -2951.592 92.311 300.286
v -2788.327 48.748 300.286
v -2625.061 34.621 300.286
v -2461.796 9.230 300.286
v -2298.531 0.000 300.286
v -2135.265 0.000 300.286
v -1972.000 0.000 300.286
v -9972.000 0.000 463.551
v -9808.735 0.000 463.551
v -9645.469 0.000 463.551
v -9482.204 2.003 463.551
v -9318.939 23.731 463.551
v -9155.673 56.635 463.551
v -8992.408 94.487 463.551
v -8829.143 120.076 463.551
v -8665.878 108.819 463.551
v -8502.612 108.817 463.551
v -8339.347 125.708 463.551
v -8176.082 152.703 463.551
v -8012.816 170.998 463.551
v -7849.551 185.660 463.551
v -7686.286 198.059 463.551
v -7523.020 194.214 463.551
v -7359.755 180.116 463.551
v -7196.490 170.055 463.551
v -7033.224 173.579 463.551
v -6869.959 195.718 463.551
v -6706.694 210.700 463.551
v -6543.429 207.475 463.551
v -6380.163 197.095 463.551
v -6216.898 189.917 463.551
v -6053.633 201.090 463.551
v -5890.367 237.392 463.551
v -5727.102 233.400 463.551
v -5563.837 243.587 463.551
v -5400.571 249.512 463.551
v -5237.306 239.769 463.551
v -5074.041 207.180 463.551
v -4910.776 166.706 463.551
v -4747.510 147.226 463.551
v -4584.245 145.090 463.551
v -4420.980 152.071 463.551
v -4257.714 156.187 463.551
v -4094.449 149.466 463.551
v -3931.184 140.097 463.551
v -3767.918 121.916 463.551
v -3604.653 94.543 463.551
v -3441.388 79.086 463.551
v -3278.122 81.567 463.551
v -3114.857 95.662 463.551
v -2951.592 77.392 463.551
v -2788.327 46.303 463.551
v -2625.061 19.228 463.551
v -2461.796 1.570 463.551
v -2298.531 0.000 463.551
v -2135.265 0.000 463.551
v -1972.000 0.000 463.551
v -9972.000 0.000 626.816
v -9808.735 0.000 626.816
v -9645.469 0.000 626.816
v -9482.204 0.000 626.816
v -9318.939 9.051 626.816
v -9155.673 39.577 626.816
v -8992.408 62.758 626.816
v -8829.143 76.101 626.816
v -8665.878 94.284 626.816
v -8502.612 64.686 626.816
v -8339.347 96.533 626.816
v -8176.082 119.460 626.816
v -8012.816 136.366 626.816
v -7849.551 180.548 626.816
v -7686.286 157.463 626.816
v -7523.020 154.331 626.816
v -7359.755 137.030 626.816
v -7196.490 112.479 626.816
v -7033.224 148.585 626.816
v -6869.959 149.924 626.816
v -6706.694 175.286 626.816
v -6543.429 188.887 626.816
v -6380.163 154.052 626.816
v -6216.898 161.258 626.816
v -6053.633 141.018 626.816
v -5890.367 169.203 626.816
v -5727.102 196.984 626.816
v -5563.837 190.893 626.816
v -5400.571 220.754 626.816
v -5237.306 200.001 626.816
v -5074.041 159.215 626.816
v -4910.776 143.981 626.816
v -4747.510 94.248 626.816
v -4584.245 107.042 626.816
v -4420.980 121.803 626.816
v -4257.714 123.603 626.816
v -4094.449 151.247 626.816
v -3931.184 112.085 626.816
v -3767.918 93.844 626.816
v -3604.653 73.520 626.816
v -3441.388 40.881 626.816
v -3278.122 71.178 626.816
v -3114.857 59.779 626.816
v -2951.592 51.272 626.816
v -2788.327 34.056 626.816
v -2625.061 7.307 626.816
v -2461.796 0.000 626.816
v -2298.531 0.000 626.816
v -2135.265 0.000 626.816
v -1972.000 0.000 626.816
v -9972.000 0.000 790.082
v -9808.735 0.000 790.082
v -9645.469 0.000 790.082
v -9482.204 0.000 790.082
v -9318.939 0.000 790.082
v -9155.673 15.925 790.082
v -8992.408 33.955 790.082
v -8829.143 49.085 790.082
v -8665.878 61.311 790.082
v -8502.612 69.751 790.082
v -8339.347 73.380 790.082
v -8176.082 89.326 790.082
v -8012.816 110.819 790.082
v -7849.551 128.111 790.082
v -7686.286 129.506 790.082
v -7523.020 115.907 790.082
v -7359.755 105.782 790.082
v -7196.490 107.167 790.082
v -7033.224 113.087 790.082
v -6869.959 121.765 790.082
v -6706.694 129.370 790.082
v -6543.429 134.463 790.082
v -6380.163 132.578 790.082
v -6216.898 121.154 790.082
v -6053.633 117.021 790.082
v -5890.367 140.595 790.082
v -5727.102 149.496 790.082
v -5563.837 161.348 790.082
v -5400.571 159.659 790.082
v -5237.306 147.688 790.082
v -5074.041 130.288 790.082
v -4910.776 109.370 790.082
v -4747.510 91.810 790.082
v -4584.245 82.764 790.082
v -4420.980 89.956 790.082
v -4257.714 104.173 790.082
v -4094.449 105.048 790.082
v -3931.184 90.235 790.082
v -3767.918 69.870 790.082
v -3604.653 54.988 790.082
v -3441.388 51.600 790.082
v -3278.122 45.639 790.082
v -3114.857 38.128 790.082
v -2951.592 27.801 790.082
v -2788.327 13.385 790.082
v -2625.061 0.000 790.082
v -2461.796 0.000 790.082
v -2298.531 0.000 790.082
v -2135.265 0.000 790.082
v -1972.000 0.000 790.082
v -9972.000 0.000 953.347
v -9808.735 0.000 953.347
v -9645.469 0.000 953.347
v -9482.204 0.000 953.347
v -9318.939 0.000 953.347
v -9155.673 2.087 953.347
v -8992.408 13.824 953.347
v -8829.143 29.113 953.347
v -8665.878 38.139 953.347
v -8502.612 69.425 953.347
v -8339.347 65.540 953.347
v -8176.082 70.332 953.347
v -8012.816 79.774 953.347
v -7849.551 69.501 953.347
v -7686.286 95.091 953.347
v -7523.020 90.220 953.347
v -7359.755 92.825 953.347
v -7196.490 107.919 953.347
v -7033.224 86.637 953.347
v -6869.959 96.445 953.347
v -6706.694 87.028 953.347
v -6543.429 79.945 953.347
v -6380.163 101.603 953.347
v -6216.898 90.557 953.347
v -6053.633 111.074 953.347
v -5890.367 130.066 953.347
v -5727.102 112.205 953.347
v -5563.837 124.250 953.347
v -5400.571 100.514 953.347
v -5237.306 100.058 953.347
v -5074.041 102.844 953.347
v -4910.776 83.011 953.347
v -4747.510 95.863 953.347
v -4584.245 76.414 953.347
v -4420.980 69.722 953.347
v -4257.714 76.104 953.347
v -4094.449 51.892 953.347
v -3931.184 63.236 953.347
v -3767.918 55.681 953.347
v -3604.653 50.014 953.347
v -3441.388 57.025 953.347
v -3278.122 29.152 953.347
v -3114.857 22.868 953.347
v -2951.592 11.083 953.347
v -2788.327 1.548 953.347
v -2625.061 0.000 953.347
v -2461.796 0.000 953.347
v -2298.531 0.000 953.347
v -2135.265 0.000 953.347
v -1972.000 0.000 953.347
v -9972.000 0.000 1116.612
v -9808.735 0.000 1116.612
v -9645.469 0.000 1116.612
v -9482.204 0.000 1116.612
v -9318.939 0.000 1116.612
v -9155.673 0.000 1116.612
v -8992.408 2.838 1116.612
v -8829.143 12.619 1116.612
v -8665.878 28.582 1116.612
v -8502.612 44.757 1116.612
v -8339.347 60.434 1116.612
v -8176.082 58.178 1116.612
v -8012.816 42.218 1116.612
v -7849.551 41.961 1116.612
v -7686.286 52.719 1116.612
v -7523.020 74.870 1116.612
v -7359.755 89.132 1116.612
v -7196.490 87.704 1116.612
v -7033.224 80.856 1116.612
v -6869.959 65.469 1116.612
v -6706.694 54.559 1116.612
v -6543.429 51.123 1116.612
v -6380.163 57.141 1116.612
v -6216.898 80.161 1116.612
v -6053.633 99.155 1116.612
v -5890.367 112.603 1116.612
v -5727.102 96.912 1116.612
v -5563.837 75.049 1116.612
v -5400.571 66.820 1116.612
v -5237.306 65.015 1116.612
v -5074.041 68.635 1116.612
v -4910.776 77.632 1116.612
v -4747.510 79.351 1116.612
v -4584.245 76.674 1116.612
v -4420.980 60.266 1116.612
v -4257.714 37.720 1116.612
v -4094.449 28.680 1116.612
v -3931.184 30.515 1116.612
v -3767.918 45.887 1116.612
v -3604.653 49.755 1116.612
v -3441.388 37.054 1116.612
v -3278.122 23.809 1116.612
v -3114.857 10.065 1116.612
v -2951.592 2.012 1116.612
v -2788.327 0.000 1116.612
v -2625.061 0.000 1116.612
v -2461.796 0.000 1116.612
v -2298.531 0.000 1116.612
v -2135.265 0.000 1116.612
v -1972.000 0.000 1116.612
v -9972.000 0.000 1279.878
v -9808.735 0.000 1279.878
v -9645.469 0.000 1279.878
v -9482.204 0.000 1279.878
v -9318.939 0.000 1279.878
v -9155.673 0.000 1279.878
v -8992.408 0.000 1279.878
v -8829.143 3.322 1279.878
v -8665.878 16.063 1279.878
v -8502.612 24.369 1279.878
v -8339.347 40.036 1279.878
v -8176.082 38.022 1279.878
v -8012.816 22.700 1279.878
v -7849.551 31.250 1279.878
v -7686.286 30.278 1279.878
v -7523.020 57.431 1279.878
v -7359.755 73.530 1279.878
v -7196.490 66.154 1279.878
v -7033.224 69.752 1279.878
v -6869.959 43.809 1279.878
v -6706.694 34.536 1279.878
v -6543.429 36.133 1279.878
v -6380.163 33.930 1279.878
v -6216.898 66.785 1279.878
v -6053.633 77.393 1279.878
v -5890.367 86.999 1279.878
v -5727.102 79.734 1279.878
v -5563.837 47.481 1279.878
v -5400.571 47.403 1279.878
v -5237.306 42.750 1279.878
v -5074.041 45.616 1279.878
v -4910.776 67.334 1279.878
v -4747.510 60.116 1279.878
v -4584.245 63.848 1279.878
v -4420.980 47.297 1279.878
v -4257.714 19.019 1279.878
v -4094.449 21.309 1279.878
v -3931.184 14.198 1279.878
v -3767.918 29.487 1279.878
v -3604.653 34.135 1279.878
v -3441.388 20.190 1279.878
v -3278.122 13.807 1279.878
v -3114.857 2.630 1279.878
v -2951.592 0.000 1279.878
v -2788.327 0.000 1279.878
v -2625.061 0.000 1279.878
v -2461.796 0.000 1279.878
v -2298.531 0.000 1279.878
v -2135.265 0.000 1279.878
v -1972.000 0.000 1279.878
v -9972.000 0.000 1443.143
v -9808.735 0.000 1443.143
v -9645.469 0.000 1443.143
v -9482.204 0.000 1443.143
v -9318.939 0.000 1443.143
v -9155.673 0.000 1443.143
v -8992.408 0.000 1443.143
v -8829.143 0.000 1443.143
v -8665.878 3.692 1443.143
v -8502.612 11.955 1443.143
v -8339.347 16.662 1443.143
v -8176.082 18.753 1443.143
v -8012.816 20.202 1443.143
v -7849.551 21.968 1443.143
v -7686.286 31.408 1443.143
v -7523.020 37.706 1443.143
v -7359.755 45.747 1443.143
v -7196.490 51.792 1443.143
v -7033.224 43.825 1443.143
v -6869.959 36.157 1443.143
v -6706.694 27.033 1443.143
v -6543.429 25.702 1443.143
v -6380.163 36.057 1443.143
v -6216.898 42.502 1443.143
v -6053.633 52.566 1443.143
v -5890.367 60.385 1443.143
v -5727.102 51.897 1443.143
v -5563.837 45.597 1443.143
v -5400.571 33.930 1443.143
v -5237.306 32.456 1443.143
v -5074.041 38.509 1443.143
v -4910.776 42.215 1443.143
v -4747.510 46.763 1443.143
v -4584.245 38.862 1443.143
v -4420.980 29.829 1443.143
v -4257.714 23.827 1443.143
v -4094.449 14.909 1443.143
v -3931.184 14.505 1443.143
v -3767.918 14.498 1443.143
v -3604.653 13.643 1443.143
v -3441.388 10.220 1443.143
v -3278.122 3.040 1443.143
v -3114.857 0.000 1443.143
v -2951.592 0.000 1443.143
v -2788.327 0.000 1443.143
v -2625.061 0.000 1443.143
v -2461.796 0.000 1443.143
v -2298.531 0.000 1443.143
v -2135.265 0.000 1443.143
v -1972.000 0.000 1443.143
v -9972.000 0.000 1606.408
v -9808.735 0.000 1606.408
v -9645.469 0.000 1606.408
v -9482.204 0.000 1606.408
v -9318.939 0.000 1606.408
v -9155.673 0.000 1606.408
v -8992.408 0.000 1606.408
v -8829.143 0.000 1606.408
v -8665.878 0.000 1606.408
v -8502.612 2.267 1606.408
v -8339.347 4.286 1606.408
v -8176.082 8.388 1606.408
v -8012.816 15.871 1606.408
v -7849.551 16.752 1606.408
v -7686.286 27.863 1606.408
v -7523.020 24.892 1606.408
v -7359.755 23.652 1606.408
v -7196.490 31.388 1606.408
v -7033.224 23.204 1606.408
v -6869.959 29.681 1606.408
v -6706.694 27.029 1606.408
v -6543.429 24.983 1606.408
v -6380.163 34.164 1606.408
v -6216.898 24.742 1606.408
v -6053.633 29.748 1606.408
v -5890.367 35.595 1606.408
v -5727.102 31.143 1606.408
v -5563.837 40.673 1606.408
v -5400.571 30.937 1606.408
v -5237.306 30.742 1606.408
v -5074.041 31.975 1606.408
v -4910.776 22.255 1606.408
v -4747.510 27.605 1606.408
v -4584.245 18.764 1606.408
v -4420.980 18.730 1606.408
v -4257.714 23.136 1606.408
v -4094.449 12.892 1606.408
v -3931.184 12.834 1606.408
v -3767.918 6.602 1606.408
v -3604.653 3.079 1606.408
v -3441.388 1.873 1606.408
v -3278.122 0.000 1606.408
v -3114.857 0.000 1606.408
v -2951.592 0.000 1606.408
v -2788.327 0.000 1606.408
v -2625.061 0.000 1606.408
v -2461.796 0.000 1606.408
v -2298.531 0.000 1606.408
v -2135.265 0.000 1606.408
v -1972.000 0.000 1606.408
v -9972.000 0.000 1769.673
v -9808.735 0.000 1769.673
v -9645.469 0.000 1769.673
v -9482.204 0.000 1769.673
v -9318.939 0.000 1769.673
v -9155.673 0.000 1769.673
v -8992.408 0.000 1769.673
v -8829.143 0.000 1769.673
v -8665.878 0.000 1769.673
v -8502.612 0.000 1769.673
v -8339.347 0.478 1769.673
v -8176.082 3.255 1769.673
v -8012.816 7.456 1769.673
v -7849.551 13.712 1769.673
v -7686.286 14.640 1769.673
v -7523.020 14.836 1769.673
v -7359.755 12.091 1769.673
v -7196.490 8.928 1769.673
v -7033.224 15.555 1769.673
v -6869.959 19.988 1769.673
v -6706.694 26.601 1769.673
v -6543.429 28.416 1769.673
v -6380.163 21.163 1769.673
v -6216.898 18.543 1769.673
v -6053.633 13.730 1769.673
v -5890.367 17.166 1769.673
v -5727.102 22.832 1769.673
v -5563.837 25.696 1769.673
v -5400.571 32.464 1769.673
v -5237.306 29.787 1769.673
v -5074.041 21.216 1769.673
v -4910.776 15.061 1769.673
v -4747.510 6.765 1769.673
v -4584.245 8.752 1769.673
v -4420.980 11.566 1769.673
v -4257.714 11.796 1769.673
v -4094.449 11.851 1769.673
v -3931.184 6.411 1769.673
v -3767.918 2.601 1769.673
v -3604.653 0.322 1769.673
v -3441.388 0.000 1769.673
v -3278.122 0.000 1769.673
v -3114.857 0.000 1769.673
v -2951.592 0.000 1769.673
v -2788.327 0.000 1769.673
v -2625.061 0.000 1769.673
v -2461.796 0.000 1769.673
v -2298.531 0.000 1769.673
v -2135.265 0.000 1769.673
v -1972.000 0.000 1769.673
v -9972.000 0.000 1932.939
v -9808.735 0.000 1932.939
v -9645.469 0.000 1932.939
v -9482.204 0.000 1932.939
v -9318.939 0.000 1932.939
v -9155.673 0.000 1932.939
v -8992.408 0.000 1932.939
v -8829.143 0.000 1932.939
v -8665.878 0.000 1932.939
v -8502.612 0.000 1932.939
v -8339.347 0.000 1932.939
v -8176.082 0.000 1932.939
v -8012.816 1.919 1932.939
v -7849.551 5.961 1932.939
v -7686.286 6.233 1932.939
v -7523.020 7.456 1932.939
v -7359.755 5.643 1932.939
v -7196.490 1.319 1932.939
v -7033.224 8.530 1932.939
v -6869.959 12.010 1932.939
v -6706.694 20.097 1932.939
v -6543.429 23.154 1932.939
v -6380.163 13.092 1932.939
v -6216.898 13.249 1932.939
v -6053.633 7.497 1932.939
v -5890.367 9.597 1932.939
v -5727.102 16.102 1932.939
v -5563.837 16.232 1932.939
v -5400.571 25.952 1932.939
v -5237.306 22.395 1932.939
v -5074.041 12.587 1932.939
v -4910.776 8.278 1932.939
v -4747.510 0.363 1932.939
v -4584.245 3.939 1932.939
v -4420.980 5.927 1932.939
v -4257.714 4.898 1932.939
v -4094.449 5.277 1932.939
v -3931.184 1.696 1932.939
v -3767.918 0.000 1932.939
v -3604.653 0.000 1932.939
v -3441.388 0.000 1932.939
v -3278.122 0.000 1932.939
v -3114.857 0.000 1932.939
v -2951.592 0.000 1932.939
v -2788.327 0.000 1932.939
v -2625.061 0.000 1932.939
v -2461.796 0.000 1932.939
v -2298.531 0.000 1932.939
v -2135.265 0.000 1932.939
v -1972.000 0.000 1932.939
v -9972.000 0.000 2096.204
v -9808.735 0.000 2096.204
v -9645.469 0.000 2096.204
v -9482.204 0.000 2096.204
v -9318.939 0.000 2096.204
v -9155.673 0.000 2096.204
v -8992.408 0.000 2096.204
v -8829.143 0.000 2096.204
v -8665.878 0.000 2096.204
v -8502.612 0.000 2096.204
v -8339.347 0.000 2096.204
v -8176.082 0.000 2096.204
v -8012.816 0.000 2096.204
v -7849.551 0.316 2096.204
v -7686.286 1.870 2096.204
v -7523.020 2.294 2096.204
v -7359.755 2.268 2096.204
v -7196.490 3.347 2096.204
v -7033.224 3.193 2096.204
v -6869.959 6.543 2096.204
v -6706.694 8.123 2096.204
v -6543.429 8.155 2096.204
v -6380.163 9.211 2096.204
v -6216.898 5.752 2096.204
v -6053.633 6.249 2096.204
v -5890.367 7.730 2096.204
v -5727.102 7.320 2096.204
v -5563.837 10.844 2096.204
v -5400.571 9.649 2096.204
v -5237.306 9.008 2096.204
v -5074.041 7.002 2096.204
v -4910.776 3.038 2096.204
v -4747.510 2.807 2096.204
v -4584.245 1.664 2096.204
v -4420.980 1.712 2096.204
v -4257.714 1.569 2096.204
v -4094.449 0.261 2096.204
v -3931.184 0.000 2096.204
v -3767.918 0.000 2096.204
v -3604.653 0.000 2096.204
v -3441.388 0.000 2096.204
v -3278.122 0.000 2096.204
v -3114.857 0.000 2096.204
v -2951.592 0.000 2096.204
v -2788.327 0.000 2096.204
v -2625.061 0.000 2096.204
v -2461.796 0.000 2096.204
v -2298.531 0.000 2096.204
v -2135.265 0.000 2096.204
v -1972.000 0.000 2096.204
v -9972.000 0.000 2259.469
v -9808.735 0.000 2259.469
v -9645.469 0.000 2259.469
v -9482.204 0.000 2259.469
v -9318.939 0.000 2259.469
v -9155.673 0.000 2259.469
v -8992.408 0.000 2259.469
v -8829.143 0.000 2259.469
v -8665.878 0.000 2259.469
v -8502.612 0.000 2259.469
v -8339.347 0.000 2259.469
v -8176.082 0.000 2259.469
v -8012.816 0.000 2259.469
v -7849.551 0.000 2259.469
v -7686.286 0.000 2259.469
v -7523.020 0.107 2259.469
v -7359.755 0.778 2259.469
v -7196.490 2.127 2259.469
v -7033.224 1.756 2259.469
v -6869.959 2.313 2259.469
v -6706.694 1.566 2259.469
v -6543.429 1.320 2259.469
v -6380.163 3.820 2259.469
v -6216.898 3.016 2259.469
v -6053.633 4.592 2259.469
v -5890.367 5.358 2259.469
v -5727.102 3.807 2259.469
v -5563.837 4.556 2259.469
v -5400.571 1.935 2259.469
v -5237.306 1.867 2259.469
v -5074.041 2.515 2259.469
v -4910.776 1.683 2259.469
v -4747.510 1.930 2259.469
v -4584.245 0.654 2259.469
v -4420.980 0.080 2259.469
v -4257.714 0.000 2259.469
v -4094.449 0.000 2259.469
v -3931.184 0.000 2259.469
v -3767.918 0.000 2259.469
v -3604.653 0.000 2259.469
v -3441.388 0.000 2259.469
v -3278.122 0.000 2259.469
v -3114.857 0.000 2259.469
v -2951.592 0.000 2259.469
v -2788.327 0.000 2259.469
v -2625.061 0.000 2259.469
v -2461.796 0.000 2259.469
v -2298.531 0.000 2259.469
v -2135.265 0.000 2259.469
v -1972.000 0.000 2259.469
v -9972.000 0.000 2422.735
v -9808.735 0.000 2422.735
v -9645.469 0.000 2422.735
v -9482.204 0.000 2422.735
v -9318.939 0.000 2422.735
v -9155.673 0.000 2422.735
v -8992.408 0.000 2422.735
v -8829.143 0.000 2422.735
v -8665.878 0.000 2422.735
v -8502.612 0.000 2422.735
v -8339.347 0.000 2422.735
v -8176.082 0.000 2422.735
v -8012.816 0.000 2422.735
v -7849.551 0.000 2422.735
v -7686.286 0.000 2422.735
v -7523.020 0.000 2422.735
v -7359.755 0.000 2422.735
v -7196.490 0.000 2422.735
v -7033.224 0.241 2422.735
v -6869.959 0.231 2422.735
v -6706.694 0.000 2422.735
v -6543.429 0.106 2422.735
v -6380.163 0.272 2422.735
v -6216.898 1.665 2422.735
v -6053.633 2.095 2422.735
v -5890.367 2.298 2422.735
v -5727.102 1.956 2422.735
v -5563.837 0.525 2422.735
v -5400.571 0.261 2422.735
v -5237.306 0.092 2422.735
v -5074.041 0.240 2422.735
v -4910.776 0.234 2422.735
v -4747.510 0.000 2422.735
v -4584.245 0.000 2422.735
v -4420.980 0.000 2422.735
v -4257.714 0.000 2422.735
v -4094.449 0.000 2422.735
v -3931.184 0.000 2422.735
v -3767.918 0.000 2422.735
v -3604.653 0.000 2422.735
v -3441.388 0.000 2422.735
v -3278.122 0.000 2422.735
v -3114.857 0.000 2422.735
v -2951.592 0.000 2422.735
v -2788.327 0.000 2422.735
v -2625.061 0.000 2422.735
v -2461.796 0.000 2422.735
v -2298.531 0.000 2422.735
v -2135.265 0.000 2422.735
v -1972.000 0.000 2422.735
v -9972.000 0.000 2586.000
v -9808.735 0.000 2586.000
v -9645.469 0.000 2586.000
v -9482.204 0.000 2586.000
v -9318.939 0.000 2586.000
v -9155.673 0.000 2586.000
v -8992.408 0.000 2586.000
v -8829.143 0.000 2586.000
v -8665.878 0.000 2586.000
v -8502.612 0.000 2586.000
v -8339.347 0.000 2586.000
v -8176.082 0.000 2586.000
v -8012.816 0.000 2586.000
v -7849.551 0.000 2586.000
v -7686.286 0.000 2586.000
v -7523.020 0.000 2586.000
v -7359.755 0.000 2586.000
v -7196.490 0.000 2586.000
v -7033.224 0.000 2586.000
v -6869.959 0.000 2586.000
v -6706.694 0.000 2586.000
v -6543.429 0.000 2586.000
v -6380.163 0.000 2586.000
v -6216.898 0.000 2586.000
v -6053.633 0.000 2586.000
v -5890.367 0.000 2586.000
v -5727.102 0.000 2586.000
v -5563.837 0.000 2586.000
v -5400.571 0.000 2586.000
v -5237.306 0.000 2586.000
v -5074.041 0.000 2586.000
v -4910.776 0.000 2586.000
v -4747.510 0.000 2586.000
v -4584.245 0.000 2586.000
v -4420.980 0.000 2586.000
v -4257.714 0.000 2586.000
v -4094.449 0.000 2586.000
v -3931.184 0.000 2586.000
v -3767.918 0.000 2586.000
v -3604.653 0.000 2586.000
v -3441.388 0.000 2586.000
v -3278.122 0.000 2586.000
v -3114.857 0.000 2586.000
v -2951.592 0.000 2586.000
v -2788.327 0.000 2586.000
v -2625.061 0.000 2586.000
v -2461.796 0.000 2586.000
v -2298.531 0.000 2586.000
v -2135.265 0.000 2586.000
v -1972.000 0.000 2586.000
f 1 2 52
f 52 51 1
f 2 3 53
f 53 52 2
f 3 4 54
f 54 53 3
f 4 5 55
f 55 54 4
f 5 6 56
f 56 55 5
f 6 7 57
f 57 56 6
f 7 8 58
f 58 57 7
f 8 9 59
f 59 58 8
f 9 10 60
f 60 59 9
f 10 11 61
f 61 60 10
f 11 12 62
f 62 61 11
f 12 13 63
f 63 62 12
f 13 14 64
f 64 63 13
f 14 15 65
f 65 64 14
f 15 16 66
f 66 65 15
f 16 17 67
f 67 66 16
f 17 18 68
f 68 67 17
f 18 19 69
f 69 68 18
f 19 20 70
f 70 69 19
f 20 21 71
f 71 70 20
f 21 22 72
f 72 71 21
f 22 23 73
f 73 72 22
f 23 24 74
f 74 73 23
f 24 25 75
f 75 74 24
f 25 26 76
f 76 75 25
f 26 27 77
f 77 76 26
f 27 28 78
f 78 77 27
f 28 29 79
f 79 78 28
f 29 30 80
f 80 79 29
f 30 31 81
f 81 80 30
f 31 32 82
f 82 81 31
f 32 33 83
f 83 82 32
f 33 34 84
f 84 83 33
f 34 35 85
f 85 84 34
f 35 36 86
f 86 85 35
f 36 37 87
f 87 86 36
f 37 38 88
f 88 87 37
f 38 39 89
f 89 88 38
f 39 40 90
f 90 89 39
f 40 41 91
f 91 90 40
f 41 42 92
f 92 91 41
f 42 43 93
f 93 92 42
f 43 44 94
f 94 93 43
f 44 45 95
f 95 94 44
f 45 46 96
f 96 95 45
f 46 47 97
f 97 96 46
f 47 48 98
f 98 97 47
f 48 49 99
f 99 98 48
f 49 50 100
f 100 99 49
f 51 52 102
f 102 101 51
f 52 53 103
f 103 102 52
f 53 54 104
f 104 103 53
f 54 55 105
f 105 104 54
f 55 56 106
f 106 105 55
f 56 57 107
f 107 106 56
f 57 58 108
f 108 107 57
f 58 59 109
f 109 108 58
f 59 60 110
f 110 109 59
f 60 61 111
f 111 110 60
f 61 62 112
f 112 111 61
f 62 63 113
f 113 112 62
f 63 64 114
f 114 113 63
f 64 65 115
f 115 114 64
f 65 66 116
f 116 115 65
f 66 67 117
f 117 116 66
f 67 68 118
f 118 117 67
f 68 69 119
f 119 118 68
f 69 70 120
f 120 119 69
f 70 71 121
f 121 120 70
f 71 72 122
f 122 121 71
f 72 73 123
f 123 122 72
f 73 74 124
f 124 123 73
f 74 75 125
f 125 124 74
f 75 76 126
f 126 125 75
f 76 77 127
f 127 126 76
f 77 78 128
f 128 127 77
f 78 79 129
f 129 128 78
f 79 80 130
f 130 129 79
f 80 81 131
f 131 130 80
f 81 82 132
f 132 131 81
f 82 83 133
f 133 132 82
f 83 84 134
f 134 133 83
f 84 85 135
f 135 134 84
f 85 86 136
f 136 135 85
f 86 87 137
f 137 136 86
f 87 88 138
f 138 137 87
f 88 89 139
f 139 138 88
f 89 90 140
f 140 139 89
f 90 91 141
f 141 140 90
f 91 92 142
f 142 141 91
f 92 93 143
f 143 142 92
f 93 94 144
f 144 143 93
f 94 95 145
f 145 144 94
f 95 96 146
f 146 145 95
f 96 97 147
f 147 146 96
f 97 98 148
f 148 147 97
f 98 99 149
f 149 148 98
f 99 100 150
f 150 149 99
f 101 102 152
f 152 151 101
f 102 103 153
f 153 152 102
f 103 104 154
f 154 153 103
f 104 105 155
f 155 154 104
f 105 106 156
f 156 155 105
f 106 107 157
f 157 156 106
f 107 108 158
f 158 157 107
f 108 109 159
f 159 158 108
f 109 110 160
f 160 159 109
f 110 111 161
f 161 160 110
f 111 112 162
f 162 161 111
f 112 113 163
f 163 162 112
f 113 114 164
f 164 163 113
f 114 115 165
f 165 164 114
f 115 116 166
f 166 165 115
f 116 117 167
f 167 166 116
f 117 118 168
f 168 167 117
f 118 119 169
f 169 168 118
f 119 120 170
f 170 169 119
f 120 121 171
f 171 170 120
f 121 122 172
f 172 171 121
f 122 123 173
f 173 172 122
f 123 124 174
f 174 173 123
f 124 125 175
f 175 174 124
f 125 126 176
f 176 175 125
f 126 127 177
f 177 176 126
f 127 128 178
f 178 177 127
f 128 129 179
f 179 178 128
f 129 130 180
f 180 179 129
f 130 131 181
f 181 180 130
f 131 132 182
f 182 181 131
f 132 133 183
f 183 182 132
f 133 134 184
f 184 183 133
f 134 135 185
f 185 184 134
f 135 136 186
f 186 185 135
f 136 137 187
f 187 186 136
f 137 138 188
f 188 187 137
f 138 139 189
f 189 188 138
f 139 140 190
f 190 189 139
f 140 141 191
f 191 190 140
f 141 142 192
f 192 191 141
f 142 143 193
f 193 192 142
f 143 144 194
f 194 193 143
f 144 145 195
f 195 194 144
f 145 146 196
f 196 195 145
f 146 147 197
f 197 196 146
f 147 148 198
f 198 197 147
f 148 149 199
f 199 198 148
f 149 150 200
f 200 199 149
f 151 152 202
f 202 201 151
f 152 153 203
f 203 202 152
f 153 154 204
f 204 203 153
f 154 155 205
f 205 204 154
f 155 156 206
f 206 205 155
f 156 157 207
f 207 206 156
f 157 158 208
f 208 207 157
f 158 159 209
f 209 208 158
f 159 160 210
f 210 209 159
f 160 161 211
f 211 210 160
f 161 162 212
f 212 211 161
f 162 163 213
f 213 212 162
f 163 164 214
f 214 213 163
f 164 165 215
f 215 214 164
f 165 166 216
f 216 215 165
f 166 167 217
f 217 216 166
f 167 168 218
f 218 217 167
f 168 169 219
f 219 218 168
f 169 170 220
f 220 219 169
f 170 171 221
f 221 220 170
f 171 172 222
f 222 221 171
f 172 173 223
f 223 222 172
f 173 174 224
f 224 223 173
f 174 175 225
f 225 224 174
f 175 176 226
f 226 225 175
f 176 177 227
f 227 226 176
f 177 178 228
f 228 227 177
f 178 179 229
f 229 228 178
f 179 180 230
f 230 229 179
f 180 181 231
f 231 230 180
f 181 182 232
f 232 231 181
f 182 183 233
f 233 232 182
f 183 184 234
f 234 233 183
f 184 185 235
f 235 234 184
f 185 186 236
f 236 235 185
f 186 187 237
f 237 236 186
f 187 188 238
f 238 237 187
f 188 189 239
f 239 238 188
f 189 190 240
f 240 239 189
f 190 191 241
f 241 240 190
f 191 192 242
f 242 241 191
f 192 193 243
f 243 242 192
f 193 194 244
f 244 243 193
f 194 195 245
f 245 244 194
f 195 196 246
f 246 245 195
f 196 197 247
f 247 246 196
f 197 198 248
f 248 247 197
f 198 199 249
f 249 248 198
f 199 200 250
f 250 249 199
f 201 202 252
f 252 251 201
f 202 203 253
f 253 252 202
f 203 204 254
f 254 253 203
f 204 205 255
f 255 254 204
f 205 206 256
f 256 255 205
f 206 207 257
f 257 256 206
f 207 208 258
f 258 257 207
f 208 209 259
f 259 258 208
f 209 210 260
f 260 259 209
f 210 211 261
f 261 260 210
f 211 212 262
f 262 261 211
f 212 213 263
f 263 262 212
f 213 214 264
f 264 263 213
f 214 215 265
f 265 264 214
f 215 216 266
f 266 265 215
f 216 217 267
f 267 266 216
f 217 218 268
f 268 267 217
f 218 219 269
f 269 268 218
f 219 220 270
f 270 269 219
f 220 221 271
f 271 270 220
f 221 222 272
f 272 271 221
f 222 223 273
f 273 272 222
f 223 224 274
f 274 273 223
f 224 225 275
f 275 274 224
f 225 226 276
f 276 275 225
f 226 227 277
f 277 276 226
f 227 228 278
f 278 277 227
f 228 229 279
f 279 278 228
f 229 230 280
f 280 279 229
f 230 231 281
f 281 280 230
f 231 232 282
f 282 281 231
f 232 233 283
f 283 282 232
f 233 234 284
f 284 283 233
f 234 235 285
f 285 284 234
f 235 236 286
f 286 285 235
f 236 237 287
f 287 286 236
f 237 238 288
f 288 287 237
f 238 239 289
f 289 288 238
f 239 240 290
f 290 289 239
f 240 241 291
f 291 290 240
f 241 242 292
f 292 291 241
f 242 243 293
f 293 292 242
f 243 244 294
f 294 293 243
f 244 245 295
f 295 294 244
f 245 246 296
f 296 295 245
f 246 247 297
f 297 296 246
f 247 248 298
f 298 297 247
f 248 249 299
f 299 298 248
f 249 250 300
f 300 299 249
f 251 252 302
f 302 301 251
f 252 253 303
f 303 302 252
f 253 254 304
f 304 303 253
f 254 255 305
f 305 304 254
f 255 256 306
f 306 305 255
f 256 257 307
f 307 306 256
f 257 258 308
f 308 307 257
f 258 259 309
f 309 308 258
f 259 260 310
f 310 309 259
f 260 261 311
f 311 310 260
f 261 262 312
f 312 311 261
f 262 263 313
f 313 312 262
f 263 264 314
f 314 313 263
f 264 265 315
f 315 314 264
f 265 266 316
f 316 315 265
f 266 267 317
f 317 316 266
f 267 268 318
f 318 317 267
f 268 269 319
f 319 318 268
f 269 270 320
f 320 319 269
f 270 271 321
f 321 320 270
f 271 272 322
f 322 321 271
f 272 273 323
f 323 322 272
f 273 274 324
f 324 323 273
f 274 275 325
f 325 324 274
f 275 276 326
f 326 325 275
f 276 277 327
f 327 326 276
f 277 278 328
f 328 327 277
f 278 279 329
f 329 328 278
f 279 280 330
f 330 329 279
f 280 281 331
f 331 330 280
f 281 282 332
f 332 331 281
f 282 283 333
f 333 332 282
f 283 284 334
f 334 333 283
f 284 285 335
f 335 334 284
f 285 286 336
f 336 335 285
f 286 287 337
f 337 336 286
f 287 288 338
f 338 337 287
f 288 289 339
f 339 338 288
f 289 290 340
f 340 339 289
f 290 291 341
f 341 340 290
f 291 292 342
f 342 341 291
f 292 293 343
f 343 342 292
f 293 294 344
f 344 343 293
f 294 295 345
f 345 344 294
f 295 296 346
f 346 345 295
f 296 297 347
f 347 346 296
f 297 298 348
f 348 347 297
f 298 299 349
f 349 348 298
f 299 300 350
f 350 349 299
f 301 302 352
f 352 351 301
f 302 303 353
f 353 352 302
f 303 304 354
f 354 353 303
f 304 305 355
f 355 354 304
f 305 306 356
f 356 355 305
f 306 307 357
f 357 356 306
f 307 308 358
f 358 357 307
f 308 309 359
f 359 358 308
f 309 310 360
f 360 359 309
f 310 311 361
f 361 360 310
f 311 312 362
f 362 361 311
f 312 313 363
f 363 362 312
f 313 314 364
f 364 363 313
f 314 315 365
f 365 364 314
f 315 316 366
f 366 365 315
f 316 317 367
f 367 366 316
f 317 318 368
f 368 367 317
f 318 319 369
f 369 368 318
f 319 320 370
f 370 369 319
f 320 321 371
f 371 370 320
f 321 322 372
f 372 371 321
f 322 323 373
f 373 372 322
f 323 324 374
f 374 373 323
f 324 325 375
f 375 374 324
f 325 326 376
f 376 375 325
f 326 327 377
f 377 376 326
f 327 328 378
f 378 377 327
f 328 329 379
f 379 378 328
f 329 330 380
f 380 379 329
f 330 331 381
f 381 380 330
f 331 332 382
f 382 381 331
f 332 333 383
f 383 382 332
f 333 334 384
f 384 383 333
f 334 335 385
f 385 384 334
f 335 336 386
f 386 385 335
f 336 337 387
f 387 386 336
f 337 338 388
f 388 387 337
f 338 339 389
f 389 388 338
f 339 340 390
f 390 389 339
f 340 341 391
f 391 390 340
f 341 342 392
f 392 391 341
f 342 343 393
f 393 392 342
f 343 344 394
f 394 393 343
f 344 345 395
f 395 394 344
f 345 346 396
f 396 395 345
f 346 347 397
f 397 396 346
f 347 348 398
f 398 397 347
f 348 349 399
f 399 398 348
f 349 350 400
f 400 399 349
f 351 352 402
f 402 401 351
f 352 353 403
f 403 402 352
f 353 354 404
f 404 403 353
f 354 355 405
f 405 404 354
f 355 356 406
f 406 405 355
f 356 357 407
f 407 406 356
f 357 358 408
f 408 407 357
f 358 359 409
f 409 408 358
f 359 360 410
f 410 409 359
f 360 361 411
f 411 410 360
f 361 362 412
f 412 411 361
f 362 363 413
f 413 412 362
f 363 364 414
f 414 413 363
f 364 365 415
f 415 414 364
f 365 366 416
f 416 415 365
f 366 367 417
f 417 416 366
f 367 368 418
f 418 417 367
f 368 369 419
f 419 418 368
f 369 370 420
f 420 419 369
f 370 371 421
f 421 420 370
f 371 372 422
f 422 421 371
f 372 373 423
f 423 422 372
f 373 374 424
f 424 423 373
f 374 375 425
f 425 424 374
f 375 376 426
f 426 425 375
f 376 377 427
f 427 426 376
f 377 378 428
f 428 427 377
f 378 379 429
f 429 428 378
f 379 380 430
f 430 429 379
f 380 381 431
f 431 430 380
f 381 382 432
f 432 431 381
f 382 383 433
f 433 432 382
f 383 384 434
f 434 433 383
f 384 385 435
f 435 434 384
f 385 386 436
f 436 435 385
f 386 387 437
f 437 436 386
f 387 388 438
f 438 437 387
f 388 389 439
f 439 438 388
f 389 390 440
f 440 439 389
f 390 391 441
f 441 440 390
f 391 392 442
f 442 441 391
f 392 393 443
f 443 442 392
f 393 394 444
f 444 443 393
f 394 395 445
f 445 444 394
f 395 396 446
f 446 445 395
f 396 397 447
f 447 446 396
f 397 398 448
f 448 447 397
f 398 399 449
f 449 448 398
f 399 400 450
f 450 449 399
f 401 402 452
f 452 451 401
f 402 403 453
f 453 452 402
f 403 404 454
f 454 453 403
f 404 405 455
f 455 454 404
f 405 406 456
f 456 455 405
f 406 407 457
f 457 456 406
f 407 408 458
f 458 457 407
f 408 409 459
f 459 458 408
f 409 410 460
f 460 459 409
f 410 411 461
f 461 460 410
f 411 412 462
f 462 461 411
f 412 413 463
f 463 462 412
f 413 414 464
f 464 463 413
f 414 415 465
f 465 464 414
f 415 416 466
f 466 465 415
f 416 417 467
f 467 466 416
f 417 418 468
f 468 467 417
f 418 419 469
f 469 468 418
f 419 420 470
f 470 469 419
f 420 421 471
f 471 470 420
f 421 422 472
f 472 471 421
f 422 423 473
f 473 472 422
f 423 424 474
f 474 473 423
f 424 425 475
f 475 474 424
f 425 426 476
f 476 475 425
f 426 427 477
f 477 476 426
f 427 428 478
f 478 477 427
f 428 429 479
f 479 478 428
f 429 430 480
f 480 479 429
f 430 431 481
f 481 480 430
f 431 432 482
f 482 481 431
f 432 433 483
f 483 482 432
f 433 434 484
f 484 483 433
f 434 435 485
f 485 484 434
f 435 436 486
f 486 485 435
f 436 437 487
f 487 486 436
f 437 438 488
f 488 487 437
f 438 439 489
f 489 488 438
f 439 440 490
f 490 489 439
f 440 441 491
f 491 490 440
f 441 442 492
f 492 491 441
f 442 443 493
f 493 492 442
f 443 444 494
f 494 493 443
f 444 445 495
f 495 494 444
f 445 446 496
f 496 495 445
f 446 447 497
f 497 496 446
f 447 448 498
f 498 497 447
f 448 449 499
f 499 498 448
f 449 450 500
f 500 499 449
f 451 452 502
f 502 501 451
f 452 453 503
f 503 502 452
f 453 454 504
f 504 503 453
f 454 455 505
f 505 504 454
f 455 456 506
f 506 505 455
f 456 457 507
f 507 506 456
f 457 458 508
f 508 507 457
f 458 459 509
f 509 508 458
f 459 460 510
f 510 509 459
f 460 461 511
f 511 510 460
f 461 462 512
f 512 511 461
f 462 463 513
f 513 512 462
f 463 464 514
f 514 513 463
f 464 465 515
f 515 514 464
f 465 466 516
f 516 515 465
f 466 467 517
f 517 516 466
f 467 468 518
f 518 517 467
f 468 469 519
f 519 518 468
f 469 470 520
f 520 519 469
f 470 471 521
f 521 520 470
f 471 472 522
f 522 521 471
f 472 473 523
f 523 522 472
f 473 474 524
f 524 523 473
f 474 475 525
f 525 524 474
f 475 476 526
f 526 525 475
f 476 477 527
f 527 526 476
f 477 478 528
f 528 527 477
f 478 479 529
f 529 528 478
f 479 480 530
f 530 529 479
f 480 481 531
f 531 530 480
f 481 482 532
f 532 531 481
f 482 483 533
f 533 532 482
f 483 484 534
f 534 533 483
f 484 485 535
f 535 534 484
f 485 486 536
f 536 535 485
f 486 487 537
f 537 536 486
f 487 488 538
f 538 537 487
f 488 489 539
f 539 538 488
f 489 490 540
f 540 539 489
f 490 491 541
f 541 540 490
f 491 492 542
f 542 541 491
f 492 493 543
f 543 542 492
f 493 494 544
f 544 543 493
f 494 495 545
f 545 544 494
f 495 496 546
f 546 545 495
f 496 497 547
f 547 546 496
f 497 498 548
f 548 547 497
f 498 499 549
f 549 548 498
f 499 500 550
f 550 549 499
f 501 502 552
f 552 551 501
f 502 503 553
f 553 552 502
f 503 504 554
f 554 553 503
f 504 505 555
f 555 554 504
f 505 506 556
f 556 555 505
f 506 507 557
f 557 556 506
f 507 508 558
f 558 557 507
f 508 509 559
f 559 558 508
f 509 510 560
f 560 559 509
f 510 511 561
f 561 560 510
f 511 512 562
f 562 561 511
f 512 513 563
f 563 562 512
f 513 514 564
f 564 563 513
f 514 515 565
f 565 564 514
f 515 516 566
f 566 565 515
f 516 517 567
f 567 566 516
f 517 518 568
f 568 567 517
f 518 519 569
f 569 568 518
f 519 520 570
f 570 569 519
f 520 521 571
f 571 570 520
f 521 522 572
f 572 571 521
f 522 523 573
f 573 572 522
f 523 524 574
f 574 573 523
f 524 525 575
f 575 574 524
f 525 526 576
f 576 575 525
f 526 527 577
f 577 576 526
f 527 528 578
f 578 577 527
f 528 529 579
f 579 578 528
f 529 530 580
f 580 579 529
f 530 531 581
f 581 580 530
f 531 532 582
f 582 581 531
f 532 533 583
f 583 582 532
f 533 534 584
f 584 583 533
f 534 535 585
f 585 584 534
f 535 536 586
f 586 585 535
f 536 537 587
f 587 586 536
f 537 538 588
f 588 587 537
f 538 539 589
f 589 588 538
f 539 540 590
f 590 589 539
f 540 541 591
f 591 590 540
f 541 542 592
f 592 591 541
f 542 543 593
f 593 592 542
f 543 544 594
f 594 593 543
f 544 545 595
f 595 594 544
f 545 546 596
f 596 595 545
f 546 547 597
f 597 596 546
f 547 548 598
f 598 597 547
f 548 549 599
f 599 598 548
f 549 550 600
f 600 599 549
f 551 552 602
f 602 601 551
f 552 553 603
f 603 602 552
f 553 554 604
f 604 603 553
f 554 555 605
f 605 604 554
f 555 556 606
f 606 605 555
f 556 557 607
f 607 606 556
f 557 558 608
f 608 607 557
f 558 559 609
f 609 608 558
f 559 560 610
f 610 609 559
f 560 561 611
f 611 610 560
f 561 562 612
f 612 611 561
f 562 563 613
f 613 612 562
f 563 564 614
f 614 613 563
f 564 565 615
f 615 614 564
f 565 566 616
f 616 615 565
f 566 567 617
f 617 616 566
f 567 568 618
f 618 617 567
f 568 569 619
f 619 618 568
f 569 570 620
f 620 619 569
f 570 571 621
f 621 620 570
f 571 572 622
f 622 621 571
f 572 573 623
f 623 622 572
f 573 574 624
f 624 623 573
f 574 575 625
f 625 624 574
f 575 576 626
f 626 625 575
f 576 577 627
f 627 626 576
f 577 578 628
f 628 627 577
f 578 579 629
f 629 628 578
f 579 580 630
f 630 629 579
f 580 581 631
f 631 630 580
f 581 582 632
f 632 631 581
f 582 583 633
f 633 632 582
f 583 584 634
f 634 633 583
f 584 585 635
f 635 634 584
f 585 586 636
f 636 635 585
f 586 587 637
f 637 636 586
f 587 588 638
f 638 637 587
f 588 589 639
f 639 638 588
f 589 590 640
f 640 639 589
f 590 591 641
f 641 640 590
f 591 592 642
f 642 641 591
f 592 593 643
f 643 642 592
f 593 594 644
f 644 643 593
f 594 595 645
f 645 644 594
f 595 596 646
f 646 645 595
f 596 597 647
f 647 646 596
f 597 598 648
f 648 647 597
f 598 599 649
f 649 648 598
f 599 600 650
f 650 649 599
f 601 602 652
f 652 651 601
f 602 603 653
f 653 652 602
f 603 604 654
f 654 653 603
f 604 605 655
f 655 654 604
f 605 606 656
f 656 655 605
f 606 607 657
f 657 656 606
f 607 608 658
f 658 657 607
f 608 609 659
f 659 658 608
f 609 610 660
f 660 659 609
f 610 611 661
f 661 660 610
f 611 612 662
f 662 661 611
f 612 613 663
f 663 662 612
f 613 614 664
f 664 663 613
f 614 615 665
f 665 664 614
f 615 616 666
f 666 665 615
f 616 617 667
f 667 666 616
f 617 618 668
f 668 667 617
f 618 619 669
f 669 668 618
f 619 620 670
f 670 669 619
f 620 621 671
f 671 670 620
f 621 622 672
f 672 671 621
f 622 623 673
f 673 672 622
f 623 624 674
f 674 673 623
f 624 625 675
f 675 674 624
f 625 626 676
f 676 675 625
f 626 627 677
f 677 676 626
f 627 628 678
f 678 677 627
f 628 629 679
f 679 678 628
f 629 630 680
f 680 679 629
f 630 631 681
f 681 680 630
f 631 632 682
f 682 681 631
f 632 633 683
f 683 682 632
f 633 634 684
f 684 683 633
f 634 635 685
f 685 684 634
f 635 636 686
f 686 685 635
f 636 637 687
f 687 686 636
f 637 638 688
f 688 687 637
f 638 639 689
f 689 688 638
f 639 640 690
f 690 689 639
f 640 641 691
f 691 690 640
f 641 642 692
f 692 691 641
f 642 643 693
f 693 692 642
f 643 644 694
f 694 693 643
f 644 645 695
f 695 694 644
f 645 646 696
f 696 695 645
f 646 647 697
f 697 696 646
f 647 648 698
f 698 697 647
f 648 649 699
f 699 698 648
f 649 650 700
f 700 699 649
f 651 652 702
f 702 701 651
f 652 653 703
f 703 702 652
f 653 654 704
f 704 703 653
f 654 655 705
f 705 704 654
f 655 656 706
f 706 705 655
f 656 657 707
f 707 706 656
f 657 658 708
f 708 707 657
f 658 659 709
f 709 708 658
f 659 660 710
f 710 709 659
f 660 661 711
f 711 710 660
f 661 662 712
f 712 711 661
f 662 663 713
f 713 712 662
f 663 664 714
f 714 713 663
f 664 665 715
f 715 714 664
f 665 666 716
f 716 715 665
f 666 667 717
f 717 716 666
f 667 668 718
f 718 717 667
f 668 669 719
f 719 718 668
f 669 670 720
f 720 719 669
f 670 671 721
f 721 720 670
f 671 672 722
f 722 721 671
f 672 673 723
f 723 722 672
f 673 674 724
f 724 723 673
f 674 675 725
f 725 724 674
f 675 676 726
f 726 725 675
f 676 677 727
f 727 726 676
f 677 678 728
f 728 727 677
f 678 679 729
f 729 728 678
f 679 680 730
f 730 729 679
f 680 681 731
f 731 730 680
f 681 682 732
f 732 731 681
f 682 683 733
f 733 732 682
f 683 684 734
f 734 733 683
f 684 685 735
f 735 734 684
f 685 686 736
f 736 735 685
f 686 687 737
f 737 736 686
f 687 688 738
f 738 737 687
f 688 689 739
f 739 738 688
f 689 690 740
f 740 739 689
f 690 691 741
f 741 740 690
f 691 692 742
f 742 741 691
f 692 693 743
f 743 742 692
f 693 694 744
f 744 743 693
f 694 695 745
f 745 744 694
f 695 696 746
f 746 745 695
f 696 697 747
f 747 746 696
f 697 698 748
f 748 747 697
f 698 699 749
f 749 748 698
f 699 700 750
f 750 749 699
f 701 702 752
f 752 751 701
f 702 703 753
f 753 752 702
f 703 704 754
f 754 753 703
f 704 705 755
f 755 754 704
f 705 706 756
f 756 755 705
f 706 707 757
f 757 756 706
f 707 708 758
f 758 757 707
f 708 709 759
f 759 758 708
f 709 710 760
f 760 759 709
f 710 711 761
f 761 760 710
f 711 712 762
f 762 761 711
f 712 713 763
f 763 762 712
f 713 714 764
f 764 763 713
f 714 715 765
f 765 764 714
f 715 716 766
f 766 765 715
f 716 717 767
f 767 766 716
f 717 718 768
f 768 767 717
f 718 719 769
f 769 768 718
f 719 720 770
f 770 769 719
f 720 721 771
f 771 770 720
f 721 722 772
f 772 771 721
f 722 723 773
f 773 772 722
f 723 724 774
f 774 773 723
f 724 725 775
f 775 774 724
f 725 726 776
f 776 775 725
f 726 727 777
f 777 776 726
f 727 728 778
f 778 777 727
f 728 729 779
f 779 778 728
f 729 730 780
f 780 779 729
f 730 731 781
f 781 780 730
f 731 732 782
f 782 781 731
f 732 733 783
f 783 782 732
f 733 734 784
f 784 783 733
f 734 735 785
f 785 784 734
f 735 736 786
f 786 785 735
f 736 737 787
f 787 786 736
f 737 738 788
f 788 787 737
f 738 739 789
f 789 788 738
f 739 740 790
f 790 789 739
f 740 741 791
f 791 790 740
f 741 742 792
f 792 791 741
f 742 743 793
f 793 792 742
f 743 744 794
f 794 793 743
f 744 745 795
f 795 794 744
f 745 746 796
f 796 795 745
f 746 747 797
f 797 796 746
f 747 748 798
f 798 797 747
f 748 749 799
f 799 798 748
f 749 750 800
f 800 799 749
f 751 752 802
f 802 801 751
f 752 753 803
f 803 802 752
f 753 754 804
f 804 803 753
f 754 755 805
f 805 804 754
f 755 756 806
f 806 805 755
f 756 757 807
f 807 806 756
f 757 758 808
f 808 807 757
f 758 759 809
f 809 808 758
f 759 760 810
f 810 809 759
f 760 761 811
f 811 810 760
f 761 762 812
f 812 811 761
f 762 763 813
f 813 812 762
f 763 764 814
f 814 813 763
f 764 765 815
f 815 814 764
f 765 766 816
f 816 815 765
f 766 767 817
f 817 816 766
f 767 768 818
f 818 817 767
f 768 769 819
f 819 818 768
f 769 770 820
f 820 819 769
f 770 771 821
f 821 820 770
f 771 772 822
f 822 821 771
f 772 773 823
f 823 822 772
f 773 774 824
f 824 823 773
f 774 775 825
f 825 824 774
f 775 776 826
f 826 825 775
f 776 777 827
f 827 826 776
f 777 778 828
f 828 827 777
f 778 779 829
f 829 828 778
f 779 780 830
f 830 829 779
f 780 781 831
f 831 830 780
f 781 782 832
f 832 831 781
f 782 783 833
f 833 832 782
f 783 784 834
f 834 833 783
f 784 785 835
f 835 834 784
f 785 786 836
f 836 835 785
f 786 787 837
f 837 836 786
f 787 788 838
f 838 837 787
f 788 789 839
f 839 838 788
f 789 790 840
f 840 839 789
f 790 791 841
f 841 840 790
f 791 792 842
f 842 841 791
f 792 793 843
f 843 842 792
f 793 794 844
f 844 843 793
f 794 795 845
f 845 844 794
f 795 796 846
f 846 845 795
f 796 797 847
f 847 846 796
f 797 798 848
f 848 847 797
f 798 799 849
f 849 848 798
f 799 800 850
f 850 849 799
f 801 802 852
f 852 851 801
f 802 803 853
f 853 852 802
f 803 804 854
f 854 853 803
f 804 805 855
f 855 854 804
f 805 806 856
f 856 855 805
f 806 807 857
f 857 856 806
f 807 808 858
f 858 857 807
f 808 809 859
f 859 858 808
f 809 810 860
f 860 859 809
f 810 811 861
f 861 860 810
f 811 812 862
f 862 861 811
f 812 813 863
f 863 862 812
f 813 814 864
f 864 863 813
f 814 815 865
f 865 864 814
f 815 816 866
f 866 865 815
f 816 817 867
f 867 866 816
f 817 818 868
f 868 867 817
f 818 819 869
f 869 868 818
f 819 820 870
f 870 869 819
f 820 821 871
f 871 870 820
f 821 822 872
f 872 871 821
f 822 823 873
f 873 872 822
f 823 824 874
f 874 873 823
f 824 825 875
f 875 874 824
f 825 826 876
f 876 875 825
f 826 827 877
f 877 876 826
f 827 828 878
f 878 877 827
f 828 829 879
f 879 878 828
f 829 830 880
f 880 879 829
f 830 831 881
f 881 880 830
f 831 832 882
f 882 881 831
f 832 833 883
f 883 882 832
f 833 834 884
f 884 883 833
f 834 835 885
f 885 884 834
f 835 836 886
f 886 885 835
f 836 837 887
f 887 886 836
f 837 838 888
f 888 887 837
f 838 839 889
f 889 888 838
f 839 840 890
f 890 889 839
f 840 841 891
f 891 890 840
f 841 842 892
f 892 891 841
f 842 843 893
f 893 892 842
f 843 844 894
f 894 893 843
f 844 845 895
f 895 894 844
f 845 846 896
f 896 895 845
f 846 847 897
f 897 896 846
f 847 848 898
f 898 897 847
f 848 849 899
f 899 898 848
f 849 850 900
f 900 899 849
f 851 852 902
f 902 901 851
f 852 853 903
f 903 902 852
f 853 854 904
f 904 903 853
f 854 855 905
f 905 904 854
f 855 856 906
f 906 905 855
f 856 857 907
f 907 906 856
f 857 858 908
f 908 907 857
f 858 859 909
f 909 908 858
f 859 860 910
f 910 909 859
f 860 861 911
f 911 910 860
f 861 862 912
f 912 911 861
f 862 863 913
f 913 912 862
f 863 864 914
f 914 913 863
f 864 865 915
f 915 914 864
f 865 866 916
f 916 915 865
f 866 867 917
f 917 916 866
f 867 868 918
f 918 917 867
f 868 869 919
f 919 918 868
f 869 870 920
f 920 919 869
f 870 871 921
f 921 920 870
f 871 872 922
f 922 921 871
f 872 873 923
f 923 922 872
f 873 874 924
f 924 923 873
f 874 875 925
f 925 924 874
f 875 876 926
f 926 925 875
f 876 877 927
f 927 926 876
f 877 878 928
f 928 927 877
f 878 879 929
f 929 928 878
f 879 880 930
f 930 929 879
f 880 881 931
f 931 930 880
f 881 882 932
f 932 931 881
f 882 883 933
f 933 932 882
f 883 884 934
f 934 933 883
f 884 885 935
f 935 934 884
f 885 886 936
f 936 935 885
f 886 887 937
f 937 936 886
f 887 888 938
f 938 937 887
f 888 889 939
f 939 938 888
f 889 890 940
f 940 939 889
f 890 891 941
f 941 940 890
f 891 892 942
f 942 941 891
f 892 893 943
f 943 942 892
f 893 894 944
f 944 943 893
f 894 895 945
f 945 944 894
f 895 896 946
f 946 945 895
f 896 897 947
f 947 946 896
f 897 898 948
f 948 947 897
f 898 899 949
f 949 948 898
f 899 900 950
f 950 949 899
f 901 902 952
f 952 951 901
f 902 903 953
f 953 952 902
f 903 904 954
f 954 953 903
f 904 905 955
f 955 954 904
f 905 906 956
f 956 955 905
f 906 907 957
f 957 956 906
f 907 908 958
f 958 957 907
f 908 909 959
f 959 958 908
f 909 910 960
f 960 959 909
f 910 911 961
f 961 960 910
f 911 912 962
f 962 961 911
f 912 913 963
f 963 962 912
f 913 914 964
f 964 963 913
f 914 915 965
f 965 964 914
f 915 916 966
f 966 965 915
f 916 917 967
f 967 966 916
f 917 918 968
f 968 967 917
f 918 919 969
f 969 968 918
f 919 920 970
f 970 969 919
f 920 921 971
f 971 970 920
f 921 922 972
f 972 971 921
f 922 923 973
f 973 972 922
f 923 924 974
f 974 973 923
f 924 925 975
f 975 974 924
f 925 926 976
f 976 975 925
f 926 927 977
f 977 976 926
f 927 928 978
f 978 977 927
f 928 929 979
f 979 978 928
f 929 930 980
f 980 979 929
f 930 931 981
f 981 980 930
f 931 932 982
f 982 981 931
f 932 933 983
f 983 982 932
f 933 934 984
f 984 983 933
f 934 935 985
f 985 984 934
f 935 936 986
f 986 985 935
f 936 937 987
f 987 986 936
f 937 938 988
f 988 987 937
f 938 939 989
f 989 988 938
f 939 940 990
f 990 989 939
f 940 941 991
f 991 990 940
f 941 942 992
f 992 991 941
f 942 943 993
f 993 992 942
f 943 944 994
f 994 993 943
f 944 945 995
f 995 994 944
f 945 946 996
f 996 995 945
f 946 947 997
f 997 996 946
f 947 948 998
f 998 997 947
f 948 949 999
f 999 998 948
f 949 950 1000
f 1000 999 949
f 951 952 1002
f 1002 1001 951
f 952 953 1003
f 1003 1002 952
f 953 954 1004
f 1004 1003 953
f 954 955 1005
f 1005 1004 954
f 955 956 1006
f 1006 1005 955
f 956 957 1007
f 1007 1006 956
f 957 958 1008
f 1008 1007 957
f 958 959 1009
f 1009 1008 958
f 959 960 1010
f 1010 1009 959
f 960 961 1011
f 1011 1010 960
f 961 962 1012
f 1012 1011 961
f 962 963 1013
f 1013 1012 962
f 963 964 1014
f 1014 1013 963
f 964 965 1015
f 1015 1014 964
f 965 966 1016
f 1016 1015 965
f 966 967 1017
f 1017 1016 966
f 967 968 1018
f 1018 1017 967
f 968 969 1019
f 1019 1018 968
f 969 970 1020
f 1020 1019 969
f 970 971 1021
f 1021 1020 970
f 971 972 1022
f 1022 1021 971
f 972 973 1023
f 1023 1022 972
f 973 974 1024
f 1024 1023 973
f 974 975 1025
f 1025 1024 974
f 975 976 1026
f 1026 1025 975
f 976 977 1027
f 1027 1026 976
f 977 978 1028
f 1028 1027 977
f 978 979 1029
f 1029 1028 978
f 979 980 1030
f 1030 1029 979
f 980 981 1031
f 1031 1030 980
f 981 982 1032
f 1032 1031 981
f 982 983 1033
f 1033 1032 982
f 983 984 1034
f 1034 1033 983
f 984 985 1035
f 1035 1034 984
f 985 986 1036
f 1036 1035 985
f 986 987 1037
f 1037 1036 986
f 987 988 1038
f 1038 1037 987
f 988 989 1039
f 1039 1038 988
f 989 990 1040
f 1040 1039 989
f 990 991 1041
f 1041 1040 990
f 991 992 1042
f 1042 1041 991
f 992 993 1043
f 1043 1042 992
f 993 994 1044
f 1044 1043 993
f 994 995 1045
f 1045 1044 994
f 995 996 1046
f 1046 1045 995
f 996 997 1047
f 1047 1046 996
f 997 998 1048
f 1048 1047 997
f 998 999 1049
f 1049 1048 998
f 999 1000 1050
f 1050 1049 999
f 1001 1002 1052
f 1052 1051 1001
f 1002 1003 1053
f 1053 1052 1002
f 1003 1004 1054
f 1054 1053 1003
f 1004 1005 1055
f 1055 1054 1004
f 1005 1006 1056
f 1056 1055 1005
f 1006 1007 1057
f 1057 1056 1006
f 1007 1008 1058
f 1058 1057 1007
f 1008 1009 1059
f 1059 1058 1008
f 1009 1010 1060
f 1060 1059 1009
f 1010 1011 1061
f 1061 1060 1010
f 1011 1012 1062
f 1062 1061 1011
f 1012 1013 1063
f 1063 1062 1012
f 1013 1014 1064
f 1064 1063 1013
f 1014 1015 1065
f 1065 1064 1014
f 1015 1016 1066
f 1066 1065 1015
f 1016 1017 1067
f 1067 1066 1016
f 1017 1018 1068
f 1068 1067 1017
f 1018 1019 1069
f 1069 1068 1018
f 1019 1020 1070
f 1070 1069 1019
f 1020 1021 1071
f 1071 1070 1020
f 1021 1022 1072
f 1072 1071 1021
f 1022 1023 1073
f 1073 1072 1022
f 1023 1024 1074
f 1074 1073 1023
f 1024 1025 1075
f 1075 1074 1024
f 1025 1026 1076
f 1076 1075 1025
f 1026 1027 1077
f 1077 1076 1026
f 1027 1028 1078
f 1078 1077 1027
f 1028 1029 1079
f 1079 1078 1028
f 1029 1030 1080
f 1080 1079 1029
f 1030 1031 1081
f 1081 1080 1030
f 1031 1032 1082
f 1082 1081 1031
f 1032 1033 1083
f 1083 1082 1032
f 1033 1034 1084
f 1084 1083 1033
f 1034 1035 1085
f 1085 1084 1034
f 1035 1036 1086
f 1086 1085 1035
f 1036 1037 1087
f 1087 1086 1036
f 1037 1038 1088
f 1088 1087 1037
f 1038 1039 1089
f 1089 1088 1038
f 1039 1040 1090
f 1090 1089 1039
f 1040 1041 1091
f 1091 1090 1040
f 1041 1042 1092
f 1092 1091 1041
f 1042 1043 1093
f 1093 1092 1042
f 1043 1044 1094
f 1094 1093 1043
f 1044 1045 1095
f 1095 1094 1044
f 1045 1046 1096
f 1096 1095 1045
f 1046 1047 1097
f 1097 1096 1046
f 1047 1048 1098
f 1098 1097 1047
f 1048 1049 1099
f 1099 1098 1048
f 1049 1050 1100
f 1100 1099 1049
f 1051 1052 1102
f 1102 1101 1051
f 1052 1053 1103
f 1103 1102 1052
f 1053 1054 1104
f 1104 1103 1053
f 1054 1055 1105
f 1105 1104 1054
f 1055 1056 1106
f 1106 1105 1055
f 1056 1057 1107
f 1107 1106 1056
f 1057 1058 1108
f 1108 1107 1057
f 1058 1059 1109
f 1109 1108 1058
f 1059 1060 1110
f 1110 1109 1059
f 1060 1061 1111
f 1111 1110 1060
f 1061 1062 1112
f 1112 1111 1061
f 1062 1063 1113
f 1113 1112 1062
f 1063 1064 1114
f 1114 1113 1063
f 1064 1065 1115
f 1115 1114 1064
f 1065 1066 1116
f 1116 1115 1065
f 1066 1067 1117
f 1117 1116 1066
f 1067 1068 1118
f 1118 1117 1067
f 1068 1069 1119
f 1119 1118 1068
f 1069 1070 1120
f 1120 1119 1069
f 1070 1071 1121
f 1121 1120 1070
f 1071 1072 1122
f 1122 1121 1071
f 1072 1073 1123
f 1123 1122 1072
f 1073 1074 1124
f 1124 1123 1073
f 1074 1075 1125
f 1125 1124 1074
f 1075 1076 1126
f 1126 1125 1075
f 1076 1077 1127
f 1127 1126 1076
f 1077 1078 1128
f 1128 1127 1077
f 1078 1079 1129
f 1129 1128 1078
f 1079 1080 1130
f 1130 1129 1079
f 1080 1081 1131
f 1131 1130 1080
f 1081 1082 1132
f 1132 1131 1081
f 1082 1083 1133
f 1133 1132 1082
f 1083 1084 1134
f 1134 1133 1083
f 1084 1085 1135
f 1135 1134 1084
f 1085 1086 1136
f 1136 1135 1085
f 1086 1087 1137
f 1137 1136 1086
f 1087 1088 1138
f 1138 1137 1087
f 1088 1089 1139
f 1139 1138 1088
f 1089 1090 1140
f 1140 1139 1089
f 1090 1091 1141
f 1141 1140 1090
f 1091 1092 1142
f 1142 1141 1091
f 1092 1093 1143
f 1143 1142 1092
f 1093 1094 1144
f 1144 1143 1093
f 1094 1095 1145
f 1145 1144 1094
f 1095 1096 1146
f 1146 1145 1095
f 1096 1097 1147
f 1147 1146 1096
f 1097 1098 1148
f 1148 1147 1097
f 1098 1099 1149
f 1149 1148 1098
f 1099 1100 1150
f 1150 1149 1099
f 1101 1102 1152
f 1152 1151 1101
f 1102 1103 1153
f 1153 1152 1102
f 1103 1104 1154
f 1154 1153 1103
f 1104 1105 1155
f 1155 1154 1104
f 1105 1106 1156
f 1156 1155 1105
f 1106 1107 1157
f 1157 1156 1106
f 1107 1108 1158
f 1158 1157 1107
f 1108 1109 1159
f 1159 1158 1108
f 1109 1110 1160
f 1160 1159 1109
f 1110 1111 1161
f 1161 1160 1110
f 1111 1112 1162
f 1162 1161 1111
f 1112 1113 1163
f 1163 1162 1112
f 1113 1114 1164
f 1164 1163 1113
f 1114 1115 1165
f 1165 1164 1114
f 1115 1116 1166
f 1166 1165 1115
f 1116 1117 1167
f 1167 1166 1116
f 1117 1118 1168
f 1168 1167 1117
f 1118 1119 1169
f 1169 1168 1118
f 1119 1120 1170
f 1170 1169 1119
f 1120 1121 1171
f 1171 1170 1120
f 1121 1122 1172
f 1172 1171 1121
f 1122 1123 1173
f 1173 1172 1122
f 1123 1124 1174
f 1174 1173 1123
f 1124 1125 1175
f 1175 1174 1124
f 1125 1126 1176
f 1176 1175 1125
f 1126 1127 1177
f 1177 1176 1126
f 1127 1128 1178
f 1178 1177 1127
f 1128 1129 1179
f 1179 1178 1128
f 1129 1130 1180
f 1180 1179 1129
f 1130 1131 1181
f 1181 1180 1130
f 1131 1132 1182
f 1182 1181 1131
f 1132 1133 1183
f 1183 1182 1132
f 1133 1134 1184
f 1184 1183 1133
f 1134 1135 1185
f 1185 1184 1134
f 1135 1136 1186
f 1186 1185 1135
f 1136 1137 1187
f 1187 1186 1136
f 1137 1138 1188
f 1188 1187 1137
f 1138 1139 1189
f 1189 1188 1138
f 1139 1140 1190
f 1190 1189 1139
f 1140 1141 1191
f 1191 1190 1140
f 1141 1142 1192
f 1192 1191 1141
f 1142 1143 1193
f 1193 1192 1142
f 1143 1144 1194
f 1194 1193 1143
f 1144 1145 1195
f 1195 1194 1144
f 1145 1146 1196
f 1196 1195 1145
f 1146 1147 1197
f 1197 1196 1146
f 1147 1148 1198
f 1198 1197 1147
f 1148 1149 1199
f 1199 1198 1148
f 1149 1150 1200
f 1200 1199 1149
f 1151 1152 1202
f 1202 1201 1151
f 1152 1153 1203
f 1203 1202 1152
f 1153 1154 1204
f 1204 1203 1153
f 1154 1155 1205
f 1205 1204 1154
f 1155 1156 1206
f 1206 1205 1155
f 1156 1157 1207
f 1207 1206 1156
f 1157 1158 1208
f 1208 1207 1157
f 1158 1159 1209
f 1209 1208 1158
f 1159 1160 1210
f 1210 1209 1159
f 1160 1161 1211
f 1211 1210 1160
f 1161 1162 1212
f 1212 1211 1161
f 1162 1163 1213
f 1213 1212 1162
f 1163 1164 1214
f 1214 1213 1163
f 1164 1165 1215
f 1215 1214 1164
f 1165 1166 1216
f 1216 1215 1165
f 1166 1167 1217
f 1217 1216 1166
f 1167 1168 1218
f 1218 1217 1167
f 1168 1169 1219
f 1219 1218 1168
f 1169 1170 1220
f 1220 1219 1169
f 1170 1171 1221
f 1221 1220 1170
f 1171 1172 1222
f 1222 1221 1171
f 1172 1173 1223
f 1223 1222 1172
f 1173 1174 1224
f 1224 1223 1173
f 1174 1175 1225
f 1225 1224 1174
f 1175 1176 1226
f 1226 1225 1175
f 1176 1177 1227
f 1227 1226 1176
f 1177 1178 1228
f 1228 1227 1177
f 1178 1179 1229
f 1229 1228 1178
f 1179 1180 1230
f 1230 1229 1179
f 1180 1181 1231
f 1231 1230 1180
f 1181 1182 1232
f 1232 1231 1181
f 1182 1183 1233
f 1233 1232 1182
f 1183 1184 1234
f 1234 1233 1183
f 1184 1185 1235
f 1235 1234 1184
f 1185 1186 1236
f 1236 1235 1185
f 1186 1187 1237
f 1237 1236 1186
f 1187 1188 1238
f 1238 1237 1187
f 1188 1189 1239
f 1239 1238 1188
f 1189 1190 1240
f 1240 1239 1189
f 1190 1191 1241
f 1241 1240 1190
f 1191 1192 1242
f 1242 1241 1191
f 1192 1193 1243
f 1243 1242 1192
f 1193 1194 1244
f 1244 1243 1193
f 1194 1195 1245
f 1245 1244 1194
f 1195 1196 1246
f 1246 1245 1195
f 1196 1197 1247
f 1247 1246 1196
f 1197 1198 1248
f 1248 1247 1197
f 1198 1199 1249
f 1249 1248 1198
f 1199 1200 1250
f 1250 1249 1199
f 1201 1202 1252
f 1252 1251 1201
f 1202 1203 1253
f 1253 1252 1202
f 1203 1204 1254
f 1254 1253 1203
f 1204 1205 1255
f 1255 1254 1204
f 1205 1206 1256
f 1256 1255 1205
f 1206 1207 1257
f 1257 1256 1206
f 1207 1208 1258
f 1258 1257 1207
f 1208 1209 1259
f 1259 1258 1208
f 1209 1210 1260
f 1260 1259 1209
f 1210 1211 1261
f 1261 1260 1210
f 1211 1212 1262
f 1262 1261 1211
f 1212 1213 1263
f 1263 1262 1212
f 1213 1214 1264
f 1264 1263 1213
f 1214 1215 1265
f 1265 1264 1214
f 1215 1216 1266
f 1266 1265 1215
f 1216 1217 1267
f 1267 1266 1216
f 1217 1218 1268
f 1268 1267 1217
f 1218 1219 1269
f 1269 1268 1218
f 1219 1220 1270
f 1270 1269 1219
f 1220 1221 1271
f 1271 1270 1220
f 1221 1222 1272
f 1272 1271 1221
f 1222 1223 1273
f 1273 1272 1222
f 1223 1224 1274
f 1274 1273 1223
f 1224 1225 1275
f 1275 1274 1224
f 1225 1226 1276
f 1276 1275 1225
f 1226 1227 1277
f 1277 1276 1226
f 1227 1228 1278
f 1278 1277 1227
f 1228 1229 1279
f 1279 1278 1228
f 1229 1230 1280
f 1280 1279 1229
f 1230 1231 1281
f 1281 1280 1230
f 1231 1232 1282
f 1282 1281 1231
f 1232 1233 1283
f 1283 1282 1232
f 1233 1234 1284
f 1284 1283 1233
f 1234 1235 1285
f 1285 1284 1234
f 1235 1236 1286
f 1286 1285 1235
f 1236 1237 1287
f 1287 1286 1236
f 1237 1238 1288
f 1288 1287 1237
f 1238 1239 1289
f 1289 1288 1238
f 1239 1240 1290
f 1290 1289 1239
f 1240 1241 1291
f 1291 1290 1240
f 1241 1242 1292
f 1292 1291 1241
f 1242 1243 1293
f 1293 1292 1242
f 1243 1244 1294
f 1294 1293 1243
f 1244 1245 1295
f 1295 1294 1244
f 1245 1246 1296
f 1296 1295 1245
f 1246 1247 1297
f 1297 1296 1246
f 1247 1248 1298
f 1298 1297 1247
f 1248 1249 1299
f 1299 1298 1248
f 1249 1250 1300
f 1300 1299 1249
f 1251 1252 1302
f 1302 1301 1251
f 1252 1253 1303
f 1303 1302 1252
f 1253 1254 1304
f 1304 1303 1253
f 1254 1255 1305
f 1305 1304 1254
f 1255 1256 1306
f 1306 1305 1255
f 1256 1257 1307
f 1307 1306 1256
f 1257 1258 1308
f 1308 1307 1257
f 1258 1259 1309
f 1309 1308 1258
f 1259 1260 1310
f 1310 1309 1259
f 1260 1261 1311
f 1311 1310 1260
f 1261 1262 1312
f 1312 1311 1261
f 1262 1263 1313
f 1313 1312 1262
f 1263 1264 1314
f 1314 1313 1263
f 1264 1265 1315
f 1315 1314 1264
f 1265 1266 1316
f 1316 1315 1265
f 1266 1267 1317
f 1317 1316 1266
f 1267 1268 1318
f 1318 1317 1267
f 1268 1269 1319
f 1319 1318 1268
f 1269 1270 1320
f 1320 1319 1269
f 1270 1271 1321
f 1321 1320 1270
f 1271 1272 1322
f 1322 1321 1271
f 1272 1273 1323
f 1323 1322 1272
f 1273 1274 1324
f 1324 1323 1273
f 1274 1275 1325
f 1325 1324 1274
f 1275 1276 1326
f 1326 1325 1275
f 1276 1277 1327
f 1327 1326 1276
f 1277 1278 1328
f 1328 1327 1277
f 1278 1279 1329
f 1329 1328 1278
f 1279 1280 1330
f 1330 1329 1279
f 1280 1281 1331
f 1331 1330 1280
f 1281 1282 1332
f 1332 1331 1281
f 1282 1283 1333
f 1333 1332 1282
f 1283 1284 1334
f 1334 1333 1283
f 1284 1285 1335
f 1335 1334 1284
f 1285 1286 1336
f 1336 1335 1285
f 1286 1287 1337
f 1337 1336 1286
f 1287 1288 1338
f 1338 1337 1287
f 1288 1289 1339
f 1339 1338 1288
f 1289 1290 1340
f 1340 1339 1289
f 1290 1291 1341
f 1341 1340 1290
f 1291 1292 1342
f 1342 1341 1291
f 1292 1293 1343
f 1343 1342 1292
f 1293 1294 1344
f 1344 1343 1293
f 1294 1295 1345
f 1345 1344 1294
f 1295 1296 1346
f 1346 1345 1295
f 1296 1297 1347
f 1347 1346 1296
f 1297 1298 1348
f 1348 1347 1297
f 1298 1299 1349
f 1349 1348 1298
f 1299 1300 1350
f 1350 1349 1299
f 1301 1302 1352
f 1352 1351 1301
f 1302 1303 1353
f 1353 1352 1302
f 1303 1304 1354
f 1354 1353 1303
f 1304 1305 1355
f 1355 1354 1304
f 1305 1306 1356
f 1356 1355 1305
f 1306 1307 1357
f 1357 1356 1306
f 1307 1308 1358
f 1358 1357 1307
f 1308 1309 1359
f 1359 1358 1308
f 1309 1310 1360
f 1360 1359 1309
f 1310 1311 1361
f 1361 1360 1310
f 1311 1312 1362
f 1362 1361 1311
f 1312 1313 1363
f 1363 1362 1312
f 1313 1314 1364
f 1364 1363 1313
f 1314 1315 1365
f 1365 1364 1314
f 1315 1316 1366
f 1366 1365 1315
f 1316 1317 1367
f 1367 1366 1316
f 1317 1318 1368
f 1368 1367 1317
f 1318 1319 1369
f 1369 1368 1318
f 1319 1320 1370
f 1370 1369 1319
f 1320 1321 1371
f 1371 1370 1320
f 1321 1322 1372
f 1372 1371 1321
f 1322 1323 1373
f 1373 1372 1322
f 1323 1324 1374
f 1374 1373 1323
f 1324 1325 1375
f 1375 1374 1324
f 1325 1326 1376
f 1376 1375 1325
f 1326 1327 1377
f 1377 1376 1326
f 1327 1328 1378
f 1378 1377 1327
f 1328 1329 1379
f 1379 1378 1328
f 1329 1330 1380
f 1380 1379 1329
f 1330 1331 1381
f 1381 1380 1330
f 1331 1332 1382
f 1382 1381 1331
f 1332 1333 1383
f 1383 1382 1332
f 1333 1334 1384
f 1384 1383 1333
f 1334 1335 1385
f 1385 1384 1334
f 1335 1336 1386
f 1386 1385 1335
f 1336 1337 1387
f 1387 1386 1336
f 1337 1338 1388
f 1388 1387 1337
f 1338 1339 1389
f 1389 1388 1338
f 1339 1340 1390
f 1390 1389 1339
f 1340 1341 1391
f 1391 1390 1340
f 1341 1342 1392
f 1392 1391 1341
f 1342 1343 1393
f 1393 1392 1342
f 1343 1344 1394
f 1394 1393 1343
f 1344 1345 1395
f 1395 1394 1344
f 1345 1346 1396
f 1396 1395 1345
f 1346 1347 1397
f 1397 1396 1346
f 1347 1348 1398
f 1398 1397 1347
f 1348 1349 1399
f 1399 1398 1348
f 1349 1350 1400
f 1400 1399 1349
f 1351 1352 1402
f 1402 1401 1351
f 1352 1353 1403
f 1403 1402 1352
f 1353 1354 1404
f 1404 1403 1353
f 1354 1355 1405
f 1405 1404 1354
f 1355 1356 1406
f 1406 1405 1355
f 1356 1357 1407
f 1407 1406 1356
f 1357 1358 1408
f 1408 1407 1357
f 1358 1359 1409
f 1409 1408 1358
f 1359 1360 1410
f 1410 1409 1359
f 1360 1361 1411
f 1411 1410 1360
f 1361 1362 1412
f 1412 1411 1361
f 1362 1363 1413
f 1413 1412 1362
f 1363 1364 1414
f 1414 1413 1363
f 1364 1365 1415
f 1415 1414 1364
f 1365 1366 1416
f 1416 1415 1365
f 1366 1367 1417
f 1417 1416 1366
f 1367 1368 1418
f 1418 1417 1367
f 1368 1369 1419
f 1419 1418 1368
f 1369 1370 1420
f 1420 1419 1369
f 1370 1371 1421
f 1421 1420 1370
f 1371 1372 1422
f 1422 1421 1371
f 1372 1373 1423
f 1423 1422 1372
f 1373 1374 1424
f 1424 1423 1373
f 1374 1375 1425
f 1425 1424 1374
f 1375 1376 1426
f 1426 1425 1375
f 1376 1377 1427
f 1427 1426 1376
f 1377 1378 1428
f 1428 1427 1377
f 1378 1379 1429
f 1429 1428 1378
f 1379 1380 1430
f 1430 1429 1379
f 1380 1381 1431
f 1431 1430 1380
f 1381 1382 1432
f 1432 1431 1381
f 1382 1383 1433
f 1433 1432 1382
f 1383 1384 1434
f 1434 1433 1383
f 1384 1385 1435
f 1435 1434 1384
f 1385 1386 1436
f 1436 1435 1385
f 1386 1387 1437
f 1437 1436 1386
f 1387 1388 1438
f 1438 1437 1387
f 1388 1389 1439
f 1439 1438 1388
f 1389 1390 1440
f 1440 1439 1389
f 1390 1391 1441
f 1441 1440 1390
f 1391 1392 1442
f 1442 1441 1391
f 1392 1393 1443
f 1443 1442 1392
f 1393 1394 1444
f 1444 1443 1393
f 1394 1395 1445
f 1445 1444 1394
f 1395 1396 1446
f 1446 1445 1395
f 1396 1397 1447
f 1447 1446 1396
f 1397 1398 1448
f 1448 1447 1397
f 1398 1399 1449
f 1449 1448 1398
f 1399 1400 1450
f 1450 1449 1399
f 1401 1402 1452
f 1452 1451 1401
f 1402 1403 1453
f 1453 1452 1402
f 1403 1404 1454
f 1454 1453 1403
f 1404 1405 1455
f 1455 1454 1404
f 1405 1406 1456
f 1456 1455 1405
f 1406 1407 1457
f 1457 1456 1406
f 1407 1408 1458
f 1458 1457 1407
f 1408 1409 1459
f 1459 1458 1408
f 1409 1410 1460
f 1460 1459 1409
f 1410 1411 1461
f 1461 1460 1410
f 1411 1412 1462
f 1462 1461 1411
f 1412 1413 1463
f 1463 1462 1412
f 1413 1414 1464
f 1464 1463 1413
f 1414 1415 1465
f 1465 1464 1414
f 1415 1416 1466
f 1466 1465 1415
f 1416 1417 1467
f 1467 1466 1416
f 1417 1418 1468
f 1468 1467 1417
f 1418 1419 1469
f 1469 1468 1418
f 1419 1420 1470
f 1470 1469 1419
f 1420 1421 1471
f 1471 1470 1420
f 1421 1422 1472
f 1472 1471 1421
f 1422 1423 1473
f 1473 1472 1422
f 1423 1424 1474
f 1474 1473 1423
f 1424 1425 1475
f 1475 1474 1424
f 1425 1426 1476
f 1476 1475 1425
f 1426 1427 1477
f 1477 1476 1426
f 1427 1428 1478
f 1478 1477 1427
f 1428 1429 1479
f 1479 1478 1428
f 1429 1430 1480
f 1480 1479 1429
f 1430 1431 1481
f 1481 1480 1430
f 1431 1432 1482
f 1482 1481 1431
f 1432 1433 1483
f 1483 1482 1432
f 1433 1434 1484
f 1484 1483 1433
f 1434 1435 1485
f 1485 1484 1434
f 1435 1436 1486
f 1486 1485 1435
f 1436 1437 1487
f 1487 1486 1436
f 1437 1438 1488
f 1488 1487 1437
f 1438 1439 1489
f 1489 1488 1438
f 1439 1440 1490
f 1490 1489 1439
f 1440 1441 1491
f 1491 1490 1440
f 1441 1442 1492
f 1492 1491 1441
f 1442 1443 1493
f 1493 1492 1442
f 1443 1444 1494
f 1494 1493 1443
f 1444 1445 1495
f 1495 1494 1444
f 1445 1446 1496
f 1496 1495 1445
f 1446 1447 1497
f 1497 1496 1446
f 1447 1448 1498
f 1498 1497 1447
f 1448 1449 1499
f 1499 1498 1448
f 1449 1450 1500
f 1500 1499 1449
f 1451 1452 1502
f 1502 1501 1451
f 1452 1453 1503
f 1503 1502 1452
f 1453 1454 1504
f 1504 1503 1453
f 1454 1455 1505
f 1505 1504 1454
f 1455 1456 1506
f 1506 1505 1455
f 1456 1457 1507
f 1507 1506 1456
f 1457 1458 1508
f 1508 1507 1457
f 1458 1459 1509
f 1509 1508 1458
f 1459 1460 1510
f 1510 1509 1459
f 1460 1461 1511
f 1511 1510 1460
f 1461 1462 1512
f 1512 1511 1461
f 1462 1463 1513
f 1513 1512 1462
f 1463 1464 1514
f 1514 1513 1463
f 1464 1465 1515
f 1515 1514 1464
f 1465 1466 1516
f 1516 1515 1465
f 1466 1467 1517
f 1517 1516 1466
f 1467 1468 1518
f 1518 1517 1467
f 1468 1469 1519
f 1519 1518 1468
f 1469 1470 1520
f 1520 1519 1469
f 1470 1471 1521
f 1521 1520 1470
f 1471 1472 1522
f 1522 1521 1471
f 1472 1473 1523
f 1523 1522 1472
f 1473 1474 1524
f 1524 1523 1473
f 1474 1475 1525
f 1525 1524 1474
f 1475 1476 1526
f 1526 1525 1475
f 1476 1477 1527
f 1527 1526 1476
f 1477 1478 1528
f 1528 1527 1477
f 1478 1479 1529
f 1529 1528 1478
f 1479 1480 1530
f 1530 1529 1479
f 1480 1481 1531
f 1531 1530 1480
f 1481 1482 1532
f 1532 1531 1481
f 1482 1483 1533
f 1533 1532 1482
f 1483 1484 1534
f 1534 1533 1483
f 1484 1485 1535
f 1535 1534 1484
f 1485 1486 1536
f 1536 1535 1485
f 1486 1487 1537
f 1537 1536 1486
f 1487 1488 1538
f 1538 1537 1487
f 1488 1489 1539
f 1539 1538 1488
f 1489 1490 1540
f 1540 1539 1489
f 1490 1491 1541
f 1541 1540 1490
f 1491 1492 1542
f 1542 1541 1491
f 1492 1493 1543
f 1543 1542 1492
f 1493 1494 1544
f 1544 1543 1493
f 1494 1495 1545
f 1545 1544 1494
f 1495 1496 1546
f 1546 1545 1495
f 1496 1497 1547
f 1547 1546 1496
f 1497 1498 1548
f 1548 1547 1497
f 1498 1499 1549
f 1549 1548 1498
f 1499 1500 1550
f 1550 1549 1499
f 1501 1502 1552
f 1552 1551 1501
f 1502 1503 1553
f 1553 1552 1502
f 1503 1504 1554
f 1554 1553 1503
f 1504 1505 1555
f 1555 1554 1504
f 1505 1506 1556
f 1556 1555 1505
f 1506 1507 1557
f 1557 1556 1506
f 1507 1508 1558
f 1558 1557 1507
f 1508 1509 1559
f 1559 1558 1508
f 1509 1510 1560
f 1560 1559 1509
f 1510 1511 1561
f 1561 1560 1510
f 1511 1512 1562
f 1562 1561 1511
f 1512 1513 1563
f 1563 1562 1512
f 1513 1514 1564
f 1564 1563 1513
f 1514 1515 1565
f 1565 1564 1514
f 1515 1516 1566
f 1566 1565 1515
f 1516 1517 1567
f 1567 1566 1516
f 1517 1518 1568
f 1568 1567 1517
f 1518 1519 1569
f 1569 1568 1518
f 1519 1520 1570
f 1570 1569 1519
f 1520 1521 1571
f 1571 1570 1520
f 1521 1522 1572
f 1572 1571 1521
f 1522 1523 1573
f 1573 1572 1522
f 1523 1524 1574
f 1574 1573 1523
f 1524 1525 1575
f 1575 1574 1524
f 1525 1526 1576
f 1576 1575 1525
f 1526 1527 1577
f 1577 1576 1526
f 1527 1528 1578
f 1578 1577 1527
f 1528 1529 1579
f 1579 1578 1528
f 1529 1530 1580
f 1580 1579 1529
f 1530 1531 1581
f 1581 1580 1530
f 1531 1532 1582
f 1582 1581 1531
f 1532 1533 1583
f 1583 1582 1532
f 1533 1534 1584
f 1584 1583 1533
f 1534 1535 1585
f 1585 1584 1534
f 1535 1536 1586
f 1586 1585 1535
f 1536 1537 1587
f 1587 1586 1536
f 1537 1538 1588
f 1588 1587 1537
f 1538 1539 1589
f 1589 1588 1538
f 1539 1540 1590
f 1590 1589 1539
f 1540 1541 1591
f 1591 1590 1540
f 1541 1542 1592
f 1592 1591 1541
f 1542 1543 1593
f 1593 1592 1542
f 1543 1544 1594
f 1594 1593 1543
f 1544 1545 1595
f 1595 1594 1544
f 1545 1546 1596
f 1596 1595 1545
f 1546 1547 1597
f 1597 1596 1546
f 1547 1548 1598
f 1598 1597 1547
f 1548 1549 1599
f 1599 1598 1548
f 1549 1550 1600
f 1600 1599 1549
f 1551 1552 1602
f 1602 1601 1551
f 1552 1553 1603
f 1603 1602 1552
f 1553 1554 1604
f 1604 1603 1553
f 1554 1555 1605
f 1605 1604 1554
f 1555 1556 1606
f 1606 1605 1555
f 1556 1557 1607
f 1607 1606 1556
f 1557 1558 1608
f 1608 1607 1557
f 1558 1559 1609
f 1609 1608 1558
f 1559 1560 1610
f 1610 1609 1559
f 1560 1561 1611
f 1611 1610 1560
f 1561 1562 1612
f 1612 1611 1561
f 1562 1563 1613
f 1613 1612 1562
f 1563 1564 1614
f 1614 1613 1563
f 1564 1565 1615
f 1615 1614 1564
f 1565 1566 1616
f 1616 1615 1565
f 1566 1567 1617
f 1617 1616 1566
f 1567 1568 1618
f 1618 1617 1567
f 1568 1569 1619
f 1619 1618 1568
f 1569 1570 1620
f 1620 1619 1569
f 1570 1571 1621
f 1621 1620 1570
f 1571 1572 1622
f 1622 1621 1571
f 1572 1573 1623
f 1623 1622 1572
f 1573 1574 1624
f 1624 1623 1573
f 1574 1575 1625
f 1625 1624 1574
f 1575 1576 1626
f 1626 1625 1575
f 1576 1577 1627
f 1627 1626 1576
f 1577 1578 1628
f 1628 1627 1577
f 1578 1579 1629
f 1629 1628 1578
f 1579 1580 1630
f 1630 1629 1579
f 1580 1581 1631
f 1631 1630 1580
f 1581 1582 1632
f 1632 1631 1581
f 1582 1583 1633
f 1633 1632 1582
f 1583 1584 1634
f 1634 1633 1583
f 1584 1585 1635
f 1635 1634 1584
f 1585 1586 1636
f 1636 1635 1585
f 1586 1587 1637
f 1637 1636 1586
f 1587 1588 1638
f 1638 1637 1587
f 1588 1589 1639
f 1639 1638 1588
f 1589 1590 1640
f 1640 1639 1589
f 1590 1591 1641
f 1641 1640 1590
f 1591 1592 1642
f 1642 1641 1591
f 1592 1593 1643
f 1643 1642 1592
f 1593 1594 1644
f 1644 1643 1593
f 1594 1595 1645
f 1645 1644 1594
f 1595 1596 1646
f 1646 1645 1595
f 1596 1597 1647
f 1647 1646 1596
f 1597 1598 1648
f 1648 1647 1597
f 1598 1599 1649
f 1649 1648 1598
f 1599 1600 1650
f 1650 1649 1599
f 1601 1602 1652
f 1652 1651 1601
f 1602 1603 1653
f 1653 1652 1602
f 1603 1604 1654
f 1654 1653 1603
f 1604 1605 1655
f 1655 1654 1604
f 1605 1606 1656
f 1656 1655 1605
f 1606 1607 1657
f 1657 1656 1606
f 1607 1608 1658
f 1658 1657 1607
f 1608 1609 1659
f 1659 1658 1608
f 1609 1610 1660
f 1660 1659 1609
f 1610 1611 1661
f 1661 1660 1610
f 1611 1612 1662
f 1662 1661 1611
f 1612 1613 1663
f 1663 1662 1612
f 1613 1614 1664
f 1664 1663 1613
f 1614 1615 1665
f 1665 1664 1614
f 1615 1616 1666
f 1666 1665 1615
f 1616 1617 1667
f 1667 1666 1616
f 1617 1618 1668
f 1668 1667 1617
f 1618 1619 1669
f 1669 1668 1618
f 1619 1620 1670
f 1670 1669 1619
f 1620 1621 1671
f 1671 1670 1620
f 1621 1622 1672
f 1672 1671 1621
f 1622 1623 1673
f 1673 1672 1622
f 1623 1624 1674
f 1674 1673 1623
f 1624 1625 1675
f 1675 1674 1624
f 1625 1626 1676
f 1676 1675 1625
f 1626 1627 1677
f 1677 1676 1626
f 1627 1628 1678
f 1678 1677 1627
f 1628 1629 1679
f 1679 1678 1628
f 1629 1630 1680
f 1680 1679 1629
f 1630 1631 1681
f 1681 1680 1630
f 1631 1632 1682
f 1682 1681 1631
f 1632 1633 1683
f 1683 1682 1632
f 1633 1634 1684
f 1684 1683 1633
f 1634 1635 1685
f 1685 1684 1634
f 1635 1636 1686
f 1686 1685 1635
f 1636 1637 1687
f 1687 1686 1636
f 1637 1638 1688
f 1688 1687 1637
f 1638 1639 1689
f 1689 1688 1638
f 1639 1640 1690
f 1690 1689 1639
f 1640 1641 1691
f 1691 1690 1640
f 1641 1642 1692
f 1692 1691 1641
f 1642 1643 1693
f 1693 1692 1642
f 1643 1644 1694
f 1694 1693 1643
f 1644 1645 1695
f 1695 1694 1644
f 1645 1646 1696
f 1696 1695 1645
f 1646 1647 1697
f 1697 1696 1646
f 1647 1648 1698
f 1698 1697 1647
f 1648 1649 1699
f 1699 1698 1648
f 1649 1650 1700
f 1700 1699 1649
f 1651 1652 1702
f 1702 1701 1651
f 1652 1653 1703
f 1703 1702 1652
f 1653 1654 1704
f 1704 1703 1653
f 1654 1655 1705
f 1705 1704 1654
f 1655 1656 1706
f 1706 1705 1655
f 1656 1657 1707
f 1707 1706 1656
f 1657 1658 1708
f 1708 1707 1657
f 1658 1659 1709
f 1709 1708 1658
f 1659 1660 1710
f 1710 1709 1659
f 1660 1661 1711
f 1711 1710 1660
f 1661 1662 1712
f 1712 1711 1661
f 1662 1663 1713
f 1713 1712 1662
f 1663 1664 1714
f 1714 1713 1663
f 1664 1665 1715
f 1715 1714 1664
f 1665 1666 1716
f 1716 1715 1665
f 1666 1667 1717
f 1717 1716 1666
f 1667 1668 1718
f 1718 1717 1667
f 1668 1669 1719
f 1719 1718 1668
f 1669 1670 1720
f 1720 1719 1669
f 1670 1671 1721
f 1721 1720 1670
f 1671 1672 1722
f 1722 1721 1671
f 1672 1673 1723
f 1723 1722 1672
f 1673 1674 1724
f 1724 1723 1673
f 1674 1675 1725
f 1725 1724 1674
f 1675 1676 1726
f 1726 1725 1675
f 1676 1677 1727
f 1727 1726 1676
f 1677 1678 1728
f 1728 1727 1677
f 1678 1679 1729
f 1729 1728 1678
f 1679 1680 1730
f 1730 1729 1679
f 1680 1681 1731
f 1731 1730 1680
f 1681 1682 1732
f 1732 1731 1681
f 1682 1683 1733
f 1733 1732 1682
f 1683 1684 1734
f 1734 1733 1683
f 1684 1685 1735
f 1735 1734 1684
f 1685 1686 1736
f 1736 1735 1685
f 1686 1687 1737
f 1737 1736 1686
f 1687 1688 1738
f 1738 1737 1687
f 1688 1689 1739
f 1739 1738 1688
f 1689 1690 1740
f 1740 1739 1689
f 1690 1691 1741
f 1741 1740 1690
f 1691 1692 1742
f 1742 1741 1691
f 1692 1693 1743
f 1743 1742 1692
f 1693 1694 1744
f 1744 1743 1693
f 1694 1695 1745
f 1745 1744 1694
f 1695 1696 1746
f 1746 1745 1695
f 1696 1697 1747
f 1747 1746 1696
f 1697 1698 1748
f 1748 1747 1697
f 1698 1699 1749
f 1749 1748 1698
f 1699 1700 1750
f 1750 1749 1699
f 1701 1702 1752
f 1752 1751 1701
f 1702 1703 1753
f 1753 1752 1702
f 1703 1704 1754
f 1754 1753 1703
f 1704 1705 1755
f 1755 1754 1704
f 1705 1706 1756
f 1756 1755 1705
f 1706 1707 1757
f 1757 1756 1706
f 1707 1708 1758
f 1758 1757 1707
f 1708 1709 1759
f 1759 1758 1708
f 1709 1710 1760
f 1760 1759 1709
f 1710 1711 1761
f 1761 1760 1710
f 1711 1712 1762
f 1762 1761 1711
f 1712 1713 1763
f 1763 1762 1712
f 1713 1714 1764
f 1764 1763 1713
f 1714 1715 1765
f 1765 1764 1714
f 1715 1716 1766
f 1766 1765 1715
f 1716 1717 1767
f 1767 1766 1716
f 1717 1718 1768
f 1768 1767 1717
f 1718 1719 1769
f 1769 1768 1718
f 1719 1720 1770
f 1770 1769 1719
f 1720 1721 1771
f 1771 1770 1720
f 1721 1722 1772
f 1772 1771 1721
f 1722 1723 1773
f 1773 1772 1722
f 1723 1724 1774
f 1774 1773 1723
f 1724 1725 1775
f 1775 1774 1724
f 1725 1726 1776
f 1776 1775 1725
f 1726 1727 1777
f 1777 1776 1726
f 1727 1728 1778
f 1778 1777 1727
f 1728 1729 1779
f 1779 1778 1728
f 1729 1730 1780
f 1780 1779 1729
f 1730 1731 1781
f 1781 1780 1730
f 1731 1732 1782
f 1782 1781 1731
f 1732 1733 1783
f 1783 1782 1732
f 1733 1734 1784
f 1784 1783 1733
f 1734 1735 1785
f 1785 1784 1734
f 1735 1736 1786
f 1786 1785 1735
f 1736 1737 1787
f 1787 1786 1736
f 1737 1738 1788
f 1788 1787 1737
f 1738 1739 1789
f 1789 1788 1738
f 1739 1740 1790
f 1790 1789 1739
f 1740 1741 1791
f 1791 1790 1740
f 1741 1742 1792
f 1792 1791 1741
f 1742 1743 1793
f 1793 1792 1742
f 1743 1744 1794
f 1794 1793 1743
f 1744 1745 1795
f 1795 1794 1744
f 1745 1746 1796
f 1796 1795 1745
f 1746 1747 1797
f 1797 1796 1746
f 1747 1748 1798
f 1798 1797 1747
f 1748 1749 1799
f 1799 1798 1748
f 1749 1750 1800
f 1800 1799 1749
f 1751 1752 1802
f 1802 1801 1751
f 1752 1753 1803
f 1803 1802 1752
f 1753 1754 1804
f 1804 1803 1753
f 1754 1755 1805
f 1805 1804 1754
f 1755 1756 1806
f 1806 1805 1755
f 1756 1757 1807
f 1807 1806 1756
f 1757 1758 1808
f 1808 1807 1757
f 1758 1759 1809
f 1809 1808 1758
f 1759 1760 1810
f 1810 1809 1759
f 1760 1761 1811
f 1811 1810 1760
f 1761 1762 1812
f 1812 1811 1761
f 1762 1763 1813
f 1813 1812 1762
f 1763 1764 1814
f 1814 1813 1763
f 1764 1765 1815
f 1815 1814 1764
f 1765 1766 1816
f 1816 1815 1765
f 1766 1767 1817
f 1817 1816 1766
f 1767 1768 1818
f 1818 1817 1767
f 1768 1769 1819
f 1819 1818 1768
f 1769 1770 1820
f 1820 1819 1769
f 1770 1771 1821
f 1821 1820 1770
f 1771 1772 1822
f 1822 1821 1771
f 1772 1773 1823
f 1823 1822 1772
f 1773 1774 1824
f 1824 1823 1773
f 1774 1775 1825
f 1825 1824 1774
f 1775 1776 1826
f 1826 1825 1775
f 1776 1777 1827
f 1827 1826 1776
f 1777 1778 1828
f 1828 1827 1777
f 1778 1779 1829
f 1829 1828 1778
f 1779 1780 1830
f 1830 1829 1779
f 1780 1781 1831
f 1831 1830 1780
f 1781 1782 1832
f 1832 1831 1781
f 1782 1783 1833
f 1833 1832 1782
f 1783 1784 1834
f 1834 1833 1783
f 1784 1785 1835
f 1835 1834 1784
f 1785 1786 1836
f 1836 1835 1785
f 1786 1787 1837
f 1837 1836 1786
f 1787 1788 1838
f 1838 1837 1787
f 1788 1789 1839
f 1839 1838 1788
f 1789 1790 1840
f 1840 1839 1789
f 1790 1791 1841
f 1841 1840 1790
f 1791 1792 1842
f 1842 1841 1791
f 1792 1793 1843
f 1843 1842 1792
f 1793 1794 1844
f 1844 1843 1793
f 1794 1795 1845
f 1845 1844 1794
f 1795 1796 1846
f 1846 1845 1795
f 1796 1797 1847
f 1847 1846 1796
f 1797 1798 1848
f 1848 1847 1797
f 1798 1799 1849
f 1849 1848 1798
f 1799 1800 1850
f 1850 1849 1799
f 1801 1802 1852
f 1852 1851 1801
f 1802 1803 1853
f 1853 1852 1802
f 1803 1804 1854
f 1854 1853 1803
f 1804 1805 1855
f 1855 1854 1804
f 1805 1806 1856
f 1856 1855 1805
f 1806 1807 1857
f 1857 1856 1806
f 1807 1808 1858
f 1858 1857 1807
f 1808 1809 1859
f 1859 1858 1808
f 1809 1810 1860
f 1860 1859 1809
f 1810 1811 1861
f 1861 1860 1810
f 1811 1812 1862
f 1862 1861 1811
f 1812 1813 1863
f 1863 1862 1812
f 1813 1814 1864
f 1864 1863 1813
f 1814 1815 1865
f 1865 1864 1814
f 1815 1816 1866
f 1866 1865 1815
f 1816 1817 1867
f 1867 1866 1816
f 1817 1818 1868
f 1868 1867 1817
f 1818 1819 1869
f 1869 1868 1818
f 1819 1820 1870
f 1870 1869 1819
f 1820 1821 1871
f 1871 1870 1820
f 1821 1822 1872
f 1872 1871 1821
f 1822 1823 1873
f 1873 1872 1822
f 1823 1824 1874
f 1874 1873 1823
f 1824 1825 1875
f 1875 1874 1824
f 1825 1826 1876
f 1876 1875 1825
f 1826 1827 1877
f 1877 1876 1826
f 1827 1828 1878
f 1878 1877 1827
f 1828 1829 1879
f 1879 1878 1828
f 1829 1830 1880
f 1880 1879 1829
f 1830 1831 1881
f 1881 1880 1830
f 1831 1832 1882
f 1882 1881 1831
f 1832 1833 1883
f 1883 1882 1832
f 1833 1834 1884
f 1884 1883 1833
f 1834 1835 1885
f 1885 1884 1834
f 1835 1836 1886
f 1886 1885 1835
f 1836 1837 1887
f 1887 1886 1836
f 1837 1838 1888
f 1888 1887 1837
f 1838 1839 1889
f 1889 1888 1838
f 1839 1840 1890
f 1890 1889 1839
f 1840 1841 1891
f 1891 1890 1840
f 1841 1842 1892
f 1892 1891 1841
f 1842 1843 1893
f 1893 1892 1842
f 1843 1844 1894
f 1894 1893 1843
f 1844 1845 1895
f 1895 1894 1844
f 1845 1846 1896
f 1896 1895 1845
f 1846 1847 1897
f 1897 1896 1846
f 1847 1848 1898
f 1898 1897 1847
f 1848 1849 1899
f 1899 1898 1848
f 1849 1850 1900
f 1900 1899 1849
f 1851 1852 1902
f 1902 1901 1851
f 1852 1853 1903
f 1903 1902 1852
f 1853 1854 1904
f 1904 1903 1853
f 1854 1855 1905
f 1905 1904 1854
f 1855 1856 1906
f 1906 1905 1855
f 1856 1857 1907
f 1907 1906 1856
f 1857 1858 1908
f 1908 1907 1857
f 1858 1859 1909
f 1909 1908 1858
f 1859 1860 1910
f 1910 1909 1859
f 1860 1861 1911
f 1911 1910 1860
f 1861 1862 1912
f 1912 1911 1861
f 1862 1863 1913
f 1913 1912 1862
f 1863 1864 1914
f 1914 1913 1863
f 1864 1865 1915
f 1915 1914 1864
f 1865 1866 1916
f 1916 1915 1865
f 1866 1867 1917
f 1917 1916 1866
f 1867 1868 1918
f 1918 1917 1867
f 1868 1869 1919
f 1919 1918 1868
f 1869 1870 1920
f 1920 1919 1869
f 1870 1871 1921
f 1921 1920 1870
f 1871 1872 1922
f 1922 1921 1871
f 1872 1873 1923
f 1923 1922 1872
f 1873 1874 1924
f 1924 1923 1873
f 1874 1875 1925
f 1925 1924 1874
f 1875 1876 1926
f 1926 1925 1875
f 1876 1877 1927
f 1927 1926 1876
f 1877 1878 1928
f 1928 1927 1877
f 1878 1879 1929
f 1929 1928 1878
f 1879 1880 1930
f 1930 1929 1879
f 1880 1881 1931
f 1931 1930 1880
f 1881 1882 1932
f 1932 1931 1881
f 1882 1883 1933
f 1933 1932 1882
f 1883 1884 1934
f 1934 1933 1883
f 1884 1885 1935
f 1935 1934 1884
f 1885 1886 1936
f 1936 1935 1885
f 1886 1887 1937
f 1937 1936 1886
f 1887 1888 1938
f 1938 1937 1887
f 1888 1889 1939
f 1939 1938 1888
f 1889 1890 1940
f 1940 1939 1889
f 1890 1891 1941
f 1941 1940 1890
f 1891 1892 1942
f 1942 1941 1891
f 1892 1893 1943
f 1943 1942 1892
f 1893 1894 1944
f 1944 1943 1893
f 1894 1895 1945
f 1945 1944 1894
f 1895 1896 1946
f 1946 1945 1895
f 1896 1897 1947
f 1947 1946 1896
f 1897 1898 1948
f 1948 1947 1897
f 1898 1899 1949
f 1949 1948 1898
f 1899 1900 1950
f 1950 1949 1899
f 1901 1902 1952
f 1952 1951 1901
f 1902 1903 1953
f 1953 1952 1902
f 1903 1904 1954
f 1954 1953 1903
f 1904 1905 1955
f 1955 1954 1904
f 1905 1906 1956
f 1956 1955 1905
f 1906 1907 1957
f 1957 1956 1906
f 1907 1908 1958
f 1958 1957 1907
f 1908 1909 1959
f 1959 1958 1908
f 1909 1910 1960
f 1960 1959 1909
f 1910 1911 1961
f 1961 1960 1910
f 1911 1912 1962
f 1962 1961 1911
f 1912 1913 1963
f 1963 1962 1912
f 1913 1914 1964
f 1964 1963 1913
f 1914 1915 1965
f 1965 1964 1914
f 1915 1916 1966
f 1966 1965 1915
f 1916 1917 1967
f 1967 1966 1916
f 1917 1918 1968
f 1968 1967 1917
f 1918 1919 1969
f 1969 1968 1918
f 1919 1920 1970
f 1970 1969 1919
f 1920 1921 1971
f 1971 1970 1920
f 1921 1922 1972
f 1972 1971 1921
f 1922 1923 1973
f 1973 1972 1922
f 1923 1924 1974
f 1974 1973 1923
f 1924 1925 1975
f 1975 1974 1924
f 1925 1926 1976
f 1976 1975 1925
f 1926 1927 1977
f 1977 1976 1926
f 1927 1928 1978
f 1978 1977 1927
f 1928 1929 1979
f 1979 1978 1928
f 1929 1930 1980
f 1980 1979 1929
f 1930 1931 1981
f 1981 1980 1930
f 1931 1932 1982
f 1982 1981 1931
f 1932 1933 1983
f 1983 1982 1932
f 1933 1934 1984
f 1984 1983 1933
f 1934 1935 1985
f 1985 1984 1934
f 1935 1936 1986
f 1986 1985 1935
f 1936 1937 1987
f 1987 1986 1936
f 1937 1938 1988
f 1988 1987 1937
f 1938 1939 1989
f 1989 1988 1938
f 1939 1940 1990
f 1990 1989 1939
f 1940 1941 1991
f 1991 1990 1940
f 1941 1942 1992
f 1992 1991 1941
f 1942 1943 1993
f 1993 1992 1942
f 1943 1944 1994
f 1994 1993 1943
f 1944 1945 1995
f 1995 1994 1944
f 1945 1946 1996
f 1996 1995 1945
f 1946 1947 1997
f 1997 1996 1946
f 1947 1948 1998
f 1998 1997 1947
f 1948 1949 1999
f 1999 1998 1948
f 1949 1950 2000
f 2000 1999 1949
f 1951 1952 2002
f 2002 2001 1951
f 1952 1953 2003
f 2003 2002 1952
f 1953 1954 2004
f 2004 2003 1953
f 1954 1955 2005
f 2005 2004 1954
f 1955 1956 2006
f 2006 2005 1955
f 1956 1957 2007
f 2007 2006 1956
f 1957 1958 2008
f 2008 2007 1957
f 1958 1959 2009
f 2009 2008 1958
f 1959 1960 2010
f 2010 2009 1959
f 1960 1961 2011
f 2011 2010 1960
f 1961 1962 2012
f 2012 2011 1961
f 1962 1963 2013
f 2013 2012 1962
f 1963 1964 2014
f 2014 2013 1963
f 1964 1965 2015
f 2015 2014 1964
f 1965 1966 2016
f 2016 2015 1965
f 1966 1967 2017
f 2017 2016 1966
f 1967 1968 2018
f 2018 2017 1967
f 1968 1969 2019
f 2019 2018 1968
f 1969 1970 2020
f 2020 2019 1969
f 1970 1971 2021
f 2021 2020 1970
f 1971 1972 2022
f 2022 2021 1971
f 1972 1973 2023
f 2023 2022 1972
f 1973 1974 2024
f 2024 2023 1973
f 1974 1975 2025
f 2025 2024 1974
f 1975 1976 2026
f 2026 2025 1975
f 1976 1977 2027
f 2027 2026 1976
f 1977 1978 2028
f 2028 2027 1977
f 1978 1979 2029
f 2029 2028 1978
f 1979 1980 2030
f 2030 2029 1979
f 1980 1981 2031
f 2031 2030 1980
f 1981 1982 2032
f 2032 2031 1981
f 1982 1983 2033
f 2033 2032 1982
f 1983 1984 2034
f 2034 2033 1983
f 1984 1985 2035
f 2035 2034 1984
f 1985 1986 2036
f 2036 2035 1985
f 1986 1987 2037
f 2037 2036 1986
f 1987 1988 2038
f 2038 2037 1987
f 1988 1989 2039
f 2039 2038 1988
f 1989 1990 2040
f 2040 2039 1989
f 1990 1991 2041
f 2041 2040 1990
f 1991 1992 2042
f 2042 2041 1991
f 1992 1993 2043
f 2043 2042 1992
f 1993 1994 2044
f 2044 2043 1993
f 1994 1995 2045
f 2045 2044 1994
f 1995 1996 2046
f 2046 2045 1995
f 1996 1997 2047
f 2047 2046 1996
f 1997 1998 2048
f 2048 2047 1997
f 1998 1999 2049
f 2049 2048 1998
f 1999 2000 2050
f 2050 2049 1999
f 2001 2002 2052
f 2052 2051 2001
f 2002 2003 2053
f 2053 2052 2002
f 2003 2004 2054
f 2054 2053 2003
f 2004 2005 2055
f 2055 2054 2004
f 2005 2006 2056
f 2056 2055 2005
f 2006 2007 2057
f 2057 2056 2006
f 2007 2008 2058
f 2058 2057 2007
f 2008 2009 2059
f 2059 2058 2008
f 2009 2010 2060
f 2060 2059 2009
f 2010 2011 2061
f 2061 2060 2010
f 2011 2012 2062
f 2062 2061 2011
f 2012 2013 2063
f 2063 2062 2012
f 2013 2014 2064
f 2064 2063 2013
f 2014 2015 2065
f 2065 2064 2014
f 2015 2016 2066
f 2066 2065 2015
f 2016 2017 2067
f 2067 2066 2016
f 2017 2018 2068
f 2068 2067 2017
f 2018 2019 2069
f 2069 2068 2018
f 2019 2020 2070
f 2070 2069 2019
f 2020 2021 2071
f 2071 2070 2020
f 2021 2022 2072
f 2072 2071 2021
f 2022 2023 2073
f 2073 2072 2022
f 2023 2024 2074
f 2074 2073 2023
f 2024 2025 2075
f 2075 2074 2024
f 2025 2026 2076
f 2076 2075 2025
f 2026 2027 2077
f 2077 2076 2026
f 2027 2028 2078
f 2078 2077 2027
f 2028 2029 2079
f 2079 2078 2028
f 2029 2030 2080
f 2080 2079 2029
f 2030 2031 2081
f 2081 2080 2030
f 2031 2032 2082
f 2082 2081 2031
f 2032 2033 2083
f 2083 2082 2032
f 2033 2034 2084
f 2084 2083 2033
f 2034 2035 2085
f 2085 2084 2034
f 2035 2036 2086
f 2086 2085 2035
f 2036 2037 2087
f 2087 2086 2036
f 2037 2038 2088
f 2088 2087 2037
f 2038 2039 2089
f 2089 2088 2038
f 2039 2040 2090
f 2090 2089 2039
f 2040 2041 2091
f 2091 2090 2040
f 2041 2042 2092
f 2092 2091 2041
f 2042 2043 2093
f 2093 2092 2042
f 2043 2044 2094
f 2094 2093 2043
f 2044 2045 2095
f 2095 2094 2044
f 2045 2046 2096
f 2096 2095 2045
f 2046 2047 2097
f 2097 2096 2046
f 2047 2048 2098
f 2098 2097 2047
f 2048 2049 2099
f 2099 2098 2048
f 2049 2050 2100
f 2100 2099 2049
f 2051 2052 2102
f 2102 2101 2051
f 2052 2053 2103
f 2103 2102 2052
f 2053 2054 2104
f 2104 2103 2053
f 2054 2055 2105
f 2105 2104 2054
f 2055 2056 2106
f 2106 2105 2055
f 2056 2057 2107
f 2107 2106 2056
f 2057 2058 2108
f 2108 2107 2057
f 2058 2059 2109
f 2109 2108 2058
f 2059 2060 2110
f 2110 2109 2059
f 2060 2061 2111
f 2111 2110 2060
f 2061 2062 2112
f 2112 2111 2061
f 2062 2063 2113
f 2113 2112 2062
f 2063 2064 2114
f 2114 2113 2063
f 2064 2065 2115
f 2115 2114 2064
f 2065 2066 2116
f 2116 2115 2065
f 2066 2067 2117
f 2117 2116 2066
f 2067 2068 2118
f 2118 2117 2067
f 2068 2069 2119
f 2119 2118 2068
f 2069 2070 2120
f 2120 2119 2069
f 2070 2071 2121
f 2121 2120 2070
f 2071 2072 2122
f 2122 2121 2071
f 2072 2073 2123
f 2123 2122 2072
f 2073 2074 2124
f 2124 2123 2073
f 2074 2075 2125
f 2125 2124 2074
f 2075 2076 2126
f 2126 2125 2075
f 2076 2077 2127
f 2127 2126 2076
f 2077 2078 2128
f 2128 2127 2077
f 2078 2079 2129
f 2129 2128 2078
f 2079 2080 2130
f 2130 2129 2079
f 2080 2081 2131
f 2131 2130 2080
f 2081 2082 2132
f 2132 2131 2081
f 2082 2083 2133
f 2133 2132 2082
f 2083 2084 2134
f 2134 2133 2083
f 2084 2085 2135
f 2135 2134 2084
f 2085 2086 2136
f 2136 2135 2085
f 2086 2087 2137
f 2137 2136 2086
f 2087 2088 2138
f 2138 2137 2087
f 2088 2089 2139
f 2139 2138 2088
f 2089 2090 2140
f 2140 2139 2089
f 2090 2091 2141
f 2141 2140 2090
f 2091 2092 2142
f 2142 2141 2091
f 2092 2093 2143
f 2143 2142 2092
f 2093 2094 2144
f 2144 2143 2093
f 2094 2095 2145
f 2145 2144 2094
f 2095 2096 2146
f 2146 2145 2095
f 2096 2097 2147
f 2147 2146 2096
f 2097 2098 2148
f 2148 2147 2097
f 2098 2099 2149
f 2149 2148 2098
f 2099 2100 2150
f 2150 2149 2099
f 2101 2102 2152
f 2152 2151 2101
f 2102 2103 2153
f 2153 2152 2102
f 2103 2104 2154
f 2154 2153 2103
f 2104 2105 2155
f 2155 2154 2104
f 2105 2106 2156
f 2156 2155 2105
f 2106 2107 2157
f 2157 2156 2106
f 2107 2108 2158
f 2158 2157 2107
f 2108 2109 2159
f 2159 2158 2108
f 2109 2110 2160
f 2160 2159 2109
f 2110 2111 2161
f 2161 2160 2110
f 2111 2112 2162
f 2162 2161 2111
f 2112 2113 2163
f 2163 2162 2112
f 2113 2114 2164
f 2164 2163 2113
f 2114 2115 2165
f 2165 2164 2114
f 2115 2116 2166
f 2166 2165 2115
f 2116 2117 2167
f 2167 2166 2116
f 2117 2118 2168
f 2168 2167 2117
f 2118 2119 2169
f 2169 2168 2118
f 2119 2120 2170
f 2170 2169 2119
f 2120 2121 2171
f 2171 2170 2120
f 2121 2122 2172
f 2172 2171 2121
f 2122 2123 2173
f 2173 2172 2122
f 2123 2124 2174
f 2174 2173 2123
f 2124 2125 2175
f 2175 2174 2124
f 2125 2126 2176
f 2176 2175 2125
f 2126 2127 2177
f 2177 2176 2126
f 2127 2128 2178
f 2178 2177 2127
f 2128 2129 2179
f 2179 2178 2128
f 2129 2130 2180
f 2180 2179 2129
f 2130 2131 2181
f 2181 2180 2130
f 2131 2132 2182
f 2182 2181 2131
f 2132 2133 2183
f 2183 2182 2132
f 2133 2134 2184
f 2184 2183 2133
f 2134 2135 2185
f 2185 2184 2134
f 2135 2136 2186
f 2186 2185 2135
f 2136 2137 2187
f 2187 2186 2136
f 2137 2138 2188
f 2188 2187 2137
f 2138 2139 2189
f 2189 2188 2138
f 2139 2140 2190
f 2190 2189 2139
f 2140 2141 2191
f 2191 2190 2140
f 2141 2142 2192
f 2192 2191 2141
f 2142 2143 2193
f 2193 2192 2142
f 2143 2144 2194
f 2194 2193 2143
f 2144 2145 2195
f 2195 2194 2144
f 2145 2146 2196
f 2196 2195 2145
f 2146 2147 2197
f 2197 2196 2146
f 2147 2148 2198
f 2198 2197 2147
f 2148 2149 2199
f 2199 2198 2148
f 2149 2150 2200
f 2200 2199 2149
f 2151 2152 2202
f 2202 2201 2151
f 2152 2153 2203
f 2203 2202 2152
f 2153 2154 2204
f 2204 2203 2153
f 2154 2155 2205
f 2205 2204 2154
f 2155 2156 2206
f 2206 2205 2155
f 2156 2157 2207
f 2207 2206 2156
f 2157 2158 2208
f 2208 2207 2157
f 2158 2159 2209
f 2209 2208 2158
f 2159 2160 2210
f 2210 2209 2159
f 2160 2161 2211
f 2211 2210 2160
f 2161 2162 2212
f 2212 2211 2161
f 2162 2163 2213
f 2213 2212 2162
f 2163 2164 2214
f 2214 2213 2163
f 2164 2165 2215
f 2215 2214 2164
f 2165 2166 2216
f 2216 2215 2165
f 2166 2167 2217
f 2217 2216 2166
f 2167 2168 2218
f 2218 2217 2167
f 2168 2169 2219
f 2219 2218 2168
f 2169 2170 2220
f 2220 2219 2169
f 2170 2171 2221
f 2221 2220 2170
f 2171 2172 2222
f 2222 2221 2171
f 2172 2173 2223
f 2223 2222 2172
f 2173 2174 2224
f 2224 2223 2173
f 2174 2175 2225
f 2225 2224 2174
f 2175 2176 2226
f 2226 2225 2175
f 2176 2177 2227
f 2227 2226 2176
f 2177 2178 2228
f 2228 2227 2177
f 2178 2179 2229
f 2229 2228 2178
f 2179 2180 2230
f 2230 2229 2179
f 2180 2181 2231
f 2231 2230 2180
f 2181 2182 2232
f 2232 2231 2181
f 2182 2183 2233
f 2233 2232 2182
f 2183 2184 2234
f 2234 2233 2183
f 2184 2185 2235
f 2235 2234 2184
f 2185 2186 2236
f 2236 2235 2185
f 2186 2187 2237
f 2237 2236 2186
f 2187 2188 2238
f 2238 2237 2187
f 2188 2189 2239
f 2239 2238 2188
f 2189 2190 2240
f 2240 2239 2189
f 2190 2191 2241
f 2241 2240 2190
f 2191 2192 2242
f 2242 2241 2191
f 2192 2193 2243
f 2243 2242 2192
f 2193 2194 2244
f 2244 2243 2193
f 2194 2195 2245
f 2245 2244 2194
f 2195 2196 2246
f 2246 2245 2195
f 2196 2197 2247
f 2247 2246 2196
f 2197 2198 2248
f 2248 2247 2197
f 2198 2199 2249
f 2249 2248 2198
f 2199 2200 2250
f 2250 2249 2199
f 2201 2202 2252
f 2252 2251 2201
f 2202 2203 2253
f 2253 2252 2202
f 2203 2204 2254
f 2254 2253 2203
f 2204 2205 2255
f 2255 2254 2204
f 2205 2206 2256
f 2256 2255 2205
f 2206 2207 2257
f 2257 2256 2206
f 2207 2208 2258
f 2258 2257 2207
f 2208 2209 2259
f 2259 2258 2208
f 2209 2210 2260
f 2260 2259 2209
f 2210 2211 2261
f 2261 2260 2210
f 2211 2212 2262
f 2262 2261 2211
f 2212 2213 2263
f 2263 2262 2212
f 2213 2214 2264
f 2264 2263 2213
f 2214 2215 2265
f 2265 2264 2214
f 2215 2216 2266
f 2266 2265 2215
f 2216 2217 2267
f 2267 2266 2216
f 2217 2218 2268
f 2268 2267 2217
f 2218 2219 2269
f 2269 2268 2218
f 2219 2220 2270
f 2270 2269 2219
f 2220 2221 2271
f 2271 2270 2220
f 2221 2222 2272
f 2272 2271 2221
f 2222 2223 2273
f 2273 2272 2222
f 2223 2224 2274
f 2274 2273 2223
f 2224 2225 2275
f 2275 2274 2224
f 2225 2226 2276
f 2276 2275 2225
f 2226 2227 2277
f 2277 2276 2226
f 2227 2228 2278
f 2278 2277 2227
f 2228 2229 2279
f 2279 2278 2228
f 2229 2230 2280
f 2280 2279 2229
f 2230 2231 2281
f 2281 2280 2230
f 2231 2232 2282
f 2282 2281 2231
f 2232 2233 2283
f 2283 2282 2232
f 2233 2234 2284
f 2284 2283 2233
f 2234 2235 2285
f 2285 2284 2234
f 2235 2236 2286
f 2286 2285 2235
f 2236 2237 2287
f 2287 2286 2236
f 2237 2238 2288
f 2288 2287 2237
f 2238 2239 2289
f 2289 2288 2238
f 2239 2240 2290
f 2290 2289 2239
f 2240 2241 2291
f 2291 2290 2240
f 2241 2242 2292
f 2292 2291 2241
f 2242 2243 2293
f 2293 2292 2242
f 2243 2244 2294
f 2294 2293 2243
f 2244 2245 2295
f 2295 2294 2244
f 2245 2246 2296
f 2296 2295 2245
f 2246 2247 2297
f 2297 2296 2246
f 2247 2248 2298
f 2298 2297 2247
f 2248 2249 2299
f 2299 2298 2248
f 2249 2250 2300
f 2300 2299 2249
f 2251 2252 2302
f 2302 2301 2251
f 2252 2253 2303
f 2303 2302 2252
f 2253 2254 2304
f 2304 2303 2253
f 2254 2255 2305
f 2305 2304 2254
f 2255 2256 2306
f 2306 2305 2255
f 2256 2257 2307
f 2307 2306 2256
f 2257 2258 2308
f 2308 2307 2257
f 2258 2259 2309
f 2309 2308 2258
f 2259 2260 2310
f 2310 2309 2259
f 2260 2261 2311
f 2311 2310 2260
f 2261 2262 2312
f 2312 2311 2261
f 2262 2263 2313
f 2313 2312 2262
f 2263 2264 2314
f 2314 2313 2263
f 2264 2265 2315
f 2315 2314 2264
f 2265 2266 2316
f 2316 2315 2265
f 2266 2267 2317
f 2317 2316 2266
f 2267 2268 2318
f 2318 2317 2267
f 2268 2269 2319
f 2319 2318 2268
f 2269 2270 2320
f 2320 2319 2269
f 2270 2271 2321
f 2321 2320 2270
f 2271 2272 2322
f 2322 2321 2271
f 2272 2273 2323
f 2323 2322 2272
f 2273 2274 2324
f 2324 2323 2273
f 2274 2275 2325
f 2325 2324 2274
f 2275 2276 2326
f 2326 2325 2275
f 2276 2277 2327
f 2327 2326 2276
f 2277 2278 2328
f 2328 2327 2277
f 2278 2279 2329
f 2329 2328 2278
f 2279 2280 2330
f 2330 2329 2279
f 2280 2281 2331
f 2331 2330 2280
f 2281 2282 2332
f 2332 2331 2281
f 2282 2283 2333
f 2333 2332 2282
f 2283 2284 2334
f 2334 2333 2283
f 2284 2285 2335
f 2335 2334 2284
f 2285 2286 2336
f 2336 2335 2285
f 2286 2287 2337
f 2337 2336 2286
f 2287 2288 2338
f 2338 2337 2287
f 2288 2289 2339
f 2339 2338 2288
f 2289 2290 2340
f 2340 2339 2289
f 2290 2291 2341
f 2341 2340 2290
f 2291 2292 2342
f 2342 2341 2291
f 2292 2293 2343
f 2343 2342 2292
f 2293 2294 2344
f 2344 2343 2293
f 2294 2295 2345
f 2345 2344 2294
f 2295 2296 2346
f 2346 2345 2295
f 2296 2297 2347
f 2347 2346 2296
f 2297 2298 2348
f 2348 2347 2297
f 2298 2299 2349
f 2349 2348 2298
f 2299 2300 2350
f 2350 2349 2299
f 2301 2302 2352
f 2352 2351 2301
f 2302 2303 2353
f 2353 2352 2302
f 2303 2304 2354
f 2354 2353 2303
f 2304 2305 2355
f 2355 2354 2304
f 2305 2306 2356
f 2356 2355 2305
f 2306 2307 2357
f 2357 2356 2306
f 2307 2308 2358
f 2358 2357 2307
f 2308 2309 2359
f 2359 2358 2308
f 2309 2310 2360
f 2360 2359 2309
f 2310 2311 2361
f 2361 2360 2310
f 2311 2312 2362
f 2362 2361 2311
f 2312 2313 2363
f 2363 2362 2312
f 2313 2314 2364
f 2364 2363 2313
f 2314 2315 2365
f 2365 2364 2314
f 2315 2316 2366
f 2366 2365 2315
f 2316 2317 2367
f 2367 2366 2316
f 2317 2318 2368
f 2368 2367 2317
f 2318 2319 2369
f 2369 2368 2318
f 2319 2320 2370
f 2370 2369 2319
f 2320 2321 2371
f 2371 2370 2320
f 2321 2322 2372
f 2372 2371 2321
f 2322 2323 2373
f 2373 2372 2322
f 2323 2324 2374
f 2374 2373 2323
f 2324 2325 2375
f 2375 2374 2324
f 2325 2326 2376
f 2376 2375 2325
f 2326 2327 2377
f 2377 2376 2326
f 2327 2328 2378
f 2378 2377 2327
f 2328 2329 2379
f 2379 2378 2328
f 2329 2330 2380
f 2380 2379 2329
f 2330 2331 2381
f 2381 2380 2330
f 2331 2332 2382
f 2382 2381 2331
f 2332 2333 2383
f 2383 2382 2332
f 2333 2334 2384
f 2384 2383 2333
f 2334 2335 2385
f 2385 2384 2334
f 2335 2336 2386
f 2386 2385 2335
f 2336 2337 2387
f 2387 2386 2336
f 2337 2338 2388
f 2388 2387 2337
f 2338 2339 2389
f 2389 2388 2338
f 2339 2340 2390
f 2390 2389 2339
f 2340 2341 2391
f 2391 2390 2340
f 2341 2342 2392
f 2392 2391 2341
f 2342 2343 2393
f 2393 2392 2342
f 2343 2344 2394
f 2394 2393 2343
f 2344 2345 2395
f 2395 2394 2344
f 2345 2346 2396
f 2396 2395 2345
f 2346 2347 2397
f 2397 2396 2346
f 2347 2348 2398
f 2398 2397 2347
f 2348 2349 2399
f 2399 2398 2348
f 2349 2350 2400
f 2400 2399 2349
f 2351 2352 2402
f 2402 2401 2351
f 2352 2353 2403
f 2403 2402 2352
f 2353 2354 2404
f 2404 2403 2353
f 2354 2355 2405
f 2405 2404 2354
f 2355 2356 2406
f 2406 2405 2355
f 2356 2357 2407
f 2407 2406 2356
f 2357 2358 2408
f 2408 2407 2357
f 2358 2359 2409
f 2409 2408 2358
f 2359 2360 2410
f 2410 2409 2359
f 2360 2361 2411
f 2411 2410 2360
f 2361 2362 2412
f 2412 2411 2361
f 2362 2363 2413
f 2413 2412 2362
f 2363 2364 2414
f 2414 2413 2363
f 2364 2365 2415
f 2415 2414 2364
f 2365 2366 2416
f 2416 2415 2365
f 2366 2367 2417
f 2417 2416 2366
f 2367 2368 2418
f 2418 2417 2367
f 2368 2369 2419
f 2419 2418 2368
f 2369 2370 2420
f 2420 2419 2369
f 2370 2371 2421
f 2421 2420 2370
f 2371 2372 2422
f 2422 2421 2371
f 2372 2373 2423
f 2423 2422 2372
f 2373 2374 2424
f 2424 2423 2373
f 2374 2375 2425
f 2425 2424 2374
f 2375 2376 2426
f 2426 2425 2375
f 2376 2377 2427
f 2427 2426 2376
f 2377 2378 2428
f 2428 2427 2377
f 2378 2379 2429
f 2429 2428 2378
f 2379 2380 2430
f 2430 2429 2379
f 2380 2381 2431
f 2431 2430 2380
f 2381 2382 2432
f 2432 2431 2381
f 2382 2383 2433
f 2433 2432 2382
f 2383 2384 2434
f 2434 2433 2383
f 2384 2385 2435
f 2435 2434 2384
f 2385 2386 2436
f 2436 2435 2385
f 2386 2387 2437
f 2437 2436 2386
f 2387 2388 2438
f 2438 2437 2387
f 2388 2389 2439
f 2439 2438 2388
f 2389 2390 2440
f 2440 2439 2389
f 2390 2391 2441
f 2441 2440 2390
f 2391 2392 2442
f 2442 2441 2391
f 2392 2393 2443
f 2443 2442 2392
f 2393 2394 2444
f 2444 2443 2393
f 2394 2395 2445
f 2445 2444 2394
f 2395 2396 2446
f 2446 2445 2395
f 2396 2397 2447
f 2447 2446 2396
f 2397 2398 2448
f 2448 2447 2397
f 2398 2399 2449
f 2449 2448 2398
f 2399 2400 2450
f 2450 2449 2399
f 2401 2402 2452
f 2452 2451 2401
f 2402 2403 2453
f 2453 2452 2402
f 2403 2404 2454
f 2454 2453 2403
f 2404 2405 2455
f 2455 2454 2404
f 2405 2406 2456
f 2456 2455 2405
f 2406 2407 2457
f 2457 2456 2406
f 2407 2408 2458
f 2458 2457 2407
f 2408 2409 2459
f 2459 2458 2408
f 2409 2410 2460
f 2460 2459 2409
f 2410 2411 2461
f 2461 2460 2410
f 2411 2412 2462
f 2462 2461 2411
f 2412 2413 2463
f 2463 2462 2412
f 2413 2414 2464
f 2464 2463 2413
f 2414 2415 2465
f 2465 2464 2414
f 2415 2416 2466
f 2466 2465 2415
f 2416 2417 2467
f 2467 2466 2416
f 2417 2418 2468
f 2468 2467 2417
f 2418 2419 2469
f 2469 2468 2418
f 2419 2420 2470
f 2470 2469 2419
f 2420 2421 2471
f 2471 2470 2420
f 2421 2422 2472
f 2472 2471 2421
f 2422 2423 2473
f 2473 2472 2422
f 2423 2424 2474
f 2474 2473 2423
f 2424 2425 2475
f 2475 2474 2424
f 2425 2426 2476
f 2476 2475 2425
f 2426 2427 2477
f 2477 2476 2426
f 2427 2428 2478
f 2478 2477 2427
f 2428 2429 2479
f 2479 2478 2428
f 2429 2430 2480
f 2480 2479 2429
f 2430 2431 2481
f 2481 2480 2430
f 2431 2432 2482
f 2482 2481 2431
f 2432 2433 2483
f 2483 2482 2432
f 2433 2434 2484
f 2484 2483 2433
f 2434 2435 2485
f 2485 2484 2434
f 2435 2436 2486
f 2486 2485 2435
f 2436 2437 2487
f 2487 2486 2436
f 2437 2438 2488
f 2488 2487 2437
f 2438 2439 2489
f 2489 2488 2438
f 2439 2440 2490
f 2490 2489 2439
f 2440 2441 2491
f 2491 2490 2440
f 2441 2442 2492
f 2492 2491 2441
f 2442 2443 2493
f 2493 2492 2442
f 2443 2444 2494
f 2494 2493 2443
f 2444 2445 2495
f 2495 2494 2444
f 2445 2446 2496
f 2496 2495 2445
f 2446 2447 2497
f 2497 2496 2446
f 2447 2448 2498
f 2498 2497 2447
f 2448 2449 2499
f 2499 2498 2448
f 2449 2450 2500
f 2500 2499 2449
