# Roads mesh for tecate_core_z14_x2882_y6622
v -3972.863 -85.567 -813.085
v -3971.987 -85.350 -805.133
v -3940.105 -84.163 -808.647
v -3940.981 -84.274 -816.599
f 1 2 3
f 3 4 1
v -3940.912 -84.268 -816.606
v -3940.174 -84.169 -808.640
v -3877.378 -78.141 -814.466
v -3878.117 -78.178 -822.432
f 5 6 7
f 7 8 5
v -3878.137 -78.181 -822.430
v -3877.359 -78.138 -814.468
v -3695.663 -68.149 -832.222
v -3696.441 -68.244 -840.184
f 9 10 11
f 11 12 9
v -3696.420 -68.245 -840.186
v -3695.684 -68.148 -832.220
v -3568.045 -81.566 -844.016
v -3568.781 -81.212 -851.982
f 13 14 15
f 15 16 13
v -3568.800 -81.211 -851.980
v -3568.026 -81.567 -844.018
v -3468.150 -85.829 -853.727
v -3468.924 -85.427 -861.689
f 17 18 19
f 19 20 17
v -3468.954 -85.427 -861.686
v -3468.120 -85.829 -853.730
v -3408.999 -83.960 -859.925
v -3409.832 -83.839 -867.882
f 21 22 23
f 23 24 21
v -3409.698 -83.835 -867.893
v -3409.133 -83.965 -859.913
v -3344.790 -81.172 -864.471
v -3345.355 -81.415 -872.451
f 25 26 27
f 27 28 25
v -3942.577 -80.860 -890.790
v -3950.553 -81.184 -890.173
v -3944.531 -84.562 -812.315
v -3936.555 -83.957 -812.932
f 29 30 31
f 31 32 29
v -3974.068 -81.810 -891.687
v -3973.253 -82.471 -883.728
v -3946.158 -81.353 -886.502
v -3946.973 -80.706 -894.461
f 33 34 35
f 35 36 33
v -3946.905 -80.704 -894.467
v -3946.225 -81.356 -886.496
v -3884.120 -77.329 -891.793
v -3884.800 -77.079 -899.764
f 37 38 39
f 39 40 37
v -3884.840 -77.081 -899.761
v -3884.081 -77.326 -891.797
v -3783.904 -72.016 -901.348
v -3784.663 -72.658 -909.311
f 41 42 43
f 43 44 41
v -3784.702 -72.659 -909.308
v -3783.866 -72.015 -901.351
v -3701.456 -72.624 -910.017
v -3702.292 -73.351 -917.973
f 45 46 47
f 47 48 45
v -3702.219 -73.353 -917.980
v -3701.529 -72.622 -910.010
v -3624.050 -75.612 -916.721
v -3624.741 -75.648 -924.691
f 49 50 51
f 51 52 49
v -3624.764 -75.647 -924.689
v -3624.027 -75.613 -916.723
v -3574.012 -77.426 -921.346
v -3574.748 -76.932 -929.312
f 53 54 55
f 55 56 53
v -3574.797 -76.931 -929.307
v -3573.963 -77.427 -921.351
v -3477.070 -79.656 -931.509
v -3477.904 -78.860 -939.466
f 57 58 59
f 59 60 57
v -3477.945 -78.859 -939.461
v -3477.029 -79.657 -931.514
v -3414.924 -81.462 -938.674
v -3415.840 -81.102 -946.621
f 61 62 63
f 63 64 61
v -3415.836 -81.102 -946.622
v -3414.928 -81.462 -938.673
v -3350.886 -84.629 -945.992
v -3351.794 -84.925 -953.940
f 65 66 67
f 67 68 65
v -3351.584 -84.939 -953.958
v -3351.096 -84.617 -945.973
v -3308.327 -86.925 -948.589
v -3308.815 -87.585 -956.574
f 69 70 71
f 71 72 69
v -3308.979 -87.576 -956.560
v -3308.164 -86.934 -948.602
v -3287.781 -88.045 -950.689
v -3288.596 -88.785 -958.648
f 73 74 75
f 75 76 73
v -3289.177 -88.745 -958.544
v -3287.200 -88.082 -950.792
v -3270.257 -89.091 -955.112
v -3272.234 -89.810 -962.864
f 77 78 79
f 79 80 77
v -3880.475 -76.940 -896.125
v -3888.445 -77.473 -895.433
v -3881.733 -78.621 -818.103
v -3873.763 -77.699 -818.795
f 81 82 83
f 83 84 81
v -3873.758 -77.699 -818.737
v -3881.737 -78.621 -818.160
v -3877.251 -77.339 -756.193
v -3869.272 -76.663 -756.771
f 85 86 87
f 87 88 85
v -3869.270 -76.662 -756.738
v -3877.253 -77.340 -756.225
v -3873.368 -75.401 -695.765
v -3865.385 -75.301 -696.278
f 89 90 91
f 91 92 89
v -3865.393 -75.303 -696.388
v -3873.360 -75.398 -695.654
v -3865.300 -74.064 -608.167
v -3857.334 -74.686 -608.901
f 93 94 95
f 95 96 93
v -3857.333 -74.686 -608.894
v -3865.301 -74.064 -608.174
v -3860.380 -74.449 -553.685
v -3852.413 -75.110 -554.405
f 97 98 99
f 99 100 97
v -3852.404 -75.110 -554.287
v -3860.389 -74.447 -553.802
v -3857.629 -74.913 -508.349
v -3849.643 -75.271 -508.834
f 101 102 103
f 103 104 101
v -3849.645 -75.271 -508.859
v -3857.627 -74.914 -508.324
v -3856.580 -75.064 -492.723
v -3848.598 -75.259 -493.259
f 105 106 107
f 107 108 105
v -3848.596 -75.259 -493.222
v -3856.583 -75.063 -492.760
v -3854.412 -75.264 -455.285
v -3846.425 -75.051 -455.747
f 109 110 111
f 111 112 109
v -3846.435 -75.053 -455.875
v -3854.403 -75.264 -455.157
v -3848.937 -74.936 -394.447
v -3840.969 -74.170 -395.165
f 113 114 115
f 115 116 113
v -3059.544 -98.253 -841.436
v -3060.178 -97.853 -849.410
v -3136.532 -91.988 -843.334
v -3135.898 -92.111 -835.359
f 117 118 119
f 119 120 117
v -3135.919 -92.108 -835.357
v -3136.511 -91.990 -843.336
v -3196.902 -84.905 -838.857
v -3196.310 -84.911 -830.879
f 121 122 123
f 123 124 121
v -3196.229 -84.921 -830.886
v -3196.983 -84.895 -838.851
v -3258.565 -80.023 -833.025
v -3257.811 -79.932 -825.061
f 125 126 127
f 127 128 125
v -3257.322 -79.954 -825.138
v -3259.054 -80.001 -832.948
v -3275.918 -79.223 -829.210
v -3274.187 -79.172 -821.399
f 129 130 131
f 131 132 129
v -3273.973 -79.182 -821.453
v -3276.133 -79.213 -829.156
v -3292.107 -78.985 -824.678
v -3289.947 -78.843 -816.975
f 133 134 135
f 135 136 133
v -3289.852 -78.842 -817.003
v -3292.203 -78.986 -824.650
v -3315.491 -79.145 -817.490
v -3313.140 -79.122 -809.843
f 137 138 139
f 139 140 137
v -3313.090 -79.121 -809.859
v -3315.541 -79.146 -817.474
v -3341.066 -80.181 -809.258
v -3338.615 -80.171 -801.643
f 141 142 143
f 143 144 141
v -3339.511 -80.220 -801.464
v -3340.171 -80.131 -809.437
v -3419.453 -84.931 -802.871
v -3418.792 -84.817 -794.899
f 145 146 147
f 147 148 145
v -3418.803 -84.818 -794.898
v -3419.442 -84.930 -802.872
v -3492.145 -86.599 -797.047
v -3491.506 -86.428 -789.072
f 149 150 151
f 151 152 149
v -3491.525 -86.427 -789.071
v -3492.126 -86.600 -797.048
v -3563.482 -82.010 -791.672
v -3562.881 -81.929 -783.694
f 153 154 155
f 155 156 153
v -3562.654 -81.949 -783.718
v -3563.708 -81.990 -791.648
v -3626.559 -74.990 -783.300
v -3625.505 -75.151 -775.369
f 157 158 159
f 159 160 157
v -3625.692 -75.132 -775.349
v -3626.372 -75.010 -783.320
v -3685.939 -69.525 -778.234
v -3685.259 -69.976 -770.263
f 161 162 163
f 163 164 161
v -3685.167 -69.982 -770.272
v -3686.031 -69.518 -778.225
v -3747.847 -68.273 -771.515
v -3746.983 -68.749 -763.562
f 165 166 167
f 167 168 165
v -3747.104 -68.752 -763.550
v -3747.725 -68.269 -771.526
v -3811.022 -71.562 -766.599
v -3810.401 -71.787 -758.623
f 169 170 171
f 171 172 169
v -3810.321 -71.782 -758.630
v -3811.101 -71.568 -766.592
v -3873.652 -77.107 -760.463
v -3872.871 -76.899 -752.501
f 173 174 175
f 175 176 173
v -3872.715 -76.887 -752.519
v -3873.808 -77.121 -760.444
v -3936.737 -81.495 -751.766
v -3935.644 -80.770 -743.841
f 177 178 179
f 179 180 177
v -3935.811 -80.778 -743.821
v -3936.570 -81.486 -751.785
v -3961.817 -82.309 -749.381
v -3961.058 -81.571 -741.417
f 181 182 183
f 183 184 181
v -3932.213 -80.922 -748.225
v -3940.168 -81.337 -747.381
v -3934.101 -75.947 -690.131
v -3926.146 -75.887 -690.974
f 185 186 187
f 187 188 185
v -3926.143 -75.885 -690.945
v -3934.104 -75.950 -690.160
v -3927.670 -71.167 -624.931
v -3919.709 -71.413 -625.716
f 189 190 191
f 191 192 189
v -3919.717 -71.415 -625.798
v -3927.661 -71.164 -624.849
v -3925.602 -70.591 -607.611
v -3917.658 -70.890 -608.559
f 193 194 195
f 195 196 193
v -3917.641 -70.884 -608.381
v -3925.619 -70.597 -607.789
v -3917.559 -73.869 -499.115
v -3909.581 -73.850 -499.707
f 197 198 199
f 199 200 197
v -3869.017 -75.254 -692.037
v -3869.736 -75.455 -700.005
v -3901.061 -75.875 -697.178
v -3900.342 -75.355 -689.210
f 201 202 203
f 203 204 201
v -3900.344 -75.355 -689.210
v -3901.059 -75.875 -697.178
v -3930.481 -76.281 -694.536
v -3929.766 -75.572 -686.568
f 205 206 207
f 207 208 205
v -3921.257 -70.893 -612.068
v -3922.003 -70.588 -604.102
v -3888.562 -72.223 -600.972
v -3887.817 -72.443 -608.937
f 209 210 211
f 211 212 209
v -3888.718 -72.377 -608.919
v -3887.661 -72.293 -600.989
v -3860.789 -74.373 -604.569
v -3861.845 -74.341 -612.499
f 213 214 215
f 215 216 213
v -3861.926 -74.335 -612.488
v -3860.708 -74.379 -604.581
v -3798.603 -79.153 -614.144
v -3799.821 -78.850 -622.051
f 217 218 219
f 219 220 217
v -3799.965 -78.842 -622.026
v -3798.458 -79.162 -614.169
v -3768.157 -80.542 -619.982
v -3769.664 -80.190 -627.838
f 221 222 223
f 223 224 221
v -3769.617 -80.191 -627.847
v -3768.204 -80.541 -619.973
v -3736.556 -81.127 -625.653
v -3737.969 -80.622 -633.527
f 225 226 227
f 227 228 225
v -3737.907 -80.623 -633.538
v -3736.617 -81.129 -625.642
v -3676.305 -79.037 -635.497
v -3677.595 -78.659 -643.392
f 229 230 231
f 231 232 229
v -3677.619 -78.660 -643.388
v -3676.280 -79.036 -635.501
v -3612.972 -75.608 -646.254
v -3614.312 -75.708 -654.141
f 233 234 235
f 235 236 233
v -3614.249 -75.705 -654.151
v -3613.035 -75.611 -646.243
v -3549.884 -74.196 -655.939
v -3551.098 -74.736 -663.847
f 237 238 239
f 239 240 237
v -3550.906 -74.738 -663.871
v -3550.075 -74.196 -655.915
v -3431.398 -79.551 -668.305
v -3432.228 -79.946 -676.262
f 241 242 243
f 243 244 241
v -3432.167 -79.950 -676.268
v -3431.459 -79.547 -668.299
v -3327.253 -86.705 -677.559
v -3327.961 -86.089 -685.528
f 245 246 247
f 247 248 245
v -3328.498 -86.067 -685.443
v -3326.715 -86.733 -677.644
v -3244.450 -88.253 -696.455
v -3246.233 -87.402 -704.253
f 249 250 251
f 251 252 249
v -3245.781 -87.410 -704.330
v -3244.902 -88.246 -696.378
v -3181.461 -89.627 -703.392
v -3182.340 -89.260 -711.344
f 253 254 255
f 255 256 253
v -3182.370 -89.259 -711.341
v -3181.431 -89.628 -703.396
v -3119.471 -91.671 -710.714
v -3120.409 -91.964 -718.659
f 257 258 259
f 259 260 257
v -3120.276 -91.971 -718.672
v -3119.605 -91.666 -710.700
v -3047.403 -93.706 -716.777
v -3048.074 -94.436 -724.749
f 261 262 263
f 263 264 261
v -3938.780 -73.752 -499.789
v -3937.630 -74.468 -491.873
v -3912.995 -74.141 -495.452
v -3914.145 -73.572 -503.369
f 265 266 267
f 267 268 265
v -3914.176 -73.572 -503.365
v -3912.965 -74.141 -495.457
v -3853.030 -75.126 -504.637
v -3854.242 -75.053 -512.545
f 269 270 271
f 271 272 269
v -3854.270 -75.052 -512.541
v -3853.001 -75.127 -504.642
v -3818.136 -76.732 -510.243
v -3819.405 -76.936 -518.141
f 273 274 275
f 275 276 273
v -3819.381 -76.937 -518.145
v -3818.161 -76.731 -510.239
v -3787.258 -78.201 -515.007
v -3788.478 -78.591 -522.914
f 277 278 279
f 279 280 277
v -3788.600 -78.584 -522.893
v -3787.136 -78.208 -515.028
v -3726.523 -80.108 -526.309
v -3727.987 -80.707 -534.174
f 281 282 283
f 283 284 281
v -3727.990 -80.707 -534.173
v -3726.520 -80.108 -526.310
v -3663.068 -78.805 -538.172
v -3664.538 -79.068 -546.035
f 285 286 287
f 287 288 285
v -3664.563 -79.069 -546.031
v -3663.043 -78.803 -538.176
v -3628.712 -76.645 -544.821
v -3630.232 -76.798 -552.675
f 289 290 291
f 291 292 289
v -3630.205 -76.796 -552.680
v -3628.738 -76.647 -544.816
v -3601.120 -74.716 -549.967
v -3602.587 -74.743 -557.832
f 293 294 295
f 295 296 293
v -3602.486 -74.736 -557.849
v -3601.220 -74.723 -549.950
v -3537.924 -71.411 -560.095
v -3539.190 -71.178 -567.994
f 297 298 299
f 299 300 297
v -3893.222 -75.543 -226.013
v -3885.250 -75.499 -226.685
v -3893.465 -79.820 -324.182
v -3901.437 -80.676 -323.510
f 301 302 303
f 303 304 301
v -3901.436 -80.675 -323.500
v -3893.466 -79.820 -324.192
v -3898.687 -80.136 -384.347
v -3906.657 -80.860 -383.655
f 305 306 307
f 307 308 305
v -3906.652 -80.860 -383.598
v -3898.692 -80.136 -384.403
v -3905.672 -77.006 -453.369
v -3913.632 -77.337 -452.564
f 309 310 311
f 311 312 309
v -3084.523 -90.315 -492.725
v -3085.048 -89.676 -500.707
v -3146.329 -90.998 -496.679
v -3145.805 -91.080 -488.696
f 313 314 315
f 315 316 313
v -3145.775 -91.079 -488.698
v -3146.359 -90.998 -496.676
v -3223.693 -91.121 -491.010
v -3223.108 -90.520 -483.031
f 317 318 319
f 319 320 317
v -3223.021 -90.522 -483.038
v -3223.780 -91.119 -491.002
v -3305.288 -87.781 -483.235
v -3304.529 -87.136 -475.271
f 321 322 323
f 323 324 321
v -3304.286 -87.149 -475.302
v -3305.532 -87.767 -483.204
v -3444.670 -81.383 -461.264
v -3443.424 -82.017 -453.361
f 325 326 327
f 327 328 325
v -3443.396 -82.017 -453.366
v -3444.698 -81.383 -461.259
v -3518.904 -80.255 -449.014
v -3517.601 -81.038 -441.121
f 329 330 331
f 331 332 329
v -3517.700 -81.036 -441.106
v -3518.805 -80.257 -449.029
v -3580.910 -78.094 -440.364
v -3579.805 -78.535 -432.440
f 333 334 335
f 335 336 333
v -3579.794 -78.535 -432.442
v -3580.921 -78.094 -440.362
v -3645.931 -74.243 -431.116
v -3644.805 -74.061 -423.195
f 337 338 339
f 339 340 337
v -3644.753 -74.065 -423.203
v -3645.984 -74.240 -431.108
v -3739.960 -69.696 -416.472
v -3738.729 -69.129 -408.567
f 341 342 343
f 343 344 341
v -3738.682 -69.129 -408.575
v -3740.006 -69.697 -416.464
v -3845.615 -74.637 -398.751
v -3844.291 -74.462 -390.861
f 345 346 347
f 347 348 345
v -4222.656 -94.644 -138.024
v -4229.410 -94.908 -133.736
v -4226.282 -94.894 -128.809
v -4219.528 -94.630 -133.097
f 349 350 351
f 351 352 349
v -4220.391 -94.640 -134.065
v -4225.419 -94.884 -127.842
v -4222.279 -94.833 -125.306
v -4217.252 -94.588 -131.529
f 353 354 355
f 355 356 353
v -4219.306 -94.634 -132.391
v -4220.225 -94.787 -124.444
v -4216.340 -94.682 -123.994
v -4215.421 -94.528 -131.942
f 357 358 359
f 359 360 357
v -4216.888 -94.573 -131.839
v -4214.873 -94.638 -124.097
v -4210.254 -94.485 -125.299
v -4212.268 -94.419 -133.041
f 361 362 363
f 363 364 361
v -4212.642 -94.432 -132.924
v -4209.880 -94.472 -125.416
v -4191.211 -93.817 -132.285
v -4193.974 -93.773 -139.793
f 365 366 367
f 367 368 365
v -4193.718 -93.764 -139.877
v -4191.467 -93.826 -132.200
v -4179.756 -92.805 -135.635
v -4182.007 -92.866 -143.311
f 369 370 371
f 371 372 369
v -4181.918 -92.857 -143.337
v -4179.846 -92.813 -135.610
v -4168.714 -91.833 -138.595
v -4170.786 -91.778 -146.322
f 373 374 375
f 375 376 373
v -4170.530 -91.754 -146.381
v -4168.969 -91.856 -138.535
v -4150.980 -90.301 -142.115
v -4152.541 -90.111 -149.961
f 377 378 379
f 379 380 377
v -4152.539 -90.111 -149.961
v -4150.982 -90.302 -142.114
v -4147.921 -89.962 -142.722
v -4149.478 -89.824 -150.569
f 381 382 383
f 383 384 381
v -4149.497 -89.826 -150.565
v -4147.902 -89.960 -142.726
v -4080.431 -81.209 -156.450
v -4082.026 -81.433 -164.289
f 385 386 387
f 387 388 385
v -4082.122 -81.445 -164.269
v -4080.335 -81.197 -156.471
v -4035.506 -76.240 -166.747
v -4037.294 -76.711 -174.545
f 389 390 391
f 391 392 389
v -4037.295 -76.711 -174.545
v -4035.505 -76.240 -166.748
v -4016.581 -74.732 -171.094
v -4018.371 -75.326 -178.891
f 393 394 395
f 395 396 393
v -4018.372 -75.326 -178.890
v -4016.580 -74.732 -171.094
v -3999.860 -73.792 -174.938
v -4001.652 -74.515 -182.734
f 397 398 399
f 399 400 397
v -4001.651 -74.515 -182.734
v -3999.860 -73.792 -174.938
v -3987.326 -73.179 -177.817
v -3989.117 -73.954 -185.614
f 401 402 403
f 403 404 401
v -3989.162 -73.956 -185.603
v -3987.280 -73.177 -177.828
v -3973.688 -73.014 -181.117
v -3975.570 -73.729 -188.892
f 405 406 407
f 407 408 405
v -3975.599 -73.729 -188.885
v -3973.659 -73.014 -181.124
v -3959.333 -72.968 -184.704
v -3961.272 -73.675 -192.465
f 409 410 411
f 411 412 409
v -3960.814 -73.671 -192.551
v -3959.790 -72.972 -184.617
v -3952.321 -72.869 -185.581
v -3953.345 -73.564 -193.516
f 413 414 415
f 415 416 413
v -3952.703 -73.550 -193.546
v -3952.962 -72.882 -185.551
v -3946.027 -72.692 -185.326
v -3945.768 -73.356 -193.322
f 417 418 419
f 419 420 417
v -3945.250 -73.338 -193.271
v -3946.545 -72.709 -185.377
v -3939.298 -72.580 -184.188
v -3938.003 -73.229 -192.082
f 421 422 423
f 423 424 421
v -3937.502 -73.224 -191.967
v -3939.799 -72.583 -184.304
v -3930.326 -72.496 -181.464
v -3928.029 -73.093 -189.127
f 425 426 427
f 427 428 425
v -3927.579 -73.085 -188.962
v -3930.776 -72.502 -181.629
v -3925.989 -72.424 -179.542
v -3922.792 -72.988 -186.875
f 429 430 431
f 431 432 429
v -3922.654 -72.985 -186.812
v -3926.127 -72.426 -179.605
v -3922.097 -72.359 -177.663
v -3918.624 -72.902 -184.870
f 433 434 435
f 435 436 433
v -3919.008 -72.908 -185.031
v -3921.714 -72.354 -177.502
v -3919.031 -72.338 -176.538
v -3916.325 -72.880 -184.066
f 437 438 439
f 439 440 437
v -3916.754 -72.882 -184.194
v -3918.602 -72.337 -176.410
v -3915.429 -72.348 -175.657
v -3913.582 -72.877 -183.441
f 441 442 443
f 443 444 441
v -3913.834 -72.877 -183.493
v -3915.176 -72.350 -175.606
v -3912.148 -72.376 -175.091
v -3910.807 -72.887 -182.977
f 445 446 447
f 447 448 445
v -3885.602 -79.001 139.058
v -3877.641 -78.135 138.274
v -3884.064 -78.446 73.036
v -3892.025 -79.248 73.820
f 449 450 451
f 451 452 449
v -3892.029 -79.248 73.782
v -3884.060 -78.446 73.073
v -3890.027 -76.168 6.038
v -3897.996 -76.413 6.748
f 453 454 455
f 455 456 453
v -3897.996 -76.412 6.741
v -3890.027 -76.168 6.045
v -3893.010 -74.405 -28.139
v -3900.980 -74.299 -27.444
f 457 458 459
f 459 460 457
v -3900.967 -74.307 -27.320
v -3893.023 -74.399 -28.263
v -3895.416 -73.320 -48.420
v -3903.360 -73.085 -47.477
f 461 462 463
f 463 464 461
v -3903.364 -73.083 -47.505
v -3895.413 -73.322 -48.392
v -3902.727 -71.065 -113.935
v -3910.677 -70.753 -113.047
f 465 466 467
f 467 468 465
v -3910.692 -70.754 -113.208
v -3902.712 -71.064 -113.773
v -3906.374 -72.095 -165.500
v -3914.354 -71.878 -164.935
f 469 470 471
f 471 472 469
v -3914.351 -71.876 -164.887
v -3906.378 -72.097 -165.548
v -3906.823 -72.291 -170.924
v -3914.796 -72.089 -170.263
f 473 474 475
f 475 476 473
v -3914.797 -72.090 -170.278
v -3906.822 -72.290 -170.909
v -3907.490 -72.719 -179.350
v -3915.465 -72.545 -178.719
f 477 478 479
f 479 480 477
v -3227.380 -90.731 -486.618
v -3219.421 -90.905 -487.422
v -3223.673 -93.676 -529.521
v -3231.633 -93.758 -528.717
f 481 482 483
f 483 484 481
v -3231.636 -93.760 -528.746
v -3223.670 -93.674 -529.491
v -3232.175 -94.398 -620.412
v -3240.140 -94.628 -619.667
f 485 486 487
f 487 488 485
v -3240.126 -94.634 -619.534
v -3232.190 -94.393 -620.546
v -3238.246 -91.150 -668.021
v -3246.181 -91.083 -667.009
f 489 490 491
f 491 492 489
v -3246.196 -91.071 -667.136
v -3238.232 -91.162 -667.894
v -3241.360 -87.923 -700.733
v -3249.324 -87.733 -699.975
f 493 494 495
f 495 496 493
v -3249.321 -87.736 -699.950
v -3241.362 -87.921 -700.758
v -3246.594 -82.895 -752.263
v -3254.553 -82.641 -751.454
f 497 498 499
f 499 500 497
v -3254.554 -82.640 -751.466
v -3246.593 -82.896 -752.251
v -3254.207 -80.153 -829.436
v -3262.169 -79.801 -828.650
f 501 502 503
f 503 504 501
v -3262.168 -79.801 -828.643
v -3254.208 -80.153 -829.443
v -3267.266 -89.602 -959.388
v -3275.226 -89.298 -958.588
f 505 506 507
f 507 508 505
v -3271.676 -89.836 -962.965
v -3270.816 -89.065 -955.011
v -3244.544 -90.094 -957.851
v -3245.404 -90.822 -965.805
f 509 510 511
f 511 512 509
v -3245.454 -90.820 -965.799
v -3244.494 -90.096 -957.857
v -3208.660 -90.706 -962.190
v -3209.621 -91.187 -970.132
f 513 514 515
f 515 516 513
v -3209.509 -91.188 -970.144
v -3208.772 -90.705 -962.178
v -3146.589 -89.780 -967.924
v -3147.326 -89.748 -975.890
f 517 518 519
f 519 520 517
v -3147.383 -89.750 -975.885
v -3146.532 -89.778 -967.930
v -3072.494 -87.246 -975.843
v -3073.344 -86.652 -983.798
f 521 522 523
f 523 524 521
v -3383.935 -83.372 -292.691
v -3391.904 -83.668 -291.993
v -3386.672 -83.456 -232.274
v -3378.703 -83.766 -232.972
f 525 526 527
f 527 528 525
v -3378.722 -83.763 -233.144
v -3386.654 -83.457 -232.103
v -3369.188 -85.952 -99.088
v -3361.256 -87.026 -100.129
f 529 530 531
f 531 532 529
v -3361.258 -87.026 -100.145
v -3369.185 -85.953 -99.072
v -3362.618 -86.127 -50.555
v -3354.690 -86.938 -51.629
f 533 534 535
f 535 536 533
v -3354.695 -86.939 -51.667
v -3362.612 -86.126 -50.517
v -3353.417 -84.517 12.806
v -3345.500 -84.778 11.657
f 537 538 539
f 539 540 537
v -3345.487 -84.774 11.758
v -3353.431 -84.521 12.705
v -3346.061 -82.170 74.496
v -3338.118 -81.923 73.548
f 541 542 543
f 543 544 541
v -3338.144 -81.928 73.361
v -3346.034 -82.166 74.684
v -3343.919 -81.819 87.298
v -3336.029 -81.533 85.975
f 545 546 547
f 547 548 545
v -3336.020 -81.531 86.035
v -3343.929 -81.820 87.239
v -3326.006 -84.260 204.968
v -3318.097 -84.317 203.764
f 549 550 551
f 551 552 549
v -3882.087 -78.682 134.693
v -3881.156 -78.458 142.639
v -3797.856 -69.785 132.877
v -3798.787 -69.815 124.932
f 553 554 555
f 555 556 553
v -3798.776 -69.814 124.930
v -3797.867 -69.786 132.879
v -3756.044 -67.403 128.097
v -3756.953 -67.443 120.149
f 557 558 559
f 559 560 557
v -3757.015 -67.445 120.156
v -3755.982 -67.401 128.089
v -3659.157 -71.467 115.488
v -3660.189 -71.381 107.555
f 561 562 563
f 563 564 561
v -3402.697 -83.584 22.084
v -3403.599 -83.374 14.135
v -3527.865 -81.229 28.242
v -3526.963 -82.020 36.191
f 565 566 567
f 567 568 565
v -3526.968 -82.020 36.191
v -3527.860 -81.230 28.241
v -3669.971 -72.591 44.198
v -3669.078 -72.260 52.148
f 569 570 571
f 571 572 569
v -3669.078 -72.260 52.148
v -3669.971 -72.591 44.198
v -3803.065 -71.496 59.150
v -3802.172 -71.064 67.100
f 573 574 575
f 575 576 573
v -3802.139 -71.062 67.096
v -3803.097 -71.497 59.154
v -3888.524 -78.804 69.457
v -3887.566 -78.879 77.399
f 577 578 579
f 579 580 577
v -3250.160 -83.137 -747.880
v -3250.987 -82.495 -755.837
v -3333.620 -81.810 -747.251
v -3332.793 -82.280 -739.294
f 581 582 583
f 583 584 581
v -3332.865 -82.281 -739.287
v -3333.547 -81.809 -747.258
v -3556.887 -79.447 -728.156
v -3556.206 -78.938 -720.185
f 585 586 587
f 587 588 585
v -3622.055 -75.503 -779.759
v -3630.009 -74.641 -778.910
v -3623.297 -75.690 -716.058
v -3615.342 -76.020 -716.908
f 589 590 591
f 591 592 589
v -3615.334 -76.020 -716.824
v -3623.305 -75.689 -716.142
v -3617.628 -75.839 -649.856
v -3609.657 -75.509 -650.538
f 593 594 595
f 595 596 593
v -3609.671 -75.511 -650.674
v -3617.614 -75.838 -649.720
v -3611.947 -75.353 -602.536
v -3604.005 -74.785 -603.489
f 597 598 599
f 599 600 597
v -3604.007 -74.785 -603.507
v -3611.945 -75.352 -602.518
v -3605.823 -74.999 -553.405
v -3597.884 -74.455 -554.394
f 601 602 603
f 603 604 601
v -3743.425 -68.395 -767.828
v -3751.404 -68.626 -767.249
v -3745.126 -76.351 -680.805
v -3737.147 -76.352 -681.384
f 605 606 607
f 607 608 605
v -3737.148 -76.351 -681.394
v -3745.125 -76.352 -680.794
v -3741.251 -80.848 -629.290
v -3733.274 -80.883 -629.890
f 609 610 611
f 611 612 609
v -3733.277 -80.881 -629.936
v -3741.247 -80.850 -629.244
v -3737.218 -82.346 -582.813
v -3729.248 -82.209 -583.505
f 613 614 615
f 615 616 613
v -3729.258 -82.209 -583.608
v -3737.207 -82.347 -582.710
v -3731.230 -80.430 -529.793
v -3723.280 -80.383 -530.691
f 617 618 619
f 619 620 617
v -3806.724 -71.401 -762.928
v -3814.698 -71.946 -762.294
v -3803.199 -78.755 -617.781
v -3795.224 -79.244 -618.415
f 621 622 623
f 623 624 621
v -3795.238 -79.239 -618.553
v -3803.186 -78.760 -617.643
v -3791.842 -78.193 -518.506
v -3783.894 -78.606 -519.415
f 625 626 627
f 627 628 625
v -3082.443 -88.356 -654.926
v -3090.401 -88.538 -654.107
v -3079.993 -86.385 -553.028
v -3072.035 -86.063 -553.847
f 629 630 631
f 631 632 629
v -3156.904 -90.933 -639.520
v -3164.863 -91.310 -638.708
v -3157.360 -91.307 -565.131
v -3149.401 -90.676 -565.943
f 633 634 635
f 635 636 633
v -3149.401 -90.676 -565.937
v -3157.361 -91.307 -565.138
v -3150.047 -91.093 -492.288
v -3142.087 -90.977 -493.087
f 637 638 639
f 639 640 637
v -3837.263 -73.584 -332.301
v -3836.413 -73.520 -324.346
v -3633.822 -74.216 -345.996
v -3634.672 -74.091 -353.951
f 641 642 643
f 643 644 641
v -3634.733 -74.084 -353.944
v -3633.762 -74.224 -346.003
v -3509.407 -86.385 -361.220
v -3510.378 -86.100 -369.161
f 645 646 647
f 647 648 645
v -3510.266 -86.104 -369.173
v -3509.519 -86.381 -361.208
v -3296.331 -80.272 -381.220
v -3297.078 -80.573 -389.185
f 649 650 651
f 651 652 649
v -3297.048 -80.573 -389.188
v -3296.361 -80.273 -381.218
v -3012.552 -98.707 -405.694
v -3013.239 -98.169 -413.665
f 653 654 655
f 655 656 653
v -3695.991 -72.452 -259.716
v -3703.949 -72.398 -258.896
v -3697.983 -77.736 -200.974
v -3690.025 -77.564 -201.794
f 657 658 659
f 659 660 657
v -3690.024 -77.564 -201.791
v -3697.983 -77.736 -200.977
v -3684.547 -79.854 -69.600
v -3676.588 -79.504 -70.414
f 661 662 663
f 663 664 661
v -3676.585 -79.503 -70.379
v -3684.550 -79.856 -69.635
v -3673.507 -72.171 48.545
v -3665.542 -72.675 47.800
f 665 666 667
f 667 668 665
v -3665.572 -72.685 47.558
v -3673.477 -72.161 48.787
v -3663.625 -71.072 112.136
v -3655.720 -71.776 110.907
f 669 670 671
f 671 672 669
v -3655.698 -71.778 111.071
v -3663.647 -71.070 111.973
v -3648.820 -76.023 242.725
v -3640.871 -76.046 241.824
f 673 674 675
f 675 676 673
v -3085.602 -88.197 -650.602
v -3087.242 -88.690 -658.432
v -3119.269 -89.323 -651.721
v -3117.628 -88.999 -643.891
f 677 678 679
f 679 680 677
v -3117.646 -89.000 -643.887
v -3119.251 -89.323 -651.725
v -3161.686 -91.113 -643.033
v -3160.081 -91.133 -635.196
f 681 682 683
f 683 684 681
v -3159.901 -91.123 -635.237
v -3161.866 -91.121 -642.992
v -3237.140 -94.371 -623.917
v -3235.175 -94.651 -616.162
f 685 686 687
f 687 688 685
v -3235.283 -94.655 -616.136
v -3237.032 -94.367 -623.943
v -3321.011 -91.173 -605.133
v -3319.263 -91.519 -597.326
f 689 690 691
f 691 692 689
v -3142.971 -89.621 -972.231
v -3150.944 -89.901 -971.584
v -3140.202 -91.585 -839.023
v -3132.228 -92.513 -839.670
f 693 694 695
f 695 696 693
v -3132.249 -92.509 -839.864
v -3140.181 -91.588 -838.829
v -3123.907 -91.637 -714.169
v -3115.974 -91.997 -715.204
f 697 698 699
f 699 700 697
v -3570.392 -77.283 -925.637
v -3578.368 -77.068 -925.022
v -3572.401 -81.034 -847.691
v -3564.425 -81.716 -848.307
f 701 702 703
f 703 704 701
v -3564.431 -81.713 -848.378
v -3572.395 -81.037 -847.620
v -3568.955 -81.838 -811.491
v -3560.991 -82.580 -812.249
f 705 706 707
f 707 708 705
v -3560.984 -82.579 -812.166
v -3568.962 -81.838 -811.575
v -3567.170 -81.620 -787.388
v -3559.192 -82.321 -787.979
f 709 710 711
f 711 712 709
v -3559.203 -82.322 -788.099
v -3567.159 -81.619 -787.268
v -3560.525 -78.981 -723.755
v -3552.568 -79.422 -724.586
f 713 714 715
f 715 716 713
v -3552.555 -79.412 -724.431
v -3560.538 -78.990 -723.911
v -3558.668 -76.978 -695.167
v -3550.685 -77.210 -695.686
f 717 718 719
f 719 720 717
v -3550.704 -77.226 -695.895
v -3558.649 -76.963 -694.959
v -3554.463 -74.435 -659.425
v -3546.518 -74.450 -660.361
f 721 722 723
f 723 724 721
v -3546.520 -74.451 -660.380
v -3554.461 -74.434 -659.406
v -3548.194 -71.814 -608.351
v -3540.253 -71.592 -609.325
f 725 726 727
f 727 728 725
v -3540.255 -71.593 -609.340
v -3548.192 -71.813 -608.336
v -3542.526 -71.448 -563.543
v -3534.589 -71.138 -564.547
f 729 730 731
f 731 732 729
v -3534.606 -71.134 -564.665
v -3542.509 -71.451 -563.424
v -3533.392 -74.432 -505.355
v -3525.489 -74.421 -506.596
f 733 734 735
f 735 736 733
v -3525.506 -74.411 -506.698
v -3533.374 -74.442 -505.253
v -3522.187 -80.584 -444.345
v -3514.318 -80.723 -445.790
f 737 738 739
f 739 740 737
v -3514.274 -80.753 -445.484
v -3522.231 -80.554 -444.651
v -3513.871 -86.088 -364.774
v -3505.914 -86.397 -365.607
f 741 742 743
f 743 744 741
v -3505.913 -86.397 -365.594
v -3513.872 -86.087 -364.787
v -3505.356 -83.637 -280.737
v -3497.397 -84.010 -281.544
f 745 746 747
f 747 748 745
v -3850.968 -75.174 -459.478
v -3849.869 -75.132 -451.554
v -3757.307 -74.406 -464.393
v -3758.406 -75.180 -472.318
f 749 750 751
f 751 752 749
v -3758.463 -75.180 -472.309
v -3757.251 -74.407 -464.402
v -3653.044 -76.030 -480.372
v -3654.256 -76.394 -488.279
f 753 754 755
f 755 756 753
v -3654.338 -76.394 -488.266
v -3652.963 -76.031 -480.385
v -3572.501 -75.292 -494.427
v -3573.876 -74.862 -502.308
f 757 758 759
f 759 760 757
v -3573.874 -74.862 -502.308
v -3572.503 -75.292 -494.426
v -3528.755 -74.763 -502.035
v -3530.125 -74.023 -509.917
f 761 762 763
f 763 764 761
v -3530.000 -74.025 -509.936
v -3528.880 -74.762 -502.015
v -3453.940 -77.035 -512.609
v -3455.060 -76.484 -520.530
f 765 766 767
f 767 768 765
v -3455.131 -76.480 -520.520
v -3453.869 -77.038 -512.620
v -3311.748 -91.092 -535.314
v -3313.009 -91.343 -543.214
f 769 770 771
f 771 772 769
v -3132.578 -94.778 182.984
v -3124.624 -95.552 182.133
v -3133.997 -95.071 94.519
v -3141.951 -94.062 95.370
f 773 774 775
f 775 776 773
v -3141.951 -94.062 95.369
v -3133.997 -95.071 94.520
v -3137.904 -94.106 57.919
v -3145.859 -93.312 58.768
f 777 778 779
f 779 780 777
v -3145.853 -93.313 58.817
v -3137.909 -94.104 57.869
v -3145.980 -92.599 -9.760
v -3153.924 -92.485 -8.812
f 781 782 783
f 783 784 781
v -3153.898 -92.485 -8.629
v -3146.006 -92.597 -9.942
v -3163.918 -93.073 -117.582
v -3171.809 -93.608 -116.269
f 785 786 787
f 787 788 785
v -3171.816 -93.608 -116.311
v -3163.911 -93.072 -117.540
v -3184.817 -90.065 -252.047
v -3192.722 -89.695 -250.819
f 789 790 791
f 791 792 789
v -3068.938 -86.868 -980.207
v -3076.900 -87.054 -979.433
v -3068.930 -94.348 -897.466
v -3060.967 -94.411 -898.240
f 793 794 795
f 795 796 793
v -3205.159 -90.982 -966.541
v -3213.122 -90.941 -965.781
v -3200.588 -84.457 -834.488
v -3192.624 -85.385 -835.249
f 797 798 799
f 799 800 797
v -3192.632 -85.385 -835.321
v -3200.580 -84.457 -834.416
v -3193.489 -85.948 -772.158
v -3185.541 -86.768 -773.063
f 801 802 803
f 803 804 801
v -3185.542 -86.767 -773.075
v -3193.488 -85.949 -772.147
v -3185.874 -89.323 -706.905
v -3177.928 -89.573 -707.832
f 805 806 807
f 807 808 805
v -3831.421 -74.478 -250.631
v -3830.610 -74.678 -242.672
v -3798.328 -73.830 -245.961
v -3799.139 -73.325 -253.920
f 809 810 811
f 811 812 809
v -3799.111 -73.324 -253.923
v -3798.355 -73.831 -245.958
v -3699.593 -72.794 -255.324
v -3700.348 -72.053 -263.288
f 813 814 815
f 815 816 813
v -3700.420 -72.053 -263.280
v -3699.521 -72.795 -255.331
v -3563.332 -79.914 -270.746
v -3564.232 -80.303 -278.695
f 817 818 819
f 819 820 817
v -3564.191 -80.306 -278.700
v -3563.373 -79.912 -270.742
v -3500.967 -83.510 -277.161
v -3501.786 -84.136 -285.119
f 821 822 823
f 823 824 821
v -3501.769 -84.136 -285.121
v -3500.983 -83.510 -277.160
v -3387.527 -83.502 -288.361
v -3388.313 -83.543 -296.323
f 825 826 827
f 827 828 825
v -3388.236 -83.540 -296.329
v -3387.603 -83.505 -288.354
v -3295.342 -81.494 -295.672
v -3295.974 -81.093 -303.647
f 829 830 831
f 831 832 829
v -3697.889 -73.068 -914.337
v -3705.859 -72.905 -913.654
v -3702.275 -69.576 -871.844
v -3694.304 -69.859 -872.528
f 833 834 835
f 835 836 833
v -3694.297 -69.855 -872.434
v -3702.282 -69.581 -871.938
v -3700.044 -68.065 -835.954
v -3692.060 -68.504 -836.451
f 837 838 839
f 839 840 837
v -3692.108 -68.506 -836.868
v -3699.996 -68.060 -835.537
v -3689.543 -69.484 -773.583
v -3681.655 -70.022 -774.914
f 841 842 843
f 843 844 841
v -3681.607 -70.046 -774.493
v -3689.592 -69.458 -774.004
v -3684.515 -75.533 -691.153
v -3676.530 -75.529 -691.642
f 845 846 847
f 847 848 845
v -3676.532 -75.526 -691.672
v -3684.514 -75.536 -691.123
v -3680.940 -79.036 -639.170
v -3672.959 -78.665 -639.719
f 849 850 851
f 851 852 849
v -3672.984 -78.654 -639.967
v -3680.915 -79.050 -638.922
v -3674.047 -80.152 -586.823
v -3666.115 -79.646 -587.869
f 853 854 855
f 855 856 853
v -3666.119 -79.646 -587.896
v -3674.043 -80.152 -586.796
v -3667.765 -79.141 -541.554
v -3659.841 -78.741 -542.653
f 857 858 859
f 859 860 857
v -3659.856 -78.744 -542.755
v -3667.749 -79.138 -541.453
v -3662.974 -77.741 -512.498
v -3655.080 -77.529 -513.799
f 861 862 863
f 863 864 861
v -3655.095 -77.532 -513.882
v -3662.959 -77.737 -512.415
v -3657.583 -76.198 -483.592
v -3649.718 -76.210 -485.059
f 865 866 867
f 867 868 865
v -3649.698 -76.205 -484.940
v -3657.603 -76.204 -483.711
v -3653.428 -74.913 -456.844
v -3645.523 -75.201 -458.072
f 869 870 871
f 871 872 869
v -3645.512 -75.198 -457.995
v -3653.440 -74.916 -456.920
v -3649.332 -73.854 -426.618
v -3641.404 -74.439 -427.693
f 873 874 875
f 875 876 873
v -3641.410 -74.440 -427.729
v -3649.327 -73.853 -426.582
v -3644.028 -73.320 -390.005
v -3636.111 -74.181 -391.152
f 877 878 879
f 879 880 877
v -3636.110 -74.181 -391.147
v -3644.029 -73.320 -390.011
v -3638.207 -73.676 -349.406
v -3630.288 -74.633 -350.541
f 881 882 883
f 883 884 881
v -3631.352 -74.498 -352.734
v -3637.143 -73.812 -347.214
v -3624.753 -75.325 -334.216
v -3618.962 -76.010 -339.736
f 885 886 887
f 887 888 885
v -3618.942 -76.013 -339.714
v -3624.773 -75.323 -334.237
v -3599.537 -78.075 -307.370
v -3593.706 -78.783 -312.847
f 889 890 891
f 891 892 889
v -3593.634 -78.790 -312.768
v -3599.609 -78.068 -307.448
v -3583.790 -79.254 -289.682
v -3577.815 -80.037 -295.002
f 893 894 895
f 895 896 893
v -3577.926 -80.031 -295.121
v -3583.680 -79.260 -289.563
v -3566.659 -79.781 -271.942
v -3560.905 -80.450 -277.500
f 897 898 899
f 899 900 897
v -4026.946 -83.150 182.177
v -4019.360 -83.313 179.637
v -4028.277 -84.459 152.996
v -4035.863 -84.065 155.535
f 901 902 903
f 903 904 901
v -4035.862 -84.065 155.538
v -4028.278 -84.459 152.993
v -4030.259 -84.532 147.088
v -4037.844 -84.120 149.634
f 905 906 907
f 907 908 905
v -4037.722 -84.118 149.951
v -4030.381 -84.535 146.771
v -4039.041 -84.493 126.773
v -4046.383 -84.099 129.953
f 909 910 911
f 911 912 909
v -4046.268 -84.106 130.195
v -4039.156 -84.487 126.531
v -4049.308 -83.920 106.824
v -4056.420 -83.541 110.487
f 913 914 915
f 915 916 913
v -4056.292 -83.548 110.718
v -4049.437 -83.913 106.593
v -4058.688 -83.276 91.218
v -4065.542 -82.988 95.343
f 917 918 919
f 919 920 917
v -4065.353 -83.001 95.629
v -4058.877 -83.262 90.932
v -4070.677 -82.515 74.659
v -4077.153 -82.220 79.355
f 921 922 923
f 923 924 921
v -4077.216 -82.217 79.267
v -4070.614 -82.519 74.748
v -4076.436 -82.175 66.242
v -4083.038 -81.906 70.760
f 925 926 927
f 927 928 925
v -4083.049 -81.905 70.744
v -4076.425 -82.176 66.258
v -4111.501 -82.354 14.453
v -4118.126 -82.331 18.939
f 929 930 931
f 931 932 929
v -4118.608 -82.383 17.962
v -4111.019 -82.308 15.429
v -4112.144 -82.455 12.061
v -4119.732 -82.556 14.594
f 933 934 935
f 935 936 933
v -4119.924 -82.632 12.997
v -4111.952 -82.393 13.659
v -4111.729 -82.482 10.977
v -4119.702 -82.744 10.315
f 937 938 939
f 939 940 937
v -4119.317 -82.795 8.906
v -4112.114 -82.443 12.386
v -4111.067 -82.489 10.220
v -4118.271 -82.858 6.740
f 941 942 943
f 943 944 941
v -4117.330 -82.881 5.493
v -4112.008 -82.473 11.467
v -4108.568 -82.472 8.402
v -4113.890 -82.879 2.429
f 945 946 947
f 947 948 945
v -4113.524 -82.876 2.139
v -4108.935 -82.474 8.692
v -4103.936 -82.427 5.192
v -4108.525 -82.795 -1.361
f 949 950 951
f 951 952 949
v -4107.918 -82.781 -1.712
v -4104.544 -82.437 5.542
v -4100.369 -82.345 3.600
v -4103.743 -82.655 -3.653
f 953 954 955
f 955 956 953
v -4103.108 -82.632 -3.886
v -4101.004 -82.362 3.833
v -4099.357 -82.314 3.384
v -4101.461 -82.567 -4.335
f 957 958 959
f 959 960 957
v -4100.312 -82.517 -4.474
v -4100.506 -82.351 3.523
v -4098.869 -82.293 3.563
v -4098.676 -82.441 -4.435
f 961 962 963
f 963 964 961
v -4097.018 -82.357 -4.030
v -4100.527 -82.360 3.159
v -4098.768 -82.281 4.017
v -4095.259 -82.264 -3.172
f 965 966 967
f 967 968 965
v -4094.206 -82.208 -2.427
v -4099.821 -82.333 3.272
v -4097.394 -82.205 5.663
v -4091.780 -82.080 -0.036
f 969 970 971
f 971 972 969
v -3012.817 -87.801 -126.374
v -3013.509 -87.861 -134.344
v -3168.209 -93.339 -120.910
v -3167.517 -93.340 -112.940
f 973 974 975
f 975 976 973
v -3167.502 -93.339 -112.942
v -3168.224 -93.340 -120.909
v -3319.886 -92.243 -107.172
v -3319.164 -92.153 -99.204
f 977 978 979
f 979 980 977
v -3319.210 -92.149 -99.200
v -3319.840 -92.247 -107.176
v -3328.033 -91.343 -106.528
v -3327.403 -91.285 -98.553
f 981 982 983
f 983 984 981
v -3327.406 -91.285 -98.553
v -3328.030 -91.343 -106.529
v -3365.533 -86.495 -103.596
v -3364.910 -86.535 -95.621
f 985 986 987
f 987 988 985
v -3364.818 -86.547 -95.629
v -3365.625 -86.482 -103.588
v -3482.043 -72.986 -91.779
v -3481.236 -73.255 -83.820
f 989 990 991
f 991 992 989
v -3481.304 -73.250 -83.814
v -3481.975 -72.991 -91.785
v -3536.199 -71.800 -87.215
v -3535.527 -72.077 -79.243
f 993 994 995
f 995 996 993
v -3535.499 -72.076 -79.246
v -3536.227 -71.801 -87.213
v -3680.931 -79.886 -73.991
v -3680.203 -79.477 -66.024
f 997 998 999
f 999 1000 997
v -3680.219 -79.478 -66.022
v -3680.916 -79.885 -73.992
v -3810.792 -77.807 -62.645
v -3810.096 -77.574 -54.676
f 1001 1002 1003
f 1003 1004 1001
v -3809.966 -77.581 -54.689
v -3810.922 -77.799 -62.632
v -3899.866 -72.938 -51.920
v -3898.910 -73.420 -43.977
f 1005 1006 1007
f 1007 1008 1005
v -3413.404 -84.048 -863.601
v -3405.427 -83.746 -864.206
v -3411.394 -81.463 -942.950
v -3419.371 -81.108 -942.345
f 1009 1010 1011
f 1011 1012 1009
v -4993.209 0.050 -1579.144
v -4991.793 0.050 -1571.270
v -4873.783 -91.094 -1592.500
v -4875.199 -91.661 -1600.373
f 1013 1014 1015
f 1015 1016 1013
v -4876.170 -91.590 -1600.067
v -4872.812 -91.169 -1592.806
v -4856.159 -92.587 -1600.508
v -4859.517 -93.012 -1607.769
f 1017 1018 1019
f 1019 1020 1017
v -4860.344 -92.930 -1607.256
v -4855.331 -92.664 -1601.021
v -4846.804 -93.639 -1607.878
v -4851.817 -93.885 -1614.112
f 1021 1022 1023
f 1023 1024 1021
v -4851.648 -93.904 -1614.241
v -4846.973 -93.620 -1607.749
v -4838.057 -94.540 -1614.169
v -4842.731 -94.792 -1620.661
f 1025 1026 1027
f 1027 1028 1025
v -4841.750 -94.868 -1621.179
v -4839.039 -94.458 -1613.652
v -4828.586 -95.172 -1617.417
v -4831.297 -95.505 -1624.944
f 1029 1030 1031
f 1031 1032 1029
v -4830.968 -95.522 -1625.046
v -4828.914 -95.151 -1617.314
v -4813.096 -96.007 -1621.515
v -4815.149 -96.250 -1629.247
f 1033 1034 1035
f 1035 1036 1033
v -4814.858 -96.261 -1629.313
v -4813.387 -95.994 -1621.449
v -4786.904 -96.983 -1626.403
v -4788.375 -96.982 -1634.267
f 1037 1038 1039
f 1039 1040 1037
v -4789.125 -96.966 -1634.049
v -4786.155 -97.006 -1626.621
v -4780.010 -97.170 -1629.078
v -4782.980 -97.077 -1636.506
f 1041 1042 1043
f 1043 1044 1041
v -4783.773 -97.065 -1636.081
v -4779.217 -97.187 -1629.504
v -4773.496 -97.270 -1633.467
v -4778.051 -97.121 -1640.044
f 1045 1046 1047
f 1047 1048 1045
v -4777.668 -97.123 -1640.278
v -4773.878 -97.266 -1633.233
v -4764.939 -97.293 -1638.042
v -4768.729 -97.107 -1645.087
f 1049 1050 1051
f 1051 1052 1049
v -4768.697 -97.107 -1645.104
v -4764.972 -97.293 -1638.024
v -4759.473 -97.245 -1640.917
v -4763.197 -97.025 -1647.997
f 1053 1054 1055
f 1055 1056 1053
v -4762.363 -97.012 -1648.323
v -4760.307 -97.251 -1640.592
v -4755.242 -97.228 -1641.939
v -4757.298 -96.944 -1649.670
f 1057 1058 1059
f 1059 1060 1057
v -4756.000 -96.932 -1649.796
v -4756.540 -97.227 -1641.814
v -4751.263 -97.264 -1641.457
v -4750.724 -96.917 -1649.439
f 1061 1062 1063
f 1063 1064 1061
v -4749.238 -96.927 -1649.042
v -4752.749 -97.241 -1641.854
v -4747.773 -97.376 -1639.423
v -4744.262 -97.029 -1646.612
f 1065 1066 1067
f 1067 1068 1065
v -4742.361 -97.132 -1644.638
v -4749.674 -97.274 -1641.397
v -4747.537 -97.513 -1636.575
v -4740.223 -97.406 -1639.816
f 1069 1070 1071
f 1071 1072 1069
v -4739.888 -97.486 -1638.445
v -4747.872 -97.445 -1637.947
v -4747.438 -97.784 -1630.985
v -4739.454 -97.893 -1631.482
f 1073 1074 1075
f 1075 1076 1073
v -4739.505 -97.947 -1630.550
v -4747.387 -97.740 -1631.917
v -4748.244 -97.961 -1626.976
v -4740.362 -98.215 -1625.609
f 1077 1078 1079
f 1079 1080 1077
v -4740.474 -98.240 -1625.136
v -4748.132 -97.941 -1627.450
v -4749.713 -98.146 -1622.218
v -4742.055 -98.490 -1619.904
f 1081 1082 1083
f 1083 1084 1081
v -4742.157 -98.503 -1619.609
v -4749.611 -98.135 -1622.513
v -4752.483 -98.367 -1615.142
v -4745.029 -98.793 -1612.238
f 1085 1086 1087
f 1087 1088 1085
v -4745.220 -98.807 -1611.820
v -4752.292 -98.356 -1615.560
v -4757.602 -98.522 -1605.520
v -4750.530 -99.020 -1601.780
f 1089 1090 1091
f 1091 1092 1089
v -4750.552 -99.021 -1601.739
v -4757.580 -98.522 -1605.560
v -4762.923 -98.511 -1595.731
v -4755.895 -99.054 -1591.910
f 1093 1094 1095
f 1095 1096 1093
v -4756.431 -99.044 -1591.151
v -4762.387 -98.523 -1596.491
v -4767.931 -98.318 -1590.309
v -4761.975 -98.846 -1584.968
f 1097 1098 1099
f 1099 1100 1097
v -4762.614 -98.816 -1584.393
v -4767.291 -98.348 -1590.884
v -4774.973 -97.849 -1585.348
v -4770.295 -98.348 -1578.858
f 1101 1102 1103
f 1103 1104 1101
v -4770.209 -98.355 -1578.922
v -4775.059 -97.842 -1585.284
v -4784.399 -97.067 -1578.164
v -4779.548 -97.545 -1571.802
f 1105 1106 1107
f 1107 1108 1105
v -4779.065 -97.591 -1572.237
v -4784.882 -97.022 -1577.728
v -4790.793 -96.437 -1571.467
v -4784.976 -97.009 -1565.975
f 1109 1110 1111
f 1111 1112 1109
v -4784.252 -97.084 -1567.047
v -4791.518 -96.359 -1570.395
v -4794.768 -95.979 -1563.340
v -4787.502 -96.735 -1559.992
f 1113 1114 1115
f 1115 1116 1113
v -4787.370 -96.750 -1560.316
v -4794.900 -95.963 -1563.017
v -4799.431 -95.338 -1550.388
v -4791.901 -96.190 -1547.686
f 1117 1118 1119
f 1119 1120 1117
v -4791.837 -96.199 -1547.880
v -4799.495 -95.328 -1550.194
v -4804.282 -94.626 -1534.355
v -4796.624 -95.561 -1532.040
f 1121 1122 1123
f 1123 1124 1121
v -4796.630 -95.560 -1532.018
v -4804.275 -94.627 -1534.377
v -4806.223 -94.353 -1528.062
v -4798.579 -95.297 -1525.704
f 1125 1126 1127
f 1127 1128 1125
v -4798.708 -95.280 -1525.345
v -4806.093 -94.371 -1528.420
v -4808.899 -93.981 -1521.683
v -4801.513 -94.900 -1518.608
f 1129 1130 1131
f 1131 1132 1129
v -4801.650 -94.881 -1518.314
v -4808.762 -94.000 -1521.977
v -4813.504 -93.380 -1512.769
v -4806.392 -94.277 -1509.106
f 1133 1134 1135
f 1135 1136 1133
v -4806.026 -94.316 -1510.155
v -4813.871 -93.348 -1511.720
v -4815.663 -93.235 -1502.737
v -4807.818 -94.157 -1501.172
f 1137 1138 1139
f 1139 1140 1137
v -4807.740 -94.161 -1501.939
v -4815.740 -93.234 -1501.970
v -4815.752 -93.262 -1499.037
v -4807.752 -94.182 -1499.007
f 1141 1142 1143
f 1143 1144 1141
v -4996.364 0.050 -1574.167
v -4988.639 0.050 -1576.247
v -4991.889 0.050 -1588.322
v -4999.614 0.050 -1586.242
f 1145 1146 1147
f 1147 1148 1145
v -4999.615 0.050 -1586.244
v -4991.888 0.050 -1588.319
v -4995.128 0.050 -1600.381
v -5002.854 0.050 -1598.305
f 1149 1150 1151
f 1151 1152 1149
v -5002.953 0.050 -1598.795
v -4995.029 0.050 -1599.891
v -5000.995 0.050 -1643.037
v -5008.920 0.050 -1641.941
f 1153 1154 1155
f 1155 1156 1153
v -5008.406 0.050 -1640.463
v -5001.509 0.050 -1644.516
v -5010.025 0.050 -1659.008
v -5016.922 0.050 -1654.955
f 1157 1158 1159
f 1159 1160 1157
v -5017.458 0.050 -1656.624
v -5009.490 0.050 -1657.338
v -5015.612 0.050 -1725.704
v -5023.580 0.050 -1724.990
f 1161 1162 1163
f 1163 1164 1161
v -5023.526 0.050 -1724.602
v -5015.666 0.050 -1726.092
v -5028.657 0.050 -1794.616
v -5036.517 0.050 -1793.126
f 1165 1166 1167
f 1167 1168 1165
v -5036.424 0.050 -1792.741
v -5028.750 0.050 -1795.002
v -5046.060 0.050 -1853.751
v -5053.734 0.050 -1851.489
f 1169 1170 1171
f 1171 1172 1169
v -5053.872 0.050 -1852.166
v -5045.923 0.050 -1853.074
v -5050.254 0.050 -1890.989
v -5058.202 0.050 -1890.081
f 1173 1174 1175
f 1175 1176 1173
v -5058.006 0.050 -1889.223
v -5050.449 0.050 -1891.848
v -5068.962 0.050 -1945.154
v -5076.519 0.050 -1942.529
f 1177 1178 1179
f 1179 1180 1177
v -5076.729 0.050 -1943.544
v -5068.751 0.050 -1944.139
v -5070.243 0.050 -1964.141
v -5078.221 0.050 -1963.546
f 1181 1182 1183
f 1183 1184 1181
v -5075.786 0.050 -1967.529
v -5072.678 0.050 -1960.157
v -5061.334 0.050 -1964.940
v -5064.442 0.050 -1972.311
f 1185 1186 1187
f 1187 1188 1185
v -5061.286 0.050 -1972.291
v -5064.491 0.050 -1964.961
v -5051.500 0.050 -1959.280
v -5048.295 0.050 -1966.610
f 1189 1190 1191
f 1191 1192 1189
v -5048.072 0.050 -1966.504
v -5051.723 0.050 -1959.386
v -5023.214 0.050 -1944.761
v -5019.563 0.050 -1951.879
f 1193 1194 1195
f 1195 1196 1193
v -5020.947 0.050 -1952.296
v -5021.830 0.050 -1944.345
v -4998.987 0.050 -1941.808
v -4998.104 0.050 -1949.759
f 1197 1198 1199
f 1199 1200 1197
v -4999.397 0.050 -1949.692
v -4997.694 0.050 -1941.875
v -4947.378 -86.317 -1952.841
v -4949.081 -86.130 -1960.657
f 1201 1202 1203
f 1203 1204 1201
v -4949.536 -86.147 -1960.530
v -4946.923 -86.302 -1952.968
v -4914.084 -85.972 -1964.317
v -4916.697 -85.750 -1971.878
f 1205 1206 1207
f 1207 1208 1205
v -4916.282 -85.758 -1971.996
v -4914.498 -85.969 -1964.198
v -4879.266 -87.167 -1972.257
v -4881.049 -87.075 -1980.055
f 1209 1210 1211
f 1211 1212 1209
v -4883.088 -86.925 -1978.878
v -4877.227 -87.317 -1973.434
v -4865.582 -88.196 -1985.971
v -4871.444 -87.804 -1991.415
f 1213 1214 1215
f 1215 1216 1213
v -4872.403 -87.729 -1989.627
v -4864.624 -88.271 -1987.760
v -4859.247 -89.098 -2010.166
v -4867.026 -88.644 -2012.033
f 1217 1218 1219
f 1219 1220 1217
v -4867.016 -88.567 -2010.123
v -4859.258 -89.171 -2012.075
v -4870.601 -91.088 -2057.152
v -4878.359 -90.534 -2055.199
f 1221 1222 1223
f 1223 1224 1221
v -4878.473 -90.620 -2056.420
v -4870.488 -91.007 -2055.931
v -4868.695 -93.628 -2085.194
v -4876.680 -93.364 -2085.683
f 1225 1226 1227
f 1227 1228 1225
v -4876.332 -93.509 -2087.088
v -4869.044 -93.489 -2083.788
v -4856.064 -96.447 -2112.457
v -4863.352 -96.565 -2115.756
f 1229 1230 1231
f 1231 1232 1229
v -4863.702 -96.429 -2114.330
v -4855.714 -96.578 -2113.883
v -4855.113 -97.480 -2124.624
v -4863.101 -97.369 -2125.071
f 1233 1234 1235
f 1235 1236 1233
v -4862.414 -97.188 -2122.598
v -4855.799 -97.653 -2127.097
v -4860.275 -98.082 -2133.676
v -4866.889 -97.628 -2129.177
f 1237 1238 1239
f 1239 1240 1237
v -4866.410 -97.590 -2128.597
v -4860.754 -98.120 -2134.255
v -4885.244 -99.761 -2158.736
v -4890.900 -99.387 -2153.078
f 1241 1242 1243
f 1243 1244 1241
v -4891.259 -99.411 -2153.489
v -4884.886 -99.737 -2158.325
v -4910.255 -100.555 -2191.762
v -4916.629 -100.106 -2186.927
f 1245 1246 1247
f 1247 1248 1245
v -4917.144 -100.099 -2187.830
v -4909.740 -100.562 -2190.859
v -4926.471 -99.818 -2231.761
v -4933.876 -99.474 -2228.732
f 1249 1250 1251
f 1251 1252 1249
v -4933.936 -99.468 -2228.888
v -4926.411 -99.824 -2231.605
v -4941.183 -97.022 -2272.521
v -4948.708 -96.475 -2269.804
f 1253 1254 1255
f 1255 1256 1253
v -3066.190 -85.092 -1006.796
v -3067.291 -84.730 -1014.720
v -3101.043 -86.519 -1010.030
v -3099.942 -86.730 -1002.106
f 1257 1258 1259
f 1259 1260 1257
v -3100.351 -86.752 -1002.071
v -3100.634 -86.495 -1010.066
v -3113.325 -87.205 -1009.617
v -3113.042 -87.410 -1001.622
f 1261 1262 1263
f 1263 1264 1261
v -3113.437 -87.430 -1001.627
v -3112.930 -87.184 -1009.611
v -3124.574 -87.926 -1010.351
v -3125.081 -88.122 -1002.367
f 1265 1266 1267
f 1267 1268 1265
v -3125.546 -88.151 -1002.424
v -3124.108 -87.894 -1010.294
v -3135.608 -88.686 -1012.394
v -3137.045 -88.882 -1004.524
f 1269 1270 1271
f 1271 1272 1269
v -3137.975 -88.941 -1004.815
v -3134.678 -88.622 -1012.104
v -3144.229 -89.284 -1016.424
v -3147.526 -89.565 -1009.134
f 1273 1274 1275
f 1275 1276 1273
v -3148.079 -89.603 -1009.439
v -3143.676 -89.245 -1016.119
v -3182.193 -92.136 -1041.508
v -3186.596 -92.435 -1034.829
f 1277 1278 1279
f 1279 1280 1277
v -3185.975 -92.388 -1034.494
v -3182.814 -92.183 -1041.843
v -3191.474 -92.839 -1045.568
v -3194.635 -93.038 -1038.219
f 1281 1282 1283
f 1283 1284 1281
v -3194.101 -92.998 -1038.033
v -3192.008 -92.880 -1045.755
v -3194.201 -93.046 -1046.349
v -3196.294 -93.162 -1038.628
f 1285 1286 1287
f 1287 1288 1285
v -3196.300 -93.162 -1038.629
v -3194.196 -93.046 -1046.348
v -3203.502 -93.605 -1048.884
v -3205.606 -93.632 -1041.165
f 1289 1290 1291
f 1291 1292 1289
v -3205.215 -93.618 -1041.080
v -3203.893 -93.620 -1048.970
v -3213.745 -93.985 -1050.621
v -3215.067 -93.976 -1042.731
f 1293 1294 1295
f 1295 1296 1293
v -3214.117 -93.943 -1042.686
v -3214.695 -94.020 -1050.665
v -3227.085 -94.459 -1049.767
v -3226.507 -94.373 -1041.788
f 1297 1298 1299
f 1299 1300 1297
v -3225.781 -94.348 -1041.908
v -3227.811 -94.484 -1049.647
v -3273.340 -94.149 -1037.705
v -3271.311 -94.115 -1029.967
f 1301 1302 1303
f 1303 1304 1301
v -3271.862 -94.102 -1029.863
v -3272.789 -94.162 -1037.809
v -3325.343 -90.404 -1031.679
v -3324.416 -90.392 -1023.733
f 1305 1306 1307
f 1307 1308 1305
v -3325.312 -90.284 -1023.730
v -3324.447 -90.514 -1031.683
v -3334.154 -89.333 -1032.740
v -3335.019 -89.149 -1024.787
f 1309 1310 1311
f 1311 1312 1309
v -3335.849 -89.055 -1024.968
v -3333.324 -89.434 -1032.559
v -3344.523 -88.082 -1036.284
v -3347.048 -87.735 -1028.693
f 1313 1314 1315
f 1315 1316 1313
v -3347.686 -87.658 -1028.969
v -3343.885 -88.159 -1036.008
v -3377.626 -83.827 -1054.225
v -3381.426 -83.288 -1047.185
f 1317 1318 1319
f 1319 1320 1317
v -3380.736 -83.385 -1046.892
v -3378.316 -83.729 -1054.518
v -3387.723 -82.399 -1057.503
v -3390.143 -82.063 -1049.878
f 1321 1322 1323
f 1323 1324 1321
v -3388.636 -82.275 -1049.701
v -3389.229 -82.187 -1057.679
v -3394.561 -81.434 -1057.283
v -3393.968 -81.526 -1049.305
f 1325 1326 1327
f 1327 1328 1325
v -3393.958 -81.527 -1049.306
v -3394.572 -81.432 -1057.282
v -3397.144 -81.068 -1057.084
v -3396.529 -81.166 -1049.108
f 1329 1330 1331
f 1331 1332 1329
v -3395.628 -81.293 -1049.283
v -3398.045 -80.940 -1056.909
v -3407.006 -79.690 -1054.069
v -3404.589 -80.042 -1046.443
f 1333 1334 1335
f 1335 1336 1333
v -3403.713 -80.164 -1046.842
v -3407.882 -79.582 -1053.670
v -3416.687 -78.512 -1048.293
v -3412.518 -79.056 -1041.465
f 1337 1338 1339
f 1339 1340 1337
v -3412.126 -79.103 -1041.738
v -3417.080 -78.464 -1048.020
v -3436.193 -76.206 -1032.948
v -3431.240 -76.851 -1026.666
f 1341 1342 1343
f 1343 1344 1341
v -3431.907 -76.773 -1026.239
v -3435.526 -76.285 -1033.374
v -3446.725 -74.967 -1027.694
v -3443.106 -75.616 -1020.559
f 1345 1346 1347
f 1347 1348 1345
v -3443.500 -75.576 -1020.385
v -3446.330 -75.013 -1027.868
v -3456.182 -74.285 -1024.143
v -3453.352 -74.812 -1016.660
f 1349 1350 1351
f 1351 1352 1349
v -3454.279 -74.752 -1016.431
v -3455.255 -74.347 -1024.371
v -3464.929 -73.651 -1023.182
v -3463.953 -74.079 -1015.242
f 1353 1354 1355
f 1355 1356 1353
v -3463.949 -74.079 -1015.243
v -3464.932 -73.651 -1023.182
v -3495.122 -71.875 -1019.444
v -3494.139 -72.305 -1011.504
f 1357 1358 1359
f 1359 1360 1357
v -3494.027 -72.307 -1011.520
v -3495.234 -71.873 -1019.428
v -3553.900 -72.270 -1010.472
v -3552.692 -72.547 -1002.563
f 1361 1362 1363
f 1363 1364 1361
v -3553.250 -72.563 -1002.518
v -3553.342 -72.252 -1010.517
v -3567.079 -72.650 -1010.359
v -3566.987 -72.914 -1002.359
f 1365 1366 1367
f 1367 1368 1365
v -3567.403 -72.924 -1002.376
v -3566.663 -72.639 -1010.342
v -3584.429 -73.548 -1011.993
v -3585.169 -73.774 -1004.027
f 1369 1370 1371
f 1371 1372 1369
v -3584.941 -73.761 -1004.013
v -3584.658 -73.563 -1012.008
v -3592.862 -74.079 -1012.298
v -3593.145 -74.235 -1004.303
f 1373 1374 1375
f 1375 1376 1373
v -3592.227 -74.180 -1004.377
v -3593.780 -74.139 -1012.225
v -3636.037 -76.944 -1003.863
v -3634.484 -76.757 -996.015
f 1377 1378 1379
f 1379 1380 1377
v -3634.961 -76.786 -995.950
v -3635.560 -76.913 -1003.928
v -3657.357 -78.280 -1002.290
v -3656.757 -78.029 -994.312
f 1381 1382 1383
f 1383 1384 1381
v -3656.634 -78.024 -994.323
v -3657.479 -78.285 -1002.278
v -3695.395 -80.001 -998.249
v -3694.550 -79.462 -990.294
f 1385 1386 1387
f 1387 1388 1385
v -3694.467 -79.459 -990.304
v -3695.478 -80.001 -998.240
v -3736.532 -80.269 -993.009
v -3735.521 -79.580 -985.073
f 1389 1390 1391
f 1391 1392 1389
v -3735.977 -79.583 -985.041
v -3736.077 -80.265 -993.040
v -3783.399 -79.024 -992.446
v -3783.298 -78.493 -984.447
f 1393 1394 1395
f 1395 1396 1393
v -3782.705 -78.523 -984.498
v -3783.993 -78.990 -992.394
v -3842.525 -75.610 -982.843
v -3841.236 -75.586 -974.948
f 1397 1398 1399
f 1399 1400 1397
v -3841.393 -75.579 -974.925
v -3842.368 -75.618 -982.866
v -3859.377 -74.743 -980.779
v -3858.403 -74.853 -972.838
f 1401 1402 1403
f 1403 1404 1401
v -3858.806 -74.837 -972.809
v -3858.974 -74.763 -980.807
v -3894.963 -73.333 -980.054
v -3894.796 -73.707 -972.056
f 1405 1406 1407
f 1407 1408 1405
v -3894.403 -73.718 -972.084
v -3895.356 -73.319 -980.027
v -3961.335 -73.645 -972.114
v -3960.383 -74.285 -964.171
f 1409 1410 1411
f 1411 1412 1409
v -3960.571 -74.292 -964.153
v -3961.147 -73.639 -972.132
v -3969.384 -73.898 -971.538
v -3968.809 -74.567 -963.559
f 1413 1414 1415
f 1415 1416 1413
v -3968.807 -74.567 -963.559
v -3969.386 -73.898 -971.538
v -3973.205 -74.019 -971.260
v -3972.625 -74.694 -963.281
f 1417 1418 1419
f 1419 1420 1417
v -3972.625 -74.694 -963.281
v -3973.205 -74.019 -971.260
v -3992.096 -74.858 -969.886
v -3991.515 -75.514 -961.907
f 1421 1422 1423
f 1423 1424 1421
v -3991.515 -75.514 -961.907
v -3992.097 -74.858 -969.886
v -4004.052 -75.608 -969.014
v -4003.470 -76.223 -961.036
f 1425 1426 1427
f 1427 1428 1425
v -4003.469 -76.223 -961.036
v -4004.054 -75.608 -969.014
v -4013.416 -76.189 -968.327
v -4012.831 -76.768 -960.349
f 1429 1430 1431
f 1431 1432 1429
v -4012.835 -76.769 -960.349
v -4013.412 -76.188 -968.328
v -4020.715 -76.636 -967.799
v -4020.137 -77.188 -959.820
f 1433 1434 1435
f 1435 1436 1433
v -4019.939 -77.176 -959.839
v -4020.913 -76.648 -967.780
v -4061.077 -79.856 -962.853
v -4060.103 -80.048 -954.912
f 1437 1438 1439
f 1439 1440 1437
v -4060.421 -80.070 -954.886
v -4060.759 -79.832 -962.879
v -4078.225 -81.222 -962.139
v -4077.887 -81.274 -954.146
f 1441 1442 1443
f 1443 1444 1441
v -4077.931 -81.277 -954.145
v -4078.180 -81.219 -962.141
v -4150.282 -86.681 -959.895
v -4150.033 -86.028 -951.899
f 1445 1446 1447
f 1447 1448 1445
v -4149.749 -86.013 -951.918
v -4150.567 -86.696 -959.876
v -4160.719 -87.202 -958.832
v -4159.901 -86.474 -950.874
f 1449 1450 1451
f 1451 1452 1449
v -4159.647 -86.463 -950.909
v -4160.973 -87.213 -958.798
v -4192.031 -88.459 -953.580
v -4190.705 -87.590 -945.691
f 1453 1454 1455
f 1455 1456 1453
v -4191.545 -87.623 -945.639
v -4191.191 -88.432 -953.632
v -4201.344 -88.874 -954.081
v -4201.697 -88.081 -946.089
f 1457 1458 1459
f 1459 1460 1457
v -4202.367 -88.117 -946.175
v -4200.674 -88.839 -953.994
v -4213.064 -89.588 -956.676
v -4214.756 -88.883 -948.857
f 1461 1462 1463
f 1463 1464 1461
v -4214.930 -88.894 -948.898
v -4212.890 -89.577 -956.634
v -4341.431 -90.767 -990.531
v -4343.471 -90.912 -982.795
f 1465 1466 1467
f 1467 1468 1465
v -4343.829 -90.900 -982.908
v -4341.073 -90.782 -990.418
v -4353.563 -90.177 -995.002
v -4356.319 -90.385 -987.492
f 1469 1470 1471
f 1471 1472 1469
v -4356.311 -90.386 -987.489
v -4353.570 -90.177 -995.005
v -4358.279 -89.975 -996.722
v -4361.020 -90.236 -989.206
f 1473 1474 1475
f 1475 1476 1473
v -4360.530 -90.251 -989.062
v -4358.769 -89.960 -996.866
v -4370.714 -89.608 -999.561
v -4372.475 -89.909 -991.757
f 1477 1478 1479
f 1479 1480 1477
v -4371.939 -89.923 -991.674
v -4371.250 -89.593 -999.644
v -4382.092 -89.303 -1000.582
v -4382.782 -89.665 -992.612
f 1481 1482 1483
f 1483 1484 1481
v -4488.820 -101.634 -861.221
v -4487.249 -102.048 -853.376
v -4477.620 -102.319 -855.305
v -4479.191 -101.936 -863.149
f 1485 1486 1487
f 1487 1488 1485
v -4478.776 -101.934 -863.210
v -4478.035 -102.320 -855.244
v -4432.004 -101.870 -859.524
v -4432.745 -101.451 -867.490
f 1489 1490 1491
f 1491 1492 1489
v -4432.717 -101.449 -867.493
v -4432.033 -101.872 -859.522
v -4404.626 -100.387 -861.873
v -4405.310 -100.002 -869.844
f 1493 1494 1495
f 1495 1496 1493
v -4405.248 -99.999 -869.849
v -4404.687 -100.390 -861.868
v -4395.481 -99.807 -862.516
v -4396.042 -99.458 -870.496
f 1497 1498 1499
f 1499 1500 1497
v -4395.844 -99.440 -870.505
v -4395.680 -99.826 -862.507
v -4385.405 -98.852 -862.718
v -4385.569 -98.510 -870.716
f 1501 1502 1503
f 1503 1504 1501
v -4385.607 -98.513 -870.715
v -4385.367 -98.848 -862.719
v -4371.241 -97.508 -863.142
v -4371.480 -97.234 -871.138
f 1505 1506 1507
f 1507 1508 1505
v -4371.361 -97.224 -871.140
v -4371.361 -97.519 -863.140
v -4362.589 -96.698 -863.140
v -4362.589 -96.441 -871.140
f 1509 1510 1511
f 1511 1512 1509
v -4362.039 -96.393 -871.102
v -4363.138 -96.749 -863.178
v -4355.424 -96.033 -862.108
v -4354.325 -95.685 -870.032
f 1513 1514 1515
f 1515 1516 1513
v -4354.899 -95.750 -870.070
v -4354.849 -95.965 -862.070
v -4321.453 -91.944 -862.281
v -4321.504 -91.930 -870.281
f 1517 1518 1519
f 1519 1520 1517
v -4322.020 -91.990 -870.244
v -4320.936 -91.882 -862.318
v -4312.342 -90.852 -863.494
v -4313.427 -91.011 -871.420
f 1521 1522 1523
f 1523 1524 1521
v -4313.137 -90.978 -871.449
v -4312.632 -90.887 -863.465
v -4301.144 -89.518 -864.191
v -4301.649 -89.676 -872.175
f 1525 1526 1527
f 1527 1528 1525
v -4301.943 -89.709 -872.146
v -4300.849 -89.483 -864.221
v -4287.168 -87.893 -866.110
v -4288.262 -88.202 -874.035
f 1529 1530 1531
f 1531 1532 1529
v -4288.083 -88.182 -874.055
v -4287.347 -87.913 -866.089
v -4168.168 -80.579 -877.106
v -4168.905 -81.208 -885.072
f 1533 1534 1535
f 1535 1536 1533
v -4168.855 -81.207 -885.077
v -4168.218 -80.579 -877.102
v -4061.485 -82.256 -885.636
v -4062.122 -82.034 -893.610
f 1537 1538 1539
f 1539 1540 1537
v -4062.199 -82.034 -893.603
v -4061.407 -82.257 -885.643
v -4018.382 -82.517 -889.923
v -4019.174 -81.983 -897.883
f 1541 1542 1543
f 1543 1544 1541
v -4019.235 -81.985 -897.877
v -4018.321 -82.516 -889.929
v -3988.566 -82.034 -893.351
v -3989.480 -81.370 -901.298
f 1545 1546 1547
f 1547 1548 1545
v -3989.470 -81.370 -901.299
v -3988.576 -82.034 -893.349
v -3965.666 -81.176 -895.925
v -3966.560 -80.521 -903.875
f 1549 1550 1551
f 1551 1552 1549
v -3966.597 -80.523 -903.871
v -3965.630 -81.175 -895.930
v -3949.789 -80.508 -897.858
v -3950.756 -79.839 -905.800
f 1553 1554 1555
f 1555 1556 1553
v -3950.873 -79.845 -905.784
v -3949.672 -80.503 -897.874
v -3944.106 -80.256 -898.720
v -3945.307 -79.588 -906.629
f 1557 1558 1559
f 1559 1560 1557
v -3945.046 -79.577 -906.660
v -3944.367 -80.267 -898.689
v -3896.633 -77.631 -902.757
v -3897.312 -77.203 -910.729
f 1561 1562 1563
f 1563 1564 1561
v -3897.342 -77.205 -910.726
v -3896.603 -77.629 -902.760
v -3887.775 -77.101 -903.579
v -3888.514 -76.759 -911.545
f 1565 1566 1567
f 1567 1568 1565
v -3888.581 -76.762 -911.538
v -3887.708 -77.097 -903.586
v -3867.493 -75.937 -905.805
v -3868.366 -75.804 -913.757
f 1569 1570 1571
f 1571 1572 1569
v -3868.397 -75.805 -913.754
v -3867.462 -75.936 -905.809
v -3843.216 -74.759 -908.662
v -3844.151 -74.883 -916.607
f 1573 1574 1575
f 1575 1576 1573
v -3844.150 -74.883 -916.607
v -3843.218 -74.760 -908.662
v -3809.299 -73.593 -912.638
v -3810.231 -74.049 -920.584
f 1577 1578 1579
f 1579 1580 1577
v -3810.146 -74.048 -920.593
v -3809.384 -73.594 -912.629
v -3763.142 -73.044 -917.054
v -3763.904 -73.798 -925.018
f 1581 1582 1583
f 1583 1584 1581
v -3763.924 -73.798 -925.016
v -3763.122 -73.044 -917.056
v -3744.632 -73.116 -918.919
v -3745.433 -73.930 -926.879
f 1585 1586 1587
f 1587 1588 1585
v -3745.520 -73.929 -926.869
v -3744.545 -73.116 -918.929
v -3733.146 -73.256 -920.329
v -3734.121 -74.075 -928.269
f 1589 1590 1591
f 1591 1592 1589
v -3733.889 -74.079 -928.291
v -3733.378 -73.251 -920.307
v -3709.823 -73.635 -921.813
v -3710.333 -74.395 -929.797
f 1593 1594 1595
f 1595 1596 1593
v -3710.417 -74.394 -929.790
v -3709.739 -73.637 -921.819
v -3659.434 -74.810 -926.099
v -3660.112 -75.231 -934.070
f 1597 1598 1599
f 1599 1600 1597
v -3660.228 -75.229 -934.059
v -3659.318 -74.812 -926.111
v -3599.584 -76.189 -932.954
v -3600.494 -75.974 -940.902
f 1601 1602 1603
f 1603 1604 1601
v -3600.369 -75.975 -940.914
v -3599.709 -76.186 -932.941
v -3578.948 -76.538 -934.658
v -3579.608 -76.115 -942.631
f 1605 1606 1607
f 1607 1608 1605
v -3579.747 -76.114 -942.617
v -3578.809 -76.540 -934.672
v -3558.905 -76.818 -937.024
v -3559.843 -76.226 -944.969
f 1609 1610 1611
f 1611 1612 1609
v -3559.711 -76.227 -944.982
v -3559.037 -76.816 -937.010
v -3467.833 -78.767 -944.725
v -3468.507 -78.018 -952.697
f 1613 1614 1615
f 1615 1616 1613
v -3468.520 -78.018 -952.695
v -3467.820 -78.767 -944.726
v -3380.056 -83.109 -952.427
v -3380.755 -83.112 -960.397
f 1617 1618 1619
f 1619 1620 1617
v -3380.823 -83.107 -960.390
v -3379.988 -83.113 -952.434
v -3349.376 -85.152 -955.644
v -3350.210 -85.458 -963.600
f 1621 1622 1623
f 1623 1624 1621
v -3350.155 -85.463 -963.606
v -3349.430 -85.149 -955.639
v -3274.067 -89.722 -962.495
v -3274.792 -90.403 -970.462
f 1625 1626 1627
f 1627 1628 1625
v -3274.911 -90.399 -970.449
v -3273.947 -89.727 -962.507
v -3235.208 -91.047 -967.210
v -3236.172 -91.645 -975.152
f 1629 1630 1631
f 1631 1632 1629
v -3236.129 -91.645 -975.157
v -3235.252 -91.047 -967.205
v -3184.724 -90.881 -972.780
v -3185.601 -91.180 -980.731
f 1633 1634 1635
f 1635 1636 1633
v -3185.444 -91.175 -980.746
v -3184.881 -90.884 -972.765
v -3113.024 -88.356 -977.838
v -3113.587 -88.027 -985.818
f 1637 1638 1639
f 1639 1640 1637
v -3113.706 -88.032 -985.808
v -3112.905 -88.352 -977.848
v -3047.004 -86.228 -984.480
v -3047.805 -85.574 -992.439
f 1641 1642 1643
f 1643 1644 1641
v -3196.544 -93.220 -1046.272
v -3193.951 -92.990 -1038.704
v -3187.628 -92.534 -1040.871
v -3190.221 -92.759 -1048.439
f 1645 1646 1647
f 1647 1648 1645
v -3189.719 -92.722 -1048.575
v -3188.130 -92.571 -1040.734
v -3176.397 -91.712 -1043.112
v -3177.986 -91.850 -1050.953
f 1649 1650 1651
f 1651 1652 1649
v -3177.583 -91.820 -1051.013
v -3176.800 -91.741 -1043.052
v -3156.518 -90.219 -1045.046
v -3157.301 -90.284 -1053.008
f 1653 1654 1655
f 1655 1656 1653
v -3157.264 -90.280 -1053.012
v -3156.555 -90.223 -1045.043
v -3145.423 -89.277 -1046.034
v -3146.132 -89.322 -1054.002
f 1657 1658 1659
f 1659 1660 1657
v -3145.548 -89.272 -1054.011
v -3146.007 -89.327 -1046.025
v -3135.677 -88.452 -1045.430
v -3135.217 -88.385 -1053.417
f 1661 1662 1663
f 1663 1664 1661
v -3135.125 -88.377 -1053.411
v -3135.769 -88.460 -1045.437
v -3128.411 -87.839 -1044.842
v -3127.767 -87.747 -1052.816
f 1665 1666 1667
f 1667 1668 1665
v -3128.089 -87.774 -1052.829
v -3128.089 -87.811 -1044.829
v -3120.530 -87.171 -1044.829
v -3120.530 -87.125 -1052.829
f 1669 1670 1671
f 1671 1672 1669
v -3120.740 -87.143 -1052.824
v -3120.321 -87.153 -1044.835
v -3112.762 -86.593 -1045.231
v -3113.181 -86.567 -1053.220
f 1673 1674 1675
f 1675 1676 1673
v -3113.718 -86.603 -1053.155
v -3112.225 -86.558 -1045.296
v -3103.877 -86.000 -1046.881
v -3105.369 -86.038 -1054.740
f 1677 1678 1679
f 1679 1680 1677
v -3105.476 -86.046 -1054.719
v -3103.770 -85.993 -1046.903
v -3094.630 -85.377 -1048.897
v -3096.336 -85.433 -1056.713
f 1681 1682 1683
f 1683 1684 1681
v -3096.815 -85.462 -1056.577
v -3094.151 -85.344 -1049.034
v -3090.934 -85.122 -1050.170
v -3093.598 -85.272 -1057.713
f 1685 1686 1687
f 1687 1688 1685
v -3093.593 -85.272 -1057.715
v -3090.940 -85.122 -1050.168
v -3080.042 -84.365 -1053.999
v -3082.695 -84.645 -1061.546
f 1689 1690 1691
f 1691 1692 1689
v -3083.083 -84.666 -1061.386
v -3079.653 -84.337 -1054.159
v -3071.693 -83.998 -1057.937
v -3075.124 -84.274 -1065.164
f 1693 1694 1695
f 1695 1696 1693
v -3075.367 -84.277 -1065.038
v -3071.451 -83.996 -1058.062
v -3066.486 -83.953 -1060.850
v -3070.402 -84.236 -1067.826
f 1697 1698 1699
f 1699 1700 1697
v -3070.991 -84.238 -1067.422
v -3065.897 -83.950 -1061.253
v -3061.322 -83.947 -1065.031
v -3066.416 -84.236 -1071.200
f 1701 1702 1703
f 1703 1704 1701
v -3065.183 -85.190 -1095.635
v -3063.356 -85.642 -1103.424
v -3076.079 -86.048 -1106.409
v -3077.907 -85.676 -1098.621
f 1705 1706 1707
f 1707 1708 1705
v -3078.345 -85.705 -1098.750
v -3075.641 -86.024 -1106.279
v -3080.606 -86.340 -1108.063
v -3083.310 -86.046 -1100.534
f 1709 1710 1711
f 1711 1712 1709
v -3084.501 -86.139 -1101.211
v -3079.415 -86.250 -1107.386
v -3082.799 -86.549 -1110.173
v -3087.885 -86.442 -1103.998
f 1713 1714 1715
f 1715 1716 1713
v -3088.465 -86.499 -1104.586
v -3082.219 -86.493 -1109.584
v -3086.193 -86.919 -1114.551
v -3092.440 -86.917 -1109.553
f 1717 1718 1719
f 1719 1720 1717
v -3092.846 -86.964 -1110.170
v -3085.787 -86.870 -1113.934
v -3088.970 -87.348 -1119.905
v -3096.030 -87.368 -1116.141
f 1721 1722 1723
f 1723 1724 1721
v -3096.308 -87.408 -1116.798
v -3088.692 -87.293 -1119.249
v -3090.674 -87.783 -1125.405
v -3098.289 -87.852 -1122.954
f 1725 1726 1727
f 1727 1728 1725
v -3098.204 -87.835 -1122.715
v -3090.759 -87.802 -1125.644
v -3092.952 -88.234 -1131.218
v -3100.397 -88.234 -1128.290
f 1729 1730 1731
f 1731 1732 1729
v -3100.087 -88.189 -1127.667
v -3093.262 -88.282 -1131.841
v -3095.444 -88.560 -1135.408
v -3102.269 -88.453 -1131.233
f 1733 1734 1735
f 1735 1736 1733
v -3101.210 -88.361 -1130.086
v -3096.503 -88.653 -1136.555
v -3100.878 -88.922 -1139.739
v -3105.585 -88.642 -1133.270
f 1737 1738 1739
f 1739 1740 1737
v -3103.923 -88.566 -1132.565
v -3102.539 -88.988 -1140.444
v -3105.923 -89.070 -1141.038
v -3107.307 -88.673 -1133.159
f 1741 1742 1743
f 1743 1744 1741
v -3105.834 -88.642 -1133.176
v -3107.397 -89.090 -1141.022
v -3110.380 -89.103 -1140.427
v -3108.817 -88.676 -1132.581
f 1745 1746 1747
f 1747 1748 1745
v -3106.587 -88.695 -1133.872
v -3112.610 -89.074 -1139.137
v -3115.393 -88.974 -1135.953
v -3109.370 -88.591 -1130.688
f 1749 1750 1751
f 1751 1752 1749
v -3108.458 -88.666 -1132.541
v -3116.305 -88.909 -1134.101
v -3117.095 -88.752 -1130.124
v -3109.249 -88.480 -1128.565
f 1753 1754 1755
f 1755 1756 1753
v -3109.175 -88.526 -1129.500
v -3117.169 -88.713 -1129.189
v -3116.969 -88.481 -1124.024
v -3108.975 -88.256 -1124.334
f 1757 1758 1759
f 1759 1760 1757
v -3109.048 -88.290 -1124.959
v -3116.895 -88.451 -1123.399
v -3116.105 -88.249 -1119.423
v -3108.258 -88.060 -1120.983
f 1761 1762 1763
f 1763 1764 1761
v -3108.603 -88.124 -1121.991
v -3115.760 -88.192 -1118.416
v -3113.377 -87.929 -1113.647
v -3106.221 -87.790 -1117.222
f 1765 1766 1767
f 1767 1768 1765
v -3107.401 -87.908 -1118.636
v -3112.197 -87.834 -1112.233
v -3108.212 -87.563 -1109.247
v -3103.416 -87.623 -1115.650
f 1769 1770 1771
f 1771 1772 1769
v -3104.025 -87.661 -1116.026
v -3107.603 -87.524 -1108.871
v -3100.445 -87.069 -1105.291
v -3096.867 -87.232 -1112.446
f 1773 1774 1775
f 1775 1776 1773
v -3097.474 -87.267 -1112.690
v -3099.838 -87.031 -1105.047
v -3094.071 -86.689 -1103.264
v -3091.708 -86.952 -1110.907
f 1777 1778 1779
f 1779 1780 1777
v -3091.901 -86.963 -1110.961
v -3093.878 -86.678 -1103.209
v -3082.946 -86.022 -1100.422
v -3080.970 -86.362 -1108.174
f 1781 1782 1783
f 1783 1784 1781
v -3116.718 -88.418 -1122.777
v -3109.226 -88.327 -1125.582
v -3112.955 -88.908 -1135.542
v -3120.447 -88.954 -1132.737
f 1785 1786 1787
f 1787 1788 1785
v -3120.689 -89.003 -1133.827
v -3112.713 -88.852 -1134.452
v -3113.559 -89.377 -1145.258
v -3121.535 -89.437 -1144.633
f 1789 1790 1791
f 1791 1792 1789
v -3121.542 -89.457 -1145.151
v -3113.552 -89.353 -1144.740
v -3112.918 -89.983 -1157.052
v -3120.907 -89.973 -1157.463
f 1793 1794 1795
f 1795 1796 1793
v -3120.835 -89.998 -1158.042
v -3112.990 -89.953 -1156.473
v -3109.383 -90.979 -1174.505
v -3117.228 -90.898 -1176.074
f 1797 1798 1799
f 1799 1800 1797
v -3117.138 -90.919 -1176.437
v -3109.474 -90.956 -1174.142
v -3103.952 -92.153 -1192.583
v -3111.616 -91.983 -1194.878
f 1801 1802 1803
f 1803 1804 1801
v -3111.530 -91.999 -1195.134
v -3104.038 -92.135 -1192.328
v -3099.585 -93.042 -1204.217
v -3107.077 -92.833 -1207.023
f 1805 1806 1807
f 1807 1808 1805
v -3106.952 -92.856 -1207.320
v -3099.711 -93.018 -1203.920
v -3094.835 -93.857 -1214.303
v -3102.076 -93.600 -1217.703
f 1809 1810 1811
f 1811 1812 1809
v -3101.704 -93.651 -1218.337
v -3095.207 -93.804 -1213.669
v -3086.513 -94.988 -1225.770
v -3093.010 -94.808 -1230.438
f 1813 1814 1815
f 1815 1816 1813
v -3092.094 -94.919 -1231.353
v -3087.429 -94.876 -1224.854
v -3080.638 -95.616 -1229.729
v -3085.304 -95.675 -1236.228
f 1817 1818 1819
f 1819 1820 1817
v -3084.286 -95.780 -1236.756
v -3081.656 -95.514 -1229.201
v -3071.904 -96.229 -1232.596
v -3074.535 -96.623 -1240.151
f 1821 1822 1823
f 1823 1824 1821
v -3073.714 -96.651 -1240.343
v -3072.725 -96.197 -1232.404
v -3059.144 -96.634 -1234.095
v -3060.133 -97.057 -1242.033
f 1825 1826 1827
f 1827 1828 1825
v -3068.080 -87.877 -2034.128
v -3062.239 -88.253 -2039.594
v -3074.752 -89.336 -2052.964
v -3080.593 -89.076 -2047.497
f 1829 1830 1831
f 1831 1832 1829
v -3080.807 -89.100 -2047.747
v -3074.537 -89.317 -2052.715
v -3078.567 -89.757 -2057.801
v -3084.837 -89.556 -2052.833
f 1833 1834 1835
f 1835 1836 1833
v -3085.029 -89.578 -2053.096
v -3078.375 -89.734 -2057.537
v -3082.193 -90.249 -2063.258
v -3088.847 -90.035 -2058.817
f 1837 1838 1839
f 1839 1840 1837
v -3089.001 -90.054 -2059.066
v -3082.040 -90.225 -2063.009
v -3086.493 -90.936 -2070.869
v -3093.453 -90.701 -2066.926
f 1841 1842 1843
f 1843 1844 1841
v -3093.445 -90.700 -2066.911
v -3086.501 -90.937 -2070.885
v -3090.743 -91.542 -2078.296
v -3097.686 -91.270 -2074.323
f 1845 1846 1847
f 1847 1848 1845
v -3097.487 -91.247 -2074.009
v -3090.942 -91.566 -2078.609
v -3094.971 -91.985 -2084.343
v -3101.517 -91.646 -2079.743
f 1849 1850 1851
f 1851 1852 1849
v -3101.588 -91.653 -2079.847
v -3094.901 -91.978 -2084.239
v -3099.776 -92.457 -2091.663
v -3106.463 -92.103 -2087.272
f 1853 1854 1855
f 1855 1856 1853
v -3106.500 -92.106 -2087.329
v -3099.740 -92.453 -2091.607
v -3103.770 -92.823 -2097.974
v -3110.530 -92.440 -2093.696
f 1857 1858 1859
f 1859 1860 1857
v -3110.335 -92.427 -2093.417
v -3103.964 -92.838 -2098.254
v -3108.628 -93.121 -2104.397
v -3115.000 -92.693 -2099.560
f 1861 1862 1863
f 1863 1864 1861
v -3114.427 -92.671 -2098.950
v -3109.201 -93.143 -2105.007
v -3115.357 -93.266 -2110.318
v -3120.583 -92.776 -2104.261
f 1865 1866 1867
f 1867 1868 1865
v -3120.059 -92.775 -2103.878
v -3115.881 -93.270 -2110.701
v -3122.460 -93.180 -2114.730
v -3126.638 -92.713 -2107.908
f 1869 1870 1871
f 1871 1872 1869
v -3126.097 -92.723 -2107.631
v -3123.001 -93.166 -2115.007
v -3131.061 -92.883 -2118.389
v -3134.156 -92.509 -2111.013
f 1873 1874 1875
f 1875 1876 1873
v -3134.038 -92.513 -2110.965
v -3131.178 -92.878 -2118.437
v -3138.392 -92.554 -2121.198
v -3141.252 -92.253 -2113.727
f 1877 1878 1879
f 1879 1880 1877
v -3141.567 -92.240 -2113.863
v -3138.077 -92.569 -2121.062
v -3144.645 -92.232 -2124.245
v -3148.135 -91.958 -2117.047
f 1881 1882 1883
f 1883 1884 1881
v -3148.537 -91.939 -2117.272
v -3144.242 -92.254 -2124.021
v -3155.908 -91.532 -2131.445
v -3160.204 -91.271 -2124.696
f 1885 1886 1887
f 1887 1888 1885
v -3160.072 -91.280 -2124.616
v -3156.040 -91.522 -2131.526
v -3159.369 -91.275 -2133.468
v -3163.400 -91.044 -2126.558
f 1889 1890 1891
f 1891 1892 1889
v -3163.407 -91.044 -2126.562
v -3159.362 -91.275 -2133.464
v -3161.121 -91.135 -2134.495
v -3165.165 -90.913 -2127.592
f 1893 1894 1895
f 1895 1896 1893
v -3164.470 -90.964 -2127.270
v -3161.816 -91.080 -2134.817
v -3165.423 -90.787 -2136.085
v -3168.077 -90.699 -2128.538
f 1897 1898 1899
f 1899 1900 1897
v -3167.685 -90.728 -2128.422
v -3165.815 -90.755 -2136.201
v -3171.971 -90.243 -2137.680
v -3173.841 -90.269 -2129.902
f 1901 1902 1903
f 1903 1904 1901
v -3173.486 -90.295 -2129.834
v -3172.326 -90.213 -2137.749
v -3182.512 -89.348 -2139.242
v -3183.672 -89.523 -2131.326
f 1905 1906 1907
f 1907 1908 1905
v -3183.976 -89.499 -2131.383
v -3182.208 -89.375 -2139.185
v -3191.536 -88.521 -2141.299
v -3193.304 -88.725 -2133.497
f 1909 1910 1911
f 1911 1912 1909
v -3193.109 -88.742 -2133.458
v -3191.732 -88.503 -2141.338
v -3201.483 -87.617 -2143.042
v -3202.861 -87.954 -2135.162
f 1913 1914 1915
f 1915 1916 1913
v -3202.841 -87.955 -2135.158
v -3201.503 -87.615 -2143.046
v -3211.478 -86.808 -2144.737
v -3212.815 -87.206 -2136.849
f 1917 1918 1919
f 1919 1920 1917
v -3212.395 -87.236 -2136.801
v -3211.898 -86.775 -2144.785
v -3218.688 -86.259 -2145.208
v -3219.185 -86.762 -2137.224
f 1921 1922 1923
f 1923 1924 1921
v -3218.576 -86.801 -2137.232
v -3219.298 -86.215 -2145.200
v -3223.962 -85.909 -2144.777
v -3223.240 -86.523 -2136.810
f 1925 1926 1927
f 1927 1928 1925
v -3223.194 -86.526 -2136.814
v -3224.008 -85.906 -2144.772
v -3232.279 -85.377 -2143.927
v -3231.465 -86.047 -2135.968
f 1929 1930 1931
f 1931 1932 1929
v -3231.500 -86.045 -2135.965
v -3232.244 -85.380 -2143.930
v -3239.034 -84.949 -2143.296
v -3238.291 -85.655 -2135.331
f 1933 1934 1935
f 1935 1936 1933
v -3238.662 -85.632 -2135.314
v -3238.662 -84.974 -2143.314
v -3243.750 -84.692 -2143.314
v -3243.750 -85.367 -2135.314
f 1937 1938 1939
f 1939 1940 1937
v -3244.276 -85.342 -2135.348
v -3243.223 -84.717 -2143.279
v -3249.591 -84.373 -2144.124
v -3250.644 -85.004 -2136.194
f 1941 1942 1943
f 1943 1944 1941
v -3251.308 -84.964 -2136.340
v -3248.927 -84.414 -2143.978
v -3255.072 -83.986 -2145.893
v -3257.453 -84.542 -2138.256
f 1945 1946 1947
f 1947 1948 1945
v -3257.833 -84.514 -2138.396
v -3254.691 -84.014 -2145.753
v -3262.116 -83.419 -2148.924
v -3265.258 -83.924 -2141.567
f 1949 1950 1951
f 1951 1952 1949
v -3265.776 -83.879 -2141.834
v -3261.598 -83.465 -2148.656
v -3268.177 -82.842 -2152.686
v -3272.355 -83.244 -2145.864
f 1953 1954 1955
f 1955 1956 1953
v -3272.329 -83.246 -2145.848
v -3268.203 -82.840 -2152.702
v -3278.957 -81.976 -2159.175
v -3283.083 -82.239 -2152.321
f 1957 1958 1959
f 1959 1960 1957
v -3283.082 -82.239 -2152.321
v -3278.957 -81.976 -2159.175
v -3309.993 -80.752 -2177.856
v -3314.118 -81.097 -2171.002
f 1961 1962 1963
f 1963 1964 1961
v -3314.118 -81.097 -2171.002
v -3309.992 -80.752 -2177.856
v -3316.137 -80.586 -2181.555
v -3320.263 -80.922 -2174.701
f 1965 1966 1967
f 1967 1968 1965
v -3320.472 -80.916 -2174.836
v -3315.928 -80.592 -2181.420
v -3322.073 -80.509 -2185.661
v -3326.617 -80.847 -2179.077
f 1969 1970 1971
f 1971 1972 1969
v -3327.032 -80.849 -2179.406
v -3321.658 -80.513 -2185.332
v -3326.333 -80.574 -2189.573
v -3331.708 -80.897 -2183.647
f 1973 1974 1975
f 1975 1976 1973
v -3332.202 -80.910 -2184.185
v -3325.839 -80.560 -2189.035
v -3328.589 -80.628 -2192.642
v -3334.951 -80.981 -2187.791
f 1977 1978 1979
f 1979 1980 1977
v -3335.317 -80.989 -2188.368
v -3328.223 -80.620 -2192.065
v -3330.984 -80.669 -2197.363
v -3338.078 -81.045 -2193.666
f 1981 1982 1983
f 1983 1984 1981
v -3338.325 -81.049 -2194.248
v -3330.737 -80.666 -2196.781
v -3333.286 -80.679 -2204.417
v -3340.874 -81.076 -2201.884
f 1985 1986 1987
f 1987 1988 1985
v -3340.528 -81.068 -2201.123
v -3333.632 -80.685 -2205.178
v -3336.381 -80.758 -2209.854
v -3343.278 -81.147 -2205.800
f 1989 1990 1991
f 1991 1992 1989
v -3342.830 -81.132 -2205.182
v -3336.829 -80.773 -2210.473
v -3339.334 -80.871 -2213.313
v -3345.334 -81.224 -2208.022
f 1993 1994 1995
f 1995 1996 1993
v -3345.332 -81.224 -2208.019
v -3339.336 -80.871 -2213.316
v -3341.507 -81.010 -2215.773
v -3347.503 -81.306 -2210.477
f 1997 1998 1999
f 1999 2000 1997
v -3347.149 -81.292 -2210.123
v -3341.861 -81.032 -2216.127
v -3348.852 -81.444 -2222.283
v -3354.140 -81.647 -2216.280
f 2001 2002 2003
f 2003 2004 2001
v -3353.867 -81.631 -2216.060
v -3349.125 -81.460 -2222.503
v -3357.184 -81.900 -2228.435
v -3361.926 -82.077 -2221.992
f 2005 2006 2007
f 2007 2008 2005
v -3361.840 -82.072 -2221.930
v -3357.271 -81.904 -2228.497
v -3367.034 -82.439 -2235.288
v -3371.602 -82.687 -2228.720
f 2009 2010 2011
f 2011 2012 2009
v -3308.647 -80.817 -2176.523
v -3315.463 -81.032 -2172.335
v -3312.914 -81.237 -2168.186
v -3306.098 -81.029 -2172.375
f 2013 2014 2015
f 2015 2016 2013
v -3305.794 -81.060 -2171.771
v -3313.218 -81.207 -2168.790
v -3311.515 -81.421 -2164.549
v -3304.091 -81.284 -2167.531
f 2017 2018 2019
f 2019 2020 2017
v -3304.304 -81.260 -2167.978
v -3311.302 -81.444 -2164.102
v -3309.187 -81.645 -2160.284
v -3302.189 -81.468 -2164.160
f 2021 2022 2023
f 2023 2024 2021
v -3302.260 -81.461 -2164.283
v -3309.116 -81.652 -2160.160
v -3307.201 -81.824 -2156.977
v -3300.345 -81.639 -2161.099
f 2025 2026 2027
f 2027 2028 2025
v -3300.731 -81.608 -2161.635
v -3306.815 -81.854 -2156.441
v -3304.277 -82.026 -2153.468
v -3298.193 -81.781 -2158.663
f 2029 2030 2031
f 2031 2032 2029
v -3299.257 -81.728 -2159.542
v -3303.213 -82.080 -2152.589
v -3300.241 -82.224 -2150.898
v -3296.285 -81.836 -2157.851
f 2033 2034 2035
f 2035 2036 2033
v -3297.789 -81.801 -2158.346
v -3298.737 -82.275 -2150.403
v -3293.427 -82.372 -2149.768
v -3292.479 -81.864 -2157.712
f 2037 2038 2039
f 2039 2040 2037
v -3293.877 -81.861 -2157.632
v -3292.029 -82.377 -2149.848
v -3287.576 -82.323 -2150.905
v -3289.424 -81.823 -2158.689
f 2041 2042 2043
f 2043 2044 2041
v -3289.027 -81.820 -2158.762
v -3287.974 -82.327 -2150.832
v -3284.790 -82.315 -2151.255
v -3285.843 -81.811 -2159.185
f 2045 2046 2047
f 2047 2048 2045
v -3285.805 -81.810 -2159.190
v -3284.828 -82.315 -2151.250
v -3280.531 -82.364 -2151.778
v -3281.508 -81.829 -2159.718
f 2049 2050 2051
f 2051 2052 2049
v -3343.507 -81.096 -2214.492
v -3341.161 -81.031 -2206.844
v -3335.907 -80.753 -2208.455
v -3338.253 -80.852 -2216.104
f 2053 2054 2055
f 2055 2056 2053
v -3338.668 -80.870 -2215.951
v -3335.492 -80.730 -2208.608
v -3330.605 -80.458 -2210.722
v -3333.781 -80.655 -2218.065
f 2057 2058 2059
f 2059 2060 2057
v -3334.304 -80.677 -2217.791
v -3330.082 -80.428 -2210.996
v -3323.937 -80.116 -2214.814
v -3328.159 -80.430 -2221.609
f 2061 2062 2063
f 2063 2064 2061
v -3327.511 -80.403 -2221.934
v -3324.586 -80.144 -2214.488
v -3319.710 -80.095 -2216.404
v -3322.635 -80.236 -2223.850
f 2065 2066 2067
f 2067 2068 2065
v -3322.545 -80.236 -2223.884
v -3319.800 -80.095 -2216.370
v -3313.433 -80.087 -2218.695
v -3316.177 -80.233 -2226.209
f 2069 2070 2071
f 2071 2072 2069
v -3315.861 -80.233 -2226.310
v -3313.749 -80.087 -2218.594
v -3306.747 -80.071 -2220.510
v -3308.859 -80.222 -2228.226
f 2073 2074 2075
f 2075 2076 2073
v -3309.375 -80.222 -2228.046
v -3306.231 -80.070 -2220.689
v -3301.779 -80.074 -2222.592
v -3304.922 -80.230 -2229.949
f 2077 2078 2079
f 2079 2080 2077
v -3306.339 -80.220 -2228.928
v -3300.361 -80.084 -2223.612
v -3296.966 -80.135 -2227.430
v -3302.944 -80.270 -2232.746
f 2081 2082 2083
f 2083 2084 2081
v -3302.691 -80.273 -2233.007
v -3297.219 -80.131 -2227.170
v -3290.652 -80.213 -2233.326
v -3296.123 -80.356 -2239.163
f 2085 2086 2087
f 2087 2088 2085
v -3296.459 -80.350 -2238.806
v -3290.315 -80.218 -2233.683
v -3287.131 -80.279 -2237.501
v -3293.275 -80.410 -2242.625
f 2089 2090 2091
f 2091 2092 2089
v -3292.684 -80.419 -2243.201
v -3287.723 -80.270 -2236.925
v -3282.625 -80.329 -2240.954
v -3287.585 -80.625 -2247.231
f 2093 2094 2095
f 2095 2096 2093
v -3286.267 -80.662 -2247.920
v -3283.943 -80.320 -2240.265
v -3279.068 -80.495 -2241.744
v -3281.391 -80.782 -2249.400
f 2097 2098 2099
f 2099 2100 2097
v -3279.665 -80.871 -2249.532
v -3280.793 -80.411 -2241.612
v -3276.340 -80.609 -2240.978
v -3275.212 -81.042 -2248.898
f 2101 2102 2103
f 2103 2104 2101
v -3274.786 -81.057 -2248.813
v -3276.767 -80.590 -2241.062
v -3268.496 -80.938 -2238.949
v -3266.515 -81.319 -2246.699
f 2105 2106 2107
f 2107 2108 2105
v -3265.897 -81.336 -2246.486
v -3269.114 -80.913 -2239.162
v -3260.420 -81.247 -2235.344
v -3257.203 -81.550 -2242.668
f 2109 2110 2111
f 2111 2112 2109
v -3256.953 -81.559 -2242.548
v -3260.669 -81.237 -2235.464
v -3251.753 -81.565 -2230.787
v -3248.037 -81.886 -2237.871
f 2113 2114 2115
f 2115 2116 2113
v -3246.964 -81.920 -2237.052
v -3252.825 -81.531 -2231.607
v -3247.315 -81.672 -2225.675
v -3241.454 -82.062 -2231.120
f 2117 2118 2119
f 2119 2120 2117
v -3241.404 -82.063 -2231.065
v -3247.365 -81.671 -2225.729
v -3240.151 -81.893 -2217.671
v -3234.190 -82.585 -2223.006
f 2121 2122 2123
f 2123 2124 2121
v -3233.693 -82.620 -2222.314
v -3240.649 -81.858 -2218.363
v -3234.504 -82.464 -2207.543
v -3227.548 -83.080 -2211.494
f 2125 2126 2127
f 2127 2128 2125
v -3227.373 -83.103 -2211.149
v -3234.679 -82.441 -2207.888
v -3230.226 -83.060 -2197.913
v -3222.921 -83.710 -2201.174
f 2129 2130 2131
f 2131 2132 2129
v -3223.045 -83.694 -2201.429
v -3230.101 -83.076 -2197.658
v -3225.002 -83.730 -2188.120
v -3217.947 -84.338 -2191.891
f 2133 2134 2135
f 2135 2136 2133
v -3218.248 -84.302 -2192.369
v -3224.702 -83.767 -2187.642
v -3220.037 -84.347 -2181.274
v -3213.584 -84.840 -2186.001
f 2137 2138 2139
f 2139 2140 2137
v -3213.640 -84.834 -2186.076
v -3219.981 -84.356 -2181.199
v -3211.499 -85.601 -2170.168
v -3205.157 -85.965 -2175.044
f 2141 2142 2143
f 2143 2144 2141
v -3205.878 -85.872 -2175.767
v -3210.778 -85.693 -2169.444
v -3206.960 -86.139 -2166.485
v -3202.059 -86.324 -2172.808
f 2145 2146 2147
f 2147 2148 2145
v -3202.611 -86.262 -2173.167
v -3206.409 -86.200 -2166.126
v -3200.898 -86.774 -2163.154
v -3197.100 -86.913 -2170.194
f 2149 2150 2151
f 2151 2152 2149
v -3197.376 -86.878 -2170.330
v -3200.623 -86.802 -2163.018
v -3189.168 -88.126 -2157.932
v -3185.921 -88.278 -2165.244
f 2153 2154 2155
f 2155 2156 2153
v -3185.860 -88.285 -2165.215
v -3189.230 -88.119 -2157.960
v -3183.285 -88.784 -2155.199
v -3179.915 -88.977 -2162.454
f 2157 2158 2159
f 2159 2160 2157
v -3178.966 -89.088 -2161.837
v -3184.234 -88.676 -2155.816
v -3179.147 -89.275 -2151.364
v -3173.879 -89.686 -2157.384
f 2161 2162 2163
f 2163 2164 2161
v -3173.246 -89.760 -2156.683
v -3179.779 -89.194 -2152.066
v -3177.230 -89.536 -2148.459
v -3170.697 -90.060 -2153.076
f 2165 2166 2167
f 2167 2168 2165
v -3170.651 -90.065 -2153.010
v -3177.276 -89.530 -2148.526
v -3172.823 -90.083 -2141.947
v -3166.198 -90.585 -2146.430
f 2169 2170 2171
f 2171 2172 2169
v -3166.312 -90.572 -2146.590
v -3172.710 -90.096 -2141.787
v -3168.891 -90.505 -2136.701
v -3162.494 -90.965 -2141.504
f 2173 2174 2175
f 2175 2176 2173
v -3162.336 -90.981 -2141.278
v -3169.049 -90.489 -2136.927
v -3166.711 -90.726 -2133.320
v -3159.998 -91.201 -2137.671
f 2177 2178 2179
f 2179 2180 2177
v -3159.591 -91.238 -2136.848
v -3167.119 -90.683 -2134.143
v -3165.149 -90.901 -2128.660
v -3157.620 -91.412 -2131.366
f 2181 2182 2183
f 2183 2184 2181
v -3226.737 -83.298 -2203.540
v -3226.409 -83.469 -2195.547
v -3215.800 -84.480 -2195.983
v -3216.129 -84.327 -2203.976
f 2185 2186 2187
f 2187 2188 2185
v -3215.998 -84.340 -2203.980
v -3215.931 -84.468 -2195.980
v -3190.684 -87.155 -2196.191
v -3190.751 -87.073 -2204.191
f 2189 2190 2191
f 2191 2192 2189
v -3190.241 -87.139 -2204.163
v -3191.194 -87.090 -2196.220
v -3176.989 -88.881 -2194.515
v -3176.036 -88.963 -2202.458
f 2193 2194 2195
f 2195 2196 2193
v -3175.738 -89.002 -2202.411
v -3177.287 -88.843 -2194.563
v -3162.226 -90.726 -2191.590
v -3160.677 -90.919 -2199.439
f 2197 2198 2199
f 2199 2200 2197
v -3161.884 -90.767 -2199.491
v -3161.018 -90.876 -2191.538
v -3155.074 -91.613 -2192.185
v -3155.940 -91.519 -2200.138
f 2201 2202 2203
f 2203 2204 2201
v -3157.521 -91.319 -2199.618
v -3153.493 -91.811 -2192.706
v -3150.409 -92.200 -2194.502
v -3154.437 -91.712 -2201.414
f 2205 2206 2207
f 2207 2208 2205
v -3154.431 -91.713 -2201.418
v -3150.416 -92.199 -2194.499
v -3148.412 -92.453 -2195.661
v -3152.427 -91.971 -2202.581
f 2209 2210 2211
f 2211 2212 2209
v -3153.478 -91.834 -2201.698
v -3147.361 -92.589 -2196.544
v -3143.965 -93.037 -2200.573
v -3150.083 -92.280 -2205.728
f 2213 2214 2215
f 2215 2216 2213
v -3150.772 -92.188 -2204.549
v -3143.277 -93.131 -2201.752
v -3141.373 -93.405 -2206.851
v -3148.868 -92.452 -2209.649
f 2217 2218 2219
f 2219 2220 2217
v -3148.990 -92.434 -2209.266
v -3141.252 -93.423 -2207.234
v -3138.914 -93.765 -2216.139
v -3146.652 -92.762 -2218.170
f 2221 2222 2223
f 2223 2224 2221
v -3146.714 -92.754 -2217.896
v -3138.852 -93.773 -2216.413
v -3137.372 -93.959 -2224.260
v -3145.233 -92.954 -2225.744
f 2225 2226 2227
f 2227 2228 2225
v -3145.300 -92.945 -2225.155
v -3137.305 -93.967 -2224.848
v -3137.094 -93.989 -2230.358
v -3145.088 -92.978 -2230.665
f 2229 2230 2231
f 2231 2232 2229
v -3145.047 -92.984 -2231.101
v -3137.135 -93.984 -2229.921
v -3136.500 -94.060 -2234.175
v -3144.413 -93.068 -2235.355
f 2233 2234 2235
f 2235 2236 2233
v -3144.286 -93.084 -2235.919
v -3136.626 -94.045 -2233.611
v -3134.712 -94.276 -2239.966
v -3142.372 -93.326 -2242.274
f 2237 2238 2239
f 2239 2240 2237
v -3141.901 -93.385 -2243.292
v -3135.183 -94.219 -2238.948
v -3130.518 -94.750 -2246.161
v -3137.236 -93.898 -2250.505
f 2241 2242 2243
f 2243 2244 2241
v -3137.111 -93.911 -2250.687
v -3130.644 -94.737 -2245.979
v -3127.248 -95.072 -2250.642
v -3133.716 -94.257 -2255.351
f 2245 2246 2247
f 2247 2248 2245
v -3150.800 -92.175 -2201.614
v -3154.047 -91.745 -2194.303
v -3145.687 -92.769 -2190.590
v -3142.440 -93.214 -2197.902
f 2249 2250 2251
f 2251 2252 2249
v -3143.458 -93.088 -2198.200
v -3144.669 -92.893 -2190.292
v -3136.386 -93.905 -2189.024
v -3135.176 -94.120 -2196.932
f 2253 2254 2255
f 2255 2256 2253
v -3136.035 -94.012 -2196.970
v -3135.527 -94.010 -2188.986
v -3125.564 -95.242 -2189.620
v -3126.072 -95.270 -2197.604
f 2257 2258 2259
f 2259 2260 2257
v -3126.753 -95.183 -2197.501
v -3124.883 -95.327 -2189.723
v -3118.727 -96.106 -2191.202
v -3120.597 -95.977 -2198.981
f 2261 2262 2263
f 2263 2264 2261
v -3120.175 -96.031 -2199.058
v -3119.149 -96.052 -2191.125
v -3110.878 -96.904 -2192.195
v -3111.904 -96.931 -2200.129
f 2265 2266 2267
f 2267 2268 2265
v -3111.516 -96.969 -2200.160
v -3111.266 -96.867 -2192.164
v -3104.487 -97.503 -2192.375
v -3104.736 -97.618 -2200.371
f 2269 2270 2271
f 2271 2272 2269
v -3104.498 -97.641 -2200.371
v -3104.725 -97.481 -2192.375
v -3097.300 -98.170 -2192.163
v -3097.073 -98.345 -2200.160
f 2273 2274 2275
f 2275 2276 2273
v -3097.324 -98.321 -2200.159
v -3097.049 -98.194 -2192.164
v -3090.893 -98.773 -2192.375
v -3091.168 -98.912 -2200.371
f 2277 2278 2279
f 2279 2280 2277
v -3092.092 -98.821 -2200.230
v -3089.969 -98.862 -2192.516
v -3083.824 -99.474 -2194.207
v -3085.947 -99.444 -2201.921
f 2281 2282 2283
f 2283 2284 2281
v -3085.905 -99.448 -2201.932
v -3083.866 -99.470 -2194.196
v -3075.796 -100.279 -2196.323
v -3077.834 -100.272 -2204.059
f 2285 2286 2287
f 2287 2288 2285
v -3077.614 -100.294 -2204.110
v -3076.016 -100.257 -2196.272
v -3066.687 -100.697 -2198.174
v -3068.286 -100.830 -2206.013
f 2289 2290 2291
f 2291 2292 2289
v -3067.865 -100.849 -2206.076
v -3067.108 -100.679 -2198.111
v -3062.656 -100.870 -2198.534
v -3063.412 -101.044 -2206.498
f 2293 2294 2295
f 2295 2296 2293
v -3069.406 -84.821 -1013.740
v -3064.075 -85.002 -1007.776
v -3060.691 -84.786 -1010.801
v -3066.022 -84.604 -1016.765
f 2297 2298 2299
f 2299 2300 2297
v -4487.115 -102.053 -853.406
v -4488.954 -101.630 -861.191
v -4498.015 -101.293 -859.052
v -4496.177 -101.677 -851.266
f 2301 2302 2303
f 2303 2304 2301
v -4495.245 -101.712 -851.612
v -4498.947 -101.262 -858.705
v -4512.539 -100.819 -851.611
v -4508.837 -101.226 -844.519
f 2305 2306 2307
f 2307 2308 2305
v -4509.953 -101.175 -844.133
v -4511.423 -100.865 -851.997
v -4531.004 -99.674 -848.338
v -4529.534 -99.890 -840.474
f 2309 2310 2311
f 2311 2312 2309
v -4529.941 -99.856 -840.419
v -4530.597 -99.706 -848.392
v -4579.433 -95.760 -844.377
v -4578.777 -95.747 -836.403
f 2313 2314 2315
f 2315 2316 2313
v -4578.789 -95.746 -836.403
v -4579.421 -95.761 -844.378
v -4663.256 -91.358 -837.733
v -4662.624 -91.226 -829.758
f 2317 2318 2319
f 2319 2320 2317
v -4662.230 -91.229 -829.809
v -4663.649 -91.354 -837.682
v -4674.347 -91.252 -835.753
v -4672.928 -91.126 -827.880
f 2321 2322 2323
f 2323 2324 2321
v -4673.167 -91.124 -827.845
v -4674.108 -91.254 -835.789
v -4695.727 -91.493 -833.226
v -4694.785 -91.326 -825.282
f 2325 2326 2327
f 2327 2328 2325
v -4694.849 -91.328 -825.275
v -4695.663 -91.491 -833.233
v -4724.995 -92.659 -830.235
v -4724.182 -92.524 -822.276
f 2329 2330 2331
f 2331 2332 2329
v -4724.190 -92.525 -822.275
v -4724.987 -92.659 -830.236
v -4784.932 -97.083 -824.238
v -4784.136 -97.017 -816.278
f 2333 2334 2335
f 2335 2336 2333
v -4784.172 -97.020 -816.275
v -4784.896 -97.080 -824.242
v -4820.218 -99.731 -821.032
v -4819.494 -99.753 -813.065
f 2337 2338 2339
f 2339 2340 2337
v -4820.236 -99.796 -813.067
v -4819.475 -99.689 -821.030
v -4828.459 -100.190 -821.889
v -4829.220 -100.310 -813.925
f 2341 2342 2343
f 2343 2344 2341
v -4829.321 -100.316 -813.936
v -4828.357 -100.184 -821.878
v -4835.426 -100.574 -822.736
v -4836.390 -100.717 -814.795
f 2345 2346 2347
f 2347 2348 2345
v -4835.290 -100.653 -814.814
v -4836.526 -100.637 -822.718
v -4843.372 -101.036 -821.648
v -4842.136 -101.062 -813.744
f 2349 2350 2351
f 2351 2352 2349
v -4840.848 -100.982 -814.179
v -4844.660 -101.114 -821.212
v -4849.803 -101.443 -818.425
v -4845.991 -101.271 -811.392
f 2353 2354 2355
f 2355 2356 2353
v -4846.847 -101.314 -811.049
v -4848.947 -101.390 -818.768
v -4853.656 -101.596 -817.487
v -4851.556 -101.560 -809.767
f 2357 2358 2359
f 2359 2360 2357
v -4852.135 -101.587 -809.655
v -4853.077 -101.590 -817.599
v -4869.351 -101.735 -815.671
v -4868.410 -101.658 -807.726
f 2361 2362 2363
f 2363 2364 2361
v -4868.517 -101.659 -807.715
v -4869.244 -101.734 -815.682
v -4927.898 -100.016 -810.332
v -4927.172 -99.867 -802.365
f 2365 2366 2367
f 2367 2368 2365
v -4927.285 -99.861 -802.356
v -4927.785 -100.022 -810.341
v -4989.434 0.050 -806.483
v -4988.934 0.050 -798.499
f 2369 2370 2371
f 2371 2372 2369
v -4988.795 0.050 -798.510
v -4989.573 0.050 -806.472
v -5002.152 0.050 -805.244
v -5001.374 0.050 -797.282
f 2373 2374 2375
f 2375 2376 2373
v -5001.377 0.050 -797.281
v -5002.149 0.050 -805.244
v -5037.961 0.050 -801.770
v -5037.188 0.050 -793.807
f 2377 2378 2379
f 2379 2380 2377
v -5037.078 0.050 -793.819
v -5038.071 0.050 -801.758
v -5077.456 0.050 -796.830
v -5076.463 0.050 -788.892
f 2381 2382 2383
f 2383 2384 2381
v -5076.522 0.050 -788.885
v -5077.396 0.050 -796.837
v -5131.987 0.050 -790.840
v -5131.113 0.050 -782.888
f 2385 2386 2387
f 2387 2388 2385
v -5131.162 0.050 -782.883
v -5131.939 0.050 -790.845
v -5182.455 0.050 -785.918
v -5181.679 0.050 -777.956
f 2389 2390 2391
f 2391 2392 2389
v -5004.689 0.050 -803.990
v -4998.837 0.050 -798.535
v -4987.115 0.050 -811.111
v -4992.967 0.050 -816.566
f 2393 2394 2395
f 2395 2396 2393
v -4993.342 0.050 -816.097
v -4986.739 0.050 -811.580
v -4983.956 0.050 -815.649
v -4990.559 0.050 -820.165
f 2397 2398 2399
f 2399 2400 2397
v -4990.605 0.050 -820.098
v -4983.911 0.050 -815.716
v -4980.271 0.050 -821.278
v -4986.965 0.050 -825.659
f 2401 2402 2403
f 2403 2404 2401
v -4987.523 0.050 -824.332
v -4979.712 0.050 -822.604
v -4978.432 0.050 -828.390
v -4986.243 0.050 -830.118
f 2405 2406 2407
f 2407 2408 2405
v -4986.300 0.050 -828.710
v -4978.375 0.050 -829.798
v -4979.020 0.050 -834.501
v -4986.946 0.050 -833.413
f 2409 2410 2411
f 2411 2412 2409
v -4986.844 0.050 -832.909
v -4979.123 0.050 -835.005
v -4980.403 0.050 -839.721
v -4988.124 0.050 -837.625
f 2413 2414 2415
f 2415 2416 2413
v -4986.897 0.050 -835.662
v -4981.630 0.050 -841.684
v -4985.059 0.050 -844.682
v -4990.325 0.050 -838.660
f 2417 2418 2419
f 2419 2420 2417
v -4990.673 0.050 -839.004
v -4984.711 0.050 -844.338
v -4988.351 0.050 -848.407
v -4994.313 0.050 -843.073
f 2421 2422 2423
f 2423 2424 2421
v -4994.745 0.050 -843.654
v -4987.919 0.050 -847.826
v -4990.268 0.050 -851.670
v -4997.094 0.050 -847.498
f 2425 2426 2427
f 2427 2428 2425
v -4997.425 0.050 -848.176
v -4989.937 0.050 -850.992
v -4991.228 0.050 -854.426
v -4998.716 0.050 -851.611
f 2429 2430 2431
f 2431 2432 2429
v -4998.933 0.050 -852.459
v -4991.012 0.050 -853.578
v -4991.646 0.050 -858.069
v -4999.568 0.050 -856.950
f 2433 2434 2435
f 2435 2436 2433
v -4999.471 0.050 -858.542
v -4991.742 0.050 -856.478
v -4990.885 0.050 -859.688
v -4998.614 0.050 -861.752
f 2437 2438 2439
f 2439 2440 2437
v -4997.874 0.050 -863.218
v -4991.626 0.050 -858.222
v -4985.637 0.050 -865.712
v -4991.885 0.050 -870.708
f 2441 2442 2443
f 2443 2444 2441
v -4991.149 0.050 -871.419
v -4986.373 0.050 -865.001
v -4978.881 0.050 -870.575
v -4983.657 0.050 -876.994
f 2445 2446 2447
f 2447 2448 2445
v -4983.699 0.050 -876.961
v -4978.838 0.050 -870.608
v -4972.415 -94.148 -875.522
v -4977.276 0.050 -881.875
f 2449 2450 2451
f 2451 2452 2449
v -4977.522 0.050 -881.672
v -4972.170 -94.159 -875.725
v -4967.884 -94.328 -879.583
v -4973.236 -93.579 -885.529
f 2453 2454 2455
f 2455 2456 2453
v -4974.316 -93.570 -883.933
v -4966.804 -94.332 -881.179
v -4965.313 -94.229 -885.247
v -4972.824 -93.488 -888.001
f 2457 2458 2459
f 2459 2460 2457
v -4973.043 -93.517 -887.072
v -4965.093 -94.195 -886.177
v -4964.659 -94.012 -890.034
v -4972.609 -93.358 -890.929
f 2461 2462 2463
f 2463 2464 2461
v -4972.629 -93.368 -890.689
v -4964.640 -94.000 -890.274
v -4964.428 -93.785 -894.343
v -4972.417 -93.180 -894.758
f 2465 2466 2467
f 2467 2468 2465
v -4972.076 -93.298 -892.921
v -4964.769 -93.657 -896.179
v -4966.484 -93.322 -900.024
v -4973.790 -92.981 -896.765
f 2469 2470 2471
f 2471 2472 2469
v -4973.716 -92.994 -896.608
v -4966.558 -93.309 -900.181
v -4968.484 -92.970 -904.038
v -4975.642 -92.673 -900.465
f 2473 2474 2475
f 2475 2476 2473
v -4974.849 -92.779 -899.382
v -4969.277 -92.852 -905.122
v -4976.557 0.050 -912.189
v -4982.129 0.050 -906.449
f 2477 2478 2479
f 2479 2480 2477
v -4981.529 0.050 -905.969
v -4977.157 0.050 -912.669
v -4982.723 0.050 -916.301
v -4987.095 0.050 -909.602
f 2481 2482 2483
f 2483 2484 2481
v -4988.058 0.050 -910.485
v -4981.760 0.050 -915.418
v -4984.109 0.050 -918.417
v -4990.407 0.050 -913.484
f 2485 2486 2487
f 2487 2488 2485
v -4990.752 0.050 -914.004
v -4983.763 0.050 -917.897
v -4985.912 0.050 -921.754
v -4992.901 0.050 -917.861
f 2489 2490 2491
f 2491 2492 2489
v -4993.339 0.050 -919.078
v -4985.473 0.050 -920.537
v -4986.108 0.050 -923.958
v -4993.974 0.050 -922.500
f 2493 2494 2495
f 2495 2496 2493
v -4994.006 0.050 -923.758
v -4986.076 0.050 -922.700
v -4985.219 0.050 -929.120
v -4993.149 0.050 -930.178
f 2497 2498 2499
f 2499 2500 2497
v -4993.111 0.050 -930.409
v -4985.257 0.050 -928.889
v -4984.411 0.050 -933.262
v -4992.265 0.050 -934.781
f 2501 2502 2503
f 2503 2504 2501
v -4992.265 0.050 -934.780
v -4984.410 0.050 -933.263
v -4983.765 0.050 -936.605
v -4991.619 0.050 -938.122
f 2505 2506 2507
f 2507 2508 2505
v -4991.122 0.050 -939.421
v -4984.262 0.050 -935.306
v -4980.410 0.050 -941.726
v -4987.270 0.050 -945.841
f 2509 2510 2511
f 2511 2512 2509
v -4987.167 0.050 -946.004
v -4980.514 0.050 -941.563
v -4976.228 0.050 -947.983
v -4982.881 0.050 -952.424
f 2513 2514 2515
f 2515 2516 2513
v -4982.327 0.050 -953.087
v -4976.783 0.050 -947.320
v -4971.217 -89.864 -952.670
v -4976.761 0.050 -958.437
f 2517 2518 2519
f 2519 2520 2517
v -4976.959 0.050 -958.233
v -4971.018 -89.856 -952.874
v -4966.955 -89.650 -957.379
v -4972.896 -89.245 -962.737
f 2521 2522 2523
f 2523 2524 2521
v -4973.077 -89.255 -962.522
v -4966.774 -89.639 -957.594
v -4959.917 -89.147 -966.366
v -4966.219 -88.839 -971.293
f 2525 2526 2527
f 2527 2528 2525
v -4966.052 -88.829 -971.493
v -4960.084 -89.158 -966.166
v -4954.730 -88.830 -972.163
v -4960.698 -88.507 -977.491
f 2529 2530 2531
f 2531 2532 2529
v -4960.074 -88.474 -978.056
v -4955.353 -88.863 -971.598
v -4949.787 -88.618 -975.666
v -4954.508 -88.216 -982.125
f 2533 2534 2535
f 2535 2536 2533
v -4953.912 -88.191 -982.485
v -4950.383 -88.641 -975.306
v -4938.183 -88.207 -981.303
v -4941.712 -87.707 -988.483
f 2537 2538 2539
f 2539 2540 2537
v -4941.709 -87.707 -988.484
v -4938.185 -88.207 -981.302
v -4925.561 -87.933 -987.497
v -4929.086 -87.291 -994.679
f 2541 2542 2543
f 2543 2544 2541
v -4929.658 -87.305 -994.337
v -4924.989 -87.920 -987.840
v -4918.132 -87.687 -992.767
v -4922.800 -87.183 -999.264
f 2545 2546 2547
f 2547 2548 2545
v -4923.366 -87.195 -998.771
v -4917.567 -87.660 -993.260
v -4909.218 -87.336 -1002.045
v -4915.017 -86.939 -1007.556
f 2549 2550 2551
f 2551 2552 2549
v -4915.068 -86.941 -1007.501
v -4909.166 -87.334 -1002.100
v -4904.669 -87.179 -1007.014
v -4910.571 -86.786 -1012.415
f 2553 2554 2555
f 2555 2556 2553
v -4910.267 -86.778 -1012.713
v -4904.973 -87.188 -1006.715
v -4899.630 -87.055 -1011.431
v -4904.923 -86.644 -1017.429
f 2557 2558 2559
f 2559 2560 2557
v -4904.492 -86.635 -1017.761
v -4900.061 -87.064 -1011.100
v -4894.918 -86.989 -1014.521
v -4899.349 -86.558 -1021.182
f 2561 2562 2563
f 2563 2564 2561
v -4898.835 -86.553 -1021.472
v -4895.432 -86.994 -1014.231
v -4888.152 -87.208 -1017.653
v -4891.555 -86.602 -1024.893
f 2565 2566 2567
f 2567 2568 2565
v -4891.192 -86.620 -1025.042
v -4888.515 -87.191 -1017.504
v -4881.558 -87.540 -1019.974
v -4884.234 -87.045 -1027.513
f 2569 2570 2571
f 2571 2572 2569
v -4884.039 -87.058 -1027.576
v -4881.753 -87.530 -1019.910
v -4873.515 -87.976 -1022.367
v -4875.802 -87.609 -1030.033
f 2573 2574 2575
f 2575 2576 2573
v -4875.568 -87.625 -1030.095
v -4873.748 -87.963 -1022.305
v -4863.685 -88.551 -1024.657
v -4865.505 -88.308 -1032.447
f 2577 2578 2579
f 2579 2580 2577
v -4865.134 -88.333 -1032.515
v -4864.056 -88.529 -1024.588
v -4829.380 -91.765 -1029.304
v -4830.458 -91.598 -1037.231
f 2581 2582 2583
f 2583 2584 2581
v -4830.615 -91.580 -1037.207
v -4829.223 -91.782 -1029.329
v -4797.753 -95.407 -1034.890
v -4799.145 -95.216 -1042.768
f 2585 2586 2587
f 2587 2588 2585
v -4799.039 -95.230 -1042.785
v -4797.859 -95.394 -1034.873
v -4747.543 -101.333 -1042.376
v -4748.722 -101.244 -1050.289
f 2589 2590 2591
f 2591 2592 2589
v -4748.843 -101.231 -1050.269
v -4747.422 -101.347 -1042.396
v -4727.306 -103.523 -1046.029
v -4728.728 -103.465 -1053.901
f 2593 2594 2595
f 2595 2596 2593
v -4728.502 -103.490 -1053.936
v -4727.532 -103.509 -1045.995
v -4717.035 -104.187 -1047.276
v -4718.004 -104.192 -1055.217
f 2597 2598 2599
f 2599 2600 2597
v -4718.403 -104.166 -1055.148
v -4716.637 -104.213 -1047.345
v -4702.221 -105.163 -1050.608
v -4703.987 -105.047 -1058.411
f 2601 2602 2603
f 2603 2604 2601
v -4713.707 -104.445 -1052.456
v -4721.332 -103.936 -1050.037
v -4719.841 -103.993 -1045.334
v -4712.215 -104.499 -1047.753
f 2605 2606 2607
f 2607 2608 2605
v -4712.234 -104.498 -1047.810
v -4719.822 -103.993 -1045.278
v -4718.320 -104.051 -1040.773
v -4710.731 -104.554 -1043.305
f 2609 2610 2611
f 2611 2612 2609
v -4711.702 -104.506 -1044.872
v -4717.349 -104.099 -1039.206
v -4714.777 -104.240 -1036.643
v -4709.130 -104.646 -1042.310
f 2613 2614 2615
f 2615 2616 2613
v -4710.466 -104.569 -1043.190
v -4713.441 -104.316 -1035.763
v -4708.098 -104.633 -1033.623
v -4705.123 -104.888 -1041.050
f 2617 2618 2619
f 2619 2620 2617
v -4706.166 -104.825 -1041.312
v -4707.055 -104.695 -1033.361
v -4701.266 -105.052 -1032.714
v -4700.377 -105.185 -1040.664
f 2621 2622 2623
f 2623 2624 2621
v -4701.793 -105.094 -1040.569
v -4699.850 -105.142 -1032.809
v -4695.576 -105.420 -1033.879
v -4697.518 -105.375 -1041.639
f 2625 2626 2627
f 2627 2628 2625
v -4698.508 -105.309 -1041.245
v -4694.586 -105.486 -1034.273
v -4691.157 -105.721 -1036.201
v -4695.079 -105.545 -1043.174
f 2629 2630 2631
f 2631 2632 2629
v -4734.550 -101.820 -1096.464
v -4728.319 -102.628 -1091.446
v -4722.542 -102.590 -1098.619
v -4728.772 -102.002 -1103.637
f 2633 2634 2635
f 2635 2636 2633
v -4727.231 -102.044 -1104.805
v -4724.083 -102.569 -1097.450
v -4721.089 -102.660 -1098.732
v -4724.236 -102.127 -1106.087
f 2637 2638 2639
f 2639 2640 2637
v -4722.491 -102.196 -1106.405
v -4722.834 -102.586 -1098.413
v -4717.914 -102.854 -1098.201
v -4717.571 -102.445 -1106.194
f 2641 2642 2643
f 2643 2644 2641
v -4716.649 -102.498 -1106.046
v -4718.835 -102.798 -1098.350
v -4712.835 -103.206 -1096.646
v -4710.649 -102.886 -1104.341
f 2645 2646 2647
f 2647 2648 2645
v -4710.320 -102.908 -1104.232
v -4713.165 -103.182 -1096.755
v -4696.255 -104.487 -1090.322
v -4693.410 -104.161 -1097.799
f 2649 2650 2651
f 2651 2652 2649
v -4692.795 -104.213 -1097.502
v -4696.871 -104.434 -1090.619
v -4691.093 -104.983 -1087.197
v -4687.017 -104.749 -1094.081
f 2653 2654 2655
f 2655 2656 2653
v -4686.997 -104.751 -1094.069
v -4691.113 -104.981 -1087.209
v -4679.336 -105.481 -1080.142
v -4675.219 -105.267 -1087.001
f 2657 2658 2659
f 2659 2660 2657
v -4675.908 -105.243 -1087.330
v -4678.647 -105.493 -1079.813
v -4662.806 -105.704 -1074.040
v -4660.067 -105.477 -1081.557
f 2661 2662 2663
f 2663 2664 2661
v -4660.111 -105.476 -1081.573
v -4662.763 -105.705 -1074.025
v -4658.477 -105.760 -1072.519
v -4655.825 -105.532 -1080.067
f 2665 2666 2667
f 2667 2668 2665
v -4657.151 -105.522 -1080.293
v -4657.151 -105.770 -1072.293
v -4651.808 -105.780 -1072.293
v -4651.808 -105.533 -1080.293
f 2669 2670 2671
f 2671 2672 2669
v -4652.469 -105.533 -1080.238
v -4651.147 -105.780 -1072.348
v -4647.284 -105.767 -1072.995
v -4648.606 -105.521 -1080.885
f 2673 2674 2675
f 2675 2676 2673
v -4649.281 -105.525 -1080.710
v -4646.609 -105.763 -1073.170
v -4639.974 -105.386 -1075.521
v -4642.647 -105.307 -1083.062
f 2677 2678 2679
f 2679 2680 2677
v -4643.338 -105.354 -1082.740
v -4639.283 -105.338 -1075.843
v -4635.643 -105.075 -1077.983
v -4639.697 -105.094 -1084.880
f 2681 2682 2683
f 2683 2684 2681
v -4640.634 -105.167 -1084.118
v -4634.706 -105.002 -1078.745
v -4630.432 -104.638 -1083.461
v -4636.359 -104.733 -1088.834
f 2685 2686 2687
f 2687 2688 2685
v -4637.354 -104.916 -1086.721
v -4629.437 -104.528 -1085.574
v -4629.003 -104.366 -1088.573
v -4636.920 -104.706 -1089.719
f 2689 2690 2691
f 2691 2692 2689
v -4636.945 -104.766 -1088.788
v -4628.977 -104.310 -1089.505
v -4629.189 -104.183 -1091.856
v -4637.157 -104.629 -1091.139
f 2693 2694 2695
f 2695 2696 2693
v -4635.996 -104.724 -1088.664
v -4630.349 -104.094 -1094.331
v -4632.921 -104.065 -1096.894
v -4638.568 -104.695 -1091.227
f 2697 2698 2699
f 2699 2700 2697
v -4366.582 -96.927 -867.371
v -4358.595 -96.212 -866.909
v -4358.161 -95.937 -874.412
v -4366.148 -96.610 -874.874
f 2701 2702 2703
f 2703 2704 2701
v -4366.138 -96.602 -875.009
v -4358.171 -95.944 -874.277
v -4357.503 -95.559 -881.542
v -4365.470 -96.169 -882.275
f 2705 2706 2707
f 2707 2708 2705
v -4365.470 -96.169 -882.275
v -4357.503 -95.559 -881.541
v -4356.891 -95.214 -888.186
v -4364.857 -95.780 -888.920
f 2709 2710 2711
f 2711 2712 2709
v -4364.837 -95.769 -889.100
v -4356.912 -95.224 -888.006
v -4356.055 -94.882 -894.215
v -4363.980 -95.392 -895.309
f 2713 2714 2715
f 2715 2716 2713
v -4363.879 -95.360 -895.805
v -4356.156 -94.913 -893.718
v -4354.653 -94.546 -899.280
v -4362.376 -94.983 -901.366
f 2717 2718 2719
f 2719 2720 2717
v -4362.271 -94.960 -901.697
v -4354.758 -94.569 -898.949
v -4352.409 -94.113 -905.369
v -4359.922 -94.474 -908.117
f 2721 2722 2723
f 2723 2724 2721
v -4359.961 -94.482 -908.006
v -4352.370 -94.105 -905.480
v -4350.444 -93.707 -911.266
v -4358.035 -94.059 -913.792
f 2725 2726 2727
f 2727 2728 2725
v -4358.193 -94.103 -913.138
v -4350.286 -93.668 -911.920
v -4349.429 -93.375 -917.481
v -4357.336 -93.762 -918.700
f 2729 2730 2731
f 2731 2732 2729
v -4357.381 -93.791 -918.210
v -4349.384 -93.352 -917.971
v -4349.173 -93.042 -925.038
v -4357.169 -93.407 -925.277
f 2733 2734 2735
f 2735 2736 2733
v -4357.167 -93.423 -924.982
v -4349.175 -93.029 -925.333
v -4349.598 -92.638 -934.963
v -4357.590 -92.929 -934.612
f 2737 2738 2739
f 2739 2740 2737
v -4357.579 -92.938 -934.439
v -4349.609 -92.631 -935.136
v -4350.678 -92.135 -947.342
v -4358.647 -92.320 -946.645
f 2741 2742 2743
f 2743 2744 2741
v -4358.654 -92.315 -946.735
v -4350.671 -92.139 -947.252
v -4351.962 -91.277 -967.160
v -4359.946 -91.268 -966.642
f 2745 2746 2747
f 2747 2748 2745
v -4359.952 -91.262 -966.765
v -4351.956 -91.281 -967.037
v -4352.168 -91.047 -973.246
v -4360.163 -90.982 -972.973
f 2749 2750 2751
f 2751 2752 2749
v -4360.146 -90.994 -972.716
v -4352.185 -91.037 -973.503
v -4352.819 -90.782 -979.923
v -4360.781 -90.699 -979.136
f 2753 2754 2755
f 2755 2756 2753
v -4360.722 -90.718 -978.744
v -4352.878 -90.766 -980.315
v -4353.735 -90.579 -984.595
v -4361.579 -90.513 -983.024
f 2757 2758 2759
f 2759 2760 2757
v -4361.566 -90.516 -982.959
v -4353.749 -90.576 -984.660
v -4355.741 -90.141 -993.815
v -4363.558 -90.056 -992.113
f 2761 2762 2763
f 2763 2764 2761
v -4361.547 -95.677 -885.908
v -4361.426 -96.053 -877.909
v -4346.687 -94.587 -878.134
v -4346.809 -94.336 -886.133
f 2765 2766 2767
f 2767 2768 2765
v -4346.994 -94.354 -886.125
v -4346.501 -94.567 -878.141
v -4322.312 -91.984 -879.633
v -4322.804 -91.994 -887.618
f 2769 2770 2771
f 2771 2772 2769
v -4322.930 -92.006 -887.608
v -4322.186 -91.971 -879.643
v -4290.071 -88.678 -882.642
v -4290.814 -89.002 -890.607
f 2773 2774 2775
f 2775 2776 2773
v -4290.978 -89.016 -890.588
v -4289.907 -88.662 -882.660
v -4262.934 -86.314 -886.306
v -4264.006 -86.858 -894.234
f 2777 2778 2779
f 2779 2780 2777
v -4263.905 -86.852 -894.246
v -4263.034 -86.322 -886.294
v -4214.220 -83.353 -891.644
v -4215.092 -84.069 -899.596
f 2781 2782 2783
f 2783 2784 2781
v -4215.081 -84.069 -899.598
v -4214.231 -83.354 -891.643
v -4176.127 -82.200 -895.712
v -4176.976 -82.868 -903.666
f 2785 2786 2787
f 2787 2788 2785
v -4176.831 -82.866 -903.679
v -4176.272 -82.202 -895.699
v -4124.464 -81.729 -899.331
v -4125.023 -82.109 -907.312
f 2789 2790 2791
f 2791 2792 2789
v -4125.089 -82.110 -907.307
v -4124.398 -81.729 -899.337
v -4102.134 -81.729 -901.265
v -4102.825 -81.914 -909.235
f 2793 2794 2795
f 2795 2796 2793
v -4102.958 -81.915 -909.222
v -4102.001 -81.730 -901.279
v -4064.753 -81.717 -905.770
v -4065.711 -81.508 -913.713
f 2797 2798 2799
f 2799 2800 2797
v -4065.852 -81.511 -913.693
v -4064.612 -81.716 -905.790
v -4046.845 -81.493 -908.577
v -4048.085 -81.121 -916.481
f 2801 2802 2803
f 2803 2804 2801
v -4048.870 -81.145 -916.274
v -4046.061 -81.476 -908.784
v -4037.500 -81.207 -911.994
v -4040.309 -80.809 -919.484
f 2805 2806 2807
f 2807 2808 2805
v -4040.891 -80.837 -919.211
v -4036.919 -81.183 -912.267
v -4024.930 -80.504 -919.122
v -4028.901 -80.092 -926.067
f 2809 2810 2811
f 2811 2812 2809
v -4029.240 -80.118 -925.850
v -4024.591 -80.479 -919.340
v -4009.608 -79.187 -930.040
v -4014.257 -78.795 -936.550
f 2813 2814 2815
f 2815 2816 2813
v -4014.486 -78.818 -936.373
v -4009.378 -79.164 -930.216
v -3990.621 -77.041 -945.778
v -3995.729 -76.676 -951.935
f 2817 2818 2819
f 2819 2820 2817
v -3995.734 -76.677 -951.930
v -3990.615 -77.041 -945.782
v -3987.966 -76.710 -947.988
v -3993.085 -76.343 -954.136
f 2821 2822 2823
f 2823 2824 2821
v -3993.231 -76.362 -954.008
v -3987.820 -76.691 -948.116
v -3981.764 -75.907 -953.677
v -3987.175 -75.518 -959.570
f 2825 2826 2827
f 2827 2828 2825
v -3987.180 -75.519 -959.565
v -3981.759 -75.907 -953.682
v -3970.204 -74.526 -964.329
v -3975.625 -74.168 -970.212
f 2829 2830 2831
f 2831 2832 2829
v -3949.589 -79.632 -907.511
v -3943.252 -78.951 -912.395
v -3956.956 -77.578 -930.175
v -3963.292 -78.256 -925.292
f 2833 2834 2835
f 2835 2836 2833
v -3963.145 -78.270 -925.111
v -3957.104 -77.565 -930.356
v -3966.944 -76.708 -941.690
v -3972.985 -77.405 -936.445
f 2837 2838 2839
f 2839 2840 2837
v -3973.049 -77.400 -936.521
v -3966.880 -76.714 -941.614
v -3978.280 -75.637 -955.419
v -3984.448 -76.320 -950.325
f 2841 2842 2843
f 2843 2844 2841
v -3984.445 -76.321 -950.321
v -3978.283 -75.637 -955.423
v -3981.389 -75.340 -959.174
v -3987.551 -76.085 -954.073
f 2845 2846 2847
f 2847 2848 2845
v -3987.607 -76.081 -954.142
v -3981.333 -75.345 -959.105
v -3988.669 -74.783 -968.379
v -3994.943 -75.552 -963.415
f 2849 2850 2851
f 2851 2852 2849
v -3994.902 -75.554 -963.364
v -3988.709 -74.781 -968.429
v -3993.485 -74.593 -974.268
v -3999.677 -75.345 -969.203
f 2853 2854 2855
f 2855 2856 2853
v -3994.717 -76.572 -952.547
v -3991.632 -77.143 -945.165
v -3985.343 -76.615 -947.794
v -3988.428 -76.018 -955.175
f 2857 2858 2859
f 2859 2860 2857
v -3987.860 -75.972 -955.364
v -3985.911 -76.659 -947.605
v -3980.389 -76.345 -948.992
v -3982.338 -75.611 -956.751
f 2861 2862 2863
f 2863 2864 2861
v -3982.368 -75.612 -956.744
v -3980.360 -76.343 -949.000
v -3974.961 -76.054 -950.400
v -3976.969 -75.327 -958.144
f 2865 2866 2867
f 2867 2868 2865
v -3978.464 -75.442 -957.396
v -3973.466 -75.938 -951.149
v -3967.043 -75.249 -956.287
v -3972.041 -74.754 -962.534
f 2869 2870 2871
f 2871 2872 2869
v -3972.664 -74.833 -961.912
v -3966.420 -75.170 -956.910
v -3962.991 -74.651 -961.190
v -3969.235 -74.335 -966.192
f 2873 2874 2875
f 2875 2876 2873
v -3968.699 -74.276 -966.743
v -3963.527 -74.720 -960.639
v -3958.273 -74.141 -965.091
v -3963.445 -73.775 -971.194
f 2877 2878 2879
f 2879 2880 2877
v -3997.130 -76.973 -949.453
v -3989.220 -76.738 -948.260
v -3988.273 -76.074 -954.534
v -3996.184 -76.341 -955.727
f 2881 2882 2883
f 2883 2884 2881
v -3996.122 -76.480 -954.212
v -3988.336 -75.927 -956.049
v -3989.193 -75.611 -959.682
v -3996.979 -76.182 -957.845
f 2885 2886 2887
f 2887 2888 2885
v -3996.208 -76.292 -956.263
v -3989.964 -75.495 -961.264
v -3992.535 -75.320 -964.474
v -3998.779 -76.122 -959.473
f 2889 2890 2891
f 2891 2892 2889
v -3997.466 -76.154 -958.406
v -3993.849 -75.299 -965.541
v -3995.986 -75.333 -966.625
v -3999.603 -76.163 -959.489
f 2893 2894 2895
f 2895 2896 2893
v -3999.048 -76.155 -959.258
v -3996.542 -75.346 -966.855
v -4002.508 -75.534 -968.824
v -4005.014 -76.286 -961.226
f 2897 2898 2899
f 2899 2900 2897
v -4014.547 -76.270 -968.076
v -4011.700 -76.689 -960.600
v -4002.160 -75.866 -964.233
v -4005.007 -75.468 -971.709
f 2901 2902 2903
f 2903 2904 2901
v -4005.477 -75.511 -971.494
v -4001.689 -75.821 -964.448
v -3994.687 -75.137 -968.213
v -3998.475 -74.817 -975.259
f 2905 2906 2907
f 2907 2908 2905
v -3998.465 -74.816 -975.264
v -3994.697 -75.138 -968.207
v -3992.916 -74.962 -969.158
v -3996.684 -74.635 -976.215
f 2909 2910 2911
f 2911 2912 2909
v -3997.192 -74.691 -975.893
v -3992.408 -74.908 -969.481
v -3978.070 -73.403 -980.181
v -3982.855 -72.988 -986.593
f 2913 2914 2915
f 2915 2916 2913
v -3982.980 -73.000 -986.495
v -3977.944 -73.392 -980.279
v -3965.521 -72.255 -990.345
v -3970.557 -71.900 -996.561
f 2917 2918 2919
f 2919 2920 2917
v -3970.630 -71.905 -996.500
v -3965.448 -72.248 -990.405
v -3956.887 -71.517 -997.684
v -3962.070 -71.333 -1003.779
f 2921 2922 2923
f 2923 2924 2921
v -3962.004 -71.329 -1003.834
v -3956.953 -71.522 -997.629
v -3951.176 -71.149 -1002.332
v -3956.226 -70.957 -1008.536
f 2925 2926 2927
f 2927 2928 2925
v -3956.224 -70.957 -1008.538
v -3951.178 -71.149 -1002.330
v -3944.320 -70.710 -1007.905
v -3949.367 -70.519 -1014.113
f 2929 2930 2931
f 2931 2932 2929
v -3948.527 -70.473 -1014.638
v -3945.161 -70.756 -1007.380
v -3936.389 -70.708 -1011.449
v -3939.755 -70.260 -1018.706
f 2933 2934 2935
f 2935 2936 2933
v -3939.610 -70.262 -1018.770
v -3936.534 -70.707 -1011.385
v -3926.259 -70.822 -1015.665
v -3929.335 -70.402 -1023.050
f 2937 2938 2939
f 2939 2940 2937
v -3929.184 -70.405 -1023.109
v -3926.410 -70.820 -1015.606
v -3912.295 -71.060 -1020.824
v -3915.069 -70.756 -1028.327
f 2941 2942 2943
f 2943 2944 2941
v -3915.077 -70.756 -1028.324
v -3912.286 -71.061 -1020.827
v -3909.057 -71.124 -1022.029
v -3911.849 -70.860 -1029.526
f 2945 2946 2947
f 2947 2948 2945
v -3910.886 -70.892 -1029.754
v -3910.021 -71.100 -1021.801
v -3898.243 -71.597 -1023.082
v -3899.108 -71.413 -1031.036
f 2949 2950 2951
f 2951 2952 2949
v -3899.108 -71.413 -1031.036
v -3898.243 -71.597 -1023.082
v -3876.625 -73.145 -1025.434
v -3877.490 -73.045 -1033.387
f 2953 2954 2955
f 2955 2956 2953
v -3877.586 -73.038 -1033.375
v -3876.528 -73.152 -1025.446
v -3854.053 -74.916 -1028.444
v -3855.111 -74.819 -1036.374
f 2957 2958 2959
f 2959 2960 2957
v -3854.403 -74.882 -1036.405
v -3854.761 -74.854 -1028.413
v -3845.344 -75.682 -1027.990
v -3844.985 -75.721 -1035.982
f 2961 2962 2963
f 2963 2964 2961
v -3844.668 -75.749 -1035.955
v -3845.661 -75.654 -1028.017
v -3837.100 -76.405 -1026.947
v -3836.108 -76.510 -1034.885
f 2965 2966 2967
f 2967 2968 2965
v -3837.162 -76.416 -1034.877
v -3836.046 -76.498 -1026.956
v -3831.548 -76.894 -1027.590
v -3832.665 -76.818 -1035.511
f 2969 2970 2971
f 2971 2972 2969
v -3833.994 -76.698 -1035.077
v -3830.220 -77.012 -1028.023
v -3824.220 -77.553 -1031.233
v -3827.993 -77.243 -1038.287
f 2973 2974 2975
f 2975 2976 2973
v -3827.921 -77.250 -1038.325
v -3824.292 -77.546 -1031.195
v -3811.235 -78.594 -1037.840
v -3814.863 -78.372 -1044.970
f 2977 2978 2979
f 2979 2980 2977
v -3970.767 -74.582 -963.913
v -3967.426 -73.878 -971.183
v -3973.003 -73.808 -973.746
v -3976.344 -74.496 -966.476
f 2981 2982 2983
f 2983 2984 2981
v -3977.341 -74.467 -967.130
v -3972.006 -73.837 -973.092
v -3976.080 -73.639 -976.738
v -3981.415 -74.269 -970.776
f 2985 2986 2987
f 2987 2988 2985
v -3982.324 -74.194 -971.965
v -3975.172 -73.714 -975.549
v -3976.886 -73.474 -978.970
v -3984.038 -73.952 -975.386
f 2989 2990 2991
f 2991 2992 2989
v -3984.451 -73.838 -976.876
v -3976.474 -73.587 -977.481
v -3976.685 -73.361 -980.268
v -3984.662 -73.615 -979.663
f 2993 2994 2995
f 2995 2996 2993
v -3984.666 -73.570 -980.212
v -3976.681 -73.407 -979.719
v -3976.470 -73.118 -983.140
v -3984.455 -73.274 -983.634
f 2997 2998 2999
f 2999 3000 2997
v -3917.008 -70.701 -1026.797
v -3910.355 -71.069 -1022.354
v -3907.127 -71.044 -1027.189
v -3913.780 -70.775 -1031.632
f 3001 3002 3003
f 3003 3004 3001
v -3914.343 -70.766 -1030.345
v -3906.564 -71.054 -1028.476
v -3905.072 -71.061 -1034.685
v -3912.851 -70.769 -1036.554
f 3005 3006 3007
f 3007 3008 3005
v -3912.951 -70.771 -1035.905
v -3904.972 -71.060 -1035.333
v -3904.326 -71.019 -1044.329
v -3912.306 -70.723 -1044.901
f 3009 3010 3011
f 3011 3012 3009
v -3912.305 -70.723 -1044.916
v -3904.327 -71.019 -1044.314
v -3904.071 -71.004 -1047.709
v -3912.049 -70.706 -1048.311
f 3013 3014 3015
f 3015 3016 3013
v -3912.049 -70.706 -1048.304
v -3904.071 -71.004 -1047.716
v -3902.824 -71.159 -1064.652
v -3910.802 -70.890 -1065.239
f 3017 3018 3019
f 3019 3020 3017
v -4348.474 -89.978 -1014.096
v -4347.159 -90.202 -1006.205
v -4340.736 -90.487 -1007.275
v -4342.051 -90.297 -1015.166
f 3021 3022 3023
f 3023 3024 3021
v -4342.063 -90.296 -1015.164
v -4340.724 -90.488 -1007.277
v -4319.317 -91.506 -1010.909
v -4320.656 -91.426 -1018.797
f 3025 3026 3027
f 3027 3028 3025
v -4320.527 -91.433 -1018.816
v -4319.446 -91.499 -1010.890
v -4258.220 -94.148 -1019.238
v -4259.301 -94.376 -1027.165
f 3029 3030 3031
f 3031 3032 3029
v -4259.284 -94.377 -1027.167
v -4258.237 -94.148 -1019.236
v -4227.413 -94.698 -1023.305
v -4228.460 -94.908 -1031.236
f 3033 3034 3035
f 3035 3036 3033
v -4228.549 -94.911 -1031.223
v -4227.324 -94.696 -1023.318
v -4209.335 -94.295 -1026.105
v -4210.560 -94.415 -1034.011
f 3037 3038 3039
f 3039 3040 3037
v -4210.249 -94.406 -1034.046
v -4209.646 -94.304 -1026.069
v -4201.085 -94.060 -1026.716
v -4201.688 -94.164 -1034.694
f 3041 3042 3043
f 3043 3044 3041
v -4201.034 -94.145 -1034.689
v -4201.740 -94.080 -1026.721
v -4196.820 -93.931 -1026.285
v -4196.113 -93.996 -1034.253
f 3045 3046 3047
f 3047 3048 3045
v -4195.880 -93.989 -1034.226
v -4197.053 -93.938 -1026.312
v -4191.265 -93.741 -1025.454
v -4190.091 -93.756 -1033.367
f 3049 3050 3051
f 3051 3052 3049
v -4189.685 -93.720 -1033.285
v -4191.671 -93.758 -1025.536
v -4183.322 -92.980 -1023.396
v -4181.336 -92.991 -1031.145
f 3053 3054 3055
f 3055 3056 3053
v -4182.329 -93.076 -1031.270
v -4182.329 -92.891 -1023.270
v -4178.266 -92.551 -1023.270
v -4178.266 -92.733 -1031.270
f 3057 3058 3059
f 3059 3060 3057
v -4178.692 -92.769 -1031.248
v -4177.839 -92.517 -1023.293
v -4173.776 -92.198 -1023.729
v -4174.629 -92.429 -1031.683
f 3061 3062 3063
f 3063 3064 3061
v -4175.537 -92.504 -1031.477
v -4172.868 -92.132 -1023.935
v -4166.223 -91.667 -1026.287
v -4168.891 -91.964 -1033.829
f 3065 3066 3067
f 3067 3068 3065
v -4168.824 -91.959 -1033.852
v -4166.290 -91.672 -1026.264
v -4157.941 -90.994 -1029.051
v -4160.475 -91.277 -1036.639
f 3069 3070 3071
f 3071 3072 3069
v -4160.538 -91.282 -1036.617
v -4157.878 -90.989 -1029.073
v -4150.609 -90.397 -1031.635
v -4153.269 -90.687 -1039.180
f 3073 3074 3075
f 3075 3076 3073
v -4152.752 -90.645 -1039.324
v -4151.125 -90.439 -1031.491
v -4133.570 -88.299 -1035.137
v -4135.197 -88.558 -1042.970
f 3077 3078 3079
f 3079 3080 3077
v -4134.924 -88.523 -1043.017
v -4133.843 -88.333 -1035.090
v -4113.505 -85.763 -1037.864
v -4114.586 -85.933 -1045.791
f 3081 3082 3083
f 3083 3084 3081
v -4114.620 -85.938 -1045.786
v -4113.472 -85.758 -1037.869
v -4095.705 -83.302 -1040.445
v -4096.853 -83.480 -1048.362
f 3085 3086 3087
f 3087 3088 3085
v -4096.758 -83.467 -1048.375
v -4095.799 -83.316 -1040.433
v -4070.964 -79.752 -1043.431
v -4071.923 -79.874 -1051.374
f 3089 3090 3091
f 3091 3092 3089
v -4071.953 -79.879 -1051.370
v -4070.934 -79.748 -1043.435
v -4060.548 -78.360 -1044.769
v -4061.567 -78.463 -1052.704
f 3093 3094 3095
f 3095 3096 3093
v -4061.566 -78.463 -1052.704
v -4060.549 -78.360 -1044.769
v -4049.306 -76.921 -1046.209
v -4050.322 -77.012 -1054.144
f 3097 3098 3099
f 3099 3100 3097
v -4050.193 -76.996 -1054.159
v -4049.435 -76.937 -1046.195
v -4026.960 -74.054 -1048.335
v -4027.718 -74.090 -1056.299
f 3101 3102 3103
f 3103 3104 3101
v -4027.864 -74.109 -1056.282
v -4026.813 -74.035 -1048.351
v -4012.264 -72.767 -1050.280
v -4013.315 -72.850 -1058.211
f 3105 3106 3107
f 3107 3108 3105
v -4013.043 -72.828 -1058.237
v -4012.535 -72.790 -1050.253
v -3999.043 -71.660 -1051.112
v -3999.551 -71.730 -1059.096
f 3109 3110 3111
f 3111 3112 3109
v -3999.863 -71.755 -1059.064
v -3998.732 -71.634 -1051.144
v -3983.748 -70.412 -1053.284
v -3984.879 -70.579 -1061.204
f 3113 3114 3115
f 3115 3116 3113
v -3985.058 -70.593 -1061.174
v -3983.570 -70.408 -1053.314
v -3971.147 -70.105 -1055.665
v -3972.634 -70.356 -1063.525
f 3117 3118 3119
f 3119 3120 3117
v -3972.524 -70.354 -1063.545
v -3971.257 -70.108 -1055.646
v -3955.205 -69.800 -1058.222
v -3956.472 -70.072 -1066.121
f 3121 3122 3123
f 3123 3124 3121
v -3956.291 -70.068 -1066.146
v -3955.386 -69.803 -1058.197
v -3949.820 -69.698 -1058.831
v -3950.725 -69.962 -1066.780
f 3125 3126 3127
f 3127 3128 3125
v -3949.733 -69.939 -1066.769
v -3950.812 -69.721 -1058.842
v -3941.394 -69.580 -1057.560
v -3940.315 -69.856 -1065.487
f 3129 3130 3131
f 3131 3132 3129
v -3939.734 -69.873 -1065.364
v -3941.975 -69.562 -1057.684
v -3931.701 -69.922 -1054.685
v -3929.459 -70.154 -1062.365
f 3133 3134 3135
f 3135 3136 3133
v -3929.818 -70.143 -1062.452
v -3931.342 -69.936 -1054.598
v -3922.559 -70.279 -1052.894
v -3921.035 -70.417 -1060.748
f 3137 3138 3139
f 3139 3140 3137
v -3922.768 -70.353 -1060.701
v -3920.826 -70.343 -1052.941
v -3916.551 -70.494 -1054.011
v -3918.493 -70.534 -1061.771
f 3141 3142 3143
f 3143 3144 3141
v -3919.767 -70.474 -1061.202
v -3915.277 -70.536 -1054.581
v -3909.277 -70.799 -1058.649
v -3913.767 -70.786 -1065.270
f 3145 3146 3147
f 3147 3148 3145
v -3913.664 -70.791 -1065.338
v -3909.380 -70.793 -1058.582
v -3904.671 -71.030 -1061.567
v -3908.955 -71.023 -1068.324
f 3149 3150 3151
f 3151 3152 3149
v -3908.948 -71.023 -1068.328
v -3904.678 -71.029 -1061.563
v -3898.901 -71.432 -1065.209
v -3903.170 -71.297 -1071.974
f 3153 3154 3155
f 3155 3156 3153
v -3902.072 -71.344 -1072.455
v -3900.000 -71.339 -1064.728
v -3894.434 -71.788 -1066.221
v -3896.506 -71.771 -1073.948
f 3157 3158 3159
f 3159 3160 3157
v -3896.270 -71.789 -1074.003
v -3894.670 -71.769 -1066.165
v -3884.184 -72.588 -1068.305
v -3885.783 -72.577 -1076.143
f 3161 3162 3163
f 3163 3164 3161
v -3885.482 -72.599 -1076.193
v -3884.485 -72.565 -1068.255
v -3872.496 -73.472 -1069.761
v -3873.493 -73.469 -1077.699
f 3165 3166 3167
f 3167 3168 3165
v -3873.873 -73.442 -1077.632
v -3872.116 -73.501 -1069.828
v -3854.984 -74.843 -1073.685
v -3856.741 -74.711 -1081.490
f 3169 3170 3171
f 3171 3172 3169
v -3856.384 -74.740 -1081.553
v -3855.341 -74.813 -1073.622
v -3830.939 -76.852 -1076.832
v -3831.983 -76.699 -1084.763
f 3173 3174 3175
f 3175 3176 3173
v -3832.075 -76.691 -1084.750
v -3830.847 -76.860 -1076.845
v -3796.383 -79.239 -1082.195
v -3797.610 -78.914 -1090.100
f 3177 3178 3179
f 3179 3180 3177
v -3797.571 -78.916 -1090.106
v -3796.422 -79.237 -1082.189
v -3772.866 -80.482 -1085.610
v -3774.016 -80.012 -1093.527
f 3181 3182 3183
f 3183 3184 3181
v -3774.029 -80.012 -1093.526
v -3772.854 -80.482 -1085.612
v -3757.013 -80.799 -1087.964
v -3758.188 -80.258 -1095.877
f 3185 3186 3187
f 3187 3188 3185
v -3758.539 -80.254 -1095.809
v -3756.663 -80.804 -1088.032
v -3745.108 -80.922 -1090.819
v -3746.984 -80.349 -1098.596
f 3189 3190 3191
f 3191 3192 3189
v -3747.686 -80.348 -1098.356
v -3744.405 -80.924 -1091.060
v -3733.919 -80.748 -1095.776
v -3737.200 -80.266 -1103.072
f 3193 3194 3195
f 3195 3196 3193
v -3738.056 -80.284 -1102.549
v -3733.063 -80.698 -1096.298
v -3725.571 -80.176 -1102.282
v -3730.564 -79.816 -1108.533
f 3197 3198 3199
f 3199 3200 3197
v -3731.002 -79.850 -1108.126
v -3725.133 -80.142 -1102.689
v -3716.996 -79.450 -1111.474
v -3722.864 -79.156 -1116.911
f 3201 3202 3203
f 3203 3204 3201
v -3723.107 -79.178 -1116.623
v -3716.753 -79.429 -1111.762
v -3708.404 -78.505 -1122.673
v -3714.758 -78.126 -1127.535
f 3205 3206 3207
f 3207 3208 3205
v -3714.296 -78.078 -1128.042
v -3708.866 -78.553 -1122.166
v -3703.077 -78.043 -1127.517
v -3708.507 -77.569 -1133.392
f 3209 3210 3211
f 3211 3212 3209
v -3708.129 -77.540 -1133.701
v -3703.456 -78.072 -1127.208
v -3696.610 -77.611 -1132.135
v -3701.283 -77.085 -1138.628
f 3213 3214 3215
f 3215 3216 3213
v -3700.855 -77.061 -1138.896
v -3697.037 -77.636 -1131.866
v -3691.905 -77.329 -1134.654
v -3695.724 -76.811 -1141.684
f 3217 3218 3219
f 3219 3220 3217
v -3695.027 -76.782 -1141.981
v -3692.602 -77.366 -1134.357
v -3683.173 -76.972 -1137.356
v -3685.598 -76.447 -1144.979
f 3221 3222 3223
f 3223 3224 3221
v -3685.414 -76.442 -1145.033
v -3683.357 -76.978 -1137.302
v -3673.728 -76.660 -1139.865
v -3675.785 -76.188 -1147.596
f 3225 3226 3227
f 3227 3228 3225
v -3675.242 -76.178 -1147.701
v -3674.271 -76.675 -1139.760
v -3663.785 -76.459 -1141.041
v -3664.755 -76.032 -1148.982
f 3229 3230 3231
f 3231 3232 3229
v -3664.427 -76.028 -1149.009
v -3664.114 -76.465 -1141.015
v -3652.982 -76.300 -1141.451
v -3653.295 -75.949 -1149.445
f 3233 3234 3235
f 3235 3236 3233
v -3652.967 -75.948 -1149.444
v -3653.310 -76.305 -1141.451
v -3648.378 -76.237 -1141.240
v -3648.036 -75.932 -1149.233
f 3237 3238 3239
f 3239 3240 3237
v -3647.600 -75.931 -1149.190
v -3648.814 -76.243 -1141.283
v -3641.756 -76.165 -1140.199
v -3640.542 -75.926 -1148.107
f 3241 3242 3243
f 3243 3244 3241
v -3639.757 -75.927 -1147.903
v -3642.542 -76.172 -1140.403
v -3631.621 -76.056 -1136.348
v -3628.836 -75.901 -1143.847
f 3245 3246 3247
f 3247 3248 3245
v -3628.866 -75.901 -1143.858
v -3631.591 -76.056 -1136.337
v -3621.528 -75.849 -1132.691
v -3618.803 -75.778 -1140.212
f 3249 3250 3251
f 3251 3252 3249
v -3619.148 -75.784 -1140.320
v -3621.183 -75.841 -1132.583
v -3608.983 -75.505 -1129.373
v -3606.947 -75.571 -1137.110
f 3253 3254 3255
f 3255 3256 3253
v -3606.968 -75.571 -1137.115
v -3608.962 -75.504 -1129.368
v -3601.470 -75.289 -1127.439
v -3599.476 -75.420 -1135.186
f 3257 3258 3259
f 3259 3260 3257
v -3599.288 -75.416 -1135.133
v -3601.658 -75.294 -1127.492
v -3596.293 -75.111 -1125.828
v -3593.922 -75.278 -1133.469
f 3261 3262 3263
f 3263 3264 3261
v -3593.915 -75.277 -1133.466
v -3596.300 -75.112 -1125.830
v -3585.179 -74.663 -1122.356
v -3582.794 -74.921 -1129.992
f 3265 3266 3267
f 3267 3268 3265
v -3582.348 -74.903 -1129.823
v -3585.625 -74.684 -1122.525
v -3577.065 -74.218 -1118.681
v -3573.788 -74.498 -1125.979
f 3269 3270 3271
f 3271 3272 3269
v -3573.823 -74.500 -1125.994
v -3577.030 -74.216 -1118.665
v -3572.110 -73.927 -1116.512
v -3568.902 -74.292 -1123.841
f 3273 3274 3275
f 3275 3276 3273
v -3569.515 -74.309 -1124.052
v -3571.497 -73.894 -1116.301
v -3564.005 -73.707 -1114.386
v -3562.023 -74.131 -1122.137
f 3277 3278 3279
f 3279 3280 3277
v -3562.651 -74.143 -1122.245
v -3563.377 -73.693 -1114.278
v -3544.531 -73.326 -1112.560
v -3543.805 -73.844 -1120.527
f 3281 3282 3283
f 3283 3284 3281
v -3543.887 -73.845 -1120.534
v -3544.449 -73.324 -1112.554
v -3532.248 -73.083 -1111.695
v -3531.686 -73.647 -1119.675
f 3285 3286 3287
f 3287 3288 3285
v -3531.403 -73.642 -1119.645
v -3532.531 -73.089 -1111.725
v -3523.537 -73.121 -1110.444
v -3522.408 -73.698 -1118.364
f 3289 3290 3291
f 3291 3292 3289
v -3522.163 -73.700 -1118.321
v -3523.782 -73.118 -1110.487
v -3517.581 -73.177 -1109.205
v -3515.962 -73.736 -1117.040
f 3293 3294 3295
f 3295 3296 3293
v -3515.756 -73.737 -1116.991
v -3517.788 -73.175 -1109.254
v -3512.856 -73.203 -1107.959
v -3510.825 -73.768 -1115.697
f 3297 3298 3299
f 3299 3300 3297
v -3510.052 -73.767 -1115.406
v -3513.629 -73.205 -1108.250
v -3507.206 -73.136 -1105.040
v -3503.629 -73.702 -1112.196
f 3301 3302 3303
f 3303 3304 3301
v -3502.804 -73.684 -1111.646
v -3508.030 -73.155 -1105.589
v -3501.830 -72.933 -1100.239
v -3496.604 -73.463 -1106.296
f 3305 3306 3307
f 3307 3308 3305
v -3496.259 -73.448 -1105.960
v -3502.175 -72.948 -1100.575
v -3474.122 -72.891 -1069.756
v -3468.206 -73.497 -1075.141
f 3309 3310 3311
f 3311 3312 3309
v -3468.582 -73.478 -1075.503
v -3473.747 -72.910 -1069.394
v -3469.683 -73.128 -1065.959
v -3464.519 -73.695 -1072.069
f 3313 3314 3315
f 3315 3316 3313
v -3465.314 -73.648 -1072.593
v -3468.888 -73.175 -1065.435
v -3464.179 -73.480 -1063.084
v -3460.605 -73.948 -1070.241
f 3317 3318 3319
f 3319 3320 3317
v -3460.969 -73.924 -1070.401
v -3463.816 -73.504 -1062.925
v -3460.521 -73.730 -1061.670
v -3457.674 -74.146 -1069.146
f 3321 3322 3323
f 3323 3324 3321
v -3916.736 -70.599 -1061.813
v -3918.308 -70.428 -1053.969
v -3914.022 -70.595 -1053.110
v -3912.451 -70.734 -1060.955
f 3325 3326 3327
f 3327 3328 3325
v -3910.958 -70.774 -1060.320
v -3915.515 -70.534 -1053.745
v -3912.732 -70.653 -1051.816
v -3908.175 -70.834 -1058.392
f 3329 3330 3331
f 3331 3332 3329
v -3906.663 -70.847 -1056.383
v -3914.243 -70.581 -1053.825
v -3911.850 -70.726 -1046.731
v -3904.270 -70.986 -1049.289
f 3333 3334 3335
f 3335 3336 3333
v -3451.174 -74.407 -1048.132
v -3449.722 -74.454 -1055.999
v -3452.727 -74.218 -1056.554
v -3454.180 -74.164 -1048.687
f 3337 3338 3339
f 3339 3340 3337
v -3455.385 -74.065 -1049.118
v -3451.522 -74.310 -1056.123
v -3454.205 -74.126 -1057.603
v -3458.068 -73.838 -1050.597
f 3341 3342 3343
f 3343 3344 3341
v -3459.062 -73.752 -1051.372
v -3453.211 -74.186 -1056.828
v -3455.292 -74.076 -1059.060
v -3461.143 -73.565 -1053.605
f 3345 3346 3347
f 3347 3348 3345
v -3461.858 -73.498 -1054.675
v -3454.577 -74.106 -1057.990
v -3455.847 -74.076 -1060.777
v -3463.127 -73.412 -1057.462
f 3349 3350 3351
f 3351 3352 3349
v -3463.461 -73.418 -1058.668
v -3455.513 -74.072 -1059.571
v -3455.858 -74.121 -1062.609
v -3463.806 -73.472 -1061.707
f 3353 3354 3355
f 3355 3356 3353
v -3463.734 -73.513 -1063.040
v -3455.931 -74.082 -1061.276
v -3455.196 -74.221 -1064.526
v -3462.999 -73.658 -1066.290
f 3357 3358 3359
f 3359 3360 3357
v -3462.473 -73.732 -1067.554
v -3455.722 -74.148 -1063.261
v -3453.941 -74.358 -1066.062
v -3460.691 -73.944 -1070.355
f 3361 3362 3363
f 3363 3364 3361
v -3459.749 -74.044 -1071.384
v -3454.884 -74.258 -1065.033
v -3452.245 -74.514 -1067.054
v -3457.111 -74.298 -1073.405
f 3365 3366 3367
f 3367 3368 3365
v -3455.899 -74.407 -1074.038
v -3453.457 -74.404 -1066.420
v -3450.284 -74.676 -1067.438
v -3452.727 -74.675 -1075.056
f 3369 3370 3371
f 3371 3372 3369
v -3451.346 -74.784 -1075.243
v -3451.664 -74.564 -1067.250
v -3448.347 -74.819 -1067.118
v -3448.029 -75.034 -1075.111
f 3373 3374 3375
f 3375 3376 3373
v -3446.680 -75.165 -1074.819
v -3449.696 -74.721 -1067.410
v -3446.612 -74.970 -1066.155
v -3443.597 -75.501 -1073.564
f 3377 3378 3379
f 3379 3380 3377
v -3442.432 -75.623 -1072.836
v -3447.777 -74.858 -1066.883
v -3445.306 -75.094 -1064.664
v -3439.961 -75.870 -1070.616
f 3381 3382 3383
f 3383 3384 3381
v -3439.107 -75.949 -1069.528
v -3446.160 -75.016 -1065.753
v -3444.590 -75.140 -1062.820
v -3437.537 -76.079 -1066.595
f 3385 3386 3387
f 3387 3388 3385
v -3437.115 -76.105 -1065.350
v -3445.012 -75.117 -1064.065
v -3444.522 -75.108 -1061.054
v -3436.626 -76.105 -1062.338
f 3389 3390 3391
f 3391 3392 3389
v -3436.625 -76.080 -1061.056
v -3444.522 -75.137 -1062.335
v -3445.012 -75.008 -1059.310
v -3437.115 -75.959 -1058.031
f 3393 3394 3395
f 3395 3396 3393
v -3437.514 -75.886 -1056.826
v -3444.613 -75.085 -1060.515
v -3446.027 -74.847 -1057.793
v -3438.928 -75.716 -1054.105
f 3397 3398 3399
f 3399 3400 3397
v -3439.685 -75.629 -1053.085
v -3445.269 -74.965 -1058.814
v -3447.451 -74.644 -1056.687
v -3441.867 -75.374 -1050.958
f 3401 3402 3403
f 3403 3404 3401
v -3442.899 -75.252 -1050.231
v -3446.419 -74.790 -1057.414
v -3449.169 -74.498 -1056.067
v -3445.649 -74.922 -1048.883
f 3405 3406 3407
f 3407 3408 3405
v -3446.875 -74.773 -1048.511
v -3447.943 -74.596 -1056.439
v -3450.982 -74.354 -1056.030
v -3449.914 -74.507 -1048.101
f 3409 3410 3411
f 3411 3412 3409
v -3468.340 -73.529 -1020.105
v -3460.541 -74.200 -1018.320
v -3459.139 -74.043 -1024.449
v -3466.937 -73.371 -1026.234
f 3413 3414 3415
f 3415 3416 3413
v -3466.728 -73.381 -1026.885
v -3459.348 -74.055 -1023.799
v -3457.199 -74.105 -1028.937
v -3464.580 -73.499 -1032.023
f 3417 3418 3419
f 3419 3420 3417
v -3463.472 -73.571 -1033.535
v -3458.307 -74.032 -1027.426
v -3454.244 -74.318 -1030.860
v -3459.409 -73.858 -1036.970
f 3421 3422 3423
f 3423 3424 3421
v -3458.551 -73.920 -1037.524
v -3455.102 -74.256 -1030.306
v -3450.181 -74.620 -1032.657
v -3453.631 -74.286 -1039.875
f 3425 3426 3427
f 3427 3428 3425
v -3454.344 -74.234 -1039.437
v -3449.468 -74.672 -1033.095
v -3446.685 -74.908 -1035.236
v -3451.561 -74.434 -1041.577
f 3429 3430 3431
f 3431 3432 3429
v -3452.176 -74.391 -1040.991
v -3446.070 -74.979 -1035.822
v -3443.710 -75.245 -1038.609
v -3449.816 -74.553 -1043.778
f 3433 3434 3435
f 3435 3436 3433
v -3450.536 -74.507 -1042.523
v -3442.991 -75.323 -1039.864
v -3441.710 -75.452 -1043.497
v -3449.256 -74.576 -1046.156
f 3437 3438 3439
f 3439 3440 3437
v -3449.483 -74.570 -1044.826
v -3441.483 -75.469 -1044.826
v -3441.483 -75.446 -1047.825
v -3449.483 -74.544 -1047.825
f 3441 3442 3443
f 3443 3444 3441
v -3449.179 -74.581 -1046.295
v -3441.787 -75.397 -1049.356
v -3443.713 -75.121 -1054.006
v -3451.104 -74.388 -1050.944
f 3445 3446 3447
f 3447 3448 3445
v -3438.348 -75.879 -1061.608
v -3443.779 -75.098 -1055.733
v -3438.992 -75.728 -1051.308
v -3433.561 -76.385 -1057.182
f 3449 3450 3451
f 3451 3452 3449
v -3434.949 -76.228 -1058.018
v -3437.605 -75.907 -1050.472
v -3433.965 -76.367 -1049.191
v -3431.309 -76.657 -1056.737
f 3453 3454 3455
f 3455 3456 3453
v -3433.181 -76.427 -1056.927
v -3432.092 -76.600 -1049.001
v -3427.383 -77.180 -1049.648
v -3428.473 -77.025 -1057.574
f 3457 3458 3459
f 3459 3460 3457
v -3429.436 -76.900 -1057.316
v -3426.420 -77.298 -1049.906
v -3420.643 -78.002 -1052.258
v -3423.658 -77.654 -1059.667
f 3461 3462 3463
f 3463 3464 3461
v -3423.628 -77.658 -1059.679
v -3420.672 -77.998 -1052.246
v -3416.387 -78.523 -1053.950
v -3419.343 -78.211 -1061.384
f 3465 3466 3467
f 3467 3468 3465
v -3418.771 -78.283 -1061.563
v -3416.958 -78.452 -1053.771
v -3411.392 -79.140 -1055.065
v -3413.205 -78.981 -1062.857
f 3469 3470 3471
f 3471 3472 3469
v -3411.898 -79.142 -1062.941
v -3412.700 -78.977 -1054.981
v -3406.277 -79.780 -1054.334
v -3405.474 -79.935 -1062.294
f 3473 3474 3475
f 3475 3476 3473
v -3404.557 -80.061 -1062.090
v -3407.194 -79.665 -1054.537
v -3402.273 -80.348 -1052.820
v -3399.637 -80.735 -1060.373
f 3477 3478 3479
f 3479 3480 3477
v -3399.185 -80.797 -1060.183
v -3402.726 -80.284 -1053.010
v -3396.035 -81.234 -1049.707
v -3392.494 -81.725 -1056.881
f 3481 3482 3483
f 3483 3484 3481
v -3448.277 -74.948 -1072.296
v -3441.932 -75.565 -1067.423
v -3437.813 -76.170 -1072.786
v -3444.158 -75.526 -1077.659
f 3485 3486 3487
f 3487 3488 3485
v -3444.701 -75.441 -1076.704
v -3437.270 -76.254 -1073.741
v -3435.990 -76.468 -1076.951
v -3443.421 -75.662 -1079.915
f 3489 3490 3491
f 3491 3492 3489
v -3443.694 -75.604 -1078.729
v -3435.716 -76.523 -1078.137
v -3435.494 -76.607 -1081.135
v -3443.472 -75.697 -1081.728
f 3493 3494 3495
f 3495 3496 3493
v -3443.173 -75.691 -1079.889
v -3435.792 -76.608 -1082.974
v -3437.941 -76.497 -1088.113
v -3445.322 -75.559 -1085.027
f 3497 3498 3499
f 3499 3500 3497
v -3445.195 -75.567 -1084.754
v -3438.067 -76.495 -1088.386
v -3443.410 -76.405 -1098.875
v -3450.539 -75.577 -1095.243
f 3501 3502 3503
f 3503 3504 3501
v -3450.455 -75.574 -1095.088
v -3443.494 -76.404 -1099.030
v -3450.774 -76.447 -1111.884
v -3457.735 -75.783 -1107.941
f 3505 3506 3507
f 3507 3508 3505
v -3457.438 -75.777 -1107.490
v -3451.072 -76.452 -1112.335
v -3458.564 -76.639 -1122.177
v -3464.929 -75.872 -1117.331
f 3509 3510 3511
f 3511 3512 3509
v -3464.763 -75.867 -1117.126
v -3458.731 -76.646 -1122.381
v -3470.297 -77.091 -1135.658
v -3476.329 -76.322 -1130.403
f 3513 3514 3515
f 3515 3516 3513
v -3476.218 -76.317 -1130.280
v -3470.408 -77.096 -1135.780
v -3478.111 -77.428 -1143.917
v -3483.921 -76.652 -1138.418
f 3517 3518 3519
f 3519 3520 3517
v -3483.919 -76.652 -1138.415
v -3478.114 -77.428 -1143.920
v -3485.817 -77.874 -1152.044
v -3491.622 -77.104 -1146.539
f 3521 3522 3523
f 3523 3524 3521
v -3491.645 -77.106 -1146.564
v -3485.794 -77.872 -1152.020
v -3491.794 -78.337 -1158.453
v -3497.645 -77.599 -1152.997
f 3525 3526 3527
f 3527 3528 3525
v -3498.110 -77.648 -1153.602
v -3491.330 -78.287 -1157.848
v -3495.615 -78.876 -1164.691
v -3502.395 -78.233 -1160.445
f 3529 3530 3531
f 3531 3532 3529
v -3502.678 -78.280 -1160.984
v -3495.333 -78.828 -1164.152
v -3499.396 -79.683 -1173.571
v -3506.741 -79.127 -1170.402
f 3533 3534 3535
f 3535 3536 3533
v -3506.605 -79.102 -1170.117
v -3499.533 -79.708 -1173.857
v -3505.310 -80.603 -1184.782
v -3512.382 -80.016 -1181.042
f 3537 3538 3539
f 3539 3540 3537
v -3512.220 -79.994 -1180.763
v -3505.472 -80.624 -1185.060
v -3508.466 -80.974 -1189.763
v -3515.215 -80.342 -1185.466
f 3541 3542 3543
f 3543 3544 3541
v -3514.293 -80.277 -1184.455
v -3509.388 -81.040 -1190.774
v -3513.250 -81.194 -1193.773
v -3518.156 -80.432 -1187.453
f 3545 3546 3547
f 3547 3548 3545
v -3517.889 -80.423 -1187.263
v -3513.518 -81.203 -1193.963
v -3518.438 -81.337 -1197.173
v -3522.809 -80.560 -1190.473
f 3549 3550 3551
f 3551 3552 3549
v -3598.912 -75.246 -1128.412
v -3591.303 -75.143 -1130.884
v -3593.029 -75.347 -1136.195
v -3600.637 -75.407 -1133.723
f 3553 3554 3555
f 3555 3556 3553
v -3600.708 -75.414 -1133.967
v -3592.958 -75.338 -1135.951
v -3595.095 -75.612 -1144.300
v -3602.845 -75.615 -1142.316
f 3557 3558 3559
f 3559 3560 3557
v -3602.900 -75.620 -1142.561
v -3595.041 -75.605 -1144.054
v -3596.543 -75.841 -1151.967
v -3604.403 -75.777 -1150.474
f 3561 3562 3563
f 3563 3564 3561
v -3604.469 -75.788 -1151.041
v -3596.477 -75.824 -1151.400
v -3596.900 -76.102 -1160.819
v -3604.892 -75.966 -1160.460
f 3565 3566 3567
f 3567 3568 3565
v -3604.896 -75.969 -1160.639
v -3596.896 -76.097 -1160.639
v -3596.896 -76.274 -1166.637
v -3604.896 -76.083 -1166.637
f 3569 3570 3571
f 3571 3572 3569
v -3604.875 -76.091 -1167.050
v -3596.918 -76.262 -1166.223
v -3596.495 -76.394 -1170.292
v -3604.452 -76.181 -1171.119
f 3573 3574 3575
f 3575 3576 3573
v -3604.267 -76.204 -1171.972
v -3596.679 -76.363 -1169.439
v -3594.108 -76.691 -1177.140
v -3601.696 -76.460 -1179.674
f 3577 3578 3579
f 3579 3580 3577
v -3601.690 -76.460 -1179.690
v -3594.113 -76.691 -1177.123
v -3591.007 -77.131 -1186.291
v -3598.584 -76.822 -1188.858
f 3581 3582 3583
f 3583 3584 3581
v -3598.586 -76.822 -1188.852
v -3591.005 -77.131 -1186.297
v -3589.402 -77.386 -1191.053
v -3596.983 -77.037 -1193.608
f 3585 3586 3587
f 3587 3588 3585
v -3596.715 -77.070 -1194.227
v -3589.671 -77.348 -1190.434
v -3586.676 -77.736 -1195.996
v -3593.720 -77.423 -1199.788
f 3589 3590 3591
f 3591 3592 3589
v -3593.827 -77.409 -1199.576
v -3586.570 -77.751 -1196.208
v -3583.787 -78.186 -1202.206
v -3591.044 -77.801 -1205.573
f 3593 3594 3595
f 3595 3596 3593
v -3591.117 -77.790 -1205.405
v -3583.714 -78.198 -1202.373
v -3581.788 -78.549 -1207.076
v -3589.191 -78.091 -1210.108
f 3597 3598 3599
f 3599 3600 3597
v -3589.418 -78.052 -1209.345
v -3581.561 -78.602 -1207.839
v -3580.492 -78.894 -1213.414
v -3588.349 -78.297 -1214.920
f 3601 3602 3603
f 3603 3604 3601
v -3588.299 -78.308 -1215.145
v -3580.542 -78.882 -1213.188
v -3579.463 -79.130 -1217.468
v -3587.219 -78.527 -1219.425
f 3605 3606 3607
f 3607 3608 3605
v -3587.223 -78.526 -1219.411
v -3579.459 -79.131 -1217.483
v -3579.036 -79.231 -1219.187
v -3586.800 -78.615 -1221.115
f 3609 3610 3611
f 3611 3612 3609
v -3586.717 -78.631 -1221.402
v -3579.119 -79.213 -1218.900
v -3577.905 -79.462 -1222.586
v -3585.504 -78.856 -1225.088
f 3613 3614 3615
f 3615 3616 3613
v -3584.734 -78.971 -1226.448
v -3578.675 -79.341 -1221.225
v -3576.682 -79.610 -1223.537
v -3582.742 -79.238 -1228.760
f 3617 3618 3619
f 3619 3620 3617
v -3581.225 -79.422 -1229.851
v -3578.199 -79.430 -1222.446
v -3573.479 -79.938 -1224.374
v -3576.505 -79.958 -1231.780
f 3621 3622 3623
f 3623 3624 3621
v -3575.284 -80.090 -1232.067
v -3574.700 -79.814 -1224.088
v -3568.923 -80.313 -1224.511
v -3569.506 -80.639 -1232.489
f 3625 3626 3627
f 3627 3628 3625
v -3568.486 -80.715 -1232.433
v -3569.943 -80.242 -1224.567
v -3564.166 -80.605 -1223.497
v -3562.709 -81.105 -1231.363
f 3629 3630 3631
f 3631 3632 3629
v -3561.852 -81.157 -1231.102
v -3565.022 -80.557 -1223.757
v -3557.096 -80.940 -1220.336
v -3553.926 -81.570 -1227.681
f 3633 3634 3635
f 3635 3636 3633
v -3553.496 -81.589 -1227.464
v -3557.526 -80.922 -1220.553
v -3549.823 -81.197 -1216.061
v -3545.793 -81.886 -1222.973
f 3637 3638 3639
f 3639 3640 3637
v -3544.982 -81.905 -1222.348
v -3550.633 -81.179 -1216.686
v -3547.205 -81.204 -1213.264
v -3541.554 -81.931 -1218.927
f 3641 3642 3643
f 3643 3644 3641
v -3540.424 -81.866 -1216.696
v -3548.334 -81.263 -1215.495
v -3547.911 -81.125 -1212.708
v -3540.001 -81.715 -1213.908
f 3645 3646 3647
f 3647 3648 3645
v -3539.956 -81.679 -1213.308
v -3547.956 -81.158 -1213.308
v -3547.956 -80.968 -1210.098
v -3539.956 -81.473 -1210.098
f 3649 3650 3651
f 3651 3652 3649
v -3540.252 -81.358 -1208.587
v -3547.660 -81.076 -1211.609
v -3550.020 -80.539 -1205.823
v -3542.612 -80.735 -1202.801
f 3653 3654 3655
f 3655 3656 3653
v -3543.244 -80.612 -1201.750
v -3549.388 -80.658 -1206.874
v -3551.525 -80.335 -1204.311
v -3545.382 -80.286 -1199.187
f 3657 3658 3659
f 3659 3660 3657
v -3547.274 -80.083 -1197.927
v -3549.633 -80.543 -1205.571
v -3552.416 -80.313 -1204.713
v -3550.057 -79.868 -1197.068
f 3661 3662 3663
f 3663 3664 3661
v -3550.990 -79.806 -1196.898
v -3551.483 -80.381 -1204.883
v -3554.911 -80.162 -1204.672
v -3554.419 -79.609 -1196.687
f 3665 3666 3667
f 3667 3668 3665
v -3555.868 -79.545 -1196.864
v -3553.462 -80.235 -1204.494
v -3557.525 -80.085 -1205.775
v -3559.931 -79.418 -1198.146
f 3669 3670 3671
f 3671 3672 3669
v -3560.846 -79.398 -1198.567
v -3556.610 -80.110 -1205.354
v -3560.039 -80.052 -1207.494
v -3564.275 -79.351 -1200.707
f 3673 3674 3675
f 3675 3676 3673
v -3564.879 -79.347 -1201.170
v -3559.435 -80.057 -1207.032
v -3565.424 -79.985 -1212.593
v -3570.868 -79.341 -1206.731
f 3677 3678 3679
f 3679 3680 3677
v -3570.977 -79.341 -1206.836
v -3565.315 -79.987 -1212.488
v -3568.744 -79.925 -1215.923
v -3574.405 -79.258 -1210.271
f 3681 3682 3683
f 3683 3684 3681
v -3574.249 -79.264 -1210.123
v -3568.900 -79.922 -1216.071
v -3573.175 -79.773 -1219.915
v -3578.524 -79.076 -1213.967
f 3685 3686 3687
f 3687 3688 3685
v -3577.426 -79.139 -1213.265
v -3574.273 -79.706 -1220.617
v -3578.770 -79.382 -1222.546
v -3581.923 -78.840 -1215.193
f 3689 3690 3691
f 3691 3692 3689
v -3582.131 -78.826 -1215.290
v -3578.563 -79.397 -1222.450
v -3581.134 -79.212 -1223.731
v -3584.702 -78.654 -1216.571
f 3693 3694 3695
f 3695 3696 3693
v -3598.733 -76.764 -1186.871
v -3590.858 -77.208 -1188.278
v -3592.472 -77.423 -1197.314
v -3600.348 -76.894 -1195.907
f 3697 3698 3699
f 3699 3700 3697
v -3600.410 -76.907 -1196.611
v -3592.410 -77.404 -1196.611
v -3592.410 -77.595 -1202.383
v -3600.410 -77.041 -1202.383
f 3701 3702 3703
f 3703 3704 3701
v -3600.216 -77.083 -1203.613
v -3592.604 -77.542 -1201.154
v -3590.667 -77.885 -1207.151
v -3598.279 -77.369 -1209.610
f 3705 3706 3707
f 3707 3708 3705
v -3597.839 -77.422 -1210.542
v -3591.107 -77.819 -1206.219
v -3587.256 -78.307 -1212.217
v -3593.987 -77.868 -1216.540
f 3709 3710 3711
f 3711 3712 3709
v -3593.331 -77.942 -1217.321
v -3587.912 -78.231 -1211.436
v -3585.129 -78.535 -1213.999
v -3590.548 -78.249 -1219.883
f 3713 3714 3715
f 3715 3716 3713
v -3589.108 -78.399 -1220.734
v -3586.568 -78.391 -1213.148
v -3582.071 -78.809 -1214.654
v -3584.611 -78.846 -1222.240
f 3717 3718 3719
f 3719 3720 3717
v -4065.050 -78.922 -1048.498
v -4057.065 -77.899 -1048.976
v -4057.599 -77.957 -1057.906
v -4065.585 -78.977 -1057.428
f 3721 3722 3723
f 3723 3724 3721
v -4065.360 -78.939 -1056.324
v -4057.824 -77.998 -1059.009
v -4058.893 -78.167 -1062.008
v -4066.428 -79.101 -1059.322
f 3725 3726 3727
f 3727 3728 3725
v -4066.038 -79.045 -1058.522
v -4059.283 -78.225 -1062.809
v -4063.357 -78.799 -1069.229
v -4070.112 -79.656 -1064.942
f 3729 3730 3731
f 3731 3732 3729
v -4070.449 -79.708 -1065.602
v -4063.020 -78.751 -1068.569
v -4066.872 -79.304 -1078.212
v -4074.301 -80.298 -1075.245
f 3733 3734 3735
f 3735 3736 3733
v -4074.580 -80.344 -1076.960
v -4066.593 -79.257 -1076.497
v -4066.159 -79.265 -1083.987
v -4074.146 -80.320 -1084.450
f 3737 3738 3739
f 3739 3740 3737
v -4074.147 -80.320 -1084.416
v -4066.157 -79.265 -1084.021
v -4065.946 -79.289 -1088.301
v -4073.936 -80.323 -1088.696
f 3741 3742 3743
f 3743 3744 3741
v -4073.941 -80.321 -1088.499
v -4065.941 -79.292 -1088.499
v -4065.941 -79.417 -1095.566
v -4073.941 -80.395 -1095.566
f 3745 3746 3747
f 3747 3748 3745
v -4073.939 -80.393 -1095.439
v -4065.943 -79.420 -1095.694
v -4066.154 -79.560 -1102.325
v -4074.150 -80.487 -1102.070
f 3749 3750 3751
f 3751 3752 3749
v -4073.660 -80.410 -1100.276
v -4066.644 -79.642 -1104.120
v -4070.284 -80.150 -1110.764
v -4077.300 -80.894 -1106.921
f 3753 3754 3755
f 3755 3756 3753
v -4076.798 -80.832 -1106.202
v -4070.787 -80.215 -1111.482
v -4073.793 -80.580 -1114.904
v -4079.803 -81.192 -1109.624
f 3757 3758 3759
f 3759 3760 3757
v -4073.025 -80.114 -1073.558
v -4068.148 -79.486 -1079.900
v -4070.931 -79.876 -1082.040
v -4075.808 -80.507 -1075.698
f 3761 3762 3763
f 3763 3764 3761
v -4074.629 -80.342 -1075.072
v -4072.109 -80.038 -1082.665
v -4076.607 -80.647 -1084.158
v -4079.127 -80.965 -1076.565
f 3765 3766 3767
f 3767 3768 3765
v -4079.480 -81.013 -1076.701
v -4076.254 -80.599 -1084.022
v -4079.671 -81.060 -1085.528
v -4082.897 -81.482 -1078.207
f 3769 3770 3771
f 3771 3772 3769
v -4082.764 -81.464 -1078.151
v -4079.804 -81.078 -1085.583
v -4083.021 -81.507 -1086.865
v -4085.981 -81.902 -1079.433
f 3773 3774 3775
f 3775 3776 3773
v -4358.684 -90.123 -992.657
v -4351.198 -90.458 -989.836
v -4344.073 -90.303 -1008.740
v -4351.559 -89.874 -1011.561
f 3777 3778 3779
f 3779 3780 3777
v -4351.688 -89.877 -1011.154
v -4343.945 -90.302 -1009.146
v -4343.098 -90.288 -1012.409
v -4350.842 -89.847 -1014.417
f 3781 3782 3783
f 3783 3784 3781
v -4350.843 -89.847 -1014.416
v -4343.098 -90.288 -1012.410
v -4340.727 -90.269 -1021.565
v -4348.472 -89.784 -1023.571
f 3785 3786 3787
f 3787 3788 3785
v -4348.513 -89.785 -1023.394
v -4340.686 -90.269 -1021.741
v -4338.337 -90.327 -1032.864
v -4346.164 -89.841 -1034.517
f 3789 3790 3791
f 3791 3792 3789
v -4346.059 -89.846 -1034.913
v -4338.442 -90.322 -1032.467
v -4336.516 -90.424 -1038.465
v -4344.133 -89.942 -1040.911
f 3793 3794 3795
f 3795 3796 3793
v -4343.846 -89.958 -1041.585
v -4336.803 -90.408 -1037.791
v -4332.306 -90.670 -1046.140
v -4339.349 -90.214 -1049.934
f 3797 3798 3799
f 3799 3800 3797
v -4339.189 -90.223 -1050.205
v -4332.466 -90.661 -1045.868
v -4328.180 -90.922 -1052.513
v -4334.903 -90.486 -1056.849
f 3801 3802 3803
f 3803 3804 3801
v -4335.156 -90.466 -1056.395
v -4327.927 -90.938 -1052.968
v -4324.076 -91.194 -1061.092
v -4331.304 -90.759 -1064.519
f 3805 3806 3807
f 3807 3808 3805
v -4331.509 -90.744 -1063.996
v -4323.871 -91.208 -1061.615
v -4321.734 -91.351 -1068.471
v -4329.371 -90.907 -1070.852
f 3809 3810 3811
f 3811 3812 3809
v -4329.491 -90.898 -1070.362
v -4321.614 -91.359 -1068.960
v -4319.900 -91.468 -1078.590
v -4327.776 -91.037 -1079.992
f 3813 3814 3815
f 3815 3816 3813
v -4327.834 -91.032 -1079.467
v -4319.842 -91.471 -1079.115
v -4319.408 -91.501 -1088.970
v -4327.400 -91.105 -1089.322
f 3817 3818 3819
f 3819 3820 3817
v -4327.404 -91.103 -1089.146
v -4319.404 -91.501 -1089.146
v -4319.404 -91.512 -1098.988
v -4327.404 -91.185 -1098.988
f 3821 3822 3823
f 3823 3824 3821
v -4327.404 -91.185 -1098.988
v -4319.404 -91.512 -1098.988
v -4319.404 -91.531 -1117.191
v -4327.404 -91.336 -1117.191
f 3825 3826 3827
f 3827 3828 3825
v -4326.414 -91.206 -1096.353
v -4320.394 -91.476 -1101.622
v -4326.394 -91.296 -1108.478
v -4332.414 -91.035 -1103.209
f 3829 3830 3831
f 3831 3832 3829
v -4331.989 -91.045 -1102.791
v -4326.820 -91.286 -1108.897
v -4333.889 -91.146 -1114.881
v -4339.058 -90.894 -1108.775
f 3833 3834 3835
f 3835 3836 3833
v -4339.212 -90.892 -1108.913
v -4333.734 -91.148 -1114.743
v -4340.580 -91.127 -1121.176
v -4346.058 -90.837 -1115.346
f 3837 3838 3839
f 3839 3840 3837
v -4346.198 -90.836 -1115.484
v -4340.440 -91.126 -1121.038
v -4346.429 -91.228 -1127.247
v -4352.187 -90.925 -1121.693
f 3841 3842 3843
f 3843 3844 3841
v -4352.520 -90.936 -1122.086
v -4346.097 -91.219 -1126.854
v -4350.382 -91.398 -1132.627
v -4356.806 -91.141 -1127.858
f 3845 3846 3847
f 3847 3848 3845
v -4356.999 -91.155 -1128.144
v -4350.189 -91.388 -1132.342
v -4353.618 -91.615 -1137.903
v -4360.428 -91.439 -1133.705
f 3849 3850 3851
f 3851 3852 3849
v -4360.864 -91.492 -1134.691
v -4353.181 -91.571 -1136.918
v -4355.107 -91.878 -1143.562
v -4362.790 -91.857 -1141.335
f 3853 3854 3855
f 3855 3856 3853
v -4362.948 -91.919 -1142.449
v -4354.948 -91.826 -1142.449
v -4354.948 -92.041 -1147.152
v -4362.948 -92.171 -1147.152
f 3857 3858 3859
f 3859 3860 3857
v -4362.466 -92.272 -1149.057
v -4355.431 -91.959 -1145.247
v -4352.648 -92.163 -1150.386
v -4359.683 -92.508 -1154.195
f 3861 3862 3863
f 3863 3864 3861
v -4358.931 -92.544 -1155.181
v -4353.400 -92.128 -1149.400
v -4348.692 -92.241 -1153.905
v -4354.222 -92.653 -1159.685
f 3865 3866 3867
f 3867 3868 3865
v -4353.953 -92.657 -1159.920
v -4348.960 -92.237 -1153.670
v -4341.468 -92.264 -1159.654
v -4346.461 -92.660 -1165.905
f 3869 3870 3871
f 3871 3872 3869
v -4345.529 -92.644 -1166.461
v -4342.401 -92.274 -1159.098
v -4336.835 -92.170 -1161.462
v -4339.963 -92.494 -1168.825
f 3873 3874 3875
f 3875 3876 3873
v -4339.368 -92.474 -1169.025
v -4337.430 -92.184 -1161.263
v -4328.858 -91.936 -1163.403
v -4330.796 -92.139 -1171.165
f 3877 3878 3879
f 3879 3880 3877
v -4329.704 -92.091 -1171.282
v -4329.951 -91.973 -1163.286
v -4322.682 -91.714 -1163.061
v -4322.435 -91.751 -1171.057
f 3881 3882 3883
f 3883 3884 3881
v -4322.152 -91.738 -1171.039
v -4322.964 -91.724 -1163.080
v -4316.753 -91.507 -1162.446
v -4315.940 -91.454 -1170.405
f 3885 3886 3887
f 3887 3888 3885
v -4314.131 -91.373 -1169.756
v -4318.562 -91.569 -1163.095
v -4315.345 -91.465 -1160.955
v -4310.914 -91.244 -1167.616
f 3889 3890 3891
f 3891 3892 3889
v -4309.551 -91.203 -1166.072
v -4316.708 -91.505 -1162.498
v -4314.571 -91.452 -1158.218
v -4307.413 -91.177 -1161.792
f 3893 3894 3895
f 3895 3896 3893
v -4307.002 -91.185 -1160.287
v -4314.982 -91.458 -1159.724
v -4314.771 -91.466 -1156.725
v -4306.790 -91.224 -1157.288
f 3897 3898 3899
f 3899 3900 3897
v -4306.876 -91.245 -1156.139
v -4314.685 -91.458 -1157.874
v -4315.542 -91.497 -1154.017
v -4307.733 -91.324 -1152.281
f 3901 3902 3903
f 3903 3904 3901
v -4308.713 -91.371 -1150.421
v -4314.563 -91.464 -1155.878
v -4317.557 -91.544 -1152.668
v -4311.707 -91.461 -1147.211
f 3905 3906 3907
f 3907 3908 3905
v -4313.429 -91.496 -1146.124
v -4315.835 -91.505 -1153.754
v -4319.898 -91.592 -1152.472
v -4317.492 -91.551 -1144.843
f 3909 3910 3911
f 3911 3912 3909
v -4409.008 -89.465 -993.562
v -4402.108 -89.679 -989.513
v -4398.100 -89.134 -996.343
v -4405.000 -89.032 -1000.391
f 3913 3914 3915
f 3915 3916 3913
v -4405.518 -89.110 -998.879
v -4397.583 -89.059 -997.855
v -4396.726 -88.775 -1004.500
v -4404.660 -88.785 -1005.523
f 3917 3918 3919
f 3919 3920 3917
v -4404.549 -88.758 -1006.076
v -4396.838 -88.797 -1003.947
v -4395.123 -88.562 -1010.156
v -4402.835 -88.446 -1012.285
f 3921 3922 3923
f 3923 3924 3921
v -4401.803 -88.352 -1014.053
v -4396.155 -88.613 -1008.387
v -4393.584 -88.570 -1010.950
v -4399.231 -88.207 -1016.616
f 3925 3926 3927
f 3927 3928 3925
v -4397.892 -88.153 -1017.497
v -4394.923 -88.571 -1010.069
v -4389.568 -88.634 -1012.209
v -4392.537 -88.221 -1019.637
f 3929 3930 3931
f 3931 3932 3929
v -4391.869 -88.235 -1019.839
v -4390.237 -88.622 -1012.007
v -4385.105 -88.731 -1013.077
v -4386.738 -88.362 -1020.909
f 3933 3934 3935
f 3935 3936 3933
v -4383.894 -88.477 -1020.441
v -4387.948 -88.626 -1013.545
v -4384.308 -88.821 -1011.405
v -4380.254 -88.680 -1018.301
f 3937 3938 3939
f 3939 3940 3937
v -4379.498 -88.726 -1017.726
v -4385.064 -88.776 -1011.980
v -4378.218 -89.221 -1005.348
v -4372.652 -89.171 -1011.095
f 3941 3942 3943
f 3943 3944 3941
v -4372.613 -89.174 -1011.056
v -4378.257 -89.218 -1005.387
v -4376.320 -89.338 -1003.458
v -4370.676 -89.294 -1009.127
f 3945 3946 3947
f 3947 3948 3945
v -4370.667 -89.294 -1009.119
v -4376.328 -89.337 -1003.467
v -4372.477 -89.565 -999.609
v -4366.816 -89.522 -1005.262
f 3949 3950 3951
f 3951 3952 3949
v -4367.373 -89.493 -1005.727
v -4371.919 -89.594 -999.144
v -4366.353 -89.844 -995.300
v -4361.807 -89.750 -1001.883
f 3953 3954 3955
f 3955 3956 3953
v -4361.575 -89.760 -1001.709
v -4366.586 -89.831 -995.474
v -4357.447 -90.341 -988.129
v -4352.435 -90.246 -994.365
f 3957 3958 3959
f 3959 3960 3957
v -4408.078 -89.368 -994.644
v -4403.038 -89.775 -988.431
v -4396.459 -89.318 -993.768
v -4401.499 -89.008 -999.981
f 3961 3962 3963
f 3963 3964 3961
v -4400.648 -88.972 -1000.509
v -4397.309 -89.341 -993.239
v -4384.252 -89.305 -999.237
v -4387.591 -88.927 -1006.506
f 3965 3966 3967
f 3967 3968 3965
v -4386.983 -88.934 -1006.728
v -4384.859 -89.299 -999.015
v -4372.436 -89.470 -1002.436
v -4374.560 -89.149 -1010.149
f 3969 3970 3971
f 3971 3972 3969
v -4374.535 -89.150 -1010.156
v -4372.461 -89.470 -1002.430
v -4345.934 -90.197 -1009.550
v -4348.007 -89.938 -1017.276
f 3973 3974 3975
f 3975 3976 3973
v -4609.027 -102.850 -998.028
v -4612.279 -103.277 -1005.337
v -4616.821 -103.424 -1003.316
v -4613.569 -102.987 -996.007
f 3977 3978 3979
f 3979 3980 3977
v -4612.205 -102.961 -997.004
v -4618.184 -103.451 -1002.319
v -4623.327 -103.460 -996.533
v -4617.348 -102.869 -991.218
f 3981 3982 3983
f 3983 3984 3981
v -4616.597 -102.915 -992.460
v -4624.079 -103.439 -995.291
v -4626.428 -103.114 -989.082
v -4618.945 -102.615 -986.252
f 3985 3986 3987
f 3987 3988 3985
v -4618.769 -102.647 -986.858
v -4626.604 -103.079 -988.476
v -4628.107 -102.626 -981.197
v -4620.272 -102.229 -979.579
f 3989 3990 3991
f 3991 3992 3989
v -4620.285 -102.225 -979.519
v -4628.094 -102.630 -981.257
v -4629.808 -102.141 -973.556
v -4621.999 -101.772 -971.818
f 3993 3994 3995
f 3995 3996 3993
v -4622.416 -101.711 -970.728
v -4629.391 -102.205 -974.646
v -4633.243 -101.826 -967.790
v -4626.268 -101.335 -963.872
f 3997 3998 3999
f 3999 4000 3997
v -4626.995 -101.274 -962.936
v -4632.516 -101.874 -968.725
v -4641.934 -101.346 -959.743
v -4636.412 -100.684 -953.954
f 4001 4002 4003
f 4003 4004 4001
v -4636.448 -100.681 -953.920
v -4641.898 -101.349 -959.776
v -4663.305 -99.381 -939.856
v -4657.855 -98.818 -933.999
f 4005 4006 4007
f 4007 4008 4005
v -4657.896 -98.814 -933.962
v -4663.263 -99.385 -939.894
v -4676.856 -98.088 -927.595
v -4671.488 -97.509 -921.663
f 4009 4010 4011
f 4011 4012 4009
v -4671.469 -97.511 -921.680
v -4676.875 -98.086 -927.578
v -4692.181 -96.626 -913.549
v -4686.776 -96.010 -907.651
f 4013 4014 4015
f 4015 4016 4013
v -4686.587 -96.029 -907.836
v -4692.369 -96.608 -913.365
v -4696.866 -96.175 -908.662
v -4691.085 -95.607 -903.133
f 4017 4018 4019
f 4019 4020 4017
v -4690.181 -95.732 -904.632
v -4697.770 -96.040 -907.163
v -4699.273 -95.652 -902.659
v -4691.684 -95.362 -900.127
f 4021 4022 4023
f 4023 4024 4021
v -4692.323 -95.679 -903.852
v -4698.634 -95.350 -898.934
v -4697.131 -95.177 -897.006
v -4690.820 -95.503 -901.923
f 4025 4026 4027
f 4027 4028 4025
v -4693.976 -95.663 -903.464
v -4693.976 -95.007 -895.464
v -4690.335 -94.953 -895.464
v -4690.335 -95.627 -903.464
f 4029 4030 4031
f 4031 4032 4029
v -4693.015 -95.569 -902.434
v -4687.656 -95.002 -896.495
v -4683.381 -95.342 -900.352
v -4688.740 -95.886 -906.291
f 4033 4034 4035
f 4035 4036 4033
v -4689.489 -95.801 -905.382
v -4682.632 -95.424 -901.262
v -4680.061 -95.829 -905.542
v -4686.918 -96.215 -909.662
f 4037 4038 4039
f 4039 4040 4037
v -4686.998 -96.201 -909.522
v -4679.980 -95.843 -905.682
v -4670.663 -97.619 -922.709
v -4677.681 -97.978 -926.549
f 4041 4042 4043
f 4043 4044 4041
v -4638.123 -105.122 -1017.092
v -4644.320 -105.206 -1012.033
v -4639.489 -104.669 -1006.115
v -4633.291 -104.590 -1011.174
f 4045 4046 4047
f 4047 4048 4045
v -4632.812 -104.531 -1010.434
v -4639.968 -104.729 -1006.855
v -4635.904 -104.146 -998.731
v -4628.749 -103.965 -1002.309
f 4049 4050 4051
f 4051 4052 4049
v -4628.583 -103.940 -1001.927
v -4636.071 -104.172 -999.113
v -4632.208 -103.339 -988.836
v -4624.720 -103.218 -991.650
f 4053 4054 4055
f 4055 4056 4053
v -4624.668 -103.206 -991.504
v -4632.260 -103.352 -988.982
v -4630.123 -102.799 -982.548
v -4622.531 -102.680 -985.071
f 4057 4058 4059
f 4059 4060 4057
v -4622.361 -102.624 -984.332
v -4630.292 -102.858 -983.287
v -4629.869 -102.611 -980.077
v -4621.938 -102.392 -981.122
f 4061 4062 4063
f 4063 4064 4061
v -4621.904 -102.356 -980.600
v -4629.904 -102.650 -980.600
v -4629.904 -102.081 -972.687
v -4621.904 -101.827 -972.687
f 4065 4066 4067
f 4067 4068 4065
v -3315.528 -92.541 -103.337
v -3323.522 -91.855 -103.039
v -3319.359 -85.772 8.326
v -3311.364 -86.079 8.027
f 4069 4070 4071
f 4071 4072 4069
v -3796.941 -76.446 258.410
v -3788.948 -76.587 258.077
v -3794.325 -69.435 128.738
v -3802.318 -70.109 129.071
f 4073 4074 4075
f 4075 4076 4073
v -4085.123 -81.814 -159.458
v -4077.334 -80.839 -161.282
v -4095.969 -82.111 -240.866
v -4103.758 -82.380 -239.042
f 4077 4078 4079
f 4079 4080 4077
v -4103.759 -82.379 -239.046
v -4095.968 -82.111 -240.863
v -4106.877 -81.125 -287.650
v -4114.668 -81.031 -285.833
f 4081 4082 4083
f 4083 4084 4081
v -3261.182 -85.047 193.206
v -3260.270 -85.858 201.154
v -3154.862 -92.698 189.068
v -3155.773 -92.574 181.120
f 4085 4086 4087
f 4087 4088 4085
v -3155.696 -92.582 181.112
v -3154.940 -92.692 189.076
v -3128.223 -95.112 186.540
v -3128.979 -95.212 178.576
f 4089 4090 4091
f 4091 4092 4089
v -3128.799 -95.230 178.563
v -3128.403 -95.095 186.553
v -3024.898 -100.829 181.428
v -3025.294 -101.400 173.438
f 4093 4094 4095
f 4095 4096 4093
v -4071.924 -82.499 80.477
v -4075.905 -82.253 73.538
v -4086.681 -81.728 79.719
v -4082.700 -81.944 86.659
f 4097 4098 4099
f 4099 4100 4097
v -4080.936 -82.038 84.569
v -4088.445 -81.632 81.809
v -4091.606 -81.431 90.408
v -4084.098 -81.870 93.168
f 4101 4102 4103
f 4103 4104 4101
v -4084.030 -81.873 92.968
v -4091.674 -81.426 90.608
v -4093.489 -81.291 96.486
v -4085.845 -81.763 98.846
f 4105 4106 4107
f 4107 4108 4105
v -4087.306 -81.668 100.895
v -4092.027 -81.390 94.437
v -4099.508 -80.890 99.905
v -4094.787 -81.187 106.363
f 4109 4110 4111
f 4111 4112 4109
v -4097.943 -80.984 107.054
v -4096.352 -81.096 99.214
v -4114.842 -80.113 95.463
v -4116.433 -79.957 103.303
f 4113 4114 4115
f 4115 4116 4113
v -4116.434 -79.957 103.303
v -4114.841 -80.113 95.463
v -4140.255 -79.201 90.298
v -4141.848 -78.902 98.138
f 4117 4118 4119
f 4119 4120 4117
v -4141.843 -78.902 98.139
v -4140.260 -79.201 90.297
v -4147.329 -78.970 88.871
v -4148.912 -78.645 96.713
f 4121 4122 4123
f 4123 4124 4121
v -4148.997 -78.642 96.695
v -4147.244 -78.972 88.889
v -4181.341 -79.300 81.228
v -4183.094 -78.981 89.033
f 4125 4126 4127
f 4127 4128 4125
v -4178.288 -79.094 85.878
v -4186.147 -79.190 84.383
v -4187.438 -78.903 91.173
v -4179.579 -78.819 92.667
f 4129 4130 4131
f 4131 4132 4129
v -4179.578 -78.819 92.661
v -4187.440 -78.903 91.179
v -4191.046 -78.489 110.319
v -4183.185 -78.483 111.800
f 4133 4134 4135
f 4135 4136 4133
v -4183.185 -78.483 111.803
v -4191.046 -78.489 110.316
v -4207.087 -83.150 195.169
v -4199.226 -82.901 196.655
f 4137 4138 4139
f 4139 4140 4137
v -4186.307 -78.493 107.142
v -4187.924 -78.479 114.977
v -4166.929 -78.462 119.309
v -4165.312 -78.474 111.474
f 4141 4142 4143
f 4143 4144 4141
v -4168.702 -78.475 112.336
v -4163.540 -78.462 118.448
v -4138.471 -79.072 97.274
v -4143.633 -79.041 91.162
f 4145 4146 4147
f 4147 4148 4145
v -4152.060 -78.771 92.099
v -4144.181 -78.947 93.485
v -4139.194 -80.079 65.125
v -4147.073 -79.962 63.740
f 4149 4150 4151
f 4151 4152 4149
v -4142.298 -80.252 60.521
v -4143.968 -79.779 68.344
v -4137.657 -79.888 69.692
v -4135.987 -80.319 61.868
f 4153 4154 4155
f 4155 4156 4153
v -4135.983 -80.319 61.869
v -4137.660 -79.888 69.691
v -4120.338 -80.316 73.403
v -4118.662 -80.580 65.580
f 4157 4158 4159
f 4159 4160 4157
v -4118.662 -80.580 65.580
v -4120.339 -80.316 73.403
v -4101.058 -81.002 77.537
v -4099.381 -81.155 69.715
f 4161 4162 4163
f 4163 4164 4161
v -4098.122 -81.207 70.220
v -4102.317 -80.944 77.032
v -4086.788 -81.715 86.595
v -4082.593 -81.940 79.783
f 4165 4166 4167
f 4167 4168 4165
v -4096.231 -81.270 73.929
v -4104.208 -80.890 73.323
v -4104.965 -80.737 83.296
v -4096.988 -81.163 83.901
f 4169 4170 4171
f 4171 4172 4169
v -4100.839 -80.920 87.596
v -4101.114 -80.980 79.601
v -4112.235 -80.464 79.984
v -4111.960 -80.350 87.979
f 4173 4174 4175
f 4175 4176 4173
v -4108.199 -80.541 84.878
v -4115.996 -80.281 83.086
v -4119.536 -79.858 98.487
v -4111.739 -80.168 100.279
f 4177 4178 4179
f 4179 4180 4177
v -4140.778 -79.973 66.372
v -4132.866 -80.235 65.188
v -4133.812 -80.509 58.861
v -4141.724 -80.290 60.045
f 4181 4182 4183
f 4183 4184 4181
v -4141.768 -80.321 59.453
v -4133.768 -80.482 59.453
v -4133.768 -80.806 52.558
v -4141.768 -80.693 52.558
f 4185 4186 4187
f 4187 4188 4185
v -4140.097 -80.887 49.306
v -4135.438 -80.625 55.810
v -4130.073 -80.884 51.966
v -4134.732 -81.131 45.462
f 4189 4190 4191
f 4191 4192 4189
v -4133.289 -81.173 44.814
v -4131.516 -80.835 52.615
v -4123.089 -81.026 50.699
v -4124.862 -81.309 42.898
f 4193 4194 4195
f 4195 4196 4193
v -4121.754 -81.306 43.473
v -4126.197 -81.010 50.125
v -4120.442 -80.944 53.969
v -4115.998 -81.221 47.316
f 4197 4198 4199
f 4199 4200 4197
v -4114.235 -81.148 50.300
v -4122.205 -81.027 50.985
v -4121.448 -80.718 59.795
v -4113.478 -80.901 59.110
f 4201 4202 4203
f 4203 4204 4201
v -4113.543 -80.866 60.248
v -4121.383 -80.760 58.657
v -4123.420 -80.340 68.696
v -4115.580 -80.518 70.287
f 4205 4206 4207
f 4207 4208 4205
v -4184.862 -78.704 95.684
v -4182.156 -79.014 88.156
v -4200.090 -79.832 81.710
v -4202.795 -79.658 89.238
f 4209 4210 4211
f 4211 4212 4209
v -4204.163 -79.771 88.406
v -4198.722 -79.719 82.542
v -4201.683 -80.003 79.794
v -4207.124 -80.055 85.659
f 4213 4214 4215
f 4215 4216 4213
v -4207.685 -80.114 85.014
v -4201.122 -79.944 80.440
v -4205.163 -80.418 74.641
v -4211.726 -80.586 79.215
f 4217 4218 4219
f 4219 4220 4217
v -4210.261 -80.451 80.492
v -4206.628 -80.553 73.365
v -4213.830 -81.113 69.692
v -4217.464 -81.006 76.820
f 4221 4222 4223
f 4223 4224 4221
v -4211.685 -80.813 73.806
v -4219.609 -81.296 72.706
v -4220.088 -81.179 76.153
v -4212.164 -80.694 77.254
f 4225 4226 4227
f 4227 4228 4225
v -4212.126 -80.713 76.749
v -4220.125 -81.160 76.658
v -4220.159 -81.040 79.590
v -4212.159 -80.591 79.681
f 4229 4230 4231
f 4231 4232 4229
v -4212.348 -80.655 78.422
v -4219.970 -80.977 80.850
v -4218.590 -80.719 85.183
v -4210.967 -80.394 82.754
f 4233 4234 4235
f 4235 4236 4233
v -4210.839 -80.365 83.276
v -4218.718 -80.748 84.661
v -4218.128 -80.574 88.016
v -4210.249 -80.189 86.631
f 4237 4238 4239
f 4239 4240 4237
v -4210.199 -80.170 87.032
v -4218.178 -80.594 87.615
v -4217.889 -80.412 91.577
v -4209.910 -79.985 90.995
f 4241 4242 4243
f 4243 4244 4241
v -4209.964 -79.945 92.002
v -4217.834 -80.451 90.570
v -4219.248 -80.206 98.336
v -4211.378 -79.696 99.769
f 4245 4246 4247
f 4247 4248 4245
v -4211.663 -79.687 100.690
v -4218.963 -80.228 97.416
v -4220.799 -80.209 101.510
v -4213.500 -79.784 104.785
f 4249 4250 4251
f 4251 4252 4249
v -4214.391 -79.833 106.044
v -4219.909 -80.164 100.251
v -4223.015 -80.332 103.210
v -4217.496 -80.005 109.002
f 4253 4254 4255
f 4255 4256 4253
v -4218.941 -80.087 109.884
v -4221.570 -80.251 102.328
v -4229.050 -80.675 104.930
v -4226.422 -80.511 112.486
f 4257 4258 4259
f 4259 4260 4257
v -4225.208 -80.442 111.808
v -4230.264 -80.743 105.609
v -4234.929 -81.134 109.413
v -4229.872 -80.703 115.612
f 4261 4262 4263
f 4263 4264 4261
v -4228.508 -80.629 113.432
v -4236.293 -81.279 111.593
v -4237.429 -81.395 116.401
v -4229.643 -80.685 118.240
f 4265 4266 4267
f 4267 4268 4265
v -4229.536 -80.681 117.320
v -4237.536 -81.405 117.320
v -4237.536 -81.396 122.260
v -4229.536 -80.672 122.260
f 4269 4270 4271
f 4271 4272 4269
v -4229.538 -80.672 122.400
v -4237.533 -81.396 122.121
v -4237.767 -81.410 128.804
v -4229.772 -80.673 129.084
f 4273 4274 4275
f 4275 4276 4273
v -4230.063 -80.687 130.447
v -4237.477 -81.381 127.441
v -4238.890 -81.534 130.928
v -4231.476 -80.885 133.934
f 4277 4278 4279
f 4279 4280 4277
v -4233.080 -81.082 135.833
v -4237.287 -81.358 129.029
v -4243.076 -82.048 132.609
v -4238.868 -81.830 139.413
f 4281 4282 4283
f 4283 4284 4281
v -4239.090 -81.858 139.540
v -4242.854 -82.020 132.481
v -4251.326 -83.079 136.999
v -4247.561 -82.903 144.058
f 4285 4286 4287
f 4287 4288 4285
v -4246.979 -82.830 143.679
v -4251.907 -83.153 137.377
v -4259.678 -84.154 143.453
v -4254.750 -83.824 149.755
f 4289 4290 4291
f 4291 4292 4289
v -4254.359 -83.773 149.406
v -4260.069 -84.205 143.803
v -4267.560 -85.181 151.437
v -4261.850 -84.751 157.040
f 4293 4294 4295
f 4295 4296 4293
v -4261.134 -84.652 156.041
v -4268.276 -85.279 152.436
v -4272.929 -85.976 161.656
v -4265.788 -85.448 165.261
f 4297 4298 4299
f 4299 4300 4297
v -4265.388 -85.346 163.942
v -4273.329 -86.073 162.975
v -4273.897 -86.334 167.638
v -4265.956 -85.626 168.605
f 4301 4302 4303
f 4303 4304 4301
v -4265.942 -85.619 168.481
v -4273.910 -86.341 167.761
v -4274.144 -86.480 170.350
v -4266.176 -85.766 171.070
f 4305 4306 4307
f 4307 4308 4305
v -4266.183 -85.770 171.141
v -4274.137 -86.476 170.279
v -4274.671 -86.747 175.205
v -4266.718 -86.056 176.068
f 4309 4310 4311
f 4311 4312 4309
v -4266.854 -86.101 176.756
v -4274.535 -86.702 174.518
v -4276.594 -87.218 181.584
v -4268.914 -86.612 183.823
f 4313 4314 4315
f 4315 4316 4313
v -4270.592 -86.854 186.069
v -4274.916 -86.948 179.338
v -4281.907 -87.853 183.829
v -4277.583 -87.677 190.560
f 4317 4318 4319
f 4319 4320 4317
v -4279.141 -87.849 191.149
v -4280.348 -87.672 183.240
v -4286.404 -88.324 184.165
v -4285.197 -88.459 192.073
f 4321 4322 4323
f 4323 4324 4321
v -4285.961 -88.533 192.116
v -4285.639 -88.244 184.122
v -4291.217 -88.807 183.898
v -4291.538 -89.050 191.891
f 4325 4326 4327
f 4327 4328 4325
v -4291.744 -89.069 191.878
v -4291.011 -88.787 183.911
v -4297.190 -89.407 183.343
v -4297.922 -89.640 191.310
f 4329 4330 4331
f 4331 4332 4329
v -4299.135 -89.750 191.001
v -4295.976 -89.289 183.651
v -4300.986 -89.766 181.498
v -4304.145 -90.198 188.848
f 4333 4334 4335
f 4335 4336 4333
v -4303.724 -90.159 189.002
v -4301.406 -89.807 181.345
v -4309.087 -90.591 179.020
v -4311.405 -90.891 186.677
f 4337 4338 4339
f 4339 4340 4337
v -4310.461 -90.798 186.843
v -4310.031 -90.691 178.854
v -4314.451 -91.163 178.617
v -4314.880 -91.236 186.605
f 4341 4342 4343
f 4343 4344 4341
v -4316.302 -91.376 186.261
v -4313.029 -91.012 178.961
v -4319.775 -91.735 175.936
v -4323.048 -92.057 183.236
f 4345 4346 4347
f 4347 4348 4345
v -4321.477 -91.896 183.586
v -4321.346 -91.907 175.587
v -4328.582 -92.701 175.468
v -4328.713 -92.632 183.467
f 4349 4350 4351
f 4351 4352 4349
v -4327.388 -92.499 183.264
v -4329.907 -92.843 175.671
v -4334.805 -93.353 177.295
v -4332.286 -92.975 184.889
f 4353 4354 4355
f 4355 4356 4353
v -4330.982 -92.854 184.163
v -4336.108 -93.480 178.021
v -4340.160 -93.840 181.402
v -4335.035 -93.206 187.544
f 4357 4358 4359
f 4359 4360 4357
v -4337.197 -93.400 188.453
v -4337.998 -93.634 180.493
v -4341.148 -93.956 180.810
v -4340.347 -93.698 188.770
f 4361 4362 4363
f 4363 4364 4361
v -4342.784 -93.946 188.233
v -4338.712 -93.691 181.347
v -4342.062 -94.086 179.366
v -4346.134 -94.325 186.252
f 4365 4366 4367
f 4367 4368 4365
v -4346.871 -94.414 185.693
v -4341.326 -93.995 179.926
v -4345.668 -94.565 175.752
v -4351.212 -94.983 181.519
f 4369 4370 4371
f 4371 4372 4369
v -4349.615 -94.788 182.459
v -4347.265 -94.767 174.812
v -4351.862 -95.321 173.398
v -4354.213 -95.310 181.045
f 4373 4374 4375
f 4375 4376 4373
v -4352.682 -95.145 181.206
v -4353.393 -95.498 173.238
v -4372.774 -97.187 174.968
v -4372.062 -96.733 182.936
f 4377 4378 4379
f 4379 4380 4377
v -4372.103 -96.736 182.940
v -4372.734 -97.183 174.965
v -4379.246 -97.720 175.480
v -4378.615 -97.236 183.455
f 4381 4382 4383
f 4383 4384 4381
v -4377.769 -97.176 183.295
v -4380.091 -97.784 175.640
v -4384.533 -98.089 176.987
v -4382.211 -97.459 184.642
f 4385 4386 4387
f 4387 4388 4385
v -4380.715 -97.386 183.804
v -4386.029 -98.167 177.825
v -4392.241 -98.341 183.346
v -4386.926 -97.555 189.325
f 4389 4390 4391
f 4391 4392 4389
v -4386.053 -97.554 188.216
v -4393.114 -98.340 184.456
v -4396.265 -98.198 190.374
v -4389.203 -97.387 194.133
f 4393 4394 4395
f 4395 4396 4393
v -4267.360 -85.723 167.854
v -4272.960 -86.501 173.566
v -4268.730 -86.311 177.714
v -4263.129 -85.532 172.001
f 4397 4398 4399
f 4399 4400 4397
v -4261.938 -85.556 174.606
v -4269.922 -86.297 175.109
v -4269.688 -86.447 178.821
v -4261.704 -85.725 178.318
f 4401 4402 4403
f 4403 4404 4401
v -4264.084 -85.764 174.909
v -4267.309 -86.401 182.230
v -4263.591 -86.167 183.868
v -4260.365 -85.516 176.546
f 4405 4406 4407
f 4407 4408 4405
v -4262.355 -85.676 176.225
v -4261.601 -86.017 184.189
v -4256.714 -85.583 183.727
v -4257.468 -85.216 175.762
f 4409 4410 4411
f 4411 4412 4409
v -4254.692 -85.013 176.544
v -4259.490 -85.775 182.946
v -4254.837 -85.576 186.433
v -4250.039 -84.805 180.031
f 4413 4414 4415
f 4415 4416 4413
v -4250.168 -84.811 179.938
v -4254.708 -85.571 186.525
v -4251.680 -85.443 188.612
v -4247.140 -84.676 182.025
f 4417 4418 4419
f 4419 4420 4417
v -4251.528 -85.043 181.925
v -4247.292 -85.094 188.712
v -4241.704 -84.419 185.225
v -4245.939 -84.353 178.438
f 4421 4422 4423
f 4423 4424 4421
v -4241.794 -83.987 178.384
v -4245.850 -84.767 185.279
v -4241.898 -84.588 187.604
v -4237.842 -83.797 180.709
f 4425 4426 4427
f 4427 4428 4425
v -4238.460 -83.831 180.413
v -4241.280 -84.557 187.900
v -4235.703 -84.247 190.000
v -4232.883 -83.498 182.513
f 4429 4430 4431
f 4431 4432 4429
v -4232.150 -83.469 182.879
v -4236.436 -84.281 189.634
v -4231.315 -84.157 192.883
v -4227.029 -83.434 186.128
f 4433 4434 4435
f 4435 4436 4433
v -4226.277 -83.439 186.745
v -4232.067 -84.139 192.266
v -4227.180 -84.366 197.391
v -4221.390 -83.560 191.870
f 4437 4438 4439
f 4439 4440 4437
v -4180.045 -79.798 69.428
v -4178.045 -80.348 61.682
v -4185.259 -80.573 59.820
v -4187.258 -80.000 67.566
f 4441 4442 4443
f 4443 4444 4441
v -4186.259 -79.981 67.693
v -4186.259 -80.595 59.693
v -4190.444 -80.647 59.693
v -4190.444 -80.019 67.693
f 4445 4446 4447
f 4447 4448 4445
v -4190.259 -80.017 67.689
v -4190.629 -80.649 59.697
v -4198.622 -81.028 60.067
v -4198.252 -80.386 68.058
f 4449 4450 4451
f 4451 4452 4449
v -4196.685 -80.332 67.659
v -4200.189 -81.080 60.467
v -4205.232 -81.161 62.924
v -4201.728 -80.424 70.116
f 4453 4454 4455
f 4455 4456 4453
v -4203.844 -80.523 70.503
v -4203.115 -81.077 62.536
v -4207.880 -81.367 62.100
v -4208.609 -80.803 70.067
f 4457 4458 4459
f 4459 4460 4457
v -4209.289 -80.846 69.945
v -4207.199 -81.321 62.223
v -4211.785 -81.661 60.981
v -4213.876 -81.190 68.703
f 4461 4462 4463
f 4463 4464 4461
v -4213.676 -81.175 68.752
v -4211.984 -81.676 60.933
v -4215.647 -81.931 60.140
v -4217.339 -81.435 67.959
f 4465 4466 4467
f 4467 4468 4465
v -4216.986 -81.411 68.019
v -4215.999 -81.955 60.080
v -4219.717 -82.188 59.618
v -4220.705 -81.649 67.557
f 4469 4470 4471
f 4471 4472 4469
v -4218.039 -81.549 66.946
v -4222.383 -82.284 60.228
v -4226.346 -82.307 62.791
v -4222.002 -81.574 69.509
f 4473 4474 4475
f 4475 4476 4473
v -4224.174 -81.653 70.150
v -4224.174 -82.238 62.150
v -4231.143 -82.612 62.150
v -4231.143 -82.035 70.150
f 4477 4478 4479
f 4479 4480 4477
v -4232.226 -82.101 70.000
v -4230.059 -82.543 62.299
v -4235.881 -83.105 60.661
v -4238.048 -82.770 68.362
f 4481 4482 4483
f 4483 4484 4481
v -4239.184 -82.915 67.840
v -4234.745 -82.964 61.184
v -4241.024 -83.818 56.997
v -4245.462 -83.785 63.652
f 4485 4486 4487
f 4487 4488 4485
v -4247.006 -84.052 61.680
v -4239.480 -83.547 58.969
v -4241.572 -84.122 53.158
v -4249.099 -84.602 55.868
f 4489 4490 4491
f 4491 4492 4489
v -4248.520 -84.785 52.092
v -4242.152 -83.922 56.934
v -4237.732 -83.933 51.122
v -4244.100 -84.786 46.280
f 4493 4494 4495
f 4495 4496 4493
v -4242.963 -84.760 45.264
v -4238.869 -83.960 52.137
v -4227.938 -83.654 45.625
v -4232.032 -84.380 38.753
f 4497 4498 4499
f 4499 4500 4497
v -4233.451 -84.360 40.192
v -4226.519 -83.687 44.186
v -4218.604 -84.497 30.449
v -4225.536 -85.211 26.455
f 4501 4502 4503
f 4503 4504 4501
v -4224.486 -85.273 25.264
v -4219.654 -84.435 31.640
v -4212.908 -84.598 26.528
v -4217.740 -85.439 20.152
f 4505 4506 4507
f 4507 4508 4505
v -4216.961 -85.447 19.690
v -4213.687 -84.591 26.990
v -4206.941 -84.561 23.965
v -4210.215 -85.425 16.665
f 4509 4510 4511
f 4511 4512 4509
v -4207.836 -85.342 16.385
v -4209.320 -84.647 24.246
v -4200.715 -84.077 25.870
v -4199.231 -84.784 18.009
f 4513 4514 4515
f 4515 4516 4513
v -4201.627 -84.867 18.298
v -4198.320 -83.991 25.582
v -4193.199 -83.979 23.257
v -4196.506 -84.860 15.973
f 4517 4518 4519
f 4519 4520 4517
v -4197.784 -84.828 16.894
v -4191.921 -84.010 22.337
v -4188.904 -84.227 19.087
v -4194.767 -85.013 13.644
f 4521 4522 4523
f 4523 4524 4521
v -4195.729 -84.877 15.447
v -4187.943 -84.374 17.284
v -4187.007 -84.733 13.322
v -4194.794 -85.230 11.484
f 4525 4526 4527
f 4527 4528 4525
v -4194.839 -85.070 13.102
v -4186.962 -84.890 11.704
v -4187.663 -85.311 7.754
v -4195.540 -85.496 9.153
f 4529 4530 4531
f 4531 4532 4529
v -4193.690 -85.142 11.865
v -4189.513 -85.667 5.042
v -4193.699 -86.114 2.480
v -4197.876 -85.586 9.303
f 4533 4534 4535
f 4535 4536 4533
v -4196.215 -85.455 9.868
v -4195.360 -86.245 1.914
v -4201.872 -86.600 1.214
v -4202.727 -85.816 9.168
f 4537 4538 4539
f 4539 4540 4537
v -4202.764 -85.819 9.164
v -4201.836 -86.598 1.218
v -4209.750 -87.035 0.293
v -4210.679 -86.267 8.239
f 4541 4542 4543
f 4543 4544 4541
v -4209.897 -86.230 8.254
v -4210.532 -87.070 0.279
v -4216.343 -87.274 0.741
v -4215.708 -86.443 8.716
f 4545 4546 4547
f 4547 4548 4545
v -4215.666 -86.442 8.713
v -4216.385 -87.276 0.745
v -4221.506 -87.451 1.207
v -4220.786 -86.625 9.175
f 4549 4550 4551
f 4551 4552 4549
v -4223.724 -86.848 8.250
v -4218.568 -87.231 2.133
v -4222.988 -87.793 -1.592
v -4228.143 -87.412 4.525
f 4553 4554 4555
f 4555 4556 4553
v -4229.338 -87.634 2.795
v -4221.793 -87.570 0.137
v -4223.184 -88.022 -3.812
v -4230.730 -88.081 -1.154
f 4557 4558 4559
f 4559 4560 4557
v -4230.828 -88.117 -1.476
v -4223.086 -87.986 -3.491
v -4224.722 -88.678 -9.778
v -4232.464 -88.799 -7.763
f 4561 4562 4563
f 4563 4564 4561
v -4232.550 -88.843 -8.185
v -4224.636 -88.632 -9.357
v -4225.861 -89.500 -17.625
v -4233.775 -89.682 -16.453
f 4565 4566 4567
f 4567 4568 4565
v -4232.620 -89.430 -14.185
v -4227.016 -89.769 -19.894
v -4233.973 -90.614 -26.723
v -4239.577 -90.255 -21.014
f 4569 4570 4571
f 4571 4572 4569
v -4236.918 -90.087 -19.871
v -4236.632 -90.757 -27.866
v -4245.493 -90.937 -28.183
v -4245.779 -90.327 -20.188
f 4573 4574 4575
f 4575 4576 4573
v -4245.636 -90.324 -20.185
v -4245.636 -90.939 -28.185
v -4254.286 -91.089 -28.185
v -4254.286 -90.529 -20.185
f 4577 4578 4579
f 4579 4580 4577
v -4253.834 -90.521 -20.211
v -4254.738 -91.095 -28.160
v -4270.523 -91.268 -26.363
v -4269.619 -90.781 -18.415
f 4581 4582 4583
f 4583 4584 4581
v -4269.856 -90.786 -18.395
v -4270.286 -91.264 -26.383
v -4278.891 -91.336 -25.921
v -4278.461 -90.933 -17.932
f 4585 4586 4587
f 4587 4588 4585
v -4276.946 -90.930 -18.320
v -4280.406 -91.328 -25.533
v -4285.749 -91.264 -22.971
v -4282.290 -90.890 -15.757
f 4589 4590 4591
f 4591 4592 4589
v -4281.032 -90.913 -16.704
v -4287.006 -91.241 -22.025
v -4292.595 -91.087 -15.750
v -4286.621 -90.745 -10.430
f 4593 4594 4595
f 4595 4596 4593
v -4287.245 -90.738 -9.862
v -4291.970 -91.095 -16.318
v -4298.015 -91.085 -11.893
v -4293.289 -90.752 -5.437
f 4597 4598 4599
f 4599 4600 4597
v -4294.015 -90.762 -5.015
v -4297.289 -91.079 -12.315
v -4308.688 -91.283 -7.203
v -4305.415 -91.056 0.097
f 4601 4602 4603
f 4603 4604 4601
v -4304.409 -91.028 -0.550
v -4309.694 -91.307 -6.556
v -4313.657 -91.410 -3.069
v -4308.372 -91.138 2.937
f 4605 4606 4607
f 4607 4608 4605
v -4307.154 -91.113 0.982
v -4314.875 -91.445 -1.114
v -4316.266 -91.482 4.011
v -4308.546 -91.104 6.107
f 4609 4610 4611
f 4611 4612 4609
v -4309.484 -91.129 7.791
v -4315.327 -91.448 2.327
v -4318.589 -91.583 5.814
v -4312.746 -91.270 11.279
f 4613 4614 4615
f 4615 4616 4613
v -4312.990 -91.282 11.518
v -4318.345 -91.572 5.574
v -4325.324 -91.949 11.862
v -4319.970 -91.674 17.806
f 4617 4618 4619
f 4619 4620 4617
v -4319.567 -91.648 17.386
v -4325.727 -91.975 12.281
v -4333.631 -92.598 21.818
v -4327.471 -92.247 26.923
f 4621 4622 4623
f 4623 4624 4621
v -4327.447 -92.245 26.893
v -4333.655 -92.601 21.847
v -4336.683 -92.894 25.572
v -4330.475 -92.528 30.618
f 4625 4626 4627
f 4627 4628 4625
v -4329.935 -92.472 29.746
v -4337.222 -92.954 26.444
v -4343.968 -93.937 41.330
v -4336.681 -93.328 44.633
f 4629 4630 4631
f 4631 4632 4629
v -4338.102 -93.498 46.307
v -4342.547 -93.764 39.656
v -4351.342 -94.759 45.534
v -4346.896 -94.527 52.185
f 4633 4634 4635
f 4635 4636 4633
v -4348.398 -94.701 52.794
v -4349.840 -94.594 44.925
v -4354.960 -95.121 45.863
v -4353.519 -95.267 53.732
f 4637 4638 4639
f 4639 4640 4637
v -4355.304 -95.451 53.653
v -4353.175 -94.951 45.942
v -4359.921 -95.455 44.079
v -4362.050 -95.952 51.791
f 4641 4642 4643
f 4643 4644 4641
v -4362.656 -95.992 51.570
v -4359.316 -95.419 44.300
v -4364.893 -95.725 41.738
v -4368.233 -96.322 49.007
f 4645 4646 4647
f 4647 4648 4645
v -4369.550 -96.379 48.033
v -4363.576 -95.671 42.712
v -4367.305 -95.739 38.525
v -4373.279 -96.456 43.845
f 4649 4650 4651
f 4651 4652 4649
v -4373.837 -96.456 43.037
v -4366.746 -95.748 39.333
v -4369.540 -95.615 33.984
v -4376.632 -96.348 37.687
f 4653 4654 4655
f 4655 4656 4653
v -4376.942 -96.315 36.898
v -4369.230 -95.643 34.773
v -4371.089 -95.338 28.024
v -4378.801 -95.964 30.148
f 4657 4658 4659
f 4659 4660 4657
v -4378.581 -95.993 30.754
v -4371.309 -95.313 27.418
v -4373.491 -95.130 22.663
v -4380.762 -95.785 25.999
f 4661 4662 4663
f 4663 4664 4661
v -4378.103 -95.782 28.210
v -4376.151 -95.128 20.451
v -4382.663 -95.359 18.814
v -4384.615 -96.058 26.572
f 4665 4666 4667
f 4667 4668 4665
v -4384.182 -96.039 26.656
v -4383.096 -95.376 18.730
v -4389.842 -95.656 17.805
v -4390.928 -96.368 25.731
f 4669 4670 4671
f 4671 4672 4669
v -4391.739 -96.400 25.532
v -4389.031 -95.630 18.004
v -4412.085 -95.823 9.709
v -4414.794 -96.624 17.237
f 4673 4674 4675
f 4675 4676 4673
v -4414.131 -96.617 17.413
v -4412.748 -95.829 9.533
v -4420.652 -95.957 8.146
v -4422.034 -96.766 16.026
f 4677 4678 4679
f 4679 4680 4677
v -4420.700 -96.720 16.034
v -4421.986 -96.000 8.138
v -4443.393 -97.012 11.625
v -4442.107 -97.775 19.521
f 4681 4682 4683
f 4683 4684 4681
v -4441.325 -97.740 19.311
v -4444.174 -97.049 11.835
v -4449.061 -97.329 13.698
v -4446.212 -98.007 21.173
f 4685 4686 4687
f 4687 4688 4685
v -4445.708 -97.976 20.940
v -4449.565 -97.362 13.931
v -4456.311 -97.842 17.643
v -4452.454 -98.441 24.652
f 4689 4690 4691
f 4691 4692 4689
v -4454.822 -98.521 25.123
v -4453.943 -97.755 17.172
v -4458.129 -97.788 16.709
v -4459.007 -98.539 24.661
f 4693 4694 4695
f 4695 4696 4693
v -4458.224 -98.528 24.670
v -4458.912 -97.801 16.700
v -4464.267 -97.941 17.162
v -4463.579 -98.650 25.133
f 4697 4698 4699
f 4699 4700 4697
v -4463.058 -98.635 25.053
v -4464.788 -97.958 17.242
v -4476.120 -98.376 19.752
v -4474.390 -99.016 27.562
f 4701 4702 4703
f 4703 4704 4701
v -4474.652 -99.023 27.611
v -4475.858 -98.368 19.703
v -4482.092 -98.519 20.654
v -4480.886 -99.172 28.562
f 4705 4706 4707
f 4707 4708 4705
v -4481.760 -99.166 28.599
v -4481.218 -98.517 20.617
v -4485.103 -98.491 20.353
v -4485.645 -99.108 28.335
f 4709 4710 4711
f 4711 4712 4709
v -4484.817 -99.114 28.305
v -4485.931 -98.493 20.383
v -4490.907 -98.538 21.083
v -4489.793 -99.118 29.005
f 4713 4714 4715
f 4715 4716 4713
v -4489.464 -99.117 28.945
v -4491.235 -98.541 21.143
v -4506.364 -98.703 24.577
v -4504.593 -99.161 32.379
f 4717 4718 4719
f 4719 4720 4717
v -4504.231 -99.160 32.279
v -4506.726 -98.707 24.678
v -4514.451 -98.783 27.214
v -4511.956 -99.181 34.815
f 4721 4722 4723
f 4723 4724 4721
v -4511.548 -99.180 34.656
v -4514.859 -98.787 27.373
v -4522.006 -98.847 30.622
v -4518.695 -99.203 37.905
f 4725 4726 4727
f 4727 4728 4725
v -4520.584 -99.180 38.257
v -4520.117 -98.861 30.271
v -4529.847 -98.612 29.703
v -4530.313 -98.823 37.689
f 4729 4730 4731
f 4731 4732 4729
v -4530.008 -98.834 37.695
v -4530.152 -98.604 29.696
v -4541.896 -98.309 29.908
v -4541.752 -98.413 37.906
f 4733 4734 4735
f 4735 4736 4733
v -4541.161 -98.434 37.852
v -4542.487 -98.295 29.962
v -4548.776 -98.136 31.019
v -4547.451 -98.211 38.908
f 4737 4738 4739
f 4739 4740 4737
v -4547.646 -98.203 38.936
v -4548.581 -98.142 30.991
v -4564.066 -97.687 32.814
v -4563.131 -97.594 40.759
f 4741 4742 4743
f 4743 4744 4741
v -4562.960 -97.601 40.735
v -4564.237 -97.682 32.838
v -4592.657 -96.534 37.435
v -4591.379 -96.246 45.332
f 4745 4746 4747
f 4747 4748 4745
v -4591.089 -96.261 45.274
v -4592.947 -96.520 37.493
v -4708.464 -93.306 65.086
v -4706.605 -92.819 72.867
f 4749 4750 4751
f 4751 4752 4749
v -4706.842 -92.825 72.916
v -4708.227 -93.302 65.037
v -4748.792 -94.825 72.170
v -4747.406 -94.580 80.049
f 4753 4754 4755
f 4755 4756 4753
v -4746.166 -94.509 79.611
v -4750.032 -94.892 72.607
v -4759.438 -95.391 77.798
v -4755.573 -95.032 84.802
f 4757 4758 4759
f 4759 4760 4757
v -4755.287 -95.015 84.628
v -4759.725 -95.407 77.972
v -4765.569 -95.736 81.869
v -4761.131 -95.356 88.525
f 4761 4762 4763
f 4763 4764 4761
v -4761.945 -95.407 88.942
v -4764.755 -95.688 81.452
v -4775.141 -96.372 85.348
v -4772.331 -96.115 92.838
f 4765 4766 4767
f 4767 4768 4765
v -4772.125 -96.100 92.755
v -4775.347 -96.386 85.432
v -4783.451 -96.971 88.999
v -4780.229 -96.712 96.321
f 4769 4770 4771
f 4771 4772 4769
v -4780.375 -96.723 96.382
v -4783.305 -96.960 88.937
v -4794.014 -97.780 93.151
v -4791.084 -97.583 100.596
f 4773 4774 4775
f 4775 4776 4773
v -4790.210 -97.511 100.118
v -4794.888 -97.850 93.629
v -4800.733 -98.342 97.842
v -4796.054 -97.987 104.332
f 4777 4778 4779
f 4779 4780 4777
v -4794.417 -97.854 101.526
v -4802.369 -98.499 100.648
v -4803.338 -98.582 109.418
v -4795.386 -97.935 110.297
f 4781 4782 4783
f 4783 4784 4781
v -4795.378 -97.934 110.222
v -4803.345 -98.582 109.493
v -4804.325 -98.668 120.192
v -4796.358 -98.017 120.921
f 4785 4786 4787
f 4787 4788 4785
v -4796.341 -98.016 120.557
v -4804.341 -98.669 120.557
v -4804.341 -98.673 127.372
v -4796.341 -98.018 127.372
f 4789 4790 4791
f 4791 4792 4789
v -4797.163 -98.084 124.944
v -4803.520 -98.607 129.801
v -4799.301 -98.225 135.322
v -4792.944 -97.740 130.465
f 4793 4794 4795
f 4795 4796 4793
v -4792.400 -97.693 131.430
v -4799.845 -98.276 134.357
v -4796.272 -97.933 143.445
v -4788.826 -97.380 140.517
f 4797 4798 4799
f 4799 4800 4797
v -4788.693 -97.364 143.045
v -4796.405 -97.959 140.918
v -4798.999 -98.084 150.322
v -4791.287 -97.526 152.449
f 4801 4802 4803
f 4803 4804 4801
v -4791.272 -97.525 152.396
v -4799.013 -98.084 150.375
v -4800.961 -98.157 157.838
v -4793.221 -97.627 159.859
f 4805 4806 4807
f 4807 4808 4805
v -4793.145 -97.629 158.191
v -4801.036 -98.147 159.506
v -4798.443 -97.766 175.079
v -4790.551 -97.369 173.764
f 4809 4810 4811
f 4811 4812 4809
v -4790.683 -97.364 175.626
v -4798.311 -97.785 173.217
v -4800.259 -97.790 179.385
v -4792.631 -97.412 181.795
f 4813 4814 4815
f 4815 4816 4813
v -4796.114 -97.534 184.576
v -4796.776 -97.661 176.604
v -4804.569 -98.036 177.251
v -4803.906 -97.846 185.224
f 4817 4818 4819
f 4819 4820 4817
v -4803.024 -97.813 185.049
v -4805.451 -98.076 177.426
v -4812.587 -98.326 179.698
v -4810.160 -98.048 187.321
f 4821 4822 4823
f 4823 4824 4821
v -4808.263 -98.005 186.024
v -4814.484 -98.341 180.994
v -4819.994 -98.257 187.810
v -4813.773 -97.965 192.840
f 4825 4826 4827
f 4827 4828 4825
v -4813.308 -97.984 192.118
v -4820.459 -98.241 188.532
v -4822.619 -98.117 192.838
v -4815.468 -97.851 196.424
f 4829 4830 4831
f 4831 4832 4829
v -4477.589 -98.735 23.720
v -4485.389 -98.890 25.496
v -4483.864 -99.431 32.193
v -4476.064 -99.280 30.417
f 4833 4834 4835
f 4835 4836 4833
v -4476.033 -99.418 32.047
v -4483.894 -99.301 30.563
v -4484.874 -99.695 35.754
v -4477.013 -99.868 37.238
f 4837 4838 4839
f 4839 4840 4837
v -4476.949 -99.787 36.287
v -4484.938 -99.769 36.705
v -4484.615 -100.201 42.874
v -4476.626 -100.252 42.455
f 4841 4842 4843
f 4843 4844 4841
v -4477.133 -100.399 44.624
v -4484.108 -100.079 40.705
v -4487.024 -100.323 45.896
v -4480.050 -100.756 49.815
f 4845 4846 4847
f 4847 4848 4845
v -4480.631 -100.797 50.604
v -4486.443 -100.291 45.107
v -4491.965 -100.472 50.945
v -4486.152 -100.981 56.442
f 4849 4850 4851
f 4851 4852 4849
v -4486.354 -100.986 56.641
v -4491.764 -100.467 50.747
v -4495.649 -100.536 54.314
v -4490.239 -101.051 60.207
f 4853 4854 4855
f 4855 4856 4853
v -4492.718 -101.014 61.254
v -4493.169 -100.561 53.267
v -4499.014 -100.388 53.597
v -4498.562 -100.802 61.584
f 4857 4858 4859
f 4859 4860 4857
v -4500.049 -100.733 61.386
v -4497.527 -100.446 53.794
v -4503.371 -100.164 51.853
v -4505.893 -100.419 59.445
f 4861 4862 4863
f 4863 4864 4861
v -4503.669 -100.506 59.531
v -4505.596 -100.091 51.767
v -4509.481 -100.009 52.731
v -4507.554 -100.401 60.495
f 4865 4866 4867
f 4867 4868 4865
v -4505.817 -100.427 59.564
v -4511.218 -99.990 53.662
v -4515.114 -99.991 57.229
v -4509.713 -100.425 63.130
f 4869 4870 4871
f 4871 4872 4869
v -4508.882 -100.415 62.058
v -4515.945 -100.000 58.300
v -4518.538 -100.068 63.174
v -4511.476 -100.503 66.933
f 4873 4874 4875
f 4875 4876 4873
v -4512.062 -100.510 67.760
v -4517.953 -100.063 62.347
v -4528.984 -99.689 74.354
v -4523.093 -100.208 79.766
f 4877 4878 4879
f 4879 4880 4877
v -4524.542 -100.113 80.770
v -4527.536 -99.781 73.351
v -4564.527 -96.985 88.277
v -4561.534 -97.179 95.695
f 4881 4882 4883
f 4883 4884 4881
v -4561.384 -97.192 95.632
v -4564.677 -96.973 88.340
v -4574.740 -96.115 92.884
v -4571.448 -96.300 100.175
f 4885 4886 4887
f 4887 4888 4885
v -4569.486 -96.488 98.257
v -4576.701 -95.928 94.802
v -4580.275 -95.541 102.265
v -4573.059 -96.157 105.720
f 4889 4890 4891
f 4891 4892 4889
v -4572.752 -96.184 104.812
v -4580.582 -95.514 103.173
v -4581.874 -95.398 109.342
v -4574.043 -96.070 110.981
f 4893 4894 4895
f 4895 4896 4893
v -4575.258 -95.964 113.112
v -4580.659 -95.504 107.211
v -4588.452 -94.829 114.343
v -4583.050 -95.289 120.245
f 4897 4898 4899
f 4899 4900 4897
v -4581.797 -95.399 117.900
v -4589.705 -94.719 116.688
v -4590.350 -94.660 120.902
v -4582.443 -95.340 122.113
f 4901 4902 4903
f 4903 4904 4901
v -4582.403 -95.343 121.741
v -4590.390 -94.656 121.274
v -4590.712 -94.623 126.795
v -4582.726 -95.311 127.262
f 4905 4906 4907
f 4907 4908 4905
v -4583.017 -95.288 125.515
v -4590.422 -94.646 128.543
v -4587.505 -94.986 135.675
v -4580.100 -95.563 132.648
f 4909 4910 4911
f 4911 4912 4909
v -4580.524 -95.515 131.870
v -4587.081 -95.036 136.453
v -4582.539 -95.520 142.952
v -4575.982 -95.988 138.369
f 4913 4914 4915
f 4915 4916 4913
v -4581.231 -95.536 137.179
v -4577.291 -95.958 144.141
v -4569.821 -96.512 139.915
v -4573.761 -96.108 132.952
f 4917 4918 4919
f 4919 4920 4917
v -4574.943 -96.020 133.970
v -4568.640 -96.599 138.897
v -4562.807 -97.033 131.434
v -4569.110 -96.486 126.507
f 4921 4922 4923
f 4923 4924 4921
v -4568.032 -96.580 125.550
v -4563.884 -96.946 132.391
v -4554.801 -97.743 126.883
v -4558.948 -97.375 120.042
f 4925 4926 4927
f 4927 4928 4925
v -4557.930 -97.465 119.604
v -4555.819 -97.652 127.321
v -4548.672 -98.288 125.366
v -4550.783 -98.100 117.649
f 4929 4930 4931
f 4931 4932 4929
v -4549.328 -98.230 117.528
v -4550.128 -98.159 125.488
v -4540.398 -99.025 126.465
v -4539.599 -99.094 118.505
f 4933 4934 4935
f 4935 4936 4933
v -4539.143 -99.134 118.578
v -4540.854 -98.985 126.392
v -4532.049 -99.769 128.321
v -4530.337 -99.918 120.506
f 4937 4938 4939
f 4939 4940 4937
v -4527.347 -100.185 123.314
v -4535.039 -99.502 125.513
v -4533.091 -99.663 132.328
v -4525.399 -100.363 130.130
f 4941 4942 4943
f 4943 4944 4941
v -4526.197 -100.291 128.639
v -4532.293 -99.718 133.819
v -4526.783 -100.116 140.305
v -4520.686 -100.688 135.125
f 4945 4946 4947
f 4947 4948 4945
v -4521.678 -100.640 134.284
v -4525.792 -100.187 141.145
v -4514.426 -100.815 147.961
v -4510.312 -101.178 141.100
f 4949 4950 4951
f 4951 4952 4949
v -4510.633 -101.163 140.927
v -4514.105 -100.829 148.134
v -4501.716 -101.348 154.104
v -4498.243 -101.711 146.897
f 4953 4954 4955
f 4955 4956 4953
v -4500.340 -101.607 146.517
v -4499.618 -101.445 154.484
v -4492.482 -101.827 153.837
v -4493.205 -102.012 145.870
f 4957 4958 4959
f 4959 4960 4957
v -4492.505 -102.050 145.868
v -4493.182 -101.791 153.839
v -4477.931 -102.419 155.134
v -4477.254 -102.692 147.162
f 4961 4962 4963
f 4963 4964 4961
v -4478.869 -102.676 147.357
v -4476.316 -102.432 154.939
v -4467.923 -102.568 152.112
v -4470.476 -102.823 144.530
f 4965 4966 4967
f 4967 4968 4965
v -4472.086 -102.777 145.552
v -4466.313 -102.613 151.090
v -4449.359 -103.385 133.417
v -4455.132 -103.432 127.879
f 4969 4970 4971
f 4971 4972 4969
v -4455.446 -103.430 128.249
v -4449.045 -103.402 133.047
v -4442.232 -103.535 123.960
v -4448.633 -103.471 119.161
f 4973 4974 4975
f 4975 4976 4973
v -4449.413 -103.468 121.164
v -4441.452 -103.537 121.956
v -4440.484 -103.526 112.222
v -4448.444 -103.458 111.430
f 4977 4978 4979
f 4979 4980 4977
v -4448.380 -103.458 111.008
v -4440.548 -103.527 112.643
v -4439.090 -103.525 105.655
v -4446.921 -103.457 104.021
f 4981 4982 4983
f 4983 4984 4981
v -4446.205 -103.460 102.437
v -4439.807 -103.522 107.239
v -4432.014 -102.993 96.857
v -4438.413 -103.119 92.055
f 4985 4986 4987
f 4987 4988 4985
v -4437.939 -103.071 91.528
v -4432.488 -103.041 97.384
v -4423.081 -102.171 88.626
v -4428.533 -102.202 82.771
f 4989 4990 4991
f 4991 4992 4989
v -4427.210 -102.099 81.953
v -4424.404 -102.275 89.444
v -4416.611 -101.748 86.525
v -4419.418 -101.579 79.034
f 4993 4994 4995
f 4995 4996 4993
v -4418.208 -101.508 78.784
v -4417.821 -101.821 86.775
v -4411.008 -101.456 86.445
v -4411.395 -101.149 78.454
f 4997 4998 4999
f 4999 5000 4997
v -4408.764 -101.050 79.278
v -4413.639 -101.558 85.621
v -4409.721 -101.478 88.632
v -4404.846 -100.971 82.289
f 5001 5002 5003
f 5003 5004 5001
v -4404.194 -100.963 82.920
v -4410.372 -101.486 88.002
v -4404.016 -101.465 95.729
v -4397.838 -100.940 90.647
f 5005 5006 5007
f 5007 5008 5005
v -4398.640 -100.953 89.906
v -4403.214 -101.452 96.470
v -4397.036 -101.245 100.776
v -4392.462 -100.525 94.213
f 5009 5010 5011
f 5011 5012 5009
v -4393.028 -100.572 93.883
v -4396.470 -101.184 101.105
v -4385.828 -100.047 106.177
v -4382.386 -99.621 98.955
f 5013 5014 5015
f 5015 5016 5013
v -4381.166 -99.520 99.855
v -4387.048 -100.177 105.278
v -4380.435 -99.475 112.450
v -4374.553 -98.833 107.027
f 5017 5018 5019
f 5019 5020 5017
v -4373.595 -98.732 108.846
v -4381.393 -99.575 110.631
v -4380.102 -99.444 116.271
v -4372.304 -98.600 114.486
f 5021 5022 5023
f 5023 5024 5021
v -4372.204 -98.591 115.306
v -4380.202 -99.454 115.452
v -4380.058 -99.449 123.377
v -4372.059 -98.585 123.231
f 5025 5026 5027
f 5027 5028 5025
v -4372.104 -98.589 122.701
v -4380.013 -99.445 123.906
v -4379.656 -99.410 126.244
v -4371.748 -98.554 125.039
f 5029 5030 5031
f 5031 5032 5029
v -4374.420 -98.838 121.853
v -4376.984 -99.125 129.431
v -4374.601 -98.869 130.237
v -4372.038 -98.582 122.659
f 5033 5034 5035
f 5035 5036 5033
v -4373.886 -98.781 122.488
v -4372.753 -98.669 130.407
v -4368.968 -98.259 129.866
v -4370.101 -98.372 121.946
f 5037 5038 5039
f 5039 5040 5037
v -4370.466 -98.411 122.016
v -4368.603 -98.220 129.796
v -4366.121 -97.950 129.202
v -4367.984 -98.143 121.422
f 5041 5042 5043
f 5043 5044 5041
v -4365.042 -97.825 121.854
v -4369.063 -98.268 128.770
v -4366.815 -98.026 130.077
v -4362.793 -97.584 123.162
f 5045 5046 5047
f 5047 5048 5045
v -4360.815 -97.374 126.922
v -4368.792 -98.236 126.316
v -4369.026 -98.265 129.394
v -4361.049 -97.403 130.000
f 5049 5050 5051
f 5051 5052 5049
v -4362.008 -97.474 132.309
v -4368.067 -98.158 127.085
v -4373.989 -98.719 133.953
v -4367.930 -97.942 139.178
f 5053 5054 5055
f 5055 5056 5053
v -4367.726 -97.927 138.919
v -4374.194 -98.734 134.212
v -4377.155 -98.936 138.280
v -4370.687 -98.134 142.988
f 5057 5058 5059
f 5059 5060 5057
v -4370.176 -98.105 142.038
v -4377.666 -98.963 139.229
v -4379.692 -99.019 144.632
v -4372.202 -98.174 147.441
f 5061 5062 5063
f 5063 5064 5061
v -4371.954 -98.192 145.790
v -4379.939 -98.996 146.282
v -4379.683 -98.849 150.443
v -4371.698 -98.058 149.951
f 5065 5066 5067
f 5067 5068 5065
v -4372.026 -98.126 148.595
v -4379.356 -98.777 151.799
v -4377.664 -98.498 155.669
v -4370.334 -97.856 152.465
f 5069 5070 5071
f 5071 5072 5069
v -4370.334 -97.775 155.670
v -4377.663 -98.589 152.464
v -4379.934 -98.664 157.655
v -4372.605 -97.862 160.861
f 5073 5074 5075
f 5075 5076 5073
v -4373.966 -97.919 162.528
v -4378.574 -98.579 155.988
v -4384.084 -99.003 159.872
v -4379.476 -98.234 166.411
f 5077 5078 5079
f 5079 5080 5077
v -4382.646 -98.492 167.047
v -4380.915 -98.714 159.236
v -4389.675 -99.630 157.294
v -4391.406 -99.424 165.105
f 5081 5082 5083
f 5083 5084 5081
v -4389.274 -99.231 164.994
v -4391.808 -99.836 157.406
v -4396.673 -100.255 159.030
v -4394.138 -99.582 166.618
f 5085 5086 5087
f 5087 5088 5085
v -4391.935 -99.492 164.814
v -4398.876 -100.346 160.835
v -4401.481 -100.179 165.379
v -4394.540 -99.440 169.358
f 5089 5090 5091
f 5091 5092 5089
v -4394.685 -99.729 165.145
v -4401.335 -99.884 169.592
v -4398.085 -99.398 174.452
v -4391.435 -99.118 170.005
f 5093 5094 5095
f 5095 5096 5093
v -4392.949 -99.340 168.662
v -4396.571 -99.195 175.795
v -4388.378 -98.236 179.956
v -4384.756 -98.351 172.823
f 5097 5098 5099
f 5099 5100 5097
v -4383.324 -98.154 174.048
v -4389.810 -98.431 178.731
v -4386.615 -97.899 183.156
v -4380.129 -97.632 178.473
f 5101 5102 5103
f 5103 5104 5101
v -4859.545 -98.445 193.903
v -4852.658 -98.205 197.973
v -4846.780 -98.821 188.027
v -4853.667 -99.168 183.957
f 5105 5106 5107
f 5107 5108 5105
v -4853.847 -99.146 184.299
v -4846.600 -98.837 187.686
v -4843.427 -99.132 180.897
v -4850.675 -99.532 177.510
f 5109 5110 5111
f 5111 5112 5109
v -4847.400 -99.564 175.218
v -4846.702 -99.092 183.188
v -4836.294 -98.872 182.276
v -4836.992 -99.276 174.307
f 5113 5114 5115
f 5115 5116 5113
v -4835.801 -99.233 174.381
v -4837.485 -98.907 182.202
v -4832.086 -98.714 183.364
v -4830.402 -99.007 175.544
f 5117 5118 5119
f 5119 5120 5117
v -4828.416 -98.900 176.625
v -4834.071 -98.814 182.284
v -4831.744 -98.651 184.608
v -4826.090 -98.737 178.949
f 5121 5122 5123
f 5123 5124 5121
v -4825.047 -98.637 180.766
v -4832.787 -98.757 182.791
v -4831.629 -98.533 187.216
v -4823.890 -98.439 185.191
f 5125 5126 5127
f 5127 5128 5125
v -4823.947 -98.448 184.992
v -4831.571 -98.523 187.416
v -4830.169 -98.302 191.827
v -4822.545 -98.253 189.403
f 5129 5130 5131
f 5131 5132 5129
v -4824.255 -98.371 187.212
v -4828.458 -98.153 194.019
v -4825.441 -98.011 195.881
v -4821.239 -98.239 189.074
f 5133 5134 5135
f 5135 5136 5133
v -4821.548 -98.251 188.902
v -4825.132 -97.998 196.054
v -4820.835 -97.841 198.207
v -4817.251 -98.093 191.055
f 5137 5138 5139
f 5139 5140 5137
v -4398.466 -101.235 -331.590
v -4404.145 -101.476 -325.956
v -4385.633 -99.104 -307.291
v -4379.953 -98.770 -312.925
f 5141 5142 5143
f 5143 5144 5141
v -4379.902 -98.763 -312.873
v -4385.684 -99.111 -307.344
v -4369.264 -96.860 -290.172
v -4363.482 -96.619 -295.701
f 5145 5146 5147
f 5147 5148 5145
v -4363.702 -96.646 -295.913
v -4369.045 -96.830 -289.959
v -4357.401 -95.374 -279.511
v -4352.058 -95.096 -285.465
f 5149 5150 5151
f 5151 5152 5149
v -4352.310 -95.131 -285.673
v -4357.149 -95.346 -279.303
v -4341.620 -93.540 -267.507
v -4336.781 -93.262 -273.877
f 5153 5154 5155
f 5155 5156 5153
v -4337.054 -93.291 -274.068
v -4341.346 -93.512 -267.316
v -4312.236 -91.199 -248.810
v -4307.944 -90.841 -255.562
f 5157 5158 5159
f 5159 5160 5157
v -4307.890 -90.838 -255.526
v -4312.291 -91.202 -248.846
v -4298.699 -90.591 -239.890
v -4294.297 -90.159 -246.570
f 5161 5162 5163
f 5163 5164 5161
v -4293.939 -90.146 -246.304
v -4299.058 -90.603 -240.156
v -4283.985 -90.411 -227.608
v -4278.866 -89.915 -233.756
f 5165 5166 5167
f 5167 5168 5165
v -4278.630 -89.916 -233.542
v -4284.222 -90.410 -227.821
v -4271.086 -90.742 -214.982
v -4265.494 -90.213 -220.703
f 5169 5170 5171
f 5171 5172 5169
v -4265.246 -90.222 -220.437
v -4271.334 -90.732 -215.248
v -4258.488 -91.445 -200.176
v -4252.399 -91.001 -205.366
f 5173 5174 5175
f 5175 5176 5173
v -4251.955 -91.043 -204.729
v -4258.932 -91.412 -200.813
v -4251.473 -92.194 -187.525
v -4244.497 -91.882 -191.440
f 5177 5178 5179
f 5179 5180 5177
v -4244.401 -91.894 -191.259
v -4251.569 -92.182 -187.706
v -4243.354 -93.293 -171.129
v -4236.186 -93.136 -174.681
f 5181 5182 5183
f 5183 5184 5181
v -4236.020 -93.167 -174.296
v -4243.520 -93.274 -171.514
v -4229.783 -94.907 -134.489
v -4222.283 -94.644 -137.272
f 5185 5186 5187
f 5187 5188 5185
v -4515.593 -100.054 -406.673
v -4507.676 -100.395 -405.527
v -4506.184 -100.059 -415.830
v -4514.101 -99.776 -416.976
f 5189 5190 5191
f 5191 5192 5189
v -4514.066 -99.769 -417.184
v -4506.219 -100.066 -415.623
v -4504.572 -99.688 -423.905
v -4512.418 -99.432 -425.466
f 5193 5194 5195
f 5195 5196 5193
v -4511.979 -99.386 -426.651
v -4505.011 -99.742 -422.719
v -4500.837 -99.414 -430.117
v -4507.804 -99.093 -434.048
f 5197 5198 5199
f 5199 5200 5197
v -4507.200 -99.059 -434.859
v -4501.441 -99.451 -429.306
v -4485.467 -98.521 -445.870
v -4491.225 -98.107 -451.424
f 5201 5202 5203
f 5203 5204 5201
v -4491.237 -98.108 -451.411
v -4485.455 -98.520 -445.883
v -4478.887 -97.914 -452.752
v -4484.669 -97.511 -458.280
f 5205 5206 5207
f 5207 5208 5205
v -4485.250 -97.582 -457.503
v -4478.307 -97.834 -453.529
v -4475.312 -97.305 -458.760
v -4482.255 -97.103 -462.734
f 5209 5210 5211
f 5211 5212 5209
v -4482.444 -97.138 -462.361
v -4475.124 -97.267 -459.132
v -4472.887 -96.755 -464.205
v -4480.206 -96.656 -467.434
f 5213 5214 5215
f 5215 5216 5213
v -4479.707 -96.570 -468.271
v -4473.386 -96.844 -463.368
v -4468.755 -96.175 -469.338
v -4475.076 -95.908 -474.241
f 5217 5218 5219
f 5219 5220 5217
v -4474.048 -95.793 -475.174
v -4469.783 -96.290 -468.406
v -4464.562 -95.837 -471.695
v -4468.827 -95.333 -478.463
f 5221 5222 5223
f 5223 5224 5221
v -4468.453 -95.303 -478.672
v -4464.937 -95.867 -471.486
v -4443.285 -94.169 -482.080
v -4446.801 -93.594 -489.266
f 5225 5226 5227
f 5227 5228 5225
v -4447.663 -93.680 -488.695
v -4442.422 -94.084 -482.651
v -4428.986 -92.584 -494.302
v -4434.227 -92.106 -500.346
f 5229 5230 5231
f 5231 5232 5229
v -4434.057 -92.089 -500.485
v -4429.156 -92.602 -494.162
v -4409.898 -90.826 -509.089
v -4414.799 -90.466 -515.412
f 5233 5234 5235
f 5235 5236 5233
v -4414.946 -90.477 -515.292
v -4409.751 -90.815 -509.209
v -4383.179 -89.402 -531.902
v -4388.374 -88.919 -537.986
f 5237 5238 5239
f 5239 5240 5237
v -4388.088 -88.913 -538.209
v -4383.465 -89.408 -531.679
v -4356.893 -89.493 -550.490
v -4361.516 -89.206 -557.019
f 5241 5242 5243
f 5243 5244 5241
v -4360.750 -89.223 -557.444
v -4357.659 -89.478 -550.065
v -4344.824 -90.063 -555.441
v -4347.915 -89.775 -562.820
f 5245 5246 5247
f 5247 5248 5245
v -4347.756 -89.784 -562.883
v -4344.983 -90.055 -555.379
v -4316.318 -91.682 -565.973
v -4319.091 -91.509 -573.477
f 5249 5250 5251
f 5251 5252 5249
v -4318.950 -91.518 -573.526
v -4316.459 -91.673 -565.923
v -4288.685 -93.306 -575.025
v -4291.176 -93.153 -582.627
f 5253 5254 5255
f 5255 5256 5253
v -4291.724 -93.121 -582.401
v -4288.137 -93.338 -575.251
v -4281.870 -93.700 -578.394
v -4285.457 -93.482 -585.545
f 5257 5258 5259
f 5259 5260 5257
v -4286.837 -93.403 -584.405
v -4280.489 -93.778 -579.535
v -4276.081 -94.026 -585.281
v -4282.428 -93.651 -590.151
f 5261 5262 5263
f 5263 5264 5261
v -4281.950 -93.678 -590.671
v -4276.559 -93.999 -584.761
v -4268.956 -94.267 -591.696
v -4274.347 -94.107 -597.606
f 5265 5266 5267
f 5267 5268 5265
v -4274.360 -94.106 -597.595
v -4268.944 -94.268 -591.707
v -4258.791 -94.454 -601.046
v -4264.207 -94.156 -606.934
f 5269 5270 5271
f 5271 5272 5269
v -4263.741 -94.155 -607.303
v -4259.258 -94.455 -600.677
v -4247.681 -94.447 -608.510
v -4252.164 -94.131 -615.136
f 5273 5274 5275
f 5275 5276 5273
v -4251.849 -94.130 -615.329
v -4247.995 -94.448 -608.318
v -4237.398 -94.434 -614.143
v -4241.251 -94.097 -621.154
f 5277 5278 5279
f 5279 5280 5277
v -4241.000 -94.096 -621.281
v -4237.649 -94.435 -614.017
v -4227.942 -94.209 -618.495
v -4231.293 -94.009 -625.759
f 5281 5282 5283
f 5283 5284 5281
v -4232.171 -94.059 -625.206
v -4227.064 -94.159 -619.048
v -4215.721 -93.409 -628.453
v -4220.827 -93.162 -634.611
f 5285 5286 5287
f 5287 5288 5285
v -4221.042 -93.184 -634.420
v -4215.506 -93.394 -628.644
v -4197.439 -91.519 -645.962
v -4202.975 -91.257 -651.737
f 5289 5290 5291
f 5291 5292 5289
v -4203.095 -91.271 -651.617
v -4197.318 -91.506 -646.083
v -4173.362 -88.045 -671.088
v -4179.139 -87.862 -676.623
f 5293 5294 5295
f 5295 5296 5293
v -4179.328 -87.892 -676.412
v -4173.174 -88.014 -671.299
v -4160.706 -86.023 -686.305
v -4166.860 -85.883 -691.418
f 5297 5298 5299
f 5299 5300 5297
v -4166.378 -85.816 -691.906
v -4161.189 -86.088 -685.817
v -4153.051 -85.117 -692.752
v -4158.240 -84.832 -698.841
f 5301 5302 5303
f 5303 5304 5301
v -4157.969 -84.802 -699.053
v -4153.323 -85.147 -692.540
v -4141.601 -83.974 -700.902
v -4146.247 -83.654 -707.415
f 5305 5306 5307
f 5307 5308 5305
v -4145.825 -83.620 -707.677
v -4142.022 -84.010 -700.639
v -4127.918 -83.018 -708.261
v -4131.721 -82.710 -715.299
f 5309 5310 5311
f 5311 5312 5309
v -4132.123 -82.735 -715.051
v -4127.517 -82.991 -708.510
v -4120.425 -82.537 -713.503
v -4125.031 -82.308 -720.044
f 5313 5314 5315
f 5315 5316 5313
v -4125.356 -82.327 -719.789
v -4120.101 -82.517 -713.758
v -4114.279 -82.171 -718.830
v -4119.534 -82.009 -724.862
f 5317 5318 5319
f 5319 5320 5317
v -4119.802 -82.023 -724.606
v -4114.011 -82.155 -719.086
v -4109.314 -81.911 -724.013
v -4115.104 -81.788 -729.533
f 5321 5322 5323
f 5323 5324 5321
v -4115.977 -81.846 -728.116
v -4108.441 -81.859 -725.431
v -4104.478 -81.577 -736.553
v -4112.014 -81.447 -739.238
f 5325 5326 5327
f 5327 5328 5325
v -4111.996 -81.445 -739.287
v -4104.496 -81.578 -736.505
v -4094.499 -81.407 -763.452
v -4102.000 -81.069 -766.235
f 5329 5330 5331
f 5331 5332 5329
v -4101.733 -81.072 -766.810
v -4094.766 -81.402 -762.877
v -4078.413 -82.175 -791.846
v -4085.380 -81.762 -795.779
f 5333 5334 5335
f 5335 5336 5333
v -4085.454 -81.757 -795.641
v -4078.339 -82.180 -791.984
v -4075.500 -82.366 -797.505
v -4082.615 -81.934 -801.163
f 5337 5338 5339
f 5339 5340 5337
v -4082.992 -81.909 -800.058
v -4075.124 -82.393 -798.610
v -4074.011 -82.484 -804.660
v -4081.879 -81.985 -806.108
f 5341 5342 5343
f 5343 5344 5341
v -4081.901 -81.983 -805.975
v -4073.989 -82.486 -804.793
v -4073.465 -82.533 -808.293
v -4081.377 -82.021 -809.476
f 5345 5346 5347
f 5347 5348 5345
v -4081.401 -82.018 -808.481
v -4073.442 -82.539 -809.289
v -4073.965 -82.514 -814.441
v -4081.924 -81.988 -813.632
f 5349 5350 5351
f 5351 5352 5349
v -4081.885 -81.991 -813.346
v -4074.005 -82.510 -814.727
v -4075.051 -82.427 -820.698
v -4082.931 -81.918 -819.317
f 5353 5354 5355
f 5355 5356 5353
v -4082.372 -81.956 -817.870
v -4075.610 -82.388 -822.144
v -4079.484 -82.130 -828.274
v -4086.246 -81.704 -824.000
f 5357 5358 5359
f 5359 5360 5357
v -4085.827 -81.731 -823.448
v -4079.903 -82.103 -828.825
v -4085.658 -81.743 -835.166
v -4091.582 -81.372 -829.789
f 5361 5362 5363
f 5363 5364 5361
v -4090.549 -81.436 -828.973
v -4086.692 -81.680 -835.982
v -4097.133 -81.059 -841.728
v -4100.990 -80.803 -834.719
f 5365 5366 5367
f 5367 5368 5365
v -4101.703 -80.761 -835.219
v -4096.421 -81.101 -841.228
v -4111.282 -80.499 -854.292
v -4116.564 -80.183 -848.284
f 5369 5370 5371
f 5371 5372 5369
v -4747.499 -97.029 -1646.733
v -4744.536 -97.404 -1639.302
v -4737.278 -97.282 -1642.195
v -4740.241 -96.851 -1649.626
f 5373 5374 5375
f 5375 5376 5373
v -4740.239 -96.851 -1649.627
v -4737.280 -97.282 -1642.194
v -4730.011 -97.107 -1645.087
v -4732.969 -96.621 -1652.520
f 5377 5378 5379
f 5379 5380 5377
v -4731.174 -96.586 -1652.791
v -4731.806 -97.126 -1644.816
v -4703.297 -97.357 -1642.557
v -4702.665 -96.647 -1650.532
f 5381 5382 5383
f 5383 5384 5381
v -4704.513 -96.678 -1650.240
v -4701.449 -97.336 -1642.850
v -4677.460 -96.420 -1652.797
v -4680.524 -95.665 -1660.187
f 5385 5386 5387
f 5387 5388 5385
v -4680.173 -95.654 -1660.314
v -4677.811 -96.431 -1652.671
v -4647.031 -95.639 -1662.182
v -4649.393 -94.953 -1669.826
f 5389 5390 5391
f 5391 5392 5389
v -4648.768 -94.945 -1669.965
v -4647.656 -95.649 -1662.043
v -4621.863 -95.869 -1665.663
v -4622.975 -95.311 -1673.585
f 5393 5394 5395
f 5395 5396 5393
v -4622.818 -95.314 -1673.604
v -4622.020 -95.866 -1665.644
v -4594.870 -96.479 -1668.365
v -4595.668 -96.077 -1676.325
f 5397 5398 5399
f 5399 5400 5397
v -4594.818 -96.116 -1676.320
v -4595.719 -96.448 -1668.371
v -4571.730 -97.393 -1665.649
v -4570.828 -97.254 -1673.598
f 5401 5402 5403
f 5403 5404 5401
v -4568.726 -97.360 -1672.703
v -4573.832 -97.300 -1666.544
v -4557.991 -97.966 -1653.413
v -4552.886 -98.029 -1659.572
f 5405 5406 5407
f 5407 5408 5405
v -4551.770 -98.057 -1658.088
v -4559.106 -97.933 -1654.897
v -4550.056 -98.060 -1634.090
v -4542.720 -98.015 -1637.281
f 5409 5410 5411
f 5411 5412 5409
v -4682.937 -95.957 -1657.151
v -4675.047 -96.128 -1655.834
v -4671.874 -94.422 -1674.844
v -4679.765 -94.270 -1676.161
f 5413 5414 5415
f 5415 5416 5413
v -4679.818 -94.317 -1675.588
v -4671.820 -94.375 -1675.417
v -4671.375 -92.699 -1696.237
v -4679.373 -92.642 -1696.408
f 5417 5418 5419
f 5419 5420 5417
v -4679.188 -92.721 -1695.118
v -4671.560 -92.634 -1697.527
v -4676.992 -91.741 -1714.728
v -4684.621 -91.813 -1712.318
f 5421 5422 5423
f 5423 5424 5421
v -4683.074 -91.928 -1710.228
v -4678.539 -91.627 -1716.818
v -4693.010 -91.363 -1726.779
v -4697.546 -91.826 -1720.189
f 5425 5426 5427
f 5427 5428 5425
v -4695.886 -91.792 -1719.530
v -4694.670 -91.426 -1727.438
v -4706.448 -91.897 -1729.247
v -4707.663 -92.173 -1721.340
f 5429 5430 5431
f 5431 5432 5429
v -4544.302 -97.979 -1632.272
v -4548.474 -98.061 -1639.099
v -4570.393 -98.462 -1625.703
v -4566.221 -98.536 -1618.877
f 5433 5434 5435
f 5435 5436 5433
v -4566.532 -98.548 -1618.706
v -4570.082 -98.453 -1625.874
v -4602.621 -100.047 -1609.757
v -4599.070 -100.351 -1602.589
f 5437 5438 5439
f 5439 5440 5437
v -4599.391 -100.373 -1602.447
v -4602.301 -100.026 -1609.899
v -4626.791 -101.297 -1600.334
v -4623.881 -101.756 -1592.882
f 5441 5442 5443
f 5443 5444 5441
v -4623.406 -101.726 -1593.105
v -4627.266 -101.326 -1600.112
v -4647.861 -102.765 -1588.764
v -4644.000 -103.316 -1581.757
f 5445 5446 5447
f 5447 5448 5445
v -4644.232 -103.335 -1581.639
v -4647.629 -102.755 -1588.882
v -4676.894 -103.858 -1575.156
v -4673.497 -104.321 -1567.913
f 5449 5450 5451
f 5451 5452 5449
v -4546.343 -98.055 -1639.685
v -4546.433 -98.004 -1631.686
v -4522.967 -97.653 -1631.422
v -4522.877 -97.963 -1639.421
f 5453 5454 5455
f 5455 5456 5453
v -4522.876 -97.963 -1639.421
v -4522.968 -97.653 -1631.422
v -4497.587 -97.117 -1631.131
v -4497.495 -97.649 -1639.130
f 5457 5458 5459
f 5459 5460 5457
v -4498.213 -97.655 -1639.074
v -4496.870 -97.106 -1631.187
v -4482.832 -97.011 -1633.579
v -4484.175 -97.674 -1641.465
f 5461 5462 5463
f 5463 5464 5461
v -4483.322 -97.669 -1641.518
v -4483.686 -97.023 -1633.526
v -4463.982 -96.469 -1632.628
v -4463.618 -97.201 -1640.619
f 5465 5466 5467
f 5467 5468 5465
v -4464.847 -97.216 -1640.484
v -4462.754 -96.450 -1632.763
v -4441.848 -96.504 -1638.430
v -4443.941 -97.334 -1646.152
f 5469 5470 5471
f 5471 5472 5469
v -4444.330 -97.329 -1646.024
v -4441.459 -96.508 -1638.557
v -4418.171 -96.641 -1647.514
v -4421.042 -97.477 -1654.981
f 5473 5474 5475
f 5475 5476 5473
v -4422.268 -97.449 -1654.234
v -4416.945 -96.670 -1648.262
v -4400.525 -97.430 -1662.899
v -4405.849 -98.139 -1668.871
f 5477 5478 5479
f 5479 5480 5477
v -4406.926 -98.063 -1667.306
v -4399.448 -97.530 -1664.464
v -4391.388 -98.524 -1685.667
v -4398.866 -99.316 -1688.510
f 5481 5482 5483
f 5483 5484 5481
v -4398.905 -99.310 -1688.403
v -4391.350 -98.528 -1685.773
v -4384.181 -98.973 -1706.369
v -4391.736 -99.815 -1708.999
f 5485 5486 5487
f 5487 5488 5485
v -4390.328 -99.757 -1710.907
v -4385.589 -99.033 -1704.461
v -4370.962 -97.983 -1715.215
v -4375.700 -98.686 -1721.660
f 5489 5490 5491
f 5491 5492 5489
v -4375.762 -98.691 -1721.614
v -4370.900 -97.978 -1715.261
v -4356.863 -96.836 -1726.001
v -4361.724 -97.388 -1732.355
f 5493 5494 5495
f 5495 5496 5493
v -4362.575 -97.473 -1731.465
v -4356.012 -96.741 -1726.891
v -4347.062 -95.561 -1739.731
v -4353.625 -96.494 -1744.306
f 5497 5498 5499
f 5499 5500 5497
v -4354.224 -96.562 -1741.050
v -4346.462 -95.490 -1742.987
v -4349.145 -95.907 -1753.741
v -4356.907 -96.971 -1751.804
f 5501 5502 5503
f 5503 5504 5501
v -4355.427 -96.771 -1749.573
v -4350.626 -96.125 -1755.972
v -4363.761 -97.567 -1765.827
v -4368.562 -98.205 -1759.428
f 5505 5506 5507
f 5507 5508 5505
v -4368.151 -98.166 -1759.157
v -4364.173 -97.605 -1766.098
v -4384.477 -99.467 -1777.737
v -4388.456 -100.057 -1770.796
f 5509 5510 5511
f 5511 5512 5509
v -4387.609 -99.978 -1770.433
v -4385.325 -99.544 -1778.100
v -4396.368 -100.580 -1781.389
v -4398.651 -100.985 -1773.722
f 5513 5514 5515
f 5515 5516 5513
v -4395.443 -100.693 -1774.131
v -4399.576 -100.820 -1780.981
v -4418.389 -102.143 -1769.633
v -4414.256 -102.136 -1762.783
f 5517 5518 5519
f 5519 5520 5517
v -4415.584 -102.223 -1762.277
v -4417.061 -102.057 -1770.139
v -4431.399 -102.898 -1767.444
v -4429.922 -103.074 -1759.582
f 5521 5522 5523
f 5523 5524 5521
v -4433.890 -103.235 -1761.153
v -4427.431 -102.739 -1765.873
v -4436.381 -102.810 -1778.119
v -4442.840 -103.075 -1773.399
f 5525 5526 5527
f 5527 5528 5525
v -4443.308 -102.945 -1777.284
v -4435.913 -102.914 -1774.234
v -4430.246 -102.133 -1787.973
v -4437.642 -102.293 -1791.023
f 5529 5530 5531
f 5531 5532 5529
v -4437.748 -102.318 -1790.737
v -4430.141 -102.108 -1788.260
v -4421.781 -99.955 -1813.942
v -4429.388 -100.129 -1816.418
f 5533 5534 5535
f 5535 5536 5533
v -4428.950 -100.045 -1817.341
v -4422.218 -100.037 -1813.019
v -4412.066 -98.265 -1828.833
v -4418.798 -98.149 -1833.155
f 5537 5538 5539
f 5539 5540 5537
v -4419.180 -98.235 -1832.391
v -4411.684 -98.181 -1829.597
v -4405.116 -96.372 -1847.220
v -4412.612 -96.372 -1850.014
f 5541 5542 5543
f 5543 5544 5541
v -4412.856 -96.544 -1848.360
v -4404.872 -96.209 -1848.874
v -4406.063 -94.464 -1867.382
v -4414.047 -94.753 -1866.869
f 5545 5546 5547
f 5547 5548 5545
v -4413.881 -94.607 -1868.294
v -4406.230 -94.607 -1865.957
v -4399.662 -92.439 -1887.451
v -4407.313 -92.411 -1889.789
f 5549 5550 5551
f 5551 5552 5549
v -4407.302 -92.408 -1889.824
v -4399.673 -92.442 -1887.415
v -4394.296 -90.920 -1904.444
v -4401.925 -90.779 -1906.853
f 5553 5554 5555
f 5555 5556 5553
v -4402.099 -90.915 -1905.347
v -4394.122 -90.795 -1905.951
v -4395.614 -89.465 -1925.648
v -4403.591 -89.551 -1925.044
f 5557 5558 5559
f 5559 5560 5557
v -4403.534 -89.481 -1926.083
v -4395.671 -89.531 -1924.610
v -4391.196 -88.431 -1948.495
v -4399.059 -88.193 -1949.968
f 5561 5562 5563
f 5563 5564 5561
v -4398.968 -88.180 -1950.350
v -4391.287 -88.440 -1948.114
v -4384.418 -88.046 -1971.709
v -4392.099 -87.758 -1973.945
f 5565 5566 5567
f 5567 5568 5565
v -4391.904 -87.767 -1974.473
v -4384.613 -88.037 -1971.180
v -4376.253 -88.422 -1989.689
v -4383.544 -88.157 -1992.982
f 5569 5570 5571
f 5571 5572 5569
v -4383.845 -88.142 -1991.987
v -4375.952 -88.436 -1990.684
v -4370.876 -89.293 -2021.439
v -4378.769 -89.114 -2022.742
f 5573 5574 5575
f 5575 5576 5573
v -4378.696 -89.128 -2023.088
v -4370.949 -89.280 -2021.093
v -4365.873 -90.172 -2040.804
v -4373.620 -90.153 -2042.799
f 5577 5578 5579
f 5579 5580 5577
v -4373.743 -90.089 -2041.644
v -4365.750 -90.229 -2041.960
v -4366.351 -90.946 -2057.179
v -4374.344 -90.899 -2056.863
f 5581 5582 5583
f 5583 5584 5581
v -4373.882 -90.809 -2055.148
v -4366.813 -91.027 -2058.894
v -4374.572 -91.975 -2073.532
v -4381.641 -91.774 -2069.786
f 5585 5586 5587
f 5587 5588 5585
v -4381.641 -92.054 -2073.532
v -4374.572 -91.720 -2069.786
v -4369.195 -92.316 -2079.932
v -4376.264 -92.698 -2083.678
f 5589 5590 5591
f 5591 5592 5589
v -4376.475 -92.670 -2083.209
v -4368.984 -92.342 -2080.401
v -4359.133 -93.594 -2106.678
v -4366.623 -94.095 -2109.486
f 5593 5594 5595
f 5595 5596 5593
v -4366.763 -94.073 -2109.035
v -4358.993 -93.613 -2107.130
v -4351.234 -94.573 -2138.784
v -4359.004 -95.325 -2140.689
f 5597 5598 5599
f 5599 5600 5597
v -4359.083 -95.311 -2140.275
v -4351.155 -94.582 -2139.198
v -4347.872 -95.014 -2163.375
v -4355.799 -95.970 -2164.451
f 5601 5602 5603
f 5603 5604 5601
v -4355.828 -95.964 -2164.150
v -4347.842 -95.018 -2163.675
v -4346.350 -95.334 -2188.764
v -4354.336 -96.410 -2189.239
f 5605 5606 5607
f 5607 5608 5605
v -4354.153 -96.397 -2190.221
v -4346.534 -95.350 -2187.782
v -4339.365 -94.537 -2210.175
v -4346.984 -95.631 -2212.614
f 5609 5610 5611
f 5611 5612 5609
v -4347.033 -95.637 -2212.448
v -4339.316 -94.531 -2210.341
v -4333.939 -93.719 -2230.039
v -4341.657 -94.767 -2232.146
f 5613 5614 5615
f 5615 5616 5613
v -4341.744 -94.781 -2231.743
v -4333.851 -93.706 -2230.442
v -4329.075 -92.881 -2259.414
v -4336.969 -93.821 -2260.715
f 5617 5618 5619
f 5619 5620 5617
v -4038.898 -83.765 -2257.325
v -4046.103 -83.583 -2253.847
v -4037.743 -84.369 -2236.527
v -4030.538 -84.687 -2240.005
f 5621 5622 5623
f 5623 5624 5621
v -4030.206 -84.717 -2238.987
v -4038.075 -84.341 -2237.545
v -4035.392 -84.648 -2222.907
v -4027.523 -85.049 -2224.349
f 5625 5626 5627
f 5627 5628 5625
v -4027.494 -85.054 -2224.163
v -4035.422 -84.645 -2223.093
v -4033.930 -84.833 -2212.048
v -4026.002 -85.287 -2213.119
f 5629 5630 5631
f 5631 5632 5629
v -4027.091 -85.196 -2215.364
v -4032.841 -84.859 -2209.802
v -4024.470 -85.116 -2201.149
v -4018.720 -85.308 -2206.711
f 5633 5634 5635
f 5635 5636 5633
v -4020.327 -85.300 -2207.724
v -4022.862 -85.123 -2200.136
v -4010.328 -85.238 -2195.948
v -4007.793 -85.427 -2203.536
f 5637 5638 5639
f 5639 5640 5637
v -4006.914 -85.433 -2203.118
v -4011.206 -85.233 -2196.366
v -4001.354 -85.251 -2190.104
v -3997.063 -85.457 -2196.855
f 5641 5642 5643
f 5643 5644 5641
v -3995.817 -85.449 -2195.600
v -4002.600 -85.259 -2191.360
v -3989.164 -84.487 -2169.865
v -3982.380 -84.713 -2174.105
f 5645 5646 5647
f 5647 5648 5645
v -3982.643 -84.745 -2174.477
v -3988.901 -84.467 -2169.493
v -3973.672 -82.907 -2150.376
v -3967.415 -83.057 -2155.361
f 5649 5650 5651
f 5651 5652 5649
v -3967.100 -83.018 -2154.903
v -3973.987 -82.959 -2150.834
v -3966.228 -81.534 -2137.702
v -3959.341 -81.676 -2141.771
f 5653 5654 5655
f 5655 5656 5653
v -3959.208 -81.650 -2141.527
v -3966.362 -81.560 -2137.946
v -3959.783 -80.185 -2124.801
v -3952.629 -80.280 -2128.381
f 5657 5658 5659
f 5659 5660 5657
v -3952.839 -80.319 -2128.751
v -3959.572 -80.146 -2124.431
v -3946.737 -77.773 -2104.429
v -3940.004 -78.000 -2108.750
f 5661 5662 5663
f 5663 5664 5661
v -3943.841 -78.304 -2110.562
v -3942.900 -77.480 -2102.617
v -3925.289 -77.179 -2104.705
v -3926.231 -77.893 -2112.649
f 5665 5666 5667
f 5667 5668 5665
v -3926.238 -77.893 -2112.648
v -3925.282 -77.178 -2104.705
v -3902.884 -76.711 -2107.400
v -3903.840 -77.282 -2115.343
f 5669 5670 5671
f 5671 5672 5669
v -3902.576 -77.231 -2115.294
v -3904.148 -76.754 -2107.450
v -3878.767 -75.799 -2102.363
v -3877.195 -76.031 -2110.208
f 5673 5674 5675
f 5675 5676 5673
v -3878.352 -76.073 -2110.268
v -3877.611 -75.770 -2102.303
v -3851.929 -75.215 -2104.694
v -3852.671 -75.244 -2112.660
f 5677 5678 5679
f 5679 5680 5677
v -3852.351 -75.234 -2112.676
v -3852.249 -75.222 -2104.677
v -3828.371 -74.704 -2104.981
v -3828.473 -74.449 -2112.980
f 5681 5682 5683
f 5683 5684 5681
v -3827.466 -74.419 -2112.865
v -3829.378 -74.722 -2105.096
v -3812.357 -74.628 -2100.908
v -3810.446 -74.188 -2108.677
f 5685 5686 5687
f 5687 5688 5685
v -3810.552 -74.189 -2108.701
v -3812.251 -74.628 -2100.884
v -3791.646 -74.778 -2096.405
v -3789.946 -74.175 -2104.223
f 5689 5690 5691
f 5691 5692 5689
v -3788.757 -74.197 -2103.755
v -3792.835 -74.749 -2096.873
v -3776.716 -75.524 -2087.321
v -3772.638 -74.929 -2094.204
f 5693 5694 5695
f 5695 5696 5693
v -3772.918 -74.914 -2094.355
v -3776.436 -75.538 -2087.170
v -3746.569 -77.119 -2072.545
v -3743.051 -76.441 -2079.730
f 5697 5698 5699
f 5699 5700 5697
v -3742.979 -76.445 -2079.694
v -3746.641 -77.115 -2072.581
v -3726.348 -78.226 -2062.131
v -3722.685 -77.512 -2069.244
f 5701 5702 5703
f 5703 5704 5701
v -3726.407 -77.528 -2069.213
v -3722.626 -78.200 -2062.162
v -3710.381 -77.516 -2068.728
v -3714.161 -76.865 -2075.779
f 5705 5706 5707
f 5707 5708 5705
v -3711.583 -76.823 -2076.194
v -3712.960 -77.564 -2068.313
v -3689.071 -77.728 -2064.138
v -3687.694 -77.068 -2072.019
f 5709 5710 5711
f 5711 5712 5709
v -3688.324 -77.071 -2072.078
v -3688.440 -77.719 -2064.079
v -3667.534 -77.291 -2063.775
v -3667.418 -76.809 -2071.775
f 5713 5714 5715
f 5715 5716 5713
v -3665.813 -76.808 -2071.413
v -3669.139 -77.304 -2064.137
v -3648.245 -77.145 -2054.585
v -3644.919 -76.811 -2061.861
f 5717 5718 5719
f 5719 5720 5717
v -3646.944 -76.859 -2062.207
v -3646.219 -77.077 -2054.240
v -3619.948 -76.056 -2056.631
v -3620.673 -76.069 -2064.598
f 5721 5722 5723
f 5723 5724 5721
v -3619.929 -76.049 -2064.596
v -3620.692 -76.083 -2056.633
v -3608.146 -75.650 -2055.431
v -3607.383 -75.734 -2063.394
f 5725 5726 5727
f 5727 5728 5725
v -3607.337 -75.732 -2063.389
v -3608.192 -75.651 -2055.435
v -3588.789 -75.007 -2053.348
v -3587.934 -75.240 -2061.302
f 5729 5730 5731
f 5731 5732 5729
v -3586.953 -75.207 -2061.069
v -3589.770 -75.046 -2053.581
v -3564.390 -73.897 -2044.030
v -3561.572 -74.273 -2051.517
f 5733 5734 5735
f 5735 5736 5733
v -3562.094 -74.286 -2051.674
v -3563.867 -73.882 -2043.873
v -3557.299 -73.701 -2042.380
v -3555.526 -74.138 -2050.181
f 5737 5738 5739
f 5739 5740 5737
v -3560.330 -74.012 -2047.091
v -3552.496 -73.817 -2045.470
v -3548.911 -74.909 -2062.790
v -3556.745 -75.039 -2064.411
f 5741 5742 5743
f 5743 5744 5741
v -3555.774 -75.180 -2066.306
v -3549.883 -74.760 -2060.894
v -3536.446 -76.044 -2075.519
v -3542.338 -76.453 -2080.931
f 5745 5746 5747
f 5747 5748 5745
v -3541.268 -76.540 -2081.758
v -3537.516 -75.960 -2074.692
v -3527.965 -76.573 -2079.765
v -3531.717 -77.157 -2086.831
f 5749 5750 5751
f 5751 5752 5749
v -3533.771 -76.860 -2084.042
v -3525.911 -76.903 -2082.554
v -3522.916 -78.551 -2098.381
v -3530.777 -78.448 -2099.869
f 5753 5754 5755
f 5755 5756 5753
v -3530.592 -78.240 -2097.720
v -3523.101 -78.761 -2100.530
v -3528.478 -80.015 -2114.864
v -3535.968 -79.443 -2112.054
f 5757 5758 5759
f 5759 5760 5757
v -3536.118 -79.484 -2112.548
v -3528.328 -79.971 -2114.370
v -3533.705 -81.779 -2137.358
v -3541.495 -81.166 -2135.536
f 5761 5762 5763
f 5763 5764 5761
v -3541.466 -81.319 -2137.474
v -3533.734 -81.615 -2135.420
v -3527.467 -83.793 -2159.015
v -3535.198 -83.423 -2161.069
f 5765 5766 5767
f 5767 5768 5765
v -3535.205 -83.421 -2161.046
v -3527.461 -83.795 -2159.038
v -3522.974 -85.018 -2176.345
v -3530.718 -84.791 -2178.352
f 5769 5770 5771
f 5771 5772 5769
v -3530.722 -84.790 -2178.338
v -3522.971 -85.019 -2176.360
v -3519.386 -85.725 -2190.403
v -3527.138 -85.443 -2192.382
f 5773 5774 5775
f 5775 5776 5773
v -3527.216 -85.431 -2191.999
v -3519.308 -85.737 -2190.786
v -3516.926 -86.199 -2206.309
v -3524.833 -85.889 -2207.522
f 5777 5778 5779
f 5779 5780 5777
v -3524.299 -85.946 -2208.991
v -3517.460 -86.142 -2204.840
v -3512.384 -86.547 -2213.203
v -3519.223 -86.178 -2217.354
f 5781 5782 5783
f 5783 5784 5781
v -3519.713 -86.179 -2216.122
v -3511.893 -86.545 -2214.435
v -3508.610 -86.410 -2229.654
v -3516.430 -86.046 -2231.342
f 5785 5786 5787
f 5787 5788 5785
v -3516.500 -86.065 -2230.106
v -3508.539 -86.390 -2230.889
v -3510.331 -85.765 -2249.108
v -3518.293 -85.475 -2248.325
f 5789 5790 5791
f 5791 5792 5789
v -3389.851 -83.811 -2252.857
v -3394.537 -84.092 -2246.373
v -3375.123 -82.922 -2232.342
v -3370.437 -82.665 -2238.826
f 5793 5794 5795
f 5795 5796 5793
v -3369.905 -82.631 -2238.365
v -3375.656 -82.957 -2232.804
v -3372.194 -82.726 -2229.223
v -3366.443 -82.400 -2234.784
f 5797 5798 5799
f 5799 5800 5797
v -4807.752 -94.182 -1498.999
v -4815.752 -93.262 -1499.045
v -4815.774 -93.299 -1495.161
v -4807.774 -94.209 -1495.115
f 5801 5802 5803
f 5803 5804 5801
v -4807.816 -94.199 -1495.717
v -4815.732 -93.309 -1494.559
v -4814.262 -93.565 -1484.519
v -4806.347 -94.451 -1485.677
f 5805 5806 5807
f 5807 5808 5805
v -4806.322 -94.456 -1485.473
v -4814.287 -93.560 -1484.723
v -4813.485 -93.817 -1476.215
v -4805.521 -94.670 -1476.966
f 5809 5810 5811
f 5811 5812 5809
v -4805.505 -94.677 -1476.704
v -4813.501 -93.809 -1476.477
v -4813.190 -94.105 -1465.473
v -4805.193 -94.906 -1465.699
f 5813 5814 5815
f 5815 5816 5813
v -4805.198 -94.912 -1465.345
v -4813.184 -94.097 -1465.827
v -4813.819 -94.295 -1455.298
v -4805.833 -95.037 -1454.817
f 5817 5818 5819
f 5819 5820 5817
v -4805.828 -95.035 -1454.928
v -4813.824 -94.298 -1455.186
v -4814.247 -94.696 -1442.082
v -4806.251 -95.322 -1441.824
f 5821 5822 5823
f 5823 5824 5821
v -4806.258 -95.311 -1442.223
v -4814.240 -94.711 -1441.682
v -4813.505 -95.145 -1430.836
v -4805.523 -95.651 -1431.377
f 5825 5826 5827
f 5827 5828 5825
v -4805.587 -95.634 -1431.867
v -4813.441 -95.167 -1430.347
v -4811.426 -95.644 -1419.937
v -4803.572 -96.015 -1421.457
f 5829 5830 5831
f 5831 5832 5829
v -4803.700 -95.996 -1421.949
v -4811.298 -95.669 -1419.445
v -4805.131 -96.531 -1400.739
v -4797.533 -96.678 -1403.243
f 5833 5834 5835
f 5835 5836 5833
v -4797.468 -96.684 -1403.025
v -4805.196 -96.523 -1400.957
v -4800.576 -97.025 -1383.691
v -4792.848 -97.015 -1385.759
f 5837 5838 5839
f 5839 5840 5837
v -4792.825 -97.016 -1385.666
v -4800.600 -97.023 -1383.784
v -4798.407 -97.197 -1374.722
v -4790.632 -97.100 -1376.604
f 5841 5842 5843
f 5843 5844 5841
v -4790.528 -97.105 -1375.933
v -4798.510 -97.186 -1375.392
v -4797.865 -97.351 -1365.867
v -4789.883 -97.168 -1366.409
f 5845 5846 5847
f 5847 5848 5845
v -4789.875 -97.171 -1366.037
v -4797.872 -97.345 -1366.239
v -4798.295 -97.623 -1349.422
v -4790.298 -97.292 -1349.221
f 5849 5850 5851
f 5851 5852 5849
v -4790.299 -97.291 -1349.455
v -4798.294 -97.627 -1349.188
v -4797.871 -97.790 -1336.532
v -4789.876 -97.345 -1336.799
f 5853 5854 5855
f 5855 5856 5853
v -4789.953 -97.346 -1337.461
v -4797.794 -97.795 -1335.871
v -4796.792 -97.803 -1330.930
v -4788.952 -97.315 -1332.520
f 5857 5858 5859
f 5859 5860 5857
v -4789.087 -97.320 -1333.020
v -4796.656 -97.802 -1330.430
v -4793.940 -97.680 -1322.491
v -4786.371 -97.171 -1325.080
f 5861 5862 5863
f 5863 5864 5861
v -4786.629 -97.187 -1325.674
v -4793.682 -97.666 -1321.898
v -4786.680 -97.212 -1308.819
v -4779.627 -96.693 -1312.595
f 5865 5866 5867
f 5867 5868 5865
v -4779.392 -96.674 -1312.067
v -4786.916 -97.229 -1309.348
v -4784.199 -97.024 -1301.831
v -4776.676 -96.439 -1304.550
f 5869 5870 5871
f 5871 5872 5869
v -4776.507 -96.423 -1303.935
v -4784.368 -97.037 -1302.447
v -4781.340 -96.790 -1286.449
v -4773.479 -96.151 -1287.937
f 5873 5874 5875
f 5875 5876 5873
v -4773.457 -96.149 -1287.805
v -4781.362 -96.792 -1286.581
v -4778.123 -96.535 -1265.669
v -4770.217 -95.891 -1266.894
f 5877 5878 5879
f 5879 5880 5877
v -4770.195 -95.890 -1266.727
v -4778.145 -96.536 -1265.836
v -4775.952 -96.447 -1246.258
v -4768.002 -95.887 -1247.149
f 5881 5882 5883
f 5883 5884 5881
v -4767.978 -95.890 -1246.613
v -4775.976 -96.447 -1246.794
v -4776.444 -96.617 -1226.160
v -4768.446 -96.193 -1225.979
f 5885 5886 5887
f 5887 5888 5885
v -4768.448 -96.194 -1225.906
v -4776.441 -96.616 -1226.233
v -4777.644 -96.910 -1196.853
v -4769.650 -96.752 -1196.526
f 5889 5890 5891
f 5891 5892 5889
v -4769.678 -96.759 -1196.196
v -4777.616 -96.906 -1197.184
v -4778.652 -96.993 -1188.861
v -4770.713 -96.931 -1187.874
f 5893 5894 5895
f 5895 5896 5893
v -4770.715 -96.932 -1187.855
v -4778.649 -96.993 -1188.880
v -4779.696 -97.055 -1180.782
v -4771.762 -97.078 -1179.757
f 5897 5898 5899
f 5899 5900 5897
v -4771.739 -97.074 -1179.980
v -4779.718 -97.057 -1180.559
v -4780.442 -97.113 -1170.585
v -4772.463 -97.242 -1170.006
f 5901 5902 5903
f 5903 5904 5901
v -4772.498 -97.226 -1170.903
v -4780.406 -97.119 -1169.689
v -4779.204 -97.198 -1161.855
v -4771.296 -97.390 -1163.069
f 5905 5906 5907
f 5907 5908 5905
v -4771.317 -97.388 -1163.192
v -4779.183 -97.199 -1161.733
v -4776.355 -97.453 -1146.488
v -4768.489 -97.799 -1147.947
f 5909 5910 5911
f 5911 5912 5909
v -4768.562 -97.789 -1148.266
v -4776.283 -97.460 -1146.170
v -4773.700 -97.720 -1136.658
v -4765.980 -98.111 -1138.755
f 5913 5914 5915
f 5915 5916 5913
v -4766.086 -98.098 -1139.087
v -4773.594 -97.731 -1136.326
v -4770.800 -98.038 -1128.730
v -4763.292 -98.434 -1131.492
f 5917 5918 5919
f 5919 5920 5917
v -4763.579 -98.402 -1132.106
v -4770.512 -98.069 -1128.115
v -4764.490 -98.712 -1117.653
v -4757.557 -99.087 -1121.644
f 5921 5922 5923
f 5923 5924 5921
v -4758.126 -99.024 -1122.406
v -4763.921 -98.771 -1116.890
v -4756.740 -99.487 -1109.347
v -4750.946 -99.789 -1114.863
f 5925 5926 5927
f 5927 5928 5925
v -4751.315 -99.751 -1115.205
v -4756.371 -99.525 -1109.005
v -4747.900 -100.427 -1102.097
v -4742.844 -100.639 -1108.296
f 5929 5930 5931
f 5931 5932 5929
v -4742.860 -100.637 -1108.310
v -4747.883 -100.429 -1102.083
v -4733.946 -102.120 -1090.841
v -4728.923 -102.302 -1097.068
f 5933 5934 5935
f 5935 5936 5933
v -4728.855 -102.311 -1097.011
v -4734.014 -102.111 -1090.898
v -4730.931 -102.525 -1088.295
v -4725.771 -102.630 -1094.409
f 5937 5938 5939
f 5939 5940 5937
v -4725.708 -102.637 -1094.355
v -4730.994 -102.516 -1088.350
v -4722.801 -103.312 -1081.137
v -4717.515 -103.465 -1087.142
f 5941 5942 5943
f 5943 5944 5941
v -4717.269 -103.492 -1086.906
v -4723.047 -103.292 -1081.373
v -4716.357 -103.860 -1074.385
v -4710.578 -104.065 -1079.918
f 5945 5946 5947
f 5947 5948 5945
v -4710.266 -104.093 -1079.549
v -4716.669 -103.832 -1074.754
v -4712.317 -104.244 -1068.941
v -4705.913 -104.508 -1073.737
f 5949 5950 5951
f 5951 5952 5949
v -4705.405 -104.564 -1072.834
v -4712.825 -104.189 -1069.844
v -4709.530 -104.607 -1061.667
v -4702.110 -104.992 -1064.657
f 5953 5954 5955
f 5955 5956 5953
v -4702.004 -105.007 -1064.360
v -4709.636 -104.592 -1061.964
v -4706.920 -104.888 -1053.311
v -4699.287 -105.401 -1055.707
f 5957 5958 5959
f 5959 5960 5957
v -4699.525 -105.391 -1056.297
v -4706.682 -104.897 -1052.722
v -4703.554 -105.039 -1046.460
v -4696.397 -105.530 -1050.035
f 5961 5962 5963
f 5963 5964 5961
v -4696.533 -105.524 -1050.285
v -4703.418 -105.045 -1046.211
v -4700.635 -105.177 -1041.508
v -4693.750 -105.654 -1045.582
f 5965 5966 5967
f 5967 5968 5965
v -4694.203 -105.631 -1046.203
v -4700.182 -105.199 -1040.888
v -4698.468 -105.289 -1038.959
v -4692.489 -105.721 -1044.274
f 5969 5970 5971
f 5971 5972 5969
v -4692.947 -105.696 -1044.714
v -4698.010 -105.313 -1038.519
v -4695.650 -105.443 -1036.591
v -4690.587 -105.826 -1042.785
f 5973 5974 5975
f 5975 5976 5973
v -4690.648 -105.823 -1042.834
v -4695.589 -105.446 -1036.542
v -4689.600 -105.774 -1031.839
v -4684.659 -106.019 -1038.131
f 5977 5978 5979
f 5979 5980 5977
v -4685.341 -106.023 -1038.563
v -4688.918 -105.812 -1031.407
v -4680.781 -105.911 -1027.339
v -4677.203 -105.995 -1034.494
f 5981 5982 5983
f 5983 5984 5981
v -4677.373 -105.995 -1034.574
v -4680.611 -105.911 -1027.259
v -4669.479 -105.738 -1022.331
v -4666.241 -105.964 -1029.647
f 5985 5986 5987
f 5987 5988 5985
v -4666.283 -105.964 -1029.665
v -4669.437 -105.737 -1022.313
v -4642.798 -105.070 -1010.886
v -4639.644 -105.259 -1018.238
f 5989 5990 5991
f 5991 5992 5989
v -4639.644 -105.259 -1018.238
v -4642.798 -105.070 -1010.886
v -4615.058 -103.171 -998.984
v -4611.903 -103.296 -1006.336
f 5993 5994 5995
f 5995 5996 5993
v -4612.173 -103.313 -1006.441
v -4614.787 -103.154 -998.880
v -4611.960 -102.983 -997.902
v -4609.346 -103.136 -1005.463
f 5997 5998 5999
f 5999 6000 5997
v -4609.341 -103.135 -1005.461
v -4611.965 -102.984 -997.904
v -4593.174 -101.459 -991.378
v -4590.550 -101.517 -998.936
f 6001 6002 6003
f 6003 6004 6001
v -4590.455 -101.508 -998.901
v -4593.269 -101.468 -991.413
v -4559.662 -98.718 -978.784
v -4556.848 -98.555 -986.273
f 6005 6006 6007
f 6007 6008 6005
v -4556.795 -98.550 -986.252
v -4559.714 -98.722 -978.804
v -4542.794 -97.509 -972.173
v -4539.875 -97.216 -979.621
f 6009 6010 6011
f 6011 6012 6009
v -4539.997 -97.225 -979.667
v -4542.672 -97.501 -972.127
v -4532.397 -96.881 -968.481
v -4529.722 -96.528 -976.021
f 6013 6014 6015
f 6015 6016 6013
v -4529.930 -96.542 -976.088
v -4532.189 -96.869 -968.414
v -4519.131 -96.188 -964.570
v -4516.872 -95.772 -972.244
f 6017 6018 6019
f 6019 6020 6017
v -4517.105 -95.785 -972.305
v -4518.899 -96.178 -964.509
v -4503.058 -95.522 -960.863
v -4501.264 -94.983 -968.659
f 6021 6022 6023
f 6023 6024 6021
v -4501.610 -95.001 -968.723
v -4502.712 -95.508 -960.799
v -4485.802 -94.825 -958.448
v -4484.701 -94.154 -966.371
f 6025 6026 6027
f 6027 6028 6025
v -4485.185 -94.180 -966.409
v -4485.318 -94.804 -958.410
v -4472.684 -94.289 -958.199
v -4472.550 -93.594 -966.198
f 6029 6030 6031
f 6031 6032 6029
v -4473.111 -93.620 -966.167
v -4472.123 -94.265 -958.229
v -4460.133 -93.671 -959.721
v -4461.122 -93.010 -967.660
f 6033 6034 6035
f 6035 6036 6033
v -4461.551 -93.034 -967.583
v -4459.704 -93.648 -959.799
v -4451.578 -93.146 -961.728
v -4453.425 -92.540 -969.511
f 6037 6038 6039
f 6039 6040 6037
v -4454.326 -92.604 -969.179
v -4450.677 -93.077 -962.060
v -4442.328 -92.334 -966.340
v -4445.977 -91.896 -973.459
f 6041 6042 6043
f 6043 6044 6041
v -4446.129 -91.910 -973.377
v -4442.175 -92.321 -966.422
v -4431.255 -91.513 -972.631
v -4435.209 -91.001 -979.585
f 6045 6046 6047
f 6047 6048 6045
v -4435.320 -91.008 -979.520
v -4431.144 -91.505 -972.696
v -4412.944 -90.285 -983.832
v -4417.119 -89.807 -990.656
f 6049 6050 6051
f 6051 6052 6049
v -4416.682 -89.783 -990.887
v -4413.380 -90.311 -983.601
v -4403.907 -89.829 -987.894
v -4407.209 -89.315 -995.181
f 6053 6054 6055
f 6055 6056 6053
v -4407.208 -89.315 -995.181
v -4403.908 -89.829 -987.894
v -4399.678 -89.621 -989.809
v -4402.978 -89.162 -997.097
f 6057 6058 6059
f 6059 6060 6057
v -4402.483 -89.147 -997.282
v -4400.172 -89.642 -989.623
v -4390.977 -89.524 -992.397
v -4393.288 -89.059 -1000.056
f 6061 6062 6063
f 6063 6064 6061
v -4392.285 -89.075 -1000.224
v -4391.980 -89.516 -992.230
v -4382.284 -89.675 -992.600
v -4382.589 -89.291 -1000.594
f 6065 6066 6067
f 6067 6068 6065
v -3560.605 -80.449 -277.151
v -3566.959 -79.781 -272.291
v -3559.200 -79.617 -262.146
v -3552.846 -80.302 -267.006
f 6069 6070 6071
f 6071 6072 6069
v -3552.535 -80.289 -266.534
v -3559.511 -79.634 -262.618
v -3553.978 -79.180 -252.764
v -3547.003 -79.817 -256.680
f 6073 6074 6075
f 6075 6076 6073
v -3546.616 -79.757 -255.717
v -3554.365 -79.235 -253.727
v -3551.682 -78.542 -243.279
v -3543.934 -79.000 -245.269
f 6077 6078 6079
f 6079 6080 6077
v -3543.826 -78.952 -244.654
v -3551.790 -78.586 -243.893
v -3549.107 -76.418 -215.824
v -3541.143 -76.596 -216.585
f 6081 6082 6083
f 6083 6084 6081
v -3541.134 -76.587 -216.478
v -3549.116 -76.427 -215.931
v -3545.531 -72.862 -163.676
v -3537.550 -72.710 -164.223
f 6085 6086 6087
f 6087 6088 6085
v -3537.550 -72.710 -164.230
v -3545.531 -72.862 -163.669
v -3539.853 -72.011 -82.949
v -3531.873 -71.760 -83.510
f 6089 6090 6091
f 6091 6092 6089
v -3531.874 -71.760 -83.521
v -3539.853 -72.011 -82.937
v -3531.403 -81.480 32.508
v -3523.425 -81.746 31.924
f 6093 6094 6095
f 6095 6096 6093
v -3298.080 -81.131 -302.843
v -3293.236 -81.459 -296.476
v -3287.559 -81.248 -300.796
v -3292.403 -80.915 -307.163
f 6097 6098 6099
f 6099 6100 6097
v -3293.876 -81.031 -304.888
v -3286.085 -81.129 -303.070
v -3283.993 -80.648 -312.039
v -3291.783 -80.572 -313.857
f 6101 6102 6103
f 6103 6104 6101
v -3291.859 -80.643 -312.464
v -3283.917 -80.573 -313.433
v -3292.734 -80.378 -385.687
v -3300.675 -80.382 -384.718
f 6105 6106 6107
f 6107 6108 6105
v -3300.688 -80.385 -384.844
v -3292.721 -80.375 -385.562
v -3297.496 -84.075 -438.557
v -3305.464 -83.852 -437.839
f 6109 6110 6111
f 6111 6112 6109
v -3305.466 -83.854 -437.866
v -3297.494 -84.073 -438.531
v -3300.923 -87.677 -479.586
v -3308.895 -87.259 -478.920
f 6113 6114 6115
f 6115 6116 6113
v -3308.878 -87.247 -478.759
v -3300.939 -87.690 -479.747
v -3308.409 -91.587 -539.758
v -3316.348 -90.952 -538.769
f 6117 6118 6119
f 6119 6120 6117
v -3316.347 -90.952 -538.767
v -3308.409 -91.587 -539.761
v -3316.168 -91.690 -601.726
v -3324.106 -91.055 -600.732
f 6121 6122 6123
f 6123 6124 6121
v -3324.120 -91.049 -600.859
v -3316.154 -91.696 -601.600
v -3323.624 -86.597 -681.914
v -3331.590 -86.192 -681.173
f 6125 6126 6127
f 6127 6128 6125
v -3331.590 -86.191 -681.182
v -3323.623 -86.597 -681.905
v -3329.222 -81.967 -743.633
v -3337.190 -82.117 -742.911
f 6129 6130 6131
f 6131 6132 6129
v -3337.184 -82.120 -742.848
v -3329.229 -81.963 -743.696
v -3335.863 -79.961 -805.875
v -3343.818 -80.387 -805.026
f 6133 6134 6135
f 6135 6136 6133
v -3343.827 -80.386 -805.119
v -3335.854 -79.962 -805.781
v -3341.086 -81.179 -868.792
v -3349.059 -81.411 -868.130
f 6137 6138 6139
f 6139 6140 6137
v -3349.061 -81.412 -868.154
v -3341.085 -81.178 -868.768
v -3347.352 -85.020 -950.272
v -3355.328 -84.541 -949.659
f 6141 6142 6143
f 6143 6144 6141
v -3911.723 -72.877 -183.027
v -3911.232 -72.391 -175.042
v -3907.581 -72.476 -175.266
v -3908.072 -72.942 -183.251
f 6145 6146 6147
f 6147 6148 6145
v -3908.227 -72.939 -183.239
v -3907.426 -72.480 -175.279
v -3903.095 -72.589 -175.715
v -3903.896 -73.025 -183.674
f 6149 6150 6151
f 6151 6152 6149
v -3903.656 -73.029 -183.691
v -3903.336 -72.583 -175.698
v -3899.373 -72.746 -175.856
v -3899.693 -73.154 -183.850
f 6153 6154 6155
f 6155 6156 6153
v -3899.967 -73.141 -183.829
v -3899.099 -72.761 -175.877
v -3893.655 -73.060 -176.471
v -3894.524 -73.394 -184.424
f 6157 6158 6159
f 6159 6160 6157
v -3894.444 -73.397 -184.432
v -3893.735 -73.056 -176.463
v -3854.250 -75.078 -179.977
v -3854.959 -75.068 -187.945
f 6161 6162 6163
f 6163 6164 6161
v -3855.070 -75.063 -187.934
v -3854.138 -75.084 -179.988
v -3814.720 -77.044 -184.611
v -3815.652 -76.678 -192.557
f 6165 6166 6167
f 6167 6168 6165
v -3815.606 -76.679 -192.562
v -3814.766 -77.042 -184.606
v -3693.584 -77.958 -197.406
v -3694.424 -77.356 -205.362
f 6169 6170 6171
f 6171 6172 6169
v -3694.400 -77.355 -205.364
v -3693.607 -77.959 -197.404
v -3544.729 -76.174 -212.224
v -3545.521 -76.835 -220.185
f 6173 6174 6175
f 6175 6176 6173
v -3545.527 -76.835 -220.184
v -3544.723 -76.174 -212.225
v -3382.285 -83.651 -228.644
v -3383.090 -83.579 -236.603
f 6177 6178 6179
f 6179 6180 6177
v -3383.074 -83.579 -236.605
v -3382.301 -83.651 -228.642
v -3188.383 -90.097 -247.452
v -3189.155 -89.653 -255.414
f 6181 6182 6183
f 6183 6184 6181
v -3189.146 -89.654 -255.415
v -3188.392 -90.097 -247.451
v -3093.704 -94.901 -256.407
v -3094.457 -95.401 -264.371
f 6185 6186 6187
f 6187 6188 6185
v -3802.313 -70.108 129.165
v -3794.330 -69.435 128.644
v -3798.627 -71.036 62.864
v -3806.610 -71.529 63.386
f 6189 6190 6191
f 6191 6192 6189
v -3806.610 -71.529 63.381
v -3798.626 -71.035 62.868
v -3806.452 -77.903 -58.917
v -3814.436 -77.481 -58.404
f 6193 6194 6195
f 6195 6196 6193
v -3340.409 -81.786 82.660
v -3339.539 -81.562 90.613
v -3323.843 -80.955 88.896
v -3324.713 -81.240 80.943
f 6197 6198 6199
f 6199 6200 6197
v -3324.758 -81.242 80.948
v -3323.799 -80.953 88.891
v -3268.150 -81.822 82.167
v -3269.109 -82.106 74.225
f 6201 6202 6203
f 6203 6204 6201
v -3269.185 -82.102 74.235
v -3268.074 -81.826 82.157
v -3219.450 -85.367 75.342
v -3220.561 -85.589 67.419
f 6205 6206 6207
f 6207 6208 6205
v -3220.664 -85.579 67.435
v -3219.347 -85.377 75.326
v -3141.223 -93.832 62.289
v -3142.540 -93.595 54.398
f 6209 6210 6211
f 6211 6212 6209
v -3923.379 -71.156 -621.336
v -3924.000 -71.425 -629.311
v -3951.652 -71.031 -627.158
v -3951.030 -70.673 -619.182
f 6213 6214 6215
f 6215 6216 6213
v -3660.142 -71.385 107.549
v -3659.204 -71.463 115.494
v -3341.620 -81.939 77.995
v -3342.558 -82.151 70.050
f 6217 6218 6219
f 6219 6220 6217
v -4976.476 0.050 197.102
v -4968.651 -93.318 198.764
v -4966.859 -93.944 190.323
v -4974.684 -93.403 188.662
f 6221 6222 6223
f 6223 6224 6221
v -4974.745 -93.383 189.032
v -4966.798 -93.966 189.953
v -4965.908 -94.403 182.266
v -4973.854 -93.778 181.345
f 6225 6226 6227
f 6227 6228 6225
v -4973.881 -93.754 181.861
v -4965.881 -94.430 181.750
v -4965.959 -94.691 176.149
v -4973.958 -93.985 176.260
f 6229 6230 6231
f 6231 6232 6229
v -4973.948 -93.975 176.499
v -4965.970 -94.702 175.910
v -4966.415 -94.949 169.874
v -4974.393 -94.190 170.463
f 6233 6234 6235
f 6235 6236 6233
v -4974.211 -94.167 171.395
v -4966.597 -94.976 168.942
v -4969.436 -95.089 160.132
v -4977.050 0.050 162.585
f 6237 6238 6239
f 6239 6240 6237
v -4977.070 0.050 162.520
v -4969.415 -95.090 160.196
v -4971.953 -95.034 151.835
v -4979.608 0.050 154.159
f 6241 6242 6243
f 6243 6244 6241
v -4979.683 0.050 153.879
v -4971.879 -95.035 152.116
v -4972.992 -95.035 147.189
v -4980.796 0.050 148.952
f 6245 6246 6247
f 6247 6248 6245
v -4980.864 0.050 148.559
v -4972.924 -95.033 147.582
v -4973.447 -95.075 143.329
v -4981.387 0.050 144.305
f 6249 6250 6251
f 6251 6252 6249
v -4981.417 0.050 143.817
v -4973.417 -95.067 143.817
v -4973.417 -95.262 135.231
v -4981.417 0.050 135.231
f 6253 6254 6255
f 6255 6256 6253
v -4981.408 0.050 134.958
v -4973.427 -95.255 135.505
v -4972.536 -95.449 122.507
v -4980.517 0.050 121.961
f 6257 6258 6259
f 6259 6260 6257
v -4980.481 0.050 121.633
v -4972.572 -95.445 122.835
v -4971.370 -95.567 114.923
v -4979.279 0.050 113.721
f 6261 6262 6263
f 6263 6264 6261
v -4979.206 0.050 113.355
v -4971.443 -95.560 115.290
v -4969.807 -95.730 108.725
v -4977.569 0.050 106.790
f 6265 6266 6267
f 6267 6268 6265
v -4977.483 0.050 106.492
v -4969.893 -95.721 109.022
v -4968.101 -95.909 103.646
v -4975.690 -95.083 101.116
f 6269 6270 6271
f 6271 6272 6269
v -4975.524 -95.101 100.697
v -4968.268 -95.892 104.065
v -4964.460 -96.173 95.863
v -4971.717 -95.314 92.495
f 6273 6274 6275
f 6275 6276 6273
v -4971.672 -95.316 92.401
v -4964.505 -96.171 95.956
v -4959.952 -96.382 86.776
v -4967.119 -95.547 83.221
f 6277 6278 6279
f 6279 6280 6277
v -4967.120 -95.547 83.224
v -4959.951 -96.382 86.774
v -4955.621 -96.551 78.030
v -4962.790 -95.735 74.479
f 6281 6282 6283
f 6283 6284 6281
v -4962.728 -95.737 74.360
v -4955.682 -96.549 78.149
v -4945.085 -96.573 58.441
v -4952.131 -95.727 54.653
f 6285 6286 6287
f 6287 6288 6285
v -4951.968 -95.724 54.378
v -4945.247 -96.577 58.716
v -4936.286 -96.392 44.834
v -4943.007 -95.578 40.495
f 6289 6290 6291
f 6291 6292 6289
v -4942.907 -95.576 40.348
v -4936.386 -96.395 44.981
v -4919.521 -95.093 21.245
v -4926.042 -94.393 16.611
f 6293 6294 6295
f 6295 6296 6293
v -4926.063 -94.395 16.641
v -4919.500 -95.091 21.216
v -4908.157 -93.950 4.942
v -4914.720 -93.245 0.368
f 6297 6298 6299
f 6299 6300 6297
v -4914.706 -93.244 0.348
v -4908.170 -93.951 4.961
v -4901.747 -93.244 -4.139
v -4908.283 -92.543 -8.752
f 6301 6302 6303
f 6303 6304 6301
v -4908.072 -92.522 -9.026
v -4901.958 -93.265 -3.866
v -4894.645 -92.604 -12.531
v -4900.758 -91.866 -17.691
f 6305 6306 6307
f 6307 6308 6305
v -4900.587 -91.851 -17.881
v -4894.816 -92.619 -12.341
v -4884.507 -91.941 -23.080
v -4890.279 -91.175 -28.620
f 6309 6310 6311
f 6311 6312 6309
v -4890.162 -91.170 -28.737
v -4884.624 -91.946 -22.963
v -4873.882 -91.552 -33.266
v -4879.420 -90.777 -39.040
f 6313 6314 6315
f 6315 6316 6313
v -4879.576 -90.783 -38.880
v -4873.725 -91.546 -33.425
v -4863.417 -91.173 -44.481
v -4869.268 -90.406 -49.936
f 6317 6318 6319
f 6319 6320 6317
v -4869.613 -90.421 -49.512
v -4863.073 -91.158 -44.905
v -4856.661 -90.861 -54.006
v -4863.201 -90.222 -58.613
f 6321 6322 6323
f 6323 6324 6321
v -4863.336 -90.226 -58.408
v -4856.526 -90.858 -54.211
v -4846.674 -90.804 -70.193
v -4853.484 -89.977 -74.391
f 6325 6326 6327
f 6327 6328 6325
v -4853.451 -89.976 -74.443
v -4846.707 -90.804 -70.141
v -4821.470 -92.516 -109.702
v -4828.215 -91.727 -114.004
f 6329 6330 6331
f 6331 6332 6329
v -4828.336 -91.712 -113.802
v -4821.349 -92.528 -109.905
v -4810.607 -93.807 -129.163
v -4817.594 -93.062 -133.060
f 6333 6334 6335
f 6335 6336 6333
v -4817.704 -93.049 -132.848
v -4810.497 -93.822 -129.375
v -4804.820 -94.582 -141.158
v -4812.027 -93.764 -144.631
f 6337 6338 6339
f 6339 6340 6337
v -4812.245 -93.729 -144.073
v -4804.601 -94.611 -141.715
v -4800.270 -95.295 -155.757
v -4807.915 -94.482 -158.114
f 6341 6342 6343
f 6343 6344 6341
v -4807.998 -94.468 -157.803
v -4800.188 -95.308 -156.068
v -4796.604 -95.857 -172.196
v -4804.413 -95.110 -173.931
f 6345 6346 6347
f 6347 6348 6345
v -4804.473 -95.097 -173.593
v -4796.543 -95.866 -172.535
v -4794.751 -96.200 -185.968
v -4802.681 -95.559 -187.026
f 6349 6350 6351
f 6351 6352 6349
v -4802.696 -95.555 -186.893
v -4794.736 -96.203 -186.101
v -4793.400 -96.454 -199.535
v -4801.361 -95.931 -200.327
f 6353 6354 6355
f 6355 6356 6353
v -4801.373 -95.928 -200.174
v -4793.388 -96.457 -199.687
v -4792.185 -96.741 -219.395
v -4800.171 -96.424 -219.882
f 6357 6358 6359
f 6359 6360 6357
v -4800.162 -96.427 -220.000
v -4792.194 -96.739 -219.277
v -4791.003 -96.906 -232.407
v -4798.971 -96.739 -233.130
f 6361 6362 6363
f 6363 6364 6361
v -4798.972 -96.725 -232.428
v -4791.001 -96.912 -233.110
v -4791.603 -96.968 -240.137
v -4799.573 -96.858 -239.455
f 6365 6366 6367
f 6367 6368 6365
v -4799.562 -96.856 -239.339
v -4791.614 -96.969 -240.252
v -4792.505 -97.044 -248.006
v -4800.452 -97.014 -247.093
f 6369 6370 6371
f 6371 6372 6369
v -4800.423 -97.010 -246.884
v -4792.534 -97.046 -248.215
v -4794.928 -97.247 -262.402
v -4802.816 -97.362 -261.071
f 6373 6374 6375
f 6375 6376 6373
v -4802.833 -97.365 -261.176
v -4794.911 -97.245 -262.296
v -4797.149 -97.522 -278.121
v -4805.070 -97.792 -277.001
f 6377 6378 6379
f 6379 6380 6377
v -4805.109 -97.805 -277.511
v -4797.110 -97.514 -277.610
v -4797.254 -97.688 -289.261
v -4805.254 -98.085 -289.162
f 6381 6382 6383
f 6383 6384 6381
v -4805.215 -98.097 -289.767
v -4797.293 -97.681 -288.656
v -4796.247 -97.725 -296.119
v -4804.169 -98.196 -297.230
f 6385 6386 6387
f 6387 6388 6385
v -4803.725 -98.188 -298.580
v -4796.691 -97.736 -294.769
v -4793.863 -97.613 -299.986
v -4800.897 -98.081 -303.798
f 6389 6390 6391
f 6391 6392 6389
v -4799.949 -98.034 -304.958
v -4794.811 -97.662 -298.826
v -4789.278 -97.349 -303.463
v -4794.417 -97.714 -309.594
f 6393 6394 6395
f 6395 6396 6393
v -4793.694 -97.668 -310.077
v -4790.001 -97.392 -302.980
v -4782.843 -96.941 -306.705
v -4786.536 -97.191 -313.802
f 6397 6398 6399
f 6399 6400 6397
v -4786.192 -97.167 -313.961
v -4783.188 -96.964 -306.546
v -4772.134 -96.207 -311.024
v -4775.138 -96.362 -318.439
f 6401 6402 6403
f 6403 6404 6401
v -4776.005 -96.429 -317.954
v -4771.267 -96.144 -311.509
v -4763.953 -95.591 -316.885
v -4768.691 -95.839 -323.331
f 6405 6406 6407
f 6407 6408 6405
v -4769.438 -95.900 -322.616
v -4763.206 -95.530 -317.599
v -4752.753 -94.624 -330.584
v -4758.985 -95.064 -335.601
f 6409 6410 6411
f 6411 6412 6409
v -4759.250 -95.085 -335.229
v -4752.488 -94.602 -330.955
v -4748.614 -94.284 -337.084
v -4755.377 -94.770 -341.358
f 6413 6414 6415
f 6415 6416 6413
v -4755.402 -94.772 -341.318
v -4748.589 -94.282 -337.124
v -4740.229 -93.569 -350.703
v -4747.041 -94.067 -354.897
f 6417 6418 6419
f 6419 6420 6417
v -4746.938 -94.058 -355.056
v -4740.332 -93.577 -350.545
v -4733.909 -93.116 -359.950
v -4740.515 -93.695 -364.461
f 6421 6422 6423
f 6423 6424 6421
v -4740.396 -93.689 -364.626
v -4734.028 -93.122 -359.785
v -4725.512 -92.809 -370.986
v -4731.880 -93.283 -375.828
f 6425 6426 6427
f 6427 6428 6425
v -4731.581 -93.269 -376.178
v -4725.811 -92.814 -370.636
v -4714.913 -92.651 -381.983
v -4720.683 -93.023 -387.524
f 6429 6430 6431
f 6431 6432 6429
v -4720.467 -93.026 -387.733
v -4715.129 -92.654 -381.774
v -4705.132 -92.643 -390.730
v -4710.471 -93.165 -396.689
f 6433 6434 6435
f 6435 6436 6433
v -4710.193 -93.169 -396.916
v -4705.410 -92.640 -390.503
v -4688.991 -92.875 -402.748
v -4693.773 -93.426 -409.161
f 6437 6438 6439
f 6439 6440 6437
v -4693.660 -93.429 -409.242
v -4689.103 -92.873 -402.667
v -4672.083 -93.685 -414.463
v -4676.640 -94.202 -421.038
f 6441 6442 6443
f 6443 6444 6441
v -4676.549 -94.208 -421.099
v -4672.173 -93.681 -414.402
v -4666.128 -94.012 -418.351
v -4670.504 -94.608 -425.049
f 6445 6446 6447
f 6447 6448 6445
v -4670.224 -94.625 -425.216
v -4666.409 -93.995 -418.184
v -4661.856 -94.249 -420.654
v -4665.671 -94.878 -427.686
f 6449 6450 6451
f 6451 6452 6449
v -4665.250 -94.899 -427.884
v -4662.276 -94.228 -420.457
v -4656.900 -94.457 -422.610
v -4659.874 -95.127 -430.037
f 6453 6454 6455
f 6455 6456 6453
v -4658.750 -95.158 -430.307
v -4658.024 -94.426 -422.340
v -4653.092 -94.495 -422.789
v -4653.818 -95.225 -430.756
f 6457 6458 6459
f 6459 6460 6457
v -4653.678 -95.227 -430.766
v -4653.232 -94.493 -422.779
v -4650.394 -94.524 -422.937
v -4650.840 -95.257 -430.925
f 6461 6462 6463
f 6463 6464 6461
v -4650.042 -95.258 -430.889
v -4651.191 -94.522 -422.972
v -4645.002 -94.486 -422.074
v -4643.853 -95.239 -429.991
f 6465 6466 6467
f 6467 6468 6465
v -4643.124 -95.241 -429.814
v -4645.730 -94.486 -422.251
v -4638.561 -94.480 -419.781
v -4635.955 -95.207 -427.344
f 6469 6470 6471
f 6471 6472 6469
v -4635.061 -95.193 -426.905
v -4639.456 -94.490 -420.220
v -4633.789 -94.370 -416.495
v -4629.395 -95.043 -423.180
f 6473 6474 6475
f 6475 6476 6473
v -4628.827 -95.024 -422.728
v -4634.357 -94.378 -416.947
v -4627.411 -94.230 -410.303
v -4621.881 -94.749 -416.084
f 6477 6478 6479
f 6479 6480 6477
v -4621.796 -94.748 -416.000
v -4627.495 -94.232 -410.386
v -4622.564 -94.139 -405.380
v -4616.865 -94.655 -410.994
f 6481 6482 6483
f 6483 6484 6481
v -4616.986 -94.657 -411.112
v -4622.443 -94.137 -405.262
v -4616.922 -94.088 -400.111
v -4611.464 -94.605 -405.960
f 6485 6486 6487
f 6487 6488 6485
v -4611.561 -94.606 -406.048
v -4616.825 -94.087 -400.023
v -4609.734 -94.086 -393.828
v -4604.470 -94.600 -399.852
f 6489 6490 6491
f 6491 6492 6489
v -4609.917 -94.362 -399.682
v -4604.287 -94.341 -393.998
v -4597.352 -95.096 -400.867
v -4602.981 -94.988 -406.551
f 6493 6494 6495
f 6495 6496 6493
v -4603.069 -94.979 -406.462
v -4597.265 -95.106 -400.956
v -4593.079 -95.533 -405.368
v -4598.883 -95.409 -410.874
f 6497 6498 6499
f 6499 6500 6497
v -4598.823 -95.415 -410.935
v -4593.139 -95.528 -405.306
v -4586.938 -96.097 -411.567
v -4592.623 -95.986 -417.197
f 6501 6502 6503
f 6503 6504 6501
v -4592.395 -96.008 -417.409
v -4587.166 -96.077 -411.355
v -4581.722 -96.504 -416.058
v -4586.952 -96.483 -422.112
f 6505 6506 6507
f 6507 6508 6505
v -4586.625 -96.508 -422.365
v -4582.049 -96.480 -415.804
v -4577.863 -96.779 -418.723
v -4582.440 -96.804 -425.285
f 6509 6510 6511
f 6511 6512 6509
v -4582.060 -96.829 -425.519
v -4578.243 -96.753 -418.489
v -4574.959 -96.966 -420.272
v -4578.776 -97.022 -427.302
f 6513 6514 6515
f 6515 6516 6513
v -4577.942 -97.065 -427.640
v -4575.793 -96.916 -419.934
v -4572.287 -97.107 -420.912
v -4574.435 -97.227 -428.618
f 6517 6518 6519
f 6519 6520 6517
v -4573.639 -97.261 -428.755
v -4573.082 -97.067 -420.774
v -4567.784 -97.320 -421.144
v -4568.341 -97.464 -429.125
f 6521 6522 6523
f 6523 6524 6521
v -4567.635 -97.490 -429.112
v -4568.489 -97.288 -421.157
v -4563.569 -97.505 -420.629
v -4562.715 -97.662 -428.583
f 6525 6526 6527
f 6527 6528 6525
v -4562.075 -97.683 -428.461
v -4564.208 -97.477 -420.751
v -4555.615 -97.854 -418.373
v -4553.481 -97.980 -426.084
f 6529 6530 6531
f 6531 6532 6529
v -4553.144 -97.993 -425.974
v -4555.952 -97.838 -418.483
v -4532.441 -99.131 -409.672
v -4529.634 -99.142 -417.163
f 6533 6534 6535
f 6535 6536 6533
v -4529.626 -99.142 -417.160
v -4532.449 -99.130 -409.675
v -4513.046 -100.294 -402.357
v -4510.223 -100.145 -409.842
f 6537 6538 6539
f 6539 6540 6537
v -4404.564 -101.503 -326.453
v -4398.047 -101.208 -331.093
v -4405.806 -101.737 -341.990
v -4412.323 -102.034 -337.350
f 6541 6542 6543
f 6543 6544 6541
v -4412.070 -102.017 -337.031
v -4406.059 -101.754 -342.310
v -4413.528 -102.248 -350.816
v -4419.540 -102.511 -345.538
f 6545 6546 6547
f 6547 6548 6545
v -4419.336 -102.498 -345.323
v -4413.732 -102.261 -351.032
v -4421.791 -102.672 -358.944
v -4427.396 -103.021 -353.235
f 6549 6550 6551
f 6551 6552 6549
v -4426.925 -102.991 -352.839
v -4422.262 -102.686 -359.340
v -4434.953 -103.084 -368.441
v -4439.615 -103.494 -361.940
f 6553 6554 6555
f 6555 6556 6553
v -4439.566 -103.495 -361.905
v -4435.002 -103.086 -368.476
v -4449.630 -102.912 -378.634
v -4454.193 -103.077 -372.063
f 6557 6558 6559
f 6559 6560 6557
v -4453.944 -103.084 -371.904
v -4449.878 -102.906 -378.793
v -4475.415 -102.127 -393.865
v -4479.481 -102.510 -386.976
f 6561 6562 6563
f 6563 6564 6561
v -4479.208 -102.520 -386.829
v -4475.688 -102.118 -394.012
v -4497.629 -100.816 -404.765
v -4501.149 -100.979 -397.581
f 6565 6566 6567
f 6567 6568 6565
v -4500.882 -100.996 -397.462
v -4497.896 -100.800 -404.884
v -4510.141 -100.149 -409.811
v -4513.127 -100.289 -402.389
f 6569 6570 6571
f 6571 6572 6569
v -4604.257 -94.600 -399.652
v -4609.947 -94.086 -394.028
v -4603.902 -94.090 -387.912
v -4598.212 -94.744 -393.536
f 6573 6574 6575
f 6575 6576 6573
v -4597.984 -94.750 -393.285
v -4604.130 -94.084 -388.163
v -4595.169 -94.539 -377.411
v -4589.023 -95.104 -382.533
f 6577 6578 6579
f 6579 6580 6577
v -4589.147 -95.096 -382.674
v -4595.045 -94.546 -377.269
v -4583.557 -95.302 -364.734
v -4577.659 -95.856 -370.139
f 6581 6582 6583
f 6583 6584 6581
v -4577.899 -95.839 -370.379
v -4583.317 -95.319 -364.493
v -4562.712 -97.040 -345.525
v -4557.293 -97.515 -351.411
f 6585 6586 6587
f 6587 6588 6585
v -4557.344 -97.511 -351.456
v -4562.662 -97.044 -345.480
v -4539.518 -99.057 -324.886
v -4534.200 -99.533 -330.863
f 6589 6590 6591
f 6591 6592 6589
v -4534.468 -99.511 -331.081
v -4539.250 -99.078 -324.668
v -4529.844 -99.771 -317.654
v -4525.062 -100.271 -324.067
f 6593 6594 6595
f 6595 6596 6593
v -4525.429 -100.245 -324.311
v -4529.477 -99.797 -317.410
v -4521.573 -100.331 -312.774
v -4517.525 -100.697 -319.674
f 6597 6598 6599
f 6599 6600 6597
v -4518.663 -100.644 -320.125
v -4520.435 -100.379 -312.324
v -4515.203 -100.616 -311.135
v -4513.431 -100.902 -318.936
f 6601 6602 6603
f 6603 6604 6601
v -4514.507 -100.846 -319.031
v -4514.127 -100.668 -311.040
v -4508.005 -100.982 -311.330
v -4508.384 -101.188 -319.321
f 6605 6606 6607
f 6607 6608 6605
v -4509.063 -101.148 -319.230
v -4507.325 -101.019 -311.421
v -4496.583 -101.642 -313.812
v -4498.321 -101.815 -321.621
f 6609 6610 6611
f 6611 6612 6609
v -4498.388 -101.811 -321.606
v -4496.516 -101.646 -313.828
v -4484.716 -102.372 -316.668
v -4486.588 -102.585 -324.446
f 6613 6614 6615
f 6615 6616 6613
v -4486.449 -102.594 -324.476
v -4484.855 -102.363 -316.637
v -4473.812 -102.743 -318.882
v -4475.406 -103.052 -326.722
f 6617 6618 6619
f 6619 6620 6617
v -4475.191 -103.054 -326.760
v -4474.028 -102.740 -318.845
v -4463.875 -102.870 -320.337
v -4465.039 -103.146 -328.252
f 6621 6622 6623
f 6623 6624 6621
v -4464.820 -103.148 -328.278
v -4464.094 -102.867 -320.311
v -4449.466 -103.025 -321.646
v -4450.193 -103.274 -329.613
f 6625 6626 6627
f 6627 6628 6625
v -4450.096 -103.275 -329.620
v -4449.563 -103.024 -321.638
v -4422.690 -102.335 -323.434
v -4423.224 -102.547 -331.417
f 6629 6630 6631
f 6631 6632 6629
v -4423.206 -102.546 -331.418
v -4422.709 -102.336 -323.433
v -4401.057 -101.263 -324.781
v -4401.554 -101.412 -332.765
f 6633 6634 6635
f 6635 6636 6633
v -3897.746 -80.354 -327.835
v -3897.157 -80.096 -319.857
v -3836.543 -73.534 -324.335
v -3837.132 -73.569 -332.313
f 6637 6638 6639
f 6639 6640 6637
v -4003.184 -83.273 -286.123
v -3995.344 -83.147 -284.533
v -3993.407 -83.900 -294.083
v -4001.247 -83.978 -295.673
f 6641 6642 6643
f 6643 6644 6641
v -4001.102 -84.003 -296.201
v -3993.552 -83.858 -293.555
v -3991.459 -84.217 -299.525
v -3999.009 -84.295 -302.172
f 6645 6646 6647
f 6647 6648 6645
v -3998.424 -84.351 -303.263
v -3992.045 -84.160 -298.435
v -3988.316 -84.432 -303.362
v -3994.694 -84.619 -308.190
f 6649 6650 6651
f 6651 6652 6649
v -3993.830 -84.668 -309.030
v -3989.180 -84.383 -302.521
v -3983.948 -84.591 -306.259
v -3988.598 -84.907 -312.768
f 6653 6654 6655
f 6655 6656 6653
v -3987.759 -84.939 -313.227
v -3984.787 -84.585 -305.800
v -3977.328 -84.498 -308.786
v -3980.301 -84.984 -316.213
f 6657 6658 6659
f 6659 6660 6657
v -3979.494 -84.968 -316.441
v -3978.135 -84.513 -308.557
v -3960.814 -84.077 -311.542
v -3962.173 -84.527 -319.426
f 6661 6662 6663
f 6663 6664 6661
v -3962.080 -84.524 -319.441
v -3960.907 -84.080 -311.528
v -3948.695 -83.755 -313.337
v -3949.868 -84.195 -321.251
f 6665 6666 6667
f 6667 6668 6665
v -3949.866 -84.195 -321.251
v -3948.697 -83.755 -313.337
v -3936.719 -83.151 -315.107
v -3937.888 -83.623 -323.021
f 6669 6670 6671
f 6671 6672 6669
v -3937.849 -83.620 -323.027
v -3936.758 -83.154 -315.101
v -3912.880 -81.424 -318.391
v -3913.971 -81.798 -326.316
f 6673 6674 6675
f 6675 6676 6673
v -3913.798 -81.784 -326.336
v -3913.053 -81.437 -318.371
v -3897.079 -80.088 -319.863
v -3897.823 -80.363 -327.828
f 6677 6678 6679
f 6679 6680 6677
v -3937.681 -83.998 125.970
v -3935.746 -83.821 118.208
v -3948.881 -84.638 114.932
v -3950.817 -84.720 122.694
f 6681 6682 6683
f 6683 6684 6681
v -3952.464 -84.776 121.840
v -3947.235 -84.582 115.786
v -3960.370 -85.017 104.440
v -3965.600 -85.210 110.494
f 6685 6686 6687
f 6687 6688 6685
v -3966.652 -85.244 109.065
v -3959.318 -84.983 105.869
v -3964.394 -84.886 94.219
v -3971.728 -85.277 97.414
f 6689 6690 6691
f 6691 6692 6689
v -3971.580 -85.285 97.718
v -3964.542 -84.878 93.915
v -3982.454 -83.745 60.774
v -3989.491 -84.084 64.578
f 6693 6694 6695
f 6695 6696 6693
v -3989.565 -84.073 64.435
v -3982.380 -83.753 60.917
v -3996.418 -81.584 32.253
v -4003.602 -81.977 35.772
f 6697 6698 6699
f 6699 6700 6697
v -4003.777 -81.942 35.356
v -3996.242 -81.620 32.669
v -4000.717 -80.558 20.121
v -4008.252 -80.934 22.808
f 6701 6702 6703
f 6703 6704 6701
v -4008.435 -80.877 22.094
v -4000.535 -80.618 20.835
v -4002.628 -79.503 7.705
v -4010.528 -79.833 8.964
f 6705 6706 6707
f 6707 6708 6705
v -4010.523 -79.721 7.677
v -4002.632 -79.622 8.992
v -4000.840 -78.571 -1.760
v -4008.731 -78.727 -3.075
f 6709 6710 6711
f 6711 6712 6709
v -4008.166 -78.576 -4.556
v -4001.405 -78.728 -0.279
v -3995.739 -77.674 -9.234
v -4002.500 -77.547 -13.511
f 6713 6714 6715
f 6715 6716 6713
v -4001.456 -77.400 -14.619
v -3996.783 -77.822 -8.126
v -3989.313 -76.991 -13.502
v -3993.986 -76.553 -19.995
f 6717 6718 6719
f 6719 6720 6717
v -3993.213 -76.474 -20.431
v -3990.086 -77.067 -13.067
v -3978.142 -76.134 -18.139
v -3981.269 -75.504 -25.503
f 6721 6722 6723
f 6723 6724 6721
v -3980.987 -75.486 -25.610
v -3978.423 -76.153 -18.032
v -3958.119 -74.949 -24.901
v -3960.682 -74.334 -32.479
f 6725 6726 6727
f 6727 6728 6725
v -3960.578 -74.329 -32.512
v -3958.223 -74.955 -24.867
v -3947.459 -74.376 -28.182
v -3949.813 -73.756 -35.828
f 6729 6730 6731
f 6731 6732 6729
v -3949.815 -73.756 -35.827
v -3947.457 -74.376 -28.183
v -3942.704 -74.136 -29.649
v -3945.062 -73.504 -37.294
f 6733 6734 6735
f 6735 6736 6733
v -3945.208 -73.512 -37.245
v -3942.557 -74.132 -29.697
v -3926.427 -73.705 -35.364
v -3929.078 -73.101 -42.912
f 6737 6738 6739
f 6739 6740 6737
v -3929.130 -73.102 -42.893
v -3926.375 -73.704 -35.383
v -3915.176 -73.474 -39.491
v -3917.931 -72.924 -47.001
f 6741 6742 6743
f 6743 6744 6741
v -3917.832 -72.923 -47.036
v -3915.275 -73.476 -39.456
v -3909.754 -73.397 -41.318
v -3912.311 -72.871 -48.898
f 6745 6746 6747
f 6747 6748 6745
v -3912.194 -72.871 -48.936
v -3909.870 -73.398 -41.281
v -3905.172 -73.353 -42.707
v -3907.497 -72.848 -50.362
f 6749 6750 6751
f 6751 6752 6749
v -3907.176 -72.848 -50.445
v -3905.493 -73.355 -42.624
v -3901.686 -73.350 -43.443
v -3903.369 -72.858 -51.264
f 6753 6754 6755
f 6755 6756 6753
v -3903.272 -72.858 -51.284
v -3901.783 -73.348 -43.424
v -3898.644 -73.428 -44.018
v -3900.132 -72.928 -51.878
f 6757 6758 6759
f 6759 6760 6757
v -4091.307 -82.056 0.525
v -4097.867 -82.230 5.102
v -4067.711 -82.214 48.322
v -4061.150 -82.223 43.744
f 6761 6762 6763
f 6763 6764 6761
v -4060.686 -82.251 44.625
v -4068.174 -82.187 47.441
v -4066.605 -82.301 51.615
v -4059.117 -82.384 48.799
f 6765 6766 6767
f 6767 6768 6765
v -4058.864 -82.421 50.038
v -4066.857 -82.272 50.375
v -4066.713 -82.341 53.809
v -4058.720 -82.516 53.473
f 6769 6770 6771
f 6771 6772 6769
v -4059.069 -82.556 55.285
v -4066.363 -82.314 51.998
v -4067.476 -82.334 54.468
v -4060.183 -82.592 57.755
f 6773 6774 6775
f 6775 6776 6773
v -4060.924 -82.599 58.861
v -4066.734 -82.332 53.361
v -4069.272 -82.307 56.043
v -4063.462 -82.589 61.542
f 6777 6778 6779
f 6779 6780 6777
v -4063.996 -82.583 62.014
v -4068.738 -82.316 55.571
v -4075.540 -82.156 60.577
v -4070.798 -82.425 67.020
f 6781 6782 6783
f 6783 6784 6781
v -4070.840 -82.424 67.051
v -4075.498 -82.157 60.546
v -4082.065 -81.935 65.249
v -4077.408 -82.172 71.753
f 6785 6786 6787
f 6787 6788 6785
v -3944.653 -73.997 -31.631
v -3952.618 -74.136 -32.379
v -3954.722 -76.336 -9.963
v -3946.757 -76.191 -9.216
f 6789 6790 6791
f 6791 6792 6789
v -3946.751 -76.184 -9.287
v -3954.728 -76.343 -9.893
v -3955.931 -77.985 5.932
v -3947.954 -77.816 6.538
f 6793 6794 6795
f 6795 6796 6793
v -3948.041 -77.699 5.353
v -3955.844 -78.103 7.116
v -3953.751 -78.947 16.376
v -3945.948 -78.545 14.612
f 6797 6798 6799
f 6799 6800 6797
v -3946.385 -78.451 13.494
v -3953.314 -79.042 17.494
v -3927.632 -81.475 61.981
v -3920.704 -80.758 57.981
f 6801 6802 6803
f 6803 6804 6801
v -3138.356 -94.478 90.963
v -3137.592 -94.659 98.927
v -3082.333 -100.584 93.630
v -3083.097 -100.209 85.666
f 6805 6806 6807
f 6807 6808 6805
v -3083.716 -100.155 85.775
v -3081.714 -100.640 93.521
v -3067.966 -101.414 89.968
v -3069.968 -101.001 82.222
f 6809 6810 6811
f 6811 6812 6809
v -4418.745 -102.536 -351.511
v -4414.323 -102.224 -344.844
v -4341.976 -94.489 -392.833
v -4346.399 -94.865 -399.500
f 6813 6814 6815
f 6815 6816 6813
v -4976.731 0.050 118.066
v -4973.918 -95.286 110.578
v -4998.597 0.050 101.305
v -5001.411 0.050 108.794
f 6817 6818 6819
f 6819 6820 6817
v -5001.850 0.050 108.598
v -4998.158 0.050 101.501
v -5012.273 0.050 94.157
v -5015.966 0.050 101.254
f 6821 6822 6823
f 6823 6824 6821
v -5017.404 0.050 99.987
v -5010.834 0.050 95.423
v -5015.532 0.050 88.661
v -5022.102 0.050 93.225
f 6825 6826 6827
f 6827 6828 6825
v -5022.812 0.050 90.747
v -5014.822 0.050 91.139
v -5014.443 0.050 83.425
v -5022.434 0.050 83.033
f 6829 6830 6831
f 6831 6832 6829
v -5022.397 0.050 82.653
v -5014.480 0.050 83.804
v -5013.167 0.050 74.769
v -5021.083 0.050 73.618
f 6833 6834 6835
f 6835 6836 6833
v -5021.109 0.050 73.836
v -5013.141 0.050 74.552
v -5012.195 0.050 64.025
v -5020.163 0.050 63.308
f 6837 6838 6839
f 6839 6840 6837
v -5020.054 0.050 64.659
v -5012.304 0.050 62.674
v -5014.185 0.050 55.330
v -5021.935 0.050 57.315
f 6841 6842 6843
f 6843 6844 6841
v -5021.026 0.050 59.007
v -5015.094 0.050 53.638
v -5018.490 0.050 49.887
v -5024.421 0.050 55.255
f 6845 6846 6847
f 6847 6848 6845
v -5023.962 0.050 55.688
v -5018.949 0.050 49.454
v -5029.480 0.050 40.987
v -5034.492 0.050 47.222
f 6849 6850 6851
f 6851 6852 6849
v -4152.555 -90.310 -145.582
v -4144.843 -89.388 -147.710
v -4183.917 -80.728 -289.311
v -4191.628 -81.034 -287.183
f 6853 6854 6855
f 6855 6856 6853
v -4191.748 -80.912 -288.692
v -4183.797 -80.850 -287.803
v -4183.196 -80.404 -293.179
v -4191.147 -80.422 -294.068
f 6857 6858 6859
f 6859 6860 6857
v -4190.088 -80.246 -296.360
v -4184.255 -80.604 -290.886
v -4179.780 -80.176 -295.654
v -4185.613 -79.956 -301.129
f 6861 6862 6863
f 6863 6864 6861
v -4184.388 -79.900 -302.016
v -4181.005 -80.251 -294.767
v -4154.622 -79.429 -307.078
v -4158.005 -79.138 -314.327
f 6865 6866 6867
f 6867 6868 6865
v -4158.741 -79.162 -313.882
v -4153.886 -79.404 -307.523
v -4136.877 -79.345 -320.508
v -4141.731 -78.957 -326.867
f 6869 6870 6871
f 6871 6872 6869
v -4141.130 -78.979 -327.246
v -4137.478 -79.335 -320.128
v -4125.533 -79.643 -326.258
v -4129.185 -79.443 -333.375
f 6873 6874 6875
f 6875 6876 6873
v -4127.968 -79.493 -333.770
v -4126.751 -79.594 -325.863
v -4111.222 -80.236 -328.254
v -4112.439 -80.151 -336.161
f 6877 6878 6879
f 6879 6880 6877
v -4112.348 -80.155 -336.174
v -4111.312 -80.232 -328.241
v -4089.661 -81.512 -331.068
v -4090.696 -81.440 -339.000
f 6881 6882 6883
f 6883 6884 6881
v -4091.226 -81.406 -338.894
v -4089.131 -81.545 -331.174
v -4064.351 -83.078 -337.897
v -4066.446 -82.990 -345.618
f 6885 6886 6887
f 6887 6888 6885
v -4066.793 -82.971 -345.507
v -4064.005 -83.097 -338.008
v -4027.236 -85.151 -351.680
v -4030.024 -84.973 -359.178
f 6889 6890 6891
f 6891 6892 6889
v -4030.070 -84.971 -359.161
v -4027.190 -85.154 -351.697
v -3997.034 -85.565 -363.335
v -3999.914 -85.313 -370.798
f 6893 6894 6895
f 6895 6896 6893
v -4000.920 -85.314 -370.231
v -3996.027 -85.565 -363.902
v -3967.062 -84.460 -386.291
v -3971.955 -84.216 -392.621
f 6897 6898 6899
f 6899 6900 6897
v -3972.892 -84.317 -391.590
v -3966.125 -84.373 -387.322
v -3953.880 -82.666 -406.740
v -3960.647 -82.606 -411.007
f 6901 6902 6903
f 6903 6904 6901
v -3961.136 -82.697 -409.875
v -3953.390 -82.575 -407.873
v -3948.915 -81.079 -425.190
v -3956.661 -81.142 -427.192
f 6905 6906 6907
f 6907 6908 6905
v -3956.767 -81.275 -425.777
v -3948.810 -80.946 -426.605
v -3954.776 -75.546 -483.934
v -3962.733 -75.841 -483.106
f 6909 6910 6911
f 6911 6912 6909
v -3962.750 -75.782 -483.726
v -3954.760 -75.604 -483.314
v -3953.268 -72.897 -512.269
v -3961.258 -73.066 -512.681
f 6913 6914 6915
f 6915 6916 6913
v -3961.262 -73.087 -512.391
v -3953.264 -72.876 -512.559
v -3954.355 -70.016 -564.432
v -3962.353 -70.201 -564.264
f 6917 6918 6919
f 6919 6920 6917
v -3962.348 -70.207 -564.121
v -3954.361 -70.010 -564.576
v -3956.899 -70.372 -609.066
v -3964.886 -70.534 -608.610
f 6921 6922 6923
f 6923 6924 6921
v -3964.831 -70.512 -608.138
v -3956.954 -70.394 -609.538
v -3962.631 -72.288 -641.492
v -3970.508 -72.371 -640.092
f 6925 6926 6927
f 6927 6928 6925
v -3970.259 -72.300 -639.248
v -3962.880 -72.359 -642.336
v -3967.811 -73.389 -654.119
v -3975.191 -73.334 -651.030
f 6929 6930 6931
f 6931 6932 6929
v -3975.175 -73.331 -650.993
v -3967.827 -73.392 -654.157
v -3983.646 -77.301 -690.893
v -3990.993 -77.274 -687.729
f 6933 6934 6935
f 6935 6936 6933
v -3991.313 -77.416 -689.085
v -3983.326 -77.157 -689.536
v -3983.727 -77.898 -696.630
v -3991.714 -78.127 -696.179
f 6937 6938 6939
f 6939 6940 6937
v -3991.653 -78.220 -697.137
v -3983.788 -77.801 -695.672
v -3982.452 -78.507 -702.845
v -3990.317 -78.891 -704.309
f 6941 6942 6943
f 6943 6944 6941
v -3990.093 -78.962 -705.077
v -3982.676 -78.434 -702.077
v -3973.258 -80.511 -725.366
v -3980.675 -81.014 -728.365
f 6945 6946 6947
f 6947 6948 6945
v -3980.906 -80.948 -727.560
v -3973.027 -80.577 -726.171
v -3970.345 -81.867 -741.389
v -3978.223 -82.246 -742.778
f 6949 6950 6951
f 6951 6952 6949
v -3978.226 -82.122 -741.402
v -3970.342 -81.991 -742.764
v -3978.702 -85.236 -791.138
v -3986.586 -85.377 -789.776
f 6953 6954 6955
f 6955 6956 6953
v -3986.558 -85.373 -789.633
v -3978.730 -85.240 -791.282
v -3989.483 -85.399 -842.337
v -3997.312 -85.315 -840.688
f 6957 6958 6959
f 6959 6960 6957
v -3997.397 -85.301 -841.513
v -3989.397 -85.415 -841.513
v -3989.397 -83.671 -874.062
v -3997.397 -83.651 -874.062
f 6961 6962 6963
f 6963 6964 6961
v -3073.994 -94.800 3.124
v -3078.990 -95.252 9.372
v -3061.825 -96.957 23.096
v -3056.829 -96.480 16.848
f 6965 6966 6967
f 6967 6968 6965
v -4040.355 -76.865 -170.049
v -4032.445 -76.077 -171.244
v -4035.762 -77.550 -193.210
v -4043.673 -78.150 -192.016
f 6969 6970 6971
f 6971 6972 6969
v -4043.673 -78.204 -193.211
v -4035.762 -77.486 -192.015
v -4034.950 -77.709 -197.391
v -4042.860 -78.384 -198.587
f 6973 6974 6975
f 6975 6976 6973
v -4042.324 -78.412 -200.065
v -4035.486 -77.672 -195.913
v -4030.410 -77.760 -204.275
v -4037.248 -78.503 -208.426
f 6977 6978 6979
f 6979 6980 6977
v -4036.171 -78.504 -209.593
v -4031.486 -77.767 -203.108
v -4026.933 -77.669 -206.397
v -4031.618 -78.433 -212.882
f 6981 6982 6983
f 6983 6984 6981
v -4029.810 -78.374 -213.604
v -4028.741 -77.741 -205.675
v -4019.925 -77.332 -206.864
v -4020.994 -78.008 -214.792
f 6985 6986 6987
f 6987 6988 6985
v -4019.116 -77.908 -214.596
v -4021.802 -77.442 -207.061
v -4010.091 -76.513 -202.886
v -4007.405 -77.015 -210.422
f 6989 6990 6991
f 6991 6992 6989
v -4005.109 -76.717 -208.314
v -4012.388 -76.796 -204.995
v -4008.503 -75.960 -196.475
v -4001.224 -75.806 -199.794
f 6993 6994 6995
f 6995 6996 6993
v -4000.951 -75.727 -198.967
v -4008.776 -76.036 -197.302
v -4004.668 -74.352 -178.003
v -3996.843 -73.963 -179.669
f 6997 6998 6999
f 6999 7000 6997
v -3840.982 -74.172 -395.291
v -3848.923 -74.934 -394.321
v -3840.808 -73.992 -327.839
v -3832.867 -73.098 -328.808
f 7001 7002 7003
f 7003 7004 7001
v -3832.845 -73.097 -328.561
v -3840.831 -73.994 -328.087
v -3836.801 -74.479 -260.152
v -3828.815 -74.069 -260.626
f 7005 7006 7007
f 7007 7008 7005
v -3828.842 -74.061 -260.906
v -3836.774 -74.484 -259.871
v -3834.982 -74.711 -246.134
v -3827.049 -74.435 -247.169
f 7009 7010 7011
f 7011 7012 7009
v -3827.256 -74.413 -248.018
v -3834.775 -74.724 -245.285
v -3823.432 -75.609 -214.085
v -3815.913 -75.581 -216.818
f 7013 7014 7015
f 7015 7016 7013
v -3815.727 -75.618 -216.110
v -3823.618 -75.579 -214.793
v -3819.131 -76.733 -187.925
v -3811.241 -76.981 -189.243
f 7017 7018 7019
f 7019 7020 7017
v -3811.197 -76.999 -188.879
v -3819.175 -76.718 -188.289
v -3815.145 -78.380 -133.802
v -3807.167 -78.940 -134.392
f 7021 7022 7023
f 7023 7024 7021
v -3844.217 -74.454 -390.874
v -3845.689 -74.643 -398.738
v -3903.408 -80.489 -387.932
v -3901.936 -80.561 -380.069
f 7025 7026 7027
f 7027 7028 7025
v -3901.831 -80.550 -380.090
v -3903.513 -80.498 -387.911
v -3958.794 -84.486 -376.023
v -3957.112 -84.663 -368.202
f 7029 7030 7031
f 7031 7032 7029
v -3955.169 -84.564 -369.241
v -3960.738 -84.584 -374.984
v -3967.562 -85.021 -368.366
v -3961.993 -85.000 -362.623
f 7033 7034 7035
f 7035 7036 7033
v -3960.889 -84.904 -364.555
v -3968.665 -85.118 -366.434
v -3976.424 -85.446 -334.336
v -3968.648 -85.153 -332.456
f 7037 7038 7039
f 7039 7040 7037
v -3755.267 -69.467 174.310
v -3747.310 -69.238 173.477
v -3752.520 -67.305 123.706
v -3760.477 -67.541 124.539
f 7041 7042 7043
f 7043 7044 7041
v -3326.597 -90.906 -150.899
v -3334.583 -89.971 -150.423
v -3331.711 -90.802 -102.302
v -3323.725 -91.827 -102.779
f 7045 7046 7047
f 7047 7048 7045
v -3976.737 -81.557 -268.649
v -3975.215 -80.782 -260.795
v -3945.961 -80.409 -266.461
v -3947.482 -81.095 -274.315
f 7049 7050 7051
f 7051 7052 7049
v -3950.715 -80.860 -270.170
v -3942.727 -80.632 -270.606
v -3945.288 -83.849 -317.512
v -3953.276 -84.101 -317.076
f 7053 7054 7055
f 7055 7056 7053
v -4234.884 -93.648 -67.268
v -4227.869 -93.296 -63.421
v -4222.414 -93.730 -73.367
v -4229.429 -94.181 -77.214
f 7057 7058 7059
f 7059 7060 7057
v -4229.632 -94.162 -76.785
v -4222.211 -93.750 -73.796
v -4216.768 -94.234 -87.309
v -4224.188 -94.529 -90.298
f 7061 7062 7063
f 7063 7064 7061
v -4223.973 -94.534 -90.750
v -4216.984 -94.229 -86.857
v -4204.182 -94.440 -109.841
v -4211.171 -94.697 -113.733
f 7065 7066 7067
f 7067 7068 7065
v -4210.369 -94.658 -114.745
v -4204.984 -94.437 -108.829
v -4194.564 -94.147 -118.313
v -4199.949 -94.204 -124.229
f 7069 7070 7071
f 7071 7072 7069
v -4199.460 -94.184 -124.609
v -4195.053 -94.167 -117.933
v -4182.485 -93.184 -126.228
v -4186.892 -93.449 -132.905
f 7073 7074 7075
f 7075 7076 7073
v -4188.188 -93.582 -131.504
v -4181.190 -93.052 -127.628
v -4178.351 -92.732 -132.753
v -4185.349 -93.259 -136.629
f 7077 7078 7079
f 7079 7080 7077
v -4185.771 -93.313 -135.485
v -4177.930 -92.678 -133.897
v -4176.961 -92.523 -138.679
v -4184.802 -93.154 -140.267
f 7081 7082 7083
f 7083 7084 7081
v -4186.551 -85.057 9.843
v -4178.931 -85.009 7.407
v -4181.591 -85.945 -0.914
v -4189.211 -86.022 1.522
f 7085 7086 7087
f 7087 7088 7085
v -4189.010 -85.961 2.029
v -4181.793 -86.004 -1.421
v -4187.002 -87.357 -12.319
v -4194.220 -87.327 -8.868
f 7089 7090 7091
f 7091 7092 7089
v -4194.088 -87.295 -8.616
v -4187.134 -87.390 -12.571
v -4208.708 -91.826 -50.494
v -4215.662 -91.710 -46.538
f 7093 7094 7095
f 7095 7096 7093
v -4215.130 -91.627 -45.810
v -4209.239 -91.910 -51.223
v -4217.299 -92.742 -59.993
v -4223.190 -92.603 -54.580
f 7097 7098 7099
f 7099 7100 7097
v -4222.913 -92.577 -54.308
v -4217.575 -92.768 -60.266
v -4222.073 -93.162 -64.295
v -4227.411 -92.972 -58.336
f 7101 7102 7103
f 7103 7104 7101
v -4226.818 -92.925 -57.897
v -4222.666 -93.208 -64.735
v -4229.300 -93.665 -68.763
v -4233.452 -93.344 -61.925
f 7105 7106 7107
f 7107 7108 7105
v -4230.206 -93.256 -61.519
v -4232.547 -93.786 -69.169
v -4244.157 -93.464 -65.616
v -4241.816 -93.066 -57.966
f 7109 7110 7111
f 7111 7112 7109
v -4241.821 -93.066 -57.965
v -4244.153 -93.464 -65.618
v -4265.960 -92.985 -58.973
v -4263.629 -92.662 -51.321
f 7113 7114 7115
f 7115 7116 7113
v -4263.186 -92.672 -51.484
v -4266.402 -92.976 -58.810
v -4276.121 -92.712 -54.543
v -4272.905 -92.430 -47.218
f 7117 7118 7119
f 7119 7120 7117
v -4271.685 -92.473 -48.051
v -4277.340 -92.651 -53.710
v -4282.071 -92.348 -48.981
v -4276.416 -92.186 -43.323
f 7121 7122 7123
f 7123 7124 7121
v -4276.908 -92.159 -42.904
v -4281.579 -92.377 -49.399
v -4287.512 -92.092 -45.133
v -4282.842 -91.896 -38.638
f 7125 7126 7127
f 7127 7128 7125
v -4283.736 -91.868 -38.154
v -4286.618 -92.125 -45.617
v -4292.774 -91.947 -43.239
v -4289.892 -91.736 -35.776
f 7129 7130 7131
f 7131 7132 7129
v -4290.550 -91.726 -35.585
v -4292.116 -91.962 -43.430
v -4305.152 -91.731 -40.828
v -4303.585 -91.612 -32.983
f 7133 7134 7135
f 7135 7136 7133
v -4302.247 -91.625 -33.514
v -4306.490 -91.708 -40.297
v -4314.071 -91.601 -35.555
v -4309.828 -91.555 -28.772
f 7137 7138 7139
f 7139 7140 7137
v -4308.877 -91.562 -29.602
v -4315.021 -91.593 -34.725
v -4324.506 -91.604 -23.353
v -4318.362 -91.569 -18.229
f 7141 7142 7143
f 7143 7144 7141
v -4317.710 -91.561 -19.330
v -4325.158 -91.617 -22.251
v -4332.505 -92.037 -3.521
v -4325.057 -91.819 -0.600
f 7145 7146 7147
f 7147 7148 7145
v -4324.916 -91.810 -1.031
v -4332.646 -92.050 -3.090
v -4335.485 -92.398 7.570
v -4327.754 -92.052 9.628
f 7149 7150 7151
f 7151 7152 7149
v -4327.629 -92.029 8.329
v -4335.610 -92.436 8.869
v -4334.542 -92.720 24.641
v -4326.560 -92.149 24.100
f 7153 7154 7155
f 7155 7156 7153
v -4209.037 -81.123 66.112
v -4216.624 -81.726 63.572
v -4219.440 -81.317 71.986
v -4211.854 -80.792 74.526
f 7157 7158 7159
f 7159 7160 7157
v -4134.907 -82.263 25.644
v -4142.900 -82.389 25.316
v -4143.657 -81.156 43.755
v -4135.664 -81.191 44.083
f 7161 7162 7163
f 7163 7164 7161
v -4135.753 -81.240 43.063
v -4143.568 -81.100 44.775
v -4141.675 -80.648 53.414
v -4133.860 -80.845 51.702
f 7165 7166 7167
f 7167 7168 7165
v -4191.524 -85.811 4.454
v -4191.679 -84.992 12.453
v -4182.818 -84.651 12.625
v -4182.663 -85.434 4.626
f 7169 7170 7171
f 7171 7172 7169
v -4181.924 -85.395 4.710
v -4183.557 -84.686 12.541
v -4176.400 -84.291 14.034
v -4174.766 -84.963 6.202
f 7173 7174 7175
f 7175 7176 7173
v -4172.883 -84.797 7.167
v -4178.283 -84.447 13.069
v -4167.830 -83.236 22.632
v -4162.430 -83.572 16.730
f 7177 7178 7179
f 7179 7180 7177
v -4163.042 -83.632 16.269
v -4167.218 -83.177 23.093
v -4157.956 -82.432 28.760
v -4153.781 -82.865 21.936
f 7181 7182 7183
f 7183 7184 7181
v -4155.563 -82.967 21.359
v -4156.174 -82.337 29.336
v -4148.415 -82.109 29.930
v -4147.804 -82.707 21.954
f 7185 7186 7187
f 7187 7188 7185
v -4148.310 -82.717 21.947
v -4147.909 -82.105 29.937
v -4138.703 -82.061 29.475
v -4139.104 -82.591 21.485
f 7189 7190 7191
f 7191 7192 7189
v -4139.503 -82.595 21.525
v -4138.303 -82.060 29.435
v -4129.598 -82.058 28.114
v -4130.798 -82.518 20.204
f 7193 7194 7195
f 7195 7196 7193
v -4131.334 -82.521 20.324
v -4129.062 -82.059 27.994
v -4120.991 -82.086 25.603
v -4123.263 -82.484 17.933
f 7197 7198 7199
f 7199 7200 7197
v -4124.407 -82.482 18.481
v -4119.848 -82.095 25.055
v -4112.534 -82.180 19.983
v -4117.093 -82.538 13.409
f 7201 7202 7203
f 7203 7204 7201
v -4069.937 -81.427 223.798
v -4062.152 -81.175 225.642
v -4047.391 -83.391 163.350
v -4055.176 -83.149 161.506
f 7205 7206 7207
f 7207 7208 7205
v -4054.354 -83.211 159.864
v -4048.213 -83.302 164.992
v -4044.551 -83.592 160.607
v -4050.691 -83.436 155.479
f 7209 7210 7211
f 7211 7212 7209
v -4049.170 -83.521 154.355
v -4046.073 -83.501 161.731
v -4041.542 -83.730 159.829
v -4044.639 -83.755 152.453
f 7213 7214 7215
f 7215 7216 7213
v -4043.762 -83.799 152.197
v -4042.419 -83.689 160.084
v -4031.399 -84.184 158.208
v -4032.741 -84.333 150.322
f 7217 7218 7219
f 7219 7220 7217
v -3141.579 -93.688 54.355
v -3142.183 -93.731 62.332
v -3037.677 -101.802 70.244
v -3037.073 -101.180 62.267
f 7221 7222 7223
f 7223 7224 7221
v -3149.532 -92.575 -5.308
v -3150.372 -92.518 -13.264
v -3315.782 -86.239 4.198
v -3314.942 -85.622 12.154
f 7225 7226 7227
f 7227 7228 7225
v -3314.889 -85.624 12.148
v -3315.834 -86.237 4.204
v -3349.931 -84.809 8.259
v -3348.986 -84.478 16.203
f 7229 7230 7231
f 7231 7232 7229
