# Roads mesh for tecate_core_z14_x2886_y6623
v 5219.194 -77.579 515.475
v 5213.936 -76.930 521.503
v 5235.331 -78.958 540.166
v 5240.590 -79.603 534.138
f 1 2 3
f 3 4 1
v 5241.001 -79.651 534.553
v 5234.920 -78.910 539.751
v 5249.948 -80.857 557.331
v 5256.029 -81.622 552.133
f 5 6 7
f 7 8 5
v 5256.302 -81.662 552.491
v 5249.675 -80.820 556.973
v 5280.901 -84.850 603.136
v 5287.527 -85.704 598.654
f 9 10 11
f 11 12 9
v 5287.577 -85.709 598.730
v 5280.850 -84.845 603.060
v 5301.545 -86.180 635.209
v 5308.271 -87.091 630.879
f 13 14 15
f 15 16 13
v 5219.934 -77.624 516.333
v 5213.196 -76.886 520.645
v 5239.267 -79.415 561.379
v 5246.005 -80.325 557.067
f 17 18 19
f 19 20 17
v 5246.352 -80.372 557.743
v 5238.920 -79.368 560.703
v 5247.525 -80.564 582.312
v 5254.957 -81.597 579.352
f 21 22 23
f 23 24 21
v 5255.193 -81.633 580.214
v 5247.289 -80.530 581.449
v 5249.493 -80.824 595.556
v 5257.397 -81.924 594.321
f 25 26 27
f 27 28 25
v 5257.443 -81.926 595.056
v 5249.447 -80.820 594.820
v 5248.890 -80.689 613.695
v 5256.887 -81.740 613.930
f 29 30 31
f 31 32 29
v 5256.864 -81.735 614.254
v 5248.913 -80.693 613.372
v 5246.720 -80.318 633.144
v 5254.671 -81.235 634.026
f 33 34 35
f 35 36 33
v 5254.432 -81.196 635.012
v 5246.959 -80.351 632.159
v 5237.797 -79.354 656.158
v 5245.271 -80.037 659.011
f 37 38 39
f 39 40 37
v 5245.053 -80.015 659.486
v 5238.015 -79.372 655.682
v 5223.365 -78.633 682.785
v 5230.403 -79.082 686.589
f 41 42 43
f 43 44 41
v 5230.446 -79.083 686.508
v 5223.322 -78.633 682.867
v 5185.663 -81.528 756.555
v 5192.787 -81.475 760.195
f 45 46 47
f 47 48 45
v 6077.541 0.050 650.365
v 6080.262 0.050 638.678
v 6062.217 0.050 634.478
v 6059.496 0.050 646.165
f 49 50 51
f 51 52 49
v 6059.947 0.050 646.252
v 6061.766 0.050 634.391
v 6053.328 0.050 633.096
v 6051.509 0.050 644.958
f 53 54 55
f 55 56 53
v 6051.777 0.050 644.993
v 6053.059 0.050 633.061
v 5995.897 0.050 626.919
v 5994.615 0.050 638.851
f 57 58 59
f 59 60 57
v 5994.551 0.050 638.844
v 5995.961 0.050 626.927
v 5964.825 0.050 623.242
v 5963.415 0.050 635.158
f 61 62 63
f 63 64 61
v 5963.323 0.050 635.147
v 5964.917 0.050 623.253
v 5895.609 0.050 613.968
v 5894.016 0.050 625.862
f 65 66 67
f 67 68 65
v 5893.970 0.050 625.855
v 5895.655 0.050 613.974
v 5776.309 0.050 597.054
v 5774.624 0.050 608.936
f 69 70 71
f 71 72 69
v 5774.717 0.050 608.948
v 5776.216 0.050 597.042
v 5680.237 0.050 584.957
v 5678.737 0.050 596.863
f 73 74 75
f 75 76 73
v 5678.734 0.050 596.862
v 5680.240 0.050 584.957
v 5630.313 0.050 578.643
v 5628.807 0.050 590.549
f 77 78 79
f 79 80 77
v 5629.326 0.050 590.591
v 5629.795 0.050 578.601
v 5610.536 0.050 577.848
v 5610.068 0.050 589.839
f 81 82 83
f 83 84 81
v 5610.536 0.050 589.839
v 5610.068 0.050 577.848
v 5590.809 -86.087 578.601
v 5591.278 -86.046 590.591
f 85 86 87
f 87 88 85
v 5481.551 -88.729 588.741
v 5481.526 -88.737 580.741
v 5456.668 -90.197 580.821
v 5456.694 -90.210 588.821
f 89 90 91
f 91 92 89
v 5456.886 -90.199 588.815
v 5456.477 -90.209 580.826
v 5427.066 -91.737 582.332
v 5427.475 -91.725 590.321
f 93 94 95
f 95 96 93
v 5427.270 -91.731 590.326
v 5427.270 -91.731 582.326
v 5397.047 -92.607 582.326
v 5397.047 -92.606 590.326
f 97 98 99
f 99 100 97
v 5396.563 -92.621 590.297
v 5397.531 -92.593 582.356
v 5375.000 -92.299 579.608
v 5374.032 -92.389 587.550
f 101 102 103
f 103 104 101
v 5373.472 -92.380 587.440
v 5375.560 -92.313 579.718
v 5349.189 -91.492 572.585
v 5347.100 -91.450 580.308
f 105 106 107
f 107 108 105
v 5346.452 -91.396 580.071
v 5349.837 -91.545 572.822
v 5330.601 -89.930 563.841
v 5327.216 -89.772 571.089
f 109 110 111
f 111 112 109
v 5327.067 -89.760 571.016
v 5330.750 -89.942 563.914
v 5301.072 -86.864 548.526
v 5297.390 -86.719 555.629
f 113 114 115
f 115 116 113
v 5297.205 -86.693 555.527
v 5301.256 -86.889 548.628
v 5235.133 -79.111 509.796
v 5231.081 -78.656 516.694
f 117 118 119
f 119 120 117
v 5230.925 -78.641 516.598
v 5235.289 -79.124 509.893
v 5220.695 -78.059 500.396
v 5216.331 -77.556 507.101
f 121 122 123
f 123 124 121
v 4271.854 -96.503 1400.493
v 4273.297 -96.098 1408.361
v 4308.307 -95.590 1401.943
v 4306.864 -95.638 1394.074
f 125 126 127
f 127 128 125
v 4306.810 -95.640 1394.084
v 4308.361 -95.588 1401.932
v 4345.386 -94.216 1394.616
v 4343.835 -93.902 1386.767
f 129 130 131
f 131 132 129
v 4343.939 -93.896 1386.748
v 4345.282 -94.221 1394.635
v 4369.773 -92.953 1390.461
v 4368.429 -92.418 1382.575
f 133 134 135
f 135 136 133
v 4368.488 -92.414 1382.565
v 4369.713 -92.956 1390.471
v 4408.753 -90.685 1384.422
v 4407.528 -89.955 1376.516
f 137 138 139
f 139 140 137
v 4407.633 -89.949 1376.501
v 4408.648 -90.691 1384.437
v 4445.373 -88.768 1379.735
v 4444.357 -88.062 1371.800
f 141 142 143
f 143 144 141
v 4444.510 -88.057 1371.783
v 4445.219 -88.774 1379.751
v 4488.133 -87.380 1375.935
v 4487.424 -86.891 1367.966
f 145 146 147
f 147 148 145
v 4487.399 -86.891 1367.968
v 4488.158 -87.379 1375.932
v 4519.516 -86.858 1372.947
v 4518.758 -86.645 1364.983
f 149 150 151
f 151 152 149
v 4518.625 -86.646 1364.998
v 4519.650 -86.856 1372.932
v 4559.513 -86.680 1367.782
v 4558.488 -86.850 1359.848
f 153 154 155
f 155 156 153
v 4558.434 -86.849 1359.855
v 4559.568 -86.681 1367.774
v 4605.398 -86.856 1361.210
v 4604.264 -87.414 1353.291
f 157 158 159
f 159 160 157
v 4604.341 -87.415 1353.281
v 4605.321 -86.855 1361.220
v 4648.235 -86.495 1355.924
v 4647.255 -87.243 1347.984
f 161 162 163
f 163 164 161
v 4647.286 -87.243 1347.981
v 4648.203 -86.495 1355.928
v 4724.491 -82.503 1347.119
v 4723.573 -82.906 1339.171
f 165 166 167
f 167 168 165
v 4723.435 -82.917 1339.190
v 4724.629 -82.492 1347.100
v 4759.272 -79.328 1341.870
v 4758.077 -79.561 1333.960
f 169 170 171
f 171 172 169
v 4757.760 -79.594 1334.021
v 4759.589 -79.296 1341.809
v 4780.562 -77.176 1336.883
v 4778.732 -77.334 1329.095
f 173 174 175
f 175 176 173
v 4778.547 -77.354 1329.143
v 4780.747 -77.157 1336.834
v 4795.897 -75.537 1332.502
v 4793.698 -75.642 1324.811
f 177 178 179
f 179 180 177
v 4793.401 -75.677 1324.908
v 4796.194 -75.504 1332.405
v 4821.430 -72.674 1323.001
v 4818.637 -72.680 1315.505
f 181 182 183
f 183 184 181
v 4818.210 -72.720 1315.693
v 4821.858 -72.631 1322.813
v 4843.276 -70.462 1311.837
v 4839.627 -70.631 1304.718
f 185 186 187
f 187 188 185
v 4839.418 -70.652 1304.833
v 4843.486 -70.441 1311.722
v 4863.189 -68.804 1300.086
v 4859.121 -68.772 1293.198
f 189 190 191
f 191 192 189
v 4858.808 -68.789 1293.403
v 4863.503 -68.788 1299.880
v 4877.095 -68.040 1290.028
v 4872.400 -68.197 1283.551
f 193 194 195
f 195 196 193
v 4872.219 -68.202 1283.690
v 4877.276 -68.030 1289.889
v 4888.998 -67.643 1280.326
v 4883.941 -67.915 1274.127
f 197 198 199
f 199 200 197
v 4883.680 -67.921 1274.360
v 4889.258 -67.637 1280.094
v 4910.442 -68.007 1259.491
v 4904.864 -68.074 1253.756
f 201 202 203
f 203 204 201
v 4904.556 -68.049 1254.092
v 4910.750 -68.020 1259.155
v 4925.022 -69.161 1241.694
v 4918.827 -69.281 1236.632
f 205 206 207
f 207 208 205
v 4918.652 -69.266 1236.863
v 4925.197 -69.176 1241.463
v 4948.184 -71.800 1208.762
v 4941.640 -71.837 1204.161
f 209 210 211
f 211 212 209
v 4941.494 -71.817 1204.383
v 4948.330 -71.820 1208.540
v 4966.619 -74.073 1178.466
v 4959.784 -74.253 1174.309
f 213 214 215
f 215 216 213
v 4959.715 -74.245 1174.427
v 4966.688 -74.080 1178.348
v 5010.882 -74.526 1099.750
v 5003.909 -75.082 1095.829
f 217 218 219
f 219 220 217
v 5003.928 -75.080 1095.796
v 5010.863 -74.528 1099.783
v 5062.961 -70.661 1009.152
v 5056.025 -71.292 1005.165
f 221 222 223
f 223 224 221
v 5056.049 -71.292 1005.123
v 5062.937 -70.660 1009.193
v 5089.442 -72.889 964.340
v 5082.555 -73.251 960.270
f 225 226 227
f 227 228 225
v 5082.667 -73.265 960.091
v 5089.330 -72.875 964.519
v 5108.877 -75.779 935.105
v 5102.215 -76.096 930.677
f 229 230 231
f 231 232 229
v 5102.290 -76.109 930.567
v 5108.802 -75.766 935.215
v 5123.507 -78.154 914.611
v 5116.995 -78.463 909.963
f 233 234 235
f 235 236 233
v 5117.107 -78.480 909.814
v 5123.395 -78.137 914.760
v 5143.477 -80.982 889.229
v 5137.189 -81.216 884.283
f 237 238 239
f 239 240 237
v 5137.318 -81.230 884.128
v 5143.349 -80.968 889.384
v 5166.047 -82.560 863.338
v 5160.016 -82.920 858.082
f 241 242 243
f 243 244 241
v 5160.160 -82.922 857.925
v 5165.903 -82.553 863.495
v 5182.990 -82.806 845.876
v 5177.247 -83.114 840.306
f 245 246 247
f 247 248 245
v 5177.435 -83.115 840.125
v 5182.803 -82.805 846.057
v 5200.948 -82.235 829.640
v 5195.580 -82.565 823.707
f 249 250 251
f 251 252 249
v 5195.694 -82.558 823.608
v 5200.834 -82.242 829.739
v 5224.689 -80.756 809.742
v 5219.550 -81.072 803.611
f 253 254 255
f 255 256 253
v 5219.812 -81.056 803.409
v 5224.427 -80.772 809.944
v 5244.309 -79.447 795.904
v 5239.694 -79.744 789.369
f 257 258 259
f 259 260 257
v 5239.796 -79.737 789.299
v 5244.207 -79.454 795.974
v 5259.357 -78.569 785.962
v 5254.947 -78.886 779.288
f 261 262 263
f 263 264 261
v 5255.278 -78.869 779.091
v 5259.026 -78.587 786.159
v 5290.675 -77.641 769.371
v 5286.926 -78.062 762.304
f 265 266 267
f 267 268 265
v 5287.250 -78.061 762.150
v 5290.350 -77.643 769.525
v 5320.885 -78.045 756.687
v 5317.785 -78.485 749.312
f 269 270 271
f 271 272 269
v 5317.861 -78.489 749.281
v 5320.809 -78.042 756.718
v 5348.127 -79.310 745.887
v 5345.179 -79.844 738.450
f 273 274 275
f 275 276 273
v 5345.432 -79.859 738.360
v 5347.873 -79.298 745.978
v 5371.618 -81.059 738.370
v 5369.177 -81.663 730.752
f 277 278 279
f 279 280 277
v 5369.484 -81.687 730.667
v 5371.310 -81.035 738.455
v 5398.695 -83.182 732.036
v 5396.869 -83.719 724.247
f 281 282 283
f 283 284 281
v 5397.282 -83.753 724.173
v 5398.282 -83.145 732.110
v 5427.927 -85.536 728.373
v 5426.926 -85.931 720.435
f 285 286 287
f 287 288 285
v 5427.021 -85.937 720.425
v 5427.831 -85.529 728.383
v 5457.164 -87.891 725.398
v 5456.354 -88.012 717.440
f 289 290 291
f 291 292 289
v 5456.279 -88.007 717.448
v 5457.239 -87.897 725.390
v 5523.897 -92.340 717.333
v 5522.937 -91.806 709.391
f 293 294 295
f 295 296 293
v 5308.216 -87.090 630.795
v 5301.600 -86.182 635.292
v 5315.971 -86.097 656.438
v 5322.588 -86.869 651.941
f 297 298 299
f 299 300 297
v 5322.406 -86.878 651.695
v 5316.153 -86.089 656.685
v 5332.739 -85.320 677.474
v 5338.993 -86.088 672.485
f 301 302 303
f 303 304 301
v 5338.406 -86.108 671.889
v 5333.326 -85.299 678.070
v 5346.696 -84.857 689.059
v 5351.775 -85.748 682.878
f 305 306 307
f 307 308 305
v 5351.473 -85.760 682.653
v 5346.998 -84.848 689.284
v 5365.588 -84.329 701.832
v 5370.064 -85.193 695.201
f 309 310 311
f 311 312 309
v 5369.292 -85.203 694.795
v 5366.359 -84.321 702.238
v 5390.994 -84.475 711.946
v 5393.927 -85.303 704.503
f 313 314 315
f 315 316 313
v 5393.300 -85.291 704.313
v 5391.622 -84.486 712.135
v 5414.709 -85.399 717.088
v 5416.388 -86.033 709.266
f 317 318 319
f 319 320 317
v 5415.691 -86.002 709.180
v 5415.406 -85.435 717.175
v 5446.175 -87.306 718.271
v 5446.460 -87.612 710.276
f 321 322 323
f 323 324 321
v 5446.270 -87.601 710.274
v 5446.364 -87.319 718.273
v 5523.464 -92.318 717.362
v 5523.370 -91.825 709.362
f 325 326 327
f 327 328 325
v 5522.910 -91.805 709.394
v 5523.924 -92.341 717.330
v 5577.268 -94.332 710.514
v 5576.254 -93.501 702.579
f 329 330 331
f 331 332 329
v 5482.210 -88.689 588.685
v 5480.868 -88.776 580.798
v 5449.743 -90.630 586.095
v 5451.085 -90.502 593.981
f 333 334 335
f 335 336 333
v 5451.334 -90.488 593.931
v 5449.494 -90.645 586.145
v 5423.891 -91.797 592.194
v 5425.730 -91.618 599.980
f 337 338 339
f 339 340 337
v 5425.829 -91.616 599.955
v 5423.792 -91.800 592.219
v 5394.604 -92.446 599.906
v 5396.641 -92.209 607.642
f 341 342 343
f 343 344 341
v 5396.949 -92.204 607.548
v 5394.296 -92.452 600.001
v 5367.323 -91.665 609.484
v 5369.976 -91.529 617.031
f 345 346 347
f 347 348 345
v 5370.235 -91.538 616.930
v 5367.064 -91.657 609.586
v 5343.208 -90.318 619.888
v 5346.380 -90.077 627.232
f 349 350 351
f 351 352 349
v 5346.613 -90.101 627.122
v 5342.974 -90.294 619.998
v 5319.029 -87.839 632.229
v 5322.669 -87.685 639.353
f 353 354 355
f 355 356 353
v 5322.932 -87.711 639.206
v 5318.766 -87.812 632.376
v 5295.378 -85.059 646.641
v 5299.544 -85.035 653.471
f 357 358 359
f 359 360 357
v 5299.761 -85.063 653.328
v 5295.160 -85.032 646.783
v 5277.104 -82.813 659.476
v 5281.705 -82.877 666.021
f 361 362 363
f 363 364 361
v 5281.928 -82.901 665.853
v 5276.882 -82.787 659.645
v 5250.555 -80.247 681.042
v 5255.601 -80.432 687.250
f 365 366 367
f 367 368 365
v 5255.945 -80.456 686.935
v 5250.210 -80.221 681.357
v 5229.204 -79.292 702.952
v 5234.939 -79.518 708.530
f 369 370 371
f 371 372 369
v 5235.044 -79.519 708.418
v 5229.099 -79.290 703.065
v 5208.728 -79.667 725.690
v 5214.673 -79.844 731.043
f 373 374 375
f 375 376 373
v 5214.902 -79.833 730.764
v 5208.499 -79.678 725.969
v 5186.023 -81.493 755.977
v 5192.426 -81.516 760.773
f 377 378 379
f 379 380 377
v 5192.637 -81.493 760.462
v 5185.812 -81.512 756.288
v 5154.598 -84.023 807.337
v 5161.423 -83.834 811.511
f 381 382 383
f 383 384 381
v 5161.411 -83.834 811.530
v 5154.610 -84.022 807.318
v 5100.943 -79.604 893.961
v 5107.744 -79.403 898.174
f 385 386 387
f 387 388 385
v 5107.774 -79.409 898.126
v 5100.914 -79.598 894.009
v 5039.488 -72.655 996.370
v 5046.347 -72.103 1000.486
f 389 390 391
f 391 392 389
v 5046.362 -72.103 1000.461
v 5039.473 -72.656 996.395
v 4976.477 -77.107 1103.140
v 4983.367 -76.521 1107.206
f 393 394 395
f 395 396 393
v 4983.382 -76.521 1107.180
v 4976.462 -77.107 1103.165
v 4931.600 -73.618 1180.496
v 4938.520 -73.265 1184.510
f 397 398 399
f 399 400 397
v 4938.460 -73.256 1184.610
v 4931.660 -73.626 1180.395
v 4913.894 -71.110 1209.056
v 4920.693 -70.854 1213.271
f 401 402 403
f 403 404 401
v 4920.459 -70.825 1213.609
v 4914.128 -71.140 1208.718
v 4896.885 -69.156 1231.038
v 4903.216 -69.000 1235.929
f 405 406 407
f 407 408 405
v 4903.073 -68.988 1236.104
v 4897.028 -69.161 1230.864
v 4883.814 -68.755 1246.105
v 4889.859 -68.265 1251.346
f 409 410 411
f 411 412 409
v 4889.633 -68.259 1251.585
v 4884.040 -68.760 1245.865
v 4870.303 -68.610 1259.297
v 4875.896 -68.332 1265.017
f 413 414 415
f 415 416 413
v 4875.625 -68.338 1265.259
v 4870.574 -68.604 1259.056
v 4855.279 -69.007 1271.510
v 4860.330 -68.714 1277.714
f 417 418 419
f 419 420 417
v 4860.080 -68.720 1277.902
v 4855.529 -68.986 1271.322
v 4836.415 -70.600 1284.543
v 4840.966 -70.219 1291.122
f 421 422 423
f 423 424 421
v 4840.499 -70.269 1291.401
v 4836.883 -70.559 1284.264
v 4810.088 -73.333 1297.842
v 4813.704 -72.982 1304.978
f 425 426 427
f 427 428 425
v 4813.385 -73.023 1305.122
v 4810.407 -73.291 1297.697
v 4790.848 -75.792 1305.542
v 4793.827 -75.479 1312.967
f 429 430 431
f 431 432 429
v 4793.467 -75.523 1313.092
v 4791.207 -75.747 1305.418
v 4769.411 -78.421 1311.837
v 4771.671 -78.130 1319.511
f 433 434 435
f 435 436 433
v 4771.355 -78.168 1319.590
v 4769.727 -78.382 1311.757
v 4749.645 -80.834 1315.931
v 4751.273 -80.500 1323.764
f 437 438 439
f 439 440 437
v 4751.021 -80.529 1323.808
v 4749.897 -80.803 1315.887
v 4723.548 -83.720 1319.625
v 4724.672 -83.288 1327.545
f 441 442 443
f 443 444 441
v 4724.562 -83.298 1327.559
v 4723.658 -83.710 1319.611
v 4637.597 -88.554 1329.397
v 4638.501 -88.044 1337.346
f 445 446 447
f 447 448 445
v 4638.562 -88.044 1337.338
v 4637.535 -88.554 1329.405
v 4574.829 -87.701 1337.527
v 4575.856 -87.491 1345.461
f 449 450 451
f 451 452 449
v 4575.834 -87.491 1345.464
v 4574.851 -87.702 1337.524
v 4522.375 -86.170 1344.022
v 4523.358 -86.341 1351.962
f 453 454 455
f 455 456 453
v 4523.247 -86.340 1351.974
v 4522.486 -86.172 1344.010
v 4487.253 -85.618 1347.378
v 4488.014 -86.106 1355.342
f 457 458 459
f 459 460 457
v 4488.029 -86.106 1355.340
v 4487.239 -85.618 1347.380
v 4467.012 -85.823 1349.387
v 4467.802 -86.425 1357.348
f 461 462 463
f 463 464 461
v 4467.810 -86.425 1357.347
v 4467.004 -85.823 1349.388
v 4432.295 -86.789 1352.901
v 4433.100 -87.486 1360.860
f 465 466 467
f 467 468 465
v 4433.167 -87.482 1360.853
v 4432.228 -86.793 1352.908
v 4400.057 -88.507 1356.712
v 4400.996 -89.158 1364.657
f 469 470 471
f 471 472 469
v 4401.211 -89.141 1364.625
v 4399.841 -88.525 1356.743
v 4365.499 -91.244 1362.713
v 4366.869 -91.676 1370.595
f 473 474 475
f 475 476 473
v 4366.893 -91.674 1370.591
v 4365.476 -91.246 1362.717
v 4316.963 -95.014 1371.447
v 4318.380 -95.024 1379.321
f 477 478 479
f 479 480 477
v 4318.412 -95.022 1379.315
v 4316.931 -95.017 1371.453
v 4283.635 -97.006 1377.727
v 4285.116 -96.670 1385.588
f 481 482 483
f 483 484 481
v 5590.667 -85.980 588.578
v 5591.420 -86.068 580.614
v 5580.377 -85.872 579.570
v 5579.625 -85.743 587.535
f 485 486 487
f 487 488 485
v 5579.666 -85.744 587.539
v 5580.336 -85.871 579.567
v 5560.832 -85.521 577.929
v 5560.163 -85.392 585.901
f 489 490 491
f 491 492 489
v 5560.450 -85.397 585.915
v 5560.546 -85.515 577.915
v 5536.311 -86.112 577.625
v 5536.215 -86.024 585.624
f 493 494 495
f 495 496 493
v 5466.270 -89.573 1544.365
v 5458.447 -89.955 1546.040
v 5462.622 -89.605 1565.534
v 5470.444 -89.319 1563.859
f 497 498 499
f 499 500 497
v 5470.530 -89.312 1564.845
v 5462.536 -89.619 1564.547
v 5461.489 -89.304 1592.612
v 5469.484 -89.224 1592.910
f 501 502 503
f 503 504 501
v 5469.422 -89.229 1592.045
v 5461.551 -89.289 1593.478
v 5467.830 -88.957 1627.961
v 5475.700 -89.240 1626.528
f 505 506 507
f 507 508 505
v 5475.732 -89.242 1626.730
v 5467.798 -88.958 1627.760
v 5469.290 -88.938 1639.250
v 5477.223 -89.343 1638.220
f 509 510 511
f 511 512 509
v 5476.950 -89.338 1640.272
v 5469.563 -88.964 1637.199
v 5466.580 -88.745 1644.370
v 5473.966 -89.180 1647.443
f 513 514 515
f 515 516 513
v 5474.140 -89.191 1646.931
v 5466.407 -88.729 1644.882
v 5464.013 -88.464 1653.916
v 5471.746 -89.015 1655.965
f 517 518 519
f 519 520 517
v 5471.879 -89.028 1654.845
v 5463.881 -88.441 1655.035
v 5464.104 -88.344 1664.438
v 5472.101 -89.023 1664.249
f 521 522 523
f 523 524 521
v 5471.952 -89.012 1663.259
v 5464.252 -88.345 1665.428
v 5466.713 -88.479 1674.158
v 5474.413 -89.222 1671.988
f 525 526 527
f 527 528 525
v 5473.804 -89.165 1670.729
v 5467.321 -88.528 1675.417
v 5480.168 -89.891 1693.181
v 5486.650 -90.580 1688.493
f 529 530 531
f 531 532 529
v 5486.499 -90.561 1688.296
v 5480.319 -89.909 1693.377
v 5494.501 -91.835 1710.625
v 5500.681 -92.517 1705.545
f 533 534 535
f 535 536 533
v 5500.184 -92.443 1705.040
v 5494.998 -91.908 1711.130
v 5506.041 -93.489 1720.534
v 5511.227 -94.102 1714.443
f 537 538 539
f 539 540 537
v 5510.838 -94.047 1714.150
v 5506.430 -93.544 1720.826
v 5520.913 -95.519 1730.388
v 5525.320 -95.865 1723.712
f 541 542 543
f 543 544 541
v 5524.563 -95.779 1723.321
v 5521.670 -95.605 1730.779
v 5541.073 -97.815 1738.307
v 5543.966 -97.958 1730.849
f 545 546 547
f 547 548 545
v 5544.523 -98.023 1731.116
v 5540.516 -97.749 1738.040
v 5554.709 -99.395 1746.255
v 5558.716 -99.700 1739.331
f 549 550 551
f 551 552 549
v 5559.670 -99.770 1740.099
v 5553.756 -99.302 1745.487
v 5573.827 -100.296 1767.516
v 5579.740 -100.680 1762.128
f 553 554 555
f 555 556 553
v 5579.232 -100.660 1761.659
v 5574.335 -100.316 1767.985
v 5586.959 -100.704 1777.758
v 5591.856 -101.179 1771.432
f 557 558 559
f 559 560 557
v 5591.775 -101.175 1771.371
v 5587.039 -100.705 1777.819
v 5608.379 0.050 1793.495
v 5613.115 0.050 1787.048
f 561 562 563
f 563 564 561
v 5366.210 -78.175 1324.495
v 5363.230 -78.479 1331.920
v 5482.063 -89.732 1379.624
v 5485.044 -90.035 1372.200
f 565 566 567
f 567 568 565
v 5504.484 -93.480 808.891
v 5503.322 -93.314 800.976
v 5471.740 -88.861 805.612
v 5472.902 -89.027 813.527
f 569 570 571
f 571 572 569
v 5473.170 -89.065 813.478
v 5471.473 -88.822 805.660
v 5443.732 -84.847 811.683
v 5445.429 -85.087 819.501
f 573 574 575
f 575 576 573
v 5445.606 -85.113 819.458
v 5443.555 -84.822 811.726
v 5427.570 -82.718 815.965
v 5429.621 -82.948 823.698
f 577 578 579
f 579 580 577
v 5430.105 -83.004 823.536
v 5427.086 -82.663 816.128
v 5412.080 -80.941 822.243
v 5415.099 -81.281 829.651
f 581 582 583
f 583 584 581
v 5415.725 -81.353 829.329
v 5411.453 -80.869 822.565
v 5401.290 -79.700 828.984
v 5405.562 -80.344 835.748
f 585 586 587
f 587 588 585
v 5406.622 -80.433 834.771
v 5400.229 -79.577 829.961
v 5391.535 -79.042 841.518
v 5397.928 -79.855 846.328
f 589 590 591
f 591 592 589
v 5398.245 -79.873 845.835
v 5391.219 -79.041 842.011
v 5383.949 -79.099 855.364
v 5390.976 -79.667 859.189
f 593 594 595
f 595 596 593
v 5391.114 -79.664 858.908
v 5383.811 -79.102 855.644
v 5378.445 -79.452 867.650
v 5385.749 -80.109 870.914
f 597 598 599
f 599 600 597
v 5385.671 -80.116 871.078
v 5378.523 -79.444 867.486
v 5367.736 -80.402 888.949
v 5374.884 -81.067 892.541
f 601 602 603
f 603 604 601
v 5374.174 -81.123 893.538
v 5368.447 -80.367 887.952
v 5358.283 -80.755 898.373
v 5364.010 -81.593 903.959
f 605 606 607
f 607 608 605
v 5363.812 -81.602 904.149
v 5358.481 -80.746 898.183
v 5342.518 -81.535 912.448
v 5347.849 -82.288 918.413
f 609 610 611
f 611 612 609
v 5348.032 -82.277 918.239
v 5342.335 -81.546 912.622
v 5327.619 -82.445 927.547
v 5333.315 -83.211 933.164
f 613 614 615
f 615 616 613
v 5333.268 -83.213 933.211
v 5327.666 -82.442 927.500
v 5314.887 -83.058 940.034
v 5320.488 -83.828 945.745
f 617 618 619
f 619 620 617
v 5321.266 -83.767 944.676
v 5314.109 -83.117 941.103
v 5307.997 -83.851 953.347
v 5315.155 -84.522 956.919
f 621 622 623
f 623 624 621
v 5315.506 -84.458 955.877
v 5307.646 -83.906 954.389
v 5304.507 -84.886 970.965
v 5312.367 -85.581 972.453
f 625 626 627
f 627 628 625
v 5312.427 -85.549 971.986
v 5304.447 -84.915 971.432
v 5302.799 -86.188 995.166
v 5310.780 -86.999 995.720
f 629 630 631
f 631 632 629
v 5310.732 -86.944 994.767
v 5302.847 -86.240 996.119
v 5304.639 -86.952 1006.567
v 5312.524 -87.646 1005.214
f 633 634 635
f 635 636 633
v 5311.731 -87.490 1003.424
v 5305.432 -87.129 1008.357
v 5312.156 -88.163 1016.942
v 5318.454 -88.460 1012.009
f 637 638 639
f 639 640 637
v 5317.510 -88.341 1011.138
v 5313.100 -88.254 1017.813
v 5333.772 -90.168 1031.470
v 5338.182 -90.322 1024.795
f 641 642 643
f 643 644 641
v 5339.405 -90.450 1026.071
v 5332.550 -90.040 1030.194
v 5337.848 -90.689 1039.004
v 5344.704 -91.103 1034.880
f 645 646 647
f 647 648 645
v 5345.272 -91.201 1036.757
v 5337.280 -90.593 1037.127
v 5337.737 -90.778 1046.980
v 5345.728 -91.407 1046.610
f 649 650 651
f 651 652 649
v 5345.443 -91.362 1048.289
v 5338.022 -90.822 1045.300
v 5333.692 -90.347 1056.051
v 5341.113 -90.883 1059.040
f 653 654 655
f 655 656 653
v 5340.430 -90.815 1060.160
v 5334.374 -90.414 1054.932
v 5322.129 -89.294 1069.117
v 5328.185 -89.694 1074.345
f 657 658 659
f 659 660 657
v 5327.763 -89.644 1074.766
v 5322.551 -89.331 1068.696
v 5306.199 -87.497 1082.736
v 5311.410 -87.771 1088.805
f 661 662 663
f 663 664 661
v 5312.051 -87.848 1088.107
v 5305.557 -87.395 1083.435
v 5299.067 -86.320 1092.455
v 5305.561 -86.826 1097.127
f 665 666 667
f 667 668 665
v 5306.005 -86.906 1096.333
v 5298.623 -86.242 1093.250
v 5297.388 -86.000 1096.208
v 5304.770 -86.654 1099.291
f 669 670 671
f 671 672 669
v 5305.077 -86.755 1097.625
v 5297.081 -85.907 1097.875
v 5297.203 -85.776 1101.785
v 5305.199 -86.606 1101.534
f 673 674 675
f 675 676 673
v 5304.913 -86.633 1100.169
v 5297.489 -85.755 1103.149
v 5299.047 -85.719 1107.032
v 5306.472 -86.631 1104.052
f 677 678 679
f 679 680 677
v 5305.515 -86.592 1102.643
v 5300.004 -85.728 1108.442
v 5302.130 -85.808 1110.463
v 5307.641 -86.723 1104.664
f 681 682 683
f 683 684 681
v 5306.243 -86.618 1103.800
v 5303.529 -85.887 1111.326
v 5307.447 -86.163 1112.739
v 5310.161 -86.943 1105.214
f 685 686 687
f 687 688 685
v 5309.270 -86.868 1105.004
v 5308.339 -86.232 1112.949
v 5320.506 -86.972 1114.376
v 5321.437 -87.625 1106.430
f 689 690 691
f 691 692 689
v 5320.908 -87.591 1106.403
v 5321.035 -87.004 1114.402
v 5363.214 -89.375 1113.729
v 5363.087 -90.044 1105.730
f 693 694 695
f 695 696 693
v 5363.316 -90.050 1105.733
v 5362.985 -89.368 1113.726
v 5391.649 -90.113 1114.914
v 5391.981 -90.743 1106.921
f 697 698 699
f 699 700 697
v 5392.179 -90.747 1106.934
v 5391.451 -90.108 1114.901
v 5402.873 -90.051 1115.945
v 5403.600 -90.598 1107.978
f 701 702 703
f 703 704 701
v 5404.868 -90.565 1108.309
v 5401.605 -90.076 1115.614
v 5407.283 -89.898 1118.149
v 5410.545 -90.361 1110.845
f 705 706 707
f 707 708 705
v 5412.245 -90.262 1112.283
v 5405.583 -89.995 1116.711
v 5407.742 -89.779 1119.960
v 5414.405 -90.056 1115.532
f 709 710 711
f 711 712 709
v 5415.063 -89.940 1117.456
v 5407.084 -89.905 1118.036
v 5407.307 -89.704 1121.100
v 5415.286 -89.757 1120.520
f 713 714 715
f 715 716 713
v 5415.119 -89.669 1121.989
v 5407.474 -89.801 1119.632
v 5406.427 -89.573 1123.026
v 5414.072 -89.461 1125.383
f 717 718 719
f 719 720 717
v 5413.507 -89.388 1126.526
v 5406.992 -89.651 1121.883
v 5403.642 -89.317 1126.585
v 5410.156 -89.066 1131.228
f 721 722 723
f 723 724 721
v 5409.668 -89.025 1131.793
v 5404.130 -89.359 1126.020
v 5394.946 -88.634 1134.829
v 5400.484 -88.220 1140.603
f 725 726 727
f 727 728 725
v 5399.782 -88.160 1141.141
v 5395.649 -88.684 1134.291
v 5385.864 -87.867 1140.195
v 5389.997 -87.371 1147.045
f 729 730 731
f 731 732 729
v 5389.811 -87.354 1147.150
v 5386.050 -87.884 1140.089
v 5364.476 -85.961 1151.580
v 5368.237 -85.402 1158.641
f 733 734 735
f 735 736 733
v 5368.378 -85.416 1158.562
v 5364.335 -85.948 1151.659
v 5358.224 -85.345 1155.238
v 5362.266 -84.805 1162.141
f 737 738 739
f 739 740 737
v 5363.440 -84.960 1161.096
v 5357.050 -85.191 1156.283
v 5354.434 -84.727 1159.757
v 5360.824 -84.498 1164.570
f 741 742 743
f 743 744 741
v 5361.246 -84.587 1163.871
v 5354.012 -84.638 1160.456
v 5353.077 -84.393 1162.437
v 5360.311 -84.346 1165.852
f 745 746 747
f 747 748 745
v 5360.691 -84.519 1164.308
v 5352.697 -84.217 1163.981
v 5352.586 -83.929 1166.702
v 5360.579 -84.237 1167.029
f 749 750 751
f 751 752 749
v 5360.549 -84.305 1166.351
v 5352.616 -83.860 1167.380
v 5352.883 -83.657 1169.440
v 5360.817 -84.106 1168.411
f 753 754 755
f 755 756 753
v 5360.169 -84.254 1166.694
v 5353.530 -83.506 1171.157
v 5354.977 -83.347 1173.310
v 5361.617 -84.096 1168.847
f 757 758 759
f 759 760 757
v 5359.178 -84.162 1167.177
v 5357.416 -83.283 1174.980
v 5360.399 -83.349 1175.654
v 5362.161 -84.221 1167.850
f 761 762 763
f 763 764 761
v 5360.848 -84.173 1167.775
v 5361.712 -83.400 1175.729
v 5366.454 -83.666 1175.213
v 5365.591 -84.428 1167.260
f 765 766 767
f 767 768 765
v 5365.439 -84.420 1167.280
v 5366.606 -83.675 1175.194
v 5374.933 -84.171 1173.966
v 5373.765 -84.898 1166.051
f 769 770 771
f 771 772 769
v 5374.365 -84.927 1166.009
v 5374.334 -84.140 1174.009
v 5381.124 -84.441 1174.035
v 5381.155 -85.214 1166.035
f 773 774 775
f 775 776 773
v 5381.726 -85.234 1166.078
v 5380.553 -84.419 1173.992
v 5396.416 -84.939 1176.343
v 5397.589 -85.703 1168.429
f 777 778 779
f 779 780 777
v 5397.594 -85.703 1168.430
v 5396.412 -84.939 1176.342
v 5405.963 -85.328 1177.768
v 5407.145 -86.022 1169.856
f 781 782 783
f 783 784 781
v 5407.637 -86.036 1169.962
v 5405.471 -85.310 1177.663
v 5412.751 -85.552 1179.710
v 5414.917 -86.229 1172.009
f 785 786 787
f 787 788 785
v 5415.667 -86.245 1172.304
v 5412.001 -85.532 1179.415
v 5426.038 -85.870 1186.652
v 5429.705 -86.513 1179.542
f 789 790 791
f 791 792 789
v 5430.135 -86.522 1179.799
v 5425.609 -85.859 1186.396
v 5436.062 -86.160 1193.567
v 5440.587 -86.818 1186.971
f 793 794 795
f 795 796 793
v 5441.487 -86.844 1187.820
v 5435.162 -86.133 1192.718
v 5447.997 -86.635 1209.293
v 5454.322 -87.364 1204.395
f 797 798 799
f 799 800 797
v 5454.103 -87.349 1204.136
v 5448.216 -86.649 1209.552
v 5456.721 -87.305 1218.798
v 5462.608 -88.015 1213.382
f 801 802 803
f 803 804 801
v 5462.578 -88.012 1213.349
v 5456.751 -87.308 1218.830
v 5461.671 -87.770 1224.061
v 5467.498 -88.478 1218.579
f 805 806 807
f 807 808 805
v 5466.251 -88.351 1217.683
v 5462.919 -87.902 1224.956
v 5479.205 -89.809 1232.418
v 5482.537 -90.158 1225.146
f 809 810 811
f 811 812 809
v 5481.978 -90.092 1224.938
v 5479.764 -89.876 1232.626
v 5514.974 -94.385 1242.769
v 5517.188 -94.418 1235.082
f 813 814 815
f 815 816 813
v 5650.667 0.050 1413.582
v 5656.076 0.050 1407.687
v 5642.562 0.050 1395.286
v 5637.153 0.050 1401.180
f 817 818 819
f 819 820 817
v 5636.875 0.050 1400.899
v 5642.840 0.050 1395.567
v 5630.160 0.050 1381.382
v 5624.196 0.050 1386.714
f 821 822 823
f 823 824 821
v 5624.175 0.050 1386.691
v 5630.181 0.050 1381.406
v 5606.136 0.050 1354.080
v 5600.130 0.050 1359.365
f 825 826 827
f 827 828 825
v 5600.762 0.050 1359.943
v 5605.504 0.050 1353.501
v 5588.784 -99.051 1341.192
v 5584.041 -98.408 1347.634
f 829 830 831
f 831 832 829
v 5584.429 -98.410 1347.886
v 5588.397 -99.048 1340.940
v 5575.428 -98.899 1333.530
v 5571.460 -98.269 1340.477
f 833 834 835
f 835 836 833
v 5571.944 -98.278 1340.712
v 5574.944 -98.891 1333.295
v 5548.428 -97.771 1322.571
v 5545.428 -97.079 1329.987
f 837 838 839
f 839 840 837
v 5545.614 -97.093 1330.057
v 5548.241 -97.756 1322.501
v 5507.632 -93.736 1308.382
v 5505.005 -93.296 1315.939
f 841 842 843
f 843 844 841
v 5504.973 -93.292 1315.927
v 5507.664 -93.740 1308.394
v 5472.209 -88.929 1295.728
v 5469.518 -88.559 1303.262
f 845 846 847
f 847 848 845
v 5469.600 -88.570 1303.290
v 5472.126 -88.918 1295.699
v 5457.165 -86.758 1290.720
v 5454.639 -86.448 1298.311
f 849 850 851
f 851 852 849
v 5454.687 -86.455 1298.326
v 5457.117 -86.751 1290.704
v 5447.588 -85.349 1287.667
v 5445.158 -85.076 1295.289
f 853 854 855
f 855 856 853
v 5444.940 -85.045 1295.212
v 5447.805 -85.381 1287.743
v 5411.237 -80.889 1273.717
v 5408.372 -80.479 1281.186
f 857 858 859
f 859 860 857
v 5408.168 -80.456 1281.102
v 5411.440 -80.911 1273.801
v 5385.982 -78.514 1262.390
v 5382.710 -78.210 1269.690
f 861 862 863
f 863 864 861
v 5400.999 -90.169 1580.390
v 5406.966 -89.834 1585.719
v 5428.161 -90.904 1561.985
v 5422.194 -91.153 1556.657
f 865 866 867
f 867 868 865
v 5422.646 -91.156 1556.225
v 5427.710 -90.892 1562.418
v 5440.857 -90.729 1551.667
v 5435.792 -91.095 1545.474
f 869 870 871
f 871 872 869
v 5437.769 -91.013 1544.609
v 5438.880 -90.805 1552.532
v 5462.913 -89.714 1549.164
v 5461.803 -89.820 1541.241
f 873 874 875
f 875 876 873
v 4730.641 -76.414 1582.039
v 4737.594 -76.749 1585.997
v 4741.623 -76.627 1578.918
v 4734.671 -76.230 1574.960
f 877 878 879
f 879 880 877
v 4735.568 -76.222 1573.881
v 4740.726 -76.632 1579.997
v 4754.006 -76.845 1568.797
v 4748.849 -76.458 1562.682
f 881 882 883
f 883 884 881
v 4750.215 -76.509 1561.928
v 4752.640 -76.801 1569.552
v 4763.271 -77.228 1566.171
v 4760.846 -77.027 1558.547
f 885 886 887
f 887 888 885
v 4759.891 -76.979 1558.997
v 4764.226 -77.268 1565.721
v 4775.024 -77.794 1558.761
v 4770.689 -77.538 1552.036
f 889 890 891
f 891 892 889
v 4770.417 -77.523 1552.228
v 4775.296 -77.811 1558.569
v 4785.148 -78.436 1550.988
v 4780.269 -78.147 1544.648
f 893 894 895
f 895 896 893
v 4779.245 -78.076 1545.816
v 4786.171 -78.508 1549.820
v 4794.754 -79.219 1534.975
v 4787.828 -78.749 1530.971
f 897 898 899
f 899 900 897
v 4787.357 -78.706 1532.251
v 4795.225 -79.268 1533.695
v 4800.224 -79.668 1506.448
v 4792.355 -79.085 1505.005
f 901 902 903
f 903 904 901
v 4792.289 -79.080 1505.689
v 4800.289 -79.673 1505.764
v 4800.590 -79.315 1473.882
v 4792.590 -78.839 1473.807
f 905 906 907
f 907 908 905
v 4792.674 -78.852 1474.658
v 4800.506 -79.298 1473.030
v 4794.907 -78.446 1446.088
v 4787.074 -78.206 1447.715
f 909 910 911
f 911 912 909
v 4787.362 -78.227 1448.586
v 4794.619 -78.419 1445.217
v 4783.876 -77.810 1422.078
v 4776.620 -77.790 1425.447
f 913 914 915
f 915 916 913
v 4777.367 -77.800 1426.537
v 4783.129 -77.795 1420.988
v 4771.630 -77.821 1409.048
v 4765.868 -77.861 1414.598
f 917 918 919
f 919 920 917
v 4766.369 -77.851 1415.038
v 4771.129 -77.832 1408.608
v 4758.817 -78.256 1399.495
v 4754.057 -78.223 1405.925
f 921 922 923
f 923 924 921
v 4754.760 -78.196 1406.342
v 4758.114 -78.287 1399.078
v 4743.553 -79.029 1392.356
v 4740.200 -78.825 1399.619
f 925 926 927
f 927 928 925
v 4740.292 -78.820 1399.660
v 4743.461 -79.035 1392.315
v 4724.291 -80.361 1384.047
v 4721.123 -80.016 1391.393
f 929 930 931
f 931 932 929
v 4266.080 -92.629 1055.354
v 4266.692 -92.721 1063.330
v 4364.186 -99.078 1055.855
v 4363.574 -99.138 1047.878
f 933 934 935
f 935 936 933
v 4363.109 -99.127 1047.942
v 4364.651 -99.089 1055.791
v 4401.754 -99.986 1048.501
v 4400.211 -99.939 1040.651
f 937 938 939
f 939 940 937
v 4400.040 -99.936 1040.689
v 4401.925 -99.981 1048.463
v 4520.826 -89.525 1019.631
v 4518.940 -89.680 1011.856
f 941 942 943
f 943 944 941
v 4518.784 -89.700 1011.897
v 4520.982 -89.505 1019.589
v 4564.007 -83.738 1007.293
v 4561.809 -84.167 999.601
f 945 946 947
f 947 948 945
v 4561.103 -84.250 999.878
v 4564.713 -83.651 1007.017
v 4597.074 -80.655 990.652
v 4593.463 -81.328 983.513
f 949 950 951
f 951 952 949
v 4593.319 -81.339 983.590
v 4597.218 -80.644 990.576
v 4644.339 -79.255 964.279
v 4640.441 -80.111 957.293
f 953 954 955
f 955 956 953
v 4640.735 -80.108 957.145
v 4644.045 -79.258 964.427
v 4698.380 -79.688 939.729
v 4695.070 -80.458 932.446
f 957 958 959
f 959 960 957
v 4696.172 -80.448 932.126
v 4697.278 -79.691 940.049
v 4719.141 -79.276 936.998
v 4718.035 -79.874 929.075
f 961 962 963
f 963 964 961
v 4719.173 -79.830 929.079
v 4718.003 -79.312 936.993
v 4794.736 -77.664 948.339
v 4795.906 -77.426 940.425
f 965 966 967
f 967 968 965
v 4796.327 -77.422 940.510
v 4794.315 -77.664 948.253
v 4806.416 -77.733 951.397
v 4808.427 -77.371 943.654
f 969 970 971
f 971 972 969
v 4808.139 -77.371 943.590
v 4806.703 -77.735 951.460
v 4822.410 -77.867 954.327
v 4823.846 -77.376 946.456
f 973 974 975
f 975 976 973
v 4823.847 -77.376 946.457
v 4822.409 -77.867 954.326
v 4848.792 -78.229 959.147
v 4850.230 -77.592 951.277
f 977 978 979
f 979 980 977
v 4937.515 -81.001 565.626
v 4935.143 -81.207 573.266
v 4974.328 -78.093 585.431
v 4976.700 -77.838 577.791
f 981 982 983
f 983 984 981
v 4976.839 -77.827 577.837
v 4974.188 -78.105 585.385
v 4990.318 -76.528 591.051
v 4992.970 -76.268 583.503
f 985 986 987
f 987 988 985
v 4992.491 -76.316 583.368
v 4990.797 -76.479 591.187
v 5000.493 -75.495 593.287
v 5002.187 -75.334 585.468
f 989 990 991
f 991 992 989
v 5001.893 -75.364 585.416
v 5000.786 -75.465 593.339
v 5015.725 -73.975 595.426
v 5016.832 -73.838 587.503
f 993 994 995
f 995 996 993
v 5018.920 -73.628 588.460
v 5013.638 -74.180 594.468
v 5020.428 -73.531 600.438
v 5025.711 -73.052 594.430
f 997 998 999
f 999 1000 997
v 5026.103 -73.022 594.827
v 5020.036 -73.567 600.041
v 5024.655 -73.207 605.417
v 5030.723 -72.682 600.203
f 1001 1002 1003
f 1003 1004 1001
v 5030.780 -72.677 600.271
v 5024.599 -73.212 605.350
v 5029.386 -72.875 611.175
v 5035.566 -72.344 606.095
f 1005 1006 1007
f 1007 1008 1005
v 5035.255 -72.366 605.758
v 5029.697 -72.853 611.512
v 5034.250 -72.540 615.910
v 5039.808 -72.052 610.156
f 1009 1010 1011
f 1011 1012 1009
v 5039.401 -72.080 609.812
v 5034.657 -72.512 616.254
v 5039.733 -72.201 619.992
v 5044.477 -71.730 613.550
f 1013 1014 1015
f 1015 1016 1013
v 5043.696 -71.785 613.101
v 5040.514 -72.155 620.441
v 5045.513 -71.856 622.607
v 5048.694 -71.430 615.267
f 1017 1018 1019
f 1019 1020 1017
v 5047.153 -71.543 614.938
v 5047.053 -71.756 622.937
v 5052.352 -71.379 623.003
v 5052.452 -71.138 615.004
f 1021 1022 1023
f 1023 1024 1021
v 5051.651 -71.201 615.075
v 5053.153 -71.319 622.932
v 5057.851 -70.946 622.034
v 5056.349 -70.826 614.176
f 1025 1026 1027
f 1027 1028 1025
v 5055.225 -70.919 614.572
v 5058.974 -70.848 621.639
v 5063.605 -70.451 619.182
v 5059.856 -70.520 612.115
f 1029 1030 1031
f 1031 1032 1029
v 5058.920 -70.605 612.803
v 5064.541 -70.388 618.494
v 5068.393 -70.163 614.691
v 5062.772 -70.254 608.999
f 1033 1034 1035
f 1035 1036 1033
v 5062.199 -70.294 609.710
v 5068.965 -70.129 613.979
v 5071.982 -69.925 609.198
v 5065.216 -70.088 604.929
f 1037 1038 1039
f 1039 1040 1037
v 5065.028 -70.101 605.261
v 5072.170 -69.912 608.866
v 5075.977 -69.614 601.324
v 5068.835 -69.812 597.719
f 1041 1042 1043
f 1043 1044 1041
v 5068.893 -69.807 597.609
v 5075.919 -69.619 601.434
v 5080.550 -69.257 592.928
v 5073.524 -69.453 589.103
f 1045 1046 1047
f 1047 1048 1045
v 5073.562 -69.451 589.035
v 5080.512 -69.260 592.996
v 5091.155 -68.888 574.319
v 5084.204 -69.210 570.359
f 1049 1050 1051
f 1051 1052 1049
v 5084.204 -69.210 570.359
v 5091.155 -68.888 574.319
v 5132.911 -73.122 501.026
v 5125.960 -73.308 497.066
f 1053 1054 1055
f 1055 1056 1053
v 5125.940 -73.305 497.101
v 5132.930 -73.125 500.992
v 5137.327 -73.938 493.093
v 5130.337 -74.181 489.202
f 1057 1058 1059
f 1059 1060 1057
v 5130.242 -74.161 489.384
v 5137.423 -73.959 492.911
v 5147.620 -76.302 472.147
v 5140.439 -76.479 468.621
f 1061 1062 1063
f 1063 1064 1061
v 5162.742 -75.836 482.742
v 5170.334 -75.922 485.262
v 5174.987 -77.217 471.248
v 5167.395 -77.201 468.728
f 1065 1066 1067
f 1067 1068 1065
v 5167.420 -77.207 468.655
v 5174.962 -77.210 471.321
v 5194.655 -80.992 415.608
v 5187.112 -81.356 412.942
f 1069 1070 1071
f 1071 1072 1069
v 5187.097 -81.354 412.985
v 5194.670 -80.994 415.566
v 5204.967 -81.596 385.358
v 5197.394 -82.064 382.777
f 1073 1074 1075
f 1075 1076 1073
v 5197.386 -82.064 382.802
v 5204.975 -81.597 385.333
v 5212.701 -81.466 362.165
v 5205.112 -81.941 359.635
f 1077 1078 1079
f 1079 1080 1077
v 5205.159 -81.939 359.500
v 5212.653 -81.468 362.300
v 5229.284 -80.360 317.774
v 5221.790 -80.753 314.975
f 1081 1082 1083
f 1083 1084 1081
v 5221.836 -80.750 314.857
v 5229.238 -80.363 317.891
v 5234.971 -79.958 303.903
v 5227.569 -80.284 300.869
f 1085 1086 1087
f 1087 1088 1085
v 5227.570 -80.283 300.866
v 5234.970 -79.958 303.907
v 5241.516 -79.644 287.977
v 5234.116 -79.880 284.937
f 1089 1090 1091
f 1091 1092 1089
v 5234.044 -79.883 285.126
v 5241.588 -79.641 287.788
v 5273.793 -82.429 196.517
v 5266.248 -81.905 193.855
f 1093 1094 1095
f 1095 1096 1093
v 4864.098 -76.633 942.496
v 4856.721 -76.433 939.400
v 4855.307 -76.771 942.768
v 4862.684 -76.977 945.864
f 1097 1098 1099
f 1099 1100 1097
v 4862.460 -77.024 946.315
v 4855.531 -76.726 942.317
v 4853.549 -77.068 945.751
v 4860.479 -77.377 949.749
f 1101 1102 1103
f 1103 1104 1101
v 4860.131 -77.430 950.257
v 4853.897 -77.018 945.243
v 4850.658 -77.410 949.272
v 4856.892 -77.831 954.285
f 1105 1106 1107
f 1107 1108 1105
v 4856.284 -77.889 954.893
v 4851.266 -77.352 948.663
v 4847.002 -77.674 952.097
v 4852.020 -78.174 958.328
f 1109 1110 1111
f 1111 1112 1109
v 4851.984 -78.176 958.356
v 4847.038 -77.672 952.069
v 4841.817 -77.989 956.176
v 4846.764 -78.477 962.464
f 1113 1114 1115
f 1115 1116 1113
v 4846.678 -78.482 962.529
v 4841.903 -77.984 956.111
v 4834.890 -78.325 961.328
v 4839.665 -78.805 967.746
f 1117 1118 1119
f 1119 1120 1117
v 4839.067 -78.825 968.114
v 4835.487 -78.304 960.960
v 4828.018 -78.492 964.698
v 4831.598 -78.978 971.852
f 1121 1122 1123
f 1123 1124 1121
v 4829.600 -78.975 972.269
v 4830.015 -78.483 964.280
v 4823.414 -78.411 963.937
v 4822.999 -78.857 971.926
f 1125 1126 1127
f 1127 1128 1125
v 4822.994 -78.857 971.926
v 4823.419 -78.411 963.937
v 4805.296 -78.175 962.973
v 4804.871 -78.465 970.962
f 1129 1130 1131
f 1131 1132 1129
v 4804.871 -78.465 970.962
v 4805.296 -78.175 962.973
v 4779.259 -77.826 961.586
v 4778.833 -77.862 969.575
f 1133 1134 1135
f 1135 1136 1133
v 4779.210 -77.870 969.577
v 4778.882 -77.822 961.584
v 4735.000 -77.432 963.380
v 4735.327 -77.053 971.373
f 1137 1138 1139
f 1139 1140 1137
v 4735.883 -77.066 971.312
v 4734.445 -77.424 963.442
v 4677.260 -77.226 973.889
v 4678.698 -76.485 981.759
f 1141 1142 1143
f 1143 1144 1141
v 4679.137 -76.482 981.653
v 4676.821 -77.230 973.995
v 4639.796 -77.685 985.196
v 4642.112 -77.030 992.853
f 1145 1146 1147
f 1147 1148 1145
v 4642.805 -77.000 992.570
v 4639.103 -77.714 985.478
v 4561.024 -83.923 1026.237
v 4564.726 -83.333 1033.329
f 1149 1150 1151
f 1151 1152 1149
v 4564.667 -83.341 1033.359
v 4561.082 -83.915 1026.208
v 4508.083 -91.401 1052.781
v 4511.668 -90.881 1059.933
f 1153 1154 1155
f 1155 1156 1153
v 4510.945 -90.976 1060.212
v 4508.806 -91.305 1052.503
v 4457.154 -96.972 1066.833
v 4459.293 -96.679 1074.542
f 1157 1158 1159
f 1159 1160 1157
v 4459.571 -96.657 1074.453
v 4456.875 -96.997 1066.921
v 4339.678 -96.807 1108.869
v 4342.374 -96.621 1116.401
f 1161 1162 1163
f 1163 1164 1161
v 4341.993 -96.607 1116.516
v 4340.059 -96.824 1108.753
v 4278.333 -94.769 1124.127
v 4280.266 -95.071 1131.890
f 1165 1166 1167
f 1167 1168 1165
v 4860.784 -77.053 946.412
v 4853.245 -77.379 949.088
v 4855.894 -78.033 956.551
v 4863.433 -77.733 953.874
f 1169 1170 1171
f 1171 1172 1169
v 4863.381 -77.722 953.735
v 4855.946 -78.044 956.689
v 4857.961 -78.459 961.761
v 4865.396 -78.144 958.807
f 1173 1174 1175
f 1175 1176 1173
v 4865.093 -78.094 958.201
v 4858.264 -78.508 962.367
v 4861.180 -78.898 967.148
v 4868.010 -78.489 962.982
f 1177 1178 1179
f 1179 1180 1177
v 4867.397 -78.426 962.211
v 4861.793 -78.961 967.920
v 4866.045 -79.299 972.094
v 4871.649 -78.764 966.384
f 1181 1182 1183
f 1183 1184 1181
v 4870.761 -78.712 965.726
v 4866.934 -79.353 972.752
v 4875.227 -79.717 977.269
v 4879.054 -79.066 970.243
f 1185 1186 1187
f 1187 1188 1185
v 4878.535 -79.047 970.007
v 4875.747 -79.736 977.505
v 4883.172 -79.961 980.266
v 4885.960 -79.260 972.767
f 1189 1190 1191
f 1191 1192 1189
v 4885.462 -79.249 972.618
v 4883.669 -79.973 980.415
v 4898.486 -80.191 983.822
v 4900.279 -79.421 976.026
f 1193 1194 1195
f 1195 1196 1193
v 4899.698 -79.430 975.937
v 4899.066 -80.178 983.912
v 4907.404 -79.946 984.572
v 4908.036 -79.244 976.597
f 1197 1198 1199
f 1199 1200 1197
v 4908.041 -79.244 976.597
v 4907.400 -79.947 984.572
v 4914.134 -79.757 985.113
v 4914.776 -79.091 977.139
f 1201 1202 1203
f 1203 1204 1201
v 4914.895 -79.088 977.150
v 4914.015 -79.761 985.102
v 4920.583 -79.586 985.828
v 4921.463 -78.952 977.877
f 1205 1206 1207
f 1207 1208 1205
v 4923.166 -78.950 978.475
v 4918.880 -79.606 985.230
v 4923.355 -79.626 988.069
v 4927.641 -79.045 981.315
f 1209 1210 1211
f 1211 1212 1209
v 4928.163 -79.060 981.709
v 4922.833 -79.621 987.675
v 4925.672 -79.673 990.211
v 4931.001 -79.146 984.245
f 1213 1214 1215
f 1215 1216 1213
v 4931.938 -79.186 985.488
v 4924.735 -79.632 988.968
v 4926.739 -79.806 993.115
v 4933.942 -79.352 989.635
f 1217 1218 1219
f 1219 1220 1217
v 4934.266 -79.395 990.607
v 4926.415 -79.760 992.143
v 4927.828 -80.130 999.368
v 4935.680 -79.748 997.832
f 1221 1222 1223
f 1223 1224 1221
v 4935.754 -79.789 998.622
v 4927.754 -80.087 998.578
v 4927.698 -80.683 1008.774
v 4935.698 -80.359 1008.818
f 1225 1226 1227
f 1227 1228 1225
v 4935.684 -80.377 1009.134
v 4927.713 -80.664 1008.459
v 4921.568 -81.319 1081.048
v 4929.539 -80.946 1081.723
f 1229 1230 1231
f 1231 1232 1229
v 4929.534 -80.943 1081.777
v 4921.573 -81.321 1080.995
v 4917.899 -79.235 1118.399
v 4925.861 -78.927 1119.181
f 1233 1234 1235
f 1235 1236 1233
v 4925.842 -78.916 1119.341
v 4917.918 -79.247 1118.238
v 4914.924 -77.558 1139.740
v 4922.847 -77.281 1140.843
f 1237 1238 1239
f 1239 1240 1237
v 4922.848 -77.281 1140.841
v 4914.923 -77.558 1139.742
v 4912.352 -75.818 1158.286
v 4920.276 -75.611 1159.384
f 1241 1242 1243
f 1243 1244 1241
v 4920.295 -75.626 1159.226
v 4912.333 -75.803 1158.444
v 4910.942 -74.436 1172.616
v 4918.903 -74.314 1173.398
f 1245 1246 1247
f 1247 1248 1245
v 4918.319 -74.155 1175.119
v 4911.526 -74.601 1170.894
v 4902.843 -73.241 1184.854
v 4909.636 -72.823 1189.080
f 1249 1250 1251
f 1251 1252 1249
v 4909.633 -72.823 1189.085
v 4902.847 -73.241 1184.849
v 4892.416 -71.704 1201.556
v 4899.202 -71.236 1205.793
f 1253 1254 1255
f 1255 1256 1253
v 4898.904 -71.198 1206.209
v 4892.714 -71.733 1201.140
v 4876.773 -70.518 1220.608
v 4882.963 -69.909 1225.677
f 1257 1258 1259
f 1259 1260 1257
v 4882.555 -69.886 1226.105
v 4877.181 -70.542 1220.179
v 4865.370 -70.153 1230.891
v 4870.744 -69.676 1236.817
f 1261 1262 1263
f 1263 1264 1261
v 4870.696 -69.676 1236.859
v 4865.418 -70.154 1230.848
v 4850.122 -70.260 1244.280
v 4855.401 -69.522 1250.291
f 1265 1266 1267
f 1267 1268 1265
v 4855.280 -69.527 1250.393
v 4850.243 -70.254 1244.178
v 4831.909 -71.278 1259.036
v 4836.946 -70.758 1265.252
f 1269 1270 1271
f 1271 1272 1269
v 4995.403 -76.025 588.645
v 4987.885 -76.794 585.910
v 4908.982 -67.729 802.760
v 4916.500 -67.930 805.495
f 1273 1274 1275
f 1275 1276 1273
v 4916.500 -67.930 805.495
v 4908.982 -67.729 802.760
v 4894.722 -67.921 841.948
v 4902.239 -68.078 844.683
f 1277 1278 1279
f 1279 1280 1277
v 4902.180 -68.083 844.836
v 4894.781 -67.913 841.795
v 4867.163 -73.382 908.983
v 4874.562 -73.506 912.025
f 1281 1282 1283
f 1283 1284 1281
v 4874.645 -73.483 911.803
v 4867.079 -73.404 909.205
v 4856.626 -76.458 939.649
v 4864.193 -76.608 942.247
f 1285 1286 1287
f 1287 1288 1285
v 4939.836 -80.913 571.371
v 4932.823 -81.237 567.521
v 4930.285 -81.413 572.144
v 4937.297 -81.144 575.994
f 1289 1290 1291
f 1291 1292 1289
v 4937.488 -81.130 575.597
v 4930.094 -81.427 572.542
v 4926.732 -81.691 580.678
v 4934.126 -81.390 583.733
f 1293 1294 1295
f 1295 1296 1293
v 4934.228 -81.382 583.457
v 4926.630 -81.700 580.954
v 4924.615 -81.877 587.069
v 4932.214 -81.477 589.572
f 1297 1298 1299
f 1299 1300 1297
v 4932.166 -81.476 589.707
v 4924.662 -81.873 586.934
v 4920.855 -81.816 597.237
v 4928.359 -81.410 600.010
f 1301 1302 1303
f 1303 1304 1301
v 4928.356 -81.410 600.018
v 4920.858 -81.816 597.228
v 4843.080 -70.067 806.246
v 4850.577 -69.370 809.036
f 1305 1306 1307
f 1307 1308 1305
v 4850.568 -69.371 809.059
v 4843.088 -70.066 806.222
v 4813.822 -74.286 883.396
v 4821.303 -73.906 886.233
f 1309 1310 1311
f 1311 1312 1309
v 4821.310 -73.904 886.214
v 4813.815 -74.287 883.415
v 4791.574 -77.557 942.983
v 4799.068 -77.554 945.781
f 1313 1314 1315
f 1315 1316 1313
v 5523.335 -92.186 1383.954
v 5520.048 -91.564 1391.248
v 5524.913 -91.646 1393.440
v 5528.200 -92.294 1386.147
f 1317 1318 1319
f 1319 1320 1317
v 5529.330 -92.298 1386.911
v 5523.783 -91.645 1392.676
v 5527.434 -91.571 1396.189
v 5532.981 -92.225 1390.424
f 1321 1322 1323
f 1323 1324 1321
v 5534.014 -92.151 1392.078
v 5526.401 -91.639 1394.535
v 5527.893 -91.387 1399.157
v 5535.506 -91.870 1396.701
f 1325 1326 1327
f 1327 1328 1325
v 5535.623 -91.841 1397.153
v 5527.775 -91.413 1398.705
v 5529.267 -90.946 1406.247
v 5537.115 -91.320 1404.694
f 1329 1330 1331
f 1331 1332 1329
v 5537.153 -91.304 1404.918
v 5529.229 -90.960 1406.023
v 5530.053 -90.581 1411.927
v 5537.976 -90.879 1410.821
f 1333 1334 1335
f 1335 1336 1333
v 5538.014 -90.835 1411.426
v 5530.015 -90.620 1411.322
v 5529.714 -89.091 1434.236
v 5537.714 -89.144 1434.341
f 1337 1338 1339
f 1339 1340 1337
v 5537.709 -89.133 1434.501
v 5529.720 -89.102 1434.076
v 5528.306 -87.666 1460.649
v 5536.295 -87.550 1461.074
f 1341 1342 1343
f 1343 1344 1341
v 5536.295 -87.550 1461.072
v 5528.306 -87.666 1460.651
v 5527.404 -86.996 1477.741
v 5535.393 -86.817 1478.162
f 1345 1346 1347
f 1347 1348 1345
v 5535.385 -86.813 1478.286
v 5527.413 -86.999 1477.618
v 5525.999 -86.578 1494.483
v 5533.971 -86.342 1495.151
f 1349 1350 1351
f 1351 1352 1349
v 5533.985 -86.350 1494.850
v 5525.985 -86.571 1494.784
v 5525.840 -86.420 1512.257
v 5533.840 -86.185 1512.324
f 1353 1354 1355
f 1355 1356 1353
v 5533.830 -86.185 1512.573
v 5525.850 -86.420 1512.008
v 5524.804 -86.450 1526.787
v 5532.784 -86.215 1527.352
f 1357 1358 1359
f 1359 1360 1357
v 5532.302 -87.822 1456.862
v 5532.298 -87.396 1464.862
v 5659.125 0.050 1464.928
v 5659.129 0.050 1456.928
f 1361 1362 1363
f 1363 1364 1361
v 5530.020 -86.572 1490.817
v 5529.950 -86.349 1498.817
v 5668.643 0.050 1500.019
v 5668.713 0.050 1492.019
f 1365 1366 1367
f 1367 1368 1365
v 5463.502 -89.663 1478.539
v 5460.013 -89.878 1485.738
v 5474.785 -89.138 1492.896
v 5478.274 -88.966 1485.697
f 1369 1370 1371
f 1371 1372 1369
v 5477.055 -89.028 1485.331
v 5476.004 -89.072 1493.262
v 5509.300 -87.178 1497.673
v 5510.350 -87.275 1489.743
f 1373 1374 1375
f 1375 1376 1373
v 5510.045 -87.292 1489.714
v 5509.605 -87.160 1497.702
v 5529.765 -86.354 1498.811
v 5530.205 -86.568 1490.823
f 1377 1378 1379
f 1379 1380 1377
v 5488.392 -89.243 1427.498
v 5496.192 -89.226 1429.272
v 5500.523 -89.883 1410.241
v 5492.722 -89.721 1408.466
f 1381 1382 1383
f 1383 1384 1381
v 5492.728 -89.722 1408.441
v 5500.517 -89.882 1410.265
v 5502.599 -90.280 1401.377
v 5494.810 -90.033 1399.553
f 1385 1386 1387
f 1387 1388 1385
v 5494.989 -90.057 1398.982
v 5502.419 -90.251 1401.947
v 5506.082 -90.789 1392.768
v 5498.651 -90.517 1389.803
f 1389 1390 1391
f 1391 1392 1389
v 5498.997 -90.558 1389.131
v 5505.736 -90.743 1393.441
v 5510.289 -91.318 1386.322
v 5503.550 -91.095 1382.012
f 1393 1394 1395
f 1395 1396 1393
v 5572.016 -87.013 1562.268
v 5572.022 -87.598 1570.268
v 5678.844 0.050 1570.189
v 5678.838 0.050 1562.189
f 1397 1398 1399
f 1399 1400 1397
v 5549.513 -88.552 1588.412
v 5549.040 -89.153 1596.398
v 5681.054 0.050 1604.216
v 5681.527 0.050 1596.230
f 1401 1402 1403
f 1403 1404 1401
v 4276.719 -99.623 365.564
v 4269.991 -100.276 369.893
v 4306.170 -95.752 426.121
v 4312.898 -95.181 421.792
f 1405 1406 1407
f 1407 1408 1405
v 4372.080 -89.994 281.876
v 4364.162 -90.639 280.735
v 4363.194 -90.360 287.458
v 4371.112 -89.707 288.599
f 1409 1410 1411
f 1411 1412 1409
v 4371.003 -89.689 289.114
v 4363.303 -90.375 286.943
v 4361.221 -90.200 294.327
v 4368.921 -89.487 296.498
f 1413 1414 1415
f 1415 1416 1413
v 4368.770 -89.478 296.935
v 4361.372 -90.208 293.890
v 4357.409 -90.176 303.519
v 4364.807 -89.346 306.564
f 1417 1418 1419
f 1419 1420 1417
v 4364.740 -89.345 306.717
v 4357.476 -90.175 303.366
v 4336.949 -91.852 347.865
v 4344.213 -90.939 351.216
f 1421 1422 1423
f 1423 1424 1421
v 4344.252 -90.933 351.128
v 4336.909 -91.858 347.954
v 4321.391 -93.999 383.854
v 4328.734 -93.178 387.028
f 1425 1426 1427
f 1427 1428 1425
v 4328.773 -93.172 386.937
v 4321.353 -94.004 383.945
v 4305.824 -95.790 422.461
v 4313.244 -95.173 425.453
f 1429 1430 1431
f 1431 1432 1429
v 4313.427 -95.154 424.873
v 4305.640 -95.804 423.040
v 4298.471 -96.036 453.499
v 4306.258 -95.675 455.332
f 1433 1434 1435
f 1435 1436 1433
v 4306.177 -95.677 455.627
v 4298.553 -96.036 453.204
v 4293.477 -95.949 469.172
v 4301.101 -95.740 471.596
f 1437 1438 1439
f 1439 1440 1437
v 4301.064 -95.740 471.705
v 4293.513 -95.950 469.063
v 4287.090 -95.572 487.423
v 4294.641 -95.531 490.065
f 1441 1442 1443
f 1443 1444 1441
v 4294.572 -95.527 490.248
v 4287.159 -95.577 487.240
v 4277.463 -94.658 511.134
v 4284.876 -94.803 514.142
f 1445 1446 1447
f 1447 1448 1445
v 4284.853 -94.801 514.198
v 4277.486 -94.660 511.077
v 4273.156 -94.158 521.301
v 4280.522 -94.325 524.421
f 1449 1450 1451
f 1451 1452 1449
v 4280.340 -94.304 524.797
v 4273.339 -94.178 520.925
v 4271.023 -93.932 525.112
v 4278.024 -94.081 528.984
f 1453 1454 1455
f 1455 1456 1453
v 4271.020 -97.021 242.227
v 4264.446 -97.492 246.786
v 4337.294 -91.827 351.820
v 4343.868 -90.960 347.261
f 1457 1458 1459
f 1459 1460 1457
v 4242.805 -99.245 259.260
v 4236.222 -99.932 263.805
v 4321.771 -93.991 387.714
v 4328.354 -93.168 383.169
f 1461 1462 1463
f 1463 1464 1461
v 4273.083 -99.077 2158.431
v 4276.699 -99.015 2165.567
v 4286.106 -97.895 2160.799
v 4282.489 -98.086 2153.664
f 1465 1466 1467
f 1467 1468 1465
v 4282.778 -98.055 2153.531
v 4285.817 -97.929 2160.932
v 4294.177 -97.004 2157.498
v 4291.138 -97.183 2150.098
f 1469 1470 1471
f 1471 1472 1469
v 4291.886 -97.109 2149.873
v 4293.429 -97.083 2157.723
v 4304.851 -95.918 2155.478
v 4303.308 -96.032 2147.628
f 1473 1474 1475
f 1475 1476 1473
v 5517.338 -94.433 1235.128
v 5514.824 -94.365 1242.723
v 5577.541 -100.479 1263.485
v 5580.056 -100.456 1255.890
f 1477 1478 1479
f 1479 1480 1477
v 5580.726 -100.507 1256.183
v 5576.871 -100.440 1263.192
v 5609.721 0.050 1281.260
v 5613.577 0.050 1274.250
f 1481 1482 1483
f 1483 1484 1481
v 5614.129 0.050 1274.617
v 5609.169 0.050 1280.894
v 5637.433 0.050 1303.227
v 5642.393 0.050 1296.951
f 1485 1486 1487
f 1487 1488 1485
v 5642.553 0.050 1297.084
v 5637.273 0.050 1303.094
v 5668.276 0.050 1330.328
v 5673.555 0.050 1324.317
f 1489 1490 1491
f 1491 1492 1489
v 5673.879 0.050 1324.636
v 5667.952 0.050 1330.009
v 5699.756 0.050 1365.088
v 5705.683 0.050 1359.715
f 1493 1494 1495
f 1495 1496 1493
v 5705.844 0.050 1359.904
v 5699.595 0.050 1364.898
v 5708.545 0.050 1376.098
v 5714.794 0.050 1371.104
f 1497 1498 1499
f 1499 1500 1497
v 5715.247 0.050 1371.811
v 5708.092 0.050 1375.391
v 5714.660 0.050 1388.519
v 5721.815 0.050 1384.940
f 1501 1502 1503
f 1503 1504 1501
v 5721.941 0.050 1385.218
v 5714.534 0.050 1388.241
v 5723.428 0.050 1410.033
v 5730.835 0.050 1407.010
f 1505 1506 1507
f 1507 1508 1505
v 5731.051 0.050 1407.722
v 5723.213 0.050 1409.321
v 5737.317 0.050 1478.448
v 5745.155 0.050 1476.848
f 1509 1510 1511
f 1511 1512 1509
v 5745.194 0.050 1477.072
v 5737.278 0.050 1478.224
v 5746.473 0.050 1541.407
v 5754.389 0.050 1540.255
f 1513 1514 1515
f 1515 1516 1513
v 5754.389 0.050 1540.254
v 5746.473 0.050 1541.408
v 5753.842 0.050 1591.991
v 5761.759 0.050 1590.838
f 1517 1518 1519
f 1519 1520 1517
v 5761.795 0.050 1591.626
v 5753.806 0.050 1591.202
v 5749.030 0.050 1681.221
v 5757.019 0.050 1681.645
f 1521 1522 1523
f 1523 1524 1521
v 5486.626 -90.061 1378.473
v 5480.481 -89.675 1373.352
v 5472.644 -89.094 1382.755
v 5478.789 -89.456 1387.877
f 1525 1526 1527
f 1527 1528 1525
v 5478.655 -89.447 1388.030
v 5472.779 -89.103 1382.602
v 5464.530 -88.679 1391.530
v 5470.406 -89.018 1396.959
f 1529 1530 1531
f 1531 1532 1529
v 5470.254 -89.012 1397.114
v 5464.681 -88.685 1391.374
v 5456.956 -88.448 1398.876
v 5462.529 -88.778 1404.616
f 1533 1534 1535
f 1535 1536 1533
v 5461.857 -88.763 1405.141
v 5457.628 -88.465 1398.350
v 5452.474 -88.334 1401.560
v 5456.703 -88.662 1408.351
f 1537 1538 1539
f 1539 1540 1537
v 5455.924 -88.648 1408.726
v 5453.252 -88.354 1401.185
v 5447.363 -88.195 1403.272
v 5450.035 -88.539 1410.812
f 1541 1542 1543
f 1543 1544 1541
v 5449.150 -88.522 1411.017
v 5448.249 -88.221 1403.067
v 5444.286 -88.091 1403.517
v 5445.187 -88.434 1411.466
f 1545 1546 1547
f 1547 1548 1545
v 5444.858 -88.426 1411.489
v 5444.615 -88.102 1403.493
v 5435.064 -87.767 1403.783
v 5435.307 -88.193 1411.780
f 1549 1550 1551
f 1551 1552 1549
v 5434.075 -88.153 1411.624
v 5436.296 -87.820 1403.939
v 5384.643 -84.365 1389.015
v 5382.423 -85.016 1396.700
f 1553 1554 1555
f 1555 1556 1553
v 5382.253 -85.003 1396.647
v 5384.813 -84.378 1389.068
v 5351.896 -81.712 1377.947
v 5349.336 -82.415 1385.526
f 1557 1558 1559
f 1559 1560 1557
v 5348.957 -82.387 1385.377
v 5352.274 -81.744 1378.097
v 5341.142 -80.933 1373.025
v 5337.826 -81.501 1380.305
f 1561 1562 1563
f 1563 1564 1561
v 5336.019 -81.283 1378.664
v 5342.949 -81.134 1374.666
v 5338.551 -80.329 1367.046
v 5331.622 -80.493 1371.044
f 1565 1566 1567
f 1567 1568 1565
v 5331.158 -80.374 1369.795
v 5339.016 -80.452 1368.295
v 5337.892 -79.901 1362.404
v 5330.033 -79.842 1363.904
f 1569 1570 1571
f 1571 1572 1569
v 5329.976 -79.749 1362.826
v 5337.949 -79.997 1363.482
v 5338.472 -79.446 1357.130
v 5330.499 -79.220 1356.473
f 1573 1574 1575
f 1575 1576 1573
v 5330.744 -79.132 1355.388
v 5338.227 -79.537 1358.215
v 5340.398 -79.069 1352.470
v 5332.915 -78.681 1349.642
f 1577 1578 1579
f 1579 1580 1577
v 5334.240 -78.563 1347.869
v 5339.073 -79.202 1354.244
v 5353.255 -78.666 1343.493
v 5348.422 -78.097 1337.118
f 1581 1582 1583
f 1583 1584 1581
v 5348.210 -78.105 1337.290
v 5353.467 -78.667 1343.321
v 5367.348 -78.676 1331.223
v 5362.092 -77.974 1325.192
f 1585 1586 1587
f 1587 1588 1585
v 5360.893 -78.023 1327.044
v 5368.547 -78.628 1329.371
v 5379.301 -77.921 1294.002
v 5371.646 -77.377 1291.675
f 1589 1590 1591
f 1591 1592 1589
v 5371.676 -77.376 1291.581
v 5379.271 -77.922 1294.095
v 5388.143 -78.583 1267.297
v 5380.548 -78.142 1264.783
f 1593 1594 1595
f 1595 1596 1593
v 5380.458 -78.132 1265.100
v 5388.234 -78.593 1266.981
v 5400.857 -82.145 1214.798
v 5393.081 -81.617 1212.917
f 1597 1598 1599
f 1599 1600 1597
v 5393.079 -81.616 1212.926
v 5400.859 -82.145 1214.789
v 5410.444 -85.802 1174.743
v 5402.664 -85.559 1172.881
f 1601 1602 1603
f 1603 1604 1601
v 5533.799 -90.442 1415.368
v 5534.231 -91.022 1407.380
v 5496.838 -89.936 1405.359
v 5496.407 -89.685 1413.347
f 1605 1606 1607
f 1607 1608 1605
v 5334.683 -90.045 1024.348
v 5337.272 -90.449 1031.917
v 5351.676 -91.399 1026.991
v 5349.088 -90.990 1019.421
f 1609 1610 1611
f 1611 1612 1609
v 5348.956 -90.982 1019.469
v 5351.808 -91.401 1026.943
v 5365.100 -91.562 1021.871
v 5362.248 -91.281 1014.397
f 1613 1614 1615
f 1615 1616 1613
v 5361.481 -91.274 1014.789
v 5365.866 -91.569 1021.479
v 5370.642 -91.593 1018.349
v 5366.256 -91.230 1011.658
f 1617 1618 1619
f 1619 1620 1617
v 5364.975 -91.288 1013.022
v 5371.924 -91.585 1016.986
v 5374.907 -91.447 1011.755
v 5367.958 -91.020 1007.792
f 1621 1622 1623
f 1623 1624 1621
v 5367.731 -91.045 1008.259
v 5375.135 -91.423 1011.289
v 5378.129 -91.034 1003.971
v 5370.725 -90.648 1000.941
f 1625 1626 1627
f 1627 1628 1625
v 5370.669 -90.656 1001.087
v 5378.185 -91.026 1003.826
v 5383.406 -90.269 989.495
v 5375.890 -89.882 986.757
f 1629 1630 1631
f 1631 1632 1629
v 5375.927 -89.876 986.658
v 5383.369 -90.274 989.594
v 5389.491 -89.277 974.075
v 5382.050 -88.784 971.139
f 1633 1634 1635
f 1635 1636 1633
v 5382.625 -88.715 970.136
v 5388.916 -89.345 975.078
v 5394.437 -88.889 968.052
v 5388.147 -88.292 963.109
f 1637 1638 1639
f 1639 1640 1637
v 5388.986 -88.253 962.312
v 5393.598 -88.947 968.849
v 5399.720 -88.668 964.530
v 5395.109 -88.063 957.993
f 1641 1642 1643
f 1643 1644 1641
v 5395.883 -88.043 957.566
v 5398.946 -88.691 964.957
v 5409.399 -88.525 960.625
v 5406.336 -87.933 953.234
f 1645 1646 1647
f 1647 1648 1645
v 5407.150 -87.934 952.994
v 5408.585 -88.528 960.864
v 5430.682 -88.691 956.836
v 5429.247 -88.220 948.966
f 1649 1650 1651
f 1651 1652 1649
v 5569.203 -100.224 801.102
v 5561.388 -99.770 799.387
v 5555.934 -99.431 824.244
v 5563.748 -99.961 825.959
f 1653 1654 1655
f 1655 1656 1653
v 5563.696 -99.958 826.170
v 5555.986 -99.437 824.034
v 5552.780 -98.929 835.604
v 5560.490 -99.534 837.740
f 1657 1658 1659
f 1659 1660 1657
v 5560.490 -99.534 837.738
v 5552.779 -98.929 835.606
v 5548.672 -97.983 850.465
v 5556.383 -98.679 852.597
f 1661 1662 1663
f 1663 1664 1661
v 5556.352 -98.672 852.701
v 5548.702 -97.990 850.361
v 5541.166 -96.083 874.993
v 5548.816 -96.600 877.334
f 1665 1666 1667
f 1667 1668 1665
v 5548.702 -96.570 877.656
v 5541.280 -96.112 874.671
v 5532.842 -94.198 895.645
v 5540.264 -94.511 898.630
f 1669 1670 1671
f 1671 1672 1669
v 5371.624 -80.452 886.757
v 5370.997 -81.068 894.733
v 5391.502 -82.295 896.344
v 5392.129 -81.683 888.369
f 1673 1674 1675
f 1675 1676 1673
v 5391.609 -81.655 888.362
v 5392.022 -82.323 896.351
v 5405.814 -83.314 895.638
v 5405.401 -82.733 887.648
f 1677 1678 1679
f 1679 1680 1677
v 5404.824 -82.689 887.721
v 5406.392 -83.353 895.565
v 5417.557 -84.075 893.333
v 5415.989 -83.513 885.489
f 1681 1682 1683
f 1683 1684 1681
v 5415.594 -83.484 885.589
v 5417.952 -84.100 893.233
v 5434.694 -85.231 888.069
v 5432.336 -84.710 880.424
f 1685 1686 1687
f 1687 1688 1685
v 5432.475 -84.721 880.384
v 5434.556 -85.219 888.109
v 5447.747 -86.452 884.556
v 5445.667 -86.017 876.831
f 1689 1690 1691
f 1691 1692 1689
v 5445.971 -86.049 876.762
v 5447.443 -86.422 884.625
v 5463.172 -88.026 881.680
v 5461.700 -87.772 873.817
f 1693 1694 1695
f 1695 1696 1693
v 5462.039 -87.810 873.768
v 5462.833 -87.990 881.729
v 5468.923 -88.638 881.121
v 5468.128 -88.506 873.161
f 1697 1698 1699
f 1699 1700 1697
v 5469.240 -88.634 873.205
v 5467.811 -88.518 881.077
v 5477.852 -89.586 882.899
v 5479.281 -89.775 875.028
f 1701 1702 1703
f 1703 1704 1701
v 5706.771 0.050 995.970
v 5710.602 0.050 988.947
v 5684.330 0.050 974.616
v 5680.499 0.050 981.639
f 1705 1706 1707
f 1707 1708 1705
v 5681.299 0.050 981.969
v 5683.531 0.050 974.287
v 5655.757 0.050 966.217
v 5653.524 0.050 973.899
f 1709 1710 1711
f 1711 1712 1709
v 5653.421 0.050 973.867
v 5655.860 0.050 966.248
v 5594.145 -92.444 946.489
v 5591.705 -91.585 954.109
f 1713 1714 1715
f 1715 1716 1713
v 5571.495 -98.709 1333.511
v 5575.394 -98.456 1340.496
v 5609.869 0.050 1321.253
v 5605.970 0.050 1314.268
f 1717 1718 1719
f 1719 1720 1717
v 5605.986 0.050 1314.259
v 5609.854 0.050 1321.262
v 5641.847 0.050 1303.590
v 5637.979 0.050 1296.588
f 1721 1722 1723
f 1723 1724 1721
v 5637.909 0.050 1296.627
v 5641.917 0.050 1303.551
v 5666.051 0.050 1289.577
v 5662.043 0.050 1282.654
f 1725 1726 1727
f 1727 1728 1725
v 5662.015 0.050 1282.670
v 5666.079 0.050 1289.561
v 5690.647 0.050 1275.072
v 5686.583 0.050 1268.182
f 1729 1730 1731
f 1731 1732 1729
v 5686.563 0.050 1268.194
v 5690.668 0.050 1275.060
v 5697.892 0.050 1270.741
v 5693.787 0.050 1263.875
f 1733 1734 1735
f 1735 1736 1733
v 5693.885 0.050 1263.819
v 5697.795 0.050 1270.798
v 5703.405 0.050 1267.654
v 5699.495 0.050 1260.675
f 1737 1738 1739
f 1739 1740 1737
v 5517.925 -91.761 1386.254
v 5525.458 -91.968 1388.948
v 5531.881 -93.515 1370.986
v 5524.348 -93.185 1368.292
f 1741 1742 1743
f 1743 1744 1741
v 5524.445 -93.205 1368.047
v 5531.784 -93.493 1371.231
v 5550.597 -97.685 1327.871
v 5543.258 -97.151 1324.687
f 1745 1746 1747
f 1747 1748 1745
v 6693.305 0.050 722.063
v 6693.509 0.050 714.065
v 6248.476 0.050 702.720
v 6248.272 0.050 710.717
f 1749 1750 1751
f 1751 1752 1749
v 6248.244 0.050 710.716
v 6248.504 0.050 702.721
v 6211.624 0.050 701.519
v 6211.364 0.050 709.514
f 1753 1754 1755
f 1755 1756 1753
v 6211.323 0.050 709.513
v 6211.665 0.050 701.520
v 6176.733 0.050 700.028
v 6176.391 0.050 708.020
f 1757 1758 1759
f 1759 1760 1757
v 6176.228 0.050 708.010
v 6176.896 0.050 700.038
v 6139.571 0.050 696.908
v 6138.902 0.050 704.880
f 1761 1762 1763
f 1763 1764 1761
v 6138.709 0.050 704.859
v 6139.764 0.050 696.929
v 6071.870 0.050 687.894
v 6070.815 0.050 695.824
f 1765 1766 1767
f 1767 1768 1765
v 6070.793 0.050 695.821
v 6071.893 0.050 687.897
v 5998.266 0.050 677.674
v 5997.166 0.050 685.598
f 1769 1770 1771
f 1771 1772 1769
v 5997.078 0.050 685.585
v 5998.354 0.050 677.688
v 5929.035 0.050 666.487
v 5927.759 0.050 674.385
f 1773 1774 1775
f 1775 1776 1773
v 5927.585 0.050 674.353
v 5929.210 0.050 666.519
v 5864.555 0.050 653.113
v 5862.931 0.050 660.946
f 1777 1778 1779
f 1779 1780 1777
v 5862.715 0.050 660.895
v 5864.771 0.050 653.164
v 5804.881 0.050 637.235
v 5802.825 0.050 644.966
f 1781 1782 1783
f 1783 1784 1781
v 5802.651 0.050 644.916
v 5805.055 0.050 637.285
v 5732.341 0.050 614.382
v 5729.938 0.050 622.013
f 1785 1786 1787
f 1787 1788 1785
v 5730.024 0.050 622.039
v 5732.254 0.050 614.356
v 5669.448 0.050 596.129
v 5667.218 0.050 603.812
f 1789 1790 1791
f 1791 1792 1789
v 5667.347 0.050 603.847
v 5669.318 0.050 596.094
v 5643.760 0.050 589.595
v 5641.788 0.050 597.349
f 1793 1794 1795
f 1795 1796 1793
v 5642.045 0.050 597.405
v 5643.503 0.050 589.539
v 5621.406 0.050 585.444
v 5619.948 0.050 593.310
f 1797 1798 1799
f 1799 1800 1797
v 5620.040 0.050 593.326
v 5621.314 0.050 585.429
v 5591.681 -86.072 580.647
v 5590.407 -85.975 588.545
f 1801 1802 1803
f 1803 1804 1801
v 4411.794 -93.957 1418.175
v 4418.802 -94.064 1422.034
v 4422.075 -93.363 1416.090
v 4415.067 -93.258 1412.231
f 1805 1806 1807
f 1807 1808 1805
v 4416.782 -93.033 1410.583
v 4420.360 -93.588 1417.738
v 4429.366 -92.806 1413.235
v 4425.788 -92.230 1406.079
f 1809 1810 1811
f 1811 1812 1809
v 4426.830 -92.154 1405.727
v 4428.323 -92.880 1413.587
v 4437.084 -92.381 1411.923
v 4435.591 -91.642 1404.063
f 1813 1814 1815
f 1815 1816 1813
v 4435.967 -91.622 1404.010
v 4436.708 -92.401 1411.976
v 4502.854 -88.684 1405.821
v 4502.113 -88.307 1397.856
f 1817 1818 1819
f 1819 1820 1817
v 4502.389 -88.295 1397.839
v 4502.579 -88.699 1405.837
v 4552.561 -86.127 1404.649
v 4552.371 -86.259 1396.651
f 1821 1822 1823
f 1823 1824 1821
v 4552.499 -86.254 1396.650
v 4552.434 -86.134 1404.650
v 4562.118 -85.639 1404.729
v 4562.184 -85.870 1396.729
f 1825 1826 1827
f 1827 1828 1825
v 4562.186 -85.870 1396.729
v 4562.116 -85.639 1404.729
v 4580.395 -84.728 1404.887
v 4580.464 -85.137 1396.888
f 1829 1830 1831
f 1831 1832 1829
v 4579.531 -85.169 1396.990
v 4581.329 -84.688 1404.785
v 4596.735 -84.183 1401.232
v 4594.937 -84.796 1393.437
f 1833 1834 1835
f 1835 1836 1833
v 4594.859 -84.798 1393.456
v 4596.814 -84.181 1401.213
v 4613.056 -83.819 1397.119
v 4611.100 -84.557 1389.362
f 1837 1838 1839
f 1839 1840 1837
v 4611.667 -84.546 1389.262
v 4612.489 -83.833 1397.219
v 4630.645 -83.289 1395.344
v 4629.823 -84.080 1387.386
f 1841 1842 1843
f 1843 1844 1841
v 4630.406 -84.061 1387.369
v 4630.062 -83.310 1395.361
v 4649.398 -82.469 1396.193
v 4649.742 -83.303 1388.201
f 1845 1846 1847
f 1847 1848 1845
v 4650.472 -83.262 1388.300
v 4648.669 -82.509 1396.094
v 4665.912 -81.424 1400.083
v 4667.715 -82.148 1392.289
f 1849 1850 1851
f 1851 1852 1849
v 4667.250 -82.175 1392.210
v 4666.377 -81.398 1400.162
v 4680.582 -80.699 1401.720
v 4681.454 -81.451 1393.768
f 1853 1854 1855
f 1855 1856 1853
v 4681.092 -81.467 1393.745
v 4680.944 -80.683 1401.743
v 4690.929 -80.287 1401.928
v 4691.077 -81.052 1393.930
f 1857 1858 1859
f 1859 1860 1857
v 4690.504 -81.072 1393.960
v 4691.503 -80.271 1401.898
v 4702.423 -80.031 1400.524
v 4701.425 -80.752 1392.587
f 1861 1862 1863
f 1863 1864 1861
v 4700.388 -80.771 1392.862
v 4703.460 -80.019 1400.249
v 4718.833 -79.941 1393.857
v 4715.761 -80.605 1386.470
f 1865 1866 1867
f 1867 1868 1865
v 4715.651 -80.607 1386.518
v 4718.943 -79.940 1393.809
v 4724.354 -79.881 1391.365
v 4721.061 -80.518 1384.074
f 1869 1870 1871
f 1871 1872 1869
v 4720.670 -80.524 1384.278
v 4724.744 -79.877 1391.162
v 4739.450 -79.669 1382.458
v 4735.375 -80.237 1375.574
f 1873 1874 1875
f 1875 1876 1873
v 4736.779 -80.172 1375.067
v 4738.046 -79.720 1382.966
v 4746.695 -79.311 1381.579
v 4745.429 -79.672 1373.680
f 1877 1878 1879
f 1879 1880 1877
v 4745.837 -79.647 1373.636
v 4746.287 -79.332 1381.623
v 4763.375 -78.405 1380.659
v 4762.924 -78.547 1372.672
f 1881 1882 1883
f 1883 1884 1881
v 4762.992 -78.543 1372.668
v 4763.307 -78.409 1380.662
v 4776.743 -77.665 1380.134
v 4776.429 -77.664 1372.140
f 1885 1886 1887
f 1887 1888 1885
v 4776.840 -77.638 1372.145
v 4776.331 -77.687 1380.129
v 4792.684 -76.850 1381.172
v 4793.193 -76.637 1373.188
f 1889 1890 1891
f 1891 1892 1889
v 4794.159 -76.582 1373.371
v 4791.718 -76.896 1380.989
v 4799.176 -76.592 1383.380
v 4801.618 -76.204 1375.762
f 1893 1894 1895
f 1895 1896 1893
v 4802.696 -76.160 1376.297
v 4798.098 -76.626 1382.844
v 4809.119 -76.452 1390.584
v 4813.716 -75.925 1384.037
f 1897 1898 1899
f 1899 1900 1897
v 4814.859 -75.943 1385.272
v 4807.976 -76.440 1389.349
v 4813.553 -76.719 1398.765
v 4820.436 -76.319 1394.689
f 1901 1902 1903
f 1903 1904 1901
v 4819.678 -76.283 1393.760
v 4814.312 -76.749 1399.694
v 4821.804 -77.011 1406.469
v 4827.170 -76.538 1400.536
f 1905 1906 1907
f 1907 1908 1905
v 4825.395 -76.513 1399.607
v 4823.579 -77.045 1407.398
v 4829.868 -77.064 1408.864
v 4831.684 -76.486 1401.073
f 1909 1910 1911
f 1911 1912 1909
v 4830.072 -76.515 1401.031
v 4831.481 -77.048 1408.906
v 4837.681 -76.889 1407.797
v 4836.272 -76.310 1399.922
f 1913 1914 1915
f 1915 1916 1913
v 4834.273 -76.424 1400.911
v 4839.680 -76.785 1406.807
v 4843.554 -76.437 1403.254
v 4838.147 -76.072 1397.358
f 1917 1918 1919
f 1919 1920 1917
v 4837.214 -76.192 1398.641
v 4844.487 -76.313 1401.972
v 4847.838 -75.614 1394.655
v 4840.564 -75.533 1391.324
f 1921 1922 1923
f 1923 1924 1921
v 4840.474 -75.553 1391.539
v 4847.929 -75.592 1394.440
v 4850.879 -74.833 1386.859
v 4843.423 -74.841 1383.958
f 1925 1926 1927
f 1927 1928 1925
v 4843.155 -74.985 1385.591
v 4851.147 -74.677 1385.226
v 4850.802 -74.020 1377.671
v 4842.810 -74.383 1378.036
f 1929 1930 1931
f 1931 1932 1929
v 4842.928 -74.437 1378.834
v 4850.684 -73.961 1376.874
v 4848.235 -73.312 1367.180
v 4840.479 -73.848 1369.139
f 1933 1934 1935
f 1935 1936 1933
v 4841.151 -73.916 1370.552
v 4847.563 -73.237 1365.768
v 4841.730 -72.979 1357.949
v 4835.318 -73.676 1362.733
f 1937 1938 1939
f 1939 1940 1937
v 4835.242 -73.674 1362.628
v 4841.806 -72.982 1358.054
v 4833.468 -72.739 1346.088
v 4826.904 -73.423 1350.662
f 1941 1942 1943
f 1943 1944 1941
v 4826.986 -73.424 1350.775
v 4833.386 -72.739 1345.975
v 4830.692 -72.766 1342.383
v 4824.292 -73.415 1347.183
f 1945 1946 1947
f 1947 1948 1945
v 4823.551 -73.397 1345.464
v 4831.434 -72.790 1344.101
v 4830.543 -72.624 1338.950
v 4822.660 -73.255 1340.313
f 1949 1950 1951
f 1951 1952 1949
v 4822.751 -73.179 1338.550
v 4830.453 -72.709 1340.714
v 4831.499 -72.466 1336.989
v 4823.797 -72.952 1334.825
f 1953 1954 1955
f 1955 1956 1953
v 4825.172 -72.764 1332.766
v 4830.124 -72.659 1339.049
v 4836.759 -71.922 1333.819
v 4831.806 -72.017 1327.536
f 1957 1958 1959
f 1959 1960 1957
v 4832.246 -71.968 1327.235
v 4836.320 -71.970 1334.120
v 4866.855 -69.092 1316.052
v 4862.781 -69.054 1309.167
f 1961 1962 1963
f 1963 1964 1961
v 4862.715 -69.057 1309.207
v 4866.920 -69.089 1316.013
v 4895.440 -67.613 1298.394
v 4891.235 -67.572 1291.588
f 1965 1966 1967
f 1967 1968 1965
v 4890.787 -67.597 1291.910
v 4895.888 -67.587 1298.072
v 4907.599 -67.560 1288.378
v 4902.498 -67.470 1282.215
f 1969 1970 1971
f 1971 1972 1969
v 4902.155 -67.456 1282.535
v 4907.942 -67.561 1288.059
v 4920.487 -68.062 1274.917
v 4914.701 -67.982 1269.393
f 1973 1974 1975
f 1975 1976 1973
v 4914.487 -67.973 1269.636
v 4920.701 -68.071 1274.674
v 4946.305 -69.927 1243.095
v 4940.091 -69.726 1238.057
f 1977 1978 1979
f 1979 1980 1977
v 4939.987 -69.713 1238.191
v 4946.408 -69.939 1242.962
v 4962.160 -71.753 1221.764
v 4955.739 -71.667 1216.993
f 1981 1982 1983
f 1983 1984 1981
v 4955.786 -71.673 1216.930
v 4962.112 -71.748 1221.827
v 4967.255 -72.316 1215.184
v 4960.929 -72.258 1210.286
f 1985 1986 1987
f 1987 1988 1985
v 4962.649 -72.394 1209.004
v 4965.535 -72.176 1216.466
v 4971.135 -72.537 1214.299
v 4968.249 -72.722 1206.838
f 1989 1990 1991
f 1991 1992 1989
v 4968.985 -72.761 1206.632
v 4970.399 -72.494 1214.506
v 4980.328 -73.031 1212.723
v 4978.914 -73.216 1204.849
f 1993 1994 1995
f 1995 1996 1993
v 4979.866 -73.256 1204.793
v 4979.377 -72.974 1212.778
v 5002.442 -74.444 1214.192
v 5002.931 -74.520 1206.207
f 1997 1998 1999
f 1999 2000 1997
v 4541.372 -86.694 1166.140
v 4542.276 -86.663 1174.089
v 4610.504 -83.762 1166.323
v 4609.599 -83.143 1158.374
f 2001 2002 2003
f 2003 2004 2001
v 4608.819 -83.192 1158.543
v 4611.285 -83.716 1166.153
v 4618.621 -83.208 1163.776
v 4616.155 -82.656 1156.166
f 2005 2006 2007
f 2007 2008 2005
v 4615.777 -82.686 1156.309
v 4618.998 -83.179 1163.632
v 4624.943 -82.690 1161.017
v 4621.722 -82.178 1153.694
f 2009 2010 2011
f 2011 2012 2009
v 4621.193 -82.228 1153.976
v 4625.472 -82.641 1160.736
v 4629.958 -82.179 1157.896
v 4625.679 -81.756 1151.136
f 2013 2014 2015
f 2015 2016 2013
v 4625.158 -81.817 1151.529
v 4630.479 -82.118 1157.503
v 4634.809 -81.550 1153.647
v 4629.488 -81.246 1147.672
f 2017 2018 2019
f 2019 2020 2017
v 4629.054 -81.310 1148.125
v 4635.243 -81.485 1153.194
v 4639.473 -80.773 1148.030
v 4633.284 -80.603 1142.961
f 2021 2022 2023
f 2023 2024 2021
v 4632.890 -80.679 1143.539
v 4639.868 -80.696 1147.452
v 4643.719 -79.806 1140.584
v 4636.742 -79.807 1136.671
f 2025 2026 2027
f 2027 2028 2025
v 4636.708 -79.815 1136.732
v 4643.753 -79.798 1140.523
v 4661.085 -76.304 1108.323
v 4654.041 -76.178 1104.531
f 2029 2030 2031
f 2031 2032 2029
v 4654.201 -76.159 1104.260
v 4660.925 -76.331 1108.595
v 4711.876 -74.380 1029.560
v 4705.152 -74.274 1025.225
f 2033 2034 2035
f 2035 2036 2033
v 4705.491 -74.294 1024.773
v 4711.537 -74.360 1030.012
v 4714.810 -74.539 1026.235
v 4708.764 -74.474 1020.996
f 2037 2038 2039
f 2039 2040 2037
v 4708.923 -74.482 1020.823
v 4714.651 -74.530 1026.408
v 4719.170 -74.755 1021.772
v 4713.442 -74.708 1016.187
f 2041 2042 2043
f 2043 2044 2041
v 4629.261 -89.753 1262.644
v 4630.672 -89.856 1270.519
v 4637.674 -89.830 1269.264
v 4636.263 -89.722 1261.390
f 2045 2046 2047
f 2047 2048 2045
v 4638.609 -89.722 1261.679
v 4635.329 -89.829 1268.975
v 4642.498 -89.865 1272.198
v 4645.778 -89.755 1264.901
f 2049 2050 2051
f 2051 2052 2049
v 4646.846 -89.764 1265.606
v 4641.429 -89.857 1271.493
v 4648.075 -89.939 1277.608
v 4653.492 -89.617 1271.721
f 2053 2054 2055
f 2055 2056 2053
v 4653.329 -89.624 1271.579
v 4648.239 -89.941 1277.751
v 4662.332 -89.307 1289.373
v 4667.422 -89.015 1283.201
f 2057 2058 2059
f 2059 2060 2057
v 4667.096 -89.030 1282.959
v 4662.658 -89.282 1289.615
v 4678.922 -88.094 1300.459
v 4683.359 -88.026 1293.802
f 2061 2062 2063
f 2063 2064 2061
v 4681.474 -88.148 1293.144
v 4680.807 -87.974 1301.117
v 4695.011 -86.959 1302.305
v 4695.678 -87.087 1294.333
f 2065 2066 2067
f 2067 2068 2065
v 4694.976 -87.159 1294.336
v 4695.714 -86.887 1302.302
v 4713.959 -85.072 1300.612
v 4713.221 -85.308 1292.646
f 2069 2070 2071
f 2071 2072 2069
v 4712.378 -85.392 1292.817
v 4714.802 -84.989 1300.440
v 4738.057 -82.557 1293.044
v 4735.632 -82.938 1285.421
f 2073 2074 2075
f 2075 2076 2073
v 4734.535 -83.087 1285.967
v 4739.154 -82.421 1292.498
v 4755.028 -80.354 1281.272
v 4750.409 -80.932 1274.740
f 2077 2078 2079
f 2079 2080 2077
v 4749.363 -81.074 1275.829
v 4756.075 -80.213 1280.183
v 4769.989 -78.365 1258.734
v 4763.278 -79.194 1254.380
f 2081 2082 2083
f 2083 2084 2081
v 4763.087 -79.221 1254.709
v 4770.181 -78.340 1258.406
v 4795.562 -76.054 1209.710
v 4788.468 -76.696 1206.013
f 2085 2086 2087
f 2087 2088 2085
v 4788.234 -76.705 1206.555
v 4795.795 -76.047 1209.168
v 4799.569 -76.046 1198.245
v 4792.008 -76.624 1195.633
f 2089 2090 2091
f 2091 2092 2089
v 4791.808 -76.617 1196.546
v 4799.769 -76.058 1197.331
v 4800.715 -76.323 1187.729
v 4792.754 -76.786 1186.945
f 2093 2094 2095
f 2095 2096 2093
v 4792.740 -76.772 1187.542
v 4800.729 -76.344 1187.132
v 4799.805 -77.006 1169.104
v 4791.816 -77.240 1169.513
f 2097 2098 2099
f 2099 2100 2097
v 4791.817 -77.240 1169.536
v 4799.804 -77.006 1169.081
v 4796.197 -78.808 1105.724
v 4788.210 -78.417 1106.179
f 2101 2102 2103
f 2103 2104 2101
v 4788.210 -78.417 1106.179
v 4796.197 -78.808 1105.725
v 4790.053 -78.550 997.607
v 4782.065 -78.150 998.061
f 2105 2106 2107
f 2107 2108 2105
v 4782.878 -78.172 995.409
v 4789.240 -78.543 1000.259
v 4794.094 -78.691 993.893
v 4787.732 -78.335 989.042
f 2109 2110 2111
f 2111 2112 2109
v 4338.876 -96.540 1116.008
v 4343.176 -96.914 1109.262
v 4324.218 -96.426 1097.177
v 4319.918 -96.178 1103.923
f 2113 2114 2115
f 2115 2116 2113
v 4319.280 -96.157 1103.418
v 4324.856 -96.449 1097.682
v 4303.661 -95.283 1077.078
v 4298.085 -94.935 1082.814
f 2117 2118 2119
f 2119 2120 2117
v 4298.822 -94.987 1083.380
v 4302.925 -95.229 1076.512
v 4268.438 -92.768 1055.908
v 4264.335 -92.584 1062.776
f 2121 2122 2123
f 2123 2124 2121
v 5520.786 -91.583 1391.497
v 5522.597 -92.162 1383.705
v 5507.825 -91.451 1380.271
v 5506.014 -90.991 1388.063
f 2125 2126 2127
f 2127 2128 2125
v 5505.587 -90.972 1387.939
v 5508.252 -91.474 1380.395
v 5484.886 -90.024 1372.141
v 5482.221 -89.742 1379.684
f 2129 2130 2131
f 2131 2132 2129
v 5485.734 -88.616 1012.896
v 5488.543 -88.435 1020.387
v 5555.423 -87.311 995.305
v 5552.614 -87.783 987.815
f 2133 2134 2135
f 2135 2136 2133
v 5551.409 -87.751 988.529
v 5556.628 -87.340 994.592
v 5578.124 -89.174 976.088
v 5572.905 -89.577 970.025
f 2137 2138 2139
f 2139 2140 2137
v 5572.338 -89.507 970.626
v 5578.692 -89.244 975.487
v 5596.102 -91.852 952.730
v 5589.748 -92.156 947.869
f 2141 2142 2143
f 2143 2144 2141
v 5589.162 -92.026 948.944
v 5596.688 -91.983 951.654
v 5614.956 0.050 900.923
v 5607.429 0.050 898.213
f 2145 2146 2147
f 2147 2148 2145
v 5607.433 0.050 898.203
v 5614.952 0.050 900.933
v 5626.808 0.050 868.283
v 5619.288 0.050 865.553
f 2149 2150 2151
f 2151 2152 2149
v 5619.258 0.050 865.640
v 5626.838 0.050 868.196
v 5636.501 0.050 839.548
v 5628.920 0.050 836.992
f 2153 2154 2155
f 2155 2156 2153
v 5628.941 0.050 836.932
v 5636.480 0.050 839.608
v 5651.786 0.050 796.498
v 5644.248 0.050 793.821
f 2157 2158 2159
f 2159 2160 2157
v 5503.598 -93.353 800.945
v 5504.207 -93.442 808.922
v 5565.600 -100.037 804.233
v 5564.991 -99.833 796.256
f 2161 2162 2163
f 2163 2164 2161
v 5564.946 -99.831 796.260
v 5565.645 -100.040 804.229
v 5614.614 0.050 799.936
v 5613.916 0.050 791.967
f 2165 2166 2167
f 2167 2168 2165
v 5614.171 0.050 791.953
v 5614.359 0.050 799.951
v 5648.111 0.050 799.158
v 5647.923 0.050 791.160
f 2169 2170 2171
f 2171 2172 2169
v 5647.580 0.050 791.183
v 5648.454 0.050 799.135
v 5678.967 0.050 795.781
v 5678.093 0.050 787.828
f 2173 2174 2175
f 2175 2176 2173
v 5678.354 0.050 787.808
v 5678.705 0.050 795.801
v 5712.390 0.050 794.321
v 5712.039 0.050 786.329
f 2177 2178 2179
f 2179 2180 2177
v 4750.604 -76.246 1025.258
v 4750.915 -76.194 1033.252
v 4754.645 -76.441 1033.107
v 4754.333 -76.482 1025.113
f 2181 2182 2183
f 2183 2184 2181
v 4753.765 -76.446 1025.176
v 4755.212 -76.479 1033.044
v 4758.875 -76.725 1032.370
v 4757.428 -76.681 1024.502
f 2185 2186 2187
f 2187 2188 2185
v 4756.304 -76.608 1024.888
v 4759.998 -76.801 1031.984
v 4763.728 -77.054 1030.042
v 4760.033 -76.854 1022.947
f 2189 2190 2191
f 2191 2192 2189
v 4759.163 -76.796 1023.559
v 4764.598 -77.113 1029.430
v 4767.737 -77.324 1026.524
v 4762.303 -77.006 1020.653
f 2193 2194 2195
f 2195 2196 2193
v 4761.922 -76.980 1021.058
v 4768.117 -77.349 1026.119
v 4789.157 -78.540 1000.364
v 4782.961 -78.176 995.303
f 2197 2198 2199
f 2199 2200 2197
v 4714.846 -74.765 1015.256
v 4717.767 -74.696 1022.703
v 4720.494 -74.796 1021.633
v 4717.573 -74.860 1014.186
f 2201 2202 2203
f 2203 2204 2201
v 4719.148 -74.907 1013.911
v 4718.919 -74.745 1021.908
v 4721.680 -74.823 1021.987
v 4721.909 -74.979 1013.990
f 2205 2206 2207
f 2207 2208 2205
v 4722.813 -75.001 1014.121
v 4720.776 -74.799 1021.857
v 4724.739 -74.894 1022.900
v 4726.776 -75.088 1015.164
f 2209 2210 2211
f 2211 2212 2209
v 4727.335 -75.100 1015.357
v 4724.179 -74.881 1022.708
v 4746.421 -75.907 1032.257
v 4749.577 -76.184 1024.906
f 2213 2214 2215
f 2215 2216 2213
v 4748.947 -76.146 1024.695
v 4747.051 -75.946 1032.467
v 4749.811 -76.122 1033.141
v 4751.708 -76.314 1025.369
f 2217 2218 2219
f 2219 2220 2217
v 5414.499 -92.049 1506.589
v 5412.079 -92.118 1514.214
v 5475.364 -89.104 1534.302
v 5477.784 -88.960 1526.677
f 2221 2222 2223
f 2223 2224 2221
v 5417.287 -91.970 1510.518
v 5409.290 -92.196 1510.285
v 5408.266 -91.768 1545.390
v 5416.263 -91.579 1545.623
f 2225 2226 2227
f 2227 2228 2225
v 5416.171 -91.560 1546.368
v 5408.358 -91.789 1544.645
v 5400.076 -90.055 1582.193
v 5407.889 -89.941 1583.916
f 2229 2230 2231
f 2231 2232 2229
v 5407.751 -89.913 1584.395
v 5400.214 -90.086 1581.714
v 5393.045 -88.502 1601.868
v 5400.582 -88.389 1604.549
f 2233 2234 2235
f 2235 2236 2233
v 5400.807 -88.522 1602.979
v 5392.820 -88.358 1603.438
v 5393.566 -87.215 1616.420
v 5401.553 -87.474 1615.961
f 2237 2238 2239
f 2239 2240 2237
v 5401.497 -87.511 1615.487
v 5393.622 -87.174 1616.894
v 5400.635 -84.003 1656.159
v 5408.510 -84.621 1654.752
f 2241 2242 2243
f 2243 2244 2241
v 4300.422 -96.338 2153.174
v 4307.736 -95.629 2149.932
v 4304.229 -95.926 2142.021
v 4296.916 -96.587 2145.263
f 2245 2246 2247
f 2247 2248 2245
v 4296.672 -96.600 2144.528
v 4304.473 -95.908 2142.756
v 4302.236 -96.029 2132.904
v 4294.434 -96.638 2134.676
f 2249 2250 2251
f 2251 2252 2249
v 4294.344 -96.633 2134.059
v 4302.326 -96.027 2133.521
v 4299.343 -95.722 2089.332
v 4291.361 -95.850 2089.871
f 2253 2254 2255
f 2255 2256 2253
v 4291.352 -95.844 2089.601
v 4299.352 -95.725 2089.601
v 4299.352 -95.500 2070.491
v 4291.352 -95.415 2070.491
f 2257 2258 2259
f 2259 2260 2257
v 4291.495 -95.394 2069.430
v 4299.208 -95.511 2071.552
v 4302.492 -95.457 2059.613
v 4294.779 -95.234 2057.492
f 2261 2262 2263
f 2263 2264 2261
v 4295.380 -95.230 2056.228
v 4301.891 -95.453 2060.877
v 4316.073 -95.953 2041.014
v 4309.562 -95.666 2036.366
f 2265 2266 2267
f 2267 2268 2265
v 4310.052 -95.691 2035.800
v 4315.583 -95.927 2041.580
v 4336.556 -97.167 2021.506
v 4331.024 -96.974 2015.726
f 2269 2270 2271
f 2271 2272 2269
v 4332.097 -97.039 2014.992
v 4335.484 -97.095 2022.240
v 4363.770 -98.757 2009.020
v 4360.383 -98.831 2001.772
f 2273 2274 2275
f 2275 2276 2273
v 4361.406 -98.858 2001.453
v 4362.747 -98.732 2009.339
v 4572.651 -82.253 1973.655
v 4571.310 -82.465 1965.768
f 2277 2278 2279
f 2279 2280 2277
v 4572.210 -82.353 1965.718
v 4571.751 -82.367 1973.705
v 4627.800 -76.126 1976.928
v 4628.259 -76.188 1968.941
f 2281 2282 2283
f 2283 2284 2281
v 4629.377 -76.095 1969.168
v 4626.682 -76.219 1976.700
v 4661.047 -74.020 1988.996
v 4663.742 -74.004 1981.463
f 2285 2286 2287
f 2287 2288 2285
v 4662.270 -74.039 1981.231
v 4662.518 -73.994 1989.228
v 4692.274 -73.418 1988.303
v 4692.026 -73.482 1980.307
f 2289 2290 2291
f 2291 2292 2289
v 4691.636 -73.468 1980.338
v 4692.664 -73.431 1988.272
v 4730.368 -74.742 1983.385
v 4729.340 -74.770 1975.452
f 2293 2294 2295
f 2295 2296 2293
v 4729.515 -74.776 1975.433
v 4730.193 -74.736 1983.404
v 4740.279 -75.382 1982.546
v 4739.600 -75.385 1974.575
f 2297 2298 2299
f 2299 2300 2297
v 4739.029 -75.346 1974.665
v 4740.850 -75.422 1982.455
v 4755.032 -76.416 1979.140
v 4753.211 -76.321 1971.350
f 2301 2302 2303
f 2303 2304 2301
v 4751.986 -76.236 1971.863
v 4756.257 -76.502 1978.628
v 4765.775 -77.164 1972.619
v 4761.504 -76.892 1965.854
f 2305 2306 2307
f 2307 2308 2305
v 4762.034 -76.928 1965.573
v 4765.245 -77.128 1972.900
v 4775.130 -77.807 1968.568
v 4771.919 -77.585 1961.241
f 2309 2310 2311
f 2311 2312 2309
v 4404.354 -98.673 1472.495
v 4409.790 -98.718 1478.364
v 4415.935 -98.266 1472.671
v 4410.498 -98.109 1466.802
f 2313 2314 2315
f 2315 2316 2313
v 4409.424 -98.272 1468.466
v 4417.009 -98.160 1471.008
v 4420.360 -97.318 1461.010
v 4412.775 -97.402 1458.468
f 2317 2318 2319
f 2319 2320 2317
v 4412.568 -97.509 1459.796
v 4420.567 -97.211 1459.682
v 4420.278 -95.702 1439.527
v 4412.278 -96.010 1439.642
f 2321 2322 2323
f 2323 2324 2321
v 4412.335 -96.055 1440.259
v 4420.221 -95.645 1438.911
v 4418.128 -94.538 1426.668
v 4410.242 -94.965 1428.016
f 2325 2326 2327
f 2327 2328 2325
v 4410.232 -94.842 1426.734
v 4418.139 -94.661 1427.950
v 4419.252 -93.919 1420.712
v 4411.345 -94.102 1419.496
f 2329 2330 2331
f 2331 2332 2329
v 4264.929 -92.555 1530.897
v 4269.803 -92.965 1537.241
v 4301.662 -95.107 1512.768
v 4296.789 -94.739 1506.424
f 2333 2334 2335
f 2335 2336 2333
v 4297.653 -94.804 1505.918
v 4300.798 -95.042 1513.274
v 4349.990 -98.180 1492.248
v 4346.846 -97.844 1484.892
f 2337 2338 2339
f 2339 2340 2337
v 4347.648 -97.883 1484.645
v 4349.187 -98.138 1492.496
v 4396.353 -99.132 1483.251
v 4394.814 -98.804 1475.400
f 2341 2342 2343
f 2343 2344 2341
v 4394.299 -98.802 1475.537
v 4396.868 -99.136 1483.113
v 4408.357 -98.804 1479.217
v 4405.787 -98.587 1471.641
f 2345 2346 2347
f 2347 2348 2345
v 4922.874 -79.704 2042.582
v 4927.832 -79.897 2036.303
v 4913.650 -81.116 2025.104
v 4908.692 -80.913 2031.383
f 2349 2350 2351
f 2351 2352 2349
v 4908.438 -80.936 2031.164
v 4913.904 -81.092 2025.323
v 4902.416 -82.134 2014.573
v 4896.950 -82.098 2020.414
f 2353 2354 2355
f 2355 2356 2353
v 4896.742 -82.111 2020.205
v 4902.623 -82.119 2014.781
v 4892.015 -82.672 2003.279
v 4886.134 -82.492 2008.702
f 2357 2358 2359
f 2359 2360 2357
v 4885.724 -82.506 2008.175
v 4892.425 -82.658 2003.805
v 4878.988 -82.997 1983.203
v 4872.287 -83.018 1987.573
f 2361 2362 2363
f 2363 2364 2361
v 4872.003 -83.010 1987.058
v 4879.273 -83.005 1983.718
v 4865.692 -82.441 1954.161
v 4858.422 -82.564 1957.502
f 2365 2366 2367
f 2367 2368 2365
v 4858.185 -82.544 1956.835
v 4865.929 -82.476 1954.828
v 4859.662 -81.251 1930.647
v 4851.918 -81.211 1932.654
f 2369 2370 2371
f 2371 2372 2369
v 4851.807 -81.177 1932.023
v 4859.772 -81.282 1931.277
v 4854.763 -76.993 1877.829
v 4846.798 -77.132 1878.576
f 2373 2374 2375
f 2375 2376 2373
v 4846.902 -77.182 1879.183
v 4854.658 -76.938 1877.222
v 4852.165 -76.079 1867.357
v 4844.409 -76.392 1869.317
f 2377 2378 2379
f 2379 2380 2377
v 4844.409 -76.392 1869.320
v 4852.164 -76.079 1867.354
v 4835.177 -72.012 1800.330
v 4827.422 -72.677 1802.295
f 2381 2382 2383
f 2383 2384 2381
v 5368.208 -91.059 2023.347
v 5361.521 -91.182 2018.956
v 5354.809 -90.333 2029.178
v 5361.496 -90.217 2033.569
f 2385 2386 2387
f 2387 2388 2385
v 5360.186 -90.099 2034.818
v 5356.119 -90.450 2027.929
v 5349.028 -89.875 2032.115
v 5353.095 -89.624 2039.004
f 2389 2390 2391
f 2391 2392 2389
v 5352.666 -89.598 2039.224
v 5349.456 -89.919 2031.896
v 5341.619 -89.150 2035.330
v 5344.830 -88.890 2042.657
f 2393 2394 2395
f 2395 2396 2393
v 5343.649 -88.791 2042.971
v 5342.800 -89.252 2035.016
v 5334.507 -88.626 2035.901
v 5335.355 -88.186 2043.856
f 2397 2398 2399
f 2399 2400 2397
v 5334.691 -88.141 2043.871
v 5335.171 -88.673 2035.886
v 5320.466 -87.717 2035.001
v 5319.985 -87.223 2042.986
f 2401 2402 2403
f 2403 2404 2401
v 5319.255 -87.181 2042.874
v 5321.196 -87.761 2035.113
v 5303.875 -86.583 2030.781
v 5301.934 -86.002 2038.542
f 2405 2406 2407
f 2407 2408 2405
v 5302.627 -86.065 2038.652
v 5303.181 -86.516 2030.671
v 5285.871 -84.755 2029.470
v 5285.317 -84.402 2037.450
f 2409 2410 2411
f 2411 2412 2409
v 5286.814 -84.558 2037.269
v 5284.374 -84.591 2029.651
v 5269.446 -82.900 2034.431
v 5271.886 -82.941 2042.050
f 2413 2414 2415
f 2415 2416 2413
v 5272.946 -83.058 2041.527
v 5268.386 -82.773 2034.954
v 5255.251 -81.160 2044.067
v 5259.810 -81.516 2050.640
f 2417 2418 2419
f 2419 2420 2417
v 5260.101 -81.550 2050.418
v 5254.960 -81.126 2044.289
v 5241.969 -79.743 2055.184
v 5247.110 -80.176 2061.314
f 2421 2422 2423
f 2423 2424 2421
v 5246.474 -80.119 2061.750
v 5242.605 -79.803 2054.748
v 5229.914 -78.710 2061.760
v 5233.784 -79.104 2068.762
f 2425 2426 2427
f 2427 2428 2425
v 5232.671 -79.023 2069.176
v 5231.027 -78.800 2061.347
v 5218.192 -77.860 2064.041
v 5219.836 -78.183 2071.870
f 2429 2430 2431
f 2431 2432 2429
v 5218.977 -78.130 2071.955
v 5219.051 -77.921 2063.956
v 5201.885 -76.649 2063.797
v 5201.812 -77.014 2071.797
f 2433 2434 2435
f 2435 2436 2433
v 5201.220 -76.974 2071.747
v 5202.477 -76.695 2063.847
v 5184.710 -75.234 2061.021
v 5183.453 -75.688 2068.921
f 2437 2438 2439
f 2439 2440 2437
v 5182.930 -75.654 2068.802
v 5185.234 -75.270 2061.140
v 5165.820 -73.777 2055.303
v 5163.516 -74.252 2062.964
f 2441 2442 2443
f 2443 2444 2441
v 5163.063 -74.215 2062.798
v 5166.273 -73.816 2055.470
v 5142.094 -71.656 2044.878
v 5138.884 -72.165 2052.206
f 2445 2446 2447
f 2447 2448 2445
v 5138.873 -72.164 2052.201
v 5142.105 -71.656 2044.883
v 5122.847 -70.686 2036.378
v 5119.615 -71.095 2043.696
f 2449 2450 2451
f 2451 2452 2449
v 5120.908 -71.144 2044.024
v 5121.554 -70.636 2036.050
v 5084.673 -70.565 2033.065
v 5084.028 -71.029 2041.039
f 2453 2454 2455
f 2455 2456 2453
v 5084.628 -71.015 2041.043
v 5084.074 -70.581 2033.062
v 5041.082 -72.580 2036.047
v 5041.636 -72.777 2044.027
f 2457 2458 2459
f 2459 2460 2457
v 5042.249 -72.741 2043.937
v 5040.470 -72.619 2036.137
v 5006.428 -74.862 2043.903
v 5008.207 -74.747 2051.702
f 2461 2462 2463
f 2463 2464 2461
v 5008.266 -74.744 2051.688
v 5006.369 -74.865 2043.916
v 4967.251 -76.996 2053.465
v 4969.149 -76.544 2061.237
f 2465 2466 2467
f 2467 2468 2465
v 4968.359 -76.572 2061.348
v 4968.041 -76.961 2053.354
v 4954.761 -77.605 2053.882
v 4955.079 -77.110 2061.876
f 2469 2470 2471
f 2471 2472 2469
v 4953.711 -77.180 2061.692
v 4956.128 -77.526 2054.066
v 4941.044 -78.637 2049.285
v 4938.627 -78.187 2056.911
f 2473 2474 2475
f 2475 2476 2473
v 4937.092 -78.305 2056.009
v 4942.580 -78.487 2050.188
v 4928.097 -79.874 2036.532
v 4922.609 -79.727 2042.353
f 2477 2478 2479
f 2479 2480 2477
v 5408.572 -84.576 1655.445
v 5400.572 -84.053 1655.465
v 5400.728 -80.106 1719.215
v 5408.728 -80.981 1719.195
f 2481 2482 2483
f 2483 2484 2481
v 5408.642 -80.953 1720.033
v 5400.815 -80.135 1718.377
v 5394.247 -78.843 1749.427
v 5402.074 -79.763 1751.082
f 2485 2486 2487
f 2487 2488 2485
v 5402.075 -79.763 1751.076
v 5394.246 -78.843 1749.434
v 5382.602 -79.931 1804.969
v 5390.431 -80.513 1806.610
f 2489 2490 2491
f 2491 2492 2489
v 5390.354 -80.532 1806.917
v 5382.679 -79.919 1804.662
v 5368.641 -83.365 1852.444
v 5376.317 -83.940 1854.699
f 2493 2494 2495
f 2495 2496 2493
v 5376.455 -83.879 1854.014
v 5368.503 -83.428 1853.130
v 5365.220 -86.253 1882.687
v 5373.171 -86.641 1883.570
f 2497 2498 2499
f 2499 2500 2497
v 5373.180 -86.564 1882.784
v 5365.210 -86.331 1883.473
v 5368.794 -90.124 1924.981
v 5376.765 -90.288 1924.293
f 2501 2502 2503
f 2503 2504 2501
v 5376.779 -90.312 1924.587
v 5368.780 -90.099 1924.687
v 5369.225 -91.916 1960.213
v 5377.225 -92.096 1960.113
f 2505 2506 2507
f 2507 2508 2505
v 5377.123 -92.106 1961.060
v 5369.327 -91.905 1959.267
v 5363.282 -92.125 1985.548
v 5371.078 -92.318 1987.341
f 2509 2510 2511
f 2511 2512 2509
v 5371.166 -92.312 1986.784
v 5363.195 -92.130 1986.105
v 5361.169 -91.467 2009.917
v 5369.140 -91.635 2010.595
f 2513 2514 2515
f 2515 2516 2513
v 5369.153 -91.642 2010.362
v 5361.156 -91.460 2010.150
v 5360.866 -91.028 2021.045
v 5368.863 -91.211 2021.258
f 2517 2518 2519
f 2519 2520 2517
v 5470.775 -89.260 1453.555
v 5462.892 -89.439 1452.188
v 5457.816 -89.950 1481.455
v 5465.698 -89.581 1482.822
f 2521 2522 2523
f 2523 2524 2521
v 5488.514 -88.728 1459.601
v 5489.502 -88.820 1451.662
v 5467.328 -89.314 1448.902
v 5466.339 -89.395 1456.841
f 2525 2526 2527
f 2527 2528 2525
v 5496.263 -89.238 1428.864
v 5488.321 -89.236 1427.906
v 5485.037 -88.886 1455.153
v 5492.980 -88.654 1456.110
f 2529 2530 2531
f 2531 2532 2529
v 4769.557 -77.427 1964.392
v 4777.492 -77.977 1965.416
v 4778.393 -78.037 1958.430
v 4770.459 -77.492 1957.406
f 2533 2534 2535
f 2535 2536 2533
v 4770.451 -77.491 1957.472
v 4778.401 -78.038 1958.364
v 4779.147 -78.072 1951.722
v 4771.197 -77.555 1950.829
f 2537 2538 2539
f 2539 2540 2537
v 4771.184 -77.553 1951.580
v 4779.160 -78.071 1950.970
v 4778.704 -78.023 1945.001
v 4770.727 -77.542 1945.611
f 2541 2542 2543
f 2543 2544 2541
v 4770.723 -77.542 1945.552
v 4778.708 -78.024 1945.060
v 4778.307 -77.982 1938.562
v 4770.322 -77.539 1939.054
f 2545 2546 2547
f 2547 2548 2545
v 4770.421 -77.542 1939.723
v 4778.209 -77.975 1937.893
v 4776.595 -77.874 1931.025
v 4768.807 -77.485 1932.856
f 2549 2550 2551
f 2551 2552 2549
v 4768.701 -77.485 1931.869
v 4776.700 -77.881 1932.012
v 4776.811 -77.876 1925.819
v 4768.813 -77.518 1925.675
f 2553 2554 2555
f 2555 2556 2553
v 4769.660 -77.567 1923.283
v 4775.964 -77.838 1928.210
v 4779.370 -77.989 1923.852
v 4773.067 -77.710 1918.925
f 2557 2558 2559
f 2559 2560 2557
v 4773.916 -77.744 1918.117
v 4778.521 -77.953 1924.660
v 4783.775 -78.161 1920.962
v 4779.171 -77.932 1914.419
f 2561 2562 2563
f 2563 2564 2561
v 4780.831 -77.986 1913.742
v 4782.114 -78.096 1921.639
v 4789.918 -78.412 1920.371
v 4788.635 -78.234 1912.475
f 2565 2566 2567
f 2567 2568 2565
v 4786.928 -78.188 1913.185
v 4791.625 -78.470 1919.661
v 4802.222 -78.667 1911.974
v 4797.525 -78.349 1905.498
f 2569 2570 2571
f 2571 2572 2569
v 4796.813 -78.348 1906.161
v 4802.934 -78.669 1911.312
v 4809.280 -78.578 1903.771
v 4803.158 -78.271 1898.620
f 2573 2574 2575
f 2575 2576 2573
v 4802.873 -78.278 1899.004
v 4809.565 -78.569 1903.387
v 4815.387 -78.275 1894.499
v 4808.695 -77.996 1890.115
f 2577 2578 2579
f 2579 2580 2577
v 4809.064 -77.977 1889.635
v 4815.018 -78.299 1894.979
v 4821.585 -77.902 1887.663
v 4815.632 -77.610 1882.319
f 2581 2582 2583
f 2583 2584 2581
v 4816.282 -77.575 1881.737
v 4820.936 -77.937 1888.244
v 4830.610 -77.463 1881.324
v 4825.955 -77.072 1874.817
f 2585 2586 2587
f 2587 2588 2585
v 4824.486 -77.216 1876.811
v 4832.079 -77.314 1879.330
v 4835.541 -76.517 1868.897
v 4827.948 -76.487 1866.377
f 2589 2590 2591
f 2591 2592 2589
v 4827.757 -76.553 1867.319
v 4835.732 -76.444 1867.955
v 4836.556 -75.655 1857.614
v 4828.581 -75.843 1856.978
f 2593 2594 2595
f 2595 2596 2593
v 4828.633 -75.911 1858.015
v 4836.503 -75.579 1856.578
v 4832.551 -74.167 1834.932
v 4824.682 -74.650 1836.369
f 2597 2598 2599
f 2599 2600 2597
v 4824.643 -74.636 1836.112
v 4832.590 -74.180 1835.189
v 4830.942 -73.440 1821.005
v 4822.996 -73.977 1821.928
f 2601 2602 2603
f 2603 2604 2601
v 4822.978 -73.940 1821.200
v 4830.960 -73.481 1821.732
v 4831.561 -72.917 1812.712
v 4823.579 -73.433 1812.180
f 2605 2606 2607
f 2607 2608 2605
v 4823.777 -73.367 1811.175
v 4831.363 -72.989 1813.716
v 4835.092 -72.107 1802.583
v 4827.506 -72.591 1800.042
f 2609 2610 2611
f 2611 2612 2609
v 4953.903 -69.802 361.111
v 4961.903 -70.431 361.111
v 4961.903 -70.318 345.433
v 4953.903 -69.672 345.433
f 2613 2614 2615
f 2615 2616 2613
v 4953.903 -69.671 345.411
v 4961.903 -70.318 345.454
v 4962.203 -71.759 289.463
v 4954.204 -71.330 289.421
f 2617 2618 2619
f 2619 2620 2617
v 4954.205 -71.325 289.544
v 4962.202 -71.763 289.340
v 4961.746 -72.602 271.429
v 4953.748 -72.290 271.633
f 2621 2622 2623
f 2623 2624 2621
v 4953.752 -72.284 271.720
v 4961.743 -72.606 271.343
v 4960.707 -73.784 249.403
v 4952.716 -73.639 249.780
f 2625 2626 2627
f 2627 2628 2625
v 4952.742 -73.619 250.082
v 4960.682 -73.802 249.102
v 4956.941 -75.708 218.788
v 4949.002 -75.794 219.768
f 2629 2630 2631
f 2631 2632 2629
v 4949.000 -75.795 219.754
v 4956.943 -75.707 218.802
v 4954.260 -77.189 196.414
v 4946.317 -77.462 197.365
f 2633 2634 2635
f 2635 2636 2633
v 4725.857 -74.623 1979.265
v 4733.851 -74.958 1979.572
v 4735.276 -75.622 1942.395
v 4727.282 -75.338 1942.089
f 2637 2638 2639
f 2639 2640 2637
v 4727.279 -75.334 1942.231
v 4735.279 -75.626 1942.253
v 4735.423 -77.785 1888.660
v 4727.423 -77.851 1888.638
f 2641 2642 2643
f 2643 2644 2641
v 4727.424 -77.848 1888.699
v 4735.423 -77.789 1888.599
v 4735.278 -78.396 1877.030
v 4727.279 -78.558 1877.130
f 2645 2646 2647
f 2647 2648 2645
v 4727.481 -78.479 1878.336
v 4735.076 -78.463 1875.824
v 4732.906 -78.866 1869.260
v 4725.310 -78.944 1871.772
f 2649 2650 2651
f 2651 2652 2649
v 4725.772 -78.871 1872.723
v 4732.444 -78.932 1868.310
v 4728.348 -79.437 1862.116
v 4721.675 -79.400 1866.529
f 2653 2654 2655
f 2655 2656 2653
v 4722.705 -79.295 1867.590
v 4727.318 -79.541 1861.054
v 4720.750 -80.112 1856.419
v 4716.137 -79.846 1862.955
f 2657 2658 2659
f 2659 2660 2657
v 4715.696 -79.889 1862.593
v 4721.192 -80.069 1856.780
v 4707.377 -81.706 1843.718
v 4701.881 -81.519 1849.532
f 2661 2662 2663
f 2663 2664 2661
v 4701.813 -81.528 1849.466
v 4707.445 -81.698 1843.784
v 4680.672 -85.348 1817.251
v 4675.041 -85.155 1822.934
f 2665 2666 2667
f 2667 2668 2665
v 4674.864 -85.178 1822.747
v 4680.849 -85.324 1817.439
v 4670.508 -86.796 1805.777
v 4664.522 -86.653 1811.085
f 2669 2670 2671
f 2671 2672 2669
v 4664.840 -86.610 1811.405
v 4670.189 -86.839 1805.457
v 4659.659 -87.903 1795.987
v 4654.310 -87.855 1801.936
f 2673 2674 2675
f 2675 2676 2673
v 4654.627 -87.824 1802.194
v 4659.341 -87.934 1795.730
v 4606.887 -89.883 1757.483
v 4602.174 -89.617 1763.947
f 2677 2678 2679
f 2679 2680 2677
v 4602.584 -89.631 1764.209
v 4606.476 -89.869 1757.220
v 4506.745 -85.448 1701.685
v 4502.853 -85.102 1708.674
f 2681 2682 2683
f 2683 2684 2681
v 4502.715 -85.100 1708.593
v 4506.884 -85.450 1701.766
v 4448.964 -87.380 1666.397
v 4444.795 -86.837 1673.225
f 2685 2686 2687
f 2687 2688 2685
v 4444.641 -86.848 1673.126
v 4449.119 -87.369 1666.497
v 4393.259 -93.123 1628.764
v 4388.781 -92.665 1635.393
f 2689 2690 2691
f 2691 2692 2689
v 4388.299 -92.719 1635.012
v 4393.740 -93.071 1629.146
v 4374.815 -95.066 1611.594
v 4369.375 -94.753 1617.459
f 2693 2694 2695
f 2695 2696 2693
v 4370.142 -94.694 1618.017
v 4374.049 -95.123 1611.036
v 4351.796 -96.120 1598.582
v 4347.889 -95.733 1605.563
f 2697 2698 2699
f 2699 2700 2697
v 4348.465 -95.720 1605.828
v 4351.220 -96.128 1598.317
v 4326.117 -96.067 1589.112
v 4323.363 -95.873 1596.622
f 2701 2702 2703
f 2703 2704 2701
v 4323.225 -95.872 1596.569
v 4326.255 -96.069 1589.165
v 4296.411 -95.097 1576.949
v 4293.380 -95.081 1584.352
f 2705 2706 2707
f 2707 2708 2705
v 4293.140 -95.071 1584.245
v 4296.651 -95.109 1577.056
v 4272.583 -93.722 1565.302
v 4269.073 -93.853 1572.490
f 2709 2710 2711
f 2711 2712 2709
v 4289.752 -94.634 2500.015
v 4284.810 -94.266 2493.725
v 4268.390 -93.843 2506.627
v 4273.333 -94.265 2512.918
f 2713 2714 2715
f 2715 2716 2713
v 4306.996 -95.697 2148.815
v 4301.162 -96.275 2154.290
v 4330.796 -92.842 2185.867
v 4336.629 -92.224 2180.392
f 2717 2718 2719
f 2719 2720 2717
v 4336.464 -92.245 2180.226
v 4330.961 -92.820 2186.033
v 4369.756 -88.028 2222.799
v 4375.259 -87.505 2216.993
f 2721 2722 2723
f 2723 2724 2721
v 4375.259 -87.505 2216.993
v 4369.755 -88.028 2222.799
v 4378.293 -87.227 2230.894
v 4383.798 -86.704 2225.089
f 2725 2726 2727
f 2727 2728 2725
v 4383.950 -86.689 2225.242
v 4378.141 -87.242 2230.741
v 4404.857 -86.052 2258.963
v 4410.667 -85.576 2253.464
f 2729 2730 2731
f 2731 2732 2729
v 4411.000 -85.579 2253.865
v 4404.524 -86.049 2258.561
v 4408.631 -86.201 2264.227
v 4415.108 -85.639 2259.531
f 2733 2734 2735
f 2735 2736 2733
v 4415.400 -85.646 2259.998
v 4408.340 -86.178 2263.760
v 4411.323 -86.473 2269.359
v 4418.383 -85.891 2265.598
f 2737 2738 2739
f 2739 2740 2737
v 4418.630 -85.923 2266.162
v 4411.076 -86.441 2268.795
v 4413.391 -86.845 2275.438
v 4420.946 -86.329 2272.805
f 2741 2742 2743
f 2743 2744 2741
v 4421.111 -86.370 2273.445
v 4413.226 -86.803 2274.797
v 4414.417 -87.278 2281.744
v 4422.302 -86.847 2280.392
f 2745 2746 2747
f 2747 2748 2745
v 4422.349 -86.874 2280.773
v 4414.371 -87.251 2281.362
v 4417.209 -90.634 2319.806
v 4425.187 -90.259 2319.217
f 2749 2750 2751
f 2751 2752 2749
v 4425.165 -90.338 2320.027
v 4417.232 -90.554 2318.996
v 4416.408 -91.217 2325.335
v 4424.341 -91.009 2326.366
f 2753 2754 2755
f 2755 2756 2753
v 4424.304 -91.034 2326.596
v 4416.445 -91.192 2325.104
v 4415.254 -91.880 2331.377
v 4423.113 -91.725 2332.869
f 2757 2758 2759
f 2759 2760 2757
v 4423.001 -91.775 2333.317
v 4415.366 -91.830 2330.929
v 4413.429 -92.538 2337.123
v 4421.064 -92.486 2339.511
f 2761 2762 2763
f 2763 2764 2761
v 4420.764 -92.570 2340.222
v 4413.729 -92.454 2336.412
v 4409.766 -93.353 2343.728
v 4416.801 -93.472 2347.538
f 2765 2766 2767
f 2767 2768 2765
v 4416.185 -93.582 2348.387
v 4410.382 -93.243 2342.879
v 4406.208 -93.851 2347.277
v 4412.010 -94.191 2352.785
f 2769 2770 2771
f 2771 2772 2769
v 4411.172 -94.284 2353.458
v 4407.046 -93.751 2346.604
v 4359.647 -96.748 2375.129
v 4363.772 -97.177 2381.984
f 2773 2774 2775
f 2775 2776 2773
v 4363.784 -97.177 2381.976
v 4359.634 -96.749 2375.137
v 4349.927 -96.838 2381.027
v 4354.077 -97.247 2387.866
f 2777 2778 2779
f 2779 2780 2777
v 4354.378 -97.249 2387.664
v 4349.626 -96.840 2381.228
v 4342.346 -96.817 2386.603
v 4347.098 -97.180 2393.039
f 2781 2782 2783
f 2783 2784 2781
v 4347.416 -97.183 2392.778
v 4342.028 -96.814 2386.864
v 4336.172 -96.747 2392.200
v 4341.560 -97.112 2398.113
f 2785 2786 2787
f 2787 2788 2785
v 4341.721 -97.114 2397.958
v 4336.012 -96.745 2392.355
v 4330.334 -96.642 2398.139
v 4336.044 -97.012 2403.743
f 2789 2790 2791
f 2791 2792 2789
v 4336.286 -97.017 2403.473
v 4330.092 -96.636 2398.409
v 4324.348 -96.492 2405.435
v 4330.542 -96.884 2410.498
f 2793 2794 2795
f 2795 2796 2793
v 4330.477 -96.882 2410.575
v 4324.413 -96.494 2405.358
v 4316.131 -96.131 2414.985
v 4322.195 -96.522 2420.202
f 2797 2798 2799
f 2799 2800 2797
v 4322.464 -96.536 2419.852
v 4315.861 -96.114 2415.335
v 4308.770 -95.641 2425.702
v 4315.373 -96.121 2430.219
f 2801 2802 2803
f 2803 2804 2801
v 4315.750 -96.146 2429.533
v 4308.394 -95.614 2426.388
v 4303.318 -95.233 2438.260
v 4310.674 -95.791 2441.405
f 2805 2806 2807
f 2807 2808 2805
v 4310.804 -95.800 2441.056
v 4303.187 -95.222 2438.610
v 4298.033 -94.834 2454.655
v 4305.650 -95.410 2457.102
f 2809 2810 2811
f 2811 2812 2809
v 4305.611 -95.407 2457.217
v 4298.072 -94.837 2454.539
v 4283.512 -94.225 2495.531
v 4291.050 -94.679 2498.209
f 2813 2814 2815
f 2815 2816 2813
v 4291.139 -94.680 2497.927
v 4283.423 -94.226 2495.813
v 4281.709 -94.254 2502.073
v 4289.425 -94.675 2504.186
f 2817 2818 2819
f 2819 2820 2817
v 4289.511 -94.674 2503.796
v 4281.623 -94.257 2502.463
v 4274.231 -95.653 2546.215
v 4282.119 -95.686 2547.548
f 2821 2822 2823
f 2823 2824 2821
v 4282.172 -95.667 2547.034
v 4274.178 -95.677 2546.729
v 4273.132 -96.971 2574.198
v 4281.126 -96.695 2574.502
f 2825 2826 2827
f 2827 2828 2825
v 4281.123 -96.681 2574.130
v 4273.135 -96.988 2574.570
v 4273.513 -97.295 2581.437
v 4281.501 -96.917 2580.997
f 2829 2830 2831
f 2831 2832 2829
v 4281.441 -96.902 2580.495
v 4273.573 -97.316 2581.939
v 4274.619 -97.531 2587.643
v 4282.488 -97.052 2586.200
f 2833 2834 2835
f 2835 2836 2833
v 4282.427 -97.046 2585.923
v 4274.680 -97.541 2587.921
v 4276.172 -97.723 2593.705
v 4283.918 -97.154 2591.707
f 2837 2838 2839
f 2839 2840 2837
v 4283.794 -97.149 2591.310
v 4276.297 -97.734 2594.102
v 4278.913 -97.823 2601.127
v 4286.410 -97.181 2598.336
f 2841 2842 2843
f 2843 2844 2841
v 4286.318 -97.182 2598.110
v 4279.005 -97.823 2601.354
v 4308.705 -95.518 2668.308
v 4316.018 -94.576 2665.064
f 2845 2846 2847
f 2847 2848 2845
v 5476.362 -89.043 1526.495
v 5476.785 -89.024 1534.484
v 5501.977 -87.581 1533.150
v 5501.554 -87.573 1525.162
f 2849 2850 2851
f 2851 2852 2849
v 5501.458 -87.579 1525.168
v 5502.073 -87.576 1533.144
v 5529.102 -86.325 1531.057
v 5528.486 -86.342 1523.081
f 2853 2854 2855
f 2855 2856 2853
v 5528.874 -86.330 1523.070
v 5528.714 -86.337 1531.068
v 5603.354 0.050 1532.561
v 5603.514 0.050 1524.562
f 2857 2858 2859
f 2859 2860 2857
v 5603.607 0.050 1524.565
v 5603.260 0.050 1532.558
v 5675.373 0.050 1535.688
v 5675.720 0.050 1527.695
f 2861 2862 2863
f 2863 2864 2861
v 5439.067 -88.150 1408.748
v 5431.304 -87.798 1406.816
v 5417.088 -90.783 1463.937
v 5424.851 -90.781 1465.869
f 2865 2866 2867
f 2867 2868 2865
v 5424.914 -90.766 1465.569
v 5417.026 -90.800 1464.237
v 5409.345 -92.195 1509.736
v 5417.233 -91.972 1511.068
f 2869 2870 2871
f 2871 2872 2869
v 4827.524 -72.681 1802.633
v 4835.075 -72.007 1799.992
v 4812.833 -72.952 1736.401
v 4805.282 -73.877 1739.042
f 2873 2874 2875
f 2875 2876 2873
v 4805.304 -73.873 1739.103
v 4812.811 -72.956 1736.340
v 4798.028 -75.372 1696.177
v 4790.521 -76.106 1698.941
f 2877 2878 2879
f 2879 2880 2877
v 4790.648 -76.089 1699.247
v 4797.901 -75.392 1695.872
v 4771.329 -77.900 1638.765
v 4764.076 -78.238 1642.140
f 2881 2882 2883
f 2883 2884 2881
v 4764.368 -78.232 1642.661
v 4771.037 -77.909 1638.243
v 4744.688 -77.373 1598.464
v 4738.018 -77.493 1602.881
f 2885 2886 2887
f 2887 2888 2885
v 4737.941 -77.487 1602.759
v 4744.766 -77.379 1598.585
v 4738.643 -76.871 1588.574
v 4731.818 -76.891 1592.748
f 2889 2890 2891
f 2891 2892 2889
v 4731.286 -76.818 1591.323
v 4739.176 -76.934 1590.000
v 4738.062 -76.666 1583.357
v 4730.172 -76.526 1584.679
f 2893 2894 2895
f 2895 2896 2893
v 4914.629 -80.756 2030.254
v 4907.713 -81.282 2026.232
v 4896.515 -80.399 2045.488
v 4903.430 -79.892 2049.510
f 2897 2898 2899
f 2899 2900 2897
v 4903.524 -79.905 2049.339
v 4896.421 -80.388 2045.659
v 4890.153 -79.345 2057.756
v 4897.257 -78.959 2061.436
f 2901 2902 2903
f 2903 2904 2901
v 4897.275 -78.962 2061.400
v 4890.135 -79.342 2057.792
v 4886.105 -78.624 2065.769
v 4893.246 -78.237 2069.376
f 2905 2906 2907
f 2907 2908 2905
v 4893.614 -78.339 2068.267
v 4885.736 -78.524 2066.878
v 4883.576 -77.415 2079.120
v 4891.455 -77.190 2080.510
f 2909 2910 2911
f 2911 2912 2909
v 4891.433 -77.178 2080.625
v 4883.598 -77.426 2079.005
v 4881.283 -76.306 2090.204
v 4889.117 -76.035 2091.824
f 2913 2914 2915
f 2915 2916 2913
v 4888.826 -75.947 2092.703
v 4881.574 -76.392 2089.325
v 4876.498 -75.360 2100.220
v 4883.750 -74.898 2103.599
f 2917 2918 2919
f 2919 2920 2917
v 4882.914 -74.791 2104.776
v 4877.334 -75.466 2099.043
v 4868.974 -74.794 2107.178
v 4874.554 -74.141 2112.912
f 2921 2922 2923
f 2923 2924 2921
v 4873.868 -74.104 2113.446
v 4869.660 -74.834 2106.643
v 4860.843 -74.481 2112.097
v 4865.052 -73.775 2118.901
f 2925 2926 2927
f 2927 2928 2925
v 4864.783 -73.767 2119.053
v 4861.112 -74.489 2111.945
v 4853.876 -74.329 2115.683
v 4857.547 -73.583 2122.790
f 2929 2930 2931
f 2931 2932 2929
v 4858.221 -73.608 2122.351
v 4853.202 -74.316 2116.122
v 4843.940 -74.081 2123.583
v 4848.959 -73.338 2129.813
f 2933 2934 2935
f 2935 2936 2933
v 4849.447 -73.353 2129.347
v 4843.453 -74.066 2124.049
v 4834.347 -73.759 2134.350
v 4840.341 -73.033 2139.648
f 2937 2938 2939
f 2939 2940 2937
v 4840.836 -73.057 2138.951
v 4833.852 -73.738 2135.048
v 4829.010 -73.502 2143.711
v 4835.993 -72.852 2147.614
f 2941 2942 2943
f 2943 2944 2941
v 4836.157 -72.859 2147.286
v 4828.846 -73.496 2144.039
v 4824.805 -73.320 2153.138
v 4832.116 -72.646 2156.385
f 2945 2946 2947
f 2947 2948 2945
v 4832.377 -72.670 2155.576
v 4824.544 -73.300 2153.948
v 4816.930 -72.700 2190.596
v 4824.763 -71.962 2192.223
f 2949 2950 2951
f 2951 2952 2949
v 4824.838 -71.969 2191.676
v 4816.855 -72.694 2191.144
v 4813.282 -73.162 2244.748
v 4821.264 -72.442 2245.280
f 2953 2954 2955
f 2955 2956 2953
v 4821.231 -72.452 2245.590
v 4813.315 -73.152 2244.439
v 4811.968 -73.506 2253.696
v 4819.884 -72.795 2254.848
f 2957 2958 2959
f 2959 2960 2957
v 4819.843 -72.804 2255.082
v 4812.009 -73.496 2253.462
v 4807.534 -74.610 2275.107
v 4815.368 -73.944 2276.727
f 2961 2962 2963
f 2963 2964 2961
v 4815.390 -73.938 2276.612
v 4807.512 -74.616 2275.222
v 4805.564 -75.149 2286.263
v 4813.442 -74.534 2287.653
f 2965 2966 2967
f 2967 2968 2965
v 4813.503 -74.502 2286.958
v 4805.503 -75.176 2286.958
v 4805.503 -75.506 2296.295
v 4813.503 -74.917 2296.295
f 2969 2970 2971
f 2971 2972 2969
v 4813.457 -74.890 2295.692
v 4805.549 -75.527 2296.897
v 4807.118 -75.847 2307.198
v 4815.027 -75.323 2305.993
f 2973 2974 2975
f 2975 2976 2973
v 4814.894 -75.299 2305.414
v 4807.251 -75.864 2307.777
v 4810.390 -76.152 2317.932
v 4818.033 -75.713 2315.570
f 2977 2978 2979
f 2979 2980 2977
v 4817.720 -75.684 2314.829
v 4810.704 -76.172 2318.673
v 4825.632 -77.397 2345.918
v 4832.648 -77.066 2342.074
f 2981 2982 2983
f 2983 2984 2981
v 4832.471 -77.047 2341.781
v 4825.809 -77.415 2346.210
v 4842.607 -79.189 2371.474
v 4849.269 -78.943 2367.044
f 2985 2986 2987
f 2987 2988 2985
v 4849.073 -78.920 2366.775
v 4842.803 -79.212 2371.743
v 4873.994 -82.081 2411.111
v 4880.265 -81.783 2406.143
f 2989 2990 2991
f 2991 2992 2989
v 4880.438 -81.799 2406.379
v 4873.821 -82.066 2410.875
v 4905.926 -82.541 2458.126
v 4912.543 -82.305 2453.630
f 2993 2994 2995
f 2995 2996 2993
v 4912.698 -82.294 2453.878
v 4905.770 -82.552 2457.879
v 4912.115 -82.102 2468.866
v 4919.043 -81.849 2464.865
f 2997 2998 2999
f 2999 3000 2997
v 4919.167 -81.840 2465.097
v 4911.992 -82.111 2468.635
v 4916.623 -81.643 2478.025
v 4923.798 -81.502 2474.486
f 3001 3002 3003
f 3003 3004 3001
v 4923.888 -81.492 2474.682
v 4916.533 -81.657 2477.829
v 4921.754 -80.820 2490.031
v 4929.109 -80.675 2486.884
f 3005 3006 3007
f 3007 3008 3005
v 4929.234 -80.654 2487.219
v 4921.628 -80.842 2489.696
v 4931.557 -78.597 2520.189
v 4939.164 -78.527 2517.712
f 3009 3010 3011
f 3011 3012 3009
v 4939.219 -78.512 2517.894
v 4931.503 -78.612 2520.008
v 4934.553 -77.713 2531.140
v 4942.269 -77.603 2529.026
f 3013 3014 3015
f 3015 3016 3013
v 4942.328 -77.584 2529.274
v 4934.494 -77.732 2530.893
v 4936.353 -76.979 2539.886
v 4944.187 -76.883 2538.267
f 3017 3018 3019
f 3019 3020 3017
v 4943.964 -76.947 2537.543
v 4936.576 -76.912 2540.610
v 4938.746 -76.423 2545.840
v 4946.135 -76.477 2542.773
f 3021 3022 3023
f 3023 3024 3021
v 4945.952 -76.511 2542.390
v 4938.929 -76.386 2546.222
v 4941.545 -75.936 2551.016
v 4948.568 -76.087 2547.184
f 3025 3026 3027
f 3027 3028 3025
v 4948.097 -76.148 2546.500
v 4942.017 -75.872 2551.700
v 4945.902 -75.457 2556.243
v 4951.982 -75.741 2551.043
f 3029 3030 3031
f 3031 3032 3029
v 4951.202 -75.805 2550.343
v 4946.681 -75.394 2556.943
v 4951.212 -75.122 2560.046
v 4955.733 -75.515 2553.446
f 3033 3034 3035
f 3035 3036 3033
v 4955.033 -75.551 2553.063
v 4951.912 -75.090 2560.429
v 5007.404 -74.779 2583.949
v 5010.526 -74.841 2576.583
f 3037 3038 3039
f 3039 3040 3037
v 5009.987 -74.830 2576.399
v 5007.943 -74.795 2584.133
v 5016.437 -75.076 2586.378
v 5018.481 -75.027 2578.644
f 3041 3042 3043
f 3043 3044 3041
v 5018.951 -75.040 2578.800
v 5015.967 -75.059 2586.222
v 5024.082 -75.408 2589.484
v 5027.066 -75.334 2582.062
f 3045 3046 3047
f 3047 3048 3045
v 5026.754 -75.322 2581.951
v 5024.394 -75.423 2589.595
v 5029.826 -75.692 2591.272
v 5032.186 -75.544 2583.628
f 3049 3050 3051
f 3051 3052 3049
v 5033.626 -75.619 2584.428
v 5028.387 -75.609 2590.473
v 5032.272 -75.880 2593.840
v 5037.511 -75.883 2587.795
f 3053 3054 3055
f 3055 3056 3053
v 5038.177 -75.938 2588.536
v 5031.606 -75.826 2593.099
v 5034.679 -76.114 2597.523
v 5041.249 -76.252 2592.960
f 3057 3058 3059
f 3059 3060 3057
v 5041.656 -76.303 2593.704
v 5034.271 -76.072 2596.780
v 5036.598 -76.363 2602.366
v 5043.983 -76.649 2599.290
f 3061 3062 3063
f 3063 3064 3061
v 5043.831 -76.629 2598.967
v 5036.750 -76.381 2602.688
v 5040.434 -76.834 2609.701
v 5047.516 -77.119 2605.979
f 3065 3066 3067
f 3067 3068 3065
v 5046.842 -77.040 2605.051
v 5041.108 -76.910 2610.630
v 5044.938 -77.312 2614.565
v 5050.671 -77.443 2608.986
f 3069 3070 3071
f 3071 3072 3069
v 5049.870 -77.364 2608.350
v 5045.739 -77.392 2615.201
v 5049.769 -77.777 2617.631
v 5053.900 -77.731 2610.780
f 3073 3074 3075
f 3075 3076 3073
v 5052.535 -77.619 2610.267
v 5051.134 -77.898 2618.144
v 5055.442 -78.244 2618.910
v 5056.843 -77.932 2611.033
f 3077 3078 3079
f 3079 3080 3077
v 5054.582 -77.800 2611.288
v 5057.703 -78.394 2618.654
v 5063.469 -78.643 2616.211
v 5060.348 -78.034 2608.845
f 3081 3082 3083
f 3083 3084 3081
v 5059.683 -78.013 2609.205
v 5064.135 -78.655 2615.852
v 5071.627 -78.715 2610.833
v 5067.174 -78.097 2604.187
f 3085 3086 3087
f 3087 3088 3085
v 5067.633 -78.101 2603.922
v 5071.168 -78.710 2611.098
v 5074.385 -78.760 2609.514
v 5070.850 -78.140 2602.337
f 3089 3090 3091
f 3091 3092 3089
v 5071.955 -78.164 2601.981
v 5073.281 -78.732 2609.870
v 5075.952 -78.828 2609.421
v 5074.626 -78.248 2601.532
f 3093 3094 3095
f 3095 3096 3093
v 5075.647 -78.288 2601.492
v 5074.932 -78.782 2609.460
v 5078.762 -78.985 2609.804
v 5079.476 -78.472 2601.836
f 3097 3098 3099
f 3099 3100 3097
v 5080.340 -78.521 2602.011
v 5077.897 -78.933 2609.629
v 5082.840 -79.277 2611.213
v 5085.283 -78.844 2603.595
f 3101 3102 3103
f 3103 3104 3101
v 5085.140 -78.835 2603.553
v 5082.982 -79.286 2611.256
v 5089.016 -79.701 2612.946
v 5091.174 -79.224 2605.243
f 3105 3106 3107
f 3107 3108 3105
v 5090.895 -79.206 2605.176
v 5089.295 -79.720 2613.014
v 5096.085 -80.162 2614.400
v 5097.686 -79.617 2606.562
f 3109 3110 3111
f 3111 3112 3109
v 5097.501 -79.606 2606.529
v 5096.270 -80.174 2614.434
v 5104.407 -80.664 2615.701
v 5105.639 -80.032 2607.797
f 3113 3114 3115
f 3115 3116 3113
v 5105.411 -80.024 2607.768
v 5104.634 -80.671 2615.730
v 5117.625 -81.057 2616.998
v 5118.402 -80.410 2609.036
f 3117 3118 3119
f 3119 3120 3117
v 5118.292 -80.407 2609.026
v 5117.736 -81.060 2617.007
v 5127.220 -81.319 2617.667
v 5127.776 -80.666 2609.687
f 3121 3122 3123
f 3123 3124 3121
v 5127.386 -80.657 2609.679
v 5127.610 -81.328 2617.676
v 5135.147 -81.473 2617.464
v 5134.922 -80.802 2609.467
f 3125 3126 3127
f 3127 3128 3125
v 5134.286 -80.794 2609.537
v 5135.783 -81.481 2617.395
v 5144.444 -81.530 2615.744
v 5142.946 -80.843 2607.886
f 3129 3130 3131
f 3131 3132 3129
v 5142.530 -80.843 2607.988
v 5144.860 -81.531 2615.642
v 5153.666 -81.254 2612.961
v 5151.336 -80.661 2605.308
f 3133 3134 3135
f 3135 3136 3133
v 5150.690 -80.683 2605.568
v 5154.312 -81.230 2612.701
v 5163.128 -80.852 2608.224
v 5159.506 -80.333 2601.091
f 3137 3138 3139
f 3139 3140 3137
v 5158.938 -80.359 2601.442
v 5163.696 -80.825 2607.873
v 5169.373 -80.519 2603.674
v 5164.616 -80.063 2597.242
f 3141 3142 3143
f 3143 3144 3141
v 5164.076 -80.096 2597.722
v 5169.912 -80.486 2603.194
v 5176.091 -80.059 2596.604
v 5170.255 -79.593 2591.132
f 3145 3146 3147
f 3147 3148 3145
v 5170.418 -79.581 2590.968
v 5175.927 -80.069 2596.768
v 5179.389 -79.839 2593.480
v 5173.880 -79.347 2587.680
f 3149 3150 3151
f 3151 3152 3149
v 5173.869 -79.348 2587.690
v 5179.401 -79.839 2593.469
v 5184.243 -79.535 2588.834
v 5178.711 -79.046 2583.055
f 3153 3154 3155
f 3155 3156 3153
v 5179.124 -79.026 2582.710
v 5183.830 -79.556 2589.179
v 5190.220 -79.280 2584.531
v 5185.514 -78.785 2578.062
f 3157 3158 3159
f 3159 3160 3157
v 5186.515 -78.765 2577.531
v 5189.218 -79.308 2585.061
v 5202.020 -79.158 2580.465
v 5199.317 -78.719 2572.936
f 3161 3162 3163
f 3163 3164 3161
v 5199.161 -78.719 2572.995
v 5202.176 -79.157 2580.406
v 5224.640 -79.228 2571.267
v 5221.626 -78.963 2563.857
f 3165 3166 3167
f 3167 3168 3165
v 5221.343 -78.958 2563.985
v 5224.922 -79.232 2571.139
v 5234.663 -79.443 2566.266
v 5231.084 -79.223 2559.112
f 3169 3170 3171
f 3171 3172 3169
v 5230.520 -79.204 2559.454
v 5235.227 -79.459 2565.923
v 5238.911 -79.577 2563.243
v 5234.205 -79.337 2556.774
f 3173 3174 3175
f 3175 3176 3173
v 5235.686 -79.402 2556.104
v 5237.429 -79.525 2563.912
v 5241.570 -79.678 2562.988
v 5239.828 -79.598 2555.180
f 3177 3178 3179
f 3179 3180 3177
v 5241.630 -79.687 2555.194
v 5239.768 -79.609 2562.974
v 5244.844 -79.797 2564.189
v 5246.706 -79.926 2556.408
f 3181 3182 3183
f 3183 3184 3181
v 5248.235 -79.992 2557.145
v 5243.315 -79.744 2563.453
v 5247.345 -79.868 2566.596
v 5252.265 -80.130 2560.288
f 3185 3186 3187
f 3187 3188 3185
v 5253.416 -80.153 2561.720
v 5246.194 -79.840 2565.163
v 5249.267 -79.875 2571.608
v 5256.488 -80.138 2568.165
f 3189 3190 3191
f 3191 3192 3189
v 5256.139 -80.140 2567.571
v 5249.615 -79.877 2572.201
v 5262.473 -79.668 2590.320
v 5268.997 -79.851 2585.690
f 3193 3194 3195
f 3195 3196 3193
v 5269.295 -79.836 2586.181
v 5262.175 -79.682 2589.828
v 5267.106 -79.360 2599.456
v 5274.226 -79.485 2595.808
f 3197 3198 3199
f 3199 3200 3197
v 5274.386 -79.470 2596.160
v 5266.947 -79.372 2599.103
v 5271.199 -78.989 2609.853
v 5278.638 -79.048 2606.910
f 3201 3202 3203
f 3203 3204 3201
v 5278.799 -79.027 2607.411
v 5271.038 -79.007 2609.353
v 5273.877 -78.572 2620.696
v 5281.638 -78.516 2618.754
f 3205 3206 3207
f 3207 3208 3205
v 5281.672 -78.509 2618.903
v 5273.843 -78.578 2620.548
v 5278.095 -77.895 2640.780
v 5285.924 -77.696 2639.134
f 3209 3210 3211
f 3211 3212 3209
v 4265.268 -97.155 241.357
v 4270.199 -97.324 247.656
v 4307.969 -95.595 218.096
v 4303.039 -95.584 211.796
f 3213 3214 3215
f 3215 3216 3213
v 5020.720 -75.981 391.707
v 5016.603 -75.562 398.566
v 5118.927 -76.885 459.985
v 5123.045 -77.662 453.125
f 3217 3218 3219
f 3219 3220 3217
v 5123.044 -77.662 453.125
v 5118.928 -76.885 459.985
v 5141.971 -75.987 473.814
v 5146.087 -76.775 466.954
f 3221 3222 3223
f 3223 3224 3221
v 5146.100 -76.774 466.962
v 5141.959 -75.987 473.807
v 5164.467 -75.497 487.424
v 5168.608 -76.244 480.580
f 3225 3226 3227
f 3227 3228 3225
v 4979.108 -71.820 368.514
v 4975.214 -71.576 375.502
v 5016.714 -75.571 398.630
v 5020.608 -75.972 391.642
f 3229 3230 3231
f 3231 3232 3229
v 5020.293 -76.011 384.151
v 5024.198 -76.461 377.169
v 4978.813 -71.715 351.782
v 4974.908 -71.441 358.764
f 3233 3234 3235
f 3235 3236 3233
v 5169.134 -76.859 473.418
v 5173.248 -77.540 466.558
v 5024.303 -76.471 377.229
v 5020.188 -76.002 384.090
f 3237 3238 3239
f 3239 3240 3237
v 4280.439 -94.827 508.705
v 4281.900 -94.628 516.570
v 4304.442 -95.477 512.383
v 4302.981 -95.477 504.518
f 3241 3242 3243
f 3243 3244 3241
v 4303.057 -95.479 504.505
v 4304.367 -95.474 512.397
v 4315.109 -95.804 510.613
v 4313.799 -95.713 502.721
f 3245 3246 3247
f 3247 3248 3245
v 4314.138 -95.719 502.680
v 4314.770 -95.794 510.655
v 4326.113 -96.050 509.757
v 4325.482 -95.881 501.782
f 3249 3250 3251
f 3251 3252 3249
v 4325.797 -95.884 501.769
v 4325.797 -96.044 509.769
v 4336.250 -96.253 509.769
v 4336.250 -96.003 501.769
f 3253 3254 3255
f 3255 3256 3253
v 4336.824 -96.011 501.811
v 4335.677 -96.240 509.728
v 4345.985 -96.507 511.221
v 4347.132 -96.193 503.303
f 3257 3258 3259
f 3259 3260 3257
v 4347.465 -96.200 503.366
v 4345.652 -96.498 511.158
v 4358.488 -96.938 514.143
v 4360.300 -96.533 506.351
f 3261 3262 3263
f 3263 3264 3261
v 4360.479 -96.535 506.397
v 4358.309 -96.931 514.097
v 4370.777 -97.185 517.610
v 4372.946 -96.686 509.910
f 3265 3266 3267
f 3267 3268 3265
v 4373.196 -96.690 509.989
v 4370.527 -97.180 517.531
v 4377.919 -97.366 520.146
v 4380.587 -96.844 512.605
f 3269 3270 3271
f 3271 3272 3269
v 4381.143 -96.861 512.850
v 4377.363 -97.348 519.901
v 4383.475 -97.600 523.177
v 4387.254 -97.092 516.126
f 3273 3274 3275
f 3275 3276 3273
v 4387.858 -97.122 516.524
v 4382.871 -97.569 522.779
v 4388.403 -97.908 527.190
v 4393.391 -97.471 520.935
f 3277 3278 3279
f 3279 3280 3277
v 4392.494 -97.426 520.395
v 4389.301 -97.941 527.730
v 4393.397 -98.062 529.513
v 4396.590 -97.582 522.178
f 3281 3282 3283
f 3283 3284 3281
v 4395.555 -97.555 521.885
v 4394.432 -98.085 529.806
v 4399.742 -98.170 530.559
v 4400.865 -97.638 522.638
f 3285 3286 3287
f 3287 3288 3285
v 4400.146 -97.632 522.602
v 4400.461 -98.178 530.596
v 4404.491 -98.065 530.437
v 4404.176 -97.522 522.443
f 3289 3290 3291
f 3291 3292 3289
v 4403.501 -97.554 522.528
v 4405.166 -98.036 530.353
v 4411.433 -97.737 529.019
v 4409.768 -97.214 521.194
f 3293 3294 3295
f 3295 3296 3293
v 4410.193 -97.192 521.127
v 4411.009 -97.756 529.085
v 4417.577 -97.482 528.412
v 4416.760 -96.896 520.453
f 3297 3298 3299
f 3299 3300 3297
v 4417.762 -96.861 520.477
v 4416.575 -97.517 528.388
v 4422.029 -97.364 529.207
v 4423.217 -96.732 521.296
f 3301 3302 3303
f 3303 3304 3301
v 4423.240 -96.731 521.299
v 4422.007 -97.365 529.204
v 4455.447 -95.854 534.421
v 4456.680 -95.358 526.517
f 3305 3306 3307
f 3307 3308 3305
v 4505.595 -89.872 197.607
v 4498.037 -90.661 194.983
v 4491.614 -90.100 213.489
v 4499.172 -89.455 216.112
f 3309 3310 3311
f 3311 3312 3309
v 4498.971 -89.443 216.588
v 4491.815 -90.115 213.012
v 4483.009 -89.413 230.633
v 4490.165 -88.844 234.209
f 3313 3314 3315
f 3315 3316 3313
v 4490.045 -88.834 234.431
v 4483.129 -89.424 230.410
v 4472.677 -88.393 248.387
v 4479.592 -87.866 252.408
f 3317 3318 3319
f 3319 3320 3317
v 4479.592 -87.866 252.409
v 4472.677 -88.393 248.386
v 4465.508 -87.608 260.710
v 4472.423 -87.150 264.732
f 3321 3322 3323
f 3323 3324 3321
v 4919.101 -82.124 586.400
v 4913.015 -82.331 581.207
v 4895.137 -82.748 602.155
v 4901.223 -82.432 607.348
f 3325 3326 3327
f 3327 3328 3325
v 4901.471 -82.430 607.025
v 4894.889 -82.738 602.478
v 4889.223 -82.492 610.681
v 4895.805 -82.392 615.228
f 3329 3330 3331
f 3331 3332 3329
v 4895.742 -82.390 615.317
v 4889.286 -82.495 610.591
v 4863.761 -80.543 645.461
v 4870.216 -80.192 650.186
f 3333 3334 3335
f 3335 3336 3333
v 4870.201 -80.190 650.207
v 4863.776 -80.544 645.440
v 4859.513 -80.134 651.185
v 4865.937 -79.704 655.953
f 3337 3338 3339
f 3339 3340 3337
v 4865.577 -79.669 656.374
v 4859.873 -80.169 650.765
v 4850.989 -79.347 659.799
v 4856.694 -78.945 665.408
f 3341 3342 3343
f 3343 3344 3341
v 4856.474 -78.929 665.615
v 4851.209 -79.367 659.592
v 4846.434 -78.975 663.765
v 4851.698 -78.554 669.789
f 3345 3346 3347
f 3347 3348 3345
v 4851.653 -78.551 669.828
v 4846.479 -78.979 663.727
v 4839.610 -78.488 669.551
v 4844.785 -78.070 675.653
f 3349 3350 3351
f 3351 3352 3349
v 4844.643 -78.061 675.767
v 4839.752 -78.497 669.436
v 4833.563 -78.142 674.218
v 4838.453 -77.704 680.549
f 3353 3354 3355
f 3355 3356 3353
v 4838.350 -77.698 680.626
v 4833.666 -78.147 674.141
v 4822.311 -77.634 682.343
v 4826.996 -77.180 688.828
f 3357 3358 3359
f 3359 3360 3357
v 4826.882 -77.176 688.907
v 4822.425 -77.638 682.264
v 4813.842 -77.364 688.023
v 4818.299 -76.932 694.666
f 3361 3362 3363
f 3363 3364 3361
v 4818.266 -76.931 694.688
v 4813.876 -77.365 688.000
v 4799.549 -77.193 697.404
v 4803.939 -76.822 704.092
f 3365 3366 3367
f 3367 3368 3365
v 4804.010 -76.822 704.045
v 4799.478 -77.193 697.452
v 4779.107 -77.586 711.452
v 4783.638 -77.316 718.045
f 3369 3370 3371
f 3371 3372 3369
v 4783.638 -77.316 718.046
v 4779.107 -77.586 711.452
v 4758.869 -78.793 725.360
v 4763.400 -78.595 731.954
f 3373 3374 3375
f 3375 3376 3373
v 4763.607 -78.578 731.801
v 4758.662 -78.810 725.513
v 4747.541 -79.839 734.256
v 4752.486 -79.636 740.545
f 3377 3378 3379
f 3379 3380 3377
v 4752.380 -79.646 740.626
v 4747.647 -79.829 734.176
v 4740.033 -80.657 739.763
v 4744.766 -80.456 746.213
f 3381 3382 3383
f 3383 3384 3381
v 4744.573 -80.477 746.346
v 4740.226 -80.636 739.630
v 4733.881 -81.333 743.738
v 4738.228 -81.199 750.453
f 3385 3386 3387
f 3387 3388 3385
v 4738.293 -81.191 750.410
v 4733.815 -81.340 743.781
v 4728.516 -81.920 747.360
v 4732.995 -81.839 753.989
f 3389 3390 3391
f 3391 3392 3389
v 4733.618 -81.757 753.469
v 4727.893 -81.992 747.881
v 4724.386 -82.434 751.473
v 4730.111 -82.228 757.061
f 3393 3394 3395
f 3395 3396 3393
v 4730.510 -82.174 756.583
v 4723.987 -82.489 751.952
v 4721.071 -82.928 756.059
v 4727.594 -82.604 760.691
f 3397 3398 3399
f 3399 3400 3397
v 4728.132 -82.509 759.625
v 4720.533 -83.026 757.125
v 4718.373 -83.549 763.689
v 4725.972 -83.001 766.189
f 3401 3402 3403
f 3403 3404 3401
v 4726.082 -82.973 765.787
v 4718.264 -83.580 764.092
v 4699.751 -86.075 849.481
v 4707.570 -85.262 851.176
f 3405 3406 3407
f 3407 3408 3405
v 4927.041 -81.657 592.078
v 4929.788 -81.603 584.564
v 4917.431 -82.111 580.047
v 4914.685 -82.340 587.560
f 3409 3410 3411
f 3411 3412 3409
v 4914.681 -82.340 587.559
v 4917.435 -82.111 580.048
v 4904.934 -82.616 575.465
v 4902.180 -82.858 582.976
f 3413 3414 3415
f 3415 3416 3413
v 4902.313 -82.853 583.022
v 4904.800 -82.621 575.419
v 4894.058 -82.903 571.905
v 4891.571 -83.010 579.509
f 3417 3418 3419
f 3419 3420 3417
v 4891.526 -83.009 579.494
v 4894.103 -82.903 571.920
v 4883.349 -82.795 568.261
v 4880.773 -82.898 575.835
f 3421 3422 3423
f 3423 3424 3421
v 4880.993 -82.900 575.903
v 4883.129 -82.793 568.194
v 4870.740 -82.684 564.759
v 4868.603 -82.788 572.469
f 3425 3426 3427
f 3427 3428 3425
v 4868.114 -82.783 572.298
v 4871.229 -82.689 564.930
v 4855.700 -82.522 558.365
v 4852.585 -82.475 565.734
f 3429 3430 3431
f 3431 3432 3429
v 4852.049 -82.445 565.458
v 4856.235 -82.532 558.641
v 4843.845 -81.681 551.033
v 4839.659 -81.756 557.850
f 3433 3434 3435
f 3435 3436 3433
v 4839.271 -81.734 557.579
v 4844.234 -81.710 551.305
v 4832.144 -80.809 541.742
v 4827.181 -80.838 548.016
f 3437 3438 3439
f 3439 3440 3437
v 4826.845 -80.813 547.718
v 4832.481 -80.834 542.040
v 4750.739 -78.700 460.902
v 4745.103 -78.696 466.579
f 3441 3442 3443
f 3443 3444 3441
v 4745.228 -78.688 466.698
v 4750.614 -78.709 460.783
v 4741.430 -79.438 452.422
v 4736.044 -79.404 458.337
f 3445 3446 3447
f 3447 3448 3445
v 4735.733 -79.434 458.021
v 4741.741 -79.408 452.739
v 4734.728 -80.181 444.761
v 4728.720 -80.212 450.043
f 3449 3450 3451
f 3451 3452 3449
v 4728.009 -80.318 448.884
v 4735.439 -80.078 445.919
v 4732.756 -80.610 439.196
v 4725.326 -80.879 442.161
f 3453 3454 3455
f 3455 3456 3453
v 4725.042 -80.994 440.603
v 4733.040 -80.505 440.755
v 4733.185 -80.895 433.147
v 4725.187 -81.441 432.995
f 3457 3458 3459
f 3459 3460 3457
v 4725.284 -81.477 432.188
v 4733.087 -80.866 433.953
v 4734.880 -81.080 426.028
v 4727.077 -81.760 424.263
f 3461 3462 3463
f 3463 3464 3461
v 4727.433 -81.783 423.292
v 4734.523 -81.066 426.999
v 4761.618 -79.427 375.169
v 4754.528 -80.349 371.463
f 3465 3466 3467
f 3467 3468 3465
v 4754.528 -80.349 371.463
v 4761.619 -79.427 375.168
v 4771.971 -78.122 355.356
v 4764.881 -79.055 351.651
f 3469 3470 3471
f 3471 3472 3469
v 4764.881 -79.055 351.650
v 4771.971 -78.122 355.357
v 4802.895 -74.899 296.222
v 4795.806 -75.691 292.515
f 3473 3474 3475
f 3475 3476 3473
v 4810.104 -74.638 281.667
v 4802.935 -75.396 278.117
v 4795.766 -75.693 292.594
v 4802.935 -74.897 296.144
f 3477 3478 3479
f 3479 3480 3477
v 4801.340 -75.183 290.898
v 4797.362 -75.430 297.839
v 4810.130 -73.882 305.157
v 4814.108 -73.687 298.216
f 3481 3482 3483
f 3483 3484 3481
v 4814.048 -73.695 298.182
v 4810.190 -73.874 305.191
v 4948.649 -69.775 381.403
v 4952.507 -69.807 374.395
f 3485 3486 3487
f 3487 3488 3485
v 4952.505 -69.807 374.394
v 4948.651 -69.776 381.405
v 4959.104 -70.719 387.150
v 4962.958 -70.780 380.139
f 3489 3490 3491
f 3491 3492 3489
v 4963.499 -70.830 380.497
v 4958.563 -70.670 386.793
v 4966.177 -71.366 392.763
v 4971.113 -71.537 386.467
f 3493 3494 3495
f 3495 3496 3493
v 4971.621 -71.584 386.941
v 4965.670 -71.320 392.289
v 4971.047 -71.827 398.272
v 4976.997 -72.087 392.925
f 3497 3498 3499
f 3499 3500 3497
v 4977.652 -72.152 393.918
v 4970.392 -71.760 397.279
v 4974.121 -72.193 405.336
v 4981.381 -72.588 401.975
f 3501 3502 3503
f 3503 3504 3501
v 4981.706 -72.635 403.055
v 4973.797 -72.141 404.257
v 4974.999 -72.492 412.168
v 4982.908 -72.941 410.966
f 3505 3506 3507
f 3507 3508 3505
v 4982.953 -72.962 411.619
v 4974.954 -72.466 411.516
v 4974.798 -72.898 423.602
v 4982.797 -73.294 423.705
f 3509 3510 3511
f 3511 3512 3509
v 4982.796 -73.296 423.776
v 4974.800 -72.895 423.530
v 4974.354 -73.432 438.020
v 4982.350 -73.707 438.266
f 3513 3514 3515
f 3515 3516 3513
v 4982.340 -73.713 438.461
v 4974.365 -73.423 437.824
v 4973.174 -74.072 452.750
v 4981.149 -74.208 453.386
f 3517 3518 3519
f 3519 3520 3517
v 4981.107 -74.220 453.726
v 4973.216 -74.057 452.410
v 4970.377 -74.853 469.436
v 4978.268 -74.858 470.751
f 3521 3522 3523
f 3523 3524 3521
v 4978.177 -74.876 471.164
v 4970.468 -74.832 469.024
v 4966.739 -75.567 482.456
v 4974.448 -75.505 484.597
f 3525 3526 3527
f 3527 3528 3525
v 4974.407 -75.512 484.735
v 4966.780 -75.559 482.318
v 4962.005 -76.523 497.389
v 4969.631 -76.344 499.805
f 3529 3530 3531
f 3531 3532 3529
v 4969.511 -76.363 500.134
v 4962.125 -76.503 497.060
v 4932.636 -81.250 567.909
v 4940.022 -80.893 570.983
f 3533 3534 3535
f 3535 3536 3533
v 5429.809 -84.764 279.263
v 5422.884 -83.944 283.269
v 5425.467 -83.990 287.733
v 5432.392 -84.767 283.727
f 3537 3538 3539
f 3539 3540 3537
v 5432.895 -84.758 285.208
v 5424.963 -84.005 286.253
v 5425.642 -83.857 291.404
v 5433.574 -84.636 290.359
f 3541 3542 3543
f 3543 3544 3541
v 5433.554 -84.592 291.541
v 5425.663 -83.907 290.223
v 5424.461 -83.498 297.421
v 5432.351 -84.217 298.739
f 3545 3546 3547
f 3547 3548 3545
v 5432.231 -84.187 299.249
v 5424.580 -83.531 296.912
v 5411.367 -80.845 340.170
v 5419.018 -81.676 342.507
f 3549 3550 3551
f 3551 3552 3549
v 5418.862 -81.649 342.929
v 5411.522 -80.872 339.747
v 5402.595 -79.919 360.339
v 5409.934 -80.784 363.521
f 3553 3554 3555
f 3555 3556 3553
v 5409.170 -80.708 364.680
v 5403.359 -79.994 359.180
v 5400.109 -79.660 362.615
v 5405.919 -80.374 368.114
f 3557 3558 3559
f 3559 3560 3557
v 5404.800 -80.257 368.943
v 5401.228 -79.778 361.785
v 5397.443 -79.369 363.674
v 5401.015 -79.850 370.832
f 3561 3562 3563
f 3563 3564 3561
v 5256.630 -78.741 316.599
v 5259.544 -78.665 309.149
v 5232.727 -80.028 298.661
v 5229.813 -80.234 306.112
f 3565 3566 3567
f 3567 3568 3565
v 5399.945 -79.733 371.189
v 5398.513 -79.487 363.318
v 5394.739 -79.066 364.005
v 5396.172 -79.316 371.875
f 3569 3570 3571
f 3571 3572 3569
v 5395.455 -79.236 371.940
v 5395.455 -79.147 363.940
v 5391.337 -78.755 363.940
v 5391.337 -78.848 371.940
f 3573 3574 3575
f 3575 3576 3573
v 5390.420 -78.789 371.834
v 5392.253 -78.814 364.047
v 5383.504 -78.241 361.986
v 5381.670 -78.218 369.773
f 3577 3578 3579
f 3579 3580 3577
v 5381.000 -78.174 369.551
v 5384.173 -78.285 362.208
v 5350.789 -76.045 347.784
v 5347.616 -76.125 355.128
f 3581 3582 3583
f 3583 3584 3581
v 5347.699 -76.126 355.163
v 5350.705 -76.045 347.749
v 5335.688 -75.999 341.660
v 5332.682 -75.986 349.074
f 3585 3586 3587
f 3587 3588 3585
v 5332.342 -75.983 348.917
v 5336.028 -75.996 341.817
v 5324.963 -76.103 336.071
v 5321.277 -75.899 343.171
f 3589 3590 3591
f 3591 3592 3589
v 5321.586 -75.897 343.315
v 5324.654 -76.105 335.927
v 5269.651 -78.035 313.089
v 5266.583 -78.114 320.478
f 3593 3594 3595
f 3595 3596 3593
v 5266.664 -78.108 320.510
v 5269.570 -78.039 313.057
v 5259.540 -78.665 309.147
v 5256.634 -78.741 316.601
f 3597 3598 3599
f 3599 3600 3597
v 5254.314 -78.917 311.547
v 5261.861 -78.452 314.201
v 5271.890 -78.711 285.684
v 5264.344 -78.961 283.030
f 3601 3602 3603
f 3603 3604 3601
v 5264.479 -78.966 282.693
v 5271.754 -78.704 286.021
v 5280.159 -79.390 267.648
v 5272.884 -79.506 264.320
f 3605 3606 3607
f 3607 3608 3605
v 5273.853 -79.564 263.004
v 5279.191 -79.328 268.963
v 5290.868 -79.938 258.502
v 5285.530 -80.189 252.543
f 3609 3610 3611
f 3611 3612 3609
v 5286.753 -80.254 251.793
v 5289.645 -79.882 259.252
v 5300.276 -80.271 255.131
v 5297.384 -80.742 247.672
f 3613 3614 3615
f 3615 3616 3613
v 5298.014 -80.770 247.486
v 5299.646 -80.249 255.317
v 5312.003 -80.658 252.742
v 5310.370 -81.278 244.910
f 3617 3618 3619
f 3619 3620 3617
v 5311.544 -81.326 244.842
v 5310.829 -80.615 252.810
v 5324.221 -80.937 254.012
v 5324.936 -81.689 246.044
f 3621 3622 3623
f 3623 3624 3621
v 5325.737 -81.702 246.199
v 5323.420 -80.925 253.856
v 5409.058 -82.966 279.771
v 5411.375 -83.692 272.114
f 3625 3626 3627
f 3627 3628 3625
v 5411.470 -83.697 272.144
v 5408.963 -82.960 279.741
v 5425.093 -84.066 285.064
v 5427.600 -84.674 277.467
f 3629 3630 3631
f 3631 3632 3629
v 5205.156 -80.519 279.217
v 5212.835 -80.265 276.974
v 5209.050 -79.846 264.017
v 5201.371 -79.997 266.260
f 3633 3634 3635
f 3635 3636 3633
v 5202.092 -80.055 267.643
v 5208.329 -79.796 262.633
v 5205.847 -79.677 259.543
v 5199.609 -79.927 264.552
f 3637 3638 3639
f 3639 3640 3637
v 5200.795 -79.967 265.549
v 5204.661 -79.635 258.546
v 5199.685 -79.498 255.798
v 5195.819 -79.858 262.802
f 3641 3642 3643
f 3643 3644 3641
v 5196.374 -79.869 263.055
v 5199.130 -79.483 255.545
v 5180.417 -78.872 248.677
v 5177.661 -79.388 256.187
f 3645 3646 3647
f 3647 3648 3645
v 5177.539 -79.383 256.140
v 5180.540 -78.878 248.724
v 5137.292 -76.364 231.222
v 5134.291 -77.062 238.638
f 3649 3650 3651
f 3651 3652 3649
v 5134.383 -77.067 238.674
v 5137.200 -76.358 231.186
v 5117.118 -75.149 223.631
v 5114.301 -75.858 231.119
f 3653 3654 3655
f 3655 3656 3653
v 5210.110 -80.220 274.254
v 5207.881 -80.563 281.937
v 5236.701 -79.819 290.298
v 5238.930 -79.722 282.615
f 3657 3658 3659
f 3659 3660 3657
v 5114.746 -75.882 231.257
v 5116.673 -75.126 223.493
v 5105.608 -74.614 220.745
v 5103.680 -75.361 228.510
f 3661 3662 3663
f 3663 3664 3661
v 5104.715 -75.396 228.627
v 5104.573 -74.580 220.628
v 5094.878 -74.522 220.800
v 5095.019 -75.285 228.799
f 3665 3666 3667
f 3667 3668 3665
v 5095.935 -75.285 228.676
v 5093.962 -74.527 220.923
v 5087.527 -74.628 222.561
v 5089.501 -75.358 230.314
f 3669 3670 3671
f 3671 3672 3669
v 5089.060 -75.360 230.400
v 5087.969 -74.624 222.475
v 5077.415 -74.666 223.927
v 5078.507 -75.340 231.853
f 3673 3674 3675
f 3675 3676 3673
v 5078.457 -75.340 231.859
v 5077.465 -74.666 223.921
v 5069.227 -74.675 224.951
v 5070.220 -75.300 232.889
f 3677 3678 3679
f 3679 3680 3677
v 5071.907 -75.277 232.271
v 5067.539 -74.706 225.569
v 5063.587 -74.854 228.145
v 5067.956 -75.415 234.847
f 3681 3682 3683
f 3683 3684 3681
v 5068.887 -75.366 234.005
v 5062.656 -74.904 228.988
v 5058.370 -75.240 234.311
v 5064.601 -75.687 239.328
f 3685 3686 3687
f 3687 3688 3685
v 5065.032 -75.648 238.670
v 5057.940 -75.279 234.968
v 5051.583 -75.912 247.147
v 5058.675 -76.352 250.848
f 3689 3690 3691
f 3691 3692 3689
v 5058.913 -76.322 250.297
v 5051.346 -75.938 247.698
v 5047.573 -76.381 258.688
v 5055.139 -76.836 261.286
f 3693 3694 3695
f 3695 3696 3693
v 5055.329 -76.746 259.530
v 5047.382 -76.456 260.444
v 5048.072 -76.773 266.441
v 5056.020 -77.117 265.526
f 3697 3698 3699
f 3699 3700 3697
v 5055.828 -77.060 264.682
v 5048.264 -76.824 267.286
v 5049.978 -77.160 272.265
v 5057.542 -77.434 269.661
f 3701 3702 3703
f 3703 3704 3701
v 5056.945 -77.337 268.543
v 5050.575 -77.251 273.383
v 5053.837 -77.674 277.676
v 5060.207 -77.773 272.836
f 3705 3706 3707
f 3707 3708 3705
v 5058.406 -77.591 271.503
v 5055.638 -77.862 279.009
v 5121.706 -82.376 303.379
v 5124.474 -81.939 295.873
f 3709 3710 3711
f 3711 3712 3709
v 5124.660 -81.948 295.947
v 5121.520 -82.367 303.305
v 5156.530 -83.411 318.244
v 5159.670 -83.060 310.886
f 3713 3714 3715
f 3715 3716 3713
v 5159.337 -83.060 310.761
v 5156.863 -83.406 318.368
v 5172.659 -83.152 323.507
v 5175.133 -82.916 315.899
f 3717 3718 3719
f 3719 3720 3717
v 5174.699 -82.924 315.784
v 5173.094 -83.144 323.621
v 5180.641 -82.990 325.167
v 5182.246 -82.782 317.329
f 3721 3722 3723
f 3723 3724 3721
v 5180.820 -82.815 317.297
v 5182.068 -82.955 325.199
v 5185.329 -82.862 324.684
v 5184.081 -82.727 316.782
f 3725 3726 3727
f 3727 3728 3725
v 5183.634 -82.740 316.879
v 5185.776 -82.849 324.587
v 5191.955 -82.483 322.870
v 5189.812 -82.455 315.162
f 3729 3730 3731
f 3731 3732 3729
v 5187.767 -82.590 316.508
v 5194.000 -82.345 321.523
v 5201.726 -81.745 311.921
v 5195.493 -81.871 306.906
f 3733 3734 3735
f 3735 3736 3733
v 5195.007 -81.924 307.673
v 5202.211 -81.695 311.153
v 5207.354 -81.126 300.507
v 5200.150 -81.307 297.027
f 3737 3738 3739
f 3739 3740 3737
v 5199.875 -81.344 297.784
v 5207.629 -81.093 299.751
v 5212.872 -80.335 279.079
v 5205.118 -80.430 277.112
f 3741 3742 3743
f 3743 3744 3741
v 4975.018 -71.450 358.823
v 4978.703 -71.706 351.723
v 4959.746 -70.167 341.883
v 4956.060 -69.874 348.983
f 3745 3746 3747
f 3747 3748 3745
v 4956.041 -69.873 348.973
v 4959.765 -70.168 341.893
v 4827.495 -73.967 272.323
v 4823.771 -73.774 279.404
f 3749 3750 3751
f 3751 3752 3749
v 4734.266 -79.271 237.943
v 4730.585 -79.833 245.046
v 4804.679 -75.057 283.444
v 4808.360 -75.013 276.341
f 3753 3754 3755
f 3755 3756 3753
v 4808.411 -75.008 276.367
v 4804.629 -75.062 283.417
v 4855.546 -69.768 310.732
v 4859.328 -70.065 303.683
f 3757 3758 3759
f 3759 3760 3757
v 4959.873 -70.245 357.630
v 4955.933 -69.989 364.593
v 4975.191 -71.574 375.490
v 4979.131 -71.822 368.527
f 3761 3762 3763
f 3763 3764 3761
v 4859.328 -70.065 303.683
v 4855.546 -69.768 310.732
v 4956.012 -69.996 364.636
v 4959.794 -70.239 357.587
f 3765 3766 3767
f 3767 3768 3765
v 5576.186 -93.499 702.588
v 5577.337 -94.334 710.505
v 5632.641 0.050 702.461
v 5631.489 0.050 694.545
f 3769 3770 3771
f 3771 3772 3769
v 5536.368 -86.019 585.623
v 5536.159 -86.116 577.626
v 5506.771 -87.264 578.392
v 5506.979 -87.199 586.389
f 3773 3774 3775
f 3775 3776 3773
v 5507.245 -87.183 586.373
v 5506.505 -87.280 578.407
v 5481.169 -88.758 580.758
v 5481.908 -88.708 588.724
f 3777 3778 3779
f 3779 3780 3777
v 5168.596 -76.244 480.572
v 5164.480 -75.497 487.432
v 5190.918 -75.731 503.295
v 5195.034 -76.386 496.435
f 3781 3782 3783
f 3783 3784 3781
v 5195.455 -76.401 496.726
v 5190.498 -75.714 503.005
v 5214.086 -76.941 521.628
v 5219.044 -77.568 515.349
f 3785 3786 3787
f 3787 3788 3785
v 5216.037 -77.538 506.890
v 5220.989 -78.076 500.607
v 5209.579 -77.583 491.612
v 5204.626 -76.987 497.895
f 3789 3790 3791
f 3791 3792 3789
v 5204.832 -76.996 498.046
v 5209.374 -77.576 491.461
v 5173.462 -77.535 466.695
v 5168.920 -76.864 473.281
f 3793 3794 3795
f 3795 3796 3793
v 4839.599 -80.140 988.055
v 4832.863 -80.155 992.370
v 4834.132 -80.286 994.352
v 4840.868 -80.276 990.037
f 3797 3798 3799
f 3799 3800 3797
v 4840.162 -80.214 989.209
v 4834.838 -80.348 995.180
v 4836.630 -80.483 996.778
v 4841.954 -80.348 990.807
f 3801 3802 3803
f 3803 3804 3801
v 4840.045 -80.244 989.864
v 4838.539 -80.593 997.721
v 4840.743 -80.688 998.143
v 4842.249 -80.329 990.286
f 3805 3806 3807
f 3807 3808 3805
v 4841.600 -80.307 990.216
v 4841.393 -80.713 998.214
v 4844.966 -80.839 998.306
v 4845.173 -80.415 990.309
f 3809 3810 3811
f 3811 3812 3809
v 4844.225 -80.392 990.397
v 4845.914 -80.866 998.217
v 4867.265 -80.915 993.608
v 4865.576 -80.429 985.788
f 3813 3814 3815
f 3815 3816 3813
v 4865.656 -80.428 985.771
v 4867.185 -80.917 993.624
v 4891.542 -80.588 988.883
v 4890.013 -80.012 981.030
f 3817 3818 3819
f 3819 3820 3817
v 4889.865 -80.015 981.062
v 4891.689 -80.586 988.851
v 4899.359 -80.380 987.055
v 4897.535 -79.810 979.265
f 3821 3822 3823
f 3823 3824 3821
v 4897.377 -79.819 979.306
v 4899.518 -80.372 987.014
v 4908.791 -79.892 984.439
v 4906.650 -79.297 976.730
f 3825 3826 3827
f 3827 3828 3825
v 4788.123 -78.347 988.601
v 4793.702 -78.680 994.334
v 4806.949 -78.928 981.444
v 4801.370 -78.540 975.710
f 3829 3830 3831
f 3831 3832 3829
v 4835.278 -79.329 976.299
v 4827.788 -79.361 979.112
v 4832.486 -80.109 991.619
v 4839.975 -80.188 988.806
f 3833 3834 3835
f 3835 3836 3833
v 4802.669 -78.549 974.865
v 4805.651 -78.913 982.289
v 4831.299 -78.982 971.987
v 4828.317 -78.487 964.563
f 3837 3838 3839
f 3839 3840 3837
v 4833.742 -78.728 967.555
v 4825.873 -78.727 968.995
v 4827.598 -79.316 978.425
v 4835.468 -79.379 976.985
f 3841 3842 3843
f 3843 3844 3841
v 5468.456 -88.559 1222.325
v 5460.713 -87.716 1220.315
v 5448.969 -85.653 1265.564
v 5456.712 -86.739 1267.573
f 3845 3846 3847
f 3847 3848 3845
v 5456.712 -86.739 1267.574
v 5448.969 -85.653 1265.563
v 5442.501 -84.642 1290.472
v 5450.244 -85.776 1292.483
f 3849 3850 3851
f 3851 3852 3849
v 5512.329 -93.907 1237.538
v 5519.833 -94.834 1240.313
v 5527.169 -94.714 1220.475
v 5519.665 -93.935 1217.700
f 3853 3854 3855
f 3855 3856 3853
v 5519.619 -93.938 1217.833
v 5527.215 -94.710 1220.343
v 5533.928 -94.044 1200.030
v 5526.332 -93.378 1197.520
f 3857 3858 3859
f 3859 3860 3857
v 5407.502 -80.909 1716.323
v 5401.954 -80.173 1722.087
v 5437.632 -83.986 1756.425
v 5443.180 -84.745 1750.661
f 3861 3862 3863
f 3863 3864 3861
v 5442.835 -84.694 1750.365
v 5437.977 -84.038 1756.721
v 5484.564 -90.502 1792.327
v 5489.422 -91.176 1785.971
f 3865 3866 3867
f 3867 3868 3865
v 5489.270 -91.157 1785.860
v 5484.717 -90.520 1792.438
v 5504.120 -92.633 1805.869
v 5508.673 -93.329 1799.291
f 3869 3870 3871
f 3871 3872 3869
v 5505.812 -93.003 1798.623
v 5506.981 -92.936 1806.537
v 5515.564 -93.971 1805.270
v 5514.395 -94.069 1797.355
f 3873 3874 3875
f 3875 3876 3873
v 5512.621 -93.834 1798.082
v 5517.338 -94.188 1804.543
v 5538.088 -96.678 1789.395
v 5533.371 -96.466 1782.934
f 3877 3878 3879
f 3879 3880 3877
v 5533.356 -96.464 1782.944
v 5538.102 -96.680 1789.384
v 5551.471 -98.451 1779.532
v 5546.726 -98.208 1773.092
f 3881 3882 3883
f 3883 3884 3881
v 5547.565 -98.302 1772.617
v 5550.632 -98.343 1780.006
v 5578.317 -100.516 1768.516
v 5575.250 -100.459 1761.127
f 3885 3886 3887
f 3887 3888 3885
v 5501.476 -92.698 1709.038
v 5493.706 -91.673 1707.132
v 5490.868 -91.440 1718.701
v 5498.637 -92.495 1720.607
f 3889 3890 3891
f 3891 3892 3889
v 5497.475 -92.356 1722.585
v 5492.030 -91.583 1716.724
v 5483.670 -90.500 1724.489
v 5489.115 -91.271 1730.351
f 3893 3894 3895
f 3895 3896 3893
v 5486.276 -90.884 1731.418
v 5486.508 -90.880 1723.422
v 5476.056 -89.465 1723.118
v 5475.823 -89.439 1731.114
f 3897 3898 3899
f 3899 3900 3897
v 5473.574 -89.124 1730.342
v 5478.304 -89.771 1723.890
v 5462.630 -87.672 1712.400
v 5457.901 -86.995 1718.852
f 3901 3902 3903
f 3903 3904 3901
v 5457.330 -86.920 1718.343
v 5463.201 -87.743 1712.909
v 5407.508 -84.701 1652.738
v 5401.637 -83.914 1658.172
f 3905 3906 3907
f 3907 3908 3905
v 5458.556 -89.967 1543.959
v 5466.160 -89.569 1546.446
v 5467.953 -89.498 1540.965
v 5460.349 -89.917 1538.478
f 3909 3910 3911
f 3911 3912 3909
v 5461.377 -89.873 1536.839
v 5466.924 -89.546 1542.604
v 5473.046 -89.233 1536.714
v 5467.500 -89.558 1530.949
f 3913 3914 3915
f 3915 3916 3913
v 5468.399 -89.505 1530.297
v 5472.147 -89.281 1537.365
v 5478.448 -88.929 1534.024
v 5474.700 -89.140 1526.956
f 3917 3918 3919
f 3919 3920 3917
v 5455.960 -86.645 1264.065
v 5449.721 -85.743 1269.072
v 5464.983 -87.876 1288.091
v 5471.222 -88.783 1283.084
f 3921 3922 3923
f 3923 3924 3921
v 5471.714 -88.854 1283.867
v 5464.491 -87.803 1287.308
v 5466.662 -88.130 1291.864
v 5473.884 -89.167 1288.423
f 3925 3926 3927
f 3927 3928 3925
v 5474.265 -89.222 1289.892
v 5466.281 -88.071 1290.396
v 5466.871 -88.180 1299.747
v 5474.855 -89.305 1299.243
f 3929 3930 3931
f 3931 3932 3929
v 5680.928 0.050 1249.888
v 5688.822 0.050 1248.593
v 5685.761 0.050 1229.931
v 5677.866 0.050 1231.226
f 3933 3934 3935
f 3935 3936 3933
v 5679.423 0.050 1233.785
v 5684.204 0.050 1227.371
v 5675.399 0.050 1220.807
v 5670.618 0.050 1227.221
f 3937 3938 3939
f 3939 3940 3937
v 5671.587 0.050 1227.753
v 5674.429 0.050 1220.275
v 5629.634 0.050 1203.251
v 5626.792 0.050 1210.729
f 3941 3942 3943
f 3943 3944 3941
v 5626.837 0.050 1210.745
v 5629.590 0.050 1203.234
v 5557.488 -93.549 1176.806
v 5554.735 -94.105 1184.317
f 3945 3946 3947
f 3947 3948 3945
v 5589.738 -91.380 1422.231
v 5588.163 -90.564 1430.075
v 5609.670 0.050 1434.393
v 5611.245 0.050 1426.550
f 3949 3950 3951
f 3951 3952 3949
v 5610.398 0.050 1426.472
v 5610.518 0.050 1434.471
v 5629.921 0.050 1434.181
v 5629.801 0.050 1426.182
f 3953 3954 3955
f 3955 3956 3953
v 5630.996 0.050 1426.346
v 5628.725 0.050 1434.017
v 5653.883 0.050 1441.465
v 5656.155 0.050 1433.795
f 3957 3958 3959
f 3959 3960 3957
v 4775.981 -77.867 1961.748
v 4771.068 -77.525 1968.061
v 4785.695 -78.596 1979.445
v 4790.609 -78.944 1973.132
f 3961 3962 3963
f 3963 3964 3961
v 4791.681 -79.026 1974.405
v 4784.623 -78.513 1978.172
v 4791.792 -79.049 1991.603
v 4798.850 -79.610 1987.836
f 3965 3966 3967
f 3967 3968 3965
v 4799.263 -79.630 1989.040
v 4791.379 -79.026 1990.399
v 4794.518 -79.125 2008.611
v 4802.402 -79.676 2007.252
f 3969 3970 3971
f 3971 3972 3969
v 4802.422 -79.676 2007.384
v 4794.498 -79.124 2008.480
v 4797.782 -78.977 2032.225
v 4805.706 -79.420 2031.129
f 3973 3974 3975
f 3975 3976 3973
v 4805.555 -79.430 2030.462
v 4797.933 -78.972 2032.892
v 4803.455 -78.803 2050.206
v 4811.076 -79.175 2047.776
f 3977 3978 3979
f 3979 3980 3977
v 4810.619 -79.188 2046.811
v 4803.912 -78.784 2051.171
v 4811.381 -78.525 2062.661
v 4818.089 -78.859 2058.300
f 3981 3982 3983
f 3983 3984 3981
v 4816.578 -78.904 2056.931
v 4812.892 -78.492 2064.031
v 4825.282 -78.266 2070.462
v 4828.968 -78.721 2063.362
f 3985 3986 3987
f 3987 3988 3985
v 4829.070 -78.719 2063.417
v 4825.179 -78.268 2070.407
v 4832.938 -78.030 2074.726
v 4836.829 -78.513 2067.736
f 3989 3990 3991
f 3991 3992 3989
v 4838.764 -78.352 2070.261
v 4831.003 -78.186 2072.201
v 4833.541 -77.505 2082.356
v 4841.303 -77.620 2080.417
f 3993 3994 3995
f 3995 3996 3993
v 4841.345 -77.604 2080.605
v 4833.499 -77.519 2082.168
v 4842.527 -73.843 2127.480
v 4850.373 -73.596 2125.917
f 3997 3998 3999
f 3999 4000 3997
v 4826.532 -77.043 1874.474
v 4830.033 -77.491 1881.667
v 4850.037 -76.522 1871.934
v 4846.537 -75.969 1864.740
f 4001 4002 4003
f 4003 4004 4001
v 4869.256 -73.642 1379.024
v 4873.671 -72.954 1372.352
v 4832.393 -72.765 1345.039
v 4827.979 -73.416 1351.711
f 4005 4006 4007
f 4007 4008 4005
v 4706.919 -76.440 1118.955
v 4705.166 -76.960 1126.760
v 4723.456 -77.170 1130.868
v 4725.209 -76.753 1123.062
f 4009 4010 4011
f 4011 4012 4009
v 4726.317 -76.778 1123.492
v 4722.348 -77.150 1130.438
v 4730.185 -77.341 1134.916
v 4734.154 -77.042 1127.969
f 4013 4014 4015
f 4015 4016 4013
v 4736.117 -77.197 1130.798
v 4728.222 -77.213 1132.087
v 4730.014 -77.817 1143.063
v 4737.909 -77.724 1141.773
f 4017 4018 4019
f 4019 4020 4017
v 4737.958 -77.747 1142.240
v 4729.966 -77.791 1142.596
v 4731.390 -79.607 1174.545
v 4739.382 -79.251 1174.189
f 4021 4022 4023
f 4023 4024 4021
v 4737.901 -79.169 1171.257
v 4732.871 -79.708 1177.478
v 4740.630 -79.633 1183.751
v 4745.660 -79.116 1177.530
f 4025 4026 4027
f 4027 4028 4025
v 4743.641 -79.174 1176.672
v 4742.649 -79.559 1184.610
v 4796.239 -76.469 1191.306
v 4797.231 -76.650 1183.368
f 4029 4030 4031
f 4031 4032 4029
v 5044.477 -72.280 531.635
v 5039.421 -72.457 537.835
v 5079.886 -69.370 570.829
v 5084.942 -69.257 564.629
f 4033 4034 4035
f 4035 4036 4033
v 5085.049 -69.252 564.720
v 5079.779 -69.376 570.739
v 5085.044 -69.112 575.348
v 5090.314 -68.989 569.329
f 4037 4038 4039
f 4039 4040 4037
v 5069.064 -69.909 603.090
v 5068.134 -70.100 611.036
v 5115.979 -69.243 616.636
v 5116.909 -69.052 608.691
f 4041 4042 4043
f 4043 4044 4041
v 5115.993 -69.033 608.689
v 5116.895 -69.263 616.638
v 5124.810 -69.409 615.740
v 5123.908 -69.179 607.791
f 4045 4046 4047
f 4047 4048 4045
v 5122.572 -69.161 608.187
v 5126.146 -69.428 615.344
v 5133.315 -69.487 611.765
v 5129.741 -69.220 604.607
f 4049 4050 4051
f 4051 4052 4049
v 5128.479 -69.219 605.597
v 5134.577 -69.488 610.775
v 5151.442 -69.717 590.910
v 5145.344 -69.147 585.732
f 4053 4054 4055
f 4055 4056 4053
v 4872.193 -82.794 571.719
v 4867.149 -82.679 565.509
v 4829.824 -81.445 595.822
v 4834.867 -81.575 602.032
f 4057 4058 4059
f 4059 4060 4057
v 4833.601 -81.501 602.725
v 4831.091 -81.520 595.129
v 4823.176 -81.085 597.744
v 4825.686 -81.079 605.340
f 4061 4062 4063
f 4063 4064 4061
v 4823.961 -80.995 605.514
v 4824.901 -81.172 597.570
v 4814.749 -80.692 596.368
v 4813.808 -80.519 604.312
f 4065 4066 4067
f 4067 4068 4065
v 4811.272 -80.358 602.979
v 4817.285 -80.797 597.702
v 4811.396 -80.523 590.992
v 4805.383 -80.016 596.269
f 4069 4070 4071
f 4071 4072 4069
v 4804.753 -79.980 595.295
v 4812.027 -80.558 591.966
v 4794.327 -79.096 553.292
v 4787.053 -78.636 556.621
f 4073 4074 4075
f 4075 4076 4073
v 4787.401 -78.664 557.233
v 4793.979 -79.064 552.681
v 4785.252 -78.383 540.067
v 4778.673 -78.017 544.619
f 4077 4078 4079
f 4079 4080 4077
v 4779.446 -78.067 545.452
v 4784.479 -78.333 539.234
v 4769.173 -77.532 526.844
v 4764.139 -77.271 533.063
f 4081 4082 4083
f 4083 4084 4081
v 4765.417 -77.327 533.757
v 4767.895 -77.482 526.150
v 4734.455 -76.578 515.254
v 4731.976 -76.141 522.860
f 4085 4086 4087
f 4087 4088 4085
v 4731.022 -76.148 522.402
v 4735.409 -76.586 515.712
v 4726.749 -76.741 510.032
v 4722.361 -76.359 516.722
f 4089 4090 4091
f 4091 4092 4089
v 4720.605 -76.500 514.007
v 4728.505 -76.607 512.747
v 4725.076 -77.786 491.257
v 4717.176 -77.798 492.518
f 4093 4094 4095
f 4095 4096 4093
v 4717.173 -77.886 491.276
v 4725.079 -77.707 492.498
v 4732.994 -80.478 441.290
v 4725.088 -81.025 440.068
f 4097 4098 4099
f 4099 4100 4097
v 4761.940 -76.940 1029.720
v 4754.363 -76.468 1027.152
v 4742.418 -75.606 1062.390
v 4749.995 -76.125 1064.958
f 4101 4102 4103
f 4103 4104 4101
v 4748.730 -76.049 1066.778
v 4743.683 -75.681 1060.571
v 4738.908 -75.385 1064.454
v 4743.955 -75.754 1070.661
f 4105 4106 4107
f 4107 4108 4105
v 4742.390 -75.656 1071.440
v 4740.472 -75.484 1063.674
v 4710.905 -74.313 1070.978
v 4712.824 -74.576 1078.744
f 4109 4110 4111
f 4111 4112 4109
v 4720.868 -79.988 1391.966
v 4713.726 -80.559 1388.360
v 4708.672 -79.990 1398.372
v 4715.814 -79.469 1401.977
f 4113 4114 4115
f 4115 4116 4113
v 4715.686 -79.456 1402.211
v 4708.801 -80.004 1398.137
v 4702.533 -79.326 1408.730
v 4709.418 -78.837 1412.803
f 4117 4118 4119
f 4119 4120 4117
v 4709.820 -78.897 1411.873
v 4702.132 -79.258 1409.660
v 4700.562 -78.848 1415.115
v 4708.250 -78.521 1417.327
f 4121 4122 4123
f 4123 4124 4121
v 4707.974 -78.748 1414.413
v 4700.838 -78.602 1418.029
v 4703.977 -78.052 1424.224
v 4711.113 -78.227 1420.607
f 4125 4126 4127
f 4127 4128 4125
v 4711.483 -78.140 1421.713
v 4703.608 -78.146 1423.118
v 4704.420 -77.774 1427.674
v 4712.296 -77.799 1426.270
f 4129 4130 4131
f 4131 4132 4129
v 4711.735 -77.598 1429.116
v 4704.981 -77.992 1424.828
v 4701.853 -77.629 1429.754
v 4708.607 -77.252 1434.042
f 4133 4134 4135
f 4135 4136 4133
v 4705.922 -77.124 1435.838
v 4704.538 -77.750 1427.958
v 4693.930 -77.685 1429.821
v 4695.313 -76.988 1437.700
f 4137 4138 4139
f 4139 4140 4137
v 4698.322 -77.190 1435.279
v 4690.921 -77.488 1432.241
v 4688.839 -77.079 1437.313
v 4696.240 -76.771 1440.351
f 4141 4142 4143
f 4143 4144 4141
v 4695.777 -77.093 1436.483
v 4689.302 -76.741 1441.181
v 4692.887 -76.366 1446.121
v 4699.361 -76.706 1441.422
f 4145 4146 4147
f 4147 4148 4145
v 4698.272 -76.771 1440.397
v 4693.976 -76.302 1447.146
v 4706.511 -75.898 1455.123
v 4710.806 -76.333 1448.374
f 4149 4150 4151
f 4151 4152 4149
v 4712.644 -76.138 1452.088
v 4704.673 -76.105 1451.409
v 4704.228 -75.779 1456.639
v 4712.199 -75.840 1457.318
f 4153 4154 4155
f 4155 4156 4153
v 4711.855 -75.762 1458.633
v 4704.571 -75.864 1455.325
v 4693.896 -74.398 1478.834
v 4701.180 -74.465 1482.141
f 4157 4158 4159
f 4159 4160 4157
v 4701.479 -74.506 1481.171
v 4693.597 -74.354 1479.804
v 4692.406 -74.062 1486.672
v 4700.288 -74.234 1488.039
f 4161 4162 4163
f 4163 4164 4161
v 4699.947 -74.310 1485.612
v 4692.747 -73.980 1489.099
v 4699.615 -73.773 1503.283
v 4706.815 -74.036 1499.797
f 4165 4166 4167
f 4167 4168 4165
v 4706.245 -74.046 1498.929
v 4700.185 -73.792 1504.151
v 4716.003 -74.314 1522.509
v 4722.064 -74.515 1517.287
f 4169 4170 4171
f 4171 4172 4169
v 4722.190 -74.519 1517.440
v 4715.878 -74.310 1522.355
v 4735.882 -75.472 1548.043
v 4742.194 -75.759 1543.128
f 4173 4174 4175
f 4175 4176 4173
v 4741.393 -75.695 1542.353
v 4736.682 -75.536 1548.819
v 4759.703 -77.051 1565.592
v 4764.414 -77.220 1559.126
f 4177 4178 4179
f 4179 4180 4177
v 4771.580 -78.175 351.043
v 4765.272 -78.997 355.963
v 4799.035 -75.177 399.247
v 4805.343 -74.400 394.327
f 4181 4182 4183
f 4183 4184 4181
v 4805.973 -74.356 395.489
v 4798.406 -75.225 398.085
v 4801.990 -75.082 408.533
v 4809.557 -74.236 405.937
f 4185 4186 4187
f 4187 4188 4185
v 4809.709 -74.299 407.952
v 4801.838 -75.036 406.518
v 4799.445 -75.640 419.661
v 4807.316 -75.014 421.094
f 4189 4190 4191
f 4191 4192 4189
v 4806.105 -75.193 423.306
v 4800.656 -75.471 417.449
v 4774.986 -77.755 441.329
v 4780.435 -77.470 447.187
f 4193 4194 4195
f 4195 4196 4193
v 5033.986 -76.229 428.950
v 5030.810 -75.860 436.293
v 5081.872 -76.240 458.377
v 5085.048 -76.947 451.035
f 4197 4198 4199
f 4199 4200 4197
v 5084.093 -76.945 450.756
v 5082.828 -76.237 458.656
v 5097.756 -76.331 461.046
v 5099.021 -77.123 453.147
f 4201 4202 4203
f 4203 4204 4201
v 5098.292 -77.109 453.098
v 5098.484 -76.341 461.095
v 5121.082 -76.874 460.554
v 5120.890 -77.673 452.556
f 4205 4206 4207
f 4207 4208 4205
v 4736.067 -79.477 243.149
v 4728.783 -79.597 239.841
v 4717.785 -81.693 264.052
v 4725.069 -81.428 267.361
f 4209 4210 4211
f 4211 4212 4209
v 4724.466 -81.523 268.307
v 4718.388 -81.596 263.106
v 4708.680 -83.009 274.452
v 4714.759 -82.921 279.653
f 4213 4214 4215
f 4215 4216 4213
v 4715.196 -82.846 279.031
v 4708.243 -83.085 275.074
v 4696.599 -85.306 295.534
v 4703.552 -84.923 299.491
f 4217 4218 4219
f 4219 4220 4217
v 4922.769 -72.632 441.281
v 4919.878 -73.317 448.741
v 4944.513 -74.146 458.290
v 4947.404 -73.611 450.831
f 4221 4222 4223
f 4223 4224 4221
v 4945.764 -73.568 450.565
v 4946.153 -74.177 458.556
v 4952.120 -74.192 458.265
v 4951.731 -73.635 450.275
f 4225 4226 4227
f 4227 4228 4225
v 4949.537 -73.659 451.061
v 4954.313 -74.154 457.479
v 4960.135 -73.935 453.147
v 4955.359 -73.458 446.729
f 4229 4230 4231
f 4231 4232 4229
v 4953.891 -73.574 448.873
v 4961.603 -73.827 451.002
v 4967.581 -72.840 429.354
v 4959.869 -72.448 427.225
f 4233 4234 4235
f 4235 4236 4233
v 4959.756 -72.522 428.786
v 4967.694 -72.778 427.792
v 4966.648 -72.371 419.432
v 4958.710 -72.056 420.425
f 4237 4238 4239
f 4239 4240 4237
v 4959.241 -72.158 421.973
v 4966.116 -72.278 417.884
v 4962.832 -71.861 412.362
v 4955.957 -71.719 416.452
f 4241 4242 4243
f 4243 4244 4241
v 4956.178 -71.747 416.784
v 4962.612 -71.833 412.030
v 4947.572 -70.091 391.676
v 4941.138 -69.861 396.430
f 4245 4246 4247
f 4247 4248 4245
v 4954.311 -70.116 379.337
v 4946.846 -69.452 376.461
v 4940.623 -69.666 392.615
v 4948.088 -70.271 395.491
f 4249 4250 4251
f 4251 4252 4249
v 4948.088 -70.271 395.490
v 4940.622 -69.666 392.616
v 4931.182 -70.815 417.144
v 4938.649 -71.122 420.018
f 4253 4254 4255
f 4255 4256 4253
v 4938.473 -71.141 420.410
v 4931.358 -70.789 416.752
v 4917.766 -72.795 443.182
v 4924.881 -73.142 446.840
f 4257 4258 4259
f 4259 4260 4257
v 4922.211 -73.331 448.911
v 4920.435 -72.609 441.111
v 4915.214 -72.706 442.300
v 4916.991 -73.447 450.100
f 4261 4262 4263
f 4263 4264 4261
v 4915.798 -73.457 450.188
v 4916.407 -72.700 442.211
v 4912.600 -72.662 441.921
v 4911.991 -73.434 449.898
f 4265 4266 4267
f 4267 4268 4265
v 4910.525 -73.396 449.496
v 4914.065 -72.705 442.322
v 4885.022 -71.609 427.991
v 4881.482 -72.293 435.165
f 4269 4270 4271
f 4271 4272 4269
v 4819.206 -78.591 967.949
v 4827.206 -78.678 967.914
v 4827.128 -77.611 950.374
v 4819.128 -77.648 950.409
f 4273 4274 4275
f 4275 4276 4273
v 4811.393 -77.555 948.003
v 4803.450 -77.565 947.048
v 4801.112 -78.234 966.490
v 4809.055 -78.412 967.445
f 4277 4278 4279
f 4279 4280 4277
v 4846.038 -78.218 673.722
v 4838.357 -78.346 671.482
v 4828.194 -75.978 706.338
v 4835.874 -75.596 708.578
f 4281 4282 4283
f 4283 4284 4281
v 4834.151 -75.487 710.852
v 4829.917 -76.088 704.064
v 4821.935 -75.983 709.044
v 4826.170 -75.430 715.831
f 4285 4286 4287
f 4287 4288 4285
v 4825.753 -75.431 716.058
v 4822.352 -75.985 708.817
v 4814.816 -76.026 712.357
v 4818.217 -75.513 719.598
f 4289 4290 4291
f 4291 4292 4289
v 4817.771 -75.521 719.775
v 4815.261 -76.021 712.179
v 4787.955 -77.042 721.200
v 4790.464 -76.747 728.796
f 4293 4294 4295
f 4295 4296 4293
v 4790.727 -76.732 728.700
v 4787.692 -77.054 721.297
v 4778.831 -77.525 724.929
v 4781.865 -77.273 732.332
f 4297 4298 4299
f 4299 4300 4297
v 4782.333 -77.243 732.104
v 4778.364 -77.551 725.158
v 4771.729 -77.972 728.948
v 4775.698 -77.698 735.894
f 4301 4302 4303
f 4303 4304 4301
v 4776.482 -77.641 735.308
v 4770.945 -78.030 729.534
v 4741.679 -81.111 757.601
v 4747.217 -80.709 763.375
f 4305 4306 4307
f 4307 4308 4305
v 4748.415 -80.518 761.000
v 4740.481 -81.314 759.977
v 4739.256 -81.779 769.473
v 4747.190 -80.903 770.496
f 4309 4310 4311
f 4311 4312 4309
v 4746.884 -80.884 768.373
v 4739.563 -81.794 771.597
v 4743.704 -81.481 781.001
v 4751.025 -80.561 777.777
f 4313 4314 4315
f 4315 4316 4313
v 4748.949 -80.777 775.716
v 4745.780 -81.265 783.062
v 4789.350 -75.909 801.857
v 4792.519 -75.566 794.511
f 4317 4318 4319
f 4319 4320 4317
v 4759.950 -78.858 732.477
v 4762.320 -78.561 724.837
v 4725.740 -80.185 713.491
v 4723.370 -80.777 721.132
f 4321 4322 4323
f 4323 4324 4321
v 4722.279 -80.803 720.600
v 4726.831 -80.164 714.022
v 4724.293 -80.179 712.266
v 4719.741 -80.825 718.844
f 4325 4326 4327
f 4327 4328 4325
v 4718.630 -80.806 717.682
v 4725.404 -80.197 713.427
v 4724.068 -80.129 711.300
v 4717.294 -80.730 715.556
f 4329 4330 4331
f 4331 4332 4329
v 4716.681 -80.618 713.473
v 4724.681 -80.229 713.384
v 4724.525 -79.340 699.357
v 4716.526 -79.626 699.446
f 4333 4334 4335
f 4335 4336 4333
v 5331.833 -76.644 847.033
v 5328.344 -76.884 854.232
v 5347.747 -77.524 863.636
v 5351.236 -77.182 856.437
f 4337 4338 4339
f 4339 4340 4337
v 5349.868 -77.153 856.054
v 5349.115 -77.569 864.019
v 5360.158 -78.187 865.062
v 5360.911 -77.778 857.098
f 4341 4342 4343
f 4343 4344 4341
v 5359.975 -77.723 857.119
v 5361.094 -78.240 865.041
v 5388.022 -79.566 861.237
v 5386.903 -79.201 853.316
f 4345 4346 4347
f 4347 4348 4345
v 4914.270 -67.876 800.432
v 4911.211 -67.785 807.823
v 4942.035 -68.801 820.582
v 4945.095 -69.050 813.190
f 4349 4350 4351
f 4351 4352 4349
v 4458.545 -89.337 242.920
v 4466.095 -88.843 245.565
v 4469.167 -89.489 236.794
v 4461.617 -90.024 234.149
f 4353 4354 4355
f 4355 4356 4353
v 4461.440 -89.856 236.087
v 4469.345 -89.647 234.856
v 4467.998 -90.446 226.205
v 4460.093 -90.702 227.436
f 4357 4358 4359
f 4359 4360 4357
v 4460.438 -90.584 228.548
v 4467.653 -90.558 225.092
v 4448.094 -95.171 184.264
v 4440.879 -95.375 187.721
f 4361 4362 4363
f 4363 4364 4361
v 4474.507 -87.888 254.051
v 4477.762 -88.366 246.744
v 4463.948 -89.356 240.589
v 4460.692 -88.809 247.896
f 4365 4366 4367
f 4367 4368 4365
v 4460.692 -88.809 247.896
v 4463.948 -89.356 240.589
v 4419.988 -93.032 221.000
v 4416.732 -92.416 228.308
f 4369 4370 4371
f 4371 4372 4369
v 4493.657 -86.577 269.839
v 4486.086 -86.741 267.253
v 4475.789 -85.016 297.409
v 4483.360 -84.873 299.994
f 4373 4374 4375
f 4375 4376 4373
v 4386.496 -97.638 523.488
v 4384.233 -97.069 515.815
v 4349.301 -97.251 526.117
v 4351.564 -97.578 533.790
f 4377 4378 4379
f 4379 4380 4377
v 4352.535 -97.606 533.356
v 4348.330 -97.233 526.551
v 4321.758 -96.389 542.969
v 4325.963 -96.685 549.774
f 4381 4382 4383
f 4383 4384 4381
v 4326.103 -96.691 549.683
v 4321.618 -96.383 543.059
v 4302.660 -95.210 555.898
v 4307.146 -95.524 562.522
f 4385 4386 4387
f 4387 4388 4385
v 4308.760 -95.641 560.269
v 4301.046 -95.089 558.151
v 4298.953 -94.925 565.772
v 4306.667 -95.488 567.890
f 4389 4390 4391
f 4391 4392 4389
v 4306.666 -95.489 565.766
v 4298.954 -94.921 567.896
v 4300.891 -95.053 574.909
v 4308.603 -95.631 572.780
f 4393 4394 4395
f 4395 4396 4393
v 4307.856 -95.575 571.328
v 4301.638 -95.107 576.361
v 4318.068 -96.334 596.662
v 4324.287 -96.755 591.629
f 4397 4398 4399
f 4399 4400 4397
v 4324.760 -96.781 592.366
v 4317.595 -96.301 595.925
v 4328.794 -96.840 618.471
v 4335.959 -97.270 614.913
f 4401 4402 4403
f 4403 4404 4401
v 4335.664 -97.259 614.414
v 4329.089 -96.847 618.970
v 4339.230 -97.012 633.605
v 4345.805 -97.430 629.048
f 4405 4406 4407
f 4407 4408 4405
v 4345.021 -97.420 628.207
v 4340.014 -97.023 634.446
v 4357.491 -97.169 648.473
v 4362.499 -97.528 642.234
f 4409 4410 4411
f 4411 4412 4409
v 4363.181 -97.501 642.935
v 4356.809 -97.180 647.773
v 4365.314 -96.580 658.973
v 4371.685 -96.878 654.135
f 4413 4414 4415
f 4415 4416 4413
v 4372.127 -96.826 654.869
v 4364.872 -96.629 658.239
v 4372.186 -95.503 673.983
v 4379.441 -95.638 670.613
f 4417 4418 4419
f 4419 4420 4417
v 4377.857 -95.788 668.860
v 4373.770 -95.355 675.737
v 4380.193 -94.950 679.554
v 4384.280 -95.411 672.677
f 4421 4422 4423
f 4423 4424 4421
v 4381.874 -95.489 672.132
v 4382.599 -94.855 680.099
v 4390.881 -94.755 679.346
v 4390.157 -95.429 671.379
f 4425 4426 4427
f 4427 4428 4425
v 4387.671 -95.370 672.553
v 4393.366 -94.812 678.172
v 4410.309 -95.869 661.001
v 4404.614 -96.586 655.382
f 4429 4430 4431
f 4431 4432 4429
v 4405.315 -96.611 654.817
v 4409.608 -95.844 661.567
v 4424.392 -96.149 652.163
v 4420.098 -96.842 645.413
f 4433 4434 4435
f 4435 4436 4433
v 4420.987 -96.837 644.991
v 4423.503 -96.143 652.585
v 4446.946 -95.731 644.818
v 4444.431 -96.409 637.224
f 4437 4438 4439
f 4439 4440 4437
v 4364.316 -88.854 1309.205
v 4356.854 -89.582 1306.320
v 4354.316 -90.000 1312.884
v 4361.778 -89.207 1315.769
f 4441 4442 4443
f 4443 4444 4441
v 4359.598 -89.460 1318.014
v 4356.496 -89.700 1310.640
v 4346.199 -91.006 1314.972
v 4349.301 -90.830 1322.346
f 4445 4446 4447
f 4447 4448 4445
v 4346.172 -91.190 1322.334
v 4349.327 -90.632 1314.983
v 4344.095 -91.229 1312.737
v 4340.940 -91.730 1320.089
f 4449 4450 4451
f 4451 4452 4449
v 4338.656 -91.936 1317.456
v 4346.379 -90.990 1315.371
v 4339.812 -91.500 1291.043
v 4332.088 -92.506 1293.128
f 4453 4454 4455
f 4455 4456 4453
v 4333.524 -92.343 1295.266
v 4338.376 -91.661 1288.905
v 4331.518 -92.548 1283.675
v 4326.667 -93.176 1290.036
f 4457 4458 4459
f 4459 4460 4457
v 4328.543 -92.941 1290.817
v 4329.642 -92.792 1282.893
v 4307.089 -95.729 1279.763
v 4305.989 -95.876 1287.687
f 4461 4462 4463
f 4463 4464 4461
v 4305.085 -95.996 1287.451
v 4307.993 -95.610 1279.999
v 4292.319 -97.649 1273.884
v 4289.412 -98.055 1281.336
f 4465 4466 4467
f 4467 4468 4465
v 4288.036 -98.233 1280.437
v 4293.695 -97.473 1274.783
v 4281.461 -99.003 1262.539
v 4275.802 -99.717 1268.194
f 4469 4470 4471
f 4471 4472 4469
v 4565.684 -85.530 1402.604
v 4558.618 -85.959 1398.854
v 4536.654 -87.171 1440.246
v 4543.721 -86.465 1443.995
f 4473 4474 4475
f 4475 4476 4473
v 4544.002 -86.438 1443.326
v 4536.374 -87.202 1440.915
v 4530.852 -87.946 1458.388
v 4538.480 -87.057 1460.799
f 4477 4478 4479
f 4479 4480 4477
v 4538.631 -87.033 1459.066
v 4530.701 -87.983 1460.121
v 4533.384 -87.795 1480.276
v 4541.314 -86.720 1479.220
f 4481 4482 4483
f 4483 4484 4481
v 4540.424 -86.839 1477.189
v 4534.275 -87.683 1482.307
v 4558.754 -84.159 1511.719
v 4564.903 -83.255 1506.601
f 4485 4486 4487
f 4487 4488 4485
v 4565.380 -83.184 1507.321
v 4558.276 -84.229 1510.999
v 4582.466 -81.556 1557.726
v 4589.570 -80.647 1554.048
f 4489 4490 4491
f 4491 4492 4489
v 4587.786 -80.814 1552.299
v 4584.250 -81.390 1559.475
v 4594.246 -80.447 1564.401
v 4597.783 -79.779 1557.225
f 4493 4494 4495
f 4495 4496 4493
v 4595.928 -79.981 1556.814
v 4596.101 -80.262 1564.812
v 4631.044 -77.209 1564.060
v 4630.871 -76.832 1556.062
f 4497 4498 4499
f 4499 4500 4497
v 4627.548 -77.155 1557.969
v 4634.367 -76.828 1562.152
v 4636.749 -76.474 1558.270
v 4629.930 -76.828 1554.086
f 4501 4502 4503
f 4503 4504 4501
v 4629.341 -76.948 1556.082
v 4637.339 -76.350 1556.274
v 4639.287 -76.217 1475.063
v 4631.289 -76.829 1474.871
f 4505 4506 4507
f 4507 4508 4505
v 4373.792 -87.648 2223.684
v 4371.222 -87.886 2216.108
v 4347.355 -90.562 2224.203
v 4349.925 -90.254 2231.779
f 4509 4510 4511
f 4511 4512 4509
v 4349.456 -90.316 2231.907
v 4347.825 -90.502 2224.075
v 4276.168 -99.588 2238.999
v 4277.799 -99.281 2246.831
f 4513 4514 4515
f 4515 4516 4513
v 4427.406 -93.023 482.145
v 4431.110 -92.162 475.054
v 4364.229 -91.949 440.118
v 4360.525 -92.638 447.209
f 4517 4518 4519
f 4519 4520 4517
v 4360.979 -92.628 447.412
v 4363.775 -91.961 439.916
v 4310.931 -95.346 420.209
v 4308.136 -95.592 427.705
f 4521 4522 4523
f 4523 4524 4521
v 4384.725 -97.061 515.703
v 4386.004 -97.644 523.600
v 4438.558 -95.642 515.094
v 4437.279 -95.014 507.196
f 4525 4526 4527
f 4527 4528 4525
v 4438.224 -94.975 507.157
v 4437.613 -95.680 515.133
v 4486.282 -92.481 518.858
v 4486.893 -91.950 510.881
f 4529 4530 4531
f 4531 4532 4529
v 4487.892 -91.868 511.089
v 4485.283 -92.571 518.651
v 4519.469 -89.340 530.446
v 4522.078 -88.908 522.884
f 4533 4534 4535
f 4535 4536 4533
v 4521.785 -88.937 522.795
v 4519.762 -89.308 530.535
v 4552.913 -85.219 539.199
v 4554.936 -85.035 531.459
f 4537 4538 4539
f 4539 4540 4537
v 4555.793 -84.926 531.792
v 4552.056 -85.332 538.866
v 4575.790 -82.111 551.401
v 4579.526 -81.851 544.327
f 4541 4542 4543
f 4543 4544 4541
v 4580.866 -81.664 545.475
v 4574.450 -82.300 550.253
v 4596.691 -79.143 580.117
v 4603.108 -78.378 575.339
f 4545 4546 4547
f 4547 4548 4545
v 4602.342 -78.484 574.560
v 4597.457 -79.037 580.896
v 4607.532 -77.695 588.662
v 4612.416 -77.312 582.326
f 4549 4550 4551
f 4551 4552 4549
v 4611.084 -77.430 581.651
v 4608.864 -77.581 589.337
v 4618.649 -76.847 592.164
v 4620.869 -76.593 584.478
f 4553 4554 4555
f 4555 4556 4553
v 4620.143 -76.655 584.339
v 4619.375 -76.791 592.302
v 4675.880 -73.918 597.757
v 4676.649 -73.695 589.794
f 4557 4558 4559
f 4559 4560 4557
v 4676.106 -73.706 589.779
v 4676.423 -73.906 597.773
v 4687.766 -73.642 597.324
v 4687.450 -73.448 589.330
f 4561 4562 4563
f 4563 4564 4561
v 4686.028 -73.487 589.652
v 4689.188 -73.602 597.002
v 4700.464 -73.781 592.154
v 4697.305 -73.599 584.804
f 4565 4566 4567
f 4567 4568 4565
v 4696.028 -73.544 585.679
v 4701.741 -73.804 591.280
v 4716.970 -74.367 575.747
v 4711.257 -74.244 570.146
f 4569 4570 4571
f 4571 4572 4569
v 4710.208 -74.188 572.081
v 4718.019 -74.422 573.812
v 4719.210 -74.517 568.436
v 4711.399 -74.288 566.705
f 4573 4574 4575
f 4575 4576 4573
v 4711.699 -74.268 569.303
v 4718.910 -74.534 565.838
v 4715.470 -74.505 558.679
v 4708.259 -74.243 562.144
f 4577 4578 4579
f 4579 4580 4577
v 4710.210 -74.282 564.053
v 4713.520 -74.472 556.770
v 4680.680 -74.789 541.845
v 4677.370 -74.484 549.128
f 4581 4582 4583
f 4583 4584 4581
v 4676.634 -74.524 548.693
v 4681.417 -74.748 542.280
v 4647.976 -77.312 517.343
v 4643.194 -77.085 523.756
f 4585 4586 4587
f 4587 4588 4585
v 4643.191 -77.086 523.754
v 4647.979 -77.311 517.345
v 4609.017 -82.027 488.234
v 4604.229 -81.833 494.643
f 4589 4590 4591
f 4591 4592 4589
v 4603.820 -81.891 494.292
v 4609.426 -81.976 488.585
v 4605.096 -82.581 484.331
v 4599.490 -82.519 490.039
f 4593 4594 4595
f 4595 4596 4593
v 4598.317 -82.772 487.620
v 4606.269 -82.314 486.750
v 4605.746 -82.729 481.969
v 4597.793 -83.144 482.839
f 4597 4598 4599
f 4599 4600 4597
v 4598.405 -83.292 480.241
v 4605.134 -82.561 484.567
v 4607.817 -82.734 480.393
v 4601.088 -83.446 476.067
f 4601 4602 4603
f 4603 4604 4601
v 4603.950 -83.434 474.262
v 4604.955 -82.758 482.198
v 4611.523 -82.472 481.366
v 4610.518 -83.183 473.430
f 4605 4606 4607
f 4607 4608 4605
v 4612.858 -83.043 473.845
v 4609.183 -82.620 480.951
v 4624.790 -81.125 489.021
v 4628.465 -81.592 481.915
f 4609 4610 4611
f 4611 4612 4609
v 4628.378 -81.600 481.871
v 4624.877 -81.116 489.065
v 4658.017 -78.027 505.192
v 4661.517 -78.534 497.999
f 4613 4614 4615
f 4615 4616 4613
v 4660.852 -78.577 497.745
v 4658.682 -77.985 505.445
v 4681.970 -76.744 512.010
v 4684.140 -77.306 504.310
f 4617 4618 4619
f 4619 4620 4617
v 4683.554 -77.333 504.191
v 4682.556 -76.717 512.129
v 4724.056 -76.338 517.346
v 4725.054 -76.770 509.408
f 4621 4622 4623
f 4623 4624 4621
v 4302.006 -95.622 216.886
v 4309.002 -95.595 213.005
v 4287.205 -94.614 173.722
v 4280.210 -94.396 177.604
f 4625 4626 4627
f 4627 4628 4625
v 4529.113 -88.133 175.696
v 4521.696 -89.021 172.698
v 4498.107 -88.691 231.067
v 4505.524 -88.207 234.065
f 4629 4630 4631
f 4631 4632 4629
v 4505.612 -88.215 233.826
v 4498.020 -88.681 231.306
v 4486.075 -86.739 267.286
v 4493.668 -86.579 269.806
f 4633 4634 4635
f 4635 4636 4633
v 4491.762 -86.857 265.021
v 4487.981 -86.435 272.071
v 4518.838 -86.107 288.621
v 4522.620 -86.311 281.571
f 4637 4638 4639
f 4639 4640 4637
v 4304.091 -95.583 211.204
v 4306.917 -95.603 218.688
v 4316.991 -95.577 214.884
v 4314.165 -95.642 207.399
f 4641 4642 4643
f 4643 4644 4641
v 4315.343 -95.654 207.149
v 4315.814 -95.577 215.135
v 4322.081 -95.547 214.765
v 4321.610 -95.691 206.779
f 4645 4646 4647
f 4647 4648 4645
v 4322.747 -95.691 206.875
v 4320.944 -95.559 214.669
v 4325.798 -95.493 215.792
v 4327.601 -95.669 207.997
f 4649 4650 4651
f 4651 4652 4649
v 4328.818 -95.656 208.502
v 4324.580 -95.515 215.287
v 4328.388 -95.420 217.665
v 4332.625 -95.579 210.879
f 4653 4654 4655
f 4655 4656 4653
v 4333.649 -95.546 211.798
v 4327.363 -95.455 216.746
v 4337.593 -94.844 229.743
v 4343.880 -94.909 224.795
f 4657 4658 4659
f 4659 4660 4657
v 4344.133 -94.886 225.156
v 4337.340 -94.865 229.383
v 4357.634 -92.250 261.995
v 4364.426 -92.106 257.768
f 4661 4662 4663
f 4663 4664 4661
v 4364.240 -92.133 257.495
v 4357.820 -92.221 262.268
v 4362.150 -91.580 268.093
v 4368.571 -91.502 263.320
f 4665 4666 4667
f 4667 4668 4665
v 4368.926 -91.443 263.893
v 4361.795 -91.638 267.519
v 4364.266 -91.171 272.380
v 4371.397 -90.957 268.754
f 4669 4670 4671
f 4671 4672 4669
v 4371.784 -90.849 269.951
v 4363.879 -91.273 271.183
v 4364.692 -90.883 276.400
v 4372.597 -90.430 275.169
f 4673 4674 4675
f 4675 4676 4673
v 4372.627 -90.358 276.162
v 4364.662 -90.949 275.407
v 4364.139 -90.628 280.928
v 4372.103 -90.006 281.683
f 4677 4678 4679
f 4679 4680 4677
v 4922.954 -78.753 1122.643
v 4920.806 -79.411 1114.936
v 4906.969 -79.544 1118.793
v 4909.117 -78.846 1126.499
f 4681 4682 4683
f 4683 4684 4681
v 4908.228 -78.859 1126.642
v 4907.858 -79.528 1118.651
v 4901.580 -79.699 1118.941
v 4901.949 -79.009 1126.933
f 4685 4686 4687
f 4687 4688 4685
v 4901.618 -79.018 1126.934
v 4901.911 -79.689 1118.939
v 4893.996 -79.873 1118.649
v 4893.703 -79.186 1126.644
f 4689 4690 4691
f 4691 4692 4689
v 4893.201 -79.193 1126.593
v 4894.498 -79.867 1118.699
v 4792.852 -78.702 1102.005
v 4791.556 -78.506 1109.899
f 4693 4694 4695
f 4695 4696 4693
v 4689.994 -87.425 1258.057
v 4686.046 -87.735 1265.016
v 4734.871 -82.979 1292.712
v 4738.818 -82.518 1285.753
f 4697 4698 4699
f 4699 4700 4697
v 5059.662 -77.661 895.451
v 5053.157 -77.549 890.794
v 4976.335 -77.138 998.107
v 4982.840 -76.778 1002.764
f 4701 4702 4703
f 4703 4704 4701
v 4980.878 -76.971 1004.222
v 4978.298 -76.969 996.649
v 4969.303 -77.658 999.714
v 4971.883 -77.716 1007.286
f 4705 4706 4707
f 4707 4708 4705
v 4970.840 -77.799 1007.492
v 4970.347 -77.581 999.507
v 4960.495 -78.270 1000.115
v 4960.988 -78.545 1008.100
f 4709 4710 4711
f 4711 4712 4709
v 4959.196 -78.664 1007.797
v 4962.287 -78.159 1000.418
v 4931.885 -79.312 987.686
v 4928.795 -79.845 995.065
f 4713 4714 4715
f 4715 4716 4713
v 4819.252 -72.268 813.799
v 4822.219 -71.997 806.370
v 4792.418 -75.579 794.469
v 4789.451 -75.896 801.899
f 4717 4718 4719
f 4719 4720 4717
v 4757.802 -79.520 872.566
v 4749.996 -80.288 874.319
v 4750.809 -80.119 877.938
v 4758.614 -79.378 876.185
f 4721 4722 4723
f 4723 4724 4721
v 4756.496 -79.639 873.482
v 4752.927 -79.853 880.641
v 4755.788 -79.552 882.068
v 4759.357 -79.323 874.908
f 4725 4726 4727
f 4727 4728 4725
v 4757.274 -79.541 874.499
v 4757.870 -79.348 882.477
v 4798.546 -75.553 879.439
v 4797.951 -75.423 871.461
f 4729 4730 4731
f 4731 4732 4729
v 4796.897 -75.534 871.685
v 4799.600 -75.449 879.215
v 4804.788 -74.909 877.353
v 4802.084 -74.960 869.823
f 4733 4734 4735
f 4735 4736 4733
v 4799.894 -75.233 871.730
v 4806.978 -74.639 875.446
v 4809.583 -74.214 870.480
v 4802.499 -74.833 866.764
f 4737 4738 4739
f 4739 4740 4737
v 4802.161 -74.893 867.648
v 4809.921 -74.148 869.596
v 4824.615 -71.773 811.058
v 4816.855 -72.492 809.110
f 4741 4742 4743
f 4743 4744 4741
v 4816.946 -72.484 808.802
v 4824.524 -71.781 811.367
v 4829.500 -71.435 796.666
v 4821.922 -72.189 794.101
f 4745 4746 4747
f 4747 4748 4745
v 4835.888 -75.600 708.529
v 4828.180 -75.975 706.387
v 4821.857 -74.807 729.145
v 4829.565 -74.290 731.286
f 4749 4750 4751
f 4751 4752 4749
v 4829.556 -74.288 731.319
v 4821.866 -74.809 729.112
v 4819.963 -74.524 735.742
v 4827.652 -73.961 737.950
f 4753 4754 4755
f 4755 4756 4753
v 4827.433 -73.936 738.535
v 4820.182 -74.546 735.157
v 4816.864 -74.374 742.276
v 4824.116 -73.776 745.655
f 4757 4758 4759
f 4759 4760 4757
v 4824.002 -73.772 745.880
v 4816.978 -74.376 742.051
v 4787.423 -76.184 796.269
v 4794.447 -75.266 800.098
f 4761 4762 4763
f 4763 4764 4761
v 4794.524 -75.258 799.950
v 4787.346 -76.193 796.418
v 4750.310 -80.319 871.676
v 4757.488 -79.508 875.209
f 4765 4766 4767
f 4767 4768 4765
