# Buildings and bardas mesh for tecate_core_z14_x2884_y6622
v 579.963 -2.287 -1019.701
v 585.329 -2.287 -1020.309
v 583.737 -2.287 -1034.232
v 575.243 -2.287 -1033.255
v 575.689 -2.287 -1029.331
v 579.106 -2.287 -1028.499
v 579.963 -2.287 -1019.701
v 579.963 1.213 -1019.701
v 585.329 1.213 -1020.309
v 583.737 1.213 -1034.232
v 575.243 1.213 -1033.255
v 575.689 1.213 -1029.331
v 579.106 1.213 -1028.499
v 579.963 1.213 -1019.701
v 579.862 1.213 -1026.432
v -8.238 -2.459 -1493.196
v -3.050 -2.459 -1443.987
v 23.299 -2.459 -1446.774
v 22.776 -2.459 -1451.742
v 31.259 -2.459 -1452.640
v 27.240 -2.459 -1490.818
v 18.958 -2.459 -1489.946
v 18.323 -2.459 -1495.997
v -8.238 -2.459 -1493.196
v -8.238 1.041 -1493.196
v -3.050 1.041 -1443.987
v 23.299 1.041 -1446.774
v 22.776 1.041 -1451.742
v 31.259 1.041 -1452.640
v 27.240 1.041 -1490.818
v 18.958 1.041 -1489.946
v 18.323 1.041 -1495.997
v -8.238 1.041 -1493.196
v 13.592 1.041 -1473.144
v -181.974 -4.725 -1366.191
v -180.082 -4.725 -1345.398
v -177.499 -4.725 -1345.636
v -176.352 -4.725 -1333.006
v -180.861 -4.725 -1332.597
v -180.393 -4.725 -1327.392
v -203.269 -4.725 -1325.305
v -202.824 -4.725 -1320.417
v -198.338 -4.725 -1320.827
v -197.703 -4.725 -1313.957
v -223.340 -4.725 -1311.619
v -225.277 -4.725 -1332.822
v -233.860 -4.725 -1332.029
v -234.606 -4.725 -1340.166
v -226.223 -4.725 -1340.919
v -227.982 -4.725 -1360.246
v -221.971 -4.725 -1360.788
v -221.381 -4.725 -1354.275
v -215.715 -4.725 -1354.790
v -216.461 -4.725 -1363.060
v -181.974 -4.725 -1366.191
v -181.974 -1.225 -1366.191
v -180.082 -1.225 -1345.398
v -177.499 -1.225 -1345.636
v -176.352 -1.225 -1333.006
v -180.861 -1.225 -1332.597
v -180.393 -1.225 -1327.392
v -203.269 -1.225 -1325.305
v -202.824 -1.225 -1320.417
v -198.338 -1.225 -1320.827
v -197.703 -1.225 -1313.957
v -223.340 -1.225 -1311.619
v -225.277 -1.225 -1332.822
v -233.860 -1.225 -1332.029
v -234.606 -1.225 -1340.166
v -226.223 -1.225 -1340.919
v -227.982 -1.225 -1360.246
v -221.971 -1.225 -1360.788
v -221.381 -1.225 -1354.275
v -215.715 -1.225 -1354.790
v -216.461 -1.225 -1363.060
v -181.974 -1.225 -1366.191
v -205.147 -1.225 -1340.363
v -99.865 -2.996 -1326.388
v -98.429 -2.996 -1310.972
v -95.423 -2.996 -1311.249
v -88.343 -2.996 -1311.910
v -82.755 -2.996 -1312.438
v -84.191 -2.996 -1327.854
v -89.813 -2.996 -1327.286
v -96.136 -2.996 -1326.771
v -99.865 -2.996 -1326.388
v -99.865 0.504 -1326.388
v -98.429 0.504 -1310.972
v -95.423 0.504 -1311.249
v -88.343 0.504 -1311.910
v -82.755 0.504 -1312.438
v -84.191 0.504 -1327.854
v -89.813 0.504 -1327.286
v -96.136 0.504 -1326.771
v -99.865 0.504 -1326.388
v -92.758 0.504 -1320.140
v -109.104 -3.484 -1376.165
v -107.078 -3.484 -1352.637
v -122.362 -3.484 -1351.316
v -121.817 -3.484 -1345.028
v -128.240 -3.484 -1344.473
v -128.017 -3.484 -1341.831
v -135.120 -3.484 -1341.223
v -135.442 -3.484 -1344.883
v -139.606 -3.484 -1344.513
v -139.828 -3.484 -1347.115
v -143.157 -3.484 -1346.824
v -143.313 -3.484 -1348.661
v -145.417 -3.484 -1373.034
v -109.104 -3.484 -1376.165
v -109.104 0.016 -1376.165
v -107.078 0.016 -1352.637
v -122.362 0.016 -1351.316
v -121.817 0.016 -1345.028
v -128.240 0.016 -1344.473
v -128.017 0.016 -1341.831
v -135.120 0.016 -1341.223
v -135.442 0.016 -1344.883
v -139.606 0.016 -1344.513
v -139.828 0.016 -1347.115
v -143.157 0.016 -1346.824
v -143.313 0.016 -1348.661
v -145.417 0.016 -1373.034
v -109.104 0.016 -1376.165
v -129.115 0.016 -1352.419
v -143.268 -3.511 -1322.042
v -141.799 -3.511 -1306.665
v -138.292 -3.511 -1306.995
v -130.010 -3.511 -1307.788
v -125.234 -3.511 -1308.237
v -126.704 -3.511 -1323.627
v -131.290 -3.511 -1323.191
v -139.595 -3.511 -1322.399
v -143.268 -3.511 -1322.042
v -143.268 -0.011 -1322.042
v -141.799 -0.011 -1306.665
v -138.292 -0.011 -1306.995
v -130.010 -0.011 -1307.788
v -125.234 -0.011 -1308.237
v -126.704 -0.011 -1323.627
v -131.290 -0.011 -1323.191
v -139.595 -0.011 -1322.399
v -143.268 -0.011 -1322.042
v -135.496 -0.011 -1315.887
v -604.053 -5.250 -430.801
v -572.761 -5.250 -442.676
v -569.355 -5.250 -433.694
v -600.658 -5.250 -421.832
v -604.053 -5.250 -430.801
v -604.053 -1.750 -430.801
v -572.761 -1.750 -442.676
v -569.355 -1.750 -433.694
v -600.658 -1.750 -421.832
v -604.053 -1.750 -430.801
v -590.176 -1.750 -431.961
v 274.881 -1.820 -1417.540
v 274.915 -1.820 -1423.986
v 274.948 -1.820 -1430.063
v 246.472 -1.820 -1430.182
v 246.450 -1.820 -1424.185
v 246.417 -1.820 -1417.659
v 274.881 -1.820 -1417.540
v 274.881 1.680 -1417.540
v 274.915 1.680 -1423.986
v 274.948 1.680 -1430.063
v 246.472 1.680 -1430.182
v 246.450 1.680 -1424.185
v 246.417 1.680 -1417.659
v 274.881 1.680 -1417.540
v 262.709 1.680 -1423.022
v 235.853 -1.934 -1432.349
v 275.026 -1.934 -1432.164
v 275.037 -1.934 -1436.034
v 275.059 -1.934 -1440.737
v 235.886 -1.934 -1440.909
v 235.864 -1.934 -1436.378
v 235.853 -1.934 -1432.349
v 235.853 1.566 -1432.349
v 275.026 1.566 -1432.164
v 275.037 1.566 -1436.034
v 275.059 1.566 -1440.737
v 235.886 1.566 -1440.909
v 235.864 1.566 -1436.378
v 235.853 1.566 -1432.349
v 252.654 1.566 -1435.846
v 254.532 -2.109 -1442.177
v 271.820 -2.109 -1442.098
v 271.831 -2.109 -1444.727
v 274.347 -2.109 -1444.714
v 274.369 -2.109 -1451.068
v 273.122 -2.109 -1451.068
v 273.178 -2.109 -1467.621
v 269.304 -2.109 -1467.647
v 269.338 -2.109 -1474.596
v 258.695 -2.109 -1474.635
v 258.640 -2.109 -1459.589
v 254.610 -2.109 -1459.602
v 254.532 -2.109 -1442.177
v 254.532 1.391 -1442.177
v 271.820 1.391 -1442.098
v 271.831 1.391 -1444.727
v 274.347 1.391 -1444.714
v 274.369 1.391 -1451.068
v 273.122 1.391 -1451.068
v 273.178 1.391 -1467.621
v 269.304 1.391 -1467.647
v 269.338 1.391 -1474.596
v 258.695 1.391 -1474.635
v 258.640 1.391 -1459.589
v 254.610 1.391 -1459.602
v 254.532 1.391 -1442.177
v 266.024 1.391 -1455.517
v 281.638 -2.159 -1461.570
v 287.561 -2.159 -1467.634
v 281.917 -2.159 -1473.143
v 275.994 -2.159 -1467.079
v 281.638 -2.159 -1461.570
v 281.638 1.341 -1461.570
v 287.561 1.341 -1467.634
v 281.917 1.341 -1473.143
v 275.994 1.341 -1467.079
v 281.638 1.341 -1461.570
v 281.750 1.341 -1466.199
v -126.960 -3.620 -1386.759
v -111.397 -3.620 -1388.450
v -113.000 -3.620 -1403.312
v -128.574 -3.620 -1401.634
v -126.960 -3.620 -1386.759
v -126.960 -0.120 -1386.759
v -111.397 -0.120 -1388.450
v -113.000 -0.120 -1403.312
v -128.574 -0.120 -1401.634
v -126.960 -0.120 -1386.759
v -121.378 -0.120 -1393.383
v -319.621 -5.563 -1336.005
v -292.993 -5.563 -1338.713
v -288.551 -5.563 -1295.172
v -287.126 -5.563 -1281.196
v -286.826 -5.563 -1278.276
v -302.678 -5.563 -1276.664
v -303.902 -5.563 -1288.699
v -314.700 -5.563 -1287.603
v -319.621 -5.563 -1336.005
v -319.621 -2.063 -1336.005
v -292.993 -2.063 -1338.713
v -288.551 -2.063 -1295.172
v -287.126 -2.063 -1281.196
v -286.826 -2.063 -1278.276
v -302.678 -2.063 -1276.664
v -303.902 -2.063 -1288.699
v -314.700 -2.063 -1287.603
v -319.621 -2.063 -1336.005
v -301.780 -2.063 -1302.037
v -287.126 -5.463 -1281.196
v -263.794 -5.463 -1283.573
v -265.230 -5.463 -1297.563
v -288.551 -5.463 -1295.172
v -287.126 -5.463 -1281.196
v -287.126 -1.963 -1281.196
v -263.794 -1.963 -1283.573
v -265.230 -1.963 -1297.563
v -288.551 -1.963 -1295.172
v -287.126 -1.963 -1281.196
v -278.366 -1.963 -1287.740
v -194.353 -4.627 -1289.663
v -195.199 -4.627 -1298.871
v -211.429 -4.627 -1297.391
v -210.583 -4.627 -1288.171
v -194.353 -4.627 -1289.663
v -194.353 -1.127 -1289.663
v -195.199 -1.127 -1298.871
v -211.429 -1.127 -1297.391
v -210.583 -1.127 -1288.171
v -194.353 -1.127 -1289.663
v -201.183 -1.127 -1292.752
v -183.733 -4.281 -1292.332
v -173.759 -4.281 -1293.032
v -174.749 -4.281 -1307.233
v -184.735 -4.281 -1306.533
v -183.733 -4.281 -1292.332
v -183.733 -0.781 -1292.332
v -173.759 -0.781 -1293.032
v -174.749 -0.781 -1307.233
v -184.735 -0.781 -1306.533
v -183.733 -0.781 -1292.332
v -180.142 -0.781 -1298.292
v -285.245 -5.382 -1376.574
v -272.532 -5.382 -1377.578
v -273.223 -5.382 -1386.284
v -285.935 -5.382 -1385.280
v -285.245 -5.382 -1376.574
v -285.245 -1.882 -1376.574
v -272.532 -1.882 -1377.578
v -273.223 -1.882 -1386.284
v -285.935 -1.882 -1385.280
v -285.245 -1.882 -1376.574
v -280.436 -1.882 -1380.458
v -171.465 -4.320 -1448.241
v -173.013 -4.320 -1448.703
v -174.315 -4.320 -1449.681
v -175.206 -4.320 -1451.028
v -175.573 -4.320 -1452.442
v -175.484 -4.320 -1453.895
v -174.950 -4.320 -1455.256
v -174.037 -4.320 -1456.378
v -172.812 -4.320 -1457.171
v -171.410 -4.320 -1457.554
v -169.951 -4.320 -1457.475
v -168.593 -4.320 -1456.960
v -167.447 -4.320 -1456.061
v -166.578 -4.320 -1454.687
v -166.222 -4.320 -1453.115
v -166.434 -4.320 -1451.504
v -167.168 -4.320 -1450.064
v -168.360 -4.320 -1448.954
v -169.851 -4.320 -1448.333
v -171.465 -4.320 -1448.241
v -171.465 -0.820 -1448.241
v -173.013 -0.820 -1448.703
v -174.315 -0.820 -1449.681
v -175.206 -0.820 -1451.028
v -175.573 -0.820 -1452.442
v -175.484 -0.820 -1453.895
v -174.950 -0.820 -1455.256
v -174.037 -0.820 -1456.378
v -172.812 -0.820 -1457.171
v -171.410 -0.820 -1457.554
v -169.951 -0.820 -1457.475
v -168.593 -0.820 -1456.960
v -167.447 -0.820 -1456.061
v -166.578 -0.820 -1454.687
v -166.222 -0.820 -1453.115
v -166.434 -0.820 -1451.504
v -167.168 -0.820 -1450.064
v -168.360 -0.820 -1448.954
v -169.851 -0.820 -1448.333
v -171.465 -0.820 -1448.241
v -171.017 -0.820 -1452.787
v -202.345 -4.393 -1446.206
v -196.935 -4.393 -1446.735
v -198.405 -4.393 -1461.755
v -203.815 -4.393 -1461.227
v -202.345 -4.393 -1446.206
v -202.345 -0.893 -1446.206
v -196.935 -0.893 -1446.735
v -198.405 -0.893 -1461.755
v -203.815 -0.893 -1461.227
v -202.345 -0.893 -1446.206
v -200.769 -0.893 -1452.426
v -203.269 -4.355 -1463.988
v -202.635 -4.355 -1463.512
v -201.867 -4.355 -1463.274
v -201.076 -4.355 -1463.314
v -200.353 -4.355 -1463.591
v -199.763 -4.355 -1464.080
v -199.362 -4.355 -1464.741
v -199.184 -4.355 -1465.480
v -199.262 -4.355 -1466.247
v -199.585 -4.355 -1466.947
v -200.108 -4.355 -1467.515
v -200.776 -4.355 -1467.885
v -201.533 -4.355 -1468.017
v -202.301 -4.355 -1467.898
v -203.002 -4.355 -1467.528
v -203.548 -4.355 -1466.947
v -203.871 -4.355 -1466.207
v -203.926 -4.355 -1465.414
v -203.726 -4.355 -1464.648
v -203.269 -4.355 -1463.988
v -203.269 -0.855 -1463.988
v -202.635 -0.855 -1463.512
v -201.867 -0.855 -1463.274
v -201.076 -0.855 -1463.314
v -200.353 -0.855 -1463.591
v -199.763 -0.855 -1464.080
v -199.362 -0.855 -1464.741
v -199.184 -0.855 -1465.480
v -199.262 -0.855 -1466.247
v -199.585 -0.855 -1466.947
v -200.108 -0.855 -1467.515
v -200.776 -0.855 -1467.885
v -201.533 -0.855 -1468.017
v -202.301 -0.855 -1467.898
v -203.002 -0.855 -1467.528
v -203.548 -0.855 -1466.947
v -203.871 -0.855 -1466.207
v -203.926 -0.855 -1465.414
v -203.726 -0.855 -1464.648
v -203.269 -0.855 -1463.988
v -201.621 -0.855 -1465.561
v -117.932 -4.141 -1457.224
v -103.249 -4.141 -1452.006
v -101.791 -4.141 -1456.101
v -100.065 -4.141 -1460.962
v -98.128 -4.141 -1466.405
v -112.822 -4.141 -1471.623
v -114.559 -4.141 -1466.735
v -116.362 -4.141 -1461.663
v -117.932 -4.141 -1457.224
v -117.932 -0.641 -1457.224
v -103.249 -0.641 -1452.006
v -101.791 -0.641 -1456.101
v -100.065 -0.641 -1460.962
v -98.128 -0.641 -1466.405
v -112.822 -0.641 -1471.623
v -114.559 -0.641 -1466.735
v -116.362 -0.641 -1461.663
v -117.932 -0.641 -1457.224
v -109.204 -0.641 -1461.105
v -555.651 -6.500 -1810.226
v -555.963 -6.500 -1811.323
v -555.896 -6.500 -1812.446
v -555.484 -6.500 -1813.489
v -554.750 -6.500 -1814.348
v -553.770 -6.500 -1814.929
v -552.646 -6.500 -1815.154
v -551.510 -6.500 -1815.009
v -550.486 -6.500 -1814.493
v -549.685 -6.500 -1813.674
v -549.206 -6.500 -1812.631
v -549.083 -6.500 -1811.494
v -549.339 -6.500 -1810.385
v -549.952 -6.500 -1809.407
v -550.831 -6.500 -1808.694
v -551.889 -6.500 -1808.311
v -553.024 -6.500 -1808.284
v -554.093 -6.500 -1808.628
v -555.006 -6.500 -1809.301
v -555.651 -6.500 -1810.226
v -555.651 -3.000 -1810.226
v -555.963 -3.000 -1811.323
v -555.896 -3.000 -1812.446
v -555.484 -3.000 -1813.489
v -554.750 -3.000 -1814.348
v -553.770 -3.000 -1814.929
v -552.646 -3.000 -1815.154
v -551.510 -3.000 -1815.009
v -550.486 -3.000 -1814.493
v -549.685 -3.000 -1813.674
v -549.206 -3.000 -1812.631
v -549.083 -3.000 -1811.494
v -549.339 -3.000 -1810.385
v -549.952 -3.000 -1809.407
v -550.831 -3.000 -1808.694
v -551.889 -3.000 -1808.311
v -553.024 -3.000 -1808.284
v -554.093 -3.000 -1808.628
v -555.006 -3.000 -1809.301
v -555.651 -3.000 -1810.226
v -552.696 -3.000 -1811.623
v -252.072 -4.663 -1211.129
v -251.170 -4.663 -1205.541
v -247.964 -4.663 -1205.752
v -247.664 -4.663 -1202.766
v -239.526 -4.663 -1203.374
v -239.905 -4.663 -1206.809
v -237.545 -4.663 -1206.967
v -238.057 -4.663 -1212.370
v -228.929 -4.663 -1213.229
v -229.229 -4.663 -1216.056
v -226.535 -4.663 -1216.360
v -226.992 -4.663 -1221.736
v -230.053 -4.663 -1221.736
v -230.420 -4.663 -1224.867
v -239.637 -4.663 -1223.810
v -239.304 -4.663 -1221.314
v -241.474 -4.663 -1221.129
v -241.318 -4.663 -1215.607
v -249.155 -4.663 -1214.563
v -248.788 -4.663 -1211.432
v -252.072 -4.663 -1211.129
v -252.072 -1.163 -1211.129
v -251.170 -1.163 -1205.541
v -247.964 -1.163 -1205.752
v -247.664 -1.163 -1202.766
v -239.526 -1.163 -1203.374
v -239.905 -1.163 -1206.809
v -237.545 -1.163 -1206.967
v -238.057 -1.163 -1212.370
v -228.929 -1.163 -1213.229
v -229.229 -1.163 -1216.056
v -226.535 -1.163 -1216.360
v -226.992 -1.163 -1221.736
v -230.053 -1.163 -1221.736
v -230.420 -1.163 -1224.867
v -239.637 -1.163 -1223.810
v -239.304 -1.163 -1221.314
v -241.474 -1.163 -1221.129
v -241.318 -1.163 -1215.607
v -249.155 -1.163 -1214.563
v -248.788 -1.163 -1211.432
v -252.072 -1.163 -1211.129
v -239.896 -1.163 -1213.699
v -275.660 -4.791 -1210.759
v -284.766 -4.791 -1210.019
v -283.564 -4.791 -1202.106
v -281.182 -4.791 -1202.106
v -280.135 -4.791 -1190.151
v -265.052 -4.791 -1191.657
v -264.907 -4.791 -1189.266
v -259.352 -4.791 -1189.688
v -257.148 -4.791 -1189.860
v -257.738 -4.791 -1197.020
v -252.217 -4.791 -1197.773
v -252.962 -4.791 -1207.033
v -257.137 -4.791 -1206.928
v -259.530 -4.791 -1206.875
v -260.877 -4.791 -1223.744
v -266.254 -4.791 -1223.150
v -266.254 -4.791 -1221.657
v -273.122 -4.791 -1220.917
v -273.412 -4.791 -1223.004
v -278.644 -4.791 -1222.555
v -277.453 -4.791 -1213.004
v -276.106 -4.791 -1213.150
v -275.660 -4.791 -1210.759
v -275.660 -1.291 -1210.759
v -284.766 -1.291 -1210.019
v -283.564 -1.291 -1202.106
v -281.182 -1.291 -1202.106
v -280.135 -1.291 -1190.151
v -265.052 -1.291 -1191.657
v -264.907 -1.291 -1189.266
v -259.352 -1.291 -1189.688
v -257.148 -1.291 -1189.860
v -257.738 -1.291 -1197.020
v -252.217 -1.291 -1197.773
v -252.962 -1.291 -1207.033
v -257.137 -1.291 -1206.928
v -259.530 -1.291 -1206.875
v -260.877 -1.291 -1223.744
v -266.254 -1.291 -1223.150
v -266.254 -1.291 -1221.657
v -273.122 -1.291 -1220.917
v -273.412 -1.291 -1223.004
v -278.644 -1.291 -1222.555
v -277.453 -1.291 -1213.004
v -276.106 -1.291 -1213.150
v -275.660 -1.291 -1210.759
v -268.658 -1.291 -1207.095
v 1048.897 -0.306 -666.934
v 1052.470 -0.306 -635.283
v 1107.417 -0.306 -643.645
v 1105.614 -0.306 -659.232
v 1103.833 -0.306 -674.688
v 1073.376 -0.306 -670.513
v 1048.897 -0.306 -666.934
v 1048.897 3.194 -666.934
v 1052.470 3.194 -635.283
v 1107.417 3.194 -643.645
v 1105.614 3.194 -659.232
v 1103.833 3.194 -674.688
v 1073.376 3.194 -670.513
v 1048.897 3.194 -666.934
v 1077.215 3.194 -659.604
v 1048.897 3.794 -666.934
v 1052.470 3.794 -635.283
v 1107.417 3.794 -643.645
v 1105.614 3.794 -659.232
v 1103.833 3.794 -674.688
v 1073.376 3.794 -670.513
v 1048.897 3.794 -666.934
v -240.361 -4.521 -875.977
v -221.259 -4.521 -877.470
v -215.581 -4.521 -875.290
v -212.932 -4.521 -844.670
v -237.211 -4.521 -842.979
v -240.361 -4.521 -875.977
v -240.361 -1.021 -875.977
v -221.259 -1.021 -877.470
v -215.581 -1.021 -875.290
v -212.932 -1.021 -844.670
v -237.211 -1.021 -842.979
v -240.361 -1.021 -875.977
v -227.951 -1.021 -865.394
v -195.722 -4.178 -920.772
v -194.531 -4.178 -908.077
v -167.658 -4.178 -910.019
v -169.451 -4.178 -922.701
v -195.722 -4.178 -920.772
v -195.722 -0.678 -920.772
v -194.531 -0.678 -908.077
v -167.658 -0.678 -910.019
v -169.451 -0.678 -922.701
v -195.722 -0.678 -920.772
v -184.617 -0.678 -916.468
v -108.013 -3.654 -804.539
v -106.677 -3.654 -793.641
v -94.577 -3.654 -794.539
v -89.801 -3.654 -791.250
v -89.200 -3.654 -784.235
v -78.157 -3.654 -784.090
v -79.349 -3.654 -798.119
v -81.141 -3.654 -799.612
v -79.204 -3.654 -801.553
v -79.649 -3.654 -803.495
v -84.425 -3.654 -806.639
v -86.662 -3.654 -806.481
v -88.009 -3.654 -805.146
v -89.801 -3.654 -806.190
v -108.013 -3.654 -804.539
v -108.013 -0.154 -804.539
v -106.677 -0.154 -793.641
v -94.577 -0.154 -794.539
v -89.801 -0.154 -791.250
v -89.200 -0.154 -784.235
v -78.157 -0.154 -784.090
v -79.349 -0.154 -798.119
v -81.141 -0.154 -799.612
v -79.204 -0.154 -801.553
v -79.649 -0.154 -803.495
v -84.425 -0.154 -806.639
v -86.662 -0.154 -806.481
v -88.009 -0.154 -805.146
v -89.801 -0.154 -806.190
v -108.013 -0.154 -804.539
v -89.512 -0.154 -798.938
v -328.860 -5.640 -1601.285
v -351.079 -5.640 -1567.651
v -361.644 -5.640 -1574.626
v -339.435 -5.640 -1608.260
v -328.860 -5.640 -1601.285
v -328.860 -2.140 -1601.285
v -351.079 -2.140 -1567.651
v -361.644 -2.140 -1574.626
v -339.435 -2.140 -1608.260
v -328.860 -2.140 -1601.285
v -341.976 -2.140 -1590.621
v -328.860 -1.540 -1601.285
v -351.079 -1.540 -1567.651
v -361.644 -1.540 -1574.626
v -339.435 -1.540 -1608.260
v -328.860 -1.540 -1601.285
v -325.888 -5.402 -1600.281
v -289.086 -5.402 -1603.319
v -290.165 -5.402 -1616.292
v -326.968 -5.402 -1613.254
v -325.888 -5.402 -1600.281
v -325.888 -1.902 -1600.281
v -289.086 -1.902 -1603.319
v -290.165 -1.902 -1616.292
v -326.968 -1.902 -1613.254
v -325.888 -1.902 -1600.281
v -311.599 -1.902 -1606.686
v -289.375 -4.830 -1601.708
v -277.898 -4.830 -1564.282
v -264.217 -4.830 -1568.483
v -269.761 -4.830 -1586.542
v -265.686 -4.830 -1587.797
v -271.631 -4.830 -1607.151
v -289.375 -4.830 -1601.708
v -289.375 -1.330 -1601.708
v -277.898 -1.330 -1564.282
v -264.217 -1.330 -1568.483
v -269.761 -1.330 -1586.542
v -265.686 -1.330 -1587.797
v -271.631 -1.330 -1607.151
v -289.375 -1.330 -1601.708
v -275.420 -1.330 -1588.239
v -289.375 -0.730 -1601.708
v -277.898 -0.730 -1564.282
v -264.217 -0.730 -1568.483
v -269.761 -0.730 -1586.542
v -265.686 -0.730 -1587.797
v -271.631 -0.730 -1607.151
v -289.375 -0.730 -1601.708
v 466.440 -2.005 -2032.039
v 467.408 -2.005 -2015.829
v 469.234 -2.005 -2015.934
v 481.602 -2.005 -2016.674
v 480.633 -2.005 -2032.884
v 466.440 -2.005 -2032.039
v 466.440 1.495 -2032.039
v 467.408 1.495 -2015.829
v 469.234 1.495 -2015.934
v 481.602 1.495 -2016.674
v 480.633 1.495 -2032.884
v 466.440 1.495 -2032.039
v 471.959 1.495 -2024.233
v 469.267 -1.767 -1998.258
v 482.592 -1.767 -1998.773
v 481.947 -1.767 -2015.459
v 468.622 -1.767 -2014.944
v 469.267 -1.767 -1998.258
v 469.267 1.733 -1998.258
v 482.592 1.733 -1998.773
v 481.947 1.733 -2015.459
v 468.622 1.733 -2014.944
v 469.267 1.733 -1998.258
v 474.339 1.733 -2005.138
v 469.657 -1.518 -1984.003
v 469.946 -1.518 -1973.910
v 486.232 -1.518 -1974.386
v 485.932 -1.518 -1984.479
v 469.657 -1.518 -1984.003
v 469.657 1.982 -1984.003
v 469.946 1.982 -1973.910
v 486.232 1.982 -1974.386
v 485.932 1.982 -1984.479
v 469.657 1.982 -1984.003
v 476.285 1.982 -1980.156
v 469.323 -1.405 -1957.964
v 469.624 -1.405 -1949.760
v 488.871 -1.405 -1950.474
v 488.559 -1.405 -1958.678
v 469.323 -1.405 -1957.964
v 469.323 2.095 -1957.964
v 469.624 2.095 -1949.760
v 488.871 2.095 -1950.474
v 488.559 2.095 -1958.678
v 469.323 2.095 -1957.964
v 477.140 2.095 -1954.968
v 379.021 -1.572 -2035.077
v 417.559 -1.572 -2034.377
v 417.893 -1.572 -2052.793
v 379.355 -1.572 -2053.494
v 379.021 -1.572 -2035.077
v 379.021 1.928 -2035.077
v 417.559 1.928 -2034.377
v 417.893 1.928 -2052.793
v 379.355 1.928 -2053.494
v 379.021 1.928 -2035.077
v 394.570 1.928 -2042.164
v 270.128 -1.191 -2027.534
v 270.384 -1.191 -2013.081
v 290.165 -1.191 -2013.438
v 290.110 -1.191 -2016.595
v 300.251 -1.191 -2016.767
v 300.039 -1.191 -2028.062
v 270.128 -1.191 -2027.534
v 270.128 2.309 -2027.534
v 270.384 2.309 -2013.081
v 290.165 2.309 -2013.438
v 290.110 2.309 -2016.595
v 300.251 2.309 -2016.767
v 300.039 2.309 -2028.062
v 270.128 2.309 -2027.534
v 284.458 2.309 -2020.430
v 481.635 -2.995 -2108.043
v 482.203 -2.995 -2090.762
v 499.869 -2.995 -2091.344
v 499.301 -2.995 -2108.624
v 481.635 -2.995 -2108.043
v 481.635 0.505 -2108.043
v 482.203 0.505 -2090.762
v 499.869 0.505 -2091.344
v 499.301 0.505 -2108.624
v 481.635 0.505 -2108.043
v 488.929 0.505 -2101.363
v 475.780 -2.741 -1792.339
v 475.924 -2.741 -1780.066
v 490.919 -2.741 -1780.238
v 490.774 -2.741 -1792.524
v 475.780 -2.741 -1792.339
v 475.780 0.759 -1792.339
v 475.924 0.759 -1780.066
v 490.919 0.759 -1780.238
v 490.774 0.759 -1792.524
v 475.780 0.759 -1792.339
v 481.835 0.759 -1787.501
v -130.812 -4.075 -1167.125
v -130.322 -4.075 -1157.918
v -113.112 -4.075 -1158.843
v -113.602 -4.075 -1168.050
v -130.812 -4.075 -1167.125
v -130.812 -0.575 -1167.125
v -130.322 -0.575 -1157.918
v -113.112 -0.575 -1158.843
v -113.602 -0.575 -1168.050
v -130.812 -0.575 -1167.125
v -123.732 -0.575 -1163.812
v -141.487 -3.880 -1217.351
v -140.307 -3.880 -1206.941
v -120.937 -3.880 -1209.121
v -122.117 -3.880 -1219.530
v -141.487 -3.880 -1217.351
v -141.487 -0.380 -1217.351
v -140.307 -0.380 -1206.941
v -120.937 -0.380 -1209.121
v -122.117 -0.380 -1219.530
v -141.487 -0.380 -1217.351
v -133.267 -0.380 -1214.059
v -217.118 -4.184 -1135.157
v -215.993 -4.184 -1122.462
v -202.345 -4.184 -1123.664
v -201.143 -4.184 -1110.005
v -187.629 -4.184 -1111.194
v -189.956 -4.184 -1137.561
v -217.118 -4.184 -1135.157
v -217.118 -0.684 -1135.157
v -215.993 -0.684 -1122.462
v -202.345 -0.684 -1123.664
v -201.143 -0.684 -1110.005
v -187.629 -0.684 -1111.194
v -189.956 -0.684 -1137.561
v -217.118 -0.684 -1135.157
v -204.472 -0.684 -1125.029
v -351.280 -4.543 -422.242
v -346.805 -4.543 -407.157
v -328.292 -4.543 -407.460
v -334.181 -4.543 -427.314
v -351.280 -4.543 -422.242
v -351.280 -1.043 -422.242
v -346.805 -1.043 -407.157
v -328.292 -1.043 -407.460
v -334.181 -1.043 -427.314
v -351.280 -1.043 -422.242
v -342.368 -1.043 -417.283
v -228.873 -4.573 -911.406
v -231.355 -4.573 -936.333
v -220.368 -4.573 -937.430
v -218.175 -4.573 -912.516
v -228.873 -4.573 -911.406
v -228.873 -1.073 -911.406
v -231.355 -1.073 -936.333
v -220.368 -1.073 -937.430
v -218.175 -1.073 -912.516
v -228.873 -1.073 -911.406
v -225.529 -1.073 -921.818
v -231.355 -4.627 -936.333
v -238.613 -4.627 -935.620
v -236.131 -4.627 -910.693
v -228.873 -4.627 -911.406
v -231.355 -4.627 -936.333
v -231.355 -1.127 -936.333
v -238.613 -1.127 -935.620
v -236.131 -1.127 -910.693
v -228.873 -1.127 -911.406
v -231.355 -1.127 -936.333
v -233.266 -1.127 -926.077
v -319.053 -4.825 -1531.203
v -312.941 -4.825 -1515.059
v -291.624 -4.825 -1523.118
v -297.735 -4.825 -1539.274
v -319.053 -4.825 -1531.203
v -319.053 -1.325 -1531.203
v -312.941 -1.325 -1515.059
v -291.624 -1.325 -1523.118
v -297.735 -1.325 -1539.274
v -319.053 -1.325 -1531.203
v -308.081 -1.325 -1527.971
v -521.688 -5.233 -846.176
v -520.597 -5.233 -834.749
v -519.996 -5.233 -828.448
v -509.509 -5.233 -829.452
v -510.311 -5.233 -837.854
v -511.190 -5.233 -847.180
v -521.688 -5.233 -846.176
v -521.688 -1.733 -846.176
v -520.597 -1.733 -834.749
v -519.996 -1.733 -828.448
v -509.509 -1.733 -829.452
v -510.311 -1.733 -837.854
v -511.190 -1.733 -847.180
v -521.688 -1.733 -846.176
v -516.425 -1.733 -838.577
v 445.645 -2.223 -454.486
v 485.542 -2.223 -453.389
v 484.585 -2.223 -418.543
v 450.009 -2.223 -419.494
v 450.621 -2.223 -441.567
v 450.699 -2.223 -444.526
v 445.378 -2.223 -444.671
v 445.645 -2.223 -454.486
v 445.645 1.277 -454.486
v 485.542 1.277 -453.389
v 484.585 1.277 -418.543
v 450.009 1.277 -419.494
v 450.621 1.277 -441.567
v 450.699 1.277 -444.526
v 445.378 1.277 -444.671
v 445.645 1.277 -454.486
v 457.266 1.277 -441.395
v 158.441 -2.939 -299.462
v 193.707 -2.939 -302.209
v 194.920 -2.939 -286.675
v 159.654 -2.939 -283.941
v 158.441 -2.939 -299.462
v 158.441 0.561 -299.462
v 193.707 0.561 -302.209
v 194.920 0.561 -286.675
v 159.654 0.561 -283.941
v 158.441 0.561 -299.462
v 173.033 0.561 -294.350
v 68.784 -3.138 -481.023
v 92.729 -3.138 -481.538
v 91.070 -3.138 -508.116
v 91.672 -3.138 -517.072
v 94.956 -3.138 -524.535
v 100.321 -3.138 -529.911
v 108.982 -3.138 -534.085
v 118.834 -3.138 -534.984
v 140.340 -3.138 -535.882
v 140.296 -3.138 -558.866
v 115.850 -3.138 -558.417
v 99.108 -3.138 -555.247
v 86.885 -3.138 -548.457
v 77.389 -3.138 -537.599
v 70.599 -3.138 -522.659
v 66.970 -3.138 -505.923
v 68.784 -3.138 -481.023
v 68.784 0.362 -481.023
v 92.729 0.362 -481.538
v 91.070 0.362 -508.116
v 91.672 0.362 -517.072
v 94.956 0.362 -524.535
v 100.321 0.362 -529.911
v 108.982 0.362 -534.085
v 118.834 0.362 -534.984
v 140.340 0.362 -535.882
v 140.296 0.362 -558.866
v 115.850 0.362 -558.417
v 99.108 0.362 -555.247
v 86.885 0.362 -548.457
v 77.389 0.362 -537.599
v 70.599 0.362 -522.659
v 66.970 0.362 -505.923
v 68.784 0.362 -481.023
v 96.092 0.362 -524.432
v -488.114 -4.914 -572.895
v -428.736 -4.914 -579.051
v -424.528 -4.914 -539.171
v -483.783 -4.914 -532.923
v -488.114 -4.914 -572.895
v -488.114 -1.414 -572.895
v -428.736 -1.414 -579.051
v -424.528 -1.414 -539.171
v -483.783 -1.414 -532.923
v -488.114 -1.414 -572.895
v -462.655 -1.414 -559.387
v -547.848 -5.180 -573.727
v -546.690 -5.180 -575.154
v -546.044 -5.180 -576.858
v -545.944 -5.180 -578.681
v -546.423 -5.180 -580.451
v -547.414 -5.180 -581.983
v -548.838 -5.180 -583.132
v -550.542 -5.180 -583.793
v -552.367 -5.180 -583.885
v -554.315 -5.180 -583.317
v -555.952 -5.180 -582.128
v -557.087 -5.180 -580.451
v -557.577 -5.180 -578.482
v -557.366 -5.180 -576.461
v -556.475 -5.180 -574.639
v -555.017 -5.180 -573.225
v -553.169 -5.180 -572.406
v -551.143 -5.180 -572.261
v -549.373 -5.180 -572.736
v -547.848 -5.180 -573.727
v -547.848 -1.680 -573.727
v -546.690 -1.680 -575.154
v -546.044 -1.680 -576.858
v -545.944 -1.680 -578.681
v -546.423 -1.680 -580.451
v -547.414 -1.680 -581.983
v -548.838 -1.680 -583.132
v -550.542 -1.680 -583.793
v -552.367 -1.680 -583.885
v -554.315 -1.680 -583.317
v -555.952 -1.680 -582.128
v -557.087 -1.680 -580.451
v -557.577 -1.680 -578.482
v -557.366 -1.680 -576.461
v -556.475 -1.680 -574.639
v -555.017 -1.680 -573.225
v -553.169 -1.680 -572.406
v -551.143 -1.680 -572.261
v -549.373 -1.680 -572.736
v -547.848 -1.680 -573.727
v -551.372 -1.680 -577.875
v -546.835 -5.180 -561.046
v -545.688 -5.180 -562.473
v -545.031 -5.180 -564.177
v -544.942 -5.180 -566.000
v -545.410 -5.180 -567.770
v -546.412 -5.180 -569.302
v -547.825 -5.180 -570.451
v -549.540 -5.180 -571.098
v -551.354 -5.180 -571.191
v -553.314 -5.180 -570.636
v -554.950 -5.180 -569.447
v -556.085 -5.180 -567.756
v -556.575 -5.180 -565.788
v -556.364 -5.180 -563.780
v -555.473 -5.180 -561.957
v -554.015 -5.180 -560.544
v -552.156 -5.180 -559.725
v -550.141 -5.180 -559.580
v -548.371 -5.180 -560.055
v -546.835 -5.180 -561.046
v -546.835 -1.680 -561.046
v -545.688 -1.680 -562.473
v -545.031 -1.680 -564.177
v -544.942 -1.680 -566.000
v -545.410 -1.680 -567.770
v -546.412 -1.680 -569.302
v -547.825 -1.680 -570.451
v -549.540 -1.680 -571.098
v -551.354 -1.680 -571.191
v -553.314 -1.680 -570.636
v -554.950 -1.680 -569.447
v -556.085 -1.680 -567.756
v -556.575 -1.680 -565.788
v -556.364 -1.680 -563.780
v -555.473 -1.680 -561.957
v -554.015 -1.680 -560.544
v -552.156 -1.680 -559.725
v -550.141 -1.680 -559.580
v -548.371 -1.680 -560.055
v -546.835 -1.680 -561.046
v -550.366 -1.680 -565.191
v -543.896 -5.170 -547.929
v -542.749 -5.170 -549.342
v -542.093 -5.170 -551.046
v -541.992 -5.170 -552.869
v -542.471 -5.170 -554.639
v -543.462 -5.170 -556.172
v -544.887 -5.170 -557.321
v -546.590 -5.170 -557.981
v -548.415 -5.170 -558.074
v -550.364 -5.170 -557.519
v -552.011 -5.170 -556.317
v -553.147 -5.170 -554.639
v -553.636 -5.170 -552.671
v -553.425 -5.170 -550.650
v -552.534 -5.170 -548.827
v -551.076 -5.170 -547.414
v -549.217 -5.170 -546.595
v -547.191 -5.170 -546.450
v -545.432 -5.170 -546.925
v -543.896 -5.170 -547.929
v -543.896 -1.670 -547.929
v -542.749 -1.670 -549.342
v -542.093 -1.670 -551.046
v -541.992 -1.670 -552.869
v -542.471 -1.670 -554.639
v -543.462 -1.670 -556.172
v -544.887 -1.670 -557.321
v -546.590 -1.670 -557.981
v -548.415 -1.670 -558.074
v -550.364 -1.670 -557.519
v -552.011 -1.670 -556.317
v -553.147 -1.670 -554.639
v -553.636 -1.670 -552.671
v -553.425 -1.670 -550.650
v -552.534 -1.670 -548.827
v -551.076 -1.670 -547.414
v -549.217 -1.670 -546.595
v -547.191 -1.670 -546.450
v -545.432 -1.670 -546.925
v -543.896 -1.670 -547.929
v -547.424 -1.670 -552.066
v -505.658 -5.017 -508.327
v -504.500 -5.017 -509.740
v -503.854 -5.017 -511.444
v -503.754 -5.017 -513.281
v -504.233 -5.017 -515.037
v -505.224 -5.017 -516.570
v -506.648 -5.017 -517.719
v -508.352 -5.017 -518.379
v -510.177 -5.017 -518.472
v -512.125 -5.017 -517.917
v -513.773 -5.017 -516.715
v -514.897 -5.017 -515.037
v -515.387 -5.017 -513.069
v -515.175 -5.017 -511.048
v -514.285 -5.017 -509.225
v -512.827 -5.017 -507.825
v -510.979 -5.017 -506.993
v -508.953 -5.017 -506.848
v -507.183 -5.017 -507.323
v -505.658 -5.017 -508.327
v -505.658 -1.517 -508.327
v -504.500 -1.517 -509.740
v -503.854 -1.517 -511.444
v -503.754 -1.517 -513.281
v -504.233 -1.517 -515.037
v -505.224 -1.517 -516.570
v -506.648 -1.517 -517.719
v -508.352 -1.517 -518.379
v -510.177 -1.517 -518.472
v -512.125 -1.517 -517.917
v -513.773 -1.517 -516.715
v -514.897 -1.517 -515.037
v -515.387 -1.517 -513.069
v -515.175 -1.517 -511.048
v -514.285 -1.517 -509.225
v -512.827 -1.517 -507.825
v -510.979 -1.517 -506.993
v -508.953 -1.517 -506.848
v -507.183 -1.517 -507.323
v -505.658 -1.517 -508.327
v -509.182 -1.517 -512.465
v -492.978 -4.973 -512.171
v -491.832 -4.973 -513.584
v -491.175 -4.973 -515.302
v -491.086 -4.973 -517.125
v -491.553 -4.973 -518.881
v -492.555 -4.973 -520.414
v -493.969 -4.973 -521.576
v -495.683 -4.973 -522.223
v -497.509 -4.973 -522.316
v -499.457 -4.973 -521.761
v -501.094 -4.973 -520.572
v -502.229 -4.973 -518.881
v -502.719 -4.973 -516.913
v -502.507 -4.973 -514.905
v -501.617 -4.973 -513.082
v -500.158 -4.973 -511.669
v -498.311 -4.973 -510.837
v -496.285 -4.973 -510.705
v -494.515 -4.973 -511.180
v -492.978 -4.973 -512.171
v -492.978 -1.473 -512.171
v -491.832 -1.473 -513.584
v -491.175 -1.473 -515.302
v -491.086 -1.473 -517.125
v -491.553 -1.473 -518.881
v -492.555 -1.473 -520.414
v -493.969 -1.473 -521.576
v -495.683 -1.473 -522.223
v -497.509 -1.473 -522.316
v -499.457 -1.473 -521.761
v -501.094 -1.473 -520.572
v -502.229 -1.473 -518.881
v -502.719 -1.473 -516.913
v -502.507 -1.473 -514.905
v -501.617 -1.473 -513.082
v -500.158 -1.473 -511.669
v -498.311 -1.473 -510.837
v -496.285 -1.473 -510.705
v -494.515 -1.473 -511.180
v -492.978 -1.473 -512.171
v -496.511 -1.473 -516.313
v -483.449 -5.091 -665.348
v -481.368 -5.091 -646.683
v -497.899 -5.091 -644.834
v -496.952 -5.091 -636.406
v -485.542 -5.091 -637.688
v -484.173 -5.091 -625.429
v -478.362 -5.091 -626.076
v -476.692 -5.091 -611.110
v -443.953 -5.091 -614.769
v -443.363 -5.091 -609.512
v -431.719 -5.091 -610.806
v -434.113 -5.091 -632.325
v -420.420 -5.091 -633.857
v -424.127 -5.091 -667.000
v -424.673 -5.091 -671.927
v -483.449 -5.091 -665.348
v -483.449 -1.591 -665.348
v -481.368 -1.591 -646.683
v -497.899 -1.591 -644.834
v -496.952 -1.591 -636.406
v -485.542 -1.591 -637.688
v -484.173 -1.591 -625.429
v -478.362 -1.591 -626.076
v -476.692 -1.591 -611.110
v -443.953 -1.591 -614.769
v -443.363 -1.591 -609.512
v -431.719 -1.591 -610.806
v -434.113 -1.591 -632.325
v -420.420 -1.591 -633.857
v -424.127 -1.591 -667.000
v -424.673 -1.591 -671.927
v -483.449 -1.591 -665.348
v -461.891 -1.591 -637.445
v -424.127 -4.933 -667.000
v -410.914 -4.933 -664.278
v -407.062 -4.933 -664.952
v -404.123 -4.933 -667.898
v -400.049 -4.933 -668.572
v -393.915 -4.933 -667.039
v -384.932 -4.933 -588.390
v -383.985 -4.933 -580.781
v -413.407 -4.933 -576.475
v -420.420 -4.933 -633.857
v -424.127 -4.933 -667.000
v -424.127 -1.433 -667.000
v -410.914 -1.433 -664.278
v -407.062 -1.433 -664.952
v -404.123 -1.433 -667.898
v -400.049 -1.433 -668.572
v -393.915 -1.433 -667.039
v -384.932 -1.433 -588.390
v -383.985 -1.433 -580.781
v -413.407 -1.433 -576.475
v -420.420 -1.433 -633.857
v -424.127 -1.433 -667.000
v -406.097 -1.433 -640.567
v -372.898 -4.641 -564.930
v -371.540 -4.641 -542.764
v -363.391 -4.641 -545.921
v -364.304 -4.641 -548.193
v -324.185 -4.641 -562.565
v -323.572 -4.641 -567.334
v -327.569 -4.641 -580.794
v -372.898 -4.641 -564.930
v -372.898 -1.141 -564.930
v -371.540 -1.141 -542.764
v -363.391 -1.141 -545.921
v -364.304 -1.141 -548.193
v -324.185 -1.141 -562.565
v -323.572 -1.141 -567.334
v -327.569 -1.141 -580.794
v -372.898 -1.141 -564.930
v -352.545 -1.141 -559.679
v -534.033 -5.101 -597.597
v -491.453 -5.101 -602.418
v -488.114 -5.101 -572.895
v -530.682 -5.101 -568.060
v -534.033 -5.101 -597.597
v -534.033 -1.601 -597.597
v -491.453 -1.601 -602.418
v -488.114 -1.601 -572.895
v -530.682 -1.601 -568.060
v -534.033 -1.601 -597.597
v -515.663 -1.601 -587.713
v -471.060 -4.726 -4.940
v -464.781 -4.726 46.231
v -388.850 -4.726 36.905
v -396.064 -4.726 -21.781
v -446.502 -4.726 -15.586
v -445.567 -4.726 -8.057
v -471.060 -4.726 -4.940
v -471.060 -1.226 -4.940
v -464.781 -1.226 46.231
v -388.850 -1.226 36.905
v -396.064 -1.226 -21.781
v -446.502 -1.226 -15.586
v -445.567 -1.226 -8.057
v -471.060 -1.226 -4.940
v -440.555 -1.226 3.976
v -483.906 -6.140 -1450.196
v -482.425 -6.140 -1435.453
v -470.325 -6.140 -1436.655
v -471.805 -6.140 -1451.398
v -483.906 -6.140 -1450.196
v -483.906 -2.640 -1450.196
v -482.425 -2.640 -1435.453
v -470.325 -2.640 -1436.655
v -471.805 -2.640 -1451.398
v -483.906 -2.640 -1450.196
v -478.473 -2.640 -1444.780
v -145.417 -3.771 -1373.034
v -149.391 -3.771 -1372.743
v -153.153 -3.771 -1372.466
v -151.061 -3.771 -1347.908
v -147.031 -3.771 -1348.304
v -143.313 -3.771 -1348.661
v -145.417 -3.771 -1373.034
v -145.417 -0.271 -1373.034
v -149.391 -0.271 -1372.743
v -153.153 -0.271 -1372.466
v -151.061 -0.271 -1347.908
v -147.031 -0.271 -1348.304
v -143.313 -0.271 -1348.661
v -145.417 -0.271 -1373.034
v -147.826 -0.271 -1362.307
v -574.475 -5.941 -1635.884
v -594.179 -5.941 -1605.275
v -574.442 -5.941 -1592.579
v -568.108 -5.941 -1602.421
v -575.678 -5.941 -1607.296
v -567.763 -5.941 -1619.595
v -550.675 -5.941 -1608.590
v -545.221 -5.941 -1617.059
v -574.475 -5.941 -1635.884
v -574.475 -2.441 -1635.884
v -594.179 -2.441 -1605.275
v -574.442 -2.441 -1592.579
v -568.108 -2.441 -1602.421
v -575.678 -2.441 -1607.296
v -567.763 -2.441 -1619.595
v -550.675 -2.441 -1608.590
v -545.221 -2.441 -1617.059
v -574.475 -2.441 -1635.884
v -569.446 -2.441 -1613.842
v -434.068 -6.184 -1637.984
v -444.065 -6.184 -1623.479
v -437.886 -6.184 -1619.212
v -432.999 -6.184 -1626.306
v -411.815 -6.184 -1611.695
v -416.457 -6.184 -1604.958
v -410.535 -6.184 -1600.889
v -400.784 -6.184 -1615.050
v -434.068 -6.184 -1637.984
v -434.068 -2.684 -1637.984
v -444.065 -2.684 -1623.479
v -437.886 -2.684 -1619.212
v -432.999 -2.684 -1626.306
v -411.815 -2.684 -1611.695
v -416.457 -2.684 -1604.958
v -410.535 -2.684 -1600.889
v -400.784 -2.684 -1615.050
v -434.068 -2.684 -1637.984
v -424.742 -2.684 -1619.729
v 293.716 -2.504 -748.001
v 296.577 -2.504 -724.462
v 301.921 -2.504 -725.109
v 299.060 -2.504 -748.648
v 293.716 -2.504 -748.001
v 293.716 0.996 -748.001
v 296.577 0.996 -724.462
v 301.921 0.996 -725.109
v 299.060 0.996 -748.648
v 293.716 0.996 -748.001
v 296.998 0.996 -738.844
v 263.304 -2.592 -742.427
v 265.519 -2.592 -721.635
v 273.913 -2.592 -722.533
v 272.532 -2.592 -735.452
v 284.466 -2.592 -736.720
v 283.631 -2.592 -744.593
v 263.304 -2.592 -742.427
v 263.304 0.908 -742.427
v 265.519 0.908 -721.635
v 273.913 0.908 -722.533
v 272.532 0.908 -735.452
v 284.466 0.908 -736.720
v 283.631 0.908 -744.593
v 263.304 0.908 -742.427
v 272.381 0.908 -735.112
v -37.927 -3.515 -695.083
v -35.188 -3.515 -660.448
v -20.850 -3.515 -661.584
v -23.600 -3.515 -696.219
v -37.927 -3.515 -695.083
v -37.927 -0.015 -695.083
v -35.188 -0.015 -660.448
v -20.850 -0.015 -661.584
v -23.600 -0.015 -696.219
v -37.927 -0.015 -695.083
v -31.098 -0.015 -681.683
v -282.918 -4.262 -200.010
v -280.625 -4.262 -161.189
v -274.147 -4.262 -161.519
v -273.868 -4.262 -160.145
v -273.111 -4.262 -159.392
v -272.087 -4.262 -159.049
v -270.785 -4.262 -159.115
v -269.549 -4.262 -159.670
v -269.070 -4.262 -160.423
v -268.792 -4.262 -161.453
v -268.859 -4.262 -162.140
v -267.968 -4.262 -162.140
v -270.440 -4.262 -200.486
v -271.464 -4.262 -200.618
v -271.675 -4.262 -202.956
v -273.868 -4.262 -202.956
v -273.868 -4.262 -200.420
v -282.918 -4.262 -200.010
v -282.918 2.738 -200.010
v -280.625 2.738 -161.189
v -274.147 2.738 -161.519
v -273.868 2.738 -160.145
v -273.111 2.738 -159.392
v -272.087 2.738 -159.049
v -270.785 2.738 -159.115
v -269.549 2.738 -159.670
v -269.070 2.738 -160.423
v -268.792 2.738 -161.453
v -268.859 2.738 -162.140
v -267.968 2.738 -162.140
v -270.440 2.738 -200.486
v -271.464 2.738 -200.618
v -271.675 2.738 -202.956
v -273.868 2.738 -202.956
v -273.868 2.738 -200.420
v -282.918 2.738 -200.010
v -273.112 2.738 -176.316
v -262.347 -4.143 -175.032
v -261.389 -4.143 -161.585
v -223.452 -4.143 -163.580
v -223.474 -4.143 -166.182
v -223.518 -4.143 -171.399
v -222.283 -4.143 -171.743
v -221.325 -4.143 -172.773
v -220.980 -4.143 -174.279
v -221.526 -4.143 -175.719
v -222.416 -4.143 -176.406
v -223.518 -4.143 -177.304
v -226.190 -4.143 -177.145
v -262.347 -4.143 -175.032
v -262.347 2.857 -175.032
v -261.389 2.857 -161.585
v -223.452 2.857 -163.580
v -223.474 2.857 -166.182
v -223.518 2.857 -171.399
v -222.283 2.857 -171.743
v -221.325 2.857 -172.773
v -220.980 2.857 -174.279
v -221.526 2.857 -175.719
v -222.416 2.857 -176.406
v -223.518 2.857 -177.304
v -226.190 2.857 -177.145
v -262.347 2.857 -175.032
v -231.905 2.857 -172.167
v -211.774 -4.061 -168.440
v -204.449 -4.061 -168.797
v -204.349 -4.061 -167.859
v -203.559 -4.061 -167.133
v -202.746 -4.061 -166.538
v -201.644 -4.061 -166.301
v -200.531 -4.061 -166.406
v -199.830 -4.061 -167.199
v -199.395 -4.061 -168.203
v -199.240 -4.061 -169.207
v -198.516 -4.061 -169.246
v -200.453 -4.061 -208.345
v -206.052 -4.061 -208.068
v -213.700 -4.061 -207.698
v -211.774 -4.061 -168.440
v -211.774 2.939 -168.440
v -204.449 2.939 -168.797
v -204.349 2.939 -167.859
v -203.559 2.939 -167.133
v -202.746 2.939 -166.538
v -201.644 2.939 -166.301
v -200.531 2.939 -166.406
v -199.830 2.939 -167.199
v -199.395 2.939 -168.203
v -199.240 2.939 -169.207
v -198.516 2.939 -169.246
v -200.453 2.939 -208.345
v -206.052 2.939 -208.068
v -213.700 2.939 -207.698
v -211.774 2.939 -168.440
v -203.868 2.939 -175.859
v -189.800 -3.945 -183.076
v -189.110 -3.945 -170.118
v -164.686 -3.945 -171.346
v -164.207 -3.945 -166.895
v -148.634 -3.945 -168.256
v -147.398 -3.945 -168.678
v -146.307 -3.945 -169.629
v -145.684 -3.945 -170.594
v -146.919 -3.945 -187.739
v -149.803 -3.945 -187.607
v -150.693 -3.945 -210.657
v -164.274 -3.945 -209.692
v -163.183 -3.945 -191.517
v -169.562 -3.945 -184.106
v -188.353 -3.945 -183.155
v -189.800 -3.945 -183.076
v -189.800 3.055 -183.076
v -189.110 3.055 -170.118
v -164.686 3.055 -171.346
v -164.207 3.055 -166.895
v -148.634 3.055 -168.256
v -147.398 3.055 -168.678
v -146.307 3.055 -169.629
v -145.684 3.055 -170.594
v -146.919 3.055 -187.739
v -149.803 3.055 -187.607
v -150.693 3.055 -210.657
v -164.274 3.055 -209.692
v -163.183 3.055 -191.517
v -169.562 3.055 -184.106
v -188.353 3.055 -183.155
v -189.800 3.055 -183.076
v -163.651 3.055 -181.634
v -141.231 -3.824 -217.644
v -140.196 -3.824 -202.625
v -88.477 -3.824 -205.439
v -89.367 -3.824 -220.801
v -141.231 -3.824 -217.644
v -141.231 3.176 -217.644
v -140.196 3.176 -202.625
v -88.477 3.176 -205.439
v -89.367 3.176 -220.801
v -141.231 3.176 -217.644
v -120.100 3.176 -212.831
v -81.341 -3.674 -266.425
v -80.083 -3.674 -247.919
v -50.183 -3.674 -249.927
v -51.430 -3.674 -268.446
v -55.014 -3.674 -268.209
v -81.341 -3.674 -266.425
v -81.341 -0.174 -266.425
v -80.083 -0.174 -247.919
v -50.183 -0.174 -249.927
v -51.430 -0.174 -268.446
v -55.014 -0.174 -268.209
v -81.341 -0.174 -266.425
v -66.565 -0.174 -261.226
v -55.014 -3.626 -268.209
v -51.430 -3.626 -268.446
v -45.630 -3.626 -268.988
v -47.244 -3.626 -287.983
v -41.622 -3.626 -288.472
v -42.090 -3.626 -293.993
v -48.190 -3.626 -293.478
v -50.060 -3.626 -315.432
v -49.125 -3.626 -315.511
v -50.294 -3.626 -329.222
v -62.005 -3.626 -328.231
v -60.981 -3.626 -316.184
v -60.825 -3.626 -314.414
v -58.955 -3.626 -314.573
v -55.014 -3.626 -268.209
v -55.014 -0.126 -268.209
v -51.430 -0.126 -268.446
v -45.630 -0.126 -268.988
v -47.244 -0.126 -287.983
v -41.622 -0.126 -288.472
v -42.090 -0.126 -293.993
v -48.190 -0.126 -293.478
v -50.060 -0.126 -315.432
v -49.125 -0.126 -315.511
v -50.294 -0.126 -329.222
v -62.005 -0.126 -328.231
v -60.981 -0.126 -316.184
v -60.825 -0.126 -314.414
v -58.955 -0.126 -314.573
v -55.014 -0.126 -268.209
v -51.899 -0.126 -298.090
v -58.955 -3.673 -314.573
v -60.825 -3.673 -314.414
v -60.981 -3.673 -316.184
v -65.556 -3.673 -315.815
v -84.892 -3.673 -314.216
v -81.341 -3.673 -266.425
v -55.014 -3.673 -268.209
v -58.955 -3.673 -314.573
v -58.955 3.327 -314.573
v -60.825 3.327 -314.414
v -60.981 3.327 -316.184
v -65.556 3.327 -315.815
v -84.892 3.327 -314.216
v -81.341 3.327 -266.425
v -55.014 3.327 -268.209
v -58.955 3.327 -314.573
v -65.815 3.327 -303.051
v -84.892 -3.708 -314.216
v -87.030 -3.708 -338.627
v -67.593 -3.708 -340.252
v -65.556 -3.708 -315.815
v -84.892 -3.708 -314.216
v -84.892 3.292 -314.216
v -87.030 3.292 -338.627
v -67.593 3.292 -340.252
v -65.556 3.292 -315.815
v -84.892 3.292 -314.216
v -77.993 3.292 -324.625
v -60.981 -3.651 -316.184
v -65.556 -3.651 -315.815
v -67.593 -3.651 -340.252
v -67.961 -3.651 -345.430
v -52.031 -3.651 -346.751
v -50.294 -3.651 -329.222
v -62.005 -3.651 -328.231
v -60.981 -3.651 -316.184
v -60.981 -0.151 -316.184
v -65.556 -0.151 -315.815
v -67.593 -0.151 -340.252
v -67.961 -0.151 -345.430
v -52.031 -0.151 -346.751
v -50.294 -0.151 -329.222
v -62.005 -0.151 -328.231
v -60.981 -0.151 -316.184
v -60.925 -0.151 -329.759
v -162.037 -3.943 -266.663
v -161.202 -3.943 -257.826
v -157.873 -3.943 -258.355
v -155.836 -3.943 -258.500
v -156.404 -3.943 -267.033
v -162.037 -3.943 -266.663
v -162.037 -0.443 -266.663
v -161.202 -0.443 -257.826
v -157.873 -0.443 -258.355
v -155.836 -0.443 -258.500
v -156.404 -0.443 -267.033
v -162.037 -0.443 -266.663
v -159.231 -0.443 -262.507
v -157.873 -3.918 -258.355
v -156.838 -3.918 -243.666
v -142.322 -3.918 -244.696
v -143.290 -3.918 -258.368
v -137.602 -3.918 -258.777
v -138.259 -3.918 -268.116
v -152.241 -3.918 -267.126
v -151.884 -3.918 -262.014
v -153.209 -3.918 -261.921
v -152.975 -3.918 -258.698
v -155.836 -3.918 -258.500
v -157.873 -3.918 -258.355
v -157.873 -0.418 -258.355
v -156.838 -0.418 -243.666
v -142.322 -0.418 -244.696
v -143.290 -0.418 -258.368
v -137.602 -0.418 -258.777
v -138.259 -0.418 -268.116
v -152.241 -0.418 -267.126
v -151.884 -0.418 -262.014
v -153.209 -0.418 -261.921
v -152.975 -0.418 -258.698
v -155.836 -0.418 -258.500
v -157.873 -0.418 -258.355
v -150.017 -0.418 -258.216
v -129.732 -3.829 -273.307
v -127.695 -3.829 -243.904
v -116.874 -3.829 -244.657
v -117.832 -3.829 -258.619
v -101.379 -3.829 -259.755
v -102.414 -3.829 -274.800
v -110.473 -3.829 -274.245
v -110.663 -3.829 -277.072
v -122.218 -3.829 -276.266
v -122.051 -3.829 -273.849
v -129.732 -3.829 -273.307
v -129.732 3.171 -273.307
v -127.695 3.171 -243.904
v -116.874 3.171 -244.657
v -117.832 3.171 -258.619
v -101.379 3.171 -259.755
v -102.414 3.171 -274.800
v -110.473 3.171 -274.245
v -110.663 3.171 -277.072
v -122.218 3.171 -276.266
v -122.051 3.171 -273.849
v -129.732 3.171 -273.307
v -117.369 3.171 -266.344
v -13.269 -3.407 -572.433
v -12.857 -3.407 -569.843
v -10.286 -3.407 -570.253
v -10.698 -3.407 -572.842
v -13.269 -3.407 -572.433
v -13.269 0.093 -572.433
v -12.857 0.093 -569.843
v -10.286 0.093 -570.253
v -10.698 0.093 -572.842
v -13.269 0.093 -572.433
v -12.076 0.093 -571.561
v 1450.014 0.964 -724.765
v 1419.925 0.964 -727.671
v 1425.001 0.964 -717.223
v 1454.634 0.964 -714.237
v 1450.014 0.964 -724.765
v 1450.014 4.464 -724.765
v 1419.925 4.464 -727.671
v 1425.001 4.464 -717.223
v 1454.634 4.464 -714.237
v 1450.014 4.464 -724.765
v 1439.918 4.464 -721.732
v 769.618 -1.589 -1176.386
v 778.658 -1.589 -1145.276
v 781.563 -1.589 -1135.448
v 792.194 -1.589 -1098.499
v 802.458 -1.589 -1101.207
v 812.799 -1.589 -1104.206
v 824.477 -1.589 -1107.918
v 863.850 -1.589 -1119.397
v 866.544 -1.589 -1110.124
v 927.547 -1.589 -1127.905
v 925.288 -1.589 -1139.411
v 918.686 -1.589 -1161.564
v 912.208 -1.589 -1180.560
v 901.799 -1.589 -1216.267
v 842.700 -1.589 -1199.054
v 834.251 -1.589 -1228.038
v 818.911 -1.589 -1223.573
v 826.569 -1.589 -1197.297
v 784.791 -1.589 -1185.118
v 785.949 -1.589 -1181.141
v 769.618 -1.589 -1176.386
v 769.618 1.911 -1176.386
v 778.658 1.911 -1145.276
v 781.563 1.911 -1135.448
v 792.194 1.911 -1098.499
v 802.458 1.911 -1101.207
v 812.799 1.911 -1104.206
v 824.477 1.911 -1107.918
v 863.850 1.911 -1119.397
v 866.544 1.911 -1110.124
v 927.547 1.911 -1127.905
v 925.288 1.911 -1139.411
v 918.686 1.911 -1161.564
v 912.208 1.911 -1180.560
v 901.799 1.911 -1216.267
v 842.700 1.911 -1199.054
v 834.251 1.911 -1228.038
v 818.911 1.911 -1223.573
v 826.569 1.911 -1197.297
v 784.791 1.911 -1185.118
v 785.949 1.911 -1181.141
v 769.618 1.911 -1176.386
v 835.261 1.911 -1157.846
v 579.990 -2.287 -1017.967
v 586.484 -2.287 -1019.015
v 584.509 -2.287 -1035.785
v 574.271 -2.287 -1034.691
v 574.264 -2.287 -1030.321
v 578.511 -2.287 -1030.128
v 579.990 -2.287 -1017.967
v 579.990 -0.287 -1017.967
v 586.484 -0.287 -1019.015
v 584.509 -0.287 -1035.785
v 574.271 -0.287 -1034.691
v 574.264 -0.287 -1030.321
v 578.511 -0.287 -1030.128
v 579.990 -0.287 -1017.967
v -9.623 -2.459 -1494.468
v -3.982 -2.459 -1442.354
v 23.949 -2.459 -1445.009
v 23.518 -2.459 -1450.013
v 32.486 -2.459 -1451.215
v 28.389 -2.459 -1492.307
v 19.530 -2.459 -1491.738
v 18.704 -2.459 -1497.838
v -9.623 -2.459 -1494.468
v -9.623 -0.329 -1494.468
v -3.982 -0.329 -1442.354
v 23.949 -0.329 -1445.009
v 23.518 -0.329 -1450.013
v 32.486 -0.329 -1451.215
v 28.389 -0.329 -1492.307
v 19.530 -0.329 -1491.738
v 18.704 -0.329 -1497.838
v -9.623 -0.329 -1494.468
v 277.009 -1.820 -1416.581
v 277.241 -1.820 -1424.170
v 276.971 -1.820 -1431.227
v 244.337 -1.820 -1431.124
v 244.123 -1.820 -1424.351
v 244.200 -1.820 -1416.929
v 277.009 -1.820 -1416.581
v 277.009 0.577 -1416.581
v 277.241 0.577 -1424.170
v 276.971 0.577 -1431.227
v 244.337 0.577 -1431.124
v 244.123 0.577 -1424.351
v 244.200 0.577 -1416.929
v 277.009 0.577 -1416.581
v 234.246 -1.934 -1432.014
v 276.645 -1.934 -1431.897
v 276.678 -1.934 -1436.048
v 276.662 -1.934 -1441.087
v 234.315 -1.934 -1441.383
v 234.224 -1.934 -1436.430
v 234.246 -1.934 -1432.014
v 234.246 0.187 -1432.014
v 276.645 0.187 -1431.897
v 276.678 0.187 -1436.048
v 276.662 0.187 -1441.087
v 234.315 0.187 -1441.383
v 234.224 0.187 -1436.430
v 234.246 0.187 -1432.014
v 253.059 -2.109 -1440.467
v 272.715 -2.109 -1440.026
v 272.901 -2.109 -1442.739
v 275.724 -2.109 -1442.926
v 276.361 -2.109 -1450.006
v 275.035 -2.109 -1449.869
v 274.326 -2.109 -1469.563
v 269.893 -2.109 -1469.826
v 269.724 -2.109 -1476.819
v 257.888 -2.109 -1476.743
v 256.663 -2.109 -1460.678
v 252.485 -2.109 -1460.362
v 253.059 -2.109 -1440.467
v 253.059 0.200 -1440.467
v 272.715 0.200 -1440.026
v 272.901 0.200 -1442.739
v 275.724 0.200 -1442.926
v 276.361 0.200 -1450.006
v 275.035 0.200 -1449.869
v 274.326 0.200 -1469.563
v 269.893 0.200 -1469.826
v 269.724 0.200 -1476.819
v 257.888 0.200 -1476.743
v 256.663 0.200 -1460.678
v 252.485 0.200 -1460.362
v 253.059 0.200 -1440.467
v 281.586 -2.159 -1459.378
v 289.689 -2.159 -1468.159
v 281.969 -2.159 -1475.335
v 273.827 -2.159 -1467.410
v 281.586 -2.159 -1459.378
v 281.586 0.292 -1459.378
v 289.689 0.292 -1468.159
v 281.969 0.292 -1475.335
v 273.827 0.292 -1467.410
v 281.586 0.292 -1459.378
v -128.239 -3.620 -1385.242
v -109.618 -3.620 -1387.571
v -111.720 -3.620 -1404.829
v -129.879 -3.620 -1403.130
v -128.239 -3.620 -1385.242
v -128.239 -1.573 -1385.242
v -109.618 -1.573 -1387.571
v -111.720 -1.573 -1404.829
v -129.879 -1.573 -1403.130
v -128.239 -1.573 -1385.242
v -320.690 -5.563 -1338.041
v -292.457 -5.563 -1340.950
v -286.510 -5.563 -1294.113
v -285.804 -5.563 -1279.314
v -285.601 -5.563 -1276.330
v -302.759 -5.563 -1274.366
v -304.264 -5.563 -1286.428
v -316.234 -5.563 -1285.889
v -320.690 -5.563 -1338.041
v -320.690 -3.120 -1338.041
v -292.457 -3.120 -1340.950
v -286.510 -3.120 -1294.113
v -285.804 -3.120 -1279.314
v -285.601 -3.120 -1276.330
v -302.759 -3.120 -1274.366
v -304.264 -3.120 -1286.428
v -316.234 -3.120 -1285.889
v -320.690 -3.120 -1338.041
v -288.338 -5.463 -1280.290
v -262.339 -5.463 -1283.158
v -264.018 -5.463 -1298.469
v -289.773 -5.463 -1296.064
v -288.338 -5.463 -1280.290
v -288.338 -3.227 -1280.290
v -262.339 -3.227 -1283.158
v -264.018 -3.227 -1298.469
v -289.773 -3.227 -1296.064
v -288.338 -3.227 -1280.290
v -192.872 -4.627 -1288.994
v -194.063 -4.627 -1300.033
v -212.909 -4.627 -1298.062
v -212.044 -4.627 -1287.459
v -192.872 -4.627 -1288.994
v -192.872 -2.463 -1288.994
v -194.063 -2.463 -1300.033
v -212.909 -2.463 -1298.062
v -212.044 -2.463 -1287.459
v -192.872 -2.463 -1288.994
v -287.134 -5.382 -1375.049
v -270.251 -5.382 -1376.747
v -271.334 -5.382 -1387.809
v -287.761 -5.382 -1386.881
v -287.134 -5.382 -1375.049
v -287.134 -3.068 -1375.049
v -270.251 -3.068 -1376.747
v -271.334 -3.068 -1387.809
v -287.761 -3.068 -1386.881
v -287.134 -3.068 -1375.049
v -171.705 -4.320 -1445.809
v -174.086 -4.320 -1446.507
v -176.094 -4.320 -1448.005
v -177.459 -4.320 -1450.082
v -178.010 -4.320 -1452.257
v -177.856 -4.320 -1454.483
v -177.020 -4.320 -1456.555
v -175.610 -4.320 -1458.249
v -173.739 -4.320 -1459.433
v -171.611 -4.320 -1459.990
v -169.410 -4.320 -1459.858
v -167.366 -4.320 -1459.073
v -165.646 -4.320 -1457.713
v -164.332 -4.320 -1455.649
v -163.784 -4.320 -1453.282
v -164.080 -4.320 -1450.845
v -165.173 -4.320 -1448.652
v -166.967 -4.320 -1446.946
v -169.233 -4.320 -1445.969
v -171.705 -4.320 -1445.809
v -171.705 -1.928 -1445.809
v -174.086 -1.928 -1446.507
v -176.094 -1.928 -1448.005
v -177.459 -1.928 -1450.082
v -178.010 -1.928 -1452.257
v -177.856 -1.928 -1454.483
v -177.020 -1.928 -1456.555
v -175.610 -1.928 -1458.249
v -173.739 -1.928 -1459.433
v -171.611 -1.928 -1459.990
v -169.410 -1.928 -1459.858
v -167.366 -1.928 -1459.073
v -165.646 -1.928 -1457.713
v -164.332 -1.928 -1455.649
v -163.784 -1.928 -1453.282
v -164.080 -1.928 -1450.845
v -165.173 -1.928 -1448.652
v -166.967 -1.928 -1446.946
v -169.233 -1.928 -1445.969
v -171.705 -1.928 -1445.809
v -202.906 -4.393 -1443.995
v -195.661 -4.393 -1444.843
v -197.844 -4.393 -1463.966
v -204.561 -4.393 -1463.382
v -202.906 -4.393 -1443.995
v -202.906 -2.096 -1443.995
v -195.661 -2.096 -1444.843
v -197.844 -2.096 -1463.966
v -204.561 -2.096 -1463.382
v -202.906 -2.096 -1443.995
v -204.547 -4.355 -1462.769
v -203.418 -4.355 -1461.930
v -202.056 -4.355 -1461.519
v -200.661 -4.355 -1461.598
v -199.397 -4.355 -1462.107
v -198.382 -4.355 -1462.980
v -197.703 -4.355 -1464.138
v -197.419 -4.355 -1465.422
v -197.566 -4.355 -1466.739
v -198.125 -4.355 -1467.940
v -199.027 -4.355 -1468.911
v -200.172 -4.355 -1469.544
v -201.470 -4.355 -1469.781
v -202.794 -4.355 -1469.593
v -204.017 -4.355 -1468.973
v -204.981 -4.355 -1467.978
v -205.568 -4.355 -1466.694
v -205.688 -4.355 -1465.302
v -205.346 -4.355 -1463.946
v -204.547 -4.355 -1462.769
v -204.547 -1.893 -1462.769
v -203.418 -1.893 -1461.930
v -202.056 -1.893 -1461.519
v -200.661 -1.893 -1461.598
v -199.397 -1.893 -1462.107
v -198.382 -1.893 -1462.980
v -197.703 -1.893 -1464.138
v -197.419 -1.893 -1465.422
v -197.566 -1.893 -1466.739
v -198.125 -1.893 -1467.940
v -199.027 -1.893 -1468.911
v -200.172 -1.893 -1469.544
v -201.470 -1.893 -1469.781
v -202.794 -1.893 -1469.593
v -204.017 -1.893 -1468.973
v -204.981 -1.893 -1467.978
v -205.568 -1.893 -1466.694
v -205.688 -1.893 -1465.302
v -205.346 -1.893 -1463.946
v -204.547 -1.893 -1462.769
v -557.258 -6.500 -1809.467
v -557.732 -6.500 -1811.160
v -557.617 -6.500 -1812.888
v -556.961 -6.500 -1814.478
v -555.819 -6.500 -1815.767
v -554.319 -6.500 -1816.619
v -552.620 -6.500 -1816.931
v -550.923 -6.500 -1816.686
v -549.402 -6.500 -1815.901
v -548.216 -6.500 -1814.675
v -547.499 -6.500 -1813.124
v -547.308 -6.500 -1811.431
v -547.672 -6.500 -1809.770
v -548.569 -6.500 -1808.291
v -549.877 -6.500 -1807.195
v -551.468 -6.500 -1806.584
v -553.198 -6.500 -1806.516
v -554.844 -6.500 -1807.018
v -556.259 -6.500 -1808.042
v -557.258 -6.500 -1809.467
v -557.258 -4.217 -1809.467
v -557.732 -4.217 -1811.160
v -557.617 -4.217 -1812.888
v -556.961 -4.217 -1814.478
v -555.819 -4.217 -1815.767
v -554.319 -4.217 -1816.619
v -552.620 -4.217 -1816.931
v -550.923 -4.217 -1816.686
v -549.402 -4.217 -1815.901
v -548.216 -4.217 -1814.675
v -547.499 -4.217 -1813.124
v -547.308 -4.217 -1811.431
v -547.672 -4.217 -1809.770
v -548.569 -4.217 -1808.291
v -549.877 -4.217 -1807.195
v -551.468 -4.217 -1806.584
v -553.198 -4.217 -1806.516
v -554.844 -4.217 -1807.018
v -556.259 -4.217 -1808.042
v -557.258 -4.217 -1809.467
v -277.050 -4.791 -1211.486
v -286.310 -4.791 -1210.299
v -285.052 -4.791 -1201.608
v -282.639 -4.791 -1201.525
v -281.015 -4.791 -1188.852
v -264.695 -4.791 -1190.129
v -264.584 -4.791 -1187.730
v -258.613 -4.791 -1188.305
v -256.277 -4.791 -1188.555
v -256.585 -4.791 -1195.956
v -250.852 -4.791 -1196.999
v -251.394 -4.791 -1207.027
v -255.568 -4.791 -1206.905
v -257.962 -4.791 -1206.837
v -260.213 -4.791 -1225.166
v -266.022 -4.791 -1224.701
v -265.998 -4.791 -1223.205
v -273.605 -4.791 -1222.410
v -273.861 -4.791 -1224.508
v -279.495 -4.791 -1223.873
v -278.755 -4.791 -1213.879
v -277.323 -4.791 -1214.139
v -277.050 -4.791 -1211.486
v -277.050 -2.629 -1211.486
v -286.310 -2.629 -1210.299
v -285.052 -2.629 -1201.608
v -282.639 -2.629 -1201.525
v -281.015 -2.629 -1188.852
v -264.695 -2.629 -1190.129
v -264.584 -2.629 -1187.730
v -258.613 -2.629 -1188.305
v -256.277 -2.629 -1188.555
v -256.585 -2.629 -1195.956
v -250.852 -2.629 -1196.999
v -251.394 -2.629 -1207.027
v -255.568 -2.629 -1206.905
v -257.962 -2.629 -1206.837
v -260.213 -2.629 -1225.166
v -266.022 -2.629 -1224.701
v -265.998 -2.629 -1223.205
v -273.605 -2.629 -1222.410
v -273.861 -2.629 -1224.508
v -279.495 -2.629 -1223.873
v -278.755 -2.629 -1213.879
v -277.323 -2.629 -1214.139
v -277.050 -2.629 -1211.486
v -242.062 -4.521 -877.428
v -220.175 -4.521 -879.426
v -213.835 -4.521 -876.687
v -211.620 -4.521 -842.859
v -238.064 -4.521 -840.913
v -242.062 -4.521 -877.428
v -242.062 -2.520 -877.428
v -220.175 -2.520 -879.426
v -213.835 -2.520 -876.687
v -211.620 -2.520 -842.859
v -238.064 -2.520 -840.913
v -242.062 -2.520 -877.428
v -109.599 -3.654 -805.019
v -108.261 -3.654 -793.152
v -95.828 -3.654 -793.453
v -89.864 -3.654 -789.594
v -89.165 -3.654 -782.579
v -77.151 -3.654 -782.774
v -77.697 -3.654 -797.986
v -79.489 -3.654 -799.744
v -77.598 -3.654 -801.961
v -78.145 -3.654 -804.190
v -83.512 -3.654 -808.021
v -86.077 -3.654 -808.030
v -87.619 -3.654 -806.757
v -89.868 -3.654 -807.845
v -109.599 -3.654 -805.019
v -109.599 -1.610 -805.019
v -108.261 -1.610 -793.152
v -95.828 -1.610 -793.453
v -89.864 -1.610 -789.594
v -89.165 -1.610 -782.579
v -77.151 -1.610 -782.774
v -77.697 -1.610 -797.986
v -79.489 -1.610 -799.744
v -77.598 -1.610 -801.961
v -78.145 -1.610 -804.190
v -83.512 -1.610 -808.021
v -86.077 -1.610 -808.030
v -87.619 -1.610 -806.757
v -89.868 -1.610 -807.845
v -109.599 -1.610 -805.019
v -328.152 -5.402 -1599.266
v -286.632 -5.402 -1602.953
v -287.902 -5.402 -1617.307
v -329.249 -5.402 -1614.229
v -328.152 -5.402 -1599.266
v -328.152 -3.097 -1599.266
v -286.632 -3.097 -1602.953
v -287.902 -3.097 -1617.307
v -329.249 -3.097 -1614.229
v -328.152 -3.097 -1599.266
v 465.413 -2.005 -2033.491
v 466.561 -2.005 -2014.265
v 468.679 -2.005 -2014.245
v 483.001 -2.005 -2015.577
v 481.892 -2.005 -2034.140
v 465.413 -2.005 -2033.491
v 465.413 0.315 -2033.491
v 466.561 0.315 -2014.265
v 468.679 0.315 -2014.245
v 483.001 0.315 -2015.577
v 481.892 0.315 -2034.140
v 465.413 0.315 -2033.491
v 468.331 -1.767 -1996.988
v 483.842 -1.767 -1997.809
v 482.883 -1.767 -2016.729
v 467.827 -1.767 -2016.307
v 468.331 -1.767 -1996.988
v 468.331 0.445 -1996.988
v 483.842 0.445 -1997.809
v 482.883 0.445 -2016.729
v 467.827 0.445 -2016.307
v 468.331 0.445 -1996.988
v 468.250 -1.518 -1984.820
v 468.788 -1.518 -1972.768
v 487.639 -1.518 -1973.570
v 487.416 -1.518 -1985.144
v 468.250 -1.518 -1984.820
v 468.250 0.509 -1984.820
v 468.788 0.509 -1972.768
v 487.639 0.509 -1973.570
v 487.416 0.509 -1985.144
v 468.250 0.509 -1984.820
v 467.615 -1.405 -1958.619
v 468.120 -1.405 -1948.718
v 490.579 -1.405 -1949.819
v 490.299 -1.405 -1959.243
v 467.615 -1.405 -1958.619
v 467.615 0.754 -1958.619
v 468.120 0.754 -1948.718
v 490.579 0.754 -1949.819
v 490.299 0.754 -1959.243
v 467.615 0.754 -1958.619
v 376.827 -1.572 -2034.078
v 419.842 -1.572 -2033.604
v 420.087 -1.572 -2053.793
v 377.421 -1.572 -2054.933
v 376.827 -1.572 -2034.078
v 376.827 0.744 -2034.078
v 419.842 0.744 -2033.604
v 420.087 0.744 -2053.793
v 377.421 0.744 -2054.933
v 376.827 0.744 -2034.078
v 268.433 -1.191 -2028.374
v 268.707 -1.191 -2012.205
v 291.362 -1.191 -2011.972
v 291.675 -1.191 -2015.533
v 302.094 -1.191 -2016.339
v 301.739 -1.191 -2028.895
v 268.433 -1.191 -2028.374
v 268.433 1.012 -2028.374
v 268.707 1.012 -2012.205
v 291.362 1.012 -2011.972
v 291.675 1.012 -2015.533
v 302.094 1.012 -2016.339
v 301.739 1.012 -2028.895
v 268.433 1.012 -2028.374
v 479.989 -2.995 -2109.550
v 481.007 -2.995 -2088.878
v 501.514 -2.995 -2089.837
v 501.129 -2.995 -2109.903
v 479.989 -2.995 -2109.550
v 479.989 -0.565 -2109.550
v 481.007 -0.565 -2088.878
v 501.514 -0.565 -2089.837
v 501.129 -0.565 -2109.903
v 479.989 -0.565 -2109.550
v 474.191 -2.741 -1793.608
v 474.659 -2.741 -1778.475
v 492.507 -2.741 -1778.968
v 492.546 -2.741 -1793.519
v 474.191 -2.741 -1793.608
v 474.191 -0.400 -1793.608
v 474.659 -0.400 -1778.475
v 492.507 -0.400 -1778.968
v 492.546 -0.400 -1793.519
v 474.191 -0.400 -1793.608
v -132.587 -4.075 -1167.956
v -131.783 -4.075 -1156.611
v -111.336 -4.075 -1158.012
v -111.793 -4.075 -1168.807
v -132.587 -4.075 -1167.956
v -132.587 -1.610 -1167.956
v -131.783 -1.610 -1156.611
v -111.336 -1.610 -1158.012
v -111.793 -1.610 -1168.807
v -132.587 -1.610 -1167.956
v -143.191 -3.880 -1218.033
v -141.598 -3.880 -1205.636
v -119.233 -3.880 -1208.438
v -120.469 -3.880 -1220.339
v -143.191 -3.880 -1218.033
v -143.191 -1.851 -1218.033
v -141.598 -1.851 -1205.636
v -119.233 -1.851 -1208.438
v -120.469 -1.851 -1220.339
v -143.191 -1.851 -1218.033
v -219.019 -4.184 -1136.680
v -218.371 -4.184 -1121.932
v -200.295 -4.184 -1122.348
v -200.616 -4.184 -1107.627
v -185.747 -4.184 -1109.648
v -188.112 -4.184 -1139.153
v -219.019 -4.184 -1136.680
v -219.019 -1.759 -1136.680
v -218.371 -1.759 -1121.932
v -200.295 -1.759 -1122.348
v -200.616 -1.759 -1107.627
v -185.747 -1.759 -1109.648
v -188.112 -1.759 -1139.153
v -219.019 -1.759 -1136.680
v -352.637 -4.543 -422.997
v -347.428 -4.543 -405.734
v -327.019 -4.543 -406.572
v -333.199 -4.543 -428.517
v -352.637 -4.543 -422.997
v -352.637 -2.369 -422.997
v -347.428 -2.369 -405.734
v -327.019 -2.369 -406.572
v -333.199 -2.369 -428.517
v -352.637 -2.369 -422.997
v -229.592 -4.573 -909.167
v -232.231 -4.573 -938.515
v -219.630 -4.573 -939.662
v -216.717 -4.573 -910.671
v -229.592 -4.573 -909.167
v -229.592 -2.320 -909.167
v -232.231 -2.320 -938.515
v -219.630 -2.320 -939.662
v -216.717 -2.320 -910.671
v -229.592 -2.320 -909.167
v -230.962 -4.627 -938.445
v -239.663 -4.627 -937.494
v -236.524 -4.627 -908.581
v -228.257 -4.627 -909.348
v -230.962 -4.627 -938.445
v -230.962 -2.284 -938.445
v -239.663 -2.284 -937.494
v -236.524 -2.284 -908.581
v -228.257 -2.284 -909.348
v -230.962 -2.284 -938.445
v -320.842 -4.825 -1531.730
v -313.598 -4.825 -1513.314
v -289.835 -4.825 -1522.590
v -296.476 -4.825 -1540.650
v -320.842 -4.825 -1531.730
v -320.842 -2.824 -1531.730
v -313.598 -2.824 -1513.314
v -289.835 -2.824 -1522.590
v -296.476 -2.824 -1540.650
v -320.842 -2.824 -1531.730
v 444.208 -2.223 -456.105
v 487.536 -2.223 -454.235
v 486.246 -2.223 -417.154
v 449.328 -2.223 -417.438
v 448.456 -2.223 -441.623
v 448.744 -2.223 -445.458
v 443.290 -2.223 -445.246
v 444.208 -2.223 -456.105
v 444.208 -0.205 -456.105
v 487.536 -0.205 -454.235
v 486.246 -0.205 -417.154
v 449.328 -0.205 -417.438
v 448.456 -0.205 -441.623
v 448.744 -0.205 -445.458
v 443.290 -0.205 -445.246
v 444.208 -0.205 -456.105
v 156.228 -2.939 -300.237
v 195.899 -2.939 -303.042
v 197.133 -2.939 -285.899
v 157.804 -2.939 -282.501
v 156.228 -2.939 -300.237
v 156.228 -0.651 -300.237
v 195.899 -0.651 -303.042
v 197.133 -0.651 -285.899
v 157.804 -0.651 -282.501
v 156.228 -0.651 -300.237
v 67.526 -3.138 -479.024
v 92.544 -3.138 -479.183
v 90.376 -3.138 -505.858
v 90.455 -3.138 -515.047
v 92.603 -3.138 -524.749
v 101.764 -3.138 -531.782
v 110.873 -3.138 -535.502
v 120.977 -3.138 -535.978
v 142.628 -3.138 -536.474
v 142.160 -3.138 -560.318
v 117.038 -3.138 -560.460
v 99.338 -3.138 -557.598
v 86.039 -3.138 -550.663
v 75.458 -3.138 -538.959
v 68.242 -3.138 -522.495
v 64.976 -3.138 -504.656
v 67.526 -3.138 -479.024
v 67.526 -0.922 -479.024
v 92.544 -0.922 -479.183
v 90.376 -0.922 -505.858
v 90.455 -0.922 -515.047
v 92.603 -0.922 -524.749
v 101.764 -0.922 -531.782
v 110.873 -0.922 -535.502
v 120.977 -0.922 -535.978
v 142.628 -0.922 -536.474
v 142.160 -0.922 -560.318
v 117.038 -0.922 -560.460
v 99.338 -0.922 -557.598
v 86.039 -0.922 -550.663
v 75.458 -0.922 -538.959
v 68.242 -0.922 -522.495
v 64.976 -0.922 -504.656
v 67.526 -0.922 -479.024
v -489.981 -4.914 -573.886
v -426.907 -4.914 -580.111
v -422.660 -4.914 -538.181
v -485.103 -4.914 -531.271
v -489.981 -4.914 -573.886
v -489.981 -2.872 -573.886
v -426.907 -2.872 -580.111
v -422.660 -2.872 -538.181
v -485.103 -2.872 -531.271
v -489.981 -2.872 -573.886
v -546.469 -5.180 -572.104
v -544.849 -5.180 -574.084
v -543.953 -5.180 -576.458
v -543.838 -5.180 -578.993
v -544.534 -5.180 -581.434
v -545.936 -5.180 -583.517
v -547.914 -5.180 -585.051
v -550.246 -5.180 -585.902
v -552.715 -5.180 -585.986
v -555.329 -5.180 -585.190
v -557.512 -5.180 -583.577
v -559.029 -5.180 -581.326
v -559.697 -5.180 -578.690
v -559.438 -5.180 -575.973
v -558.273 -5.180 -573.498
v -556.331 -5.180 -571.549
v -553.834 -5.180 -570.383
v -551.056 -5.180 -570.133
v -548.601 -5.180 -570.752
v -546.469 -5.180 -572.104
v -546.469 -3.132 -572.104
v -544.849 -3.132 -574.084
v -543.953 -3.132 -576.458
v -543.838 -3.132 -578.993
v -544.534 -3.132 -581.434
v -545.936 -3.132 -583.517
v -547.914 -3.132 -585.051
v -550.246 -3.132 -585.902
v -552.715 -3.132 -585.986
v -555.329 -3.132 -585.190
v -557.512 -3.132 -583.577
v -559.029 -3.132 -581.326
v -559.697 -3.132 -578.690
v -559.438 -3.132 -575.973
v -558.273 -3.132 -573.498
v -556.331 -3.132 -571.549
v -553.834 -3.132 -570.383
v -551.056 -3.132 -570.133
v -548.601 -3.132 -570.752
v -546.469 -3.132 -572.104
v -545.508 -5.180 -559.489
v -543.920 -5.180 -561.445
v -543.022 -5.180 -563.794
v -542.919 -5.180 -566.301
v -543.595 -5.180 -568.714
v -544.994 -5.180 -570.776
v -546.936 -5.180 -572.293
v -549.257 -5.180 -573.124
v -551.687 -5.180 -573.209
v -554.287 -5.180 -572.435
v -556.449 -5.180 -570.839
v -557.952 -5.180 -568.594
v -558.611 -5.180 -565.984
v -558.355 -5.180 -563.312
v -557.201 -5.180 -560.863
v -555.278 -5.180 -558.935
v -552.792 -5.180 -557.781
v -550.059 -5.180 -557.536
v -547.630 -5.180 -558.148
v -545.508 -5.180 -559.489
v -545.508 -2.848 -559.489
v -543.920 -2.848 -561.445
v -543.022 -2.848 -563.794
v -542.919 -2.848 -566.301
v -543.595 -2.848 -568.714
v -544.994 -2.848 -570.776
v -546.936 -2.848 -572.293
v -549.257 -2.848 -573.124
v -551.687 -2.848 -573.209
v -554.287 -2.848 -572.435
v -556.449 -2.848 -570.839
v -557.952 -2.848 -568.594
v -558.611 -2.848 -565.984
v -558.355 -2.848 -563.312
v -557.201 -2.848 -560.863
v -555.278 -2.848 -558.935
v -552.792 -2.848 -557.781
v -550.059 -2.848 -557.536
v -547.630 -2.848 -558.148
v -545.508 -2.848 -559.489
v -542.291 -5.170 -546.048
v -540.613 -5.170 -548.098
v -539.664 -5.170 -550.582
v -539.546 -5.170 -553.231
v -540.277 -5.170 -555.780
v -541.745 -5.170 -557.951
v -543.811 -5.170 -559.548
v -546.244 -5.170 -560.430
v -548.818 -5.170 -560.514
v -551.537 -5.170 -559.696
v -553.825 -5.170 -557.998
v -555.402 -5.170 -555.654
v -556.097 -5.170 -552.911
v -555.832 -5.170 -550.082
v -554.623 -5.170 -547.504
v -552.603 -5.170 -545.469
v -549.987 -5.170 -544.245
v -547.088 -5.170 -543.979
v -544.539 -5.170 -544.619
v -542.291 -5.170 -546.048
v -542.291 -3.023 -546.048
v -540.613 -3.023 -548.098
v -539.664 -3.023 -550.582
v -539.546 -3.023 -553.231
v -540.277 -3.023 -555.780
v -541.745 -3.023 -557.951
v -543.811 -3.023 -559.548
v -546.244 -3.023 -560.430
v -548.818 -3.023 -560.514
v -551.537 -3.023 -559.696
v -553.825 -3.023 -557.998
v -555.402 -3.023 -555.654
v -556.097 -3.023 -552.911
v -555.832 -3.023 -550.082
v -554.623 -3.023 -547.504
v -552.603 -3.023 -545.469
v -549.987 -3.023 -544.245
v -547.088 -3.023 -543.979
v -544.539 -3.023 -544.619
v -542.291 -3.023 -546.048
v -504.142 -5.017 -506.548
v -502.480 -5.017 -508.565
v -501.559 -5.017 -511.005
v -501.443 -5.017 -513.628
v -502.159 -5.017 -516.115
v -503.601 -5.017 -518.252
v -505.633 -5.017 -519.824
v -508.027 -5.017 -520.694
v -510.559 -5.017 -520.777
v -513.235 -5.017 -519.973
v -515.488 -5.017 -518.303
v -517.028 -5.017 -515.997
v -517.713 -5.017 -513.296
v -517.450 -5.017 -510.511
v -516.258 -5.017 -507.973
v -514.270 -5.017 -505.987
v -511.708 -5.017 -504.773
v -508.857 -5.017 -504.513
v -506.336 -5.017 -505.145
v -504.142 -5.017 -506.548
v -504.142 -2.637 -506.548
v -502.480 -2.637 -508.565
v -501.559 -2.637 -511.005
v -501.443 -2.637 -513.628
v -502.159 -2.637 -516.115
v -503.601 -2.637 -518.252
v -505.633 -2.637 -519.824
v -508.027 -2.637 -520.694
v -510.559 -2.637 -520.777
v -513.235 -2.637 -519.973
v -515.488 -2.637 -518.303
v -517.028 -2.637 -515.997
v -517.713 -2.637 -513.296
v -517.450 -2.637 -510.511
v -516.258 -2.637 -507.973
v -514.270 -2.637 -505.987
v -511.708 -2.637 -504.773
v -508.857 -2.637 -504.513
v -506.336 -2.637 -505.145
v -504.142 -2.637 -506.548
v -491.608 -4.973 -510.563
v -490.007 -4.973 -512.520
v -489.099 -4.973 -514.908
v -488.996 -4.973 -517.437
v -489.677 -4.973 -519.853
v -491.089 -4.973 -521.934
v -493.050 -4.973 -523.479
v -495.391 -4.973 -524.316
v -497.856 -4.973 -524.400
v -500.462 -4.973 -523.619
v -502.641 -4.973 -522.010
v -504.156 -4.973 -519.747
v -504.822 -4.973 -517.116
v -504.564 -4.973 -514.422
v -503.402 -4.973 -511.953
v -501.464 -4.973 -510.008
v -498.970 -4.973 -508.830
v -496.199 -4.973 -508.594
v -493.749 -4.973 -509.211
v -491.608 -4.973 -510.563
v -491.608 -2.794 -510.563
v -490.007 -2.794 -512.520
v -489.099 -2.794 -514.908
v -488.996 -2.794 -517.437
v -489.677 -2.794 -519.853
v -491.089 -2.794 -521.934
v -493.050 -2.794 -523.479
v -495.391 -2.794 -524.316
v -497.856 -2.794 -524.400
v -500.462 -2.794 -523.619
v -502.641 -2.794 -522.010
v -504.156 -2.794 -519.747
v -504.822 -2.794 -517.116
v -504.564 -2.794 -514.422
v -503.402 -2.794 -511.953
v -501.464 -2.794 -510.008
v -498.970 -2.794 -508.830
v -496.199 -2.794 -508.594
v -493.749 -2.794 -509.211
v -491.608 -2.794 -510.563
v -484.393 -5.091 -666.570
v -482.762 -5.091 -647.345
v -499.410 -5.091 -645.144
v -498.495 -5.091 -636.361
v -487.085 -5.091 -637.703
v -485.531 -5.091 -624.697
v -479.632 -5.091 -625.200
v -477.448 -5.091 -609.765
v -442.996 -5.091 -613.559
v -442.510 -5.091 -608.226
v -430.562 -5.091 -609.785
v -432.595 -5.091 -632.045
v -418.883 -5.091 -633.724
v -422.912 -5.091 -667.951
v -423.541 -5.091 -672.976
v -484.393 -5.091 -666.570
v -484.393 -2.984 -666.570
v -482.762 -2.984 -647.345
v -499.410 -2.984 -645.144
v -498.495 -2.984 -636.361
v -487.085 -2.984 -637.703
v -485.531 -2.984 -624.697
v -479.632 -2.984 -625.200
v -477.448 -2.984 -609.765
v -442.996 -2.984 -613.559
v -442.510 -2.984 -608.226
v -430.562 -2.984 -609.785
v -432.595 -2.984 -632.045
v -418.883 -2.984 -633.724
v -422.912 -2.984 -667.951
v -423.541 -2.984 -672.976
v -484.393 -2.984 -666.570
v -425.069 -4.933 -668.381
v -411.247 -4.933 -665.917
v -407.128 -4.933 -666.623
v -404.003 -4.933 -669.566
v -399.696 -4.933 -670.206
v -393.216 -4.933 -668.558
v -384.303 -4.933 -586.840
v -383.405 -4.933 -579.213
v -413.597 -4.933 -574.813
v -421.934 -4.933 -633.147
v -425.069 -4.933 -668.381
v -425.069 -2.809 -668.381
v -411.247 -2.809 -665.917
v -407.128 -2.809 -666.623
v -404.003 -2.809 -669.566
v -399.696 -2.809 -670.206
v -393.216 -2.809 -668.558
v -384.303 -2.809 -586.840
v -383.405 -2.809 -579.213
v -413.597 -2.809 -574.813
v -421.934 -2.809 -633.147
v -425.069 -2.809 -668.381
v -374.488 -4.641 -565.340
v -372.767 -4.641 -541.672
v -364.408 -4.641 -544.631
v -365.479 -4.641 -547.046
v -322.551 -4.641 -562.731
v -321.984 -4.641 -567.753
v -326.314 -4.641 -581.855
v -374.488 -4.641 -565.340
v -374.488 -2.547 -565.340
v -372.767 -2.547 -541.672
v -364.408 -2.547 -544.631
v -365.479 -2.547 -547.046
v -322.551 -2.547 -562.731
v -321.984 -2.547 -567.753
v -326.314 -2.547 -581.855
v -374.488 -2.547 -565.340
v -535.386 -5.101 -598.325
v -490.140 -5.101 -603.216
v -486.760 -5.101 -572.167
v -531.615 -5.101 -566.839
v -535.386 -5.101 -598.325
v -535.386 -2.744 -598.325
v -490.140 -2.744 -603.216
v -486.760 -2.744 -572.167
v -531.615 -2.744 -566.839
v -535.386 -2.744 -598.325
v -473.069 -4.726 -5.527
v -465.822 -4.726 48.047
v -387.084 -4.726 38.030
v -394.252 -4.726 -22.830
v -447.111 -4.726 -17.590
v -446.372 -4.726 -9.990
v -473.069 -4.726 -5.527
v -473.069 -2.418 -5.527
v -465.822 -2.418 48.047
v -387.084 -2.418 38.030
v -394.252 -2.418 -22.830
v -447.111 -2.418 -17.590
v -446.372 -2.418 -9.990
v -473.069 -2.418 -5.527
v -485.646 -6.140 -1451.931
v -483.384 -6.140 -1433.191
v -468.585 -6.140 -1434.921
v -470.062 -6.140 -1453.129
v -485.646 -6.140 -1451.931
v -485.646 -3.693 -1451.931
v -483.384 -3.693 -1433.191
v -468.585 -3.693 -1434.921
v -470.062 -3.693 -1453.129
v -485.646 -3.693 -1451.931
v -574.922 -5.941 -1637.842
v -596.077 -5.941 -1604.617
v -574.901 -5.941 -1590.624
v -567.874 -5.941 -1600.426
v -577.063 -5.941 -1605.841
v -567.199 -5.941 -1621.523
v -548.741 -5.941 -1608.049
v -543.229 -5.941 -1617.323
v -574.922 -5.941 -1637.842
v -574.922 -3.917 -1637.842
v -596.077 -3.917 -1604.617
v -574.901 -3.917 -1590.624
v -567.874 -3.917 -1600.426
v -577.063 -3.917 -1605.841
v -567.199 -3.917 -1621.523
v -548.741 -3.917 -1608.049
v -543.229 -3.917 -1617.323
v -574.922 -3.917 -1637.842
v -435.174 -6.184 -1640.149
v -446.451 -6.184 -1623.942
v -440.316 -6.184 -1619.116
v -434.901 -6.184 -1627.821
v -409.750 -6.184 -1610.412
v -415.268 -6.184 -1602.837
v -409.071 -6.184 -1598.948
v -398.397 -6.184 -1614.585
v -435.174 -6.184 -1640.149
v -435.174 -4.055 -1640.149
v -446.451 -4.055 -1623.942
v -440.316 -4.055 -1619.116
v -434.901 -4.055 -1627.821
v -409.750 -4.055 -1610.412
v -415.268 -4.055 -1602.837
v -409.071 -4.055 -1598.948
v -398.397 -4.055 -1614.585
v -435.174 -4.055 -1640.149
v 293.140 -2.504 -749.611
v 296.527 -2.504 -722.753
v 302.497 -2.504 -723.499
v 299.412 -2.504 -750.321
v 293.140 -2.504 -749.611
v 293.140 -0.356 -749.611
v 296.527 -0.356 -722.753
v 302.497 -0.356 -723.499
v 299.412 -0.356 -750.321
v 293.140 -0.356 -749.611
v -38.883 -3.515 -696.960
v -35.586 -3.515 -658.379
v -19.893 -3.515 -659.707
v -22.634 -3.515 -698.091
v -38.883 -3.515 -696.960
v -38.883 -1.352 -696.960
v -35.586 -1.352 -658.379
v -19.893 -1.352 -659.707
v -22.634 -1.352 -698.091
v -38.883 -1.352 -696.960
v -283.665 -4.262 -201.813
v -281.493 -4.262 -159.441
v -274.283 -4.262 -159.572
v -273.959 -4.262 -158.196
v -273.111 -4.262 -157.441
v -271.972 -4.262 -157.101
v -270.523 -4.262 -157.181
v -269.141 -4.262 -157.762
v -268.589 -4.262 -158.532
v -268.247 -4.262 -159.579
v -268.298 -4.262 -160.271
v -267.303 -4.262 -160.306
v -270.225 -4.262 -202.425
v -271.332 -4.262 -202.564
v -271.570 -4.262 -204.904
v -273.924 -4.262 -204.906
v -273.929 -4.262 -202.370
v -283.665 -4.262 -201.813
v -283.665 -2.170 -201.813
v -281.493 -2.170 -159.441
v -274.283 -2.170 -159.572
v -273.959 -2.170 -158.196
v -273.111 -2.170 -157.441
v -271.972 -2.170 -157.101
v -270.523 -2.170 -157.181
v -269.141 -2.170 -157.762
v -268.589 -2.170 -158.532
v -268.247 -2.170 -159.579
v -268.298 -2.170 -160.271
v -267.303 -2.170 -160.306
v -270.225 -2.170 -202.425
v -271.332 -2.170 -202.564
v -271.570 -2.170 -204.904
v -273.924 -2.170 -204.906
v -273.929 -2.170 -202.370
v -283.665 -2.170 -201.813
v -264.598 -4.143 -175.244
v -263.518 -4.143 -160.821
v -221.865 -4.143 -161.968
v -221.630 -4.143 -164.872
v -221.266 -4.143 -171.193
v -220.023 -4.143 -171.643
v -219.068 -4.143 -172.902
v -218.760 -4.143 -174.708
v -219.386 -4.143 -176.451
v -220.351 -4.143 -177.328
v -221.590 -4.143 -178.485
v -224.485 -4.143 -178.631
v -264.598 -4.143 -175.244
v -264.598 -2.022 -175.244
v -263.518 -2.022 -160.821
v -221.865 -2.022 -161.968
v -221.630 -2.022 -164.872
v -221.266 -2.022 -171.193
v -220.023 -2.022 -171.643
v -219.068 -2.022 -172.902
v -218.760 -2.022 -174.708
v -219.386 -2.022 -176.451
v -220.351 -2.022 -177.328
v -221.590 -2.022 -178.485
v -224.485 -2.022 -178.631
v -264.598 -2.022 -175.244
v -213.296 -4.061 -167.012
v -204.621 -4.061 -166.717
v -204.475 -4.061 -165.776
v -203.485 -4.061 -165.047
v -202.497 -4.061 -164.466
v -201.171 -4.061 -164.268
v -199.836 -4.061 -164.438
v -198.948 -4.061 -165.307
v -198.343 -4.061 -166.400
v -198.048 -4.061 -167.493
v -197.203 -4.061 -167.624
v -200.235 -4.061 -210.421
v -206.194 -4.061 -210.150
v -214.316 -4.061 -209.692
v -213.296 -4.061 -167.012
v -213.296 -2.017 -167.012
v -204.621 -2.017 -166.717
v -204.475 -2.017 -165.776
v -203.485 -2.017 -165.047
v -202.497 -2.017 -164.466
v -201.171 -2.017 -164.268
v -199.836 -2.017 -164.438
v -198.948 -2.017 -165.307
v -198.343 -2.017 -166.400
v -198.048 -2.017 -167.493
v -197.203 -2.017 -167.624
v -200.235 -2.017 -210.421
v -206.194 -2.017 -210.150
v -214.316 -2.017 -209.692
v -213.296 -2.017 -167.012
v -192.254 -3.945 -183.211
v -191.349 -3.945 -169.105
v -164.932 -3.945 -168.900
v -164.300 -3.945 -164.438
v -146.798 -3.945 -166.620
v -145.476 -3.945 -167.146
v -144.286 -3.945 -168.230
v -143.589 -3.945 -169.306
v -144.610 -3.945 -188.582
v -147.545 -3.945 -188.580
v -149.691 -3.945 -212.901
v -164.329 -3.945 -212.150
v -163.067 -3.945 -193.972
v -171.830 -3.945 -185.055
v -190.806 -3.945 -183.306
v -192.254 -3.945 -183.211
v -192.254 -1.642 -183.211
v -191.349 -1.642 -169.105
v -164.932 -1.642 -168.900
v -164.300 -1.642 -164.438
v -146.798 -1.642 -166.620
v -145.476 -1.642 -167.146
v -144.286 -1.642 -168.230
v -143.589 -1.642 -169.306
v -144.610 -1.642 -188.582
v -147.545 -1.642 -188.580
v -149.691 -1.642 -212.901
v -164.329 -1.642 -212.150
v -163.067 -1.642 -193.972
v -171.830 -1.642 -185.055
v -190.806 -1.642 -183.306
v -192.254 -1.642 -183.211
v -143.035 -3.824 -218.055
v -141.846 -3.824 -201.788
v -86.675 -3.824 -205.018
v -87.576 -3.824 -221.266
v -143.035 -3.824 -218.055
v -143.035 -1.377 -218.055
v -141.846 -1.377 -201.788
v -86.675 -1.377 -205.018
v -87.576 -1.377 -221.266
v -143.035 -1.377 -218.055
v -83.305 -3.674 -267.117
v -81.567 -3.674 -246.459
v -48.469 -3.674 -248.745
v -49.551 -3.674 -269.343
v -53.233 -3.674 -269.286
v -83.305 -3.674 -267.117
v -83.305 -1.214 -267.117
v -81.567 -1.214 -246.459
v -48.469 -1.214 -248.745
v -49.551 -1.214 -269.343
v -53.233 -1.214 -269.286
v -83.305 -1.214 -267.117
v -55.258 -3.626 -265.870
v -51.392 -3.626 -266.096
v -45.135 -3.626 -266.690
v -46.260 -3.626 -285.847
v -39.906 -3.626 -286.865
v -39.920 -3.626 -293.087
v -46.717 -3.626 -291.646
v -49.813 -3.626 -317.770
v -48.756 -3.626 -317.833
v -50.173 -3.626 -331.570
v -62.752 -3.626 -330.460
v -62.036 -3.626 -318.286
v -61.953 -3.626 -316.477
v -59.880 -3.626 -316.734
v -55.258 -3.626 -265.870
v -55.258 -1.187 -265.870
v -51.392 -1.187 -266.096
v -45.135 -1.187 -266.690
v -46.260 -1.187 -285.847
v -39.906 -1.187 -286.865
v -39.920 -1.187 -293.087
v -46.717 -1.187 -291.646
v -49.813 -1.187 -317.770
v -48.756 -1.187 -317.833
v -50.173 -1.187 -331.570
v -62.752 -1.187 -330.460
v -62.036 -1.187 -318.286
v -61.953 -1.187 -316.477
v -59.880 -1.187 -316.734
v -55.258 -1.187 -265.870
v -57.894 -3.673 -316.355
v -59.991 -3.673 -316.314
v -60.264 -3.673 -318.131
v -65.514 -3.673 -317.889
v -86.683 -3.673 -315.264
v -82.151 -3.673 -264.516
v -54.400 -3.673 -266.227
v -57.894 -3.673 -316.355
v -57.894 -1.331 -316.355
v -59.991 -1.331 -316.314
v -60.264 -1.331 -318.131
v -65.514 -1.331 -317.889
v -86.683 -1.331 -315.264
v -82.151 -1.331 -264.516
v -54.400 -1.331 -266.227
v -57.894 -1.331 -316.355
v -85.780 -3.708 -312.877
v -87.901 -3.708 -339.977
v -66.703 -3.708 -341.590
v -64.245 -3.708 -314.886
v -85.780 -3.708 -312.877
v -85.780 -1.690 -312.877
v -87.901 -1.690 -339.977
v -66.703 -1.690 -341.590
v -64.245 -1.690 -314.886
v -85.780 -1.690 -312.877
v -60.990 -3.651 -313.926
v -66.268 -3.651 -313.671
v -68.804 -3.651 -342.158
v -68.886 -3.651 -347.490
v -50.983 -3.651 -348.751
v -48.039 -3.651 -329.108
v -63.309 -3.651 -326.387
v -60.990 -3.651 -313.926
v -60.990 -1.567 -313.926
v -66.268 -1.567 -313.671
v -68.804 -1.567 -342.158
v -68.886 -1.567 -347.490
v -50.983 -1.567 -348.751
v -48.039 -1.567 -329.108
v -63.309 -1.567 -326.387
v -60.990 -1.567 -313.926
v -163.050 -3.943 -268.165
v -161.905 -3.943 -256.156
v -157.310 -3.943 -256.632
v -154.665 -3.943 -257.118
v -155.444 -3.943 -268.570
v -163.050 -3.943 -268.165
v -163.050 -1.808 -268.165
v -161.905 -1.808 -256.156
v -157.310 -1.808 -256.632
v -154.665 -1.808 -257.118
v -155.444 -1.808 -268.570
v -163.050 -1.808 -268.165
v -160.279 -3.918 -258.397
v -157.859 -3.918 -241.488
v -141.132 -3.918 -242.606
v -140.885 -3.918 -258.422
v -135.199 -3.918 -258.886
v -136.419 -3.918 -269.666
v -152.823 -3.918 -269.460
v -152.946 -3.918 -264.172
v -154.779 -3.918 -263.744
v -155.350 -3.918 -259.085
v -158.239 -3.918 -258.617
v -160.279 -3.918 -258.397
v -160.279 -1.533 -258.397
v -157.859 -1.533 -241.488
v -141.132 -1.533 -242.606
v -140.885 -1.533 -258.422
v -135.199 -1.533 -258.886
v -136.419 -1.533 -269.666
v -152.823 -1.533 -269.460
v -152.946 -1.533 -264.172
v -154.779 -1.533 -263.744
v -155.350 -1.533 -259.085
v -158.239 -1.533 -258.617
v -160.279 -1.533 -258.397
v -131.433 -3.829 -274.266
v -128.511 -3.829 -242.130
v -116.830 -3.829 -242.705
v -117.948 -3.829 -256.670
v -99.573 -3.829 -259.011
v -100.714 -3.829 -275.761
v -109.189 -3.829 -275.717
v -109.628 -3.829 -278.728
v -123.075 -3.829 -278.021
v -123.084 -3.829 -275.506
v -131.433 -3.829 -274.266
v -131.433 -1.744 -274.266
v -128.511 -1.744 -242.130
v -116.830 -1.744 -242.705
v -117.948 -1.744 -256.670
v -99.573 -1.744 -259.011
v -100.714 -1.744 -275.761
v -109.189 -1.744 -275.717
v -109.628 -1.744 -278.728
v -123.075 -1.744 -278.021
v -123.084 -1.744 -275.506
v -131.433 -1.744 -274.266
v -14.840 -3.407 -573.580
v -13.663 -3.407 -568.073
v -8.716 -3.407 -569.106
v -9.274 -3.407 -574.166
v -14.840 -3.407 -573.580
v -14.840 -1.356 -573.580
v -13.663 -1.356 -568.073
v -8.716 -1.356 -569.106
v -9.274 -1.356 -574.166
v -14.840 -1.356 -573.580
v 768.027 -1.589 -1176.835
v 777.043 -1.589 -1144.917
v 780.037 -1.589 -1134.811
v 791.223 -1.589 -1097.161
v 801.629 -1.589 -1099.776
v 812.161 -1.589 -1102.680
v 824.128 -1.589 -1106.301
v 864.837 -1.589 -1118.070
v 867.451 -1.589 -1108.741
v 929.120 -1.589 -1127.394
v 926.908 -1.589 -1139.079
v 920.338 -1.589 -1161.638
v 913.794 -1.589 -1181.028
v 903.042 -1.589 -1217.358
v 842.993 -1.589 -1200.682
v 834.227 -1.589 -1229.691
v 818.512 -1.589 -1225.177
v 826.214 -1.589 -1198.912
v 783.336 -1.589 -1185.904
v 784.454 -1.589 -1181.848
v 768.027 -1.589 -1176.835
v 768.027 0.447 -1176.835
v 777.043 0.447 -1144.917
v 780.037 0.447 -1134.811
v 791.223 0.447 -1097.161
v 801.629 0.447 -1099.776
v 812.161 0.447 -1102.680
v 824.128 0.447 -1106.301
v 864.837 0.447 -1118.070
v 867.451 0.447 -1108.741
v 929.120 0.447 -1127.394
v 926.908 0.447 -1139.079
v 920.338 0.447 -1161.638
v 913.794 0.447 -1181.028
v 903.042 0.447 -1217.358
v 842.993 0.447 -1200.682
v 834.227 0.447 -1229.691
v 818.512 0.447 -1225.177
v 826.214 0.447 -1198.912
v 783.336 0.447 -1185.904
v 784.454 0.447 -1181.848
v 768.027 0.447 -1176.835
g building_0
f 1 2 9
f 9 8 1
f 2 3 10
f 10 9 2
f 3 4 11
f 11 10 3
f 4 5 12
f 12 11 4
f 5 6 13
f 13 12 5
f 6 7 14
f 14 13 6
f 8 9 15
f 9 10 15
f 10 11 15
f 11 12 15
f 12 13 15
f 13 14 15
g building_1
f 16 17 26
f 26 25 16
f 17 18 27
f 27 26 17
f 18 19 28
f 28 27 18
f 19 20 29
f 29 28 19
f 20 21 30
f 30 29 20
f 21 22 31
f 31 30 21
f 22 23 32
f 32 31 22
f 23 24 33
f 33 32 23
f 25 26 34
f 26 27 34
f 27 28 34
f 28 29 34
f 29 30 34
f 30 31 34
f 31 32 34
f 32 33 34
g building_2
f 35 36 57
f 57 56 35
f 36 37 58
f 58 57 36
f 37 38 59
f 59 58 37
f 38 39 60
f 60 59 38
f 39 40 61
f 61 60 39
f 40 41 62
f 62 61 40
f 41 42 63
f 63 62 41
f 42 43 64
f 64 63 42
f 43 44 65
f 65 64 43
f 44 45 66
f 66 65 44
f 45 46 67
f 67 66 45
f 46 47 68
f 68 67 46
f 47 48 69
f 69 68 47
f 48 49 70
f 70 69 48
f 49 50 71
f 71 70 49
f 50 51 72
f 72 71 50
f 51 52 73
f 73 72 51
f 52 53 74
f 74 73 52
f 53 54 75
f 75 74 53
f 54 55 76
f 76 75 54
f 56 57 77
f 57 58 77
f 58 59 77
f 59 60 77
f 60 61 77
f 61 62 77
f 62 63 77
f 63 64 77
f 64 65 77
f 65 66 77
f 66 67 77
f 67 68 77
f 68 69 77
f 69 70 77
f 70 71 77
f 71 72 77
f 72 73 77
f 73 74 77
f 74 75 77
f 75 76 77
g building_3
f 78 79 88
f 88 87 78
f 79 80 89
f 89 88 79
f 80 81 90
f 90 89 80
f 81 82 91
f 91 90 81
f 82 83 92
f 92 91 82
f 83 84 93
f 93 92 83
f 84 85 94
f 94 93 84
f 85 86 95
f 95 94 85
f 87 88 96
f 88 89 96
f 89 90 96
f 90 91 96
f 91 92 96
f 92 93 96
f 93 94 96
f 94 95 96
g building_4
f 97 98 112
f 112 111 97
f 98 99 113
f 113 112 98
f 99 100 114
f 114 113 99
f 100 101 115
f 115 114 100
f 101 102 116
f 116 115 101
f 102 103 117
f 117 116 102
f 103 104 118
f 118 117 103
f 104 105 119
f 119 118 104
f 105 106 120
f 120 119 105
f 106 107 121
f 121 120 106
f 107 108 122
f 122 121 107
f 108 109 123
f 123 122 108
f 109 110 124
f 124 123 109
f 111 112 125
f 112 113 125
f 113 114 125
f 114 115 125
f 115 116 125
f 116 117 125
f 117 118 125
f 118 119 125
f 119 120 125
f 120 121 125
f 121 122 125
f 122 123 125
f 123 124 125
g building_5
f 126 127 136
f 136 135 126
f 127 128 137
f 137 136 127
f 128 129 138
f 138 137 128
f 129 130 139
f 139 138 129
f 130 131 140
f 140 139 130
f 131 132 141
f 141 140 131
f 132 133 142
f 142 141 132
f 133 134 143
f 143 142 133
f 135 136 144
f 136 137 144
f 137 138 144
f 138 139 144
f 139 140 144
f 140 141 144
f 141 142 144
f 142 143 144
g building_6
f 145 146 151
f 151 150 145
f 146 147 152
f 152 151 146
f 147 148 153
f 153 152 147
f 148 149 154
f 154 153 148
f 150 151 155
f 151 152 155
f 152 153 155
f 153 154 155
g building_7
f 156 157 164
f 164 163 156
f 157 158 165
f 165 164 157
f 158 159 166
f 166 165 158
f 159 160 167
f 167 166 159
f 160 161 168
f 168 167 160
f 161 162 169
f 169 168 161
f 163 164 170
f 164 165 170
f 165 166 170
f 166 167 170
f 167 168 170
f 168 169 170
g building_8
f 171 172 179
f 179 178 171
f 172 173 180
f 180 179 172
f 173 174 181
f 181 180 173
f 174 175 182
f 182 181 174
f 175 176 183
f 183 182 175
f 176 177 184
f 184 183 176
f 178 179 185
f 179 180 185
f 180 181 185
f 181 182 185
f 182 183 185
f 183 184 185
g building_9
f 186 187 200
f 200 199 186
f 187 188 201
f 201 200 187
f 188 189 202
f 202 201 188
f 189 190 203
f 203 202 189
f 190 191 204
f 204 203 190
f 191 192 205
f 205 204 191
f 192 193 206
f 206 205 192
f 193 194 207
f 207 206 193
f 194 195 208
f 208 207 194
f 195 196 209
f 209 208 195
f 196 197 210
f 210 209 196
f 197 198 211
f 211 210 197
f 199 200 212
f 200 201 212
f 201 202 212
f 202 203 212
f 203 204 212
f 204 205 212
f 205 206 212
f 206 207 212
f 207 208 212
f 208 209 212
f 209 210 212
f 210 211 212
g building_10
f 213 214 219
f 219 218 213
f 214 215 220
f 220 219 214
f 215 216 221
f 221 220 215
f 216 217 222
f 222 221 216
f 218 219 223
f 219 220 223
f 220 221 223
f 221 222 223
g building_11
f 224 225 230
f 230 229 224
f 225 226 231
f 231 230 225
f 226 227 232
f 232 231 226
f 227 228 233
f 233 232 227
f 229 230 234
f 230 231 234
f 231 232 234
f 232 233 234
g building_12
f 235 236 245
f 245 244 235
f 236 237 246
f 246 245 236
f 237 238 247
f 247 246 237
f 238 239 248
f 248 247 238
f 239 240 249
f 249 248 239
f 240 241 250
f 250 249 240
f 241 242 251
f 251 250 241
f 242 243 252
f 252 251 242
f 244 245 253
f 245 246 253
f 246 247 253
f 247 248 253
f 248 249 253
f 249 250 253
f 250 251 253
f 251 252 253
g building_13
f 254 255 260
f 260 259 254
f 255 256 261
f 261 260 255
f 256 257 262
f 262 261 256
f 257 258 263
f 263 262 257
f 259 260 264
f 260 261 264
f 261 262 264
f 262 263 264
g building_14
f 265 266 271
f 271 270 265
f 266 267 272
f 272 271 266
f 267 268 273
f 273 272 267
f 268 269 274
f 274 273 268
f 270 271 275
f 271 272 275
f 272 273 275
f 273 274 275
g building_15
f 276 277 282
f 282 281 276
f 277 278 283
f 283 282 277
f 278 279 284
f 284 283 278
f 279 280 285
f 285 284 279
f 281 282 286
f 282 283 286
f 283 284 286
f 284 285 286
g building_16
f 287 288 293
f 293 292 287
f 288 289 294
f 294 293 288
f 289 290 295
f 295 294 289
f 290 291 296
f 296 295 290
f 292 293 297
f 293 294 297
f 294 295 297
f 295 296 297
g building_17
f 298 299 319
f 319 318 298
f 299 300 320
f 320 319 299
f 300 301 321
f 321 320 300
f 301 302 322
f 322 321 301
f 302 303 323
f 323 322 302
f 303 304 324
f 324 323 303
f 304 305 325
f 325 324 304
f 305 306 326
f 326 325 305
f 306 307 327
f 327 326 306
f 307 308 328
f 328 327 307
f 308 309 329
f 329 328 308
f 309 310 330
f 330 329 309
f 310 311 331
f 331 330 310
f 311 312 332
f 332 331 311
f 312 313 333
f 333 332 312
f 313 314 334
f 334 333 313
f 314 315 335
f 335 334 314
f 315 316 336
f 336 335 315
f 316 317 337
f 337 336 316
f 318 319 338
f 319 320 338
f 320 321 338
f 321 322 338
f 322 323 338
f 323 324 338
f 324 325 338
f 325 326 338
f 326 327 338
f 327 328 338
f 328 329 338
f 329 330 338
f 330 331 338
f 331 332 338
f 332 333 338
f 333 334 338
f 334 335 338
f 335 336 338
f 336 337 338
g building_18
f 339 340 345
f 345 344 339
f 340 341 346
f 346 345 340
f 341 342 347
f 347 346 341
f 342 343 348
f 348 347 342
f 344 345 349
f 345 346 349
f 346 347 349
f 347 348 349
g building_19
f 350 351 371
f 371 370 350
f 351 352 372
f 372 371 351
f 352 353 373
f 373 372 352
f 353 354 374
f 374 373 353
f 354 355 375
f 375 374 354
f 355 356 376
f 376 375 355
f 356 357 377
f 377 376 356
f 357 358 378
f 378 377 357
f 358 359 379
f 379 378 358
f 359 360 380
f 380 379 359
f 360 361 381
f 381 380 360
f 361 362 382
f 382 381 361
f 362 363 383
f 383 382 362
f 363 364 384
f 384 383 363
f 364 365 385
f 385 384 364
f 365 366 386
f 386 385 365
f 366 367 387
f 387 386 366
f 367 368 388
f 388 387 367
f 368 369 389
f 389 388 368
f 370 371 390
f 371 372 390
f 372 373 390
f 373 374 390
f 374 375 390
f 375 376 390
f 376 377 390
f 377 378 390
f 378 379 390
f 379 380 390
f 380 381 390
f 381 382 390
f 382 383 390
f 383 384 390
f 384 385 390
f 385 386 390
f 386 387 390
f 387 388 390
f 388 389 390
g building_20
f 391 392 401
f 401 400 391
f 392 393 402
f 402 401 392
f 393 394 403
f 403 402 393
f 394 395 404
f 404 403 394
f 395 396 405
f 405 404 395
f 396 397 406
f 406 405 396
f 397 398 407
f 407 406 397
f 398 399 408
f 408 407 398
f 400 401 409
f 401 402 409
f 402 403 409
f 403 404 409
f 404 405 409
f 405 406 409
f 406 407 409
f 407 408 409
g building_21
f 410 411 431
f 431 430 410
f 411 412 432
f 432 431 411
f 412 413 433
f 433 432 412
f 413 414 434
f 434 433 413
f 414 415 435
f 435 434 414
f 415 416 436
f 436 435 415
f 416 417 437
f 437 436 416
f 417 418 438
f 438 437 417
f 418 419 439
f 439 438 418
f 419 420 440
f 440 439 419
f 420 421 441
f 441 440 420
f 421 422 442
f 442 441 421
f 422 423 443
f 443 442 422
f 423 424 444
f 444 443 423
f 424 425 445
f 445 444 424
f 425 426 446
f 446 445 425
f 426 427 447
f 447 446 426
f 427 428 448
f 448 447 427
f 428 429 449
f 449 448 428
f 430 431 450
f 431 432 450
f 432 433 450
f 433 434 450
f 434 435 450
f 435 436 450
f 436 437 450
f 437 438 450
f 438 439 450
f 439 440 450
f 440 441 450
f 441 442 450
f 442 443 450
f 443 444 450
f 444 445 450
f 445 446 450
f 446 447 450
f 447 448 450
f 448 449 450
g building_22
f 451 452 473
f 473 472 451
f 452 453 474
f 474 473 452
f 453 454 475
f 475 474 453
f 454 455 476
f 476 475 454
f 455 456 477
f 477 476 455
f 456 457 478
f 478 477 456
f 457 458 479
f 479 478 457
f 458 459 480
f 480 479 458
f 459 460 481
f 481 480 459
f 460 461 482
f 482 481 460
f 461 462 483
f 483 482 461
f 462 463 484
f 484 483 462
f 463 464 485
f 485 484 463
f 464 465 486
f 486 485 464
f 465 466 487
f 487 486 465
f 466 467 488
f 488 487 466
f 467 468 489
f 489 488 467
f 468 469 490
f 490 489 468
f 469 470 491
f 491 490 469
f 470 471 492
f 492 491 470
f 472 473 493
f 473 474 493
f 474 475 493
f 475 476 493
f 476 477 493
f 477 478 493
f 478 479 493
f 479 480 493
f 480 481 493
f 481 482 493
f 482 483 493
f 483 484 493
f 484 485 493
f 485 486 493
f 486 487 493
f 487 488 493
f 488 489 493
f 489 490 493
f 490 491 493
f 491 492 493
g building_23
f 494 495 518
f 518 517 494
f 495 496 519
f 519 518 495
f 496 497 520
f 520 519 496
f 497 498 521
f 521 520 497
f 498 499 522
f 522 521 498
f 499 500 523
f 523 522 499
f 500 501 524
f 524 523 500
f 501 502 525
f 525 524 501
f 502 503 526
f 526 525 502
f 503 504 527
f 527 526 503
f 504 505 528
f 528 527 504
f 505 506 529
f 529 528 505
f 506 507 530
f 530 529 506
f 507 508 531
f 531 530 507
f 508 509 532
f 532 531 508
f 509 510 533
f 533 532 509
f 510 511 534
f 534 533 510
f 511 512 535
f 535 534 511
f 512 513 536
f 536 535 512
f 513 514 537
f 537 536 513
f 514 515 538
f 538 537 514
f 515 516 539
f 539 538 515
f 517 518 540
f 518 519 540
f 519 520 540
f 520 521 540
f 521 522 540
f 522 523 540
f 523 524 540
f 524 525 540
f 525 526 540
f 526 527 540
f 527 528 540
f 528 529 540
f 529 530 540
f 530 531 540
f 531 532 540
f 532 533 540
f 533 534 540
f 534 535 540
f 535 536 540
f 536 537 540
f 537 538 540
f 538 539 540
g building_24
f 541 542 549
f 549 548 541
f 542 543 550
f 550 549 542
f 543 544 551
f 551 550 543
f 544 545 552
f 552 551 544
f 545 546 553
f 553 552 545
f 546 547 554
f 554 553 546
f 548 549 555
f 549 550 555
f 550 551 555
f 551 552 555
f 552 553 555
f 553 554 555
f 548 549 557
f 557 556 548
f 549 550 558
f 558 557 549
f 550 551 559
f 559 558 550
f 551 552 560
f 560 559 551
f 552 553 561
f 561 560 552
f 553 554 562
f 562 561 553
g building_25
f 563 564 570
f 570 569 563
f 564 565 571
f 571 570 564
f 565 566 572
f 572 571 565
f 566 567 573
f 573 572 566
f 567 568 574
f 574 573 567
f 569 570 575
f 570 571 575
f 571 572 575
f 572 573 575
f 573 574 575
g building_26
f 576 577 582
f 582 581 576
f 577 578 583
f 583 582 577
f 578 579 584
f 584 583 578
f 579 580 585
f 585 584 579
f 581 582 586
f 582 583 586
f 583 584 586
f 584 585 586
g building_27
f 587 588 603
f 603 602 587
f 588 589 604
f 604 603 588
f 589 590 605
f 605 604 589
f 590 591 606
f 606 605 590
f 591 592 607
f 607 606 591
f 592 593 608
f 608 607 592
f 593 594 609
f 609 608 593
f 594 595 610
f 610 609 594
f 595 596 611
f 611 610 595
f 596 597 612
f 612 611 596
f 597 598 613
f 613 612 597
f 598 599 614
f 614 613 598
f 599 600 615
f 615 614 599
f 600 601 616
f 616 615 600
f 602 603 617
f 603 604 617
f 604 605 617
f 605 606 617
f 606 607 617
f 607 608 617
f 608 609 617
f 609 610 617
f 610 611 617
f 611 612 617
f 612 613 617
f 613 614 617
f 614 615 617
f 615 616 617
g building_28
f 618 619 624
f 624 623 618
f 619 620 625
f 625 624 619
f 620 621 626
f 626 625 620
f 621 622 627
f 627 626 621
f 623 624 628
f 624 625 628
f 625 626 628
f 626 627 628
f 623 624 630
f 630 629 623
f 624 625 631
f 631 630 624
f 625 626 632
f 632 631 625
f 626 627 633
f 633 632 626
g building_29
f 634 635 640
f 640 639 634
f 635 636 641
f 641 640 635
f 636 637 642
f 642 641 636
f 637 638 643
f 643 642 637
f 639 640 644
f 640 641 644
f 641 642 644
f 642 643 644
g building_30
f 645 646 653
f 653 652 645
f 646 647 654
f 654 653 646
f 647 648 655
f 655 654 647
f 648 649 656
f 656 655 648
f 649 650 657
f 657 656 649
f 650 651 658
f 658 657 650
f 652 653 659
f 653 654 659
f 654 655 659
f 655 656 659
f 656 657 659
f 657 658 659
f 652 653 661
f 661 660 652
f 653 654 662
f 662 661 653
f 654 655 663
f 663 662 654
f 655 656 664
f 664 663 655
f 656 657 665
f 665 664 656
f 657 658 666
f 666 665 657
g building_31
f 667 668 674
f 674 673 667
f 668 669 675
f 675 674 668
f 669 670 676
f 676 675 669
f 670 671 677
f 677 676 670
f 671 672 678
f 678 677 671
f 673 674 679
f 674 675 679
f 675 676 679
f 676 677 679
f 677 678 679
g building_32
f 680 681 686
f 686 685 680
f 681 682 687
f 687 686 681
f 682 683 688
f 688 687 682
f 683 684 689
f 689 688 683
f 685 686 690
f 686 687 690
f 687 688 690
f 688 689 690
g building_33
f 691 692 697
f 697 696 691
f 692 693 698
f 698 697 692
f 693 694 699
f 699 698 693
f 694 695 700
f 700 699 694
f 696 697 701
f 697 698 701
f 698 699 701
f 699 700 701
g building_34
f 702 703 708
f 708 707 702
f 703 704 709
f 709 708 703
f 704 705 710
f 710 709 704
f 705 706 711
f 711 710 705
f 707 708 712
f 708 709 712
f 709 710 712
f 710 711 712
g building_35
f 713 714 719
f 719 718 713
f 714 715 720
f 720 719 714
f 715 716 721
f 721 720 715
f 716 717 722
f 722 721 716
f 718 719 723
f 719 720 723
f 720 721 723
f 721 722 723
g building_36
f 724 725 732
f 732 731 724
f 725 726 733
f 733 732 725
f 726 727 734
f 734 733 726
f 727 728 735
f 735 734 727
f 728 729 736
f 736 735 728
f 729 730 737
f 737 736 729
f 731 732 738
f 732 733 738
f 733 734 738
f 734 735 738
f 735 736 738
f 736 737 738
g building_37
f 739 740 745
f 745 744 739
f 740 741 746
f 746 745 740
f 741 742 747
f 747 746 741
f 742 743 748
f 748 747 742
f 744 745 749
f 745 746 749
f 746 747 749
f 747 748 749
g building_38
f 750 751 756
f 756 755 750
f 751 752 757
f 757 756 751
f 752 753 758
f 758 757 752
f 753 754 759
f 759 758 753
f 755 756 760
f 756 757 760
f 757 758 760
f 758 759 760
g building_39
f 761 762 767
f 767 766 761
f 762 763 768
f 768 767 762
f 763 764 769
f 769 768 763
f 764 765 770
f 770 769 764
f 766 767 771
f 767 768 771
f 768 769 771
f 769 770 771
g building_40
f 772 773 778
f 778 777 772
f 773 774 779
f 779 778 773
f 774 775 780
f 780 779 774
f 775 776 781
f 781 780 775
f 777 778 782
f 778 779 782
f 779 780 782
f 780 781 782
g building_41
f 783 784 791
f 791 790 783
f 784 785 792
f 792 791 784
f 785 786 793
f 793 792 785
f 786 787 794
f 794 793 786
f 787 788 795
f 795 794 787
f 788 789 796
f 796 795 788
f 790 791 797
f 791 792 797
f 792 793 797
f 793 794 797
f 794 795 797
f 795 796 797
g building_42
f 798 799 804
f 804 803 798
f 799 800 805
f 805 804 799
f 800 801 806
f 806 805 800
f 801 802 807
f 807 806 801
f 803 804 808
f 804 805 808
f 805 806 808
f 806 807 808
g building_43
f 809 810 815
f 815 814 809
f 810 811 816
f 816 815 810
f 811 812 817
f 817 816 811
f 812 813 818
f 818 817 812
f 814 815 819
f 815 816 819
f 816 817 819
f 817 818 819
g building_44
f 820 821 826
f 826 825 820
f 821 822 827
f 827 826 821
f 822 823 828
f 828 827 822
f 823 824 829
f 829 828 823
f 825 826 830
f 826 827 830
f 827 828 830
f 828 829 830
g building_45
f 831 832 837
f 837 836 831
f 832 833 838
f 838 837 832
f 833 834 839
f 839 838 833
f 834 835 840
f 840 839 834
f 836 837 841
f 837 838 841
f 838 839 841
f 839 840 841
g building_46
f 842 843 850
f 850 849 842
f 843 844 851
f 851 850 843
f 844 845 852
f 852 851 844
f 845 846 853
f 853 852 845
f 846 847 854
f 854 853 846
f 847 848 855
f 855 854 847
f 849 850 856
f 850 851 856
f 851 852 856
f 852 853 856
f 853 854 856
f 854 855 856
g building_47
f 857 858 866
f 866 865 857
f 858 859 867
f 867 866 858
f 859 860 868
f 868 867 859
f 860 861 869
f 869 868 860
f 861 862 870
f 870 869 861
f 862 863 871
f 871 870 862
f 863 864 872
f 872 871 863
f 865 866 873
f 866 867 873
f 867 868 873
f 868 869 873
f 869 870 873
f 870 871 873
f 871 872 873
g building_48
f 874 875 880
f 880 879 874
f 875 876 881
f 881 880 875
f 876 877 882
f 882 881 876
f 877 878 883
f 883 882 877
f 879 880 884
f 880 881 884
f 881 882 884
f 882 883 884
g building_49
f 885 886 903
f 903 902 885
f 886 887 904
f 904 903 886
f 887 888 905
f 905 904 887
f 888 889 906
f 906 905 888
f 889 890 907
f 907 906 889
f 890 891 908
f 908 907 890
f 891 892 909
f 909 908 891
f 892 893 910
f 910 909 892
f 893 894 911
f 911 910 893
f 894 895 912
f 912 911 894
f 895 896 913
f 913 912 895
f 896 897 914
f 914 913 896
f 897 898 915
f 915 914 897
f 898 899 916
f 916 915 898
f 899 900 917
f 917 916 899
f 900 901 918
f 918 917 900
f 902 903 919
f 903 904 919
f 904 905 919
f 905 906 919
f 906 907 919
f 907 908 919
f 908 909 919
f 909 910 919
f 910 911 919
f 911 912 919
f 912 913 919
f 913 914 919
f 914 915 919
f 915 916 919
f 916 917 919
f 917 918 919
g building_50
f 920 921 926
f 926 925 920
f 921 922 927
f 927 926 921
f 922 923 928
f 928 927 922
f 923 924 929
f 929 928 923
f 925 926 930
f 926 927 930
f 927 928 930
f 928 929 930
g building_51
f 931 932 952
f 952 951 931
f 932 933 953
f 953 952 932
f 933 934 954
f 954 953 933
f 934 935 955
f 955 954 934
f 935 936 956
f 956 955 935
f 936 937 957
f 957 956 936
f 937 938 958
f 958 957 937
f 938 939 959
f 959 958 938
f 939 940 960
f 960 959 939
f 940 941 961
f 961 960 940
f 941 942 962
f 962 961 941
f 942 943 963
f 963 962 942
f 943 944 964
f 964 963 943
f 944 945 965
f 965 964 944
f 945 946 966
f 966 965 945
f 946 947 967
f 967 966 946
f 947 948 968
f 968 967 947
f 948 949 969
f 969 968 948
f 949 950 970
f 970 969 949
f 951 952 971
f 952 953 971
f 953 954 971
f 954 955 971
f 955 956 971
f 956 957 971
f 957 958 971
f 958 959 971
f 959 960 971
f 960 961 971
f 961 962 971
f 962 963 971
f 963 964 971
f 964 965 971
f 965 966 971
f 966 967 971
f 967 968 971
f 968 969 971
f 969 970 971
g building_52
f 972 973 993
f 993 992 972
f 973 974 994
f 994 993 973
f 974 975 995
f 995 994 974
f 975 976 996
f 996 995 975
f 976 977 997
f 997 996 976
f 977 978 998
f 998 997 977
f 978 979 999
f 999 998 978
f 979 980 1000
f 1000 999 979
f 980 981 1001
f 1001 1000 980
f 981 982 1002
f 1002 1001 981
f 982 983 1003
f 1003 1002 982
f 983 984 1004
f 1004 1003 983
f 984 985 1005
f 1005 1004 984
f 985 986 1006
f 1006 1005 985
f 986 987 1007
f 1007 1006 986
f 987 988 1008
f 1008 1007 987
f 988 989 1009
f 1009 1008 988
f 989 990 1010
f 1010 1009 989
f 990 991 1011
f 1011 1010 990
f 992 993 1012
f 993 994 1012
f 994 995 1012
f 995 996 1012
f 996 997 1012
f 997 998 1012
f 998 999 1012
f 999 1000 1012
f 1000 1001 1012
f 1001 1002 1012
f 1002 1003 1012
f 1003 1004 1012
f 1004 1005 1012
f 1005 1006 1012
f 1006 1007 1012
f 1007 1008 1012
f 1008 1009 1012
f 1009 1010 1012
f 1010 1011 1012
g building_53
f 1013 1014 1034
f 1034 1033 1013
f 1014 1015 1035
f 1035 1034 1014
f 1015 1016 1036
f 1036 1035 1015
f 1016 1017 1037
f 1037 1036 1016
f 1017 1018 1038
f 1038 1037 1017
f 1018 1019 1039
f 1039 1038 1018
f 1019 1020 1040
f 1040 1039 1019
f 1020 1021 1041
f 1041 1040 1020
f 1021 1022 1042
f 1042 1041 1021
f 1022 1023 1043
f 1043 1042 1022
f 1023 1024 1044
f 1044 1043 1023
f 1024 1025 1045
f 1045 1044 1024
f 1025 1026 1046
f 1046 1045 1025
f 1026 1027 1047
f 1047 1046 1026
f 1027 1028 1048
f 1048 1047 1027
f 1028 1029 1049
f 1049 1048 1028
f 1029 1030 1050
f 1050 1049 1029
f 1030 1031 1051
f 1051 1050 1030
f 1031 1032 1052
f 1052 1051 1031
f 1033 1034 1053
f 1034 1035 1053
f 1035 1036 1053
f 1036 1037 1053
f 1037 1038 1053
f 1038 1039 1053
f 1039 1040 1053
f 1040 1041 1053
f 1041 1042 1053
f 1042 1043 1053
f 1043 1044 1053
f 1044 1045 1053
f 1045 1046 1053
f 1046 1047 1053
f 1047 1048 1053
f 1048 1049 1053
f 1049 1050 1053
f 1050 1051 1053
f 1051 1052 1053
g building_54
f 1054 1055 1075
f 1075 1074 1054
f 1055 1056 1076
f 1076 1075 1055
f 1056 1057 1077
f 1077 1076 1056
f 1057 1058 1078
f 1078 1077 1057
f 1058 1059 1079
f 1079 1078 1058
f 1059 1060 1080
f 1080 1079 1059
f 1060 1061 1081
f 1081 1080 1060
f 1061 1062 1082
f 1082 1081 1061
f 1062 1063 1083
f 1083 1082 1062
f 1063 1064 1084
f 1084 1083 1063
f 1064 1065 1085
f 1085 1084 1064
f 1065 1066 1086
f 1086 1085 1065
f 1066 1067 1087
f 1087 1086 1066
f 1067 1068 1088
f 1088 1087 1067
f 1068 1069 1089
f 1089 1088 1068
f 1069 1070 1090
f 1090 1089 1069
f 1070 1071 1091
f 1091 1090 1070
f 1071 1072 1092
f 1092 1091 1071
f 1072 1073 1093
f 1093 1092 1072
f 1074 1075 1094
f 1075 1076 1094
f 1076 1077 1094
f 1077 1078 1094
f 1078 1079 1094
f 1079 1080 1094
f 1080 1081 1094
f 1081 1082 1094
f 1082 1083 1094
f 1083 1084 1094
f 1084 1085 1094
f 1085 1086 1094
f 1086 1087 1094
f 1087 1088 1094
f 1088 1089 1094
f 1089 1090 1094
f 1090 1091 1094
f 1091 1092 1094
f 1092 1093 1094
g building_55
f 1095 1096 1116
f 1116 1115 1095
f 1096 1097 1117
f 1117 1116 1096
f 1097 1098 1118
f 1118 1117 1097
f 1098 1099 1119
f 1119 1118 1098
f 1099 1100 1120
f 1120 1119 1099
f 1100 1101 1121
f 1121 1120 1100
f 1101 1102 1122
f 1122 1121 1101
f 1102 1103 1123
f 1123 1122 1102
f 1103 1104 1124
f 1124 1123 1103
f 1104 1105 1125
f 1125 1124 1104
f 1105 1106 1126
f 1126 1125 1105
f 1106 1107 1127
f 1127 1126 1106
f 1107 1108 1128
f 1128 1127 1107
f 1108 1109 1129
f 1129 1128 1108
f 1109 1110 1130
f 1130 1129 1109
f 1110 1111 1131
f 1131 1130 1110
f 1111 1112 1132
f 1132 1131 1111
f 1112 1113 1133
f 1133 1132 1112
f 1113 1114 1134
f 1134 1133 1113
f 1115 1116 1135
f 1116 1117 1135
f 1117 1118 1135
f 1118 1119 1135
f 1119 1120 1135
f 1120 1121 1135
f 1121 1122 1135
f 1122 1123 1135
f 1123 1124 1135
f 1124 1125 1135
f 1125 1126 1135
f 1126 1127 1135
f 1127 1128 1135
f 1128 1129 1135
f 1129 1130 1135
f 1130 1131 1135
f 1131 1132 1135
f 1132 1133 1135
f 1133 1134 1135
g building_56
f 1136 1137 1153
f 1153 1152 1136
f 1137 1138 1154
f 1154 1153 1137
f 1138 1139 1155
f 1155 1154 1138
f 1139 1140 1156
f 1156 1155 1139
f 1140 1141 1157
f 1157 1156 1140
f 1141 1142 1158
f 1158 1157 1141
f 1142 1143 1159
f 1159 1158 1142
f 1143 1144 1160
f 1160 1159 1143
f 1144 1145 1161
f 1161 1160 1144
f 1145 1146 1162
f 1162 1161 1145
f 1146 1147 1163
f 1163 1162 1146
f 1147 1148 1164
f 1164 1163 1147
f 1148 1149 1165
f 1165 1164 1148
f 1149 1150 1166
f 1166 1165 1149
f 1150 1151 1167
f 1167 1166 1150
f 1152 1153 1168
f 1153 1154 1168
f 1154 1155 1168
f 1155 1156 1168
f 1156 1157 1168
f 1157 1158 1168
f 1158 1159 1168
f 1159 1160 1168
f 1160 1161 1168
f 1161 1162 1168
f 1162 1163 1168
f 1163 1164 1168
f 1164 1165 1168
f 1165 1166 1168
f 1166 1167 1168
g building_57
f 1169 1170 1181
f 1181 1180 1169
f 1170 1171 1182
f 1182 1181 1170
f 1171 1172 1183
f 1183 1182 1171
f 1172 1173 1184
f 1184 1183 1172
f 1173 1174 1185
f 1185 1184 1173
f 1174 1175 1186
f 1186 1185 1174
f 1175 1176 1187
f 1187 1186 1175
f 1176 1177 1188
f 1188 1187 1176
f 1177 1178 1189
f 1189 1188 1177
f 1178 1179 1190
f 1190 1189 1178
f 1180 1181 1191
f 1181 1182 1191
f 1182 1183 1191
f 1183 1184 1191
f 1184 1185 1191
f 1185 1186 1191
f 1186 1187 1191
f 1187 1188 1191
f 1188 1189 1191
f 1189 1190 1191
g building_58
f 1192 1193 1201
f 1201 1200 1192
f 1193 1194 1202
f 1202 1201 1193
f 1194 1195 1203
f 1203 1202 1194
f 1195 1196 1204
f 1204 1203 1195
f 1196 1197 1205
f 1205 1204 1196
f 1197 1198 1206
f 1206 1205 1197
f 1198 1199 1207
f 1207 1206 1198
f 1200 1201 1208
f 1201 1202 1208
f 1202 1203 1208
f 1203 1204 1208
f 1204 1205 1208
f 1205 1206 1208
f 1206 1207 1208
g building_59
f 1209 1210 1215
f 1215 1214 1209
f 1210 1211 1216
f 1216 1215 1210
f 1211 1212 1217
f 1217 1216 1211
f 1212 1213 1218
f 1218 1217 1212
f 1214 1215 1219
f 1215 1216 1219
f 1216 1217 1219
f 1217 1218 1219
g building_60
f 1220 1221 1228
f 1228 1227 1220
f 1221 1222 1229
f 1229 1228 1221
f 1222 1223 1230
f 1230 1229 1222
f 1223 1224 1231
f 1231 1230 1223
f 1224 1225 1232
f 1232 1231 1224
f 1225 1226 1233
f 1233 1232 1225
f 1227 1228 1234
f 1228 1229 1234
f 1229 1230 1234
f 1230 1231 1234
f 1231 1232 1234
f 1232 1233 1234
g building_61
f 1235 1236 1241
f 1241 1240 1235
f 1236 1237 1242
f 1242 1241 1236
f 1237 1238 1243
f 1243 1242 1237
f 1238 1239 1244
f 1244 1243 1238
f 1240 1241 1245
f 1241 1242 1245
f 1242 1243 1245
f 1243 1244 1245
g building_62
f 1246 1247 1254
f 1254 1253 1246
f 1247 1248 1255
f 1255 1254 1247
f 1248 1249 1256
f 1256 1255 1248
f 1249 1250 1257
f 1257 1256 1249
f 1250 1251 1258
f 1258 1257 1250
f 1251 1252 1259
f 1259 1258 1251
f 1253 1254 1260
f 1254 1255 1260
f 1255 1256 1260
f 1256 1257 1260
f 1257 1258 1260
f 1258 1259 1260
g building_63
f 1261 1262 1271
f 1271 1270 1261
f 1262 1263 1272
f 1272 1271 1262
f 1263 1264 1273
f 1273 1272 1263
f 1264 1265 1274
f 1274 1273 1264
f 1265 1266 1275
f 1275 1274 1265
f 1266 1267 1276
f 1276 1275 1266
f 1267 1268 1277
f 1277 1276 1267
f 1268 1269 1278
f 1278 1277 1268
f 1270 1271 1279
f 1271 1272 1279
f 1272 1273 1279
f 1273 1274 1279
f 1274 1275 1279
f 1275 1276 1279
f 1276 1277 1279
f 1277 1278 1279
g building_64
f 1280 1281 1290
f 1290 1289 1280
f 1281 1282 1291
f 1291 1290 1281
f 1282 1283 1292
f 1292 1291 1282
f 1283 1284 1293
f 1293 1292 1283
f 1284 1285 1294
f 1294 1293 1284
f 1285 1286 1295
f 1295 1294 1285
f 1286 1287 1296
f 1296 1295 1286
f 1287 1288 1297
f 1297 1296 1287
f 1289 1290 1298
f 1290 1291 1298
f 1291 1292 1298
f 1292 1293 1298
f 1293 1294 1298
f 1294 1295 1298
f 1295 1296 1298
f 1296 1297 1298
g building_65
f 1299 1300 1305
f 1305 1304 1299
f 1300 1301 1306
f 1306 1305 1300
f 1301 1302 1307
f 1307 1306 1301
f 1302 1303 1308
f 1308 1307 1302
f 1304 1305 1309
f 1305 1306 1309
f 1306 1307 1309
f 1307 1308 1309
g building_66
f 1310 1311 1318
f 1318 1317 1310
f 1311 1312 1319
f 1319 1318 1311
f 1312 1313 1320
f 1320 1319 1312
f 1313 1314 1321
f 1321 1320 1313
f 1314 1315 1322
f 1322 1321 1314
f 1315 1316 1323
f 1323 1322 1315
f 1317 1318 1324
f 1318 1319 1324
f 1319 1320 1324
f 1320 1321 1324
f 1321 1322 1324
f 1322 1323 1324
g building_67
f 1325 1326 1331
f 1331 1330 1325
f 1326 1327 1332
f 1332 1331 1326
f 1327 1328 1333
f 1333 1332 1327
f 1328 1329 1334
f 1334 1333 1328
f 1330 1331 1335
f 1331 1332 1335
f 1332 1333 1335
f 1333 1334 1335
g building_68
f 1336 1337 1355
f 1355 1354 1336
f 1337 1338 1356
f 1356 1355 1337
f 1338 1339 1357
f 1357 1356 1338
f 1339 1340 1358
f 1358 1357 1339
f 1340 1341 1359
f 1359 1358 1340
f 1341 1342 1360
f 1360 1359 1341
f 1342 1343 1361
f 1361 1360 1342
f 1343 1344 1362
f 1362 1361 1343
f 1344 1345 1363
f 1363 1362 1344
f 1345 1346 1364
f 1364 1363 1345
f 1346 1347 1365
f 1365 1364 1346
f 1347 1348 1366
f 1366 1365 1347
f 1348 1349 1367
f 1367 1366 1348
f 1349 1350 1368
f 1368 1367 1349
f 1350 1351 1369
f 1369 1368 1350
f 1351 1352 1370
f 1370 1369 1351
f 1352 1353 1371
f 1371 1370 1352
f 1354 1355 1372
f 1355 1356 1372
f 1356 1357 1372
f 1357 1358 1372
f 1358 1359 1372
f 1359 1360 1372
f 1360 1361 1372
f 1361 1362 1372
f 1362 1363 1372
f 1363 1364 1372
f 1364 1365 1372
f 1365 1366 1372
f 1366 1367 1372
f 1367 1368 1372
f 1368 1369 1372
f 1369 1370 1372
f 1370 1371 1372
g building_69
f 1373 1374 1387
f 1387 1386 1373
f 1374 1375 1388
f 1388 1387 1374
f 1375 1376 1389
f 1389 1388 1375
f 1376 1377 1390
f 1390 1389 1376
f 1377 1378 1391
f 1391 1390 1377
f 1378 1379 1392
f 1392 1391 1378
f 1379 1380 1393
f 1393 1392 1379
f 1380 1381 1394
f 1394 1393 1380
f 1381 1382 1395
f 1395 1394 1381
f 1382 1383 1396
f 1396 1395 1382
f 1383 1384 1397
f 1397 1396 1383
f 1384 1385 1398
f 1398 1397 1384
f 1386 1387 1399
f 1387 1388 1399
f 1388 1389 1399
f 1389 1390 1399
f 1390 1391 1399
f 1391 1392 1399
f 1392 1393 1399
f 1393 1394 1399
f 1394 1395 1399
f 1395 1396 1399
f 1396 1397 1399
f 1397 1398 1399
g building_70
f 1400 1401 1416
f 1416 1415 1400
f 1401 1402 1417
f 1417 1416 1401
f 1402 1403 1418
f 1418 1417 1402
f 1403 1404 1419
f 1419 1418 1403
f 1404 1405 1420
f 1420 1419 1404
f 1405 1406 1421
f 1421 1420 1405
f 1406 1407 1422
f 1422 1421 1406
f 1407 1408 1423
f 1423 1422 1407
f 1408 1409 1424
f 1424 1423 1408
f 1409 1410 1425
f 1425 1424 1409
f 1410 1411 1426
f 1426 1425 1410
f 1411 1412 1427
f 1427 1426 1411
f 1412 1413 1428
f 1428 1427 1412
f 1413 1414 1429
f 1429 1428 1413
f 1415 1416 1430
f 1416 1417 1430
f 1417 1418 1430
f 1418 1419 1430
f 1419 1420 1430
f 1420 1421 1430
f 1421 1422 1430
f 1422 1423 1430
f 1423 1424 1430
f 1424 1425 1430
f 1425 1426 1430
f 1426 1427 1430
f 1427 1428 1430
f 1428 1429 1430
g building_71
f 1431 1432 1448
f 1448 1447 1431
f 1432 1433 1449
f 1449 1448 1432
f 1433 1434 1450
f 1450 1449 1433
f 1434 1435 1451
f 1451 1450 1434
f 1435 1436 1452
f 1452 1451 1435
f 1436 1437 1453
f 1453 1452 1436
f 1437 1438 1454
f 1454 1453 1437
f 1438 1439 1455
f 1455 1454 1438
f 1439 1440 1456
f 1456 1455 1439
f 1440 1441 1457
f 1457 1456 1440
f 1441 1442 1458
f 1458 1457 1441
f 1442 1443 1459
f 1459 1458 1442
f 1443 1444 1460
f 1460 1459 1443
f 1444 1445 1461
f 1461 1460 1444
f 1445 1446 1462
f 1462 1461 1445
f 1447 1448 1463
f 1448 1449 1463
f 1449 1450 1463
f 1450 1451 1463
f 1451 1452 1463
f 1452 1453 1463
f 1453 1454 1463
f 1454 1455 1463
f 1455 1456 1463
f 1456 1457 1463
f 1457 1458 1463
f 1458 1459 1463
f 1459 1460 1463
f 1460 1461 1463
f 1461 1462 1463
g building_72
f 1464 1465 1470
f 1470 1469 1464
f 1465 1466 1471
f 1471 1470 1465
f 1466 1467 1472
f 1472 1471 1466
f 1467 1468 1473
f 1473 1472 1467
f 1469 1470 1474
f 1470 1471 1474
f 1471 1472 1474
f 1472 1473 1474
g building_73
f 1475 1476 1482
f 1482 1481 1475
f 1476 1477 1483
f 1483 1482 1476
f 1477 1478 1484
f 1484 1483 1477
f 1478 1479 1485
f 1485 1484 1478
f 1479 1480 1486
f 1486 1485 1479
f 1481 1482 1487
f 1482 1483 1487
f 1483 1484 1487
f 1484 1485 1487
f 1485 1486 1487
g building_74
f 1488 1489 1504
f 1504 1503 1488
f 1489 1490 1505
f 1505 1504 1489
f 1490 1491 1506
f 1506 1505 1490
f 1491 1492 1507
f 1507 1506 1491
f 1492 1493 1508
f 1508 1507 1492
f 1493 1494 1509
f 1509 1508 1493
f 1494 1495 1510
f 1510 1509 1494
f 1495 1496 1511
f 1511 1510 1495
f 1496 1497 1512
f 1512 1511 1496
f 1497 1498 1513
f 1513 1512 1497
f 1498 1499 1514
f 1514 1513 1498
f 1499 1500 1515
f 1515 1514 1499
f 1500 1501 1516
f 1516 1515 1500
f 1501 1502 1517
f 1517 1516 1501
f 1503 1504 1518
f 1504 1505 1518
f 1505 1506 1518
f 1506 1507 1518
f 1507 1508 1518
f 1508 1509 1518
f 1509 1510 1518
f 1510 1511 1518
f 1511 1512 1518
f 1512 1513 1518
f 1513 1514 1518
f 1514 1515 1518
f 1515 1516 1518
f 1516 1517 1518
g building_75
f 1519 1520 1528
f 1528 1527 1519
f 1520 1521 1529
f 1529 1528 1520
f 1521 1522 1530
f 1530 1529 1521
f 1522 1523 1531
f 1531 1530 1522
f 1523 1524 1532
f 1532 1531 1523
f 1524 1525 1533
f 1533 1532 1524
f 1525 1526 1534
f 1534 1533 1525
f 1527 1528 1535
f 1528 1529 1535
f 1529 1530 1535
f 1530 1531 1535
f 1531 1532 1535
f 1532 1533 1535
f 1533 1534 1535
g building_76
f 1536 1537 1542
f 1542 1541 1536
f 1537 1538 1543
f 1543 1542 1537
f 1538 1539 1544
f 1544 1543 1538
f 1539 1540 1545
f 1545 1544 1539
f 1541 1542 1546
f 1542 1543 1546
f 1543 1544 1546
f 1544 1545 1546
g building_77
f 1547 1548 1556
f 1556 1555 1547
f 1548 1549 1557
f 1557 1556 1548
f 1549 1550 1558
f 1558 1557 1549
f 1550 1551 1559
f 1559 1558 1550
f 1551 1552 1560
f 1560 1559 1551
f 1552 1553 1561
f 1561 1560 1552
f 1553 1554 1562
f 1562 1561 1553
f 1555 1556 1563
f 1556 1557 1563
f 1557 1558 1563
f 1558 1559 1563
f 1559 1560 1563
f 1560 1561 1563
f 1561 1562 1563
g building_78
f 1564 1565 1571
f 1571 1570 1564
f 1565 1566 1572
f 1572 1571 1565
f 1566 1567 1573
f 1573 1572 1566
f 1567 1568 1574
f 1574 1573 1567
f 1568 1569 1575
f 1575 1574 1568
f 1570 1571 1576
f 1571 1572 1576
f 1572 1573 1576
f 1573 1574 1576
f 1574 1575 1576
g building_79
f 1577 1578 1590
f 1590 1589 1577
f 1578 1579 1591
f 1591 1590 1578
f 1579 1580 1592
f 1592 1591 1579
f 1580 1581 1593
f 1593 1592 1580
f 1581 1582 1594
f 1594 1593 1581
f 1582 1583 1595
f 1595 1594 1582
f 1583 1584 1596
f 1596 1595 1583
f 1584 1585 1597
f 1597 1596 1584
f 1585 1586 1598
f 1598 1597 1585
f 1586 1587 1599
f 1599 1598 1586
f 1587 1588 1600
f 1600 1599 1587
f 1589 1590 1601
f 1590 1591 1601
f 1591 1592 1601
f 1592 1593 1601
f 1593 1594 1601
f 1594 1595 1601
f 1595 1596 1601
f 1596 1597 1601
f 1597 1598 1601
f 1598 1599 1601
f 1599 1600 1601
g building_80
f 1602 1603 1614
f 1614 1613 1602
f 1603 1604 1615
f 1615 1614 1603
f 1604 1605 1616
f 1616 1615 1604
f 1605 1606 1617
f 1617 1616 1605
f 1606 1607 1618
f 1618 1617 1606
f 1607 1608 1619
f 1619 1618 1607
f 1608 1609 1620
f 1620 1619 1608
f 1609 1610 1621
f 1621 1620 1609
f 1610 1611 1622
f 1622 1621 1610
f 1611 1612 1623
f 1623 1622 1611
f 1613 1614 1624
f 1614 1615 1624
f 1615 1616 1624
f 1616 1617 1624
f 1617 1618 1624
f 1618 1619 1624
f 1619 1620 1624
f 1620 1621 1624
f 1621 1622 1624
f 1622 1623 1624
g building_81
f 1625 1626 1631
f 1631 1630 1625
f 1626 1627 1632
f 1632 1631 1626
f 1627 1628 1633
f 1633 1632 1627
f 1628 1629 1634
f 1634 1633 1628
f 1630 1631 1635
f 1631 1632 1635
f 1632 1633 1635
f 1633 1634 1635
g building_82
f 1636 1637 1642
f 1642 1641 1636
f 1637 1638 1643
f 1643 1642 1637
f 1638 1639 1644
f 1644 1643 1638
f 1639 1640 1645
f 1645 1644 1639
f 1641 1642 1646
f 1642 1643 1646
f 1643 1644 1646
f 1644 1645 1646
g building_83
f 1647 1648 1669
f 1669 1668 1647
f 1648 1649 1670
f 1670 1669 1648
f 1649 1650 1671
f 1671 1670 1649
f 1650 1651 1672
f 1672 1671 1650
f 1651 1652 1673
f 1673 1672 1651
f 1652 1653 1674
f 1674 1673 1652
f 1653 1654 1675
f 1675 1674 1653
f 1654 1655 1676
f 1676 1675 1654
f 1655 1656 1677
f 1677 1676 1655
f 1656 1657 1678
f 1678 1677 1656
f 1657 1658 1679
f 1679 1678 1657
f 1658 1659 1680
f 1680 1679 1658
f 1659 1660 1681
f 1681 1680 1659
f 1660 1661 1682
f 1682 1681 1660
f 1661 1662 1683
f 1683 1682 1661
f 1662 1663 1684
f 1684 1683 1662
f 1663 1664 1685
f 1685 1684 1663
f 1664 1665 1686
f 1686 1685 1664
f 1665 1666 1687
f 1687 1686 1665
f 1666 1667 1688
f 1688 1687 1666
f 1668 1669 1689
f 1669 1670 1689
f 1670 1671 1689
f 1671 1672 1689
f 1672 1673 1689
f 1673 1674 1689
f 1674 1675 1689
f 1675 1676 1689
f 1676 1677 1689
f 1677 1678 1689
f 1678 1679 1689
f 1679 1680 1689
f 1680 1681 1689
f 1681 1682 1689
f 1682 1683 1689
f 1683 1684 1689
f 1684 1685 1689
f 1685 1686 1689
f 1686 1687 1689
f 1687 1688 1689
g barda_84
f 1690 1691 1698
f 1698 1697 1690
f 1691 1692 1699
f 1699 1698 1691
f 1692 1693 1700
f 1700 1699 1692
f 1693 1694 1701
f 1701 1700 1693
f 1694 1695 1702
f 1702 1701 1694
f 1695 1696 1703
f 1703 1702 1695
g barda_85
f 1704 1705 1714
f 1714 1713 1704
f 1705 1706 1715
f 1715 1714 1705
f 1706 1707 1716
f 1716 1715 1706
f 1707 1708 1717
f 1717 1716 1707
f 1708 1709 1718
f 1718 1717 1708
f 1709 1710 1719
f 1719 1718 1709
f 1710 1711 1720
f 1720 1719 1710
f 1711 1712 1721
f 1721 1720 1711
g barda_86
f 1722 1723 1730
f 1730 1729 1722
f 1723 1724 1731
f 1731 1730 1723
f 1724 1725 1732
f 1732 1731 1724
f 1725 1726 1733
f 1733 1732 1725
f 1726 1727 1734
f 1734 1733 1726
f 1727 1728 1735
f 1735 1734 1727
g barda_87
f 1736 1737 1744
f 1744 1743 1736
f 1737 1738 1745
f 1745 1744 1737
f 1738 1739 1746
f 1746 1745 1738
f 1739 1740 1747
f 1747 1746 1739
f 1740 1741 1748
f 1748 1747 1740
f 1741 1742 1749
f 1749 1748 1741
g barda_88
f 1750 1751 1764
f 1764 1763 1750
f 1751 1752 1765
f 1765 1764 1751
f 1752 1753 1766
f 1766 1765 1752
f 1753 1754 1767
f 1767 1766 1753
f 1754 1755 1768
f 1768 1767 1754
f 1755 1756 1769
f 1769 1768 1755
f 1756 1757 1770
f 1770 1769 1756
f 1757 1758 1771
f 1771 1770 1757
f 1758 1759 1772
f 1772 1771 1758
f 1759 1760 1773
f 1773 1772 1759
f 1760 1761 1774
f 1774 1773 1760
f 1761 1762 1775
f 1775 1774 1761
g barda_89
f 1776 1777 1782
f 1782 1781 1776
f 1777 1778 1783
f 1783 1782 1777
f 1778 1779 1784
f 1784 1783 1778
f 1779 1780 1785
f 1785 1784 1779
g barda_90
f 1786 1787 1792
f 1792 1791 1786
f 1787 1788 1793
f 1793 1792 1787
f 1788 1789 1794
f 1794 1793 1788
f 1789 1790 1795
f 1795 1794 1789
g barda_91
f 1796 1797 1806
f 1806 1805 1796
f 1797 1798 1807
f 1807 1806 1797
f 1798 1799 1808
f 1808 1807 1798
f 1799 1800 1809
f 1809 1808 1799
f 1800 1801 1810
f 1810 1809 1800
f 1801 1802 1811
f 1811 1810 1801
f 1802 1803 1812
f 1812 1811 1802
f 1803 1804 1813
f 1813 1812 1803
g barda_92
f 1814 1815 1820
f 1820 1819 1814
f 1815 1816 1821
f 1821 1820 1815
f 1816 1817 1822
f 1822 1821 1816
f 1817 1818 1823
f 1823 1822 1817
g barda_93
f 1824 1825 1830
f 1830 1829 1824
f 1825 1826 1831
f 1831 1830 1825
f 1826 1827 1832
f 1832 1831 1826
f 1827 1828 1833
f 1833 1832 1827
g barda_94
f 1834 1835 1840
f 1840 1839 1834
f 1835 1836 1841
f 1841 1840 1835
f 1836 1837 1842
f 1842 1841 1836
f 1837 1838 1843
f 1843 1842 1837
g barda_95
f 1844 1845 1865
f 1865 1864 1844
f 1845 1846 1866
f 1866 1865 1845
f 1846 1847 1867
f 1867 1866 1846
f 1847 1848 1868
f 1868 1867 1847
f 1848 1849 1869
f 1869 1868 1848
f 1849 1850 1870
f 1870 1869 1849
f 1850 1851 1871
f 1871 1870 1850
f 1851 1852 1872
f 1872 1871 1851
f 1852 1853 1873
f 1873 1872 1852
f 1853 1854 1874
f 1874 1873 1853
f 1854 1855 1875
f 1875 1874 1854
f 1855 1856 1876
f 1876 1875 1855
f 1856 1857 1877
f 1877 1876 1856
f 1857 1858 1878
f 1878 1877 1857
f 1858 1859 1879
f 1879 1878 1858
f 1859 1860 1880
f 1880 1879 1859
f 1860 1861 1881
f 1881 1880 1860
f 1861 1862 1882
f 1882 1881 1861
f 1862 1863 1883
f 1883 1882 1862
g barda_96
f 1884 1885 1890
f 1890 1889 1884
f 1885 1886 1891
f 1891 1890 1885
f 1886 1887 1892
f 1892 1891 1886
f 1887 1888 1893
f 1893 1892 1887
g barda_97
f 1894 1895 1915
f 1915 1914 1894
f 1895 1896 1916
f 1916 1915 1895
f 1896 1897 1917
f 1917 1916 1896
f 1897 1898 1918
f 1918 1917 1897
f 1898 1899 1919
f 1919 1918 1898
f 1899 1900 1920
f 1920 1919 1899
f 1900 1901 1921
f 1921 1920 1900
f 1901 1902 1922
f 1922 1921 1901
f 1902 1903 1923
f 1923 1922 1902
f 1903 1904 1924
f 1924 1923 1903
f 1904 1905 1925
f 1925 1924 1904
f 1905 1906 1926
f 1926 1925 1905
f 1906 1907 1927
f 1927 1926 1906
f 1907 1908 1928
f 1928 1927 1907
f 1908 1909 1929
f 1929 1928 1908
f 1909 1910 1930
f 1930 1929 1909
f 1910 1911 1931
f 1931 1930 1910
f 1911 1912 1932
f 1932 1931 1911
f 1912 1913 1933
f 1933 1932 1912
g barda_98
f 1934 1935 1955
f 1955 1954 1934
f 1935 1936 1956
f 1956 1955 1935
f 1936 1937 1957
f 1957 1956 1936
f 1937 1938 1958
f 1958 1957 1937
f 1938 1939 1959
f 1959 1958 1938
f 1939 1940 1960
f 1960 1959 1939
f 1940 1941 1961
f 1961 1960 1940
f 1941 1942 1962
f 1962 1961 1941
f 1942 1943 1963
f 1963 1962 1942
f 1943 1944 1964
f 1964 1963 1943
f 1944 1945 1965
f 1965 1964 1944
f 1945 1946 1966
f 1966 1965 1945
f 1946 1947 1967
f 1967 1966 1946
f 1947 1948 1968
f 1968 1967 1947
f 1948 1949 1969
f 1969 1968 1948
f 1949 1950 1970
f 1970 1969 1949
f 1950 1951 1971
f 1971 1970 1950
f 1951 1952 1972
f 1972 1971 1951
f 1952 1953 1973
f 1973 1972 1952
g barda_99
f 1974 1975 1998
f 1998 1997 1974
f 1975 1976 1999
f 1999 1998 1975
f 1976 1977 2000
f 2000 1999 1976
f 1977 1978 2001
f 2001 2000 1977
f 1978 1979 2002
f 2002 2001 1978
f 1979 1980 2003
f 2003 2002 1979
f 1980 1981 2004
f 2004 2003 1980
f 1981 1982 2005
f 2005 2004 1981
f 1982 1983 2006
f 2006 2005 1982
f 1983 1984 2007
f 2007 2006 1983
f 1984 1985 2008
f 2008 2007 1984
f 1985 1986 2009
f 2009 2008 1985
f 1986 1987 2010
f 2010 2009 1986
f 1987 1988 2011
f 2011 2010 1987
f 1988 1989 2012
f 2012 2011 1988
f 1989 1990 2013
f 2013 2012 1989
f 1990 1991 2014
f 2014 2013 1990
f 1991 1992 2015
f 2015 2014 1991
f 1992 1993 2016
f 2016 2015 1992
f 1993 1994 2017
f 2017 2016 1993
f 1994 1995 2018
f 2018 2017 1994
f 1995 1996 2019
f 2019 2018 1995
g barda_100
f 2020 2021 2027
f 2027 2026 2020
f 2021 2022 2028
f 2028 2027 2021
f 2022 2023 2029
f 2029 2028 2022
f 2023 2024 2030
f 2030 2029 2023
f 2024 2025 2031
f 2031 2030 2024
g barda_101
f 2032 2033 2048
f 2048 2047 2032
f 2033 2034 2049
f 2049 2048 2033
f 2034 2035 2050
f 2050 2049 2034
f 2035 2036 2051
f 2051 2050 2035
f 2036 2037 2052
f 2052 2051 2036
f 2037 2038 2053
f 2053 2052 2037
f 2038 2039 2054
f 2054 2053 2038
f 2039 2040 2055
f 2055 2054 2039
f 2040 2041 2056
f 2056 2055 2040
f 2041 2042 2057
f 2057 2056 2041
f 2042 2043 2058
f 2058 2057 2042
f 2043 2044 2059
f 2059 2058 2043
f 2044 2045 2060
f 2060 2059 2044
f 2045 2046 2061
f 2061 2060 2045
g barda_102
f 2062 2063 2068
f 2068 2067 2062
f 2063 2064 2069
f 2069 2068 2063
f 2064 2065 2070
f 2070 2069 2064
f 2065 2066 2071
f 2071 2070 2065
g barda_103
f 2072 2073 2079
f 2079 2078 2072
f 2073 2074 2080
f 2080 2079 2073
f 2074 2075 2081
f 2081 2080 2074
f 2075 2076 2082
f 2082 2081 2075
f 2076 2077 2083
f 2083 2082 2076
g barda_104
f 2084 2085 2090
f 2090 2089 2084
f 2085 2086 2091
f 2091 2090 2085
f 2086 2087 2092
f 2092 2091 2086
f 2087 2088 2093
f 2093 2092 2087
g barda_105
f 2094 2095 2100
f 2100 2099 2094
f 2095 2096 2101
f 2101 2100 2095
f 2096 2097 2102
f 2102 2101 2096
f 2097 2098 2103
f 2103 2102 2097
g barda_106
f 2104 2105 2110
f 2110 2109 2104
f 2105 2106 2111
f 2111 2110 2105
f 2106 2107 2112
f 2112 2111 2106
f 2107 2108 2113
f 2113 2112 2107
g barda_107
f 2114 2115 2120
f 2120 2119 2114
f 2115 2116 2121
f 2121 2120 2115
f 2116 2117 2122
f 2122 2121 2116
f 2117 2118 2123
f 2123 2122 2117
g barda_108
f 2124 2125 2132
f 2132 2131 2124
f 2125 2126 2133
f 2133 2132 2125
f 2126 2127 2134
f 2134 2133 2126
f 2127 2128 2135
f 2135 2134 2127
f 2128 2129 2136
f 2136 2135 2128
f 2129 2130 2137
f 2137 2136 2129
g barda_109
f 2138 2139 2144
f 2144 2143 2138
f 2139 2140 2145
f 2145 2144 2139
f 2140 2141 2146
f 2146 2145 2140
f 2141 2142 2147
f 2147 2146 2141
g barda_110
f 2148 2149 2154
f 2154 2153 2148
f 2149 2150 2155
f 2155 2154 2149
f 2150 2151 2156
f 2156 2155 2150
f 2151 2152 2157
f 2157 2156 2151
g barda_111
f 2158 2159 2164
f 2164 2163 2158
f 2159 2160 2165
f 2165 2164 2159
f 2160 2161 2166
f 2166 2165 2160
f 2161 2162 2167
f 2167 2166 2161
g barda_112
f 2168 2169 2174
f 2174 2173 2168
f 2169 2170 2175
f 2175 2174 2169
f 2170 2171 2176
f 2176 2175 2170
f 2171 2172 2177
f 2177 2176 2171
g barda_113
f 2178 2179 2186
f 2186 2185 2178
f 2179 2180 2187
f 2187 2186 2179
f 2180 2181 2188
f 2188 2187 2180
f 2181 2182 2189
f 2189 2188 2181
f 2182 2183 2190
f 2190 2189 2182
f 2183 2184 2191
f 2191 2190 2183
g barda_114
f 2192 2193 2198
f 2198 2197 2192
f 2193 2194 2199
f 2199 2198 2193
f 2194 2195 2200
f 2200 2199 2194
f 2195 2196 2201
f 2201 2200 2195
g barda_115
f 2202 2203 2208
f 2208 2207 2202
f 2203 2204 2209
f 2209 2208 2203
f 2204 2205 2210
f 2210 2209 2204
f 2205 2206 2211
f 2211 2210 2205
g barda_116
f 2212 2213 2218
f 2218 2217 2212
f 2213 2214 2219
f 2219 2218 2213
f 2214 2215 2220
f 2220 2219 2214
f 2215 2216 2221
f 2221 2220 2215
g barda_117
f 2222 2223 2228
f 2228 2227 2222
f 2223 2224 2229
f 2229 2228 2223
f 2224 2225 2230
f 2230 2229 2224
f 2225 2226 2231
f 2231 2230 2225
g barda_118
f 2232 2233 2241
f 2241 2240 2232
f 2233 2234 2242
f 2242 2241 2233
f 2234 2235 2243
f 2243 2242 2234
f 2235 2236 2244
f 2244 2243 2235
f 2236 2237 2245
f 2245 2244 2236
f 2237 2238 2246
f 2246 2245 2237
f 2238 2239 2247
f 2247 2246 2238
g barda_119
f 2248 2249 2254
f 2254 2253 2248
f 2249 2250 2255
f 2255 2254 2249
f 2250 2251 2256
f 2256 2255 2250
f 2251 2252 2257
f 2257 2256 2251
g barda_120
f 2258 2259 2276
f 2276 2275 2258
f 2259 2260 2277
f 2277 2276 2259
f 2260 2261 2278
f 2278 2277 2260
f 2261 2262 2279
f 2279 2278 2261
f 2262 2263 2280
f 2280 2279 2262
f 2263 2264 2281
f 2281 2280 2263
f 2264 2265 2282
f 2282 2281 2264
f 2265 2266 2283
f 2283 2282 2265
f 2266 2267 2284
f 2284 2283 2266
f 2267 2268 2285
f 2285 2284 2267
f 2268 2269 2286
f 2286 2285 2268
f 2269 2270 2287
f 2287 2286 2269
f 2270 2271 2288
f 2288 2287 2270
f 2271 2272 2289
f 2289 2288 2271
f 2272 2273 2290
f 2290 2289 2272
f 2273 2274 2291
f 2291 2290 2273
g barda_121
f 2292 2293 2298
f 2298 2297 2292
f 2293 2294 2299
f 2299 2298 2293
f 2294 2295 2300
f 2300 2299 2294
f 2295 2296 2301
f 2301 2300 2295
g barda_122
f 2302 2303 2323
f 2323 2322 2302
f 2303 2304 2324
f 2324 2323 2303
f 2304 2305 2325
f 2325 2324 2304
f 2305 2306 2326
f 2326 2325 2305
f 2306 2307 2327
f 2327 2326 2306
f 2307 2308 2328
f 2328 2327 2307
f 2308 2309 2329
f 2329 2328 2308
f 2309 2310 2330
f 2330 2329 2309
f 2310 2311 2331
f 2331 2330 2310
f 2311 2312 2332
f 2332 2331 2311
f 2312 2313 2333
f 2333 2332 2312
f 2313 2314 2334
f 2334 2333 2313
f 2314 2315 2335
f 2335 2334 2314
f 2315 2316 2336
f 2336 2335 2315
f 2316 2317 2337
f 2337 2336 2316
f 2317 2318 2338
f 2338 2337 2317
f 2318 2319 2339
f 2339 2338 2318
f 2319 2320 2340
f 2340 2339 2319
f 2320 2321 2341
f 2341 2340 2320
g barda_123
f 2342 2343 2363
f 2363 2362 2342
f 2343 2344 2364
f 2364 2363 2343
f 2344 2345 2365
f 2365 2364 2344
f 2345 2346 2366
f 2366 2365 2345
f 2346 2347 2367
f 2367 2366 2346
f 2347 2348 2368
f 2368 2367 2347
f 2348 2349 2369
f 2369 2368 2348
f 2349 2350 2370
f 2370 2369 2349
f 2350 2351 2371
f 2371 2370 2350
f 2351 2352 2372
f 2372 2371 2351
f 2352 2353 2373
f 2373 2372 2352
f 2353 2354 2374
f 2374 2373 2353
f 2354 2355 2375
f 2375 2374 2354
f 2355 2356 2376
f 2376 2375 2355
f 2356 2357 2377
f 2377 2376 2356
f 2357 2358 2378
f 2378 2377 2357
f 2358 2359 2379
f 2379 2378 2358
f 2359 2360 2380
f 2380 2379 2359
f 2360 2361 2381
f 2381 2380 2360
g barda_124
f 2382 2383 2403
f 2403 2402 2382
f 2383 2384 2404
f 2404 2403 2383
f 2384 2385 2405
f 2405 2404 2384
f 2385 2386 2406
f 2406 2405 2385
f 2386 2387 2407
f 2407 2406 2386
f 2387 2388 2408
f 2408 2407 2387
f 2388 2389 2409
f 2409 2408 2388
f 2389 2390 2410
f 2410 2409 2389
f 2390 2391 2411
f 2411 2410 2390
f 2391 2392 2412
f 2412 2411 2391
f 2392 2393 2413
f 2413 2412 2392
f 2393 2394 2414
f 2414 2413 2393
f 2394 2395 2415
f 2415 2414 2394
f 2395 2396 2416
f 2416 2415 2395
f 2396 2397 2417
f 2417 2416 2396
f 2397 2398 2418
f 2418 2417 2397
f 2398 2399 2419
f 2419 2418 2398
f 2399 2400 2420
f 2420 2419 2399
f 2400 2401 2421
f 2421 2420 2400
g barda_125
f 2422 2423 2443
f 2443 2442 2422
f 2423 2424 2444
f 2444 2443 2423
f 2424 2425 2445
f 2445 2444 2424
f 2425 2426 2446
f 2446 2445 2425
f 2426 2427 2447
f 2447 2446 2426
f 2427 2428 2448
f 2448 2447 2427
f 2428 2429 2449
f 2449 2448 2428
f 2429 2430 2450
f 2450 2449 2429
f 2430 2431 2451
f 2451 2450 2430
f 2431 2432 2452
f 2452 2451 2431
f 2432 2433 2453
f 2453 2452 2432
f 2433 2434 2454
f 2454 2453 2433
f 2434 2435 2455
f 2455 2454 2434
f 2435 2436 2456
f 2456 2455 2435
f 2436 2437 2457
f 2457 2456 2436
f 2437 2438 2458
f 2458 2457 2437
f 2438 2439 2459
f 2459 2458 2438
f 2439 2440 2460
f 2460 2459 2439
f 2440 2441 2461
f 2461 2460 2440
g barda_126
f 2462 2463 2483
f 2483 2482 2462
f 2463 2464 2484
f 2484 2483 2463
f 2464 2465 2485
f 2485 2484 2464
f 2465 2466 2486
f 2486 2485 2465
f 2466 2467 2487
f 2487 2486 2466
f 2467 2468 2488
f 2488 2487 2467
f 2468 2469 2489
f 2489 2488 2468
f 2469 2470 2490
f 2490 2489 2469
f 2470 2471 2491
f 2491 2490 2470
f 2471 2472 2492
f 2492 2491 2471
f 2472 2473 2493
f 2493 2492 2472
f 2473 2474 2494
f 2494 2493 2473
f 2474 2475 2495
f 2495 2494 2474
f 2475 2476 2496
f 2496 2495 2475
f 2476 2477 2497
f 2497 2496 2476
f 2477 2478 2498
f 2498 2497 2477
f 2478 2479 2499
f 2499 2498 2478
f 2479 2480 2500
f 2500 2499 2479
f 2480 2481 2501
f 2501 2500 2480
g barda_127
f 2502 2503 2519
f 2519 2518 2502
f 2503 2504 2520
f 2520 2519 2503
f 2504 2505 2521
f 2521 2520 2504
f 2505 2506 2522
f 2522 2521 2505
f 2506 2507 2523
f 2523 2522 2506
f 2507 2508 2524
f 2524 2523 2507
f 2508 2509 2525
f 2525 2524 2508
f 2509 2510 2526
f 2526 2525 2509
f 2510 2511 2527
f 2527 2526 2510
f 2511 2512 2528
f 2528 2527 2511
f 2512 2513 2529
f 2529 2528 2512
f 2513 2514 2530
f 2530 2529 2513
f 2514 2515 2531
f 2531 2530 2514
f 2515 2516 2532
f 2532 2531 2515
f 2516 2517 2533
f 2533 2532 2516
g barda_128
f 2534 2535 2546
f 2546 2545 2534
f 2535 2536 2547
f 2547 2546 2535
f 2536 2537 2548
f 2548 2547 2536
f 2537 2538 2549
f 2549 2548 2537
f 2538 2539 2550
f 2550 2549 2538
f 2539 2540 2551
f 2551 2550 2539
f 2540 2541 2552
f 2552 2551 2540
f 2541 2542 2553
f 2553 2552 2541
f 2542 2543 2554
f 2554 2553 2542
f 2543 2544 2555
f 2555 2554 2543
g barda_129
f 2556 2557 2565
f 2565 2564 2556
f 2557 2558 2566
f 2566 2565 2557
f 2558 2559 2567
f 2567 2566 2558
f 2559 2560 2568
f 2568 2567 2559
f 2560 2561 2569
f 2569 2568 2560
f 2561 2562 2570
f 2570 2569 2561
f 2562 2563 2571
f 2571 2570 2562
g barda_130
f 2572 2573 2578
f 2578 2577 2572
f 2573 2574 2579
f 2579 2578 2573
f 2574 2575 2580
f 2580 2579 2574
f 2575 2576 2581
f 2581 2580 2575
g barda_131
f 2582 2583 2590
f 2590 2589 2582
f 2583 2584 2591
f 2591 2590 2583
f 2584 2585 2592
f 2592 2591 2584
f 2585 2586 2593
f 2593 2592 2585
f 2586 2587 2594
f 2594 2593 2586
f 2587 2588 2595
f 2595 2594 2587
g barda_132
f 2596 2597 2602
f 2602 2601 2596
f 2597 2598 2603
f 2603 2602 2597
f 2598 2599 2604
f 2604 2603 2598
f 2599 2600 2605
f 2605 2604 2599
g barda_133
f 2606 2607 2616
f 2616 2615 2606
f 2607 2608 2617
f 2617 2616 2607
f 2608 2609 2618
f 2618 2617 2608
f 2609 2610 2619
f 2619 2618 2609
f 2610 2611 2620
f 2620 2619 2610
f 2611 2612 2621
f 2621 2620 2611
f 2612 2613 2622
f 2622 2621 2612
f 2613 2614 2623
f 2623 2622 2613
g barda_134
f 2624 2625 2634
f 2634 2633 2624
f 2625 2626 2635
f 2635 2634 2625
f 2626 2627 2636
f 2636 2635 2626
f 2627 2628 2637
f 2637 2636 2627
f 2628 2629 2638
f 2638 2637 2628
f 2629 2630 2639
f 2639 2638 2629
f 2630 2631 2640
f 2640 2639 2630
f 2631 2632 2641
f 2641 2640 2631
g barda_135
f 2642 2643 2648
f 2648 2647 2642
f 2643 2644 2649
f 2649 2648 2643
f 2644 2645 2650
f 2650 2649 2644
f 2645 2646 2651
f 2651 2650 2645
g barda_136
f 2652 2653 2658
f 2658 2657 2652
f 2653 2654 2659
f 2659 2658 2653
f 2654 2655 2660
f 2660 2659 2654
f 2655 2656 2661
f 2661 2660 2655
g barda_137
f 2662 2663 2681
f 2681 2680 2662
f 2663 2664 2682
f 2682 2681 2663
f 2664 2665 2683
f 2683 2682 2664
f 2665 2666 2684
f 2684 2683 2665
f 2666 2667 2685
f 2685 2684 2666
f 2667 2668 2686
f 2686 2685 2667
f 2668 2669 2687
f 2687 2686 2668
f 2669 2670 2688
f 2688 2687 2669
f 2670 2671 2689
f 2689 2688 2670
f 2671 2672 2690
f 2690 2689 2671
f 2672 2673 2691
f 2691 2690 2672
f 2673 2674 2692
f 2692 2691 2673
f 2674 2675 2693
f 2693 2692 2674
f 2675 2676 2694
f 2694 2693 2675
f 2676 2677 2695
f 2695 2694 2676
f 2677 2678 2696
f 2696 2695 2677
f 2678 2679 2697
f 2697 2696 2678
g barda_138
f 2698 2699 2712
f 2712 2711 2698
f 2699 2700 2713
f 2713 2712 2699
f 2700 2701 2714
f 2714 2713 2700
f 2701 2702 2715
f 2715 2714 2701
f 2702 2703 2716
f 2716 2715 2702
f 2703 2704 2717
f 2717 2716 2703
f 2704 2705 2718
f 2718 2717 2704
f 2705 2706 2719
f 2719 2718 2705
f 2706 2707 2720
f 2720 2719 2706
f 2707 2708 2721
f 2721 2720 2707
f 2708 2709 2722
f 2722 2721 2708
f 2709 2710 2723
f 2723 2722 2709
g barda_139
f 2724 2725 2740
f 2740 2739 2724
f 2725 2726 2741
f 2741 2740 2725
f 2726 2727 2742
f 2742 2741 2726
f 2727 2728 2743
f 2743 2742 2727
f 2728 2729 2744
f 2744 2743 2728
f 2729 2730 2745
f 2745 2744 2729
f 2730 2731 2746
f 2746 2745 2730
f 2731 2732 2747
f 2747 2746 2731
f 2732 2733 2748
f 2748 2747 2732
f 2733 2734 2749
f 2749 2748 2733
f 2734 2735 2750
f 2750 2749 2734
f 2735 2736 2751
f 2751 2750 2735
f 2736 2737 2752
f 2752 2751 2736
f 2737 2738 2753
f 2753 2752 2737
g barda_140
f 2754 2755 2771
f 2771 2770 2754
f 2755 2756 2772
f 2772 2771 2755
f 2756 2757 2773
f 2773 2772 2756
f 2757 2758 2774
f 2774 2773 2757
f 2758 2759 2775
f 2775 2774 2758
f 2759 2760 2776
f 2776 2775 2759
f 2760 2761 2777
f 2777 2776 2760
f 2761 2762 2778
f 2778 2777 2761
f 2762 2763 2779
f 2779 2778 2762
f 2763 2764 2780
f 2780 2779 2763
f 2764 2765 2781
f 2781 2780 2764
f 2765 2766 2782
f 2782 2781 2765
f 2766 2767 2783
f 2783 2782 2766
f 2767 2768 2784
f 2784 2783 2767
f 2768 2769 2785
f 2785 2784 2768
g barda_141
f 2786 2787 2792
f 2792 2791 2786
f 2787 2788 2793
f 2793 2792 2787
f 2788 2789 2794
f 2794 2793 2788
f 2789 2790 2795
f 2795 2794 2789
g barda_142
f 2796 2797 2803
f 2803 2802 2796
f 2797 2798 2804
f 2804 2803 2797
f 2798 2799 2805
f 2805 2804 2798
f 2799 2800 2806
f 2806 2805 2799
f 2800 2801 2807
f 2807 2806 2800
g barda_143
f 2808 2809 2824
f 2824 2823 2808
f 2809 2810 2825
f 2825 2824 2809
f 2810 2811 2826
f 2826 2825 2810
f 2811 2812 2827
f 2827 2826 2811
f 2812 2813 2828
f 2828 2827 2812
f 2813 2814 2829
f 2829 2828 2813
f 2814 2815 2830
f 2830 2829 2814
f 2815 2816 2831
f 2831 2830 2815
f 2816 2817 2832
f 2832 2831 2816
f 2817 2818 2833
f 2833 2832 2817
f 2818 2819 2834
f 2834 2833 2818
f 2819 2820 2835
f 2835 2834 2819
f 2820 2821 2836
f 2836 2835 2820
f 2821 2822 2837
f 2837 2836 2821
g barda_144
f 2838 2839 2847
f 2847 2846 2838
f 2839 2840 2848
f 2848 2847 2839
f 2840 2841 2849
f 2849 2848 2840
f 2841 2842 2850
f 2850 2849 2841
f 2842 2843 2851
f 2851 2850 2842
f 2843 2844 2852
f 2852 2851 2843
f 2844 2845 2853
f 2853 2852 2844
g barda_145
f 2854 2855 2860
f 2860 2859 2854
f 2855 2856 2861
f 2861 2860 2855
f 2856 2857 2862
f 2862 2861 2856
f 2857 2858 2863
f 2863 2862 2857
g barda_146
f 2864 2865 2873
f 2873 2872 2864
f 2865 2866 2874
f 2874 2873 2865
f 2866 2867 2875
f 2875 2874 2866
f 2867 2868 2876
f 2876 2875 2867
f 2868 2869 2877
f 2877 2876 2868
f 2869 2870 2878
f 2878 2877 2869
f 2870 2871 2879
f 2879 2878 2870
g barda_147
f 2880 2881 2887
f 2887 2886 2880
f 2881 2882 2888
f 2888 2887 2881
f 2882 2883 2889
f 2889 2888 2882
f 2883 2884 2890
f 2890 2889 2883
f 2884 2885 2891
f 2891 2890 2884
g barda_148
f 2892 2893 2905
f 2905 2904 2892
f 2893 2894 2906
f 2906 2905 2893
f 2894 2895 2907
f 2907 2906 2894
f 2895 2896 2908
f 2908 2907 2895
f 2896 2897 2909
f 2909 2908 2896
f 2897 2898 2910
f 2910 2909 2897
f 2898 2899 2911
f 2911 2910 2898
f 2899 2900 2912
f 2912 2911 2899
f 2900 2901 2913
f 2913 2912 2900
f 2901 2902 2914
f 2914 2913 2901
f 2902 2903 2915
f 2915 2914 2902
g barda_149
f 2916 2917 2928
f 2928 2927 2916
f 2917 2918 2929
f 2929 2928 2917
f 2918 2919 2930
f 2930 2929 2918
f 2919 2920 2931
f 2931 2930 2919
f 2920 2921 2932
f 2932 2931 2920
f 2921 2922 2933
f 2933 2932 2921
f 2922 2923 2934
f 2934 2933 2922
f 2923 2924 2935
f 2935 2934 2923
f 2924 2925 2936
f 2936 2935 2924
f 2925 2926 2937
f 2937 2936 2925
g barda_150
f 2938 2939 2944
f 2944 2943 2938
f 2939 2940 2945
f 2945 2944 2939
f 2940 2941 2946
f 2946 2945 2940
f 2941 2942 2947
f 2947 2946 2941
g barda_151
f 2948 2949 2970
f 2970 2969 2948
f 2949 2950 2971
f 2971 2970 2949
f 2950 2951 2972
f 2972 2971 2950
f 2951 2952 2973
f 2973 2972 2951
f 2952 2953 2974
f 2974 2973 2952
f 2953 2954 2975
f 2975 2974 2953
f 2954 2955 2976
f 2976 2975 2954
f 2955 2956 2977
f 2977 2976 2955
f 2956 2957 2978
f 2978 2977 2956
f 2957 2958 2979
f 2979 2978 2957
f 2958 2959 2980
f 2980 2979 2958
f 2959 2960 2981
f 2981 2980 2959
f 2960 2961 2982
f 2982 2981 2960
f 2961 2962 2983
f 2983 2982 2961
f 2962 2963 2984
f 2984 2983 2962
f 2963 2964 2985
f 2985 2984 2963
f 2964 2965 2986
f 2986 2985 2964
f 2965 2966 2987
f 2987 2986 2965
f 2966 2967 2988
f 2988 2987 2966
f 2967 2968 2989
f 2989 2988 2967
