# Roads mesh for tecate_core_z14_x2884_y6621
v 1360.665 0.050 -4694.152
v 1352.881 0.050 -4692.305
v 1355.575 0.050 -4680.954
v 1363.359 0.050 -4682.801
f 1 2 3
f 3 4 1
v 1363.417 0.050 -4682.508
v 1355.517 0.050 -4681.247
v 1356.708 0.050 -4673.781
v 1364.608 0.050 -4675.042
f 5 6 7
f 7 8 5
v 1364.573 0.050 -4675.234
v 1356.744 0.050 -4673.589
v 1357.935 0.050 -4667.920
v 1365.764 0.050 -4669.565
f 9 10 11
f 11 12 9
v 1365.670 0.050 -4669.925
v 1358.028 0.050 -4667.560
v 1359.230 0.050 -4663.675
v 1366.873 0.050 -4666.040
f 13 14 15
f 15 16 13
v 1365.879 0.050 -4667.687
v 1360.224 0.050 -4662.028
v 1363.809 0.050 -4658.447
v 1369.463 0.050 -4664.106
f 17 18 19
f 19 20 17
v 1368.085 0.050 -4665.005
v 1365.187 0.050 -4657.548
v 1375.929 0.050 -4653.373
v 1378.828 0.050 -4660.829
f 21 22 23
f 23 24 21
v 1378.857 0.050 -4660.818
v 1375.900 0.050 -4653.384
v 1431.437 0.050 -4631.290
v 1434.394 0.050 -4638.724
f 25 26 27
f 27 28 25
v 1434.598 0.050 -4638.636
v 1431.233 0.050 -4631.378
v 1455.712 0.050 -4620.027
v 1459.077 0.050 -4627.285
f 29 30 31
f 31 32 29
v 1459.025 0.050 -4627.309
v 1455.765 0.050 -4620.003
v 1472.496 0.050 -4612.538
v 1475.756 0.050 -4619.843
f 33 34 35
f 35 36 33
v 1476.041 0.050 -4619.702
v 1472.211 0.050 -4612.678
v 1478.779 0.050 -4609.097
v 1482.609 0.050 -4616.121
f 37 38 39
f 39 40 37
v 1483.419 0.050 -4615.538
v 1477.969 0.050 -4609.681
v 1482.143 0.050 -4605.796
v 1487.593 0.050 -4611.653
f 41 42 43
f 43 44 41
v 1488.299 0.050 -4610.781
v 1481.438 0.050 -4606.668
v 1485.913 0.050 -4599.202
v 1492.774 0.050 -4603.315
f 45 46 47
f 47 48 45
v 1492.624 0.050 -4603.548
v 1486.063 0.050 -4598.969
v 1490.850 0.050 -4592.111
v 1497.410 0.050 -4596.690
f 49 50 51
f 51 52 49
v 1496.725 0.050 -4597.444
v 1491.535 0.050 -4591.357
v 1499.595 0.050 -4584.485
v 1504.785 0.050 -4590.573
f 53 54 55
f 55 56 53
v 1504.505 0.050 -4590.791
v 1499.874 0.050 -4584.268
v 1509.125 0.050 -4577.700
v 1513.756 0.050 -4584.224
f 57 58 59
f 59 60 57
v 1514.605 0.050 -4583.408
v 1508.276 0.050 -4578.516
v 1513.352 0.050 -4571.948
v 1519.681 0.050 -4576.841
f 61 62 63
f 63 64 61
v 1520.300 0.050 -4575.692
v 1512.733 0.050 -4573.097
v 1516.317 0.050 -4562.645
v 1523.885 0.050 -4565.240
f 65 66 67
f 67 68 65
v 1524.002 0.050 -4564.825
v 1516.200 0.050 -4563.060
v 1518.292 0.050 -4553.810
v 1526.095 0.050 -4555.575
f 69 70 71
f 71 72 69
v 1526.064 0.050 -4555.702
v 1518.323 0.050 -4553.683
v 1520.116 0.050 -4546.812
v 1527.857 0.050 -4548.831
f 73 74 75
f 75 76 73
v 1526.907 0.050 -4550.554
v 1521.065 0.050 -4545.089
v 1525.540 0.050 -4540.305
v 1531.382 0.050 -4545.771
f 77 78 79
f 79 80 77
v 1530.543 0.050 -4546.454
v 1526.379 0.050 -4539.622
v 1531.756 0.050 -4536.345
v 1535.920 0.050 -4543.176
f 81 82 83
f 83 84 81
v -569.554 -75.805 -3461.365
v -577.548 -75.709 -3461.057
v -571.671 -71.434 -3308.557
v -563.677 -71.650 -3308.865
f 85 86 87
f 87 88 85
v -563.675 -71.647 -3308.800
v -571.673 -71.437 -3308.622
v -569.324 -64.426 -3203.067
v -561.326 -63.569 -3203.245
f 89 90 91
f 91 92 89
v -561.333 -63.583 -3203.413
v -569.317 -64.414 -3202.900
v -563.116 -57.861 -3106.252
v -555.133 -56.943 -3106.764
f 93 94 95
f 95 96 93
v -555.128 -56.939 -3106.682
v -563.121 -57.865 -3106.334
v -558.846 -53.511 -3008.391
v -550.854 -53.520 -3008.740
f 97 98 99
f 99 100 97
v 476.194 -79.843 -2777.205
v 476.277 -78.722 -2769.206
v 579.560 -86.004 -2770.276
v 579.477 -86.240 -2778.276
f 101 102 103
f 103 104 101
v 579.486 -86.241 -2778.276
v 579.550 -86.003 -2770.276
v 644.360 -89.812 -2770.791
v 644.297 -89.398 -2778.791
f 105 106 107
f 107 108 105
v 644.516 -89.404 -2778.787
v 644.141 -89.805 -2770.795
v 712.547 -91.368 -2767.585
v 712.922 -90.789 -2775.576
f 109 110 111
f 111 112 109
v 712.877 -90.788 -2775.578
v 712.591 -91.369 -2767.583
v 757.197 -90.664 -2765.984
v 757.483 -90.299 -2773.979
f 113 114 115
f 115 116 113
v 758.744 -90.285 -2773.727
v 755.936 -90.686 -2766.236
v 787.049 -89.533 -2754.570
v 789.858 -89.346 -2762.061
f 117 118 119
f 119 120 117
v 790.959 -89.293 -2761.434
v 785.948 -89.595 -2755.198
v 809.292 -87.876 -2736.437
v 814.303 -87.587 -2742.673
f 121 122 123
f 123 124 121
v 819.893 -72.975 -2252.970
v 827.346 -72.643 -2255.877
v 822.437 -73.520 -2268.467
v 814.984 -73.798 -2265.561
f 125 126 127
f 127 128 125
v 814.779 -73.839 -2266.278
v 822.642 -73.477 -2267.750
v 820.805 -74.022 -2277.566
v 812.942 -74.323 -2276.094
f 129 130 131
f 131 132 129
v 812.940 -74.380 -2277.554
v 820.807 -73.953 -2276.106
v 822.333 -74.287 -2284.389
v 814.465 -74.646 -2285.838
f 133 134 135
f 135 136 133
v 815.160 -74.688 -2287.462
v 821.637 -74.236 -2282.766
v 828.093 -74.470 -2291.670
v 821.617 -74.892 -2296.366
f 137 138 139
f 139 140 137
v 822.997 -74.917 -2297.560
v 826.714 -74.447 -2290.476
v 833.159 -74.449 -2293.858
v 829.442 -74.954 -2300.942
f 141 142 143
f 143 144 141
v 830.417 -74.955 -2301.301
v 832.185 -74.455 -2293.499
v 839.298 -74.362 -2295.111
v 837.530 -74.919 -2302.913
f 145 146 147
f 147 148 145
v 837.529 -74.919 -2302.913
v 839.298 -74.362 -2295.111
v 855.206 -74.267 -2298.718
v 853.437 -74.949 -2306.520
f 149 150 151
f 151 152 149
v 853.879 -74.950 -2306.594
v 854.764 -74.269 -2298.643
v 874.100 -74.107 -2300.797
v 873.215 -74.932 -2308.748
f 153 154 155
f 155 156 153
v 873.022 -74.931 -2308.721
v 874.294 -74.106 -2300.823
v 893.329 -74.150 -2303.888
v 892.057 -75.115 -2311.786
f 157 158 159
f 159 160 157
v -577.790 -81.295 -4204.381
v -581.714 -81.337 -4197.409
v -562.233 -80.218 -4186.442
v -558.309 -80.302 -4193.413
f 161 162 163
f 163 164 161
v -559.566 -80.373 -4193.865
v -560.976 -80.136 -4185.990
v -527.023 -78.081 -4179.912
v -525.614 -78.605 -4187.787
f 165 166 167
f 167 168 165
v -526.120 -78.632 -4187.845
v -526.517 -78.050 -4179.854
v -505.255 -76.970 -4178.797
v -504.858 -77.685 -4186.787
f 169 170 171
f 171 172 169
v -503.257 -77.590 -4186.365
v -506.856 -77.070 -4179.220
v -484.814 -75.118 -4168.120
v -481.216 -75.687 -4175.266
f 173 174 175
f 175 176 173
v -482.026 -75.750 -4175.569
v -484.004 -75.053 -4167.817
v -472.093 -74.253 -4164.778
v -470.115 -75.024 -4172.530
f 177 178 179
f 179 180 177
v -471.717 -75.062 -4172.607
v -470.491 -74.220 -4164.701
v -450.899 -74.209 -4167.740
v -452.125 -74.998 -4175.646
f 181 182 183
f 183 184 181
v -453.458 -74.979 -4175.188
v -449.566 -74.231 -4168.198
v -397.658 -75.806 -4197.096
v -401.549 -76.323 -4204.086
f 185 186 187
f 187 188 185
v -401.392 -76.323 -4204.169
v -397.815 -75.805 -4197.013
v -385.870 -75.833 -4202.986
v -389.448 -76.270 -4210.141
f 189 190 191
f 191 192 189
v -389.310 -76.269 -4210.207
v -386.008 -75.833 -4202.920
v -373.473 -75.679 -4208.602
v -376.776 -76.015 -4215.889
f 193 194 195
f 195 196 193
v -376.608 -76.010 -4215.960
v -373.641 -75.683 -4208.531
v -361.696 -75.349 -4213.301
v -364.663 -75.573 -4220.730
f 197 198 199
f 199 200 197
v -364.294 -75.556 -4220.857
v -362.066 -75.361 -4213.174
v -350.722 -74.908 -4216.464
v -352.951 -74.994 -4224.147
f 201 202 203
f 203 204 201
v -352.749 -74.983 -4224.200
v -350.924 -74.917 -4216.411
v -340.772 -74.499 -4218.789
v -342.596 -74.460 -4226.579
f 205 206 207
f 207 208 205
v -342.105 -74.435 -4226.662
v -341.263 -74.520 -4218.706
v -329.908 -74.039 -4219.909
v -330.751 -73.852 -4227.864
f 209 210 211
f 211 212 209
v -330.404 -73.834 -4227.886
v -330.255 -74.054 -4219.887
v -314.737 -73.411 -4220.178
v -314.886 -73.046 -4228.176
f 213 214 215
f 215 216 213
v -314.725 -73.038 -4228.176
v -314.898 -73.418 -4220.178
v -301.462 -73.000 -4219.887
v -301.289 -72.515 -4227.886
f 217 218 219
f 219 220 217
v -301.538 -72.523 -4227.883
v -301.213 -72.994 -4219.890
v -286.574 -72.604 -4220.484
v -286.899 -72.048 -4228.478
f 221 222 223
f 223 224 221
v -287.100 -72.055 -4228.465
v -286.373 -72.599 -4220.498
v -276.522 -72.283 -4221.396
v -277.248 -71.691 -4229.363
f 225 226 227
f 227 228 225
v -277.766 -71.713 -4229.281
v -276.004 -72.263 -4221.478
v -266.754 -71.853 -4223.565
v -268.515 -71.258 -4231.369
f 229 230 231
f 231 232 229
v -269.090 -71.291 -4231.193
v -266.179 -71.835 -4223.741
v -247.065 -71.180 -4231.207
v -249.976 -70.545 -4238.659
f 233 234 235
f 235 236 233
v -249.906 -70.543 -4238.685
v -247.135 -71.182 -4231.181
v -213.996 -70.475 -4243.416
v -216.766 -69.739 -4250.921
f 237 238 239
f 239 240 237
v -216.589 -69.741 -4250.982
v -214.173 -70.473 -4243.356
v -184.016 0.050 -4252.909
v -186.433 0.050 -4260.535
f 241 242 243
f 243 244 241
v -186.523 0.050 -4260.506
v -183.926 0.050 -4252.939
v -163.020 0.050 -4260.114
v -165.617 0.050 -4267.681
f 245 246 247
f 247 248 245
v -165.320 0.050 -4267.770
v -163.317 0.050 -4260.025
v -154.067 0.050 -4262.416
v -156.069 0.050 -4270.162
f 249 250 251
f 251 252 249
v -155.364 0.050 -4270.278
v -154.772 0.050 -4262.300
v -142.828 0.050 -4263.185
v -143.419 0.050 -4271.163
f 253 254 255
f 255 256 253
v -142.441 0.050 -4271.116
v -143.806 0.050 -4263.233
v -136.937 0.050 -4262.044
v -135.573 0.050 -4269.926
f 257 258 259
f 259 260 257
v -135.347 0.050 -4269.881
v -137.163 0.050 -4262.089
v -128.201 0.050 -4260.002
v -126.386 0.050 -4267.793
f 261 262 263
f 263 264 261
v -125.054 0.050 -4267.211
v -129.534 0.050 -4260.583
v -118.491 0.050 -4253.118
v -114.011 0.050 -4259.745
f 265 266 267
f 267 268 265
v -113.421 0.050 -4259.259
v -119.081 0.050 -4253.604
v -113.114 -76.925 -4247.632
v -107.454 0.050 -4253.286
f 269 270 271
f 271 272 269
v -612.225 -76.535 -3482.335
v -615.407 -76.175 -3474.995
v -575.142 -75.700 -3457.541
v -571.961 -75.779 -3464.881
f 273 274 275
f 275 276 273
v -571.975 -75.779 -3464.887
v -575.128 -75.701 -3457.535
v -545.049 -76.340 -3444.639
v -541.897 -76.235 -3451.992
f 277 278 279
f 279 280 277
v -541.710 -76.239 -3451.906
v -545.236 -76.335 -3444.725
v -516.204 -77.487 -3430.469
v -512.678 -77.205 -3437.649
f 281 282 283
f 283 284 281
v -512.697 -77.205 -3437.659
v -516.185 -77.488 -3430.459
v -490.604 -77.699 -3418.066
v -487.116 -77.551 -3425.265
f 285 286 287
f 287 288 285
v -487.159 -77.551 -3425.286
v -490.560 -77.699 -3418.045
v -475.232 -77.850 -3410.844
v -471.830 -77.622 -3418.085
f 289 290 291
f 291 292 289
v -471.688 -77.617 -3418.015
v -475.374 -77.848 -3410.914
v -453.533 -77.136 -3399.578
v -449.847 -76.842 -3406.678
f 293 294 295
f 295 296 293
v -449.556 -76.831 -3406.511
v -453.824 -77.154 -3399.745
v -437.171 -76.120 -3389.241
v -432.903 -76.061 -3396.007
f 297 298 299
f 299 300 297
v -432.931 -76.063 -3396.025
v -437.142 -76.118 -3389.223
v -421.992 -74.745 -3379.842
v -417.780 -74.510 -3386.644
f 301 302 303
f 303 304 301
v -418.127 -74.547 -3386.836
v -421.645 -74.709 -3379.650
v -410.713 -73.578 -3374.299
v -407.196 -73.418 -3381.485
f 305 306 307
f 307 308 305
v -407.448 -73.444 -3381.598
v -410.460 -73.552 -3374.186
v -401.065 -72.593 -3370.368
v -398.053 -72.488 -3377.779
f 309 310 311
f 311 312 309
v -399.109 -72.592 -3378.048
v -400.009 -72.489 -3370.099
v -392.884 -71.800 -3369.293
v -391.985 -71.915 -3377.242
f 313 314 315
f 315 316 313
v -392.145 -71.930 -3377.257
v -392.725 -71.784 -3369.278
v -379.088 -70.243 -3368.287
v -378.508 -70.397 -3376.266
f 317 318 319
f 319 320 317
v -378.102 -70.350 -3376.216
v -379.494 -70.291 -3368.338
v -365.801 -68.662 -3365.920
v -364.410 -68.740 -3373.798
f 321 322 323
f 323 324 321
v -364.312 -68.728 -3373.779
v -365.899 -68.674 -3365.938
v -356.693 -67.590 -3364.075
v -355.106 -67.637 -3371.916
f 325 326 327
f 327 328 325
v -354.584 -67.574 -3371.773
v -357.215 -67.652 -3364.218
v -345.493 -66.293 -3360.136
v -342.862 -66.210 -3367.691
f 329 330 331
f 331 332 329
v -342.848 -66.208 -3367.685
v -345.508 -66.295 -3360.141
v -330.780 -64.756 -3354.948
v -328.120 -64.624 -3362.493
f 333 334 335
f 335 336 333
v -327.970 -64.608 -3362.437
v -330.930 -64.772 -3355.004
v -316.959 -63.372 -3349.442
v -314.000 -63.166 -3356.874
f 337 338 339
f 339 340 337
v -313.911 -63.157 -3356.838
v -317.048 -63.380 -3349.478
v -303.622 -62.262 -3343.757
v -300.486 -62.124 -3351.117
f 341 342 343
f 343 344 341
v -300.277 -62.112 -3351.020
v -303.832 -62.274 -3343.854
v -288.169 -61.507 -3336.085
v -284.614 -61.239 -3343.251
f 345 346 347
f 347 348 345
v -284.245 -61.219 -3343.043
v -288.539 -61.521 -3336.293
v -275.848 -61.143 -3328.220
v -271.554 -60.709 -3334.970
f 349 350 351
f 351 352 349
v -271.338 -60.703 -3334.823
v -276.064 -61.148 -3328.368
v -266.825 -60.986 -3321.603
v -262.099 -60.739 -3328.058
f 353 354 355
f 355 356 353
v -261.897 -60.745 -3327.900
v -267.027 -60.988 -3321.761
v -254.236 -61.433 -3311.072
v -249.106 -61.205 -3317.211
f 357 358 359
f 359 360 357
v -249.267 -61.199 -3317.338
v -254.076 -61.439 -3310.945
v -234.105 -62.437 -3295.922
v -229.296 -62.054 -3302.315
f 361 362 363
f 363 364 361
v -230.082 -62.020 -3302.777
v -233.319 -62.472 -3295.461
v -226.361 -62.719 -3292.382
v -223.124 -62.333 -3299.698
f 365 366 367
f 367 368 365
v -223.786 -62.293 -3299.924
v -225.700 -62.739 -3292.156
v -215.570 -63.233 -3289.659
v -213.655 -62.837 -3297.427
f 369 370 371
f 371 372 369
v -213.971 -62.821 -3297.491
v -215.254 -63.247 -3289.595
v -210.211 -63.464 -3288.776
v -208.929 -63.058 -3296.672
f 373 374 375
f 375 376 373
v -209.041 -63.053 -3296.689
v -210.100 -63.468 -3288.759
v -197.042 -63.988 -3287.015
v -195.983 -63.628 -3294.945
f 377 378 379
f 379 380 377
v -195.554 -63.647 -3294.863
v -197.471 -63.970 -3287.096
v -184.780 -64.515 -3283.965
v -182.864 -64.268 -3291.732
f 381 382 383
f 383 384 381
v -181.917 -64.337 -3291.365
v -185.727 -64.470 -3284.331
v -179.850 -64.849 -3281.147
v -176.039 -64.779 -3288.181
f 385 386 387
f 387 388 385
v -175.501 -64.819 -3287.832
v -180.387 -64.811 -3281.497
v -176.001 -65.129 -3278.114
v -171.115 -65.149 -3284.449
f 389 390 391
f 391 392 389
v -171.081 -65.151 -3284.422
v -176.035 -65.127 -3278.141
v -170.926 -65.469 -3274.111
v -165.972 -65.497 -3280.393
f 393 394 395
f 395 396 393
v -165.412 -65.535 -3279.855
v -171.486 -65.431 -3274.649
v -167.589 -65.704 -3270.104
v -161.516 -65.797 -3275.310
f 397 398 399
f 399 400 397
v -161.552 -65.794 -3275.352
v -167.553 -65.706 -3270.062
v -161.241 -66.057 -3262.901
v -155.240 -66.133 -3268.191
f 401 402 403
f 403 404 401
v -155.123 -66.139 -3268.051
v -161.358 -66.051 -3263.040
v -152.831 -66.368 -3252.430
v -146.596 -66.429 -3257.442
f 405 406 407
f 407 408 405
v -146.657 -66.428 -3257.516
v -152.770 -66.370 -3252.356
v -146.514 -66.448 -3244.944
v -140.401 -66.515 -3250.104
f 409 410 411
f 411 412 409
v -140.857 -66.512 -3250.563
v -146.058 -66.448 -3244.485
v -141.271 -66.429 -3240.389
v -136.070 -66.522 -3246.467
f 413 414 415
f 415 416 413
v -136.696 -66.524 -3246.906
v -140.646 -66.425 -3239.949
v -134.735 -66.363 -3236.594
v -130.785 -66.497 -3243.550
f 417 418 419
f 419 420 417
v -131.288 -66.500 -3243.791
v -134.231 -66.356 -3236.353
v -129.489 -66.286 -3234.476
v -126.546 -66.468 -3241.915
f 421 422 423
f 423 424 421
v -126.340 -66.466 -3241.827
v -129.694 -66.289 -3234.564
v -123.371 -66.149 -3231.644
v -120.017 -66.371 -3238.907
f 425 426 427
f 427 428 425
v -120.368 -66.377 -3239.050
v -123.021 -66.141 -3231.502
v -106.256 -65.634 -3225.609
v -103.603 -66.011 -3233.157
f 429 430 431
f 431 432 429
v -103.110 -65.995 -3232.945
v -106.749 -65.655 -3225.821
v -100.437 -65.355 -3222.597
v -96.798 -65.780 -3229.722
f 433 434 435
f 435 436 433
v -96.851 -65.782 -3229.748
v -100.385 -65.353 -3222.571
v -89.788 -64.882 -3217.352
v -86.253 -65.371 -3224.529
f 437 438 439
f 439 440 437
v -85.772 -65.347 -3224.248
v -90.269 -64.908 -3217.632
v -82.844 -64.445 -3212.585
v -78.347 -64.867 -3219.201
f 441 442 443
f 443 444 441
v -78.286 -64.863 -3219.159
v -82.905 -64.449 -3212.627
v -76.047 -63.957 -3207.778
v -71.429 -64.371 -3214.310
f 445 446 447
f 447 448 445
v -71.361 -64.366 -3214.261
v -76.115 -63.963 -3207.827
v -70.894 -63.541 -3203.969
v -66.140 -63.956 -3210.403
f 449 450 451
f 451 452 449
v -66.926 -64.009 -3210.856
v -70.108 -63.484 -3203.516
v -54.378 -62.670 -3196.699
v -51.197 -63.364 -3204.039
f 453 454 455
f 455 456 453
v -51.652 -63.374 -3204.204
v -53.923 -62.659 -3196.533
v -44.951 -62.473 -3193.877
v -42.680 -63.213 -3201.548
f 457 458 459
f 459 460 457
v -42.876 -63.216 -3201.601
v -44.755 -62.469 -3193.825
v -39.122 -62.373 -3192.464
v -37.243 -63.136 -3200.240
f 461 462 463
f 463 464 461
v -37.831 -63.140 -3200.337
v -38.534 -62.366 -3192.368
v -29.996 -62.338 -3191.614
v -29.293 -63.138 -3199.583
f 465 466 467
f 467 468 465
v -29.517 -63.137 -3199.597
v -29.771 -62.338 -3191.601
v -11.894 -62.723 -3191.033
v -11.639 -63.562 -3199.029
f 469 470 471
f 471 472 469
v -11.581 -63.565 -3199.026
v -11.952 -62.720 -3191.035
v -1.711 -63.247 -3190.559
v -1.340 -64.082 -3198.551
f 473 474 475
f 475 476 473
v -1.420 -64.077 -3198.554
v -1.630 -63.251 -3190.557
v 1.899 -63.441 -3190.464
v 2.109 -64.263 -3198.461
f 477 478 479
f 479 480 477
v 2.560 -64.284 -3198.424
v 1.448 -63.419 -3190.501
v 7.003 -63.653 -3189.722
v 8.114 -64.513 -3197.644
f 481 482 483
f 483 484 481
v 8.284 -64.520 -3197.617
v 6.833 -63.647 -3189.749
v 19.090 -64.114 -3187.490
v 20.540 -64.975 -3195.358
f 485 486 487
f 487 488 485
v 21.046 -64.990 -3195.230
v 18.584 -64.098 -3187.618
v 26.020 -64.518 -3185.213
v 28.482 -65.450 -3192.825
f 489 490 491
f 491 492 489
v 28.450 -65.448 -3192.835
v 26.052 -64.521 -3185.203
v 69.266 -68.652 -3171.621
v 71.665 -69.381 -3179.253
f 493 494 495
f 495 496 493
v 71.837 -69.402 -3179.194
v 69.094 -68.630 -3171.679
v 105.796 -73.571 -3158.282
v 108.539 -74.246 -3165.797
f 497 498 499
f 499 500 497
v 108.643 -74.261 -3165.757
v 105.692 -73.555 -3158.322
v 119.273 -75.553 -3152.931
v 122.224 -76.240 -3160.367
f 501 502 503
f 503 504 501
v 122.461 -76.275 -3160.264
v 119.036 -75.518 -3153.034
v 134.598 -77.757 -3145.661
v 138.023 -78.551 -3152.891
f 505 506 507
f 507 508 505
v 138.122 -78.565 -3152.843
v 134.499 -77.743 -3145.710
v 153.413 -80.247 -3136.104
v 157.035 -80.981 -3143.237
f 509 510 511
f 511 512 509
v 157.257 -81.006 -3143.116
v 153.191 -80.221 -3136.226
v 161.006 -81.103 -3131.615
v 165.071 -81.889 -3138.505
f 513 514 515
f 515 516 513
v 165.266 -81.911 -3138.382
v 160.811 -81.081 -3131.738
v 170.484 -82.113 -3125.250
v 174.940 -82.972 -3131.895
f 517 518 519
f 519 520 517
v 175.372 -83.018 -3131.560
v 170.053 -82.078 -3125.585
v 171.656 -82.195 -3124.158
v 176.975 -83.181 -3130.133
f 521 522 523
f 523 524 521
v 176.964 -83.180 -3130.143
v 171.666 -82.196 -3124.149
v 182.219 -82.922 -3114.821
v 187.517 -84.046 -3120.815
f 525 526 527
f 527 528 525
v 187.628 -84.053 -3120.713
v 182.108 -82.915 -3114.923
v 192.405 -83.291 -3105.106
v 197.925 -84.180 -3110.896
f 529 530 531
f 531 532 529
v 198.259 -84.181 -3110.536
v 192.071 -83.290 -3105.466
v 198.762 -83.219 -3097.301
v 204.950 -84.108 -3102.371
f 533 534 535
f 535 536 533
v 205.220 -84.101 -3101.999
v 198.491 -83.226 -3097.672
v 206.495 -82.567 -3085.226
v 213.224 -83.576 -3089.553
f 537 538 539
f 539 540 537
v 213.418 -83.554 -3089.217
v 206.301 -82.589 -3085.562
v 212.613 -81.711 -3073.275
v 219.729 -82.661 -3076.930
f 541 542 543
f 543 544 541
v 219.829 -82.645 -3076.722
v 212.514 -81.727 -3073.483
v 216.967 -80.890 -3063.428
v 224.281 -81.833 -3066.668
f 545 546 547
f 547 548 545
v 224.400 -81.808 -3066.369
v 216.849 -80.921 -3063.726
v 220.567 -79.756 -3053.104
v 228.118 -80.645 -3055.747
f 549 550 551
f 551 552 549
v 228.208 -80.611 -3055.453
v 220.477 -79.789 -3053.397
v 226.265 -77.196 -3031.636
v 233.996 -77.959 -3033.693
f 553 554 555
f 555 556 553
v 234.031 -77.941 -3033.554
v 226.231 -77.213 -3031.775
v 230.717 -74.693 -3012.102
v 238.517 -75.480 -3013.881
f 557 558 559
f 559 560 557
v 238.516 -75.480 -3013.883
v 230.717 -74.692 -3012.100
v 232.387 -73.774 -3004.794
v 240.186 -74.587 -3006.576
f 561 562 563
f 563 564 561
v 240.228 -74.561 -3006.367
v 232.345 -73.801 -3005.004
v 248.297 -66.209 -2912.770
v 256.180 -67.064 -2914.133
f 565 566 567
f 567 568 565
v 256.120 -67.076 -2914.418
v 248.358 -66.208 -2912.484
v 249.905 -66.197 -2906.274
v 257.667 -67.017 -2908.209
f 569 570 571
f 571 572 569
v 257.667 -67.017 -2908.211
v 249.905 -66.197 -2906.272
v 253.445 -66.173 -2892.096
v 261.207 -66.992 -2894.034
f 573 574 575
f 575 576 573
v 260.998 -66.988 -2894.651
v 253.654 -66.177 -2891.479
v 260.378 -66.644 -2875.915
v 267.722 -67.349 -2879.087
f 577 578 579
f 579 580 577
v 267.342 -67.309 -2879.773
v 260.757 -66.685 -2875.229
v 271.934 -67.886 -2859.031
v 278.519 -68.730 -2863.575
f 581 582 583
f 583 584 581
v 277.716 -68.626 -2864.434
v 272.736 -67.991 -2858.173
v 289.445 -70.150 -2844.881
v 294.425 -70.704 -2851.142
f 585 586 587
f 587 588 585
v 293.635 -70.604 -2851.633
v 290.236 -70.247 -2844.391
v 313.568 -72.891 -2833.438
v 316.968 -73.392 -2840.680
f 589 590 591
f 591 592 589
v 316.427 -73.328 -2840.887
v 314.109 -72.951 -2833.231
v 438.597 -80.431 -2795.537
v 440.916 -81.635 -2803.194
f 593 594 595
f 595 596 593
v 441.368 -81.635 -2803.026
v 438.145 -80.431 -2795.704
v 450.602 -80.318 -2790.221
v 453.825 -81.522 -2797.543
f 597 598 599
f 599 600 597
v 454.212 -81.515 -2797.347
v 450.214 -80.325 -2790.418
v 461.001 -80.022 -2784.195
v 464.999 -81.207 -2791.124
f 601 602 603
f 603 604 601
v 465.658 -81.175 -2790.649
v 460.342 -80.054 -2784.670
v 467.177 -79.562 -2778.593
v 472.493 -80.683 -2784.571
f 605 606 607
f 607 608 605
v 473.013 -80.631 -2784.011
v 466.657 -79.613 -2779.153
v 473.058 -78.774 -2770.777
v 479.414 -79.814 -2775.634
f 609 610 611
f 611 612 609
v 479.942 -79.718 -2774.710
v 472.530 -78.876 -2771.701
v 517.358 -73.567 -2661.289
v 524.770 -74.617 -2664.299
f 613 614 615
f 615 616 613
v 524.841 -74.623 -2664.112
v 517.288 -73.563 -2661.476
v 523.099 -73.983 -2644.829
v 530.652 -75.036 -2647.465
f 617 618 619
f 619 620 617
v 530.821 -75.043 -2646.802
v 522.929 -73.974 -2645.492
v 525.378 -74.157 -2630.735
v 533.270 -75.137 -2632.044
f 621 622 623
f 623 624 621
v 533.324 -75.139 -2631.316
v 525.325 -74.151 -2631.463
v 524.991 -74.109 -2613.337
v 532.990 -74.988 -2613.189
f 625 626 627
f 627 628 625
v 532.987 -74.987 -2613.108
v 524.993 -74.109 -2613.418
v 521.097 -75.167 -2513.141
v 529.091 -75.221 -2512.831
f 629 630 631
f 631 632 629
v 528.639 -75.246 -2514.838
v 521.549 -75.153 -2511.134
v 525.000 -75.099 -2504.528
v 532.090 -75.168 -2508.232
f 633 634 635
f 635 636 633
v 531.406 -75.180 -2509.176
v 525.684 -75.088 -2503.584
v 541.826 -74.716 -2487.070
v 547.547 -74.805 -2492.662
f 637 638 639
f 639 640 637
v 548.192 -74.776 -2491.792
v 541.181 -74.743 -2487.939
v 544.520 -74.464 -2481.862
v 551.531 -74.550 -2485.715
f 641 642 643
f 643 644 641
v 552.026 -74.457 -2483.788
v 544.026 -74.553 -2483.788
v 544.026 -73.793 -2466.085
v 552.026 -73.659 -2466.085
f 645 646 647
f 647 648 645
v 550.914 -73.554 -2463.317
v 545.138 -73.894 -2468.853
v 535.008 -73.627 -2458.283
v 540.784 -73.202 -2452.748
f 649 650 651
f 651 652 649
v 539.552 -73.168 -2451.875
v 536.239 -73.640 -2459.156
v 466.553 -69.234 -2427.449
v 469.866 -68.745 -2420.167
f 653 654 655
f 655 656 653
v 470.581 -68.869 -2420.586
v 465.839 -69.128 -2427.029
v 451.479 -66.395 -2416.460
v 456.221 -66.091 -2410.017
f 657 658 659
f 659 660 657
v 457.223 -66.327 -2411.090
v 450.476 -66.159 -2415.387
v 436.004 -61.716 -2392.663
v 442.752 -61.746 -2388.366
f 661 662 663
f 663 664 661
v 443.235 -61.970 -2389.454
v 435.521 -61.486 -2391.575
v 432.070 -58.975 -2379.024
v 439.784 -59.608 -2376.903
f 665 666 667
f 667 668 665
v 439.927 -59.792 -2377.964
v 431.927 -58.787 -2377.964
v 431.927 -56.789 -2365.281
v 439.927 -57.775 -2365.281
f 669 670 671
f 671 672 669
v 439.920 -57.814 -2365.525
v 431.935 -56.749 -2365.036
v 433.860 -51.391 -2333.619
v 441.845 -52.378 -2334.109
f 673 674 675
f 675 676 673
v 441.845 -52.378 -2334.109
v 433.860 -51.391 -2333.618
v 439.694 -36.449 -2238.708
v 447.679 -37.451 -2239.198
f 677 678 679
f 679 680 677
v -626.462 -54.043 -3011.482
v -626.595 -52.971 -3003.483
v -589.214 -53.004 -3002.862
v -589.081 -53.688 -3010.861
f 681 682 683
f 683 684 681
v -589.479 -53.688 -3010.847
v -588.816 -53.009 -3002.875
v -571.661 -53.254 -3004.302
v -572.325 -53.732 -3012.274
f 685 686 687
f 687 688 685
v -572.058 -53.731 -3012.287
v -571.928 -53.251 -3004.289
v -554.785 -53.376 -3004.566
v -554.914 -53.663 -3012.565
f 689 690 691
f 691 692 689
v -554.735 -53.662 -3012.564
v -554.964 -53.375 -3004.567
v -500.885 -53.390 -3003.021
v -500.656 -53.297 -3011.018
f 693 694 695
f 695 696 693
v -500.494 -53.295 -3011.010
v -501.047 -53.391 -3003.029
v -467.507 -53.075 -3000.704
v -466.954 -52.936 -3008.685
f 697 698 699
f 699 700 697
v -467.055 -52.938 -3008.690
v -467.406 -53.073 -3000.698
v -445.454 -52.576 -2999.734
v -445.102 -52.510 -3007.726
f 701 702 703
f 703 704 701
v -445.530 -52.519 -3007.722
v -445.026 -52.566 -2999.738
v -424.488 -52.012 -3001.033
v -424.991 -52.027 -3009.017
f 705 706 707
f 707 708 705
v -424.806 -52.021 -3009.024
v -424.673 -52.019 -3001.025
v -377.630 -50.368 -3001.805
v -377.762 -50.740 -3009.804
f 709 710 711
f 711 712 709
v -377.579 -50.735 -3009.802
v -377.812 -50.375 -3001.806
v -360.135 -49.675 -3001.291
v -359.902 -50.218 -3009.287
f 713 714 715
f 715 716 713
v 1582.936 -78.941 -2258.578
v 1582.590 -79.274 -2250.586
v 1596.315 -80.296 -2249.991
v 1596.662 -79.902 -2257.984
f 717 718 719
f 719 720 717
v 1595.868 -79.871 -2257.939
v 1597.109 -80.328 -2250.036
v 1608.464 -80.729 -2251.820
v 1607.222 -80.257 -2259.723
f 721 722 723
f 723 724 721
v 1605.900 -80.226 -2259.267
v 1609.787 -80.762 -2252.275
v 1620.529 -80.899 -2258.247
v 1616.642 -80.354 -2265.239
f 725 726 727
f 727 728 725
v 1614.792 -80.398 -2263.011
v 1622.379 -80.854 -2260.474
v 1625.374 -80.479 -2269.432
v 1617.786 -80.033 -2271.968
f 729 730 731
f 731 732 729
v 1618.004 -80.209 -2268.907
v 1625.156 -80.300 -2272.493
v 1622.161 -79.714 -2278.465
v 1615.010 -79.735 -2274.879
f 733 734 735
f 735 736 733
v 1617.614 -79.981 -2272.791
v 1619.557 -79.438 -2280.552
v 1610.006 -78.877 -2282.943
v 1608.063 -79.436 -2275.183
f 737 738 739
f 739 740 737
v 1608.349 -79.452 -2275.122
v 1609.719 -78.861 -2283.004
v 1597.485 -78.233 -2285.131
v 1596.115 -78.802 -2277.249
f 741 742 743
f 743 744 741
v 1616.309 -79.363 -2279.961
v 1620.862 -80.079 -2273.382
v 1628.632 -79.939 -2278.759
v 1624.079 -79.203 -2285.338
f 745 746 747
f 747 748 745
v 1623.615 -79.217 -2284.962
v 1629.096 -79.925 -2279.135
v 1639.249 -79.319 -2288.687
v 1633.767 -78.755 -2294.514
f 749 750 751
f 751 752 749
v 1634.649 -78.711 -2295.142
v 1638.367 -79.364 -2288.059
v 1650.901 -78.959 -2294.638
v 1647.183 -78.333 -2301.721
f 753 754 755
f 755 756 753
v 1647.559 -78.325 -2301.895
v 1650.526 -78.968 -2294.465
v 1662.470 -78.758 -2299.234
v 1659.504 -78.114 -2306.664
f 757 758 759
f 759 760 757
v 1658.587 -78.144 -2306.149
v 1663.387 -78.733 -2299.749
v 1675.331 -78.224 -2308.706
v 1670.532 -77.596 -2315.107
f 761 762 763
f 763 764 761
v 1670.176 -77.613 -2314.806
v 1675.687 -78.202 -2309.007
v 1687.631 -77.541 -2320.355
v 1682.121 -76.987 -2326.155
f 765 766 767
f 767 768 765
v 1682.218 -76.983 -2326.244
v 1687.534 -77.545 -2320.266
v 1698.276 -77.243 -2329.818
v 1692.961 -76.697 -2335.796
f 769 770 771
f 771 772 769
v 1694.043 -76.698 -2336.483
v 1697.194 -77.247 -2329.130
v 1709.740 -77.413 -2334.507
v 1706.588 -76.953 -2341.860
f 773 774 775
f 775 776 773
v 1708.164 -77.011 -2342.184
v 1708.164 -77.368 -2334.184
v 1725.486 -78.061 -2334.184
v 1725.486 -77.876 -2342.184
f 777 778 779
f 779 780 777
v 1725.486 -77.876 -2342.184
v 1725.486 -78.061 -2334.184
v 1737.430 -78.564 -2334.184
v 1737.430 -78.510 -2342.184
f 781 782 783
f 783 784 781
v 1735.876 -78.430 -2341.870
v 1738.984 -78.628 -2334.498
v 1750.328 -79.163 -2339.281
v 1747.220 -79.059 -2346.652
f 785 786 787
f 787 788 785
v 1747.562 -79.080 -2346.779
v 1749.985 -79.145 -2339.154
v 1763.121 -79.913 -2343.329
v 1760.698 -79.964 -2350.953
f 789 790 791
f 791 792 789
v 1761.626 -80.029 -2351.131
v 1762.193 -79.856 -2343.151
v 1770.553 -80.344 -2343.746
v 1769.986 -80.598 -2351.726
f 793 794 795
f 795 796 793
v 1769.820 -80.587 -2351.710
v 1770.719 -80.354 -2343.761
v 1775.506 -80.647 -2344.303
v 1774.606 -80.926 -2352.252
f 797 798 799
f 799 800 797
v 1774.616 -80.927 -2352.253
v 1775.496 -80.646 -2344.302
v 1781.463 -81.020 -2344.962
v 1780.583 -81.358 -2352.914
f 801 802 803
f 803 804 801
v 1781.565 -81.424 -2352.901
v 1780.481 -80.964 -2344.975
v 1793.616 -81.608 -2343.178
v 1794.701 -82.193 -2351.104
f 805 806 807
f 807 808 805
v 1796.987 -82.265 -2349.970
v 1791.330 -81.551 -2344.313
v 1796.707 -81.489 -2338.936
v 1802.364 -82.186 -2344.593
f 809 810 811
f 811 812 809
v 1803.535 -82.036 -2341.764
v 1795.535 -81.620 -2341.764
v 1795.535 -81.218 -2335.793
v 1803.535 -81.591 -2335.793
f 813 814 815
f 815 816 813
v 1803.329 -81.486 -2334.525
v 1795.742 -81.314 -2337.061
v 1793.348 -80.729 -2329.900
v 1800.936 -80.845 -2327.364
f 817 818 819
f 819 820 817
v 1799.969 -80.691 -2325.802
v 1794.315 -80.872 -2331.462
v 1790.731 -80.500 -2327.882
v 1796.384 -80.314 -2322.222
f 821 822 823
f 823 824 821
v 1793.557 -80.152 -2321.052
v 1793.557 -80.682 -2329.052
v 1786.388 -80.407 -2329.052
v 1786.388 -79.950 -2321.052
f 825 826 827
f 827 828 825
v 1784.599 -79.922 -2321.474
v 1788.178 -80.451 -2328.629
v 1781.020 -80.361 -2332.209
v 1777.441 -79.881 -2325.055
f 829 830 831
f 831 832 829
v 1775.711 -79.897 -2326.732
v 1782.751 -80.346 -2330.532
v 1778.565 -80.542 -2338.287
v 1771.525 -80.048 -2334.487
f 833 834 835
f 835 836 833
v 1771.045 -80.098 -2336.391
v 1779.045 -80.477 -2336.383
v 1779.056 -81.036 -2348.274
v 1771.056 -80.541 -2348.281
f 837 838 839
f 839 840 837
v 1813.949 -87.081 -2961.204
v 1813.776 -86.690 -2969.202
v 1786.302 -84.146 -2968.608
v 1786.475 -84.418 -2960.609
f 841 842 843
f 843 844 841
v 1787.031 -84.480 -2960.660
v 1785.746 -84.088 -2968.557
v 1760.076 -81.369 -2964.382
v 1761.360 -81.618 -2956.485
f 845 846 847
f 847 848 845
v 1761.592 -81.645 -2956.530
v 1759.844 -81.344 -2964.337
v 1714.459 -75.889 -2954.177
v 1716.207 -75.891 -2946.370
f 849 850 851
f 851 852 849
v 1716.456 -75.924 -2946.434
v 1714.211 -75.862 -2954.113
v 1689.720 -73.072 -2946.952
v 1691.965 -73.124 -2939.273
f 853 854 855
f 855 856 853
v 1692.580 -73.195 -2939.509
v 1689.106 -72.997 -2946.716
v 1672.987 -71.124 -2938.947
v 1676.460 -71.291 -2931.740
f 857 858 859
f 859 860 857
v 1678.096 -71.497 -2933.192
v 1671.352 -70.997 -2937.496
v 1668.536 -70.744 -2933.083
v 1675.279 -71.108 -2928.779
f 861 862 863
f 863 864 861
v 1675.282 -71.108 -2928.783
v 1668.533 -70.744 -2933.079
v 1658.804 -69.849 -2917.792
v 1665.553 -70.202 -2913.497
f 865 866 867
f 867 868 865
v 1666.080 -70.259 -2914.764
v 1658.276 -69.792 -2916.524
v 1654.102 -69.757 -2898.014
v 1661.906 -70.280 -2896.254
f 869 870 871
f 871 872 869
v 1662.004 -70.269 -2897.134
v 1654.004 -69.768 -2897.134
v 1654.004 -69.946 -2888.176
v 1662.004 -70.439 -2888.176
f 873 874 875
f 875 876 873
v 1661.782 -70.401 -2889.490
v 1654.225 -69.985 -2886.863
v 1659.001 -70.875 -2873.123
v 1666.558 -71.180 -2875.749
f 877 878 879
f 879 880 877
v 1666.761 -71.240 -2874.814
v 1658.797 -70.813 -2874.058
v 1659.988 -71.557 -2861.519
v 1667.952 -71.955 -2862.276
f 881 882 883
f 883 884 881
v 1667.868 -72.016 -2860.999
v 1660.073 -71.493 -2862.797
v 1658.280 -71.815 -2855.028
v 1666.076 -72.322 -2853.230
f 885 886 887
f 887 888 885
v 1665.276 -72.380 -2851.598
v 1659.081 -71.769 -2856.660
v 1653.715 -71.904 -2850.094
v 1659.910 -72.622 -2845.032
f 889 890 891
f 891 892 889
v 1659.189 -72.642 -2844.345
v 1654.436 -71.884 -2850.780
v 1601.882 -73.911 -2811.963
v 1606.635 -74.621 -2805.528
f 893 894 895
f 895 896 893
v 1606.861 -74.608 -2805.708
v 1601.656 -73.924 -2811.784
v 1593.296 -74.447 -2804.623
v 1598.501 -75.127 -2798.547
f 897 898 899
f 899 900 897
v 1599.643 -74.996 -2800.180
v 1592.153 -74.579 -2802.990
v 1588.569 -75.398 -2793.438
v 1596.059 -75.820 -2790.627
f 901 902 903
f 903 904 901
v 1596.314 -75.696 -2792.033
v 1588.314 -75.519 -2792.033
v 1588.314 -76.604 -2779.494
v 1596.314 -76.841 -2779.494
f 905 906 907
f 907 908 905
v 1596.314 -76.841 -2779.494
v 1588.314 -76.604 -2779.494
v 1588.314 -77.533 -2768.740
v 1596.314 -77.822 -2768.740
f 909 910 911
f 911 912 909
v 1596.300 -77.852 -2768.409
v 1588.328 -77.505 -2769.071
v 1587.137 -78.569 -2754.736
v 1595.109 -78.992 -2754.074
f 913 914 915
f 915 916 913
v 1595.117 -78.984 -2754.193
v 1587.128 -78.577 -2754.617
v 1586.527 -79.308 -2743.268
v 1594.516 -79.783 -2742.844
f 917 918 919
f 919 920 917
v 1594.274 -79.659 -2744.441
v 1586.769 -79.431 -2741.670
v 1590.955 -80.499 -2730.335
v 1598.460 -80.632 -2733.106
f 921 922 923
f 923 924 921
v 1598.433 -80.626 -2733.175
v 1590.981 -80.504 -2730.265
v 1596.347 -81.325 -2716.525
v 1603.799 -81.496 -2719.435
f 925 926 927
f 927 928 925
v 1603.981 -81.529 -2718.832
v 1596.165 -81.293 -2717.127
v 1599.159 -81.987 -2703.400
v 1606.976 -82.235 -2705.105
f 929 930 931
f 931 932 929
v 1607.013 -82.302 -2703.594
v 1599.122 -81.922 -2704.911
v 1596.729 -82.060 -2690.577
v 1604.619 -82.395 -2689.259
f 933 934 935
f 935 936 933
v 1604.412 -82.389 -2688.494
v 1596.936 -82.066 -2691.342
v 1592.160 -81.902 -2678.804
v 1599.637 -82.233 -2675.956
f 937 938 939
f 939 940 937
v 1599.291 -82.221 -2675.260
v 1592.506 -81.921 -2679.499
v 1580.562 -80.622 -2660.382
v 1587.346 -81.058 -2656.143
f 941 942 943
f 943 944 941
v 1587.800 -81.130 -2657.162
v 1580.108 -80.551 -2659.363
v 1577.715 -80.094 -2651.000
v 1585.406 -80.654 -2648.799
f 945 946 947
f 947 948 945
v 1585.533 -80.716 -2650.370
v 1577.588 -80.036 -2649.429
v 1578.791 -79.823 -2639.282
v 1586.735 -80.476 -2640.223
f 949 950 951
f 951 952 949
v 1586.631 -80.487 -2640.769
v 1578.894 -79.803 -2638.736
v 1581.878 -79.340 -2627.387
v 1589.615 -80.021 -2629.421
f 953 954 955
f 955 956 953
v 1589.560 -80.029 -2629.608
v 1581.932 -79.333 -2627.199
v 1585.516 -78.862 -2615.850
v 1593.145 -79.483 -2618.259
f 957 958 959
f 959 960 957
v 1593.236 -79.463 -2617.921
v 1585.426 -78.878 -2616.189
v 1587.808 -78.260 -2605.447
v 1595.618 -78.776 -2607.180
f 961 962 963
f 963 964 961
v 1595.713 -78.700 -2606.314
v 1587.713 -78.329 -2606.314
v 1587.713 -77.352 -2594.965
v 1595.713 -77.667 -2594.965
f 965 966 967
f 967 968 965
v 1595.624 -77.588 -2594.126
v 1587.802 -77.428 -2595.803
v 1586.009 -76.637 -2587.440
v 1593.832 -76.776 -2585.763
f 969 970 971
f 971 972 969
v 1593.445 -76.670 -2584.709
v 1586.397 -76.742 -2588.494
v 1569.086 -73.676 -2556.257
v 1576.135 -73.436 -2552.473
f 973 974 975
f 975 976 973
v 1576.202 -73.448 -2552.605
v 1569.019 -73.666 -2556.125
v 1539.753 -71.306 -2496.409
v 1546.936 -70.697 -2492.888
f 977 978 979
f 979 980 977
v 1547.021 -70.698 -2493.073
v 1539.668 -71.307 -2496.224
v 1521.757 -72.139 -2454.422
v 1529.110 -71.486 -2451.271
f 981 982 983
f 983 984 981
v 1529.285 -71.471 -2451.767
v 1521.582 -72.153 -2453.927
v 1517.396 -72.485 -2438.997
v 1525.099 -71.816 -2436.838
f 985 986 987
f 987 988 985
v 1525.244 -71.806 -2438.085
v 1517.251 -72.495 -2437.750
v 1517.852 -72.417 -2423.416
v 1525.845 -71.752 -2423.751
f 989 990 991
f 991 992 989
v 1525.084 -71.802 -2425.936
v 1518.614 -72.358 -2421.230
v 1523.389 -72.002 -2414.664
v 1529.859 -71.459 -2419.370
f 993 994 995
f 995 996 993
v 1529.123 -71.511 -2420.140
v 1524.125 -71.949 -2413.894
v 1530.103 -71.536 -2409.111
v 1535.101 -71.089 -2415.358
f 997 998 999
f 999 1000 997
v 1532.886 -71.252 -2416.224
v 1532.318 -71.383 -2408.244
v 1540.679 -70.784 -2407.650
v 1541.246 -70.608 -2415.630
f 1001 1002 1003
f 1003 1004 1001
v 1541.475 -70.591 -2415.607
v 1540.450 -70.800 -2407.673
v 1558.962 -69.769 -2405.282
v 1559.987 -69.509 -2413.216
f 1005 1006 1007
f 1007 1008 1005
v 1561.014 -69.471 -2412.941
v 1557.936 -69.804 -2405.556
v 1572.263 -69.421 -2399.585
v 1575.340 -69.048 -2406.969
f 1009 1010 1011
f 1011 1012 1009
v 1576.068 -69.032 -2406.573
v 1571.536 -69.436 -2399.981
v 1581.087 -69.378 -2393.415
v 1585.619 -68.900 -2400.007
f 1013 1014 1015
f 1015 1016 1013
v 1586.448 -68.899 -2399.245
v 1580.258 -69.358 -2394.177
v 1585.635 -69.613 -2387.611
v 1591.824 -69.063 -2392.679
f 1017 1018 1019
f 1019 1020 1017
v 1592.730 -69.235 -2390.145
v 1584.730 -69.471 -2390.145
v 1584.730 -70.028 -2381.782
v 1592.730 -69.842 -2381.782
f 1021 1022 1023
f 1023 1024 1021
v 1592.693 -69.881 -2381.241
v 1584.766 -69.991 -2382.322
v 1582.974 -70.895 -2369.177
v 1590.901 -70.849 -2368.096
f 1025 1026 1027
f 1027 1028 1025
v 1590.866 -70.758 -2369.386
v 1583.008 -70.979 -2367.886
v 1585.402 -71.943 -2355.349
v 1593.260 -71.805 -2356.849
f 1029 1030 1031
f 1031 1032 1029
v 1592.836 -71.691 -2358.026
v 1585.826 -72.040 -2354.171
v 1592.394 -73.100 -2342.228
v 1599.403 -72.901 -2346.083
f 1033 1034 1035
f 1035 1036 1033
v 1599.644 -72.954 -2345.560
v 1592.153 -73.049 -2342.751
v 1597.530 -74.482 -2328.416
v 1605.020 -74.409 -2331.226
f 1037 1038 1039
f 1039 1040 1037
v 1605.269 -74.527 -2330.049
v 1597.282 -74.367 -2329.594
v 1598.473 -76.344 -2308.693
v 1606.460 -76.551 -2309.148
f 1041 1042 1043
f 1043 1044 1041
v 1606.435 -76.619 -2308.423
v 1598.497 -76.278 -2309.418
v 1596.104 -77.775 -2290.314
v 1604.042 -78.140 -2289.320
f 1045 1046 1047
f 1047 1048 1045
v 1603.813 -78.206 -2288.398
v 1596.333 -77.711 -2291.236
v 1593.060 -78.266 -2282.609
v 1600.540 -78.774 -2279.771
f 1049 1050 1051
f 1051 1052 1049
v 1600.540 -78.773 -2279.772
v 1593.060 -78.266 -2282.608
v 1589.765 -78.731 -2273.915
v 1597.245 -79.255 -2271.079
f 1053 1054 1055
f 1055 1056 1053
v 1596.936 -79.275 -2270.440
v 1590.075 -78.705 -2274.554
v 1579.332 -78.738 -2256.639
v 1586.193 -79.485 -2252.525
f 1057 1058 1059
f 1059 1060 1057
v 835.319 -74.554 -2296.478
v 841.509 -74.752 -2301.546
v 836.544 -75.253 -2307.610
v 830.354 -75.028 -2302.542
f 1061 1062 1063
f 1063 1064 1061
v 829.790 -75.091 -2303.460
v 837.108 -75.182 -2306.692
v 832.500 -75.905 -2317.129
v 825.181 -75.732 -2313.897
f 1065 1066 1067
f 1067 1068 1065
v 825.224 -75.727 -2313.804
v 832.457 -75.911 -2317.223
v 827.236 -76.535 -2328.267
v 820.003 -76.273 -2324.848
f 1069 1070 1071
f 1071 1072 1069
v 819.796 -76.296 -2325.384
v 827.443 -76.508 -2327.731
v 824.994 -76.902 -2335.711
v 817.347 -76.620 -2333.364
f 1073 1074 1075
f 1075 1076 1073
v 817.199 -76.648 -2334.060
v 825.142 -76.869 -2335.016
v 824.218 -77.241 -2342.691
v 816.275 -76.946 -2341.735
f 1077 1078 1079
f 1079 1080 1077
v 816.247 -76.965 -2342.213
v 824.247 -77.218 -2342.213
v 824.247 -78.068 -2358.794
v 816.247 -77.649 -2358.794
f 1081 1082 1083
f 1083 1084 1081
v 816.264 -77.665 -2359.165
v 824.229 -78.048 -2358.422
v 826.378 -79.323 -2381.450
v 818.412 -78.742 -2382.193
f 1085 1086 1087
f 1087 1088 1085
v 818.690 -78.811 -2383.330
v 826.100 -79.247 -2380.313
v 829.473 -79.935 -2388.597
v 822.063 -79.447 -2391.614
f 1089 1090 1091
f 1091 1092 1089
v 822.568 -79.531 -2392.505
v 828.968 -79.846 -2387.706
v 832.653 -80.425 -2392.620
v 826.252 -80.083 -2397.419
f 1093 1094 1095
f 1095 1096 1093
v 828.337 -80.336 -2398.861
v 830.568 -80.164 -2391.178
v 837.938 -80.933 -2393.319
v 835.706 -81.122 -2401.001
f 1097 1098 1099
f 1099 1100 1097
v 836.447 -81.198 -2401.142
v 837.197 -80.858 -2393.178
v 847.015 -81.793 -2394.102
v 846.265 -82.173 -2402.067
f 1101 1102 1103
f 1103 1104 1101
v 846.640 -82.209 -2402.085
v 846.640 -81.759 -2394.085
v 862.915 -82.807 -2394.085
v 862.915 -83.321 -2402.085
f 1105 1106 1107
f 1107 1108 1105
v 863.886 -83.377 -2401.965
v 861.945 -82.758 -2394.204
v 881.593 -83.485 -2389.290
v 883.534 -84.306 -2397.051
f 1109 1110 1111
f 1111 1112 1109
v 883.926 -84.322 -2396.931
v 881.201 -83.474 -2389.409
v 885.831 -83.576 -2387.732
v 888.557 -84.481 -2395.253
f 1113 1114 1115
f 1115 1116 1113
v 888.560 -84.481 -2395.252
v 885.828 -83.575 -2387.733
v 898.085 -83.473 -2383.280
v 900.816 -84.286 -2390.800
f 1117 1118 1119
f 1119 1120 1117
v 901.499 -84.263 -2390.476
v 897.402 -83.497 -2383.604
v 911.829 -82.794 -2375.004
v 915.926 -83.572 -2381.875
f 1121 1122 1123
f 1123 1124 1121
v 916.612 -83.527 -2381.359
v 911.143 -82.840 -2375.520
v 920.650 -82.008 -2366.615
v 926.119 -82.696 -2372.454
f 1125 1126 1127
f 1127 1128 1125
v 927.163 -82.535 -2370.847
v 919.606 -82.168 -2368.222
v 922.377 -81.248 -2360.243
v 929.934 -81.656 -2362.868
f 1129 1130 1131
f 1131 1132 1129
v 930.050 -81.606 -2362.469
v 922.262 -81.297 -2360.641
v 923.486 -80.647 -2355.423
v 931.275 -80.946 -2357.250
f 1133 1134 1135
f 1135 1136 1133
v 885.441 -83.570 -2387.897
v 888.947 -84.489 -2395.088
v 874.798 -84.081 -2401.984
v 871.293 -83.378 -2394.793
f 1137 1138 1139
f 1139 1140 1137
v 870.954 -83.373 -2394.979
v 875.137 -84.090 -2401.798
v 865.619 -83.836 -2407.638
v 861.436 -83.151 -2400.819
f 1141 1142 1143
f 1143 1144 1141
v 860.614 -83.138 -2401.487
v 866.441 -83.849 -2406.969
v 861.532 -83.834 -2412.188
v 855.705 -83.121 -2406.706
f 1145 1146 1147
f 1147 1148 1145
v 855.378 -83.122 -2407.102
v 861.859 -83.833 -2411.792
v 857.862 -83.880 -2417.314
v 851.381 -83.163 -2412.624
f 1149 1150 1151
f 1151 1152 1149
v 850.883 -83.180 -2413.549
v 858.361 -83.862 -2416.390
v 855.912 -84.059 -2422.837
v 848.434 -83.351 -2419.996
f 1153 1154 1155
f 1155 1156 1153
v 848.185 -83.385 -2421.110
v 856.161 -84.013 -2421.722
v 855.549 -84.338 -2429.702
v 847.572 -83.686 -2429.090
f 1157 1158 1159
f 1159 1160 1157
v 847.585 -83.683 -2428.954
v 855.536 -84.341 -2429.838
v 854.000 -84.685 -2443.657
v 846.049 -83.971 -2442.774
f 1161 1162 1163
f 1163 1164 1161
v 846.129 -83.964 -2442.307
v 853.920 -84.695 -2444.124
v 851.771 -84.840 -2453.333
v 843.981 -84.032 -2451.515
f 1165 1166 1167
f 1167 1168 1165
v 844.279 -84.037 -2450.675
v 851.474 -84.845 -2454.173
v 846.253 -84.549 -2464.914
v 839.058 -83.734 -2461.416
f 1169 1170 1171
f 1171 1172 1169
v 839.565 -83.776 -2460.626
v 845.746 -84.505 -2465.704
v 834.391 -83.566 -2479.524
v 828.210 -82.850 -2474.445
f 1173 1174 1175
f 1175 1176 1173
v 828.741 -82.892 -2473.911
v 833.860 -83.524 -2480.058
v 824.643 -82.797 -2487.734
v 819.524 -82.163 -2481.587
f 1177 1178 1179
f 1179 1180 1177
v 820.297 -82.225 -2481.081
v 823.870 -82.733 -2488.239
v 816.512 -82.138 -2491.912
v 812.939 -81.618 -2484.754
f 1181 1182 1183
f 1183 1184 1181
v 815.119 -81.814 -2484.353
v 814.331 -81.954 -2492.314
v 808.187 -81.389 -2491.706
v 808.974 -81.208 -2483.745
f 1185 1186 1187
f 1187 1188 1185
v 809.844 -81.298 -2483.930
v 807.317 -81.304 -2491.521
v 798.111 -80.301 -2488.455
v 800.638 -80.271 -2480.865
f 1189 1190 1191
f 1191 1192 1189
v 800.918 -80.304 -2480.970
v 797.830 -80.270 -2488.350
v 787.411 -79.048 -2483.990
v 790.499 -79.057 -2476.610
f 1193 1194 1195
f 1195 1196 1193
v 790.491 -79.056 -2476.607
v 787.418 -79.049 -2483.994
v 772.045 -77.175 -2477.599
v 775.118 -77.134 -2470.213
f 1197 1198 1199
f 1199 1200 1197
v 774.876 -77.103 -2470.121
v 772.287 -77.205 -2477.691
v 760.621 -75.886 -2473.701
v 763.210 -75.690 -2466.131
f 1201 1202 1203
f 1203 1204 1201
v 764.134 -75.796 -2466.588
v 759.696 -75.783 -2473.244
v 751.414 -74.759 -2467.722
v 755.852 -74.760 -2461.066
f 1205 1206 1207
f 1207 1208 1205
v 756.568 -74.858 -2461.676
v 750.698 -74.661 -2467.111
v 735.347 -72.458 -2450.531
v 741.217 -72.824 -2445.096
f 1209 1210 1211
f 1211 1212 1209
v 741.111 -72.811 -2444.985
v 735.453 -72.471 -2450.641
v 729.008 -71.688 -2444.194
v 734.665 -72.028 -2438.538
f 1213 1214 1215
f 1215 1216 1213
v 734.476 -72.005 -2438.360
v 729.197 -71.711 -2444.372
v 717.943 -70.675 -2434.489
v 723.221 -70.744 -2428.478
f 1217 1218 1219
f 1219 1220 1217
v 655.233 -68.798 -2378.400
v 656.489 -68.996 -2370.499
v 679.666 -69.565 -2374.185
v 678.410 -69.263 -2382.086
f 1221 1222 1223
f 1223 1224 1221
v 678.021 -69.256 -2382.004
v 680.054 -69.573 -2374.267
v 685.887 -69.729 -2375.799
v 683.854 -69.346 -2383.537
f 1225 1226 1227
f 1227 1228 1225
v 683.356 -69.331 -2383.370
v 686.386 -69.747 -2375.966
v 693.132 -69.976 -2378.727
v 690.102 -69.558 -2386.131
f 1229 1230 1231
f 1231 1232 1229
v 689.267 -69.534 -2385.666
v 693.967 -70.000 -2379.193
v 697.351 -70.077 -2381.650
v 692.651 -69.611 -2388.123
f 1233 1234 1235
f 1235 1236 1233
v 692.172 -69.602 -2387.715
v 697.830 -70.086 -2382.058
v 703.351 -70.158 -2387.581
v 697.694 -69.674 -2393.237
f 1237 1238 1239
f 1239 1240 1237
v 697.092 -69.672 -2392.466
v 703.953 -70.160 -2388.352
v 711.322 -70.234 -2400.638
v 704.461 -69.871 -2404.753
f 1241 1242 1243
f 1243 1244 1241
v 704.212 -69.861 -2404.264
v 711.571 -70.243 -2401.127
v 719.553 -70.527 -2419.848
v 712.194 -70.146 -2422.985
f 1245 1246 1247
f 1247 1248 1245
v 712.250 -70.148 -2423.111
v 719.497 -70.525 -2419.722
v 724.205 -70.833 -2429.789
v 716.959 -70.586 -2433.178
f 1249 1250 1251
f 1251 1252 1249
v 716.959 -70.586 -2433.178
v 724.206 -70.833 -2429.789
v 735.148 -72.521 -2453.187
v 727.902 -71.971 -2456.576
f 1253 1254 1255
f 1255 1256 1253
v 727.638 -71.922 -2455.826
v 735.412 -72.568 -2453.936
v 737.872 -73.354 -2464.057
v 730.098 -72.799 -2465.946
f 1257 1258 1259
f 1259 1260 1257
v 729.992 -72.741 -2465.229
v 737.979 -73.409 -2464.774
v 738.591 -74.150 -2475.528
v 730.604 -73.514 -2475.983
f 1261 1262 1263
f 1263 1264 1261
v 730.672 -73.556 -2476.524
v 738.523 -74.110 -2474.988
v 740.983 -75.125 -2487.565
v 733.132 -74.655 -2489.101
f 1265 1266 1267
f 1267 1268 1265
v 733.177 -74.678 -2489.303
v 740.938 -75.103 -2487.364
v 745.235 -76.956 -2504.565
v 737.474 -76.617 -2506.504
f 1269 1270 1271
f 1271 1272 1269
v 437.129 -52.528 -2337.798
v 438.577 -51.248 -2329.930
v 452.291 -53.221 -2332.453
v 450.844 -54.482 -2340.321
f 1273 1274 1275
f 1275 1276 1273
v 451.426 -54.557 -2340.385
v 451.709 -53.145 -2332.390
v 460.303 -54.145 -2332.694
v 460.020 -55.551 -2340.689
f 1277 1278 1279
f 1279 1280 1277
v 460.783 -55.626 -2340.642
v 459.539 -54.070 -2332.740
v 471.206 -55.017 -2330.903
v 472.450 -56.575 -2338.806
f 1281 1282 1283
f 1283 1284 1281
v 472.603 -56.587 -2338.779
v 471.052 -55.005 -2330.931
v 494.385 -56.623 -2326.320
v 495.936 -58.089 -2334.168
f 1285 1286 1287
f 1287 1288 1285
v 495.991 -58.093 -2334.157
v 494.329 -56.619 -2326.331
v 508.756 -57.637 -2323.266
v 510.418 -59.023 -2331.091
f 1289 1290 1291
f 1291 1292 1289
v 510.608 -59.035 -2331.046
v 508.567 -57.624 -2323.311
v 520.233 -58.402 -2320.233
v 522.274 -59.718 -2327.968
f 1293 1294 1295
f 1295 1296 1293
v 521.473 -59.661 -2328.094
v 521.034 -58.467 -2320.107
v 532.077 -59.540 -2319.499
v 532.516 -60.614 -2327.487
f 1297 1298 1299
f 1299 1300 1297
v 532.398 -60.603 -2327.492
v 532.195 -59.551 -2319.494
v 544.173 -60.775 -2319.190
v 544.376 -61.696 -2327.188
f 1301 1302 1303
f 1303 1304 1301
v 543.634 -61.621 -2327.137
v 544.914 -60.859 -2319.240
v 558.117 -62.451 -2321.381
v 556.837 -63.074 -2329.278
f 1305 1306 1307
f 1307 1308 1305
v 556.327 -63.016 -2329.160
v 558.627 -62.514 -2321.498
v 570.906 -63.941 -2325.184
v 568.605 -64.336 -2332.846
f 1309 1310 1311
f 1311 1312 1309
v 567.928 -64.263 -2332.573
v 571.583 -64.020 -2325.457
v 579.042 -64.906 -2329.289
v 575.386 -65.085 -2336.405
f 1313 1314 1315
f 1315 1316 1313
v 575.389 -65.086 -2336.406
v 579.039 -64.906 -2329.287
v 583.548 -65.398 -2331.599
v 579.897 -65.538 -2338.718
f 1317 1318 1319
f 1319 1320 1317
v 579.172 -65.461 -2338.240
v 584.273 -65.480 -2332.077
v 593.178 -66.452 -2339.449
v 588.077 -66.402 -2345.612
f 1321 1322 1323
f 1323 1324 1321
v 588.364 -66.428 -2345.828
v 592.892 -66.425 -2339.233
v 607.631 -67.520 -2349.353
v 603.102 -67.479 -2355.948
f 1325 1326 1327
f 1327 1328 1325
v 602.903 -67.468 -2355.802
v 607.830 -67.532 -2349.499
v 617.649 -68.005 -2357.175
v 612.721 -67.910 -2363.478
f 1329 1330 1331
f 1331 1332 1329
v 613.878 -67.947 -2364.107
v 616.492 -67.961 -2356.546
v 625.397 -68.258 -2359.624
v 622.784 -68.186 -2367.185
f 1333 1334 1335
f 1335 1336 1333
v 623.339 -68.199 -2367.333
v 624.842 -68.242 -2359.476
v 639.269 -68.630 -2362.237
v 637.766 -68.489 -2370.095
f 1337 1338 1339
f 1339 1340 1337
v 637.010 -68.477 -2369.871
v 640.025 -68.646 -2362.461
v 648.307 -68.827 -2365.830
v 645.292 -68.620 -2373.240
f 1341 1342 1343
f 1343 1344 1341
v 645.160 -68.617 -2373.183
v 648.439 -68.830 -2365.886
v 654.584 -68.976 -2368.647
v 651.305 -68.742 -2375.945
f 1345 1346 1347
f 1347 1348 1345
v 650.569 -68.730 -2375.514
v 655.320 -68.990 -2369.078
v 658.237 -69.033 -2371.232
v 653.485 -68.767 -2377.667
f 1349 1350 1351
f 1351 1352 1349
v 653.485 -68.767 -2377.667
v 658.237 -69.033 -2371.232
v 661.154 -69.068 -2373.385
v 656.402 -68.798 -2379.821
f 1353 1354 1355
f 1355 1356 1353
v 655.753 -68.794 -2379.220
v 661.803 -69.072 -2373.986
v 671.621 -69.008 -2385.334
v 665.571 -68.740 -2390.569
f 1357 1358 1359
f 1359 1360 1357
v 665.406 -68.742 -2390.365
v 671.786 -69.005 -2385.539
v 680.380 -68.830 -2396.901
v 674.000 -68.727 -2401.727
f 1361 1362 1363
f 1363 1364 1361
v 673.774 -68.724 -2401.395
v 680.606 -68.832 -2397.232
v 693.508 -69.254 -2418.411
v 686.676 -68.895 -2422.573
f 1365 1366 1367
f 1367 1368 1365
v 686.317 -68.882 -2421.816
v 693.866 -69.267 -2419.168
v 697.852 -69.572 -2430.530
v 690.302 -69.294 -2433.177
f 1369 1370 1371
f 1371 1372 1369
v 690.231 -69.283 -2432.954
v 697.923 -69.583 -2430.753
v 700.995 -70.086 -2441.494
v 693.304 -69.792 -2443.695
f 1373 1374 1375
f 1375 1376 1373
v 693.222 -69.777 -2443.351
v 701.077 -70.101 -2441.838
v 702.614 -70.435 -2449.818
v 694.758 -70.116 -2451.331
f 1377 1378 1379
f 1379 1380 1377
v 694.719 -70.072 -2450.056
v 702.652 -70.479 -2451.093
v 701.728 -70.733 -2458.161
v 693.795 -70.289 -2457.124
f 1381 1382 1383
f 1383 1384 1381
v 693.835 -70.273 -2456.879
v 701.688 -70.749 -2458.406
v 699.540 -71.456 -2469.451
v 691.687 -70.993 -2467.924
f 1385 1386 1387
f 1387 1388 1385
v 691.755 -70.975 -2467.631
v 699.471 -71.474 -2469.743
v 697.623 -71.887 -2476.495
v 689.907 -71.395 -2474.383
f 1389 1390 1391
f 1391 1392 1389
v 689.796 -71.432 -2474.944
v 697.735 -71.851 -2475.933
v 696.510 -72.519 -2485.762
v 688.571 -72.112 -2484.774
f 1393 1394 1395
f 1395 1396 1393
v 688.542 -72.142 -2485.183
v 696.540 -72.491 -2485.353
v 696.239 -73.952 -2499.476
v 688.241 -73.621 -2499.306
f 1397 1398 1399
f 1399 1400 1397
v 688.277 -73.691 -2499.935
v 696.203 -73.882 -2498.847
v 698.352 -75.655 -2514.503
v 690.426 -75.490 -2515.591
f 1401 1402 1403
f 1403 1404 1401
v 612.639 -67.907 -2363.412
v 617.731 -68.008 -2357.241
v 622.150 -68.157 -2360.887
v 617.059 -68.060 -2367.058
f 1405 1406 1407
f 1407 1408 1405
v 617.058 -68.060 -2367.058
v 622.151 -68.157 -2360.888
v 630.010 -68.344 -2367.375
v 624.917 -68.267 -2373.544
f 1409 1410 1411
f 1411 1412 1409
v 625.296 -68.275 -2373.821
v 629.631 -68.336 -2367.098
v 648.667 -68.615 -2379.371
v 644.332 -68.412 -2386.095
f 1413 1414 1415
f 1415 1416 1413
v 644.768 -68.418 -2386.339
v 648.230 -68.608 -2379.127
v 662.957 -68.801 -2386.195
v 659.496 -68.564 -2393.407
f 1417 1418 1419
f 1419 1420 1417
v 659.179 -68.562 -2393.237
v 663.274 -68.803 -2386.365
v 679.237 -68.817 -2395.877
v 675.142 -68.740 -2402.750
f 1421 1422 1423
f 1423 1424 1421
v 615.668 -67.997 -2364.684
v 623.541 -68.193 -2363.261
v 625.878 -68.294 -2376.195
v 618.006 -68.215 -2377.618
f 1425 1426 1427
f 1427 1428 1425
v 618.015 -68.196 -2376.144
v 625.869 -68.300 -2377.670
v 624.021 -68.341 -2387.182
v 616.167 -68.313 -2385.656
f 1429 1430 1431
f 1431 1432 1429
v 616.951 -68.291 -2383.945
v 623.237 -68.353 -2388.893
v 618.639 -68.429 -2394.733
v 612.354 -68.382 -2389.784
f 1433 1434 1435
f 1435 1436 1433
v 612.568 -68.377 -2389.534
v 618.425 -68.433 -2394.983
v 602.150 -69.219 -2412.475
v 596.293 -69.125 -2407.026
f 1437 1438 1439
f 1439 1440 1437
v 616.071 -68.020 -2365.848
v 623.137 -68.184 -2362.097
v 631.308 -68.359 -2377.489
v 624.242 -68.305 -2381.240
f 1441 1442 1443
f 1443 1444 1441
v 624.287 -68.305 -2381.322
v 631.263 -68.358 -2377.406
v 643.842 -68.314 -2399.813
v 636.866 -68.406 -2403.729
f 1445 1446 1447
f 1447 1448 1445
v 550.791 -54.975 -2253.097
v 558.619 -56.240 -2251.444
v 564.452 -59.516 -2279.069
v 556.624 -58.461 -2280.722
f 1449 1450 1451
f 1451 1452 1449
v 556.670 -58.486 -2280.914
v 564.406 -59.493 -2278.877
v 569.015 -61.553 -2296.382
v 561.279 -60.722 -2298.419
f 1453 1454 1455
f 1455 1456 1453
v 561.360 -60.756 -2298.689
v 568.933 -61.522 -2296.111
v 581.000 -65.198 -2331.557
v 573.427 -64.791 -2334.136
f 1457 1458 1459
f 1459 1460 1457
v 1821.903 0.050 -4431.441
v 1823.076 0.050 -4439.355
v 1800.801 0.050 -4442.658
v 1799.627 0.050 -4434.745
f 1461 1462 1463
f 1463 1464 1461
v 1799.886 0.050 -4434.715
v 1800.543 0.050 -4442.688
v 1781.451 0.050 -4444.260
v 1780.795 0.050 -4436.287
f 1465 1466 1467
f 1467 1468 1465
v 1780.797 0.050 -4436.287
v 1781.449 0.050 -4444.260
v 1765.464 0.050 -4445.569
v 1764.811 0.050 -4437.595
f 1469 1470 1471
f 1471 1472 1469
v 1764.715 0.050 -4437.604
v 1765.560 0.050 -4445.560
v 1757.723 0.050 -4446.392
v 1756.878 0.050 -4438.437
f 1473 1474 1475
f 1475 1476 1473
v 1755.613 0.050 -4438.788
v 1758.988 0.050 -4446.041
v 1752.799 0.050 -4448.921
v 1749.423 0.050 -4441.669
f 1477 1478 1479
f 1479 1480 1477
v 1747.398 0.050 -4443.808
v 1754.824 0.050 -4446.782
v 1752.342 0.050 -4452.980
v 1744.916 0.050 -4450.005
f 1481 1482 1483
f 1483 1484 1481
v 1744.664 0.050 -4450.964
v 1752.594 0.050 -4452.020
v 1751.770 0.050 -4458.204
v 1743.840 0.050 -4457.148
f 1485 1486 1487
f 1487 1488 1485
v 1743.875 0.050 -4456.929
v 1751.735 0.050 -4458.423
v 1750.087 0.050 -4467.091
v 1742.228 0.050 -4465.598
f 1489 1490 1491
f 1491 1492 1489
v 1742.435 0.050 -4464.881
v 1749.880 0.050 -4467.809
v 1745.338 0.050 -4479.357
v 1737.893 0.050 -4476.430
f 1493 1494 1495
f 1495 1496 1493
v 1739.142 0.050 -4474.750
v 1744.089 0.050 -4481.037
v 1738.312 0.050 -4485.583
v 1733.365 0.050 -4479.295
f 1497 1498 1499
f 1499 1500 1497
v 1733.537 0.050 -4479.168
v 1738.140 0.050 -4485.710
v 1719.472 0.050 -4498.845
v 1714.868 0.050 -4492.302
f 1501 1502 1503
f 1503 1504 1501
v 1715.040 0.050 -4492.188
v 1719.300 0.050 -4498.959
v 1703.170 0.050 -4509.108
v 1698.910 0.050 -4502.336
f 1505 1506 1507
f 1507 1508 1505
v 1698.689 0.050 -4502.485
v 1703.390 0.050 -4508.958
v 1696.823 0.050 -4513.729
v 1692.121 0.050 -4507.256
f 1509 1510 1511
f 1511 1512 1509
v 1692.210 0.050 -4507.193
v 1696.734 0.050 -4513.791
v 1691.068 0.050 -4517.676
v 1686.544 0.050 -4511.078
f 1513 1514 1515
f 1515 1516 1513
v 1685.926 0.050 -4511.601
v 1691.686 0.050 -4517.153
v 1683.915 0.050 -4525.214
v 1678.156 0.050 -4519.661
f 1517 1518 1519
f 1519 1520 1517
v 1678.265 0.050 -4519.552
v 1683.806 0.050 -4525.323
v 1676.348 0.050 -4532.485
v 1670.807 0.050 -4526.714
f 1521 1522 1523
f 1523 1524 1521
v 1671.559 0.050 -4526.146
v 1675.595 0.050 -4533.053
v 1668.426 0.050 -4537.242
v 1664.390 0.050 -4530.335
f 1525 1526 1527
f 1527 1528 1525
v 1665.313 0.050 -4529.941
v 1667.503 0.050 -4537.635
v 1661.236 0.050 -4539.419
v 1659.046 0.050 -4531.725
f 1529 1530 1531
f 1531 1532 1529
v 1660.141 0.050 -4531.572
v 1660.141 0.050 -4539.572
v 1655.365 0.050 -4539.572
v 1655.365 0.050 -4531.572
f 1533 1534 1535
f 1535 1536 1533
v 1656.725 0.050 -4531.810
v 1654.005 0.050 -4539.334
v 1647.426 0.050 -4536.955
v 1650.146 0.050 -4529.432
f 1537 1538 1539
f 1539 1540 1537
v 1650.277 0.050 -4529.482
v 1647.296 0.050 -4536.905
v 1638.346 0.050 -4533.311
v 1641.327 0.050 -4525.888
f 1541 1542 1543
f 1543 1544 1541
v 1640.831 0.050 -4525.725
v 1638.841 0.050 -4533.474
v 1629.580 0.050 -4531.095
v 1631.569 0.050 -4523.347
f 1545 1546 1547
f 1547 1548 1545
v 1630.654 0.050 -4523.222
v 1630.495 0.050 -4531.220
v 1615.266 0.050 -4530.916
v 1615.426 0.050 -4522.918
f 1549 1550 1551
f 1551 1552 1549
v 1615.173 0.050 -4522.921
v 1615.519 0.050 -4530.913
v 1602.695 0.050 -4531.468
v 1602.349 0.050 -4523.476
f 1553 1554 1555
f 1555 1556 1553
v 1602.345 0.050 -4523.476
v 1602.699 0.050 -4531.468
v 1594.929 0.050 -4531.812
v 1594.575 0.050 -4523.819
f 1557 1558 1559
f 1559 1560 1557
v 1594.230 0.050 -4523.850
v 1595.273 0.050 -4531.781
v 1583.919 0.050 -4533.275
v 1582.876 0.050 -4525.343
f 1561 1562 1563
f 1563 1564 1561
v 1582.747 0.050 -4525.362
v 1584.047 0.050 -4533.256
v 1560.459 0.050 -4537.140
v 1559.159 0.050 -4529.247
f 1565 1566 1567
f 1567 1568 1565
v 1559.002 0.050 -4529.276
v 1560.615 0.050 -4537.111
v 1541.814 0.050 -4540.983
v 1540.200 0.050 -4533.147
f 1569 1570 1571
f 1571 1572 1569
v 1539.599 0.050 -4533.321
v 1542.415 0.050 -4540.809
v 1535.246 0.050 -4543.505
v 1532.430 0.050 -4536.017
f 1573 1574 1575
f 1575 1576 1573
v 1598.910 0.050 -4529.191
v 1606.134 0.050 -4525.752
v 1609.707 0.050 -4533.258
v 1602.484 0.050 -4536.697
f 1577 1578 1579
f 1579 1580 1577
v 1602.380 0.050 -4536.459
v 1609.811 0.050 -4533.496
v 1612.193 0.050 -4539.468
v 1604.762 0.050 -4542.432
f 1581 1582 1583
f 1583 1584 1581
v 1604.556 0.050 -4541.739
v 1612.399 0.050 -4540.161
v 1613.301 0.050 -4544.640
v 1605.458 0.050 -4546.219
f 1585 1586 1587
f 1587 1588 1585
v 1605.379 0.050 -4545.430
v 1613.379 0.050 -4545.430
v 1613.379 0.050 -4551.706
v 1605.379 0.050 -4551.706
f 1589 1590 1591
f 1591 1592 1589
v 1605.585 0.050 -4550.441
v 1613.174 0.050 -4552.972
v 1610.190 0.050 -4561.918
v 1602.601 0.050 -4559.387
f 1593 1594 1595
f 1595 1596 1593
v 1602.697 0.050 -4559.129
v 1610.094 0.050 -4562.176
v 1605.909 0.050 -4572.337
v 1598.512 0.050 -4569.290
f 1597 1598 1599
f 1599 1600 1597
v 1598.310 0.050 -4569.925
v 1606.110 0.050 -4571.702
v 1603.728 0.050 -4582.155
v 1595.928 0.050 -4580.377
f 1601 1602 1603
f 1603 1604 1601
v 1596.076 0.050 -4579.881
v 1603.581 0.050 -4582.651
v 1601.488 0.050 -4588.320
v 1593.983 0.050 -4585.549
f 1605 1606 1607
f 1607 1608 1605
v 1594.836 0.050 -4584.179
v 1600.634 0.050 -4589.690
v 1594.957 0.050 -4595.663
v 1589.159 0.050 -4590.152
f 1609 1610 1611
f 1611 1612 1609
v 1588.985 0.050 -4590.347
v 1595.131 0.050 -4595.468
v 1589.164 0.050 -4602.630
v 1583.018 0.050 -4597.509
f 1613 1614 1615
f 1615 1616 1613
v 1582.643 0.050 -4598.042
v 1589.539 0.050 -4602.097
v 1586.556 0.050 -4607.171
v 1579.660 0.050 -4603.116
f 1617 1618 1619
f 1619 1620 1617
v 1579.468 0.050 -4603.484
v 1586.747 0.050 -4606.803
v 1583.753 0.050 -4613.370
v 1576.474 0.050 -4610.051
f 1621 1622 1623
f 1623 1624 1621
v 1576.184 0.050 -4610.965
v 1584.043 0.050 -4612.457
v 1582.852 0.050 -4618.733
v 1574.992 0.050 -4617.242
f 1625 1626 1627
f 1627 1628 1625
v 1574.929 0.050 -4618.224
v 1582.915 0.050 -4617.751
v 1583.216 0.050 -4622.825
v 1575.230 0.050 -4623.298
f 1629 1630 1631
f 1631 1632 1629
v 1575.477 0.050 -4624.465
v 1582.969 0.050 -4621.658
v 1584.761 0.050 -4626.442
v 1577.269 0.050 -4629.249
f 1633 1634 1635
f 1635 1636 1633
v 1577.687 0.050 -4630.064
v 1584.344 0.050 -4625.627
v 1588.518 0.050 -4631.890
v 1581.861 0.050 -4636.327
f 1637 1638 1639
f 1639 1640 1637
v 1582.724 0.050 -4637.258
v 1587.656 0.050 -4630.959
v 1594.524 0.050 -4636.337
v 1589.592 0.050 -4642.636
f 1641 1642 1643
f 1643 1644 1641
v 1589.973 0.050 -4642.900
v 1594.143 0.050 -4636.073
v 1604.896 0.050 -4642.640
v 1600.727 0.050 -4649.468
f 1645 1646 1647
f 1647 1648 1645
v 1600.232 0.050 -4649.112
v 1605.390 0.050 -4642.997
v 1609.276 0.050 -4646.274
v 1604.117 0.050 -4652.389
f 1649 1650 1651
f 1651 1652 1649
v 1603.002 0.050 -4650.864
v 1610.391 0.050 -4647.798
v 1611.883 0.050 -4651.392
v 1604.494 0.050 -4654.459
f 1653 1654 1655
f 1655 1656 1653
v 1604.188 0.050 -4652.925
v 1612.188 0.050 -4652.925
v 1612.188 0.050 -4656.202
v 1604.188 0.050 -4656.202
f 1657 1658 1659
f 1659 1660 1657
v 1604.962 0.050 -4653.838
v 1611.414 0.050 -4658.567
v 1608.130 0.050 -4663.047
v 1601.678 0.050 -4658.317
f 1661 1662 1663
f 1663 1664 1661
v 1602.785 0.050 -4657.290
v 1607.024 0.050 -4664.074
v 1599.855 0.050 -4668.554
v 1595.616 0.050 -4661.769
f 1665 1666 1667
f 1667 1668 1665
v 1595.829 0.050 -4661.645
v 1599.641 0.050 -4668.678
v 1592.472 0.050 -4672.563
v 1588.660 0.050 -4665.530
f 1669 1670 1671
f 1671 1672 1669
v 1587.933 0.050 -4666.035
v 1593.199 0.050 -4672.058
v 1588.424 0.050 -4676.233
v 1583.158 0.050 -4670.211
f 1673 1674 1675
f 1675 1676 1673
v 1582.667 0.050 -4670.723
v 1588.914 0.050 -4675.721
v 1585.329 0.050 -4680.201
v 1579.083 0.050 -4675.203
f 1677 1678 1679
f 1679 1680 1677
v 1580.200 0.050 -4674.241
v 1584.212 0.050 -4681.163
v 1578.535 0.050 -4684.453
v 1574.523 0.050 -4677.531
f 1681 1682 1683
f 1683 1684 1681
v 1573.696 0.050 -4678.168
v 1579.361 0.050 -4683.816
v 1577.280 0.050 -4685.904
v 1571.615 0.050 -4680.256
f 1685 1686 1687
f 1687 1688 1685
v 1570.447 0.050 -4683.080
v 1578.447 0.050 -4683.080
v 1578.447 0.050 -4686.066
v 1570.447 0.050 -4686.066
f 1689 1690 1691
f 1691 1692 1689
v 1572.101 0.050 -4689.306
v 1576.794 0.050 -4682.827
v 1580.078 0.050 -4685.205
v 1575.385 0.050 -4691.684
f 1693 1694 1695
f 1695 1696 1693
v 1577.731 0.050 -4692.445
v 1577.731 0.050 -4684.445
v 1584.299 0.050 -4684.445
v 1584.299 0.050 -4692.445
f 1697 1698 1699
f 1699 1700 1697
v 1584.189 0.050 -4692.443
v 1584.409 0.050 -4684.446
v 1595.452 0.050 -4684.750
v 1595.232 0.050 -4692.747
f 1701 1702 1703
f 1703 1704 1701
v 1595.469 0.050 -4692.747
v 1595.215 0.050 -4684.751
v 1604.777 0.050 -4684.447
v 1605.031 0.050 -4692.443
f 1705 1706 1707
f 1707 1708 1705
v 1605.585 0.050 -4692.386
v 1604.224 0.050 -4684.503
v 1612.873 0.050 -4683.010
v 1614.234 0.050 -4690.893
f 1709 1710 1711
f 1711 1712 1709
v 1613.970 0.050 -4690.930
v 1613.137 0.050 -4682.973
v 1618.814 0.050 -4682.379
v 1619.648 0.050 -4690.335
f 1713 1714 1715
f 1715 1716 1713
v 1619.231 0.050 -4690.357
v 1619.231 0.050 -4682.357
v 1624.007 0.050 -4682.357
v 1624.007 0.050 -4690.357
f 1717 1718 1719
f 1719 1720 1717
v 1621.943 0.050 -4689.783
v 1626.071 0.050 -4682.931
v 1629.054 0.050 -4684.728
v 1624.926 0.050 -4691.580
f 1721 1722 1723
f 1723 1724 1721
v 1623.664 0.050 -4690.376
v 1630.316 0.050 -4685.932
v 1632.108 0.050 -4688.614
v 1625.456 0.050 -4693.059
f 1725 1726 1727
f 1727 1728 1725
v 1624.921 0.050 -4689.791
v 1632.643 0.050 -4691.882
v 1631.753 0.050 -4695.172
v 1624.031 0.050 -4693.082
f 1729 1730 1731
f 1731 1732 1729
v 1625.287 0.050 -4691.091
v 1630.497 0.050 -4697.162
v 1624.229 0.050 -4702.541
v 1619.020 0.050 -4696.469
f 1733 1734 1735
f 1735 1736 1733
v 1737.659 0.050 -4324.811
v 1740.630 0.050 -4332.239
v 1732.370 0.050 -4335.543
v 1729.399 0.050 -4328.115
f 1737 1738 1739
f 1739 1740 1737
v 1730.198 0.050 -4327.888
v 1731.571 0.050 -4335.769
v 1722.086 0.050 -4337.421
v 1720.714 0.050 -4329.540
f 1741 1742 1743
f 1743 1744 1741
v 1719.517 0.050 -4329.951
v 1723.284 0.050 -4337.009
v 1717.094 0.050 -4340.313
v 1713.327 0.050 -4333.255
f 1745 1746 1747
f 1747 1748 1745
v 1711.444 0.050 -4335.437
v 1718.977 0.050 -4338.131
v 1714.847 0.050 -4349.679
v 1707.314 0.050 -4346.986
f 1749 1750 1751
f 1751 1752 1749
v 1707.125 0.050 -4347.741
v 1715.037 0.050 -4348.924
v 1713.801 0.050 -4357.183
v 1705.889 0.050 -4355.999
f 1753 1754 1755
f 1755 1756 1753
v 1705.914 0.050 -4357.328
v 1713.777 0.050 -4355.854
v 1715.012 0.050 -4362.448
v 1707.149 0.050 -4363.921
f 1757 1758 1759
f 1759 1760 1757
v 1707.846 0.050 -4365.538
v 1714.316 0.050 -4360.832
v 1717.622 0.050 -4365.377
v 1711.152 0.050 -4370.083
f 1761 1762 1763
f 1763 1764 1761
v 1711.884 0.050 -4370.851
v 1716.890 0.050 -4364.610
v 1721.008 0.050 -4367.913
v 1716.003 0.050 -4374.154
f 1765 1766 1767
f 1767 1768 1765
v 1716.933 0.050 -4374.711
v 1720.079 0.050 -4367.356
v 1725.856 0.050 -4369.827
v 1722.710 0.050 -4377.182
f 1769 1770 1771
f 1771 1772 1769
v 1724.063 0.050 -4377.499
v 1724.503 0.050 -4369.511
v 1731.939 0.050 -4369.920
v 1731.499 0.050 -4377.908
f 1773 1774 1775
f 1775 1776 1773
v 1732.281 0.050 -4377.875
v 1731.158 0.050 -4369.954
v 1736.935 0.050 -4369.135
v 1738.058 0.050 -4377.055
f 1777 1778 1779
f 1779 1780 1777
v 1738.434 0.050 -4376.984
v 1736.560 0.050 -4369.206
v 1746.868 0.050 -4366.722
v 1748.742 0.050 -4374.499
f 1781 1782 1783
f 1783 1784 1781
v 1739.604 0.050 -4371.396
v 1742.804 0.050 -4364.064
v 1749.405 0.050 -4366.945
v 1746.205 0.050 -4374.277
f 1785 1786 1787
f 1787 1788 1785
v 1746.101 0.050 -4374.229
v 1749.510 0.050 -4366.992
v 1763.536 0.050 -4373.599
v 1760.127 0.050 -4380.836
f 1789 1790 1791
f 1791 1792 1789
v 1759.745 0.050 -4380.631
v 1763.918 0.050 -4373.805
v 1771.354 0.050 -4378.350
v 1767.181 0.050 -4385.176
f 1793 1794 1795
f 1795 1796 1793
v 1766.195 0.050 -4384.324
v 1772.340 0.050 -4379.202
v 1776.459 0.050 -4384.144
v 1770.314 0.050 -4389.266
f 1797 1798 1799
f 1799 1800 1797
v 1769.611 0.050 -4388.028
v 1777.161 0.050 -4385.382
v 1780.055 0.050 -4393.641
v 1772.506 0.050 -4396.287
f 1801 1802 1803
f 1803 1804 1801
v 1772.303 0.050 -4395.389
v 1780.258 0.050 -4394.539
v 1785.100 0.050 -4439.849
v 1777.146 0.050 -4440.699
f 1805 1806 1807
f 1807 1808 1805
v 873.524 -88.591 -4039.623
v 881.339 -87.906 -4037.909
v 884.021 -87.247 -4050.145
v 876.207 -88.004 -4051.858
f 1809 1810 1811
f 1811 1812 1809
v 876.333 -87.980 -4052.308
v 883.895 -87.273 -4049.695
v 886.889 -86.707 -4058.363
v 879.328 -87.434 -4060.976
f 1813 1814 1815
f 1815 1816 1813
v 879.336 -87.432 -4060.998
v 886.882 -86.709 -4058.341
v 890.455 -86.037 -4068.489
v 882.909 -86.811 -4071.146
f 1817 1818 1819
f 1819 1820 1817
v 882.871 -86.815 -4071.032
v 890.493 -86.031 -4068.603
v 894.679 -85.819 -4081.737
v 887.056 -86.445 -4084.166
f 1821 1822 1823
f 1823 1824 1821
v 887.090 -86.442 -4084.267
v 894.645 -85.821 -4081.636
v 897.038 -85.721 -4088.507
v 889.484 -86.230 -4091.138
f 1825 1826 1827
f 1827 1828 1825
v 889.398 -86.238 -4090.859
v 897.124 -85.718 -4088.786
v 899.206 -85.645 -4096.542
v 891.479 -86.134 -4098.616
f 1829 1830 1831
f 1831 1832 1829
v 891.365 -86.137 -4098.000
v 899.320 -85.642 -4097.158
v 899.922 -85.745 -4102.840
v 891.966 -86.267 -4103.681
f 1833 1834 1835
f 1835 1836 1833
v 891.966 -86.267 -4103.685
v 899.921 -85.745 -4102.836
v 900.812 -86.068 -4111.187
v 892.857 -86.580 -4112.036
f 1837 1838 1839
f 1839 1840 1837
v 892.930 -86.595 -4112.480
v 900.739 -86.052 -4110.743
v 903.132 -86.398 -4121.498
v 895.323 -86.929 -4123.236
f 1841 1842 1843
f 1843 1844 1841
v 895.290 -86.924 -4123.069
v 903.166 -86.404 -4121.665
v 904.657 -86.699 -4130.029
v 896.782 -87.234 -4131.434
f 1845 1846 1847
f 1847 1848 1845
v 896.874 -87.258 -4131.833
v 904.565 -86.686 -4129.629
v 906.958 -87.163 -4137.980
v 899.268 -87.752 -4140.184
f 1849 1850 1851
f 1851 1852 1849
v 899.223 -87.742 -4140.016
v 907.002 -87.174 -4138.148
v 908.794 -87.655 -4145.614
v 901.016 -88.209 -4147.481
f 1853 1854 1855
f 1855 1856 1853
v 900.910 -88.160 -4146.751
v 908.900 -87.706 -4146.344
v 909.189 -88.133 -4152.026
v 901.200 -88.575 -4152.433
f 1857 1858 1859
f 1859 1860 1857
v 901.313 -88.480 -4151.264
v 909.076 -88.230 -4153.195
v 908.186 -88.553 -4156.776
v 900.422 -88.797 -4154.845
f 1861 1862 1863
f 1863 1864 1861
v 901.356 -88.618 -4153.107
v 907.252 -88.734 -4158.514
v 903.968 -89.190 -4162.095
v 898.072 -89.054 -4156.688
f 1865 1866 1867
f 1867 1868 1865
v 899.572 -88.902 -4155.662
v 902.468 -89.360 -4163.120
v 897.091 -89.814 -4165.208
v 894.195 -89.328 -4157.750
f 1869 1870 1871
f 1871 1872 1869
v 894.156 -89.331 -4157.766
v 897.130 -89.811 -4165.192
v 889.672 -90.443 -4168.179
v 886.698 -89.986 -4160.752
f 1873 1874 1875
f 1875 1876 1873
v 887.808 -89.890 -4160.483
v 888.562 -90.536 -4168.447
v 882.284 -90.974 -4169.042
v 881.529 -90.367 -4161.078
f 1877 1878 1879
f 1879 1880 1877
v 881.761 -90.350 -4161.062
v 882.052 -90.989 -4169.057
v 873.692 -91.525 -4169.361
v 873.401 -90.950 -4161.366
f 1881 1882 1883
f 1883 1884 1881
v 873.223 -90.963 -4161.377
v 873.870 -91.514 -4169.351
v 870.285 -91.753 -4169.641
v 869.638 -91.230 -4161.668
f 1885 1886 1887
f 1887 1888 1885
v 868.503 -91.326 -4161.930
v 871.420 -91.665 -4169.379
v 866.055 -92.134 -4171.480
v 863.138 -91.828 -4164.031
f 1889 1890 1891
f 1891 1892 1889
v 862.922 -91.848 -4164.123
v 866.270 -92.115 -4171.388
v 858.500 -92.788 -4174.969
v 855.152 -92.564 -4167.703
f 1893 1894 1895
f 1895 1896 1893
v 855.202 -92.560 -4167.681
v 858.450 -92.793 -4174.992
v 850.391 -93.427 -4178.573
v 847.142 -93.248 -4171.262
f 1897 1898 1899
f 1899 1900 1897
v 847.214 -93.242 -4171.231
v 850.319 -93.432 -4178.603
v 844.642 -93.845 -4180.995
v 841.536 -93.704 -4173.623
f 1901 1902 1903
f 1903 1904 1901
v 841.994 -93.670 -4173.462
v 844.184 -93.875 -4181.156
v 837.917 -94.260 -4182.940
v 835.727 -94.113 -4175.245
f 1905 1906 1907
f 1907 1908 1905
v 835.952 -94.098 -4175.188
v 837.693 -94.273 -4182.997
v 829.633 -94.709 -4184.794
v 827.892 -94.615 -4176.985
f 1909 1910 1911
f 1911 1912 1909
v 827.281 -94.653 -4177.174
v 830.244 -94.676 -4184.605
v 825.769 -94.919 -4186.389
v 822.806 -94.934 -4178.958
f 1913 1914 1915
f 1915 1916 1913
v 821.669 -95.005 -4179.650
v 826.906 -94.854 -4185.697
v 822.420 -95.115 -4189.582
v 817.183 -95.275 -4183.534
f 1917 1918 1919
f 1919 1920 1917
v 817.616 -95.251 -4183.208
v 821.986 -95.137 -4189.909
v 815.118 -95.432 -4194.388
v 810.748 -95.581 -4187.687
f 1921 1922 1923
f 1923 1924 1921
v 810.782 -95.580 -4187.665
v 815.084 -95.434 -4194.410
v 808.516 -95.637 -4198.599
v 804.214 -95.804 -4191.854
f 1925 1926 1927
f 1927 1928 1925
v 805.295 -95.773 -4191.372
v 807.435 -95.665 -4199.080
v 802.059 -95.766 -4200.574
v 799.918 -95.925 -4192.865
f 1929 1930 1931
f 1931 1932 1929
v 800.759 -95.902 -4192.726
v 801.217 -95.781 -4200.713
v 796.152 -95.876 -4201.004
v 795.694 -96.051 -4193.017
f 1933 1934 1935
f 1935 1936 1933
v 795.684 -96.051 -4193.017
v 796.162 -95.876 -4201.003
v 791.086 -95.967 -4201.307
v 790.608 -96.196 -4193.321
f 1937 1938 1939
f 1939 1940 1937
v 790.350 -96.204 -4193.345
v 791.345 -95.963 -4201.283
v 784.176 -96.069 -4202.182
v 783.181 -96.384 -4194.244
f 1941 1942 1943
f 1943 1944 1941
v 781.719 -96.407 -4194.725
v 785.637 -96.059 -4201.700
v 780.861 -96.039 -4204.382
v 776.944 -96.418 -4197.407
f 1945 1946 1947
f 1947 1948 1945
v 776.211 -96.411 -4197.936
v 781.594 -96.049 -4203.854
v 778.310 -95.970 -4206.841
v 772.927 -96.336 -4200.922
f 1949 1950 1951
f 1951 1952 1949
v 772.086 -96.296 -4202.005
v 779.151 -96.006 -4205.757
v 776.458 -95.807 -4210.831
v 769.392 -96.062 -4207.079
f 1953 1954 1955
f 1955 1956 1953
v 769.173 -96.037 -4207.567
v 776.676 -95.828 -4210.344
v 773.693 -95.445 -4218.404
v 766.190 -95.585 -4215.627
f 1957 1958 1959
f 1959 1960 1957
v 766.096 -95.568 -4215.915
v 773.787 -95.460 -4218.116
v 771.394 -95.041 -4226.480
v 763.702 -95.073 -4224.279
f 1961 1962 1963
f 1963 1964 1961
v 763.778 -95.086 -4224.041
v 771.317 -95.029 -4226.718
v 768.033 -94.525 -4235.967
v 760.494 -94.554 -4233.291
f 1965 1966 1967
f 1967 1968 1965
v 760.341 -94.521 -4233.847
v 768.187 -94.556 -4235.411
v 766.996 -94.225 -4241.384
v 759.150 -94.166 -4239.819
f 1969 1970 1971
f 1971 1972 1969
v 759.078 -94.132 -4240.401
v 767.068 -94.256 -4240.803
v 766.767 -93.942 -4246.775
v 758.777 -93.784 -4246.373
f 1973 1974 1975
f 1975 1976 1973
v 758.801 -93.745 -4247.054
v 766.743 -93.976 -4246.095
v 767.645 0.050 -4253.560
v 759.703 0.050 -4254.519
f 1977 1978 1979
f 1979 1980 1977
v 759.728 0.050 -4254.696
v 767.620 0.050 -4253.384
v 768.811 0.050 -4260.545
v 760.919 0.050 -4261.858
f 1981 1982 1983
f 1983 1984 1981
v 760.932 0.050 -4261.928
v 768.799 0.050 -4260.475
v 770.290 0.050 -4268.548
v 762.423 0.050 -4270.002
f 1985 1986 1987
f 1987 1988 1985
v 762.462 0.050 -4270.186
v 770.252 0.050 -4268.364
v 772.344 0.050 -4277.310
v 764.555 0.050 -4279.132
f 1989 1990 1991
f 1991 1992 1989
v 764.477 0.050 -4278.690
v 772.422 0.050 -4277.751
v 773.023 0.050 -4282.839
v 765.078 0.050 -4283.777
f 1993 1994 1995
f 1995 1996 1993
v 765.532 0.050 -4281.406
v 772.570 0.050 -4285.210
v 770.477 0.050 -4289.082
v 763.439 0.050 -4285.278
f 1997 1998 1999
f 1999 2000 1997
v 764.508 0.050 -4284.018
v 769.408 0.050 -4290.341
v 766.714 0.050 -4292.429
v 761.814 0.050 -4286.106
f 2001 2002 2003
f 2003 2004 2001
v 762.873 0.050 -4285.517
v 765.655 0.050 -4293.018
v 759.988 0.050 -4295.119
v 757.207 0.050 -4287.618
f 2005 2006 2007
f 2007 2008 2005
v 756.812 0.050 -4287.789
v 760.383 0.050 -4294.948
v 755.007 0.050 -4297.630
v 751.435 0.050 -4290.471
f 2009 2010 2011
f 2011 2012 2009
v 750.691 0.050 -4290.953
v 755.751 0.050 -4297.149
v 752.468 0.050 -4299.831
v 747.407 0.050 -4293.635
f 2013 2014 2015
f 2015 2016 2013
v 746.313 0.050 -4295.040
v 753.561 0.050 -4298.426
v 751.468 0.050 -4302.906
v 744.220 0.050 -4299.519
f 2017 2018 2019
f 2019 2020 2017
v 744.069 0.050 -4299.890
v 751.619 0.050 -4302.535
v 749.526 0.050 -4308.508
v 741.977 0.050 -4305.862
f 2021 2022 2023
f 2023 2024 2021
v 742.012 0.050 -4305.766
v 749.491 0.050 -4308.604
v 747.109 0.050 -4314.881
v 739.630 0.050 -4312.042
f 2025 2026 2027
f 2027 2028 2025
v 740.541 0.050 -4310.633
v 746.198 0.050 -4316.290
v 742.313 0.050 -4320.175
v 736.656 0.050 -4314.518
f 2029 2030 2031
f 2031 2032 2029
v 738.065 0.050 -4313.607
v 740.903 0.050 -4321.086
v 734.636 0.050 -4323.465
v 731.798 0.050 -4315.985
f 2033 2034 2035
f 2035 2036 2033
v 731.470 0.050 -4316.127
v 734.964 0.050 -4323.323
v 725.112 0.050 -4328.106
v 721.618 0.050 -4320.910
f 2037 2038 2039
f 2039 2040 2037
v 722.069 0.050 -4320.724
v 724.661 0.050 -4328.292
v 713.318 0.050 -4332.177
v 710.726 0.050 -4324.609
f 2041 2042 2043
f 2043 2044 2041
v 710.951 0.050 -4324.539
v 713.092 0.050 -4332.247
v 707.715 0.050 -4333.740
v 705.575 0.050 -4326.032
f 2045 2046 2047
f 2047 2048 2045
v 706.814 0.050 -4325.890
v 706.476 0.050 -4333.883
v 699.307 0.050 -4333.579
v 699.645 0.050 -4325.586
f 2049 2050 2051
f 2051 2052 2049
v 700.020 0.050 -4325.619
v 698.932 0.050 -4333.545
v 690.271 0.050 -4332.356
v 691.360 0.050 -4324.430
f 2053 2054 2055
f 2055 2056 2053
v 691.228 0.050 -4324.414
v 690.403 0.050 -4332.372
v 681.742 0.050 -4331.473
v 682.567 0.050 -4323.516
f 2057 2058 2059
f 2059 2060 2057
v 682.781 0.050 -4323.544
v 681.528 0.050 -4331.445
v 675.862 0.050 -4330.547
v 677.115 0.050 -4322.645
f 2061 2062 2063
f 2063 2064 2061
v 677.659 0.050 -4322.771
v 675.318 0.050 -4330.421
v 671.433 0.050 -4329.232
v 673.774 0.050 -4321.582
f 2065 2066 2067
f 2067 2068 2065
v 674.394 0.050 -4321.830
v 670.813 0.050 -4328.984
v 664.847 0.050 -4325.997
v 668.427 0.050 -4318.843
f 2069 2070 2071
f 2071 2072 2069
v 669.367 0.050 -4319.497
v 663.907 0.050 -4325.344
v 659.421 0.050 -4321.155
v 664.880 0.050 -4315.308
f 2073 2074 2075
f 2075 2076 2073
v 665.256 0.050 -4315.710
v 659.046 0.050 -4320.753
v 655.172 0.050 -4315.983
v 661.382 0.050 -4310.940
f 2077 2078 2079
f 2079 2080 2077
v 660.911 0.050 -4310.451
v 655.643 0.050 -4316.472
v 650.856 0.050 -4312.283
v 656.124 0.050 -4306.263
f 2081 2082 2083
f 2083 2084 2081
v 656.450 0.050 -4306.583
v 650.529 0.050 -4311.963
v 644.563 0.050 -4305.395
v 650.484 0.050 -4300.016
f 2085 2086 2087
f 2087 2088 2085
v 650.954 0.050 -4300.649
v 644.093 0.050 -4304.763
v 637.825 0.050 -4294.311
v 644.686 0.050 -4290.197
f 2089 2090 2091
f 2091 2092 2089
v 645.050 0.050 -4290.988
v 637.462 0.050 -4293.520
v 633.877 0.050 -4282.777
v 641.466 0.050 -4280.245
f 2093 2094 2095
f 2095 2096 2093
v 641.216 0.050 -4279.657
v 634.127 0.050 -4283.365
v 630.843 0.050 -4277.089
v 637.932 0.050 -4273.380
f 2097 2098 2099
f 2099 2100 2097
v 637.217 0.050 -4272.407
v 631.558 0.050 -4278.062
v 628.574 0.050 -4275.075
v 634.234 0.050 -4269.421
f 2101 2102 2103
f 2103 2104 2101
v 633.692 0.050 -4268.967
v 629.116 0.050 -4275.529
v 626.122 0.050 -4273.442
v 630.697 0.050 -4266.879
f 2105 2106 2107
f 2107 2108 2105
v 628.410 0.050 -4266.160
v 628.410 0.050 -4274.160
v 623.634 0.050 -4274.160
v 623.634 0.050 -4266.160
f 2109 2110 2111
f 2111 2112 2109
v 623.070 0.050 -4266.200
v 624.198 0.050 -4274.120
v 620.024 0.050 -4274.715
v 618.896 0.050 -4266.795
f 2113 2114 2115
f 2115 2116 2113
v 617.475 0.050 -4267.282
v 621.444 0.050 -4274.228
v 617.258 0.050 -4276.620
v 613.289 0.050 -4269.674
f 2117 2118 2119
f 2119 2120 2117
v 612.007 0.050 -4270.839
v 618.541 0.050 -4275.455
v 614.956 0.050 -4280.529
v 608.422 0.050 -4275.913
f 2121 2122 2123
f 2123 2124 2121
v 608.110 0.050 -4276.435
v 615.269 0.050 -4280.006
v 612.586 0.050 -4285.384
v 605.427 0.050 -4281.813
f 2125 2126 2127
f 2127 2128 2125
v 605.467 0.050 -4281.736
v 612.546 0.050 -4285.462
v 609.563 0.050 -4291.130
v 602.484 0.050 -4287.404
f 2129 2130 2131
f 2131 2132 2129
v 603.592 0.050 -4286.091
v 608.454 0.050 -4292.444
v 603.378 0.050 -4296.329
v 598.516 0.050 -4289.976
f 2133 2134 2135
f 2135 2136 2133
v 599.753 0.050 -4289.334
v 602.141 0.050 -4296.970
v 597.365 0.050 -4298.463
v 594.978 0.050 -4290.828
f 2137 2138 2139
f 2139 2140 2137
v 595.444 0.050 -4290.712
v 596.899 0.050 -4298.579
v 588.829 0.050 -4300.072
v 587.373 0.050 -4292.205
f 2141 2142 2143
f 2143 2144 2141
v 586.311 0.050 -4292.561
v 589.891 0.050 -4299.716
v 582.733 0.050 -4303.297
v 579.153 0.050 -4296.142
f 2145 2146 2147
f 2147 2148 2145
v 578.544 0.050 -4296.518
v 583.342 0.050 -4302.920
v 577.364 0.050 -4307.400
v 572.567 0.050 -4300.998
f 2149 2150 2151
f 2151 2152 2149
v 571.571 0.050 -4302.082
v 578.359 0.050 -4306.316
v 575.376 0.050 -4311.099
v 568.588 0.050 -4306.865
f 2153 2154 2155
f 2155 2156 2153
v 567.982 0.050 -4308.982
v 575.982 0.050 -4308.982
v 575.982 0.050 -4314.651
v 567.982 0.050 -4314.651
f 2157 2158 2159
f 2159 2160 2157
v 567.986 0.050 -4314.834
v 575.978 0.050 -4314.468
v 576.278 0.050 -4321.035
v 568.287 0.050 -4321.401
f 2161 2162 2163
f 2163 2164 2161
v 568.375 0.050 -4322.074
v 576.190 0.050 -4320.362
v 578.873 0.050 -4332.611
v 571.058 0.050 -4334.323
f 2165 2166 2167
f 2167 2168 2165
v 570.965 0.050 -4333.467
v 578.965 0.050 -4333.467
v 578.965 0.050 -4340.933
v 570.965 0.050 -4340.933
f 2169 2170 2171
f 2171 2172 2169
v 571.206 0.050 -4339.566
v 578.725 0.050 -4342.299
v 577.533 0.050 -4345.576
v 570.015 0.050 -4342.843
f 2173 2174 2175
f 2175 2176 2173
v 571.083 0.050 -4341.250
v 576.465 0.050 -4347.169
v 573.181 0.050 -4350.155
v 567.799 0.050 -4344.237
f 2177 2178 2179
f 2179 2180 2177
v 568.937 0.050 -4343.510
v 572.043 0.050 -4350.882
v 566.366 0.050 -4353.274
v 563.260 0.050 -4345.902
f 2181 2182 2183
f 2183 2184 2181
v 564.130 0.050 -4345.646
v 565.495 0.050 -4353.529
v 558.627 0.050 -4354.718
v 557.262 0.050 -4346.836
f 2185 2186 2187
f 2187 2188 2185
v 558.201 0.050 -4346.785
v 557.688 0.050 -4354.769
v 548.437 0.050 -4354.174
v 548.950 0.050 -4346.191
f 2189 2190 2191
f 2191 2192 2189
v 549.832 0.050 -4346.348
v 547.556 0.050 -4354.017
v 539.496 0.050 -4351.625
v 541.772 0.050 -4343.956
f 2193 2194 2195
f 2195 2196 2193
v 542.089 0.050 -4344.065
v 539.179 0.050 -4351.517
v 532.311 0.050 -4348.834
v 535.221 0.050 -4341.382
f 2197 2198 2199
f 2199 2200 2197
v 535.337 0.050 -4341.430
v 532.194 0.050 -4348.787
v 525.916 0.050 -4346.104
v 529.059 0.050 -4338.748
f 2201 2202 2203
f 2203 2204 2201
v 529.857 0.050 -4339.203
v 525.118 0.050 -4345.649
v 520.643 0.050 -4342.358
v 525.382 0.050 -4335.913
f 2205 2206 2207
f 2207 2208 2205
v 524.962 0.050 -4335.643
v 521.062 0.050 -4342.628
v 510.910 0.050 -4336.960
v 514.810 0.050 -4329.975
f 2209 2210 2211
f 2211 2212 2209
v 514.905 0.050 -4330.029
v 510.815 0.050 -4336.905
v 499.773 0.050 -4330.338
v 503.862 0.050 -4323.462
f 2213 2214 2215
f 2215 2216 2213
v 503.887 0.050 -4323.477
v 499.748 0.050 -4330.323
v 485.410 0.050 -4321.655
v 489.549 0.050 -4314.809
f 2217 2218 2219
f 2219 2220 2217
v 489.265 0.050 -4314.653
v 485.693 0.050 -4321.811
v 477.934 0.050 -4317.939
v 481.506 0.050 -4310.781
f 2221 2222 2223
f 2223 2224 2221
v 481.399 0.050 -4310.730
v 478.041 0.050 -4317.991
v 474.156 0.050 -4316.193
v 477.514 0.050 -4308.933
f 2225 2226 2227
f 2227 2228 2225
v 475.581 0.050 -4308.571
v 476.089 0.050 -4316.555
v 471.314 0.050 -4316.859
v 470.806 0.050 -4308.875
f 2229 2230 2231
f 2231 2232 2229
v 469.270 0.050 -4309.289
v 472.849 0.050 -4316.444
v 468.674 0.050 -4318.532
v 465.096 0.050 -4311.377
f 2233 2234 2235
f 2235 2236 2233
v 463.609 0.050 -4312.659
v 470.161 0.050 -4317.250
v 468.068 0.050 -4320.237
v 461.517 0.050 -4315.645
f 2237 2238 2239
f 2239 2240 2237
v 460.858 0.050 -4317.219
v 468.727 0.050 -4318.663
v 468.125 0.050 -4321.940
v 460.257 0.050 -4320.496
f 2241 2242 2243
f 2243 2244 2241
v 460.191 0.050 -4321.218
v 468.191 0.050 -4321.218
v 468.191 0.050 -4325.103
v 460.191 0.050 -4325.103
f 2245 2246 2247
f 2247 2248 2245
v 460.373 0.050 -4326.294
v 468.010 0.050 -4323.912
v 469.501 0.050 -4328.695
v 461.864 0.050 -4331.077
f 2249 2250 2251
f 2251 2252 2249
v 462.428 0.050 -4332.212
v 468.937 0.050 -4327.561
v 471.921 0.050 -4331.736
v 465.412 0.050 -4336.387
f 2253 2254 2255
f 2255 2256 2253
v 466.012 0.050 -4337.054
v 471.321 0.050 -4331.069
v 476.698 0.050 -4335.840
v 471.388 0.050 -4341.824
f 2257 2258 2259
f 2259 2260 2257
v 471.288 0.050 -4341.731
v 476.798 0.050 -4335.932
v 488.743 0.050 -4347.283
v 483.232 0.050 -4353.082
f 2261 2262 2263
f 2263 2264 2261
v 483.079 0.050 -4352.928
v 488.896 0.050 -4347.437
v 499.049 0.050 -4358.193
v 493.231 0.050 -4363.684
f 2265 2266 2267
f 2267 2268 2265
v 493.016 0.050 -4363.436
v 499.264 0.050 -4358.440
v 504.040 0.050 -4364.413
v 497.791 0.050 -4369.409
f 2269 2270 2271
f 2271 2272 2269
v 497.616 0.050 -4369.172
v 504.215 0.050 -4364.650
v 508.100 0.050 -4370.318
v 501.501 0.050 -4374.841
f 2273 2274 2275
f 2275 2276 2273
v 501.319 0.050 -4374.548
v 508.282 0.050 -4370.611
v 512.168 0.050 -4377.482
v 505.204 0.050 -4381.420
f 2277 2278 2279
f 2279 2280 2277
v 505.417 0.050 -4381.756
v 511.954 0.050 -4377.145
v 519.112 0.050 -4387.293
v 512.575 0.050 -4391.904
f 2281 2282 2283
f 2283 2284 2281
v 512.559 0.050 -4391.882
v 519.128 0.050 -4387.315
v 526.597 0.050 -4398.058
v 520.029 0.050 -4402.625
f 2285 2286 2287
f 2287 2288 2285
v 519.644 0.050 -4401.935
v 526.982 0.050 -4398.749
v 529.965 0.050 -4405.620
v 522.627 0.050 -4408.806
f 2289 2290 2291
f 2291 2292 2289
v 522.687 0.050 -4408.938
v 529.905 0.050 -4405.488
v 533.189 0.050 -4412.359
v 525.971 0.050 -4415.809
f 2293 2294 2295
f 2295 2296 2293
v 525.612 0.050 -4414.584
v 533.549 0.050 -4413.584
v 534.451 0.050 -4420.746
v 526.513 0.050 -4421.746
f 2297 2298 2299
f 2299 2300 2297
v 526.554 0.050 -4422.000
v 534.410 0.050 -4420.492
v 535.902 0.050 -4428.261
v 528.045 0.050 -4429.770
f 2301 2302 2303
f 2303 2304 2301
v 528.202 0.050 -4430.348
v 535.745 0.050 -4427.683
v 537.537 0.050 -4432.757
v 529.994 0.050 -4435.422
f 2305 2306 2307
f 2307 2308 2305
v 530.100 0.050 -4435.690
v 537.432 0.050 -4432.490
v 539.514 0.050 -4437.260
v 532.181 0.050 -4440.460
f 2309 2310 2311
f 2311 2312 2309
v 533.560 0.050 -4442.141
v 538.135 0.050 -4435.579
v 541.130 0.050 -4437.666
v 536.554 0.050 -4444.229
f 2313 2314 2315
f 2315 2316 2313
v 536.819 0.050 -4444.399
v 540.865 0.050 -4437.497
v 544.449 0.050 -4439.598
v 540.404 0.050 -4446.500
f 2317 2318 2319
f 2319 2320 2317
v 539.300 0.050 -4445.543
v 545.553 0.050 -4440.554
v 547.936 0.050 -4443.541
v 541.682 0.050 -4448.529
f 2321 2322 2323
f 2323 2324 2321
v 541.565 0.050 -4448.375
v 548.053 0.050 -4443.695
v 553.429 0.050 -4451.147
v 546.942 0.050 -4455.828
f 2325 2326 2327
f 2327 2328 2325
v 547.449 0.050 -4456.405
v 552.922 0.050 -4450.570
v 562.473 0.050 -4459.529
v 557.000 0.050 -4465.364
f 2329 2330 2331
f 2331 2332 2329
v 557.678 0.050 -4465.876
v 561.796 0.050 -4459.017
v 572.249 0.050 -4465.294
v 568.130 0.050 -4472.152
f 2333 2334 2335
f 2335 2336 2333
v 568.157 0.050 -4472.168
v 572.222 0.050 -4465.278
v 583.866 0.050 -4472.149
v 579.801 0.050 -4479.039
f 2337 2338 2339
f 2339 2340 2337
v 580.705 0.050 -4479.432
v 582.962 0.050 -4471.757
v 588.039 0.050 -4473.250
v 585.781 0.050 -4480.925
f 2341 2342 2343
f 2343 2344 2341
v 586.910 0.050 -4481.087
v 586.910 0.050 -4473.087
v 593.478 0.050 -4473.087
v 593.478 0.050 -4481.087
f 2345 2346 2347
f 2347 2348 2345
v 595.007 0.050 -4480.783
v 591.948 0.050 -4473.392
v 597.024 0.050 -4471.291
v 600.083 0.050 -4478.682
f 2349 2350 2351
f 2351 2352 2349
v 600.924 0.050 -4478.209
v 596.184 0.050 -4471.764
v 601.861 0.050 -4467.589
v 606.601 0.050 -4474.033
f 2353 2354 2355
f 2355 2356 2353
v 606.313 0.050 -4474.226
v 602.149 0.050 -4467.395
v 607.526 0.050 -4464.118
v 611.690 0.050 -4470.949
f 2357 2358 2359
f 2359 2360 2357
v 609.608 0.050 -4471.534
v 609.608 0.050 -4463.534
v 614.383 0.050 -4463.534
v 614.383 0.050 -4471.534
f 2361 2362 2363
f 2363 2364 2361
v 612.692 0.050 -4471.159
v 616.075 0.050 -4463.909
v 620.550 0.050 -4465.997
v 617.167 0.050 -4473.247
f 2365 2366 2367
f 2367 2368 2365
v 616.033 0.050 -4472.453
v 621.683 0.050 -4466.790
v 623.776 0.050 -4468.878
v 618.126 0.050 -4474.541
f 2369 2370 2371
f 2371 2372 2369
v 617.498 0.050 -4473.728
v 624.405 0.050 -4469.691
v 626.498 0.050 -4473.272
v 619.591 0.050 -4477.309
f 2373 2374 2375
f 2375 2376 2373
v 619.295 0.050 -4476.686
v 626.793 0.050 -4473.895
v 628.574 0.050 -4478.678
v 621.077 0.050 -4481.470
f 2377 2378 2379
f 2379 2380 2377
v 621.020 0.050 -4481.306
v 628.631 0.050 -4478.842
v 631.625 0.050 -4488.091
v 624.014 0.050 -4490.555
f 2381 2382 2383
f 2383 2384 2381
v 624.293 0.050 -4491.210
v 631.347 0.050 -4487.437
v 635.822 0.050 -4495.801
v 628.768 0.050 -4499.575
f 2385 2386 2387
f 2387 2388 2385
v 628.922 0.050 -4499.838
v 635.668 0.050 -4495.538
v 639.853 0.050 -4502.105
v 633.107 0.050 -4506.405
f 2389 2390 2391
f 2391 2392 2389
v 633.229 0.050 -4506.584
v 639.732 0.050 -4501.926
v 652.567 0.050 -4519.844
v 646.064 0.050 -4524.503
f 2393 2394 2395
f 2395 2396 2393
v 645.941 0.050 -4524.320
v 652.690 0.050 -4520.026
v 665.225 0.050 -4539.728
v 658.475 0.050 -4544.022
f 2397 2398 2399
f 2399 2400 2397
v 658.897 0.050 -4544.574
v 664.803 0.050 -4539.177
v 666.795 0.050 -4541.357
v 660.890 0.050 -4546.754
f 2401 2402 2403
f 2403 2404 2401
v 660.892 0.050 -4546.756
v 666.794 0.050 -4541.355
v 674.363 0.050 -4549.627
v 668.461 0.050 -4555.028
f 2405 2406 2407
f 2407 2408 2405
v 668.875 0.050 -4555.420
v 673.950 0.050 -4549.235
v 685.594 0.050 -4558.789
v 680.519 0.050 -4564.973
f 2409 2410 2411
f 2411 2412 2409
v 680.894 0.050 -4565.246
v 685.219 0.050 -4558.516
v 701.939 0.050 -4569.259
v 697.614 0.050 -4575.989
f 2413 2414 2415
f 2415 2416 2413
v 697.717 0.050 -4576.053
v 701.836 0.050 -4569.195
v 712.289 0.050 -4575.471
v 708.170 0.050 -4582.330
f 2417 2418 2419
f 2419 2420 2417
v 709.013 0.050 -4582.711
v 711.446 0.050 -4575.090
v 725.473 0.050 -4579.570
v 723.039 0.050 -4587.190
f 2421 2422 2423
f 2423 2424 2421
v 723.389 0.050 -4587.285
v 725.122 0.050 -4579.475
v 743.935 0.050 -4583.651
v 742.202 0.050 -4591.461
f 2425 2426 2427
f 2427 2428 2425
v 741.857 0.050 -4591.368
v 744.281 0.050 -4583.744
v 757.416 0.050 -4587.919
v 754.993 0.050 -4595.543
f 2429 2430 2431
f 2431 2432 2429
v 754.627 0.050 -4595.407
v 757.782 0.050 -4588.055
v 772.409 0.050 -4594.332
v 769.254 0.050 -4601.684
f 2433 2434 2435
f 2435 2436 2433
v 769.043 0.050 -4601.586
v 772.621 0.050 -4594.430
v 792.335 0.050 -4604.288
v 788.758 0.050 -4611.443
f 2437 2438 2439
f 2439 2440 2437
v 788.683 0.050 -4611.405
v 792.410 0.050 -4604.326
v 809.430 0.050 -4613.285
v 805.704 0.050 -4620.364
f 2441 2442 2443
f 2443 2444 2441
v 805.864 0.050 -4620.444
v 809.271 0.050 -4613.205
v 824.488 0.050 -4620.367
v 821.081 0.050 -4627.606
f 2445 2446 2447
f 2447 2448 2445
v 821.865 0.050 -4627.880
v 823.704 0.050 -4620.094
v 835.059 0.050 -4622.776
v 833.220 0.050 -4630.562
f 2449 2450 2451
f 2451 2452 2449
v 833.808 0.050 -4630.655
v 834.470 0.050 -4622.683
v 841.628 0.050 -4623.277
v 840.966 0.050 -4631.250
f 2453 2454 2455
f 2455 2456 2453
v 839.811 0.050 -4630.978
v 842.783 0.050 -4623.550
v 848.761 0.050 -4625.942
v 845.789 0.050 -4633.369
f 2457 2458 2459
f 2459 2460 2457
v 845.092 0.050 -4633.008
v 849.457 0.050 -4626.303
v 855.424 0.050 -4630.188
v 851.059 0.050 -4636.892
f 2461 2462 2463
f 2463 2464 2461
v 850.044 0.050 -4635.943
v 856.439 0.050 -4631.137
v 860.024 0.050 -4635.908
v 853.628 0.050 -4640.714
f 2465 2466 2467
f 2467 2468 2465
v 853.149 0.050 -4639.886
v 860.503 0.050 -4636.735
v 864.087 0.050 -4645.100
v 856.734 0.050 -4648.251
f 2469 2470 2471
f 2471 2472 2469
v 856.543 0.050 -4647.697
v 864.278 0.050 -4645.653
v 866.961 0.050 -4655.801
v 859.226 0.050 -4657.846
f 2473 2474 2475
f 2475 2476 2473
v 859.363 0.050 -4658.267
v 866.824 0.050 -4655.380
v 870.408 0.050 -4664.643
v 862.947 0.050 -4667.530
f 2477 2478 2479
f 2479 2480 2477
v 863.050 0.050 -4667.772
v 870.306 0.050 -4664.402
v 874.191 0.050 -4672.766
v 866.935 0.050 -4676.136
f 2481 2482 2483
f 2483 2484 2481
v 866.951 0.050 -4676.169
v 874.175 0.050 -4672.733
v 881.277 0.050 -4687.665
v 874.053 0.050 -4691.101
f 2485 2486 2487
f 2487 2488 2485
v 874.458 0.050 -4691.773
v 880.872 0.050 -4686.993
v 887.874 0.050 -4696.388
v 881.460 0.050 -4701.168
f 2489 2490 2491
f 2491 2492 2489
v 1325.403 0.050 -4703.736
v 1320.639 0.050 -4697.309
v 1328.699 0.050 -4691.336
v 1333.462 0.050 -4697.763
f 2493 2494 2495
f 2495 2496 2493
v 1334.003 0.050 -4697.281
v 1328.158 0.050 -4691.819
v 1332.343 0.050 -4687.339
v 1338.189 0.050 -4692.801
f 2497 2498 2499
f 2499 2500 2497
v 1338.269 0.050 -4692.712
v 1332.263 0.050 -4687.428
v 1338.831 0.050 -4679.962
v 1344.837 0.050 -4685.246
f 2501 2502 2503
f 2503 2504 2501
v 1344.869 0.050 -4685.210
v 1338.799 0.050 -4679.998
v 1348.796 0.050 -4668.357
v 1354.865 0.050 -4673.568
f 2505 2506 2507
f 2507 2508 2505
v 1354.253 0.050 -4674.146
v 1349.408 0.050 -4667.780
v 1355.085 0.050 -4663.459
v 1359.930 0.050 -4669.825
f 2509 2510 2511
f 2511 2512 2509
v 1358.733 0.050 -4670.449
v 1356.283 0.050 -4662.834
v 1361.826 0.050 -4661.050
v 1364.277 0.050 -4668.665
f 2513 2514 2515
f 2515 2516 2513
v 1169.764 -88.352 -3644.779
v 1177.096 -88.197 -3641.577
v 1179.923 -87.758 -3648.051
v 1172.592 -87.868 -3651.253
f 2517 2518 2519
f 2519 2520 2517
v 1172.414 -87.904 -3650.759
v 1180.101 -87.714 -3648.545
v 1182.662 -86.988 -3657.438
v 1174.974 -87.286 -3659.651
f 2521 2522 2523
f 2523 2524 2521
v 1174.991 -87.282 -3659.711
v 1182.644 -86.993 -3657.379
v 1184.536 -86.489 -3663.589
v 1176.884 -86.846 -3665.921
f 2525 2526 2527
f 2527 2528 2525
v 1176.794 -86.870 -3665.568
v 1184.627 -86.462 -3663.941
v 1185.439 -86.178 -3667.852
v 1177.606 -86.610 -3669.479
f 2529 2530 2531
f 2531 2532 2529
v 1177.534 -86.643 -3668.962
v 1185.512 -86.143 -3668.369
v 1185.913 -85.809 -3673.760
v 1177.935 -86.301 -3674.353
f 2533 2534 2535
f 2535 2536 2533
v 1177.928 -86.338 -3673.872
v 1185.919 -85.777 -3674.241
v 1185.652 -85.308 -3680.041
v 1177.661 -85.843 -3679.673
f 2537 2538 2539
f 2539 2540 2537
v 1177.656 -85.827 -3679.857
v 1185.656 -85.323 -3679.857
v 1185.656 -84.846 -3685.525
v 1177.656 -85.328 -3685.525
f 2541 2542 2543
f 2543 2544 2541
v 1177.698 -85.276 -3686.102
v 1185.615 -84.897 -3684.949
v 1186.283 -84.469 -3689.534
v 1178.366 -84.847 -3690.687
f 2545 2546 2547
f 2547 2548 2545
v 1178.518 -84.784 -3691.338
v 1186.131 -84.533 -3688.882
v 1187.478 -84.101 -3693.057
v 1179.864 -84.351 -3695.514
f 2549 2550 2551
f 2551 2552 2549
v 1179.844 -84.358 -3695.449
v 1187.498 -84.094 -3693.122
v 1193.977 -81.885 -3714.435
v 1186.323 -82.020 -3716.762
f 2553 2554 2555
f 2555 2556 2553
v 1186.368 -82.004 -3716.901
v 1193.932 -81.900 -3714.296
v 1199.320 -80.267 -3729.940
v 1191.756 -80.297 -3732.545
f 2557 2558 2559
f 2559 2560 2557
v 1191.811 -80.281 -3732.695
v 1199.265 -80.282 -3729.790
v 1203.050 -79.324 -3739.501
v 1195.596 -79.288 -3742.406
f 2561 2562 2563
f 2563 2564 2561
v 1195.528 -79.306 -3742.220
v 1203.117 -79.307 -3739.688
v 1204.197 -79.008 -3742.925
v 1196.608 -78.993 -3745.457
f 2565 2566 2567
f 2567 2568 2565
v 1196.429 -79.068 -3744.646
v 1204.377 -78.937 -3743.736
v 1205.178 -78.343 -3750.739
v 1197.230 -78.437 -3751.649
f 2569 2570 2571
f 2571 2572 2569
v 1197.210 -78.458 -3751.417
v 1205.198 -78.324 -3750.971
v 1205.476 -77.910 -3755.966
v 1197.489 -78.017 -3756.411
f 2573 2574 2575
f 2575 2576 2573
v 1197.526 -77.985 -3756.777
v 1205.439 -77.941 -3755.600
v 1206.240 -77.489 -3760.991
v 1198.327 -77.505 -3762.168
f 2577 2578 2579
f 2579 2580 2577
v 1198.427 -77.462 -3762.640
v 1206.141 -77.529 -3760.519
v 1208.033 -76.983 -3767.403
v 1200.319 -76.919 -3769.524
f 2581 2582 2583
f 2583 2584 2581
v 1200.346 -76.913 -3769.617
v 1208.006 -76.989 -3767.309
v 1209.754 -76.603 -3773.110
v 1202.094 -76.505 -3775.418
f 2585 2586 2587
f 2587 2588 2585
v 1202.249 -76.475 -3775.843
v 1209.599 -76.631 -3772.685
v 1212.438 -76.201 -3779.291
v 1205.088 -76.023 -3782.450
f 2589 2590 2591
f 2591 2592 2589
v 1205.052 -76.028 -3782.364
v 1212.473 -76.196 -3779.377
v 1216.926 -75.522 -3790.436
v 1209.505 -75.317 -3793.424
f 2593 2594 2595
f 2595 2596 2593
v 1209.330 -75.350 -3792.880
v 1217.101 -75.490 -3790.980
v 1218.849 -75.133 -3798.128
v 1211.078 -75.017 -3800.028
f 2597 2598 2599
f 2599 2600 2597
v 1211.237 -74.999 -3800.532
v 1218.689 -75.149 -3797.624
v 1220.582 -74.998 -3802.473
v 1213.129 -74.835 -3805.382
f 2601 2602 2603
f 2603 2604 2601
v 1213.196 -74.830 -3805.543
v 1220.515 -75.001 -3802.312
v 1223.075 -74.925 -3808.113
v 1215.757 -74.646 -3811.343
f 2605 2606 2607
f 2607 2608 2605
v 1215.978 -74.633 -3811.772
v 1222.854 -74.929 -3807.684
v 1225.415 -74.916 -3811.992
v 1218.538 -74.510 -3816.079
f 2609 2610 2611
f 2611 2612 2609
v 1218.283 -74.525 -3815.572
v 1225.669 -74.913 -3812.499
v 1227.016 -74.882 -3815.736
v 1219.630 -74.430 -3818.809
f 2613 2614 2615
f 2615 2616 2613
v 1219.347 -74.464 -3817.709
v 1227.299 -74.864 -3816.836
v 1227.567 -74.805 -3819.267
v 1219.614 -74.384 -3820.141
f 2617 2618 2619
f 2619 2620 2617
v 1219.630 -74.418 -3819.143
v 1227.551 -74.775 -3820.265
v 1226.883 -74.596 -3824.982
v 1218.962 -74.247 -3823.860
f 2621 2622 2623
f 2623 2624 2621
v 1219.030 -74.261 -3823.500
v 1226.815 -74.581 -3825.342
v 1225.602 -74.464 -3830.469
v 1217.817 -74.136 -3828.626
f 2625 2626 2627
f 2627 2628 2625
v 1217.851 -74.137 -3828.493
v 1225.568 -74.462 -3830.602
v 1222.729 -74.248 -3840.988
v 1215.012 -74.041 -3838.878
f 2629 2630 2631
f 2631 2632 2629
v 1214.953 -74.038 -3839.125
v 1222.788 -74.253 -3840.741
v 1221.174 -74.120 -3848.564
v 1213.339 -73.972 -3846.947
f 2633 2634 2635
f 2635 2636 2633
v 1213.272 -73.969 -3847.397
v 1221.240 -74.126 -3848.114
v 1220.840 -74.080 -3852.567
v 1212.872 -73.939 -3851.849
f 2637 2638 2639
f 2639 2640 2637
v 1212.875 -73.935 -3852.603
v 1220.836 -74.084 -3851.814
v 1221.504 -74.146 -3858.552
v 1213.543 -73.996 -3859.341
f 2641 2642 2643
f 2643 2644 2641
v 1213.558 -74.000 -3859.471
v 1221.489 -74.142 -3858.422
v 1222.970 -74.500 -3869.614
v 1215.039 -74.319 -3870.663
f 2645 2646 2647
f 2647 2648 2645
v 1215.066 -74.324 -3870.838
v 1222.942 -74.494 -3869.439
v 1224.022 -74.697 -3875.517
v 1216.146 -74.497 -3876.916
f 2649 2650 2651
f 2651 2652 2649
v 1216.422 -74.524 -3877.825
v 1223.746 -74.661 -3874.607
v 1225.638 -74.860 -3878.915
v 1218.314 -74.656 -3882.133
f 2653 2654 2655
f 2655 2656 2653
v 1218.477 -74.666 -3882.462
v 1225.475 -74.844 -3878.585
v 1228.169 -75.089 -3883.448
v 1221.171 -74.845 -3887.325
f 2657 2658 2659
f 2659 2660 2657
v 1221.245 -74.855 -3887.453
v 1228.095 -75.082 -3883.320
v 1234.440 -75.729 -3893.838
v 1227.590 -75.627 -3897.970
f 2661 2662 2663
f 2663 2664 2661
v 1227.735 -75.643 -3898.193
v 1234.296 -75.714 -3893.615
v 1239.283 -76.173 -3900.764
v 1232.722 -76.122 -3905.341
f 2665 2666 2667
f 2667 2668 2665
v 1232.442 -76.094 -3904.875
v 1239.563 -76.199 -3901.230
v 1242.391 -76.477 -3906.753
v 1235.270 -76.397 -3910.398
f 2669 2670 2671
f 2671 2672 2669
v 1234.997 -76.363 -3909.719
v 1242.663 -76.507 -3907.432
v 1244.556 -76.756 -3913.774
v 1236.890 -76.650 -3916.061
f 2673 2674 2675
f 2675 2676 2673
v 1236.822 -76.639 -3915.803
v 1244.623 -76.765 -3914.032
v 1245.970 -76.994 -3919.965
v 1238.169 -76.933 -3921.736
f 2677 2678 2679
f 2679 2680 2677
v 1238.087 -76.907 -3921.222
v 1246.052 -77.016 -3920.479
v 1246.731 -77.305 -3927.760
v 1238.766 -77.262 -3928.502
f 2681 2682 2683
f 2683 2684 2681
v 1238.749 -77.245 -3928.131
v 1246.749 -77.319 -3928.131
v 1246.749 -77.519 -3933.390
v 1238.749 -77.493 -3933.390
f 2685 2686 2687
f 2687 2688 2685
v 1238.773 -77.472 -3932.944
v 1246.724 -77.536 -3933.836
v 1246.178 -77.723 -3938.698
v 1238.228 -77.703 -3937.806
f 2689 2690 2691
f 2691 2692 2689
v 1238.307 -77.681 -3937.348
v 1246.099 -77.741 -3939.157
v 1244.752 -77.979 -3944.958
v 1236.960 -77.968 -3943.148
f 2693 2694 2695
f 2695 2696 2693
v 1237.157 -77.937 -3942.532
v 1244.556 -78.006 -3945.574
v 1238.622 -78.805 -3960.003
v 1231.223 -78.832 -3956.961
f 2697 2698 2699
f 2699 2700 2697
v 1231.166 -78.842 -3957.109
v 1238.680 -78.795 -3959.855
v 1234.494 -79.565 -3971.310
v 1226.980 -79.706 -3968.565
f 2701 2702 2703
f 2703 2704 2701
v 1227.148 -79.674 -3968.172
v 1234.326 -79.595 -3971.703
v 1229.751 -80.364 -3981.005
v 1222.573 -80.520 -3977.475
f 2705 2706 2707
f 2707 2708 2705
v 1222.468 -80.542 -3977.705
v 1229.856 -80.345 -3980.775
v 1228.230 -80.666 -3984.686
v 1220.843 -80.894 -3981.616
f 2709 2710 2711
f 2711 2712 2709
v 1220.632 -80.952 -3982.284
v 1228.442 -80.614 -3984.018
v 1227.362 -80.970 -3988.881
v 1219.552 -81.341 -3987.146
f 2713 2714 2715
f 2715 2716 2713
v 1219.460 -81.394 -3987.845
v 1227.453 -80.922 -3988.182
v 1227.186 -81.323 -3994.524
v 1219.193 -81.846 -3994.188
f 2717 2718 2719
f 2719 2720 2717
v 1219.191 -81.851 -3994.261
v 1227.189 -81.318 -3994.450
v 1227.055 -81.670 -4000.106
v 1219.057 -82.250 -3999.917
f 2721 2722 2723
f 2723 2724 2721
v 1219.057 -82.250 -3999.921
v 1227.055 -81.670 -4000.101
v 1226.922 -82.041 -4006.034
v 1218.924 -82.669 -4005.854
f 2725 2726 2727
f 2727 2728 2725
v 1218.945 -82.645 -4005.525
v 1226.901 -82.063 -4006.363
v 1226.489 -82.315 -4010.274
v 1218.533 -82.934 -4009.436
f 2729 2730 2731
f 2731 2732 2729
v 1218.602 -82.907 -4009.007
v 1226.420 -82.341 -4010.703
v 1225.073 -82.751 -4016.913
v 1217.255 -83.322 -4015.218
f 2733 2734 2735
f 2735 2736 2733
v 1217.245 -83.325 -4015.261
v 1225.082 -82.748 -4016.870
v 1224.002 -83.100 -4022.129
v 1216.166 -83.679 -4020.520
f 2737 2738 2739
f 2739 2740 2737
v 1216.122 -83.695 -4020.777
v 1224.046 -83.083 -4021.872
v 1223.245 -83.442 -4027.672
v 1215.320 -84.063 -4026.577
f 2741 2742 2743
f 2743 2744 2741
v 1215.304 -84.071 -4026.708
v 1223.261 -83.434 -4027.542
v 1222.582 -83.821 -4034.017
v 1214.625 -84.469 -4033.182
f 2745 2746 2747
f 2747 2748 2745
v 1214.624 -84.470 -4033.194
v 1222.583 -83.820 -4034.005
v 1221.236 -84.426 -4047.219
v 1213.277 -85.096 -4046.407
f 2749 2750 2751
f 2751 2752 2749
v 1213.321 -85.084 -4046.095
v 1221.191 -84.439 -4047.531
v 1220.379 -84.639 -4051.984
v 1212.509 -85.271 -4050.548
f 2753 2754 2755
f 2755 2756 2753
v 1213.012 -85.193 -4049.211
v 1219.875 -84.716 -4053.321
v 1218.261 -84.922 -4056.016
v 1211.398 -85.402 -4051.906
f 2757 2758 2759
f 2759 2760 2757
v 1211.748 -85.359 -4051.411
v 1217.911 -84.965 -4056.512
v 1216.018 -85.187 -4058.798
v 1209.856 -85.582 -4053.696
f 2761 2762 2763
f 2763 2764 2761
v 1209.590 -85.615 -4054.057
v 1216.284 -85.155 -4058.438
v 1213.457 -85.514 -4062.758
v 1206.763 -85.978 -4058.378
f 2765 2766 2767
f 2767 2768 2765
v 1206.760 -85.979 -4058.382
v 1213.460 -85.514 -4062.754
v 1211.701 -85.740 -4065.449
v 1205.001 -86.208 -4061.078
f 2769 2770 2771
f 2771 2772 2769
v 1204.771 -86.240 -4061.479
v 1211.931 -85.709 -4065.048
v 1209.916 -85.997 -4069.091
v 1202.756 -86.533 -4065.523
f 2773 2774 2775
f 2775 2776 2773
v 1202.402 -86.595 -4066.585
v 1210.270 -85.937 -4068.029
v 1209.725 -86.026 -4071.002
v 1201.856 -86.730 -4069.558
f 2777 2778 2779
f 2779 2780 2777
v 1201.822 -86.733 -4070.785
v 1209.758 -86.030 -4069.775
v 1210.170 -85.975 -4073.012
v 1202.234 -86.677 -4074.022
f 2781 2782 2783
f 2783 2784 2781
v 1202.222 -86.679 -4073.912
v 1210.183 -85.973 -4073.123
v 1210.851 -85.875 -4079.861
v 1202.890 -86.578 -4080.650
f 2785 2786 2787
f 2787 2788 2785
v 1202.894 -86.577 -4080.693
v 1210.846 -85.876 -4079.819
v 1211.247 -85.819 -4083.466
v 1203.295 -86.519 -4084.340
f 2789 2790 2791
f 2791 2792 2789
v 1203.271 -86.524 -4083.903
v 1211.271 -85.815 -4083.903
v 1211.271 -85.791 -4088.078
v 1203.271 -86.499 -4088.078
f 2793 2794 2795
f 2795 2796 2793
v 1203.310 -86.499 -4087.518
v 1211.232 -85.791 -4088.638
v 1210.697 -85.817 -4092.417
v 1202.776 -86.523 -4091.297
f 2797 2798 2799
f 2799 2800 2797
v 1203.218 -86.492 -4089.955
v 1210.256 -85.848 -4093.759
v 1208.363 -85.995 -4097.261
v 1201.325 -86.638 -4093.457
f 2801 2802 2803
f 2803 2804 2801
v 1201.498 -86.624 -4093.167
v 1208.191 -86.008 -4097.550
v 1205.897 -86.161 -4101.052
v 1199.205 -86.805 -4096.669
f 2805 2806 2807
f 2807 2808 2805
v 1199.543 -86.778 -4096.224
v 1205.559 -86.173 -4101.497
v 1203.544 -86.258 -4103.796
v 1197.528 -86.940 -4098.523
f 2809 2810 2811
f 2811 2812 2809
v 1197.262 -86.962 -4098.861
v 1203.810 -86.248 -4103.458
v 1201.918 -86.303 -4106.153
v 1195.370 -87.062 -4101.557
f 2813 2814 2815
f 2815 2816 2813
v 1194.650 -87.017 -4104.075
v 1202.638 -86.343 -4103.636
v 1202.771 -86.234 -4106.067
v 1194.783 -86.901 -4106.506
f 2817 2818 2819
f 2819 2820 2817
v 1194.948 -86.847 -4107.441
v 1202.607 -86.285 -4105.132
v 1203.420 -86.108 -4107.827
v 1195.760 -86.663 -4110.136
f 2821 2822 2823
f 2823 2824 2821
v 1196.049 -86.609 -4110.843
v 1203.131 -86.160 -4107.121
v 1204.478 -85.944 -4109.685
v 1197.396 -86.388 -4113.406
f 2825 2826 2827
f 2827 2828 2825
v 1197.118 -86.439 -4112.737
v 1204.755 -85.894 -4110.354
v 1206.648 -85.498 -4116.419
v 1199.011 -86.029 -4118.802
f 2829 2830 2831
f 2831 2832 2829
v 1198.901 -86.056 -4118.366
v 1206.757 -85.472 -4116.854
v 1208.238 -85.055 -4124.544
v 1200.382 -85.620 -4126.057
f 2833 2834 2835
f 2835 2836 2833
v 1200.311 -85.659 -4125.231
v 1208.309 -85.018 -4125.370
v 1208.176 -84.670 -4133.060
v 1200.177 -85.291 -4132.921
f 2837 2838 2839
f 2839 2840 2837
v 1200.222 -85.324 -4132.387
v 1208.131 -84.639 -4133.594
v 1207.184 -84.307 -4139.792
v 1199.276 -84.966 -4138.584
f 2841 2842 2843
f 2843 2844 2841
v 1199.346 -84.986 -4138.232
v 1207.114 -84.289 -4140.144
v 1205.088 -83.891 -4148.376
v 1197.320 -84.553 -4146.464
f 2845 2846 2847
f 2847 2848 2845
v 1197.400 -84.568 -4146.184
v 1205.008 -83.878 -4148.655
v 1201.636 -83.398 -4159.041
v 1194.027 -84.049 -4156.570
f 2849 2850 2851
f 2851 2852 2849
v 1194.238 -84.073 -4156.048
v 1201.424 -83.375 -4159.564
v 1198.062 -83.011 -4166.435
v 1190.876 -83.745 -4162.919
f 2853 2854 2855
f 2855 2856 2853
v 1190.727 -83.722 -4163.265
v 1198.212 -83.032 -4166.088
v 1192.412 -81.967 -4181.469
v 1184.927 -82.589 -4178.646
f 2857 2858 2859
f 2859 2860 2857
v 1185.015 -82.605 -4178.431
v 1192.324 -81.952 -4181.684
v 1186.925 -81.050 -4193.814
v 1179.616 -81.660 -4190.561
f 2861 2862 2863
f 2863 2864 2861
v 1179.635 -81.663 -4190.518
v 1186.906 -81.046 -4193.856
v 1184.613 -80.640 -4198.851
v 1177.342 -81.244 -4195.513
f 2865 2866 2867
f 2867 2868 2865
v 1177.156 -81.201 -4196.001
v 1184.799 -80.682 -4198.363
v 1183.051 -80.178 -4204.018
v 1175.408 -80.691 -4201.656
f 2869 2870 2871
f 2871 2872 2869
v 1175.325 -80.662 -4201.970
v 1183.135 -80.207 -4203.704
v 1182.055 -79.751 -4208.567
v 1174.245 -80.206 -4206.833
f 2873 2874 2875
f 2875 2876 2873
v 1174.214 -80.192 -4206.985
v 1182.085 -79.765 -4208.415
v 1180.738 -79.050 -4215.828
v 1172.867 -79.486 -4214.398
f 2877 2878 2879
f 2879 2880 2877
v 1172.869 -79.487 -4214.390
v 1180.737 -79.049 -4215.835
v 1179.524 -78.406 -4222.442
v 1171.655 -78.860 -4220.997
f 2881 2882 2883
f 2883 2884 2881
v 1171.624 -78.841 -4221.194
v 1179.555 -78.423 -4222.245
v 1178.876 -77.990 -4227.372
v 1170.945 -78.406 -4226.321
f 2885 2886 2887
f 2887 2888 2885
v 1170.931 -78.324 -4227.254
v 1178.890 -78.072 -4226.439
v 1179.290 -77.712 -4230.350
v 1171.332 -77.964 -4231.165
f 2889 2890 2891
f 2891 2892 2889
v 1171.346 -77.953 -4231.283
v 1179.276 -77.723 -4230.232
v 1179.688 -77.444 -4233.337
v 1171.758 -77.662 -4234.389
f 2893 2894 2895
f 2895 2896 2893
v 1171.758 -77.662 -4234.387
v 1179.689 -77.444 -4233.339
v 1180.223 -77.083 -4237.382
v 1172.292 -77.284 -4238.430
f 2897 2898 2899
f 2899 2900 2897
v 1172.257 -77.332 -4237.906
v 1180.257 -77.037 -4237.906
v 1180.257 -76.646 -4242.359
v 1172.257 -76.940 -4242.359
f 2901 2902 2903
f 2903 2904 2901
v 1172.277 -76.973 -4241.965
v 1180.238 -76.612 -4242.754
v 1179.704 -76.140 -4248.145
v 1171.743 -76.521 -4247.356
f 2905 2906 2907
f 2907 2908 2905
v 1171.772 -76.539 -4247.129
v 1179.675 -76.120 -4248.371
v 1178.996 0.050 -4252.692
v 1171.093 -76.187 -4251.450
f 2909 2910 2911
f 2911 2912 2909
v 1171.274 -76.243 -4250.734
v 1178.814 0.050 -4253.408
v 1177.333 0.050 -4257.583
v 1169.793 0.050 -4254.910
f 2913 2914 2915
f 2915 2916 2913
v 1170.076 0.050 -4254.288
v 1177.051 0.050 -4258.205
v 1175.159 0.050 -4261.575
v 1168.183 0.050 -4257.657
f 2917 2918 2919
f 2919 2920 2917
v 1168.056 0.050 -4257.905
v 1175.286 0.050 -4261.327
v 1174.073 0.050 -4263.891
v 1166.842 0.050 -4260.468
f 2921 2922 2923
f 2923 2924 2921
v 1166.663 0.050 -4260.915
v 1174.253 0.050 -4263.444
v 1172.906 0.050 -4267.487
v 1165.316 0.050 -4264.959
f 2925 2926 2927
f 2927 2928 2925
v 1165.230 0.050 -4265.251
v 1172.991 0.050 -4267.194
v 1172.045 0.050 -4270.973
v 1164.284 0.050 -4269.030
f 2929 2930 2931
f 2931 2932 2929
v 1164.239 0.050 -4269.235
v 1172.090 0.050 -4270.768
v 1169.931 0.050 -4281.828
v 1162.079 0.050 -4280.295
f 2933 2934 2935
f 2935 2936 2933
v 1162.053 0.050 -4280.441
v 1169.956 0.050 -4281.683
v 1167.941 0.050 -4294.500
v 1160.039 0.050 -4293.258
f 2937 2938 2939
f 2939 2940 2937
v 1160.008 0.050 -4293.501
v 1167.972 0.050 -4294.257
v 1167.026 0.050 -4304.233
v 1159.062 0.050 -4303.478
f 2941 2942 2943
f 2943 2944 2941
v 1159.141 0.050 -4302.977
v 1166.946 0.050 -4304.733
v 1163.974 0.050 -4317.947
v 1156.169 0.050 -4316.191
f 2945 2946 2947
f 2947 2948 2945
v 1156.170 0.050 -4316.186
v 1163.973 0.050 -4317.952
v 1161.958 0.050 -4326.858
v 1154.155 0.050 -4325.092
f 2949 2950 2951
f 2951 2952 2949
v 1154.157 0.050 -4325.086
v 1161.957 0.050 -4326.864
v 1159.252 0.050 -4338.730
v 1151.452 0.050 -4336.952
f 2953 2954 2955
f 2955 2956 2953
v 1151.610 0.050 -4336.426
v 1159.093 0.050 -4339.255
v 1156.800 0.050 -4345.321
v 1149.317 0.050 -4342.491
f 2957 2958 2959
f 2959 2960 2957
v 1149.348 0.050 -4342.412
v 1156.769 0.050 -4345.400
v 1153.129 0.050 -4354.438
v 1145.708 0.050 -4351.450
f 2961 2962 2963
f 2963 2964 2961
v 1145.786 0.050 -4351.269
v 1153.051 0.050 -4354.619
v 1149.010 0.050 -4363.380
v 1141.745 0.050 -4360.029
f 2965 2966 2967
f 2967 2968 2965
v 1141.593 0.050 -4360.409
v 1149.162 0.050 -4363.001
v 1138.909 0.050 -4392.943
v 1131.341 0.050 -4390.351
f 2969 2970 2971
f 2971 2972 2969
v 1131.323 0.050 -4390.404
v 1138.927 0.050 -4392.890
v 1136.767 0.050 -4399.497
v 1129.163 0.050 -4397.011
f 2973 2974 2975
f 2975 2976 2973
v 1129.043 0.050 -4397.470
v 1136.888 0.050 -4399.037
v 1135.407 0.050 -4406.450
v 1127.562 0.050 -4404.883
f 2977 2978 2979
f 2979 2980 2977
v 1127.557 0.050 -4404.909
v 1135.412 0.050 -4406.425
v 1133.798 0.050 -4414.789
v 1125.943 0.050 -4413.273
f 2981 2982 2983
f 2983 2984 2981
v 1125.879 0.050 -4413.772
v 1133.862 0.050 -4414.290
v 1131.569 0.050 -4449.624
v 1123.586 0.050 -4449.106
f 2985 2986 2987
f 2987 2988 2985
v 1123.582 0.050 -4449.558
v 1131.573 0.050 -4449.172
v 1131.840 0.050 -4454.709
v 1123.849 0.050 -4455.094
f 2989 2990 2991
f 2991 2992 2989
v 1123.851 0.050 -4455.121
v 1131.838 0.050 -4454.681
v 1132.106 0.050 -4459.531
v 1124.118 0.050 -4459.971
f 2993 2994 2995
f 2995 2996 2993
v 1124.154 0.050 -4460.333
v 1132.069 0.050 -4459.169
v 1132.882 0.050 -4464.692
v 1124.967 0.050 -4465.857
f 2997 2998 2999
f 2999 3000 2997
v 1125.172 0.050 -4466.660
v 1132.677 0.050 -4463.888
v 1134.024 0.050 -4467.535
v 1126.519 0.050 -4470.307
f 3001 3002 3003
f 3003 3004 3001
v 1126.628 0.050 -4470.572
v 1133.915 0.050 -4467.270
v 1135.807 0.050 -4471.446
v 1128.520 0.050 -4474.748
f 3005 3006 3007
f 3007 3008 3005
v 1128.677 0.050 -4475.057
v 1135.651 0.050 -4471.137
v 1139.825 0.050 -4478.563
v 1132.851 0.050 -4482.483
f 3009 3010 3011
f 3011 3012 3009
v 1132.803 0.050 -4482.394
v 1139.874 0.050 -4478.652
v 1142.300 0.050 -4483.237
v 1135.230 0.050 -4486.979
f 3013 3014 3015
f 3015 3016 3013
v 1134.824 0.050 -4485.792
v 1142.706 0.050 -4484.424
v 1143.385 0.050 -4488.335
v 1135.503 0.050 -4489.704
f 3017 3018 3019
f 3019 3020 3017
v 1135.444 0.050 -4489.020
v 1143.444 0.050 -4489.020
v 1143.444 0.050 -4493.605
v 1135.444 0.050 -4493.605
f 3021 3022 3023
f 3023 3024 3021
v 1135.539 0.050 -4492.738
v 1143.349 0.050 -4494.472
v 1142.002 0.050 -4500.537
v 1134.192 0.050 -4498.803
f 3025 3026 3027
f 3027 3028 3025
v 1134.356 0.050 -4498.254
v 1141.838 0.050 -4501.086
v 1139.133 0.050 -4508.234
v 1131.651 0.050 -4505.403
f 3029 3030 3031
f 3031 3032 3029
v 1131.467 0.050 -4506.048
v 1139.317 0.050 -4507.589
v 1137.703 0.050 -4515.809
v 1129.853 0.050 -4514.267
f 3033 3034 3035
f 3035 3036 3033
v 1129.779 0.050 -4514.936
v 1137.777 0.050 -4515.139
v 1137.643 0.050 -4520.398
v 1129.646 0.050 -4520.195
f 3037 3038 3039
f 3039 3040 3037
v 1129.645 0.050 -4520.387
v 1137.643 0.050 -4520.207
v 1137.777 0.050 -4526.153
v 1129.779 0.050 -4526.333
f 3041 3042 3043
f 3043 3044 3041
v 1129.841 0.050 -4526.952
v 1137.715 0.050 -4525.534
v 1139.195 0.050 -4533.753
v 1131.322 0.050 -4535.171
f 3045 3046 3047
f 3047 3048 3045
v 1131.466 0.050 -4535.733
v 1139.051 0.050 -4533.192
v 1140.543 0.050 -4537.645
v 1132.957 0.050 -4540.186
f 3049 3050 3051
f 3051 3052 3049
v 1133.072 0.050 -4540.486
v 1140.429 0.050 -4537.344
v 1142.043 0.050 -4541.123
v 1134.686 0.050 -4544.266
f 3053 3054 3055
f 3055 3056 3053
v 1134.785 0.050 -4544.479
v 1141.944 0.050 -4540.910
v 1143.558 0.050 -4544.147
v 1136.399 0.050 -4547.717
f 3057 3058 3059
f 3059 3060 3057
v 1136.867 0.050 -4548.445
v 1143.090 0.050 -4543.418
v 1146.463 0.050 -4547.594
v 1140.240 0.050 -4552.621
f 3061 3062 3063
f 3063 3064 3061
v 1140.462 0.050 -4552.873
v 1146.241 0.050 -4547.342
v 1149.213 0.050 -4550.447
v 1143.434 0.050 -4555.978
f 3065 3066 3067
f 3067 3068 3065
v 1143.911 0.050 -4556.403
v 1148.736 0.050 -4550.022
v 1154.258 0.050 -4554.198
v 1149.432 0.050 -4560.579
f 3069 3070 3071
f 3071 3072 3069
v 1149.469 0.050 -4560.606
v 1154.221 0.050 -4554.170
v 1160.432 0.050 -4558.755
v 1155.681 0.050 -4565.192
f 3073 3074 3075
f 3075 3076 3073
v 1155.704 0.050 -4565.208
v 1160.410 0.050 -4558.739
v 1163.371 0.050 -4560.893
v 1158.665 0.050 -4567.362
f 3077 3078 3079
f 3079 3080 3077
v 1158.090 0.050 -4566.852
v 1163.946 0.050 -4561.402
v 1167.586 0.050 -4565.314
v 1161.730 0.050 -4570.764
f 3081 3082 3083
f 3083 3084 3081
v 1161.421 0.050 -4570.388
v 1167.895 0.050 -4565.689
v 1170.734 0.050 -4569.601
v 1164.259 0.050 -4574.299
f 3085 3086 3087
f 3087 3088 3085
v 1164.023 0.050 -4573.934
v 1170.970 0.050 -4569.966
v 1174.744 0.050 -4576.573
v 1167.797 0.050 -4580.541
f 3089 3090 3091
f 3091 3092 3089
v 1167.599 0.050 -4580.146
v 1174.941 0.050 -4576.968
v 1178.448 0.050 -4585.068
v 1171.106 0.050 -4588.246
f 3093 3094 3095
f 3095 3096 3093
v 1170.967 0.050 -4587.877
v 1178.586 0.050 -4585.438
v 1180.612 0.050 -4591.767
v 1172.993 0.050 -4594.206
f 3097 3098 3099
f 3099 3100 3097
v 1172.877 0.050 -4593.754
v 1180.729 0.050 -4592.220
v 1181.942 0.050 -4598.430
v 1174.090 0.050 -4599.964
f 3101 3102 3103
f 3103 3104 3101
v 1174.024 0.050 -4599.444
v 1182.009 0.050 -4598.950
v 1182.276 0.050 -4603.271
v 1174.291 0.050 -4603.765
f 3105 3106 3107
f 3107 3108 3105
v 1174.288 0.050 -4603.334
v 1182.279 0.050 -4603.703
v 1182.012 0.050 -4609.490
v 1174.021 0.050 -4609.121
f 3109 3110 3111
f 3111 3112 3109
v 1174.066 0.050 -4608.680
v 1181.967 0.050 -4609.932
v 1181.154 0.050 -4615.059
v 1173.253 0.050 -4613.807
f 3113 3114 3115
f 3115 3116 3113
v 1173.364 0.050 -4613.311
v 1181.043 0.050 -4615.555
v 1179.151 0.050 -4622.030
v 1171.472 0.050 -4619.786
f 3117 3118 3119
f 3119 3120 3117
v 1171.430 0.050 -4619.940
v 1179.192 0.050 -4621.875
v 1177.578 0.050 -4628.350
v 1169.816 0.050 -4626.415
f 3121 3122 3123
f 3123 3124 3121
v 1169.707 0.050 -4627.101
v 1177.687 0.050 -4627.665
v 1177.420 0.050 -4631.444
v 1169.440 0.050 -4630.880
f 3125 3126 3127
f 3127 3128 3125
v 1169.460 0.050 -4631.654
v 1177.400 0.050 -4630.670
v 1178.067 0.050 -4636.061
v 1170.128 0.050 -4637.045
f 3129 3130 3131
f 3131 3132 3129
v 1170.135 0.050 -4637.100
v 1178.060 0.050 -4636.006
v 1179.140 0.050 -4643.829
v 1171.215 0.050 -4644.923
f 3133 3134 3135
f 3135 3136 3133
v 1171.179 0.050 -4644.467
v 1179.177 0.050 -4644.285
v 1179.444 0.050 -4656.019
v 1171.446 0.050 -4656.201
f 3137 3138 3139
f 3139 3140 3137
v 1171.485 0.050 -4656.675
v 1179.405 0.050 -4655.544
v 1181.831 0.050 -4672.538
v 1173.912 0.050 -4673.669
f 3141 3142 3143
f 3143 3144 3141
v 1173.955 0.050 -4673.917
v 1181.788 0.050 -4672.290
v 1183.413 0.050 -4680.112
v 1175.580 0.050 -4681.740
f 3145 3146 3147
f 3147 3148 3145
v 1175.603 0.050 -4681.843
v 1183.390 0.050 -4680.009
v 1185.550 0.050 -4689.180
v 1177.763 0.050 -4691.013
f 3149 3150 3151
f 3151 3152 3149
v 1177.680 0.050 -4690.534
v 1185.632 0.050 -4689.659
v 1186.434 0.050 -4696.940
v 1178.482 0.050 -4697.815
f 3153 3154 3155
f 3155 3156 3153
v 1165.353 -88.199 -3650.076
v 1162.895 -88.690 -3642.463
v 1167.069 -88.567 -3641.115
v 1169.527 -88.128 -3648.729
f 3157 3158 3159
f 3159 3160 3157
v 1169.585 -88.127 -3648.709
v 1167.011 -88.569 -3641.135
v 1172.143 -88.419 -3639.391
v 1174.717 -88.044 -3646.965
f 3161 3162 3163
f 3163 3164 3161
v 1175.129 -88.039 -3646.799
v 1171.730 -88.431 -3639.557
v 1178.064 -88.263 -3636.584
v 1181.463 -87.875 -3643.826
f 3165 3166 3167
f 3167 3168 3165
v 1181.690 -87.863 -3643.711
v 1177.838 -88.269 -3636.699
v 1184.718 -87.818 -3632.920
v 1188.569 -87.352 -3639.932
f 3169 3170 3171
f 3171 3172 3169
v 1188.999 -87.320 -3639.659
v 1184.288 -87.850 -3633.193
v 1189.275 -87.486 -3629.560
v 1193.986 -86.959 -3636.025
f 3173 3174 3175
f 3175 3176 3173
v 1194.250 -86.940 -3635.816
v 1189.011 -87.505 -3629.769
v 1193.999 -87.149 -3625.449
v 1199.237 -86.585 -3631.495
f 3177 3178 3179
f 3179 3180 3177
v 1199.843 -86.543 -3630.838
v 1193.393 -87.191 -3626.106
v 1197.445 -86.933 -3620.583
v 1203.895 -86.284 -3625.315
f 3181 3182 3183
f 3183 3184 3181
v 1204.446 -86.253 -3624.267
v 1196.893 -86.963 -3621.631
v 1199.721 -86.854 -3613.531
v 1207.274 -86.136 -3616.168
f 3185 3186 3187
f 3187 3188 3185
v 1207.406 -86.132 -3615.698
v 1199.588 -86.858 -3614.001
v 1201.080 -86.624 -3607.130
v 1208.898 -85.962 -3608.827
f 3189 3190 3191
f 3191 3192 3189
v 1208.914 -85.959 -3608.750
v 1201.064 -86.627 -3607.207
v 1203.213 -86.235 -3596.280
v 1211.062 -85.579 -3597.823
f 3193 3194 3195
f 3195 3196 3193
v 1211.068 -85.578 -3597.793
v 1203.207 -86.236 -3596.311
v 1204.108 -86.070 -3591.528
v 1211.970 -85.417 -3593.010
f 3197 3198 3199
f 3199 3200 3197
v 1211.970 -85.417 -3593.009
v 1204.108 -86.070 -3591.528
v 1206.179 -85.623 -3580.535
v 1214.041 -85.031 -3582.016
f 3201 3202 3203
f 3203 3204 3201
v 1214.103 -85.002 -3581.498
v 1206.116 -85.654 -3581.053
v 1206.650 -85.135 -3571.473
v 1214.638 -84.515 -3571.919
f 3205 3206 3207
f 3207 3208 3205
v 1214.639 -84.513 -3571.887
v 1206.649 -85.137 -3571.506
v 1207.194 -84.529 -3560.050
v 1215.185 -83.944 -3560.431
f 3209 3210 3211
f 3211 3212 3209
v 1215.148 -83.964 -3560.817
v 1207.231 -84.508 -3559.665
v 1208.979 -83.687 -3547.654
v 1216.895 -83.215 -3548.806
f 3213 3214 3215
f 3215 3216 3213
v 1216.912 -83.205 -3548.678
v 1208.962 -83.697 -3547.783
v 1210.176 -82.851 -3537.001
v 1218.125 -82.411 -3537.896
f 3217 3218 3219
f 3219 3220 3217
v 1217.959 -82.472 -3538.672
v 1210.342 -82.786 -3536.226
v 1212.769 -82.113 -3528.668
v 1220.386 -81.831 -3531.114
f 3221 3222 3223
f 3223 3224 3221
v 1220.247 -81.863 -3531.483
v 1212.908 -82.079 -3528.299
v 1215.602 -81.507 -3522.089
v 1222.941 -81.285 -3525.273
f 3225 3226 3227
f 3227 3228 3225
v 1222.942 -81.285 -3525.271
v 1215.601 -81.507 -3522.091
v 1216.413 -81.320 -3520.215
v 1223.754 -81.117 -3523.394
f 3229 3230 3231
f 3231 3232 3229
v 1222.970 -81.240 -3524.574
v 1217.198 -81.189 -3519.035
v 1220.303 -80.788 -3515.798
v 1226.076 -80.841 -3521.337
f 3233 3234 3235
f 3235 3236 3233
v 1225.354 -80.926 -3521.931
v 1221.025 -80.705 -3515.204
v 1226.691 -80.151 -3511.557
v 1231.021 -80.345 -3518.284
f 3237 3238 3239
f 3239 3240 3237
v 1231.846 -80.254 -3517.577
v 1225.865 -80.240 -3512.264
v 1228.025 -79.971 -3509.833
v 1234.006 -79.989 -3515.146
f 3241 3242 3243
f 3243 3244 3241
v 1234.751 -79.879 -3513.920
v 1227.280 -80.088 -3511.059
v 1227.948 -79.941 -3509.315
v 1235.419 -79.746 -3512.176
f 3245 3246 3247
f 3247 3248 3245
v 1235.669 -79.673 -3511.089
v 1227.698 -80.024 -3510.403
v 1227.965 -79.809 -3507.298
v 1235.936 -79.488 -3507.984
f 3249 3250 3251
f 3251 3252 3249
v 1235.941 -79.453 -3507.359
v 1227.961 -79.850 -3507.923
v 1227.827 -79.733 -3506.033
v 1235.807 -79.355 -3505.469
f 3253 3254 3255
f 3255 3256 3253
v 1235.458 -79.293 -3504.094
v 1228.176 -79.807 -3507.408
v 1226.829 -79.671 -3504.448
v 1234.111 -79.179 -3501.135
f 3257 3258 3259
f 3259 3260 3257
v 1233.306 -79.141 -3499.971
v 1227.634 -79.714 -3505.612
v 1225.886 -79.670 -3503.855
v 1231.558 -79.097 -3498.214
f 3261 3262 3263
f 3263 3264 3261
v 1230.914 -79.086 -3497.688
v 1226.531 -79.679 -3504.380
v 1214.386 -79.553 -3496.426
v 1218.769 -78.895 -3489.734
f 3265 3266 3267
f 3267 3268 3265
v 1218.958 -78.899 -3489.866
v 1214.197 -79.550 -3496.295
v 1210.557 -79.459 -3493.599
v 1215.318 -78.807 -3487.170
f 3269 3270 3271
f 3271 3272 3269
v 1215.889 -78.829 -3487.685
v 1209.986 -79.435 -3493.085
v 1207.025 -79.265 -3489.847
v 1212.928 -78.665 -3484.448
f 3273 3274 3275
f 3275 3276 3273
v 1213.113 -78.677 -3484.666
v 1206.839 -79.253 -3489.629
v 1204.278 -79.061 -3486.392
v 1210.553 -78.490 -3481.429
f 3277 3278 3279
f 3279 3280 3277
v 1211.076 -78.546 -3482.296
v 1203.756 -79.003 -3485.525
v 1202.264 -78.758 -3482.142
v 1209.584 -78.314 -3478.914
f 3281 3282 3283
f 3283 3284 3281
v 1209.253 -78.273 -3478.310
v 1202.595 -78.801 -3482.746
v 1201.248 -78.662 -3480.724
v 1207.906 -78.140 -3476.289
f 3285 3286 3287
f 3287 3288 3285
v 1207.513 -78.108 -3475.790
v 1201.641 -78.695 -3481.223
v 1200.027 -78.585 -3479.479
v 1205.899 -77.998 -3474.045
f 3289 3290 3291
f 3291 3292 3289
v 1204.594 -77.946 -3473.110
v 1201.332 -78.634 -3480.415
v 1198.905 -78.598 -3479.332
v 1202.167 -77.901 -3472.026
f 3293 3294 3295
f 3295 3296 3293
v 1200.938 -77.896 -3471.699
v 1200.134 -78.598 -3479.659
v 1196.082 -78.657 -3479.249
v 1196.886 -77.933 -3471.290
f 3297 3298 3299
f 3299 3300 3297
v 1196.408 -77.940 -3471.270
v 1196.560 -78.648 -3479.269
v 1188.879 -78.842 -3479.414
v 1188.727 -78.092 -3471.415
f 3301 3302 3303
f 3303 3304 3301
v 1189.250 -78.085 -3471.440
v 1188.356 -78.852 -3479.390
v 1181.076 -78.942 -3478.570
v 1181.970 -78.135 -3470.621
f 3305 3306 3307
f 3307 3308 3305
v 1182.365 -78.135 -3470.685
v 1180.681 -78.945 -3478.506
v 1171.909 -79.076 -3476.616
v 1173.593 -78.223 -3468.796
f 3309 3310 3311
f 3311 3312 3309
v 1173.363 -78.228 -3468.753
v 1172.139 -79.071 -3476.659
v 1169.579 -79.132 -3476.263
v 1170.802 -78.290 -3468.357
f 3313 3314 3315
f 3315 3316 3313
v 1169.306 -78.354 -3468.409
v 1171.075 -79.068 -3476.211
v 1168.103 -79.253 -3476.885
v 1166.334 -78.540 -3469.083
f 3317 3318 3319
f 3319 3320 3317
v 1165.741 -78.582 -3469.266
v 1168.695 -79.211 -3476.701
v 1166.001 -79.425 -3477.771
v 1163.048 -78.796 -3470.336
f 3321 3322 3323
f 3323 3324 3321
v 1164.060 -78.731 -3470.081
v 1164.988 -79.490 -3478.027
v 1161.482 -79.669 -3478.436
v 1160.554 -78.911 -3470.490
f 3325 3326 3327
f 3327 3328 3325
v 1160.801 -78.899 -3470.469
v 1161.234 -79.681 -3478.458
v 1156.113 -79.911 -3478.735
v 1155.681 -79.130 -3470.747
f 3329 3330 3331
f 3331 3332 3329
v 1156.092 -79.113 -3470.746
v 1155.702 -79.927 -3478.736
v 1152.729 -80.030 -3478.591
v 1153.120 -79.217 -3470.600
f 3333 3334 3335
f 3335 3336 3333
v 1153.800 -79.199 -3470.692
v 1152.050 -80.047 -3478.499
v 1145.449 -80.160 -3477.019
v 1147.199 -79.314 -3469.213
f 3337 3338 3339
f 3339 3340 3337
v 1147.220 -79.313 -3469.217
v 1145.428 -80.160 -3477.014
v 1141.921 -80.218 -3476.208
v 1143.713 -79.372 -3468.411
f 3341 3342 3343
f 3343 3344 3341
v 1142.817 -79.398 -3468.310
v 1142.817 -80.193 -3476.310
v 1140.524 -80.284 -3476.310
v 1140.524 -79.489 -3468.310
f 3345 3346 3347
f 3347 3348 3345
v 1139.888 -79.520 -3468.361
v 1141.160 -80.253 -3476.259
v 1136.974 -80.501 -3476.933
v 1135.702 -79.801 -3469.034
f 3349 3350 3351
f 3351 3352 3349
v 1135.538 -79.814 -3469.064
v 1137.138 -80.489 -3476.903
v 1130.537 -80.984 -3478.250
v 1128.937 -80.347 -3470.412
f 3353 3354 3355
f 3355 3356 3353
v 1129.574 -80.301 -3470.335
v 1129.900 -81.026 -3478.328
v 1126.661 -81.216 -3478.460
v 1126.335 -80.510 -3470.467
f 3357 3358 3359
f 3359 3360 3357
v 1127.702 -80.444 -3470.649
v 1125.294 -81.274 -3478.278
v 1122.321 -81.355 -3477.340
v 1124.729 -80.540 -3469.711
f 3361 3362 3363
f 3363 3364 3361
v 1125.464 -80.524 -3470.027
v 1121.586 -81.369 -3477.024
v 1118.892 -81.392 -3475.531
v 1122.770 -80.557 -3468.534
f 3365 3366 3367
f 3367 3368 3365
v 1122.483 -80.562 -3468.389
v 1119.180 -81.388 -3475.675
v 1116.207 -81.446 -3474.328
v 1119.511 -80.633 -3467.042
f 3369 3370 3371
f 3371 3372 3369
v 1118.579 -80.667 -3466.750
v 1117.139 -81.416 -3474.619
v 1114.178 -81.543 -3474.078
v 1115.618 -80.811 -3466.208
f 3373 3374 3375
f 3375 3376 3373
v 1115.551 -80.814 -3466.197
v 1114.245 -81.540 -3474.089
v 1108.579 -81.796 -3473.151
v 1109.885 -81.103 -3465.258
f 3377 3378 3379
f 3379 3380 3377
v 1109.783 -81.109 -3465.243
v 1108.681 -81.791 -3473.167
v 1102.882 -82.073 -3472.361
v 1103.983 -81.425 -3464.437
f 3381 3382 3383
f 3383 3384 3381
v 1104.702 -81.390 -3464.606
v 1102.162 -82.104 -3472.192
v 1097.309 -82.281 -3470.567
v 1099.849 -81.592 -3462.981
f 3385 3386 3387
f 3387 3388 3385
v 1100.885 -81.561 -3463.505
v 1096.272 -82.313 -3470.042
v 1093.033 -82.412 -3467.756
v 1097.645 -81.618 -3461.220
f 3389 3390 3391
f 3391 3392 3389
v 1098.291 -81.613 -3461.788
v 1092.388 -82.426 -3467.188
v 1089.427 -82.469 -3463.951
v 1095.330 -81.651 -3458.551
f 3393 3394 3395
f 3395 3396 3393
v 1096.119 -81.651 -3459.835
v 1088.637 -82.460 -3462.667
v 1087.157 -82.388 -3458.756
v 1094.639 -81.573 -3455.924
f 3397 3398 3399
f 3399 3400 3397
v 1094.857 -81.599 -3456.773
v 1086.938 -82.369 -3457.907
v 1085.992 -82.160 -3451.301
v 1093.911 -81.339 -3450.166
f 3401 3402 3403
f 3403 3404 3401
v 1093.951 -81.360 -3450.649
v 1085.952 -82.143 -3450.818
v 1085.819 -81.875 -3444.476
v 1093.817 -81.042 -3444.307
f 3405 3406 3407
f 3407 3408 3405
v 1093.818 -81.046 -3444.391
v 1085.818 -81.871 -3444.391
v 1085.818 -81.602 -3438.327
v 1093.818 -80.729 -3438.327
f 3409 3410 3411
f 3411 3412 3409
v 1093.769 -80.702 -3437.706
v 1085.866 -81.625 -3438.948
v 1085.187 -81.510 -3434.627
v 1093.090 -80.554 -3433.385
f 3413 3414 3415
f 3415 3416 3413
v 1093.000 -80.542 -3432.963
v 1085.277 -81.518 -3435.050
v 1084.331 -81.475 -3431.548
v 1092.054 -80.496 -3429.461
f 3417 3418 3419
f 3419 3420 3417
v 1091.755 -80.507 -3428.686
v 1084.630 -81.473 -3432.323
v 1081.669 -81.645 -3426.523
v 1088.794 -80.691 -3422.886
f 3421 3422 3423
f 3423 3424 3421
v 1088.152 -80.743 -3421.971
v 1082.311 -81.591 -3427.438
v 1080.419 -81.768 -3425.417
v 1086.259 -80.919 -3419.949
f 3425 3426 3427
f 3427 3428 3425
v 1086.134 -80.931 -3419.822
v 1080.544 -81.756 -3425.544
v 1074.877 -82.322 -3420.008
v 1080.468 -81.498 -3414.286
f 3429 3430 3431
f 3431 3432 3429
v 1080.900 -81.455 -3414.783
v 1074.446 -82.365 -3419.510
v 1071.485 -82.655 -3415.467
v 1077.939 -81.739 -3410.740
f 3433 3434 3435
f 3435 3436 3433
v 1078.243 -81.710 -3411.224
v 1071.181 -82.685 -3414.983
v 1066.728 -83.115 -3406.620
v 1073.790 -82.116 -3402.860
f 3437 3438 3439
f 3439 3440 3437
v 1074.008 -82.096 -3403.344
v 1066.510 -83.136 -3406.136
v 1064.351 -83.336 -3400.335
v 1071.848 -82.312 -3397.544
f 3441 3442 3443
f 3443 3444 3441
v 1071.897 -82.306 -3397.683
v 1064.302 -83.341 -3400.197
v 1058.769 -84.032 -3383.483
v 1066.364 -82.989 -3380.969
f 3445 3446 3447
f 3447 3448 3445
v 1066.472 -82.976 -3381.361
v 1058.661 -84.045 -3383.091
v 1057.292 -84.212 -3376.907
v 1065.103 -83.139 -3375.177
f 3449 3450 3451
f 3451 3452 3449
v 1065.103 -83.140 -3375.177
v 1057.292 -84.212 -3376.908
v 1055.433 -84.448 -3368.518
v 1063.244 -83.394 -3366.787
f 3453 3454 3455
f 3455 3456 3453
v 1063.029 -83.427 -3366.108
v 1055.648 -84.416 -3369.196
v 1053.222 -84.779 -3363.396
v 1060.602 -83.789 -3360.308
f 3457 3458 3459
f 3459 3460 3457
v 1060.560 -83.795 -3360.211
v 1053.264 -84.773 -3363.493
v 1050.292 -85.202 -3356.887
v 1057.587 -84.218 -3353.604
f 3461 3462 3463
f 3463 3464 3461
v 1057.724 -84.198 -3353.951
v 1050.155 -85.221 -3356.541
v 1048.541 -85.446 -3351.824
v 1056.110 -84.425 -3349.234
f 3465 3466 3467
f 3467 3468 3465
v 1056.287 -84.400 -3349.976
v 1048.364 -85.470 -3351.081
v 1047.818 -85.543 -3347.170
v 1055.742 -84.483 -3346.065
f 3469 3470 3471
f 3471 3472 3469
v 1055.715 -84.482 -3347.334
v 1047.845 -85.539 -3345.901
v 1048.924 -85.395 -3339.969
v 1056.795 -84.368 -3341.402
f 3473 3474 3475
f 3475 3476 3473
v 1056.829 -84.365 -3341.184
v 1048.891 -85.399 -3340.187
v 1049.704 -85.310 -3333.713
v 1057.641 -84.321 -3334.709
f 3477 3478 3479
f 3479 3480 3477
v 1057.672 -84.322 -3334.211
v 1049.672 -85.313 -3334.211
v 1049.672 -85.328 -3329.217
v 1057.672 -84.375 -3329.217
f 3481 3482 3483
f 3483 3484 3481
v 1057.613 -84.389 -3328.533
v 1049.731 -85.319 -3329.901
v 1049.052 -85.411 -3325.990
v 1056.934 -84.506 -3324.622
f 3485 3486 3487
f 3487 3488 3485
v 1056.505 -84.565 -3323.391
v 1049.482 -85.357 -3327.221
v 1047.868 -85.553 -3324.262
v 1054.891 -84.768 -3320.431
f 3489 3490 3491
f 3491 3492 3489
v 1054.823 -84.776 -3320.311
v 1047.936 -85.544 -3324.382
v 1044.429 -85.940 -3318.449
v 1051.316 -85.198 -3314.378
f 3493 3494 3495
f 3495 3496 3493
v 1050.946 -85.239 -3313.854
v 1044.799 -85.900 -3318.974
v 1038.053 -86.581 -3310.875
v 1044.200 -85.935 -3305.755
f 3497 3498 3499
f 3499 3500 3497
v 1043.886 -85.965 -3305.419
v 1038.367 -86.552 -3311.210
v 1035.996 -86.773 -3308.951
v 1041.515 -86.180 -3303.159
f 3501 3502 3503
f 3503 3504 3501
v 1041.524 -86.179 -3303.168
v 1035.987 -86.774 -3308.942
v 1032.157 -87.095 -3305.269
v 1037.695 -86.498 -3299.495
f 3505 3506 3507
f 3507 3508 3505
v 1036.489 -86.595 -3298.700
v 1033.364 -86.992 -3306.064
v 1028.911 -87.384 -3304.175
v 1032.036 -86.951 -3296.811
f 3509 3510 3511
f 3511 3512 3509
v 1031.445 -86.998 -3296.612
v 1029.502 -87.332 -3304.373
v 1021.955 -87.991 -3302.484
v 1023.897 -87.586 -3294.723
f 3513 3514 3515
f 3515 3516 3513
v 1023.654 -87.604 -3294.670
v 1022.198 -87.971 -3302.537
v 1018.558 -88.284 -3301.863
v 1020.014 -87.882 -3293.996
f 3517 3518 3519
f 3519 3520 3517
v 1020.356 -87.857 -3294.075
v 1018.216 -88.313 -3301.784
v 1015.789 -88.509 -3301.110
v 1017.929 -88.030 -3293.401
f 3521 3522 3523
f 3523 3524 3521
v 1018.927 -87.965 -3293.832
v 1014.791 -88.582 -3300.680
v 1011.006 -88.787 -3298.394
v 1015.142 -88.181 -3291.546
f 3525 3526 3527
f 3527 3528 3525
v 1016.225 -88.133 -3292.505
v 1009.924 -88.825 -3297.435
v 1006.016 -88.869 -3292.440
v 1012.317 -88.211 -3287.511
f 3529 3530 3531
f 3531 3532 3529
v 1011.859 -88.219 -3287.018
v 1006.474 -88.861 -3292.934
v 1003.513 -88.928 -3290.238
v 1008.898 -88.283 -3284.322
f 3533 3534 3535
f 3535 3536 3533
v 1008.589 -88.290 -3284.068
v 1003.823 -88.920 -3290.493
v 999.637 -89.030 -3287.388
v 1004.403 -88.387 -3280.963
f 3537 3538 3539
f 3539 3540 3537
v 1003.863 -88.401 -3280.625
v 1000.178 -89.014 -3287.726
v 997.072 -89.121 -3286.114
v 1000.757 -88.492 -3279.013
f 3541 3542 3543
f 3543 3544 3541
v 999.962 -88.519 -3278.703
v 997.867 -89.088 -3286.424
v 994.360 -89.254 -3285.473
v 996.455 -88.656 -3277.752
f 3545 3546 3547
f 3547 3548 3545
v 995.564 -88.696 -3277.615
v 995.251 -89.206 -3285.609
v 991.878 -89.411 -3285.477
v 992.191 -88.872 -3277.483
f 3549 3550 3551
f 3551 3552 3549
v 991.694 -88.900 -3277.494
v 992.376 -89.378 -3285.465
v 986.042 -89.816 -3286.007
v 985.360 -89.289 -3278.036
f 3553 3554 3555
f 3555 3556 3553
v 985.150 -89.303 -3278.060
v 986.251 -89.801 -3285.984
v 974.652 -90.671 -3287.595
v 973.551 -90.082 -3279.672
f 3557 3558 3559
f 3559 3560 3557
v 973.723 -90.071 -3279.651
v 974.479 -90.684 -3287.616
v 961.666 -91.443 -3288.831
v 960.911 -90.768 -3280.867
f 3561 3562 3563
f 3563 3564 3561
v 960.779 -90.776 -3280.882
v 961.797 -91.435 -3288.817
v 954.384 -91.885 -3289.768
v 953.365 -91.201 -3281.833
f 3565 3566 3567
f 3567 3568 3565
v 953.403 -91.199 -3281.828
v 954.346 -91.888 -3289.773
v 949.893 -92.157 -3290.301
v 948.950 -91.453 -3282.357
f 3569 3570 3571
f 3571 3572 3569
v 949.794 -91.413 -3282.346
v 949.049 -92.200 -3290.312
v 946.222 -92.315 -3290.047
v 946.966 -91.519 -3282.082
f 3573 3574 3575
f 3575 3576 3573
v 947.970 -91.494 -3282.309
v 945.218 -92.343 -3289.821
v 942.658 -92.378 -3288.882
v 945.410 -91.522 -3281.371
f 3577 3578 3579
f 3579 3580 3577
v 946.380 -91.527 -3281.887
v 941.688 -92.375 -3288.366
v 939.261 -92.320 -3286.609
v 943.953 -91.469 -3280.130
f 3581 3582 3583
f 3583 3584 3581
v 944.382 -91.484 -3280.489
v 938.832 -92.305 -3286.250
v 935.047 -92.120 -3282.603
v 940.598 -91.285 -3276.842
f 3585 3586 3587
f 3587 3588 3585
v 941.602 -91.407 -3278.413
v 934.043 -92.008 -3281.032
v 932.829 -91.700 -3277.531
v 940.388 -91.088 -3274.912
f 3589 3590 3591
f 3591 3592 3589
v 940.578 -91.167 -3275.730
v 932.639 -91.618 -3276.713
v 932.238 -91.278 -3273.476
v 940.178 -90.839 -3272.493
f 3593 3594 3595
f 3595 3596 3593
v 940.206 -90.877 -3272.860
v 932.210 -91.239 -3273.108
v 931.943 -90.295 -3264.480
v 939.939 -89.965 -3264.233
f 3597 3598 3599
f 3599 3600 3597
v 939.940 -89.987 -3264.437
v 931.942 -90.272 -3264.276
v 932.209 -88.800 -3251.050
v 940.207 -88.564 -3251.212
f 3601 3602 3603
f 3603 3604 3601
v 940.206 -88.540 -3250.988
v 932.211 -88.824 -3251.274
v 931.676 -87.284 -3236.304
v 939.671 -87.055 -3236.018
f 3605 3606 3607
f 3607 3608 3605
v 939.637 -87.123 -3236.701
v 931.710 -87.214 -3235.622
v 932.645 -86.493 -3228.751
v 940.572 -86.425 -3229.830
f 3609 3610 3611
f 3611 3612 3609
v 940.364 -86.512 -3230.669
v 932.854 -86.403 -3227.913
v 937.852 -85.019 -3214.291
v 945.362 -85.099 -3217.046
f 3613 3614 3615
f 3615 3616 3613
v 945.331 -85.106 -3217.128
v 937.883 -85.013 -3214.209
v 942.057 -84.161 -3203.560
v 949.506 -84.276 -3206.479
f 3617 3618 3619
f 3619 3620 3617
v 949.557 -84.265 -3206.340
v 942.006 -84.172 -3203.698
v 944.978 -83.516 -3195.203
v 952.529 -83.628 -3197.845
f 3621 3622 3623
f 3623 3624 3621
v 952.715 -83.572 -3197.080
v 944.793 -83.574 -3195.968
v 946.006 -82.935 -3187.327
v 953.928 -82.955 -3188.439
f 3625 3626 3627
f 3627 3628 3625
v 953.967 -82.912 -3187.816
v 945.968 -82.981 -3187.950
v 945.834 -82.649 -3179.996
v 953.833 -82.596 -3179.862
f 3629 3630 3631
f 3631 3632 3629
v 953.780 -82.623 -3180.580
v 945.887 -82.622 -3179.278
v 946.822 -82.403 -3173.610
v 954.715 -82.411 -3174.912
f 3633 3634 3635
f 3635 3636 3633
v 954.514 -82.439 -3175.665
v 947.023 -82.374 -3172.857
v 949.450 -82.121 -3166.383
v 956.941 -82.193 -3169.191
f 3637 3638 3639
f 3639 3640 3637
v 956.276 -82.237 -3170.338
v 950.115 -82.075 -3165.235
v 955.915 -81.801 -3158.233
v 962.076 -81.965 -3163.336
f 3641 3642 3643
f 3643 3644 3641
v 961.905 -81.973 -3163.529
v 956.085 -81.794 -3158.040
v 958.379 -81.739 -3155.608
v 964.198 -81.880 -3161.098
f 3645 3646 3647
f 3647 3648 3645
v 964.113 -81.884 -3161.185
v 958.463 -81.739 -3155.521
v 962.649 -81.737 -3151.346
v 968.299 -81.729 -3157.010
f 3649 3650 3651
f 3651 3652 3649
v 968.046 -81.737 -3157.241
v 962.901 -81.737 -3151.115
v 967.889 -81.733 -3146.927
v 973.034 -81.728 -3153.053
f 3653 3654 3655
f 3655 3656 3653
v 972.784 -81.716 -3153.246
v 968.138 -81.733 -3146.733
v 974.751 -81.819 -3142.017
v 979.396 -82.008 -3148.529
f 3657 3658 3659
f 3659 3660 3657
v 978.753 -81.980 -3148.903
v 975.394 -81.847 -3141.643
v 980.648 -82.072 -3139.212
v 984.007 -82.207 -3146.472
f 3661 3662 3663
f 3663 3664 3661
v 983.630 -82.191 -3146.624
v 981.025 -82.088 -3139.060
v 988.851 -82.419 -3136.365
v 991.456 -82.526 -3143.929
f 3665 3666 3667
f 3667 3668 3665
v 991.259 -82.518 -3143.991
v 989.048 -82.428 -3136.302
v 1001.727 -82.959 -3132.656
v 1003.938 -83.055 -3140.344
f 3669 3670 3671
f 3671 3672 3669
v 1003.623 -83.042 -3140.421
v 1002.043 -82.972 -3132.579
v 1016.737 -83.640 -3129.619
v 1018.317 -83.752 -3137.462
f 3673 3674 3675
f 3675 3676 3673
v 1018.261 -83.748 -3137.472
v 1016.792 -83.643 -3129.608
v 1042.819 -85.257 -3124.746
v 1044.288 -85.381 -3132.610
f 3677 3678 3679
f 3679 3680 3677
v 1044.300 -85.382 -3132.608
v 1042.807 -85.257 -3124.749
v 1046.491 -85.479 -3124.048
v 1047.985 -85.611 -3131.908
f 3681 3682 3683
f 3683 3684 3681
v 1047.983 -85.611 -3131.908
v 1046.493 -85.479 -3124.048
v 1061.967 -86.322 -3121.115
v 1063.456 -86.498 -3128.975
f 3685 3686 3687
f 3687 3688 3685
v 1063.529 -86.502 -3128.961
v 1061.895 -86.319 -3121.129
v 1075.509 -86.945 -3118.289
v 1077.143 -87.219 -3126.120
f 3689 3690 3691
f 3691 3692 3689
v 1077.454 -87.234 -3126.042
v 1075.198 -86.932 -3118.367
v 1078.838 -87.084 -3117.296
v 1081.094 -87.401 -3124.972
f 3693 3694 3695
f 3695 3696 3693
v 1081.059 -87.400 -3124.982
v 1078.874 -87.085 -3117.286
v 1081.712 -87.201 -3116.480
v 1083.897 -87.528 -3124.176
f 3697 3698 3699
f 3699 3700 3697
v 1085.846 -87.593 -3122.926
v 1079.763 -87.140 -3117.730
v 1081.378 -87.168 -3115.840
v 1087.460 -87.619 -3121.037
f 3701 3702 3703
f 3703 3704 3701
v 1088.356 -87.605 -3119.146
v 1080.482 -87.175 -3117.731
v 1081.016 -87.121 -3114.758
v 1088.890 -87.538 -3116.174
f 3705 3706 3707
f 3707 3708 3705
v 1088.926 -87.532 -3115.934
v 1080.981 -87.126 -3114.998
v 1082.472 -86.843 -3102.328
v 1090.417 -87.190 -3103.263
f 3709 3710 3711
f 3711 3712 3709
v 1090.439 -87.182 -3103.015
v 1082.451 -86.849 -3102.576
v 1082.852 -86.652 -3095.283
v 1090.840 -86.959 -3095.722
f 3713 3714 3715
f 3715 3716 3713
v 1090.835 -86.961 -3095.796
v 1082.856 -86.649 -3095.209
v 1083.402 -86.334 -3087.796
v 1091.380 -86.588 -3088.384
f 3717 3718 3719
f 3719 3720 3717
v 1091.391 -86.573 -3088.090
v 1083.391 -86.347 -3088.090
v 1083.391 -86.048 -3081.484
v 1091.391 -86.221 -3081.484
f 3721 3722 3723
f 3723 3724 3721
v 1091.381 -86.206 -3081.207
v 1083.401 -86.061 -3081.761
v 1082.811 -85.669 -3073.265
v 1090.791 -85.747 -3072.711
f 3725 3726 3727
f 3727 3728 3725
v 1090.791 -85.747 -3072.702
v 1082.811 -85.670 -3073.274
v 1082.589 -85.529 -3070.170
v 1090.568 -85.581 -3069.597
f 3729 3730 3731
f 3731 3732 3729
v 1090.509 -85.557 -3069.143
v 1082.648 -85.550 -3070.624
v 1081.301 -85.210 -3063.476
v 1089.162 -85.143 -3061.995
f 3733 3734 3735
f 3735 3736 3733
v 1089.017 -85.108 -3061.443
v 1081.446 -85.240 -3064.028
v 1079.420 -84.934 -3058.096
v 1086.991 -84.754 -3055.511
f 3737 3738 3739
f 3739 3740 3737
v 1086.482 -84.698 -3054.509
v 1079.929 -84.983 -3059.097
v 1076.155 -84.742 -3053.707
v 1082.709 -84.435 -3049.119
f 3741 3742 3743
f 3743 3744 3741
v 1082.071 -84.406 -3048.407
v 1076.792 -84.770 -3054.418
v 1072.685 -84.652 -3050.811
v 1077.963 -84.295 -3044.800
f 3745 3746 3747
f 3747 3748 3745
v 1077.949 -84.295 -3044.788
v 1072.699 -84.652 -3050.824
v 1071.408 -84.623 -3049.701
v 1076.658 -84.268 -3043.665
f 3749 3750 3751
f 3751 3752 3749
v 1075.663 -84.260 -3043.030
v 1072.402 -84.636 -3050.335
v 1066.068 -84.623 -3047.508
v 1069.329 -84.293 -3040.203
f 3753 3754 3755
f 3755 3756 3753
v 1068.782 -84.300 -3040.005
v 1066.615 -84.621 -3047.706
v 1057.977 -84.704 -3045.275
v 1060.144 -84.459 -3037.574
f 3757 3758 3759
f 3759 3760 3757
v 1060.046 -84.461 -3037.548
v 1058.074 -84.703 -3045.301
v 1034.753 -85.156 -3039.369
v 1036.725 -85.142 -3031.615
f 3761 3762 3763
f 3763 3764 3761
v 1037.044 -85.130 -3031.711
v 1034.434 -85.165 -3039.273
v 1019.194 -85.702 -3034.015
v 1021.804 -85.807 -3026.452
f 3765 3766 3767
f 3767 3768 3765
v 1021.922 -85.800 -3026.495
v 1019.076 -85.707 -3033.972
v 1003.837 -86.474 -3028.172
v 1006.682 -86.690 -3020.695
f 3769 3770 3771
f 3771 3772 3769
v 1006.886 -86.677 -3020.779
v 1003.633 -86.486 -3028.088
v 991.221 -87.299 -3022.565
v 994.473 -87.568 -3015.256
f 3773 3774 3775
f 3775 3776 3773
v 994.521 -87.565 -3015.278
v 991.174 -87.303 -3022.544
v 977.693 -88.369 -3016.334
v 981.040 -88.714 -3009.068
f 3777 3778 3779
f 3779 3780 3777
v 980.628 -88.750 -3008.905
v 978.105 -88.336 -3016.497
v 971.626 -88.829 -3014.343
v 974.150 -89.303 -3006.752
f 3781 3782 3783
f 3783 3784 3781
v 973.842 -89.329 -3006.663
v 971.933 -88.809 -3014.432
v 963.707 -89.316 -3012.410
v 965.616 -89.882 -3004.641
f 3785 3786 3787
f 3787 3788 3785
v 965.579 -89.884 -3004.632
v 963.744 -89.313 -3012.419
v 945.410 -90.476 -3008.099
v 947.244 -91.046 -3000.312
f 3789 3790 3791
f 3791 3792 3789
v 946.717 -91.077 -3000.224
v 945.937 -90.445 -3008.186
v 936.353 -90.953 -3007.248
v 937.132 -91.601 -2999.286
f 3793 3794 3795
f 3795 3796 3793
v 936.948 -91.611 -2999.273
v 936.537 -90.944 -3007.262
v 886.644 -92.333 -3004.699
v 887.054 -92.875 -2996.709
f 3797 3798 3799
f 3799 3800 3797
v 886.780 -92.874 -2996.705
v 886.918 -92.333 -3004.704
v 848.079 -92.314 -3005.377
v 847.940 -92.581 -2997.379
f 3801 3802 3803
f 3803 3804 3801
v 847.716 -92.575 -2997.389
v 848.303 -92.317 -3005.367
v 819.037 -91.932 -3007.521
v 818.450 -91.909 -2999.542
f 3805 3806 3807
f 3807 3808 3805
v 818.086 -91.902 -2999.586
v 819.401 -91.935 -3007.477
v 791.894 -91.752 -3012.062
v 790.579 -91.433 -3004.171
f 3809 3810 3811
f 3811 3812 3809
v 790.552 -91.432 -3004.175
v 791.921 -91.752 -3012.057
v 694.817 -93.212 -3028.916
v 693.448 -92.291 -3021.034
f 3813 3814 3815
f 3815 3816 3813
v 693.379 -92.293 -3021.047
v 694.887 -93.211 -3028.903
v 642.155 -94.114 -3039.024
v 640.647 -93.348 -3031.167
f 3817 3818 3819
f 3819 3820 3817
v 640.738 -93.348 -3031.151
v 642.063 -94.114 -3039.040
v 626.022 -93.996 -3041.736
v 624.697 -93.375 -3033.846
f 3821 3822 3823
f 3823 3824 3821
v 626.370 -93.405 -3033.921
v 624.349 -93.952 -3041.661
v 618.683 -93.721 -3040.181
v 620.704 -93.216 -3032.441
f 3825 3826 3827
f 3827 3828 3825
v 622.039 -93.280 -3033.071
v 617.347 -93.651 -3039.551
v 612.494 -93.336 -3036.037
v 617.186 -92.973 -3029.557
f 3829 3830 3831
f 3831 3832 3829
v 617.457 -92.990 -3029.772
v 612.222 -93.319 -3035.821
v 600.222 -92.605 -3025.437
v 605.457 -92.299 -3019.387
f 3833 3834 3835
f 3835 3836 3833
v 605.463 -92.299 -3019.392
v 600.217 -92.605 -3025.432
v 587.804 -92.122 -3014.651
v 593.051 -91.863 -3008.611
f 3837 3838 3839
f 3839 3840 3837
v 593.005 -91.862 -3008.572
v 587.850 -92.123 -3014.689
v 577.597 -92.004 -3006.049
v 582.753 -91.765 -2999.931
f 3841 3842 3843
f 3843 3844 3841
v 583.035 -91.766 -3000.194
v 577.315 -92.003 -3005.786
v 571.515 -92.024 -2999.854
v 577.235 -91.782 -2994.261
f 3845 3846 3847
f 3847 3848 3845
v 577.338 -91.781 -2994.370
v 571.413 -92.025 -2999.745
v 567.505 -92.081 -2995.438
v 573.430 -91.832 -2990.063
f 3849 3850 3851
f 3851 3852 3849
v 573.681 -91.828 -2990.368
v 567.255 -92.085 -2995.133
v 563.748 -92.168 -2990.403
v 570.175 -91.895 -2985.638
f 3853 3854 3855
f 3855 3856 3853
v 570.538 -91.887 -2986.230
v 563.384 -92.178 -2989.811
v 560.958 -92.260 -2984.962
v 568.112 -91.939 -2981.381
f 3857 3858 3859
f 3859 3860 3857
v 568.329 -91.934 -2981.906
v 560.740 -92.269 -2984.437
v 558.580 -92.356 -2977.963
v 566.169 -91.986 -2975.432
f 3861 3862 3863
f 3863 3864 3861
v 566.218 -91.985 -2975.589
v 558.532 -92.358 -2977.806
v 554.758 -92.458 -2964.726
v 562.444 -92.059 -2962.509
f 3865 3866 3867
f 3867 3868 3865
v 562.472 -92.059 -2962.608
v 554.731 -92.458 -2964.627
v 546.638 -92.640 -2933.605
v 554.379 -92.157 -2931.586
f 3869 3870 3871
f 3871 3872 3869
v 554.292 -92.156 -2931.299
v 546.724 -92.640 -2933.892
v 543.351 -92.672 -2924.049
v 550.919 -92.177 -2921.456
f 3873 3874 3875
f 3875 3876 3873
v 550.863 -92.177 -2921.302
v 543.408 -92.671 -2924.203
v 538.420 -92.728 -2911.387
v 545.876 -92.170 -2908.486
f 3877 3878 3879
f 3879 3880 3877
v 545.776 -92.167 -2908.251
v 538.521 -92.731 -2911.622
v 532.320 -92.566 -2898.278
v 539.575 -92.027 -2894.907
f 3881 3882 3883
f 3883 3884 3881
v 539.575 -92.027 -2894.906
v 532.321 -92.566 -2898.279
v 517.081 -91.352 -2865.500
v 524.335 -90.884 -2862.127
f 3885 3886 3887
f 3887 3888 3885
v 524.256 -90.875 -2861.966
v 517.160 -91.365 -2865.661
v 506.908 -89.591 -2845.975
v 514.003 -89.302 -2842.280
f 3889 3890 3891
f 3891 3892 3889
v 513.777 -89.260 -2841.899
v 507.134 -89.634 -2846.356
v 500.254 -88.417 -2836.104
v 506.898 -88.067 -2831.646
f 3893 3894 3895
f 3895 3896 3893
v 506.563 -88.014 -2831.214
v 500.589 -88.471 -2836.536
v 496.270 -87.843 -2831.687
v 502.244 -87.390 -2826.366
f 3897 3898 3899
f 3899 3900 3897
v 502.055 -87.363 -2826.168
v 496.459 -87.870 -2831.885
v 490.804 -87.103 -2826.349
v 496.400 -86.579 -2820.632
f 3901 3902 3903
f 3903 3904 3901
v 496.781 -86.645 -2821.062
v 490.423 -87.043 -2825.918
v 486.104 -86.234 -2820.264
v 492.461 -85.786 -2815.408
f 3905 3906 3907
f 3907 3908 3905
v 492.662 -85.830 -2815.695
v 485.903 -86.189 -2819.976
v 482.397 -85.325 -2814.440
v 489.155 -84.982 -2810.159
f 3909 3910 3911
f 3911 3912 3909
v 489.266 -85.010 -2810.346
v 482.286 -85.295 -2814.254
v 477.833 -84.025 -2806.300
v 484.813 -83.768 -2802.392
f 3913 3914 3915
f 3915 3916 3913
v 485.199 -83.915 -2803.357
v 477.447 -83.873 -2805.336
v 475.967 -82.979 -2799.535
v 483.718 -83.061 -2797.557
f 3917 3918 3919
f 3919 3920 3917
v 483.673 -83.036 -2797.394
v 476.012 -83.005 -2799.698
v 473.986 -81.943 -2792.960
v 481.647 -82.013 -2790.656
f 3921 3922 3923
f 3923 3924 3921
v 480.970 -81.798 -2789.347
v 474.663 -82.164 -2794.269
v 466.682 -80.301 -2784.043
v 472.988 -79.943 -2779.121
f 3925 3926 3927
f 3927 3928 3925
v 1163.148 -88.683 -3642.390
v 1165.099 -88.204 -3650.149
v 1157.006 -88.378 -3652.184
v 1155.055 -88.903 -3644.425
f 3929 3930 3931
f 3931 3932 3929
v 1155.758 -88.884 -3644.314
v 1156.303 -88.397 -3652.295
v 1150.504 -88.584 -3652.692
v 1149.958 -89.070 -3644.710
f 3933 3934 3935
f 3935 3936 3933
v 1150.334 -89.057 -3644.702
v 1150.128 -88.597 -3652.700
v 1145.007 -88.791 -3652.567
v 1145.213 -89.249 -3644.570
f 3937 3938 3939
f 3939 3940 3937
v 1146.036 -89.213 -3644.677
v 1144.185 -88.827 -3652.460
v 1138.518 -89.111 -3651.112
v 1140.370 -89.484 -3643.330
f 3941 3942 3943
f 3943 3944 3941
v 1141.039 -89.456 -3643.553
v 1137.849 -89.146 -3650.889
v 1131.649 -89.234 -3648.194
v 1134.838 -89.581 -3640.857
f 3945 3946 3947
f 3947 3948 3945
v 1134.133 -89.576 -3640.626
v 1132.354 -89.229 -3648.426
v 1121.690 -89.236 -3645.994
v 1123.468 -89.474 -3638.195
f 3949 3950 3951
f 3951 3952 3949
v 1122.306 -89.459 -3638.104
v 1122.852 -89.245 -3646.085
v 1113.012 -89.096 -3646.759
v 1112.465 -89.311 -3638.778
f 3953 3954 3955
f 3955 3956 3953
v 1111.742 -89.300 -3638.894
v 1113.735 -89.110 -3646.642
v 1100.120 -88.808 -3650.144
v 1098.128 -89.064 -3642.396
f 3957 3958 3959
f 3959 3960 3957
v 1211.730 -85.399 -3590.726
v 1204.348 -86.091 -3593.811
v 1202.233 -86.180 -3588.751
v 1209.615 -85.492 -3585.666
f 3961 3962 3963
f 3963 3964 3961
v 1209.712 -85.488 -3585.922
v 1202.136 -86.183 -3588.494
v 1199.710 -86.209 -3581.346
v 1207.285 -85.443 -3578.774
f 3965 3966 3967
f 3967 3968 3965
v 1207.359 -85.449 -3579.018
v 1199.636 -86.202 -3581.102
v 1197.888 -86.006 -3574.628
v 1205.611 -85.272 -3572.543
f 3969 3970 3971
f 3971 3972 3969
v 1205.711 -85.288 -3573.031
v 1197.788 -85.988 -3574.140
v 1197.109 -85.784 -3569.291
v 1205.032 -85.100 -3568.182
f 3973 3974 3975
f 3975 3976 3973
v 1205.057 -85.110 -3568.413
v 1197.084 -85.774 -3569.060
v 1196.416 -85.384 -3560.828
v 1204.389 -84.748 -3560.181
f 3977 3978 3979
f 3979 3980 3977
v 1204.402 -84.767 -3560.588
v 1196.403 -85.364 -3560.422
v 1196.537 -85.006 -3553.948
v 1204.535 -84.431 -3554.113
f 3981 3982 3983
f 3983 3984 3981
v 1204.530 -84.439 -3554.255
v 1196.542 -84.998 -3553.807
v 1196.943 -84.444 -3546.659
v 1204.931 -83.927 -3547.106
f 3985 3986 3987
f 3987 3988 3985
v 1204.888 -83.960 -3547.505
v 1196.986 -84.409 -3546.260
v 1197.665 -84.025 -3541.952
v 1205.567 -83.596 -3543.198
f 3989 3990 3991
f 3991 3992 3989
v 1205.333 -83.675 -3544.054
v 1197.899 -83.943 -3541.096
v 1199.514 -83.524 -3537.040
v 1206.947 -83.272 -3539.998
f 3993 3994 3995
f 3995 3996 3993
v 1206.604 -83.343 -3540.668
v 1199.856 -83.451 -3536.370
v 1202.684 -82.940 -3531.931
v 1209.431 -82.843 -3536.228
f 3997 3998 3999
f 3999 4000 3997
v 1209.083 -82.898 -3536.696
v 1203.032 -82.884 -3531.463
v 1205.604 -82.513 -3528.490
v 1211.654 -82.530 -3533.723
f 4001 4002 4003
f 4003 4004 4001
v 1210.918 -82.621 -3534.387
v 1206.340 -82.422 -3527.826
v 1216.982 -81.305 -3520.401
v 1221.560 -81.484 -3526.961
f 4005 4006 4007
f 4007 4008 4005
v 1669.536 -70.711 -2927.710
v 1674.279 -71.121 -2934.152
v 1661.756 -70.512 -2943.374
v 1657.012 -70.099 -2936.932
f 4009 4010 4011
f 4011 4012 4009
v 1658.350 -70.170 -2936.289
v 1660.418 -70.459 -2944.017
v 1648.173 -69.898 -2947.294
v 1646.105 -69.476 -2939.565
f 4013 4014 4015
f 4015 4016 4013
v 1646.384 -69.492 -2939.501
v 1647.894 -69.885 -2947.358
v 1632.365 -69.205 -2950.343
v 1630.854 -68.762 -2942.487
f 4017 4018 4019
f 4019 4020 4017
v 1631.112 -68.762 -2942.447
v 1632.107 -69.206 -2950.384
v 1610.612 -69.291 -2953.080
v 1609.616 -68.829 -2945.142
f 4021 4022 4023
f 4023 4024 4021
v 1609.618 -68.829 -2945.142
v 1610.610 -69.291 -2953.080
v 1593.889 -69.344 -2955.167
v 1592.898 -68.901 -2947.229
f 4025 4026 4027
f 4027 4028 4025
v 1593.129 -68.901 -2947.207
v 1593.659 -69.344 -2955.189
v 1575.747 -70.140 -2956.379
v 1575.218 -69.798 -2948.396
f 4029 4030 4031
f 4031 4032 4029
v 1575.418 -69.788 -2948.388
v 1575.547 -70.150 -2956.387
v 1556.734 -70.997 -2956.691
v 1556.605 -70.717 -2948.692
f 4033 4034 4035
f 4035 4036 4033
v 1556.151 -70.740 -2948.725
v 1557.188 -70.975 -2956.657
v 1543.451 -71.865 -2958.454
v 1542.414 -71.735 -2950.522
f 4037 4038 4039
f 4039 4040 4037
v 1542.017 -71.769 -2950.594
v 1543.848 -71.834 -2958.382
v 1528.620 -73.013 -2961.962
v 1526.789 -73.035 -2954.175
f 4041 4042 4043
f 4043 4044 4041
v 1526.541 -73.055 -2954.241
v 1528.867 -72.995 -2961.896
v 1521.999 -73.505 -2963.983
v 1519.673 -73.602 -2956.329
f 4045 4046 4047
f 4047 4048 4045
v 1519.045 -73.651 -2956.579
v 1522.627 -73.458 -2963.733
v 1513.076 -74.140 -2968.515
v 1509.494 -74.374 -2961.362
f 4049 4050 4051
f 4051 4052 4049
v 1508.594 -74.443 -2961.979
v 1513.976 -74.078 -2967.898
v 1507.408 -74.521 -2973.870
v 1502.026 -74.915 -2967.951
f 4053 4054 4055
f 4055 4056 4053
v 1501.727 -74.935 -2968.253
v 1507.706 -74.501 -2973.569
v 1498.155 -75.009 -2984.310
v 1492.176 -75.447 -2978.994
f 4057 4058 4059
f 4059 4060 4057
v 1492.728 -75.423 -2978.481
v 1497.603 -75.033 -2984.824
v 1489.833 -75.324 -2990.796
v 1484.958 -75.738 -2984.453
f 4061 4062 4063
f 4063 4064 4061
v 1486.068 -75.692 -2983.851
v 1488.723 -75.363 -2991.398
v 1477.680 -75.743 -2995.282
v 1475.025 -76.157 -2987.735
f 4065 4066 4067
f 4067 4068 4065
v 1475.194 -76.150 -2987.680
v 1477.511 -75.748 -2995.337
v 1464.676 -76.072 -2999.221
v 1462.359 -76.546 -2991.564
f 4069 4070 4071
f 4071 4072 4069
v 1462.934 -76.531 -2991.436
v 1464.100 -76.084 -2999.350
v 1456.030 -76.272 -3000.539
v 1454.864 -76.768 -2992.625
f 4073 4074 4075
f 4075 4076 4073
v 1455.447 -76.749 -2992.582
v 1455.447 -76.287 -3000.582
v 1447.087 -76.543 -3000.582
v 1447.087 -77.058 -2992.582
f 4077 4078 4079
f 4079 4080 4077
v 1448.014 -77.017 -2992.691
v 1446.160 -76.579 -3000.473
v 1439.892 -76.876 -2998.980
v 1441.746 -77.351 -2991.198
f 4081 4082 4083
f 4083 4084 4081
v 1442.627 -77.295 -2991.521
v 1439.011 -76.927 -2998.657
v 1417.215 -78.383 -2987.612
v 1420.831 -78.896 -2980.476
f 4085 4086 4087
f 4087 4088 4085
v 1420.721 -78.903 -2980.422
v 1417.325 -78.376 -2987.665
v 1407.773 -78.931 -2983.186
v 1411.170 -79.468 -2975.943
f 4089 4090 4091
f 4091 4092 4089
v 1411.066 -79.475 -2975.896
v 1407.877 -78.925 -2983.233
v 1401.009 -79.314 -2980.247
v 1404.198 -79.841 -2972.910
f 4093 4094 4095
f 4095 4096 4093
v 1402.948 -79.886 -2972.594
v 1402.258 -79.262 -2980.564
v 1395.390 -79.452 -2979.969
v 1396.080 -80.068 -2971.999
f 4097 4098 4099
f 4099 4100 4097
v 1395.085 -80.087 -2972.037
v 1396.385 -79.435 -2979.931
v 1391.008 -79.466 -2980.816
v 1389.708 -80.152 -2972.923
f 4101 4102 4103
f 4103 4104 4101
v 1389.030 -80.157 -2973.096
v 1391.687 -79.468 -2980.642
v 1385.720 -79.401 -2982.743
v 1383.063 -80.034 -2975.197
f 4105 4106 4107
f 4107 4108 4105
v 1382.544 -80.008 -2975.423
v 1386.239 -79.412 -2982.518
v 1367.393 -78.472 -2992.334
v 1363.697 -79.009 -2985.239
f 4109 4110 4111
f 4111 4112 4109
v 1363.728 -79.010 -2985.223
v 1367.362 -78.470 -2992.350
v 1362.620 -78.262 -2994.768
v 1358.986 -78.790 -2987.641
f 4113 4114 4115
f 4115 4116 4113
v 1359.345 -78.804 -2987.480
v 1362.261 -78.248 -2994.929
v 1348.524 -77.821 -3000.307
v 1345.608 -78.337 -2992.857
f 4117 4118 4119
f 4119 4120 4117
v 1346.191 -78.352 -2992.679
v 1347.941 -77.808 -3000.485
v 1330.620 -77.407 -3004.369
v 1328.869 -77.809 -2996.563
f 4121 4122 4123
f 4123 4124 4121
v 1329.303 -77.820 -2996.491
v 1330.186 -77.398 -3004.442
v 1316.750 -77.199 -3005.935
v 1315.867 -77.528 -2997.984
f 4125 4126 4127
f 4127 4128 4125
v 1316.209 -77.534 -2997.961
v 1316.408 -77.195 -3005.958
v 1304.764 -77.096 -3006.249
v 1304.565 -77.342 -2998.251
f 4129 4130 4131
f 4131 4132 4129
v 1304.592 -77.342 -2998.251
v 1304.737 -77.096 -3006.249
v 1288.017 -76.946 -3006.553
v 1287.872 -77.027 -2998.555
f 4133 4134 4135
f 4135 4136 4133
v 1287.799 -77.026 -2998.557
v 1288.090 -76.947 -3006.551
v 1279.729 -76.876 -3006.855
v 1279.439 -76.870 -2998.860
f 4137 4138 4139
f 4139 4140 4137
v 1278.860 -76.860 -2998.924
v 1280.308 -76.881 -3006.792
v 1268.965 -76.819 -3008.879
v 1267.517 -76.685 -3001.011
f 4141 4142 4143
f 4143 4144 4141
v 1267.141 -76.681 -3001.100
v 1269.341 -76.820 -3008.791
v 1260.981 -76.844 -3011.182
v 1258.781 -76.638 -3003.491
f 4145 4146 4147
f 4147 4148 4145
v 1258.248 -76.641 -3003.685
v 1261.513 -76.837 -3010.989
v 1252.852 -77.020 -3014.860
v 1249.588 -76.759 -3007.556
f 4149 4150 4151
f 4151 4152 4149
v 1249.885 -76.754 -3007.437
v 1252.555 -77.028 -3014.979
v 1242.402 -77.307 -3018.572
v 1239.733 -76.949 -3011.031
f 4153 4154 4155
f 4155 4156 4153
v 1240.450 -76.936 -3010.850
v 1241.685 -77.327 -3018.754
v 1236.019 -77.461 -3019.639
v 1234.784 -77.016 -3011.735
f 4157 4158 4159
f 4159 4160 4157
v 1236.129 -77.009 -3011.754
v 1234.674 -77.481 -3019.620
v 1226.603 -77.507 -3018.127
v 1228.058 -76.957 -3010.261
f 4161 4162 4163
f 4163 4164 4161
v 1228.593 -76.964 -3010.398
v 1226.068 -77.505 -3017.989
v 1216.217 -77.423 -3014.713
v 1218.741 -76.777 -3007.122
f 4165 4166 4167
f 4167 4168 4165
v 1218.998 -76.780 -3007.217
v 1215.960 -77.421 -3014.618
v 1209.393 -77.334 -3011.922
v 1212.430 -76.664 -3004.521
f 4169 4170 4171
f 4171 4172 4169
v 1211.640 -76.657 -3004.289
v 1210.183 -77.338 -3012.155
v 1202.123 -77.363 -3010.662
v 1203.580 -76.656 -3002.796
f 4173 4174 4175
f 4175 4176 4173
v 1202.728 -76.662 -3002.731
v 1202.975 -77.352 -3010.727
v 1193.123 -77.566 -3011.031
v 1192.877 -76.816 -3003.035
f 4177 4178 4179
f 4179 4180 4177
v 1192.351 -76.828 -3003.086
v 1193.649 -77.551 -3010.980
v 1168.268 -78.661 -3015.155
v 1166.970 -77.871 -3007.261
f 4181 4182 4183
f 4183 4184 4181
v 1167.294 -77.855 -3007.221
v 1167.944 -78.676 -3015.195
v 1158.382 -79.102 -3015.974
v 1157.732 -78.283 -3008.001
f 4185 4186 4187
f 4187 4188 4185
v 1157.730 -78.283 -3008.001
v 1158.383 -79.102 -3015.974
v 1124.053 -80.770 -3018.788
v 1123.399 -80.051 -3010.815
f 4189 4190 4191
f 4191 4192 4189
v 1123.505 -80.044 -3010.808
v 1123.946 -80.775 -3018.796
v 1112.925 -81.335 -3019.403
v 1112.485 -80.671 -3011.415
f 4193 4194 4195
f 4195 4196 4193
v 1112.483 -80.671 -3011.416
v 1112.927 -81.335 -3019.403
v 1102.452 -81.857 -3019.985
v 1102.008 -81.257 -3011.997
f 4197 4198 4199
f 4199 4200 4197
v 1101.605 -81.281 -3012.040
v 1102.855 -81.836 -3019.942
v 1097.178 -82.158 -3020.840
v 1095.927 -81.644 -3012.938
f 4201 4202 4203
f 4203 4204 4201
v 1094.198 -81.798 -3013.656
v 1098.907 -82.027 -3020.123
v 1095.623 -82.354 -3022.514
v 1090.914 -82.150 -3016.047
f 4205 4206 4207
f 4207 4208 4205
v 1090.439 -82.204 -3016.453
v 1096.098 -82.301 -3022.108
v 1090.132 -82.980 -3028.080
v 1084.472 -82.882 -3022.425
f 4209 4210 4211
f 4211 4212 4209
v 1083.976 -82.940 -3023.030
v 1090.628 -82.919 -3027.475
v 1086.442 -83.473 -3033.738
v 1079.791 -83.465 -3029.292
f 4213 4214 4215
f 4215 4216 4213
v 1079.508 -83.501 -3029.789
v 1086.725 -83.433 -3033.241
v 1078.932 -84.511 -3049.532
v 1071.716 -84.471 -3046.080
f 4217 4218 4219
f 4219 4220 4217
v 1084.771 -87.436 -3119.462
v 1085.135 -87.218 -3111.470
v 1097.336 -87.767 -3112.025
v 1096.972 -88.053 -3120.017
f 4221 4222 4223
f 4223 4224 4221
v 1096.897 -88.052 -3120.013
v 1097.410 -87.768 -3112.029
v 1106.661 -87.915 -3112.624
v 1106.148 -88.225 -3120.607
f 4225 4226 4227
f 4227 4228 4225
v 1106.791 -88.235 -3120.597
v 1106.018 -87.907 -3112.634
v 1115.280 -87.993 -3111.736
v 1116.052 -88.348 -3119.698
f 4229 4230 4231
f 4231 4232 4229
v 1116.593 -88.353 -3119.608
v 1114.739 -87.990 -3111.826
v 1127.274 -88.015 -3108.840
v 1129.128 -88.411 -3116.622
f 4233 4234 4235
f 4235 4236 4233
v 1129.222 -88.411 -3116.598
v 1127.179 -88.015 -3108.864
v 1158.838 -87.015 -3100.500
v 1160.882 -87.343 -3108.235
f 4237 4238 4239
f 4239 4240 4237
v 1161.071 -87.334 -3108.180
v 1158.649 -87.024 -3100.555
v 1177.451 -86.047 -3094.583
v 1179.873 -86.367 -3102.208
f 4241 4242 4243
f 4243 4244 4241
v 1179.320 -86.416 -3102.341
v 1178.004 -86.017 -3094.450
v 1192.342 -84.822 -3092.059
v 1193.658 -85.202 -3099.950
f 4245 4246 4247
f 4247 4248 4245
v 1192.651 -85.280 -3099.989
v 1193.349 -84.745 -3092.019
v 1207.085 -83.831 -3093.222
v 1206.388 -84.285 -3101.191
f 4249 4250 4251
f 4251 4252 4249
v 1206.233 -84.296 -3101.175
v 1207.240 -83.821 -3093.238
v 1303.676 -74.127 -3105.473
v 1302.669 -74.113 -3113.409
f 4253 4254 4255
f 4255 4256 4253
v 1303.490 -74.023 -3113.428
v 1302.855 -74.210 -3105.454
v 1310.325 -73.522 -3104.859
v 1310.960 -73.309 -3112.834
f 4257 4258 4259
f 4259 4260 4257
v 1312.081 -73.206 -3112.579
v 1309.204 -73.621 -3105.114
v 1313.078 -73.293 -3103.621
v 1315.955 -72.864 -3111.086
f 4261 4262 4263
f 4263 4264 4261
v 1317.857 -72.717 -3109.553
v 1311.175 -73.438 -3105.154
v 1318.644 -73.046 -3093.805
v 1325.327 -72.317 -3098.203
f 4265 4266 4267
f 4267 4268 4265
v 1154.404 -78.996 -3013.617
v 1161.710 -78.388 -3010.358
v 1165.895 -79.231 -3019.738
v 1158.589 -79.837 -3022.998
f 4269 4270 4271
f 4271 4272 4269
v 1158.507 -79.819 -3022.798
v 1165.978 -79.250 -3019.938
v 1169.863 -80.187 -3030.085
v 1162.392 -80.755 -3032.945
f 4273 4274 4275
f 4275 4276 4273
v 1162.357 -80.746 -3032.852
v 1169.897 -80.196 -3030.178
v 1173.181 -81.050 -3039.440
v 1165.641 -81.592 -3042.114
f 4277 4278 4279
f 4279 4280 4277
v 1165.417 -81.483 -3040.985
v 1173.406 -81.159 -3040.569
v 1173.996 -82.312 -3051.905
v 1166.007 -82.633 -3052.321
f 4281 4282 4283
f 4283 4284 4281
v 1166.001 -82.611 -3052.113
v 1174.001 -82.333 -3052.113
v 1174.001 -83.662 -3064.955
v 1166.001 -83.937 -3064.955
f 4285 4286 4287
f 4287 4288 4285
v 1166.086 -84.010 -3065.775
v 1173.916 -83.580 -3064.135
v 1175.419 -84.155 -3071.309
v 1167.589 -84.561 -3072.950
f 4289 4290 4291
f 4291 4292 4289
v 1167.645 -84.578 -3073.181
v 1175.363 -84.137 -3071.078
v 1182.521 -85.918 -3097.344
v 1174.803 -86.424 -3099.447
f 4293 4294 4295
f 4295 4296 4293
v 1083.603 -85.558 -3070.586
v 1089.999 -85.876 -3075.391
v 1086.615 -86.041 -3079.896
v 1080.219 -85.711 -3075.091
f 4297 4298 4299
f 4299 4300 4297
v 1081.012 -85.689 -3074.298
v 1085.822 -86.063 -3080.690
v 1081.046 -86.117 -3084.284
v 1076.236 -85.757 -3077.891
f 4301 4302 4303
f 4303 4304 4301
v 1076.703 -85.754 -3077.589
v 1080.580 -86.119 -3084.586
v 1069.827 -86.041 -3090.545
v 1065.949 -85.728 -3083.547
f 4305 4306 4307
f 4307 4308 4305
v 1065.634 -85.726 -3083.742
v 1070.142 -86.045 -3090.351
v 1062.683 -85.942 -3095.438
v 1058.176 -85.649 -3088.828
f 4309 4310 4311
f 4311 4312 4309
v 1057.404 -85.640 -3089.517
v 1063.455 -85.952 -3094.749
v 1057.778 -85.847 -3101.316
v 1051.726 -85.535 -3096.083
f 4313 4314 4315
f 4315 4316 4313
v 1051.037 -85.515 -3097.217
v 1058.467 -85.858 -3100.182
v 1056.085 -85.839 -3106.153
v 1048.655 -85.456 -3103.189
f 4317 4318 4319
f 4319 4320 4317
v 1048.414 -85.451 -3104.081
v 1056.326 -85.838 -3105.262
v 1055.124 -85.881 -3113.321
v 1047.211 -85.445 -3112.141
f 4321 4322 4323
f 4323 4324 4321
v 1047.176 -85.446 -3112.480
v 1055.160 -85.879 -3112.982
v 1054.859 -85.918 -3117.765
v 1046.875 -85.460 -3117.263
f 4325 4326 4327
f 4327 4328 4325
v 1046.897 -85.459 -3117.023
v 1054.837 -85.919 -3118.005
v 1054.247 -85.938 -3122.775
v 1046.307 -85.454 -3121.792
f 4329 4330 4331
f 4331 4332 4329
v 1046.748 -85.472 -3120.400
v 1053.806 -85.927 -3124.167
v 1050.767 -85.776 -3129.861
v 1043.709 -85.318 -3126.095
f 4333 4334 4335
f 4335 4336 4333
v 872.679 -86.383 -3170.087
v 874.347 -85.969 -3162.263
v 892.559 -84.364 -3166.147
v 890.890 -84.744 -3173.971
f 4337 4338 4339
f 4339 4340 4337
v 890.329 -84.769 -3173.808
v 893.120 -84.339 -3166.311
v 908.349 -83.697 -3171.979
v 905.558 -84.137 -3179.476
f 4341 4342 4343
f 4343 4344 4341
v 905.386 -84.144 -3179.408
v 908.521 -83.690 -3172.047
v 924.651 -83.063 -3178.918
v 921.516 -83.525 -3186.278
f 4345 4346 4347
f 4347 4348 4345
v 921.846 -83.512 -3186.402
v 924.321 -83.076 -3178.794
v 937.156 -82.819 -3182.969
v 934.681 -83.265 -3190.577
f 4349 4350 4351
f 4351 4352 4349
v 935.604 -83.272 -3190.761
v 936.234 -82.817 -3182.785
v 950.282 -82.767 -3183.895
v 949.652 -83.233 -3191.870
f 4353 4354 4355
f 4355 4356 4353
v 892.055 -84.682 -3174.046
v 891.394 -84.427 -3166.073
v 905.732 -83.575 -3164.884
v 906.393 -83.840 -3172.857
f 4357 4358 4359
f 4359 4360 4357
v 907.011 -83.802 -3172.756
v 905.115 -83.613 -3164.984
v 928.403 -82.072 -3159.303
v 930.299 -82.276 -3167.075
f 4361 4362 4363
f 4363 4364 4361
v 930.136 -82.287 -3167.111
v 928.566 -82.062 -3159.267
v 940.510 -81.787 -3156.875
v 942.081 -82.085 -3164.720
f 4365 4366 4367
f 4367 4368 4365
v 943.990 -97.552 -3380.970
v 944.567 -97.539 -3372.991
v 956.812 -96.650 -3373.876
v 956.235 -96.665 -3381.855
f 4369 4370 4371
f 4371 4372 4369
v 956.147 -96.671 -3381.848
v 956.900 -96.643 -3373.883
v 961.932 -96.278 -3374.359
v 961.179 -96.307 -3382.323
f 4373 4374 4375
f 4375 4376 4373
v 961.180 -96.306 -3382.324
v 961.931 -96.278 -3374.359
v 972.718 -95.492 -3375.376
v 971.967 -95.525 -3383.341
f 4377 4378 4379
f 4379 4380 4377
v 971.441 -95.563 -3383.256
v 973.244 -95.427 -3375.461
v 981.014 -94.479 -3377.258
v 979.211 -94.678 -3385.053
f 4381 4382 4383
f 4383 4384 4381
v 979.263 -94.672 -3385.064
v 980.962 -94.485 -3377.247
v 987.831 -93.649 -3378.740
v 986.131 -93.838 -3386.557
f 4385 4386 4387
f 4387 4388 4385
v 985.903 -93.866 -3386.501
v 988.059 -93.621 -3378.797
v 995.517 -92.713 -3380.884
v 993.361 -92.961 -3388.588
f 4389 4390 4391
f 4391 4392 4389
v 992.710 -93.040 -3388.343
v 996.168 -92.634 -3381.129
v 1003.638 -91.726 -3384.710
v 1000.180 -92.135 -3391.924
f 4393 4394 4395
f 4395 4396 4393
v 999.686 -92.194 -3391.643
v 1004.131 -91.666 -3384.991
v 1011.289 -90.798 -3389.774
v 1006.844 -91.328 -3396.426
f 4397 4398 4399
f 4399 4400 4397
v 1006.882 -91.323 -3396.450
v 1011.252 -90.802 -3389.749
v 1018.120 -89.876 -3394.228
v 1013.750 -90.482 -3400.929
f 4401 4402 4403
f 4403 4404 4401
v 1014.150 -90.426 -3401.158
v 1017.721 -89.934 -3393.999
v 1023.097 -89.162 -3396.682
v 1019.526 -89.623 -3403.840
f 4405 4406 4407
f 4407 4408 4405
v 1021.690 -89.313 -3404.243
v 1020.934 -89.472 -3396.279
v 1027.201 -88.573 -3395.684
v 1027.957 -88.438 -3403.649
f 4409 4410 4411
f 4411 4412 4409
v 1028.454 -88.368 -3403.570
v 1026.704 -88.644 -3395.763
v 1029.298 -88.271 -3395.182
v 1031.048 -88.006 -3402.988
f 4413 4414 4415
f 4415 4416 4413
v 1031.058 -88.005 -3402.986
v 1029.288 -88.273 -3395.184
v 1049.092 -85.418 -3390.692
v 1050.861 -85.184 -3398.494
f 4417 4418 4419
f 4419 4420 4417
v 1033.570 -87.658 -3401.197
v 1026.776 -88.634 -3396.973
v 1032.542 -87.797 -3387.698
v 1039.336 -86.824 -3391.922
f 4421 4422 4423
f 4423 4424 4421
v 1039.157 -86.851 -3392.186
v 1032.721 -87.771 -3387.434
v 1036.907 -87.159 -3381.765
v 1043.343 -86.237 -3386.518
f 4425 4426 4427
f 4427 4428 4425
v 1042.552 -86.353 -3387.321
v 1037.698 -87.044 -3380.962
v 1043.965 -86.127 -3376.179
v 1048.819 -85.438 -3382.538
f 4429 4430 4431
f 4431 4432 4429
v 1048.245 -85.521 -3382.903
v 1044.539 -86.043 -3375.814
v 1050.806 -85.124 -3372.537
v 1054.513 -84.606 -3379.627
f 4433 4434 4435
f 4435 4436 4433
v 1052.913 -84.839 -3380.074
v 1052.406 -84.890 -3372.090
v 1057.193 -84.210 -3371.786
v 1057.700 -84.165 -3379.770
f 4437 4438 4439
f 4439 4440 4437
v 1057.165 -84.238 -3379.768
v 1057.727 -84.137 -3371.788
v 1061.479 -83.624 -3372.052
v 1060.917 -83.728 -3380.032
f 4441 4442 4443
f 4443 4444 4441
v 1059.483 -83.922 -3379.656
v 1062.912 -83.429 -3372.428
v 1069.903 -82.486 -3375.745
v 1066.474 -82.982 -3382.973
f 4445 4446 4447
f 4447 4448 4445
v 1065.539 -83.107 -3382.355
v 1070.838 -82.361 -3376.362
v 1078.608 -81.332 -3383.233
v 1073.309 -82.079 -3389.226
f 4449 4450 4451
f 4451 4452 4449
v 1073.286 -82.082 -3389.205
v 1078.631 -81.329 -3383.253
v 1087.281 -80.195 -3391.022
v 1081.935 -80.948 -3396.974
f 4453 4454 4455
f 4455 4456 4453
v 1083.425 -80.751 -3397.819
v 1085.791 -80.392 -3390.177
v 1094.452 -79.234 -3392.859
v 1092.085 -79.608 -3400.501
f 4457 4458 4459
f 4459 4460 4457
v 1093.142 -79.471 -3400.678
v 1093.395 -79.376 -3392.682
v 1112.208 -77.426 -3393.277
v 1111.955 -77.541 -3401.273
f 4461 4462 4463
f 4463 4464 4461
v 1110.556 -77.665 -3400.973
v 1113.607 -77.291 -3393.577
v 1123.760 -76.333 -3397.766
v 1120.709 -76.857 -3405.161
f 4465 4466 4467
f 4467 4468 4465
v 1121.013 -76.832 -3405.272
v 1123.455 -76.361 -3397.654
v 1130.914 -75.654 -3400.046
v 1128.471 -76.228 -3407.664
f 4469 4470 4471
f 4471 4472 4469
v 1128.886 -76.193 -3407.773
v 1130.499 -75.694 -3399.937
v 1139.160 -75.001 -3401.721
v 1137.546 -75.461 -3409.556
f 4473 4474 4475
f 4475 4476 4473
v 1139.490 -75.358 -3409.474
v 1137.217 -75.123 -3401.803
v 1145.287 -74.665 -3399.412
v 1147.560 -74.910 -3407.082
f 4477 4478 4479
f 4479 4480 4477
v 1147.947 -74.888 -3406.946
v 1144.901 -74.682 -3399.548
v 1155.042 -74.229 -3395.373
v 1158.088 -74.267 -3402.771
f 4481 4482 4483
f 4483 4484 4481
v 1157.466 -74.303 -3402.969
v 1155.664 -74.201 -3395.175
v 1163.434 -73.865 -3393.378
v 1165.236 -73.894 -3401.172
f 4485 4486 4487
f 4487 4488 4485
v 1164.335 -73.937 -3401.275
v 1164.335 -73.827 -3393.275
v 1169.411 -73.617 -3393.275
v 1169.411 -73.726 -3401.275
f 4489 4490 4491
f 4491 4492 4489
v 1169.038 -73.741 -3401.257
v 1169.784 -73.601 -3393.292
v 1182.619 -73.276 -3394.495
v 1181.873 -73.419 -3402.460
f 4493 4494 4495
f 4495 4496 4493
v 1182.006 -73.421 -3402.470
v 1182.487 -73.274 -3394.485
v 1197.415 -73.524 -3395.383
v 1196.934 -73.688 -3403.369
f 4497 4498 4499
f 4499 4500 4497
v 1197.444 -73.695 -3403.367
v 1196.905 -73.516 -3395.385
v 1211.966 -73.755 -3394.367
v 1212.505 -73.883 -3402.349
f 4501 4502 4503
f 4503 4504 4501
v 1212.329 -73.881 -3402.357
v 1212.143 -73.758 -3394.359
v 1230.299 -74.473 -3393.937
v 1230.485 -74.568 -3401.934
f 4505 4506 4507
f 4507 4508 4505
v 1232.183 -74.654 -3401.512
v 1228.601 -74.374 -3394.359
v 1235.514 -74.769 -3390.897
v 1239.096 -75.013 -3398.050
f 4509 4510 4511
f 4511 4512 4509
v 1239.416 -75.031 -3397.871
v 1235.194 -74.750 -3391.076
v 1247.717 -75.469 -3383.294
v 1251.940 -75.745 -3390.089
f 4513 4514 4515
f 4515 4516 4513
v 1251.121 -75.697 -3390.477
v 1248.536 -75.517 -3382.906
v 1266.258 -76.645 -3376.855
v 1268.843 -76.858 -3384.426
f 4517 4518 4519
f 4519 4520 4517
v 1269.259 -76.889 -3384.257
v 1265.842 -76.613 -3377.023
v 1281.393 -77.808 -3369.677
v 1284.810 -78.076 -3376.911
f 4521 4522 4523
f 4523 4524 4521
v 1284.479 -78.050 -3377.049
v 1281.725 -77.833 -3369.539
v 1302.909 -79.377 -3361.770
v 1305.663 -79.653 -3369.280
f 4525 4526 4527
f 4527 4528 4525
v 1305.892 -79.666 -3369.188
v 1302.680 -79.361 -3361.862
v 1341.129 -81.203 -3345.002
v 1344.342 -81.590 -3352.329
f 4529 4530 4531
f 4531 4532 4529
v 1344.448 -81.595 -3352.281
v 1341.023 -81.198 -3345.051
v 1382.078 -80.886 -3325.602
v 1385.503 -81.463 -3332.832
f 4533 4534 4535
f 4535 4536 4533
v 1385.802 -81.455 -3332.674
v 1381.779 -80.894 -3325.759
v 1410.733 -79.179 -3308.913
v 1414.756 -79.573 -3315.828
f 4537 4538 4539
f 4539 4540 4537
v 1415.145 -79.547 -3315.571
v 1410.344 -79.205 -3309.171
v 1420.719 -78.289 -3301.389
v 1425.520 -78.773 -3307.788
f 4541 4542 4543
f 4543 4544 4541
v 1426.489 -78.659 -3306.744
v 1419.750 -78.403 -3302.433
v 1426.663 -77.299 -3291.625
v 1433.402 -77.466 -3295.936
f 4545 4546 4547
f 4547 4548 4545
v 1433.343 -77.476 -3296.025
v 1426.721 -77.290 -3291.536
v 1435.794 -75.926 -3278.152
v 1442.416 -76.150 -3282.641
f 4549 4550 4551
f 4551 4552 4549
v 1441.482 -76.245 -3283.613
v 1436.728 -75.823 -3277.180
v 1456.609 -74.462 -3262.487
v 1461.364 -74.864 -3268.921
f 4553 4554 4555
f 4555 4556 4553
v 1461.261 -74.870 -3268.995
v 1456.713 -74.456 -3262.413
v 1474.858 -73.823 -3249.875
v 1479.406 -74.202 -3256.456
f 4557 4558 4559
f 4559 4560 4557
v 1478.597 -74.211 -3256.887
v 1475.666 -73.819 -3249.444
v 1489.926 -73.971 -3243.828
v 1492.857 -74.231 -3251.272
f 4561 4562 4563
f 4563 4564 4561
v 1492.396 -74.226 -3251.422
v 1490.388 -73.980 -3243.678
v 1513.720 -74.696 -3237.627
v 1515.728 -74.738 -3245.371
f 4565 4566 4567
f 4567 4568 4565
v 1515.486 -74.729 -3245.426
v 1513.962 -74.707 -3237.572
v 1519.206 -74.942 -3236.555
v 1520.729 -74.914 -3244.408
f 4569 4570 4571
f 4571 4572 4569
v 1520.736 -74.915 -3244.407
v 1519.199 -74.942 -3236.556
v 1531.677 -75.556 -3234.112
v 1533.215 -75.410 -3241.963
f 4573 4574 4575
f 4575 4576 4573
v 1532.537 -75.383 -3242.036
v 1532.355 -75.590 -3234.038
v 1550.935 -76.490 -3233.616
v 1551.117 -76.096 -3241.613
f 4577 4578 4579
f 4579 4580 4577
v 1548.597 -76.040 -3240.793
v 1553.455 -76.554 -3234.436
v 1560.802 -76.528 -3240.052
v 1555.944 -76.004 -3246.408
f 4581 4582 4583
f 4583 4584 4581
v 963.203 -96.161 -3381.986
v 959.908 -96.423 -3374.696
v 966.219 -95.976 -3371.843
v 969.515 -95.715 -3379.132
f 4585 4586 4587
f 4587 4588 4585
v 970.413 -95.652 -3378.573
v 965.321 -96.039 -3372.402
v 977.266 -94.734 -3362.546
v 982.358 -94.306 -3368.716
f 4589 4590 4591
f 4591 4592 4589
v 982.148 -94.337 -3368.878
v 977.476 -94.704 -3362.384
v 996.579 -92.106 -3348.642
v 1001.250 -91.716 -3355.137
f 4593 4594 4595
f 4595 4596 4593
v 1001.063 -91.740 -3355.263
v 996.765 -92.082 -3348.516
v 1023.938 -88.486 -3331.207
v 1028.236 -88.079 -3337.955
f 4597 4598 4599
f 4599 4600 4597
v 1028.282 -88.072 -3337.925
v 1023.893 -88.493 -3331.237
v 1033.455 -87.236 -3324.961
v 1037.845 -86.780 -3331.649
f 4601 4602 4603
f 4603 4604 4601
v 1038.552 -86.688 -3331.058
v 1032.748 -87.327 -3325.552
v 1038.414 -86.613 -3319.580
v 1044.218 -85.978 -3325.086
f 4605 4606 4607
f 4607 4608 4605
v 1044.956 -85.890 -3323.990
v 1037.675 -86.705 -3320.676
v 1039.167 -86.514 -3317.399
v 1046.448 -85.717 -3320.714
f 4609 4610 4611
f 4611 4612 4609
v 1046.720 -85.687 -3318.224
v 1038.895 -86.562 -3319.888
v 1038.005 -86.627 -3315.700
v 1045.830 -85.782 -3314.036
f 4613 4614 4615
f 4615 4616 4613
v 1045.682 -85.797 -3313.517
v 1038.152 -86.615 -3316.219
v 1034.991 -86.853 -3307.406
v 1042.521 -86.093 -3304.705
f 4617 4618 4619
f 4619 4620 4617
v 1521.804 -74.956 -3244.035
v 1518.131 -74.891 -3236.928
v 1536.232 -75.977 -3227.574
v 1539.904 -75.924 -3234.681
f 4621 4622 4623
f 4623 4624 4621
v 1539.542 -75.901 -3234.846
v 1536.594 -76.003 -3227.409
v 1561.652 -77.905 -3217.473
v 1564.600 -77.609 -3224.910
f 4625 4626 4627
f 4627 4628 4625
v 1566.432 -77.794 -3223.443
v 1559.820 -77.716 -3218.940
v 1566.299 -78.546 -3209.427
v 1572.911 -78.723 -3213.930
f 4629 4630 4631
f 4631 4632 4629
v 1573.605 -78.881 -3211.678
v 1565.605 -78.398 -3211.678
v 1565.605 -78.860 -3201.743
v 1573.605 -79.395 -3201.743
f 4633 4634 4635
f 4635 4636 4633
v 386.825 0.050 -4693.045
v 379.966 0.050 -4697.164
v 373.833 0.050 -4686.949
v 380.691 0.050 -4682.831
f 4637 4638 4639
f 4639 4640 4637
v 380.976 0.050 -4683.406
v 373.547 0.050 -4686.374
v 371.098 0.050 -4680.243
v 378.527 0.050 -4677.275
f 4641 4642 4643
f 4643 4644 4641
v 378.813 0.050 -4678.759
v 370.813 0.050 -4678.759
v 370.813 0.050 -4674.253
v 378.813 0.050 -4674.253
f 4645 4646 4647
f 4647 4648 4645
v 378.306 0.050 -4676.201
v 371.319 0.050 -4672.305
v 373.367 0.050 -4668.631
v 380.355 0.050 -4672.527
f 4649 4650 4651
f 4651 4652 4649
v 379.137 0.050 -4673.869
v 374.585 0.050 -4667.290
v 379.895 0.050 -4663.616
v 384.447 0.050 -4670.195
f 4653 4654 4655
f 4655 4656 4653
v 382.171 0.050 -4670.906
v 382.171 0.050 -4662.906
v 387.492 0.050 -4662.906
v 387.492 0.050 -4670.906
f 4657 4658 4659
f 4659 4660 4657
v 387.019 0.050 -4670.878
v 387.965 0.050 -4662.934
v 398.184 0.050 -4664.150
v 397.239 0.050 -4672.094
f 4661 4662 4663
f 4663 4664 4661
v 396.979 0.050 -4672.054
v 398.443 0.050 -4664.189
v 433.598 0.050 -4670.730
v 432.134 0.050 -4678.595
f 4665 4666 4667
f 4667 4668 4665
v 597.992 0.050 -4709.128
v 590.121 0.050 -4707.695
v 594.463 0.050 -4683.844
v 602.333 0.050 -4685.276
f 4669 4670 4671
f 4671 4672 4669
v 602.279 0.050 -4685.528
v 594.517 0.050 -4683.592
v 596.988 0.050 -4673.681
v 604.750 0.050 -4675.617
f 4673 4674 4675
f 4675 4676 4673
v 604.240 0.050 -4676.802
v 597.498 0.050 -4672.496
v 602.452 0.050 -4664.740
v 609.194 0.050 -4669.046
f 4677 4678 4679
f 4679 4680 4677
v 608.794 0.050 -4669.570
v 602.851 0.050 -4664.215
v 611.223 0.050 -4654.925
v 617.166 0.050 -4660.281
f 4681 4682 4683
f 4683 4684 4681
v 617.866 0.050 -4659.191
v 610.523 0.050 -4656.016
v 615.476 0.050 -4644.559
v 622.819 0.050 -4647.734
f 4685 4686 4687
f 4687 4688 4685
v 622.868 0.050 -4647.616
v 615.427 0.050 -4644.677
v 620.693 0.050 -4631.344
v 628.134 0.050 -4634.283
f 4689 4690 4691
f 4691 4692 4689
v 627.172 0.050 -4635.710
v 621.654 0.050 -4629.918
v 628.478 0.050 -4623.416
v 633.996 0.050 -4629.208
f 4693 4694 4695
f 4695 4696 4693
v 633.059 0.050 -4629.873
v 629.415 0.050 -4622.751
v 642.740 0.050 -4615.933
v 646.384 0.050 -4623.055
f 4697 4698 4699
f 4699 4700 4697
v 646.671 0.050 -4622.893
v 642.453 0.050 -4616.095
v 657.938 0.050 -4606.488
v 662.155 0.050 -4613.286
f 4701 4702 4703
f 4703 4704 4701
v 662.874 0.050 -4612.717
v 657.219 0.050 -4607.058
v 666.514 0.050 -4597.769
v 672.169 0.050 -4603.427
f 4705 4706 4707
f 4707 4708 4705
v 672.958 0.050 -4602.307
v 665.725 0.050 -4598.889
v 667.106 0.050 -4595.968
v 674.339 0.050 -4599.387
f 4709 4710 4711
f 4711 4712 4709
v 674.333 0.050 -4599.400
v 667.112 0.050 -4595.956
v 668.826 0.050 -4592.361
v 676.047 0.050 -4595.805
f 4713 4714 4715
f 4715 4716 4713
v 676.322 0.050 -4595.034
v 668.551 0.050 -4593.133
v 671.657 0.050 -4580.434
v 679.428 0.050 -4582.335
f 4717 4718 4719
f 4719 4720 4717
v 679.491 0.050 -4580.744
v 671.594 0.050 -4582.025
v 669.735 0.050 -4570.569
v 677.632 0.050 -4569.288
f 4721 4722 4723
f 4723 4724 4721
v 677.422 0.050 -4568.506
v 669.945 0.050 -4571.350
v 660.104 0.050 -4545.477
v 667.581 0.050 -4542.633
f 4725 4726 4727
f 4727 4728 4725
v 368.299 0.050 -4569.566
v 370.796 0.050 -4561.966
v 392.592 0.050 -4569.128
v 390.095 0.050 -4576.728
f 4729 4730 4731
f 4731 4732 4729
v 390.182 0.050 -4576.755
v 392.506 0.050 -4569.100
v 416.094 0.050 -4576.262
v 413.770 0.050 -4583.917
f 4733 4734 4735
f 4735 4736 4733
v 413.952 0.050 -4583.968
v 415.912 0.050 -4576.212
v 446.659 0.050 -4583.982
v 444.699 0.050 -4591.738
f 4737 4738 4739
f 4739 4740 4737
v 444.558 0.050 -4591.699
v 446.800 0.050 -4584.020
v 466.214 0.050 -4589.689
v 463.972 0.050 -4597.368
f 4741 4742 4743
f 4743 4744 4741
v 464.483 0.050 -4597.482
v 465.703 0.050 -4589.575
v 477.347 0.050 -4591.372
v 476.127 0.050 -4599.279
f 4745 4746 4747
f 4747 4748 4745
v 476.607 0.050 -4599.323
v 476.867 0.050 -4591.328
v 485.817 0.050 -4591.618
v 485.557 0.050 -4599.614
f 4749 4750 4751
f 4751 4752 4749
v 485.943 0.050 -4599.608
v 485.431 0.050 -4591.624
v 494.692 0.050 -4591.030
v 495.205 0.050 -4599.013
f 4753 4754 4755
f 4755 4756 4753
v 495.062 0.050 -4599.020
v 494.836 0.050 -4591.023
v 505.578 0.050 -4590.719
v 505.804 0.050 -4598.716
f 4757 4758 4759
f 4759 4760 4757
v 505.483 0.050 -4598.712
v 505.900 0.050 -4590.723
v 517.544 0.050 -4591.331
v 517.127 0.050 -4599.320
f 4761 4762 4763
f 4763 4764 4761
v 516.609 0.050 -4599.259
v 518.061 0.050 -4591.392
v 537.475 0.050 -4594.973
v 536.024 0.050 -4602.840
f 4765 4766 4767
f 4767 4768 4765
v 536.302 0.050 -4602.881
v 537.196 0.050 -4594.932
v 563.768 0.050 -4597.918
v 562.874 0.050 -4605.868
f 4769 4770 4771
f 4771 4772 4769
v 562.726 0.050 -4605.848
v 563.916 0.050 -4597.937
v 585.712 0.050 -4601.214
v 584.523 0.050 -4609.125
f 4773 4774 4775
f 4775 4776 4773
v 584.040 0.050 -4609.022
v 586.195 0.050 -4601.318
v 613.969 0.050 -4609.088
v 611.814 0.050 -4616.792
f 4777 4778 4779
f 4779 4780 4777
v 611.971 0.050 -4616.832
v 613.813 0.050 -4609.047
v 630.232 0.050 -4612.932
v 628.390 0.050 -4620.717
f 4781 4782 4783
f 4783 4784 4781
v 628.622 0.050 -4620.765
v 630.001 0.050 -4612.885
v 645.252 0.050 -4615.554
v 643.873 0.050 -4623.434
f 4785 4786 4787
f 4787 4788 4785
v 645.011 0.050 -4623.469
v 644.113 0.050 -4615.519
v 654.533 0.050 -4614.343
v 655.430 0.050 -4622.293
f 4789 4790 4791
f 4791 4792 4789
v 656.065 0.050 -4622.168
v 653.899 0.050 -4614.467
v 661.368 0.050 -4612.366
v 663.534 0.050 -4620.067
f 4793 4794 4795
f 4795 4796 4793
v 664.733 0.050 -4619.502
v 660.169 0.050 -4612.931
v 667.038 0.050 -4608.161
v 671.601 0.050 -4614.732
f 4797 4798 4799
f 4799 4800 4797
v 672.808 0.050 -4613.403
v 665.831 0.050 -4609.490
v 668.514 0.050 -4604.706
v 675.491 0.050 -4608.620
f 4801 4802 4803
f 4803 4804 4801
v 675.989 0.050 -4606.341
v 668.015 0.050 -4606.985
v 667.726 0.050 -4603.404
v 675.700 0.050 -4602.760
f 4805 4806 4807
f 4807 4808 4805
v 675.647 0.050 -4602.361
v 667.779 0.050 -4603.803
v 666.788 0.050 -4598.399
v 674.657 0.050 -4596.956
f 4809 4810 4811
f 4811 4812 4809
v 674.590 0.050 -4596.656
v 666.855 0.050 -4598.699
v 664.261 0.050 -4588.881
v 671.996 0.050 -4586.838
f 4813 4814 4815
f 4815 4816 4813
v 671.898 0.050 -4586.520
v 664.359 0.050 -4589.199
v 659.584 0.050 -4575.760
v 667.122 0.050 -4573.082
f 4817 4818 4819
f 4819 4820 4817
v 666.944 0.050 -4572.659
v 659.762 0.050 -4576.184
v 651.992 0.050 -4560.353
v 659.174 0.050 -4556.828
f 4821 4822 4823
f 4823 4824 4821
v 659.160 0.050 -4556.801
v 652.005 0.050 -4560.380
v 643.345 0.050 -4543.070
v 650.499 0.050 -4539.491
f 4825 4826 4827
f 4827 4828 4825
v 650.008 0.050 -4538.736
v 643.836 0.050 -4543.825
v 638.170 0.050 -4536.954
v 644.342 0.050 -4531.864
f 4829 4830 4831
f 4831 4832 4829
v 643.377 0.050 -4531.018
v 639.135 0.050 -4537.801
v 634.360 0.050 -4534.814
v 638.601 0.050 -4528.031
f 4833 4834 4835
f 4835 4836 4833
v 636.480 0.050 -4527.423
v 636.480 0.050 -4535.423
v 631.994 0.050 -4535.423
v 631.994 0.050 -4527.423
f 4837 4838 4839
f 4839 4840 4837
v 630.289 0.050 -4527.804
v 633.699 0.050 -4535.041
v 628.623 0.050 -4537.433
v 625.213 0.050 -4530.196
f 4841 4842 4843
f 4843 4844 4841
v 623.737 0.050 -4531.389
v 630.099 0.050 -4536.240
v 625.323 0.050 -4542.503
v 618.961 0.050 -4537.653
f 4845 4846 4847
f 4847 4848 4845
v 618.700 0.050 -4538.040
v 625.584 0.050 -4542.116
v 616.033 0.050 -4558.250
v 609.149 0.050 -4554.175
f 4849 4850 4851
f 4851 4852 4849
v 609.251 0.050 -4554.012
v 615.932 0.050 -4558.412
v 607.872 0.050 -4570.649
v 601.191 0.050 -4566.248
f 4853 4854 4855
f 4855 4856 4853
v 601.640 0.050 -4565.684
v 607.423 0.050 -4571.212
v 601.145 0.050 -4577.780
v 595.362 0.050 -4572.252
f 4857 4858 4859
f 4859 4860 4857
v 595.707 0.050 -4571.931
v 600.799 0.050 -4578.101
v 593.931 0.050 -4583.769
v 588.839 0.050 -4577.599
f 4861 4862 4863
f 4863 4864 4861
v 588.760 0.050 -4577.666
v 594.010 0.050 -4583.703
v 587.141 0.050 -4589.676
v 581.892 0.050 -4583.639
f 4865 4866 4867
f 4867 4868 4865
v 583.181 0.050 -4582.886
v 585.851 0.050 -4590.428
v 580.775 0.050 -4592.225
v 578.105 0.050 -4584.684
f 4869 4870 4871
f 4871 4872 4869
v 579.779 0.050 -4584.469
v 579.101 0.050 -4592.440
v 575.528 0.050 -4592.136
v 576.206 0.050 -4584.165
f 4873 4874 4875
f 4875 4876 4873
v 578.689 0.050 -4585.316
v 573.044 0.050 -4590.985
v 570.351 0.050 -4588.302
v 575.995 0.050 -4582.633
f 4877 4878 4879
f 4879 4880 4877
v 576.968 0.050 -4584.204
v 569.378 0.050 -4586.732
v 567.886 0.050 -4582.252
v 575.476 0.050 -4579.725
f 4881 4882 4883
f 4883 4884 4881
v 575.663 0.050 -4580.605
v 567.700 0.050 -4581.372
v 566.809 0.050 -4572.122
v 574.772 0.050 -4571.355
f 4885 4886 4887
f 4887 4888 4885
v 574.790 0.050 -4571.673
v 566.791 0.050 -4571.805
v 566.491 0.050 -4553.583
v 574.490 0.050 -4553.451
f 4889 4890 4891
f 4891 4892 4889
v 574.472 0.050 -4553.141
v 566.508 0.050 -4553.892
v 565.606 0.050 -4544.339
v 573.571 0.050 -4543.587
f 4893 4894 4895
f 4895 4896 4893
v 573.530 0.050 -4543.280
v 565.647 0.050 -4544.646
v 564.456 0.050 -4537.775
v 572.339 0.050 -4536.408
f 4897 4898 4899
f 4899 4900 4897
v 571.027 0.050 -4534.077
v 565.768 0.050 -4540.106
v 563.375 0.050 -4538.018
v 568.633 0.050 -4531.990
f 4901 4902 4903
f 4903 4904 4901
v 566.004 0.050 -4531.004
v 566.004 0.050 -4539.004
v 560.638 0.050 -4539.004
v 560.638 0.050 -4531.004
f 4905 4906 4907
f 4907 4908 4905
v 559.190 0.050 -4531.275
v 562.086 0.050 -4538.733
v 556.710 0.050 -4540.820
v 553.814 0.050 -4533.363
f 4909 4910 4911
f 4911 4912 4909
v 552.857 0.050 -4533.895
v 557.666 0.050 -4540.289
v 554.081 0.050 -4542.984
v 549.273 0.050 -4536.590
f 4913 4914 4915
f 4915 4916 4913
v 548.286 0.050 -4537.666
v 555.068 0.050 -4541.908
v 552.085 0.050 -4546.679
v 545.302 0.050 -4542.437
f 4917 4918 4919
f 4919 4920 4917
v 544.963 0.050 -4543.114
v 552.424 0.050 -4546.001
v 548.840 0.050 -4555.264
v 541.379 0.050 -4552.377
f 4921 4922 4923
f 4923 4924 4921
v 541.395 0.050 -4552.335
v 548.823 0.050 -4555.306
v 542.256 0.050 -4571.731
v 534.827 0.050 -4568.760
f 4925 4926 4927
f 4927 4928 4925
v 534.892 0.050 -4568.607
v 542.191 0.050 -4571.883
v 538.306 0.050 -4580.539
v 531.007 0.050 -4577.263
f 4929 4930 4931
f 4931 4932 4929
v 531.192 0.050 -4576.902
v 538.121 0.050 -4580.899
v 533.646 0.050 -4588.656
v 526.717 0.050 -4584.658
f 4933 4934 4935
f 4935 4936 4933
v 527.876 0.050 -4583.389
v 532.487 0.050 -4589.926
v 527.411 0.050 -4593.507
v 522.799 0.050 -4586.970
f 4937 4938 4939
f 4939 4940 4937
v 524.067 0.050 -4586.375
v 526.143 0.050 -4594.101
v 521.668 0.050 -4595.304
v 519.592 0.050 -4587.578
f 4941 4942 4943
f 4943 4944 4941
v 521.193 0.050 -4587.480
v 520.068 0.050 -4595.401
v 515.882 0.050 -4594.806
v 517.007 0.050 -4586.886
f 4945 4946 4947
f 4947 4948 4945
v 518.338 0.050 -4587.323
v 514.551 0.050 -4594.369
v 510.666 0.050 -4592.282
v 514.453 0.050 -4585.235
f 4949 4950 4951
f 4951 4952 4949
v 515.169 0.050 -4585.727
v 509.950 0.050 -4591.789
v 505.775 0.050 -4588.195
v 510.995 0.050 -4582.133
f 4953 4954 4955
f 4955 4956 4953
v 511.385 0.050 -4582.518
v 505.385 0.050 -4587.810
v 500.910 0.050 -4582.736
v 506.910 0.050 -4577.444
f 4957 4958 4959
f 4959 4960 4957
v 507.238 0.050 -4577.871
v 500.581 0.050 -4582.308
v 496.997 0.050 -4576.930
v 503.654 0.050 -4572.493
f 4961 4962 4963
f 4963 4964 4961
v 503.901 0.050 -4572.918
v 496.750 0.050 -4576.506
v 494.357 0.050 -4571.735
v 501.507 0.050 -4568.148
f 4965 4966 4967
f 4967 4968 4965
v 500.967 0.050 -4567.336
v 494.897 0.050 -4572.547
v 491.313 0.050 -4568.371
v 497.383 0.050 -4563.160
f 4969 4970 4971
f 4971 4972 4969
v 496.790 0.050 -4562.598
v 491.905 0.050 -4568.934
v 488.032 0.050 -4565.947
v 492.916 0.050 -4559.612
f 4973 4974 4975
f 4975 4976 4973
v 491.142 0.050 -4558.836
v 489.805 0.050 -4566.723
v 486.220 0.050 -4566.115
v 487.558 0.050 -4558.228
f 4977 4978 4979
f 4979 4980 4977
v 486.686 0.050 -4558.177
v 487.092 0.050 -4566.167
v 481.114 0.050 -4566.470
v 480.708 0.050 -4558.481
f 4981 4982 4983
f 4983 4984 4981
v 479.337 0.050 -4558.798
v 482.485 0.050 -4566.153
v 476.218 0.050 -4568.835
v 473.070 0.050 -4561.481
f 4985 4986 4987
f 4987 4988 4985
v 473.286 0.050 -4561.396
v 476.002 0.050 -4568.921
v 468.532 0.050 -4571.616
v 465.817 0.050 -4564.091
f 4989 4990 4991
f 4991 4992 4989
v 466.757 0.050 -4563.876
v 467.592 0.050 -4571.832
v 461.926 0.050 -4572.426
v 461.091 0.050 -4564.470
f 4993 4994 4995
f 4995 4996 4993
v 461.508 0.050 -4564.448
v 461.508 0.050 -4572.448
v 458.224 0.050 -4572.448
v 458.224 0.050 -4564.448
f 4997 4998 4999
f 4999 5000 4997
v 459.343 0.050 -4564.608
v 457.106 0.050 -4572.289
v 449.937 0.050 -4570.201
v 452.174 0.050 -4562.520
f 5001 5002 5003
f 5003 5004 5001
v 453.231 0.050 -4563.004
v 448.880 0.050 -4569.717
v 443.804 0.050 -4566.427
v 448.155 0.050 -4559.714
f 5005 5006 5007
f 5007 5008 5005
v 448.481 0.050 -4559.949
v 443.477 0.050 -4566.191
v 440.494 0.050 -4563.799
v 445.498 0.050 -4557.558
f 5009 5010 5011
f 5011 5012 5009
v 445.820 0.050 -4557.846
v 440.172 0.050 -4563.511
v 434.194 0.050 -4557.552
v 439.842 0.050 -4551.886
f 5013 5014 5015
f 5015 5016 5013
v 439.981 0.050 -4552.032
v 434.055 0.050 -4557.406
v 428.088 0.050 -4550.825
v 434.015 0.050 -4545.452
f 5017 5018 5019
f 5019 5020 5017
v 434.080 0.050 -4545.525
v 428.023 0.050 -4550.752
v 420.554 0.050 -4542.097
v 426.610 0.050 -4536.870
f 5021 5022 5023
f 5023 5024 5021
v 426.687 0.050 -4536.962
v 420.477 0.050 -4542.005
v 412.718 0.050 -4532.451
v 418.928 0.050 -4527.408
f 5025 5026 5027
f 5027 5028 5025
v 418.335 0.050 -4526.817
v 413.310 0.050 -4533.042
v 405.551 0.050 -4526.779
v 410.576 0.050 -4520.554
f 5029 5030 5031
f 5031 5032 5029
v 410.637 0.050 -4520.604
v 405.491 0.050 -4526.729
v 398.021 0.050 -4520.452
v 403.168 0.050 -4514.327
f 5033 5034 5035
f 5035 5036 5033
v 402.203 0.050 -4513.728
v 398.985 0.050 -4521.052
v 391.527 0.050 -4517.775
v 394.745 0.050 -4510.451
f 5037 5038 5039
f 5039 5040 5037
v 394.288 0.050 -4510.282
v 391.983 0.050 -4517.943
v 380.039 0.050 -4514.349
v 382.344 0.050 -4506.688
f 5041 5042 5043
f 5043 5044 5041
v 381.191 0.050 -4506.519
v 381.191 0.050 -4514.519
v 372.531 0.050 -4514.519
v 372.531 0.050 -4506.519
f 5045 5046 5047
f 5047 5048 5045
v 371.644 0.050 -4506.618
v 373.417 0.050 -4514.419
v 366.850 0.050 -4515.912
v 365.076 0.050 -4508.111
f 5049 5050 5051
f 5051 5052 5049
v 363.787 0.050 -4508.655
v 368.138 0.050 -4515.368
v 363.062 0.050 -4518.659
v 358.711 0.050 -4511.945
f 5053 5054 5055
f 5055 5056 5053
v 357.525 0.050 -4513.133
v 364.248 0.050 -4517.470
v 361.554 0.050 -4521.646
v 354.832 0.050 -4517.309
f 5057 5058 5059
f 5059 5060 5057
v 354.515 0.050 -4517.904
v 361.870 0.050 -4521.051
v 360.078 0.050 -4525.240
v 352.723 0.050 -4522.093
f 5061 5062 5063
f 5063 5064 5061
v 352.447 0.050 -4523.058
v 360.354 0.050 -4524.275
v 358.562 0.050 -4535.916
v 350.655 0.050 -4534.699
f 5065 5066 5067
f 5067 5068 5065
v 350.608 0.050 -4535.308
v 358.608 0.050 -4535.308
v 358.608 0.050 -4546.051
v 350.608 0.050 -4546.051
f 5069 5070 5071
f 5071 5072 5069
v 350.642 0.050 -4546.571
v 358.574 0.050 -4545.530
v 359.476 0.050 -4552.402
v 351.544 0.050 -4553.442
f 5073 5074 5075
f 5075 5076 5073
v 351.834 0.050 -4554.500
v 359.186 0.050 -4551.344
v 360.978 0.050 -4555.520
v 353.626 0.050 -4558.675
f 5077 5078 5079
f 5079 5080 5077
v 354.472 0.050 -4559.925
v 360.132 0.050 -4554.271
v 363.115 0.050 -4557.257
v 357.456 0.050 -4562.911
f 5081 5082 5083
f 5083 5084 5081
v 358.065 0.050 -4563.411
v 362.506 0.050 -4556.757
v 366.090 0.050 -4559.148
v 361.650 0.050 -4565.803
f 5085 5086 5087
f 5087 5088 5085
v 361.864 0.050 -4565.936
v 365.876 0.050 -4559.015
v 371.553 0.050 -4562.305
v 367.542 0.050 -4569.227
f 5089 5090 5091
f 5091 5092 5089
v 592.849 0.050 -4481.038
v 594.107 0.050 -4473.137
v 601.576 0.050 -4474.326
v 600.318 0.050 -4482.227
f 5093 5094 5095
f 5095 5096 5093
v 599.345 0.050 -4481.942
v 602.549 0.050 -4474.612
v 607.325 0.050 -4476.699
v 604.120 0.050 -4484.030
f 5097 5098 5099
f 5099 5100 5097
v 603.477 0.050 -4483.674
v 607.969 0.050 -4477.054
v 617.219 0.050 -4483.331
v 612.728 0.050 -4489.951
f 5101 5102 5103
f 5103 5104 5101
v 613.556 0.050 -4490.382
v 616.390 0.050 -4482.900
v 622.669 0.050 -4485.279
v 619.835 0.050 -4492.760
f 5105 5106 5107
f 5107 5108 5105
v 618.782 0.050 -4492.166
v 623.722 0.050 -4485.873
v 634.765 0.050 -4494.541
v 629.825 0.050 -4500.834
f 5109 5110 5111
f 5111 5112 5109
v 568.453 -99.019 -4236.739
v 571.926 -98.791 -4229.533
v 579.986 -98.452 -4233.418
v 576.512 -98.626 -4240.624
f 5113 5114 5115
f 5115 5116 5113
v 576.386 -98.633 -4240.560
v 580.112 -98.446 -4233.481
v 597.133 -97.461 -4242.440
v 593.407 -97.542 -4249.519
f 5117 5118 5119
f 5119 5120 5117
v 593.081 -97.567 -4249.327
v 597.459 -97.438 -4242.632
v 605.218 -96.852 -4247.706
v 600.840 0.050 -4254.401
f 5121 5122 5123
f 5123 5124 5121
v 600.201 0.050 -4253.883
v 605.857 -96.798 -4248.225
v 610.933 0.050 -4253.299
v 605.277 0.050 -4258.957
f 5125 5126 5127
f 5127 5128 5125
v 604.417 0.050 -4257.676
v 611.793 0.050 -4254.580
v 613.296 0.050 -4258.161
v 605.919 0.050 -4261.256
f 5129 5130 5131
f 5131 5132 5129
v 605.940 0.050 -4261.305
v 613.276 0.050 -4258.112
v 615.357 0.050 -4262.896
v 608.022 0.050 -4266.088
f 5133 5134 5135
f 5135 5136 5133
v 607.745 0.050 -4265.153
v 615.634 0.050 -4263.830
v 616.536 0.050 -4269.208
v 608.646 0.050 -4270.531
f 5137 5138 5139
f 5139 5140 5137
v 608.614 0.050 -4269.440
v 616.568 0.050 -4270.299
v 615.666 0.050 -4278.650
v 607.713 0.050 -4277.791
f 5141 5142 5143
f 5143 5144 5141
v 435.820 0.050 -4318.445
v 429.333 0.050 -4313.764
v 436.568 0.050 -4303.735
v 443.056 0.050 -4308.415
f 5145 5146 5147
f 5147 5148 5145
v 443.057 0.050 -4308.414
v 436.567 0.050 -4303.736
v 442.434 0.050 -4295.597
v 448.924 0.050 -4300.274
f 5149 5150 5151
f 5151 5152 5149
v 448.816 0.050 -4300.418
v 442.542 0.050 -4295.453
v 448.219 0.050 -4288.278
v 454.493 0.050 -4293.243
f 5153 5154 5155
f 5155 5156 5153
v 454.183 0.050 -4293.591
v 448.529 0.050 -4287.930
v 453.305 0.050 -4283.160
v 458.958 0.050 -4288.820
f 5157 5158 5159
f 5159 5160 5157
v 458.294 0.050 -4289.356
v 453.969 0.050 -4282.625
v 458.144 0.050 -4279.943
v 462.468 0.050 -4286.673
f 5161 5162 5163
f 5163 5164 5161
v 461.933 0.050 -4286.962
v 458.679 0.050 -4279.654
v 466.750 0.050 -4276.060
v 470.004 0.050 -4283.368
f 5165 5166 5167
f 5167 5168 5165
v 468.984 0.050 -4283.668
v 467.769 0.050 -4275.760
v 474.994 0.050 -4274.650
v 476.209 0.050 -4282.558
f 5169 5170 5171
f 5171 5172 5169
v 476.204 0.050 -4282.558
v 474.998 0.050 -4274.650
v 479.418 0.050 -4273.976
v 480.624 0.050 -4281.884
f 5173 5174 5175
f 5175 5176 5173
v 480.106 0.050 -4281.929
v 479.936 0.050 -4273.931
v 494.263 0.050 -4273.627
v 494.432 0.050 -4281.625
f 5177 5178 5179
f 5179 5180 5177
v 494.348 0.050 -4281.626
v 494.348 0.050 -4273.626
v 502.407 0.050 -4273.626
v 502.407 0.050 -4281.626
f 5181 5182 5183
f 5183 5184 5181
v 501.092 0.050 -4281.404
v 503.723 0.050 -4273.849
v 510.591 0.050 -4276.240
v 507.960 0.050 -4283.795
f 5185 5186 5187
f 5187 5188 5185
v 508.616 0.050 -4283.963
v 509.935 0.050 -4276.073
v 515.312 0.050 -4276.971
v 513.993 0.050 -4284.862
f 5189 5190 5191
f 5191 5192 5189
v 514.652 0.050 -4284.916
v 514.652 0.050 -4276.916
v 521.521 0.050 -4276.916
v 521.521 0.050 -4284.916
f 5193 5194 5195
f 5195 5196 5193
v 521.352 0.050 -4284.913
v 521.690 0.050 -4276.920
v 528.558 0.050 -4277.211
v 528.220 0.050 -4285.203
f 5197 5198 5199
f 5199 5200 5197
v 526.798 0.050 -4284.877
v 529.980 0.050 -4277.537
v 538.941 0.050 -4281.422
v 535.759 0.050 -4288.762
f 5201 5202 5203
f 5203 5204 5201
v 535.783 0.050 -4288.772
v 538.917 0.050 -4281.412
v 552.944 0.050 -4287.384
v 549.809 0.050 -4294.745
f 5205 5206 5207
f 5207 5208 5205
v 549.974 0.050 -4294.810
v 552.779 0.050 -4287.318
v 562.342 0.050 -4290.899
v 559.536 0.050 -4298.391
f 5209 5210 5211
f 5211 5212 5209
v 559.718 0.050 -4298.454
v 562.160 0.050 -4290.836
v 569.619 0.050 -4293.228
v 567.176 0.050 -4300.846
f 5213 5214 5215
f 5215 5216 5213
v 567.652 0.050 -4300.967
v 569.143 0.050 -4293.107
v 575.410 0.050 -4294.296
v 573.919 0.050 -4302.156
f 5217 5218 5219
f 5219 5220 5217
v 574.923 0.050 -4302.218
v 574.406 0.050 -4294.235
v 578.892 0.050 -4293.944
v 579.409 0.050 -4301.927
f 5221 5222 5223
f 5223 5224 5221
v 579.938 0.050 -4301.857
v 578.363 0.050 -4294.014
v 587.313 0.050 -4292.217
v 588.888 0.050 -4300.060
f 5225 5226 5227
f 5227 5228 5225
v 476.068 0.050 -4274.631
v 475.135 0.050 -4282.577
v 464.326 0.050 -4281.308
v 465.258 0.050 -4273.363
f 5229 5230 5231
f 5231 5232 5229
v 464.905 0.050 -4273.337
v 464.679 0.050 -4281.334
v 453.926 0.050 -4281.030
v 454.152 0.050 -4273.033
f 5233 5234 5235
f 5235 5236 5233
v 454.039 0.050 -4273.032
v 454.039 0.050 -4281.032
v 445.378 0.050 -4281.032
v 445.378 0.050 -4273.032
f 5237 5238 5239
f 5239 5240 5237
v 444.240 0.050 -4273.197
v 446.516 0.050 -4280.866
v 438.457 0.050 -4283.258
v 436.181 0.050 -4275.588
f 5241 5242 5243
f 5243 5244 5241
v 434.328 0.050 -4276.767
v 440.310 0.050 -4282.079
v 435.534 0.050 -4287.457
v 429.552 0.050 -4282.145
f 5245 5246 5247
f 5247 5248 5245
v 428.543 0.050 -4284.801
v 436.543 0.050 -4284.801
v 436.543 0.050 -4289.267
v 428.543 0.050 -4289.267
f 5249 5250 5251
f 5251 5252 5249
v 428.797 0.050 -4290.671
v 436.289 0.050 -4287.864
v 438.081 0.050 -4292.647
v 430.590 0.050 -4295.454
f 5253 5254 5255
f 5255 5256 5253
v 430.695 0.050 -4295.709
v 437.975 0.050 -4292.393
v 443.452 0.050 -4304.417
v 436.172 0.050 -4307.733
f 5257 5258 5259
f 5259 5260 5257
v 436.206 0.050 -4307.807
v 443.418 0.050 -4304.344
v 450.442 0.050 -4318.971
v 443.231 0.050 -4322.434
f 5261 5262 5263
f 5263 5264 5261
v 155.094 -84.836 -4215.603
v 154.040 -85.249 -4207.672
v 158.515 -85.425 -4207.078
v 159.569 -84.977 -4215.008
f 5265 5266 5267
f 5267 5268 5265
v 158.771 -84.956 -4215.034
v 159.313 -85.453 -4207.052
v 163.788 -85.577 -4207.356
v 163.246 -85.044 -4215.338
f 5269 5270 5271
f 5271 5272 5269
v 161.245 -85.040 -4214.638
v 165.790 -85.594 -4208.055
v 169.675 -85.524 -4210.738
v 165.130 -84.956 -4217.321
f 5273 5274 5275
f 5275 5276 5273
v 164.842 -84.964 -4217.102
v 169.963 -85.516 -4210.956
v 173.547 -85.392 -4213.942
v 168.426 -84.834 -4220.089
f 5277 5278 5279
f 5279 5280 5277
v 167.996 -84.855 -4219.671
v 173.978 -85.371 -4214.359
v 178.753 -85.055 -4219.737
v 172.771 -84.577 -4225.049
f 5281 5282 5283
f 5283 5284 5281
v 172.741 -84.579 -4225.014
v 178.784 -85.053 -4219.772
v 180.331 -84.935 -4221.556
v 174.288 -84.484 -4226.798
f 5285 5286 5287
f 5287 5288 5285
v 174.288 -84.484 -4226.798
v 180.332 -84.935 -4221.556
v 182.669 -84.774 -4224.252
v 176.625 -84.331 -4229.493
f 5289 5290 5291
f 5291 5292 5289
v 176.690 -84.327 -4229.566
v 182.605 -84.779 -4224.180
v 185.589 -84.575 -4227.457
v 179.673 -84.127 -4232.843
f 5293 5294 5295
f 5295 5296 5293
v 180.021 -84.105 -4233.181
v 185.241 -84.597 -4227.118
v 189.415 -84.399 -4230.713
v 184.195 -83.867 -4236.775
f 5297 5298 5299
f 5299 5300 5297
v 184.379 -83.856 -4236.924
v 189.231 -84.405 -4230.563
v 194.307 -84.252 -4234.435
v 189.456 -83.614 -4240.796
f 5301 5302 5303
f 5303 5304 5301
v 190.092 -83.600 -4241.193
v 193.671 -84.265 -4234.038
v 206.217 -84.111 -4240.315
v 202.637 -83.425 -4247.469
f 5305 5306 5307
f 5307 5308 5305
v 201.702 -83.455 -4246.820
v 207.152 -84.083 -4240.964
v 211.327 -83.866 -4244.848
v 205.877 -83.237 -4250.705
f 5309 5310 5311
f 5311 5312 5309
v 204.904 -83.330 -4249.302
v 212.299 -83.772 -4246.251
v 214.392 -83.389 -4251.325
v 206.997 0.050 -4254.376
f 5313 5314 5315
f 5315 5316 5313
v 206.729 0.050 -4253.372
v 214.660 -83.309 -4252.329
v 215.562 0.050 -4259.187
v 207.630 0.050 -4260.230
f 5317 5318 5319
f 5319 5320 5317
v 207.596 0.050 -4259.708
v 215.596 0.050 -4259.708
v 215.596 0.050 -4267.174
v 207.596 0.050 -4267.174
f 5321 5322 5323
f 5323 5324 5321
v 207.616 0.050 -4266.774
v 215.576 0.050 -4267.575
v 214.374 0.050 -4279.520
v 206.414 0.050 -4278.719
f 5325 5326 5327
f 5327 5328 5325
v 206.397 0.050 -4279.268
v 214.391 0.050 -4278.970
v 214.692 0.050 -4287.031
v 206.697 0.050 -4287.329
f 5329 5330 5331
f 5331 5332 5329
v 206.785 0.050 -4288.028
v 214.603 0.050 -4286.331
v 216.095 0.050 -4293.202
v 208.277 0.050 -4294.899
f 5333 5334 5335
f 5335 5336 5333
v 209.189 0.050 -4296.700
v 215.183 0.050 -4291.401
v 219.669 0.050 -4296.475
v 213.676 0.050 -4301.774
f 5337 5338 5339
f 5339 5340 5337
v 214.944 0.050 -4302.732
v 218.400 0.050 -4295.517
v 225.269 0.050 -4298.807
v 221.813 0.050 -4306.022
f 5341 5342 5343
f 5343 5344 5341
v 222.462 0.050 -4306.267
v 224.619 0.050 -4298.563
v 232.077 0.050 -4300.651
v 229.921 0.050 -4308.355
f 5345 5346 5347
f 5347 5348 5345
v 230.830 0.050 -4308.499
v 231.168 0.050 -4300.506
v 238.337 0.050 -4300.810
v 237.999 0.050 -4308.803
f 5349 5350 5351
f 5351 5352 5349
v 238.042 0.050 -4308.805
v 238.294 0.050 -4300.809
v 247.544 0.050 -4301.099
v 247.293 0.050 -4309.095
f 5353 5354 5355
f 5355 5356 5353
v 247.653 0.050 -4309.090
v 247.185 0.050 -4301.104
v 257.337 0.050 -4300.510
v 257.805 0.050 -4308.496
f 5357 5358 5359
f 5359 5360 5357
v 257.904 0.050 -4308.489
v 257.238 0.050 -4300.517
v 267.991 0.050 -4299.618
v 268.658 0.050 -4307.590
f 5361 5362 5363
f 5363 5364 5361
v 269.294 0.050 -4307.485
v 267.355 0.050 -4299.723
v 275.715 0.050 -4297.636
v 277.654 0.050 -4305.397
f 5365 5366 5367
f 5367 5368 5365
v 278.376 0.050 -4305.141
v 274.993 0.050 -4297.891
v 279.468 0.050 -4295.804
v 282.851 0.050 -4303.054
f 5369 5370 5371
f 5371 5372 5369
v 284.243 0.050 -4301.976
v 278.076 0.050 -4296.881
v 283.753 0.050 -4290.010
v 289.921 0.050 -4295.105
f 5373 5374 5375
f 5375 5376 5373
v 289.739 0.050 -4295.311
v 283.935 0.050 -4289.805
v 289.601 0.050 -4283.832
v 295.405 0.050 -4289.338
f 5377 5378 5379
f 5379 5380 5377
v 294.720 0.050 -4289.915
v 290.287 0.050 -4283.255
v 294.773 0.050 -4280.269
v 299.206 0.050 -4286.928
f 5381 5382 5383
f 5383 5384 5381
v 298.336 0.050 -4287.365
v 295.642 0.050 -4279.832
v 299.817 0.050 -4278.339
v 302.511 0.050 -4285.872
f 5385 5386 5387
f 5387 5388 5385
v 301.164 0.050 -4286.106
v 301.164 0.050 -4278.106
v 305.349 0.050 -4278.106
v 305.349 0.050 -4286.106
f 5389 5390 5391
f 5391 5392 5389
v 304.221 0.050 -4285.943
v 306.478 0.050 -4278.268
v 311.554 0.050 -4279.761
v 309.297 0.050 -4287.436
f 5393 5394 5395
f 5395 5396 5393
v 309.160 0.050 -4287.393
v 311.691 0.050 -4279.804
v 318.860 0.050 -4282.196
v 316.329 0.050 -4289.785
f 5397 5398 5399
f 5399 5400 5397
v 315.249 0.050 -4289.230
v 319.940 0.050 -4282.750
v 325.306 0.050 -4286.635
v 320.614 0.050 -4293.115
f 5401 5402 5403
f 5403 5404 5401
v 320.331 0.050 -4292.890
v 325.590 0.050 -4286.861
v 327.983 0.050 -4288.949
v 322.724 0.050 -4294.977
f 5405 5406 5407
f 5407 5408 5405
v 321.587 0.050 -4293.309
v 329.120 0.050 -4290.617
v 330.612 0.050 -4294.793
v 323.078 0.050 -4297.484
f 5409 5410 5411
f 5411 5412 5409
v 322.845 0.050 -4296.138
v 330.845 0.050 -4296.138
v 330.845 0.050 -4300.618
v 322.845 0.050 -4300.618
f 5413 5414 5415
f 5415 5416 5413
v 322.878 0.050 -4300.104
v 330.812 0.050 -4301.132
v 329.921 0.050 -4308.003
v 321.988 0.050 -4306.975
f 5417 5418 5419
f 5419 5420 5417
v 322.019 0.050 -4308.203
v 329.890 0.050 -4306.775
v 331.082 0.050 -4313.342
v 323.210 0.050 -4314.770
f 5421 5422 5423
f 5423 5424 5421
v 323.703 0.050 -4316.093
v 330.588 0.050 -4312.020
v 334.473 0.050 -4318.587
v 327.588 0.050 -4322.660
f 5425 5426 5427
f 5427 5428 5425
v 327.830 0.050 -4323.022
v 334.232 0.050 -4318.225
v 339.598 0.050 -4325.387
v 333.195 0.050 -4330.184
f 5429 5430 5431
f 5431 5432 5429
v 333.991 0.050 -4330.981
v 338.802 0.050 -4324.589
v 343.577 0.050 -4328.183
v 338.767 0.050 -4334.575
f 5433 5434 5435
f 5435 5436 5433
v 339.694 0.050 -4335.096
v 342.650 0.050 -4327.662
v 347.136 0.050 -4329.446
v 344.180 0.050 -4336.880
f 5437 5438 5439
f 5439 5440 5437
v 345.658 0.050 -4337.163
v 345.658 0.050 -4329.163
v 349.532 0.050 -4329.163
v 349.532 0.050 -4337.163
f 5441 5442 5443
f 5443 5444 5441
v 351.054 0.050 -4336.862
v 348.011 0.050 -4329.464
v 353.087 0.050 -4327.376
v 356.130 0.050 -4334.775
f 5445 5446 5447
f 5447 5448 5445
v 356.985 0.050 -4334.293
v 352.231 0.050 -4327.858
v 359.100 0.050 -4322.784
v 363.853 0.050 -4329.219
f 5449 5450 5451
f 5451 5452 5449
v 363.748 0.050 -4329.294
v 359.206 0.050 -4322.708
v 367.866 0.050 -4316.736
v 372.408 0.050 -4323.322
f 5453 5454 5455
f 5455 5456 5453
v 372.052 0.050 -4323.541
v 368.223 0.050 -4316.517
v 374.790 0.050 -4312.936
v 378.620 0.050 -4319.960
f 5457 5458 5459
f 5459 5460 5457
v 378.095 0.050 -4320.199
v 375.315 0.050 -4312.697
v 383.375 0.050 -4309.711
v 386.154 0.050 -4317.212
f 5461 5462 5463
f 5463 5464 5461
v 384.765 0.050 -4317.462
v 384.765 0.050 -4309.462
v 391.344 0.050 -4309.462
v 391.344 0.050 -4317.462
f 5465 5466 5467
f 5467 5468 5465
v 391.416 0.050 -4317.461
v 391.271 0.050 -4309.462
v 407.991 0.050 -4309.158
v 408.137 0.050 -4317.157
f 5469 5470 5471
f 5471 5472 5469
v 407.830 0.050 -4317.151
v 408.298 0.050 -4309.164
v 418.450 0.050 -4309.759
v 417.982 0.050 -4317.745
f 5473 5474 5475
f 5475 5476 5473
v 417.598 0.050 -4317.704
v 418.834 0.050 -4309.800
v 428.385 0.050 -4311.293
v 427.150 0.050 -4319.197
f 5477 5478 5479
f 5479 5480 5477
v 427.064 0.050 -4319.183
v 428.471 0.050 -4311.308
v 433.280 0.050 -4312.167
v 431.873 0.050 -4320.042
f 5481 5482 5483
f 5483 5484 5481
v 431.873 0.050 -4320.042
v 433.280 0.050 -4312.167
v 436.831 0.050 -4312.801
v 435.424 0.050 -4320.676
f 5485 5486 5487
f 5487 5488 5485
v 434.859 0.050 -4320.532
v 437.396 0.050 -4312.945
v 445.456 0.050 -4315.641
v 442.918 0.050 -4323.228
f 5489 5490 5491
f 5491 5492 5489
v 442.460 0.050 -4323.042
v 445.914 0.050 -4315.826
v 448.564 0.050 -4317.095
v 445.109 0.050 -4324.310
f 5493 5494 5495
f 5495 5496 5493
v 445.117 0.050 -4324.314
v 448.556 0.050 -4317.091
v 452.775 0.050 -4319.099
v 449.336 0.050 -4326.323
f 5497 5498 5499
f 5499 5500 5497
v 449.027 0.050 -4326.159
v 453.084 0.050 -4319.263
v 458.160 0.050 -4322.250
v 454.103 0.050 -4329.145
f 5501 5502 5503
f 5503 5504 5501
v 453.911 0.050 -4329.025
v 458.352 0.050 -4322.370
v 470.886 0.050 -4330.734
v 466.446 0.050 -4337.389
f 5505 5506 5507
f 5507 5508 5505
v 154.098 -89.312 -4121.536
v 161.003 -89.943 -4125.576
v 151.741 -88.396 -4141.406
v 144.836 -87.854 -4137.366
f 5509 5510 5511
f 5511 5512 5509
v 144.730 -87.835 -4137.559
v 151.847 -88.414 -4141.213
v 146.482 -87.518 -4151.665
v 139.365 -86.908 -4148.011
f 5513 5514 5515
f 5515 5516 5513
v 139.253 -86.890 -4148.246
v 146.593 -87.537 -4151.429
v 142.708 -86.853 -4160.388
v 135.368 -86.262 -4157.205
f 5517 5518 5519
f 5519 5520 5517
v 135.088 -86.212 -4158.168
v 142.988 -86.911 -4159.425
v 142.087 -86.614 -4165.094
v 134.186 -85.979 -4163.837
f 5521 5522 5523
f 5523 5524 5521
v 134.157 -85.970 -4164.056
v 142.115 -86.625 -4164.875
v 141.225 -86.213 -4173.530
v 133.267 -85.649 -4172.711
f 5525 5526 5527
f 5527 5528 5525
v 133.268 -85.626 -4173.544
v 141.223 -86.245 -4172.697
v 142.114 -85.977 -4181.061
v 134.159 -85.447 -4181.908
f 5529 5530 5531
f 5531 5532 5529
v 134.180 -85.443 -4182.073
v 142.093 -85.982 -4180.896
v 146.579 -84.853 -4211.049
v 138.666 -84.633 -4212.226
f 5533 5534 5535
f 5535 5536 5533
v 138.654 -84.635 -4212.140
v 146.591 -84.850 -4211.135
v 148.973 -84.034 -4229.951
v 141.036 -83.987 -4230.956
f 5537 5538 5539
f 5539 5540 5537
v 142.871 -83.876 -4233.837
v 147.139 -84.135 -4227.070
v 152.816 -84.038 -4230.651
v 148.548 -83.712 -4237.418
f 5541 5542 5543
f 5543 5544 5541
v 149.882 -83.693 -4237.954
v 151.482 -84.050 -4230.115
v 167.601 -84.008 -4233.405
v 166.001 -83.542 -4241.244
f 5545 5546 5547
f 5547 5548 5545
v -183.114 -80.114 -4113.591
v -187.335 -80.025 -4120.387
v -195.995 -80.484 -4115.010
v -191.775 -80.613 -4108.213
f 5549 5550 5551
f 5551 5552 5549
v -191.548 -80.600 -4108.365
v -196.222 -80.497 -4114.857
v -201.599 -80.818 -4110.986
v -196.925 -80.925 -4104.494
f 5553 5554 5555
f 5555 5556 5553
v -197.554 -80.961 -4104.123
v -200.970 -80.783 -4111.357
v -206.035 -81.042 -4108.965
v -202.619 -81.228 -4101.731
f 5557 5558 5559
f 5559 5560 5557
v -203.760 -81.282 -4101.389
v -204.894 -80.992 -4109.308
v -211.172 -81.231 -4108.409
v -210.039 -81.535 -4100.490
f 5561 5562 5563
f 5563 5564 5561
v -210.871 -81.565 -4100.458
v -210.340 -81.203 -4108.441
v -219.290 -81.465 -4109.036
v -219.821 -81.847 -4101.053
f 5565 5566 5567
f 5567 5568 5565
v -220.609 -81.868 -4101.186
v -218.501 -81.445 -4108.903
v -225.080 -81.572 -4110.700
v -227.188 -81.919 -4102.983
f 5569 5570 5571
f 5571 5572 5569
v -229.061 -81.839 -4104.114
v -223.208 -81.566 -4109.568
v -227.383 -81.394 -4114.048
v -233.235 -81.570 -4108.594
f 5573 5574 5575
f 5575 5576 5573
v -234.155 -81.378 -4112.418
v -226.462 -81.587 -4110.223
v -225.271 -81.403 -4114.399
v -232.964 -81.199 -4116.593
f 5577 5578 5579
f 5579 5580 5577
v -230.762 -81.109 -4119.143
v -227.474 -81.496 -4111.850
v -221.496 -81.281 -4114.545
v -224.784 -81.037 -4121.838
f 5581 5582 5583
f 5583 5584 5581
v -223.439 -80.982 -4122.180
v -222.841 -81.338 -4114.203
v -218.967 -81.206 -4114.494
v -219.565 -80.859 -4122.471
f 5585 5586 5587
f 5587 5588 5585
v -219.539 -80.859 -4122.473
v -218.993 -81.207 -4114.492
v -205.846 -80.768 -4115.390
v -206.392 -80.449 -4123.372
f 5589 5590 5591
f 5591 5592 5589
v -205.654 -80.430 -4123.354
v -206.585 -80.789 -4115.408
v -196.432 -80.529 -4114.219
v -195.501 -80.191 -4122.165
f 5593 5594 5595
f 5595 5596 5593
v -195.522 -80.192 -4122.167
v -196.412 -80.528 -4114.216
v -185.669 -80.243 -4113.014
v -184.780 -79.931 -4120.964
f 5597 5598 5599
f 5599 5600 5597
v -185.697 -79.957 -4120.961
v -184.752 -80.214 -4113.017
v -172.206 -79.399 -4114.510
v -173.152 -79.224 -4122.454
f 5601 5602 5603
f 5603 5604 5601
v -174.014 -79.280 -4122.253
v -171.343 -79.340 -4114.712
v -157.017 -78.341 -4119.786
v -159.687 -78.334 -4127.327
f 5605 5606 5607
f 5607 5608 5605
v -160.139 -78.363 -4127.135
v -156.565 -78.310 -4119.978
v -149.396 -77.825 -4123.559
v -152.970 -77.899 -4130.716
f 5609 5610 5611
f 5611 5612 5609
v -154.016 -77.970 -4129.961
v -148.350 -77.753 -4124.314
v -144.175 -77.459 -4128.502
v -149.842 -77.632 -4134.149
f 5613 5614 5615
f 5615 5616 5613
v -150.512 -77.692 -4133.257
v -143.505 -77.410 -4129.395
v -141.758 -77.253 -4132.566
v -148.764 -77.514 -4136.428
f 5617 5618 5619
f 5619 5620 5617
v -148.768 -77.514 -4136.420
v -141.754 -77.252 -4132.574
v -140.217 -77.108 -4135.375
v -147.232 -77.366 -4139.222
f 5621 5622 5623
f 5623 5624 5621
v -147.571 -77.404 -4138.398
v -139.879 -77.073 -4136.199
v -136.294 -76.688 -4148.739
v -143.986 -76.943 -4150.937
f 5625 5626 5627
f 5627 5628 5625
v -144.035 -76.949 -4150.748
v -136.245 -76.683 -4148.928
v -134.152 -76.483 -4157.887
v -141.942 -76.681 -4159.707
f 5629 5630 5631
f 5631 5632 5629
v -141.692 -76.659 -4160.446
v -134.403 -76.501 -4157.148
v -130.217 -76.278 -4166.397
v -137.506 -76.352 -4169.695
f 5633 5634 5635
f 5635 5636 5633
v -137.420 -76.347 -4169.873
v -130.303 -76.282 -4166.219
v -128.723 -76.223 -4169.298
v -135.839 -76.266 -4172.952
f 5637 5638 5639
f 5639 5640 5637
v -135.838 -76.266 -4172.953
v -128.723 -76.223 -4169.296
v -125.239 -76.141 -4176.075
v -132.354 -76.135 -4179.732
f 5641 5642 5643
f 5643 5644 5641
v -132.456 -76.138 -4179.519
v -125.137 -76.140 -4176.288
v -121.842 -76.124 -4183.754
v -129.161 -76.062 -4186.984
f 5645 5646 5647
f 5647 5648 5645
v -129.498 -76.074 -4185.537
v -121.505 -76.127 -4185.201
v -121.216 -76.138 -4192.072
v -129.209 -76.010 -4192.408
f 5649 5650 5651
f 5651 5652 5649
v -129.212 -76.011 -4192.240
v -121.212 -76.138 -4192.240
v -121.212 -76.139 -4193.125
v -129.212 -76.002 -4193.125
f 5653 5654 5655
f 5655 5656 5653
v -129.196 -76.006 -4192.764
v -121.228 -76.140 -4193.486
v -122.420 -76.113 -4206.634
v -130.387 -75.833 -4205.912
f 5657 5658 5659
f 5659 5660 5657
v -130.396 -75.832 -4206.036
v -122.410 -76.113 -4206.509
v -123.011 -76.079 -4216.657
v -130.997 -75.684 -4216.184
f 5661 5662 5663
f 5663 5664 5661
v -130.875 -75.674 -4217.430
v -123.134 -76.075 -4215.411
v -121.342 -76.169 -4222.282
v -129.083 -75.702 -4224.301
f 5665 5666 5667
f 5667 5668 5665
v -128.663 -75.720 -4225.316
v -121.762 -76.144 -4221.268
v -116.686 -76.490 -4229.923
v -123.586 -76.018 -4233.970
f 5669 5670 5671
f 5671 5672 5669
v -123.667 -76.013 -4233.826
v -116.605 -76.497 -4230.068
v -106.753 -77.507 -4248.580
v -113.815 -76.910 -4252.338
f 5673 5674 5675
f 5675 5676 5673
v -147.199 -77.397 -4137.996
v -143.322 -77.376 -4130.998
v -133.426 -76.719 -4136.482
v -137.303 -76.814 -4143.479
f 5677 5678 5679
f 5679 5680 5677
v -137.293 -76.814 -4143.485
v -133.436 -76.719 -4136.476
v -127.458 -76.378 -4139.767
v -131.315 -76.505 -4146.775
f 5681 5682 5683
f 5683 5684 5681
v -133.062 -76.602 -4144.849
v -125.711 -76.283 -4141.693
v -122.126 -76.114 -4150.044
v -129.478 -76.377 -4153.199
f 5685 5686 5687
f 5687 5688 5685
v -129.802 -76.401 -4151.622
v -121.802 -76.102 -4151.622
v -121.802 -76.108 -4157.898
v -129.802 -76.351 -4157.898
f 5689 5690 5691
f 5691 5692 5689
v -129.452 -76.353 -4156.262
v -122.152 -76.119 -4159.534
v -123.354 -76.150 -4162.216
v -130.655 -76.368 -4158.944
f 5693 5694 5695
f 5695 5696 5693
v -130.583 -76.367 -4158.793
v -123.426 -76.152 -4162.368
v -126.409 -76.193 -4168.340
v -133.566 -76.369 -4164.766
f 5697 5698 5699
f 5699 5700 5697
v -133.563 -76.369 -4164.760
v -126.412 -76.193 -4168.346
v -128.706 -76.191 -4172.918
v -135.856 -76.334 -4169.331
f 5701 5702 5703
f 5703 5704 5701
v -107.798 0.050 -4253.593
v -112.770 -76.952 -4247.325
v -104.110 -77.568 -4240.454
v -99.137 -78.131 -4246.722
f 5705 5706 5707
f 5707 5708 5705
v -99.568 -78.103 -4247.019
v -103.679 -77.596 -4240.157
v -98.982 -77.885 -4237.342
v -94.870 -78.406 -4244.205
f 5709 5710 5711
f 5711 5712 5709
v -94.866 -78.407 -4244.202
v -98.985 -77.885 -4237.344
v -96.214 -78.038 -4235.680
v -92.094 -78.573 -4242.538
f 5713 5714 5715
f 5715 5716 5713
v -92.647 -78.538 -4242.814
v -95.661 -78.069 -4235.403
v -87.601 -78.517 -4232.126
v -84.588 -79.038 -4239.537
f 5717 5718 5719
f 5719 5720 5717
v -85.975 -78.945 -4239.830
v -86.214 -78.600 -4231.833
v -76.062 -79.274 -4231.529
v -75.822 -79.703 -4239.526
f 5721 5722 5723
f 5723 5724 5721
v -76.136 -79.679 -4239.523
v -75.748 -79.296 -4231.532
v -57.236 -80.568 -4232.431
v -57.624 -81.100 -4240.421
f 5725 5726 5727
f 5727 5728 5725
v -57.033 -81.133 -4240.406
v -57.826 -80.538 -4232.446
v -45.881 -81.087 -4231.257
v -45.089 -81.734 -4239.217
f 5729 5730 5731
f 5731 5732 5729
v -45.143 -81.731 -4239.222
v -45.827 -81.090 -4231.252
v -31.801 -81.731 -4230.049
v -31.117 -82.433 -4238.020
f 5733 5734 5735
f 5735 5736 5733
v -31.459 -82.415 -4238.034
v -31.459 -81.748 -4230.034
v -23.388 -82.169 -4230.034
v -23.388 -82.872 -4238.034
f 5737 5738 5739
f 5739 5740 5737
v -23.775 -82.848 -4238.016
v -23.002 -82.191 -4230.053
v -13.751 -82.650 -4230.952
v -14.524 -83.341 -4238.914
f 5741 5742 5743
f 5743 5744 5741
v -15.132 -83.313 -4238.807
v -13.143 -82.679 -4231.059
v -2.690 -83.244 -4233.741
v -4.679 -83.870 -4241.490
f 5745 5746 5747
f 5747 5748 5745
v -5.082 -83.846 -4241.364
v -2.288 -83.268 -4233.867
v 10.547 -84.082 -4238.651
v 7.754 -84.651 -4246.147
f 5749 5750 5751
f 5751 5752 5749
v 7.482 -84.633 -4246.034
v 10.819 -84.100 -4238.763
v 21.873 -84.872 -4243.837
v 18.536 -85.398 -4251.108
f 5753 5754 5755
f 5755 5756 5753
v 18.740 -85.412 -4251.195
v 21.669 -84.858 -4243.751
v 30.029 -85.156 -4247.041
v 27.100 0.050 -4254.485
f 5757 5758 5759
f 5759 5760 5757
v 27.445 0.050 -4254.603
v 29.685 -85.147 -4246.923
v 36.842 -85.295 -4249.011
v 34.602 0.050 -4256.691
f 5761 5762 5763
f 5763 5764 5761
v 35.073 0.050 -4256.797
v 36.372 -85.289 -4248.904
v 41.749 -85.338 -4249.789
v 40.449 0.050 -4257.683
f 5765 5766 5767
f 5767 5768 5765
v 40.896 0.050 -4257.731
v 41.302 -85.336 -4249.741
v 47.280 -85.337 -4250.045
v 46.874 0.050 -4258.035
f 5769 5770 5771
f 5771 5772 5769
v 47.318 0.050 -4258.033
v 46.836 -85.338 -4250.047
v 56.688 -85.268 -4249.453
v 57.170 0.050 -4257.438
f 5773 5774 5775
f 5775 5776 5773
v 57.866 0.050 -4257.334
v 55.992 -85.276 -4249.557
v 72.111 -84.876 -4245.672
v 73.985 0.050 -4253.449
f 5777 5778 5779
f 5779 5780 5777
v 74.602 0.050 -4253.246
v 71.493 -84.898 -4245.875
v 79.264 -84.621 -4242.598
v 82.372 -84.826 -4249.969
f 5781 5782 5783
f 5783 5784 5781
v 82.012 -84.839 -4250.101
v 79.624 -84.611 -4242.466
v 89.176 -84.381 -4239.479
v 91.563 -84.535 -4247.115
f 5785 5786 5787
f 5787 5788 5785
v 91.250 -84.543 -4247.199
v 89.489 -84.375 -4239.395
v 101.433 -84.194 -4236.700
v 103.194 -84.263 -4244.504
f 5789 5790 5791
f 5791 5792 5789
v 103.332 -84.260 -4244.470
v 101.295 -84.196 -4236.733
v 112.639 -84.084 -4233.747
v 114.676 -84.049 -4241.484
f 5793 5794 5795
f 5795 5796 5793
v 114.590 -84.050 -4241.505
v 112.724 -84.084 -4233.726
v 127.652 -84.048 -4230.145
v 129.518 -83.884 -4237.924
f 5797 5798 5799
f 5799 5800 5797
v 129.437 -83.885 -4237.943
v 127.733 -84.048 -4230.126
v 144.152 -84.144 -4226.545
v 145.857 -83.835 -4234.362
f 5801 5802 5803
f 5803 5804 5801
v 146.036 -83.835 -4234.318
v 143.973 -84.142 -4226.589
v 152.935 -84.339 -4224.197
v 154.997 -83.996 -4231.927
f 5805 5806 5807
f 5807 5808 5805
v 154.984 -83.996 -4231.930
v 152.948 -84.339 -4224.194
v 164.291 -84.683 -4221.207
v 166.328 -84.260 -4228.944
f 5809 5810 5811
f 5811 5812 5809
v 166.173 -84.256 -4228.981
v 164.446 -84.688 -4221.170
v 169.822 -84.867 -4219.981
v 171.550 -84.387 -4227.792
f 5813 5814 5815
f 5815 5816 5813
v 170.511 -84.370 -4227.883
v 170.862 -84.894 -4219.890
v 177.485 -84.996 -4220.181
v 177.134 -84.426 -4228.173
f 5817 5818 5819
f 5819 5820 5817
v -93.063 -78.472 -4241.811
v -100.789 -77.813 -4239.736
v -98.017 -77.729 -4229.416
v -90.291 -78.311 -4231.491
f 5821 5822 5823
f 5823 5824 5821
v -90.428 -78.317 -4231.908
v -97.880 -77.726 -4228.999
v -95.197 -77.684 -4222.128
v -87.745 -78.229 -4225.037
f 5825 5826 5827
f 5827 5828 5825
v -88.465 -78.231 -4226.221
v -94.478 -77.682 -4220.944
v -90.292 -77.715 -4216.174
v -84.279 -78.283 -4221.451
f 5829 5830 5831
f 5831 5832 5829
v -85.800 -78.244 -4222.526
v -88.771 -77.745 -4215.099
v -79.821 -77.990 -4211.518
v -76.850 -78.561 -4218.945
f 5833 5834 5835
f 5835 5836 5833
v -77.162 -78.550 -4219.056
v -79.509 -77.998 -4211.408
v -60.997 -78.391 -4205.726
v -58.649 -79.089 -4213.374
f 5837 5838 5839
f 5839 5840 5837
v -58.594 -79.090 -4213.356
v -61.052 -78.390 -4205.743
v -50.899 -78.495 -4202.466
v -48.442 -79.238 -4210.079
f 5841 5842 5843
f 5843 5844 5841
v -47.720 -79.240 -4209.765
v -51.621 -78.496 -4202.781
v -38.775 -78.292 -4195.606
v -34.874 -79.076 -4202.590
f 5845 5846 5847
f 5847 5848 5845
v -34.989 -79.077 -4202.652
v -38.660 -78.290 -4195.544
v -20.749 -77.903 -4186.294
v -17.078 -78.746 -4193.402
f 5849 5850 5851
f 5851 5852 5849
v -16.509 -78.729 -4193.045
v -21.317 -77.924 -4186.651
v -17.733 -77.752 -4183.956
v -12.925 -78.581 -4190.350
f 5853 5854 5855
f 5855 5856 5853
v -13.424 -78.595 -4190.670
v -17.233 -77.738 -4183.635
v -8.984 -77.594 -4179.169
v -5.175 -78.446 -4186.204
f 5857 5858 5859
f 5859 5860 5857
v -5.164 -78.446 -4186.198
v -8.996 -77.595 -4179.175
v -6.791 -77.557 -4177.973
v -2.960 -78.407 -4184.996
f 5861 5862 5863
f 5863 5864 5861
v -3.692 -78.411 -4185.305
v -6.060 -77.554 -4177.664
v 6.475 -77.645 -4173.779
v 8.843 -78.492 -4181.420
f 5865 5866 5867
f 5867 5868 5865
v 9.012 -78.492 -4181.364
v 6.306 -77.644 -4173.835
v 21.234 -77.698 -4168.470
v 23.940 -78.558 -4175.999
f 5869 5870 5871
f 5871 5872 5869
v 23.628 -78.550 -4176.097
v 21.545 -77.701 -4168.373
v 37.074 -78.288 -4164.184
v 39.157 -79.068 -4171.908
f 5873 5874 5875
f 5875 5876 5873
v 38.886 -79.057 -4171.971
v 37.346 -78.301 -4164.121
v 52.575 -79.086 -4161.135
v 54.114 -79.748 -4168.985
f 5877 5878 5879
f 5879 5880 5877
v 53.662 -79.724 -4169.047
v 53.027 -79.113 -4161.072
v 60.496 -79.591 -4160.478
v 61.131 -80.146 -4168.453
f 5881 5882 5883
f 5883 5884 5881
v 61.132 -80.146 -4168.453
v 60.496 -79.591 -4160.478
v 67.954 -80.152 -4159.883
v 68.590 -80.647 -4167.858
f 5885 5886 5887
f 5887 5888 5885
v 69.720 -80.721 -4167.599
v 66.824 -80.065 -4160.142
v 72.201 -80.448 -4158.054
v 75.097 -81.041 -4165.512
f 5889 5890 5891
f 5891 5892 5889
v 75.759 -81.079 -4165.181
v 71.539 -80.403 -4158.385
v 88.860 -81.683 -4147.629
v 93.080 -82.248 -4154.425
f 5893 5894 5895
f 5895 5896 5893
v 92.646 -82.212 -4154.659
v 89.294 -81.721 -4147.395
v 97.053 -82.444 -4143.814
v 100.405 -82.890 -4151.078
f 5897 5898 5899
f 5899 5900 5897
v 100.714 -82.918 -4150.919
v 96.745 -82.414 -4143.973
v 113.465 -84.208 -4134.420
v 117.434 -84.646 -4141.366
f 5901 5902 5903
f 5903 5904 5901
v 117.739 -84.681 -4141.173
v 113.160 -84.171 -4134.613
v 123.891 -85.524 -4127.121
v 128.470 -86.014 -4133.681
f 5905 5906 5907
f 5907 5908 5905
v 128.468 -86.014 -4133.682
v 123.893 -85.524 -4127.120
v 125.997 -85.801 -4125.653
v 130.572 -86.295 -4132.216
f 5909 5910 5911
f 5911 5912 5909
v 131.291 -86.396 -4131.572
v 125.278 -85.705 -4126.296
v 129.464 -86.284 -4121.526
v 135.477 -86.987 -4126.802
f 5913 5914 5915
f 5915 5916 5913
v 120.146 -85.101 -4116.034
v 128.074 -86.166 -4114.959
v 128.964 -86.219 -4121.526
v 121.037 -85.187 -4122.601
f 5917 5918 5919
f 5919 5920 5917
v 121.040 -85.187 -4122.624
v 128.961 -86.219 -4121.503
v 130.141 -86.281 -4129.840
v 122.220 -85.290 -4130.961
f 5921 5922 5923
f 5923 5924 5921
v 122.406 -85.305 -4131.724
v 129.955 -86.267 -4129.078
v 134.152 -86.525 -4141.049
v 126.603 -85.637 -4143.696
f 5925 5926 5927
f 5927 5928 5925
v 126.444 -85.629 -4143.100
v 134.311 -86.529 -4141.644
v 135.802 -86.492 -4149.705
v 127.936 -85.659 -4151.160
f 5929 5930 5931
f 5931 5932 5929
v 127.948 -85.659 -4151.224
v 135.790 -86.493 -4149.641
v 142.057 -85.988 -4180.693
v 134.215 -85.439 -4182.276
f 5933 5934 5935
f 5935 5936 5933
v -29.731 -77.224 -4181.583
v -29.001 -76.476 -4173.616
v -15.866 -76.891 -4174.819
v -16.595 -77.675 -4182.785
f 5937 5938 5939
f 5939 5940 5937
v -17.794 -77.600 -4182.484
v -14.667 -76.967 -4175.120
v -5.517 -77.709 -4179.005
v -8.643 -78.335 -4186.369
f 5941 5942 5943
f 5943 5944 5941
v -76.724 11.267 -2382.823
v -84.622 12.472 -2384.097
v -85.368 13.620 -2379.473
v -77.470 12.442 -2378.199
f 5945 5946 5947
f 5947 5948 5945
v -77.953 12.834 -2376.839
v -84.885 13.234 -2380.832
v -87.724 14.828 -2375.904
v -80.792 14.445 -2371.911
f 5949 5950 5951
f 5951 5952 5949
v -81.716 14.852 -2370.819
v -86.799 14.422 -2376.997
v -90.974 15.921 -2373.562
v -85.891 16.345 -2367.384
f 5953 5954 5955
f 5955 5956 5953
v -87.464 16.794 -2366.592
v -89.400 15.467 -2374.354
v -95.968 17.002 -2372.716
v -94.032 18.296 -2364.953
f 5957 5958 5959
f 5959 5960 5957
v -94.807 18.457 -2364.839
v -95.193 16.838 -2372.830
v -101.472 18.033 -2372.526
v -101.085 19.616 -2364.535
f 5961 5962 5963
f 5963 5964 5961
v -102.167 19.784 -2364.631
v -100.390 17.858 -2372.431
v -122.031 20.855 -2377.359
v -123.807 22.629 -2369.558
f 5965 5966 5967
f 5967 5968 5965
v -123.577 22.596 -2369.513
v -122.261 20.890 -2377.404
v -166.154 27.528 -2384.723
v -167.470 28.933 -2376.832
f 5969 5970 5971
f 5971 5972 5969
v -167.262 28.902 -2376.803
v -166.363 27.560 -2384.752
v -180.845 29.846 -2386.391
v -181.745 31.103 -2378.441
f 5973 5974 5975
f 5975 5976 5973
v -181.242 31.021 -2378.416
v -181.348 29.931 -2386.416
v -192.246 31.541 -2386.270
v -192.140 32.600 -2378.271
f 5977 5978 5979
f 5979 5980 5977
v -191.603 32.522 -2378.314
v -192.783 31.620 -2386.227
v -200.843 32.879 -2385.025
v -199.662 33.762 -2377.112
f 5981 5982 5983
f 5983 5984 5981
v -199.105 33.671 -2377.237
v -201.400 32.971 -2384.900
v -211.853 34.796 -2381.769
v -209.558 35.474 -2374.106
f 5985 5986 5987
f 5987 5988 5985
v -209.170 35.404 -2374.244
v -212.241 34.866 -2381.631
v -220.156 36.350 -2378.341
v -217.085 36.873 -2370.954
f 5989 5990 5991
f 5991 5992 5989
v -216.371 36.730 -2371.340
v -220.870 36.494 -2377.955
v -227.883 37.920 -2373.186
v -223.384 38.252 -2366.571
f 5993 5994 5995
f 5995 5996 5993
v -222.740 38.099 -2367.116
v -228.527 38.047 -2372.640
v -234.794 39.460 -2366.074
v -229.007 39.551 -2360.550
f 5997 5998 5999
f 5999 6000 5997
v -228.269 39.357 -2361.636
v -235.533 39.666 -2364.988
v -237.325 40.286 -2361.104
v -230.061 39.969 -2357.752
f 6001 6002 6003
f 6003 6004 6001
v -229.719 39.695 -2359.884
v -237.667 40.566 -2358.972
v -237.222 40.973 -2355.088
v -229.274 40.092 -2355.999
f 6005 6006 6007
f 6007 6008 6005
v -230.365 39.935 -2358.317
v -236.130 41.134 -2352.771
v -232.546 41.206 -2349.045
v -226.781 40.007 -2354.591
f 6009 6010 6011
f 6011 6012 6009
v -228.889 40.083 -2355.743
v -230.438 41.126 -2347.894
v -221.332 40.325 -2346.097
v -219.783 39.239 -2353.946
f 6013 6014 6015
f 6015 6016 6013
v -220.429 39.312 -2354.019
v -220.686 40.254 -2346.023
v -155.742 32.118 -2343.936
v -155.485 30.834 -2351.932
f 6017 6018 6019
f 6019 6020 6017
v -156.047 30.919 -2351.910
v -155.180 32.036 -2343.958
v -114.125 25.132 -2348.436
v -114.993 23.668 -2356.389
f 6021 6022 6023
f 6023 6024 6021
v -114.336 23.557 -2356.406
v -114.781 25.237 -2348.419
v -106.722 24.085 -2347.970
v -106.277 22.329 -2355.957
f 6025 6026 6027
f 6027 6028 6025
v -105.609 22.240 -2355.863
v -107.390 24.168 -2348.064
v -98.885 23.272 -2346.122
v -97.104 21.270 -2353.921
f 6029 6030 6031
f 6031 6032 6029
v -96.047 21.187 -2353.515
v -99.942 23.348 -2346.528
v -93.519 23.147 -2342.947
v -89.624 20.956 -2349.935
f 6033 6034 6035
f 6035 6036 6033
v -88.660 20.974 -2349.184
v -94.483 23.126 -2343.698
v -84.776 24.043 -2333.393
v -78.953 21.888 -2338.879
f 6037 6038 6039
f 6039 6040 6037
v -78.410 21.981 -2338.153
v -85.319 23.948 -2334.119
v -82.180 24.796 -2328.742
v -75.271 22.830 -2332.776
f 6041 6042 6043
f 6043 6044 6041
v -74.727 23.228 -2330.870
v -82.724 24.411 -2330.648
v -82.579 25.652 -2325.430
v -74.582 24.510 -2325.651
f 6045 6046 6047
f 6047 6048 6045
v -74.963 25.014 -2323.834
v -82.198 25.160 -2327.247
v -84.591 26.706 -2322.174
v -77.356 26.588 -2318.761
f 6049 6050 6051
f 6051 6052 6049
v -78.774 27.173 -2317.127
v -83.173 26.124 -2323.808
v -87.949 27.509 -2320.664
v -83.550 28.540 -2313.982
f 6053 6054 6055
f 6055 6056 6053
v -84.948 28.853 -2313.404
v -86.551 27.188 -2321.242
v -106.254 30.617 -2317.212
v -104.652 32.147 -2309.375
f 6057 6058 6059
f 6059 6060 6057
v -103.528 31.934 -2309.787
v -107.378 30.838 -2316.800
v -110.362 31.536 -2315.162
v -106.511 32.614 -2308.149
f 6061 6062 6063
f 6063 6064 6061
v -104.753 31.999 -2310.096
v -112.120 32.148 -2313.215
v -113.322 32.878 -2310.374
v -105.955 32.749 -2307.256
f 6065 6066 6067
f 6067 6068 6065
v -105.683 32.250 -2309.413
v -113.594 33.358 -2308.217
v -111.946 35.501 -2297.318
v -104.036 34.481 -2298.513
f 6069 6070 6071
f 6071 6072 6069
v -104.012 34.520 -2298.326
v -111.970 35.464 -2297.505
v -111.369 36.657 -2291.679
v -103.411 35.759 -2292.500
f 6073 6074 6075
f 6075 6076 6073
v -103.483 36.047 -2291.232
v -111.297 36.378 -2292.946
v -112.343 37.493 -2288.177
v -104.529 37.197 -2286.463
f 6077 6078 6079
f 6079 6080 6077
v -105.123 37.553 -2285.079
v -111.750 37.145 -2289.561
v -119.219 40.088 -2278.516
v -112.592 40.534 -2274.034
f 6081 6082 6083
f 6083 6084 6081
v -113.281 40.751 -2273.257
v -118.531 39.873 -2279.293
v -124.197 41.310 -2274.366
v -118.947 42.201 -2268.329
f 6085 6086 6087
f 6087 6088 6085
v -119.814 42.383 -2267.754
v -123.330 41.130 -2274.940
v -130.054 42.289 -2271.651
v -126.538 43.527 -2264.465
f 6089 6090 6091
f 6091 6092 6089
v -127.008 43.599 -2264.271
v -129.583 42.216 -2271.845
v -136.151 43.134 -2269.612
v -133.576 44.492 -2262.038
f 6093 6094 6095
f 6095 6096 6093
v -134.864 44.619 -2261.825
v -134.864 43.001 -2269.825
v -143.368 43.599 -2269.825
v -143.368 45.179 -2261.825
f 6097 6098 6099
f 6099 6100 6097
v -144.838 45.227 -2262.105
v -141.899 43.549 -2269.545
v -148.322 43.522 -2272.082
v -151.261 45.184 -2264.641
f 6101 6102 6103
f 6103 6104 6101
v -152.692 45.099 -2265.607
v -146.891 43.605 -2271.116
v -152.413 42.942 -2276.929
v -158.213 44.384 -2271.420
f 6105 6106 6107
f 6107 6108 6105
v -158.829 44.269 -2272.267
v -151.797 43.044 -2276.082
v -154.636 42.350 -2281.314
v -161.667 43.565 -2277.499
f 6109 6110 6111
f 6111 6112 6109
v -161.955 43.475 -2278.168
v -154.348 42.444 -2280.645
v -156.586 41.437 -2287.515
v -164.192 42.506 -2285.037
f 6113 6114 6115
f 6115 6116 6113
v -164.358 42.396 -2285.778
v -156.420 41.551 -2286.774
v -158.892 38.424 -2306.472
v -166.829 39.382 -2305.477
f 6117 6118 6119
f 6119 6120 6117
v -166.830 39.382 -2305.479
v -158.891 38.425 -2306.470
v -160.906 36.114 -2322.601
v -168.844 37.194 -2321.610
f 6121 6122 6123
f 6123 6124 6121
v -168.258 37.370 -2319.970
v -161.493 35.928 -2324.241
v -164.320 35.581 -2328.720
v -171.085 37.041 -2324.449
f 6125 6126 6127
f 6127 6128 6125
v -170.402 37.079 -2323.632
v -165.004 35.542 -2329.537
v -168.589 35.501 -2332.813
v -173.986 37.036 -2326.908
f 6129 6130 6131
f 6131 6132 6129
v -172.127 36.948 -2325.950
v -170.448 35.598 -2333.772
v -174.633 36.008 -2334.670
v -176.312 37.328 -2326.848
f 6133 6134 6135
f 6135 6136 6133
v -174.135 37.042 -2326.989
v -176.810 36.310 -2334.529
v -192.785 39.011 -2328.861
v -190.110 39.688 -2321.322
f 6137 6138 6139
f 6139 6140 6137
v -190.907 39.802 -2321.128
v -191.988 38.893 -2329.055
v -197.509 39.628 -2328.302
v -196.428 40.519 -2320.375
f 6141 6142 6143
f 6143 6144 6141
v -196.746 40.559 -2320.345
v -197.191 39.587 -2328.332
v -202.412 40.226 -2328.042
v -201.967 41.180 -2320.054
f 6145 6146 6147
f 6147 6148 6145
v -203.049 41.291 -2320.141
v -201.330 40.112 -2327.954
v -223.728 42.115 -2332.882
v -225.447 43.224 -2325.069
f 6149 6150 6151
f 6151 6152 6149
v -224.109 43.080 -2325.004
v -225.065 42.264 -2332.947
v -228.795 42.713 -2332.498
v -227.838 43.543 -2324.555
f 6153 6154 6155
f 6155 6156 6153
v -226.826 43.403 -2324.814
v -229.807 42.850 -2332.238
v -232.801 43.309 -2331.036
v -229.820 43.868 -2323.612
f 6157 6158 6159
f 6159 6160 6157
v -228.582 43.642 -2324.399
v -234.039 43.535 -2330.249
v -236.277 44.023 -2328.162
v -230.820 44.131 -2322.312
f 6161 6162 6163
f 6163 6164 6161
v -229.715 43.800 -2324.093
v -237.381 44.356 -2326.380
v -238.272 44.812 -2323.394
v -230.606 44.250 -2321.108
f 6165 6166 6167
f 6167 6168 6165
v -230.473 44.038 -2322.773
v -238.405 45.028 -2321.729
v -237.815 45.503 -2317.250
v -229.883 44.502 -2318.295
f 6169 6170 6171
f 6171 6172 6169
v -230.632 44.366 -2320.149
v -237.066 45.644 -2315.395
v -231.990 45.893 -2308.525
v -225.556 44.608 -2313.279
f 6173 6174 6175
f 6175 6176 6173
v -227.957 44.697 -2314.818
v -229.589 45.802 -2306.986
v -190.916 42.797 -2298.927
v -189.284 41.504 -2306.759
f 6177 6178 6179
f 6179 6180 6177
v -187.528 41.430 -2305.907
v -192.672 42.853 -2299.780
v -188.943 42.932 -2296.649
v -183.799 41.480 -2302.776
f 6181 6182 6183
f 6183 6184 6181
v -182.630 41.615 -2301.129
v -190.112 42.808 -2298.295
v -188.921 43.154 -2295.151
v -181.439 41.980 -2297.985
f 6185 6186 6187
f 6187 6188 6185
v -181.256 42.298 -2295.793
v -189.104 42.845 -2297.343
v -189.694 43.351 -2294.358
v -181.846 42.808 -2292.807
f 6189 6190 6191
f 6191 6192 6189
v -182.940 43.218 -2290.755
v -188.600 42.933 -2296.409
v -191.583 43.683 -2293.424
v -185.924 43.954 -2287.769
f 6193 6194 6195
f 6195 6196 6193
v -187.491 44.256 -2286.801
v -190.015 43.379 -2294.392
v -196.294 44.328 -2292.305
v -193.770 45.192 -2284.713
f 6197 6198 6199
f 6199 6200 6197
v -194.850 45.329 -2284.513
v -195.214 44.188 -2292.505
v -205.066 45.255 -2292.056
v -204.701 46.371 -2284.064
f 6201 6202 6203
f 6203 6204 6201
v -204.015 46.289 -2284.155
v -205.753 45.338 -2291.964
v -223.797 47.725 -2287.948
v -222.059 48.634 -2280.139
f 6205 6206 6207
f 6207 6208 6205
v -222.730 48.712 -2280.048
v -223.126 47.646 -2288.039
v -229.260 48.382 -2287.735
v -228.864 49.444 -2279.745
f 6209 6210 6211
f 6211 6212 6209
v -229.541 49.524 -2279.768
v -228.583 48.304 -2287.711
v -233.515 48.815 -2288.305
v -234.472 50.048 -2280.363
f 6213 6214 6215
f 6215 6216 6213
v -235.656 50.146 -2280.696
v -232.331 48.719 -2287.972
v -235.915 48.920 -2289.610
v -239.241 50.354 -2282.334
f 6217 6218 6219
f 6219 6220 6217
v -240.821 50.362 -2283.631
v -234.335 48.913 -2288.314
v -237.463 48.676 -2292.647
v -243.949 50.120 -2287.965
f 6221 6222 6223
f 6223 6224 6221
v -244.504 50.031 -2289.050
v -236.908 48.763 -2291.561
v -241.695 47.300 -2306.041
v -249.291 48.499 -2303.530
f 6225 6226 6227
f 6227 6228 6225
v -249.469 48.402 -2304.348
v -241.517 47.379 -2305.223
v -242.552 46.348 -2314.630
v -250.504 47.345 -2313.754
f 6229 6230 6231
f 6231 6232 6229
v -250.518 47.328 -2313.905
v -242.538 46.365 -2314.479
v -243.440 44.930 -2327.017
v -251.420 45.858 -2326.443
f 6233 6234 6235
f 6235 6236 6233
v -251.410 45.771 -2327.127
v -243.450 45.014 -2326.333
v -242.258 43.443 -2338.276
v -250.219 44.172 -2339.070
f 6237 6238 6239
f 6239 6240 6237
v -250.189 44.141 -2339.301
v -242.288 43.474 -2338.044
v -240.340 41.839 -2350.291
v -248.241 42.475 -2351.548
f 6241 6242 6243
f 6243 6244 6241
v -248.139 42.410 -2352.010
v -240.442 41.904 -2349.830
v -237.314 40.311 -2360.875
v -245.011 40.791 -2363.055
f 6245 6246 6247
f 6247 6248 6245
v -244.653 40.655 -2363.918
v -237.672 40.446 -2360.011
v -231.995 38.681 -2370.158
v -238.976 38.829 -2374.064
f 6249 6250 6251
f 6251 6252 6249
v -238.724 38.755 -2374.458
v -232.247 38.754 -2369.764
v -225.534 36.978 -2379.025
v -232.011 36.970 -2383.720
f 6253 6254 6255
f 6255 6256 6253
v -231.293 36.811 -2384.479
v -226.253 37.137 -2378.266
v -218.338 35.304 -2384.687
v -223.378 35.214 -2390.899
f 6257 6258 6259
f 6259 6260 6257
v -222.980 35.124 -2391.184
v -218.736 35.394 -2384.402
v -208.728 33.224 -2390.664
v -212.972 32.899 -2397.446
f 6261 6262 6263
f 6263 6264 6261
v -212.619 32.820 -2397.643
v -209.082 33.298 -2390.468
v -199.675 31.390 -2395.105
v -203.212 30.800 -2402.280
f 6265 6266 6267
f 6267 6268 6265
v -202.907 30.736 -2402.415
v -199.980 31.451 -2394.970
v -190.874 29.645 -2398.550
v -193.801 28.911 -2405.995
f 6269 6270 6271
f 6271 6272 6269
v -193.321 28.819 -2406.150
v -191.355 29.736 -2398.396
v -182.549 28.096 -2400.628
v -184.516 27.237 -2408.383
f 6273 6274 6275
f 6275 6276 6273
v -184.109 27.167 -2408.464
v -182.956 28.183 -2400.547
v -171.613 25.837 -2402.199
v -172.765 24.790 -2410.115
f 6277 6278 6279
f 6279 6280 6277
v -172.240 24.685 -2410.157
v -172.138 25.940 -2402.157
v -160.639 23.797 -2402.303
v -160.740 22.507 -2410.302
f 6281 6282 6283
f 6283 6284 6281
v -160.301 22.427 -2410.283
v -161.079 23.875 -2402.321
v -113.757 15.387 -2397.697
v -112.979 13.756 -2405.659
f 6285 6286 6287
f 6287 6288 6285
v -114.210 14.024 -2405.589
v -112.526 15.123 -2397.768
v -107.004 13.776 -2398.957
v -108.688 12.657 -2406.778
f 6289 6290 6291
f 6291 6292 6289
v -109.831 12.976 -2406.341
v -105.862 13.461 -2399.394
v -101.676 12.150 -2401.786
v -105.645 11.656 -2408.732
f 6293 6294 6295
f 6295 6296 6293
v -106.878 12.119 -2407.636
v -100.444 11.693 -2402.882
v -97.906 10.525 -2406.317
v -104.340 10.941 -2411.071
f 6297 6298 6299
f 6299 6300 6297
v -105.123 11.554 -2408.694
v -97.123 9.910 -2408.694
v -97.123 9.077 -2413.027
v -105.123 10.735 -2413.027
f 6301 6302 6303
f 6303 6304 6301
v -104.603 10.999 -2411.055
v -97.643 8.805 -2414.999
v -100.181 8.469 -2419.478
v -107.141 10.690 -2415.534
f 6305 6306 6307
f 6307 6308 6305
v -105.767 10.668 -2414.105
v -101.555 8.481 -2420.906
v -105.885 8.906 -2423.588
v -110.097 11.084 -2416.787
f 6309 6310 6311
f 6311 6312 6309
v -108.845 10.912 -2416.280
v -107.137 9.081 -2424.096
v -111.913 9.920 -2425.139
v -113.621 11.734 -2417.324
f 6313 6314 6315
f 6315 6316 6313
v -112.510 11.513 -2417.240
v -113.024 10.146 -2425.223
v -180.361 24.531 -2420.890
v -179.847 25.681 -2412.906
f 6317 6318 6319
f 6319 6320 6317
v -179.398 25.587 -2412.961
v -180.810 24.625 -2420.835
v -198.276 27.747 -2417.704
v -196.864 28.753 -2409.830
f 6321 6322 6323
f 6323 6324 6321
v -196.408 28.672 -2409.939
v -198.732 27.828 -2417.594
v -218.881 31.608 -2411.477
v -216.557 32.436 -2403.822
f 6325 6326 6327
f 6327 6328 6325
v -217.082 32.528 -2403.701
v -218.355 31.515 -2411.599
v -227.617 32.911 -2410.106
v -226.344 33.994 -2402.208
f 6329 6330 6331
f 6331 6332 6329
v -227.255 34.077 -2402.167
v -226.706 32.830 -2410.148
v -235.356 33.447 -2410.742
v -235.904 34.710 -2402.761
f 6333 6334 6335
f 6335 6336 6333
v -236.819 34.760 -2402.932
v -234.441 33.398 -2410.571
v -238.772 33.545 -2411.919
v -241.149 34.915 -2404.280
f 6337 6338 6339
f 6339 6340 6337
v -242.093 34.926 -2404.715
v -237.828 33.535 -2411.483
v -242.314 33.464 -2414.310
v -246.579 34.860 -2407.542
f 6341 6342 6343
f 6343 6344 6341
v -247.776 34.777 -2408.709
v -241.117 33.547 -2413.144
v -244.101 33.096 -2417.623
v -250.759 34.322 -2413.188
f 6345 6346 6347
f 6347 6348 6345
v -251.316 34.168 -2414.459
v -243.543 33.248 -2416.351
v -245.180 32.337 -2423.076
v -252.953 33.245 -2421.184
f 6349 6350 6351
f 6351 6352 6349
v -253.066 33.111 -2422.093
v -245.066 32.469 -2422.167
v -245.523 22.877 -2471.433
v -253.522 23.458 -2471.359
f 6353 6354 6355
f 6355 6356 6353
v -253.204 23.079 -2472.960
v -245.841 23.255 -2469.831
v -243.303 21.753 -2475.803
v -250.666 21.573 -2478.932
f 6357 6358 6359
f 6359 6360 6357
v -248.767 20.993 -2480.948
v -245.202 22.333 -2473.786
v -240.716 21.524 -2476.019
v -244.281 20.187 -2483.181
f 6361 6362 6363
f 6363 6364 6361
v -242.396 19.964 -2483.599
v -242.601 21.748 -2475.602
v -236.935 21.383 -2475.456
v -236.730 19.604 -2483.454
f 6365 6366 6367
f 6367 6368 6365
v -234.332 19.631 -2482.577
v -239.332 21.358 -2476.332
v -235.603 21.755 -2473.347
v -230.603 20.029 -2479.592
f 6369 6370 6371
f 6371 6372 6369
v -229.528 20.246 -2478.264
v -236.678 21.538 -2474.674
v -234.429 22.367 -2470.196
v -227.280 21.073 -2473.785
f 6373 6374 6375
f 6375 6376 6373
v -226.855 21.447 -2471.946
v -234.854 21.991 -2472.035
v -235.155 27.545 -2445.163
v -227.155 26.967 -2445.073
f 6377 6378 6379
f 6379 6380 6377
v -227.243 26.811 -2445.952
v -235.067 27.702 -2444.283
v -234.176 28.410 -2440.109
v -226.352 27.514 -2441.778
f 6381 6382 6383
f 6383 6384 6381
v -227.437 27.227 -2443.773
v -233.092 28.699 -2438.113
v -230.698 28.960 -2435.722
v -225.044 27.470 -2441.381
f 6385 6386 6387
f 6387 6388 6385
v -226.318 27.427 -2442.238
v -229.424 29.022 -2434.865
v -223.746 28.924 -2432.474
v -220.641 27.131 -2439.847
f 6389 6390 6391
f 6391 6392 6389
v -222.039 27.271 -2440.158
v -222.348 28.783 -2432.164
v -153.085 17.843 -2429.482
v -152.776 16.372 -2437.476
f 6393 6394 6395
f 6395 6396 6393
v -154.222 16.687 -2437.265
v -151.640 17.526 -2429.693
v -145.517 15.976 -2431.780
v -148.099 15.140 -2439.352
f 6397 6398 6399
f 6399 6400 6397
v -149.367 15.510 -2438.640
v -144.249 15.606 -2432.492
v -139.774 14.018 -2436.218
v -144.892 13.993 -2442.366
f 6401 6402 6403
f 6403 6404 6401
v -145.964 14.445 -2440.970
v -138.702 13.541 -2437.613
v -136.008 11.936 -2443.439
v -143.270 12.902 -2446.797
f 6405 6406 6407
f 6407 6408 6405
v -143.547 13.101 -2445.971
v -135.731 11.732 -2444.265
v -131.100 7.030 -2465.469
v -138.916 8.363 -2467.176
f 6409 6410 6411
f 6411 6412 6409
v -138.724 8.212 -2467.802
v -131.292 7.179 -2464.843
v -124.279 2.720 -2482.454
v -131.711 3.683 -2485.414
f 6413 6414 6415
f 6415 6416 6413
v -131.994 4.015 -2483.827
v -123.997 2.395 -2484.041
v -124.152 1.454 -2489.867
v -132.150 3.033 -2489.653
f 6417 6418 6419
f 6419 6420 6417
v -131.953 3.191 -2488.516
v -124.349 1.305 -2491.004
v -132.554 -1.476 -2516.079
v -140.157 0.219 -2513.592
f 6421 6422 6423
f 6423 6424 6421
v -139.661 0.319 -2512.583
v -133.050 -1.570 -2517.088
v -137.525 -2.013 -2523.655
v -144.136 -0.183 -2519.149
f 6425 6426 6427
f 6427 6428 6425
v -143.247 -0.136 -2518.214
v -138.414 -2.044 -2524.589
v -143.345 -2.004 -2528.328
v -148.178 -0.147 -2521.953
f 6429 6430 6431
f 6431 6432 6429
v -146.374 -0.252 -2521.188
v -145.149 -1.913 -2529.094
v -149.925 -1.437 -2529.833
v -151.150 0.270 -2521.928
f 6433 6434 6435
f 6435 6436 6433
v -148.710 -0.144 -2522.322
v -152.365 -1.044 -2529.439
v -156.996 0.038 -2527.061
v -153.341 0.969 -2519.944
f 6437 6438 6439
f 6439 6440 6437
v -152.274 0.661 -2520.741
v -158.062 0.342 -2526.264
v -161.491 1.550 -2522.670
v -155.703 1.865 -2517.148
f 6441 6442 6443
f 6443 6444 6441
v -154.690 1.338 -2519.052
v -162.504 2.091 -2520.765
v -165.643 5.523 -2506.444
v -157.829 4.653 -2504.731
f 6445 6446 6447
f 6447 6448 6445
v -158.040 4.820 -2504.059
v -165.432 5.351 -2507.116
v -167.225 6.533 -2502.783
v -159.832 5.976 -2499.725
f 6449 6450 6451
f 6451 6452 6449
v -161.395 6.606 -2497.871
v -165.662 5.901 -2504.637
v -171.339 7.554 -2501.057
v -167.072 8.281 -2494.290
f 6453 6454 6455
f 6455 6456 6453
v -168.481 8.632 -2493.740
v -169.930 7.211 -2501.608
v -175.596 8.343 -2500.564
v -174.147 9.806 -2492.696
f 6457 6458 6459
f 6459 6460 6457
v -175.473 10.034 -2492.675
v -174.271 8.126 -2500.585
v -181.139 8.998 -2501.628
v -182.341 10.959 -2493.719
f 6461 6462 6463
f 6463 6464 6461
v -183.625 11.078 -2494.145
v -179.856 8.887 -2501.202
v -192.992 9.012 -2508.217
v -196.760 11.089 -2501.161
f 6465 6466 6467
f 6467 6468 6465
v -197.634 11.046 -2501.792
v -192.117 9.056 -2507.586
v -198.540 8.372 -2513.703
v -204.058 10.364 -2507.909
f 6469 6470 6471
f 6471 6472 6469
v -205.012 10.140 -2509.318
v -197.586 8.593 -2512.294
v -199.980 7.452 -2518.266
v -207.405 8.990 -2515.290
f 6473 6474 6475
f 6475 6476 6473
v -207.650 8.524 -2517.356
v -199.734 7.921 -2516.199
v -198.688 6.048 -2523.360
v -206.604 6.594 -2524.517
f 6477 6478 6479
f 6479 6480 6477
v -205.917 6.085 -2526.241
v -199.375 6.549 -2521.636
v -194.744 4.440 -2528.216
v -201.286 3.961 -2532.820
f 6481 6482 6483
f 6483 6484 6481
v -200.220 3.598 -2533.855
v -195.810 4.804 -2527.180
v -187.450 2.617 -2532.703
v -191.860 1.433 -2539.378
f 6485 6486 6487
f 6487 6488 6485
v -190.723 1.201 -2539.895
v -188.587 2.854 -2532.186
v -180.528 1.439 -2534.418
v -182.663 -0.114 -2542.128
f 6489 6490 6491
f 6491 6492 6489
v -182.114 -0.202 -2542.239
v -181.077 1.533 -2534.307
v -167.340 -0.549 -2536.104
v -168.377 -2.149 -2544.036
f 6493 6494 6495
f 6495 6496 6493
v -167.958 -2.203 -2544.069
v -167.759 -0.491 -2536.071
v -156.115 -1.959 -2536.362
v -156.314 -3.554 -2544.359
f 6497 6498 6499
f 6499 6500 6497
v -156.082 -3.579 -2544.358
v -156.347 -1.931 -2536.363
v -138.425 -4.045 -2535.768
v -138.160 -5.510 -2543.764
f 6501 6502 6503
f 6503 6504 6501
v -136.719 -5.631 -2543.444
v -139.865 -3.908 -2536.088
v -134.644 -4.223 -2533.856
v -131.498 -5.899 -2541.211
f 6505 6506 6507
f 6507 6508 6505
v -129.916 -5.897 -2539.992
v -136.227 -4.219 -2535.075
v -133.088 -3.956 -2531.045
v -126.777 -5.648 -2535.962
f 6509 6510 6511
f 6511 6512 6509
v -126.123 -5.537 -2534.726
v -133.741 -4.076 -2532.282
v -130.913 -2.991 -2523.469
v -123.296 -4.539 -2525.914
f 6513 6514 6515
f 6515 6516 6513
v -123.732 -4.620 -2526.842
v -130.478 -2.902 -2522.541
v -126.292 -2.481 -2515.975
v -119.546 -4.245 -2520.275
f 6517 6518 6519
f 6519 6520 6517
v -120.262 -4.260 -2521.116
v -125.576 -2.459 -2515.135
v -121.546 -2.544 -2511.555
v -116.232 -4.365 -2517.535
f 6521 6522 6523
f 6523 6524 6521
v -118.204 -4.189 -2518.486
v -119.575 -2.724 -2510.604
v -115.244 -3.342 -2509.851
v -113.874 -4.775 -2517.733
f 6525 6526 6527
f 6527 6528 6525
v -115.415 -4.521 -2517.699
v -113.702 -3.610 -2509.885
v -90.559 -8.158 -2514.958
v -92.272 -8.807 -2522.772
f 6529 6530 6531
f 6531 6532 6529
v -91.091 -8.996 -2522.852
v -91.740 -7.957 -2514.878
v -86.218 -8.794 -2514.429
v -85.570 -9.789 -2522.403
f 6533 6534 6535
f 6535 6536 6533
v -83.881 -9.992 -2521.873
v -87.907 -8.587 -2514.959
v -82.530 -9.080 -2511.828
v -78.504 -10.517 -2518.741
f 6537 6538 6539
f 6539 6540 6537
v -77.272 -10.606 -2517.623
v -83.763 -9.013 -2512.947
v -79.889 -9.016 -2507.570
v -73.398 -10.630 -2512.246
f 6541 6542 6543
f 6543 6544 6541
v -72.814 -10.596 -2511.063
v -80.473 -9.057 -2508.752
v -77.634 -8.451 -2499.345
v -69.975 -10.055 -2501.657
f 6545 6546 6547
f 6547 6548 6545
v -69.830 -10.004 -2500.949
v -77.780 -8.507 -2500.053
v -76.433 -7.385 -2488.109
v -68.483 -8.975 -2489.006
f 6549 6550 6551
f 6551 6552 6549
v -68.470 -8.897 -2488.246
v -76.446 -7.469 -2488.869
v -84.661 12.551 -2383.771
v -76.685 11.187 -2383.148
f 6553 6554 6555
f 6555 6556 6553
v 264.481 -67.057 -2873.524
v 263.618 -66.934 -2881.478
v 113.960 -61.031 -2865.240
v 114.823 -60.546 -2857.287
f 6557 6558 6559
f 6559 6560 6557
v 114.823 -60.546 -2857.287
v 113.960 -61.031 -2865.240
v 5.335 -57.588 -2853.455
v 6.198 -56.368 -2845.502
f 6561 6562 6563
f 6563 6564 6561
v 5.135 -56.302 -2845.529
v 6.398 -57.652 -2853.428
v -16.000 -56.707 -2857.009
v -17.263 -55.442 -2849.109
f 6565 6566 6567
f 6567 6568 6565
v -19.743 -55.495 -2850.545
v -13.520 -56.669 -2855.572
v -50.544 -58.345 -2901.405
v -56.768 -57.213 -2896.378
f 6569 6570 6571
f 6571 6572 6569
v -57.644 -57.375 -2899.198
v -49.668 -58.182 -2898.585
v -47.430 -60.503 -2927.691
v -55.407 -59.690 -2928.304
f 6573 6574 6575
f 6575 6576 6573
v -51.328 -60.315 -2931.997
v -51.509 -59.878 -2923.999
v 14.782 -65.149 -2922.506
v 14.962 -65.508 -2930.504
f 6577 6578 6579
f 6579 6580 6577
v 18.845 -65.526 -2926.035
v 10.900 -65.132 -2926.974
v 1.794 -56.819 -2849.948
v 9.739 -57.178 -2849.009
f 6581 6582 6583
f 6583 6584 6581
v -154.480 48.693 -2247.594
v -146.483 48.146 -2247.804
v -146.772 46.003 -2258.835
v -154.770 46.590 -2258.626
f 6585 6586 6587
f 6587 6588 6585
v -154.054 46.961 -2256.445
v -147.489 45.625 -2261.016
v -154.168 44.241 -2270.608
v -160.733 45.592 -2266.036
f 6589 6590 6591
f 6591 6592 6589
v -160.479 45.636 -2265.710
v -154.421 44.197 -2270.934
v -161.679 43.253 -2279.350
v -167.737 44.592 -2274.125
f 6593 6594 6595
f 6595 6596 6593
v -167.635 44.603 -2274.010
v -161.782 43.242 -2279.465
v -165.845 42.846 -2283.825
v -171.698 44.209 -2278.370
f 6597 6598 6599
f 6599 6600 6597
v -171.499 44.225 -2278.172
v -166.044 42.829 -2284.023
v -170.407 42.535 -2288.092
v -175.863 43.928 -2282.241
f 6601 6602 6603
f 6603 6604 6601
v -175.152 43.954 -2281.712
v -171.118 42.512 -2288.621
v -174.603 42.493 -2290.655
v -178.637 43.922 -2283.747
f 6605 6606 6607
f 6607 6608 6605
v -176.855 43.858 -2283.208
v -176.384 42.567 -2291.194
v -181.316 42.962 -2291.485
v -181.786 44.222 -2283.499
f 6609 6610 6611
f 6611 6612 6609
v -180.712 44.120 -2283.581
v -182.390 43.071 -2291.403
v -186.453 43.593 -2290.531
v -184.775 44.601 -2282.709
f 6613 6614 6615
f 6615 6616 6613
v -184.449 44.556 -2282.793
v -186.779 43.639 -2290.446
v -200.148 45.583 -2286.377
v -197.819 46.471 -2278.724
f 6617 6618 6619
f 6619 6620 6617
v -198.298 46.534 -2278.610
v -199.670 45.518 -2286.491
v -219.707 48.005 -2283.004
v -218.335 48.972 -2275.122
f 6621 6622 6623
f 6623 6624 6621
v -218.260 48.963 -2275.136
v -219.783 48.014 -2282.990
v -223.189 48.442 -2282.329
v -221.666 49.382 -2274.475
f 6625 6626 6627
f 6627 6628 6625
v -221.661 49.382 -2274.476
v -223.194 48.442 -2282.328
v -242.151 51.240 -2278.629
v -240.619 52.280 -2270.777
f 6629 6630 6631
f 6631 6632 6629
v -218.944 47.735 -2284.397
v -226.913 48.658 -2283.690
v -226.412 49.376 -2278.048
v -218.443 48.474 -2278.756
f 6633 6634 6635
f 6635 6636 6633
v -168.615 44.372 -2275.880
v -160.801 43.481 -2277.595
v -163.417 41.692 -2289.512
v -171.231 42.654 -2287.797
f 6637 6638 6639
f 6639 6640 6637
v -171.324 42.524 -2288.654
v -163.324 41.828 -2288.654
v -163.324 40.662 -2295.617
v -171.324 41.404 -2295.617
f 6641 6642 6643
f 6643 6644 6641
v -170.998 41.119 -2297.200
v -163.651 40.957 -2294.034
v -159.187 38.782 -2304.391
v -166.534 39.039 -2307.558
f 6645 6646 6647
f 6647 6648 6645
v -178.023 42.751 -2290.947
v -175.216 43.684 -2283.455
v -170.563 43.016 -2285.199
v -173.370 42.060 -2292.691
f 6649 6650 6651
f 6651 6652 6649
v -174.939 42.370 -2291.621
v -168.994 42.710 -2286.269
v -166.389 42.011 -2289.162
v -172.334 41.674 -2294.515
f 6653 6654 6655
f 6655 6656 6653
v -172.882 41.849 -2293.737
v -165.841 41.834 -2289.940
v -163.803 41.024 -2293.718
v -170.845 41.053 -2297.515
f 6657 6658 6659
f 6659 6660 6657
v 242.324 -22.096 -2254.188
v 250.309 -23.235 -2254.686
v 249.352 -24.193 -2270.024
v 241.367 -23.051 -2269.526
f 6661 6662 6663
f 6663 6664 6661
v 241.360 -23.071 -2269.826
v 249.359 -24.172 -2269.724
v 249.938 -26.009 -2315.317
v 241.938 -24.851 -2315.419
f 6665 6666 6667
f 6667 6668 6665
v 241.941 -24.847 -2315.220
v 249.935 -26.013 -2315.515
v 249.067 -26.403 -2339.032
v 241.073 -25.200 -2338.737
f 6669 6670 6671
f 6671 6672 6669
v 241.076 -25.199 -2338.657
v 249.063 -26.404 -2339.112
v 247.906 -26.646 -2359.444
v 239.919 -25.409 -2358.989
f 6673 6674 6675
f 6675 6676 6673
v 239.936 -25.408 -2358.782
v 247.889 -26.648 -2359.651
v 246.430 -26.805 -2373.008
v 238.477 -25.535 -2372.139
f 6677 6678 6679
f 6679 6680 6677
v 238.472 -25.536 -2372.190
v 246.435 -26.804 -2372.957
v 245.901 -26.911 -2378.506
v 237.938 -25.638 -2377.739
f 6681 6682 6683
f 6683 6684 6681
v 237.939 -25.638 -2377.733
v 245.900 -26.911 -2378.512
v 245.277 -27.033 -2384.880
v 237.315 -25.753 -2384.100
f 6685 6686 6687
f 6687 6688 6685
v 237.301 -25.770 -2384.684
v 245.291 -27.015 -2384.296
v 245.870 -27.531 -2396.199
v 237.880 -26.285 -2396.588
f 6689 6690 6691
f 6691 6692 6689
v 237.875 -26.273 -2396.394
v 245.875 -27.544 -2396.394
v 245.875 -28.459 -2411.204
v 237.875 -27.186 -2411.204
f 6693 6694 6695
f 6695 6696 6693
v 237.879 -27.176 -2411.014
v 245.870 -28.470 -2411.394
v 245.292 -29.132 -2423.588
v 237.301 -27.836 -2423.208
f 6697 6698 6699
f 6699 6700 6697
v 237.298 -27.853 -2423.503
v 245.295 -29.114 -2423.293
v 245.584 -30.134 -2434.338
v 237.587 -28.890 -2434.548
f 6701 6702 6703
f 6703 6704 6701
v 237.648 -28.820 -2433.742
v 245.524 -30.202 -2435.144
v 243.197 -31.107 -2448.210
v 235.321 -29.739 -2446.808
f 6705 6706 6707
f 6707 6708 6705
v 235.404 -29.716 -2446.443
v 243.114 -31.129 -2448.575
v 239.341 -32.091 -2462.223
v 231.630 -30.615 -2460.091
f 6709 6710 6711
f 6711 6712 6709
v 232.218 -30.535 -2458.850
v 238.753 -32.169 -2463.464
v 231.784 -32.463 -2473.333
v 225.249 -31.035 -2468.719
f 6713 6714 6715
f 6715 6716 6713
v 225.757 -31.004 -2468.130
v 231.276 -32.468 -2473.922
v 225.176 -32.556 -2479.735
v 219.657 -31.203 -2473.943
f 6717 6718 6719
f 6719 6720 6717
v 220.118 -31.197 -2473.566
v 224.715 -32.563 -2480.112
v 213.973 -32.570 -2487.656
v 209.375 -31.180 -2481.109
f 6721 6722 6723
f 6723 6724 6721
v 209.430 -31.180 -2481.072
v 213.918 -32.571 -2487.694
v 204.912 -32.717 -2493.798
v 200.424 -31.148 -2487.175
f 6725 6726 6727
f 6727 6728 6725
v 200.499 -31.147 -2487.126
v 204.838 -32.718 -2493.847
v 195.832 -32.806 -2499.660
v 191.493 -31.238 -2492.939
f 6729 6730 6731
f 6731 6732 6729
v 190.999 -31.252 -2493.316
v 196.326 -32.792 -2499.284
v 188.200 -33.202 -2506.537
v 182.873 -31.834 -2500.569
f 6733 6734 6735
f 6735 6736 6733
v 182.221 -31.915 -2501.315
v 188.852 -33.142 -2505.791
v 181.004 -34.491 -2517.417
v 174.373 -33.277 -2512.941
f 6737 6738 6739
f 6739 6740 6737
v 174.050 -33.347 -2513.517
v 181.326 -34.419 -2516.841
v 176.684 -35.870 -2527.001
v 169.408 -34.706 -2523.677
f 6741 6742 6743
f 6743 6744 6741
v 169.591 -34.660 -2523.323
v 176.501 -35.918 -2527.355
v 164.301 -38.422 -2548.269
v 157.390 -37.089 -2544.237
f 6745 6746 6747
f 6747 6748 6745
v 157.608 -37.055 -2543.904
v 164.083 -38.457 -2548.602
v 153.341 -39.753 -2563.412
v 146.865 -38.308 -2558.715
f 6749 6750 6751
f 6751 6752 6749
v 147.036 -38.293 -2558.496
v 153.170 -39.769 -2563.631
v 141.259 -40.517 -2577.860
v 135.125 -39.005 -2572.725
f 6753 6754 6755
f 6755 6756 6753
v 136.741 -39.042 -2571.565
v 139.643 -40.468 -2579.020
v 129.190 -39.601 -2583.089
v 126.288 -38.284 -2575.634
f 6757 6758 6759
f 6759 6760 6757
v 126.794 -38.328 -2575.475
v 128.684 -39.552 -2583.248
v 116.784 -38.251 -2586.142
v 114.894 -37.143 -2578.368
f 6761 6762 6763
f 6763 6764 6761
v 114.553 -37.109 -2578.467
v 117.125 -38.287 -2586.043
v 100.861 -36.540 -2591.565
v 98.289 -35.490 -2583.990
f 6765 6766 6767
f 6767 6768 6765
v 98.627 -35.526 -2583.891
v 100.524 -36.501 -2591.663
v 88.612 -35.024 -2594.570
v 86.716 -34.143 -2586.798
f 6769 6770 6771
f 6771 6772 6769
v 86.564 -34.125 -2586.838
v 88.764 -35.043 -2594.530
v 74.537 -33.222 -2598.599
v 72.337 -32.412 -2590.907
f 6773 6774 6775
f 6775 6776 6773
v 71.346 -32.297 -2591.344
v 75.529 -33.343 -2598.163
v 67.971 -32.473 -2602.800
v 63.787 -31.462 -2595.981
f 6777 6778 6779
f 6779 6780 6777
v 63.390 -31.424 -2596.259
v 68.368 -32.518 -2602.522
v 58.494 -31.495 -2610.370
v 53.516 -30.485 -2604.107
f 6781 6782 6783
f 6783 6784 6781
v 53.177 -30.453 -2604.410
v 58.833 -31.525 -2610.067
v 48.091 -30.609 -2620.808
v 42.434 -29.488 -2615.151
f 6785 6786 6787
f 6787 6788 6785
v 42.720 -29.515 -2614.891
v 47.805 -30.582 -2621.068
v 42.862 -30.079 -2625.137
v 37.778 -29.016 -2618.961
f 6789 6790 6791
f 6791 6792 6789
v 38.485 -29.095 -2618.494
v 42.155 -29.999 -2625.603
v 32.581 -28.825 -2630.544
v 28.912 -27.943 -2623.435
f 6793 6794 6795
f 6795 6796 6793
v 29.914 -28.074 -2623.077
v 31.579 -28.692 -2630.902
v 23.441 -27.549 -2632.633
v 21.777 -26.989 -2624.808
f 6797 6798 6799
f 6799 6800 6797
v 22.495 -27.061 -2624.722
v 22.723 -27.445 -2632.719
v 12.560 -26.384 -2633.010
v 12.331 -26.004 -2625.013
f 6801 6802 6803
f 6803 6804 6801
v 11.564 -25.928 -2625.110
v 13.327 -26.460 -2632.913
v 4.321 -25.608 -2634.948
v 2.558 -25.073 -2627.144
f 6805 6806 6807
f 6807 6808 6805
v 2.202 -25.040 -2627.242
v 4.678 -25.641 -2634.850
v -6.933 -24.599 -2638.628
v -9.409 -23.993 -2631.021
f 6809 6810 6811
f 6811 6812 6809
v -10.228 -23.924 -2631.394
v -6.113 -24.667 -2638.255
v -13.383 -24.213 -2642.615
v -17.497 -23.363 -2635.754
f 6813 6814 6815
f 6815 6816 6813
v -18.825 -23.287 -2637.054
v -12.055 -24.253 -2641.315
v -16.986 -24.338 -2649.150
v -23.757 -23.580 -2644.888
f 6817 6818 6819
f 6819 6820 6817
v -24.259 -23.649 -2646.077
v -16.484 -24.299 -2647.961
v -18.076 -24.637 -2654.528
v -25.851 -24.090 -2652.643
f 6821 6822 6823
f 6823 6824 6821
v -25.850 -24.090 -2652.641
v -18.076 -24.637 -2654.529
v -18.811 -24.795 -2657.555
v -26.585 -24.296 -2655.667
f 6825 6826 6827
f 6827 6828 6825
v -26.667 -24.407 -2657.109
v -18.729 -24.691 -2656.112
v -17.271 -25.729 -2667.726
v -25.209 -25.389 -2668.722
f 6829 6830 6831
f 6831 6832 6829
v -25.001 -25.466 -2669.586
v -17.479 -25.642 -2666.862
v -15.163 -26.498 -2673.257
v -22.685 -26.286 -2675.980
f 6833 6834 6835
f 6835 6836 6833
v -22.307 -26.388 -2676.753
v -15.541 -26.373 -2672.484
v -10.599 -27.750 -2680.319
v -17.365 -27.556 -2684.587
f 6837 6838 6839
f 6839 6840 6837
v -16.915 -27.666 -2685.173
v -11.049 -27.639 -2679.733
v -7.275 -28.471 -2683.802
v -13.141 -28.498 -2689.242
f 6841 6842 6843
f 6843 6844 6841
v -11.474 -28.783 -2690.317
v -8.942 -28.185 -2682.728
v -2.842 -29.018 -2684.762
v -5.373 -29.611 -2692.351
f 6845 6846 6847
f 6847 6848 6845
v -4.815 -29.682 -2692.494
v -3.400 -28.947 -2684.620
v 14.311 -31.052 -2687.804
v 12.895 -31.768 -2695.678
f 6849 6850 6851
f 6851 6852 6849
v 12.609 -31.733 -2695.615
v 14.597 -31.088 -2687.867
v 37.251 -34.767 -2693.680
v 35.263 -35.316 -2701.429
f 6853 6854 6855
f 6855 6856 6853
v 34.772 -35.220 -2701.268
v 37.742 -34.859 -2693.840
v 68.243 -41.037 -2706.035
v 65.273 -41.373 -2713.463
f 6857 6858 6859
f 6859 6860 6857
v 64.034 -41.057 -2712.678
v 69.482 -41.357 -2706.820
v 77.609 -43.687 -2714.377
v 72.161 -43.382 -2720.235
f 6861 6862 6863
f 6863 6864 6861
v 71.494 -43.173 -2719.428
v 78.276 -43.895 -2715.184
v 84.087 -45.910 -2724.472
v 77.304 -45.216 -2728.715
f 6865 6866 6867
f 6867 6868 6865
v 76.890 -45.048 -2727.827
v 84.501 -46.075 -2725.361
v 87.985 -47.806 -2736.116
v 80.375 -46.871 -2738.581
f 6869 6870 6871
f 6871 6872 6869
v 80.257 -46.800 -2738.133
v 88.102 -47.873 -2736.564
v 91.297 -50.053 -2752.537
v 83.452 -49.117 -2754.106
f 6873 6874 6875
f 6875 6876 6873
v 83.553 -49.176 -2754.504
v 91.196 -49.997 -2752.139
v 94.970 -51.756 -2764.334
v 87.327 -51.041 -2766.699
f 6877 6878 6879
f 6879 6880 6877
v 87.542 -51.128 -2767.247
v 94.755 -51.674 -2763.786
v 101.723 -53.885 -2778.305
v 94.511 -53.451 -2781.767
f 6881 6882 6883
f 6883 6884 6881
v 94.729 -53.514 -2782.163
v 101.505 -53.825 -2777.910
v 110.800 -55.995 -2792.720
v 104.024 -55.743 -2796.973
f 6885 6886 6887
f 6887 6888 6885
v 104.121 -55.763 -2797.121
v 110.703 -55.975 -2792.573
v 119.130 -57.474 -2804.767
v 112.548 -57.323 -2809.315
f 6889 6890 6891
f 6891 6892 6889
v 112.847 -57.369 -2809.696
v 118.831 -57.429 -2804.387
v 123.473 -58.049 -2809.619
v 117.489 -57.999 -2814.928
f 6893 6894 6895
f 6895 6896 6893
v 116.582 -57.719 -2811.381
v 124.380 -58.296 -2813.166
v 122.054 -58.728 -2823.326
v 114.255 -58.266 -2821.541
f 6897 6898 6899
f 6899 6900 6897
v 114.174 -58.295 -2822.037
v 122.135 -58.704 -2822.830
v 120.688 -59.450 -2837.350
v 112.727 -59.190 -2836.557
f 6901 6902 6903
f 6903 6904 6901
v 112.725 -59.191 -2836.574
v 120.689 -59.449 -2837.333
v 118.374 -60.803 -2861.643
v 110.410 -60.769 -2860.884
f 6905 6906 6907
f 6907 6908 6905
v 246.296 -22.947 -2258.437
v 246.337 -22.384 -2250.437
v 292.134 -27.667 -2250.675
v 292.093 -28.303 -2258.675
f 6909 6910 6911
f 6911 6912 6909
v 292.165 -28.309 -2258.674
v 292.062 -27.661 -2250.675
v 325.747 -30.216 -2250.239
v 325.851 -30.990 -2258.238
f 6913 6914 6915
f 6915 6916 6913
v 325.850 -30.990 -2258.238
v 325.747 -30.216 -2250.239
v 382.387 -33.431 -2249.512
v 382.489 -34.461 -2257.512
f 6917 6918 6919
f 6919 6920 6917
v 382.636 -34.469 -2257.507
v 382.241 -33.423 -2249.517
v 405.762 -34.853 -2248.354
v 406.157 -35.986 -2256.345
f 6921 6922 6923
f 6923 6924 6921
v 323.131 -30.156 -2251.258
v 328.466 -31.059 -2257.219
v 321.497 -31.196 -2263.455
v 316.163 -30.298 -2257.494
f 6925 6926 6927
f 6927 6928 6925
v 316.038 -30.300 -2257.610
v 321.622 -31.193 -2263.339
v 310.591 -31.353 -2274.093
v 305.006 -30.320 -2268.364
f 6929 6930 6931
f 6931 6932 6929
v 304.774 -30.318 -2268.611
v 310.823 -31.358 -2273.846
v 305.302 -31.243 -2280.227
v 299.252 -30.292 -2274.992
f 6933 6934 6935
f 6935 6936 6933
v 299.445 -30.298 -2274.785
v 305.109 -31.237 -2280.435
v 299.020 -30.993 -2286.538
v 293.356 -30.054 -2280.888
f 6937 6938 6939
f 6939 6940 6937
v 292.795 -30.037 -2281.594
v 299.580 -31.009 -2285.833
v 296.675 -30.983 -2290.483
v 289.890 -29.998 -2286.244
f 6941 6942 6943
f 6943 6944 6941
v 289.570 -29.999 -2286.874
v 296.995 -30.979 -2289.853
v 294.668 -31.071 -2295.653
v 287.243 -30.065 -2292.674
f 6945 6946 6947
f 6947 6948 6945
v 287.049 -30.077 -2293.305
v 294.863 -31.055 -2295.022
v 292.247 -31.416 -2306.926
v 284.433 -30.397 -2305.208
f 6949 6950 6951
f 6951 6952 6949
v 284.367 -30.405 -2305.602
v 292.313 -31.407 -2306.532
v 291.155 -31.704 -2316.415
v 283.209 -30.635 -2315.484
f 6953 6954 6955
f 6955 6956 6953
v 283.183 -30.646 -2315.871
v 291.181 -31.690 -2316.027
v 290.602 -32.893 -2345.647
v 282.604 -31.648 -2345.491
f 6957 6958 6959
f 6959 6960 6957
v 282.604 -31.654 -2345.652
v 290.602 -32.886 -2345.486
v 291.181 -34.231 -2373.362
v 283.183 -32.825 -2373.528
f 6961 6962 6963
f 6963 6964 6961
v 283.194 -32.808 -2373.132
v 291.170 -34.250 -2373.759
v 290.301 -34.656 -2384.804
v 282.326 -33.157 -2384.177
f 6965 6966 6967
f 6967 6968 6965
v 282.405 -33.148 -2383.643
v 290.223 -34.669 -2385.338
v 289.343 -34.710 -2389.394
v 281.525 -33.168 -2387.699
f 6969 6970 6971
f 6971 6972 6969
v 282.106 -33.214 -2386.328
v 288.763 -34.669 -2390.764
v 285.857 -34.330 -2395.124
v 279.200 -32.865 -2390.688
f 6973 6974 6975
f 6975 6976 6973
v 280.677 -33.084 -2389.360
v 284.380 -34.127 -2396.452
v 277.701 -33.071 -2399.939
v 273.998 -31.973 -2392.848
f 6977 6978 6979
f 6979 6980 6977
v 275.850 -32.305 -2392.394
v 275.850 -32.743 -2400.394
v 265.976 -30.987 -2400.394
v 265.976 -30.571 -2392.394
f 6981 6982 6983
f 6983 6984 6981
v 265.976 -30.571 -2392.394
v 265.976 -30.987 -2400.394
v 241.875 -27.155 -2400.394
v 241.875 -26.751 -2392.394
f 6985 6986 6987
f 6987 6988 6985
v 121.402 -58.292 -2816.166
v 119.560 -57.722 -2808.381
v 135.535 -58.645 -2804.602
v 137.376 -59.039 -2812.387
f 6989 6990 6991
f 6991 6992 6989
v 136.937 -59.015 -2812.466
v 135.974 -58.674 -2804.524
v 155.143 -60.052 -2802.199
v 156.106 -60.198 -2810.140
f 6993 6994 6995
f 6995 6996 6993
v 155.744 -60.174 -2810.168
v 155.506 -60.080 -2802.171
v 184.838 -62.362 -2801.299
v 185.076 -62.190 -2809.296
f 6997 6998 6999
f 6999 7000 6997
v -24.127 -23.981 -2650.221
v -19.799 -24.704 -2656.949
v -27.213 -24.750 -2661.719
v -31.541 -24.016 -2654.991
f 7001 7002 7003
f 7003 7004 7001
v -32.653 -24.052 -2656.060
v -26.101 -24.713 -2660.650
v -30.164 -25.004 -2666.450
v -36.716 -24.350 -2661.860
f 7005 7006 7007
f 7007 7008 7005
v -37.353 -24.445 -2663.324
v -29.528 -24.913 -2664.986
v -31.565 -25.772 -2674.578
v -39.390 -25.268 -2672.916
f 7009 7010 7011
f 7011 7012 7009
v -39.478 -25.360 -2673.747
v -31.478 -25.680 -2673.747
v -31.478 -28.103 -2694.938
v -39.478 -27.800 -2694.938
f 7013 7014 7015
f 7015 7016 7013
v -39.467 -27.834 -2695.230
v -31.488 -28.070 -2694.646
v -30.319 -30.286 -2710.620
v -38.298 -30.058 -2711.203
f 7017 7018 7019
f 7019 7020 7017
v -38.150 -30.184 -2712.027
v -30.467 -30.159 -2709.796
v -28.441 -31.265 -2716.772
v -36.124 -31.282 -2719.003
f 7021 7022 7023
f 7023 7024 7021
v -35.356 -31.525 -2720.447
v -29.209 -31.022 -2715.327
v -26.304 -31.652 -2718.815
v -32.451 -32.154 -2723.935
f 7025 7026 7027
f 7027 7028 7025
v -30.641 -32.410 -2725.170
v -28.113 -31.397 -2717.580
v -23.750 -31.788 -2719.033
v -26.277 -32.806 -2726.624
f 7029 7030 7031
f 7031 7032 7029
v -24.328 -32.909 -2726.769
v -25.699 -31.688 -2718.888
v -12.341 -32.229 -2716.563
v -10.969 -33.519 -2724.444
f 7033 7034 7035
f 7035 7036 7033
v -10.199 -33.559 -2724.229
v -13.111 -32.188 -2716.778
v -1.211 -32.631 -2712.127
v 1.701 -33.988 -2719.578
f 7037 7038 7039
f 7039 7040 7037
v 0.933 -33.948 -2719.793
v -0.443 -32.673 -2711.912
v 17.857 -33.958 -2708.715
v 19.234 -35.207 -2716.596
f 7041 7042 7043
f 7043 7044 7041
v 18.667 -35.162 -2716.654
v 18.425 -34.004 -2708.657
v 28.009 -35.171 -2708.367
v 28.252 -36.313 -2716.363
f 7045 7046 7047
f 7047 7048 7045
v 27.203 -36.146 -2716.256
v 29.058 -35.342 -2708.474
v 41.248 -37.538 -2711.380
v 39.392 -38.297 -2719.162
f 7049 7050 7051
f 7051 7052 7049
v 38.577 -38.141 -2718.872
v 42.063 -37.696 -2711.671
v 51.069 -39.574 -2716.031
v 47.583 -39.993 -2723.232
f 7053 7054 7055
f 7055 7056 7053
v 240.015 -25.858 -2374.605
v 243.824 -26.693 -2381.640
v 237.969 -25.879 -2384.810
v 234.159 -25.048 -2377.776
f 7057 7058 7059
f 7059 7060 7057
v 233.732 -24.990 -2378.043
v 238.397 -25.938 -2384.543
v 229.101 -24.689 -2391.214
v 224.436 -23.903 -2384.715
f 7061 7062 7063
f 7063 7064 7061
v 224.095 -23.870 -2384.990
v 229.442 -24.734 -2390.940
v 218.121 -23.893 -2401.113
v 212.774 -22.883 -2395.162
f 7065 7066 7067
f 7067 7068 7065
v 212.621 -22.870 -2395.308
v 218.275 -23.901 -2400.967
v 206.943 -23.374 -2412.290
v 201.288 -22.334 -2406.630
f 7069 7070 7071
f 7071 7072 7069
v 201.284 -22.334 -2406.634
v 206.946 -23.374 -2412.286
v 202.304 -23.186 -2416.936
v 196.642 -22.146 -2411.285
f 7073 7074 7075
f 7075 7076 7073
v 197.214 -22.176 -2410.809
v 201.732 -23.157 -2417.411
v 196.211 -22.827 -2421.190
v 191.693 -21.839 -2414.588
f 7077 7078 7079
f 7079 7080 7077
v 192.980 -21.938 -2414.009
v 194.924 -22.730 -2421.769
v 189.124 -22.211 -2423.222
v 187.180 -21.429 -2415.462
f 7081 7082 7083
f 7083 7084 7081
v 186.695 -21.407 -2415.617
v 189.610 -22.252 -2423.067
v 181.472 -21.916 -2426.251
v 178.557 -21.113 -2418.801
f 7085 7086 7087
f 7087 7088 7085
v 178.252 -21.104 -2418.935
v 181.777 -21.920 -2426.117
v 166.382 -21.834 -2433.674
v 162.857 -20.799 -2426.492
f 7089 7090 7091
f 7091 7092 7089
v 162.401 -20.801 -2426.755
v 166.837 -21.831 -2433.412
v 152.900 -22.095 -2442.700
v 148.464 -21.051 -2436.042
f 7093 7094 7095
f 7095 7096 7093
v 148.533 -21.050 -2435.997
v 152.831 -22.097 -2442.745
v 143.246 -22.365 -2448.849
v 138.949 -21.414 -2442.101
f 7097 7098 7099
f 7099 7100 7097
v 139.002 -21.411 -2442.067
v 143.193 -22.368 -2448.882
v 131.872 -22.888 -2455.844
v 127.681 -21.917 -2449.030
f 7101 7102 7103
f 7103 7104 7101
v 127.852 -21.910 -2448.930
v 131.700 -22.896 -2455.944
v 122.695 -23.275 -2460.885
v 118.846 -22.270 -2453.871
f 7105 7106 7107
f 7107 7108 7105
v 118.039 -22.322 -2454.456
v 123.502 -23.223 -2460.300
v 119.150 -23.615 -2464.369
v 113.686 -22.717 -2458.526
f 7109 7110 7111
f 7111 7112 7109
v 112.969 -22.809 -2459.422
v 119.867 -23.522 -2463.473
v 114.924 -24.435 -2471.889
v 108.026 -23.712 -2467.838
f 7113 7114 7115
f 7115 7116 7113
v 108.472 -23.649 -2467.222
v 114.479 -24.499 -2472.505
v 108.089 -25.195 -2479.771
v 102.082 -24.330 -2474.488
f 7117 7118 7119
f 7119 7120 7117
v 102.604 -24.289 -2473.993
v 107.568 -25.239 -2480.267
v 102.057 -25.573 -2484.626
v 97.093 -24.615 -2478.353
f 7121 7122 7123
f 7123 7124 7121
v 97.742 -24.589 -2477.935
v 101.409 -25.598 -2485.044
v 92.982 -25.755 -2489.391
v 89.315 -24.790 -2482.281
f 7125 7126 7127
f 7127 7128 7125
v 89.883 -24.784 -2482.042
v 92.414 -25.756 -2489.631
v 83.697 -25.681 -2492.537
v 81.167 -24.788 -2484.948
f 7129 7130 7131
f 7131 7132 7129
v 81.254 -24.788 -2484.920
v 83.610 -25.680 -2492.565
v 76.062 -25.568 -2494.891
v 73.707 -24.753 -2487.245
f 7133 7134 7135
f 7135 7136 7133
v 73.041 -24.751 -2487.518
v 76.728 -25.572 -2494.618
v 68.891 -25.579 -2498.687
v 65.204 -24.787 -2491.587
f 7137 7138 7139
f 7139 7140 7137
v 64.892 -24.789 -2491.768
v 69.203 -25.578 -2498.507
v 61.934 -25.574 -2503.157
v 57.623 -24.692 -2496.418
f 7141 7142 7143
f 7143 7144 7141
v 57.237 -24.687 -2496.699
v 62.320 -25.579 -2502.876
v 52.446 -25.498 -2511.001
v 47.363 -24.614 -2504.824
f 7145 7146 7147
f 7147 7148 7145
v 47.598 -24.617 -2504.645
v 52.211 -25.494 -2511.181
v 37.406 -25.008 -2521.631
v 32.792 -24.263 -2515.095
f 7149 7150 7151
f 7151 7152 7149
v 33.807 -24.306 -2514.577
v 36.391 -24.948 -2522.149
v 23.611 -24.055 -2526.509
v 21.028 -23.499 -2518.937
f 7153 7154 7155
f 7155 7156 7153
v 21.336 -23.529 -2518.846
v 23.303 -24.032 -2526.600
v 2.687 -22.009 -2531.832
v 0.719 -21.481 -2524.078
f 7157 7158 7159
f 7159 7160 7157
v 1.150 -21.524 -2523.993
v 2.256 -21.965 -2531.916
v -10.234 -20.676 -2533.660
v -11.340 -20.230 -2525.737
f 7161 7162 7163
f 7163 7164 7161
v -11.894 -20.174 -2525.855
v -9.679 -20.731 -2533.542
v -22.748 -19.403 -2537.308
v -24.963 -18.774 -2529.620
f 7165 7166 7167
f 7167 7168 7165
v -26.060 -18.655 -2530.126
v -21.652 -19.518 -2536.802
v -36.179 -18.229 -2546.394
v -40.587 -17.325 -2539.718
f 7169 7170 7171
f 7171 7172 7169
v -40.431 -17.338 -2539.620
v -36.335 -18.216 -2546.492
v -51.430 -16.931 -2555.489
v -55.526 -16.098 -2548.617
f 7173 7174 7175
f 7175 7176 7173
v -54.185 -16.226 -2548.116
v -52.771 -16.809 -2555.990
v -64.103 -15.698 -2558.025
v -65.517 -15.024 -2550.151
f 7177 7178 7179
f 7179 7180 7177
v -64.810 -15.103 -2550.088
v -64.810 -15.627 -2558.088
v -74.395 -14.608 -2558.088
v -74.395 -13.978 -2550.088
f 7181 7182 7183
f 7183 7184 7181
v -75.027 -13.908 -2550.138
v -73.762 -14.672 -2558.037
v -81.020 -14.002 -2559.200
v -82.286 -13.161 -2551.301
f 7185 7186 7187
f 7187 7188 7185
v -83.359 -13.068 -2551.632
v -79.947 -14.085 -2558.868
v -84.878 -13.783 -2561.193
v -88.290 -12.727 -2553.957
f 7189 7190 7191
f 7191 7192 7189
v -89.840 -12.683 -2555.251
v -83.329 -13.823 -2559.900
v -86.234 -13.908 -2563.969
v -92.745 -12.786 -2559.320
f 7193 7194 7195
f 7195 7196 7193
v -93.490 -12.952 -2561.645
v -85.490 -13.763 -2561.645
v -85.490 -14.226 -2566.573
v -93.490 -13.469 -2566.573
f 7197 7198 7199
f 7199 7200 7197
v -93.236 -13.640 -2567.976
v -85.744 -14.070 -2565.169
v -82.260 -15.239 -2574.470
v -89.751 -14.891 -2577.277
f 7201 7202 7203
f 7203 7204 7201
v -89.627 -14.931 -2577.571
v -82.383 -15.202 -2574.176
v -78.031 -16.335 -2583.464
v -85.275 -16.123 -2586.859
f 7205 7206 7207
f 7207 7208 7205
v -85.112 -16.162 -2587.170
v -78.194 -16.298 -2583.153
v -72.962 -17.354 -2592.163
v -79.880 -17.271 -2596.180
f 7209 7210 7211
f 7211 7212 7209
v -80.323 -17.150 -2595.051
v -72.519 -17.466 -2593.293
v -69.903 -18.449 -2604.906
v -77.707 -18.243 -2606.664
f 7213 7214 7215
f 7215 7216 7213
v -77.796 -18.190 -2606.057
v -69.814 -18.496 -2605.513
v -68.367 -20.200 -2626.718
v -76.348 -20.072 -2627.262
f 7217 7218 7219
f 7219 7220 7217
v -76.171 -20.156 -2628.199
v -68.545 -20.122 -2625.781
v -64.771 -21.104 -2637.685
v -72.397 -21.234 -2640.103
f 7221 7222 7223
f 7223 7224 7221
v -72.584 -21.117 -2638.894
v -64.584 -21.197 -2638.894
v -64.584 -21.957 -2647.019
v -72.584 -21.914 -2647.019
f 7225 7226 7227
f 7227 7228 7225
v -72.281 -21.766 -2645.491
v -64.887 -22.099 -2648.547
v -68.372 -22.895 -2656.976
v -75.765 -22.590 -2653.920
f 7229 7230 7231
f 7231 7232 7229
v -75.696 -22.574 -2653.763
v -68.440 -22.910 -2657.133
v -72.214 -23.711 -2665.258
v -79.470 -23.401 -2661.888
f 7233 7234 7235
f 7235 7236 7233
v -78.787 -23.295 -2660.866
v -72.897 -23.815 -2666.280
v -79.576 -24.660 -2673.547
v -85.466 -24.080 -2668.133
f 7237 7238 7239
f 7239 7240 7237
v -85.807 -24.128 -2668.558
v -79.236 -24.607 -2673.122
v -86.494 -25.905 -2683.572
v -93.065 -25.415 -2679.009
f 7241 7242 7243
f 7243 7244 7241
v -93.641 -25.567 -2680.249
v -85.917 -25.752 -2682.332
v -87.954 -26.668 -2689.889
v -95.678 -26.487 -2687.807
f 7245 7246 7247
f 7247 7248 7245
v -95.745 -26.522 -2688.095
v -87.888 -26.633 -2689.601
v -90.504 -28.316 -2703.248
v -98.361 -28.189 -2701.742
f 7249 7250 7251
f 7251 7252 7249
v -98.169 -28.102 -2701.067
v -90.696 -28.404 -2703.924
v -94.470 -29.694 -2713.793
v -101.942 -29.376 -2710.936
f 7253 7254 7255
f 7255 7256 7253
v -101.389 -29.239 -2709.943
v -95.023 -29.823 -2714.787
v -105.186 -31.572 -2728.144
v -111.553 -31.095 -2723.300
f 7257 7258 7259
f 7259 7260 7257
v -111.260 -31.049 -2722.957
v -105.479 -31.619 -2728.487
v -124.648 -34.046 -2748.529
v -130.429 -33.481 -2743.000
f 7261 7262 7263
f 7263 7264 7261
v -130.457 -33.484 -2743.029
v -124.620 -34.043 -2748.500
v -142.042 -35.560 -2767.089
v -147.879 -35.048 -2761.618
f 7265 7266 7267
f 7267 7268 7265
v -147.814 -35.044 -2761.551
v -142.107 -35.564 -2767.157
v -158.081 -36.170 -2783.420
v -163.788 -35.647 -2777.815
f 7269 7270 7271
f 7271 7272 7269
v -163.379 -35.641 -2777.452
v -158.490 -36.175 -2783.783
v -171.269 -36.096 -2793.653
v -176.159 -35.615 -2787.321
f 7273 7274 7275
f 7275 7276 7273
v -175.954 -35.618 -2787.173
v -171.474 -36.091 -2793.801
v -192.959 -35.321 -2808.321
v -197.439 -34.979 -2801.693
f 7277 7278 7279
f 7279 7280 7277
v -197.612 -34.972 -2801.817
v -192.785 -35.328 -2808.197
v -214.281 -34.334 -2824.461
v -219.108 -33.990 -2818.081
f 7281 7282 7283
f 7283 7284 7281
v -219.276 -33.981 -2818.215
v -214.113 -34.342 -2824.326
v -230.956 -33.621 -2838.556
v -236.119 -33.398 -2832.445
f 7285 7286 7287
f 7287 7288 7285
v -235.569 -33.410 -2832.055
v -231.505 -33.609 -2838.945
v -247.769 -33.260 -2848.537
v -251.833 -33.045 -2841.647
f 7289 7290 7291
f 7291 7292 7289
v -251.911 -33.044 -2841.694
v -247.691 -33.262 -2848.490
v -266.860 -33.128 -2860.394
v -271.080 -32.941 -2853.598
f 7293 7294 7295
f 7295 7296 7293
v -271.599 -32.966 -2853.981
v -266.342 -33.116 -2860.011
v -277.663 -33.801 -2869.881
v -282.920 -33.656 -2863.850
f 7297 7298 7299
f 7299 7300 7297
v -283.408 -33.692 -2864.359
v -277.174 -33.764 -2869.372
v -286.759 -34.635 -2881.290
v -292.993 -34.579 -2876.276
f 7301 7302 7303
f 7303 7304 7301
v -293.011 -34.581 -2876.299
v -286.741 -34.633 -2881.267
v -289.368 -34.943 -2884.583
v -295.638 -34.850 -2879.615
f 7305 7306 7307
f 7307 7308 7305
v -295.636 -34.850 -2879.612
v -289.370 -34.943 -2884.586
v -292.264 -35.326 -2888.232
v -298.530 -35.171 -2883.259
f 7309 7310 7311
f 7311 7312 7309
v -297.476 -35.067 -2882.328
v -293.319 -35.436 -2889.163
v -301.446 -36.127 -2894.105
v -305.602 -35.743 -2887.269
f 7313 7314 7315
f 7315 7316 7313
v -304.362 -35.658 -2886.776
v -302.685 -36.214 -2894.598
v -310.823 -36.787 -2896.342
v -312.499 -36.280 -2888.520
f 7317 7318 7319
f 7319 7320 7317
v -311.877 -36.225 -2888.437
v -311.445 -36.843 -2896.425
v -322.187 -37.750 -2897.006
v -322.620 -37.101 -2889.018
f 7321 7322 7323
f 7323 7324 7321
v -321.637 -37.031 -2889.086
v -323.170 -37.822 -2896.938
v -335.081 -38.565 -2894.613
v -333.548 -37.742 -2886.761
f 7325 7326 7327
f 7327 7328 7325
v -334.492 -37.807 -2886.691
v -334.137 -38.497 -2894.683
v -347.206 -39.586 -2895.264
v -347.561 -38.859 -2887.272
f 7329 7330 7331
f 7331 7332 7329
v -349.439 -39.059 -2887.836
v -345.328 -39.384 -2894.700
v -352.586 -40.416 -2899.047
v -356.697 -40.125 -2892.183
f 7333 7334 7335
f 7335 7336 7333
v -357.361 -40.234 -2892.682
v -351.922 -40.307 -2898.548
v -359.759 -41.749 -2905.815
v -365.198 -41.674 -2899.948
f 7337 7338 7339
f 7339 7340 7337
v -365.255 -41.685 -2900.002
v -359.702 -41.738 -2905.761
v -368.129 -43.356 -2913.886
v -373.682 -43.312 -2908.127
f 7341 7342 7343
f 7343 7344 7341
v -373.125 -43.212 -2907.679
v -368.686 -43.449 -2914.335
v -380.018 -45.199 -2921.892
v -384.457 -45.061 -2915.236
f 7345 7346 7347
f 7347 7348 7345
v -384.176 -45.020 -2915.065
v -380.299 -45.240 -2922.063
v -401.784 -48.056 -2933.967
v -405.661 -47.779 -2926.970
f 7349 7350 7351
f 7351 7352 7349
v -404.628 -47.668 -2926.572
v -402.817 -48.166 -2934.365
v -419.081 -49.684 -2938.143
v -420.891 -49.203 -2930.351
f 7353 7354 7355
f 7355 7356 7353
v -421.669 -49.283 -2930.618
v -418.303 -49.605 -2937.876
v -434.567 -51.213 -2945.420
v -437.933 -50.845 -2938.163
f 7357 7358 7359
f 7359 7360 7357
v -438.779 -50.915 -2938.692
v -433.721 -51.165 -2944.890
v -441.558 -51.654 -2951.285
v -446.616 -51.610 -2945.087
f 7361 7362 7363
f 7363 7364 7361
v -447.665 -51.690 -2946.397
v -440.509 -51.573 -2949.975
v -443.125 -51.841 -2955.207
v -450.281 -51.953 -2951.629
f 7365 7366 7367
f 7367 7368 7365
v -450.646 -52.002 -2952.746
v -442.760 -51.791 -2954.090
v -445.086 -52.334 -2967.738
v -452.973 -52.530 -2966.394
f 7369 7370 7371
f 7371 7372 7369
v -452.323 -52.457 -2964.797
v -445.735 -52.408 -2969.335
v -448.930 -52.661 -2973.973
v -455.518 -52.707 -2969.434
f 7373 7374 7375
f 7375 7376 7373
v -454.479 -52.642 -2968.399
v -449.970 -52.691 -2975.008
v -456.359 -52.868 -2979.368
v -460.869 -52.974 -2972.759
f 7377 7378 7379
f 7379 7380 7377
v -460.687 -52.965 -2972.643
v -456.541 -52.873 -2979.484
v -467.573 -53.149 -2986.170
v -471.719 -53.300 -2979.328
f 7381 7382 7383
f 7383 7384 7381
v -471.234 -53.288 -2979.078
v -468.057 -53.161 -2986.420
v -485.490 -53.292 -2993.964
v -488.667 -53.305 -2986.622
f 7385 7386 7387
f 7387 7388 7385
v -488.327 -53.305 -2986.493
v -485.830 -53.293 -2994.093
v -504.409 -53.398 -3000.197
v -506.906 -53.360 -2992.597
f 7389 7390 7391
f 7391 7392 7389
v -506.460 -53.357 -2992.478
v -504.855 -53.402 -3000.316
v -517.635 -53.473 -3002.932
v -519.239 -53.351 -2995.094
f 7393 7394 7395
f 7395 7396 7393
v -518.896 -53.354 -2995.039
v -517.978 -53.472 -3002.987
v -533.084 -53.446 -3004.731
v -534.002 -53.220 -2996.783
f 7397 7398 7399
f 7399 7400 7397
v -533.543 -53.224 -2996.757
v -533.543 -53.445 -3004.757
v -553.169 -53.387 -3004.757
v -553.169 -53.017 -2996.757
f 7401 7402 7403
f 7403 7404 7401
v -550.939 -53.541 -3009.407
v -558.760 -53.484 -3007.724
v -557.079 -53.129 -2999.915
v -549.258 -53.267 -3001.599
f 7405 7406 7407
f 7407 7408 7405
v -549.259 -53.267 -3001.603
v -557.078 -53.129 -2999.911
v -555.731 -52.838 -2993.688
v -547.912 -53.015 -2995.380
f 7409 7410 7411
f 7411 7412 7409
v -547.846 -52.998 -2994.969
v -555.798 -52.858 -2994.099
v -553.872 -52.046 -2976.500
v -545.920 -52.318 -2977.371
f 7413 7414 7415
f 7415 7416 7413
v -545.912 -52.315 -2977.295
v -553.880 -52.049 -2976.576
v -552.132 -50.876 -2957.233
v -544.165 -51.263 -2957.953
f 7417 7418 7419
f 7419 7420 7417
v -544.258 -51.293 -2958.524
v -552.039 -50.842 -2956.662
v -548.755 -50.092 -2942.935
v -540.974 -50.625 -2944.796
f 7421 7422 7423
f 7423 7424 7421
v -540.904 -50.606 -2944.427
v -548.825 -50.122 -2943.304
v -545.151 -47.996 -2917.395
v -537.230 -48.557 -2918.518
f 7425 7426 7427
f 7427 7428 7425
v -537.194 -48.525 -2918.120
v -545.187 -48.030 -2917.793
v -544.609 -46.518 -2903.669
v -536.615 -47.019 -2903.997
f 7429 7430 7431
f 7431 7432 7429
v -537.338 -47.235 -2906.131
v -543.886 -46.305 -2901.534
v -542.438 -46.141 -2899.473
v -535.891 -47.070 -2904.070
f 7433 7434 7435
f 7435 7436 7433
v -535.899 -47.071 -2904.081
v -542.431 -46.140 -2899.462
v -539.236 -45.777 -2894.944
v -532.704 -46.705 -2899.562
f 7437 7438 7439
f 7439 7440 7437
v -533.803 -46.770 -2900.615
v -538.137 -45.712 -2893.891
v -528.853 -45.497 -2887.906
v -524.519 -46.562 -2894.630
f 7441 7442 7443
f 7443 7444 7441
v -524.771 -46.567 -2894.780
v -528.601 -45.492 -2887.756
v -519.662 -45.375 -2882.881
v -515.832 -46.458 -2889.905
f 7445 7446 7447
f 7447 7448 7445
v -515.828 -46.458 -2889.903
v -519.665 -45.375 -2882.883
v -517.973 -45.323 -2881.958
v -514.136 -46.421 -2888.978
f 7449 7450 7451
f 7451 7452 7449
v -516.323 -46.375 -2889.459
v -515.787 -45.360 -2881.477
v -504.377 -45.712 -2882.243
v -504.913 -46.723 -2890.225
f 7453 7454 7455
f 7455 7456 7453
v -506.926 -46.603 -2889.520
v -502.363 -45.849 -2882.949
v -497.911 -46.308 -2886.040
v -502.473 -47.062 -2892.612
f 7457 7458 7459
f 7459 7460 7457
v -504.130 -46.711 -2890.026
v -496.254 -46.659 -2888.626
v -494.706 -47.782 -2897.333
v -502.583 -47.830 -2898.733
f 7461 7462 7463
f 7463 7464 7461
v -502.155 -47.508 -2896.116
v -495.134 -48.105 -2899.950
v -498.618 -48.851 -2906.331
v -505.640 -48.253 -2902.497
f 7465 7466 7467
f 7467 7468 7465
v -503.920 -48.073 -2900.838
v -500.338 -49.032 -2907.991
v -504.902 -49.243 -2910.276
v -508.484 -48.285 -2903.123
f 7469 7470 7471
f 7471 7472 7469
v -508.477 -48.285 -2903.120
v -504.909 -49.243 -2910.280
v -509.629 -49.459 -2912.632
v -513.197 -48.502 -2905.471
f 7473 7474 7475
f 7475 7476 7473
v -512.859 -48.488 -2905.322
v -509.967 -49.472 -2912.781
v -528.913 -49.178 -2920.127
v -531.805 -48.354 -2912.668
f 7477 7478 7479
f 7479 7480 7477
v -533.245 -48.366 -2913.628
v -527.474 -49.180 -2919.167
v -532.305 -49.334 -2924.201
v -538.077 -48.521 -2918.662
f 7481 7482 7483
f 7483 7484 7481
v -538.502 -48.542 -2919.188
v -531.879 -49.312 -2923.675
v -535.942 -49.604 -2929.673
v -542.566 -48.839 -2925.186
f 7485 7486 7487
f 7487 7488 7485
v -543.039 -48.897 -2926.137
v -535.468 -49.548 -2928.722
v -541.079 -50.640 -2945.158
v -548.650 -50.065 -2942.573
f 7489 7490 7491
f 7491 7492 7489
v -609.335 -28.267 -2770.721
v -603.001 -27.291 -2765.834
v -599.127 -27.659 -2770.854
v -605.461 -28.620 -2775.742
f 7493 7494 7495
f 7495 7496 7493
v -605.968 -28.547 -2774.880
v -598.620 -27.737 -2771.716
v -595.537 -28.486 -2778.877
v -602.884 -29.238 -2782.041
f 7497 7498 7499
f 7499 7500 7497
v -603.125 -29.158 -2781.282
v -595.296 -28.574 -2779.636
v -593.548 -29.593 -2787.946
v -601.377 -30.091 -2789.592
f 7501 7502 7503
f 7503 7504 7501
v -601.459 -30.014 -2788.934
v -593.466 -29.677 -2788.605
v -593.077 -30.865 -2798.078
v -601.070 -31.099 -2798.407
f 7505 7506 7507
f 7507 7508 7505
v -601.067 -31.055 -2798.021
v -593.079 -30.914 -2798.464
v -593.669 -32.241 -2809.099
v -601.657 -32.275 -2808.656
f 7509 7510 7511
f 7511 7512 7509
v -601.663 -32.301 -2808.878
v -593.663 -32.213 -2808.878
v -593.663 -33.839 -2822.037
v -601.663 -33.789 -2822.037
f 7513 7514 7515
f 7515 7516 7513
v -601.657 -33.814 -2822.267
v -593.670 -33.812 -2821.807
v -593.080 -35.020 -2832.046
v -601.067 -34.925 -2832.506
f 7517 7518 7519
f 7519 7520 7517
v -601.023 -34.970 -2832.910
v -593.124 -34.972 -2831.642
v -591.198 -36.450 -2843.639
v -599.097 -36.324 -2844.907
f 7521 7522 7523
f 7523 7524 7521
v -598.725 -36.463 -2846.062
v -591.570 -36.299 -2842.483
v -585.959 -37.892 -2853.700
v -593.114 -37.954 -2857.279
f 7525 7526 7527
f 7527 7528 7525
v -592.980 -37.988 -2857.526
v -586.094 -37.857 -2853.454
v -581.062 -39.126 -2861.962
v -587.948 -39.228 -2866.034
f 7529 7530 7531
f 7531 7532 7529
v -587.306 -39.360 -2866.855
v -581.705 -38.992 -2861.142
v -571.653 -40.796 -2870.998
v -577.254 -41.165 -2876.711
f 7533 7534 7535
f 7535 7536 7533
v -577.138 -41.186 -2876.820
v -571.768 -40.775 -2870.889
v -557.453 -43.432 -2883.850
v -562.822 -43.738 -2889.781
f 7537 7538 7539
f 7539 7540 7537
v -562.554 -43.783 -2890.003
v -557.721 -43.387 -2883.628
v -545.732 -45.148 -2892.718
v -550.565 -45.634 -2899.093
f 7541 7542 7543
f 7543 7544 7541
v -550.336 -45.666 -2899.254
v -545.961 -45.116 -2892.557
v -540.884 -45.796 -2895.873
v -545.260 -46.350 -2902.570
f 7545 7546 7547
f 7547 7548 7545
v -545.258 -46.350 -2902.572
v -540.886 -45.796 -2895.872
v -536.979 -46.324 -2898.422
v -541.351 -46.881 -2905.121
f 7549 7550 7551
f 7551 7552 7549
v -539.766 -47.045 -2905.726
v -538.564 -46.161 -2897.817
v -524.304 -47.235 -2899.984
v -525.506 -48.140 -2907.893
f 7553 7554 7555
f 7555 7556 7553
v -525.504 -48.140 -2907.893
v -524.305 -47.235 -2899.984
v -506.093 -48.277 -2902.745
v -507.293 -49.250 -2910.655
f 7557 7558 7559
f 7559 7560 7557
v -507.635 -49.236 -2910.587
v -505.750 -48.291 -2902.812
v -488.040 -49.125 -2907.106
v -489.924 -49.991 -2914.881
f 7561 7562 7563
f 7563 7564 7561
v -490.026 -49.987 -2914.855
v -487.938 -49.130 -2907.132
v -464.338 -49.857 -2913.514
v -466.426 -50.523 -2921.237
f 7565 7566 7567
f 7567 7568 7565
v -466.895 -50.527 -2921.078
v -463.869 -49.853 -2913.672
v -455.365 -49.825 -2917.147
v -458.390 -50.500 -2924.553
f 7569 7570 7571
f 7571 7572 7569
v -459.774 -50.475 -2923.608
v -453.980 -49.850 -2918.092
v -446.433 -50.200 -2926.019
v -452.227 -50.825 -2931.535
f 7573 7574 7575
f 7575 7576 7573
v -453.062 -50.752 -2930.218
v -445.598 -50.273 -2927.337
v -443.283 -50.656 -2933.335
v -450.746 -51.134 -2936.216
f 7577 7578 7579
f 7579 7580 7577
v -450.956 -51.083 -2935.457
v -443.073 -50.707 -2934.094
v -442.105 -51.107 -2939.696
v -449.988 -51.482 -2941.059
f 7581 7582 7583
f 7583 7584 7581
v -449.926 -51.502 -2941.351
v -442.166 -51.086 -2939.404
v -440.207 -51.467 -2947.212
v -447.967 -51.793 -2949.159
f 7585 7586 7587
f 7587 7588 7585
v -488.140 -30.791 -2805.158
v -481.698 -31.839 -2809.902
v -484.403 -32.689 -2813.575
v -490.845 -31.638 -2808.831
f 7589 7590 7591
f 7591 7592 7589
v -490.216 -31.482 -2808.157
v -485.032 -32.845 -2814.250
v -493.447 -34.480 -2821.411
v -498.632 -33.122 -2815.318
f 7593 7594 7595
f 7595 7596 7593
v -498.638 -33.123 -2815.323
v -493.442 -34.479 -2821.405
v -495.468 -34.839 -2823.136
v -500.664 -33.513 -2817.054
f 7597 7598 7599
f 7599 7600 7597
v -500.107 -33.423 -2816.655
v -496.024 -34.920 -2823.535
v -500.277 -35.428 -2826.058
v -504.359 -33.989 -2819.178
f 7601 7602 7603
f 7603 7604 7601
v -502.641 -33.866 -2818.631
v -501.996 -35.536 -2826.605
v -511.469 -35.675 -2827.372
v -512.114 -34.045 -2819.398
f 7605 7606 7607
f 7607 7608 7605
v -512.250 -34.048 -2819.411
v -511.333 -35.673 -2827.358
v -523.133 -35.808 -2828.719
v -524.049 -34.272 -2820.772
f 7609 7610 7611
f 7611 7612 7609
v -524.932 -34.308 -2820.977
v -522.250 -35.782 -2828.514
v -527.672 -36.061 -2830.443
v -530.353 -34.633 -2822.906
f 7613 7614 7615
f 7615 7616 7613
v -531.710 -34.768 -2823.721
v -526.315 -35.931 -2829.628
v -530.757 -36.604 -2833.684
v -536.151 -35.446 -2827.777
f 7617 7618 7619
f 7619 7620 7617
v -536.873 -35.592 -2828.655
v -530.035 -36.457 -2832.806
v -533.909 -37.537 -2839.188
v -540.747 -36.648 -2835.036
f 7621 7622 7623
f 7623 7624 7621
v -540.938 -36.705 -2835.388
v -533.718 -37.478 -2838.836
v -535.845 -38.223 -2843.288
v -543.064 -37.429 -2839.841
f 7625 7626 7627
f 7627 7628 7625
v -543.307 -37.534 -2840.491
v -535.601 -38.114 -2842.638
v -537.916 -39.522 -2850.948
v -545.623 -38.890 -2848.801
f 7629 7630 7631
f 7631 7632 7629
v -545.745 -38.994 -2849.434
v -537.794 -39.414 -2850.315
v -538.952 -41.002 -2860.766
v -546.903 -40.549 -2859.885
f 7633 7634 7635
f 7635 7636 7633
v -546.927 -40.603 -2860.259
v -538.928 -40.946 -2860.392
v -539.128 -42.749 -2872.376
v -547.127 -42.349 -2872.242
f 7637 7638 7639
f 7639 7640 7637
v -547.123 -42.388 -2872.510
v -539.133 -42.708 -2872.108
v -538.354 -44.938 -2887.579
v -546.343 -44.550 -2887.981
f 7641 7642 7643
f 7643 7644 7641
v -546.341 -44.496 -2887.528
v -538.357 -44.992 -2888.033
v -539.080 -46.332 -2899.474
v -547.064 -45.818 -2898.969
f 7645 7646 7647
f 7647 7648 7645
v -547.052 -45.896 -2899.621
v -539.092 -46.252 -2898.822
v -537.211 -48.474 -2917.557
v -545.171 -48.081 -2918.356
f 7649 7650 7651
f 7651 7652 7649
v -503.769 -48.469 -2903.971
v -509.617 -49.057 -2909.429
v -516.263 -47.983 -2902.308
v -510.414 -47.467 -2896.849
f 7653 7654 7655
f 7655 7656 7653
v -509.545 -47.664 -2898.310
v -517.132 -47.751 -2900.847
v -521.541 -45.866 -2887.661
v -513.953 -45.941 -2885.125
f 7657 7658 7659
f 7659 7660 7657
v -513.859 -45.984 -2885.453
v -521.635 -45.820 -2887.332
v -524.195 -44.157 -2876.736
v -516.419 -44.238 -2874.857
f 7661 7662 7663
f 7663 7664 7661
v -516.326 -44.460 -2876.181
v -524.289 -43.940 -2875.413
v -523.710 -43.008 -2869.414
v -515.747 -43.500 -2870.183
f 7665 7666 7667
f 7667 7668 7665
v -516.317 -43.754 -2871.886
v -523.140 -42.761 -2867.711
v -521.014 -42.294 -2864.236
v -514.190 -43.268 -2868.411
f 7669 7670 7671
f 7671 7672 7669
v -516.744 -43.461 -2870.231
v -518.460 -42.106 -2862.417
v -514.007 -42.114 -2861.439
v -512.292 -43.432 -2869.253
f 7673 7674 7675
f 7675 7676 7673
v -513.459 -43.430 -2869.334
v -512.840 -42.114 -2861.358
v -506.038 -42.279 -2861.887
v -506.658 -43.606 -2869.862
f 7677 7678 7679
f 7679 7680 7677
v -506.654 -43.606 -2869.863
v -506.041 -42.279 -2861.886
v -490.223 -42.667 -2863.102
v -490.836 -44.019 -2871.078
f 7681 7682 7683
f 7683 7684 7681
v -490.435 -44.026 -2871.089
v -490.624 -42.660 -2863.091
v -474.371 -42.783 -2862.708
v -474.182 -44.174 -2870.706
f 7685 7686 7687
f 7687 7688 7685
v -474.673 -44.165 -2870.687
v -473.880 -42.792 -2862.727
v -441.108 -42.521 -2865.990
v -441.901 -43.860 -2873.951
f 7689 7690 7691
f 7691 7692 7689
v -441.901 -43.860 -2873.951
v -441.107 -42.521 -2865.990
v -425.344 -42.146 -2867.562
v -426.138 -43.460 -2875.523
f 7693 7694 7695
f 7695 7696 7693
v -425.850 -43.444 -2875.541
v -425.633 -42.160 -2867.544
v -419.810 -41.839 -2867.703
v -420.028 -43.092 -2875.700
f 7697 7698 7699
f 7699 7700 7697
v -420.038 -43.093 -2875.699
v -419.801 -41.839 -2867.703
v -405.508 -41.050 -2868.126
v -405.744 -42.228 -2876.122
f 7701 7702 7703
f 7703 7704 7701
v -405.085 -42.180 -2876.087
v -406.167 -41.095 -2868.161
v -399.009 -40.529 -2867.183
v -397.927 -41.578 -2875.109
f 7705 7706 7707
f 7707 7708 7705
v -396.179 -41.370 -2874.427
v -400.757 -40.730 -2867.866
v -396.894 -40.123 -2865.170
v -392.316 -40.755 -2871.731
f 7709 7710 7711
f 7711 7712 7709
v -390.955 -40.447 -2870.087
v -398.255 -40.433 -2866.815
v -394.003 -38.876 -2857.328
v -386.703 -38.880 -2860.601
f 7713 7714 7715
f 7715 7716 7713
v -386.658 -38.863 -2860.497
v -394.048 -38.893 -2857.432
v -388.437 -36.602 -2843.903
v -381.048 -36.681 -2846.968
f 7717 7718 7719
f 7719 7720 7717
v -486.152 -49.291 -2908.167
v -491.812 -49.875 -2913.820
v -497.222 -49.136 -2908.403
v -491.562 -48.517 -2902.750
f 7721 7722 7723
f 7723 7724 7721
v -490.415 -48.839 -2905.152
v -498.369 -48.814 -2906.002
v -498.948 -48.122 -2900.585
v -490.994 -48.145 -2899.735
f 7725 7726 7727
f 7727 7728 7725
v -491.044 -48.294 -2900.923
v -498.898 -47.974 -2899.397
v -497.840 -47.305 -2893.954
v -489.987 -47.624 -2895.479
f 7729 7730 7731
f 7731 7732 7729
v -489.989 -47.626 -2895.490
v -497.838 -47.304 -2893.943
v -497.348 -46.999 -2891.459
v -489.499 -47.320 -2893.006
f 7733 7734 7735
f 7735 7736 7733
v -490.139 -47.500 -2894.516
v -496.708 -46.819 -2889.950
v -493.614 -46.307 -2885.497
v -487.044 -46.987 -2890.063
f 7737 7738 7739
f 7739 7740 7737
v -487.856 -47.083 -2890.924
v -492.801 -46.211 -2884.636
v -487.391 -45.656 -2880.382
v -482.446 -46.630 -2886.670
f 7741 7742 7743
f 7743 7744 7741
v -483.579 -46.691 -2887.295
v -486.259 -45.566 -2879.757
v -484.066 -45.465 -2878.977
v -481.386 -46.627 -2886.515
f 7745 7746 7747
f 7747 7748 7745
v -481.386 -46.627 -2886.515
v -484.066 -45.465 -2878.977
v -474.848 -45.033 -2875.701
v -472.169 -46.308 -2883.239
f 7749 7750 7751
f 7751 7752 7749
v -472.559 -46.335 -2883.355
v -474.458 -45.018 -2875.584
v -448.354 -43.250 -2869.203
v -446.454 -44.494 -2876.974
f 7753 7754 7755
f 7755 7756 7753
v -445.535 -44.409 -2876.625
v -449.273 -43.333 -2869.552
v -443.373 -42.654 -2866.434
v -439.635 -43.723 -2873.507
f 7757 7758 7759
f 7759 7760 7757
v -437.774 -43.326 -2871.415
v -445.234 -43.052 -2868.525
v -442.618 -41.862 -2861.774
v -435.158 -42.147 -2864.664
f 7761 7762 7763
f 7763 7764 7761
v -434.892 -41.930 -2863.383
v -442.885 -42.081 -2863.055
v -442.495 -40.500 -2853.581
v -434.502 -40.370 -2853.910
f 7765 7766 7767
f 7767 7768 7765
v -499.535 -33.370 -2816.420
v -492.544 -34.231 -2820.308
v -496.307 -35.639 -2827.073
v -503.298 -34.846 -2823.184
f 7769 7770 7771
f 7771 7772 7769
v -503.667 -35.030 -2824.097
v -495.938 -35.454 -2826.161
v -499.812 -38.384 -2840.667
v -507.541 -37.926 -2838.603
f 7773 7774 7775
f 7775 7776 7773
v -507.657 -38.053 -2839.240
v -499.696 -38.256 -2840.031
v -500.464 -39.813 -2847.760
v -508.425 -39.591 -2846.969
f 7777 7778 7779
f 7779 7780 7777
v -507.698 -39.211 -2845.038
v -501.191 -40.197 -2849.691
v -503.128 -40.719 -2852.400
v -509.635 -39.737 -2847.746
f 7781 7782 7783
f 7783 7784 7781
v -508.410 -39.523 -2846.625
v -504.353 -40.896 -2853.520
v -506.980 -41.129 -2855.066
v -511.037 -39.810 -2848.171
f 7785 7786 7787
f 7787 7788 7785
v -511.027 -39.809 -2848.165
v -506.990 -41.129 -2855.072
v -509.973 -41.390 -2856.816
v -514.010 -40.129 -2849.909
f 7789 7790 7791
f 7791 7792 7789
v -513.221 -40.066 -2849.556
v -510.762 -41.441 -2857.169
v -517.920 -41.648 -2859.481
v -520.379 -40.305 -2851.868
f 7793 7794 7795
f 7795 7796 7793
v -513.000 -40.528 -2851.876
v -505.017 -40.499 -2851.361
v -504.705 -41.341 -2856.197
v -512.688 -41.344 -2856.712
f 7797 7798 7799
f 7799 7800 7797
v -512.587 -41.457 -2857.386
v -504.807 -41.227 -2855.523
v -503.649 -42.050 -2860.359
v -511.429 -42.274 -2862.221
f 7801 7802 7803
f 7803 7804 7801
v -511.410 -42.286 -2862.296
v -503.667 -42.037 -2860.284
v -502.476 -42.821 -2864.869
v -510.219 -43.063 -2866.880
f 7805 7806 7807
f 7807 7808 7805
v -510.128 -43.115 -2867.182
v -502.568 -42.769 -2864.567
v -500.475 -43.814 -2870.618
v -508.035 -44.151 -2873.233
f 7809 7810 7811
f 7811 7812 7809
v -507.652 -44.290 -2874.038
v -500.858 -43.673 -2869.813
v -496.405 -44.943 -2876.974
v -503.199 -45.554 -2881.199
f 7813 7814 7815
f 7815 7816 7813
v -503.435 -45.478 -2880.762
v -496.170 -45.020 -2877.411
v -493.854 -45.906 -2882.432
v -501.119 -46.225 -2885.782
f 7817 7818 7819
f 7819 7820 7817
v -501.278 -46.172 -2885.384
v -493.696 -45.969 -2882.830
v -490.123 -47.364 -2893.440
v -497.704 -47.564 -2895.993
f 7821 7822 7823
f 7823 7824 7821
v -483.362 -45.444 -2878.797
v -482.089 -46.639 -2886.695
v -489.303 -46.672 -2887.858
v -490.576 -45.536 -2879.960
f 7825 7826 7827
f 7827 7828 7825
v -490.044 -45.535 -2879.910
v -489.834 -46.670 -2887.908
v -497.382 -46.576 -2888.106
v -497.592 -45.456 -2880.109
f 7829 7830 7831
f 7831 7832 7829
v -497.779 -45.455 -2880.118
v -497.194 -46.578 -2888.096
v -515.763 -46.406 -2889.457
v -516.347 -45.331 -2881.479
f 7833 7834 7835
f 7835 7836 7833
v -499.910 -49.008 -2907.742
v -504.347 -48.097 -2901.086
v -500.284 -47.823 -2898.377
v -495.847 -48.734 -2905.034
f 7837 7838 7839
f 7839 7840 7837
v -494.627 -48.592 -2903.749
v -501.505 -47.965 -2899.663
v -497.352 -47.152 -2892.673
v -490.475 -47.778 -2896.759
f 7841 7842 7843
f 7843 7844 7841
v -521.628 -45.584 -2885.426
v -513.866 -46.222 -2887.360
v -516.426 -47.391 -2897.639
v -524.189 -46.713 -2895.705
f 7845 7846 7847
f 7847 7848 7845
v -523.688 -46.597 -2894.533
v -516.927 -47.508 -2898.810
v -521.525 -48.148 -2906.077
v -528.285 -47.231 -2901.800
f 7849 7850 7851
f 7851 7852 7849
v -528.353 -47.240 -2901.911
v -521.457 -48.138 -2905.966
v -531.743 -49.302 -2923.459
v -538.639 -48.553 -2919.404
f 7853 7854 7855
f 7855 7856 7853
v -423.142 -43.038 -2874.071
v -416.697 -41.903 -2869.331
v -412.266 -42.538 -2875.356
v -418.711 -43.685 -2880.095
f 7857 7858 7859
f 7859 7860 7857
v -419.298 -43.547 -2878.946
v -411.680 -42.672 -2876.506
v -408.396 -43.835 -2886.758
v -416.014 -44.659 -2889.198
f 7861 7862 7863
f 7863 7864 7861
v -416.196 -44.561 -2888.251
v -408.214 -43.932 -2887.706
v -407.435 -45.186 -2899.108
v -415.416 -45.841 -2899.653
f 7865 7866 7867
f 7867 7868 7865
v -415.407 -45.762 -2898.992
v -407.445 -45.262 -2899.769
v -408.803 -46.947 -2913.694
v -416.765 -47.499 -2912.918
f 7869 7870 7871
f 7871 7872 7869
v -416.706 -47.447 -2912.521
v -408.861 -46.983 -2914.090
v -411.377 -48.189 -2926.668
v -419.222 -48.661 -2925.099
f 7873 7874 7875
f 7875 7876 7873
v -418.789 -48.536 -2923.928
v -411.810 -48.316 -2927.839
v -416.497 -49.337 -2936.202
v -423.476 -49.551 -2932.292
f 7877 7878 7879
f 7879 7880 7877
v -360.408 -50.231 -3009.270
v -359.628 -49.657 -3001.308
v -346.281 -49.292 -3002.616
v -347.061 -49.984 -3010.578
f 7881 7882 7883
f 7883 7884 7881
v -347.129 -49.985 -3010.571
v -346.213 -49.290 -3002.623
v -334.747 -49.106 -3003.944
v -335.663 -49.909 -3011.892
f 7885 7886 7887
f 7887 7888 7885
v -335.325 -49.906 -3011.916
v -335.085 -49.113 -3003.920
v -318.821 -48.743 -3004.409
v -319.062 -49.701 -3012.405
f 7889 7890 7891
f 7891 7892 7889
v -318.914 -49.698 -3012.407
v -318.969 -48.747 -3004.407
v -291.617 -48.332 -3004.222
v -291.563 -49.502 -3012.222
f 7893 7894 7895
f 7895 7896 7893
v -291.760 -49.501 -3012.218
v -291.420 -48.332 -3004.226
v -265.327 -48.378 -3005.335
v -265.667 -49.704 -3013.328
f 7897 7898 7899
f 7899 7900 7897
v -265.574 -49.706 -3013.331
v -265.420 -48.376 -3005.333
v -245.483 -48.832 -3005.716
v -245.637 -50.177 -3013.714
f 7901 7902 7903
f 7903 7904 7901
v -245.403 -50.182 -3013.712
v -245.716 -48.828 -3005.718
v -217.018 -49.425 -3004.595
v -216.705 -50.755 -3012.589
f 7905 7906 7907
f 7907 7908 7905
v -216.767 -50.753 -3012.591
v -216.956 -49.427 -3004.593
v -177.070 -51.309 -3003.655
v -176.882 -52.388 -3011.653
f 7909 7910 7911
f 7911 7912 7909
v -176.862 -52.389 -3011.652
v -177.090 -51.308 -3003.655
v -144.662 -53.466 -3002.731
v -144.434 -54.227 -3010.727
f 7913 7914 7915
f 7915 7916 7913
v -144.488 -54.224 -3010.729
v -144.609 -53.470 -3002.729
v -130.638 -54.583 -3002.518
v -130.517 -55.182 -3010.517
f 7917 7918 7919
f 7919 7920 7917
v -130.520 -55.182 -3010.517
v -130.635 -54.583 -3002.518
v -106.780 -56.543 -3002.174
v -106.664 -56.872 -3010.174
f 7921 7922 7923
f 7923 7924 7921
v -106.880 -56.856 -3010.171
v -106.563 -56.561 -3002.177
v -97.235 -57.349 -3002.547
v -97.552 -57.542 -3010.541
f 7925 7926 7927
f 7927 7928 7925
v -296.262 -35.105 -2883.465
v -288.744 -34.675 -2880.732
v -282.053 -35.749 -2899.137
v -289.572 -36.256 -2901.870
f 7929 7930 7931
f 7931 7932 7929
v -289.330 -36.287 -2902.408
v -282.296 -35.719 -2898.598
v -271.297 -36.909 -2918.905
v -278.332 -37.603 -2922.715
f 7933 7934 7935
f 7935 7936 7933
v -278.341 -37.601 -2922.698
v -271.288 -36.910 -2918.922
v -262.906 -38.403 -2934.579
v -269.958 -38.866 -2938.355
f 7937 7938 7939
f 7939 7940 7937
v -270.191 -38.822 -2937.834
v -262.673 -38.461 -2935.100
v -259.690 -39.363 -2943.305
v -267.208 -39.630 -2946.038
f 7941 7942 7943
f 7943 7944 7941
v -267.422 -39.517 -2945.137
v -259.476 -39.482 -2944.206
v -258.363 -40.789 -2953.705
v -266.308 -40.779 -2954.637
f 7945 7946 7947
f 7947 7948 7945
v -266.336 -40.715 -2954.171
v -258.336 -40.852 -2954.171
v -258.336 -42.218 -2964.239
v -266.336 -42.079 -2964.239
f 7949 7950 7951
f 7951 7952 7949
v -266.320 -42.032 -2963.892
v -258.351 -42.265 -2964.585
v -259.096 -43.414 -2973.160
v -267.066 -43.200 -2972.467
f 7953 7954 7955
f 7955 7956 7953
v -267.002 -43.137 -2972.019
v -259.161 -43.474 -2973.608
v -261.577 -45.309 -2985.525
v -269.417 -45.022 -2983.936
f 7957 7958 7959
f 7959 7960 7957
v -269.247 -44.925 -2983.338
v -261.747 -45.401 -2986.124
v -263.618 -46.162 -2991.158
v -271.117 -45.744 -2988.371
f 7961 7962 7963
f 7963 7964 7961
v -270.723 -45.615 -2987.588
v -264.011 -46.278 -2991.941
v -266.426 -46.821 -2995.666
v -273.139 -46.230 -2991.314
f 7965 7966 7967
f 7967 7968 7965
v -272.348 -46.081 -2990.421
v -267.218 -46.965 -2996.560
v -271.693 -47.596 -3000.299
v -276.823 -46.717 -2994.160
f 7969 7970 7971
f 7971 7972 7969
v -276.279 -46.651 -2993.778
v -272.236 -47.659 -3000.681
v -280.808 -48.489 -3005.702
v -284.851 -47.499 -2998.799
f 7973 7974 7975
f 7975 7976 7973
v -284.574 -47.475 -2998.651
v -281.084 -48.514 -3005.849
v -286.862 -48.965 -3008.650
v -290.352 -47.932 -3001.452
f 7977 7978 7979
f 7979 7980 7977
v -291.520 -48.062 -3002.310
v -285.694 -48.832 -3007.792
v -288.677 -49.314 -3010.963
v -294.504 -48.532 -3005.481
f 7981 7982 7983
f 7983 7984 7981
v -134.545 -54.619 -3007.027
v -126.610 -55.158 -3006.008
v -124.740 -56.242 -3020.568
v -132.675 -55.871 -3021.587
f 7985 7986 7987
f 7987 7988 7985
v -132.696 -55.854 -3021.378
v -124.719 -56.257 -3020.776
v -123.973 -56.925 -3030.659
v -131.950 -56.637 -3031.261
f 7989 7990 7991
f 7991 7992 7989
v -131.960 -56.623 -3031.080
v -123.964 -56.937 -3030.841
v -123.774 -57.333 -3037.169
v -131.771 -57.092 -3037.408
f 7993 7994 7995
f 7995 7996 7993
v -131.768 -57.071 -3037.105
v -123.777 -57.351 -3037.473
v -123.966 -57.587 -3041.582
v -131.958 -57.354 -3041.214
f 7997 7998 7999
f 7999 8000 7997
v -131.928 -57.332 -3040.882
v -123.995 -57.606 -3041.914
v -124.552 -57.848 -3046.194
v -132.485 -57.621 -3045.163
f 8001 8002 8003
f 8003 8004 8001
v -132.462 -57.611 -3045.011
v -124.574 -57.856 -3046.346
v -125.142 -58.049 -3049.702
v -133.030 -57.840 -3048.367
f 8005 8006 8007
f 8007 8008 8005
v -132.728 -57.775 -3047.381
v -125.444 -58.105 -3050.688
v -127.303 -58.341 -3054.784
v -134.587 -58.046 -3051.477
f 8009 8010 8011
f 8011 8012 8009
v -134.522 -58.036 -3051.341
v -127.368 -58.350 -3054.920
v -131.843 -58.947 -3063.865
v -138.997 -58.703 -3060.285
f 8013 8014 8015
f 8015 8016 8013
v -139.158 -58.732 -3060.651
v -131.682 -58.921 -3063.499
v -134.098 -59.366 -3069.841
v -141.574 -59.253 -3066.993
f 8017 8018 8019
f 8019 8020 8017
v -141.540 -59.247 -3066.908
v -134.131 -59.372 -3069.926
v -136.558 -59.815 -3075.884
v -143.967 -59.729 -3072.867
f 8021 8022 8023
f 8023 8024 8021
v -144.125 -59.768 -3073.335
v -136.400 -59.779 -3075.417
v -138.259 -60.305 -3082.314
v -145.984 -60.342 -3080.231
f 8025 8026 8027
f 8027 8028 8025
v -146.076 -60.379 -3080.672
v -138.167 -60.271 -3081.873
v -139.102 -60.739 -3088.030
v -147.011 -60.894 -3086.829
f 8029 8030 8031
f 8031 8032 8029
v -147.056 -60.937 -3087.353
v -139.057 -60.700 -3087.506
v -139.247 -61.397 -3097.376
v -147.245 -61.715 -3097.222
f 8033 8034 8035
f 8035 8036 8033
v -147.221 -61.748 -3097.742
v -139.271 -61.367 -3096.856
v -138.335 -61.824 -3105.246
v -146.286 -62.256 -3106.132
f 8037 8038 8039
f 8039 8040 8037
v -146.151 -62.294 -3106.807
v -138.470 -61.791 -3104.571
v -136.789 -62.044 -3110.344
v -144.470 -62.587 -3112.581
f 8041 8042 8043
f 8043 8044 8041
v -144.240 -62.615 -3113.185
v -137.020 -62.021 -3109.740
v -134.971 -62.156 -3114.034
v -142.192 -62.780 -3117.479
f 8045 8046 8047
f 8047 8048 8045
v -141.792 -62.797 -3118.143
v -135.372 -62.140 -3113.370
v -130.529 -62.219 -3119.884
v -136.949 -62.889 -3124.657
f 8049 8050 8051
f 8051 8052 8049
v -136.920 -62.889 -3124.695
v -130.558 -62.218 -3119.845
v -125.159 -62.239 -3126.927
v -131.521 -62.876 -3131.777
f 8053 8054 8055
f 8055 8056 8053
v -131.582 -62.876 -3131.696
v -125.099 -62.239 -3127.008
v -120.245 -62.212 -3133.720
v -126.728 -62.853 -3138.408
f 8057 8058 8059
f 8059 8060 8057
v -126.815 -62.853 -3138.283
v -120.159 -62.212 -3133.845
v -117.921 -62.208 -3137.201
v -124.577 -62.851 -3141.639
f 8061 8062 8063
f 8063 8064 8061
v -124.650 -62.851 -3141.525
v -117.848 -62.208 -3137.314
v -113.006 -62.214 -3145.136
v -119.808 -62.862 -3149.347
f 8065 8066 8067
f 8067 8068 8065
v -119.894 -62.862 -3149.201
v -112.920 -62.214 -3145.282
v -104.537 -62.276 -3160.199
v -111.512 -62.929 -3164.118
f 8069 8070 8071
f 8071 8072 8069
v -111.130 -62.928 -3164.680
v -104.919 -62.275 -3159.637
v -99.320 -62.274 -3166.534
v -105.530 -62.879 -3171.576
f 8073 8074 8075
f 8075 8076 8073
v -105.398 -62.877 -3171.732
v -99.452 -62.272 -3166.379
v -94.421 -62.328 -3171.968
v -100.366 -62.851 -3177.320
f 8077 8078 8079
f 8079 8080 8077
v -100.385 -62.851 -3177.299
v -94.401 -62.329 -3171.989
v -65.525 -63.452 -3204.531
v -71.509 -64.019 -3209.841
f 8081 8082 8083
f 8083 8084 8081
v 172.493 -82.603 -3130.707
v 176.137 -82.749 -3123.585
v 195.451 -85.389 -3133.468
v 191.807 -85.338 -3140.589
f 8085 8086 8087
f 8087 8088 8085
v 192.986 -85.452 -3140.976
v 194.272 -85.275 -3133.080
v 221.378 -87.720 -3137.493
v 220.093 -87.893 -3145.389
f 8089 8090 8091
f 8091 8092 8089
v 219.950 -87.880 -3145.363
v 221.521 -87.733 -3137.519
v 247.837 -89.032 -3142.791
v 246.266 -89.260 -3150.635
f 8093 8094 8095
f 8095 8096 8093
v 233.937 -75.596 -3016.933
v 235.297 -74.582 -3009.050
v 250.147 -75.973 -3011.613
v 248.787 -76.934 -3019.496
f 8097 8098 8099
f 8099 8100 8097
v 248.712 -76.928 -3019.483
v 250.222 -75.980 -3011.627
v 277.785 -78.578 -3016.925
v 276.275 -79.390 -3024.781
f 8101 8102 8103
f 8103 8104 8101
v 275.509 -79.314 -3024.552
v 278.551 -78.660 -3017.153
v 335.557 -83.827 -3040.592
v 332.515 -84.041 -3047.991
f 8105 8106 8107
f 8107 8108 8105
v 332.168 -84.023 -3047.828
v 335.905 -83.848 -3040.754
v 349.886 -84.553 -3048.140
v 346.150 -84.629 -3055.214
f 8109 8110 8111
f 8111 8112 8109
v 599.796 -92.327 -3019.816
v 605.883 -92.612 -3025.007
v 583.653 -93.084 -3051.075
v 577.566 -92.720 -3045.884
f 8113 8114 8115
f 8115 8116 8113
v 578.492 -92.741 -3045.086
v 582.726 -93.061 -3051.873
v 535.505 -89.915 -3081.337
v 531.270 -89.779 -3074.549
f 8117 8118 8119
f 8119 8120 8117
v 531.134 -89.767 -3074.638
v 535.640 -89.928 -3081.248
v 512.208 -87.500 -3097.222
v 507.702 -87.467 -3090.612
f 8121 8122 8123
f 8123 8124 8121
v 509.096 -87.585 -3090.010
v 510.813 -87.393 -3097.823
v 496.264 -86.325 -3101.021
v 494.547 -86.476 -3093.207
f 8125 8126 8127
f 8127 8128 8125
v 493.140 -86.350 -3093.817
v 497.671 -86.437 -3100.411
v 485.270 -85.346 -3108.933
v 480.739 -85.218 -3102.339
f 8129 8130 8131
f 8131 8132 8129
v 252.923 -66.625 -2911.147
v 254.649 -66.589 -2903.336
v 270.378 -68.239 -2906.810
v 268.653 -68.327 -2914.622
f 8133 8134 8135
f 8135 8136 8133
v 267.125 -68.134 -2913.923
v 271.907 -68.478 -2907.510
v 285.799 -70.914 -2917.868
v 281.017 -70.593 -2924.281
f 8137 8138 8139
f 8139 8140 8137
v 280.387 -70.470 -2923.697
v 286.429 -71.037 -2918.453
v 297.082 -73.218 -2930.727
v 291.041 -72.656 -2935.971
f 8141 8142 8143
f 8143 8144 8141
v 291.008 -72.649 -2935.932
v 297.116 -73.225 -2930.765
v 308.504 -75.504 -2944.229
v 302.396 -75.032 -2949.395
f 8145 8146 8147
f 8147 8148 8145
v 303.307 -75.208 -2950.190
v 307.592 -75.329 -2943.434
v 319.715 -77.577 -2951.123
v 315.430 -77.343 -2957.879
f 8149 8150 8151
f 8151 8152 8149
v 316.024 -77.447 -2958.189
v 319.121 -77.471 -2950.813
v 341.307 -81.150 -2960.128
v 338.210 -81.010 -2967.504
f 8153 8154 8155
f 8155 8156 8153
v 338.623 -81.072 -2967.651
v 340.893 -81.085 -2959.980
v 357.903 -83.572 -2965.014
v 355.633 -83.480 -2972.685
f 8157 8158 8159
f 8159 8160 8157
v 356.498 -83.589 -2972.841
v 357.038 -83.458 -2964.859
v 367.980 -84.872 -2965.599
v 367.441 -84.932 -2973.580
f 8161 8162 8163
f 8163 8164 8161
v 368.804 -85.095 -2973.437
v 366.617 -84.700 -2965.742
v 372.384 -85.415 -2964.104
v 374.570 -85.777 -2971.799
f 8165 8166 8167
f 8167 8168 8165
v 375.510 -85.888 -2971.396
v 371.443 -85.299 -2964.507
v 377.955 -86.106 -2960.662
v 382.023 -86.671 -2967.551
f 8169 8170 8171
f 8171 8172 8169
v 383.413 -86.842 -2966.174
v 376.565 -85.935 -2962.039
v 381.741 -86.570 -2953.465
v 388.590 -87.507 -2957.599
f 8173 8174 8175
f 8175 8176 8173
v 388.648 -87.515 -2957.500
v 381.683 -86.563 -2953.564
v 393.928 -88.044 -2931.896
v 400.893 -88.898 -2935.832
f 8177 8178 8179
f 8179 8180 8177
v 401.055 -88.910 -2935.512
v 393.766 -88.027 -2932.216
v 400.044 -88.451 -2918.330
v 407.334 -89.330 -2921.626
f 8181 8182 8183
f 8183 8184 8181
v 407.529 -89.342 -2921.098
v 399.849 -88.440 -2918.858
v 402.988 -88.419 -2908.091
v 410.668 -89.403 -2910.330
f 8185 8186 8187
f 8187 8188 8185
v 410.792 -89.386 -2909.751
v 402.865 -88.435 -2908.670
v 404.423 -88.015 -2897.241
v 412.350 -88.957 -2898.322
f 8189 8190 8191
f 8191 8192 8189
v 412.328 -88.890 -2897.100
v 404.445 -88.081 -2898.463
v 403.555 -87.714 -2893.310
v 411.438 -88.518 -2891.948
f 8193 8194 8195
f 8195 8196 8193
v 411.261 -88.463 -2891.279
v 403.731 -87.768 -2893.979
v 399.467 -86.665 -2882.088
v 406.998 -87.266 -2879.388
f 8197 8198 8199
f 8199 8200 8197
v 405.135 -86.885 -2877.219
v 401.330 -86.998 -2884.257
v 395.954 -86.221 -2881.350
v 399.758 -86.072 -2874.313
f 8201 8202 8203
f 8203 8204 8201
v 396.997 -85.747 -2873.925
v 398.715 -86.554 -2881.738
v 389.520 -85.486 -2883.760
v 387.802 -84.682 -2875.946
f 8205 8206 8207
f 8207 8208 8205
v 386.701 -84.554 -2876.366
v 390.620 -85.629 -2883.340
v 377.852 -84.069 -2890.514
v 373.933 -83.154 -2883.540
f 8209 8210 8211
f 8211 8212 8209
v 373.574 -83.111 -2883.767
v 378.211 -84.112 -2890.287
v 375.072 -83.745 -2892.519
v 370.435 -82.746 -2886.000
f 8213 8214 8215
f 8215 8216 8213
v -277.030 63.082 -2240.551
v -269.037 61.620 -2240.896
v -270.206 56.643 -2267.914
v -278.198 57.950 -2267.568
f 8217 8218 8219
f 8219 8220 8217
