# Roads and Streetscape mesh for tecate_core_z14_x2885_y6621
v 3678.934 0.050 -4497.708
v 3686.788 0.050 -4496.188
v 3690.372 0.050 -4514.700
v 3682.518 0.050 -4516.221
v 3676.970 0.200 -4498.088
v 3678.934 0.200 -4497.708
v 3682.518 0.200 -4516.221
v 3680.555 0.200 -4516.601
v 3686.788 0.200 -4496.188
v 3688.751 0.200 -4495.807
v 3692.336 0.200 -4514.320
v 3690.372 0.200 -4514.700
v 3684.425 0.050 -4512.008
v 3688.465 0.050 -4518.913
v 3636.201 0.050 -4549.490
v 3632.161 0.050 -4542.585
v 3683.415 0.200 -4510.282
v 3684.425 0.200 -4512.008
v 3632.161 0.200 -4542.585
v 3631.151 0.200 -4540.859
v 3688.465 0.200 -4518.913
v 3689.475 0.200 -4520.639
v 3637.210 0.200 -4551.216
v 3636.201 0.200 -4549.490
v 3683.366 0.200 -4510.604
v 3683.666 0.200 -4510.604
v 3683.666 0.200 -4510.304
v 3683.366 0.200 -4510.304
v 3683.366 8.200 -4510.604
v 3683.666 8.200 -4510.604
v 3683.666 8.200 -4510.304
v 3683.366 8.200 -4510.304
v 3689.224 0.200 -4520.617
v 3689.524 0.200 -4520.617
v 3689.524 0.200 -4520.317
v 3689.224 0.200 -4520.317
v 3689.224 8.200 -4520.617
v 3689.524 8.200 -4520.617
v 3689.524 8.200 -4520.317
v 3689.224 8.200 -4520.317
v 3632.501 0.050 -4542.407
v 3635.860 0.050 -4549.668
v 3580.635 0.050 -4575.223
v 3577.275 0.050 -4567.963
v 3631.661 0.200 -4540.592
v 3632.501 0.200 -4542.407
v 3577.275 0.200 -4567.963
v 3576.435 0.200 -4566.148
v 3635.860 0.200 -4549.668
v 3636.700 0.200 -4551.483
v 3581.475 0.200 -4577.038
v 3580.635 0.200 -4575.223
v 3631.595 0.200 -4540.924
v 3631.895 0.200 -4540.924
v 3631.895 0.200 -4540.624
v 3631.595 0.200 -4540.624
v 3631.595 8.200 -4540.924
v 3631.895 8.200 -4540.924
v 3631.895 8.200 -4540.624
v 3631.595 8.200 -4540.624
v 3636.466 0.200 -4551.451
v 3636.766 0.200 -4551.451
v 3636.766 0.200 -4551.151
v 3636.466 0.200 -4551.151
v 3636.466 8.200 -4551.451
v 3636.766 8.200 -4551.451
v 3636.766 8.200 -4551.151
v 3636.466 8.200 -4551.151
v 3577.974 0.050 -4567.715
v 3579.936 0.050 -4575.471
v 3527.984 0.050 -4588.619
v 3526.021 0.050 -4580.863
v 3577.483 0.200 -4565.777
v 3577.974 0.200 -4567.715
v 3526.021 0.200 -4580.863
v 3525.530 0.200 -4578.925
v 3579.936 0.200 -4575.471
v 3580.427 0.200 -4577.410
v 3528.474 0.200 -4590.558
v 3527.984 0.200 -4588.619
v 3577.382 0.200 -4566.121
v 3577.682 0.200 -4566.121
v 3577.682 0.200 -4565.821
v 3577.382 0.200 -4565.821
v 3577.382 8.200 -4566.121
v 3577.682 8.200 -4566.121
v 3577.682 8.200 -4565.821
v 3577.382 8.200 -4565.821
v 3580.228 0.200 -4577.366
v 3580.528 0.200 -4577.366
v 3580.528 0.200 -4577.066
v 3580.228 0.200 -4577.066
v 3580.228 8.200 -4577.366
v 3580.528 8.200 -4577.366
v 3580.528 8.200 -4577.066
v 3580.228 8.200 -4577.066
v 3526.732 0.050 -4580.750
v 3527.272 0.050 -4588.732
v 3456.807 0.050 -4593.502
v 3456.267 0.050 -4585.521
v 3526.597 0.200 -4578.755
v 3526.732 0.200 -4580.750
v 3456.267 0.200 -4585.521
v 3456.132 0.200 -4583.525
v 3527.272 0.200 -4588.732
v 3527.407 0.200 -4590.727
v 3456.942 0.200 -4595.498
v 3456.807 0.200 -4593.502
v 3526.460 0.200 -4579.104
v 3526.760 0.200 -4579.104
v 3526.760 0.200 -4578.804
v 3526.460 0.200 -4578.804
v 3526.460 8.200 -4579.104
v 3526.760 8.200 -4579.104
v 3526.760 8.200 -4578.804
v 3526.460 8.200 -4578.804
v 3527.244 0.200 -4590.678
v 3527.544 0.200 -4590.678
v 3527.544 0.200 -4590.378
v 3527.244 0.200 -4590.378
v 3527.244 8.200 -4590.678
v 3527.544 8.200 -4590.678
v 3527.544 8.200 -4590.378
v 3527.244 8.200 -4590.378
v 3455.604 0.050 -4585.622
v 3457.470 0.050 -4593.401
v 3427.614 0.050 -4600.563
v 3425.748 0.050 -4592.784
v 3455.137 0.200 -4583.677
v 3455.604 0.200 -4585.622
v 3425.748 0.200 -4592.784
v 3425.281 0.200 -4590.839
v 3457.470 0.200 -4593.401
v 3457.937 0.200 -4595.346
v 3428.081 0.200 -4602.508
v 3427.614 0.200 -4600.563
v 3455.034 0.200 -4584.021
v 3455.334 0.200 -4584.021
v 3455.334 0.200 -4583.721
v 3455.034 0.200 -4583.721
v 3455.034 8.200 -4584.021
v 3455.334 8.200 -4584.021
v 3455.334 8.200 -4583.721
v 3455.034 8.200 -4583.721
v 3457.740 0.200 -4595.301
v 3458.040 0.200 -4595.301
v 3458.040 0.200 -4595.001
v 3457.740 0.200 -4595.001
v 3457.740 8.200 -4595.301
v 3458.040 8.200 -4595.301
v 3458.040 8.200 -4595.001
v 3457.740 8.200 -4595.001
v 3425.252 0.050 -4592.937
v 3428.110 0.050 -4600.409
v 3405.969 0.050 -4608.879
v 3403.110 0.050 -4601.408
v 3424.537 0.200 -4591.069
v 3425.252 0.200 -4592.937
v 3403.110 0.200 -4601.408
v 3402.396 0.200 -4599.540
v 3428.110 0.200 -4600.409
v 3428.825 0.200 -4602.277
v 3406.683 0.200 -4610.747
v 3405.969 0.200 -4608.879
v 3404.067 0.050 -4601.171
v 3405.012 0.050 -4609.116
v 3334.447 0.050 -4617.506
v 3333.502 0.050 -4609.562
v 3403.831 0.200 -4599.185
v 3404.067 0.200 -4601.171
v 3333.502 0.200 -4609.562
v 3333.266 0.200 -4607.576
v 3405.012 0.200 -4609.116
v 3405.248 0.200 -4611.102
v 3334.683 0.200 -4619.492
v 3334.447 0.200 -4617.506
v 3403.705 0.200 -4599.534
v 3404.005 0.200 -4599.534
v 3404.005 0.200 -4599.234
v 3403.705 0.200 -4599.234
v 3403.705 8.200 -4599.534
v 3404.005 8.200 -4599.534
v 3404.005 8.200 -4599.234
v 3403.705 8.200 -4599.234
v 3405.074 0.200 -4611.053
v 3405.374 0.200 -4611.053
v 3405.374 0.200 -4610.753
v 3405.074 0.200 -4610.753
v 3405.074 8.200 -4611.053
v 3405.374 8.200 -4611.053
v 3405.374 8.200 -4610.753
v 3405.074 8.200 -4610.753
v 3334.458 0.050 -4609.564
v 3333.490 0.050 -4617.505
v 3304.658 0.050 -4613.990
v 3305.627 0.050 -4606.049
v 3334.700 0.200 -4607.578
v 3334.458 0.200 -4609.564
v 3305.627 0.200 -4606.049
v 3305.869 0.200 -4604.064
v 3333.490 0.200 -4617.505
v 3333.248 0.200 -4619.490
v 3304.416 0.200 -4615.975
v 3304.658 0.200 -4613.990
v 3306.615 0.050 -4606.300
v 3303.670 0.050 -4613.739
v 3282.041 0.050 -4605.176
v 3284.985 0.050 -4597.738
v 3307.351 0.200 -4604.441
v 3306.615 0.200 -4606.300
v 3284.985 0.200 -4597.738
v 3285.722 0.200 -4595.878
v 3303.670 0.200 -4613.739
v 3302.934 0.200 -4615.598
v 3281.305 0.200 -4607.036
v 3282.041 0.200 -4605.176
v 3307.127 0.200 -4604.777
v 3307.427 0.200 -4604.777
v 3307.427 0.200 -4604.477
v 3307.127 0.200 -4604.477
v 3307.127 8.200 -4604.777
v 3307.427 8.200 -4604.777
v 3307.427 8.200 -4604.477
v 3307.127 8.200 -4604.477
v 3302.858 0.200 -4615.562
v 3303.158 0.200 -4615.562
v 3303.158 0.200 -4615.262
v 3302.858 0.200 -4615.262
v 3302.858 8.200 -4615.562
v 3303.158 8.200 -4615.562
v 3303.158 8.200 -4615.262
v 3302.858 8.200 -4615.262
v 2776.613 0.050 -4678.573
v 2775.536 0.050 -4670.646
v 2806.282 0.050 -4666.470
v 2807.359 0.050 -4674.398
v 2776.882 0.200 -4680.555
v 2776.613 0.200 -4678.573
v 2807.359 0.200 -4674.398
v 2807.628 0.200 -4676.379
v 2775.536 0.200 -4670.646
v 2775.267 0.200 -4668.664
v 2806.013 0.200 -4664.489
v 2806.282 0.200 -4666.470
v 2776.705 0.200 -4680.507
v 2777.005 0.200 -4680.507
v 2777.005 0.200 -4680.207
v 2776.705 0.200 -4680.207
v 2776.705 8.200 -4680.507
v 2777.005 8.200 -4680.507
v 2777.005 8.200 -4680.207
v 2776.705 8.200 -4680.207
v 2775.144 0.200 -4669.012
v 2775.444 0.200 -4669.012
v 2775.444 0.200 -4668.712
v 2775.144 0.200 -4668.712
v 2775.144 8.200 -4669.012
v 2775.444 8.200 -4669.012
v 2775.444 8.200 -4668.712
v 2775.144 8.200 -4668.712
v 2807.329 0.050 -4674.402
v 2806.313 0.050 -4666.466
v 2834.376 0.050 -4662.872
v 2835.393 0.050 -4670.807
v 2807.583 0.200 -4676.385
v 2807.329 0.200 -4674.402
v 2835.393 0.200 -4670.807
v 2835.647 0.200 -4672.791
v 2806.313 0.200 -4666.466
v 2806.059 0.200 -4664.483
v 2834.122 0.200 -4660.888
v 2834.376 0.200 -4662.872
v 2835.529 0.050 -4670.787
v 2834.239 0.050 -4662.892
v 2865.298 0.050 -4657.818
v 2866.588 0.050 -4665.713
v 2835.852 0.200 -4672.761
v 2835.529 0.200 -4670.787
v 2866.588 0.200 -4665.713
v 2866.910 0.200 -4667.687
v 2834.239 0.200 -4662.892
v 2833.917 0.200 -4660.918
v 2864.975 0.200 -4655.844
v 2865.298 0.200 -4657.818
v 2835.670 0.200 -4672.714
v 2835.970 0.200 -4672.714
v 2835.970 0.200 -4672.414
v 2835.670 0.200 -4672.414
v 2835.670 8.200 -4672.714
v 2835.970 8.200 -4672.714
v 2835.970 8.200 -4672.414
v 2835.670 8.200 -4672.414
v 2833.799 0.200 -4661.266
v 2834.099 0.200 -4661.266
v 2834.099 0.200 -4660.966
v 2833.799 0.200 -4660.966
v 2833.799 8.200 -4661.266
v 2834.099 8.200 -4661.266
v 2834.099 8.200 -4660.966
v 2833.799 8.200 -4660.966
v 2866.526 0.050 -4665.723
v 2865.359 0.050 -4657.808
v 3083.923 0.050 -4625.566
v 3085.091 0.050 -4633.481
v 2866.818 0.200 -4667.701
v 2866.526 0.200 -4665.723
v 3085.091 0.200 -4633.481
v 3085.383 0.200 -4635.459
v 2865.359 0.200 -4657.808
v 2865.067 0.200 -4655.830
v 3083.632 0.200 -4623.588
v 3083.923 0.200 -4625.566
v 2866.639 0.200 -4667.653
v 2866.939 0.200 -4667.653
v 2866.939 0.200 -4667.353
v 2866.639 0.200 -4667.353
v 2866.639 8.200 -4667.653
v 2866.939 8.200 -4667.653
v 2866.939 8.200 -4667.353
v 2866.639 8.200 -4667.353
v 2864.946 0.200 -4656.178
v 2865.246 0.200 -4656.178
v 2865.246 0.200 -4655.878
v 2864.946 0.200 -4655.878
v 2864.946 8.200 -4656.178
v 2865.246 8.200 -4656.178
v 2865.246 8.200 -4655.878
v 2864.946 8.200 -4655.878
v 3682.622 0.050 -4516.636
v 3690.269 0.050 -4514.285
v 3702.436 0.050 -4553.874
v 3694.789 0.050 -4556.224
v 3680.710 0.200 -4517.223
v 3682.622 0.200 -4516.636
v 3694.789 0.200 -4556.224
v 3692.877 0.200 -4556.812
v 3690.269 0.200 -4514.285
v 3692.180 0.200 -4513.698
v 3704.348 0.200 -4553.287
v 3702.436 0.200 -4553.874
v 3680.751 0.200 -4517.314
v 3681.051 0.200 -4517.314
v 3681.051 0.200 -4517.014
v 3680.751 0.200 -4517.014
v 3680.751 8.200 -4517.314
v 3681.051 8.200 -4517.314
v 3681.051 8.200 -4517.014
v 3680.751 8.200 -4517.014
v 3691.839 0.200 -4513.907
v 3692.139 0.200 -4513.907
v 3692.139 0.200 -4513.607
v 3691.839 0.200 -4513.607
v 3691.839 8.200 -4513.907
v 3692.139 8.200 -4513.907
v 3692.139 8.200 -4513.607
v 3691.839 8.200 -4513.607
v 3694.624 0.050 -4554.750
v 3702.601 0.050 -4555.348
v 3700.319 0.050 -4585.793
v 3692.341 0.050 -4585.195
v 3692.629 0.200 -4554.601
v 3694.624 0.200 -4554.750
v 3692.341 0.200 -4585.195
v 3690.347 0.200 -4585.046
v 3702.601 0.200 -4555.348
v 3704.596 0.200 -4555.498
v 3702.314 0.200 -4585.943
v 3700.319 0.200 -4585.793
v 3692.679 0.200 -4554.766
v 3692.979 0.200 -4554.766
v 3692.979 0.200 -4554.466
v 3692.679 0.200 -4554.466
v 3692.679 8.200 -4554.766
v 3692.979 8.200 -4554.766
v 3692.979 8.200 -4554.466
v 3692.679 8.200 -4554.466
v 3704.246 0.200 -4555.633
v 3704.546 0.200 -4555.633
v 3704.546 0.200 -4555.333
v 3704.246 0.200 -4555.333
v 3704.246 8.200 -4555.633
v 3704.546 8.200 -4555.633
v 3704.546 8.200 -4555.333
v 3704.246 8.200 -4555.333
v 3692.466 0.050 -4584.460
v 3700.194 0.050 -4586.528
v 3691.534 0.050 -4618.889
v 3683.806 0.050 -4616.821
v 3690.534 0.200 -4583.943
v 3692.466 0.200 -4584.460
v 3683.806 0.200 -4616.821
v 3681.874 0.200 -4616.304
v 3700.194 0.200 -4586.528
v 3702.126 0.200 -4587.045
v 3693.466 0.200 -4619.407
v 3691.534 0.200 -4618.889
v 3690.577 0.200 -4584.145
v 3690.877 0.200 -4584.145
v 3690.877 0.200 -4583.845
v 3690.577 0.200 -4583.845
v 3690.577 8.200 -4584.145
v 3690.877 8.200 -4584.145
v 3690.877 8.200 -4583.845
v 3690.577 8.200 -4583.845
v 3701.783 0.200 -4587.144
v 3702.083 0.200 -4587.144
v 3702.083 0.200 -4586.844
v 3701.783 0.200 -4586.844
v 3701.783 8.200 -4587.144
v 3702.083 8.200 -4587.144
v 3702.083 8.200 -4586.844
v 3701.783 8.200 -4586.844
v 3683.702 0.050 -4617.350
v 3691.638 0.050 -4618.361
v 3688.654 0.050 -4641.776
v 3680.718 0.050 -4640.765
v 3681.718 0.200 -4617.097
v 3683.702 0.200 -4617.350
v 3680.718 0.200 -4640.765
v 3678.734 0.200 -4640.512
v 3691.638 0.200 -4618.361
v 3693.622 0.200 -4618.614
v 3690.638 0.200 -4642.029
v 3688.654 0.200 -4641.776
v 3680.795 0.050 -4642.196
v 3688.578 0.050 -4640.346
v 3692.853 0.050 -4658.330
v 3685.069 0.050 -4660.180
v 3678.849 0.200 -4642.658
v 3680.795 0.200 -4642.196
v 3685.069 0.200 -4660.180
v 3683.124 0.200 -4660.642
v 3688.578 0.200 -4640.346
v 3690.524 0.200 -4639.883
v 3694.798 0.200 -4657.867
v 3692.853 0.200 -4658.330
v 3678.893 0.200 -4642.762
v 3679.193 0.200 -4642.762
v 3679.193 0.200 -4642.462
v 3678.893 0.200 -4642.462
v 3678.893 8.200 -4642.762
v 3679.193 8.200 -4642.762
v 3679.193 8.200 -4642.462
v 3678.893 8.200 -4642.462
v 3690.179 0.200 -4640.079
v 3690.479 0.200 -4640.079
v 3690.479 0.200 -4639.779
v 3690.179 0.200 -4639.779
v 3690.179 8.200 -4640.079
v 3690.479 8.200 -4640.079
v 3690.479 8.200 -4639.779
v 3690.179 8.200 -4639.779
v 3685.316 0.050 -4660.903
v 3692.606 0.050 -4657.607
v 3706.387 0.050 -4688.078
v 3699.098 0.050 -4691.375
v 3683.494 0.200 -4661.727
v 3685.316 0.200 -4660.903
v 3699.098 0.200 -4691.375
v 3697.275 0.200 -4692.199
v 3692.606 0.200 -4657.607
v 3694.428 0.200 -4656.782
v 3708.209 0.200 -4687.254
v 3706.387 0.200 -4688.078
v 3683.526 0.200 -4661.795
v 3683.826 0.200 -4661.795
v 3683.826 0.200 -4661.495
v 3683.526 0.200 -4661.495
v 3683.526 8.200 -4661.795
v 3683.826 8.200 -4661.795
v 3683.826 8.200 -4661.495
v 3683.526 8.200 -4661.495
v 3694.096 0.200 -4657.015
v 3694.396 0.200 -4657.015
v 3694.396 0.200 -4656.715
v 3694.096 0.200 -4656.715
v 3694.096 8.200 -4657.015
v 3694.396 8.200 -4657.015
v 3694.396 8.200 -4656.715
v 3694.096 8.200 -4656.715
v 4160.290 0.050 -4427.148
v 4168.056 0.050 -4425.228
v 4174.034 0.050 -4449.409
v 4166.267 0.050 -4451.329
v 4158.348 0.200 -4427.628
v 4160.290 0.200 -4427.148
v 4166.267 0.200 -4451.329
v 4164.326 0.200 -4451.809
v 4168.056 0.200 -4425.228
v 4169.997 0.200 -4424.748
v 4175.975 0.200 -4448.929
v 4174.034 0.200 -4449.409
v 4166.152 0.050 -4450.467
v 4174.149 0.050 -4450.271
v 4175.641 0.050 -4510.883
v 4167.643 0.050 -4511.079
v 4164.152 0.200 -4450.517
v 4166.152 0.200 -4450.467
v 4167.643 0.200 -4511.079
v 4165.644 0.200 -4511.129
v 4174.149 0.200 -4450.271
v 4176.149 0.200 -4450.221
v 4177.640 0.200 -4510.833
v 4175.641 0.200 -4510.883
v 4164.202 0.200 -4450.662
v 4164.502 0.200 -4450.662
v 4164.502 0.200 -4450.362
v 4164.202 0.200 -4450.362
v 4164.202 8.200 -4450.662
v 4164.502 8.200 -4450.662
v 4164.502 8.200 -4450.362
v 4164.202 8.200 -4450.362
v 4175.799 0.200 -4450.376
v 4176.099 0.200 -4450.376
v 4176.099 0.200 -4450.076
v 4175.799 0.200 -4450.076
v 4175.799 8.200 -4450.376
v 4176.099 8.200 -4450.376
v 4176.099 8.200 -4450.076
v 4175.799 8.200 -4450.076
v 4167.642 0.050 -4510.981
v 4175.642 0.050 -4510.981
v 4175.642 0.050 -4514.271
v 4167.642 0.050 -4514.271
v 4165.642 0.200 -4510.981
v 4167.642 0.200 -4510.981
v 4167.642 0.200 -4514.271
v 4165.642 0.200 -4514.271
v 4175.642 0.200 -4510.981
v 4177.642 0.200 -4510.981
v 4177.642 0.200 -4514.271
v 4175.642 0.200 -4514.271
v 4167.665 0.050 -4514.702
v 4175.619 0.050 -4513.841
v 4191.449 0.050 -4660.146
v 4183.495 0.050 -4661.007
v 4165.677 0.200 -4514.917
v 4167.665 0.200 -4514.702
v 4183.495 0.200 -4661.007
v 4181.507 0.200 -4661.222
v 4175.619 0.200 -4513.841
v 4177.607 0.200 -4513.626
v 4193.437 0.200 -4659.931
v 4191.449 0.200 -4660.146
v 4165.726 0.200 -4515.045
v 4166.026 0.200 -4515.045
v 4166.026 0.200 -4514.745
v 4165.726 0.200 -4514.745
v 4165.726 8.200 -4515.045
v 4166.026 8.200 -4515.045
v 4166.026 8.200 -4514.745
v 4165.726 8.200 -4514.745
v 4177.259 0.200 -4513.797
v 4177.559 0.200 -4513.797
v 4177.559 0.200 -4513.497
v 4177.259 0.200 -4513.497
v 4177.259 8.200 -4513.797
v 4177.559 8.200 -4513.797
v 4177.559 8.200 -4513.497
v 4177.259 8.200 -4513.497
v 4183.833 0.050 -4658.915
v 4191.110 0.050 -4662.238
v 4178.565 0.050 -4689.710
v 4171.288 0.050 -4686.387
v 4182.014 0.200 -4658.084
v 4183.833 0.200 -4658.915
v 4171.288 0.200 -4686.387
v 4169.468 0.200 -4685.556
v 4191.110 0.200 -4662.238
v 4192.930 0.200 -4663.069
v 4180.384 0.200 -4690.541
v 4178.565 0.200 -4689.710
v 4182.046 0.200 -4658.317
v 4182.346 0.200 -4658.317
v 4182.346 0.200 -4658.017
v 4182.046 0.200 -4658.017
v 4182.046 8.200 -4658.317
v 4182.346 8.200 -4658.317
v 4182.346 8.200 -4658.017
v 4182.046 8.200 -4658.017
v 4192.598 0.200 -4663.136
v 4192.898 0.200 -4663.136
v 4192.898 0.200 -4662.836
v 4192.598 0.200 -4662.836
v 4192.598 8.200 -4663.136
v 4192.898 8.200 -4663.136
v 4192.898 8.200 -4662.836
v 4192.598 8.200 -4662.836
v 3945.246 0.050 -4553.382
v 3947.173 0.050 -4545.617
v 3982.105 0.050 -4554.286
v 3980.178 0.050 -4562.050
v 3944.764 0.200 -4555.323
v 3945.246 0.200 -4553.382
v 3980.178 0.200 -4562.050
v 3979.696 0.200 -4563.991
v 3947.173 0.200 -4545.617
v 3947.654 0.200 -4543.676
v 3982.586 0.200 -4552.344
v 3982.105 0.200 -4554.286
v 3944.662 0.200 -4555.279
v 3944.962 0.200 -4555.279
v 3944.962 0.200 -4554.979
v 3944.662 0.200 -4554.979
v 3944.662 8.200 -4555.279
v 3944.962 8.200 -4555.279
v 3944.962 8.200 -4554.979
v 3944.662 8.200 -4554.979
v 3947.456 0.200 -4544.020
v 3947.756 0.200 -4544.020
v 3947.756 0.200 -4543.720
v 3947.456 0.200 -4543.720
v 3947.456 8.200 -4544.020
v 3947.756 8.200 -4544.020
v 3947.756 8.200 -4543.720
v 3947.456 8.200 -4543.720
v 3982.039 0.050 -4562.066
v 3980.243 0.050 -4554.270
v 4170.744 0.050 -4510.373
v 4172.540 0.050 -4518.169
v 3982.488 0.200 -4564.015
v 3982.039 0.200 -4562.066
v 4172.540 0.200 -4518.169
v 4172.990 0.200 -4520.118
v 3980.243 0.200 -4554.270
v 3979.794 0.200 -4552.321
v 4170.295 0.200 -4508.424
v 4170.744 0.200 -4510.373
v 3982.294 0.200 -4563.970
v 3982.594 0.200 -4563.970
v 3982.594 0.200 -4563.670
v 3982.294 0.200 -4563.670
v 3982.294 8.200 -4563.970
v 3982.594 8.200 -4563.970
v 3982.594 8.200 -4563.670
v 3982.294 8.200 -4563.670
v 3979.689 0.200 -4552.666
v 3979.989 0.200 -4552.666
v 3979.989 0.200 -4552.366
v 3979.689 0.200 -4552.366
v 3979.689 8.200 -4552.666
v 3979.989 8.200 -4552.666
v 3979.989 8.200 -4552.366
v 3979.689 8.200 -4552.366
v 3400.566 0.050 -4604.682
v 3408.513 0.050 -4605.605
v 3404.116 0.050 -4643.489
v 3396.169 0.050 -4642.567
v 3398.580 0.200 -4604.452
v 3400.566 0.200 -4604.682
v 3396.169 0.200 -4642.567
v 3394.183 0.200 -4642.336
v 3408.513 0.200 -4605.605
v 3410.500 0.200 -4605.835
v 3406.103 0.200 -4643.720
v 3404.116 0.200 -4643.489
v 3398.628 0.200 -4604.625
v 3398.928 0.200 -4604.625
v 3398.928 0.200 -4604.325
v 3398.628 0.200 -4604.325
v 3398.628 8.200 -4604.625
v 3398.928 8.200 -4604.625
v 3398.928 8.200 -4604.325
v 3398.628 8.200 -4604.325
v 3410.151 0.200 -4605.962
v 3410.451 0.200 -4605.962
v 3410.451 0.200 -4605.662
v 3410.151 0.200 -4605.662
v 3410.151 8.200 -4605.962
v 3410.451 8.200 -4605.962
v 3410.451 8.200 -4605.662
v 3410.151 8.200 -4605.662
v 3396.515 0.050 -4644.713
v 3403.770 0.050 -4641.343
v 3422.249 0.050 -4681.117
v 3414.994 0.050 -4684.488
v 3394.701 0.200 -4645.556
v 3396.515 0.200 -4644.713
v 3414.994 0.200 -4684.488
v 3413.180 0.200 -4685.330
v 3403.770 0.200 -4641.343
v 3405.584 0.200 -4640.500
v 3424.063 0.200 -4680.274
v 3422.249 0.200 -4681.117
v 3394.733 0.200 -4645.622
v 3395.033 0.200 -4645.622
v 3395.033 0.200 -4645.322
v 3394.733 0.200 -4645.322
v 3394.733 8.200 -4645.622
v 3395.033 8.200 -4645.622
v 3395.033 8.200 -4645.322
v 3394.733 8.200 -4645.322
v 3405.253 0.200 -4640.734
v 3405.553 0.200 -4640.734
v 3405.553 0.200 -4640.434
v 3405.253 0.200 -4640.434
v 3405.253 8.200 -4640.734
v 3405.553 8.200 -4640.734
v 3405.553 8.200 -4640.434
v 3405.253 8.200 -4640.434
v 3977.545 0.050 -4559.919
v 3984.737 0.050 -4556.416
v 4035.198 0.050 -4660.014
v 4028.006 0.050 -4663.517
v 3975.747 0.200 -4560.795
v 3977.545 0.200 -4559.919
v 4028.006 0.200 -4663.517
v 4026.208 0.200 -4664.393
v 3984.737 0.200 -4556.416
v 3986.535 0.200 -4555.540
v 4036.996 0.200 -4659.138
v 4035.198 0.200 -4660.014
v 3975.777 0.200 -4560.858
v 3976.077 0.200 -4560.858
v 3976.077 0.200 -4560.558
v 3975.777 0.200 -4560.558
v 3975.777 8.200 -4560.858
v 3976.077 8.200 -4560.858
v 3976.077 8.200 -4560.558
v 3975.777 8.200 -4560.558
v 3986.206 0.200 -4555.778
v 3986.506 0.200 -4555.778
v 3986.506 0.200 -4555.478
v 3986.206 0.200 -4555.478
v 3986.206 8.200 -4555.778
v 3986.506 8.200 -4555.778
v 3986.506 8.200 -4555.478
v 3986.206 8.200 -4555.478
v 2439.488 0.050 -4682.744
v 2432.744 0.050 -4672.818
v 2477.394 0.050 -4642.479
v 2484.138 0.050 -4652.404
v 2440.612 0.200 -4684.398
v 2439.488 0.200 -4682.744
v 2484.138 0.200 -4652.404
v 2485.262 0.200 -4654.059
v 2432.744 0.200 -4672.818
v 2431.620 0.200 -4671.164
v 2476.270 0.200 -4640.825
v 2477.394 0.200 -4642.479
v 2436.158 0.070 -4677.843
v 2436.074 0.070 -4677.719
v 2480.724 0.070 -4647.380
v 2480.808 0.070 -4647.504
v 2440.350 0.200 -4684.383
v 2440.650 0.200 -4684.383
v 2440.650 0.200 -4684.083
v 2440.350 0.200 -4684.083
v 2440.350 8.200 -4684.383
v 2440.650 8.200 -4684.383
v 2440.650 8.200 -4684.083
v 2440.350 8.200 -4684.083
v 2431.582 0.200 -4671.479
v 2431.882 0.200 -4671.479
v 2431.882 0.200 -4671.179
v 2431.582 0.200 -4671.179
v 2431.582 8.200 -4671.479
v 2431.882 8.200 -4671.479
v 2431.882 8.200 -4671.179
v 2431.582 8.200 -4671.179
v 2482.896 0.050 -4653.051
v 2478.636 0.050 -4641.832
v 2525.813 0.050 -4623.914
v 2530.074 0.050 -4635.132
v 2483.606 0.200 -4654.920
v 2482.896 0.200 -4653.051
v 2530.074 0.200 -4635.132
v 2530.784 0.200 -4637.002
v 2478.636 0.200 -4641.832
v 2477.926 0.200 -4639.963
v 2525.103 0.200 -4622.045
v 2525.813 0.200 -4623.914
v 2480.793 0.070 -4647.512
v 2480.739 0.070 -4647.371
v 2527.917 0.070 -4629.453
v 2527.970 0.070 -4629.593
v 2483.385 0.200 -4654.883
v 2483.685 0.200 -4654.883
v 2483.685 0.200 -4654.583
v 2483.385 0.200 -4654.583
v 2483.385 8.200 -4654.883
v 2483.685 8.200 -4654.883
v 2483.685 8.200 -4654.583
v 2483.385 8.200 -4654.583
v 2477.847 0.200 -4640.300
v 2478.147 0.200 -4640.300
v 2478.147 0.200 -4640.000
v 2477.847 0.200 -4640.000
v 2477.847 8.200 -4640.300
v 2478.147 8.200 -4640.300
v 2478.147 8.200 -4640.000
v 2477.847 8.200 -4640.000
v 2529.298 0.050 -4635.368
v 2526.588 0.050 -4623.678
v 2575.558 0.050 -4612.327
v 2578.267 0.050 -4624.018
v 2529.750 0.200 -4637.317
v 2529.298 0.200 -4635.368
v 2578.267 0.200 -4624.018
v 2578.719 0.200 -4625.966
v 2526.588 0.200 -4623.678
v 2526.137 0.200 -4621.730
v 2575.106 0.200 -4610.379
v 2575.558 0.200 -4612.327
v 2527.960 0.070 -4629.596
v 2527.926 0.070 -4629.450
v 2576.896 0.070 -4618.099
v 2576.930 0.070 -4618.246
v 2529.554 0.200 -4637.272
v 2529.854 0.200 -4637.272
v 2529.854 0.200 -4636.972
v 2529.554 0.200 -4636.972
v 2529.554 8.200 -4637.272
v 2529.854 8.200 -4637.272
v 2529.854 8.200 -4636.972
v 2529.554 8.200 -4636.972
v 2526.032 0.200 -4622.075
v 2526.332 0.200 -4622.075
v 2526.332 0.200 -4621.775
v 2526.032 0.200 -4621.775
v 2526.032 8.200 -4622.075
v 2526.332 8.200 -4622.075
v 2526.332 8.200 -4621.775
v 2526.032 8.200 -4621.775
v 2578.122 0.050 -4624.049
v 2575.703 0.050 -4612.296
v 2697.531 0.050 -4587.216
v 2699.950 0.050 -4598.969
v 2578.526 0.200 -4626.008
v 2578.122 0.200 -4624.049
v 2699.950 0.200 -4598.969
v 2700.354 0.200 -4600.928
v 2575.703 0.200 -4612.296
v 2575.300 0.200 -4610.337
v 2697.128 0.200 -4585.257
v 2697.531 0.200 -4587.216
v 2576.928 0.070 -4618.246
v 2576.898 0.070 -4618.099
v 2698.726 0.070 -4593.019
v 2698.756 0.070 -4593.166
v 2578.335 0.200 -4625.962
v 2578.635 0.200 -4625.962
v 2578.635 0.200 -4625.662
v 2578.335 0.200 -4625.662
v 2578.335 8.200 -4625.962
v 2578.635 8.200 -4625.962
v 2578.635 8.200 -4625.662
v 2578.335 8.200 -4625.662
v 2575.190 0.200 -4610.683
v 2575.490 0.200 -4610.683
v 2575.490 0.200 -4610.383
v 2575.190 0.200 -4610.383
v 2575.190 8.200 -4610.683
v 2575.490 8.200 -4610.683
v 2575.490 8.200 -4610.383
v 2575.190 8.200 -4610.383
v 2699.982 0.050 -4598.963
v 2697.499 0.050 -4587.222
v 2759.604 0.050 -4574.088
v 2762.087 0.050 -4585.828
v 2700.396 0.200 -4600.919
v 2699.982 0.200 -4598.963
v 2762.087 0.200 -4585.828
v 2762.501 0.200 -4587.785
v 2697.499 0.200 -4587.222
v 2697.085 0.200 -4585.265
v 2759.191 0.200 -4572.131
v 2759.604 0.200 -4574.088
v 2698.756 0.070 -4593.166
v 2698.725 0.070 -4593.019
v 2760.830 0.070 -4579.884
v 2760.861 0.070 -4580.031
v 2700.205 0.200 -4600.874
v 2700.505 0.200 -4600.874
v 2700.505 0.200 -4600.574
v 2700.205 0.200 -4600.574
v 2700.205 8.200 -4600.874
v 2700.505 8.200 -4600.874
v 2700.505 8.200 -4600.574
v 2700.205 8.200 -4600.574
v 2696.977 0.200 -4585.611
v 2697.277 0.200 -4585.611
v 2697.277 0.200 -4585.311
v 2696.977 0.200 -4585.311
v 2696.977 8.200 -4585.611
v 2697.277 8.200 -4585.611
v 2697.277 8.200 -4585.311
v 2696.977 8.200 -4585.311
v 2761.996 0.050 -4585.846
v 2759.696 0.050 -4574.069
v 2860.607 0.050 -4554.367
v 2862.907 0.050 -4566.144
v 2762.379 0.200 -4587.809
v 2761.996 0.200 -4585.846
v 2862.907 0.200 -4566.144
v 2863.290 0.200 -4568.107
v 2759.696 0.200 -4574.069
v 2759.313 0.200 -4572.106
v 2860.224 0.200 -4552.404
v 2860.607 0.200 -4554.367
v 2760.860 0.070 -4580.031
v 2760.831 0.070 -4579.884
v 2861.743 0.070 -4560.182
v 2861.771 0.070 -4560.329
v 2762.190 0.200 -4587.763
v 2762.490 0.200 -4587.763
v 2762.490 0.200 -4587.463
v 2762.190 0.200 -4587.463
v 2762.190 8.200 -4587.763
v 2762.490 8.200 -4587.763
v 2762.490 8.200 -4587.463
v 2762.190 8.200 -4587.463
v 2759.201 0.200 -4572.452
v 2759.501 0.200 -4572.452
v 2759.501 0.200 -4572.152
v 2759.201 0.200 -4572.152
v 2759.201 8.200 -4572.452
v 2759.501 8.200 -4572.452
v 2759.501 8.200 -4572.152
v 2759.201 8.200 -4572.152
v 2862.495 0.050 -4566.210
v 2861.019 0.050 -4554.301
v 2937.317 0.050 -4544.840
v 2938.794 0.050 -4556.749
v 2862.741 0.200 -4568.195
v 2862.495 0.200 -4566.210
v 2938.794 0.200 -4556.749
v 2939.040 0.200 -4558.734
v 2861.019 0.200 -4554.301
v 2860.772 0.200 -4552.316
v 2937.071 0.200 -4542.855
v 2937.317 0.200 -4544.840
v 2861.766 0.070 -4560.330
v 2861.748 0.070 -4560.181
v 2938.046 0.070 -4550.720
v 2938.065 0.070 -4550.869
v 2862.567 0.200 -4568.146
v 2862.867 0.200 -4568.146
v 2862.867 0.200 -4567.846
v 2862.567 0.200 -4567.846
v 2862.567 8.200 -4568.146
v 2862.867 8.200 -4568.146
v 2862.867 8.200 -4567.846
v 2862.567 8.200 -4567.846
v 2860.647 0.200 -4552.665
v 2860.947 0.200 -4552.665
v 2860.947 0.200 -4552.365
v 2860.647 0.200 -4552.365
v 2860.647 8.200 -4552.665
v 2860.947 8.200 -4552.665
v 2860.947 8.200 -4552.365
v 2860.647 8.200 -4552.365
v 2938.055 0.050 -4556.795
v 2938.055 0.050 -4544.795
v 2979.577 0.050 -4544.795
v 2979.577 0.050 -4556.795
v 2938.055 0.200 -4558.795
v 2938.055 0.200 -4556.795
v 2979.577 0.200 -4556.795
v 2979.577 0.200 -4558.795
v 2938.055 0.200 -4544.795
v 2938.055 0.200 -4542.795
v 2979.577 0.200 -4542.795
v 2979.577 0.200 -4544.795
v 2938.055 0.070 -4550.870
v 2938.055 0.070 -4550.720
v 2979.577 0.070 -4550.720
v 2979.577 0.070 -4550.870
v 2937.905 0.200 -4558.745
v 2938.205 0.200 -4558.745
v 2938.205 0.200 -4558.445
v 2937.905 0.200 -4558.445
v 2937.905 8.200 -4558.745
v 2938.205 8.200 -4558.745
v 2938.205 8.200 -4558.445
v 2937.905 8.200 -4558.445
v 2937.905 0.200 -4543.145
v 2938.205 0.200 -4543.145
v 2938.205 0.200 -4542.845
v 2937.905 0.200 -4542.845
v 2937.905 8.200 -4543.145
v 2938.205 8.200 -4543.145
v 2938.205 8.200 -4542.845
v 2937.905 8.200 -4542.845
v 2979.638 0.050 -4556.794
v 2979.517 0.050 -4544.795
v 3048.613 0.050 -4544.094
v 3048.734 0.050 -4556.094
v 2979.659 0.200 -4558.794
v 2979.638 0.200 -4556.794
v 3048.734 0.200 -4556.094
v 3048.755 0.200 -4558.094
v 2979.517 0.200 -4544.795
v 2979.496 0.200 -4542.795
v 3048.592 0.200 -4542.095
v 3048.613 0.200 -4544.094
v 2979.578 0.070 -4550.869
v 2979.577 0.070 -4550.720
v 3048.673 0.070 -4550.019
v 3048.674 0.070 -4550.169
v 2979.507 0.200 -4558.744
v 2979.807 0.200 -4558.744
v 2979.807 0.200 -4558.444
v 2979.507 0.200 -4558.444
v 2979.507 8.200 -4558.744
v 2979.807 8.200 -4558.744
v 2979.807 8.200 -4558.444
v 2979.507 8.200 -4558.444
v 2979.348 0.200 -4543.145
v 2979.648 0.200 -4543.145
v 2979.648 0.200 -4542.845
v 2979.348 0.200 -4542.845
v 2979.348 8.200 -4543.145
v 2979.648 8.200 -4543.145
v 2979.648 8.200 -4542.845
v 2979.348 8.200 -4542.845
v 3048.744 0.050 -4556.094
v 3048.603 0.050 -4544.095
v 3149.525 0.050 -4542.905
v 3149.666 0.050 -4554.904
v 3048.768 0.200 -4558.094
v 3048.744 0.200 -4556.094
v 3149.666 0.200 -4554.904
v 3149.690 0.200 -4556.904
v 3048.603 0.200 -4544.095
v 3048.579 0.200 -4542.095
v 3149.501 0.200 -4540.905
v 3149.525 0.200 -4542.905
v 3048.674 0.070 -4550.169
v 3048.673 0.070 -4550.019
v 3149.595 0.070 -4548.830
v 3149.597 0.070 -4548.980
v 3048.615 0.200 -4558.044
v 3048.915 0.200 -4558.044
v 3048.915 0.200 -4557.744
v 3048.615 0.200 -4557.744
v 3048.615 8.200 -4558.044
v 3048.915 8.200 -4558.044
v 3048.915 8.200 -4557.744
v 3048.615 8.200 -4557.744
v 3048.432 0.200 -4542.445
v 3048.732 0.200 -4542.445
v 3048.732 0.200 -4542.145
v 3048.432 0.200 -4542.145
v 3048.432 8.200 -4542.445
v 3048.732 8.200 -4542.445
v 3048.732 8.200 -4542.145
v 3048.432 8.200 -4542.145
v 3149.596 0.050 -4554.905
v 3149.596 0.050 -4542.905
v 3417.130 0.050 -4542.905
v 3417.130 0.050 -4554.905
v 3149.596 0.200 -4556.905
v 3149.596 0.200 -4554.905
v 3417.130 0.200 -4554.905
v 3417.130 0.200 -4556.905
v 3149.596 0.200 -4542.905
v 3149.596 0.200 -4540.905
v 3417.130 0.200 -4540.905
v 3417.130 0.200 -4542.905
v 3149.596 0.070 -4548.980
v 3149.596 0.070 -4548.830
v 3417.130 0.070 -4548.830
v 3417.130 0.070 -4548.980
v 3149.446 0.200 -4556.855
v 3149.746 0.200 -4556.855
v 3149.746 0.200 -4556.555
v 3149.446 0.200 -4556.555
v 3149.446 8.200 -4556.855
v 3149.746 8.200 -4556.855
v 3149.746 8.200 -4556.555
v 3149.446 8.200 -4556.555
v 3149.446 0.200 -4541.255
v 3149.746 0.200 -4541.255
v 3149.746 0.200 -4540.955
v 3149.446 0.200 -4540.955
v 3149.446 8.200 -4541.255
v 3149.746 8.200 -4541.255
v 3149.746 8.200 -4540.955
v 3149.446 8.200 -4540.955
v 3417.013 0.050 -4554.904
v 3417.247 0.050 -4542.906
v 3478.150 0.050 -4544.095
v 3477.916 0.050 -4556.093
v 3416.974 0.200 -4556.903
v 3417.013 0.200 -4554.904
v 3477.916 0.200 -4556.093
v 3477.877 0.200 -4558.093
v 3417.247 0.200 -4542.906
v 3417.286 0.200 -4540.906
v 3478.189 0.200 -4542.096
v 3478.150 0.200 -4544.095
v 3417.128 0.070 -4548.980
v 3417.131 0.070 -4548.830
v 3478.034 0.070 -4550.019
v 3478.031 0.070 -4550.169
v 3416.828 0.200 -4556.853
v 3417.128 0.200 -4556.853
v 3417.128 0.200 -4556.553
v 3416.828 0.200 -4556.553
v 3416.828 8.200 -4556.853
v 3417.128 8.200 -4556.853
v 3417.128 8.200 -4556.553
v 3416.828 8.200 -4556.553
v 3417.132 0.200 -4541.256
v 3417.432 0.200 -4541.256
v 3417.432 0.200 -4540.956
v 3417.132 0.200 -4540.956
v 3417.132 8.200 -4541.256
v 3417.432 8.200 -4541.256
v 3417.432 8.200 -4540.956
v 3417.132 8.200 -4540.956
v 3478.139 0.050 -4556.093
v 3477.926 0.050 -4544.095
v 3511.366 0.050 -4543.500
v 3511.580 0.050 -4555.499
v 3478.175 0.200 -4558.093
v 3478.139 0.200 -4556.093
v 3511.580 0.200 -4555.499
v 3511.615 0.200 -4557.498
v 3477.926 0.200 -4544.095
v 3477.891 0.200 -4542.095
v 3511.331 0.200 -4541.501
v 3511.366 0.200 -4543.500
v 3478.034 0.070 -4550.169
v 3478.031 0.070 -4550.019
v 3511.472 0.070 -4549.425
v 3511.474 0.070 -4549.575
v 3478.021 0.200 -4558.043
v 3478.321 0.200 -4558.043
v 3478.321 0.200 -4557.743
v 3478.021 0.200 -4557.743
v 3478.021 8.200 -4558.043
v 3478.321 8.200 -4558.043
v 3478.321 8.200 -4557.743
v 3478.021 8.200 -4557.743
v 3477.744 0.200 -4542.445
v 3478.044 0.200 -4542.445
v 3478.044 0.200 -4542.145
v 3477.744 0.200 -4542.145
v 3477.744 8.200 -4542.445
v 3478.044 8.200 -4542.445
v 3478.044 8.200 -4542.145
v 3477.744 8.200 -4542.145
v 3512.115 0.050 -4555.465
v 3510.831 0.050 -4543.534
v 3549.649 0.050 -4539.358
v 3550.932 0.050 -4551.290
v 3512.329 0.200 -4557.454
v 3512.115 0.200 -4555.465
v 3550.932 0.200 -4551.290
v 3551.146 0.200 -4553.278
v 3510.831 0.200 -4543.534
v 3510.618 0.200 -4541.545
v 3549.435 0.200 -4537.370
v 3549.649 0.200 -4539.358
v 3511.481 0.070 -4549.574
v 3511.465 0.070 -4549.425
v 3550.282 0.070 -4545.249
v 3550.298 0.070 -4545.399
v 3512.157 0.200 -4557.405
v 3512.457 0.200 -4557.405
v 3512.457 0.200 -4557.105
v 3512.157 0.200 -4557.105
v 3512.157 8.200 -4557.405
v 3512.457 8.200 -4557.405
v 3512.457 8.200 -4557.105
v 3512.157 8.200 -4557.105
v 3510.489 0.200 -4541.894
v 3510.789 0.200 -4541.894
v 3510.789 0.200 -4541.594
v 3510.489 0.200 -4541.594
v 3510.489 8.200 -4541.894
v 3510.789 8.200 -4541.894
v 3510.789 8.200 -4541.594
v 3510.489 8.200 -4541.594
v 3551.445 0.050 -4551.212
v 3549.136 0.050 -4539.436
v 3579.593 0.050 -4533.463
v 3581.902 0.050 -4545.239
v 3551.830 0.200 -4553.174
v 3551.445 0.200 -4551.212
v 3581.902 0.200 -4545.239
v 3582.287 0.200 -4547.202
v 3549.136 0.200 -4539.436
v 3548.751 0.200 -4537.473
v 3579.208 0.200 -4531.501
v 3579.593 0.200 -4533.463
v 3550.305 0.070 -4545.398
v 3550.276 0.070 -4545.250
v 3580.733 0.070 -4539.278
v 3580.762 0.070 -4539.425
v 3551.641 0.200 -4553.128
v 3551.941 0.200 -4553.128
v 3551.941 0.200 -4552.828
v 3551.641 0.200 -4552.828
v 3551.641 8.200 -4553.128
v 3551.941 8.200 -4553.128
v 3551.941 8.200 -4552.828
v 3551.641 8.200 -4552.828
v 3548.639 0.200 -4537.820
v 3548.939 0.200 -4537.820
v 3548.939 0.200 -4537.520
v 3548.639 0.200 -4537.520
v 3548.639 8.200 -4537.820
v 3548.939 8.200 -4537.820
v 3548.939 8.200 -4537.520
v 3548.639 8.200 -4537.520
v 3582.678 0.050 -4545.032
v 3578.816 0.050 -4533.670
v 3608.672 0.050 -4523.522
v 3612.534 0.050 -4534.884
v 3583.322 0.200 -4546.926
v 3582.678 0.200 -4545.032
v 3612.534 0.200 -4534.884
v 3613.178 0.200 -4536.777
v 3578.816 0.200 -4533.670
v 3578.173 0.200 -4531.777
v 3608.029 0.200 -4521.629
v 3608.672 0.200 -4523.522
v 3580.771 0.070 -4539.422
v 3580.723 0.070 -4539.280
v 3610.579 0.070 -4529.132
v 3610.627 0.070 -4529.274
v 3583.108 0.200 -4546.886
v 3583.408 0.200 -4546.886
v 3583.408 0.200 -4546.586
v 3583.108 0.200 -4546.586
v 3583.108 8.200 -4546.886
v 3583.408 8.200 -4546.886
v 3583.408 8.200 -4546.586
v 3583.108 8.200 -4546.586
v 3578.087 0.200 -4532.116
v 3578.387 0.200 -4532.116
v 3578.387 0.200 -4531.816
v 3578.087 0.200 -4531.816
v 3578.087 8.200 -4532.116
v 3578.387 8.200 -4532.116
v 3578.387 8.200 -4531.816
v 3578.087 8.200 -4531.816
v 3612.871 0.050 -4534.758
v 3608.336 0.050 -4523.648
v 3637.602 0.050 -4511.703
v 3642.136 0.050 -4522.813
v 3613.626 0.200 -4536.610
v 3612.871 0.200 -4534.758
v 3642.136 0.200 -4522.813
v 3642.892 0.200 -4524.664
v 3608.336 0.200 -4523.648
v 3607.580 0.200 -4521.796
v 3636.846 0.200 -4509.851
v 3637.602 0.200 -4511.703
v 3610.631 0.070 -4529.272
v 3610.575 0.070 -4529.134
v 3639.841 0.070 -4517.188
v 3639.897 0.070 -4517.327
v 3613.401 0.200 -4536.575
v 3613.701 0.200 -4536.575
v 3613.701 0.200 -4536.275
v 3613.401 0.200 -4536.275
v 3613.401 8.200 -4536.575
v 3613.701 8.200 -4536.575
v 3613.701 8.200 -4536.275
v 3613.401 8.200 -4536.275
v 3607.506 0.200 -4522.131
v 3607.806 0.200 -4522.131
v 3607.806 0.200 -4521.831
v 3607.506 0.200 -4521.831
v 3607.506 8.200 -4522.131
v 3607.806 8.200 -4522.131
v 3607.806 8.200 -4521.831
v 3607.506 8.200 -4521.831
v 3642.432 0.050 -4522.683
v 3637.306 0.050 -4511.833
v 3680.298 0.050 -4491.523
v 3685.424 0.050 -4502.373
v 3643.286 0.200 -4524.491
v 3642.432 0.200 -4522.683
v 3685.424 0.200 -4502.373
v 3686.278 0.200 -4504.181
v 3637.306 0.200 -4511.833
v 3636.452 0.200 -4510.024
v 3679.443 0.200 -4489.714
v 3680.298 0.200 -4491.523
v 3639.901 0.070 -4517.325
v 3639.837 0.070 -4517.190
v 3682.829 0.070 -4496.880
v 3682.893 0.070 -4497.016
v 3643.051 0.200 -4524.460
v 3643.351 0.200 -4524.460
v 3643.351 0.200 -4524.160
v 3643.051 0.200 -4524.160
v 3643.051 8.200 -4524.460
v 3643.351 8.200 -4524.460
v 3643.351 8.200 -4524.160
v 3643.051 8.200 -4524.160
v 3636.387 0.200 -4510.355
v 3636.687 0.200 -4510.355
v 3636.687 0.200 -4510.055
v 3636.387 0.200 -4510.055
v 3636.387 8.200 -4510.355
v 3636.687 8.200 -4510.355
v 3636.687 8.200 -4510.055
v 3636.387 8.200 -4510.055
v 3685.903 0.050 -4502.119
v 3679.818 0.050 -4491.776
v 3700.123 0.050 -4479.831
v 3706.208 0.050 -4490.174
v 3686.917 0.200 -4503.843
v 3685.903 0.200 -4502.119
v 3706.208 0.200 -4490.174
v 3707.222 0.200 -4491.898
v 3679.818 0.200 -4491.776
v 3678.804 0.200 -4490.053
v 3699.109 0.200 -4478.107
v 3700.123 0.200 -4479.831
v 3682.899 0.070 -4497.013
v 3682.823 0.070 -4496.883
v 3703.127 0.070 -4484.938
v 3703.203 0.070 -4485.067
v 3705.815 0.050 -4490.386
v 3700.516 0.050 -4479.619
v 3711.147 0.050 -4474.387
v 3716.446 0.050 -4485.153
v 3706.698 0.200 -4492.180
v 3705.815 0.200 -4490.386
v 3716.446 0.200 -4485.153
v 3717.329 0.200 -4486.948
v 3700.516 0.200 -4479.619
v 3699.632 0.200 -4477.825
v 3710.263 0.200 -4472.592
v 3711.147 0.200 -4474.387
v 3703.198 0.070 -4485.070
v 3703.132 0.070 -4484.935
v 3713.763 0.070 -4479.703
v 3713.829 0.070 -4479.837
v 3706.460 0.200 -4492.151
v 3706.760 0.200 -4492.151
v 3706.760 0.200 -4491.851
v 3706.460 0.200 -4491.851
v 3706.460 8.200 -4492.151
v 3706.760 8.200 -4492.151
v 3706.760 8.200 -4491.851
v 3706.460 8.200 -4491.851
v 3699.571 0.200 -4478.154
v 3699.871 0.200 -4478.154
v 3699.871 0.200 -4477.854
v 3699.571 0.200 -4477.854
v 3699.571 8.200 -4478.154
v 3699.871 8.200 -4478.154
v 3699.871 8.200 -4477.854
v 3699.571 8.200 -4477.854
v 3716.443 0.050 -4485.155
v 3711.150 0.050 -4474.385
v 3738.145 0.050 -4461.118
v 3743.438 0.050 -4471.888
v 3717.325 0.200 -4486.950
v 3716.443 0.200 -4485.155
v 3743.438 0.200 -4471.888
v 3744.320 0.200 -4473.683
v 3711.150 0.200 -4474.385
v 3710.268 0.200 -4472.590
v 3737.263 0.200 -4459.323
v 3738.145 0.200 -4461.118
v 3713.829 0.070 -4479.837
v 3713.763 0.070 -4479.703
v 3740.758 0.070 -4466.436
v 3740.824 0.070 -4466.570
v 3717.087 0.200 -4486.920
v 3717.387 0.200 -4486.920
v 3717.387 0.200 -4486.620
v 3717.087 0.200 -4486.620
v 3717.087 8.200 -4486.920
v 3717.387 8.200 -4486.920
v 3717.387 8.200 -4486.620
v 3717.087 8.200 -4486.620
v 3710.206 0.200 -4472.920
v 3710.506 0.200 -4472.920
v 3710.506 0.200 -4472.620
v 3710.206 0.200 -4472.620
v 3710.206 8.200 -4472.920
v 3710.506 8.200 -4472.920
v 3710.506 8.200 -4472.620
v 3710.206 8.200 -4472.620
v 3743.095 0.050 -4472.043
v 3738.487 0.050 -4460.963
v 3784.462 0.050 -4441.843
v 3789.070 0.050 -4452.923
v 3743.863 0.200 -4473.890
v 3743.095 0.200 -4472.043
v 3789.070 0.200 -4452.923
v 3789.838 0.200 -4454.769
v 3738.487 0.200 -4460.963
v 3737.719 0.200 -4459.117
v 3783.694 0.200 -4439.996
v 3784.462 0.200 -4441.843
v 3740.820 0.070 -4466.572
v 3740.763 0.070 -4466.434
v 3786.737 0.070 -4447.314
v 3786.795 0.070 -4447.452
v 3743.637 0.200 -4473.855
v 3743.937 0.200 -4473.855
v 3743.937 0.200 -4473.555
v 3743.637 0.200 -4473.555
v 3743.637 8.200 -4473.855
v 3743.937 8.200 -4473.855
v 3743.937 8.200 -4473.555
v 3743.637 8.200 -4473.555
v 3737.646 0.200 -4459.451
v 3737.946 0.200 -4459.451
v 3737.946 0.200 -4459.151
v 3737.646 0.200 -4459.151
v 3737.646 8.200 -4459.451
v 3737.946 8.200 -4459.451
v 3737.946 8.200 -4459.151
v 3737.646 8.200 -4459.151
v 3787.989 0.050 -4453.257
v 3785.544 0.050 -4441.509
v 3888.926 0.050 -4419.997
v 3891.371 0.050 -4431.745
v 3788.396 0.200 -4455.215
v 3787.989 0.200 -4453.257
v 3891.371 0.200 -4431.745
v 3891.778 0.200 -4433.703
v 3785.544 0.200 -4441.509
v 3785.136 0.200 -4439.551
v 3888.519 0.200 -4418.038
v 3888.926 0.200 -4419.997
v 3786.782 0.070 -4447.456
v 3786.751 0.070 -4447.309
v 3890.133 0.070 -4425.797
v 3890.164 0.070 -4425.944
v 3788.205 0.200 -4455.169
v 3788.505 0.200 -4455.169
v 3788.505 0.200 -4454.869
v 3788.205 0.200 -4454.869
v 3788.205 8.200 -4455.169
v 3788.505 8.200 -4455.169
v 3788.505 8.200 -4454.869
v 3788.205 8.200 -4454.869
v 3785.027 0.200 -4439.896
v 3785.327 0.200 -4439.896
v 3785.327 0.200 -4439.596
v 3785.027 0.200 -4439.596
v 3785.027 8.200 -4439.896
v 3785.327 8.200 -4439.896
v 3785.327 8.200 -4439.596
v 3785.027 8.200 -4439.596
v 3891.373 0.050 -4431.744
v 3888.924 0.050 -4419.997
v 3903.184 0.050 -4417.024
v 3905.633 0.050 -4428.771
v 3891.781 0.200 -4433.702
v 3891.373 0.200 -4431.744
v 3905.633 0.200 -4428.771
v 3906.042 0.200 -4430.729
v 3888.924 0.200 -4419.997
v 3888.516 0.200 -4418.039
v 3902.776 0.200 -4415.066
v 3903.184 0.200 -4417.024
v 3890.164 0.070 -4425.944
v 3890.133 0.070 -4425.797
v 3904.393 0.070 -4422.824
v 3904.424 0.070 -4422.971
v 3905.421 0.050 -4428.812
v 3903.397 0.050 -4416.984
v 3938.373 0.050 -4410.998
v 3940.397 0.050 -4422.826
v 3905.758 0.200 -4430.783
v 3905.421 0.200 -4428.812
v 3940.397 0.200 -4422.826
v 3940.735 0.200 -4424.797
v 3903.397 0.200 -4416.984
v 3903.059 0.200 -4415.012
v 3938.036 0.200 -4409.026
v 3938.373 0.200 -4410.998
v 3904.421 0.070 -4422.972
v 3904.396 0.070 -4422.824
v 3939.373 0.070 -4416.838
v 3939.398 0.070 -4416.986
v 3905.574 0.200 -4430.736
v 3905.874 0.200 -4430.736
v 3905.874 0.200 -4430.436
v 3905.574 0.200 -4430.436
v 3905.574 8.200 -4430.736
v 3905.874 8.200 -4430.736
v 3905.874 8.200 -4430.436
v 3905.574 8.200 -4430.436
v 3902.943 0.200 -4415.359
v 3903.243 0.200 -4415.359
v 3903.243 0.200 -4415.059
v 3902.943 0.200 -4415.059
v 3902.943 8.200 -4415.359
v 3903.243 8.200 -4415.359
v 3903.243 8.200 -4415.059
v 3902.943 8.200 -4415.059
v 3940.071 0.050 -4422.872
v 3938.700 0.050 -4410.951
v 3953.528 0.050 -4409.246
v 3954.898 0.050 -4421.168
v 3940.299 0.200 -4424.859
v 3940.071 0.200 -4422.872
v 3954.898 0.200 -4421.168
v 3955.127 0.200 -4423.155
v 3938.700 0.200 -4410.951
v 3938.472 0.200 -4408.964
v 3953.299 0.200 -4407.260
v 3953.528 0.200 -4409.246
v 3939.394 0.070 -4416.986
v 3939.377 0.070 -4416.837
v 3954.204 0.070 -4415.133
v 3954.222 0.070 -4415.282
v 3954.512 0.050 -4421.200
v 3953.914 0.050 -4409.215
v 3965.313 0.050 -4408.646
v 3965.911 0.050 -4420.632
v 3954.611 0.200 -4423.197
v 3954.512 0.200 -4421.200
v 3965.911 0.200 -4420.632
v 3966.010 0.200 -4422.629
v 3953.914 0.200 -4409.215
v 3953.815 0.200 -4407.217
v 3965.214 0.200 -4406.649
v 3965.313 0.200 -4408.646
v 3954.217 0.070 -4415.282
v 3954.209 0.070 -4415.132
v 3965.608 0.070 -4414.564
v 3965.616 0.070 -4414.714
v 3965.498 0.050 -4420.638
v 3965.727 0.050 -4408.640
v 3980.276 0.050 -4408.918
v 3980.047 0.050 -4420.915
v 3965.460 0.200 -4422.638
v 3965.498 0.200 -4420.638
v 3980.047 0.200 -4420.915
v 3980.009 0.200 -4422.915
v 3965.727 0.200 -4408.640
v 3965.765 0.200 -4406.640
v 3980.314 0.200 -4406.918
v 3980.276 0.200 -4408.918
v 3965.611 0.070 -4414.714
v 3965.614 0.070 -4414.564
v 3980.163 0.070 -4414.841
v 3980.160 0.070 -4414.991
v 3965.313 0.200 -4422.588
v 3965.613 0.200 -4422.588
v 3965.613 0.200 -4422.288
v 3965.313 0.200 -4422.288
v 3965.313 8.200 -4422.588
v 3965.613 8.200 -4422.588
v 3965.613 8.200 -4422.288
v 3965.313 8.200 -4422.288
v 3965.611 0.200 -4406.990
v 3965.911 0.200 -4406.990
v 3965.911 0.200 -4406.690
v 3965.611 0.200 -4406.690
v 3965.611 8.200 -4406.990
v 3965.911 8.200 -4406.990
v 3965.911 8.200 -4406.690
v 3965.611 8.200 -4406.690
v 3979.572 0.050 -4420.887
v 3980.751 0.050 -4408.945
v 4043.546 0.050 -4415.143
v 4042.368 0.050 -4427.085
v 3979.376 0.200 -4422.878
v 3979.572 0.200 -4420.887
v 4042.368 0.200 -4427.085
v 4042.171 0.200 -4429.075
v 3980.751 0.200 -4408.945
v 3980.947 0.200 -4406.955
v 4043.743 0.200 -4413.152
v 4043.546 0.200 -4415.143
v 3980.154 0.070 -4414.991
v 3980.169 0.070 -4414.842
v 4042.964 0.070 -4421.039
v 4042.950 0.070 -4421.188
v 3979.246 0.200 -4422.829
v 3979.546 0.200 -4422.829
v 3979.546 0.200 -4422.529
v 3979.246 0.200 -4422.529
v 3979.246 8.200 -4422.829
v 3979.546 8.200 -4422.829
v 3979.546 8.200 -4422.529
v 3979.246 8.200 -4422.529
v 3980.778 0.200 -4407.304
v 3981.078 0.200 -4407.304
v 3981.078 0.200 -4407.004
v 3980.778 0.200 -4407.004
v 3980.778 8.200 -4407.304
v 3981.078 8.200 -4407.304
v 3981.078 8.200 -4407.004
v 3980.778 8.200 -4407.004
v 4042.353 0.050 -4427.083
v 4043.561 0.050 -4415.144
v 4090.738 0.050 -4419.914
v 4089.531 0.050 -4431.853
v 4042.152 0.200 -4429.073
v 4042.353 0.200 -4427.083
v 4089.531 0.200 -4431.853
v 4089.329 0.200 -4433.843
v 4043.561 0.200 -4415.144
v 4043.762 0.200 -4413.154
v 4090.939 0.200 -4417.924
v 4090.738 0.200 -4419.914
v 4042.949 0.070 -4421.188
v 4042.964 0.070 -4421.039
v 4090.142 0.070 -4425.809
v 4090.127 0.070 -4425.959
v 4042.022 0.200 -4429.024
v 4042.322 0.200 -4429.024
v 4042.322 0.200 -4428.724
v 4042.022 0.200 -4428.724
v 4042.022 8.200 -4429.024
v 4042.322 8.200 -4429.024
v 4042.322 8.200 -4428.724
v 4042.022 8.200 -4428.724
v 4043.592 0.200 -4413.503
v 4043.892 0.200 -4413.503
v 4043.892 0.200 -4413.203
v 4043.592 0.200 -4413.203
v 4043.592 8.200 -4413.503
v 4043.892 8.200 -4413.503
v 4043.892 8.200 -4413.203
v 4043.592 8.200 -4413.203
v 4089.776 0.050 -4431.873
v 4090.492 0.050 -4419.895
v 4130.500 0.050 -4422.286
v 4129.784 0.050 -4434.265
v 4089.657 0.200 -4433.870
v 4089.776 0.200 -4431.873
v 4129.784 0.200 -4434.265
v 4129.665 0.200 -4436.261
v 4090.492 0.200 -4419.895
v 4090.612 0.200 -4417.898
v 4130.620 0.200 -4420.290
v 4130.500 0.200 -4422.286
v 4090.130 0.070 -4425.959
v 4090.139 0.070 -4425.809
v 4130.147 0.070 -4428.201
v 4130.138 0.070 -4428.350
v 4089.519 0.200 -4433.820
v 4089.819 0.200 -4433.820
v 4089.819 0.200 -4433.520
v 4089.519 0.200 -4433.520
v 4089.519 8.200 -4433.820
v 4089.819 8.200 -4433.820
v 4089.819 8.200 -4433.520
v 4089.519 8.200 -4433.520
v 4090.450 0.200 -4418.248
v 4090.750 0.200 -4418.248
v 4090.750 0.200 -4417.948
v 4090.450 0.200 -4417.948
v 4090.450 8.200 -4418.248
v 4090.750 8.200 -4418.248
v 4090.750 8.200 -4417.948
v 4090.450 8.200 -4417.948
v 4130.510 0.050 -4434.264
v 4129.775 0.050 -4422.287
v 4163.805 0.050 -4420.199
v 4164.540 0.050 -4432.177
v 4130.632 0.200 -4436.261
v 4130.510 0.200 -4434.264
v 4164.540 0.200 -4432.177
v 4164.663 0.200 -4434.173
v 4129.775 0.200 -4422.287
v 4129.652 0.200 -4420.291
v 4163.683 0.200 -4418.203
v 4163.805 0.200 -4420.199
v 4130.147 0.070 -4428.350
v 4130.138 0.070 -4428.201
v 4164.168 0.070 -4426.113
v 4164.177 0.070 -4426.263
v 4130.470 0.200 -4436.211
v 4130.770 0.200 -4436.211
v 4130.770 0.200 -4435.911
v 4130.470 0.200 -4435.911
v 4130.470 8.200 -4436.211
v 4130.770 8.200 -4436.211
v 4130.770 8.200 -4435.911
v 4130.470 8.200 -4435.911
v 4129.515 0.200 -4420.640
v 4129.815 0.200 -4420.640
v 4129.815 0.200 -4420.340
v 4129.515 0.200 -4420.340
v 4129.515 8.200 -4420.640
v 4129.815 8.200 -4420.640
v 4129.815 8.200 -4420.340
v 4129.515 8.200 -4420.340
v 4166.156 0.050 -4431.851
v 4162.190 0.050 -4420.525
v 4197.133 0.050 -4408.289
v 4201.099 0.050 -4419.615
v 4166.817 0.200 -4433.738
v 4166.156 0.200 -4431.851
v 4201.099 0.200 -4419.615
v 4201.760 0.200 -4421.502
v 4162.190 0.200 -4420.525
v 4161.529 0.200 -4418.637
v 4196.472 0.200 -4406.401
v 4197.133 0.200 -4408.289
v 4164.198 0.070 -4426.259
v 4164.148 0.070 -4426.117
v 4199.091 0.070 -4413.881
v 4199.141 0.070 -4414.023
v 4166.601 0.200 -4433.700
v 4166.901 0.200 -4433.700
v 4166.901 0.200 -4433.400
v 4166.601 0.200 -4433.400
v 4166.601 8.200 -4433.700
v 4166.901 8.200 -4433.700
v 4166.901 8.200 -4433.400
v 4166.601 8.200 -4433.400
v 4161.445 0.200 -4418.976
v 4161.745 0.200 -4418.976
v 4161.745 0.200 -4418.676
v 4161.445 0.200 -4418.676
v 4161.445 8.200 -4418.976
v 4161.745 8.200 -4418.976
v 4161.745 8.200 -4418.676
v 4161.445 8.200 -4418.676
v 4201.360 0.050 -4419.516
v 4196.872 0.050 -4408.387
v 4233.897 0.050 -4393.456
v 4238.385 0.050 -4404.585
v 4202.108 0.200 -4421.371
v 4201.360 0.200 -4419.516
v 4238.385 0.200 -4404.585
v 4239.133 0.200 -4406.440
v 4196.872 0.200 -4408.387
v 4196.124 0.200 -4406.532
v 4233.149 0.200 -4391.601
v 4233.897 0.200 -4393.456
v 4199.144 0.070 -4414.021
v 4199.088 0.070 -4413.882
v 4236.113 0.070 -4398.951
v 4236.169 0.070 -4399.090
v 4201.883 0.200 -4421.336
v 4202.183 0.200 -4421.336
v 4202.183 0.200 -4421.036
v 4201.883 0.200 -4421.036
v 4201.883 8.200 -4421.336
v 4202.183 8.200 -4421.336
v 4202.183 8.200 -4421.036
v 4201.883 8.200 -4421.036
v 4196.049 0.200 -4406.868
v 4196.349 0.200 -4406.868
v 4196.349 0.200 -4406.568
v 4196.049 0.200 -4406.568
v 4196.049 8.200 -4406.868
v 4196.349 8.200 -4406.868
v 4196.349 8.200 -4406.568
v 4196.049 8.200 -4406.568
v 3282.779 0.050 -4597.525
v 3284.247 0.050 -4605.389
v 3266.770 0.050 -4608.653
v 3265.302 0.050 -4600.789
v 3282.412 0.200 -4595.559
v 3282.779 0.200 -4597.525
v 3265.302 0.200 -4600.789
v 3264.934 0.200 -4598.823
v 3284.247 0.200 -4605.389
v 3284.615 0.200 -4607.355
v 3267.137 0.200 -4610.619
v 3266.770 0.200 -4608.653
v 3263.714 0.050 -4601.464
v 3268.358 0.050 -4607.978
v 3248.654 0.050 -4622.024
v 3244.010 0.050 -4615.510
v 3262.553 0.200 -4599.835
v 3263.714 0.200 -4601.464
v 3244.010 0.200 -4615.510
v 3242.849 0.200 -4613.882
v 3268.358 0.200 -4607.978
v 3269.519 0.200 -4609.606
v 3249.815 0.200 -4623.653
v 3248.654 0.200 -4622.024
v 3262.519 0.200 -4600.148
v 3262.819 0.200 -4600.148
v 3262.819 0.200 -4599.848
v 3262.519 0.200 -4599.848
v 3262.519 8.200 -4600.148
v 3262.819 8.200 -4600.148
v 3262.819 8.200 -4599.848
v 3262.519 8.200 -4599.848
v 3269.253 0.200 -4609.593
v 3269.553 0.200 -4609.593
v 3269.553 0.200 -4609.293
v 3269.253 0.200 -4609.293
v 3269.253 8.200 -4609.593
v 3269.553 8.200 -4609.593
v 3269.553 8.200 -4609.293
v 3269.253 8.200 -4609.293
v 3242.387 0.050 -4618.110
v 3250.278 0.050 -4619.424
v 3244.311 0.050 -4655.261
v 3236.420 0.050 -4653.947
v 3240.414 0.200 -4617.782
v 3242.387 0.200 -4618.110
v 3236.420 0.200 -4653.947
v 3234.447 0.200 -4653.618
v 3250.278 0.200 -4619.424
v 3252.251 0.200 -4619.753
v 3246.284 0.200 -4655.589
v 3244.311 0.200 -4655.261
v 3240.461 0.200 -4617.965
v 3240.761 0.200 -4617.965
v 3240.761 0.200 -4617.665
v 3240.461 0.200 -4617.665
v 3240.461 8.200 -4617.965
v 3240.761 8.200 -4617.965
v 3240.761 8.200 -4617.665
v 3240.461 8.200 -4617.665
v 3251.904 0.200 -4619.870
v 3252.204 0.200 -4619.870
v 3252.204 0.200 -4619.570
v 3251.904 0.200 -4619.570
v 3251.904 8.200 -4619.870
v 3252.204 8.200 -4619.870
v 3252.204 8.200 -4619.570
v 3251.904 8.200 -4619.570
v 3236.399 0.050 -4655.121
v 3244.332 0.050 -4654.086
v 3247.917 0.050 -4681.558
v 3239.984 0.050 -4682.593
v 3234.416 0.200 -4655.380
v 3236.399 0.200 -4655.121
v 3239.984 0.200 -4682.593
v 3238.001 0.200 -4682.852
v 3244.332 0.200 -4654.086
v 3246.315 0.200 -4653.827
v 3249.900 0.200 -4681.299
v 3247.917 0.200 -4681.558
v 3240.025 0.050 -4682.844
v 3247.876 0.050 -4681.307
v 3253.252 0.050 -4708.779
v 3245.401 0.050 -4710.316
v 3238.062 0.200 -4683.228
v 3240.025 0.200 -4682.844
v 3245.401 0.200 -4710.316
v 3243.439 0.200 -4710.700
v 3247.876 0.200 -4681.307
v 3249.838 0.200 -4680.923
v 3255.215 0.200 -4708.395
v 3253.252 0.200 -4708.779
v 3238.108 0.200 -4683.340
v 3238.408 0.200 -4683.340
v 3238.408 0.200 -4683.040
v 3238.108 0.200 -4683.040
v 3238.108 8.200 -4683.340
v 3238.408 8.200 -4683.340
v 3238.408 8.200 -4683.040
v 3238.108 8.200 -4683.040
v 3249.492 0.200 -4681.112
v 3249.792 0.200 -4681.112
v 3249.792 0.200 -4680.812
v 3249.492 0.200 -4680.812
v 3249.492 8.200 -4681.112
v 3249.792 8.200 -4681.112
v 3249.792 8.200 -4680.812
v 3249.492 8.200 -4680.812
v 2042.509 7.578 -2780.129
v 2046.233 8.105 -2787.210
v 2034.879 8.374 -2793.181
v 2031.155 7.840 -2786.101
v 2041.578 7.592 -2778.359
v 2042.509 7.728 -2780.129
v 2031.155 7.990 -2786.101
v 2030.224 7.848 -2784.331
v 2046.233 8.255 -2787.210
v 2047.164 8.380 -2788.980
v 2035.810 8.642 -2794.952
v 2034.879 8.524 -2793.181
v 2029.493 7.940 -2787.748
v 2036.540 8.290 -2791.535
v 2032.366 8.733 -2799.303
v 2025.319 8.432 -2795.517
v 2027.731 7.998 -2786.801
v 2029.493 8.090 -2787.748
v 2025.319 8.582 -2795.517
v 2023.557 8.503 -2794.570
v 2036.540 8.440 -2791.535
v 2038.302 8.516 -2792.481
v 2034.128 8.956 -2800.250
v 2032.366 8.883 -2799.303
v 2024.845 8.540 -2797.249
v 2032.839 8.629 -2797.571
v 2032.238 9.560 -2812.500
v 2024.244 9.513 -2812.179
v 2022.847 8.668 -2797.169
v 2024.845 8.690 -2797.249
v 2024.244 9.663 -2812.179
v 2022.246 9.650 -2812.098
v 2032.839 8.779 -2797.571
v 2034.837 8.800 -2797.651
v 2034.236 9.722 -2812.581
v 2032.238 9.710 -2812.500
v 2022.897 8.670 -2797.327
v 2023.197 8.670 -2797.327
v 2023.197 8.670 -2797.027
v 2022.897 8.670 -2797.027
v 2022.897 16.670 -2797.327
v 2023.197 16.670 -2797.327
v 2023.197 16.670 -2797.027
v 2022.897 16.670 -2797.027
v 2034.488 8.798 -2797.793
v 2034.788 8.798 -2797.793
v 2034.788 8.798 -2797.493
v 2034.488 8.798 -2797.493
v 2034.488 16.798 -2797.793
v 2034.788 16.798 -2797.793
v 2034.788 16.798 -2797.493
v 2034.488 16.798 -2797.493
v 2024.245 9.535 -2812.522
v 2032.237 9.539 -2812.157
v 2032.838 10.272 -2825.289
v 2024.846 10.289 -2825.655
v 2022.247 9.684 -2812.614
v 2024.245 9.685 -2812.522
v 2024.846 10.439 -2825.655
v 2022.849 10.443 -2825.747
v 2032.237 9.689 -2812.157
v 2034.235 9.690 -2812.065
v 2034.836 10.418 -2825.198
v 2032.838 10.422 -2825.289
v 2025.114 10.337 -2826.921
v 2032.571 10.225 -2824.023
v 2036.745 10.615 -2834.765
v 2029.288 10.736 -2837.662
v 2023.250 10.515 -2827.646
v 2025.114 10.487 -2826.921
v 2029.288 10.886 -2837.662
v 2027.424 10.917 -2838.387
v 2032.571 10.375 -2824.023
v 2034.435 10.348 -2823.299
v 2038.609 10.736 -2834.040
v 2036.745 10.765 -2834.765
v 2030.090 10.782 -2838.941
v 2035.943 10.570 -2833.486
v 2042.210 10.799 -2840.211
v 2036.358 11.012 -2845.666
v 2028.627 10.987 -2840.304
v 2030.090 10.932 -2838.941
v 2036.358 11.162 -2845.666
v 2034.895 11.217 -2847.029
v 2035.943 10.720 -2833.486
v 2037.406 10.668 -2832.123
v 2043.673 10.898 -2838.848
v 2042.210 10.949 -2840.211
v 2028.624 10.981 -2840.318
v 2028.924 10.981 -2840.318
v 2028.924 10.981 -2840.018
v 2028.624 10.981 -2840.018
v 2028.624 18.981 -2840.318
v 2028.924 18.981 -2840.318
v 2028.924 18.981 -2840.018
v 2028.624 18.981 -2840.018
v 2037.110 10.673 -2832.409
v 2037.410 10.673 -2832.409
v 2037.410 10.673 -2832.109
v 2037.110 10.673 -2832.109
v 2037.110 18.673 -2832.409
v 2037.410 18.673 -2832.409
v 2037.410 18.673 -2832.109
v 2037.110 18.673 -2832.109
v 4263.954 9.598 -2847.343
v 4264.166 9.674 -2855.340
v 4231.761 10.634 -2856.199
v 4231.549 10.529 -2848.201
v 4263.901 9.757 -2845.343
v 4263.954 9.748 -2847.343
v 4231.549 10.679 -2848.201
v 4231.496 10.677 -2846.202
v 4264.166 9.824 -2855.340
v 4264.219 9.885 -2857.339
v 4231.814 10.836 -2858.198
v 4231.761 10.784 -2856.199
v 4263.756 9.756 -2845.693
v 4264.056 9.756 -2845.693
v 4264.056 9.756 -2845.393
v 4263.756 9.756 -2845.393
v 4263.756 17.756 -2845.693
v 4264.056 17.756 -2845.693
v 4264.056 17.756 -2845.393
v 4263.756 17.756 -2845.393
v 4264.063 9.879 -2857.289
v 4264.363 9.879 -2857.289
v 4264.363 9.879 -2856.989
v 4264.063 9.879 -2856.989
v 4264.063 17.879 -2857.289
v 4264.363 17.879 -2857.289
v 4264.363 17.879 -2856.989
v 4264.063 17.879 -2856.989
v 4231.524 10.530 -2848.202
v 4231.785 10.633 -2856.198
v 4204.990 12.420 -2857.070
v 4204.730 12.295 -2849.074
v 4231.459 10.680 -2846.203
v 4231.524 10.680 -2848.202
v 4204.730 12.445 -2849.074
v 4204.665 12.424 -2847.075
v 4231.785 10.783 -2856.198
v 4231.850 10.834 -2858.197
v 4205.055 12.608 -2859.069
v 4204.990 12.570 -2857.070
v 4204.156 12.333 -2849.134
v 4205.564 12.381 -2857.010
v 4188.710 13.601 -2860.022
v 4187.302 13.572 -2852.147
v 4203.804 12.481 -2847.166
v 4204.156 12.483 -2849.134
v 4187.302 13.722 -2852.147
v 4186.951 13.711 -2850.178
v 4205.564 12.531 -2857.010
v 4205.916 12.550 -2858.978
v 4189.062 13.759 -2861.991
v 4188.710 13.751 -2860.022
v 4203.690 12.482 -2847.513
v 4203.990 12.482 -2847.513
v 4203.990 12.482 -2847.213
v 4203.690 12.482 -2847.213
v 4203.690 20.482 -2847.513
v 4203.990 20.482 -2847.513
v 4203.990 20.482 -2847.213
v 4203.690 20.482 -2847.213
v 4205.730 12.548 -2858.932
v 4206.030 12.548 -2858.932
v 4206.030 12.548 -2858.632
v 4205.730 12.548 -2858.632
v 4205.730 20.548 -2858.932
v 4206.030 20.548 -2858.932
v 4206.030 20.548 -2858.632
v 4205.730 20.548 -2858.632
v 4187.077 13.591 -2852.194
v 4188.935 13.583 -2859.975
v 4179.863 14.293 -2862.142
v 4178.005 14.318 -2854.361
v 4186.612 13.738 -2850.249
v 4187.077 13.741 -2852.194
v 4178.005 14.468 -2854.361
v 4177.540 14.475 -2852.415
v 4188.935 13.733 -2859.975
v 4189.400 13.732 -2861.920
v 4180.327 14.438 -2864.087
v 4179.863 14.443 -2862.142
v 4178.934 14.245 -2854.251
v 4178.934 14.364 -2862.251
v 4173.746 14.748 -2862.251
v 4173.746 14.640 -2854.251
v 4178.934 14.366 -2852.251
v 4178.934 14.395 -2854.251
v 4173.746 14.790 -2854.251
v 4173.746 14.763 -2852.251
v 4178.934 14.514 -2862.251
v 4178.934 14.544 -2864.251
v 4173.746 14.926 -2864.251
v 4173.746 14.898 -2862.251
v 4176.575 14.441 -2855.423
v 4170.917 14.943 -2861.079
v 4166.598 15.214 -2856.759
v 4172.256 14.699 -2851.103
v 4177.989 14.464 -2854.009
v 4176.575 14.591 -2855.423
v 4172.256 14.849 -2851.103
v 4173.670 14.707 -2849.689
v 4170.917 15.093 -2861.079
v 4169.503 15.216 -2862.493
v 4165.184 15.487 -2858.173
v 4166.598 15.364 -2856.759
v 4172.587 14.683 -2851.478
v 4166.267 15.234 -2856.384
v 4162.872 15.440 -2852.011
v 4169.191 14.828 -2847.105
v 4174.166 14.683 -2850.251
v 4172.587 14.833 -2851.478
v 4169.191 14.978 -2847.105
v 4170.771 14.828 -2845.878
v 4166.267 15.384 -2856.384
v 4164.688 15.518 -2857.610
v 4161.292 15.727 -2853.237
v 4162.872 15.590 -2852.011
v 4169.190 14.828 -2847.103
v 4162.874 15.440 -2852.012
v 4160.224 15.541 -2848.604
v 4166.541 14.932 -2843.694
v 4170.769 14.828 -2845.876
v 4169.190 14.978 -2847.103
v 4166.541 15.082 -2843.694
v 4168.120 14.934 -2842.467
v 4162.874 15.590 -2852.012
v 4161.294 15.727 -2853.240
v 4158.645 15.847 -2849.831
v 4160.224 15.691 -2848.604
v 4170.461 14.843 -2846.148
v 4170.761 14.843 -2846.148
v 4170.761 14.843 -2845.848
v 4170.461 14.843 -2845.848
v 4170.461 22.843 -2846.148
v 4170.761 22.843 -2846.148
v 4170.761 22.843 -2845.848
v 4170.461 22.843 -2845.848
v 4161.302 15.714 -2853.267
v 4161.602 15.714 -2853.267
v 4161.602 15.714 -2852.967
v 4161.302 15.714 -2852.967
v 4161.302 23.714 -2853.267
v 4161.602 23.714 -2853.267
v 4161.602 23.714 -2852.967
v 4161.302 23.714 -2852.967
v 4167.075 14.918 -2844.611
v 4159.690 15.554 -2847.687
v 4155.371 15.550 -2837.315
v 4162.756 14.938 -2834.240
v 4168.921 14.912 -2843.842
v 4167.075 15.068 -2844.611
v 4162.756 15.088 -2834.240
v 4164.602 14.938 -2833.471
v 4159.690 15.704 -2847.687
v 4157.843 15.866 -2848.456
v 4153.524 15.855 -2838.084
v 4155.371 15.700 -2837.315
v 4162.956 14.942 -2834.857
v 4155.170 15.544 -2836.698
v 4153.434 15.427 -2829.352
v 4161.219 14.848 -2827.511
v 4164.902 14.943 -2834.397
v 4162.956 15.092 -2834.857
v 4161.219 14.998 -2827.511
v 4163.166 14.855 -2827.051
v 4155.170 15.694 -2836.698
v 4153.224 15.840 -2837.158
v 4151.488 15.682 -2829.812
v 4153.434 15.577 -2829.352
v 4161.218 14.848 -2827.506
v 4153.435 15.427 -2829.358
v 4151.276 15.199 -2820.281
v 4159.058 14.664 -2818.429
v 4163.164 14.854 -2827.043
v 4161.218 14.998 -2827.506
v 4159.058 14.814 -2818.429
v 4161.004 14.673 -2817.966
v 4153.435 15.577 -2829.358
v 4151.490 15.682 -2829.820
v 4149.330 15.459 -2820.744
v 4151.276 15.349 -2820.281
v 4159.152 14.685 -2819.007
v 4151.182 15.173 -2819.703
v 4150.314 14.681 -2809.768
v 4158.283 14.267 -2809.071
v 4161.144 14.703 -2818.833
v 4159.152 14.835 -2819.007
v 4158.283 14.417 -2809.071
v 4160.276 14.304 -2808.897
v 4151.182 15.323 -2819.703
v 4149.190 15.419 -2819.877
v 4148.321 14.918 -2809.942
v 4150.314 14.831 -2809.768
v 4160.795 14.716 -2819.000
v 4161.095 14.716 -2819.000
v 4161.095 14.716 -2818.700
v 4160.795 14.716 -2818.700
v 4160.795 22.716 -2819.000
v 4161.095 22.716 -2819.000
v 4161.095 22.716 -2818.700
v 4160.795 22.716 -2818.700
v 4149.239 15.409 -2820.010
v 4149.539 15.409 -2820.010
v 4149.539 15.409 -2819.710
v 4149.239 15.409 -2819.710
v 4149.239 23.409 -2820.010
v 4149.539 23.409 -2820.010
v 4149.539 23.409 -2819.710
v 4149.239 23.409 -2819.710
v 4158.299 14.283 -2809.420
v 4150.299 14.663 -2809.420
v 4150.299 13.880 -2794.728
v 4158.299 13.586 -2794.728
v 4160.299 14.326 -2809.420
v 4158.299 14.433 -2809.420
v 4158.299 13.736 -2794.728
v 4160.299 13.656 -2794.728
v 4150.299 14.813 -2809.420
v 4148.299 14.890 -2809.420
v 4148.299 14.093 -2794.728
v 4150.299 14.030 -2794.728
v 4158.228 13.554 -2793.981
v 4150.369 13.917 -2795.475
v 4148.644 13.446 -2786.398
v 4156.503 13.140 -2784.904
v 4160.193 13.609 -2793.607
v 4158.228 13.704 -2793.981
v 4156.503 13.290 -2784.904
v 4158.468 13.212 -2784.531
v 4150.369 14.067 -2795.475
v 4148.404 14.151 -2795.848
v 4146.679 13.673 -2786.772
v 4148.644 13.596 -2786.398
v 4156.215 13.098 -2783.996
v 4148.932 13.494 -2787.307
v 4144.613 13.008 -2777.807
v 4151.895 12.653 -2774.496
v 4158.035 13.153 -2783.168
v 4156.215 13.248 -2783.996
v 4151.895 12.803 -2774.496
v 4153.716 12.720 -2773.668
v 4148.932 13.644 -2787.307
v 4147.111 13.746 -2788.135
v 4142.792 13.251 -2778.635
v 4144.613 13.158 -2777.807
v 4157.703 13.162 -2783.401
v 4158.003 13.162 -2783.401
v 4158.003 13.162 -2783.101
v 4157.703 13.162 -2783.101
v 4157.703 21.162 -2783.401
v 4158.003 21.162 -2783.401
v 4158.003 21.162 -2783.101
v 4157.703 21.162 -2783.101
v 4147.143 13.736 -2788.202
v 4147.443 13.736 -2788.202
v 4147.443 13.736 -2787.902
v 4147.143 13.736 -2787.902
v 4147.143 21.736 -2788.202
v 4147.443 21.736 -2788.202
v 4147.443 21.736 -2787.902
v 4147.143 21.736 -2787.902
v 4151.291 12.609 -2773.548
v 4145.217 13.055 -2778.755
v 4140.030 12.769 -2772.704
v 4146.103 12.328 -2767.497
v 4152.809 12.653 -2772.247
v 4151.291 12.759 -2773.548
v 4146.103 12.478 -2767.497
v 4147.622 12.374 -2766.196
v 4145.217 13.205 -2778.755
v 4143.699 13.323 -2780.057
v 4138.511 13.035 -2774.006
v 4140.030 12.919 -2772.704
v 4145.361 12.297 -2766.825
v 4140.772 12.799 -2773.377
v 4132.133 12.532 -2767.326
v 4136.723 12.013 -2760.774
v 4146.509 12.327 -2765.187
v 4145.361 12.447 -2766.825
v 4136.723 12.163 -2760.774
v 4137.871 12.051 -2759.135
v 4140.772 12.949 -2773.377
v 4139.624 13.080 -2775.015
v 4130.986 12.818 -2768.964
v 4132.133 12.682 -2767.326
v 4136.514 12.007 -2760.637
v 4132.342 12.539 -2767.463
v 4116.780 12.036 -2757.950
v 4120.952 11.518 -2751.124
v 4137.557 12.042 -2758.930
v 4136.514 12.157 -2760.637
v 4120.952 11.668 -2751.124
v 4121.995 11.543 -2749.418
v 4132.342 12.689 -2767.463
v 4131.299 12.828 -2769.169
v 4115.736 12.321 -2759.657
v 4116.780 12.186 -2757.950
v 4137.303 12.053 -2759.251
v 4137.603 12.053 -2759.251
v 4137.603 12.053 -2758.951
v 4137.303 12.053 -2758.951
v 4137.303 20.053 -2759.251
v 4137.603 20.053 -2759.251
v 4137.603 20.053 -2758.951
v 4137.303 20.053 -2758.951
v 4131.253 12.814 -2769.148
v 4131.553 12.814 -2769.148
v 4131.553 12.814 -2768.848
v 4131.253 12.814 -2768.848
v 4131.253 20.814 -2769.148
v 4131.553 20.814 -2769.148
v 4131.553 20.814 -2768.848
v 4131.253 20.814 -2768.848
v 4120.817 11.513 -2751.045
v 4116.915 12.041 -2758.029
v 4102.231 11.731 -2749.824
v 4106.134 11.118 -2742.841
v 4121.792 11.536 -2749.299
v 4120.817 11.663 -2751.045
v 4106.134 11.268 -2742.841
v 4107.109 11.113 -2741.095
v 4116.915 12.191 -2758.029
v 4115.939 12.327 -2759.775
v 4101.256 12.032 -2751.570
v 4102.231 11.881 -2749.824
v 4106.440 11.123 -2743.030
v 4101.926 11.725 -2749.635
v 4093.710 11.541 -2744.020
v 4098.224 10.946 -2737.415
v 4107.568 11.121 -2741.379
v 4106.440 11.273 -2743.030
v 4098.224 11.096 -2737.415
v 4099.353 10.945 -2735.764
v 4101.926 11.875 -2749.635
v 4100.797 12.023 -2751.286
v 4092.582 11.837 -2745.671
v 4093.710 11.691 -2744.020
v 4098.615 10.957 -2737.719
v 4093.320 11.530 -2743.716
v 4085.973 11.284 -2737.229
v 4091.268 10.713 -2731.232
v 4099.938 10.961 -2736.220
v 4098.615 11.107 -2737.719
v 4091.268 10.863 -2731.232
v 4092.591 10.735 -2729.733
v 4093.320 11.680 -2743.716
v 4091.996 11.821 -2745.215
v 4084.649 11.574 -2738.728
v 4085.973 11.434 -2737.229
v 4099.656 10.976 -2736.520
v 4099.956 10.976 -2736.520
v 4099.956 10.976 -2736.220
v 4099.656 10.976 -2736.220
v 4099.656 18.976 -2736.520
v 4099.956 18.976 -2736.520
v 4099.956 18.976 -2736.220
v 4099.656 18.976 -2736.220
v 4091.978 11.807 -2745.215
v 4092.278 11.807 -2745.215
v 4092.278 11.807 -2744.915
v 4091.978 11.807 -2744.915
v 4091.978 19.807 -2745.215
v 4092.278 19.807 -2745.215
v 4092.278 19.807 -2744.915
v 4091.978 19.807 -2744.915
v 4091.574 10.725 -2731.533
v 4085.666 11.272 -2736.928
v 4076.594 10.948 -2726.992
v 4082.501 10.522 -2721.598
v 4093.051 10.742 -2730.185
v 4091.574 10.875 -2731.533
v 4082.501 10.672 -2721.598
v 4083.978 10.565 -2720.249
v 4085.666 11.422 -2736.928
v 4084.190 11.556 -2738.276
v 4075.117 11.203 -2728.341
v 4076.594 11.098 -2726.992
v 4082.251 10.519 -2721.347
v 4076.844 10.951 -2727.243
v 4071.657 10.902 -2722.487
v 4077.063 10.470 -2716.590
v 4083.602 10.559 -2719.873
v 4082.251 10.669 -2721.347
v 4077.063 10.620 -2716.590
v 4078.415 10.510 -2715.116
v 4076.844 11.101 -2727.243
v 4075.493 11.208 -2728.718
v 4070.305 11.177 -2723.961
v 4071.657 11.052 -2722.487
v 4076.080 10.472 -2715.927
v 4072.640 10.900 -2723.150
v 4063.568 11.246 -2718.830
v 4067.007 10.719 -2711.607
v 4076.940 10.513 -2714.122
v 4076.080 10.622 -2715.927
v 4067.007 10.869 -2711.607
v 4067.867 10.733 -2709.801
v 4072.640 11.050 -2723.150
v 4071.781 11.156 -2724.956
v 4062.708 11.524 -2720.636
v 4063.568 11.396 -2718.830
v 4076.704 10.524 -2714.452
v 4077.004 10.524 -2714.452
v 4077.004 10.524 -2714.152
v 4076.704 10.524 -2714.152
v 4076.704 18.524 -2714.452
v 4077.004 18.524 -2714.452
v 4077.004 18.524 -2714.152
v 4076.704 18.524 -2714.152
v 4071.717 11.145 -2724.925
v 4072.017 11.145 -2724.925
v 4072.017 11.145 -2724.625
v 4071.717 11.145 -2724.625
v 4071.717 19.145 -2724.925
v 4072.017 19.145 -2724.925
v 4072.017 19.145 -2724.625
v 4071.717 19.145 -2724.625
v 4066.259 10.759 -2711.338
v 4064.316 11.208 -2719.099
v 4050.490 11.997 -2715.637
v 4052.433 11.601 -2707.877
v 4066.745 10.795 -2709.398
v 4066.259 10.909 -2711.338
v 4052.433 11.751 -2707.877
v 4052.919 11.649 -2705.937
v 4064.316 11.358 -2719.099
v 4063.830 11.467 -2721.039
v 4050.005 12.244 -2717.577
v 4050.490 12.147 -2715.637
v 4052.723 11.583 -2707.961
v 4050.200 12.014 -2715.553
v 4039.825 12.616 -2712.105
v 4042.348 12.221 -2704.513
v 4053.354 11.622 -2706.063
v 4052.723 11.733 -2707.961
v 4042.348 12.371 -2704.513
v 4042.979 12.269 -2702.615
v 4050.200 12.164 -2715.553
v 4049.569 12.268 -2717.451
v 4039.194 12.861 -2714.002
v 4039.825 12.766 -2712.105
v 4043.311 12.165 -2704.984
v 4038.863 12.669 -2711.634
v 4032.384 13.015 -2707.300
v 4036.832 12.522 -2700.650
v 4044.423 12.184 -2703.321
v 4043.311 12.315 -2704.984
v 4036.832 12.672 -2700.650
v 4037.944 12.557 -2698.988
v 4038.863 12.819 -2711.634
v 4037.751 12.941 -2713.296
v 4031.272 13.283 -2708.962
v 4032.384 13.165 -2707.300
v 4044.161 12.197 -2703.638
v 4044.461 12.197 -2703.638
v 4044.461 12.197 -2703.338
v 4044.161 12.197 -2703.338
v 4044.161 20.197 -2703.638
v 4044.461 20.197 -2703.638
v 4044.461 20.197 -2703.338
v 4044.161 20.197 -2703.338
v 4037.712 12.929 -2713.280
v 4038.012 12.929 -2713.280
v 4038.012 12.929 -2712.980
v 4037.712 12.929 -2712.980
v 4037.712 20.929 -2713.280
v 4038.012 20.929 -2713.280
v 4038.012 20.929 -2712.980
v 4037.712 20.929 -2712.980
v 4038.501 12.462 -2703.055
v 4030.715 13.079 -2704.895
v 4028.979 13.070 -2697.550
v 4036.764 12.450 -2695.709
v 4040.447 12.456 -2702.595
v 4038.501 12.612 -2703.055
v 4036.764 12.600 -2695.709
v 4038.710 12.446 -2695.249
v 4030.715 13.229 -2704.895
v 4028.769 13.390 -2705.356
v 4027.032 13.398 -2698.010
v 4028.979 13.220 -2697.550
v 4036.820 12.468 -2697.270
v 4028.923 13.053 -2695.989
v 4031.517 12.623 -2680.002
v 4039.413 12.045 -2681.284
v 4038.794 12.473 -2697.590
v 4036.820 12.618 -2697.270
v 4039.413 12.195 -2681.284
v 4041.388 12.050 -2681.604
v 4028.923 13.203 -2695.989
v 4026.949 13.372 -2695.668
v 4029.543 12.918 -2679.682
v 4031.517 12.773 -2680.002
v 4039.465 12.032 -2680.643
v 4031.465 12.635 -2680.643
v 4031.465 12.544 -2674.169
v 4039.465 11.940 -2674.169
v 4041.465 12.031 -2680.643
v 4039.465 12.182 -2680.643
v 4039.465 12.090 -2674.169
v 4041.465 11.939 -2674.169
v 4031.465 12.785 -2680.643
v 4029.465 12.938 -2680.643
v 4029.465 12.847 -2674.169
v 4031.465 12.694 -2674.169
v 4041.115 12.046 -2680.793
v 4041.415 12.046 -2680.793
v 4041.415 12.046 -2680.493
v 4041.115 12.046 -2680.493
v 4041.115 20.046 -2680.793
v 4041.415 20.046 -2680.793
v 4041.415 20.046 -2680.493
v 4041.115 20.046 -2680.493
v 4029.515 12.921 -2680.793
v 4029.815 12.921 -2680.793
v 4029.815 12.921 -2680.493
v 4029.515 12.921 -2680.493
v 4029.515 20.921 -2680.793
v 4029.815 20.921 -2680.793
v 4029.815 20.921 -2680.493
v 4029.515 20.921 -2680.493
v 4039.020 11.947 -2672.335
v 4031.910 12.536 -2676.004
v 4024.998 12.967 -2662.607
v 4032.107 12.379 -2658.938
v 4040.797 11.950 -2671.418
v 4039.020 12.097 -2672.335
v 4032.107 12.529 -2658.938
v 4033.884 12.401 -2658.021
v 4031.910 12.686 -2676.004
v 4030.133 12.833 -2676.921
v 4023.220 13.275 -2663.524
v 4024.998 13.117 -2662.607
v 4032.018 12.385 -2658.775
v 4025.086 12.960 -2662.770
v 4018.608 13.369 -2651.526
v 4025.539 12.795 -2647.532
v 4033.751 12.409 -2657.777
v 4032.018 12.535 -2658.775
v 4025.539 12.945 -2647.532
v 4027.272 12.807 -2646.534
v 4025.086 13.110 -2662.770
v 4023.354 13.266 -2663.768
v 4016.875 13.668 -2652.525
v 4018.608 13.519 -2651.526
v 4025.919 12.774 -2648.429
v 4018.228 13.388 -2650.629
v 4014.766 13.480 -2638.527
v 4022.457 12.923 -2636.327
v 4027.842 12.773 -2647.879
v 4025.919 12.924 -2648.429
v 4022.457 13.073 -2636.327
v 4024.380 12.939 -2635.777
v 4018.228 13.538 -2650.629
v 4016.305 13.694 -2651.179
v 4012.843 13.775 -2639.077
v 4014.766 13.630 -2638.527
v 4027.500 12.788 -2648.084
v 4027.800 12.788 -2648.084
v 4027.800 12.788 -2647.784
v 4027.500 12.788 -2647.784
v 4027.500 20.788 -2648.084
v 4027.800 20.788 -2648.084
v 4027.800 20.788 -2647.784
v 4027.500 20.788 -2647.784
v 4016.347 13.679 -2651.274
v 4016.647 13.679 -2651.274
v 4016.647 13.679 -2650.974
v 4016.347 13.679 -2650.974
v 4016.347 21.679 -2651.274
v 4016.647 21.679 -2651.274
v 4016.647 21.679 -2650.974
v 4016.347 21.679 -2650.974
v 4022.611 12.921 -2637.427
v 4014.611 13.474 -2637.427
v 4014.611 13.339 -2628.364
v 4022.611 12.856 -2628.364
v 4024.611 12.932 -2637.427
v 4022.611 13.071 -2637.427
v 4022.611 13.006 -2628.364
v 4024.611 12.885 -2628.364
v 4014.611 13.624 -2637.427
v 4012.611 13.763 -2637.427
v 4012.611 13.609 -2628.364
v 4014.611 13.489 -2628.364
v 4022.585 12.861 -2628.824
v 4014.638 13.330 -2627.904
v 4015.940 13.099 -2616.660
v 4023.887 12.716 -2617.581
v 4024.571 12.891 -2629.054
v 4022.585 13.011 -2628.824
v 4023.887 12.866 -2617.581
v 4025.874 12.768 -2617.811
v 4014.638 13.480 -2627.904
v 4012.651 13.595 -2627.674
v 4013.954 13.342 -2616.430
v 4015.940 13.249 -2616.660
v 4023.887 12.716 -2617.584
v 4015.941 13.098 -2616.657
v 4016.798 12.962 -2609.311
v 4024.744 12.636 -2610.239
v 4025.873 12.768 -2617.816
v 4023.887 12.866 -2617.584
v 4024.744 12.786 -2610.239
v 4026.731 12.702 -2610.470
v 4015.941 13.248 -2616.657
v 4013.954 13.342 -2616.425
v 4014.811 13.192 -2609.080
v 4016.798 13.112 -2609.311
v 4024.764 12.634 -2610.011
v 4016.778 12.966 -2609.539
v 4017.212 12.860 -2602.193
v 4025.198 12.590 -2602.665
v 4026.761 12.700 -2610.129
v 4024.764 12.784 -2610.011
v 4025.198 12.740 -2602.665
v 4027.195 12.671 -2602.783
v 4016.778 13.116 -2609.539
v 4014.781 13.198 -2609.421
v 4015.216 13.076 -2602.075
v 4017.212 13.010 -2602.193
v 4026.411 12.708 -2610.267
v 4026.711 12.708 -2610.267
v 4026.711 12.708 -2609.967
v 4026.411 12.708 -2609.967
v 4026.411 20.708 -2610.267
v 4026.711 20.708 -2610.267
v 4026.711 20.708 -2609.967
v 4026.411 20.708 -2609.967
v 4014.831 13.190 -2609.583
v 4015.131 13.190 -2609.583
v 4015.131 13.190 -2609.283
v 4014.831 13.190 -2609.283
v 4014.831 21.190 -2609.583
v 4015.131 21.190 -2609.583
v 4015.131 21.190 -2609.283
v 4014.831 21.190 -2609.283
v 4024.534 12.604 -2600.211
v 4017.876 12.865 -2604.647
v 4014.425 12.914 -2599.468
v 4021.083 12.673 -2595.032
v 4026.198 12.698 -2599.102
v 4024.534 12.754 -2600.211
v 4021.083 12.823 -2595.032
v 4022.747 12.773 -2593.923
v 4017.876 13.015 -2604.647
v 4016.212 13.090 -2605.756
v 4012.761 13.134 -2600.577
v 4014.425 13.064 -2599.468
v 4018.120 12.732 -2593.267
v 4017.389 12.843 -2601.234
v 4012.635 12.992 -2600.798
v 4013.366 12.840 -2592.831
v 4018.302 12.856 -2591.275
v 4018.120 12.882 -2593.267
v 4013.366 12.990 -2592.831
v 4013.549 12.954 -2590.839
v 4017.389 12.993 -2601.234
v 4017.206 13.022 -2603.225
v 4012.453 13.182 -2602.789
v 4012.635 13.142 -2600.798
v 4012.437 12.862 -2592.854
v 4013.565 12.961 -2600.774
v 3998.436 13.522 -2602.928
v 3997.309 13.294 -2595.008
v 4012.155 12.984 -2590.874
v 4012.437 13.012 -2592.854
v 3997.309 13.444 -2595.008
v 3997.027 13.384 -2593.028
v 4013.565 13.111 -2600.774
v 4013.846 13.133 -2602.754
v 3998.718 13.725 -2604.908
v 3998.436 13.672 -2602.928
v 3997.202 13.298 -2595.024
v 3998.543 13.517 -2602.911
v 3973.051 14.597 -2607.245
v 3971.710 14.208 -2599.358
v 3996.867 13.389 -2593.053
v 3997.202 13.448 -2595.024
v 3971.710 14.358 -2599.358
v 3971.375 14.259 -2597.386
v 3998.543 13.667 -2602.911
v 3998.878 13.719 -2604.883
v 3973.386 14.840 -2609.216
v 3973.051 14.747 -2607.245
v 3996.751 13.395 -2593.400
v 3997.051 13.395 -2593.400
v 3997.051 13.395 -2593.100
v 3996.751 13.395 -2593.100
v 3996.751 21.395 -2593.400
v 3997.051 21.395 -2593.400
v 3997.051 21.395 -2593.100
v 3996.751 21.395 -2593.100
v 3998.695 13.714 -2604.836
v 3998.995 13.714 -2604.836
v 3998.995 13.714 -2604.536
v 3998.695 13.714 -2604.536
v 3998.695 21.714 -2604.836
v 3998.995 21.714 -2604.836
v 3998.995 21.714 -2604.536
v 3998.695 21.714 -2604.536
v 3972.007 14.197 -2599.319
v 3972.753 14.609 -2607.284
v 3958.927 15.178 -2608.579
v 3958.182 14.689 -2600.613
v 3971.821 14.243 -2597.327
v 3972.007 14.347 -2599.319
v 3958.182 14.839 -2600.613
v 3957.995 14.715 -2598.622
v 3972.753 14.759 -2607.284
v 3972.940 14.859 -2609.275
v 3959.114 15.440 -2610.570
v 3958.927 15.328 -2608.579
v 3958.232 14.687 -2600.609
v 3958.877 15.180 -2608.583
v 3942.881 15.795 -2609.878
v 3942.235 15.239 -2601.904
v 3958.070 14.712 -2598.616
v 3958.232 14.837 -2600.609
v 3942.235 15.389 -2601.904
v 3942.074 15.248 -2599.910
v 3958.877 15.330 -2608.583
v 3959.039 15.443 -2610.576
v 3943.042 16.074 -2611.871
v 3942.881 15.945 -2609.878
v 3941.772 15.255 -2601.969
v 3943.344 15.779 -2609.813
v 3934.705 16.103 -2611.544
v 3933.134 15.591 -2603.699
v 3941.379 15.272 -2600.008
v 3941.772 15.405 -2601.969
v 3933.134 15.741 -2603.699
v 3932.741 15.609 -2601.738
v 3943.344 15.929 -2609.813
v 3943.737 16.051 -2611.774
v 3935.098 16.374 -2613.505
v 3934.705 16.253 -2611.544
v 3941.268 15.285 -2600.354
v 3941.568 15.285 -2600.354
v 3941.568 15.285 -2600.054
v 3941.268 15.285 -2600.054
v 3941.268 23.285 -2600.354
v 3941.568 23.285 -2600.354
v 3941.568 23.285 -2600.054
v 3941.268 23.285 -2600.054
v 3943.547 16.039 -2611.728
v 3943.847 16.039 -2611.728
v 3943.847 16.039 -2611.428
v 3943.547 16.039 -2611.428
v 3943.547 24.039 -2611.728
v 3943.847 24.039 -2611.728
v 3943.847 24.039 -2611.428
v 3943.547 24.039 -2611.428
v 3932.210 15.635 -2604.005
v 3935.629 16.060 -2611.238
v 3927.414 16.516 -2615.122
v 3923.994 16.114 -2607.890
v 3931.355 15.676 -2602.197
v 3932.210 15.785 -2604.005
v 3923.994 16.264 -2607.890
v 3923.139 16.155 -2606.081
v 3935.629 16.210 -2611.238
v 3936.484 16.310 -2613.046
v 3928.269 16.766 -2616.930
v 3927.414 16.666 -2615.122
v 3923.084 16.179 -2608.483
v 3928.324 16.455 -2614.528
v 3921.845 16.982 -2620.143
v 3916.606 16.707 -2614.098
v 3921.775 16.252 -2606.972
v 3923.084 16.329 -2608.483
v 3916.606 16.857 -2614.098
v 3915.296 16.789 -2612.587
v 3928.324 16.605 -2614.528
v 3929.634 16.674 -2616.040
v 3923.155 17.201 -2621.655
v 3921.845 17.132 -2620.143
v 3915.919 16.774 -2614.869
v 3922.531 16.914 -2619.372
v 3916.053 17.697 -2628.885
v 3909.440 17.556 -2624.382
v 3914.266 16.890 -2613.743
v 3915.919 16.924 -2614.869
v 3909.440 17.706 -2624.382
v 3907.787 17.671 -2623.256
v 3922.531 17.064 -2619.372
v 3924.184 17.100 -2620.498
v 3917.706 17.882 -2630.011
v 3916.053 17.847 -2628.885
v 3909.319 17.571 -2624.571
v 3916.174 17.681 -2628.696
v 3912.278 18.199 -2635.170
v 3905.423 18.082 -2631.044
v 3907.606 17.694 -2623.539
v 3909.319 17.721 -2624.571
v 3905.423 18.232 -2631.044
v 3903.710 18.159 -2630.013
v 3916.174 17.831 -2628.696
v 3917.887 17.859 -2629.727
v 3913.991 18.378 -2636.201
v 3912.278 18.349 -2635.170
v 3907.627 17.696 -2623.792
v 3907.927 17.696 -2623.792
v 3907.927 17.696 -2623.492
v 3907.627 17.696 -2623.492
v 3907.627 25.696 -2623.792
v 3907.927 25.696 -2623.792
v 3907.927 25.696 -2623.492
v 3907.627 25.696 -2623.492
v 3917.566 17.856 -2629.774
v 3917.866 17.856 -2629.774
v 3917.866 17.856 -2629.474
v 3917.566 17.856 -2629.474
v 3917.566 25.856 -2629.774
v 3917.866 25.856 -2629.774
v 3917.866 25.856 -2629.474
v 3917.566 25.856 -2629.474
v 3906.222 18.007 -2630.091
v 3911.478 18.281 -2636.123
v 3901.549 18.821 -2644.776
v 3896.293 18.505 -2638.745
v 3904.908 18.069 -2628.584
v 3906.222 18.157 -2630.091
v 3896.293 18.655 -2638.745
v 3894.979 18.555 -2637.237
v 3911.478 18.431 -2636.123
v 3912.792 18.500 -2637.630
v 3902.863 19.052 -2646.284
v 3901.549 18.971 -2644.776
v 3896.981 18.482 -2638.262
v 3900.860 18.834 -2645.259
v 3889.183 18.950 -2651.733
v 3885.304 18.635 -2644.736
v 3896.011 18.520 -2636.513
v 3896.981 18.632 -2638.262
v 3885.304 18.785 -2644.736
v 3884.334 18.710 -2642.987
v 3900.860 18.984 -2645.259
v 3901.830 19.071 -2647.008
v 3890.152 19.181 -2653.482
v 3889.183 19.100 -2651.733
v 3886.039 18.632 -2644.420
v 3888.447 18.951 -2652.049
v 3880.243 18.927 -2654.639
v 3877.835 18.628 -2647.009
v 3885.437 18.704 -2642.513
v 3886.039 18.782 -2644.420
v 3877.835 18.778 -2647.009
v 3877.233 18.706 -2645.102
v 3888.447 19.101 -2652.049
v 3889.049 19.184 -2653.956
v 3880.845 19.154 -2656.546
v 3880.243 19.077 -2654.639
v 3885.347 18.711 -2642.853
v 3885.647 18.711 -2642.853
v 3885.647 18.711 -2642.553
v 3885.347 18.711 -2642.553
v 3885.347 26.711 -2642.853
v 3885.647 26.711 -2642.853
v 3885.647 26.711 -2642.553
v 3885.347 26.711 -2642.553
v 3888.839 19.175 -2653.916
v 3889.139 19.175 -2653.916
v 3889.139 19.175 -2653.616
v 3888.839 19.175 -2653.616
v 3888.839 27.175 -2653.916
v 3889.139 27.175 -2653.916
v 3889.139 27.175 -2653.616
v 3888.839 27.175 -2653.616
v 3878.353 18.630 -2646.883
v 3879.725 18.924 -2654.765
v 3869.784 18.827 -2656.495
v 3868.412 18.563 -2648.614
v 3878.010 18.708 -2644.913
v 3878.353 18.780 -2646.883
v 3868.412 18.713 -2648.614
v 3868.069 18.648 -2646.644
v 3879.725 19.074 -2654.765
v 3880.068 19.148 -2656.735
v 3870.127 19.044 -2658.466
v 3869.784 18.977 -2656.495
v 3868.713 18.565 -2648.573
v 3869.483 18.824 -2656.536
v 3856.091 18.486 -2657.831
v 3855.321 18.265 -2649.868
v 3868.521 18.652 -2646.583
v 3868.713 18.715 -2648.573
v 3855.321 18.415 -2649.868
v 3855.129 18.361 -2647.877
v 3869.483 18.974 -2656.536
v 3869.676 19.039 -2658.527
v 3856.284 18.693 -2659.822
v 3856.091 18.636 -2657.831
v 3855.706 18.277 -2649.850
v 3855.706 18.473 -2657.850
v 3848.793 18.227 -2657.850
v 3848.793 18.061 -2649.850
v 3855.706 18.378 -2647.850
v 3855.706 18.427 -2649.850
v 3848.793 18.211 -2649.850
v 3848.793 18.169 -2647.850
v 3855.706 18.623 -2657.850
v 3855.706 18.672 -2659.850
v 3848.793 18.419 -2659.850
v 3848.793 18.377 -2657.850
v 3855.556 18.383 -2648.200
v 3855.856 18.383 -2648.200
v 3855.856 18.383 -2647.900
v 3855.556 18.383 -2647.900
v 3855.556 26.383 -2648.200
v 3855.856 26.383 -2648.200
v 3855.856 26.383 -2647.900
v 3855.556 26.383 -2647.900
v 3855.556 18.667 -2659.800
v 3855.856 18.667 -2659.800
v 3855.856 18.667 -2659.500
v 3855.556 18.667 -2659.500
v 3855.556 26.667 -2659.800
v 3855.856 26.667 -2659.800
v 3855.856 26.667 -2659.500
v 3855.556 26.667 -2659.500
v 3848.963 18.066 -2649.853
v 3848.624 18.221 -2657.846
v 3838.683 17.861 -2657.423
v 3839.023 17.749 -2649.430
v 3849.048 18.177 -2647.855
v 3848.963 18.216 -2649.853
v 3839.023 17.899 -2649.430
v 3839.108 17.871 -2647.432
v 3848.624 18.371 -2657.846
v 3848.539 18.409 -2659.844
v 3838.598 18.038 -2659.421
v 3838.683 18.011 -2657.423
v 3837.489 17.705 -2649.666
v 3840.217 17.911 -2657.187
v 3830.710 17.614 -2660.635
v 3827.982 17.442 -2653.115
v 3836.807 17.807 -2647.786
v 3837.489 17.855 -2649.666
v 3827.982 17.592 -2653.115
v 3827.300 17.552 -2651.235
v 3840.217 18.061 -2657.187
v 3840.899 18.116 -2659.067
v 3831.392 17.811 -2662.515
v 3830.710 17.764 -2660.635
v 3827.735 17.434 -2653.214
v 3830.957 17.622 -2660.536
v 3820.148 17.277 -2665.292
v 3816.926 17.151 -2657.970
v 3826.929 17.541 -2651.383
v 3827.735 17.584 -2653.214
v 3816.926 17.301 -2657.970
v 3816.120 17.273 -2656.139
v 3830.957 17.772 -2660.536
v 3831.762 17.823 -2662.367
v 3820.953 17.462 -2667.123
v 3820.148 17.427 -2665.292
v 3826.860 17.546 -2651.716
v 3827.160 17.546 -2651.716
v 3827.160 17.546 -2651.416
v 3826.860 17.546 -2651.416
v 3826.860 25.546 -2651.716
v 3827.160 25.546 -2651.716
v 3827.160 25.546 -2651.416
v 3826.860 25.546 -2651.416
v 3831.532 17.818 -2662.334
v 3831.832 17.818 -2662.334
v 3831.832 17.818 -2662.034
v 3831.532 17.818 -2662.034
v 3831.532 25.818 -2662.334
v 3831.832 25.818 -2662.334
v 3831.832 25.818 -2662.034
v 3831.532 25.818 -2662.034
v 3817.878 17.175 -2657.686
v 3819.196 17.251 -2665.577
v 3808.832 16.949 -2667.307
v 3807.514 16.905 -2659.417
v 3817.549 17.307 -2655.713
v 3817.878 17.325 -2657.686
v 3807.514 17.055 -2659.417
v 3807.185 17.046 -2657.444
v 3819.196 17.401 -2665.577
v 3819.525 17.421 -2667.549
v 3809.161 17.111 -2669.280
v 3808.832 17.099 -2667.307
v 3807.874 16.915 -2659.373
v 3808.472 16.938 -2667.351
v 3791.184 16.410 -2668.646
v 3790.586 16.443 -2660.668
v 3807.725 17.060 -2657.379
v 3807.874 17.065 -2659.373
v 3790.586 16.593 -2660.668
v 3790.437 16.602 -2658.674
v 3808.472 17.088 -2667.351
v 3808.621 17.094 -2669.345
v 3791.333 16.580 -2670.640
v 3791.184 16.560 -2668.646
v 3789.311 16.406 -2660.980
v 3792.459 16.451 -2668.334
v 3783.387 16.216 -2672.218
v 3780.238 16.165 -2664.864
v 3788.524 16.548 -2659.141
v 3789.311 16.556 -2660.980
v 3780.238 16.315 -2664.864
v 3779.451 16.338 -2663.025
v 3792.459 16.601 -2668.334
v 3793.247 16.630 -2670.173
v 3784.174 16.428 -2674.057
v 3783.387 16.366 -2672.218
v 3788.452 16.548 -2659.475
v 3788.752 16.548 -2659.475
v 3788.752 16.548 -2659.175
v 3788.452 16.548 -2659.175
v 3788.452 24.548 -2659.475
v 3788.752 24.548 -2659.475
v 3788.752 24.548 -2659.175
v 3788.452 24.548 -2659.175
v 3793.018 16.624 -2670.139
v 3793.318 16.624 -2670.139
v 3793.318 16.624 -2669.839
v 3793.018 16.624 -2669.839
v 3793.018 24.624 -2670.139
v 3793.318 24.624 -2670.139
v 3793.318 24.624 -2669.839
v 3793.018 24.624 -2669.839
v 3779.386 16.164 -2665.361
v 3784.239 16.232 -2671.721
v 3775.167 16.325 -2678.644
v 3770.313 16.215 -2672.284
v 3778.173 16.336 -2663.771
v 3779.386 16.314 -2665.361
v 3770.313 16.365 -2672.284
v 3769.100 16.337 -2670.694
v 3784.239 16.382 -2671.721
v 3785.452 16.452 -2673.311
v 3776.380 16.502 -2680.234
v 3775.167 16.475 -2678.644
v 3769.793 16.227 -2672.759
v 3775.687 16.313 -2678.169
v 3766.169 16.568 -2688.540
v 3760.275 16.482 -2683.131
v 3768.319 16.355 -2671.407
v 3769.793 16.377 -2672.759
v 3760.275 16.632 -2683.131
v 3758.802 16.611 -2681.778
v 3775.687 16.463 -2678.169
v 3777.161 16.484 -2679.521
v 3767.643 16.740 -2689.892
v 3766.169 16.718 -2688.540
v 3760.268 16.483 -2683.138
v 3766.176 16.568 -2688.533
v 3757.103 16.815 -2698.468
v 3751.196 16.730 -2693.073
v 3758.792 16.611 -2681.789
v 3760.268 16.633 -2683.138
v 3751.196 16.880 -2693.073
v 3749.719 16.859 -2691.725
v 3766.176 16.718 -2688.533
v 3767.653 16.739 -2689.881
v 3758.580 16.987 -2699.817
v 3757.103 16.965 -2698.468
v 3758.789 16.613 -2682.074
v 3759.089 16.613 -2682.074
v 3759.089 16.613 -2681.774
v 3758.789 16.613 -2681.774
v 3758.789 24.613 -2682.074
v 3759.089 24.613 -2682.074
v 3759.089 24.613 -2681.774
v 3758.789 24.613 -2681.774
v 3767.355 16.737 -2689.896
v 3767.655 16.737 -2689.896
v 3767.655 16.737 -2689.596
v 3767.355 16.737 -2689.596
v 3767.355 24.737 -2689.896
v 3767.655 24.737 -2689.896
v 3767.655 24.737 -2689.596
v 3767.355 24.737 -2689.596
v 3750.638 16.749 -2693.856
v 3757.661 16.797 -2697.686
v 3752.474 17.259 -2707.198
v 3745.450 17.086 -2703.368
v 3748.882 16.887 -2692.898
v 3750.638 16.899 -2693.856
v 3745.450 17.236 -2703.368
v 3743.695 17.192 -2702.411
v 3757.661 16.947 -2697.686
v 3759.417 16.958 -2698.643
v 3754.230 17.452 -2708.156
v 3752.474 17.409 -2707.198
v 3745.040 17.150 -2704.500
v 3752.885 17.195 -2706.066
v 3751.159 17.674 -2714.707
v 3743.314 17.635 -2713.140
v 3743.078 17.288 -2704.108
v 3745.040 17.300 -2704.500
v 3743.314 17.785 -2713.140
v 3741.353 17.774 -2712.749
v 3752.885 17.345 -2706.066
v 3754.846 17.356 -2706.458
v 3753.121 17.834 -2715.099
v 3751.159 17.824 -2714.707
v 3743.370 17.621 -2712.901
v 3751.104 17.688 -2714.946
v 3747.219 18.515 -2729.638
v 3739.485 18.481 -2727.593
v 3741.436 17.754 -2712.390
v 3743.370 17.771 -2712.901
v 3739.485 18.631 -2727.593
v 3737.551 18.665 -2727.081
v 3751.104 17.838 -2714.946
v 3753.037 17.854 -2715.458
v 3749.152 18.679 -2730.149
v 3747.219 18.665 -2729.638
v 3741.479 17.756 -2712.591
v 3741.779 17.756 -2712.591
v 3741.779 17.756 -2712.291
v 3741.479 17.756 -2712.291
v 3741.479 25.756 -2712.591
v 3741.779 25.756 -2712.591
v 3741.779 25.756 -2712.291
v 3741.479 25.756 -2712.291
v 3752.694 17.852 -2715.557
v 3752.994 17.852 -2715.557
v 3752.994 17.852 -2715.257
v 3752.694 17.852 -2715.257
v 3752.694 25.852 -2715.557
v 3752.994 25.852 -2715.557
v 3752.994 25.852 -2715.257
v 3752.694 25.852 -2715.257
v 3739.557 18.465 -2727.351
v 3747.146 18.529 -2729.880
v 3744.553 19.155 -2737.662
v 3736.963 19.082 -2735.132
v 3737.660 18.641 -2726.718
v 3739.557 18.615 -2727.351
v 3736.963 19.232 -2735.132
v 3735.066 19.236 -2734.500
v 3747.146 18.679 -2729.880
v 3749.044 18.701 -2730.513
v 3746.450 19.340 -2738.294
v 3744.553 19.305 -2737.662
v 3737.288 19.016 -2734.407
v 3744.228 19.216 -2738.387
v 3740.766 19.730 -2744.425
v 3733.826 19.574 -2740.445
v 3735.553 19.138 -2733.413
v 3737.288 19.166 -2734.407
v 3733.826 19.724 -2740.445
v 3732.091 19.691 -2739.450
v 3744.228 19.366 -2738.387
v 3745.963 19.430 -2739.382
v 3742.501 19.944 -2745.420
v 3740.766 19.880 -2744.425
v 3734.760 19.466 -2739.342
v 3739.832 19.835 -2745.528
v 3735.079 20.235 -2749.426
v 3730.006 19.873 -2743.239
v 3733.492 19.531 -2737.795
v 3734.760 19.616 -2739.342
v 3730.006 20.023 -2743.239
v 3728.738 19.939 -2741.693
v 3739.832 19.985 -2745.528
v 3741.100 20.090 -2747.075
v 3736.347 20.482 -2750.972
v 3735.079 20.385 -2749.426
v 3730.204 19.858 -2743.087
v 3734.881 20.251 -2749.578
v 3724.083 20.997 -2757.359
v 3719.406 20.625 -2750.869
v 3729.035 19.915 -2741.465
v 3730.204 20.008 -2743.087
v 3719.406 20.775 -2750.869
v 3718.237 20.688 -2749.247
v 3734.881 20.401 -2749.578
v 3736.051 20.505 -2751.200
v 3725.253 21.246 -2758.982
v 3724.083 21.147 -2757.359
v 3729.001 19.924 -2741.777
v 3729.301 19.924 -2741.777
v 3729.301 19.924 -2741.477
v 3729.001 19.924 -2741.477
v 3729.001 27.924 -2741.777
v 3729.301 27.924 -2741.777
v 3729.301 27.924 -2741.477
v 3729.001 27.924 -2741.477
v 3735.784 20.495 -2751.188
v 3736.084 20.495 -2751.188
v 3736.084 20.495 -2750.888
v 3735.784 20.495 -2750.888
v 3735.784 28.495 -2751.188
v 3736.084 28.495 -2751.188
v 3736.084 28.495 -2750.888
v 3735.784 28.495 -2750.888
v 3719.625 20.611 -2750.722
v 3723.864 21.010 -2757.507
v 3696.201 22.304 -2774.788
v 3691.962 21.935 -2768.003
v 3718.566 20.667 -2749.026
v 3719.625 20.761 -2750.722
v 3691.962 22.085 -2768.003
v 3690.903 22.003 -2766.307
v 3723.864 21.160 -2757.507
v 3724.923 21.265 -2759.203
v 3697.261 22.558 -2776.484
v 3696.201 22.454 -2774.788
v 3718.522 20.676 -2749.345
v 3718.822 20.676 -2749.345
v 3718.822 20.676 -2749.045
v 3718.522 20.676 -2749.045
v 3718.522 28.676 -2749.345
v 3718.822 28.676 -2749.345
v 3718.822 28.676 -2749.045
v 3718.522 28.676 -2749.045
v 3724.667 21.255 -2759.183
v 3724.967 21.255 -2759.183
v 3724.967 21.255 -2758.883
v 3724.667 21.255 -2758.883
v 3724.667 29.255 -2759.183
v 3724.967 29.255 -2759.183
v 3724.967 29.255 -2758.883
v 3724.667 29.255 -2758.883
v 3692.025 21.933 -2767.965
v 3696.138 22.306 -2774.826
v 3685.340 22.478 -2781.300
v 3681.227 22.162 -2774.439
v 3690.996 22.000 -2766.250
v 3692.025 22.083 -2767.965
v 3681.227 22.312 -2774.439
v 3680.198 22.243 -2772.723
v 3696.138 22.456 -2774.826
v 3697.167 22.560 -2776.542
v 3686.369 22.717 -2783.015
v 3685.340 22.628 -2781.300
v 3682.181 22.154 -2774.025
v 3684.387 22.478 -2781.714
v 3675.314 22.400 -2784.317
v 3673.108 22.152 -2776.627
v 3681.629 22.229 -2772.102
v 3682.181 22.304 -2774.025
v 3673.108 22.302 -2776.627
v 3672.557 22.247 -2774.705
v 3684.387 22.628 -2781.714
v 3684.938 22.716 -2783.637
v 3675.866 22.618 -2786.240
v 3675.314 22.550 -2784.317
v 3674.211 22.160 -2776.472
v 3674.211 22.382 -2784.472
v 3668.589 22.267 -2784.472
v 3668.589 22.100 -2776.472
v 3674.211 22.254 -2774.472
v 3674.211 22.310 -2776.472
v 3668.589 22.250 -2776.472
v 3668.589 22.208 -2774.472
v 3674.211 22.532 -2784.472
v 3674.211 22.587 -2786.472
v 3668.589 22.459 -2786.472
v 3668.589 22.417 -2784.472
v 3670.449 22.130 -2776.931
v 3666.730 22.221 -2784.014
v 3658.526 22.020 -2779.707
v 3662.245 21.980 -2772.623
v 3671.378 22.248 -2775.160
v 3670.449 22.280 -2776.931
v 3662.245 22.130 -2772.623
v 3663.174 22.110 -2770.853
v 3666.730 22.371 -2784.014
v 3665.801 22.384 -2785.785
v 3657.596 22.169 -2781.477
v 3658.526 22.170 -2779.707
v 3671.135 22.251 -2775.487
v 3671.435 22.251 -2775.487
v 3671.435 22.251 -2775.187
v 3671.135 22.251 -2775.187
v 3671.135 30.251 -2775.487
v 3671.435 30.251 -2775.487
v 3671.435 30.251 -2775.187
v 3671.135 30.251 -2775.187
v 3665.744 22.383 -2785.758
v 3666.044 22.383 -2785.758
v 3666.044 22.383 -2785.458
v 3665.744 22.383 -2785.458
v 3665.744 30.383 -2785.758
v 3666.044 30.383 -2785.758
v 3666.044 30.383 -2785.458
v 3665.744 30.383 -2785.458
v 3663.444 22.002 -2773.588
v 3657.326 21.993 -2778.742
v 3652.573 21.889 -2773.101
v 3658.691 21.916 -2767.946
v 3664.974 22.142 -2772.299
v 3663.444 22.152 -2773.588
v 3658.691 22.066 -2767.946
v 3660.220 22.053 -2766.658
v 3657.326 22.143 -2778.742
v 3655.797 22.122 -2780.031
v 3651.043 22.020 -2774.390
v 3652.573 22.039 -2773.101
v 3659.441 21.930 -2769.302
v 3651.823 21.877 -2771.745
v 3648.361 21.858 -2760.951
v 3655.979 21.840 -2758.508
v 3661.345 22.077 -2768.691
v 3659.441 22.080 -2769.302
v 3655.979 21.990 -2758.508
v 3657.883 21.979 -2757.897
v 3651.823 22.027 -2771.745
v 3649.919 22.004 -2772.356
v 3646.457 22.005 -2761.562
v 3648.361 22.008 -2760.951
v 3656.071 21.842 -2758.844
v 3648.269 21.858 -2760.615
v 3646.332 21.866 -2752.080
v 3654.134 21.790 -2750.309
v 3658.021 21.982 -2758.402
v 3656.071 21.992 -2758.844
v 3654.134 21.940 -2750.309
v 3656.084 21.918 -2749.867
v 3648.269 22.008 -2760.615
v 3646.319 22.007 -2761.057
v 3644.382 22.030 -2752.522
v 3646.332 22.016 -2752.080
v 3654.155 21.791 -2750.409
v 3646.311 21.866 -2751.980
v 3643.839 21.926 -2739.640
v 3651.684 21.764 -2738.069
v 3656.116 21.918 -2750.016
v 3654.155 21.941 -2750.409
v 3651.684 21.914 -2738.069
v 3653.645 21.869 -2737.676
v 3646.311 22.016 -2751.980
v 3644.350 22.031 -2752.373
v 3641.878 22.114 -2740.033
v 3643.839 22.076 -2739.640
v 3655.770 21.921 -2750.206
v 3656.070 21.921 -2750.206
v 3656.070 21.921 -2749.906
v 3655.770 21.921 -2749.906
v 3655.770 29.921 -2750.206
v 3656.070 29.921 -2750.206
v 3656.070 29.921 -2749.906
v 3655.770 29.921 -2749.906
v 3644.396 22.030 -2752.483
v 3644.696 22.030 -2752.483
v 3644.696 22.030 -2752.183
v 3644.396 22.030 -2752.183
v 3644.396 30.030 -2752.483
v 3644.696 30.030 -2752.483
v 3644.696 30.030 -2752.183
v 3644.396 30.030 -2752.183
v 3651.522 21.765 -2737.490
v 3644.002 21.921 -2740.219
v 3641.163 22.022 -2732.398
v 3648.683 21.811 -2729.669
v 3653.402 21.870 -2736.808
v 3651.522 21.915 -2737.490
v 3648.683 21.961 -2729.669
v 3650.563 21.900 -2728.986
v 3644.002 22.071 -2740.219
v 3642.122 22.105 -2740.902
v 3639.283 22.217 -2733.080
v 3641.163 22.172 -2732.398
v 3648.187 21.817 -2728.721
v 3641.659 22.003 -2733.345
v 3636.727 22.152 -2726.382
v 3643.256 21.925 -2721.759
v 3649.819 21.909 -2727.565
v 3648.187 21.967 -2728.721
v 3643.256 22.075 -2721.759
v 3644.888 22.013 -2720.603
v 3641.659 22.153 -2733.345
v 3640.027 22.188 -2734.501
v 3635.095 22.353 -2727.538
v 3636.727 22.302 -2726.382
v 3642.298 21.952 -2720.802
v 3637.685 22.125 -2727.339
v 3632.743 22.276 -2723.851
v 3637.355 22.112 -2717.314
v 3643.451 22.054 -2719.168
v 3642.298 22.102 -2720.802
v 3637.355 22.262 -2717.314
v 3638.508 22.216 -2715.680
v 3637.685 22.275 -2727.339
v 3636.532 22.312 -2728.973
v 3631.589 22.461 -2725.485
v 3632.743 22.426 -2723.851
v 3635.866 22.165 -2716.667
v 3634.232 22.228 -2724.498
v 3627.264 22.455 -2723.045
v 3628.897 22.422 -2715.213
v 3636.274 22.297 -2714.709
v 3635.866 22.315 -2716.667
v 3628.897 22.572 -2715.213
v 3629.305 22.561 -2713.256
v 3634.232 22.378 -2724.498
v 3633.824 22.392 -2726.456
v 3626.855 22.612 -2725.003
v 3627.264 22.605 -2723.045
v 3636.083 22.299 -2715.055
v 3636.383 22.299 -2715.055
v 3636.383 22.299 -2714.755
v 3636.083 22.299 -2714.755
v 3636.083 30.299 -2715.055
v 3636.383 30.299 -2715.055
v 3636.383 30.299 -2714.755
v 3636.083 30.299 -2714.755
v 3633.715 22.390 -2726.410
v 3634.015 22.390 -2726.410
v 3634.015 22.390 -2726.110
v 3633.715 22.390 -2726.110
v 3633.715 30.390 -2726.410
v 3634.015 30.390 -2726.410
v 3634.015 30.390 -2726.110
v 3633.715 30.390 -2726.110
v 3628.322 22.443 -2715.137
v 3627.838 22.436 -2723.122
v 3618.254 22.755 -2722.541
v 3618.738 22.804 -2714.555
v 3628.444 22.594 -2713.140
v 3628.322 22.593 -2715.137
v 3618.738 22.954 -2714.555
v 3618.859 22.966 -2712.559
v 3627.838 22.586 -2723.122
v 3627.717 22.584 -2725.118
v 3618.132 22.892 -2724.537
v 3618.254 22.905 -2722.541
v 3619.249 22.785 -2714.619
v 3617.743 22.772 -2722.476
v 3604.095 22.834 -2719.860
v 3605.601 22.926 -2712.003
v 3619.625 22.936 -2712.655
v 3619.249 22.935 -2714.619
v 3605.601 23.076 -2712.003
v 3605.977 23.098 -2710.039
v 3617.743 22.922 -2722.476
v 3617.366 22.917 -2724.441
v 3603.718 22.961 -2721.825
v 3604.095 22.984 -2719.860
v 3605.538 22.926 -2711.992
v 3604.158 22.834 -2719.872
v 3592.547 22.859 -2717.837
v 3593.928 22.968 -2709.957
v 3605.884 23.098 -2710.022
v 3605.538 23.076 -2711.992
v 3593.928 23.118 -2709.957
v 3594.273 23.145 -2707.987
v 3604.158 22.984 -2719.872
v 3603.812 22.961 -2721.842
v 3592.202 22.981 -2719.807
v 3592.547 23.009 -2717.837
v 3605.699 23.096 -2710.369
v 3605.999 23.096 -2710.369
v 3605.999 23.096 -2710.069
v 3605.699 23.096 -2710.069
v 3605.699 31.096 -2710.369
v 3605.999 31.096 -2710.369
v 3605.999 31.096 -2710.069
v 3605.699 31.096 -2710.069
v 3603.697 22.963 -2721.795
v 3603.997 22.963 -2721.795
v 3603.997 22.963 -2721.495
v 3603.697 22.963 -2721.495
v 3603.697 30.963 -2721.795
v 3603.997 30.963 -2721.795
v 3603.997 30.963 -2721.495
v 3603.697 30.963 -2721.495
v 3594.796 22.963 -2710.213
v 3591.679 22.863 -2717.581
v 3584.120 22.914 -2714.384
v 3587.237 23.023 -2707.016
v 3595.575 23.137 -2708.371
v 3594.796 23.113 -2710.213
v 3587.237 23.173 -2707.016
v 3588.016 23.199 -2705.174
v 3591.679 23.013 -2717.581
v 3590.900 22.986 -2719.423
v 3583.341 23.036 -2716.226
v 3584.120 23.064 -2714.384
v 3588.269 23.012 -2707.652
v 3583.089 22.925 -2713.748
v 3577.289 23.014 -2708.820
v 3582.469 23.103 -2702.724
v 3589.564 23.181 -2706.128
v 3588.269 23.162 -2707.652
v 3582.469 23.253 -2702.724
v 3583.764 23.273 -2701.200
v 3583.089 23.075 -2713.748
v 3581.794 23.052 -2715.272
v 3575.994 23.140 -2710.344
v 3577.289 23.164 -2708.820
v 3583.207 23.087 -2703.553
v 3576.551 23.030 -2707.991
v 3571.319 22.987 -2700.143
v 3577.975 23.089 -2695.705
v 3584.871 23.250 -2702.444
v 3583.207 23.237 -2703.553
v 3577.975 23.239 -2695.705
v 3579.639 23.214 -2694.596
v 3576.551 23.180 -2707.991
v 3574.887 23.150 -2709.100
v 3569.655 23.040 -2701.252
v 3571.319 23.137 -2700.143
v 3578.171 23.094 -2696.032
v 3571.123 22.976 -2699.816
v 3564.733 22.473 -2687.912
v 3571.782 22.743 -2684.129
v 3579.933 23.222 -2695.086
v 3578.171 23.244 -2696.032
v 3571.782 22.893 -2684.129
v 3573.544 22.961 -2683.183
v 3571.123 23.126 -2699.816
v 3569.360 23.034 -2700.762
v 3562.971 22.555 -2688.858
v 3564.733 22.623 -2687.912
v 3579.607 23.224 -2695.331
v 3579.907 23.224 -2695.331
v 3579.907 23.224 -2695.031
v 3579.607 23.224 -2695.031
v 3579.607 31.224 -2695.331
v 3579.907 31.224 -2695.331
v 3579.907 31.224 -2695.031
v 3579.607 31.224 -2695.031
v 3569.387 23.044 -2700.817
v 3569.687 23.044 -2700.817
v 3569.687 23.044 -2700.517
v 3569.387 23.044 -2700.517
v 3569.387 31.044 -2700.817
v 3569.687 31.044 -2700.817
v 3569.687 31.044 -2700.517
v 3569.387 31.044 -2700.517
v 3571.853 22.749 -2684.267
v 3564.662 22.467 -2687.774
v 3559.140 22.014 -2676.451
v 3566.331 22.296 -2672.945
v 3573.650 22.969 -2683.390
v 3571.853 22.899 -2684.267
v 3566.331 22.446 -2672.945
v 3568.129 22.517 -2672.068
v 3564.662 22.617 -2687.774
v 3562.864 22.547 -2688.650
v 3557.343 22.094 -2677.328
v 3559.140 22.164 -2676.451
v 3566.315 22.295 -2672.912
v 3559.157 22.015 -2676.484
v 3557.476 21.879 -2673.115
v 3564.634 22.157 -2669.543
v 3568.105 22.515 -2672.019
v 3566.315 22.445 -2672.912
v 3564.634 22.307 -2669.543
v 3566.424 22.349 -2668.650
v 3559.157 22.165 -2676.484
v 3557.367 22.096 -2677.376
v 3555.686 21.959 -2674.007
v 3557.476 22.029 -2673.115
v 3564.631 22.157 -2669.537
v 3557.479 21.879 -2673.120
v 3556.254 21.780 -2670.676
v 3563.407 21.983 -2667.093
v 3566.419 22.349 -2668.641
v 3564.631 22.307 -2669.537
v 3563.407 22.133 -2667.093
v 3565.195 22.175 -2666.197
v 3557.479 22.029 -2673.120
v 3555.690 21.959 -2674.016
v 3554.466 21.860 -2671.572
v 3556.254 21.930 -2670.676
v 3562.263 21.865 -2665.709
v 3557.398 21.857 -2672.060
v 3552.466 21.524 -2668.281
v 3557.332 21.464 -2661.931
v 3563.480 21.997 -2664.122
v 3562.263 22.015 -2665.709
v 3557.332 21.614 -2661.931
v 3558.548 21.596 -2660.343
v 3557.398 22.007 -2672.060
v 3556.181 21.976 -2673.647
v 3551.250 21.678 -2669.869
v 3552.466 21.674 -2668.281
v 3556.094 21.378 -2661.289
v 3553.704 21.611 -2668.923
v 3549.062 21.328 -2667.470
v 3551.452 21.104 -2659.835
v 3556.692 21.469 -2659.380
v 3556.094 21.528 -2661.289
v 3551.452 21.254 -2659.835
v 3552.050 21.196 -2657.927
v 3553.704 21.761 -2668.923
v 3553.106 21.783 -2670.832
v 3548.464 21.533 -2669.379
v 3549.062 21.478 -2667.470
v 3556.482 21.475 -2659.721
v 3556.782 21.475 -2659.721
v 3556.782 21.475 -2659.421
v 3556.482 21.475 -2659.421
v 3556.482 29.475 -2659.721
v 3556.782 29.475 -2659.721
v 3556.782 29.475 -2659.421
v 3556.482 29.475 -2659.421
v 3553.016 21.782 -2670.791
v 3553.316 21.782 -2670.791
v 3553.316 21.782 -2670.491
v 3553.016 21.782 -2670.491
v 3553.016 29.782 -2670.791
v 3553.316 29.782 -2670.791
v 3553.316 29.782 -2670.491
v 3553.016 29.782 -2670.491
v 3550.619 21.059 -2659.669
v 3549.894 21.374 -2667.636
v 3540.310 20.888 -2666.764
v 3541.035 20.593 -2658.797
v 3550.800 21.130 -2657.677
v 3550.619 21.209 -2659.669
v 3541.035 20.743 -2658.797
v 3541.216 20.668 -2656.805
v 3549.894 21.524 -2667.636
v 3549.713 21.601 -2669.628
v 3540.129 21.112 -2668.756
v 3540.310 21.038 -2666.764
v 3540.777 20.580 -2658.782
v 3540.567 20.901 -2666.779
v 3536.538 20.708 -2666.674
v 3536.747 20.396 -2658.676
v 3540.830 20.650 -2656.783
v 3540.777 20.730 -2658.782
v 3536.747 20.546 -2658.676
v 3536.800 20.468 -2656.677
v 3540.567 21.051 -2666.779
v 3540.515 21.131 -2668.779
v 3536.485 20.936 -2668.673
v 3536.538 20.858 -2666.674
v 3536.754 20.396 -2658.677
v 3536.531 20.708 -2666.673
v 3530.397 20.292 -2666.502
v 3530.621 20.008 -2658.505
v 3536.810 20.468 -2656.677
v 3536.754 20.546 -2658.677
v 3530.621 20.158 -2658.505
v 3530.677 20.087 -2656.506
v 3536.531 20.858 -2666.673
v 3536.475 20.936 -2668.673
v 3530.341 20.513 -2668.501
v 3530.397 20.442 -2666.502
v 3531.562 20.087 -2658.644
v 3529.456 20.210 -2666.362
v 3519.871 19.341 -2663.746
v 3521.977 19.255 -2656.028
v 3532.089 20.203 -2656.715
v 3531.562 20.237 -2658.644
v 3521.977 19.405 -2656.028
v 3522.504 19.381 -2654.099
v 3529.456 20.360 -2666.362
v 3528.929 20.388 -2668.292
v 3519.344 19.510 -2665.676
v 3519.871 19.491 -2663.746
v 3522.500 19.301 -2656.211
v 3519.348 19.293 -2663.564
v 3511.211 18.543 -2660.076
v 3514.363 18.577 -2652.723
v 3523.288 19.449 -2654.373
v 3522.500 19.451 -2656.211
v 3514.363 18.727 -2652.723
v 3515.150 18.732 -2650.885
v 3519.348 19.443 -2663.564
v 3518.560 19.437 -2665.402
v 3510.423 18.681 -2661.914
v 3511.211 18.693 -2660.076
v 3523.059 19.449 -2654.706
v 3523.359 19.449 -2654.706
v 3523.359 19.449 -2654.406
v 3523.059 19.449 -2654.406
v 3523.059 27.449 -2654.706
v 3523.359 27.449 -2654.706
v 3523.359 27.449 -2654.406
v 3523.059 27.449 -2654.406
v 3518.489 19.438 -2665.368
v 3518.789 19.438 -2665.368
v 3518.789 19.438 -2665.068
v 3518.489 19.438 -2665.068
v 3518.489 27.438 -2665.368
v 3518.789 27.438 -2665.368
v 3518.789 27.438 -2665.068
v 3518.489 27.438 -2665.068
v 3515.066 18.641 -2653.112
v 3510.508 18.478 -2659.687
v 3499.187 17.427 -2651.839
v 3503.744 17.611 -2645.264
v 3516.205 18.827 -2651.468
v 3515.066 18.791 -2653.112
v 3503.744 17.761 -2645.264
v 3504.884 17.802 -2643.620
v 3510.508 18.628 -2659.687
v 3509.368 18.582 -2661.330
v 3498.047 17.526 -2653.483
v 3499.187 17.577 -2651.839
v 3503.367 17.579 -2645.032
v 3499.564 17.460 -2652.071
v 3492.595 16.877 -2648.305
v 3496.398 17.015 -2641.267
v 3504.318 17.755 -2643.273
v 3503.367 17.729 -2645.032
v 3496.398 17.165 -2641.267
v 3497.349 17.195 -2639.508
v 3499.564 17.610 -2652.071
v 3498.613 17.576 -2653.830
v 3491.645 16.985 -2650.065
v 3492.595 17.027 -2648.305
v 3495.414 16.941 -2640.893
v 3493.580 16.955 -2648.680
v 3483.706 16.176 -2646.354
v 3485.540 16.210 -2638.567
v 3495.872 17.085 -2638.946
v 3495.414 17.091 -2640.893
v 3485.540 16.360 -2638.567
v 3485.998 16.371 -2636.621
v 3493.580 17.105 -2648.680
v 3493.122 17.106 -2650.626
v 3483.248 16.315 -2648.301
v 3483.706 16.326 -2646.354
v 3495.676 17.086 -2639.291
v 3495.976 17.086 -2639.291
v 3495.976 17.086 -2638.991
v 3495.676 17.086 -2638.991
v 3495.676 25.086 -2639.291
v 3495.976 25.086 -2639.291
v 3495.976 25.086 -2638.991
v 3495.676 25.086 -2638.991
v 3493.017 17.106 -2650.582
v 3493.317 17.106 -2650.582
v 3493.317 17.106 -2650.282
v 3493.017 17.106 -2650.282
v 3493.017 25.106 -2650.582
v 3493.317 25.106 -2650.582
v 3493.317 25.106 -2650.282
v 3493.017 25.106 -2650.282
v 3484.623 16.144 -2638.461
v 3484.623 16.246 -2646.461
v 3474.749 15.503 -2646.461
v 3474.749 15.447 -2638.461
v 3484.623 16.275 -2636.461
v 3484.623 16.294 -2638.461
v 3474.749 15.597 -2638.461
v 3474.749 15.596 -2636.461
v 3484.623 16.396 -2646.461
v 3484.623 16.422 -2648.461
v 3474.749 15.669 -2648.461
v 3474.749 15.653 -2646.461
v 3473.925 15.389 -2638.547
v 3475.573 15.565 -2646.375
v 3464.530 14.740 -2648.700
v 3462.882 14.604 -2640.872
v 3473.513 15.511 -2636.590
v 3473.925 15.539 -2638.547
v 3462.882 14.754 -2640.872
v 3462.470 14.725 -2638.915
v 3475.573 15.715 -2646.375
v 3475.985 15.762 -2648.332
v 3464.942 14.926 -2650.657
v 3464.530 14.890 -2648.700
v 3463.229 14.629 -2640.815
v 3464.183 14.713 -2648.758
v 3449.667 13.630 -2650.502
v 3448.713 13.623 -2642.559
v 3462.990 14.763 -2638.829
v 3463.229 14.779 -2640.815
v 3448.713 13.773 -2642.559
v 3448.474 13.773 -2640.573
v 3464.183 14.863 -2648.758
v 3464.422 14.886 -2650.743
v 3449.906 13.782 -2652.487
v 3449.667 13.780 -2650.502
v 3462.864 14.762 -2639.178
v 3463.164 14.762 -2639.178
v 3463.164 14.762 -2638.878
v 3462.864 14.762 -2638.878
v 3462.864 22.762 -2639.178
v 3463.164 22.762 -2639.178
v 3463.164 22.762 -2638.878
v 3462.864 22.762 -2638.878
v 3464.248 14.883 -2650.695
v 3464.548 14.883 -2650.695
v 3464.548 14.883 -2650.395
v 3464.248 14.883 -2650.395
v 3464.248 22.883 -2650.695
v 3464.548 22.883 -2650.695
v 3464.548 22.883 -2650.395
v 3464.248 22.883 -2650.395
v 3449.107 13.644 -2642.531
v 3449.273 13.608 -2650.529
v 3435.325 12.848 -2650.820
v 3435.158 12.914 -2642.822
v 3449.065 13.803 -2640.531
v 3449.107 13.794 -2642.531
v 3435.158 13.064 -2642.822
v 3435.117 13.081 -2640.822
v 3449.273 13.758 -2650.529
v 3449.315 13.749 -2652.529
v 3435.367 12.981 -2652.820
v 3435.325 12.998 -2650.820
v 3435.508 12.932 -2642.830
v 3434.975 12.829 -2650.812
v 3421.906 12.129 -2649.940
v 3422.439 12.261 -2641.958
v 3435.641 13.108 -2640.834
v 3435.508 13.082 -2642.830
v 3422.439 12.411 -2641.958
v 3422.572 12.443 -2639.962
v 3434.975 12.979 -2650.812
v 3434.842 12.953 -2652.808
v 3421.773 12.246 -2651.936
v 3421.906 12.279 -2649.940
v 3422.571 12.268 -2641.969
v 3421.774 12.122 -2649.929
v 3410.163 11.512 -2648.766
v 3410.961 11.682 -2640.806
v 3422.770 12.453 -2639.979
v 3422.571 12.418 -2641.969
v 3410.961 11.832 -2640.806
v 3411.160 11.882 -2638.816
v 3421.774 12.272 -2649.929
v 3421.575 12.235 -2651.919
v 3409.964 11.619 -2650.756
v 3410.163 11.662 -2648.766
v 3422.601 12.450 -2640.328
v 3422.901 12.450 -2640.328
v 3422.901 12.450 -2640.028
v 3422.601 12.450 -2640.028
v 3422.601 20.450 -2640.328
v 3422.901 20.450 -2640.328
v 3422.901 20.450 -2640.028
v 3422.601 20.450 -2640.028
v 3421.445 12.239 -2651.870
v 3421.745 12.239 -2651.870
v 3421.745 12.239 -2651.570
v 3421.445 12.239 -2651.570
v 3421.445 20.239 -2651.870
v 3421.745 20.239 -2651.870
v 3421.745 20.239 -2651.570
v 3421.445 20.239 -2651.570
v 3411.581 11.713 -2640.918
v 3409.543 11.495 -2648.654
v 3398.511 11.342 -2645.748
v 3400.549 11.521 -2638.012
v 3412.091 11.923 -2638.984
v 3411.581 11.863 -2640.918
v 3400.549 11.671 -2638.012
v 3401.059 11.754 -2636.078
v 3409.543 11.645 -2648.654
v 3409.033 11.605 -2650.588
v 3398.002 11.455 -2647.682
v 3398.511 11.492 -2645.748
v 3399.928 11.513 -2637.899
v 3399.132 11.352 -2645.860
v 3393.321 11.255 -2645.278
v 3394.118 11.422 -2637.318
v 3400.128 11.742 -2635.909
v 3399.928 11.663 -2637.899
v 3394.118 11.572 -2637.318
v 3394.317 11.647 -2635.328
v 3399.132 11.502 -2645.860
v 3398.933 11.469 -2647.850
v 3393.122 11.373 -2647.268
v 3393.321 11.405 -2645.278
v 3392.749 11.392 -2637.418
v 3394.690 11.281 -2645.179
v 3388.879 11.156 -2646.632
v 3386.938 11.229 -2638.871
v 3392.264 11.601 -2635.478
v 3392.749 11.542 -2637.418
v 3386.938 11.379 -2638.871
v 3386.453 11.436 -2636.931
v 3394.690 11.431 -2645.179
v 3395.175 11.412 -2647.119
v 3389.364 11.288 -2648.572
v 3388.879 11.306 -2646.632
v 3386.188 11.206 -2639.141
v 3389.629 11.173 -2646.363
v 3383.529 11.026 -2649.269
v 3380.088 11.054 -2642.047
v 3385.328 11.400 -2637.335
v 3386.188 11.356 -2639.141
v 3380.088 11.204 -2642.047
v 3379.227 11.210 -2640.242
v 3389.629 11.323 -2646.363
v 3390.489 11.314 -2648.168
v 3384.389 11.168 -2651.075
v 3383.529 11.176 -2649.269
v 3379.752 11.045 -2642.227
v 3383.864 11.034 -2649.089
v 3373.701 10.785 -2655.180
v 3369.589 10.790 -2648.318
v 3378.724 11.197 -2640.512
v 3379.752 11.195 -2642.227
v 3369.589 10.940 -2648.318
v 3368.561 10.942 -2646.602
v 3383.864 11.184 -2649.089
v 3384.892 11.180 -2650.805
v 3374.729 10.932 -2656.895
v 3373.701 10.935 -2655.180
v 3378.677 11.197 -2640.833
v 3378.977 11.197 -2640.833
v 3378.977 11.197 -2640.533
v 3378.677 11.197 -2640.533
v 3378.677 19.197 -2640.833
v 3378.977 19.197 -2640.833
v 3378.977 19.197 -2640.533
v 3378.677 19.197 -2640.533
v 3384.640 11.181 -2650.783
v 3384.940 11.181 -2650.783
v 3384.940 11.181 -2650.483
v 3384.640 11.181 -2650.483
v 3384.640 19.181 -2650.783
v 3384.940 19.181 -2650.783
v 3384.940 19.181 -2650.483
v 3384.640 19.181 -2650.483
v 3370.226 10.805 -2648.009
v 3373.064 10.771 -2655.489
v 3364.637 10.729 -2658.686
v 3361.799 10.834 -2651.206
v 3369.516 10.963 -2646.139
v 3370.226 10.955 -2648.009
v 3361.799 10.984 -2651.206
v 3361.089 11.007 -2649.336
v 3373.064 10.921 -2655.489
v 3373.773 10.911 -2657.359
v 3365.346 10.850 -2660.556
v 3364.637 10.879 -2658.686
v 3362.462 10.826 -2651.018
v 3363.974 10.738 -2658.874
v 3356.427 10.859 -2660.327
v 3354.914 10.921 -2652.472
v 3362.083 10.997 -2649.054
v 3362.462 10.976 -2651.018
v 3354.914 11.071 -2652.472
v 3354.536 11.084 -2650.508
v 3363.974 10.888 -2658.874
v 3364.352 10.865 -2660.838
v 3356.805 10.991 -2662.291
v 3356.427 11.009 -2660.327
v 3355.587 10.912 -2652.400
v 3355.754 10.870 -2660.399
v 3341.817 11.116 -2660.689
v 3341.650 11.107 -2652.691
v 3355.545 11.072 -2650.401
v 3355.587 11.062 -2652.400
v 3341.650 11.257 -2652.691
v 3341.608 11.254 -2650.691
v 3355.754 11.020 -2660.399
v 3355.795 11.010 -2662.398
v 3341.858 11.268 -2662.689
v 3341.817 11.266 -2660.689
v 3355.399 11.071 -2650.751
v 3355.699 11.071 -2650.751
v 3355.699 11.071 -2650.451
v 3355.399 11.071 -2650.451
v 3355.399 19.071 -2650.751
v 3355.699 19.071 -2650.751
v 3355.699 19.071 -2650.451
v 3355.399 19.071 -2650.451
v 3355.641 11.011 -2662.348
v 3355.941 11.011 -2662.348
v 3355.941 11.011 -2662.048
v 3355.641 11.011 -2662.048
v 3355.641 19.011 -2662.348
v 3355.941 19.011 -2662.348
v 3355.941 19.011 -2662.048
v 3355.641 19.011 -2662.048
v 3341.733 11.106 -2652.690
v 3341.733 11.118 -2660.690
v 3331.570 11.298 -2660.690
v 3331.570 11.249 -2652.690
v 3341.733 11.253 -2650.690
v 3341.733 11.256 -2652.690
v 3331.570 11.399 -2652.690
v 3331.570 11.387 -2650.690
v 3341.733 11.268 -2660.690
v 3341.733 11.271 -2662.690
v 3331.570 11.460 -2662.690
v 3331.570 11.448 -2660.690
v 3332.277 11.240 -2652.753
v 3330.863 11.310 -2660.627
v 3319.531 11.558 -2658.592
v 3320.944 11.431 -2650.718
v 3332.630 11.373 -2650.784
v 3332.277 11.390 -2652.753
v 3320.944 11.581 -2650.718
v 3321.298 11.551 -2648.750
v 3330.863 11.460 -2660.627
v 3330.509 11.480 -2662.596
v 3319.177 11.741 -2660.561
v 3319.531 11.708 -2658.592
v 3321.543 11.420 -2650.875
v 3318.932 11.571 -2658.436
v 3310.516 11.739 -2655.530
v 3313.127 11.558 -2647.968
v 3322.196 11.535 -2648.984
v 3321.543 11.570 -2650.875
v 3313.127 11.708 -2647.968
v 3313.780 11.666 -2646.078
v 3318.932 11.721 -2658.436
v 3318.279 11.762 -2660.327
v 3309.863 11.937 -2657.420
v 3310.516 11.889 -2655.530
v 3321.981 11.539 -2649.323
v 3322.281 11.539 -2649.323
v 3322.281 11.539 -2649.023
v 3321.981 11.539 -2649.023
v 3321.981 19.539 -2649.323
v 3322.281 19.539 -2649.323
v 3322.281 19.539 -2649.023
v 3321.981 19.539 -2649.023
v 3318.194 11.758 -2660.288
v 3318.494 11.758 -2660.288
v 3318.494 11.758 -2659.988
v 3318.194 11.758 -2659.988
v 3318.194 19.758 -2660.288
v 3318.494 19.758 -2660.288
v 3318.494 19.758 -2659.988
v 3318.194 19.758 -2659.988
v 3313.835 11.548 -2648.293
v 3309.808 11.750 -2655.205
v 3299.355 11.862 -2649.114
v 3303.383 11.635 -2642.202
v 3314.842 11.652 -2646.565
v 3313.835 11.698 -2648.293
v 3303.383 11.785 -2642.202
v 3304.389 11.733 -2640.474
v 3309.808 11.900 -2655.205
v 3308.801 11.955 -2656.933
v 3298.348 12.073 -2650.842
v 3299.355 12.012 -2649.114
v 3303.477 11.635 -2642.259
v 3299.260 11.863 -2649.057
v 3284.733 11.869 -2640.047
v 3288.950 11.565 -2633.249
v 3304.531 11.732 -2640.559
v 3303.477 11.785 -2642.259
v 3288.950 11.715 -2633.249
v 3290.004 11.639 -2631.549
v 3299.260 12.013 -2649.057
v 3298.206 12.074 -2650.757
v 3283.679 12.072 -2641.747
v 3284.733 12.019 -2640.047
v 3288.402 11.559 -2632.965
v 3285.281 11.878 -2640.331
v 3277.734 11.753 -2637.134
v 3280.854 11.424 -2629.767
v 3289.182 11.629 -2631.123
v 3288.402 11.709 -2632.965
v 3280.854 11.574 -2629.767
v 3281.634 11.496 -2627.926
v 3285.281 12.028 -2640.331
v 3284.501 12.084 -2642.172
v 3276.954 11.989 -2638.975
v 3277.734 11.903 -2637.134
v 3288.954 11.637 -2631.457
v 3289.254 11.637 -2631.457
v 3289.254 11.637 -2631.157
v 3288.954 11.637 -2631.157
v 3288.954 19.637 -2631.457
v 3289.254 19.637 -2631.457
v 3289.254 19.637 -2631.157
v 3288.954 19.637 -2631.157
v 3284.429 12.079 -2642.138
v 3284.729 12.079 -2642.138
v 3284.729 12.079 -2641.838
v 3284.429 12.079 -2641.838
v 3284.429 20.079 -2642.138
v 3284.729 20.079 -2642.138
v 3284.729 20.079 -2641.838
v 3284.429 20.079 -2641.838
v 3280.225 11.412 -2629.560
v 3278.363 11.762 -2637.341
v 3273.231 11.700 -2636.112
v 3275.094 11.328 -2628.332
v 3280.691 11.477 -2627.615
v 3280.225 11.562 -2629.560
v 3275.094 11.478 -2628.332
v 3275.559 11.388 -2626.387
v 3278.363 11.912 -2637.341
v 3277.897 12.001 -2639.286
v 3272.765 11.945 -2638.057
v 3273.231 11.850 -2636.112
v 3275.104 11.329 -2628.334
v 3273.220 11.700 -2636.109
v 3271.094 11.672 -2635.594
v 3272.978 11.292 -2627.819
v 3275.575 11.388 -2626.391
v 3275.104 11.479 -2628.334
v 3272.978 11.442 -2627.819
v 3273.449 11.349 -2625.875
v 3273.220 11.850 -2636.109
v 3272.749 11.945 -2638.053
v 3270.623 11.919 -2637.538
v 3271.094 11.822 -2635.594
v 3272.236 11.282 -2627.712
v 3271.836 11.678 -2635.702
v 3266.025 11.655 -2635.411
v 3266.425 11.233 -2627.421
v 3272.336 11.334 -2625.714
v 3272.236 11.432 -2627.712
v 3266.425 11.383 -2627.421
v 3266.525 11.278 -2625.423
v 3271.836 11.828 -2635.702
v 3271.736 11.927 -2637.699
v 3265.925 11.911 -2637.408
v 3266.025 11.805 -2635.411
v 3264.297 11.247 -2627.911
v 3268.153 11.632 -2634.920
v 3262.343 11.798 -2638.118
v 3258.486 11.397 -2631.109
v 3263.333 11.296 -2626.159
v 3264.297 11.397 -2627.911
v 3258.486 11.547 -2631.109
v 3257.522 11.442 -2629.356
v 3268.153 11.782 -2634.920
v 3269.118 11.874 -2636.673
v 3263.307 12.031 -2639.870
v 3262.343 11.948 -2638.118
v 3257.273 11.452 -2632.137
v 3263.556 11.742 -2637.089
v 3259.203 11.990 -2642.612
v 3252.920 11.771 -2637.660
v 3255.702 11.524 -2630.899
v 3257.273 11.602 -2632.137
v 3252.920 11.921 -2637.660
v 3251.349 11.845 -2636.422
v 3263.556 11.892 -2637.089
v 3265.127 11.960 -2638.327
v 3260.774 12.184 -2643.850
v 3259.203 12.140 -2642.612
v 3252.385 11.825 -2638.559
v 3259.738 11.954 -2641.712
v 3256.254 12.278 -2649.837
v 3248.901 12.176 -2646.684
v 3250.547 11.927 -2637.771
v 3252.385 11.975 -2638.559
v 3248.901 12.326 -2646.684
v 3247.063 12.298 -2645.896
v 3259.738 12.104 -2641.712
v 3261.576 12.131 -2642.500
v 3258.092 12.451 -2650.626
v 3256.254 12.428 -2649.837
v 3250.581 11.932 -2638.000
v 3250.881 11.932 -2638.000
v 3250.881 11.932 -2637.700
v 3250.581 11.932 -2637.700
v 3250.581 19.932 -2638.000
v 3250.881 19.932 -2638.000
v 3250.881 19.932 -2637.700
v 3250.581 19.932 -2637.700
v 3261.242 12.129 -2642.572
v 3261.542 12.129 -2642.572
v 3261.542 12.129 -2642.272
v 3261.242 12.129 -2642.272
v 3261.242 20.129 -2642.572
v 3261.542 20.129 -2642.572
v 3261.542 20.129 -2642.272
v 3261.242 20.129 -2642.272
v 3248.839 12.183 -2646.838
v 3256.316 12.272 -2649.684
v 3243.826 13.280 -2682.502
v 3236.349 13.025 -2679.656
v 3246.970 12.308 -2646.127
v 3248.839 12.333 -2646.838
v 3236.349 13.175 -2679.656
v 3234.480 13.112 -2678.945
v 3256.316 12.422 -2649.684
v 3258.185 12.442 -2650.395
v 3245.695 13.454 -2683.213
v 3243.826 13.430 -2682.502
v 3247.007 12.311 -2646.348
v 3247.307 12.311 -2646.348
v 3247.307 12.311 -2646.048
v 3247.007 12.311 -2646.048
v 3247.007 20.311 -2646.348
v 3247.307 20.311 -2646.348
v 3247.307 20.311 -2646.048
v 3247.007 20.311 -2646.048
v 3257.848 12.440 -2650.474
v 3258.148 12.440 -2650.474
v 3258.148 12.440 -2650.174
v 3257.848 12.440 -2650.174
v 3257.848 20.440 -2650.474
v 3258.148 20.440 -2650.474
v 3258.148 20.440 -2650.174
v 3257.848 20.440 -2650.174
v 3236.337 13.025 -2679.688
v 3243.838 13.280 -2682.470
v 3240.064 13.273 -2692.643
v 3232.563 13.018 -2689.861
v 3234.462 13.112 -2678.992
v 3236.337 13.175 -2679.688
v 3232.563 13.168 -2689.861
v 3230.688 13.104 -2689.165
v 3243.838 13.430 -2682.470
v 3245.713 13.454 -2683.166
v 3241.939 13.487 -2693.339
v 3240.064 13.423 -2692.643
v 3232.859 13.020 -2689.236
v 3239.768 13.271 -2693.268
v 3235.705 13.214 -2700.231
v 3228.796 12.970 -2696.199
v 3231.131 13.108 -2688.228
v 3232.859 13.170 -2689.236
v 3228.796 13.120 -2696.199
v 3227.068 13.057 -2695.191
v 3239.768 13.421 -2693.268
v 3241.496 13.483 -2694.276
v 3237.433 13.393 -2701.239
v 3235.705 13.364 -2700.231
v 3230.465 13.004 -2694.636
v 3234.036 13.129 -2701.794
v 3230.541 12.985 -2703.538
v 3226.969 12.916 -2696.380
v 3229.572 13.108 -2692.846
v 3230.465 13.154 -2694.636
v 3226.969 13.066 -2696.380
v 3226.076 13.021 -2694.590
v 3234.036 13.279 -2701.794
v 3234.929 13.266 -2703.584
v 3231.434 13.122 -2705.328
v 3230.541 13.135 -2703.538
v 3228.755 12.966 -2695.959
v 3228.755 12.922 -2703.959
v 3226.440 12.852 -2703.959
v 3226.440 12.896 -2695.959
v 3228.755 13.095 -2693.959
v 3228.755 13.116 -2695.959
v 3226.440 13.046 -2695.959
v 3226.440 13.025 -2693.959
v 3228.755 13.072 -2703.959
v 3228.755 13.028 -2705.959
v 3226.440 12.959 -2705.959
v 3226.440 13.002 -2703.959
v 3226.440 12.896 -2695.959
v 3226.440 12.852 -2703.959
v 3222.666 12.739 -2703.959
v 3222.666 12.782 -2695.959
v 3226.440 13.025 -2693.959
v 3226.440 13.046 -2695.959
v 3222.666 12.932 -2695.959
v 3222.666 12.911 -2693.959
v 3226.440 13.002 -2703.959
v 3226.440 12.959 -2705.959
v 3222.666 12.846 -2705.959
v 3222.666 12.889 -2703.959
v 3226.096 12.906 -2697.901
v 3219.236 12.677 -2702.017
v 3216.620 12.617 -2697.657
v 3223.480 12.782 -2693.541
v 3227.811 13.097 -2696.872
v 3226.096 13.056 -2697.901
v 3223.480 12.932 -2693.541
v 3225.195 12.973 -2692.512
v 3219.236 12.827 -2702.017
v 3217.521 12.754 -2703.046
v 3214.905 12.725 -2698.686
v 3216.620 12.767 -2697.657
v 3227.489 13.093 -2697.125
v 3227.789 13.093 -2697.125
v 3227.789 13.093 -2696.825
v 3227.489 13.093 -2696.825
v 3227.489 21.093 -2697.125
v 3227.789 21.093 -2697.125
v 3227.789 21.093 -2696.825
v 3227.489 21.093 -2696.825
v 3217.542 12.761 -2703.093
v 3217.842 12.761 -2703.093
v 3217.842 12.761 -2702.793
v 3217.542 12.761 -2702.793
v 3217.542 20.761 -2703.093
v 3217.842 20.761 -2703.093
v 3217.842 20.761 -2702.793
v 3217.542 20.761 -2702.793
v 3223.990 12.811 -2694.909
v 3216.110 12.587 -2696.289
v 3214.941 12.484 -2689.617
v 3222.821 12.707 -2688.237
v 3225.960 13.017 -2694.564
v 3223.990 12.961 -2694.909
v 3222.821 12.857 -2688.237
v 3224.791 12.913 -2687.892
v 3216.110 12.737 -2696.289
v 3214.140 12.681 -2696.634
v 3212.971 12.578 -2689.962
v 3214.941 12.634 -2689.617
v 3222.827 12.708 -2688.272
v 3214.935 12.483 -2689.582
v 3213.777 12.378 -2682.606
v 3221.669 12.601 -2681.296
v 3224.800 12.914 -2687.945
v 3222.827 12.858 -2688.272
v 3221.669 12.751 -2681.296
v 3223.642 12.807 -2680.969
v 3214.935 12.633 -2689.582
v 3212.962 12.577 -2689.909
v 3211.804 12.472 -2682.933
v 3213.777 12.528 -2682.606
v 3221.687 12.603 -2681.412
v 3213.760 12.376 -2682.490
v 3212.892 12.285 -2676.109
v 3220.818 12.512 -2675.030
v 3223.668 12.810 -2681.142
v 3221.687 12.753 -2681.412
v 3220.818 12.662 -2675.030
v 3222.800 12.718 -2674.761
v 3213.760 12.526 -2682.490
v 3211.778 12.469 -2682.760
v 3210.910 12.378 -2676.379
v 3212.892 12.435 -2676.109
v 3220.783 12.508 -2674.812
v 3212.927 12.288 -2676.328
v 3211.469 12.143 -2668.770
v 3219.324 12.316 -2667.255
v 3222.746 12.713 -2674.433
v 3220.783 12.658 -2674.812
v 3219.324 12.466 -2667.255
v 3221.288 12.508 -2666.876
v 3212.927 12.438 -2676.328
v 3210.964 12.383 -2676.707
v 3209.505 12.250 -2669.149
v 3211.469 12.293 -2668.770
v 3218.666 12.233 -2665.707
v 3212.128 12.203 -2670.318
v 3208.643 11.923 -2665.376
v 3215.181 11.929 -2660.766
v 3220.300 12.384 -2664.555
v 3218.666 12.383 -2665.707
v 3215.181 12.079 -2660.766
v 3216.816 12.079 -2659.614
v 3212.128 12.353 -2670.318
v 3210.493 12.316 -2671.470
v 3207.009 12.070 -2666.529
v 3208.643 12.073 -2665.376
v 3219.987 12.384 -2664.820
v 3220.287 12.384 -2664.820
v 3220.287 12.384 -2664.520
v 3219.987 12.384 -2664.520
v 3219.987 20.384 -2664.820
v 3220.287 20.384 -2664.820
v 3220.287 20.384 -2664.520
v 3219.987 20.384 -2664.520
v 3210.507 12.320 -2671.505
v 3210.807 12.320 -2671.505
v 3210.807 12.320 -2671.205
v 3210.507 12.320 -2671.205
v 3210.507 20.320 -2671.505
v 3210.807 20.320 -2671.505
v 3210.807 20.320 -2671.205
v 3210.507 20.320 -2671.205
v 3214.738 11.894 -2660.240
v 3209.086 11.957 -2665.902
v 3205.023 11.674 -2661.846
v 3210.675 11.612 -2656.184
v 3216.151 12.028 -2658.825
v 3214.738 12.044 -2660.240
v 3210.675 11.762 -2656.184
v 3212.088 11.746 -2654.769
v 3209.086 12.107 -2665.902
v 3207.673 12.122 -2667.318
v 3203.610 11.839 -2663.262
v 3205.023 11.824 -2661.846
v 3210.036 11.573 -2655.666
v 3205.663 11.714 -2662.365
v 3198.984 11.208 -2658.005
v 3203.357 11.205 -2651.306
v 3211.129 11.687 -2653.991
v 3210.036 11.723 -2655.666
v 3203.357 11.355 -2651.306
v 3204.450 11.321 -2649.631
v 3205.663 11.864 -2662.365
v 3204.570 11.899 -2664.040
v 3197.890 11.354 -2659.680
v 3198.984 11.358 -2658.005
v 3203.058 11.181 -2651.129
v 3199.282 11.232 -2658.182
v 3186.792 10.259 -2651.497
v 3190.568 10.235 -2644.444
v 3204.001 11.297 -2649.365
v 3203.058 11.331 -2651.129
v 3190.568 10.385 -2644.444
v 3191.511 10.375 -2642.680
v 3199.282 11.382 -2658.182
v 3198.339 11.392 -2659.945
v 3185.849 10.411 -2653.260
v 3186.792 10.409 -2651.497
v 3190.152 10.206 -2644.251
v 3187.208 10.289 -2651.689
v 3171.823 9.243 -2645.599
v 3174.768 9.189 -2638.160
v 3190.889 10.332 -2642.392
v 3190.152 10.356 -2644.251
v 3174.768 9.339 -2638.160
v 3175.504 9.304 -2636.301
v 3187.208 10.439 -2651.689
v 3186.471 10.457 -2653.549
v 3171.087 9.400 -2647.458
v 3171.823 9.393 -2645.599
v 3190.665 10.334 -2642.727
v 3190.965 10.334 -2642.727
v 3190.965 10.334 -2642.427
v 3190.665 10.334 -2642.427
v 3190.665 18.334 -2642.727
v 3190.965 18.334 -2642.727
v 3190.965 18.334 -2642.427
v 3190.665 18.334 -2642.427
v 3186.395 10.455 -2653.513
v 3186.695 10.455 -2653.513
v 3186.695 10.455 -2653.213
v 3186.395 10.455 -2653.213
v 3186.395 18.455 -2653.513
v 3186.695 18.455 -2653.513
v 3186.695 18.455 -2653.213
v 3186.395 18.455 -2653.213
v 3175.037 9.208 -2638.278
v 3171.554 9.225 -2645.481
v 3154.122 8.058 -2637.052
v 3157.604 8.071 -2629.849
v 3175.908 9.331 -2636.478
v 3175.037 9.358 -2638.278
v 3157.604 8.221 -2629.849
v 3158.475 8.217 -2628.049
v 3171.554 9.375 -2645.481
v 3170.684 9.373 -2647.281
v 3153.251 8.197 -2638.852
v 3154.122 8.208 -2637.052
v 3157.869 8.088 -2629.990
v 3153.857 8.040 -2636.911
v 3139.341 7.170 -2628.495
v 3143.353 7.282 -2621.574
v 3158.872 8.241 -2628.260
v 3157.869 8.238 -2629.990
v 3143.353 7.432 -2621.574
v 3144.356 7.452 -2619.844
v 3153.857 8.190 -2636.911
v 3152.854 8.170 -2638.641
v 3138.338 7.283 -2630.225
v 3139.341 7.320 -2628.495
v 3158.622 8.241 -2628.583
v 3158.922 8.241 -2628.583
v 3158.922 8.241 -2628.283
v 3158.622 8.241 -2628.283
v 3158.622 16.241 -2628.583
v 3158.922 16.241 -2628.583
v 3158.922 16.241 -2628.283
v 3158.622 16.241 -2628.283
v 3152.804 8.172 -2638.618
v 3153.104 8.172 -2638.618
v 3153.104 8.172 -2638.318
v 3152.804 8.172 -2638.318
v 3152.804 16.172 -2638.618
v 3153.104 16.172 -2638.618
v 3153.104 16.172 -2638.318
v 3152.804 16.172 -2638.318
v 3143.269 7.278 -2621.527
v 3139.425 7.174 -2628.542
v 3127.224 6.624 -2621.857
v 3131.068 6.787 -2614.842
v 3144.230 7.446 -2619.773
v 3143.269 7.428 -2621.527
v 3131.068 6.937 -2614.842
v 3132.030 6.969 -2613.088
v 3139.425 7.324 -2628.542
v 3138.464 7.290 -2630.296
v 3126.263 6.725 -2623.611
v 3127.224 6.774 -2621.857
v 3130.537 6.769 -2614.599
v 3127.755 6.645 -2622.100
v 3119.919 6.367 -2619.193
v 3122.700 6.528 -2611.692
v 3131.233 6.943 -2612.724
v 3130.537 6.919 -2614.599
v 3122.700 6.678 -2611.692
v 3123.396 6.715 -2609.817
v 3127.755 6.795 -2622.100
v 3127.060 6.757 -2623.975
v 3119.223 6.477 -2621.068
v 3119.919 6.517 -2619.193
v 3121.309 6.488 -2611.443
v 3121.309 6.406 -2619.443
v 3115.209 6.246 -2619.443
v 3115.209 6.364 -2611.443
v 3121.309 6.658 -2609.443
v 3121.309 6.638 -2611.443
v 3115.209 6.514 -2611.443
v 3115.209 6.543 -2609.443
v 3121.309 6.556 -2619.443
v 3121.309 6.535 -2621.443
v 3115.209 6.367 -2621.443
v 3115.209 6.396 -2619.443
v 3114.847 6.357 -2611.459
v 3115.572 6.256 -2619.426
v 3109.182 6.086 -2620.008
v 3108.457 6.222 -2612.041
v 3114.666 6.533 -2609.468
v 3114.847 6.507 -2611.459
v 3108.457 6.372 -2612.041
v 3108.276 6.407 -2610.049
v 3115.572 6.406 -2619.426
v 3115.753 6.382 -2621.418
v 3109.363 6.203 -2621.999
v 3109.182 6.236 -2620.008
v 3114.534 6.530 -2609.817
v 3114.834 6.530 -2609.817
v 3114.834 6.530 -2609.517
v 3114.534 6.530 -2609.517
v 3114.534 14.530 -2609.817
v 3114.834 14.530 -2609.817
v 3114.834 14.530 -2609.517
v 3114.534 14.530 -2609.517
v 3115.585 6.384 -2621.369
v 3115.885 6.384 -2621.369
v 3115.885 6.384 -2621.069
v 3115.585 6.384 -2621.069
v 3115.585 14.384 -2621.369
v 3115.885 14.384 -2621.369
v 3115.885 14.384 -2621.069
v 3115.585 14.384 -2621.069
v 3107.736 6.205 -2612.174
v 3109.903 6.106 -2619.875
v 3100.608 5.807 -2622.491
v 3098.441 5.952 -2614.790
v 3107.194 6.383 -2610.249
v 3107.736 6.355 -2612.174
v 3098.441 6.102 -2614.790
v 3097.899 6.142 -2612.864
v 3109.903 6.256 -2619.875
v 3110.445 6.235 -2621.800
v 3101.150 5.924 -2624.416
v 3100.608 5.957 -2622.491
v 3099.370 5.976 -2614.643
v 3099.678 5.778 -2622.637
v 3092.131 5.564 -2622.928
v 3091.823 5.804 -2614.934
v 3099.293 6.176 -2612.645
v 3099.370 6.126 -2614.643
v 3091.823 5.954 -2614.934
v 3091.746 6.015 -2612.935
v 3099.678 5.928 -2622.637
v 3099.755 5.879 -2624.636
v 3092.208 5.654 -2624.926
v 3092.131 5.714 -2622.928
v 3092.563 5.819 -2614.974
v 3091.391 5.545 -2622.888
v 3083.543 5.373 -2621.725
v 3084.715 5.690 -2613.811
v 3092.856 6.035 -2612.996
v 3092.563 5.969 -2614.974
v 3084.715 5.840 -2613.811
v 3085.008 5.917 -2611.833
v 3091.391 5.695 -2622.888
v 3091.098 5.624 -2624.866
v 3083.249 5.442 -2623.703
v 3083.543 5.523 -2621.725
v 3085.448 5.699 -2613.992
v 3082.810 5.361 -2621.544
v 3071.199 5.429 -2617.488
v 3073.837 5.733 -2609.936
v 3086.108 5.929 -2612.104
v 3085.448 5.849 -2613.992
v 3073.837 5.883 -2609.936
v 3074.497 5.963 -2608.048
v 3082.810 5.511 -2621.544
v 3082.150 5.422 -2623.432
v 3070.539 5.502 -2619.376
v 3071.199 5.579 -2617.488
v 3085.892 5.921 -2612.443
v 3086.192 5.921 -2612.443
v 3086.192 5.921 -2612.143
v 3085.892 5.921 -2612.143
v 3085.892 13.921 -2612.443
v 3086.192 13.921 -2612.443
v 3086.192 13.921 -2612.143
v 3085.892 13.921 -2612.143
v 3082.066 5.431 -2623.394
v 3082.366 5.431 -2623.394
v 3082.366 5.431 -2623.094
v 3082.066 5.431 -2623.094
v 3082.066 13.431 -2623.394
v 3082.366 13.431 -2623.394
v 3082.366 13.431 -2623.094
v 3082.066 13.431 -2623.094
v 3074.095 5.729 -2610.036
v 3070.942 5.433 -2617.388
v 3058.741 5.640 -2612.156
v 3061.894 5.966 -2604.804
v 3074.883 5.956 -2608.198
v 3074.095 5.879 -2610.036
v 3061.894 6.116 -2604.804
v 3062.682 6.203 -2602.966
v 3070.942 5.583 -2617.388
v 3070.153 5.508 -2619.226
v 3057.953 5.714 -2613.995
v 3058.741 5.790 -2612.156
v 3061.439 5.974 -2604.641
v 3059.196 5.634 -2612.320
v 3045.259 5.803 -2608.251
v 3047.501 6.173 -2600.571
v 3061.999 6.214 -2602.721
v 3061.439 6.124 -2604.641
v 3047.501 6.323 -2600.571
v 3048.062 6.415 -2598.651
v 3059.196 5.784 -2612.320
v 3058.636 5.705 -2614.240
v 3044.699 5.870 -2610.171
v 3045.259 5.953 -2608.251
v 3047.231 6.177 -2600.502
v 3045.530 5.800 -2608.320
v 3038.851 5.870 -2606.866
v 3040.552 6.251 -2599.049
v 3047.656 6.421 -2598.548
v 3047.231 6.327 -2600.502
v 3040.552 6.401 -2599.049
v 3040.977 6.495 -2597.095
v 3045.530 5.950 -2608.320
v 3045.105 5.865 -2610.274
v 3038.425 5.926 -2608.821
v 3038.851 6.020 -2606.866
v 3047.463 6.411 -2598.894
v 3047.763 6.411 -2598.894
v 3047.763 6.411 -2598.594
v 3047.463 6.411 -2598.594
v 3047.463 14.411 -2598.894
v 3047.763 14.411 -2598.894
v 3047.763 14.411 -2598.594
v 3047.463 14.411 -2598.594
v 3044.997 5.873 -2610.228
v 3045.297 5.873 -2610.228
v 3045.297 5.873 -2609.928
v 3044.997 5.873 -2609.928
v 3044.997 13.873 -2610.228
v 3045.297 13.873 -2610.228
v 3045.297 13.873 -2609.928
v 3044.997 13.873 -2609.928
v 3039.402 6.255 -2598.969
v 3040.000 5.866 -2606.947
v 3028.379 5.990 -2607.818
v 3027.780 6.334 -2599.841
v 3039.252 6.503 -2596.975
v 3039.402 6.405 -2598.969
v 3027.780 6.484 -2599.841
v 3027.630 6.568 -2597.847
v 3040.000 6.016 -2606.947
v 3040.150 5.921 -2608.941
v 3028.528 6.060 -2609.813
v 3028.379 6.140 -2607.818
v 3027.055 6.337 -2599.963
v 3029.104 5.983 -2607.696
v 3019.230 6.065 -2610.312
v 3017.181 6.362 -2602.579
v 3026.543 6.572 -2598.030
v 3027.055 6.487 -2599.963
v 3017.181 6.512 -2602.579
v 3016.669 6.585 -2600.646
v 3029.104 6.133 -2607.696
v 3029.616 6.047 -2609.630
v 3019.742 6.146 -2612.246
v 3019.230 6.215 -2610.312
v 3016.940 6.363 -2602.651
v 3019.471 6.063 -2610.240
v 3009.887 6.162 -2613.437
v 3007.355 6.403 -2605.848
v 3016.307 6.585 -2600.754
v 3016.940 6.513 -2602.651
v 3007.355 6.553 -2605.848
v 3006.722 6.615 -2603.951
v 3019.471 6.213 -2610.240
v 3020.104 6.142 -2612.137
v 3010.519 6.251 -2615.335
v 3009.887 6.312 -2613.437
v 3016.220 6.578 -2601.094
v 3016.520 6.578 -2601.094
v 3016.520 6.578 -2600.794
v 3016.220 6.578 -2600.794
v 3016.220 14.578 -2601.094
v 3016.520 14.578 -2601.094
v 3016.520 14.578 -2600.794
v 3016.220 14.578 -2600.794
v 3019.891 6.149 -2612.098
v 3020.191 6.149 -2612.098
v 3020.191 6.149 -2611.798
v 3019.891 6.149 -2611.798
v 3019.891 14.149 -2612.098
v 3020.191 14.149 -2612.098
v 3020.191 14.149 -2611.798
v 3019.891 14.149 -2611.798
v 3008.153 6.396 -2605.670
v 3009.089 6.174 -2613.615
v 2999.214 6.356 -2614.778
v 2998.279 6.525 -2606.833
v 3007.919 6.605 -2603.684
v 3008.153 6.546 -2605.670
v 2998.279 6.675 -2606.833
v 2998.045 6.721 -2604.847
v 3009.089 6.324 -2613.615
v 3009.322 6.270 -2615.602
v 2999.448 6.465 -2616.764
v 2999.214 6.506 -2614.778
v 2998.747 6.518 -2606.806
v 2998.747 6.366 -2614.806
v 2989.452 6.667 -2614.806
v 2989.452 6.750 -2606.806
v 2998.747 6.711 -2604.806
v 2998.747 6.668 -2606.806
v 2989.452 6.900 -2606.806
v 2989.452 6.925 -2604.806
v 2998.747 6.516 -2614.806
v 2998.747 6.480 -2616.806
v 2989.452 6.798 -2616.806
v 2989.452 6.817 -2614.806
v 2989.452 6.750 -2606.806
v 2989.452 6.667 -2614.806
v 2980.457 6.984 -2614.806
v 2980.457 6.996 -2606.806
v 2989.452 6.925 -2604.806
v 2989.452 6.900 -2606.806
v 2980.457 7.146 -2606.806
v 2980.457 7.151 -2604.806
v 2989.452 6.817 -2614.806
v 2989.452 6.798 -2616.806
v 2980.457 7.132 -2616.806
v 2980.457 7.134 -2614.806
v 2979.874 7.012 -2606.848
v 2981.039 6.964 -2614.763
v 2961.291 7.710 -2617.669
v 2960.126 7.607 -2609.755
v 2979.583 7.173 -2604.869
v 2979.874 7.162 -2606.848
v 2960.126 7.757 -2609.755
v 2959.835 7.727 -2607.776
v 2981.039 7.114 -2614.763
v 2981.331 7.100 -2616.742
v 2961.583 7.884 -2619.648
v 2961.291 7.860 -2617.669
v 2979.462 7.172 -2605.217
v 2979.762 7.172 -2605.217
v 2979.762 7.172 -2604.917
v 2979.462 7.172 -2604.917
v 2979.462 15.172 -2605.217
v 2979.762 15.172 -2605.217
v 2979.762 15.172 -2604.917
v 2979.462 15.172 -2604.917
v 2981.151 7.101 -2616.694
v 2981.451 7.101 -2616.694
v 2981.451 7.101 -2616.394
v 2981.151 7.101 -2616.394
v 2981.151 15.101 -2616.694
v 2981.451 15.101 -2616.694
v 2981.451 15.101 -2616.394
v 2981.151 15.101 -2616.394
v 2960.182 7.605 -2609.747
v 2961.236 7.713 -2617.677
v 2935.098 8.864 -2621.152
v 2934.044 8.584 -2613.222
v 2959.918 7.725 -2607.764
v 2960.182 7.755 -2609.747
v 2934.044 8.734 -2613.222
v 2933.780 8.662 -2611.239
v 2961.236 7.863 -2617.677
v 2961.500 7.887 -2619.660
v 2935.362 9.081 -2623.134
v 2935.098 9.014 -2621.152
v 2934.314 8.573 -2613.195
v 2934.828 8.876 -2621.179
v 2914.100 9.817 -2622.513
v 2913.586 9.374 -2614.529
v 2934.186 8.647 -2611.199
v 2934.314 8.723 -2613.195
v 2913.586 9.524 -2614.529
v 2913.458 9.414 -2612.534
v 2934.828 9.026 -2621.179
v 2934.956 9.100 -2623.174
v 2914.229 10.077 -2624.509
v 2914.100 9.967 -2622.513
v 2934.048 8.654 -2611.549
v 2934.348 8.654 -2611.549
v 2934.348 8.654 -2611.249
v 2934.048 8.654 -2611.249
v 2934.048 16.654 -2611.549
v 2934.348 16.654 -2611.549
v 2934.348 16.654 -2611.249
v 2934.048 16.654 -2611.249
v 2934.794 9.093 -2623.125
v 2935.094 9.093 -2623.125
v 2935.094 9.093 -2622.825
v 2934.794 9.093 -2622.825
v 2934.794 17.093 -2623.125
v 2935.094 17.093 -2623.125
v 2935.094 17.093 -2622.825
v 2934.794 17.093 -2622.825
v 2913.440 9.379 -2614.542
v 2914.247 9.811 -2622.501
v 2862.873 11.429 -2627.706
v 2862.066 10.938 -2619.747
v 2913.238 9.420 -2612.552
v 2913.440 9.529 -2614.542
v 2862.066 11.088 -2619.747
v 2861.865 10.966 -2617.757
v 2914.247 9.961 -2622.501
v 2914.448 10.066 -2624.491
v 2863.074 11.702 -2629.696
v 2862.873 11.579 -2627.706
v 2913.109 9.431 -2612.901
v 2913.409 9.431 -2612.901
v 2913.409 9.431 -2612.601
v 2913.109 9.431 -2612.601
v 2913.109 17.431 -2612.901
v 2913.409 17.431 -2612.901
v 2913.409 17.431 -2612.601
v 2913.109 17.431 -2612.601
v 2914.278 10.055 -2624.442
v 2914.578 10.055 -2624.442
v 2914.578 10.055 -2624.142
v 2914.278 10.055 -2624.142
v 2914.278 18.055 -2624.442
v 2914.578 18.055 -2624.442
v 2914.578 18.055 -2624.142
v 2914.278 18.055 -2624.142
v 2862.318 10.934 -2619.729
v 2862.621 11.432 -2627.724
v 2842.773 11.621 -2628.477
v 2842.469 11.194 -2620.483
v 2862.242 10.960 -2617.731
v 2862.318 11.084 -2619.729
v 2842.469 11.344 -2620.483
v 2842.394 11.237 -2618.484
v 2862.621 11.582 -2627.724
v 2862.697 11.707 -2629.722
v 2842.849 11.878 -2630.475
v 2842.773 11.771 -2628.477
v 2842.771 11.191 -2620.483
v 2842.471 11.623 -2628.477
v 2820.329 11.576 -2627.645
v 2820.630 11.266 -2619.650
v 2842.847 11.232 -2618.484
v 2842.771 11.341 -2620.483
v 2820.630 11.416 -2619.650
v 2820.705 11.338 -2617.652
v 2842.471 11.773 -2628.477
v 2842.396 11.881 -2630.475
v 2820.254 11.803 -2629.643
v 2820.329 11.726 -2627.645
v 2842.689 11.243 -2618.834
v 2842.989 11.243 -2618.834
v 2842.989 11.243 -2618.534
v 2842.689 11.243 -2618.534
v 2842.689 19.243 -2618.834
v 2842.989 19.243 -2618.834
v 2842.989 19.243 -2618.534
v 2842.689 19.243 -2618.534
v 2842.253 11.870 -2630.426
v 2842.553 11.870 -2630.426
v 2842.553 11.870 -2630.126
v 2842.253 11.870 -2630.126
v 2842.253 19.870 -2630.426
v 2842.553 19.870 -2630.426
v 2842.553 19.870 -2630.126
v 2842.253 19.870 -2630.126
v 2820.627 11.266 -2619.650
v 2820.332 11.576 -2627.645
v 2809.212 11.481 -2627.235
v 2809.506 11.251 -2619.240
v 2820.700 11.338 -2617.651
v 2820.627 11.416 -2619.650
v 2809.506 11.401 -2619.240
v 2809.580 11.343 -2617.242
v 2820.332 11.726 -2627.645
v 2820.259 11.803 -2629.643
v 2809.138 11.688 -2629.234
v 2809.212 11.631 -2627.235
v 2809.685 11.251 -2619.251
v 2809.032 11.479 -2627.224
v 2796.932 11.376 -2626.234
v 2797.585 11.233 -2618.260
v 2809.849 11.342 -2617.258
v 2809.685 11.401 -2619.251
v 2797.585 11.383 -2618.260
v 2797.748 11.346 -2616.267
v 2809.032 11.629 -2627.224
v 2808.869 11.685 -2629.218
v 2796.769 11.560 -2628.227
v 2796.932 11.526 -2626.234
v 2797.588 11.233 -2618.260
v 2796.929 11.376 -2626.233
v 2793.890 11.353 -2625.982
v 2794.549 11.232 -2618.009
v 2797.752 11.346 -2616.267
v 2797.588 11.383 -2618.260
v 2794.549 11.382 -2618.009
v 2794.713 11.351 -2616.016
v 2796.929 11.526 -2626.233
v 2796.765 11.560 -2628.227
v 2793.725 11.532 -2627.976
v 2793.890 11.503 -2625.982
v 2795.442 11.234 -2618.187
v 2792.997 11.345 -2625.805
v 2766.692 11.288 -2617.362
v 2769.137 11.331 -2609.745
v 2796.053 11.351 -2616.283
v 2795.442 11.384 -2618.187
v 2769.137 11.481 -2609.745
v 2769.748 11.490 -2607.841
v 2792.997 11.495 -2625.805
v 2792.386 11.518 -2627.709
v 2766.081 11.422 -2619.267
v 2766.692 11.438 -2617.362
v 2795.842 11.355 -2616.623
v 2796.142 11.355 -2616.623
v 2796.142 11.355 -2616.323
v 2795.842 11.355 -2616.323
v 2795.842 19.355 -2616.623
v 2796.142 19.355 -2616.623
v 2796.142 19.355 -2616.323
v 2795.842 19.355 -2616.323
v 2792.297 11.515 -2627.668
v 2792.597 11.515 -2627.668
v 2792.597 11.515 -2627.368
v 2792.297 11.515 -2627.368
v 2792.297 19.515 -2627.668
v 2792.597 19.515 -2627.668
v 2792.597 19.515 -2627.368
v 2792.297 19.515 -2627.368
v 2769.215 11.330 -2609.771
v 2766.615 11.289 -2617.336
v 2718.213 12.399 -2600.703
v 2720.813 12.652 -2593.137
v 2769.865 11.488 -2607.879
v 2769.215 11.480 -2609.771
v 2720.813 12.802 -2593.137
v 2721.463 12.863 -2591.246
v 2766.615 11.439 -2617.336
v 2765.965 11.423 -2619.228
v 2717.563 12.483 -2602.594
v 2718.213 12.549 -2600.703
v 2769.650 11.487 -2608.218
v 2769.950 11.487 -2608.218
v 2769.950 11.487 -2607.918
v 2769.650 11.487 -2607.918
v 2769.650 19.487 -2608.218
v 2769.950 19.487 -2608.218
v 2769.950 19.487 -2607.918
v 2769.650 19.487 -2607.918
v 2765.880 11.424 -2619.189
v 2766.180 11.424 -2619.189
v 2766.180 11.424 -2618.889
v 2765.880 11.424 -2618.889
v 2765.880 19.424 -2619.189
v 2766.180 19.424 -2619.189
v 2766.180 19.424 -2618.889
v 2765.880 19.424 -2618.889
v 2720.752 12.654 -2593.117
v 2718.274 12.396 -2600.723
v 2689.609 13.405 -2591.382
v 2692.087 13.661 -2583.776
v 2721.372 12.867 -2591.215
v 2720.752 12.804 -2593.117
v 2692.087 13.811 -2583.776
v 2692.707 13.877 -2581.874
v 2718.274 12.546 -2600.723
v 2717.654 12.480 -2602.625
v 2688.989 13.493 -2593.284
v 2689.609 13.555 -2591.382
v 2721.160 12.860 -2591.555
v 2721.460 12.860 -2591.555
v 2721.460 12.860 -2591.255
v 2721.160 12.860 -2591.255
v 2721.160 20.860 -2591.555
v 2721.460 20.860 -2591.555
v 2721.460 20.860 -2591.255
v 2721.160 20.860 -2591.255
v 2717.566 12.486 -2602.585
v 2717.866 12.486 -2602.585
v 2717.866 12.486 -2602.285
v 2717.566 12.486 -2602.285
v 2717.566 20.486 -2602.585
v 2717.866 20.486 -2602.585
v 2717.866 20.486 -2602.285
v 2717.566 20.486 -2602.285
v 2692.252 13.656 -2583.834
v 2689.444 13.410 -2591.325
v 2679.258 13.750 -2587.507
v 2682.066 13.971 -2580.016
v 2692.954 13.869 -2581.961
v 2692.252 13.806 -2583.834
v 2682.066 14.121 -2580.016
v 2682.768 14.178 -2578.143
v 2689.444 13.560 -2591.325
v 2688.742 13.501 -2593.197
v 2678.556 13.847 -2589.379
v 2679.258 13.900 -2587.507
v 2683.353 13.922 -2580.802
v 2677.971 13.801 -2586.721
v 2673.307 14.028 -2582.480
v 2678.689 14.131 -2576.561
v 2684.699 14.105 -2579.322
v 2683.353 14.072 -2580.802
v 2678.689 14.281 -2576.561
v 2680.035 14.300 -2575.081
v 2677.971 13.951 -2586.721
v 2676.626 13.925 -2588.200
v 2671.962 14.152 -2583.959
v 2673.307 14.178 -2582.480
v 2679.577 14.087 -2577.733
v 2672.420 14.082 -2581.307
v 2667.332 14.421 -2571.121
v 2674.489 14.417 -2567.547
v 2681.366 14.234 -2576.839
v 2679.577 14.237 -2577.733
v 2674.489 14.567 -2567.547
v 2676.279 14.568 -2566.653
v 2672.420 14.232 -2581.307
v 2670.630 14.232 -2582.201
v 2665.543 14.562 -2572.015
v 2667.332 14.571 -2571.121
v 2674.883 14.379 -2568.861
v 2666.939 14.456 -2569.807
v 2666.082 14.622 -2562.606
v 2674.026 14.568 -2561.661
v 2676.869 14.511 -2568.625
v 2674.883 14.529 -2568.861
v 2674.026 14.718 -2561.661
v 2676.012 14.704 -2561.424
v 2666.939 14.606 -2569.807
v 2664.953 14.602 -2570.043
v 2664.096 14.747 -2562.843
v 2666.082 14.772 -2562.606
v 2676.520 14.513 -2568.798
v 2676.820 14.513 -2568.798
v 2676.820 14.513 -2568.498
v 2676.520 14.513 -2568.498
v 2676.520 22.513 -2568.798
v 2676.820 22.513 -2568.798
v 2676.820 22.513 -2568.498
v 2676.520 22.513 -2568.498
v 2665.001 14.604 -2570.169
v 2665.301 14.604 -2570.169
v 2665.301 14.604 -2569.869
v 2665.001 14.604 -2569.869
v 2665.001 22.604 -2570.169
v 2665.301 22.604 -2570.169
v 2665.301 22.604 -2569.869
v 2665.001 22.604 -2569.869
v 2674.029 14.545 -2562.578
v 2666.078 14.642 -2561.689
v 2667.359 14.895 -2550.235
v 2675.309 14.820 -2551.123
v 2676.017 14.669 -2562.800
v 2674.029 14.695 -2562.578
v 2675.309 14.970 -2551.123
v 2677.297 14.950 -2551.345
v 2666.078 14.792 -2561.689
v 2664.091 14.776 -2561.467
v 2665.371 15.037 -2550.013
v 2667.359 15.045 -2550.235
v 2675.320 14.839 -2550.348
v 2667.348 14.878 -2551.010
v 2666.502 14.980 -2540.824
v 2674.474 14.945 -2540.162
v 2677.313 14.980 -2550.182
v 2675.320 14.989 -2550.348
v 2674.474 15.095 -2540.162
v 2676.467 15.086 -2539.996
v 2667.348 15.028 -2551.010
v 2665.354 15.012 -2551.176
v 2664.508 15.085 -2540.989
v 2666.502 15.130 -2540.824
v 2674.475 14.945 -2540.178
v 2666.500 14.980 -2540.807
v 2666.066 14.993 -2535.298
v 2674.041 14.973 -2534.669
v 2676.469 15.086 -2540.021
v 2674.475 15.095 -2540.178
v 2674.041 15.123 -2534.669
v 2676.035 15.116 -2534.512
v 2666.500 15.130 -2540.807
v 2664.506 15.085 -2540.964
v 2664.072 15.089 -2535.455
v 2666.066 15.143 -2535.298
v 2672.524 14.992 -2531.837
v 2667.584 14.985 -2538.130
v 2664.756 14.956 -2535.910
v 2669.696 15.011 -2529.618
v 2673.758 15.145 -2530.264
v 2672.524 15.142 -2531.837
v 2669.696 15.161 -2529.618
v 2670.931 15.164 -2528.044
v 2667.584 15.135 -2538.130
v 2666.349 15.135 -2539.703
v 2663.521 15.070 -2537.483
v 2664.756 15.106 -2535.910
v 2673.485 15.145 -2530.571
v 2673.785 15.145 -2530.571
v 2673.785 15.145 -2530.271
v 2673.485 15.145 -2530.271
v 2673.485 23.145 -2530.571
v 2673.785 23.145 -2530.571
v 2673.785 23.145 -2530.271
v 2673.485 23.145 -2530.271
v 2666.322 15.135 -2539.696
v 2666.622 15.135 -2539.696
v 2666.622 15.135 -2539.396
v 2666.322 15.135 -2539.396
v 2666.322 23.135 -2539.696
v 2666.622 23.135 -2539.696
v 2666.622 23.135 -2539.396
v 2666.322 23.135 -2539.396
v 2669.708 15.011 -2529.627
v 2664.744 14.956 -2535.901
v 2661.638 14.878 -2533.443
v 2666.602 15.029 -2527.170
v 2670.949 15.163 -2528.059
v 2669.708 15.161 -2529.627
v 2666.602 15.179 -2527.170
v 2667.843 15.182 -2525.601
v 2664.744 15.106 -2535.901
v 2663.503 15.069 -2537.469
v 2660.397 14.992 -2535.012
v 2661.638 15.028 -2533.443
v 2665.170 14.996 -2526.447
v 2663.071 14.916 -2534.166
v 2658.406 14.790 -2532.898
v 2660.506 14.857 -2525.178
v 2665.695 15.168 -2524.517
v 2665.170 15.146 -2526.447
v 2660.506 15.007 -2525.178
v 2661.030 15.026 -2523.248
v 2663.071 15.066 -2534.166
v 2662.546 15.047 -2536.096
v 2657.882 14.925 -2534.828
v 2658.406 14.940 -2532.898
v 2658.305 14.790 -2525.208
v 2660.608 14.851 -2532.869
v 2652.125 14.622 -2535.419
v 2649.822 14.538 -2527.757
v 2657.729 14.922 -2523.292
v 2658.305 14.940 -2525.208
v 2649.822 14.688 -2527.757
v 2649.246 14.664 -2525.842
v 2660.608 15.001 -2532.869
v 2661.183 15.014 -2534.784
v 2652.701 14.791 -2537.334
v 2652.125 14.772 -2535.419
v 2649.399 14.526 -2527.911
v 2652.548 14.633 -2535.265
v 2640.670 14.351 -2540.352
v 2637.521 14.215 -2532.998
v 2648.612 14.646 -2526.073
v 2649.399 14.676 -2527.911
v 2637.521 14.365 -2532.998
v 2636.734 14.328 -2531.159
v 2652.548 14.783 -2535.265
v 2653.335 14.807 -2537.104
v 2641.458 14.532 -2542.190
v 2640.670 14.501 -2540.352
v 2648.540 14.649 -2526.406
v 2648.840 14.649 -2526.406
v 2648.840 14.649 -2526.106
v 2648.540 14.649 -2526.106
v 2648.540 22.649 -2526.406
v 2648.840 22.649 -2526.406
v 2648.840 22.649 -2526.106
v 2648.540 22.649 -2526.106
v 2653.107 14.805 -2537.070
v 2653.407 14.805 -2537.070
v 2653.407 14.805 -2536.770
v 2653.107 14.805 -2536.770
v 2653.107 22.805 -2537.070
v 2653.407 22.805 -2537.070
v 2653.407 22.805 -2536.770
v 2653.107 22.805 -2536.770
v 2637.173 14.207 -2533.167
v 2641.019 14.358 -2540.182
v 2627.861 14.119 -2547.396
v 2624.015 13.932 -2540.381
v 2636.211 14.316 -2531.413
v 2637.173 14.357 -2533.167
v 2624.015 14.082 -2540.381
v 2623.053 14.026 -2538.627
v 2641.019 14.508 -2540.182
v 2641.980 14.543 -2541.936
v 2628.822 14.304 -2549.149
v 2627.861 14.269 -2547.396
v 2623.165 13.912 -2541.005
v 2628.710 14.130 -2546.771
v 2617.679 13.998 -2557.380
v 2612.133 13.753 -2551.614
v 2621.779 13.996 -2539.563
v 2623.165 14.062 -2541.005
v 2612.133 13.903 -2551.614
v 2610.747 13.833 -2550.172
v 2628.710 14.280 -2546.771
v 2630.097 14.324 -2548.213
v 2619.065 14.200 -2558.822
v 2617.679 14.148 -2557.380
v 2621.767 14.002 -2539.858
v 2622.067 14.002 -2539.858
v 2622.067 14.002 -2539.558
v 2621.767 14.002 -2539.558
v 2621.767 22.002 -2539.858
v 2622.067 22.002 -2539.858
v 2622.067 22.002 -2539.558
v 2621.767 22.002 -2539.558
v 2629.808 14.320 -2548.219
v 2630.108 14.320 -2548.219
v 2630.108 14.320 -2547.919
v 2629.808 14.320 -2547.919
v 2629.808 22.320 -2548.219
v 2630.108 22.320 -2548.219
v 2630.108 22.320 -2547.919
v 2629.808 22.320 -2547.919
v 2612.248 13.753 -2551.508
v 2617.564 13.997 -2557.487
v 2602.302 14.068 -2571.055
v 2596.986 13.807 -2565.076
v 2610.919 13.834 -2550.013
v 2612.248 13.903 -2551.508
v 2596.986 13.957 -2565.076
v 2595.658 13.884 -2563.581
v 2617.564 14.147 -2557.487
v 2618.893 14.199 -2558.981
v 2603.631 14.274 -2572.550
v 2602.302 14.218 -2571.055
v 2597.731 13.801 -2564.553
v 2601.557 14.076 -2571.578
v 2592.217 14.182 -2576.665
v 2588.391 13.867 -2569.639
v 2596.774 13.875 -2562.796
v 2597.731 13.951 -2564.553
v 2588.391 14.017 -2569.639
v 2587.435 13.931 -2567.883
v 2601.557 14.226 -2571.578
v 2602.514 14.287 -2573.335
v 2593.174 14.404 -2578.421
v 2592.217 14.332 -2576.665
v 2596.720 13.883 -2563.122
v 2597.020 13.883 -2563.122
v 2597.020 13.883 -2562.822
v 2596.720 13.883 -2562.822
v 2596.720 21.883 -2563.122
v 2597.020 21.883 -2563.122
v 2597.020 21.883 -2562.822
v 2596.720 21.883 -2562.822
v 2602.268 14.281 -2573.309
v 2602.568 14.281 -2573.309
v 2602.568 14.281 -2573.009
v 2602.268 14.281 -2573.009
v 2602.268 22.281 -2573.309
v 2602.568 22.281 -2573.309
v 2602.568 22.281 -2573.009
v 2602.268 22.281 -2573.009
v 2588.883 13.863 -2569.413
v 2591.726 14.188 -2576.891
v 2579.425 14.382 -2581.568
v 2576.582 13.984 -2574.090
v 2588.172 13.926 -2567.544
v 2588.883 14.013 -2569.413
v 2576.582 14.134 -2574.090
v 2575.871 14.037 -2572.221
v 2591.726 14.338 -2576.891
v 2592.437 14.416 -2578.760
v 2580.136 14.636 -2583.437
v 2579.425 14.532 -2581.568
v 2576.011 13.995 -2574.361
v 2579.996 14.368 -2581.297
v 2560.059 15.122 -2592.752
v 2556.074 14.662 -2585.815
v 2575.015 14.053 -2572.626
v 2576.011 14.145 -2574.361
v 2556.074 14.812 -2585.815
v 2555.077 14.691 -2584.081
v 2579.996 14.518 -2581.297
v 2580.993 14.613 -2583.031
v 2561.055 15.381 -2594.486
v 2560.059 15.272 -2592.752
v 2574.964 14.062 -2572.950
v 2575.264 14.062 -2572.950
v 2575.264 14.062 -2572.650
v 2574.964 14.062 -2572.650
v 2574.964 22.062 -2572.950
v 2575.264 22.062 -2572.950
v 2575.264 22.062 -2572.650
v 2574.964 22.062 -2572.650
v 2580.743 14.604 -2583.008
v 2581.043 14.604 -2583.008
v 2581.043 14.604 -2582.708
v 2580.743 14.604 -2582.708
v 2580.743 22.604 -2583.008
v 2581.043 22.604 -2583.008
v 2581.043 22.604 -2582.708
v 2580.743 22.604 -2582.708
v 2556.826 14.637 -2585.481
v 2559.306 15.149 -2593.086
v 2538.523 15.779 -2599.864
v 2536.043 15.192 -2592.258
v 2556.206 14.655 -2583.579
v 2556.826 14.787 -2585.481
v 2536.043 15.342 -2592.258
v 2535.423 15.196 -2590.357
v 2559.306 15.299 -2593.086
v 2559.926 15.423 -2594.988
v 2539.143 16.077 -2601.766
v 2538.523 15.929 -2599.864
v 2535.121 15.226 -2592.696
v 2539.445 15.746 -2599.427
v 2533.500 16.033 -2603.245
v 2529.177 15.517 -2596.514
v 2534.040 15.247 -2591.013
v 2535.121 15.376 -2592.696
v 2529.177 15.667 -2596.514
v 2528.096 15.539 -2594.831
v 2539.445 15.896 -2599.427
v 2540.525 16.028 -2601.110
v 2534.581 16.314 -2604.928
v 2533.500 16.183 -2603.245
v 2528.396 15.566 -2597.169
v 2534.280 15.984 -2602.590
v 2529.193 16.396 -2608.112
v 2523.309 15.977 -2602.692
v 2526.925 15.613 -2595.814
v 2528.396 15.716 -2597.169
v 2523.309 16.127 -2602.692
v 2521.838 16.024 -2601.337
v 2534.280 16.134 -2602.590
v 2535.751 16.240 -2603.945
v 2530.664 16.648 -2609.467
v 2529.193 16.546 -2608.112
v 2526.923 15.624 -2596.100
v 2527.223 15.624 -2596.100
v 2527.223 15.624 -2595.800
v 2526.923 15.624 -2595.800
v 2526.923 23.624 -2596.100
v 2527.223 23.624 -2596.100
v 2527.223 23.624 -2595.800
v 2526.923 23.624 -2595.800
v 2535.454 16.230 -2603.959
v 2535.754 16.230 -2603.959
v 2535.754 16.230 -2603.659
v 2535.454 16.230 -2603.659
v 2535.454 24.230 -2603.959
v 2535.754 24.230 -2603.959
v 2535.754 24.230 -2603.659
v 2535.454 24.230 -2603.659
v 2523.946 15.936 -2602.133
v 2528.556 16.437 -2608.671
v 2521.343 16.771 -2613.757
v 2516.733 16.302 -2607.219
v 2522.793 15.963 -2600.498
v 2523.946 16.086 -2602.133
v 2516.733 16.452 -2607.219
v 2515.580 16.329 -2605.585
v 2528.556 16.587 -2608.671
v 2529.709 16.705 -2610.305
v 2522.495 17.038 -2615.392
v 2521.343 16.921 -2613.757
v 2517.773 16.265 -2606.694
v 2520.303 16.804 -2614.283
v 2510.117 17.000 -2617.679
v 2507.587 16.483 -2610.089
v 2517.140 16.274 -2604.796
v 2517.773 16.415 -2606.694
v 2507.587 16.633 -2610.089
v 2506.954 16.501 -2608.192
v 2520.303 16.954 -2614.283
v 2520.935 17.087 -2616.180
v 2510.749 17.281 -2619.576
v 2510.117 17.150 -2617.679
v 2507.855 16.478 -2610.010
v 2509.849 17.005 -2617.758
v 2495.010 17.047 -2621.576
v 2493.016 16.526 -2613.828
v 2507.357 16.494 -2608.073
v 2507.855 16.628 -2610.010
v 2493.016 16.676 -2613.828
v 2492.518 16.549 -2611.891
v 2509.849 17.155 -2617.758
v 2510.347 17.287 -2619.695
v 2495.508 17.331 -2623.513
v 2495.010 17.197 -2621.576
v 2507.257 16.508 -2608.417
v 2507.557 16.508 -2608.417
v 2507.557 16.508 -2608.117
v 2507.257 16.508 -2608.117
v 2507.257 24.508 -2608.417
v 2507.557 24.508 -2608.417
v 2507.557 24.508 -2608.117
v 2507.257 24.508 -2608.117
v 2510.147 17.274 -2619.651
v 2510.447 17.274 -2619.651
v 2510.447 17.274 -2619.351
v 2510.147 17.274 -2619.351
v 2510.147 25.274 -2619.651
v 2510.447 25.274 -2619.651
v 2510.447 25.274 -2619.351
v 2510.147 25.274 -2619.351
v 2492.658 16.524 -2613.938
v 2495.368 17.051 -2621.466
v 2484.759 16.949 -2625.284
v 2482.050 16.475 -2617.757
v 2491.981 16.547 -2612.057
v 2492.658 16.674 -2613.938
v 2482.050 16.625 -2617.757
v 2481.372 16.511 -2615.875
v 2495.368 17.201 -2621.466
v 2496.045 17.337 -2623.348
v 2485.436 17.222 -2627.166
v 2484.759 17.099 -2625.284
v 2481.355 16.474 -2618.085
v 2485.454 16.953 -2624.955
v 2461.275 16.703 -2639.382
v 2457.176 16.268 -2632.513
v 2480.330 16.510 -2616.368
v 2481.355 16.624 -2618.085
v 2457.176 16.418 -2632.513
v 2456.151 16.311 -2630.795
v 2485.454 17.103 -2624.955
v 2486.479 17.230 -2626.673
v 2462.300 16.947 -2641.100
v 2461.275 16.853 -2639.382
v 2480.282 16.522 -2616.690
v 2480.582 16.522 -2616.690
v 2480.582 16.522 -2616.390
v 2480.282 16.522 -2616.390
v 2480.282 24.522 -2616.690
v 2480.582 24.522 -2616.690
v 2480.582 24.522 -2616.390
v 2480.282 24.522 -2616.390
v 2486.226 17.217 -2626.651
v 2486.526 17.217 -2626.651
v 2486.526 17.217 -2626.351
v 2486.226 17.217 -2626.351
v 2486.226 25.217 -2626.651
v 2486.526 25.217 -2626.651
v 2486.526 25.217 -2626.351
v 2486.226 25.217 -2626.351
v 2457.438 16.277 -2632.369
v 2461.014 16.696 -2639.526
v 2440.653 15.696 -2649.699
v 2437.077 15.356 -2642.542
v 2456.544 16.325 -2630.580
v 2457.438 16.427 -2632.369
v 2437.077 15.506 -2642.542
v 2436.184 15.425 -2640.753
v 2461.014 16.846 -2639.526
v 2461.907 16.936 -2641.315
v 2441.547 15.936 -2651.488
v 2440.653 15.846 -2649.699
v 2437.347 15.370 -2642.420
v 2440.384 15.681 -2649.821
v 2423.830 14.665 -2656.612
v 2420.794 14.412 -2649.211
v 2436.588 15.446 -2640.570
v 2437.347 15.520 -2642.420
v 2420.794 14.562 -2649.211
v 2420.035 14.503 -2647.360
v 2440.384 15.831 -2649.821
v 2441.143 15.912 -2651.672
v 2424.589 14.882 -2658.462
v 2423.830 14.815 -2656.612
v 2436.514 15.454 -2640.905
v 2436.814 15.454 -2640.905
v 2436.814 15.454 -2640.605
v 2436.514 15.454 -2640.605
v 2436.514 23.454 -2640.905
v 2436.814 23.454 -2640.905
v 2436.814 23.454 -2640.605
v 2436.514 23.454 -2640.605
v 2440.917 15.904 -2651.637
v 2441.217 15.904 -2651.637
v 2441.217 15.904 -2651.337
v 2440.917 15.904 -2651.337
v 2440.917 23.904 -2651.637
v 2441.217 23.904 -2651.637
v 2441.217 23.904 -2651.337
v 2440.917 23.904 -2651.337
v 2419.911 14.358 -2649.712
v 2424.713 14.721 -2656.111
v 2414.539 14.098 -2663.747
v 2409.736 13.802 -2657.349
v 2418.710 14.423 -2648.113
v 2419.911 14.508 -2649.712
v 2409.736 13.952 -2657.349
v 2408.536 13.882 -2655.749
v 2424.713 14.871 -2656.111
v 2425.914 14.967 -2657.710
v 2415.739 14.325 -2665.347
v 2414.539 14.248 -2663.747
v 2409.128 13.768 -2657.913
v 2415.147 14.132 -2663.183
v 2406.242 13.677 -2673.356
v 2400.222 13.232 -2668.086
v 2407.623 13.831 -2656.596
v 2409.128 13.918 -2657.913
v 2400.222 13.382 -2668.086
v 2398.717 13.293 -2666.769
v 2415.147 14.282 -2663.183
v 2416.652 14.377 -2664.500
v 2407.747 13.947 -2674.673
v 2406.242 13.827 -2673.356
v 2400.109 13.225 -2668.221
v 2406.355 13.682 -2673.221
v 2397.861 13.369 -2683.830
v 2391.616 12.881 -2678.830
v 2398.548 13.283 -2666.971
v 2400.109 13.375 -2668.221
v 2391.616 13.031 -2678.830
v 2390.054 12.909 -2677.580
v 2406.355 13.832 -2673.221
v 2407.916 13.953 -2674.471
v 2399.422 13.640 -2685.080
v 2397.861 13.519 -2683.830
v 2398.554 13.292 -2667.246
v 2398.854 13.292 -2667.246
v 2398.854 13.292 -2666.946
v 2398.554 13.292 -2666.946
v 2398.554 21.292 -2667.246
v 2398.854 21.292 -2667.246
v 2398.854 21.292 -2666.946
v 2398.554 21.292 -2666.946
v 2407.610 13.941 -2674.496
v 2407.910 13.941 -2674.496
v 2407.910 13.941 -2674.196
v 2407.610 13.941 -2674.196
v 2407.610 21.941 -2674.496
v 2407.910 21.941 -2674.496
v 2407.910 21.941 -2674.196
v 2407.610 21.941 -2674.196
v 2391.111 12.866 -2679.644
v 2398.365 13.383 -2683.017
v 2395.404 13.328 -2689.385
v 2388.150 12.812 -2686.012
v 2389.298 12.887 -2678.800
v 2391.111 13.016 -2679.644
v 2388.150 12.962 -2686.012
v 2386.337 12.833 -2685.168
v 2398.365 13.533 -2683.017
v 2400.179 13.663 -2683.860
v 2397.218 13.608 -2690.228
v 2395.404 13.478 -2689.385
v 2387.855 12.812 -2686.912
v 2395.699 13.329 -2688.484
v 2393.573 13.411 -2699.093
v 2385.729 12.896 -2697.521
v 2385.894 12.833 -2686.519
v 2387.855 12.962 -2686.912
v 2385.729 13.046 -2697.521
v 2383.768 12.917 -2697.128
v 2395.699 13.479 -2688.484
v 2397.660 13.608 -2688.877
v 2395.534 13.690 -2699.486
v 2393.573 13.561 -2699.093
v 2385.651 12.907 -2698.307
v 2393.651 13.400 -2698.307
v 2393.651 13.766 -2707.212
v 2385.651 13.298 -2707.212
v 2383.651 12.933 -2698.307
v 2385.651 13.057 -2698.307
v 2385.651 13.448 -2707.212
v 2383.651 13.331 -2707.212
v 2393.651 13.550 -2698.307
v 2395.651 13.673 -2698.307
v 2395.651 14.033 -2707.212
v 2393.651 13.916 -2707.212
v 2385.820 13.365 -2708.363
v 2393.482 13.703 -2706.061
v 2396.031 14.236 -2714.543
v 2388.369 13.923 -2716.845
v 2383.905 13.433 -2708.939
v 2385.820 13.515 -2708.363
v 2388.369 14.073 -2716.845
v 2386.454 13.997 -2717.421
v 2393.482 13.853 -2706.061
v 2395.397 13.940 -2705.485
v 2397.946 14.466 -2713.967
v 2396.031 14.386 -2714.543
v 2383.946 13.441 -2709.032
v 2384.246 13.441 -2709.032
v 2384.246 13.441 -2708.732
v 2383.946 13.441 -2708.732
v 2383.946 21.441 -2709.032
v 2384.246 21.441 -2709.032
v 2384.246 21.441 -2708.732
v 2383.946 21.441 -2708.732
v 2395.056 13.931 -2705.693
v 2395.356 13.931 -2705.693
v 2395.356 13.931 -2705.393
v 2395.056 13.931 -2705.393
v 2395.056 21.931 -2705.693
v 2395.356 21.931 -2705.693
v 2395.356 21.931 -2705.393
v 2395.056 21.931 -2705.393
v 2389.468 14.067 -2718.615
v 2394.933 14.094 -2712.773
v 2401.289 14.705 -2718.718
v 2395.824 14.676 -2724.561
v 2388.102 14.215 -2720.076
v 2389.468 14.217 -2718.615
v 2395.824 14.826 -2724.561
v 2394.458 14.824 -2726.021
v 2394.933 14.244 -2712.773
v 2396.299 14.255 -2711.312
v 2402.655 14.867 -2717.258
v 2401.289 14.855 -2718.718
v 2396.844 14.759 -2725.254
v 2400.269 14.621 -2718.025
v 2408.329 15.206 -2721.843
v 2404.904 15.325 -2729.073
v 2395.988 14.947 -2727.062
v 2396.844 14.909 -2725.254
v 2404.904 15.475 -2729.073
v 2404.047 15.515 -2730.880
v 2400.269 14.771 -2718.025
v 2401.125 14.739 -2716.217
v 2409.185 15.330 -2720.035
v 2408.329 15.356 -2721.843
v 2405.728 15.378 -2729.358
v 2407.504 15.152 -2721.558
v 2422.354 16.074 -2724.940
v 2420.578 16.258 -2732.740
v 2405.284 15.599 -2731.308
v 2405.728 15.528 -2729.358
v 2420.578 16.408 -2732.740
v 2420.134 16.472 -2734.690
v 2407.504 15.302 -2721.558
v 2407.949 15.247 -2719.608
v 2422.799 16.186 -2722.990
v 2422.354 16.224 -2724.940
v 2405.178 15.590 -2731.263
v 2405.478 15.590 -2731.263
v 2405.478 15.590 -2730.963
v 2405.178 15.590 -2730.963
v 2405.178 23.590 -2731.263
v 2405.478 23.590 -2731.263
v 2405.478 23.590 -2730.963
v 2405.178 23.590 -2730.963
v 2407.754 15.253 -2719.953
v 2408.054 15.253 -2719.953
v 2408.054 15.253 -2719.653
v 2407.754 15.253 -2719.653
v 2407.754 23.253 -2719.953
v 2408.054 23.253 -2719.953
v 2408.054 23.253 -2719.653
v 2407.754 23.253 -2719.653
v 2419.841 16.208 -2732.495
v 2423.091 16.125 -2725.185
v 2430.728 16.667 -2728.580
v 2427.477 16.739 -2735.890
v 2419.028 16.399 -2734.322
v 2419.841 16.358 -2732.495
v 2427.477 16.889 -2735.890
v 2426.665 16.918 -2737.718
v 2423.091 16.275 -2725.185
v 2423.904 16.265 -2723.357
v 2431.540 16.814 -2726.753
v 2430.728 16.817 -2728.580
v 2425.884 16.611 -2734.610
v 2432.322 16.791 -2729.861
v 2438.266 17.325 -2737.920
v 2431.828 17.173 -2742.669
v 2424.274 16.727 -2735.797
v 2425.884 16.761 -2734.610
v 2431.828 17.323 -2742.669
v 2430.218 17.296 -2743.856
v 2432.322 16.941 -2729.861
v 2433.931 17.001 -2728.674
v 2439.876 17.523 -2736.733
v 2438.266 17.475 -2737.920
v 2431.302 17.119 -2741.699
v 2438.793 17.374 -2738.891
v 2442.611 17.759 -2749.077
v 2435.120 17.576 -2751.885
v 2429.429 17.213 -2742.401
v 2431.302 17.269 -2741.699
v 2435.120 17.726 -2751.885
v 2433.247 17.688 -2752.587
v 2438.793 17.524 -2738.891
v 2440.665 17.594 -2738.189
v 2444.484 17.962 -2748.375
v 2442.611 17.909 -2749.077
v 2434.865 17.527 -2750.481
v 2442.865 17.797 -2750.481
v 2442.865 18.061 -2763.627
v 2434.865 17.909 -2763.627
v 2432.865 17.610 -2750.481
v 2434.865 17.677 -2750.481
v 2434.865 18.059 -2763.627
v 2432.865 18.021 -2763.627
v 2442.865 17.947 -2750.481
v 2444.865 18.014 -2750.481
v 2444.865 18.250 -2763.627
v 2442.865 18.211 -2763.627
v 2432.915 17.617 -2750.631
v 2433.215 17.617 -2750.631
v 2433.215 17.617 -2750.331
v 2432.915 17.617 -2750.331
v 2432.915 25.617 -2750.631
v 2433.215 25.617 -2750.631
v 2433.215 25.617 -2750.331
v 2432.915 25.617 -2750.331
v 2444.515 18.007 -2750.631
v 2444.815 18.007 -2750.631
v 2444.815 18.007 -2750.331
v 2444.515 18.007 -2750.331
v 2444.515 26.007 -2750.631
v 2444.815 26.007 -2750.631
v 2444.815 26.007 -2750.331
v 2444.515 26.007 -2750.331
v 2434.873 17.902 -2763.383
v 2442.858 18.066 -2763.871
v 2442.001 18.340 -2777.876
v 2434.016 18.312 -2777.387
v 2432.877 18.010 -2763.260
v 2434.873 18.052 -2763.383
v 2434.016 18.462 -2777.387
v 2432.019 18.453 -2777.265
v 2442.858 18.216 -2763.871
v 2444.854 18.256 -2763.993
v 2443.997 18.495 -2777.998
v 2442.001 18.490 -2777.876
v 2434.037 18.305 -2777.151
v 2441.979 18.345 -2778.112
v 2440.287 18.659 -2792.103
v 2432.345 18.755 -2791.143
v 2432.052 18.442 -2776.911
v 2434.037 18.455 -2777.151
v 2432.345 18.905 -2791.143
v 2430.360 18.925 -2790.903
v 2441.979 18.495 -2778.112
v 2443.965 18.502 -2778.352
v 2442.273 18.782 -2792.343
v 2440.287 18.809 -2792.103
v 2432.316 18.769 -2791.623
v 2440.316 18.649 -2791.623
v 2440.316 18.882 -2803.501
v 2432.316 19.093 -2803.501
v 2430.316 18.949 -2791.623
v 2432.316 18.919 -2791.623
v 2432.316 19.243 -2803.501
v 2430.316 19.296 -2803.501
v 2440.316 18.799 -2791.623
v 2442.316 18.769 -2791.623
v 2442.316 18.979 -2803.501
v 2440.316 19.032 -2803.501
v 2430.366 18.946 -2791.773
v 2430.666 18.946 -2791.773
v 2430.666 18.946 -2791.473
v 2430.366 18.946 -2791.473
v 2430.366 26.946 -2791.773
v 2430.666 26.946 -2791.773
v 2430.666 26.946 -2791.473
v 2430.366 26.946 -2791.473
v 2441.966 18.772 -2791.773
v 2442.266 18.772 -2791.773
v 2442.266 18.772 -2791.473
v 2441.966 18.772 -2791.473
v 2441.966 26.772 -2791.773
v 2442.266 26.772 -2791.773
v 2442.266 26.772 -2791.473
v 2441.966 26.772 -2791.473
v 2432.316 19.093 -2803.501
v 2440.316 18.882 -2803.501
v 2440.316 19.031 -2811.137
v 2432.316 19.301 -2811.137
v 2430.316 19.296 -2803.501
v 2432.316 19.243 -2803.501
v 2432.316 19.451 -2811.137
v 2430.316 19.519 -2811.137
v 2440.316 19.032 -2803.501
v 2442.316 18.979 -2803.501
v 2442.316 19.114 -2811.137
v 2440.316 19.181 -2811.137
v 2432.448 19.269 -2810.117
v 2440.184 19.056 -2812.158
v 2438.058 19.305 -2820.217
v 2430.322 19.574 -2818.176
v 2430.515 19.468 -2809.607
v 2432.448 19.419 -2810.117
v 2430.322 19.724 -2818.176
v 2428.388 19.787 -2817.666
v 2440.184 19.206 -2812.158
v 2442.118 19.148 -2812.668
v 2439.991 19.383 -2820.727
v 2438.058 19.455 -2820.217
v 2431.134 19.497 -2816.615
v 2437.246 19.375 -2821.777
v 2432.582 19.700 -2827.300
v 2426.470 19.857 -2822.138
v 2429.606 19.668 -2815.325
v 2431.134 19.647 -2816.615
v 2426.470 20.007 -2822.138
v 2424.942 20.034 -2820.848
v 2437.246 19.525 -2821.777
v 2438.774 19.482 -2823.068
v 2434.109 19.806 -2828.591
v 2432.582 19.850 -2827.300
v 2427.065 19.816 -2821.566
v 2431.986 19.740 -2827.872
v 2421.845 20.418 -2835.786
v 2416.924 20.445 -2829.480
v 2425.834 19.967 -2819.989
v 2427.065 19.966 -2821.566
v 2416.924 20.595 -2829.480
v 2415.693 20.578 -2827.903
v 2431.986 19.890 -2827.872
v 2433.217 19.867 -2829.449
v 2423.076 20.547 -2837.363
v 2421.845 20.568 -2835.786
v 2425.807 19.967 -2820.297
v 2426.107 19.967 -2820.297
v 2426.107 19.967 -2819.997
v 2425.807 19.967 -2819.997
v 2425.807 27.967 -2820.297
v 2426.107 27.967 -2820.297
v 2426.107 27.967 -2819.997
v 2425.807 27.967 -2819.997
v 2432.944 19.869 -2829.442
v 2433.244 19.869 -2829.442
v 2433.244 19.869 -2829.142
v 2432.944 19.869 -2829.142
v 2432.944 27.869 -2829.442
v 2433.244 27.869 -2829.442
v 2433.244 27.869 -2829.142
v 2432.944 27.869 -2829.142
v 2416.555 20.462 -2829.806
v 2422.214 20.391 -2835.460
v 2409.078 21.193 -2848.606
v 2403.419 21.168 -2842.952
v 2415.140 20.603 -2828.392
v 2416.555 20.612 -2829.806
v 2403.419 21.318 -2842.952
v 2402.004 21.308 -2841.538
v 2422.214 20.541 -2835.460
v 2423.629 20.507 -2836.874
v 2410.493 21.347 -2850.020
v 2409.078 21.343 -2848.606
v 2403.508 21.163 -2842.866
v 2408.990 21.198 -2848.692
v 2398.837 21.640 -2858.245
v 2393.355 21.747 -2852.418
v 2402.137 21.301 -2841.409
v 2403.508 21.313 -2842.866
v 2393.355 21.897 -2852.418
v 2391.985 21.891 -2850.961
v 2408.990 21.348 -2848.692
v 2410.360 21.354 -2850.149
v 2400.208 21.765 -2859.701
v 2398.837 21.790 -2858.245
v 2402.124 21.302 -2841.705
v 2402.424 21.302 -2841.705
v 2402.424 21.302 -2841.405
v 2402.124 21.302 -2841.405
v 2402.124 29.302 -2841.705
v 2402.424 29.302 -2841.705
v 2402.424 29.302 -2841.405
v 2402.124 29.302 -2841.405
v 2410.073 21.354 -2850.153
v 2410.373 21.354 -2850.153
v 2410.373 21.354 -2849.853
v 2410.073 21.354 -2849.853
v 2410.073 29.354 -2850.153
v 2410.373 29.354 -2850.153
v 2410.373 29.354 -2849.853
v 2410.073 29.354 -2849.853
v 2395.311 21.663 -2851.409
v 2396.882 21.700 -2859.253
v 2384.937 22.036 -2861.645
v 2383.367 22.036 -2853.801
v 2394.919 21.757 -2849.448
v 2395.311 21.813 -2851.409
v 2383.367 22.186 -2853.801
v 2382.974 22.175 -2851.839
v 2396.882 21.850 -2859.253
v 2397.274 21.855 -2861.215
v 2385.330 22.186 -2863.606
v 2384.937 22.186 -2861.645
v 2384.785 21.996 -2853.773
v 2383.519 22.073 -2861.672
v 2368.591 22.020 -2859.281
v 2369.857 21.989 -2851.382
v 2385.101 22.113 -2851.798
v 2384.785 22.146 -2853.773
v 2369.857 22.139 -2851.382
v 2370.173 22.070 -2849.407
v 2383.519 22.223 -2861.672
v 2383.203 22.242 -2863.647
v 2368.275 22.170 -2861.256
v 2368.591 22.170 -2859.281
v 2367.801 21.947 -2851.593
v 2370.646 22.070 -2859.070
v 2358.112 21.782 -2863.839
v 2355.267 21.681 -2856.362
v 2367.090 22.006 -2849.724
v 2367.801 22.097 -2851.593
v 2355.267 21.831 -2856.362
v 2354.555 21.806 -2854.493
v 2370.646 22.220 -2859.070
v 2371.358 22.245 -2860.939
v 2358.823 21.957 -2865.709
v 2358.112 21.932 -2863.839
v 2367.011 22.015 -2850.060
v 2367.311 22.015 -2850.060
v 2367.311 22.015 -2849.760
v 2367.011 22.015 -2849.760
v 2367.011 30.015 -2850.060
v 2367.311 30.015 -2850.060
v 2367.311 30.015 -2849.760
v 2367.011 30.015 -2849.760
v 2371.137 22.242 -2860.902
v 2371.437 22.242 -2860.902
v 2371.437 22.242 -2860.602
v 2371.137 22.242 -2860.602
v 2371.137 30.242 -2860.902
v 2371.437 30.242 -2860.902
v 2371.437 30.242 -2860.602
v 2371.137 30.242 -2860.602
v 2354.336 21.660 -2856.866
v 2359.043 21.802 -2863.335
v 2345.896 21.518 -2872.901
v 2341.189 21.377 -2866.432
v 2353.159 21.775 -2855.249
v 2354.336 21.810 -2856.866
v 2341.189 21.527 -2866.432
v 2340.012 21.491 -2864.815
v 2359.043 21.952 -2863.335
v 2360.219 21.988 -2864.953
v 2347.072 21.704 -2874.518
v 2345.896 21.668 -2872.901
v 2341.945 21.393 -2865.999
v 2345.140 21.502 -2873.333
v 2321.852 20.294 -2883.480
v 2318.657 20.036 -2876.146
v 2341.146 21.516 -2864.166
v 2341.945 21.543 -2865.999
v 2318.657 20.186 -2876.146
v 2317.858 20.115 -2874.313
v 2345.140 21.652 -2873.333
v 2345.939 21.679 -2875.167
v 2322.651 20.464 -2885.314
v 2321.852 20.444 -2883.480
v 2341.076 21.519 -2864.499
v 2341.376 21.519 -2864.499
v 2341.376 21.519 -2864.199
v 2341.076 21.519 -2864.199
v 2341.076 29.519 -2864.499
v 2341.376 29.519 -2864.499
v 2341.376 29.519 -2864.199
v 2341.076 29.519 -2864.199
v 2345.709 21.676 -2875.134
v 2346.009 21.676 -2875.134
v 2346.009 21.676 -2874.834
v 2345.709 21.676 -2874.834
v 2345.709 29.676 -2875.134
v 2346.009 29.676 -2875.134
v 2346.009 29.676 -2874.834
v 2345.709 29.676 -2874.834
v 2319.492 20.095 -2875.887
v 2321.017 20.230 -2883.740
v 2281.009 17.143 -2891.509
v 2279.484 16.938 -2883.655
v 2319.111 20.204 -2873.923
v 2319.492 20.245 -2875.887
v 2279.484 17.088 -2883.655
v 2279.102 17.028 -2881.692
v 2321.017 20.380 -2883.740
v 2321.398 20.369 -2885.703
v 2281.390 17.341 -2893.472
v 2281.009 17.293 -2891.509
v 2318.999 20.208 -2874.270
v 2319.299 20.208 -2874.270
v 2319.299 20.208 -2873.970
v 2318.999 20.208 -2873.970
v 2318.999 28.208 -2874.270
v 2319.299 28.208 -2874.270
v 2319.299 28.208 -2873.970
v 2318.999 28.208 -2873.970
v 2321.210 20.370 -2885.657
v 2321.510 20.370 -2885.657
v 2321.510 20.370 -2885.357
v 2321.210 20.370 -2885.357
v 2321.210 28.370 -2885.657
v 2321.510 28.370 -2885.657
v 2321.510 28.370 -2885.357
v 2321.210 28.370 -2885.357
v 2279.680 16.956 -2883.622
v 2280.812 17.126 -2891.542
v 2259.917 15.375 -2894.528
v 2258.786 15.068 -2886.608
v 2279.397 17.056 -2881.642
v 2279.680 17.106 -2883.622
v 2258.786 15.218 -2886.608
v 2258.503 15.139 -2884.628
v 2280.812 17.276 -2891.542
v 2281.095 17.316 -2893.522
v 2260.200 15.600 -2896.508
v 2259.917 15.525 -2894.528
v 2259.352 15.119 -2886.568
v 2259.352 15.328 -2894.568
v 2239.047 13.724 -2894.568
v 2239.047 13.395 -2886.568
v 2259.352 15.216 -2884.568
v 2259.352 15.269 -2886.568
v 2239.047 13.545 -2886.568
v 2239.047 13.462 -2884.568
v 2259.352 15.478 -2894.568
v 2259.352 15.531 -2896.568
v 2239.047 13.957 -2896.568
v 2239.047 13.874 -2894.568
v 2259.202 15.221 -2884.918
v 2259.502 15.221 -2884.918
v 2259.502 15.221 -2884.618
v 2259.202 15.221 -2884.618
v 2259.202 23.221 -2884.918
v 2259.502 23.221 -2884.918
v 2259.502 23.221 -2884.618
v 2259.202 23.221 -2884.618
v 2259.202 15.526 -2896.518
v 2259.502 15.526 -2896.518
v 2259.502 15.526 -2896.218
v 2259.202 15.526 -2896.218
v 2259.202 23.526 -2896.518
v 2259.502 23.526 -2896.518
v 2259.502 23.526 -2896.218
v 2259.202 23.526 -2896.218
v 2239.047 13.395 -2886.568
v 2239.047 13.724 -2894.568
v 2216.950 12.034 -2894.568
v 2216.950 11.583 -2886.568
v 2239.047 13.462 -2884.568
v 2239.047 13.545 -2886.568
v 2216.950 11.733 -2886.568
v 2216.950 11.620 -2884.568
v 2239.047 13.874 -2894.568
v 2239.047 13.957 -2896.568
v 2216.950 12.296 -2896.568
v 2216.950 12.184 -2894.568
v 2217.758 11.654 -2886.650
v 2216.142 11.967 -2894.485
v 2195.837 10.666 -2890.297
v 2197.453 10.258 -2882.462
v 2218.162 11.728 -2884.692
v 2217.758 11.804 -2886.650
v 2197.453 10.408 -2882.462
v 2197.857 10.366 -2880.503
v 2216.142 12.117 -2894.485
v 2215.738 12.198 -2896.444
v 2195.433 10.920 -2892.256
v 2195.837 10.816 -2890.297
v 2217.972 11.736 -2885.037
v 2218.272 11.736 -2885.037
v 2218.272 11.736 -2884.737
v 2217.972 11.736 -2884.737
v 2217.972 19.736 -2885.037
v 2218.272 19.736 -2885.037
v 2218.272 19.736 -2884.737
v 2217.972 19.736 -2884.737
v 2215.628 12.190 -2896.398
v 2215.928 12.190 -2896.398
v 2215.928 12.190 -2896.098
v 2215.628 12.190 -2896.098
v 2215.628 20.190 -2896.398
v 2215.928 20.190 -2896.398
v 2215.928 20.190 -2896.098
v 2215.628 20.190 -2896.098
v 2198.232 10.304 -2882.708
v 2195.059 10.615 -2890.052
v 2168.788 8.887 -2878.702
v 2171.960 8.710 -2871.358
v 2199.025 10.432 -2880.872
v 2198.232 10.454 -2882.708
v 2171.960 8.860 -2871.358
v 2172.753 8.838 -2869.522
v 2195.059 10.765 -2890.052
v 2194.266 10.844 -2891.888
v 2167.994 9.096 -2880.538
v 2168.788 9.037 -2878.702
v 2171.907 8.707 -2871.336
v 2168.841 8.888 -2878.725
v 2105.534 9.055 -2852.460
v 2108.599 8.853 -2845.070
v 2172.673 8.833 -2869.489
v 2171.907 8.857 -2871.336
v 2108.599 9.003 -2845.070
v 2109.366 8.956 -2843.223
v 2168.841 9.038 -2878.725
v 2168.075 9.097 -2880.572
v 2104.767 9.271 -2854.307
v 2105.534 9.205 -2852.460
v 2172.446 8.836 -2869.823
v 2172.746 8.836 -2869.823
v 2172.746 8.836 -2869.523
v 2172.446 8.836 -2869.523
v 2172.446 16.836 -2869.823
v 2172.746 16.836 -2869.823
v 2172.746 16.836 -2869.523
v 2172.446 16.836 -2869.523
v 2168.001 9.092 -2880.538
v 2168.301 9.092 -2880.538
v 2168.301 9.092 -2880.238
v 2168.001 9.092 -2880.238
v 2168.001 17.092 -2880.538
v 2168.301 17.092 -2880.538
v 2168.301 17.092 -2880.238
v 2168.001 17.092 -2880.238
v 2108.332 8.861 -2844.970
v 2105.801 9.047 -2852.559
v 2082.513 9.738 -2844.791
v 2085.044 9.494 -2837.202
v 2108.965 8.967 -2843.073
v 2108.332 9.011 -2844.970
v 2085.044 9.644 -2837.202
v 2085.677 9.585 -2835.305
v 2105.801 9.197 -2852.559
v 2105.168 9.260 -2854.457
v 2081.880 9.951 -2846.688
v 2082.513 9.888 -2844.791
v 2084.371 9.512 -2837.040
v 2083.186 9.719 -2844.952
v 2059.296 10.419 -2841.372
v 2060.482 10.144 -2833.460
v 2084.668 9.611 -2835.063
v 2084.371 9.662 -2837.040
v 2060.482 10.294 -2833.460
v 2060.779 10.227 -2831.482
v 2083.186 9.869 -2844.952
v 2082.889 9.921 -2846.930
v 2059.000 10.639 -2843.350
v 2059.296 10.569 -2841.372
v 2084.488 9.616 -2835.410
v 2084.788 9.616 -2835.410
v 2084.788 9.616 -2835.110
v 2084.488 9.616 -2835.110
v 2084.488 17.616 -2835.410
v 2084.788 17.616 -2835.410
v 2084.788 17.616 -2835.110
v 2084.488 17.616 -2835.110
v 2082.769 9.916 -2846.882
v 2083.069 9.916 -2846.882
v 2083.069 9.916 -2846.582
v 2082.769 9.916 -2846.582
v 2082.769 17.916 -2846.882
v 2083.069 17.916 -2846.882
v 2083.069 17.916 -2846.582
v 2082.769 17.916 -2846.582
v 2059.558 10.171 -2833.430
v 2060.220 10.390 -2841.402
v 2045.893 10.874 -2842.591
v 2045.232 10.595 -2834.619
v 2059.393 10.265 -2831.436
v 2059.558 10.321 -2833.430
v 2045.232 10.745 -2834.619
v 2045.066 10.676 -2832.625
v 2060.220 10.540 -2841.402
v 2060.386 10.594 -2843.395
v 2046.059 11.093 -2844.584
v 2045.893 11.024 -2842.591
v 2043.290 10.623 -2835.313
v 2047.835 10.810 -2841.897
v 2041.556 11.016 -2846.230
v 2037.012 10.792 -2839.646
v 2042.154 10.717 -2833.667
v 2043.290 10.773 -2835.313
v 2037.012 10.942 -2839.646
v 2035.876 10.884 -2838.000
v 2047.835 10.960 -2841.897
v 2048.971 10.979 -2843.543
v 2042.692 11.220 -2847.876
v 2041.556 11.166 -2846.230
v 2037.014 10.792 -2839.645
v 2041.554 11.016 -2846.232
v 2030.511 11.284 -2853.842
v 2025.971 11.107 -2847.255
v 2035.879 10.884 -2837.998
v 2037.014 10.942 -2839.645
v 2025.971 11.257 -2847.255
v 2024.836 11.198 -2845.608
v 2041.554 11.166 -2846.232
v 2042.689 11.220 -2847.879
v 2031.646 11.439 -2855.489
v 2030.511 11.434 -2853.842
v 2035.843 10.890 -2838.313
v 2036.143 10.890 -2838.313
v 2036.143 10.890 -2838.013
v 2035.843 10.890 -2838.013
v 2035.843 18.890 -2838.313
v 2036.143 18.890 -2838.313
v 2036.143 18.890 -2838.013
v 2035.843 18.890 -2838.013
v 2042.425 11.215 -2847.864
v 2042.725 11.215 -2847.864
v 2042.725 11.215 -2847.564
v 2042.425 11.215 -2847.564
v 2042.425 19.215 -2847.864
v 2042.725 19.215 -2847.864
v 2042.725 19.215 -2847.564
v 2042.425 19.215 -2847.564
v 2026.102 11.103 -2847.168
v 2030.380 11.285 -2853.929
v 2001.125 11.280 -2872.439
v 1996.848 11.090 -2865.678
v 2025.033 11.192 -2845.478
v 2026.102 11.253 -2847.168
v 1996.848 11.240 -2865.678
v 1995.778 11.192 -2863.988
v 2030.380 11.435 -2853.929
v 2031.449 11.440 -2855.619
v 2002.194 11.477 -2874.129
v 2001.125 11.430 -2872.439
v 2024.990 11.198 -2845.797
v 2025.290 11.198 -2845.797
v 2025.290 11.198 -2845.497
v 2024.990 11.198 -2845.497
v 2024.990 19.198 -2845.797
v 2025.290 19.198 -2845.797
v 2025.290 19.198 -2845.497
v 2024.990 19.198 -2845.497
v 2031.192 11.440 -2855.600
v 2031.492 11.440 -2855.600
v 2031.492 11.440 -2855.300
v 2031.192 11.440 -2855.300
v 2031.192 19.440 -2855.600
v 2031.492 19.440 -2855.600
v 2031.492 19.440 -2855.300
v 2031.192 19.440 -2855.300
v 1996.561 11.080 -2865.878
v 2001.412 11.290 -2872.240
v 1988.866 10.855 -2881.805
v 1984.015 10.641 -2875.443
v 1995.348 11.176 -2864.287
v 1996.561 11.230 -2865.878
v 1984.015 10.791 -2875.443
v 1982.803 10.737 -2873.853
v 2001.412 11.440 -2872.240
v 2002.624 11.492 -2873.830
v 1990.079 11.035 -2883.395
v 1988.866 11.005 -2881.805
v 1983.113 10.612 -2876.405
v 1989.769 10.885 -2880.843
v 1980.217 10.257 -2895.165
v 1973.562 10.126 -2890.727
v 1981.449 10.693 -2875.295
v 1983.113 10.762 -2876.405
v 1973.562 10.276 -2890.727
v 1971.898 10.240 -2889.617
v 1989.769 11.035 -2880.843
v 1991.432 11.102 -2881.953
v 1981.881 10.437 -2896.275
v 1980.217 10.407 -2895.165
v 1981.465 10.700 -2875.556
v 1981.765 10.700 -2875.556
v 1981.765 10.700 -2875.256
v 1981.465 10.700 -2875.256
v 1981.465 18.700 -2875.556
v 1981.765 18.700 -2875.556
v 1981.765 18.700 -2875.256
v 1981.465 18.700 -2875.256
v 1991.116 11.095 -2881.992
v 1991.416 11.095 -2881.992
v 1991.416 11.095 -2881.692
v 1991.116 11.095 -2881.692
v 1991.116 19.095 -2881.992
v 1991.416 19.095 -2881.992
v 1991.416 19.095 -2881.692
v 1991.116 19.095 -2881.692
v 1973.470 10.120 -2890.871
v 1980.309 10.264 -2895.021
v 1970.157 9.606 -2911.748
v 1963.318 9.473 -2907.597
v 1971.760 10.231 -2889.833
v 1973.470 10.270 -2890.871
v 1963.318 9.623 -2907.597
v 1961.608 9.564 -2906.559
v 1980.309 10.414 -2895.021
v 1982.019 10.447 -2896.059
v 1971.866 9.783 -2912.786
v 1970.157 9.756 -2911.748
v 1963.330 9.474 -2907.576
v 1970.144 9.605 -2911.769
v 1960.593 8.886 -2927.293
v 1953.779 8.804 -2923.101
v 1961.627 9.565 -2906.528
v 1963.330 9.624 -2907.576
v 1953.779 8.954 -2923.101
v 1952.076 8.924 -2922.053
v 1970.144 9.755 -2911.769
v 1971.847 9.782 -2912.817
v 1962.296 9.047 -2928.341
v 1960.593 9.036 -2927.293
v 1961.647 9.571 -2906.783
v 1961.947 9.571 -2906.783
v 1961.947 9.571 -2906.483
v 1961.647 9.571 -2906.483
v 1961.647 17.571 -2906.783
v 1961.947 17.571 -2906.783
v 1961.947 17.571 -2906.483
v 1961.647 17.571 -2906.483
v 1971.527 9.779 -2912.862
v 1971.827 9.779 -2912.862
v 1971.827 9.779 -2912.562
v 1971.527 9.779 -2912.562
v 1971.527 17.779 -2912.862
v 1971.827 17.779 -2912.862
v 1971.827 17.779 -2912.562
v 1971.527 17.779 -2912.562
v 1953.355 8.774 -2924.047
v 1961.017 8.923 -2926.347
v 1959.225 8.723 -2932.318
v 1951.562 8.619 -2930.019
v 1951.439 8.880 -2923.472
v 1953.355 8.924 -2924.047
v 1951.562 8.769 -2930.019
v 1949.647 8.737 -2929.444
v 1961.017 9.073 -2926.347
v 1962.933 9.104 -2926.921
v 1961.140 8.893 -2932.893
v 1959.225 8.873 -2932.318
v 1951.534 8.580 -2932.219
v 1959.253 8.780 -2930.118
v 1964.619 8.280 -2949.831
v 1956.900 8.227 -2951.932
v 1949.604 8.685 -2932.744
v 1951.534 8.730 -2932.219
v 1956.900 8.377 -2951.932
v 1954.970 8.371 -2952.457
v 1959.253 8.930 -2930.118
v 1961.183 8.986 -2929.593
v 1966.549 8.468 -2949.305
v 1964.619 8.430 -2949.831
v 1956.806 8.237 -2951.494
v 1964.712 8.267 -2950.268
v 1965.914 8.038 -2958.024
v 1958.009 8.050 -2959.249
v 1954.830 8.385 -2951.800
v 1956.806 8.387 -2951.494
v 1958.009 8.200 -2959.249
v 1956.032 8.214 -2959.556
v 1964.712 8.417 -2950.268
v 1966.688 8.449 -2949.962
v 1967.891 8.213 -2957.718
v 1965.914 8.188 -2958.024
v 1954.878 8.385 -2951.920
v 1955.178 8.385 -2951.920
v 1955.178 8.385 -2951.620
v 1954.878 8.385 -2951.620
v 1954.878 16.385 -2951.920
v 1955.178 16.385 -2951.920
v 1955.178 16.385 -2951.620
v 1954.878 16.385 -2951.620
v 1966.341 8.446 -2950.143
v 1966.641 8.446 -2950.143
v 1966.641 8.446 -2949.843
v 1966.341 8.446 -2949.843
v 1966.341 16.446 -2950.143
v 1966.641 16.446 -2950.143
v 1966.641 16.446 -2949.843
v 1966.341 16.446 -2949.843
v 1957.969 8.071 -2958.399
v 1965.954 8.012 -2958.874
v 1965.754 7.905 -2962.243
v 1957.768 7.993 -2961.768
v 1955.972 8.242 -2958.280
v 1957.969 8.221 -2958.399
v 1957.768 8.143 -2961.768
v 1955.772 8.171 -2961.650
v 1965.954 8.162 -2958.874
v 1967.951 8.172 -2958.993
v 1967.751 8.063 -2962.362
v 1965.754 8.055 -2962.243
v 1957.778 7.996 -2961.643
v 1965.745 7.901 -2962.369
v 1965.344 7.763 -2966.768
v 1957.377 7.899 -2966.043
v 1955.786 8.175 -2961.461
v 1957.778 8.146 -2961.643
v 1957.377 8.049 -2966.043
v 1955.385 8.088 -2965.861
v 1965.745 8.051 -2962.369
v 1967.736 8.057 -2962.550
v 1967.336 7.914 -2966.950
v 1965.344 7.913 -2966.768
v 1958.534 7.939 -2963.575
v 1964.187 7.683 -2969.236
v 1959.411 7.661 -2974.005
v 1953.758 7.918 -2968.345
v 1957.120 8.142 -2962.160
v 1958.534 8.089 -2963.575
v 1953.758 8.068 -2968.345
v 1952.345 8.122 -2966.930
v 1964.187 7.833 -2969.236
v 1965.600 7.793 -2970.651
v 1960.825 7.756 -2975.420
v 1959.411 7.811 -2974.005
v 1956.053 7.897 -2967.211
v 1957.117 7.710 -2975.139
v 1948.155 7.949 -2976.342
v 1947.092 8.052 -2968.413
v 1955.787 8.094 -2965.228
v 1956.053 8.047 -2967.211
v 1947.092 8.202 -2968.413
v 1946.826 8.230 -2966.431
v 1957.117 7.860 -2975.139
v 1957.383 7.833 -2977.122
v 1948.421 8.085 -2978.324
v 1948.155 8.099 -2976.342
v 1948.724 8.017 -2968.532
v 1946.523 7.995 -2976.223
v 1938.163 8.219 -2973.832
v 1940.364 8.198 -2966.140
v 1949.274 8.184 -2966.609
v 1948.724 8.167 -2968.532
v 1940.364 8.348 -2966.140
v 1940.914 8.349 -2964.217
v 1946.523 8.145 -2976.223
v 1945.973 8.157 -2978.146
v 1937.613 8.391 -2975.755
v 1938.163 8.369 -2973.832
v 1949.069 8.182 -2966.951
v 1949.369 8.182 -2966.951
v 1949.369 8.182 -2966.651
v 1949.069 8.182 -2966.651
v 1949.069 16.182 -2966.951
v 1949.369 16.182 -2966.951
v 1949.369 16.182 -2966.651
v 1949.069 16.182 -2966.651
v 1945.878 8.156 -2978.104
v 1946.178 8.156 -2978.104
v 1946.178 8.156 -2977.804
v 1945.878 8.156 -2977.804
v 1945.878 16.156 -2978.104
v 1946.178 16.156 -2978.104
v 1946.178 16.156 -2977.804
v 1945.878 16.156 -2977.804
v 1941.630 8.172 -2966.761
v 1936.897 8.252 -2973.211
v 1927.947 8.423 -2966.645
v 1932.680 8.314 -2960.194
v 1942.813 8.312 -2965.148
v 1941.630 8.322 -2966.761
v 1932.680 8.464 -2960.194
v 1933.863 8.447 -2958.582
v 1936.897 8.402 -2973.211
v 1935.714 8.438 -2974.824
v 1926.764 8.610 -2968.257
v 1927.947 8.573 -2966.645
v 1931.345 8.326 -2959.555
v 1929.282 8.403 -2967.284
v 1920.321 8.554 -2964.893
v 1922.383 8.390 -2957.163
v 1931.860 8.462 -2957.622
v 1931.345 8.476 -2959.555
v 1922.383 8.540 -2957.163
v 1922.899 8.505 -2955.231
v 1929.282 8.553 -2967.284
v 1928.766 8.578 -2969.217
v 1919.805 8.751 -2966.825
v 1920.321 8.704 -2964.893
v 1921.352 8.404 -2957.028
v 1921.352 8.530 -2965.028
v 1908.806 8.846 -2965.028
v 1908.806 8.605 -2957.028
v 1921.352 8.523 -2955.028
v 1921.352 8.554 -2957.028
v 1908.806 8.755 -2957.028
v 1908.806 8.694 -2955.028
v 1921.352 8.680 -2965.028
v 1921.352 8.712 -2967.028
v 1908.806 9.056 -2967.028
v 1908.806 8.996 -2965.028
v 1921.202 8.526 -2955.378
v 1921.502 8.526 -2955.378
v 1921.502 8.526 -2955.078
v 1921.202 8.526 -2955.078
v 1921.202 16.526 -2955.378
v 1921.502 16.526 -2955.378
v 1921.502 16.526 -2955.078
v 1921.202 16.526 -2955.078
v 1921.202 8.709 -2966.978
v 1921.502 8.709 -2966.978
v 1921.502 8.709 -2966.678
v 1921.202 8.709 -2966.678
v 1921.202 16.709 -2966.978
v 1921.502 16.709 -2966.978
v 1921.502 16.709 -2966.678
v 1921.202 16.709 -2966.678
v 1908.893 8.603 -2957.029
v 1908.720 8.848 -2965.027
v 1881.257 9.501 -2964.433
v 1881.430 9.006 -2956.434
v 1908.936 8.693 -2955.029
v 1908.893 8.753 -2957.029
v 1881.430 9.156 -2956.434
v 1881.474 9.032 -2954.435
v 1908.720 8.998 -2965.027
v 1908.677 9.060 -2967.027
v 1881.214 9.775 -2966.432
v 1881.257 9.651 -2964.433
v 1881.037 9.013 -2956.445
v 1881.651 9.492 -2964.422
v 1850.593 10.307 -2966.813
v 1849.979 9.677 -2958.837
v 1880.883 9.042 -2954.451
v 1881.037 9.163 -2956.445
v 1849.979 9.827 -2958.837
v 1849.825 9.668 -2956.843
v 1881.651 9.642 -2964.422
v 1881.805 9.760 -2966.416
v 1850.746 10.613 -2968.807
v 1850.593 10.457 -2966.813
v 1880.749 9.054 -2954.801
v 1881.049 9.054 -2954.801
v 1881.049 9.054 -2954.501
v 1880.749 9.054 -2954.501
v 1880.749 17.054 -2954.801
v 1881.049 17.054 -2954.801
v 1881.049 17.054 -2954.501
v 1880.749 17.054 -2954.501
v 1881.639 9.748 -2966.366
v 1881.939 9.748 -2966.366
v 1881.939 9.748 -2966.066
v 1881.639 9.748 -2966.066
v 1881.639 17.748 -2966.366
v 1881.939 17.748 -2966.366
v 1881.939 17.748 -2966.066
v 1881.639 17.748 -2966.066
v 1850.025 9.676 -2958.833
v 1850.546 10.308 -2966.816
v 1814.123 10.922 -2969.195
v 1813.601 10.287 -2961.212
v 1849.895 9.667 -2956.838
v 1850.025 9.826 -2958.833
v 1813.601 10.437 -2961.212
v 1813.471 10.279 -2959.216
v 1850.546 10.458 -2966.816
v 1850.677 10.615 -2968.812
v 1814.253 11.231 -2971.190
v 1814.123 11.072 -2969.195
v 1849.758 9.683 -2957.187
v 1850.058 9.683 -2957.187
v 1850.058 9.683 -2956.887
v 1849.758 9.683 -2956.887
v 1849.758 17.683 -2957.187
v 1850.058 17.683 -2957.187
v 1850.058 17.683 -2956.887
v 1849.758 17.683 -2956.887
v 1850.514 10.600 -2968.763
v 1850.814 10.600 -2968.763
v 1850.814 10.600 -2968.463
v 1850.514 10.600 -2968.463
v 1850.514 18.600 -2968.763
v 1850.814 18.600 -2968.763
v 1850.814 18.600 -2968.463
v 1850.514 18.600 -2968.463
v 2970.929 4.321 -2250.676
v 2978.519 4.207 -2253.204
v 2977.027 4.226 -2257.683
v 2969.437 4.365 -2255.155
v 2969.031 4.495 -2250.044
v 2970.929 4.471 -2250.676
v 2969.437 4.515 -2255.155
v 2967.540 4.545 -2254.523
v 2978.519 4.357 -2253.204
v 2980.417 4.323 -2253.836
v 2978.925 4.336 -2258.315
v 2977.027 4.376 -2257.683
v 2969.252 4.372 -2256.025
v 2977.213 4.223 -2256.812
v 2976.623 4.229 -2262.783
v 2968.662 4.416 -2261.997
v 2967.261 4.558 -2255.829
v 2969.252 4.522 -2256.025
v 2968.662 4.566 -2261.997
v 2966.671 4.612 -2261.800
v 2977.213 4.373 -2256.812
v 2979.203 4.334 -2257.008
v 2978.613 4.331 -2262.980
v 2976.623 4.379 -2262.783
v 2968.642 4.419 -2262.390
v 2976.642 4.229 -2262.390
v 2976.642 4.225 -2266.869
v 2968.642 4.444 -2266.869
v 2966.642 4.616 -2262.390
v 2968.642 4.569 -2262.390
v 2968.642 4.594 -2266.869
v 2966.642 4.648 -2266.869
v 2976.642 4.379 -2262.390
v 2978.642 4.332 -2262.390
v 2978.642 4.320 -2266.869
v 2976.642 4.375 -2266.869
v 2968.642 4.444 -2266.869
v 2976.642 4.225 -2266.869
v 2976.642 4.221 -2271.651
v 2968.642 4.470 -2271.651
v 2966.642 4.648 -2266.869
v 2968.642 4.594 -2266.869
v 2968.642 4.620 -2271.651
v 2966.642 4.683 -2271.651
v 2976.642 4.375 -2266.869
v 2978.642 4.320 -2266.869
v 2978.642 4.309 -2271.651
v 2976.642 4.371 -2271.651
v 2970.155 4.410 -2268.519
v 2975.130 4.271 -2274.784
v 2972.135 4.380 -2277.162
v 2967.160 4.511 -2270.897
v 2968.911 4.587 -2266.953
v 2970.155 4.560 -2268.519
v 2967.160 4.661 -2270.897
v 2965.916 4.687 -2269.331
v 2975.130 4.421 -2274.784
v 2976.374 4.381 -2276.350
v 2973.379 4.492 -2278.728
v 2972.135 4.530 -2277.162
v 2967.293 4.507 -2270.796
v 2972.002 4.385 -2277.263
v 2968.718 4.515 -2279.654
v 2964.009 4.629 -2273.187
v 2966.116 4.680 -2269.179
v 2967.293 4.657 -2270.796
v 2964.009 4.779 -2273.187
v 2962.832 4.800 -2271.570
v 2972.002 4.535 -2277.263
v 2973.180 4.499 -2278.880
v 2969.896 4.630 -2281.271
v 2968.718 4.665 -2279.654
v 2963.034 4.670 -2274.205
v 2969.694 4.474 -2278.636
v 2967.312 4.584 -2282.217
v 2960.651 4.789 -2277.785
v 2961.369 4.863 -2273.097
v 2963.034 4.820 -2274.205
v 2960.651 4.939 -2277.785
v 2958.986 4.984 -2276.677
v 2969.694 4.624 -2278.636
v 2971.359 4.569 -2279.744
v 2968.977 4.677 -2283.325
v 2967.312 4.734 -2282.217
v 2961.385 4.859 -2273.358
v 2961.685 4.859 -2273.358
v 2961.685 4.859 -2273.058
v 2961.385 4.859 -2273.058
v 2961.385 12.859 -2273.358
v 2961.685 12.859 -2273.358
v 2961.685 12.859 -2273.058
v 2961.385 12.859 -2273.058
v 2971.043 4.574 -2279.783
v 2971.343 4.574 -2279.783
v 2971.343 4.574 -2279.483
v 2971.043 4.574 -2279.483
v 2971.043 12.574 -2279.783
v 2971.343 12.574 -2279.783
v 2971.343 12.574 -2279.483
v 2971.043 12.574 -2279.483
v 2960.237 4.812 -2278.595
v 2967.726 4.563 -2281.407
v 2965.032 4.723 -2288.581
v 2957.543 5.001 -2285.768
v 2958.365 5.021 -2277.892
v 2960.237 4.962 -2278.595
v 2957.543 5.151 -2285.768
v 2955.671 5.216 -2285.065
v 2967.726 4.713 -2281.407
v 2969.599 4.646 -2282.110
v 2966.905 4.800 -2289.284
v 2965.032 4.873 -2288.581
v 2957.625 5.036 -2288.782
v 2964.951 4.701 -2285.567
v 2967.043 4.651 -2290.337
v 2959.718 5.003 -2293.551
v 2955.793 5.274 -2289.586
v 2957.625 5.186 -2288.782
v 2959.718 5.153 -2293.551
v 2957.886 5.246 -2294.355
v 2964.951 4.851 -2285.567
v 2966.782 4.772 -2284.764
v 2968.875 4.718 -2289.533
v 2967.043 4.801 -2290.337
v 2959.444 5.005 -2292.657
v 2967.317 4.645 -2291.231
v 2968.508 4.634 -2297.811
v 2960.636 5.024 -2299.236
v 2957.476 5.247 -2293.013
v 2959.444 5.155 -2292.657
v 2960.636 5.174 -2299.236
v 2958.668 5.274 -2299.592
v 2967.317 4.795 -2291.231
v 2969.285 4.708 -2290.875
v 2970.476 4.689 -2297.454
v 2968.508 4.784 -2297.811
v 2960.738 4.999 -2297.380
v 2968.405 4.650 -2299.667
v 2967.514 4.714 -2302.652
v 2959.848 5.075 -2300.366
v 2958.822 5.233 -2296.808
v 2960.738 5.149 -2297.380
v 2959.848 5.225 -2300.366
v 2957.931 5.312 -2299.794
v 2968.405 4.800 -2299.667
v 2970.321 4.710 -2300.238
v 2969.431 4.770 -2303.224
v 2967.514 4.864 -2302.652
v 2961.285 4.983 -2298.306
v 2966.077 4.802 -2304.712
v 2962.493 5.009 -2307.394
v 2957.700 5.189 -2300.988
v 2960.087 5.172 -2296.705
v 2961.285 5.133 -2298.306
v 2957.700 5.339 -2300.988
v 2956.502 5.376 -2299.387
v 2966.077 4.952 -2304.712
v 2967.276 4.902 -2306.313
v 2963.691 5.109 -2308.995
v 2962.493 5.159 -2307.394
v 2957.406 5.206 -2301.231
v 2962.787 4.992 -2307.150
v 2959.504 5.189 -2310.136
v 2954.122 5.410 -2304.217
v 2956.060 5.403 -2299.752
v 2957.406 5.356 -2301.231
v 2954.122 5.560 -2304.217
v 2952.776 5.602 -2302.737
v 2962.787 5.142 -2307.150
v 2964.133 5.083 -2308.630
v 2960.849 5.281 -2311.616
v 2959.504 5.339 -2310.136
v 2956.045 5.398 -2300.050
v 2956.345 5.398 -2300.050
v 2956.345 5.398 -2299.750
v 2956.045 5.398 -2299.750
v 2956.045 13.398 -2300.050
v 2956.345 13.398 -2300.050
v 2956.345 13.398 -2299.750
v 2956.045 13.398 -2299.750
v 2963.848 5.089 -2308.632
v 2964.148 5.089 -2308.632
v 2964.148 5.089 -2308.332
v 2963.848 5.089 -2308.332
v 2963.848 13.089 -2308.632
v 2964.148 13.089 -2308.632
v 2964.148 13.089 -2308.332
v 2963.848 13.089 -2308.332
v 2953.985 5.418 -2304.347
v 2959.640 5.181 -2310.006
v 2957.246 5.329 -2312.398
v 2951.592 5.559 -2306.738
v 2952.572 5.615 -2302.932
v 2953.985 5.568 -2304.347
v 2951.592 5.709 -2306.738
v 2950.179 5.763 -2305.323
v 2959.640 5.331 -2310.006
v 2961.053 5.268 -2311.421
v 2958.660 5.417 -2313.812
v 2957.246 5.479 -2312.398
v 2950.487 5.636 -2308.834
v 2958.351 5.251 -2310.302
v 2957.461 5.343 -2315.072
v 2949.597 5.732 -2313.603
v 2948.521 5.879 -2308.467
v 2950.487 5.786 -2308.834
v 2949.597 5.882 -2313.603
v 2947.631 5.977 -2313.236
v 2958.351 5.401 -2310.302
v 2960.317 5.301 -2310.669
v 2959.427 5.390 -2315.439
v 2957.461 5.493 -2315.072
v 2949.537 5.745 -2314.588
v 2957.521 5.330 -2314.086
v 2957.821 5.358 -2318.869
v 2949.837 5.782 -2319.371
v 2947.541 5.998 -2314.714
v 2949.537 5.895 -2314.588
v 2949.837 5.932 -2319.371
v 2947.841 6.036 -2319.496
v 2957.521 5.480 -2314.086
v 2959.517 5.372 -2313.961
v 2959.817 5.397 -2318.743
v 2957.821 5.508 -2318.869
v 2949.935 5.784 -2320.034
v 2957.723 5.357 -2318.206
v 2958.915 5.337 -2323.279
v 2951.126 5.776 -2325.107
v 2947.988 6.039 -2320.491
v 2949.935 5.934 -2320.034
v 2951.126 5.926 -2325.107
v 2949.179 6.033 -2325.564
v 2957.723 5.507 -2318.206
v 2959.670 5.397 -2317.748
v 2960.862 5.375 -2322.822
v 2958.915 5.487 -2323.279
v 2951.020 5.772 -2324.193
v 2959.020 5.340 -2324.193
v 2959.020 5.385 -2329.266
v 2951.020 5.825 -2329.266
v 2949.020 6.027 -2324.193
v 2951.020 5.922 -2324.193
v 2951.020 5.975 -2329.266
v 2949.020 6.082 -2329.266
v 2959.020 5.490 -2324.193
v 2961.020 5.377 -2324.193
v 2961.020 5.420 -2329.266
v 2959.020 5.535 -2329.266
v 2951.056 5.818 -2328.734
v 2958.985 5.391 -2329.798
v 2958.384 5.466 -2334.277
v 2950.455 5.898 -2333.213
v 2949.074 6.071 -2328.468
v 2951.056 5.968 -2328.734
v 2950.455 6.048 -2333.213
v 2948.473 6.152 -2332.947
v 2958.985 5.541 -2329.798
v 2960.967 5.430 -2330.064
v 2960.366 5.503 -2334.543
v 2958.384 5.616 -2334.277
v 2950.702 5.874 -2332.267
v 2958.136 5.487 -2335.223
v 2956.355 5.611 -2339.702
v 2948.921 6.003 -2336.745
v 2948.844 6.116 -2331.528
v 2950.702 6.024 -2332.267
v 2948.921 6.153 -2336.745
v 2947.063 6.252 -2336.006
v 2958.136 5.637 -2335.223
v 2959.995 5.533 -2335.962
v 2958.213 5.658 -2340.441
v 2956.355 5.761 -2339.702
v 2948.880 6.107 -2331.752
v 2949.180 6.107 -2331.752
v 2949.180 6.107 -2331.452
v 2948.880 6.107 -2331.452
v 2948.880 14.107 -2331.752
v 2949.180 14.107 -2331.752
v 2949.180 14.107 -2331.452
v 2948.880 14.107 -2331.452
v 2959.659 5.543 -2336.038
v 2959.959 5.543 -2336.038
v 2959.959 5.543 -2335.738
v 2959.659 5.543 -2335.738
v 2959.659 13.543 -2336.038
v 2959.959 13.543 -2336.038
v 2959.959 13.543 -2335.738
v 2959.659 13.543 -2335.738
v 2950.014 5.939 -2335.205
v 2955.263 5.679 -2341.242
v 2948.394 6.061 -2347.214
v 2943.145 6.324 -2341.177
v 2948.701 6.148 -2333.696
v 2950.014 6.089 -2335.205
v 2943.145 6.474 -2341.177
v 2941.833 6.541 -2339.667
v 2955.263 5.829 -2341.242
v 2956.575 5.762 -2342.752
v 2949.706 6.148 -2348.723
v 2948.394 6.211 -2347.214
v 2943.395 6.310 -2340.976
v 2948.144 6.075 -2347.414
v 2942.467 6.377 -2351.602
v 2937.718 6.615 -2345.164
v 2942.208 6.521 -2339.367
v 2943.395 6.460 -2340.976
v 2937.718 6.765 -2345.164
v 2936.531 6.827 -2343.555
v 2948.144 6.225 -2347.414
v 2949.332 6.168 -2349.024
v 2943.654 6.469 -2353.212
v 2942.467 6.527 -2351.602
v 2937.418 6.631 -2345.408
v 2942.767 6.361 -2351.358
v 2939.783 6.517 -2354.040
v 2934.435 6.788 -2348.090
v 2936.081 6.851 -2343.921
v 2937.418 6.781 -2345.408
v 2934.435 6.938 -2348.090
v 2933.098 7.007 -2346.603
v 2942.767 6.511 -2351.358
v 2944.104 6.445 -2352.845
v 2941.120 6.601 -2355.527
v 2939.783 6.667 -2354.040
v 2933.834 6.819 -2348.769
v 2940.385 6.485 -2353.361
v 2938.292 6.594 -2356.347
v 2931.741 6.925 -2351.755
v 2932.196 7.054 -2347.621
v 2933.834 6.969 -2348.769
v 2931.741 7.075 -2351.755
v 2930.103 7.160 -2350.607
v 2940.385 6.635 -2353.361
v 2942.022 6.554 -2354.509
v 2939.930 6.663 -2357.495
v 2938.292 6.744 -2356.347
v 2931.030 6.960 -2354.386
v 2939.002 6.556 -2353.716
v 2939.303 6.544 -2357.297
v 2931.331 6.943 -2357.966
v 2929.037 7.211 -2354.553
v 2931.030 7.110 -2354.386
v 2931.331 7.093 -2357.966
v 2929.338 7.192 -2358.133
v 2939.002 6.706 -2353.716
v 2940.995 6.605 -2353.549
v 2941.296 6.594 -2357.129
v 2939.303 6.694 -2357.297
v 2931.739 6.922 -2359.419
v 2938.895 6.563 -2355.844
v 2940.387 6.492 -2358.829
v 2933.230 6.847 -2362.405
v 2929.949 7.160 -2360.313
v 2931.739 7.072 -2359.419
v 2933.230 6.997 -2362.405
v 2931.441 7.084 -2363.299
v 2938.895 6.713 -2355.844
v 2940.684 6.622 -2354.950
v 2942.176 6.552 -2357.935
v 2940.387 6.642 -2358.829
v 2929.978 7.151 -2360.373
v 2930.278 7.151 -2360.373
v 2930.278 7.151 -2360.073
v 2929.978 7.151 -2360.073
v 2929.978 15.151 -2360.373
v 2930.278 15.151 -2360.373
v 2930.278 15.151 -2360.073
v 2929.978 15.151 -2360.073
v 2940.355 6.631 -2355.189
v 2940.655 6.631 -2355.189
v 2940.655 6.631 -2354.889
v 2940.355 6.631 -2354.889
v 2940.355 14.631 -2355.189
v 2940.655 14.631 -2355.189
v 2940.655 14.631 -2354.889
v 2940.355 14.631 -2354.889
v 2932.809 6.868 -2360.617
v 2940.809 6.473 -2360.617
v 2940.809 6.478 -2364.501
v 2932.809 6.867 -2364.501
v 2930.809 7.117 -2360.617
v 2932.809 7.018 -2360.617
v 2932.809 7.017 -2364.501
v 2930.809 7.114 -2364.501
v 2940.809 6.623 -2360.617
v 2942.809 6.524 -2360.617
v 2942.809 6.531 -2364.501
v 2940.809 6.628 -2364.501
v 2932.809 6.867 -2364.501
v 2940.809 6.478 -2364.501
v 2940.809 6.459 -2367.487
v 2932.809 6.837 -2367.487
v 2930.809 7.114 -2364.501
v 2932.809 7.017 -2364.501
v 2932.809 6.987 -2367.487
v 2930.809 7.081 -2367.487
v 2940.809 6.628 -2364.501
v 2942.809 6.531 -2364.501
v 2942.809 6.515 -2367.487
v 2940.809 6.609 -2367.487
v 2932.844 6.842 -2366.955
v 2940.773 6.456 -2368.019
v 2940.172 6.444 -2372.498
v 2932.243 6.810 -2371.434
v 2930.862 7.090 -2366.689
v 2932.844 6.992 -2366.955
v 2932.243 6.960 -2371.434
v 2930.261 7.054 -2371.168
v 2940.773 6.606 -2368.019
v 2942.755 6.511 -2368.285
v 2942.154 6.504 -2372.764
v 2940.172 6.594 -2372.498
v 2932.339 6.785 -2372.982
v 2940.076 6.462 -2370.950
v 2941.568 6.348 -2376.631
v 2933.830 6.648 -2378.663
v 2930.404 7.014 -2373.489
v 2932.339 6.935 -2372.982
v 2933.830 6.798 -2378.663
v 2931.896 6.871 -2379.170
v 2940.076 6.612 -2370.950
v 2942.011 6.529 -2370.442
v 2943.502 6.420 -2376.123
v 2941.568 6.498 -2376.631
v 2934.270 6.617 -2379.705
v 2941.129 6.375 -2375.588
v 2946.505 6.095 -2384.545
v 2939.646 6.316 -2388.663
v 2932.555 6.823 -2380.735
v 2934.270 6.767 -2379.705
v 2939.646 6.466 -2388.663
v 2937.931 6.517 -2389.692
v 2941.129 6.525 -2375.588
v 2942.843 6.460 -2374.559
v 2948.220 6.185 -2383.516
v 2946.505 6.245 -2384.545
v 2940.677 6.270 -2389.805
v 2945.474 6.141 -2383.403
v 2951.452 5.899 -2387.882
v 2946.655 6.036 -2394.284
v 2939.478 6.446 -2391.406
v 2940.677 6.420 -2389.805
v 2946.655 6.186 -2394.284
v 2945.456 6.214 -2395.885
v 2945.474 6.291 -2383.403
v 2946.673 6.254 -2381.802
v 2952.651 6.009 -2386.281
v 2951.452 6.049 -2387.882
v 2939.448 6.444 -2391.396
v 2939.748 6.444 -2391.396
v 2939.748 6.444 -2391.096
v 2939.448 6.444 -2391.096
v 2939.448 14.444 -2391.396
v 2939.748 14.444 -2391.396
v 2939.748 14.444 -2391.096
v 2939.448 14.444 -2391.096
v 2946.403 6.258 -2382.112
v 2946.703 6.258 -2382.112
v 2946.703 6.258 -2381.812
v 2946.403 6.258 -2381.812
v 2946.403 14.258 -2382.112
v 2946.703 14.258 -2382.112
v 2946.703 14.258 -2381.812
v 2946.403 14.258 -2381.812
v 2946.325 6.049 -2394.008
v 2951.782 5.886 -2388.158
v 2956.257 5.726 -2392.333
v 2950.800 5.881 -2398.182
v 2944.961 6.234 -2395.470
v 2946.325 6.199 -2394.008
v 2950.800 6.031 -2398.182
v 2949.436 6.060 -2399.645
v 2951.782 6.036 -2388.158
v 2953.147 5.990 -2386.695
v 2957.622 5.829 -2390.870
v 2956.257 5.876 -2392.333
v 2950.018 5.911 -2397.174
v 2957.040 5.700 -2393.341
v 2960.624 5.596 -2399.907
v 2953.602 5.772 -2403.740
v 2948.262 6.107 -2398.133
v 2950.018 6.061 -2397.174
v 2953.602 5.922 -2403.740
v 2951.847 5.961 -2404.699
v 2957.040 5.850 -2393.341
v 2958.795 5.792 -2392.383
v 2962.380 5.696 -2398.949
v 2960.624 5.746 -2399.907
v 2953.133 5.791 -2402.224
v 2961.093 5.587 -2401.423
v 2961.694 5.585 -2407.395
v 2953.734 5.748 -2408.196
v 2951.143 5.993 -2402.425
v 2953.133 5.941 -2402.224
v 2953.734 5.898 -2408.196
v 2951.745 5.941 -2408.396
v 2961.093 5.737 -2401.423
v 2963.083 5.685 -2401.223
v 2963.684 5.694 -2407.194
v 2961.694 5.735 -2407.395
v 2953.714 5.750 -2407.795
v 2961.714 5.586 -2407.795
v 2961.714 5.596 -2411.983
v 2953.714 5.732 -2411.983
v 2951.714 5.946 -2407.795
v 2953.714 5.900 -2407.795
v 2953.714 5.882 -2411.983
v 2951.714 5.920 -2411.983
v 2961.714 5.736 -2407.795
v 2963.714 5.696 -2407.795
v 2963.714 5.714 -2411.983
v 2961.714 5.746 -2411.983
v 2954.989 5.717 -2409.055
v 2960.439 5.620 -2414.912
v 2955.953 5.670 -2419.086
v 2950.503 5.785 -2413.230
v 2953.627 5.903 -2407.591
v 2954.989 5.867 -2409.055
v 2950.503 5.935 -2413.230
v 2949.141 5.972 -2411.766
v 2960.439 5.770 -2414.912
v 2961.802 5.756 -2416.376
v 2957.316 5.804 -2420.551
v 2955.953 5.820 -2419.086
v 2950.483 5.786 -2413.249
v 2955.973 5.670 -2419.068
v 2950.597 5.709 -2424.141
v 2945.106 5.829 -2418.322
v 2949.110 5.972 -2411.794
v 2950.483 5.936 -2413.249
v 2945.106 5.979 -2418.322
v 2943.734 6.017 -2416.867
v 2955.973 5.820 -2419.068
v 2957.346 5.804 -2420.522
v 2951.969 5.836 -2425.595
v 2950.597 5.859 -2424.141
v 2949.098 5.969 -2412.090
v 2949.398 5.969 -2412.090
v 2949.398 5.969 -2411.790
v 2949.098 5.969 -2411.790
v 2949.098 13.969 -2412.090
v 2949.398 13.969 -2412.090
v 2949.398 13.969 -2411.790
v 2949.098 13.969 -2411.790
v 2957.059 5.805 -2420.527
v 2957.359 5.805 -2420.527
v 2957.359 5.805 -2420.227
v 2957.059 5.805 -2420.227
v 2957.059 13.805 -2420.527
v 2957.359 13.805 -2420.527
v 2957.359 13.805 -2420.227
v 2957.059 13.805 -2420.227
v 2944.273 5.828 -2419.444
v 2951.430 5.707 -2423.019
v 2948.446 5.692 -2428.991
v 2941.290 5.787 -2425.415
v 2942.484 6.015 -2418.550
v 2944.273 5.978 -2419.444
v 2941.290 5.937 -2425.415
v 2939.501 5.967 -2424.522
v 2951.430 5.857 -2423.019
v 2953.219 5.833 -2423.913
v 2950.236 5.825 -2429.885
v 2948.446 5.842 -2428.991
v 2942.040 5.794 -2424.375
v 2947.697 5.689 -2430.031
v 2942.320 5.656 -2435.409
v 2936.663 5.759 -2429.752
v 2940.625 5.978 -2422.961
v 2942.040 5.944 -2424.375
v 2936.663 5.909 -2429.752
v 2935.249 5.942 -2428.338
v 2947.697 5.839 -2430.031
v 2949.111 5.820 -2431.446
v 2943.734 5.788 -2436.823
v 2942.320 5.806 -2435.409
v 2935.695 5.739 -2431.320
v 2943.288 5.672 -2433.841
v 2940.905 5.585 -2441.015
v 2933.313 5.617 -2438.493
v 2933.797 5.910 -2430.689
v 2935.695 5.889 -2431.320
v 2933.313 5.767 -2438.493
v 2931.415 5.779 -2437.863
v 2943.288 5.822 -2433.841
v 2945.186 5.810 -2434.471
v 2942.803 5.732 -2441.645
v 2940.905 5.735 -2441.015
v 2933.491 5.625 -2438.047
v 2940.727 5.579 -2441.461
v 2938.333 5.497 -2446.534
v 2931.098 5.522 -2443.121
v 2931.683 5.792 -2437.194
v 2933.491 5.775 -2438.047
v 2931.098 5.672 -2443.121
v 2929.289 5.684 -2442.267
v 2940.727 5.729 -2441.461
v 2942.536 5.723 -2442.314
v 2940.142 5.647 -2447.387
v 2938.333 5.647 -2446.534
v 2931.515 5.538 -2442.429
v 2937.917 5.484 -2447.226
v 2935.234 5.405 -2450.806
v 2928.832 5.451 -2446.009
v 2929.914 5.708 -2441.229
v 2931.515 5.688 -2442.429
v 2928.832 5.601 -2446.009
v 2927.231 5.619 -2444.810
v 2937.917 5.634 -2447.226
v 2939.517 5.628 -2448.425
v 2936.835 5.550 -2452.006
v 2935.234 5.555 -2450.806
v 2929.924 5.706 -2441.499
v 2930.224 5.706 -2441.499
v 2930.224 5.706 -2441.199
v 2929.924 5.706 -2441.199
v 2929.924 13.706 -2441.499
v 2930.224 13.706 -2441.499
v 2930.224 13.706 -2441.199
v 2929.924 13.706 -2441.199
v 2939.207 5.628 -2448.455
v 2939.507 5.628 -2448.455
v 2939.507 5.628 -2448.155
v 2939.207 5.628 -2448.155
v 2939.207 13.628 -2448.455
v 2939.507 13.628 -2448.455
v 2939.507 13.628 -2448.155
v 2939.207 13.628 -2448.155
v 2929.945 5.479 -2444.996
v 2934.121 5.376 -2451.820
v 2928.744 5.250 -2455.109
v 2924.569 5.370 -2448.285
v 2928.902 5.661 -2443.290
v 2929.945 5.629 -2444.996
v 2924.569 5.520 -2448.285
v 2923.525 5.556 -2446.579
v 2934.121 5.526 -2451.820
v 2935.164 5.507 -2453.526
v 2929.788 5.380 -2456.815
v 2928.744 5.400 -2455.109
v 2924.439 5.367 -2448.368
v 2928.873 5.254 -2455.027
v 2923.496 5.120 -2458.607
v 2919.062 5.222 -2451.948
v 2923.331 5.551 -2446.703
v 2924.439 5.517 -2448.368
v 2919.062 5.372 -2451.948
v 2917.954 5.411 -2450.284
v 2928.873 5.404 -2455.027
v 2929.982 5.384 -2456.691
v 2924.605 5.264 -2460.272
v 2923.496 5.270 -2458.607
v 2918.454 5.202 -2452.446
v 2924.105 5.135 -2458.109
v 2920.821 5.039 -2461.386
v 2915.170 5.063 -2455.723
v 2917.042 5.380 -2451.030
v 2918.454 5.352 -2452.446
v 2915.170 5.213 -2455.723
v 2913.758 5.252 -2454.307
v 2924.105 5.285 -2458.109
v 2925.517 5.287 -2459.525
v 2922.233 5.191 -2462.802
v 2920.821 5.189 -2461.386
v 2914.227 5.012 -2457.212
v 2921.764 5.076 -2459.896
v 2920.272 4.989 -2464.084
v 2912.736 4.950 -2461.400
v 2912.343 5.194 -2456.541
v 2914.227 5.162 -2457.212
v 2912.736 5.100 -2461.400
v 2910.852 5.131 -2460.729
v 2921.764 5.226 -2459.896
v 2923.648 5.245 -2460.567
v 2922.156 5.161 -2464.755
v 2920.272 5.139 -2464.084
v 2912.548 4.938 -2462.152
v 2920.460 5.003 -2463.332
v 2919.570 4.894 -2469.304
v 2911.657 4.834 -2468.124
v 2910.569 5.113 -2461.857
v 2912.548 5.088 -2462.152
v 2911.657 4.984 -2468.124
v 2909.679 5.008 -2467.829
v 2920.460 5.153 -2463.332
v 2922.438 5.182 -2463.627
v 2921.548 5.078 -2469.599
v 2919.570 5.044 -2469.304
v 2911.838 4.846 -2467.391
v 2919.388 4.879 -2470.037
v 2915.203 4.581 -2481.980
v 2907.653 4.655 -2479.334
v 2909.951 5.026 -2466.729
v 2911.838 4.996 -2467.391
v 2907.653 4.805 -2479.334
v 2905.765 4.832 -2478.673
v 2919.388 5.029 -2470.037
v 2921.276 5.057 -2470.698
v 2917.090 4.768 -2482.642
v 2915.203 4.731 -2481.980
v 2909.990 5.023 -2466.946
v 2910.290 5.023 -2466.946
v 2910.290 5.023 -2466.646
v 2909.990 5.023 -2466.646
v 2909.990 13.023 -2466.946
v 2910.290 13.023 -2466.946
v 2910.290 13.023 -2466.646
v 2909.990 13.023 -2466.646
v 2920.937 5.054 -2470.782
v 2921.237 5.054 -2470.782
v 2921.237 5.054 -2470.482
v 2920.937 5.054 -2470.482
v 2920.937 13.054 -2470.782
v 2921.237 13.054 -2470.782
v 2921.237 13.054 -2470.482
v 2920.937 13.054 -2470.482
v 2907.586 4.651 -2479.543
v 2915.269 4.586 -2481.772
v 2912.587 4.495 -2491.020
v 2904.903 4.536 -2488.791
v 2905.665 4.827 -2478.986
v 2907.586 4.801 -2479.543
v 2904.903 4.686 -2488.791
v 2902.982 4.696 -2488.234
v 2915.269 4.736 -2481.772
v 2917.190 4.776 -2482.329
v 2914.507 4.645 -2491.577
v 2912.587 4.645 -2491.020
v 2904.781 4.544 -2490.442
v 2912.709 4.486 -2489.369
v 2913.599 4.512 -2495.948
v 2905.672 4.570 -2497.021
v 2902.799 4.709 -2490.710
v 2904.781 4.694 -2490.442
v 2905.672 4.720 -2497.021
v 2903.690 4.735 -2497.289
v 2912.709 4.636 -2489.369
v 2914.691 4.638 -2489.101
v 2915.581 4.696 -2495.680
v 2913.599 4.662 -2495.948
v 2906.424 4.574 -2498.870
v 2912.847 4.508 -2494.100
v 2919.715 4.706 -2503.348
v 2913.293 4.574 -2508.118
v 2904.819 4.740 -2500.062
v 2906.424 4.724 -2498.870
v 2913.293 4.724 -2508.118
v 2911.687 4.740 -2509.310
v 2912.847 4.658 -2494.100
v 2914.452 4.650 -2492.907
v 2921.321 4.897 -2502.155
v 2919.715 4.856 -2503.348
v 2913.759 4.573 -2508.642
v 2919.249 4.689 -2502.823
v 2924.626 4.876 -2507.897
v 2919.135 4.743 -2513.715
v 2912.386 4.739 -2510.097
v 2913.759 4.723 -2508.642
v 2919.135 4.893 -2513.715
v 2917.763 4.859 -2515.170
v 2919.249 4.839 -2502.823
v 2920.622 4.872 -2501.369
v 2925.998 5.059 -2506.442
v 2924.626 5.026 -2507.897
v 2912.373 4.737 -2510.101
v 2912.673 4.737 -2510.101
v 2912.673 4.737 -2509.801
v 2912.373 4.737 -2509.801
v 2912.373 12.737 -2510.101
v 2912.673 12.737 -2510.101
v 2912.673 12.737 -2509.801
v 2912.373 12.737 -2509.801
v 2920.334 4.869 -2501.664
v 2920.634 4.869 -2501.664
v 2920.634 4.869 -2501.364
v 2920.334 4.869 -2501.364
v 2920.334 12.869 -2501.664
v 2920.634 12.869 -2501.664
v 2920.634 12.869 -2501.364
v 2920.334 12.869 -2501.364
v 2918.552 4.722 -2513.024
v 2925.210 4.898 -2508.589
v 2931.176 5.134 -2517.546
v 2924.518 5.051 -2521.981
v 2916.887 4.827 -2514.132
v 2918.552 4.872 -2513.024
v 2924.518 5.201 -2521.981
v 2922.854 5.184 -2523.090
v 2925.210 5.048 -2508.589
v 2926.874 5.091 -2507.480
v 2932.841 5.325 -2516.437
v 2931.176 5.284 -2517.546
v 2923.892 4.989 -2520.361
v 2931.802 5.193 -2519.166
v 2932.704 5.363 -2525.138
v 2924.794 5.176 -2526.332
v 2921.915 5.089 -2520.659
v 2923.892 5.139 -2520.361
v 2924.794 5.326 -2526.332
v 2922.816 5.281 -2526.631
v 2931.802 5.343 -2519.166
v 2933.780 5.395 -2518.868
v 2934.682 5.560 -2524.839
v 2932.704 5.513 -2525.138
v 2924.749 5.159 -2525.735
v 2932.749 5.378 -2525.735
v 2932.749 5.521 -2531.707
v 2924.749 5.320 -2531.707
v 2922.749 5.254 -2525.735
v 2924.749 5.309 -2525.735
v 2924.749 5.470 -2531.707
v 2922.749 5.420 -2531.707
v 2932.749 5.528 -2525.735
v 2934.749 5.583 -2525.735
v 2934.749 5.721 -2531.707
v 2932.749 5.671 -2531.707
v 2925.625 5.276 -2529.209
v 2931.873 5.560 -2534.205
v 2927.097 5.600 -2540.177
v 2920.849 5.321 -2535.180
v 2924.063 5.351 -2527.960
v 2925.625 5.426 -2529.209
v 2920.849 5.471 -2535.180
v 2919.288 5.397 -2533.931
v 2931.873 5.710 -2534.205
v 2933.435 5.777 -2535.454
v 2928.659 5.816 -2541.426
v 2927.097 5.750 -2540.177
v 2924.069 5.358 -2528.235
v 2924.369 5.358 -2528.235
v 2924.369 5.358 -2527.935
v 2924.069 5.358 -2527.935
v 2924.069 13.358 -2528.235
v 2924.369 13.358 -2528.235
v 2924.369 13.358 -2527.935
v 2924.069 13.358 -2527.935
v 2933.129 5.770 -2535.479
v 2933.429 5.770 -2535.479
v 2933.429 5.770 -2535.179
v 2933.129 5.770 -2535.179
v 2933.129 13.770 -2535.479
v 2933.429 13.770 -2535.479
v 2933.429 13.770 -2535.179
v 2933.129 13.770 -2535.179
v 2921.230 5.318 -2534.767
v 2926.716 5.602 -2540.590
v 2921.640 5.626 -2545.373
v 2916.154 5.341 -2539.550
v 2919.859 5.393 -2533.312
v 2921.230 5.468 -2534.767
v 2916.154 5.491 -2539.550
v 2914.783 5.416 -2538.094
v 2926.716 5.752 -2540.590
v 2928.088 5.819 -2542.046
v 2923.012 5.844 -2546.828
v 2921.640 5.776 -2545.373
v 2915.729 5.346 -2540.019
v 2922.065 5.621 -2544.903
v 2916.087 5.834 -2552.659
v 2909.751 5.598 -2547.775
v 2914.145 5.425 -2538.798
v 2915.729 5.496 -2540.019
v 2909.751 5.748 -2547.775
v 2908.167 5.725 -2546.554
v 2922.065 5.771 -2544.903
v 2923.649 5.837 -2546.124
v 2917.671 6.069 -2553.880
v 2916.087 5.984 -2552.659
v 2909.796 5.595 -2547.718
v 2916.043 5.836 -2552.715
v 2907.683 6.442 -2563.166
v 2901.436 6.252 -2558.168
v 2908.234 5.722 -2546.468
v 2909.796 5.745 -2547.718
v 2901.436 6.402 -2558.168
v 2899.874 6.353 -2556.919
v 2916.043 5.986 -2552.715
v 2917.605 6.072 -2553.965
v 2909.245 6.637 -2564.415
v 2907.683 6.592 -2563.166
v 2908.240 5.724 -2546.743
v 2908.540 5.724 -2546.743
v 2908.540 5.724 -2546.443
v 2908.240 5.724 -2546.443
v 2908.240 13.724 -2546.743
v 2908.540 13.724 -2546.743
v 2908.540 13.724 -2546.443
v 2908.240 13.724 -2546.443
v 2917.298 6.064 -2553.990
v 2917.598 6.064 -2553.990
v 2917.598 6.064 -2553.690
v 2917.298 6.064 -2553.690
v 2917.298 14.064 -2553.990
v 2917.598 14.064 -2553.990
v 2917.598 14.064 -2553.690
v 2917.298 14.064 -2553.690
v 2901.569 6.242 -2558.011
v 2907.550 6.452 -2563.323
v 2893.223 7.578 -2579.455
v 2887.242 7.360 -2574.142
v 2900.073 6.337 -2556.683
v 2901.569 6.392 -2558.011
v 2887.242 7.510 -2574.142
v 2885.746 7.456 -2572.814
v 2907.550 6.602 -2563.323
v 2909.045 6.653 -2564.651
v 2894.719 7.792 -2580.783
v 2893.223 7.728 -2579.455
v 2887.170 7.366 -2574.225
v 2893.295 7.571 -2579.372
v 2885.525 8.352 -2588.620
v 2879.400 8.106 -2583.474
v 2885.639 7.465 -2572.939
v 2887.170 7.516 -2574.225
v 2879.400 8.256 -2583.474
v 2877.869 8.192 -2582.187
v 2893.295 7.721 -2579.372
v 2894.826 7.781 -2580.658
v 2887.056 8.561 -2589.906
v 2885.525 8.502 -2588.620
v 2885.642 7.470 -2573.218
v 2885.942 7.470 -2573.218
v 2885.942 7.470 -2572.918
v 2885.642 7.470 -2572.918
v 2885.642 15.470 -2573.218
v 2885.942 15.470 -2573.218
v 2885.942 15.470 -2572.918
v 2885.642 15.470 -2572.918
v 2894.523 7.775 -2580.679
v 2894.823 7.775 -2580.679
v 2894.823 7.775 -2580.379
v 2894.523 7.775 -2580.379
v 2894.523 15.775 -2580.679
v 2894.823 15.775 -2580.679
v 2894.823 15.775 -2580.379
v 2894.523 15.775 -2580.379
v 2879.418 8.104 -2583.452
v 2885.506 8.354 -2588.642
v 2875.064 9.452 -2600.889
v 2868.977 9.210 -2595.699
v 2877.897 8.189 -2582.154
v 2879.418 8.254 -2583.452
v 2868.977 9.360 -2595.699
v 2867.455 9.303 -2594.401
v 2885.506 8.504 -2588.642
v 2887.028 8.564 -2589.939
v 2876.586 9.660 -2602.187
v 2875.064 9.602 -2600.889
v 2869.130 9.195 -2595.530
v 2874.912 9.468 -2601.058
v 2868.633 10.066 -2607.625
v 2862.851 9.784 -2602.096
v 2867.684 9.280 -2594.147
v 2869.130 9.345 -2595.530
v 2862.851 9.934 -2602.096
v 2861.406 9.869 -2600.714
v 2874.912 9.618 -2601.058
v 2876.357 9.684 -2602.441
v 2870.079 10.290 -2609.007
v 2868.633 10.216 -2607.625
v 2863.388 9.742 -2601.627
v 2868.097 10.108 -2608.094
v 2861.529 10.516 -2612.876
v 2856.820 10.182 -2606.409
v 2862.210 9.805 -2600.010
v 2863.388 9.892 -2601.627
v 2856.820 10.332 -2606.409
v 2855.642 10.248 -2604.793
v 2868.097 10.258 -2608.094
v 2869.274 10.349 -2609.711
v 2862.706 10.751 -2614.493
v 2861.529 10.666 -2612.876
v 2862.178 9.814 -2600.322
v 2862.478 9.814 -2600.322
v 2862.478 9.814 -2600.022
v 2862.178 9.814 -2600.022
v 2862.178 17.814 -2600.322
v 2862.478 17.814 -2600.322
v 2862.478 17.814 -2600.022
v 2862.178 17.814 -2600.022
v 2869.006 10.340 -2609.699
v 2869.306 10.340 -2609.699
v 2869.306 10.340 -2609.399
v 2869.006 10.340 -2609.399
v 2869.006 18.340 -2609.699
v 2869.306 18.340 -2609.699
v 2869.306 18.340 -2609.399
v 2869.006 18.340 -2609.399
v 2857.258 10.156 -2606.132
v 2861.091 10.539 -2613.154
v 2851.239 10.987 -2618.531
v 2847.406 10.639 -2611.509
v 2856.300 10.209 -2604.376
v 2857.258 10.306 -2606.132
v 2847.406 10.789 -2611.509
v 2846.448 10.706 -2609.753
v 2861.091 10.689 -2613.154
v 2862.049 10.786 -2614.909
v 2852.197 11.228 -2620.287
v 2851.239 11.137 -2618.531
v 2848.176 10.610 -2611.188
v 2850.469 11.015 -2618.852
v 2821.626 11.579 -2627.480
v 2819.333 11.272 -2619.815
v 2847.603 10.661 -2609.272
v 2848.176 10.760 -2611.188
v 2819.333 11.422 -2619.815
v 2818.760 11.350 -2617.899
v 2850.469 11.165 -2618.852
v 2851.042 11.268 -2620.768
v 2822.199 11.811 -2629.396
v 2821.626 11.729 -2627.480
v 2847.510 10.671 -2609.613
v 2847.810 10.671 -2609.613
v 2847.810 10.671 -2609.313
v 2847.510 10.671 -2609.313
v 2847.510 18.671 -2609.613
v 2847.810 18.671 -2609.613
v 2847.810 18.671 -2609.313
v 2847.510 18.671 -2609.313
v 2850.835 11.258 -2620.727
v 2851.135 11.258 -2620.727
v 2851.135 11.258 -2620.427
v 2850.835 11.258 -2620.427
v 2850.835 19.258 -2620.727
v 2851.135 19.258 -2620.727
v 2851.135 19.258 -2620.427
v 2850.835 19.258 -2620.427
v 2670.205 14.985 -2535.433
v 2664.247 14.958 -2530.095
v 2673.765 15.046 -2519.472
v 2679.723 15.007 -2524.811
v 2671.695 15.123 -2536.768
v 2670.205 15.135 -2535.433
v 2679.723 15.157 -2524.811
v 2681.213 15.146 -2526.146
v 2664.247 15.108 -2530.095
v 2662.758 15.069 -2528.760
v 2672.275 15.204 -2518.138
v 2673.765 15.196 -2519.472
v 2679.803 15.008 -2524.719
v 2673.685 15.046 -2519.564
v 2678.227 14.987 -2514.174
v 2684.345 15.032 -2519.329
v 2681.332 15.146 -2526.008
v 2679.803 15.158 -2524.719
v 2684.345 15.182 -2519.329
v 2685.874 15.171 -2520.617
v 2673.685 15.196 -2519.564
v 2672.156 15.204 -2518.276
v 2676.697 15.113 -2512.885
v 2678.227 15.137 -2514.174
v 2685.189 15.042 -2517.627
v 2677.383 15.022 -2515.876
v 2678.385 14.931 -2511.410
v 2686.191 14.957 -2513.161
v 2687.140 15.186 -2518.065
v 2685.189 15.192 -2517.627
v 2686.191 15.107 -2513.161
v 2688.142 15.113 -2513.599
v 2677.383 15.172 -2515.876
v 2675.431 15.165 -2515.438
v 2676.433 15.075 -2510.972
v 2678.385 15.081 -2511.410
v 2686.288 14.939 -2512.286
v 2678.288 14.949 -2512.286
v 2678.288 14.835 -2506.578
v 2686.288 14.824 -2506.578
v 2688.288 15.087 -2512.286
v 2686.288 15.089 -2512.286
v 2686.288 14.974 -2506.578
v 2688.288 14.971 -2506.578
v 2678.288 15.099 -2512.286
v 2676.288 15.101 -2512.286
v 2676.288 14.987 -2506.578
v 2678.288 14.985 -2506.578
v 2687.938 15.087 -2512.436
v 2688.238 15.087 -2512.436
v 2688.238 15.087 -2512.136
v 2687.938 15.087 -2512.136
v 2687.938 23.087 -2512.436
v 2688.238 23.087 -2512.436
v 2688.238 23.087 -2512.136
v 2687.938 23.087 -2512.136
v 2676.338 15.101 -2512.436
v 2676.638 15.101 -2512.436
v 2676.638 15.101 -2512.136
v 2676.338 15.101 -2512.136
v 2676.338 23.101 -2512.436
v 2676.638 23.101 -2512.436
v 2676.638 23.101 -2512.136
v 2676.338 23.101 -2512.136
v 2685.990 14.794 -2505.065
v 2678.585 14.865 -2508.092
v 2675.847 14.734 -2501.394
v 2683.252 14.663 -2498.366
v 2687.841 14.926 -2504.308
v 2685.990 14.944 -2505.065
v 2683.252 14.813 -2498.366
v 2685.103 14.795 -2497.610
v 2678.585 15.015 -2508.092
v 2676.734 15.032 -2508.849
v 2673.995 14.902 -2502.151
v 2675.847 14.884 -2501.394
v 2683.141 14.658 -2498.121
v 2675.957 14.739 -2501.640
v 2669.512 14.487 -2488.481
v 2676.696 14.360 -2484.962
v 2684.938 14.788 -2497.241
v 2683.141 14.808 -2498.121
v 2676.696 14.510 -2484.962
v 2678.492 14.469 -2484.082
v 2675.957 14.889 -2501.640
v 2674.161 14.909 -2502.519
v 2667.715 14.657 -2489.361
v 2669.512 14.637 -2488.481
v 2676.747 14.364 -2485.070
v 2669.460 14.485 -2488.372
v 2655.067 13.053 -2456.612
v 2662.354 13.003 -2453.309
v 2678.569 14.475 -2484.245
v 2676.747 14.514 -2485.070
v 2662.354 13.153 -2453.309
v 2664.175 13.135 -2452.484
v 2669.460 14.635 -2488.372
v 2667.639 14.654 -2489.198
v 2653.245 13.203 -2457.437
v 2655.067 13.203 -2456.612
v 2678.237 14.479 -2484.477
v 2678.537 14.479 -2484.477
v 2678.537 14.479 -2484.177
v 2678.237 14.479 -2484.177
v 2678.237 22.479 -2484.477
v 2678.537 22.479 -2484.477
v 2678.537 22.479 -2484.177
v 2678.237 22.479 -2484.177
v 2667.671 14.652 -2489.265
v 2667.971 14.652 -2489.265
v 2667.971 14.652 -2488.965
v 2667.671 14.652 -2488.965
v 2667.671 22.652 -2489.265
v 2667.971 22.652 -2489.265
v 2667.971 22.652 -2488.965
v 2667.671 22.652 -2488.965
v 2662.117 12.978 -2452.865
v 2655.303 13.072 -2457.056
v 2651.329 12.747 -2450.596
v 2658.143 12.626 -2446.404
v 2663.821 13.096 -2451.817
v 2662.117 13.128 -2452.865
v 2658.143 12.776 -2446.404
v 2659.847 12.739 -2445.356
v 2655.303 13.222 -2457.056
v 2653.600 13.231 -2458.104
v 2649.626 12.921 -2451.644
v 2651.329 12.897 -2450.596
v 2657.932 12.610 -2446.095
v 2651.540 12.762 -2450.906
v 2647.811 12.529 -2445.951
v 2654.203 12.367 -2441.140
v 2659.530 12.715 -2444.892
v 2657.932 12.760 -2446.095
v 2654.203 12.517 -2441.140
v 2655.801 12.469 -2439.937
v 2651.540 12.912 -2450.906
v 2649.942 12.943 -2452.108
v 2646.213 12.713 -2447.154
v 2647.811 12.679 -2445.951
v 2654.085 12.360 -2440.991
v 2647.929 12.536 -2446.101
v 2644.211 12.348 -2441.622
v 2650.366 12.165 -2436.512
v 2655.623 12.458 -2439.713
v 2654.085 12.510 -2440.991
v 2650.366 12.315 -2436.512
v 2651.905 12.262 -2435.235
v 2647.929 12.686 -2446.101
v 2646.390 12.723 -2447.378
v 2642.672 12.536 -2442.900
v 2644.211 12.498 -2441.622
v 2649.381 12.131 -2435.658
v 2645.196 12.383 -2442.476
v 2641.968 12.301 -2440.494
v 2646.153 12.059 -2433.676
v 2650.428 12.211 -2433.954
v 2649.381 12.281 -2435.658
v 2646.153 12.209 -2433.676
v 2647.200 12.142 -2431.972
v 2645.196 12.533 -2442.476
v 2644.150 12.589 -2444.180
v 2640.922 12.504 -2442.199
v 2641.968 12.451 -2440.494
v 2645.781 12.052 -2433.474
v 2642.340 12.309 -2440.696
v 2636.629 12.208 -2437.975
v 2640.071 11.977 -2430.753
v 2646.642 12.132 -2431.669
v 2645.781 12.202 -2433.474
v 2640.071 12.127 -2430.753
v 2640.931 12.063 -2428.947
v 2642.340 12.459 -2440.696
v 2641.479 12.517 -2442.502
v 2635.769 12.410 -2439.780
v 2636.629 12.358 -2437.975
v 2639.505 11.972 -2430.534
v 2637.195 12.216 -2438.193
v 2629.748 12.150 -2435.947
v 2632.058 11.947 -2428.288
v 2640.082 12.057 -2428.619
v 2639.505 12.122 -2430.534
v 2632.058 12.097 -2428.288
v 2632.635 12.042 -2426.373
v 2637.195 12.366 -2438.193
v 2636.617 12.422 -2440.108
v 2629.170 12.347 -2437.862
v 2629.748 12.300 -2435.947
v 2639.875 12.064 -2428.961
v 2640.175 12.064 -2428.961
v 2640.175 12.064 -2428.661
v 2639.875 12.064 -2428.661
v 2639.875 20.064 -2428.961
v 2640.175 20.064 -2428.961
v 2640.175 20.064 -2428.661
v 2639.875 20.064 -2428.661
v 2636.525 12.417 -2440.067
v 2636.825 12.417 -2440.067
v 2636.825 12.417 -2439.767
v 2636.525 12.417 -2439.767
v 2636.525 20.417 -2440.067
v 2636.825 20.417 -2440.067
v 2636.825 20.417 -2439.767
v 2636.525 20.417 -2439.767
v 2631.192 11.948 -2428.128
v 2630.613 12.154 -2436.107
v 2603.317 12.031 -2434.126
v 2603.897 12.010 -2426.147
v 2631.337 12.046 -2426.134
v 2631.192 12.098 -2428.128
v 2603.897 12.160 -2426.147
v 2604.042 12.156 -2424.152
v 2630.613 12.304 -2436.107
v 2630.468 12.354 -2438.102
v 2603.173 12.184 -2436.120
v 2603.317 12.181 -2434.126
v 2603.929 12.010 -2426.149
v 2603.285 12.031 -2434.123
v 2587.901 11.985 -2432.881
v 2588.545 12.071 -2424.907
v 2604.090 12.155 -2424.155
v 2603.929 12.160 -2426.149
v 2588.545 12.221 -2424.907
v 2588.705 12.243 -2422.914
v 2603.285 12.181 -2434.123
v 2603.124 12.184 -2436.117
v 2587.740 12.113 -2434.875
v 2587.901 12.135 -2432.881
v 2603.924 12.156 -2424.505
v 2604.224 12.156 -2424.505
v 2604.224 12.156 -2424.205
v 2603.924 12.156 -2424.205
v 2603.924 20.156 -2424.505
v 2604.224 20.156 -2424.505
v 2604.224 20.156 -2424.205
v 2603.924 20.156 -2424.205
v 2602.990 12.184 -2436.067
v 2603.290 12.184 -2436.067
v 2603.290 12.184 -2435.767
v 2602.990 12.184 -2435.767
v 2602.990 20.184 -2436.067
v 2603.290 20.184 -2436.067
v 2603.290 20.184 -2435.767
v 2602.990 20.184 -2435.767
v 2588.223 12.073 -2424.894
v 2588.223 11.986 -2432.894
v 2581.020 11.968 -2432.894
v 2581.020 12.096 -2424.894
v 2588.223 12.246 -2422.894
v 2588.223 12.223 -2424.894
v 2581.020 12.246 -2424.894
v 2581.020 12.280 -2422.894
v 2588.223 12.136 -2432.894
v 2588.223 12.115 -2434.894
v 2581.020 12.086 -2434.894
v 2581.020 12.118 -2432.894
v 2580.823 12.096 -2424.899
v 2581.217 11.968 -2432.889
v 2571.043 11.936 -2433.391
v 2570.649 12.103 -2425.401
v 2580.725 12.281 -2422.901
v 2580.823 12.246 -2424.899
v 2570.649 12.253 -2425.401
v 2570.550 12.298 -2423.403
v 2581.217 12.118 -2432.889
v 2581.316 12.087 -2434.887
v 2571.141 12.045 -2435.389
v 2571.043 12.086 -2433.391
v 2570.338 12.103 -2425.429
v 2571.353 11.937 -2433.364
v 2559.687 11.870 -2434.857
v 2558.672 12.080 -2426.921
v 2570.084 12.298 -2423.445
v 2570.338 12.253 -2425.429
v 2558.672 12.230 -2426.921
v 2558.418 12.285 -2424.938
v 2571.353 12.087 -2433.364
v 2571.607 12.047 -2435.348
v 2559.941 11.969 -2436.841
v 2559.687 12.020 -2434.857
v 2558.808 12.080 -2426.906
v 2559.551 11.870 -2434.872
v 2551.614 11.823 -2435.612
v 2550.871 12.063 -2427.646
v 2558.623 12.285 -2424.915
v 2558.808 12.230 -2426.906
v 2550.871 12.213 -2427.646
v 2550.685 12.275 -2425.655
v 2559.551 12.020 -2434.872
v 2559.736 11.968 -2436.863
v 2551.799 11.913 -2437.603
v 2551.614 11.973 -2435.612
v 2558.491 12.279 -2425.264
v 2558.791 12.279 -2425.264
v 2558.791 12.279 -2424.964
v 2558.491 12.279 -2424.964
v 2558.491 20.279 -2425.264
v 2558.791 20.279 -2425.264
v 2558.791 20.279 -2424.964
v 2558.491 20.279 -2424.964
v 2559.568 11.973 -2436.814
v 2559.868 11.973 -2436.814
v 2559.868 11.973 -2436.514
v 2559.568 11.973 -2436.514
v 2559.568 19.973 -2436.814
v 2559.868 19.973 -2436.814
v 2559.868 19.973 -2436.514
v 2559.568 19.973 -2436.514
v 2551.112 12.064 -2427.631
v 2551.373 11.821 -2435.627
v 2543.669 11.786 -2435.878
v 2543.409 12.058 -2427.882
v 2551.047 12.275 -2425.632
v 2551.112 12.214 -2427.631
v 2543.409 12.208 -2427.882
v 2543.344 12.277 -2425.883
v 2551.373 11.971 -2435.627
v 2551.438 11.911 -2437.626
v 2543.734 11.868 -2437.877
v 2543.669 11.936 -2435.878
v 2543.818 12.058 -2427.890
v 2543.260 11.785 -2435.870
v 2536.069 11.814 -2435.368
v 2536.626 12.083 -2427.388
v 2543.957 12.276 -2425.895
v 2543.818 12.208 -2427.890
v 2536.626 12.233 -2427.388
v 2536.766 12.301 -2425.393
v 2543.260 11.935 -2435.870
v 2543.121 11.866 -2437.865
v 2535.930 11.897 -2437.363
v 2536.069 11.964 -2435.368
v 2538.238 12.065 -2427.853
v 2534.458 11.833 -2434.903
v 2531.230 11.898 -2433.173
v 2535.010 12.127 -2426.122
v 2539.183 12.274 -2426.090
v 2538.238 12.215 -2427.853
v 2535.010 12.277 -2426.122
v 2535.955 12.339 -2424.359
v 2534.458 11.983 -2434.903
v 2533.513 11.927 -2436.666
v 2530.285 11.992 -2434.935
v 2531.230 12.048 -2433.173
v 2536.195 12.093 -2427.090
v 2530.044 11.932 -2432.204
v 2527.561 12.034 -2429.219
v 2533.713 12.199 -2424.104
v 2537.733 12.285 -2425.811
v 2536.195 12.243 -2427.090
v 2533.713 12.349 -2424.104
v 2535.251 12.394 -2422.826
v 2530.044 12.082 -2432.204
v 2528.506 12.043 -2433.483
v 2526.023 12.145 -2430.497
v 2527.561 12.184 -2429.219
v 2534.624 12.120 -2426.333
v 2526.651 12.107 -2426.990
v 2526.406 12.207 -2424.017
v 2534.379 12.225 -2423.360
v 2536.617 12.274 -2426.169
v 2534.624 12.270 -2426.333
v 2534.379 12.375 -2423.360
v 2536.372 12.380 -2423.196
v 2526.651 12.257 -2426.990
v 2524.657 12.254 -2427.154
v 2524.412 12.353 -2424.181
v 2526.406 12.357 -2424.017
v 2534.392 12.214 -2423.689
v 2526.392 12.219 -2423.689
v 2526.392 12.337 -2420.214
v 2534.392 12.336 -2420.214
v 2536.392 12.362 -2423.689
v 2534.392 12.364 -2423.689
v 2534.392 12.486 -2420.214
v 2536.392 12.486 -2420.214
v 2526.392 12.369 -2423.689
v 2524.392 12.370 -2423.689
v 2524.392 12.487 -2420.214
v 2526.392 12.487 -2420.214
v 2534.022 12.277 -2421.894
v 2526.762 12.395 -2418.534
v 2528.254 12.506 -2415.311
v 2535.514 12.391 -2418.670
v 2535.837 12.397 -2422.734
v 2534.022 12.427 -2421.894
v 2535.514 12.541 -2418.670
v 2537.329 12.511 -2419.510
v 2526.762 12.545 -2418.534
v 2524.947 12.573 -2417.694
v 2526.439 12.683 -2414.471
v 2528.254 12.656 -2415.311
v 2535.506 12.400 -2422.800
v 2535.806 12.400 -2422.800
v 2535.806 12.400 -2422.500
v 2535.506 12.400 -2422.500
v 2535.506 20.400 -2422.800
v 2535.806 20.400 -2422.800
v 2535.806 20.400 -2422.500
v 2535.506 20.400 -2422.500
v 2524.978 12.570 -2417.928
v 2525.278 12.570 -2417.928
v 2525.278 12.570 -2417.628
v 2524.978 12.570 -2417.628
v 2524.978 20.570 -2417.928
v 2525.278 20.570 -2417.928
v 2525.278 20.570 -2417.628
v 2524.978 20.570 -2417.628
v 2534.556 12.345 -2419.967
v 2529.212 12.551 -2414.014
v 2533.920 12.704 -2409.786
v 2539.265 12.497 -2415.739
v 2535.892 12.442 -2421.455
v 2534.556 12.495 -2419.967
v 2539.265 12.647 -2415.739
v 2540.601 12.594 -2417.227
v 2529.212 12.701 -2414.014
v 2527.875 12.751 -2412.526
v 2532.584 12.904 -2408.298
v 2533.920 12.854 -2409.786
v 2538.863 12.485 -2416.056
v 2534.323 12.715 -2409.469
v 2548.716 12.998 -2399.548
v 2553.257 12.728 -2406.134
v 2539.998 12.576 -2417.703
v 2538.863 12.635 -2416.056
v 2553.257 12.878 -2406.134
v 2554.392 12.815 -2407.781
v 2534.323 12.865 -2409.469
v 2533.187 12.922 -2407.823
v 2547.581 13.221 -2397.901
v 2548.716 13.148 -2399.548
v 2553.529 12.731 -2405.929
v 2548.443 12.995 -2399.753
v 2561.100 13.031 -2389.329
v 2566.186 12.843 -2395.505
v 2554.801 12.820 -2407.472
v 2553.529 12.881 -2405.929
v 2566.186 12.993 -2395.505
v 2567.458 12.937 -2397.049
v 2548.443 13.145 -2399.753
v 2547.172 13.216 -2398.209
v 2559.829 13.231 -2387.786
v 2561.100 13.181 -2389.329
v 2554.524 12.826 -2407.468
v 2554.824 12.826 -2407.468
v 2554.824 12.826 -2407.168
v 2554.524 12.826 -2407.168
v 2554.524 20.826 -2407.468
v 2554.824 20.826 -2407.468
v 2554.824 20.826 -2407.168
v 2554.524 20.826 -2407.168
v 2547.149 13.209 -2398.514
v 2547.449 13.209 -2398.514
v 2547.449 13.209 -2398.214
v 2547.149 13.209 -2398.214
v 2547.149 21.209 -2398.514
v 2547.449 21.209 -2398.514
v 2547.449 21.209 -2398.214
v 2547.149 21.209 -2398.214
v 2566.526 12.842 -2395.190
v 2560.761 13.032 -2389.644
v 2567.217 13.008 -2382.933
v 2572.983 12.818 -2388.479
v 2567.967 12.940 -2396.577
v 2566.526 12.992 -2395.190
v 2572.983 12.968 -2388.479
v 2574.424 12.924 -2389.865
v 2560.761 13.182 -2389.644
v 2559.319 13.233 -2388.257
v 2565.776 13.209 -2381.546
v 2567.217 13.158 -2382.933
v 2573.596 12.816 -2387.649
v 2566.604 13.009 -2383.762
v 2569.086 13.019 -2379.297
v 2576.078 12.818 -2383.184
v 2575.344 12.921 -2388.621
v 2573.596 12.966 -2387.649
v 2576.078 12.968 -2383.184
v 2577.826 12.921 -2384.155
v 2566.604 13.159 -2383.762
v 2564.856 13.210 -2382.790
v 2567.338 13.222 -2378.325
v 2569.086 13.169 -2379.297
v 2576.576 12.832 -2381.008
v 2568.589 13.000 -2381.472
v 2568.344 13.064 -2377.258
v 2576.331 12.884 -2376.794
v 2578.572 12.939 -2380.892
v 2576.576 12.982 -2381.008
v 2576.331 13.034 -2376.794
v 2578.327 12.988 -2376.678
v 2568.589 13.150 -2381.472
v 2566.592 13.191 -2381.588
v 2566.348 13.259 -2377.374
v 2568.344 13.214 -2377.258
v 2575.915 12.911 -2375.237
v 2568.759 13.033 -2378.814
v 2567.023 13.123 -2375.339
v 2574.179 12.994 -2371.763
v 2577.704 13.028 -2374.343
v 2575.915 13.061 -2375.237
v 2574.179 13.144 -2371.763
v 2575.968 13.109 -2370.869
v 2568.759 13.183 -2378.814
v 2566.970 13.210 -2379.708
v 2565.234 13.302 -2376.233
v 2567.023 13.273 -2375.339
v 2573.128 13.037 -2370.451
v 2568.073 13.079 -2376.651
v 2565.335 13.177 -2374.418
v 2570.390 13.137 -2368.218
v 2574.392 13.172 -2368.901
v 2573.128 13.187 -2370.451
v 2570.390 13.287 -2368.218
v 2571.654 13.273 -2366.668
v 2568.073 13.229 -2376.651
v 2566.809 13.236 -2378.201
v 2564.071 13.333 -2375.969
v 2565.335 13.327 -2374.418
v 2569.130 13.180 -2367.524
v 2566.595 13.136 -2375.112
v 2562.877 13.245 -2373.870
v 2565.412 13.298 -2366.282
v 2569.763 13.338 -2365.627
v 2569.130 13.330 -2367.524
v 2565.412 13.448 -2366.282
v 2566.045 13.445 -2364.386
v 2566.595 13.286 -2375.112
v 2565.962 13.273 -2377.009
v 2562.243 13.380 -2375.767
v 2562.877 13.395 -2373.870
v 2564.658 13.321 -2366.110
v 2563.630 13.224 -2374.043
v 2557.920 13.377 -2373.303
v 2558.948 13.490 -2365.370
v 2564.915 13.476 -2364.126
v 2564.658 13.471 -2366.110
v 2558.948 13.640 -2365.370
v 2559.204 13.633 -2363.386
v 2563.630 13.374 -2374.043
v 2563.373 13.349 -2376.027
v 2557.663 13.498 -2375.287
v 2557.920 13.527 -2373.303
v 2564.739 13.477 -2364.475
v 2565.039 13.477 -2364.475
v 2565.039 13.477 -2364.175
v 2564.739 13.477 -2364.175
v 2564.739 21.477 -2364.475
v 2565.039 21.477 -2364.475
v 2565.039 21.477 -2364.175
v 2564.739 21.477 -2364.175
v 2563.249 13.352 -2375.978
v 2563.549 13.352 -2375.978
v 2563.549 13.352 -2375.678
v 2563.249 13.352 -2375.678
v 2563.249 21.352 -2375.978
v 2563.549 21.352 -2375.978
v 2563.549 21.352 -2375.678
v 2563.249 21.352 -2375.678
v 2558.343 13.508 -2365.338
v 2558.524 13.361 -2373.336
v 2503.432 13.503 -2374.577
v 2503.251 13.657 -2366.579
v 2558.298 13.659 -2363.338
v 2558.343 13.658 -2365.338
v 2503.251 13.807 -2366.579
v 2503.206 13.832 -2364.580
v 2558.524 13.511 -2373.336
v 2558.569 13.475 -2375.335
v 2503.477 13.615 -2376.577
v 2503.432 13.653 -2374.577
v 2558.153 13.659 -2363.688
v 2558.453 13.659 -2363.688
v 2558.453 13.659 -2363.388
v 2558.153 13.659 -2363.388
v 2558.153 21.659 -2363.688
v 2558.453 21.659 -2363.688
v 2558.453 21.659 -2363.388
v 2558.153 21.659 -2363.388
v 2558.414 13.479 -2375.285
v 2558.714 13.479 -2375.285
v 2558.714 13.479 -2374.985
v 2558.414 13.479 -2374.985
v 2558.414 21.479 -2375.285
v 2558.714 21.479 -2375.285
v 2558.714 21.479 -2374.985
v 2558.414 21.479 -2374.985
v 2503.598 13.659 -2366.587
v 2503.085 13.501 -2374.570
v 2487.445 13.050 -2373.566
v 2487.957 13.164 -2365.583
v 2503.726 13.836 -2364.591
v 2503.598 13.809 -2366.587
v 2487.957 13.314 -2365.583
v 2488.086 13.318 -2363.587
v 2503.085 13.651 -2374.570
v 2502.957 13.612 -2376.566
v 2487.317 13.173 -2375.562
v 2487.445 13.200 -2373.566
v 2488.168 13.172 -2365.602
v 2487.235 13.044 -2373.547
v 2470.359 12.483 -2371.565
v 2471.292 12.525 -2363.620
v 2488.401 13.330 -2363.615
v 2488.168 13.322 -2365.602
v 2471.292 12.675 -2363.620
v 2471.525 12.670 -2361.634
v 2487.235 13.194 -2373.547
v 2487.001 13.163 -2375.533
v 2470.125 12.620 -2373.552
v 2470.359 12.633 -2371.565
v 2488.228 13.330 -2363.964
v 2488.528 13.330 -2363.964
v 2488.528 13.330 -2363.664
v 2488.228 13.330 -2363.664
v 2488.228 21.330 -2363.964
v 2488.528 21.330 -2363.964
v 2488.528 21.330 -2363.664
v 2488.228 21.330 -2363.664
v 2486.875 13.166 -2375.485
v 2487.175 13.166 -2375.485
v 2487.175 13.166 -2375.185
v 2486.875 13.166 -2375.185
v 2486.875 21.166 -2375.485
v 2487.175 21.166 -2375.485
v 2487.175 21.166 -2375.185
v 2486.875 21.166 -2375.185
v 2471.234 12.523 -2363.614
v 2470.416 12.485 -2371.572
v 2463.214 12.235 -2370.832
v 2464.032 12.241 -2362.874
v 2471.438 12.666 -2361.624
v 2471.234 12.673 -2363.614
v 2464.032 12.391 -2362.874
v 2464.236 12.381 -2360.884
v 2470.416 12.635 -2371.572
v 2470.212 12.623 -2373.561
v 2463.010 12.380 -2372.821
v 2463.214 12.385 -2370.832
v 2465.418 12.297 -2363.278
v 2461.828 12.186 -2370.428
v 2458.355 12.038 -2368.684
v 2461.945 12.148 -2361.534
v 2466.315 12.467 -2361.491
v 2465.418 12.447 -2363.278
v 2461.945 12.298 -2361.534
v 2462.842 12.317 -2359.747
v 2461.828 12.336 -2370.428
v 2460.930 12.308 -2372.215
v 2457.457 12.151 -2370.471
v 2458.355 12.188 -2368.684
v 2463.428 12.217 -2362.817
v 2456.871 11.958 -2367.401
v 2455.135 11.854 -2364.917
v 2461.691 12.128 -2360.333
v 2465.067 12.420 -2361.671
v 2463.428 12.367 -2362.817
v 2461.691 12.278 -2360.333
v 2463.330 12.331 -2359.187
v 2456.871 12.108 -2367.401
v 2455.232 12.032 -2368.547
v 2453.496 11.928 -2366.063
v 2455.135 12.004 -2364.917
v 2462.413 12.176 -2362.625
v 2454.413 11.792 -2362.625
v 2454.413 11.758 -2359.402
v 2462.413 12.147 -2359.402
v 2464.413 12.403 -2362.625
v 2462.413 12.326 -2362.625
v 2462.413 12.297 -2359.402
v 2464.413 12.376 -2359.402
v 2454.413 11.942 -2362.625
v 2452.413 11.837 -2362.625
v 2452.413 11.801 -2359.402
v 2454.413 11.908 -2359.402
v 2461.741 12.141 -2361.620
v 2455.085 11.770 -2357.183
v 2457.066 11.847 -2354.210
v 2463.723 12.192 -2358.648
v 2463.406 12.365 -2362.729
v 2461.741 12.291 -2361.620
v 2463.723 12.342 -2358.648
v 2465.387 12.417 -2359.757
v 2455.085 11.920 -2357.183
v 2453.421 11.818 -2356.074
v 2455.402 11.894 -2353.101
v 2457.066 11.997 -2354.210
v 2463.035 12.172 -2359.434
v 2457.754 11.876 -2353.424
v 2465.947 12.177 -2346.224
v 2471.228 12.441 -2352.233
v 2464.355 12.386 -2360.936
v 2463.035 12.322 -2359.434
v 2471.228 12.591 -2352.233
v 2472.548 12.655 -2353.736
v 2457.754 12.026 -2353.424
v 2456.434 11.938 -2351.922
v 2464.627 12.260 -2344.722
v 2465.947 12.327 -2346.224
v 2464.073 12.380 -2360.936
v 2464.373 12.380 -2360.936
v 2464.373 12.380 -2360.636
v 2464.073 12.380 -2360.636
v 2464.073 20.380 -2360.936
v 2464.373 20.380 -2360.936
v 2464.373 20.380 -2360.636
v 2464.073 20.380 -2360.636
v 2456.416 11.947 -2352.222
v 2456.716 11.947 -2352.222
v 2456.716 11.947 -2351.922
v 2456.416 11.947 -2351.922
v 2456.416 19.947 -2352.222
v 2456.716 19.947 -2352.222
v 2456.716 19.947 -2351.922
v 2456.416 19.947 -2351.922
v 2471.150 12.438 -2352.300
v 2466.026 12.180 -2346.157
v 2477.937 12.620 -2336.222
v 2483.061 12.873 -2342.365
v 2472.431 12.651 -2353.836
v 2471.150 12.588 -2352.300
v 2483.061 13.023 -2342.365
v 2484.342 13.085 -2343.901
v 2466.026 12.330 -2346.157
v 2464.744 12.264 -2344.621
v 2476.656 12.704 -2334.686
v 2477.937 12.770 -2336.222
v 3225.301 12.861 -2701.975
v 3232.210 13.091 -2697.942
v 3238.310 13.110 -2708.393
v 3231.401 12.815 -2712.426
v 3223.573 12.937 -2702.984
v 3225.301 13.011 -2701.975
v 3231.401 12.965 -2712.426
v 3229.674 12.892 -2713.434
v 3232.210 13.241 -2697.942
v 3233.937 13.283 -2696.934
v 3240.037 13.334 -2707.385
v 3238.310 13.260 -2708.393
v 3231.483 12.814 -2712.561
v 3238.227 13.110 -2708.258
v 3246.944 12.992 -2721.919
v 3240.200 12.765 -2726.222
v 3229.797 12.891 -2713.637
v 3231.483 12.964 -2712.561
v 3240.200 12.915 -2726.222
v 3238.514 12.842 -2727.298
v 3238.227 13.260 -2708.258
v 3239.913 13.335 -2707.182
v 3248.630 13.165 -2720.843
v 3246.944 13.142 -2721.919
v 3240.276 12.764 -2726.338
v 3246.867 12.995 -2721.803
v 3253.257 12.801 -2731.091
v 3246.666 12.570 -2735.626
v 3238.628 12.841 -2727.471
v 3240.276 12.914 -2726.338
v 3246.666 12.720 -2735.626
v 3245.018 12.655 -2736.759
v 3246.867 13.145 -2721.803
v 3248.515 13.169 -2720.670
v 3254.905 12.992 -2729.958
v 3253.257 12.951 -2731.091
v 3238.643 12.849 -2727.508
v 3238.943 12.849 -2727.508
v 3238.943 12.849 -2727.208
v 3238.643 12.849 -2727.208
v 3238.643 20.849 -2727.508
v 3238.943 20.849 -2727.508
v 3238.943 20.849 -2727.208
v 3238.643 20.849 -2727.208
v 3248.200 13.167 -2720.933
v 3248.500 13.167 -2720.933
v 3248.500 13.167 -2720.633
v 3248.200 13.167 -2720.633
v 3248.200 21.167 -2720.933
v 3248.500 21.167 -2720.933
v 3248.500 21.167 -2720.633
v 3248.200 21.167 -2720.633
v 3246.306 12.597 -2734.984
v 3253.616 12.776 -2731.733
v 3255.943 12.580 -2736.965
v 3248.633 12.380 -2740.216
v 3244.479 12.692 -2735.796
v 3246.306 12.747 -2734.984
v 3248.633 12.530 -2740.216
v 3246.806 12.475 -2741.028
v 3253.616 12.926 -2731.733
v 3255.444 12.966 -2730.920
v 3257.770 12.775 -2736.152
v 3255.943 12.730 -2736.965
v 3248.407 12.407 -2739.559
v 3256.169 12.556 -2737.622
v 3257.616 12.346 -2743.422
v 3249.854 12.169 -2745.359
v 3246.466 12.516 -2740.043
v 3248.407 12.557 -2739.559
v 3249.854 12.319 -2745.359
v 3247.914 12.271 -2745.843
v 3256.169 12.706 -2737.622
v 3258.110 12.741 -2737.138
v 3259.557 12.538 -2742.938
v 3257.616 12.496 -2743.422
v 3249.753 12.193 -2744.768
v 3257.717 12.325 -2744.013
v 3258.296 12.102 -2750.117
v 3250.332 11.937 -2750.872
v 3247.762 12.309 -2744.957
v 3249.753 12.343 -2744.768
v 3250.332 12.087 -2750.872
v 3248.341 12.045 -2751.061
v 3257.717 12.475 -2744.013
v 3259.708 12.507 -2743.824
v 3260.287 12.291 -2749.928
v 3258.296 12.252 -2750.117
v 3250.330 11.969 -2750.134
v 3258.298 12.074 -2750.855
v 3257.719 11.820 -2757.249
v 3249.751 11.682 -2756.528
v 3248.338 12.094 -2749.953
v 3250.330 12.119 -2750.134
v 3249.751 11.832 -2756.528
v 3247.760 11.798 -2756.348
v 3258.298 12.224 -2750.855
v 3260.290 12.251 -2751.035
v 3259.711 12.006 -2757.430
v 3257.719 11.970 -2757.249
v 3250.031 11.737 -2755.378
v 3257.439 11.770 -2758.399
v 3254.244 11.353 -2766.234
v 3246.836 11.303 -2763.213
v 3248.179 11.884 -2754.623
v 3250.031 11.887 -2755.378
v 3246.836 11.453 -2763.213
v 3244.984 11.446 -2762.458
v 3257.439 11.920 -2758.399
v 3259.291 11.933 -2759.154
v 3256.096 11.521 -2766.989
v 3254.244 11.503 -2766.234
v 3248.215 11.884 -2754.849
v 3248.515 11.884 -2754.849
v 3248.515 11.884 -2754.549
v 3248.215 11.884 -2754.549
v 3248.215 19.884 -2754.849
v 3248.515 19.884 -2754.849
v 3248.515 19.884 -2754.549
v 3248.215 19.884 -2754.549
v 3258.956 11.931 -2759.229
v 3259.256 11.931 -2759.229
v 3259.256 11.931 -2758.929
v 3258.956 11.931 -2758.929
v 3258.956 19.931 -2759.229
v 3259.256 19.931 -2759.229
v 3259.256 19.931 -2758.929
v 3258.956 19.931 -2758.929
v 3247.279 11.356 -2762.407
v 3253.802 11.304 -2767.040
v 3247.412 10.664 -2776.037
v 3240.889 10.722 -2771.405
v 3245.648 11.526 -2761.249
v 3247.279 11.506 -2762.407
v 3240.889 10.872 -2771.405
v 3239.259 10.893 -2770.247
v 3253.802 11.454 -2767.040
v 3255.432 11.448 -2768.198
v 3249.042 10.813 -2777.195
v 3247.412 10.814 -2776.037
v 3241.381 10.764 -2770.834
v 3246.920 10.617 -2776.607
v 3239.951 10.076 -2783.293
v 3234.413 10.248 -2777.520
v 3239.997 10.956 -2769.391
v 3241.381 10.914 -2770.834
v 3234.413 10.398 -2777.520
v 3233.028 10.440 -2776.076
v 3246.920 10.767 -2776.607
v 3248.304 10.744 -2778.051
v 3241.336 10.182 -2784.736
v 3239.951 10.226 -2783.293
v 3234.290 10.239 -2777.642
v 3240.074 10.085 -2783.170
v 3235.843 9.759 -2787.596
v 3230.060 9.913 -2782.068
v 3232.844 10.426 -2776.261
v 3234.290 10.389 -2777.642
v 3230.060 10.063 -2782.068
v 3228.614 10.100 -2780.687
v 3240.074 10.235 -2783.170
v 3241.519 10.196 -2784.552
v 3237.289 9.869 -2788.978
v 3235.843 9.909 -2787.596
v 3230.060 9.913 -2782.068
v 3235.843 9.759 -2787.596
v 3233.684 9.594 -2789.855
v 3227.901 9.748 -2784.327
v 3228.615 10.100 -2780.686
v 3230.060 10.063 -2782.068
v 3227.901 9.898 -2784.327
v 3226.455 9.935 -2782.945
v 3235.843 9.909 -2787.596
v 3237.289 9.869 -2788.978
v 3235.129 9.704 -2791.237
v 3233.684 9.744 -2789.855
v 3227.066 9.662 -2785.637
v 3234.518 9.680 -2788.546
v 3232.481 9.407 -2793.765
v 3225.029 9.352 -2790.856
v 3225.203 9.807 -2784.910
v 3227.066 9.812 -2785.637
v 3225.029 9.502 -2790.856
v 3223.166 9.498 -2790.128
v 3234.518 9.830 -2788.546
v 3236.381 9.833 -2789.273
v 3234.344 9.572 -2794.492
v 3232.481 9.557 -2793.765
v 3225.239 9.808 -2785.132
v 3225.539 9.808 -2785.132
v 3225.539 9.808 -2784.832
v 3225.239 9.808 -2784.832
v 3225.239 17.808 -2785.132
v 3225.539 17.808 -2785.132
v 3225.539 17.808 -2784.832
v 3225.239 17.808 -2784.832
v 3236.045 9.833 -2789.350
v 3236.345 9.833 -2789.350
v 3236.345 9.833 -2789.050
v 3236.045 9.833 -2789.050
v 3236.045 17.833 -2789.350
v 3236.345 17.833 -2789.350
v 3236.345 17.833 -2789.050
v 3236.045 17.833 -2789.050
v 3224.884 9.326 -2791.304
v 3232.627 9.425 -2793.316
v 3230.890 9.157 -2800.001
v 3223.147 9.063 -2797.990
v 3222.948 9.459 -2790.802
v 3224.884 9.476 -2791.304
v 3223.147 9.213 -2797.990
v 3221.211 9.188 -2797.487
v 3232.627 9.575 -2793.316
v 3234.562 9.600 -2793.819
v 3232.826 9.331 -2800.504
v 3230.890 9.307 -2800.001
v 3223.083 9.051 -2798.281
v 3230.954 9.169 -2799.709
v 3229.796 8.925 -2806.091
v 3221.925 8.813 -2804.663
v 3221.115 9.172 -2797.924
v 3223.083 9.201 -2798.281
v 3221.925 8.963 -2804.663
v 3219.957 8.934 -2804.306
v 3230.954 9.319 -2799.709
v 3232.922 9.348 -2800.066
v 3231.764 9.103 -2806.448
v 3229.796 9.075 -2806.091
v 3221.896 8.771 -2805.903
v 3229.826 8.969 -2804.850
v 3230.405 8.830 -2809.210
v 3222.474 8.636 -2810.263
v 3219.913 8.872 -2806.166
v 3221.896 8.921 -2805.903
v 3222.474 8.786 -2810.263
v 3220.492 8.738 -2810.526
v 3229.826 9.119 -2804.850
v 3231.809 9.168 -2804.587
v 3232.387 9.029 -2808.947
v 3230.405 8.980 -2809.210
v 3222.658 8.614 -2811.040
v 3230.221 8.853 -2808.433
v 3233.127 8.620 -2816.862
v 3225.563 8.386 -2819.469
v 3220.767 8.704 -2811.692
v 3222.658 8.764 -2811.040
v 3225.563 8.536 -2819.469
v 3223.673 8.478 -2820.121
v 3230.221 9.003 -2808.433
v 3232.112 9.064 -2807.781
v 3235.018 8.829 -2816.211
v 3233.127 8.770 -2816.862
v 3225.685 8.377 -2819.780
v 3233.005 8.628 -2816.552
v 3237.358 8.507 -2826.421
v 3230.038 8.356 -2829.649
v 3223.855 8.465 -2820.587
v 3225.685 8.527 -2819.780
v 3230.038 8.506 -2829.649
v 3228.208 8.469 -2830.456
v 3233.005 8.778 -2816.552
v 3234.835 8.841 -2815.745
v 3239.187 8.694 -2825.614
v 3237.358 8.657 -2826.421
v 3223.888 8.472 -2820.656
v 3224.188 8.472 -2820.656
v 3224.188 8.472 -2820.356
v 3223.888 8.472 -2820.356
v 3223.888 16.472 -2820.656
v 3224.188 16.472 -2820.656
v 3224.188 16.472 -2820.356
v 3223.888 16.472 -2820.356
v 3234.502 8.835 -2815.975
v 3234.802 8.835 -2815.975
v 3234.802 8.835 -2815.675
v 3234.502 8.835 -2815.675
v 3234.502 16.835 -2815.975
v 3234.802 16.835 -2815.975
v 3234.802 16.835 -2815.675
v 3234.502 16.835 -2815.675
v 3230.098 8.357 -2829.780
v 3237.297 8.506 -2826.291
v 3241.939 8.545 -2835.870
v 3234.740 8.398 -2839.358
v 3228.298 8.470 -2830.652
v 3230.098 8.507 -2829.780
v 3234.740 8.548 -2839.358
v 3232.940 8.512 -2840.231
v 3237.297 8.656 -2826.291
v 3239.097 8.694 -2825.419
v 3243.739 8.732 -2834.997
v 3241.939 8.695 -2835.870
v 3234.530 8.397 -2838.834
v 3242.149 8.546 -2836.394
v 3244.476 8.551 -2843.661
v 3236.857 8.404 -2846.100
v 3232.625 8.510 -2839.444
v 3234.530 8.547 -2838.834
v 3236.857 8.554 -2846.100
v 3234.952 8.518 -2846.710
v 3242.149 8.696 -2836.394
v 3244.054 8.734 -2835.784
v 3246.380 8.824 -2843.051
v 3244.476 8.701 -2843.661
v 3236.666 8.407 -2844.881
v 3244.666 8.549 -2844.881
v 3244.666 8.518 -2850.971
v 3236.666 8.378 -2850.971
v 3234.666 8.521 -2844.881
v 3236.666 8.557 -2844.881
v 3236.666 8.528 -2850.971
v 3234.666 8.493 -2850.971
v 3244.666 8.699 -2844.881
v 3246.666 8.835 -2844.881
v 3246.666 8.807 -2850.971
v 3244.666 8.668 -2850.971
v 3237.029 8.392 -2849.306
v 3244.303 8.519 -2852.637
v 3241.108 8.688 -2859.613
v 3233.835 8.453 -2856.282
v 3235.211 8.514 -2848.473
v 3237.029 8.542 -2849.306
v 3233.835 8.603 -2856.282
v 3232.016 8.544 -2855.449
v 3244.303 8.669 -2852.637
v 3246.121 8.803 -2853.470
v 3242.926 8.897 -2860.446
v 3241.108 8.838 -2859.613
v 3235.243 8.517 -2848.706
v 3235.543 8.517 -2848.706
v 3235.543 8.517 -2848.406
v 3235.243 8.517 -2848.406
v 3235.243 16.517 -2848.706
v 3235.543 16.517 -2848.706
v 3235.543 16.517 -2848.406
v 3235.243 16.517 -2848.406
v 3245.789 8.788 -2853.536
v 3246.089 8.788 -2853.536
v 3246.089 8.788 -2853.236
v 3245.789 8.788 -2853.236
v 3245.789 16.788 -2853.536
v 3246.089 16.788 -2853.536
v 3246.089 16.788 -2853.236
v 3245.789 16.788 -2853.236
v 3234.479 8.433 -2855.293
v 3240.463 8.708 -2860.602
v 3235.821 8.794 -2865.834
v 3229.837 8.518 -2860.525
v 3232.983 8.514 -2853.965
v 3234.479 8.583 -2855.293
v 3229.837 8.668 -2860.525
v 3228.341 8.600 -2859.197
v 3240.463 8.858 -2860.602
v 3241.959 8.928 -2861.929
v 3237.317 9.013 -2867.161
v 3235.821 8.944 -2865.834
v 3231.227 8.511 -2859.514
v 3234.432 8.802 -2866.844
v 3229.779 8.784 -2868.879
v 3226.574 8.493 -2861.549
v 3230.426 8.588 -2857.682
v 3231.227 8.661 -2859.514
v 3226.574 8.643 -2861.549
v 3225.772 8.571 -2859.716
v 3234.432 8.952 -2866.844
v 3235.233 9.025 -2868.677
v 3230.580 9.007 -2870.711
v 3229.779 8.934 -2868.879
v 3228.176 8.511 -2861.214
v 3228.176 8.766 -2869.214
v 3223.534 8.683 -2869.214
v 3223.534 8.429 -2861.214
v 3228.176 8.597 -2859.214
v 3228.176 8.661 -2861.214
v 3223.534 8.579 -2861.214
v 3223.534 8.515 -2859.214
v 3228.176 8.916 -2869.214
v 3228.176 8.979 -2871.214
v 3223.534 8.896 -2871.214
v 3223.534 8.833 -2869.214
v 3224.763 8.457 -2861.407
v 3222.306 8.655 -2869.021
v 3213.300 8.402 -2866.114
v 3215.757 8.206 -2858.501
v 3225.377 8.557 -2859.504
v 3224.763 8.607 -2861.407
v 3215.757 8.356 -2858.501
v 3216.371 8.307 -2856.597
v 3222.306 8.805 -2869.021
v 3221.691 8.854 -2870.924
v 3212.685 8.601 -2868.017
v 3213.300 8.552 -2866.114
v 3217.039 8.250 -2859.194
v 3212.017 8.357 -2865.421
v 3201.565 8.001 -2856.992
v 3206.586 7.853 -2850.764
v 3218.295 8.373 -2857.637
v 3217.039 8.400 -2859.194
v 3206.586 8.003 -2850.764
v 3207.842 8.030 -2849.207
v 3212.017 8.507 -2865.421
v 3210.762 8.534 -2866.978
v 3200.309 8.239 -2858.549
v 3201.565 8.151 -2856.992
v 3218.019 8.376 -2857.942
v 3218.319 8.376 -2857.942
v 3218.319 8.376 -2857.642
v 3218.019 8.376 -2857.642
v 3218.019 16.376 -2857.942
v 3218.319 16.376 -2857.942
v 3218.319 16.376 -2857.642
v 3218.019 16.376 -2857.642
v 3210.738 8.531 -2866.972
v 3211.038 8.531 -2866.972
v 3211.038 8.531 -2866.672
v 3210.738 8.531 -2866.672
v 3210.738 16.531 -2866.972
v 3211.038 16.531 -2866.972
v 3211.038 16.531 -2866.672
v 3210.738 16.531 -2866.672
v 3206.698 7.855 -2850.858
v 3201.453 8.002 -2856.898
v 3194.774 8.081 -2851.098
v 3200.019 7.921 -2845.058
v 3208.010 8.033 -2849.348
v 3206.698 8.005 -2850.858
v 3200.019 8.071 -2845.058
v 3201.330 8.034 -2843.548
v 3201.453 8.152 -2856.898
v 3200.141 8.240 -2858.408
v 3193.462 8.286 -2852.608
v 3194.774 8.231 -2851.098
v 3198.846 7.959 -2844.350
v 3195.947 8.042 -2851.806
v 3190.715 8.215 -2849.771
v 3193.614 8.122 -2842.315
v 3199.571 8.090 -2842.486
v 3198.846 8.109 -2844.350
v 3193.614 8.272 -2842.315
v 3194.339 8.251 -2840.451
v 3195.947 8.192 -2851.806
v 3195.222 8.259 -2853.670
v 3189.990 8.390 -2851.635
v 3190.715 8.365 -2849.771
v 3192.164 8.166 -2842.043
v 3192.164 8.168 -2850.043
v 3188.391 8.291 -2850.043
v 3188.391 8.280 -2842.043
v 3192.164 8.316 -2840.043
v 3192.164 8.316 -2842.043
v 3188.391 8.430 -2842.043
v 3188.391 8.428 -2840.043
v 3192.164 8.318 -2850.043
v 3192.164 8.318 -2852.043
v 3188.391 8.444 -2852.043
v 3188.391 8.441 -2850.043
v 3187.023 8.322 -2842.284
v 3189.758 8.246 -2849.802
v 3186.564 8.353 -2850.965
v 3183.828 8.423 -2843.447
v 3186.339 8.489 -2840.405
v 3187.023 8.472 -2842.284
v 3183.828 8.573 -2843.447
v 3183.144 8.588 -2841.568
v 3189.758 8.396 -2849.802
v 3190.442 8.375 -2851.682
v 3187.248 8.500 -2852.844
v 3186.564 8.503 -2850.965
v 3181.834 8.489 -2845.038
v 3188.557 8.285 -2849.374
v 3185.941 8.410 -2853.430
v 3179.218 8.588 -2849.094
v 3180.153 8.688 -2843.954
v 3181.834 8.639 -2845.038
v 3179.218 8.738 -2849.094
v 3177.537 8.788 -2848.010
v 3188.557 8.435 -2849.374
v 3190.238 8.381 -2850.458
v 3187.622 8.535 -2854.514
v 3185.941 8.560 -2853.430
v 3178.586 8.617 -2851.041
v 3186.574 8.354 -2851.483
v 3186.284 8.490 -2856.715
v 3178.296 8.739 -2856.273
v 3176.589 8.833 -2850.931
v 3178.586 8.767 -2851.041
v 3178.296 8.889 -2856.273
v 3176.299 8.951 -2856.163
v 3186.574 8.504 -2851.483
v 3188.571 8.437 -2851.593
v 3188.281 8.578 -2856.825
v 3186.284 8.640 -2856.715
v 3176.639 8.826 -2851.092
v 3176.939 8.826 -2851.092
v 3176.939 8.826 -2850.792
v 3176.639 8.826 -2850.792
v 3176.639 16.826 -2851.092
v 3176.939 16.826 -2851.092
v 3176.939 16.826 -2850.792
v 3176.639 16.826 -2850.792
v 3188.221 8.444 -2851.732
v 3188.521 8.444 -2851.732
v 3188.521 8.444 -2851.432
v 3188.221 8.444 -2851.432
v 3188.221 16.444 -2851.732
v 3188.521 16.444 -2851.732
v 3188.521 16.444 -2851.432
v 3188.221 16.444 -2851.432
v 3178.638 8.776 -2858.126
v 3185.942 8.450 -2854.862
v 3187.111 8.484 -2857.478
v 3179.807 8.808 -2860.742
v 3176.812 9.006 -2858.942
v 3178.638 8.926 -2858.126
v 3179.807 8.958 -2860.742
v 3177.981 9.037 -2861.558
v 3185.942 8.600 -2854.862
v 3187.768 8.517 -2854.046
v 3188.937 8.552 -2856.662
v 3187.111 8.634 -2857.478
v 3181.803 8.798 -2862.751
v 3185.115 8.494 -2855.469
v 3188.310 8.430 -2856.922
v 3184.998 8.738 -2864.204
v 3180.975 9.023 -2864.571
v 3181.803 8.948 -2862.751
v 3184.998 8.888 -2864.204
v 3184.170 8.964 -2866.025
v 3185.115 8.644 -2855.469
v 3185.944 8.566 -2853.648
v 3189.138 8.501 -2855.102
v 3188.310 8.580 -2856.922
v 3185.916 8.718 -2864.495
v 3187.392 8.452 -2856.632
v 3192.035 8.325 -2857.504
v 3190.558 8.599 -2865.367
v 3185.546 8.934 -2866.460
v 3185.916 8.868 -2864.495
v 3190.558 8.749 -2865.367
v 3190.188 8.816 -2867.332
v 3187.392 8.602 -2856.632
v 3187.762 8.534 -2854.666
v 3192.404 8.406 -2855.538
v 3192.035 8.475 -2857.504
v 3191.146 8.582 -2865.432
v 3191.446 8.343 -2857.438
v 3214.678 8.181 -2858.310
v 3214.378 8.427 -2866.304
v 3191.071 8.792 -2867.431
v 3191.146 8.732 -2865.432
v 3214.378 8.577 -2866.304
v 3214.303 8.639 -2868.303
v 3191.446 8.493 -2857.438
v 3191.521 8.433 -2855.439
v 3214.753 8.269 -2856.311
v 3214.678 8.331 -2858.310
v 3190.928 8.786 -2867.381
v 3191.228 8.786 -2867.381
v 3191.228 8.786 -2867.081
v 3190.928 8.786 -2867.081
v 3190.928 16.786 -2867.381
v 3191.228 16.786 -2867.381
v 3191.228 16.786 -2867.081
v 3190.928 16.786 -2867.081
v 3191.364 8.439 -2855.789
v 3191.664 8.439 -2855.789
v 3191.664 8.439 -2855.489
v 3191.364 8.439 -2855.489
v 3191.364 16.439 -2855.789
v 3191.664 16.439 -2855.789
v 3191.664 16.439 -2855.489
v 3191.364 16.439 -2855.489
v 3180.629 8.663 -2856.283
v 3186.289 8.635 -2861.937
v 3182.805 8.840 -2865.425
v 3177.145 8.867 -2859.771
v 3179.214 8.821 -2854.870
v 3180.629 8.813 -2856.283
v 3177.145 9.017 -2859.771
v 3175.730 9.026 -2858.358
v 3186.289 8.785 -2861.937
v 3187.704 8.780 -2863.350
v 3184.220 8.985 -2866.838
v 3182.805 8.990 -2865.425
v 3177.096 8.870 -2859.821
v 3182.854 8.837 -2865.375
v 3175.295 9.271 -2873.210
v 3169.538 9.304 -2867.655
v 3175.657 9.030 -2858.432
v 3177.096 9.020 -2859.821
v 3169.538 9.454 -2867.655
v 3168.098 9.464 -2866.267
v 3182.854 8.987 -2865.375
v 3184.293 8.980 -2866.764
v 3176.734 9.415 -2874.599
v 3175.295 9.421 -2873.210
v 3170.510 9.256 -2866.916
v 3174.323 9.318 -2873.949
v 3167.354 9.613 -2877.728
v 3163.541 9.557 -2870.695
v 3169.556 9.392 -2865.158
v 3170.510 9.406 -2866.916
v 3163.541 9.707 -2870.695
v 3162.588 9.695 -2868.937
v 3174.323 9.468 -2873.949
v 3175.276 9.486 -2875.707
v 3168.308 9.778 -2879.486
v 3167.354 9.763 -2877.728
v 3165.448 9.489 -2870.211
v 3165.448 9.679 -2878.211
v 3161.674 9.795 -2878.211
v 3161.674 9.611 -2870.211
v 3165.448 9.591 -2868.211
v 3165.448 9.639 -2870.211
v 3161.674 9.761 -2870.211
v 3161.674 9.715 -2868.211
v 3165.448 9.829 -2878.211
v 3165.448 9.876 -2880.211
v 3161.674 9.991 -2880.211
v 3161.674 9.945 -2878.211
v 3162.590 9.577 -2870.318
v 3160.758 9.839 -2878.105
v 3155.815 10.064 -2876.942
v 3157.647 9.800 -2869.155
v 3163.048 9.668 -2868.371
v 3162.590 9.727 -2870.318
v 3157.647 9.950 -2869.155
v 3158.105 9.883 -2867.208
v 3160.758 9.989 -2878.105
v 3160.300 10.056 -2880.052
v 3155.357 10.279 -2878.889
v 3155.815 10.214 -2876.942
v 3162.852 9.674 -2868.715
v 3163.152 9.674 -2868.715
v 3163.152 9.674 -2868.415
v 3162.852 9.674 -2868.415
v 3162.852 17.674 -2868.715
v 3163.152 17.674 -2868.715
v 3163.152 17.674 -2868.415
v 3162.852 17.674 -2868.415
v 3160.196 10.049 -2880.007
v 3160.496 10.049 -2880.007
v 3160.496 10.049 -2879.707
v 3160.196 10.049 -2879.707
v 3160.196 18.049 -2880.007
v 3160.496 18.049 -2880.007
v 3160.496 18.049 -2879.707
v 3160.196 18.049 -2879.707
v 3159.652 9.720 -2870.315
v 3153.811 10.142 -2875.782
v 3149.458 10.274 -2871.131
v 3155.299 9.851 -2865.665
v 3161.112 9.762 -2868.949
v 3159.652 9.870 -2870.315
v 3155.299 10.001 -2865.665
v 3156.759 9.892 -2864.298
v 3153.811 10.292 -2875.782
v 3152.351 10.395 -2877.149
v 3147.998 10.527 -2872.498
v 3149.458 10.424 -2871.131
v 3153.529 9.923 -2864.567
v 3151.229 10.203 -2872.229
v 3145.418 10.474 -2870.485
v 3147.718 10.205 -2862.823
v 3154.103 10.002 -2862.651
v 3153.529 10.073 -2864.567
v 3147.718 10.355 -2862.823
v 3148.293 10.286 -2860.907
v 3151.229 10.353 -2872.229
v 3150.654 10.421 -2874.145
v 3144.843 10.690 -2872.401
v 3145.418 10.624 -2870.485
v 3145.782 10.309 -2862.732
v 3147.354 10.374 -2870.576
v 3141.554 10.700 -2871.739
v 3139.982 10.646 -2863.895
v 3145.389 10.444 -2860.771
v 3145.782 10.459 -2862.732
v 3139.982 10.796 -2863.895
v 3139.589 10.784 -2861.934
v 3147.354 10.524 -2870.576
v 3147.747 10.541 -2872.537
v 3141.947 10.864 -2873.700
v 3141.554 10.850 -2871.739
v 3137.879 10.780 -2865.050
v 3143.657 10.568 -2870.583
v 3136.978 11.035 -2877.559
v 3131.200 11.246 -2872.026
v 3136.434 10.986 -2863.667
v 3137.879 10.930 -2865.050
v 3131.200 11.396 -2872.026
v 3129.755 11.451 -2870.643
v 3143.657 10.718 -2870.583
v 3145.102 10.668 -2871.966
v 3138.423 11.135 -2878.942
v 3136.978 11.185 -2877.559
v 3131.993 11.195 -2871.386
v 3136.185 11.086 -2878.199
v 3128.626 11.534 -2882.850
v 3124.434 11.653 -2876.037
v 3130.945 11.374 -2869.682
v 3131.993 11.345 -2871.386
v 3124.434 11.803 -2876.037
v 3123.386 11.834 -2874.333
v 3136.185 11.236 -2878.199
v 3137.233 11.211 -2879.903
v 3129.675 11.645 -2884.553
v 3128.626 11.684 -2882.850
v 3130.900 11.371 -2870.003
v 3131.200 11.371 -2870.003
v 3131.200 11.371 -2869.703
v 3130.900 11.371 -2869.703
v 3130.900 19.371 -2870.003
v 3131.200 19.371 -2870.003
v 3131.200 19.371 -2869.703
v 3130.900 19.371 -2869.703
v 3136.978 11.214 -2879.883
v 3137.278 11.214 -2879.883
v 3137.278 11.214 -2879.583
v 3136.978 11.214 -2879.583
v 3136.978 19.214 -2879.883
v 3137.278 19.214 -2879.883
v 3137.278 19.214 -2879.583
v 3136.978 19.214 -2879.583
v 3122.882 11.755 -2877.803
v 3130.179 11.433 -2881.083
v 3124.958 11.748 -2892.697
v 3117.661 12.030 -2889.417
v 3121.058 11.987 -2876.983
v 3122.882 11.905 -2877.803
v 3117.661 12.180 -2889.417
v 3115.837 12.246 -2888.597
v 3130.179 11.583 -2881.083
v 3132.003 11.504 -2881.903
v 3126.782 11.828 -2893.517
v 3124.958 11.898 -2892.697
v 3117.389 12.037 -2890.261
v 3125.230 11.734 -2891.852
v 3121.456 11.898 -2910.442
v 3113.616 12.081 -2908.850
v 3115.429 12.256 -2889.863
v 3117.389 12.187 -2890.261
v 3113.616 12.231 -2908.850
v 3111.656 12.279 -2908.452
v 3125.230 11.884 -2891.852
v 3127.190 11.805 -2892.250
v 3123.416 11.998 -2910.840
v 3121.456 12.048 -2910.442
v 3115.475 12.249 -2890.053
v 3115.775 12.249 -2890.053
v 3115.775 12.249 -2889.753
v 3115.475 12.249 -2889.753
v 3115.475 20.249 -2890.053
v 3115.775 20.249 -2890.053
v 3115.775 20.249 -2889.753
v 3115.475 20.249 -2889.753
v 3126.844 11.812 -2892.361
v 3127.144 11.812 -2892.361
v 3127.144 11.812 -2892.061
v 3126.844 11.812 -2892.061
v 3126.844 19.812 -2892.361
v 3127.144 19.812 -2892.361
v 3127.144 19.812 -2892.061
v 3126.844 19.812 -2892.061
v 3113.648 12.081 -2908.705
v 3121.423 11.899 -2910.587
v 3119.386 11.893 -2919.003
v 3111.611 12.041 -2917.121
v 3111.704 12.279 -2908.235
v 3113.648 12.231 -2908.705
v 3111.611 12.191 -2917.121
v 3109.667 12.232 -2916.651
v 3121.423 12.049 -2910.587
v 3123.367 12.000 -2911.058
v 3121.330 12.010 -2919.474
v 3119.386 12.043 -2919.003
v 3112.114 12.050 -2915.931
v 3118.883 11.890 -2920.194
v 3113.941 11.857 -2928.042
v 3107.171 11.989 -2923.779
v 3110.422 12.248 -2914.865
v 3112.114 12.200 -2915.931
v 3107.171 12.139 -2923.779
v 3105.479 12.180 -2922.713
v 3118.883 12.040 -2920.194
v 3120.576 12.008 -2921.260
v 3115.633 11.982 -2929.108
v 3113.941 12.007 -2928.042
v 3107.728 11.996 -2923.081
v 3113.384 11.852 -2928.739
v 3108.163 11.793 -2933.958
v 3102.507 11.937 -2928.300
v 3106.314 12.191 -2921.667
v 3107.728 12.146 -2923.081
v 3102.507 12.087 -2928.300
v 3101.093 12.132 -2926.886
v 3113.384 12.002 -2928.739
v 3114.798 11.975 -2930.154
v 3109.577 11.915 -2935.372
v 3108.163 11.943 -2933.958
v 3101.679 11.914 -2929.506
v 3108.991 11.812 -2932.752
v 3105.507 11.662 -2940.600
v 3098.195 11.725 -2937.354
v 3099.851 12.096 -2928.694
v 3101.679 12.064 -2929.506
v 3098.195 11.875 -2937.354
v 3096.367 11.897 -2936.542
v 3108.991 11.962 -2932.752
v 3110.819 11.943 -2933.564
v 3107.335 11.803 -2941.412
v 3105.507 11.812 -2940.600
v 3099.884 12.093 -2928.925
v 3100.184 12.093 -2928.925
v 3100.184 12.093 -2928.625
v 3099.884 12.093 -2928.625
v 3099.884 20.093 -2928.925
v 3100.184 20.093 -2928.925
v 3100.184 20.093 -2928.625
v 3099.884 20.093 -2928.625
v 3110.486 11.945 -2933.633
v 3110.786 11.945 -2933.633
v 3110.786 11.945 -2933.333
v 3110.486 11.945 -2933.333
v 3110.486 19.945 -2933.633
v 3110.786 19.945 -2933.633
v 3110.786 19.945 -2933.333
v 3110.486 19.945 -2933.333
v 3098.205 11.725 -2937.332
v 3105.497 11.662 -2940.622
v 3102.881 11.522 -2946.422
v 3095.589 11.555 -2943.133
v 3096.381 11.898 -2936.510
v 3098.205 11.875 -2937.332
v 3095.589 11.705 -2943.133
v 3093.765 11.720 -2942.310
v 3105.497 11.812 -2940.622
v 3107.320 11.803 -2941.444
v 3104.704 11.671 -2947.244
v 3102.881 11.672 -2946.422
v 3096.629 11.600 -2941.742
v 3101.840 11.481 -2947.812
v 3097.777 11.349 -2951.300
v 3092.566 11.472 -2945.230
v 3095.327 11.789 -2940.225
v 3096.629 11.750 -2941.742
v 3092.566 11.622 -2945.230
v 3091.263 11.661 -2943.713
v 3101.840 11.631 -2947.812
v 3103.143 11.611 -2949.330
v 3099.080 11.477 -2952.818
v 3097.777 11.499 -2951.300
v 3094.578 11.514 -2944.309
v 3095.765 11.298 -2952.221
v 3089.954 11.190 -2953.093
v 3088.767 11.445 -2945.181
v 3094.281 11.722 -2942.332
v 3094.578 11.664 -2944.309
v 3088.767 11.595 -2945.181
v 3088.470 11.662 -2943.204
v 3095.765 11.448 -2952.221
v 3096.062 11.396 -2954.199
v 3090.251 11.279 -2955.071
v 3089.954 11.340 -2953.093
v 3088.523 11.442 -2945.226
v 3090.199 11.195 -2953.048
v 3082.062 11.009 -2954.792
v 3080.385 11.309 -2946.970
v 3088.103 11.658 -2943.270
v 3088.523 11.592 -2945.226
v 3080.385 11.459 -2946.970
v 3079.966 11.537 -2945.014
v 3090.199 11.345 -2953.048
v 3090.618 11.287 -2955.004
v 3082.481 11.088 -2956.748
v 3082.062 11.159 -2954.792
v 3079.498 11.288 -2947.272
v 3082.949 11.035 -2954.490
v 3070.180 10.724 -2960.594
v 3066.730 11.039 -2953.376
v 3078.635 11.516 -2945.468
v 3079.498 11.438 -2947.272
v 3066.730 11.189 -2953.376
v 3065.867 11.268 -2951.572
v 3082.949 11.185 -2954.490
v 3083.811 11.129 -2956.294
v 3071.043 10.796 -2962.398
v 3070.180 10.874 -2960.594
v 3078.572 11.508 -2945.798
v 3078.872 11.508 -2945.798
v 3078.872 11.508 -2945.498
v 3078.572 11.508 -2945.498
v 3078.572 19.508 -2945.798
v 3078.872 19.508 -2945.798
v 3078.872 19.508 -2945.498
v 3078.572 19.508 -2945.498
v 3083.575 11.134 -2956.264
v 3083.875 11.134 -2956.264
v 3083.875 11.134 -2955.964
v 3083.575 11.134 -2955.964
v 3083.575 19.134 -2956.264
v 3083.875 19.134 -2956.264
v 3083.875 19.134 -2955.964
v 3083.575 19.134 -2955.964
v 3066.474 11.033 -2953.510
v 3070.435 10.730 -2960.460
v 3062.298 10.528 -2965.098
v 3058.337 10.834 -2958.147
v 3065.484 11.259 -2951.772
v 3066.474 11.183 -2953.510
v 3058.337 10.984 -2958.147
v 3057.347 11.062 -2956.410
v 3070.435 10.880 -2960.460
v 3071.426 10.805 -2962.198
v 3063.288 10.603 -2966.836
v 3062.298 10.678 -2965.098
v 3056.702 10.757 -2959.911
v 3063.933 10.606 -2963.334
v 3056.096 9.986 -2979.889
v 3048.865 10.065 -2976.466
v 3054.894 10.946 -2959.055
v 3056.702 10.907 -2959.911
v 3048.865 10.215 -2976.466
v 3047.058 10.235 -2975.610
v 3063.933 10.756 -2963.334
v 3065.741 10.718 -2964.190
v 3057.904 10.117 -2980.745
v 3056.096 10.136 -2979.889
v 3049.316 10.084 -2975.731
v 3055.645 9.968 -2980.624
v 3050.703 9.800 -2987.018
v 3044.373 9.915 -2982.126
v 3047.733 10.264 -2974.508
v 3049.316 10.234 -2975.731
v 3044.373 10.065 -2982.126
v 3042.791 10.095 -2980.903
v 3055.645 10.118 -2980.624
v 3057.228 10.089 -2981.847
v 3052.285 9.921 -2988.241
v 3050.703 9.950 -2987.018
v 3047.742 10.261 -2974.780
v 3048.042 10.261 -2974.780
v 3048.042 10.261 -2974.480
v 3047.742 10.261 -2974.480
v 3047.742 18.261 -2974.780
v 3048.042 18.261 -2974.780
v 3048.042 18.261 -2974.480
v 3047.742 18.261 -2974.480
v 3056.920 10.092 -2981.874
v 3057.220 10.092 -2981.874
v 3057.220 10.092 -2981.574
v 3056.920 10.092 -2981.574
v 3056.920 18.092 -2981.874
v 3057.220 18.092 -2981.874
v 3057.220 18.092 -2981.574
v 3056.920 18.092 -2981.574
v 3045.316 9.939 -2981.246
v 3049.760 9.776 -2987.898
v 3044.539 9.678 -2991.386
v 3040.095 9.842 -2984.734
v 3044.205 10.130 -2979.583
v 3045.316 10.089 -2981.246
v 3040.095 9.992 -2984.734
v 3038.984 10.034 -2983.071
v 3049.760 9.926 -2987.898
v 3050.871 9.886 -2989.561
v 3045.650 9.787 -2993.049
v 3044.539 9.828 -2991.386
v 3038.704 9.798 -2986.344
v 3045.931 9.722 -2989.776
v 3043.315 9.575 -2995.285
v 3036.088 9.739 -2991.854
v 3036.897 10.017 -2985.487
v 3038.704 9.948 -2986.344
v 3036.088 9.889 -2991.854
v 3034.281 9.984 -2990.996
v 3045.931 9.872 -2989.776
v 3047.737 9.853 -2990.634
v 3045.121 9.707 -2996.143
v 3043.315 9.725 -2995.285
v 3035.720 9.702 -2993.953
v 3043.683 9.630 -2993.186
v 3044.551 9.401 -3002.197
v 3036.588 9.439 -3002.964
v 3033.729 9.932 -2994.145
v 3035.720 9.852 -2993.953
v 3036.588 9.589 -3002.964
v 3034.597 9.678 -3003.156
v 3043.683 9.780 -2993.186
v 3045.673 9.789 -2992.994
v 3046.542 9.560 -3002.005
v 3044.551 9.551 -3002.197
v 3036.926 9.391 -3004.230
v 3044.213 9.432 -3000.931
v 3049.735 9.420 -3013.125
v 3042.447 9.424 -3016.425
v 3035.104 9.628 -3005.055
v 3036.926 9.541 -3004.230
v 3042.447 9.574 -3016.425
v 3040.625 9.575 -3017.250
v 3044.213 9.582 -3000.931
v 3046.035 9.608 -3000.106
v 3051.557 9.569 -3012.300
v 3049.735 9.570 -3013.125
v 3035.136 9.619 -3005.123
v 3035.436 9.619 -3005.123
v 3035.436 9.619 -3004.823
v 3035.136 9.619 -3004.823
v 3035.136 17.619 -3005.123
v 3035.436 17.619 -3005.123
v 3035.436 17.619 -3004.823
v 3035.136 17.619 -3004.823
v 3045.703 9.605 -3000.338
v 3046.003 9.605 -3000.338
v 3046.003 9.605 -3000.038
v 3045.703 9.605 -3000.038
v 3045.703 17.605 -3000.338
v 3046.003 17.605 -3000.338
v 3046.003 17.605 -3000.038
v 3045.703 17.605 -3000.038
v 3042.091 9.412 -3014.837
v 3050.090 9.433 -3014.713
v 3050.380 9.568 -3033.303
v 3042.381 9.545 -3033.427
v 3040.092 9.557 -3014.869
v 3042.091 9.562 -3014.837
v 3042.381 9.695 -3033.427
v 3040.381 9.689 -3033.458
v 3050.090 9.583 -3014.713
v 3052.090 9.588 -3014.682
v 3052.380 9.724 -3033.271
v 3050.380 9.718 -3033.303
v 3042.442 9.540 -3032.667
v 3050.319 9.574 -3034.063
v 3045.376 10.750 -3061.941
v 3037.499 10.702 -3060.544
v 3040.472 9.682 -3032.317
v 3042.442 9.690 -3032.667
v 3037.499 10.852 -3060.544
v 3035.530 10.926 -3060.195
v 3050.319 9.724 -3034.063
v 3052.288 9.732 -3034.412
v 3047.346 10.920 -3062.290
v 3045.376 10.900 -3061.941
v 3040.519 9.682 -3032.502
v 3040.819 9.682 -3032.502
v 3040.819 9.682 -3032.202
v 3040.519 9.682 -3032.202
v 3040.519 17.682 -3032.502
v 3040.819 17.682 -3032.502
v 3040.819 17.682 -3032.202
v 3040.519 17.682 -3032.202
v 3051.941 9.731 -3034.527
v 3052.241 9.731 -3034.527
v 3052.241 9.731 -3034.227
v 3051.941 9.731 -3034.227
v 3051.941 17.731 -3034.527
v 3052.241 17.731 -3034.527
v 3052.241 17.731 -3034.227
v 3051.941 17.731 -3034.227
v 3037.529 10.694 -3060.392
v 3045.346 10.756 -3062.093
v 3042.441 11.640 -3075.450
v 3034.624 11.645 -3073.750
v 3035.575 10.914 -3059.967
v 3037.529 10.844 -3060.392
v 3034.624 11.795 -3073.750
v 3032.669 11.842 -3073.325
v 3045.346 10.906 -3062.093
v 3047.301 10.929 -3062.518
v 3044.395 11.824 -3075.876
v 3042.441 11.790 -3075.450
v 3034.954 11.565 -3072.812
v 3042.110 11.709 -3076.389
v 3035.141 12.823 -3090.328
v 3027.986 12.787 -3086.751
v 3033.166 11.722 -3071.917
v 3034.954 11.715 -3072.812
v 3027.986 12.937 -3086.751
v 3026.197 12.933 -3085.856
v 3042.110 11.859 -3076.389
v 3043.899 11.927 -3077.283
v 3036.930 12.987 -3091.222
v 3035.141 12.973 -3090.328
v 3028.396 12.730 -3086.097
v 3034.732 12.882 -3090.981
v 3016.152 15.088 -3115.081
v 3009.817 14.829 -3110.196
v 3026.812 12.848 -3084.876
v 3028.396 12.880 -3086.097
v 3009.817 14.979 -3110.196
v 3008.233 14.922 -3108.975
v 3034.732 13.032 -3090.981
v 3036.315 13.076 -3092.203
v 3017.736 15.310 -3116.302
v 3016.152 15.238 -3115.081
v 3026.820 12.851 -3085.148
v 3027.120 12.851 -3085.148
v 3027.120 12.851 -3084.848
v 3026.820 12.851 -3084.848
v 3026.820 20.851 -3085.148
v 3027.120 20.851 -3085.148
v 3027.120 20.851 -3084.848
v 3026.820 20.851 -3084.848
v 3036.007 13.071 -3092.230
v 3036.307 13.071 -3092.230
v 3036.307 13.071 -3091.930
v 3036.007 13.071 -3091.930
v 3036.007 21.071 -3092.230
v 3036.307 21.071 -3092.230
v 3036.307 21.071 -3091.930
v 3036.007 21.071 -3091.930
v 3009.856 14.825 -3110.147
v 3016.113 15.092 -3115.130
v 2991.133 16.927 -3146.496
v 2984.875 16.609 -3141.513
v 3008.291 14.916 -3108.901
v 3009.856 14.975 -3110.147
v 2984.875 16.759 -3141.513
v 2983.311 16.690 -3140.267
v 3016.113 15.242 -3115.130
v 3017.678 15.316 -3116.376
v 2992.698 17.167 -3147.742
v 2991.133 17.077 -3146.496
v 3008.297 14.922 -3109.175
v 3008.597 14.922 -3109.175
v 3008.597 14.922 -3108.875
v 3008.297 14.922 -3108.875
v 3008.297 22.922 -3109.175
v 3008.597 22.922 -3109.175
v 3008.597 22.922 -3108.875
v 3008.297 22.922 -3108.875
v 3017.371 15.309 -3116.402
v 3017.671 15.309 -3116.402
v 3017.671 15.309 -3116.102
v 3017.371 15.309 -3116.102
v 3017.371 23.309 -3116.402
v 3017.671 23.309 -3116.402
v 3017.671 23.309 -3116.102
v 3017.371 23.309 -3116.102
v 2986.171 16.580 -3140.449
v 2989.837 16.953 -3147.560
v 2980.253 16.944 -3152.501
v 2976.587 16.628 -3145.391
v 2985.255 16.646 -3138.672
v 2986.171 16.730 -3140.449
v 2976.587 16.778 -3145.391
v 2975.670 16.708 -3143.613
v 2989.837 17.103 -3147.560
v 2990.754 17.205 -3149.338
v 2981.169 17.182 -3154.279
v 2980.253 17.094 -3152.501
v 2976.582 16.628 -3145.393
v 2980.257 16.944 -3152.499
v 2954.988 16.474 -3165.566
v 2951.313 16.312 -3158.460
v 2975.664 16.708 -3143.616
v 2976.582 16.778 -3145.393
v 2951.313 16.462 -3158.460
v 2950.394 16.426 -3156.683
v 2980.257 17.094 -3152.499
v 2981.176 17.183 -3154.276
v 2955.906 16.674 -3167.343
v 2954.988 16.624 -3165.566
v 2975.606 16.715 -3143.944
v 2975.906 16.715 -3143.944
v 2975.906 16.715 -3143.644
v 2975.606 16.715 -3143.644
v 2975.606 24.715 -3143.944
v 2975.906 24.715 -3143.944
v 2975.906 24.715 -3143.644
v 2975.606 24.715 -3143.644
v 2980.934 17.174 -3154.248
v 2981.234 17.174 -3154.248
v 2981.234 17.174 -3153.948
v 2980.934 17.174 -3153.948
v 2980.934 25.174 -3154.248
v 2981.234 25.174 -3154.248
v 2981.234 25.174 -3153.948
v 2980.934 25.174 -3153.948
v 2951.935 16.320 -3158.202
v 2954.366 16.463 -3165.824
v 2927.939 15.853 -3174.253
v 2925.507 15.816 -3166.632
v 2951.327 16.440 -3156.297
v 2951.935 16.470 -3158.202
v 2925.507 15.966 -3166.632
v 2924.900 15.960 -3164.726
v 2954.366 16.613 -3165.824
v 2954.974 16.652 -3167.729
v 2928.546 16.016 -3176.159
v 2927.939 16.003 -3174.253
v 2926.276 15.834 -3166.468
v 2927.170 15.832 -3174.417
v 2911.786 15.486 -3176.148
v 2910.891 15.583 -3168.198
v 2926.052 15.986 -3164.480
v 2926.276 15.984 -3166.468
v 2910.891 15.733 -3168.198
v 2910.668 15.758 -3166.211
v 2927.170 15.982 -3174.417
v 2927.394 15.982 -3176.405
v 2912.009 15.612 -3178.136
v 2911.786 15.636 -3176.148
v 2925.925 15.986 -3164.829
v 2926.225 15.986 -3164.829
v 2926.225 15.986 -3164.529
v 2925.925 15.986 -3164.529
v 2925.925 23.986 -3164.829
v 2926.225 23.986 -3164.829
v 2926.225 23.986 -3164.529
v 2925.925 23.986 -3164.529
v 2927.221 15.982 -3176.356
v 2927.521 15.982 -3176.356
v 2927.521 15.982 -3176.056
v 2927.221 15.982 -3176.056
v 2927.221 23.982 -3176.356
v 2927.521 23.982 -3176.356
v 2927.521 23.982 -3176.056
v 2927.221 23.982 -3176.056
v 2911.535 15.576 -3168.178
v 2911.142 15.493 -3176.168
v 2893.709 15.695 -3175.310
v 2894.103 15.801 -3167.319
v 2911.634 15.746 -3166.181
v 2911.535 15.726 -3168.178
v 2894.103 15.951 -3167.319
v 2894.201 15.977 -3165.322
v 2911.142 15.643 -3176.168
v 2911.043 15.622 -3178.166
v 2893.611 15.818 -3177.307
v 2893.709 15.845 -3175.310
v 2893.625 15.807 -3167.324
v 2894.187 15.689 -3175.305
v 2881.998 15.811 -3176.163
v 2881.435 15.944 -3168.183
v 2893.484 15.986 -3165.329
v 2893.625 15.957 -3167.324
v 2881.435 16.094 -3168.183
v 2881.295 16.128 -3166.188
v 2894.187 15.839 -3175.305
v 2894.328 15.810 -3177.300
v 2882.138 15.927 -3178.159
v 2881.998 15.961 -3176.163
v 2881.506 15.943 -3168.179
v 2881.927 15.811 -3176.168
v 2876.405 15.867 -3176.458
v 2875.985 16.006 -3168.470
v 2881.401 16.127 -3166.182
v 2881.506 16.093 -3168.179
v 2875.985 16.156 -3168.470
v 2875.880 16.191 -3166.472
v 2881.927 15.961 -3176.168
v 2882.032 15.928 -3178.165
v 2876.511 15.982 -3178.456
v 2876.405 16.017 -3176.458
v 2881.262 16.123 -3166.531
v 2881.562 16.123 -3166.531
v 2881.562 16.123 -3166.231
v 2881.262 16.123 -3166.231
v 2881.262 24.123 -3166.531
v 2881.562 24.123 -3166.531
v 2881.562 24.123 -3166.231
v 2881.262 24.123 -3166.231
v 2881.871 15.932 -3178.115
v 2882.171 15.932 -3178.115
v 2882.171 15.932 -3177.815
v 2881.871 15.932 -3177.815
v 2881.871 23.932 -3178.115
v 2882.171 23.932 -3178.115
v 2882.171 23.932 -3177.815
v 2881.871 23.932 -3177.815
v 2874.406 16.018 -3168.886
v 2877.984 15.856 -3176.042
v 2843.130 17.632 -3193.469
v 2839.552 17.722 -3186.313
v 2873.512 16.210 -3167.097
v 2874.406 16.168 -3168.886
v 2839.552 17.872 -3186.313
v 2838.658 17.935 -3184.525
v 2877.984 16.006 -3176.042
v 2878.878 15.967 -3177.831
v 2844.024 17.764 -3195.258
v 2843.130 17.782 -3193.469
v 2873.451 16.206 -3167.426
v 2873.751 16.206 -3167.426
v 2873.751 16.206 -3167.126
v 2873.451 16.206 -3167.126
v 2873.451 24.206 -3167.426
v 2873.751 24.206 -3167.426
v 2873.751 24.206 -3167.126
v 2873.451 24.206 -3167.126
v 2878.639 15.971 -3177.802
v 2878.939 15.971 -3177.802
v 2878.939 15.971 -3177.502
v 2878.639 15.971 -3177.502
v 2878.639 23.971 -3177.802
v 2878.939 23.971 -3177.802
v 2878.939 23.971 -3177.502
v 2878.639 23.971 -3177.502
v 2840.160 17.687 -3186.069
v 2842.522 17.673 -3193.713
v 2819.000 19.652 -3200.980
v 2816.638 19.708 -3193.336
v 2839.570 17.884 -3184.159
v 2840.160 17.837 -3186.069
v 2816.638 19.858 -3193.336
v 2816.048 19.872 -3191.425
v 2842.522 17.823 -3193.713
v 2843.112 17.826 -3195.624
v 2819.590 19.788 -3202.891
v 2819.000 19.802 -3200.980
v 3233.909 10.059 -2780.948
v 3231.995 9.615 -2788.716
v 3222.288 9.520 -2786.325
v 3224.202 9.956 -2778.557
v 3234.387 10.321 -2779.006
v 3233.909 10.209 -2780.948
v 3224.202 10.106 -2778.557
v 3224.680 10.215 -2776.615
v 3231.995 9.765 -2788.716
v 3231.517 9.655 -2790.658
v 3221.810 9.561 -2788.267
v 3222.288 9.670 -2786.325
v 3225.464 9.957 -2779.113
v 3221.026 9.519 -2785.769
v 3215.794 9.574 -2782.281
v 3220.231 10.009 -2775.625
v 3226.573 10.217 -2777.448
v 3225.464 10.107 -2779.113
v 3220.231 10.159 -2775.625
v 3221.341 10.269 -2773.960
v 3221.026 9.669 -2785.769
v 3219.917 9.561 -2787.433
v 3214.685 9.616 -2783.945
v 3215.794 9.724 -2782.281
v 3220.212 10.010 -2775.612
v 3215.813 9.574 -2782.294
v 3203.913 9.678 -2774.459
v 3208.312 10.108 -2767.777
v 3221.312 10.270 -2773.941
v 3220.212 10.160 -2775.612
v 3208.312 10.258 -2767.777
v 3209.412 10.366 -2766.107
v 3215.813 9.724 -2782.294
v 3214.713 9.616 -2783.964
v 3202.813 9.728 -2776.130
v 3203.913 9.828 -2774.459
v 3221.052 10.259 -2774.258
v 3221.352 10.259 -2774.258
v 3221.352 10.259 -2773.958
v 3221.052 10.259 -2773.958
v 3221.052 18.259 -2774.258
v 3221.352 18.259 -2774.258
v 3221.352 18.259 -2773.958
v 3221.052 18.259 -2773.958
v 3214.673 9.627 -2783.947
v 3214.973 9.627 -2783.947
v 3214.973 9.627 -2783.647
v 3214.673 9.627 -2783.647
v 3214.673 17.627 -2783.947
v 3214.973 17.627 -2783.947
v 3214.973 17.627 -2783.647
v 3214.673 17.627 -2783.647
v 3207.782 10.109 -2767.483
v 3204.443 9.676 -2774.753
v 3186.721 9.700 -2766.615
v 3190.060 10.023 -2759.345
v 3208.617 10.368 -2765.666
v 3207.782 10.259 -2767.483
v 3190.060 10.173 -2759.345
v 3190.895 10.255 -2757.527
v 3204.443 9.826 -2774.753
v 3203.609 9.719 -2776.571
v 3185.887 9.775 -2768.432
v 3186.721 9.850 -2766.615
v 3190.219 10.025 -2759.422
v 3186.562 9.699 -2766.537
v 3175.819 9.604 -2761.014
v 3179.477 9.864 -2753.900
v 3191.134 10.258 -2757.643
v 3190.219 10.175 -2759.422
v 3179.477 10.014 -2753.900
v 3180.392 10.085 -2752.121
v 3186.562 9.849 -2766.537
v 3185.647 9.774 -2768.316
v 3174.905 9.692 -2762.793
v 3175.819 9.754 -2761.014
v 3190.892 10.249 -2757.971
v 3191.192 10.249 -2757.971
v 3191.192 10.249 -2757.671
v 3190.892 10.249 -2757.671
v 3190.892 18.249 -2757.971
v 3191.192 18.249 -2757.971
v 3191.192 18.249 -2757.671
v 3190.892 18.249 -2757.671
v 3185.589 9.781 -2768.288
v 3185.889 9.781 -2768.288
v 3185.889 9.781 -2767.988
v 3185.589 9.781 -2767.988
v 3185.589 17.781 -2768.288
v 3185.889 17.781 -2768.288
v 3185.889 17.781 -2767.988
v 3185.589 17.781 -2767.988
v 3180.221 9.876 -2754.394
v 3175.076 9.595 -2760.520
v 3169.554 9.522 -2755.883
v 3174.699 9.794 -2749.757
v 3181.507 10.104 -2752.862
v 3180.221 10.026 -2754.394
v 3174.699 9.944 -2749.757
v 3175.986 10.020 -2748.225
v 3175.076 9.745 -2760.520
v 3173.789 9.680 -2762.051
v 3168.268 9.612 -2757.414
v 3169.554 9.672 -2755.883
v 3175.284 9.803 -2750.364
v 3168.969 9.514 -2755.275
v 3158.806 9.288 -2742.209
v 3165.121 9.606 -2737.297
v 3176.863 10.033 -2749.136
v 3175.284 9.953 -2750.364
v 3165.121 9.756 -2737.297
v 3166.699 9.843 -2736.069
v 3168.969 9.664 -2755.275
v 3167.391 9.599 -2756.503
v 3157.227 9.367 -2743.437
v 3158.806 9.438 -2742.209
v 3165.190 9.608 -2737.389
v 3158.737 9.285 -2742.117
v 3149.152 8.815 -2729.038
v 3155.605 9.158 -2724.309
v 3166.803 9.846 -2736.207
v 3165.190 9.758 -2737.389
v 3155.605 9.308 -2724.309
v 3157.218 9.400 -2723.127
v 3158.737 9.435 -2742.117
v 3157.124 9.363 -2743.299
v 3147.539 8.885 -2730.220
v 3149.152 8.965 -2729.038
v 3166.492 9.837 -2736.475
v 3166.792 9.837 -2736.475
v 3166.792 9.837 -2736.175
v 3166.492 9.837 -2736.175
v 3166.492 17.837 -2736.475
v 3166.792 17.837 -2736.475
v 3166.792 17.837 -2736.175
v 3166.492 17.837 -2736.175
v 3157.135 9.370 -2743.331
v 3157.435 9.370 -2743.331
v 3157.435 9.370 -2743.031
v 3157.135 9.370 -2743.031
v 3157.135 17.370 -2743.331
v 3157.435 17.370 -2743.331
v 3157.435 17.370 -2743.031
v 3157.135 17.370 -2743.031
v 3155.270 9.137 -2723.909
v 3149.487 8.836 -2729.437
v 3143.387 8.428 -2723.056
v 3149.170 8.730 -2717.528
v 3156.716 9.369 -2722.527
v 3155.270 9.287 -2723.909
v 3149.170 8.880 -2717.528
v 3150.615 8.962 -2716.146
v 3149.487 8.986 -2729.437
v 3148.042 8.917 -2730.819
v 3141.941 8.508 -2724.438
v 3143.387 8.578 -2723.056
v 3148.068 8.654 -2716.715
v 3144.488 8.502 -2723.869
v 3138.099 8.079 -2720.672
v 3141.679 8.209 -2713.517
v 3148.963 8.848 -2714.926
v 3148.068 8.804 -2716.715
v 3141.679 8.359 -2713.517
v 3142.574 8.397 -2711.729
v 3144.488 8.652 -2723.869
v 3143.594 8.619 -2725.658
v 3137.204 8.201 -2722.460
v 3138.099 8.229 -2720.672
v 3140.196 8.107 -2713.106
v 3139.582 8.175 -2721.083
v 3128.260 7.469 -2720.211
v 3128.875 7.344 -2712.234
v 3140.349 8.241 -2711.112
v 3140.196 8.257 -2713.106
v 3128.875 7.494 -2712.234
v 3129.028 7.463 -2710.240
v 3139.582 8.325 -2721.083
v 3139.428 8.343 -2723.077
v 3128.107 7.651 -2722.205
v 3128.260 7.619 -2720.211
v 3127.191 7.237 -2712.467
v 3129.944 7.568 -2719.978
v 3109.328 6.769 -2727.535
v 3106.574 6.423 -2720.024
v 3126.502 7.300 -2710.589
v 3127.191 7.387 -2712.467
v 3106.574 6.573 -2720.024
v 3105.886 6.483 -2718.146
v 3129.944 7.718 -2719.978
v 3130.633 7.796 -2721.856
v 3110.016 7.002 -2729.413
v 3109.328 6.919 -2727.535
v 3126.421 7.309 -2710.927
v 3126.721 7.309 -2710.927
v 3126.721 7.309 -2710.627
v 3126.421 7.309 -2710.627
v 3126.421 15.309 -2710.927
v 3126.721 15.309 -2710.927
v 3126.721 15.309 -2710.627
v 3126.421 15.309 -2710.627
v 3130.414 7.788 -2721.818
v 3130.714 7.788 -2721.818
v 3130.714 7.788 -2721.518
v 3130.414 7.788 -2721.518
v 3130.414 15.788 -2721.818
v 3130.714 15.788 -2721.818
v 3130.714 15.788 -2721.518
v 3130.414 15.788 -2721.518
v 3106.530 6.421 -2720.041
v 3109.372 6.770 -2727.519
v 3097.172 6.512 -2732.156
v 3094.329 6.097 -2724.678
v 3105.819 6.481 -2718.171
v 3106.530 6.571 -2720.041
v 3094.329 6.247 -2724.678
v 3093.619 6.148 -2722.809
v 3109.372 6.920 -2727.519
v 3110.083 7.004 -2729.388
v 3097.882 6.787 -2734.026
v 3097.172 6.662 -2732.156
v 3095.264 6.125 -2724.447
v 3096.237 6.492 -2732.387
v 3082.011 6.115 -2734.131
v 3081.037 5.647 -2726.191
v 3095.020 6.190 -2722.462
v 3095.264 6.275 -2724.447
v 3081.037 5.797 -2726.191
v 3080.794 5.700 -2724.206
v 3096.237 6.642 -2732.387
v 3096.481 6.760 -2734.373
v 3082.254 6.405 -2736.117
v 3082.011 6.265 -2734.131
v 3080.764 5.639 -2726.234
v 3082.284 6.121 -2734.088
v 3059.964 6.308 -2738.409
v 3058.444 5.757 -2730.554
v 3080.384 5.687 -2724.270
v 3080.764 5.789 -2726.234
v 3058.444 5.907 -2730.554
v 3058.064 5.814 -2728.591
v 3082.284 6.271 -2734.088
v 3082.664 6.413 -2736.052
v 3060.345 6.595 -2740.372
v 3059.964 6.458 -2738.409
v 3080.272 5.697 -2724.617
v 3080.572 5.697 -2724.617
v 3080.572 5.697 -2724.317
v 3080.272 5.697 -2724.317
v 3080.272 13.697 -2724.617
v 3080.572 13.697 -2724.617
v 3080.572 13.697 -2724.317
v 3080.272 13.697 -2724.317
v 3082.476 6.399 -2736.005
v 3082.776 6.399 -2736.005
v 3082.776 6.399 -2735.705
v 3082.476 6.399 -2735.705
v 3082.476 14.399 -2736.005
v 3082.776 14.399 -2736.005
v 3082.776 14.399 -2735.705
v 3082.476 14.399 -2735.705
v 3058.451 5.757 -2730.553
v 3059.957 6.308 -2738.410
v 3056.718 6.349 -2739.031
v 3055.212 5.796 -2731.174
v 3058.075 5.814 -2728.589
v 3058.451 5.907 -2730.553
v 3055.212 5.946 -2731.174
v 3054.835 5.838 -2729.210
v 3059.957 6.458 -2738.410
v 3060.334 6.596 -2740.374
v 3057.094 6.637 -2740.995
v 3056.718 6.499 -2739.031
v 3054.898 5.801 -2731.247
v 3057.032 6.344 -2738.958
v 3032.920 6.935 -2745.630
v 3030.786 6.474 -2737.919
v 3054.365 5.842 -2729.320
v 3054.898 5.951 -2731.247
v 3030.786 6.624 -2737.919
v 3030.253 6.512 -2735.992
v 3057.032 6.494 -2738.958
v 3057.565 6.630 -2740.885
v 3033.453 7.204 -2747.557
v 3032.920 7.085 -2745.630
v 3031.331 6.451 -2737.809
v 3032.376 6.956 -2745.740
v 3021.344 7.312 -2747.193
v 3020.299 6.865 -2739.262
v 3031.069 6.476 -2735.826
v 3031.331 6.601 -2737.809
v 3020.299 7.015 -2739.262
v 3020.038 6.905 -2737.279
v 3032.376 7.106 -2745.740
v 3032.637 7.234 -2747.723
v 3021.605 7.575 -2749.176
v 3021.344 7.462 -2747.193
v 3030.946 6.489 -2736.174
v 3031.246 6.489 -2736.174
v 3031.246 6.489 -2735.874
v 3030.946 6.489 -2735.874
v 3030.946 14.489 -2736.174
v 3031.246 14.489 -2736.174
v 3031.246 14.489 -2735.874
v 3030.946 14.489 -2735.874
v 3032.461 7.221 -2747.675
v 3032.761 7.221 -2747.675
v 3032.761 7.221 -2747.375
v 3032.461 7.221 -2747.375
v 3032.461 15.221 -2747.675
v 3032.761 15.221 -2747.675
v 3032.761 15.221 -2747.375
v 3032.461 15.221 -2747.375
v 3018.950 6.929 -2739.692
v 3022.693 7.254 -2746.763
v 3017.750 7.522 -2749.379
v 3014.008 7.213 -2742.308
v 3018.015 7.003 -2737.925
v 3018.950 7.079 -2739.692
v 3014.008 7.363 -2742.308
v 3013.072 7.292 -2740.541
v 3022.693 7.404 -2746.763
v 3023.628 7.491 -2748.531
v 3018.686 7.754 -2751.147
v 3017.750 7.672 -2749.379
v 3012.007 7.403 -2744.838
v 3019.750 7.329 -2746.849
v 3018.014 7.756 -2753.535
v 3010.271 7.798 -2751.523
v 3010.072 7.575 -2744.335
v 3012.007 7.553 -2744.838
v 3010.271 7.948 -2751.523
v 3008.335 7.962 -2751.020
v 3019.750 7.479 -2746.849
v 3021.686 7.463 -2747.352
v 3019.949 7.899 -2754.037
v 3018.014 7.906 -2753.535
v 3010.518 7.935 -2754.222
v 3017.766 7.605 -2750.836
v 3019.803 7.820 -2755.196
v 3012.555 8.134 -2758.582
v 3008.706 8.163 -2755.069
v 3010.518 8.085 -2754.222
v 3012.555 8.284 -2758.582
v 3010.743 8.357 -2759.429
v 3017.766 7.755 -2750.836
v 3019.578 7.668 -2749.989
v 3021.615 7.887 -2754.349
v 3019.803 7.970 -2755.196
v 3014.863 8.214 -2760.666
v 3017.496 7.742 -2753.112
v 3023.296 7.754 -2755.133
v 3020.663 8.265 -2762.687
v 3014.205 8.489 -2762.555
v 3014.863 8.364 -2760.666
v 3020.663 8.415 -2762.687
v 3020.004 8.549 -2764.576
v 3017.496 7.892 -2753.112
v 3018.154 7.770 -2751.223
v 3023.954 7.775 -2753.245
v 3023.296 7.904 -2755.133
v 3022.133 8.261 -2762.907
v 3021.825 7.767 -2754.913
v 3029.384 7.611 -2754.623
v 3029.691 8.145 -2762.617
v 3022.210 8.547 -2764.906
v 3022.133 8.411 -2762.907
v 3029.691 8.295 -2762.617
v 3029.768 8.442 -2764.615
v 3021.825 7.917 -2754.913
v 3021.749 7.798 -2752.915
v 3029.307 7.632 -2752.624
v 3029.384 7.761 -2754.623
v 3022.052 8.533 -2764.856
v 3022.352 8.533 -2764.856
v 3022.352 8.533 -2764.556
v 3022.052 8.533 -2764.556
v 3022.052 16.533 -2764.856
v 3022.352 16.533 -2764.856
v 3022.352 16.533 -2764.556
v 3022.052 16.533 -2764.556
v 3021.606 7.810 -2753.265
v 3021.906 7.810 -2753.265
v 3021.906 7.810 -2752.965
v 3021.606 7.810 -2752.965
v 3021.606 15.810 -2753.265
v 3021.906 15.810 -2753.265
v 3021.906 15.810 -2752.965
v 3021.606 15.810 -2752.965
v 3031.403 8.089 -2762.158
v 3027.673 7.672 -2755.081
v 3038.126 7.090 -2749.572
v 3041.856 7.593 -2756.649
v 3032.335 8.361 -2763.927
v 3031.403 8.239 -2762.158
v 3041.856 7.743 -2756.649
v 3042.788 7.869 -2758.418
v 3027.673 7.822 -2755.081
v 3026.740 7.726 -2753.312
v 3037.193 7.135 -2747.802
v 3038.126 7.240 -2749.572
v 3042.097 7.583 -2756.511
v 3037.884 7.105 -2749.710
v 3043.985 6.830 -2745.931
v 3048.197 7.313 -2752.732
v 3043.150 7.854 -2758.211
v 3042.097 7.733 -2756.511
v 3048.197 7.463 -2752.732
v 3049.250 7.582 -2754.432
v 3037.884 7.255 -2749.710
v 3036.831 7.158 -2748.009
v 3042.931 6.859 -2744.231
v 3043.985 6.980 -2745.931
v 3048.685 7.287 -2752.376
v 3043.497 6.856 -2746.287
v 3049.297 6.507 -2741.346
v 3054.485 6.938 -2747.435
v 3049.982 7.544 -2753.899
v 3048.685 7.437 -2752.376
v 3054.485 7.088 -2747.435
v 3055.782 7.195 -2748.958
v 3043.497 7.006 -2746.287
v 3042.200 6.897 -2744.764
v 3047.999 6.549 -2739.823
v 3049.297 6.657 -2741.346
v 3054.959 6.905 -2746.956
v 3048.822 6.541 -2741.825
v 3051.727 6.297 -2738.350
v 3057.865 6.662 -2743.482
v 3056.494 7.145 -2748.239
v 3054.959 7.055 -2746.956
v 3057.865 6.812 -2743.482
v 3059.399 6.902 -2744.764
v 3048.822 6.691 -2741.825
v 3047.288 6.599 -2740.542
v 3050.193 6.356 -2737.067
v 3051.727 6.447 -2738.350
v 3056.190 7.136 -2748.261
v 3056.490 7.136 -2748.261
v 3056.490 7.136 -2747.961
v 3056.190 7.136 -2747.961
v 3056.190 15.136 -2748.261
v 3056.490 15.136 -2748.261
v 3056.490 15.136 -2747.961
v 3056.190 15.136 -2747.961
v 3047.291 6.608 -2740.820
v 3047.591 6.608 -2740.820
v 3047.591 6.608 -2740.520
v 3047.291 6.608 -2740.520
v 3047.291 14.608 -2740.820
v 3047.591 14.608 -2740.820
v 3047.591 14.608 -2740.520
v 3047.291 14.608 -2740.520
v 3058.096 6.640 -2743.176
v 3051.496 6.319 -2738.655
v 3055.905 5.870 -2732.221
v 3062.504 6.194 -2736.742
v 3059.746 6.870 -2744.307
v 3058.096 6.790 -2743.176
v 3062.504 6.344 -2736.742
v 3064.154 6.424 -2737.873
v 3051.496 6.469 -2738.655
v 3049.846 6.388 -2737.524
v 3054.255 5.939 -2731.090
v 3055.905 6.020 -2732.221
v 2793.707 11.324 -2624.088
v 2800.809 11.276 -2620.406
v 2804.817 11.472 -2628.135
v 2797.715 11.484 -2631.817
v 2791.932 11.478 -2625.009
v 2793.707 11.474 -2624.088
v 2797.715 11.634 -2631.817
v 2795.939 11.629 -2632.738
v 2800.809 11.426 -2620.406
v 2802.585 11.407 -2619.485
v 2806.592 11.612 -2627.214
v 2804.817 11.622 -2628.135
v 2798.554 11.514 -2632.916
v 2803.978 11.439 -2627.036
v 2811.526 11.706 -2633.998
v 2806.101 11.784 -2639.878
v 2797.198 11.674 -2634.386
v 2798.554 11.664 -2632.916
v 2806.101 11.934 -2639.878
v 2804.745 11.940 -2641.348
v 2803.978 11.589 -2627.036
v 2805.334 11.561 -2625.566
v 2812.882 11.827 -2632.528
v 2811.526 11.856 -2633.998
v 2806.425 11.796 -2640.147
v 2811.202 11.693 -2633.730
v 2826.019 12.300 -2644.762
v 2821.241 12.388 -2651.179
v 2805.230 11.957 -2641.751
v 2806.425 11.946 -2640.147
v 2821.241 12.538 -2651.179
v 2820.047 12.555 -2652.783
v 2811.202 11.843 -2633.730
v 2812.397 11.808 -2632.126
v 2827.213 12.423 -2643.158
v 2826.019 12.450 -2644.762
v 2805.200 11.956 -2641.741
v 2805.500 11.956 -2641.741
v 2805.500 11.956 -2641.441
v 2805.200 11.956 -2641.441
v 2805.200 19.956 -2641.741
v 2805.500 19.956 -2641.741
v 2805.500 19.956 -2641.441
v 2805.200 19.956 -2641.441
v 2812.127 11.812 -2632.436
v 2812.427 11.812 -2632.436
v 2812.427 11.812 -2632.136
v 2812.127 11.812 -2632.136
v 2812.127 19.812 -2632.436
v 2812.427 19.812 -2632.436
v 2812.427 19.812 -2632.136
v 2812.127 19.812 -2632.136
v 2821.228 12.387 -2651.169
v 2826.032 12.300 -2644.771
v 2833.000 12.596 -2650.003
v 2828.197 12.724 -2656.401
v 2820.028 12.554 -2652.768
v 2821.228 12.537 -2651.169
v 2828.197 12.874 -2656.401
v 2826.996 12.894 -2658.000
v 2826.032 12.450 -2644.771
v 2827.232 12.424 -2643.172
v 2834.201 12.690 -2648.404
v 2833.000 12.746 -2650.003
v 2827.206 12.663 -2655.322
v 2833.991 12.634 -2651.083
v 2839.802 12.976 -2660.384
v 2833.017 13.103 -2664.623
v 2825.510 12.802 -2656.381
v 2827.206 12.813 -2655.322
v 2833.017 13.253 -2664.623
v 2831.321 13.275 -2665.682
v 2833.991 12.784 -2651.083
v 2835.687 12.747 -2650.023
v 2841.498 13.092 -2659.324
v 2839.802 13.126 -2660.384
v 2833.023 13.103 -2664.633
v 2839.796 12.975 -2660.374
v 2846.185 13.356 -2670.534
v 2839.413 13.375 -2674.793
v 2831.330 13.276 -2665.698
v 2833.023 13.253 -2664.633
v 2839.413 13.525 -2674.793
v 2837.720 13.530 -2675.857
v 2839.796 13.125 -2660.374
v 2841.489 13.091 -2659.309
v 2847.878 13.498 -2669.469
v 2846.185 13.506 -2670.534
v 2831.350 13.277 -2665.741
v 2831.650 13.277 -2665.741
v 2831.650 13.277 -2665.441
v 2831.350 13.277 -2665.441
v 2831.350 21.277 -2665.741
v 2831.650 21.277 -2665.741
v 2831.650 21.277 -2665.441
v 2831.350 21.277 -2665.441
v 2841.169 13.094 -2659.565
v 2841.469 13.094 -2659.565
v 2841.469 13.094 -2659.265
v 2841.169 13.094 -2659.265
v 2841.169 21.094 -2659.565
v 2841.469 21.094 -2659.565
v 2841.469 21.094 -2659.265
v 2841.169 21.094 -2659.265
v 2838.828 13.351 -2673.141
v 2846.771 13.379 -2672.185
v 2848.797 13.598 -2689.031
v 2840.854 13.575 -2689.986
v 2836.842 13.494 -2673.380
v 2838.828 13.501 -2673.141
v 2840.854 13.725 -2689.986
v 2838.868 13.719 -2690.225
v 2846.771 13.529 -2672.185
v 2848.756 13.536 -2671.947
v 2850.782 13.754 -2688.792
v 2848.797 13.748 -2689.031
v 2840.827 13.570 -2689.612
v 2848.824 13.603 -2689.405
v 2849.403 13.562 -2711.759
v 2841.405 13.558 -2711.966
v 2838.827 13.712 -2689.664
v 2840.827 13.720 -2689.612
v 2841.405 13.708 -2711.966
v 2839.406 13.708 -2712.018
v 2848.824 13.753 -2689.405
v 2850.823 13.761 -2689.353
v 2851.402 13.713 -2711.707
v 2849.403 13.712 -2711.759
v 2838.877 13.712 -2689.808
v 2839.177 13.712 -2689.808
v 2839.177 13.712 -2689.508
v 2838.877 13.712 -2689.508
v 2838.877 21.712 -2689.808
v 2839.177 21.712 -2689.808
v 2839.177 21.712 -2689.508
v 2838.877 21.712 -2689.508
v 2850.473 13.760 -2689.508
v 2850.773 13.760 -2689.508
v 2850.773 13.760 -2689.208
v 2850.473 13.760 -2689.208
v 2850.473 21.760 -2689.508
v 2850.773 21.760 -2689.508
v 2850.773 21.760 -2689.208
v 2850.473 21.760 -2689.208
v 2841.424 13.565 -2711.462
v 2849.384 13.554 -2712.264
v 2846.779 13.046 -2738.119
v 2838.819 13.152 -2737.317
v 2839.434 13.716 -2711.261
v 2841.424 13.715 -2711.462
v 2838.819 13.302 -2737.317
v 2836.829 13.327 -2737.117
v 2849.384 13.704 -2712.264
v 2851.374 13.701 -2712.464
v 2848.769 13.169 -2738.320
v 2846.779 13.196 -2738.119
v 2839.050 13.178 -2736.324
v 2846.548 13.016 -2739.113
v 2838.990 12.512 -2759.433
v 2831.492 12.747 -2756.644
v 2837.176 13.365 -2735.627
v 2839.050 13.328 -2736.324
v 2831.492 12.897 -2756.644
v 2829.617 12.942 -2755.946
v 2846.548 13.166 -2739.113
v 2848.423 13.122 -2739.810
v 2840.864 12.600 -2760.130
v 2838.990 12.662 -2759.433
v 2837.213 13.362 -2735.846
v 2837.513 13.362 -2735.846
v 2837.513 13.362 -2735.546
v 2837.213 13.362 -2735.546
v 2837.213 21.362 -2735.846
v 2837.513 21.362 -2735.846
v 2837.513 21.362 -2735.546
v 2837.213 21.362 -2735.546
v 2848.085 13.126 -2739.890
v 2848.385 13.126 -2739.890
v 2848.385 13.126 -2739.590
v 2848.085 13.126 -2739.590
v 2848.085 21.126 -2739.890
v 2848.385 21.126 -2739.890
v 2848.385 21.126 -2739.590
v 2848.085 21.126 -2739.590
v 3278.132 11.502 -2631.727
v 3270.193 11.524 -2632.716
v 3268.935 11.001 -2622.623
v 3276.874 11.023 -2621.633
v 3280.116 11.648 -2631.480
v 3278.132 11.652 -2631.727
v 3276.874 11.173 -2621.633
v 3278.858 11.180 -2621.386
v 3270.193 11.674 -2632.716
v 3268.208 11.681 -2632.964
v 3266.950 11.147 -2622.870
v 3268.935 11.151 -2622.623
v 3276.758 10.995 -2621.057
v 3269.051 11.032 -2623.199
v 3266.145 10.454 -2612.749
v 3273.853 10.458 -2610.606
v 3278.685 11.138 -2620.521
v 3276.758 11.145 -2621.057
v 3273.853 10.608 -2610.606
v 3275.780 10.612 -2610.070
v 3269.051 11.182 -2623.199
v 3267.124 11.194 -2623.735
v 3264.218 10.605 -2613.285
v 3266.145 10.604 -2612.749
v 3273.652 10.428 -2610.049
v 3266.346 10.486 -2613.306
v 3256.761 9.017 -2591.811
v 3264.068 9.023 -2588.553
v 3275.479 10.567 -2609.234
v 3273.652 10.578 -2610.049
v 3264.068 9.173 -2588.553
v 3265.894 9.179 -2587.739
v 3266.346 10.636 -2613.306
v 3264.519 10.655 -2614.121
v 3254.934 9.171 -2592.625
v 3256.761 9.167 -2591.811
v 3275.146 10.568 -2609.465
v 3275.446 10.568 -2609.465
v 3275.446 10.568 -2609.165
v 3275.146 10.568 -2609.165
v 3275.146 18.568 -2609.465
v 3275.446 18.568 -2609.465
v 3275.446 18.568 -2609.165
v 3275.146 18.568 -2609.165
v 3264.552 10.653 -2614.189
v 3264.852 10.653 -2614.189
v 3264.852 10.653 -2613.889
v 3264.552 10.653 -2613.889
v 3264.552 18.653 -2614.189
v 3264.852 18.653 -2614.189
v 3264.852 18.653 -2613.889
v 3264.552 18.653 -2613.889
v 3263.848 8.992 -2588.131
v 3256.980 9.050 -2592.233
v 3243.622 7.216 -2569.865
v 3250.490 7.235 -2565.764
v 3265.566 9.133 -2587.106
v 3263.848 9.142 -2588.131
v 3250.490 7.385 -2565.764
v 3252.207 7.400 -2564.738
v 3256.980 9.200 -2592.233
v 3255.263 9.220 -2593.258
v 3241.905 7.394 -2570.891
v 3243.622 7.366 -2569.865
v 3250.383 7.221 -2565.594
v 3243.729 7.228 -2570.035
v 3232.107 5.998 -2552.622
v 3238.761 5.853 -2548.181
v 3252.047 7.379 -2564.484
v 3250.383 7.371 -2565.594
v 3238.761 6.003 -2548.181
v 3240.425 5.984 -2547.071
v 3243.729 7.378 -2570.035
v 3242.065 7.412 -2571.145
v 3230.444 6.183 -2553.732
v 3232.107 6.148 -2552.622
v 3251.730 7.378 -2564.745
v 3252.030 7.378 -2564.745
v 3252.030 7.378 -2564.445
v 3251.730 7.378 -2564.445
v 3251.730 15.378 -2564.745
v 3252.030 15.378 -2564.745
v 3252.030 15.378 -2564.445
v 3251.730 15.378 -2564.445
v 3242.082 7.409 -2571.184
v 3242.382 7.409 -2571.184
v 3242.382 7.409 -2570.884
v 3242.082 7.409 -2570.884
v 3242.082 15.409 -2571.184
v 3242.382 15.409 -2571.184
v 3242.382 15.409 -2570.884
v 3242.082 15.409 -2570.884
v 3581.448 14.931 -2552.322
v 3589.331 15.208 -2553.687
v 3588.173 15.607 -2560.372
v 3580.290 15.342 -2559.007
v 3579.477 15.011 -2551.980
v 3581.448 15.081 -2552.322
v 3580.290 15.492 -2559.007
v 3578.320 15.425 -2558.665
v 3589.331 15.358 -2553.687
v 3591.301 15.427 -2554.028
v 3590.144 15.822 -2560.713
v 3588.173 15.757 -2560.372
v 3580.740 15.269 -2557.737
v 3587.723 15.678 -2561.642
v 3583.660 16.060 -2568.908
v 3576.677 15.659 -2565.004
v 3578.995 15.315 -2556.761
v 3580.740 15.419 -2557.737
v 3576.677 15.809 -2565.004
v 3574.932 15.711 -2564.027
v 3587.723 15.828 -2561.642
v 3589.468 15.928 -2562.618
v 3585.405 16.308 -2569.884
v 3583.660 16.210 -2568.908
v 3576.864 15.643 -2564.701
v 3583.473 16.075 -2569.210
v 3574.756 16.802 -2581.986
v 3568.148 16.383 -2577.477
v 3575.212 15.683 -2563.574
v 3576.864 15.793 -2564.701
v 3568.148 16.533 -2577.477
v 3566.496 16.443 -2576.350
v 3583.473 16.225 -2569.210
v 3585.125 16.331 -2570.337
v 3576.408 17.067 -2583.113
v 3574.756 16.952 -2581.986
v 3575.227 15.694 -2563.837
v 3575.527 15.694 -2563.837
v 3575.527 15.694 -2563.537
v 3575.227 15.694 -2563.537
v 3575.227 23.694 -2563.837
v 3575.527 23.694 -2563.837
v 3575.527 23.694 -2563.537
v 3575.227 23.694 -2563.537
v 3584.810 16.321 -2570.375
v 3585.110 16.321 -2570.375
v 3585.110 16.321 -2570.075
v 3584.810 16.321 -2570.075
v 3584.810 24.321 -2570.375
v 3585.110 24.321 -2570.375
v 3585.110 24.321 -2570.075
v 3584.810 24.321 -2570.075
v 3568.253 16.375 -2577.331
v 3574.651 16.813 -2582.132
v 3570.299 17.197 -2587.932
v 3563.900 16.741 -2583.131
v 3566.653 16.431 -2576.130
v 3568.253 16.525 -2577.331
v 3563.900 16.891 -2583.131
v 3562.301 16.782 -2581.930
v 3574.651 16.963 -2582.132
v 3576.251 17.082 -2583.333
v 3571.898 17.466 -2589.133
v 3570.299 17.347 -2587.932
v 3563.782 16.752 -2583.297
v 3570.417 17.187 -2587.766
v 3567.356 17.478 -2592.311
v 3560.721 17.035 -2587.842
v 3562.123 16.798 -2582.179
v 3563.782 16.902 -2583.297
v 3560.721 17.185 -2587.842
v 3559.062 17.079 -2586.724
v 3570.417 17.337 -2587.766
v 3572.076 17.450 -2588.883
v 3569.015 17.743 -2593.428
v 3567.356 17.628 -2592.311
v 3532.644 20.323 -2662.549
v 3540.640 20.740 -2662.801
v 3540.307 21.068 -2673.371
v 3532.311 20.628 -2673.118
v 3530.645 20.311 -2662.486
v 3532.644 20.473 -2662.549
v 3532.311 20.778 -2673.118
v 3530.312 20.610 -2673.055
v 3540.640 20.890 -2662.801
v 3542.639 20.984 -2662.864
v 3542.306 21.314 -2673.434
v 3540.307 21.218 -2673.371
v 3532.404 20.623 -2672.376
v 3540.213 21.076 -2674.113
v 3537.308 21.160 -2687.179
v 3529.498 20.603 -2685.443
v 3530.452 20.603 -2671.942
v 3532.404 20.773 -2672.376
v 3529.498 20.753 -2685.443
v 3527.546 20.583 -2685.009
v 3540.213 21.226 -2674.113
v 3542.165 21.326 -2674.547
v 3539.260 21.410 -2687.613
v 3537.308 21.310 -2687.179
v 3529.689 20.608 -2684.826
v 3537.117 21.161 -2687.796
v 3532.475 21.088 -2699.409
v 3525.047 20.420 -2696.440
v 3527.832 20.591 -2684.084
v 3529.689 20.758 -2684.826
v 3525.047 20.570 -2696.440
v 3523.190 20.403 -2695.697
v 3537.117 21.311 -2687.796
v 3538.974 21.412 -2688.538
v 3534.332 21.386 -2700.151
v 3532.475 21.238 -2699.409
v 3527.867 20.608 -2684.308
v 3528.167 20.608 -2684.308
v 3528.167 20.608 -2684.008
v 3527.867 20.608 -2684.008
v 3527.867 28.608 -2684.308
v 3528.167 28.608 -2684.308
v 3528.167 28.608 -2684.008
v 3527.867 28.608 -2684.008
v 3538.639 21.402 -2688.614
v 3538.939 21.402 -2688.614
v 3538.939 21.402 -2688.314
v 3538.639 21.402 -2688.314
v 3538.639 29.402 -2688.614
v 3538.939 29.402 -2688.614
v 3538.939 29.402 -2688.314
v 3538.639 29.402 -2688.314
v 3524.787 20.416 -2697.468
v 3532.735 21.092 -2698.381
v 3531.867 21.018 -2705.938
v 3523.919 20.385 -2705.025
v 3522.800 20.397 -2697.239
v 3524.787 20.566 -2697.468
v 3523.919 20.535 -2705.025
v 3521.932 20.376 -2704.796
v 3532.735 21.242 -2698.381
v 3534.722 21.381 -2698.609
v 3533.854 21.325 -2706.166
v 3531.867 21.168 -2705.938
v 3523.910 20.384 -2705.854
v 3531.875 21.023 -2705.109
v 3532.744 21.040 -2714.397
v 3524.778 20.445 -2715.142
v 3521.919 20.376 -2706.040
v 3523.910 20.534 -2705.854
v 3524.778 20.595 -2715.142
v 3522.787 20.447 -2715.328
v 3531.875 21.173 -2705.109
v 3533.867 21.333 -2704.923
v 3534.735 21.313 -2714.211
v 3532.744 21.190 -2714.397
v 3524.930 20.455 -2715.921
v 3532.592 21.033 -2713.618
v 3534.339 21.112 -2719.431
v 3526.678 20.572 -2721.734
v 3523.015 20.464 -2716.497
v 3524.930 20.605 -2715.921
v 3526.678 20.722 -2721.734
v 3524.763 20.587 -2722.310
v 3532.592 21.183 -2713.618
v 3534.507 21.311 -2713.042
v 3536.255 21.347 -2718.855
v 3534.339 21.262 -2719.431
v 3526.713 20.574 -2721.845
v 3534.304 21.112 -2719.320
v 3536.330 21.155 -2725.411
v 3528.739 20.697 -2727.936
v 3524.816 20.590 -2722.476
v 3526.713 20.724 -2721.845
v 3528.739 20.847 -2727.936
v 3526.842 20.719 -2728.567
v 3534.304 21.262 -2719.320
v 3536.202 21.346 -2718.689
v 3538.228 21.386 -2724.779
v 3536.330 21.305 -2725.411
v 3528.667 20.693 -2727.694
v 3536.402 21.156 -2725.652
v 3537.861 21.162 -2731.175
v 3530.126 20.726 -2733.217
v 3526.734 20.713 -2728.205
v 3528.667 20.843 -2727.694
v 3530.126 20.876 -2733.217
v 3528.192 20.746 -2733.728
v 3536.402 21.306 -2725.652
v 3538.336 21.388 -2725.141
v 3539.794 21.400 -2730.664
v 3537.861 21.312 -2731.175
v 3526.777 20.726 -2728.304
v 3527.077 20.726 -2728.304
v 3527.077 20.726 -2728.004
v 3526.777 20.726 -2728.004
v 3526.777 28.726 -2728.304
v 3527.077 28.726 -2728.304
v 3527.077 28.726 -2728.004
v 3526.777 28.726 -2728.004
v 3537.993 21.380 -2725.342
v 3538.293 21.380 -2725.342
v 3538.293 21.380 -2725.042
v 3537.993 21.380 -2725.042
v 3537.993 29.380 -2725.342
v 3538.293 29.380 -2725.342
v 3538.293 29.380 -2725.042
v 3537.993 29.380 -2725.042
v 3529.993 20.737 -2732.196
v 3537.993 21.141 -2732.196
v 3537.993 21.018 -2737.137
v 3529.993 20.642 -2737.137
v 3527.993 20.760 -2732.196
v 3529.993 20.887 -2732.196
v 3529.993 20.792 -2737.137
v 3527.993 20.675 -2737.137
v 3537.993 21.291 -2732.196
v 3539.993 21.368 -2732.196
v 3539.993 21.240 -2737.137
v 3537.993 21.168 -2737.137
v 3530.127 20.670 -2736.112
v 3537.860 20.988 -2738.162
v 3535.244 20.661 -2748.031
v 3527.511 20.349 -2745.981
v 3528.193 20.714 -2735.600
v 3530.127 20.820 -2736.112
v 3527.511 20.499 -2745.981
v 3525.577 20.411 -2745.469
v 3537.860 21.138 -2738.162
v 3539.793 21.193 -2738.674
v 3537.177 20.858 -2748.544
v 3535.244 20.811 -2748.031
v 3527.559 20.355 -2745.814
v 3535.195 20.655 -2748.199
v 3532.290 20.340 -2757.500
v 3524.654 20.081 -2755.115
v 3525.650 20.418 -2745.217
v 3527.559 20.505 -2745.814
v 3524.654 20.231 -2755.115
v 3522.745 20.161 -2754.519
v 3535.195 20.805 -2748.199
v 3537.104 20.849 -2748.795
v 3534.199 20.545 -2758.097
v 3532.290 20.490 -2757.500
v 3524.478 20.061 -2756.086
v 3532.465 20.367 -2756.529
v 3532.176 20.240 -2761.748
v 3524.188 19.978 -2761.305
v 3522.481 20.133 -2755.975
v 3524.478 20.211 -2756.086
v 3524.188 20.128 -2761.305
v 3522.191 20.061 -2761.194
v 3532.465 20.517 -2756.529
v 3534.462 20.586 -2756.640
v 3534.173 20.451 -2761.858
v 3532.176 20.390 -2761.748
v 3522.531 20.141 -2756.136
v 3522.831 20.141 -2756.136
v 3522.831 20.141 -2755.836
v 3522.531 20.141 -2755.836
v 3522.531 28.141 -2756.136
v 3522.831 28.141 -2756.136
v 3522.831 28.141 -2755.836
v 3522.531 28.141 -2755.836
v 3534.113 20.581 -2756.779
v 3534.413 20.581 -2756.779
v 3534.413 20.581 -2756.479
v 3534.113 20.581 -2756.479
v 3534.113 28.581 -2756.779
v 3534.413 28.581 -2756.779
v 3534.413 28.581 -2756.479
v 3534.113 28.581 -2756.479
v 3524.185 19.971 -2761.667
v 3532.180 20.250 -2761.385
v 3532.447 20.054 -2768.969
v 3524.452 19.844 -2769.251
v 3522.186 20.053 -2761.737
v 3524.185 20.121 -2761.667
v 3524.452 19.994 -2769.251
v 3522.453 19.943 -2769.321
v 3532.180 20.400 -2761.385
v 3534.178 20.467 -2761.315
v 3534.446 20.254 -2768.899
v 3532.447 20.204 -2768.969
v 3524.509 19.836 -2769.800
v 3532.389 20.067 -2768.420
v 3533.569 19.908 -2775.158
v 3525.689 19.734 -2776.538
v 3522.539 19.932 -2770.145
v 3524.509 19.986 -2769.800
v 3525.689 19.884 -2776.538
v 3523.719 19.845 -2776.883
v 3532.389 20.217 -2768.420
v 3534.359 20.276 -2768.075
v 3535.539 20.103 -2774.813
v 3533.569 20.058 -2775.158
v 3525.793 19.728 -2776.981
v 3533.465 19.918 -2774.715
v 3535.803 19.726 -2782.629
v 3528.131 19.591 -2784.895
v 3523.875 19.836 -2777.548
v 3525.793 19.878 -2776.981
v 3528.131 19.741 -2784.895
v 3526.213 19.715 -2785.462
v 3533.465 20.068 -2774.715
v 3535.384 20.119 -2774.148
v 3537.721 19.919 -2782.062
v 3535.803 19.876 -2782.629
v 3528.059 19.597 -2784.614
v 3535.875 19.718 -2782.910
v 3537.345 19.533 -2789.648
v 3529.528 19.449 -2791.352
v 3526.105 19.723 -2785.040
v 3528.059 19.747 -2784.614
v 3529.528 19.599 -2791.352
v 3527.574 19.592 -2791.778
v 3535.875 19.868 -2782.910
v 3537.829 19.907 -2782.484
v 3539.299 19.715 -2789.222
v 3537.345 19.683 -2789.648
v 3529.436 19.469 -2790.500
v 3537.436 19.508 -2790.500
v 3537.436 19.360 -2796.947
v 3529.436 19.358 -2796.947
v 3527.436 19.616 -2790.500
v 3529.436 19.619 -2790.500
v 3529.436 19.508 -2796.947
v 3527.436 19.517 -2796.947
v 3537.436 19.658 -2790.500
v 3539.436 19.676 -2790.500
v 3539.436 19.523 -2796.947
v 3537.436 19.510 -2796.947
v 3527.486 19.616 -2790.650
v 3527.786 19.616 -2790.650
v 3527.786 19.616 -2790.350
v 3527.486 19.616 -2790.350
v 3527.486 27.616 -2790.650
v 3527.786 27.616 -2790.650
v 3527.786 27.616 -2790.350
v 3527.486 27.616 -2790.350
v 3539.086 19.674 -2790.650
v 3539.386 19.674 -2790.650
v 3539.386 19.674 -2790.350
v 3539.086 19.674 -2790.350
v 3539.086 27.674 -2790.650
v 3539.386 27.674 -2790.650
v 3539.386 27.674 -2790.350
v 3539.086 27.674 -2790.350
v 3529.448 19.363 -2796.639
v 3537.425 19.353 -2797.256
v 3536.835 19.186 -2804.879
v 3528.858 19.246 -2804.262
v 3527.454 19.524 -2796.484
v 3529.448 19.513 -2796.639
v 3528.858 19.396 -2804.262
v 3526.864 19.420 -2804.108
v 3537.425 19.503 -2797.256
v 3539.419 19.513 -2797.410
v 3538.829 19.339 -2805.034
v 3536.835 19.336 -2804.879
v 3528.920 19.252 -2803.809
v 3536.773 19.176 -2805.333
v 3534.725 18.953 -2815.889
v 3526.871 19.127 -2814.365
v 3526.956 19.429 -2803.428
v 3528.920 19.402 -2803.809
v 3526.871 19.277 -2814.365
v 3524.908 19.322 -2813.984
v 3536.773 19.326 -2805.333
v 3538.737 19.324 -2805.714
v 3536.688 19.092 -2816.270
v 3534.725 19.103 -2815.889
v 3526.862 19.127 -2814.418
v 3534.735 18.954 -2815.836
v 3532.097 18.903 -2830.488
v 3524.223 19.134 -2829.070
v 3524.893 19.321 -2814.064
v 3526.862 19.277 -2814.418
v 3524.223 19.284 -2829.070
v 3522.255 19.340 -2828.716
v 3534.735 19.104 -2815.836
v 3536.703 19.094 -2816.190
v 3534.065 18.999 -2830.843
v 3532.097 19.053 -2830.488
v 3524.940 19.317 -2814.249
v 3525.240 19.317 -2814.249
v 3525.240 19.317 -2813.949
v 3524.940 19.317 -2813.949
v 3524.940 27.317 -2814.249
v 3525.240 27.317 -2814.249
v 3525.240 27.317 -2813.949
v 3524.940 27.317 -2813.949
v 3536.356 19.095 -2816.305
v 3536.656 19.095 -2816.305
v 3536.656 19.095 -2816.005
v 3536.356 19.095 -2816.005
v 3536.356 27.095 -2816.305
v 3536.656 27.095 -2816.305
v 3536.656 27.095 -2816.005
v 3536.356 27.095 -2816.005
v 3524.270 19.132 -2828.845
v 3532.049 18.905 -2830.713
v 3528.532 19.066 -2845.365
v 3520.753 19.333 -2843.498
v 3522.326 19.336 -2828.379
v 3524.270 19.282 -2828.845
v 3520.753 19.483 -2843.498
v 3518.808 19.548 -2843.031
v 3532.049 19.055 -2830.713
v 3533.994 19.000 -2831.180
v 3530.476 19.147 -2845.832
v 3528.532 19.216 -2845.365
v 3520.649 19.341 -2844.202
v 3528.636 19.059 -2844.661
v 3528.246 19.099 -2851.451
v 3520.259 19.401 -2850.993
v 3518.652 19.561 -2844.088
v 3520.649 19.491 -2844.202
v 3520.259 19.551 -2850.993
v 3518.262 19.627 -2850.879
v 3528.636 19.209 -2844.661
v 3530.632 19.139 -2844.775
v 3530.243 19.173 -2851.566
v 3528.246 19.249 -2851.451
v 3520.257 19.404 -2851.404
v 3528.249 19.097 -2851.041
v 3528.516 19.217 -2856.920
v 3520.524 19.525 -2857.283
v 3518.259 19.631 -2851.495
v 3520.257 19.554 -2851.404
v 3520.524 19.675 -2857.283
v 3518.526 19.752 -2857.374
v 3528.249 19.247 -2851.041
v 3530.246 19.171 -2850.950
v 3530.514 19.290 -2856.829
v 3528.516 19.367 -2856.920
v 3520.885 19.549 -2858.772
v 3528.155 19.191 -2855.432
v 3531.105 19.256 -2861.853
v 3523.835 19.604 -2865.193
v 3519.068 19.786 -2859.607
v 3520.885 19.699 -2858.772
v 3523.835 19.754 -2865.193
v 3522.018 19.840 -2866.028
v 3528.155 19.341 -2855.432
v 3529.972 19.250 -2854.597
v 3532.922 19.317 -2861.018
v 3531.105 19.406 -2861.853
v 3519.099 19.778 -2859.673
v 3519.399 19.778 -2859.673
v 3519.399 19.778 -2859.373
v 3519.099 19.778 -2859.373
v 3519.099 27.778 -2859.673
v 3519.399 27.778 -2859.673
v 3519.399 27.778 -2859.373
v 3519.099 27.778 -2859.373
v 3529.640 19.259 -2854.830
v 3529.940 19.259 -2854.830
v 3529.940 19.259 -2854.530
v 3529.640 19.259 -2854.530
v 3529.640 27.259 -2854.830
v 3529.940 27.259 -2854.830
v 3529.940 27.259 -2854.530
v 3529.640 27.259 -2854.530
v 3523.745 19.602 -2864.981
v 3531.195 19.258 -2862.065
v 3533.599 19.343 -2868.209
v 3526.149 19.678 -2871.124
v 3521.882 19.837 -2865.710
v 3523.745 19.752 -2864.981
v 3526.149 19.828 -2871.124
v 3524.287 19.910 -2871.853
v 3531.195 19.408 -2862.065
v 3533.057 19.320 -2861.336
v 3535.462 19.451 -2867.480
v 3533.599 19.493 -2868.209
v 3525.980 19.669 -2870.582
v 3533.768 19.353 -2868.751
v 3534.837 19.470 -2873.296
v 3527.049 19.753 -2875.127
v 3524.034 19.897 -2871.040
v 3525.980 19.819 -2870.582
v 3527.049 19.903 -2875.127
v 3525.102 19.979 -2875.585
v 3533.768 19.503 -2868.751
v 3535.715 19.472 -2868.293
v 3536.784 19.593 -2872.838
v 3534.837 19.620 -2873.296
v 3526.951 19.725 -2873.961
v 3534.935 19.502 -2874.461
v 3534.668 19.624 -2878.729
v 3526.684 19.847 -2878.229
v 3524.955 19.939 -2873.836
v 3526.951 19.875 -2873.961
v 3526.684 19.997 -2878.229
v 3524.687 20.058 -2878.104
v 3534.935 19.652 -2874.461
v 3536.931 19.642 -2874.586
v 3536.664 19.765 -2878.854
v 3534.668 19.774 -2878.729
v 3526.881 19.814 -2877.214
v 3534.471 19.654 -2879.744
v 3532.066 20.011 -2886.957
v 3524.477 20.110 -2884.428
v 3524.984 20.009 -2876.582
v 3526.881 19.964 -2877.214
v 3524.477 20.260 -2884.428
v 3522.579 20.290 -2883.795
v 3534.471 19.804 -2879.744
v 3536.368 19.810 -2880.376
v 3533.963 20.143 -2887.590
v 3532.066 20.161 -2886.957
v 3524.399 20.124 -2884.691
v 3532.144 19.996 -2886.695
v 3530.274 20.400 -2893.922
v 3522.529 20.486 -2891.918
v 3522.463 20.310 -2884.189
v 3524.399 20.274 -2884.691
v 3522.529 20.636 -2891.918
v 3520.592 20.662 -2891.416
v 3532.144 20.146 -2886.695
v 3534.080 20.122 -2887.196
v 3532.210 20.532 -2894.423
v 3530.274 20.550 -2893.922
v 3522.506 20.306 -2884.390
v 3522.806 20.306 -2884.390
v 3522.806 20.306 -2884.090
v 3522.506 20.306 -2884.090
v 3522.506 28.306 -2884.390
v 3522.806 28.306 -2884.390
v 3522.806 28.306 -2884.090
v 3522.506 28.306 -2884.090
v 3533.736 20.121 -2887.296
v 3534.036 20.121 -2887.296
v 3534.036 20.121 -2886.996
v 3533.736 20.121 -2886.996
v 3533.736 28.121 -2887.296
v 3534.036 28.121 -2887.296
v 3534.036 28.121 -2886.996
v 3533.736 28.121 -2886.996
v 3522.496 20.493 -2892.052
v 3530.306 20.393 -2893.787
v 3528.703 20.771 -2901.001
v 3520.893 20.828 -2899.266
v 3520.544 20.671 -2891.618
v 3522.496 20.643 -2892.052
v 3520.893 20.978 -2899.266
v 3518.941 20.996 -2898.832
v 3530.306 20.543 -2893.787
v 3532.258 20.521 -2894.221
v 3530.655 20.910 -2901.435
v 3528.703 20.921 -2901.001
v 3520.805 20.875 -2900.368
v 3528.791 20.717 -2899.899
v 3529.058 20.929 -2904.444
v 3521.072 21.059 -2904.913
v 3518.808 21.064 -2900.485
v 3520.805 21.025 -2900.368
v 3521.072 21.209 -2904.913
v 3519.076 21.240 -2905.030
v 3528.791 20.867 -2899.899
v 3530.788 20.826 -2899.781
v 3531.055 21.046 -2904.326
v 3529.058 21.079 -2904.444
v 3521.073 21.059 -2904.928
v 3529.057 20.928 -2904.429
v 3529.592 21.333 -2912.977
v 3521.607 21.413 -2913.476
v 3519.077 21.241 -2905.053
v 3521.073 21.209 -2904.928
v 3521.607 21.563 -2913.476
v 3519.611 21.582 -2913.601
v 3529.057 21.078 -2904.429
v 3531.054 21.045 -2904.304
v 3531.588 21.463 -2912.852
v 3529.592 21.483 -2912.977
v 3521.601 21.405 -2913.322
v 3529.598 21.341 -2913.131
v 3529.866 22.022 -2924.348
v 3521.868 21.986 -2924.539
v 3519.601 21.571 -2913.369
v 3521.601 21.555 -2913.322
v 3521.868 22.136 -2924.539
v 3519.868 22.127 -2924.587
v 3529.598 21.491 -2913.131
v 3531.598 21.474 -2913.084
v 3531.865 22.180 -2924.301
v 3529.866 22.172 -2924.348
v 3519.651 21.569 -2913.515
v 3519.951 21.569 -2913.515
v 3519.951 21.569 -2913.215
v 3519.651 21.569 -2913.215
v 3519.651 29.569 -2913.515
v 3519.951 29.569 -2913.515
v 3519.951 29.569 -2913.215
v 3519.651 29.569 -2913.215
v 3531.248 21.476 -2913.238
v 3531.548 21.476 -2913.238
v 3531.548 21.476 -2912.938
v 3531.248 21.476 -2912.938
v 3531.248 29.476 -2913.238
v 3531.548 29.476 -2913.238
v 3531.548 29.476 -2912.938
v 3531.248 29.476 -2912.938
v 3521.871 21.972 -2924.270
v 3529.863 22.038 -2924.617
v 3529.329 22.777 -2936.918
v 3521.336 22.601 -2936.571
v 3519.872 22.107 -2924.183
v 3521.871 22.122 -2924.270
v 3521.336 22.751 -2936.571
v 3519.338 22.708 -2936.484
v 3529.863 22.188 -2924.617
v 3531.861 22.206 -2924.704
v 3531.327 22.972 -2937.005
v 3529.329 22.927 -2936.918
v 3521.370 22.583 -2936.196
v 3529.295 22.799 -2937.292
v 3528.482 23.132 -2943.171
v 3520.557 22.864 -2942.076
v 3519.389 22.682 -2935.923
v 3521.370 22.733 -2936.196
v 3520.557 23.014 -2942.076
v 3518.576 22.951 -2941.802
v 3529.295 22.949 -2937.292
v 3531.276 23.006 -2937.566
v 3530.463 23.351 -2943.445
v 3528.482 23.282 -2943.171
v 3533.403 21.011 -2690.311
v 3533.403 20.875 -2682.311
v 3542.119 21.306 -2682.311
v 3542.119 21.441 -2690.311
v 3533.403 21.195 -2692.311
v 3533.403 21.161 -2690.311
v 3542.119 21.591 -2690.311
v 3542.119 21.625 -2692.311
v 3533.403 21.025 -2682.311
v 3533.403 20.991 -2680.311
v 3542.119 21.422 -2680.311
v 3542.119 21.456 -2682.311
v 3543.054 21.483 -2690.200
v 3541.185 21.263 -2682.422
v 3548.443 21.578 -2680.678
v 3550.312 21.798 -2688.456
v 3543.521 21.689 -2692.145
v 3543.054 21.633 -2690.200
v 3550.312 21.948 -2688.456
v 3550.779 22.003 -2690.401
v 3541.185 21.413 -2682.422
v 3540.718 21.358 -2680.477
v 3547.976 21.673 -2678.733
v 3548.443 21.728 -2680.678
v 3551.338 21.840 -2688.054
v 3547.417 21.536 -2681.080
v 3552.070 21.713 -2678.464
v 3555.991 22.016 -2685.438
v 3552.318 22.066 -2689.797
v 3551.338 21.990 -2688.054
v 3555.991 22.166 -2685.438
v 3556.971 22.242 -2687.181
v 3547.417 21.686 -2681.080
v 3546.437 21.610 -2679.337
v 3551.090 21.787 -2676.721
v 3552.070 21.863 -2678.464
v 3557.391 22.061 -2684.120
v 3550.670 21.668 -2679.782
v 3553.186 21.722 -2675.884
v 3559.907 22.114 -2680.223
v 3559.072 22.309 -2685.205
v 3557.391 22.211 -2684.120
v 3559.907 22.264 -2680.223
v 3561.587 22.362 -2681.308
v 3550.670 21.818 -2679.782
v 3548.990 21.720 -2678.697
v 3551.505 21.774 -2674.800
v 3553.186 21.872 -2675.884
v 3559.886 22.114 -2680.254
v 3553.206 21.722 -2675.853
v 3553.885 21.737 -2674.822
v 3560.566 22.129 -2679.224
v 3561.557 22.361 -2681.355
v 3559.886 22.264 -2680.254
v 3560.566 22.279 -2679.224
v 3562.236 22.376 -2680.324
v 3553.206 21.872 -2675.853
v 3551.536 21.775 -2674.752
v 3552.215 21.789 -2673.722
v 3553.885 21.887 -2674.822
v 3560.545 22.128 -2679.255
v 3553.906 21.738 -2674.791
v 3557.736 21.809 -2669.097
v 3564.374 22.214 -2673.561
v 3562.204 22.376 -2680.371
v 3560.545 22.278 -2679.255
v 3564.374 22.364 -2673.561
v 3566.034 22.461 -2674.677
v 3553.906 21.888 -2674.791
v 3552.247 21.790 -2673.675
v 3556.076 21.830 -2667.980
v 3557.736 21.959 -2669.097
v 3561.888 22.366 -2680.410
v 3562.188 22.366 -2680.410
v 3562.188 22.366 -2680.110
v 3561.888 22.366 -2680.110
v 3561.888 30.366 -2680.410
v 3562.188 30.366 -2680.410
v 3562.188 30.366 -2680.110
v 3561.888 30.366 -2680.110
v 3552.263 21.800 -2673.936
v 3552.563 21.800 -2673.936
v 3552.563 21.800 -2673.636
v 3552.263 21.800 -2673.636
v 3552.263 29.800 -2673.936
v 3552.563 29.800 -2673.936
v 3552.563 29.800 -2673.636
v 3552.263 29.800 -2673.636
v 3564.767 22.220 -2672.820
v 3557.343 21.817 -2669.838
v 3560.193 21.632 -2662.743
v 3567.616 22.115 -2665.725
v 3566.622 22.471 -2673.565
v 3564.767 22.370 -2672.820
v 3567.616 22.265 -2665.725
v 3569.472 22.387 -2666.470
v 3557.343 21.967 -2669.838
v 3555.487 21.853 -2669.092
v 3558.337 21.663 -2661.998
v 3560.193 21.782 -2662.743
v 3567.834 22.089 -2664.980
v 3559.975 21.656 -2663.488
v 3562.290 21.191 -2651.293
v 3570.150 21.600 -2652.786
v 3569.799 22.348 -2665.353
v 3567.834 22.239 -2664.980
v 3570.150 21.750 -2652.786
v 3572.115 21.853 -2653.159
v 3559.975 21.806 -2663.488
v 3558.010 21.699 -2663.115
v 3560.325 21.240 -2650.920
v 3562.290 21.341 -2651.293
v 3570.177 21.593 -2652.624
v 3562.263 21.197 -2651.455
v 3563.721 20.794 -2641.586
v 3571.635 21.170 -2642.755
v 3572.156 21.843 -2652.917
v 3570.177 21.743 -2652.624
v 3571.635 21.320 -2642.755
v 3573.614 21.415 -2643.047
v 3562.263 21.347 -2651.455
v 3560.285 21.249 -2651.162
v 3561.743 20.851 -2641.293
v 3563.721 20.944 -2641.586
v 3571.808 21.833 -2653.037
v 3572.108 21.833 -2653.037
v 3572.108 21.833 -2652.737
v 3571.808 21.833 -2652.737
v 3571.808 29.833 -2653.037
v 3572.108 29.833 -2653.037
v 3572.108 29.833 -2652.737
v 3571.808 29.833 -2652.737
v 3560.332 21.259 -2651.342
v 3560.632 21.259 -2651.342
v 3560.632 21.259 -2651.042
v 3560.332 21.259 -2651.042
v 3560.332 29.259 -2651.342
v 3560.632 29.259 -2651.342
v 3560.632 29.259 -2651.042
v 3560.332 29.259 -2651.042
v 3571.678 21.140 -2642.116
v 3563.679 20.822 -2642.225
v 3563.389 19.438 -2621.020
v 3571.389 19.684 -2620.911
v 3573.678 21.370 -2642.088
v 3571.678 21.290 -2642.116
v 3571.389 19.834 -2620.911
v 3573.388 19.895 -2620.883
v 3563.679 20.972 -2642.225
v 3561.679 20.893 -2642.252
v 3561.389 19.526 -2621.047
v 3563.389 19.588 -2621.020
v 3571.380 19.668 -2620.700
v 3563.398 19.452 -2621.231
v 3562.529 18.541 -2608.164
v 3570.512 18.709 -2607.634
v 3573.376 19.872 -2620.568
v 3571.380 19.818 -2620.700
v 3570.512 18.859 -2607.634
v 3572.507 18.900 -2607.501
v 3563.398 19.602 -2621.231
v 3561.402 19.548 -2621.363
v 3560.534 18.649 -2608.297
v 3562.529 18.691 -2608.164
v 3573.026 19.867 -2620.731
v 3573.326 19.867 -2620.731
v 3573.326 19.867 -2620.431
v 3573.026 19.867 -2620.431
v 3573.026 27.867 -2620.731
v 3573.326 27.867 -2620.731
v 3573.326 27.867 -2620.431
v 3573.026 27.867 -2620.431
v 3561.452 19.553 -2621.500
v 3561.752 19.553 -2621.500
v 3561.752 19.553 -2621.200
v 3561.452 19.553 -2621.200
v 3561.452 27.553 -2621.500
v 3561.752 27.553 -2621.500
v 3561.752 27.553 -2621.200
v 3561.452 27.553 -2621.200
v 3570.483 18.687 -2607.354
v 3562.558 18.562 -2608.444
v 3560.521 17.447 -2593.634
v 3568.446 17.516 -2592.543
v 3572.465 18.867 -2607.081
v 3570.483 18.837 -2607.354
v 3568.446 17.666 -2592.543
v 3570.428 17.681 -2592.271
v 3562.558 18.712 -2608.444
v 3560.577 18.680 -2608.717
v 3558.539 17.579 -2593.906
v 3560.521 17.597 -2593.634
v 3568.440 17.513 -2592.504
v 3560.526 17.450 -2593.673
v 3560.081 17.226 -2590.661
v 3567.995 17.277 -2589.491
v 3570.419 17.677 -2592.211
v 3568.440 17.663 -2592.504
v 3567.995 17.427 -2589.491
v 3569.974 17.439 -2589.199
v 3560.526 17.600 -2593.673
v 3558.548 17.583 -2593.966
v 3558.103 17.362 -2590.954
v 3560.081 17.376 -2590.661
v 3567.995 17.277 -2589.492
v 3560.081 17.226 -2590.661
v 3559.068 16.722 -2583.804
v 3566.982 16.747 -2582.635
v 3569.974 17.439 -2589.199
v 3567.995 17.427 -2589.492
v 3566.982 16.897 -2582.635
v 3568.961 16.902 -2582.342
v 3560.081 17.376 -2590.661
v 3558.103 17.362 -2590.953
v 3557.090 16.864 -2584.096
v 3559.068 16.872 -2583.804
v 3566.851 16.702 -2582.051
v 3559.200 16.765 -2584.387
v 3556.005 16.036 -2573.924
v 3563.656 15.966 -2571.588
v 3568.764 16.833 -2581.467
v 3566.851 16.852 -2582.051
v 3563.656 16.116 -2571.588
v 3565.569 16.096 -2571.004
v 3559.200 16.915 -2584.387
v 3557.287 16.928 -2584.972
v 3554.092 16.201 -2574.508
v 3556.005 16.186 -2573.924
v 3568.422 16.835 -2581.676
v 3568.722 16.835 -2581.676
v 3568.722 16.835 -2581.376
v 3568.422 16.835 -2581.376
v 3568.422 24.835 -2581.676
v 3568.722 24.835 -2581.676
v 3568.722 24.835 -2581.376
v 3568.422 24.835 -2581.376
v 3557.328 16.927 -2585.063
v 3557.628 16.927 -2585.063
v 3557.628 16.927 -2584.763
v 3557.328 16.927 -2584.763
v 3557.328 24.927 -2585.063
v 3557.628 24.927 -2585.063
v 3557.628 24.927 -2584.763
v 3557.328 24.927 -2584.763
v 3563.780 16.000 -2572.125
v 3555.880 16.003 -2573.386
v 3554.723 15.566 -2566.133
v 3562.623 15.541 -2564.872
v 3565.755 16.148 -2571.810
v 3563.780 16.150 -2572.125
v 3562.623 15.691 -2564.872
v 3564.598 15.683 -2564.557
v 3555.880 16.153 -2573.386
v 3553.905 16.152 -2573.701
v 3552.748 15.721 -2566.448
v 3554.723 15.716 -2566.133
v 3562.665 15.595 -2565.751
v 3554.680 15.514 -2565.254
v 3554.970 15.242 -2560.603
v 3562.954 15.309 -2561.100
v 3564.661 15.766 -2565.875
v 3562.665 15.745 -2565.751
v 3562.954 15.459 -2561.100
v 3564.950 15.476 -2561.225
v 3554.680 15.664 -2565.254
v 3552.684 15.644 -2565.130
v 3552.974 15.376 -2560.479
v 3554.970 15.392 -2560.603
v 3562.785 15.366 -2562.029
v 3555.139 15.188 -2559.675
v 3557.466 14.746 -2552.118
v 3565.112 14.902 -2554.472
v 3564.696 15.562 -2562.617
v 3562.785 15.516 -2562.029
v 3565.112 15.052 -2554.472
v 3567.023 15.094 -2555.060
v 3555.139 15.338 -2559.675
v 3553.228 15.296 -2559.087
v 3555.554 14.859 -2551.529
v 3557.466 14.896 -2552.118
v 3564.839 14.944 -2555.136
v 3557.738 14.706 -2551.453
v 3561.801 14.325 -2543.619
v 3568.903 14.462 -2547.302
v 3566.615 15.156 -2556.057
v 3564.839 15.094 -2555.136
v 3568.903 14.612 -2547.302
v 3570.678 14.658 -2548.223
v 3557.738 14.856 -2551.453
v 3555.962 14.800 -2550.533
v 3560.025 14.442 -2542.698
v 3561.801 14.475 -2543.619
v 3535.384 20.898 -2677.136
v 3537.233 20.849 -2669.353
v 3557.471 21.896 -2674.162
v 3555.622 21.940 -2681.945
v 3534.921 21.059 -2679.082
v 3535.384 21.048 -2677.136
v 3555.622 22.090 -2681.945
v 3555.159 22.101 -2683.891
v 3537.233 20.999 -2669.353
v 3537.696 20.942 -2667.407
v 3557.934 22.035 -2672.216
v 3557.471 22.046 -2674.162
v 4170.234 14.934 -2856.336
v 4177.258 14.458 -2860.166
v 4174.664 14.717 -2864.923
v 4167.641 15.187 -2861.092
v 4168.479 15.205 -2855.379
v 4170.234 15.084 -2856.336
v 4167.641 15.337 -2861.092
v 4165.885 15.457 -2860.135
v 4177.258 14.608 -2860.166
v 4179.014 14.491 -2861.124
v 4176.420 14.752 -2865.880
v 4174.664 14.867 -2864.923
v 4169.810 15.002 -2859.240
v 4172.495 14.901 -2866.776
v 4166.450 15.368 -2868.929
v 4163.765 15.479 -2861.393
v 4169.139 15.179 -2857.356
v 4169.810 15.152 -2859.240
v 4163.765 15.629 -2861.393
v 4163.094 15.658 -2859.509
v 4172.495 15.051 -2866.776
v 4173.166 15.027 -2868.660
v 4167.121 15.491 -2870.813
v 4166.450 15.518 -2868.929
v 4165.462 15.350 -2861.177
v 4164.753 15.493 -2869.145
v 4160.000 15.833 -2868.723
v 4160.709 15.699 -2860.754
v 4165.639 15.464 -2859.185
v 4165.462 15.500 -2861.177
v 4160.709 15.849 -2860.754
v 4160.886 15.816 -2858.762
v 4164.753 15.643 -2869.145
v 4164.576 15.678 -2871.137
v 4159.823 16.016 -2870.715
v 4160.000 15.983 -2868.723
v 4163.866 15.487 -2862.823
v 4156.843 16.043 -2866.653
v 4154.249 16.191 -2861.897
v 4161.272 15.629 -2858.067
v 4165.622 15.496 -2861.866
v 4163.866 15.637 -2862.823
v 4161.272 15.779 -2858.067
v 4163.028 15.637 -2857.109
v 4156.843 16.193 -2866.653
v 4155.087 16.329 -2867.611
v 4152.493 16.453 -2862.855
v 4154.249 16.341 -2861.897
v 4161.590 15.638 -2861.136
v 4153.931 16.188 -2858.827
v 4155.233 16.051 -2854.507
v 4162.893 15.494 -2856.816
v 4163.505 15.652 -2861.714
v 4161.590 15.788 -2861.136
v 4162.893 15.644 -2856.816
v 4164.808 15.506 -2857.393
v 4153.931 16.338 -2858.827
v 4152.016 16.439 -2858.250
v 4153.319 16.337 -2853.930
v 4155.233 16.201 -2854.507
v 4162.079 15.571 -2858.290
v 4156.048 15.976 -2853.034
v 4159.064 15.658 -2849.572
v 4165.095 15.305 -2854.828
v 4163.586 15.622 -2859.604
v 4162.079 15.721 -2858.290
v 4165.095 15.455 -2854.828
v 4166.603 15.356 -2856.142
v 4156.048 16.126 -2853.034
v 4154.540 16.218 -2851.720
v 4157.557 15.881 -2848.258
v 4159.064 15.808 -2849.572
v 4163.286 15.632 -2859.622
v 4163.586 15.632 -2859.622
v 4163.586 15.632 -2859.322
v 4163.286 15.632 -2859.322
v 4163.286 23.632 -2859.622
v 4163.586 23.632 -2859.622
v 4163.586 23.632 -2859.322
v 4163.286 23.632 -2859.322
v 4154.541 16.211 -2852.001
v 4154.841 16.211 -2852.001
v 4154.841 16.211 -2851.701
v 4154.541 16.211 -2851.701
v 4154.541 24.211 -2852.001
v 4154.841 24.211 -2852.001
v 4154.841 24.211 -2851.701
v 4154.541 24.211 -2851.701
v 4164.303 15.373 -2855.525
v 4159.857 15.577 -2848.875
v 4163.808 15.205 -2846.233
v 4168.255 15.041 -2852.883
v 4165.415 15.458 -2857.188
v 4164.303 15.523 -2855.525
v 4168.255 15.191 -2852.883
v 4169.367 15.127 -2854.545
v 4159.857 15.727 -2848.875
v 4158.745 15.760 -2847.212
v 4162.697 15.389 -2844.570
v 4163.808 15.355 -2846.233
v 4031.381 12.953 -2701.611
v 4037.834 12.599 -2706.339
v 4033.081 13.099 -2712.826
v 4026.628 13.478 -2708.098
v 4029.768 13.197 -2700.429
v 4031.381 13.103 -2701.611
v 4026.628 13.628 -2708.098
v 4025.015 13.739 -2706.916
v 4037.834 12.749 -2706.339
v 4039.448 12.666 -2707.522
v 4034.694 13.168 -2714.009
v 4033.081 13.249 -2712.826
v 4026.186 13.531 -2708.867
v 4033.523 13.050 -2712.057
v 4029.204 13.573 -2721.992
v 4021.867 14.063 -2718.803
v 4024.352 13.817 -2708.070
v 4026.186 13.681 -2708.867
v 4021.867 14.213 -2718.803
v 4020.033 14.339 -2718.005
v 4033.523 13.200 -2712.057
v 4035.357 13.093 -2712.854
v 4031.038 13.621 -2722.790
v 4029.204 13.723 -2721.992
v 4021.729 14.079 -2719.167
v 4029.342 13.555 -2721.628
v 4025.011 14.160 -2735.025
v 4017.399 14.611 -2732.564
v 4019.826 14.364 -2718.552
v 4021.729 14.229 -2719.167
v 4017.399 14.761 -2732.564
v 4015.496 14.879 -2731.949
v 4029.342 13.705 -2721.628
v 4031.245 13.595 -2722.243
v 4026.914 14.204 -2735.640
v 4025.011 14.310 -2735.025
v 4019.867 14.351 -2718.764
v 4020.167 14.351 -2718.764
v 4020.167 14.351 -2718.464
v 4019.867 14.351 -2718.464
v 4019.867 22.351 -2718.764
v 4020.167 22.351 -2718.764
v 4020.167 22.351 -2718.464
v 4019.867 22.351 -2718.464
v 4030.904 13.605 -2722.331
v 4031.204 13.605 -2722.331
v 4031.204 13.605 -2722.031
v 4030.904 13.605 -2722.031
v 4030.904 21.605 -2722.331
v 4031.204 21.605 -2722.331
v 4031.204 21.605 -2722.031
v 4030.904 21.605 -2722.031
v 4017.513 14.598 -2732.257
v 4024.898 14.175 -2735.332
v 4020.578 14.649 -2745.704
v 4013.193 15.005 -2742.628
v 4015.666 14.861 -2731.488
v 4017.513 14.748 -2732.257
v 4013.193 15.155 -2742.628
v 4011.347 15.252 -2741.859
v 4024.898 14.325 -2735.332
v 4026.744 14.226 -2736.101
v 4022.425 14.717 -2746.472
v 4020.578 14.799 -2745.704
v 4013.277 14.998 -2742.441
v 4020.495 14.657 -2745.890
v 4015.742 15.046 -2755.839
v 4008.523 15.329 -2752.390
v 4011.472 15.242 -2741.579
v 4013.277 15.148 -2742.441
v 4008.523 15.479 -2752.390
v 4006.719 15.558 -2751.528
v 4020.495 14.807 -2745.890
v 4022.300 14.730 -2746.752
v 4017.546 15.134 -2756.701
v 4015.742 15.196 -2755.839
v 4008.457 15.333 -2752.536
v 4015.808 15.041 -2755.693
v 4013.214 15.219 -2761.731
v 4005.864 15.472 -2758.573
v 4006.620 15.563 -2751.746
v 4008.457 15.483 -2752.536
v 4005.864 15.622 -2758.573
v 4004.026 15.693 -2757.784
v 4015.808 15.191 -2755.693
v 4017.645 15.126 -2756.483
v 4015.052 15.315 -2762.520
v 4013.214 15.369 -2761.731
v 4005.707 15.480 -2759.004
v 4013.370 15.209 -2761.301
v 4010.777 15.378 -2769.954
v 4003.113 15.578 -2767.658
v 4003.791 15.703 -2758.430
v 4005.707 15.630 -2759.004
v 4003.113 15.728 -2767.658
v 4001.198 15.784 -2767.083
v 4013.370 15.359 -2761.301
v 4015.286 15.297 -2761.875
v 4012.692 15.485 -2770.529
v 4010.777 15.528 -2769.954
v 4003.833 15.696 -2758.637
v 4004.133 15.696 -2758.637
v 4004.133 15.696 -2758.337
v 4003.833 15.696 -2758.337
v 4003.833 23.696 -2758.637
v 4004.133 23.696 -2758.637
v 4004.133 23.696 -2758.337
v 4003.833 23.696 -2758.337
v 4014.945 15.303 -2761.967
v 4015.245 15.303 -2761.967
v 4015.245 15.303 -2761.667
v 4014.945 15.303 -2761.667
v 4014.945 23.303 -2761.967
v 4015.245 23.303 -2761.967
v 4015.245 23.303 -2761.667
v 4014.945 23.303 -2761.667
v 4002.978 15.581 -2768.295
v 4010.912 15.369 -2769.317
v 4009.187 15.506 -2782.714
v 4001.252 15.593 -2781.692
v 4000.994 15.787 -2768.040
v 4002.978 15.731 -2768.295
v 4001.252 15.743 -2781.692
v 3999.269 15.767 -2781.436
v 4010.912 15.519 -2769.317
v 4012.896 15.469 -2769.572
v 4011.170 15.637 -2782.969
v 4009.187 15.656 -2782.714
v 4001.221 15.592 -2782.085
v 4009.218 15.503 -2782.321
v 4008.784 15.619 -2797.013
v 4000.787 15.577 -2796.776
v 3999.222 15.765 -2782.026
v 4001.221 15.742 -2782.085
v 4000.787 15.727 -2796.776
v 3998.788 15.717 -2796.717
v 4009.218 15.653 -2782.321
v 4011.217 15.631 -2782.380
v 4010.783 15.780 -2797.072
v 4008.784 15.769 -2797.013
v 4000.789 15.578 -2797.062
v 4008.782 15.616 -2796.727
v 4009.216 15.723 -2807.099
v 4001.223 15.605 -2807.433
v 3998.791 15.717 -2797.146
v 4000.789 15.728 -2797.062
v 4001.223 15.755 -2807.433
v 3999.225 15.725 -2807.517
v 4008.782 15.766 -2796.727
v 4010.780 15.775 -2796.644
v 4011.214 15.901 -2807.015
v 4009.216 15.873 -2807.099
v 3998.841 15.718 -2797.287
v 3999.141 15.718 -2797.287
v 3999.141 15.718 -2796.987
v 3998.841 15.718 -2796.987
v 3998.841 23.718 -2797.287
v 3999.141 23.718 -2797.287
v 3999.141 23.718 -2796.987
v 3998.841 23.718 -2796.987
v 4010.430 15.774 -2796.802
v 4010.730 15.774 -2796.802
v 4010.730 15.774 -2796.502
v 4010.430 15.774 -2796.502
v 4010.430 23.774 -2796.802
v 4010.730 23.774 -2796.802
v 4010.730 23.774 -2796.502
v 4010.430 23.774 -2796.502
v 4001.256 15.607 -2807.802
v 4009.184 15.718 -2806.731
v 4011.343 15.946 -2822.717
v 4003.415 15.728 -2823.788
v 3999.274 15.726 -2808.069
v 4001.256 15.757 -2807.802
v 4003.415 15.878 -2823.788
v 4001.433 15.822 -2824.056
v 4009.184 15.868 -2806.731
v 4011.166 15.894 -2806.463
v 4013.325 16.149 -2822.449
v 4011.343 16.096 -2822.717
v 4003.480 15.734 -2824.146
v 4011.278 15.938 -2822.359
v 4016.031 16.435 -2843.102
v 4008.234 16.168 -2844.889
v 4001.531 15.831 -2824.593
v 4003.480 15.884 -2824.146
v 4008.234 16.318 -2844.889
v 4006.284 16.250 -2845.336
v 4011.278 16.088 -2822.359
v 4013.228 16.138 -2821.912
v 4017.981 16.649 -2842.655
v 4016.031 16.585 -2843.102
v 4001.576 15.836 -2824.698
v 4001.876 15.836 -2824.698
v 4001.876 15.836 -2824.398
v 4001.576 15.836 -2824.398
v 4001.576 23.836 -2824.698
v 4001.876 23.836 -2824.698
v 4001.876 23.836 -2824.398
v 4001.576 23.836 -2824.398
v 4012.883 16.133 -2822.107
v 4013.183 16.133 -2822.107
v 4013.183 16.133 -2821.807
v 4012.883 16.133 -2821.807
v 4012.883 24.133 -2822.107
v 4013.183 24.133 -2822.107
v 4013.183 24.133 -2821.807
v 4012.883 24.133 -2821.807
v 4008.324 16.176 -2845.217
v 4015.941 16.426 -2842.774
v 4019.403 16.754 -2853.568
v 4011.786 16.490 -2856.011
v 4006.419 16.261 -2845.828
v 4008.324 16.326 -2845.217
v 4011.786 16.640 -2856.011
v 4009.881 16.576 -2856.622
v 4015.941 16.576 -2842.774
v 4017.846 16.636 -2842.163
v 4021.308 16.971 -2852.957
v 4019.403 16.904 -2853.568
v 4011.647 16.474 -2855.436
v 4019.542 16.770 -2854.143
v 4023.861 17.369 -2880.501
v 4015.966 17.125 -2881.794
v 4009.674 16.551 -2855.760
v 4011.647 16.624 -2855.436
v 4015.966 17.275 -2881.794
v 4013.993 17.215 -2882.118
v 4019.542 16.920 -2854.143
v 4021.516 16.994 -2853.819
v 4025.835 17.580 -2880.177
v 4023.861 17.519 -2880.501
v 4009.721 16.558 -2855.878
v 4010.021 16.558 -2855.878
v 4010.021 16.558 -2855.578
v 4009.721 16.558 -2855.578
v 4009.721 24.558 -2855.878
v 4010.021 24.558 -2855.878
v 4010.021 24.558 -2855.578
v 4009.721 24.558 -2855.578
v 4021.168 16.987 -2854.002
v 4021.468 16.987 -2854.002
v 4021.468 16.987 -2853.702
v 4021.168 16.987 -2853.702
v 4021.168 24.987 -2854.002
v 4021.468 24.987 -2854.002
v 4021.468 24.987 -2853.702
v 4021.168 24.987 -2853.702
v 4015.956 17.124 -2881.729
v 4023.871 17.370 -2880.566
v 4026.031 17.606 -2895.271
v 4018.116 17.448 -2896.434
v 4013.977 17.213 -2882.019
v 4015.956 17.274 -2881.729
v 4018.116 17.598 -2896.434
v 4016.137 17.560 -2896.725
v 4023.871 17.520 -2880.566
v 4025.850 17.582 -2880.276
v 4028.010 17.798 -2894.981
v 4026.031 17.756 -2895.271
v 4020.929 12.714 -2599.683
v 4014.579 12.840 -2594.817
v 4024.520 12.532 -2581.843
v 4030.870 12.444 -2586.709
v 4022.517 12.822 -2600.899
v 4020.929 12.864 -2599.683
v 4030.870 12.594 -2586.709
v 4032.458 12.564 -2587.926
v 4014.579 12.990 -2594.817
v 4012.992 13.011 -2593.601
v 4022.932 12.694 -2580.627
v 4024.520 12.682 -2581.843
v 4031.293 12.439 -2586.025
v 4024.098 12.540 -2582.528
v 4031.445 12.472 -2567.413
v 4038.640 12.449 -2570.911
v 4033.091 12.558 -2586.899
v 4031.293 12.589 -2586.025
v 4038.640 12.599 -2570.911
v 4040.438 12.588 -2571.785
v 4024.098 12.690 -2582.528
v 4022.299 12.707 -2581.653
v 4029.646 12.621 -2566.539
v 4031.445 12.622 -2567.413
v 4032.761 12.561 -2586.962
v 4033.061 12.561 -2586.962
v 4033.061 12.561 -2586.662
v 4032.761 12.561 -2586.662
v 4032.761 20.561 -2586.962
v 4033.061 20.561 -2586.962
v 4033.061 20.561 -2586.662
v 4032.761 20.561 -2586.662
v 4022.329 12.705 -2581.891
v 4022.629 12.705 -2581.891
v 4022.629 12.705 -2581.591
v 4022.329 12.705 -2581.591
v 4022.329 20.705 -2581.891
v 4022.629 20.705 -2581.891
v 4022.629 20.705 -2581.591
v 4022.329 20.705 -2581.591
v 4038.371 12.447 -2571.379
v 4031.713 12.472 -2566.945
v 4039.483 12.554 -2555.279
v 4046.141 12.561 -2559.714
v 4040.036 12.584 -2572.488
v 4038.371 12.597 -2571.379
v 4046.141 12.711 -2559.714
v 4047.806 12.706 -2560.822
v 4031.713 12.622 -2566.945
v 4030.048 12.622 -2565.836
v 4037.818 12.695 -2554.170
v 4039.483 12.704 -2555.279
v 4046.476 12.570 -2559.102
v 4039.149 12.547 -2555.891
v 4052.974 12.871 -2524.341
v 4060.302 13.024 -2527.552
v 4048.308 12.721 -2559.904
v 4046.476 12.720 -2559.102
v 4060.302 13.174 -2527.552
v 4062.134 13.209 -2528.355
v 4039.149 12.697 -2555.891
v 4037.317 12.685 -2555.088
v 4051.143 12.980 -2523.538
v 4052.974 13.021 -2524.341
v 4047.975 12.721 -2559.974
v 4048.275 12.721 -2559.974
v 4048.275 12.721 -2559.674
v 4047.975 12.721 -2559.674
v 4047.975 20.721 -2559.974
v 4048.275 20.721 -2559.974
v 4048.275 20.721 -2559.674
v 4047.975 20.721 -2559.674
v 4037.350 12.687 -2555.318
v 4037.650 12.687 -2555.318
v 4037.650 12.687 -2555.018
v 4037.350 12.687 -2555.018
v 4037.350 20.687 -2555.318
v 4037.650 20.687 -2555.318
v 4037.650 20.687 -2555.018
v 4037.350 20.687 -2555.018
v 4060.330 13.025 -2527.486
v 4052.946 12.870 -2524.407
v 4061.596 12.913 -2503.665
v 4068.979 13.145 -2506.744
v 4062.176 13.211 -2528.256
v 4060.330 13.175 -2527.486
v 4068.979 13.295 -2506.744
v 4070.825 13.353 -2507.514
v 4052.946 13.020 -2524.407
v 4051.100 12.979 -2523.637
v 4059.750 13.005 -2502.895
v 4061.596 13.063 -2503.665
v 4068.992 13.144 -2506.713
v 4061.583 12.913 -2503.696
v 4067.817 12.834 -2488.384
v 4075.226 12.935 -2491.400
v 4070.845 13.353 -2507.467
v 4068.992 13.294 -2506.713
v 4075.226 13.085 -2491.400
v 4077.079 13.088 -2492.154
v 4061.583 13.063 -2503.696
v 4059.730 13.005 -2502.942
v 4065.964 12.928 -2487.630
v 4067.817 12.984 -2488.384
v 4070.509 13.347 -2507.541
v 4070.809 13.347 -2507.541
v 4070.809 13.347 -2507.241
v 4070.509 13.347 -2507.241
v 4070.509 21.347 -2507.541
v 4070.809 21.347 -2507.541
v 4070.809 21.347 -2507.241
v 4070.509 21.347 -2507.241
v 4059.766 13.011 -2503.167
v 4060.066 13.011 -2503.167
v 4060.066 13.011 -2502.867
v 4059.766 13.011 -2502.867
v 4059.766 21.011 -2503.167
v 4060.066 21.011 -2503.167
v 4060.066 21.011 -2502.867
v 4059.766 21.011 -2502.867
v 4075.225 12.935 -2491.403
v 4067.818 12.834 -2488.381
v 4071.091 12.633 -2480.361
v 4078.498 12.711 -2483.384
v 4077.077 13.088 -2492.159
v 4075.225 13.085 -2491.403
v 4078.498 12.861 -2483.384
v 4080.349 12.882 -2484.140
v 4067.818 12.984 -2488.381
v 4065.966 12.928 -2487.625
v 4069.239 12.722 -2479.606
v 4071.091 12.783 -2480.361
v 4078.687 12.687 -2482.794
v 4070.902 12.657 -2480.951
v 4074.331 12.080 -2466.471
v 4082.115 12.098 -2468.314
v 4080.633 12.846 -2483.255
v 4078.687 12.837 -2482.794
v 4082.115 12.248 -2468.314
v 4084.061 12.253 -2468.775
v 4070.902 12.807 -2480.951
v 4068.956 12.749 -2480.490
v 4072.384 12.226 -2466.010
v 4074.331 12.230 -2466.471
v 4082.115 12.098 -2468.317
v 4074.331 12.080 -2466.469
v 4076.947 11.618 -2455.450
v 4084.731 11.641 -2457.298
v 4084.061 12.253 -2468.779
v 4082.115 12.248 -2468.317
v 4084.731 11.791 -2457.298
v 4086.677 11.793 -2457.760
v 4074.331 12.230 -2466.469
v 4072.385 12.226 -2466.007
v 4075.001 11.760 -2454.988
v 4076.947 11.768 -2455.450
v 4083.716 12.252 -2468.882
v 4084.016 12.252 -2468.882
v 4084.016 12.252 -2468.582
v 4083.716 12.252 -2468.582
v 4083.716 20.252 -2468.882
v 4084.016 20.252 -2468.882
v 4084.016 20.252 -2468.582
v 4083.716 20.252 -2468.582
v 4072.430 12.226 -2466.203
v 4072.730 12.226 -2466.203
v 4072.730 12.226 -2465.903
v 4072.430 12.226 -2465.903
v 4072.430 20.226 -2466.203
v 4072.730 20.226 -2466.203
v 4072.730 20.226 -2465.903
v 4072.430 20.226 -2465.903
v 4086.605 12.333 -2474.956
v 4090.635 12.589 -2481.866
v 4085.448 12.737 -2484.892
v 4081.417 12.484 -2477.981
v 4085.597 12.420 -2473.228
v 4086.605 12.483 -2474.956
v 4081.417 12.634 -2477.981
v 4080.410 12.571 -2476.254
v 4090.635 12.739 -2481.866
v 4091.643 12.804 -2483.594
v 4086.455 12.951 -2486.620
v 4085.448 12.887 -2484.892
v 4081.117 12.493 -2478.175
v 4085.748 12.727 -2484.698
v 4073.837 12.969 -2493.154
v 4069.206 12.833 -2486.630
v 4079.960 12.585 -2476.544
v 4081.117 12.643 -2478.175
v 4069.206 12.983 -2486.630
v 4068.048 12.896 -2484.999
v 4085.748 12.877 -2484.698
v 4086.906 12.937 -2486.329
v 4074.995 13.139 -2494.785
v 4073.837 13.119 -2493.154
v 4079.915 12.219 -2471.017
v 4076.531 11.959 -2463.768
v 4083.466 11.780 -2460.531
v 4086.850 12.044 -2467.781
v 4080.761 12.435 -2472.830
v 4079.915 12.369 -2471.017
v 4086.850 12.194 -2467.781
v 4087.696 12.261 -2469.593
v 4076.531 12.109 -2463.768
v 4075.685 12.045 -2461.956
v 4082.621 11.864 -2458.719
v 4083.466 11.930 -2460.531
v 4088.404 11.981 -2466.493
v 4081.912 11.842 -2461.819
v 4089.693 11.265 -2451.012
v 4096.185 11.468 -2455.686
v 4090.027 12.167 -2467.662
v 4088.404 12.131 -2466.493
v 4096.185 11.618 -2455.686
v 4097.809 11.665 -2456.855
v 4081.912 11.992 -2461.819
v 4080.289 11.959 -2460.650
v 4088.070 11.367 -2449.843
v 4089.693 11.415 -2451.012
v 4096.096 11.476 -2455.805
v 4089.783 11.258 -2450.892
v 4095.838 10.764 -2443.111
v 4102.152 10.978 -2448.024
v 4097.674 11.674 -2457.034
v 4096.096 11.626 -2455.805
v 4102.152 11.128 -2448.024
v 4103.730 11.183 -2449.252
v 4089.783 11.408 -2450.892
v 4088.204 11.355 -2449.664
v 4094.260 10.862 -2441.882
v 4095.838 10.914 -2443.111
v 4097.367 11.670 -2457.061
v 4097.667 11.670 -2457.061
v 4097.667 11.670 -2456.761
v 4097.367 11.670 -2456.761
v 4097.367 19.670 -2457.061
v 4097.667 19.670 -2457.061
v 4097.667 19.670 -2456.761
v 4097.367 19.670 -2456.761
v 4088.212 11.361 -2449.937
v 4088.512 11.361 -2449.937
v 4088.512 11.361 -2449.637
v 4088.212 11.361 -2449.637
v 4088.212 19.361 -2449.937
v 4088.512 19.361 -2449.937
v 4088.512 19.361 -2449.637
v 4088.212 19.361 -2449.637
v 4099.653 11.087 -2449.513
v 4098.338 10.652 -2441.622
v 4106.108 10.491 -2440.327
v 4107.423 10.937 -2448.218
v 4099.981 11.347 -2451.486
v 4099.653 11.237 -2449.513
v 4107.423 11.087 -2448.218
v 4107.751 11.199 -2450.191
v 4098.338 10.802 -2441.622
v 4098.009 10.694 -2439.649
v 4105.779 10.530 -2438.354
v 4106.108 10.641 -2440.327
v 4107.374 10.938 -2448.226
v 4106.157 10.490 -2440.319
v 4117.400 10.210 -2438.588
v 4118.617 10.631 -2446.495
v 4107.678 11.200 -2450.203
v 4107.374 11.088 -2448.226
v 4118.617 10.781 -2446.495
v 4118.921 10.885 -2448.472
v 4106.157 10.640 -2440.319
v 4105.852 10.528 -2438.342
v 4117.096 10.254 -2436.612
v 4117.400 10.360 -2438.588
v 4120.065 10.567 -2445.972
v 4115.952 10.270 -2439.111
v 4126.750 9.701 -2432.637
v 4130.863 9.976 -2439.499
v 4121.094 10.787 -2447.688
v 4120.065 10.717 -2445.972
v 4130.863 10.126 -2439.499
v 4131.892 10.191 -2441.214
v 4115.952 10.420 -2439.111
v 4114.923 10.342 -2437.396
v 4125.721 9.779 -2430.922
v 4126.750 9.851 -2432.637
v 4120.841 10.780 -2447.666
v 4121.141 10.780 -2447.666
v 4121.141 10.780 -2447.366
v 4120.841 10.780 -2447.366
v 4120.841 18.780 -2447.666
v 4121.141 18.780 -2447.666
v 4121.141 18.780 -2447.366
v 4120.841 18.780 -2447.366
v 4114.876 10.350 -2437.717
v 4115.176 10.350 -2437.717
v 4115.176 10.350 -2437.417
v 4114.876 10.350 -2437.417
v 4114.876 18.350 -2437.717
v 4115.176 18.350 -2437.717
v 4115.176 18.350 -2437.417
v 4114.876 18.350 -2437.417
v 4131.635 9.929 -2438.897
v 4125.978 9.747 -2433.239
v 4136.787 9.025 -2422.432
v 4142.444 9.209 -2428.090
v 4133.049 10.120 -2440.311
v 4131.635 10.079 -2438.897
v 4142.444 9.359 -2428.090
v 4143.858 9.400 -2429.504
v 4125.978 9.897 -2433.239
v 4124.564 9.847 -2431.825
v 4135.373 9.124 -2421.018
v 4136.787 9.175 -2422.432
v 4142.338 9.215 -2428.191
v 4136.893 9.018 -2422.331
v 4148.993 8.370 -2411.088
v 4154.439 8.568 -2416.948
v 4143.700 9.409 -2429.656
v 4142.338 9.365 -2428.191
v 4154.439 8.718 -2416.948
v 4155.800 8.768 -2418.413
v 4136.893 9.168 -2422.331
v 4135.532 9.114 -2420.865
v 4147.632 8.467 -2409.622
v 4148.993 8.520 -2411.088
v 4143.414 9.405 -2429.660
v 4143.714 9.405 -2429.660
v 4143.714 9.405 -2429.360
v 4143.414 9.405 -2429.360
v 4143.414 17.405 -2429.660
v 4143.714 17.405 -2429.660
v 4143.714 17.405 -2429.360
v 4143.414 17.405 -2429.360
v 4135.518 9.120 -2421.162
v 4135.818 9.120 -2421.162
v 4135.818 9.120 -2420.862
v 4135.518 9.120 -2420.862
v 4135.518 17.120 -2421.162
v 4135.818 17.120 -2421.162
v 4135.818 17.120 -2420.862
v 4135.518 17.120 -2420.862
v 4154.605 8.561 -2416.784
v 4148.827 8.378 -2411.252
v 4158.757 7.957 -2400.881
v 4164.535 8.180 -2406.413
v 4156.050 8.756 -2418.167
v 4154.605 8.711 -2416.784
v 4164.535 8.330 -2406.413
v 4165.980 8.377 -2407.796
v 4148.827 8.528 -2411.252
v 4147.382 8.479 -2409.869
v 4157.312 8.043 -2399.497
v 4158.757 8.107 -2400.881
v 4164.622 8.177 -2406.319
v 4158.669 7.960 -2400.975
v 4169.912 7.759 -2388.450
v 4175.866 7.958 -2393.794
v 4166.111 8.373 -2407.655
v 4164.622 8.327 -2406.319
v 4175.866 8.108 -2393.794
v 4177.354 8.151 -2395.130
v 4158.669 8.110 -2400.975
v 4157.181 8.047 -2399.639
v 4168.424 7.853 -2387.114
v 4169.912 7.909 -2388.450
v 4165.812 8.368 -2407.671
v 4166.112 8.368 -2407.671
v 4166.112 8.368 -2407.371
v 4165.812 8.368 -2407.371
v 4165.812 16.368 -2407.671
v 4166.112 16.368 -2407.671
v 4166.112 16.368 -2407.371
v 4165.812 16.368 -2407.371
v 4157.180 8.053 -2399.922
v 4157.480 8.053 -2399.922
v 4157.480 8.053 -2399.622
v 4157.180 8.053 -2399.622
v 4157.180 16.053 -2399.922
v 4157.480 16.053 -2399.922
v 4157.480 16.053 -2399.622
v 4157.180 16.053 -2399.622
v 4176.090 7.957 -2393.522
v 4169.689 7.761 -2388.723
v 4178.761 7.733 -2376.621
v 4185.162 7.951 -2381.420
v 4177.690 8.149 -2394.721
v 4176.090 8.107 -2393.522
v 4185.162 8.101 -2381.420
v 4186.762 8.149 -2382.620
v 4169.689 7.911 -2388.723
v 4168.088 7.856 -2387.523
v 4177.161 7.823 -2375.422
v 4178.761 7.883 -2376.621
v 4184.395 7.943 -2382.195
v 4179.528 7.741 -2375.846
v 4192.485 8.014 -2365.911
v 4197.353 8.203 -2372.260
v 4185.612 8.137 -2383.782
v 4184.395 8.093 -2382.195
v 4197.353 8.353 -2372.260
v 4198.570 8.396 -2373.847
v 4179.528 7.891 -2375.846
v 4178.311 7.835 -2374.259
v 4191.268 8.114 -2364.324
v 4192.485 8.164 -2365.911
v 4185.341 8.133 -2383.773
v 4185.641 8.133 -2383.773
v 4185.641 8.133 -2383.473
v 4185.341 8.133 -2383.473
v 4185.341 16.133 -2383.773
v 4185.641 16.133 -2383.773
v 4185.641 16.133 -2383.473
v 4185.341 16.133 -2383.473
v 4178.282 7.840 -2374.568
v 4178.582 7.840 -2374.568
v 4178.582 7.840 -2374.268
v 4178.282 7.840 -2374.268
v 4178.282 15.840 -2374.568
v 4178.582 15.840 -2374.568
v 4178.582 15.840 -2374.268
v 4178.282 15.840 -2374.268
v 4196.904 8.190 -2372.558
v 4192.934 8.027 -2365.613
v 4198.990 8.223 -2362.151
v 4202.960 8.382 -2369.097
v 4197.897 8.376 -2374.295
v 4196.904 8.340 -2372.558
v 4202.960 8.532 -2369.097
v 4203.952 8.564 -2370.833
v 4192.934 8.177 -2365.613
v 4191.942 8.133 -2363.876
v 4197.997 8.327 -2360.415
v 4198.990 8.373 -2362.151
v 4204.724 8.444 -2367.018
v 4197.225 8.169 -2364.231
v 4202.847 8.314 -2349.104
v 4210.346 8.621 -2351.890
v 4206.599 8.658 -2367.714
v 4204.724 8.594 -2367.018
v 4210.346 8.771 -2351.890
v 4212.221 8.846 -2352.587
v 4197.225 8.319 -2364.231
v 4195.351 8.246 -2363.534
v 4200.972 8.385 -2348.407
v 4202.847 8.464 -2349.104
v 4210.583 8.628 -2350.828
v 4202.610 8.309 -2350.166
v 4203.902 8.301 -2334.616
v 4211.874 8.650 -2335.278
v 4212.576 8.857 -2350.994
v 4210.583 8.778 -2350.828
v 4211.874 8.800 -2335.278
v 4213.867 8.887 -2335.444
v 4202.610 8.459 -2350.166
v 4200.617 8.378 -2350.000
v 4201.908 8.363 -2334.451
v 4203.902 8.451 -2334.616
v 4212.227 8.849 -2351.127
v 4212.527 8.849 -2351.127
v 4212.527 8.849 -2350.827
v 4212.227 8.849 -2350.827
v 4212.227 16.849 -2351.127
v 4212.527 16.849 -2351.127
v 4212.527 16.849 -2350.827
v 4212.227 16.849 -2350.827
v 4200.666 8.386 -2350.167
v 4200.966 8.386 -2350.167
v 4200.966 8.386 -2349.867
v 4200.666 8.386 -2349.867
v 4200.666 16.386 -2350.167
v 4200.966 16.386 -2350.167
v 4200.966 16.386 -2349.867
v 4200.666 16.386 -2349.867
v 4211.565 8.639 -2336.521
v 4204.211 8.304 -2333.373
v 4208.096 8.385 -2324.297
v 4215.450 8.724 -2327.445
v 4213.404 8.870 -2337.308
v 4211.565 8.789 -2336.521
v 4215.450 8.874 -2327.445
v 4217.289 8.961 -2328.232
v 4204.211 8.454 -2333.373
v 4202.372 8.367 -2332.586
v 4206.257 8.451 -2323.510
v 4208.096 8.535 -2324.297
v 4214.106 8.686 -2329.120
v 4209.440 8.424 -2322.622
v 4223.277 8.869 -2312.687
v 4227.943 9.139 -2319.185
v 4215.272 8.903 -2330.745
v 4214.106 8.836 -2329.120
v 4227.943 9.289 -2319.185
v 4229.109 9.359 -2320.810
v 4209.440 8.574 -2322.622
v 4208.274 8.510 -2320.997
v 4222.111 8.953 -2311.062
v 4223.277 9.019 -2312.687
v 4227.957 9.140 -2319.175
v 4223.263 8.868 -2312.697
v 4235.786 9.213 -2303.621
v 4240.481 9.425 -2310.098
v 4229.131 9.359 -2320.794
v 4227.957 9.290 -2319.175
v 4240.481 9.575 -2310.098
v 4241.654 9.625 -2311.718
v 4223.263 9.018 -2312.697
v 4222.089 8.952 -2311.078
v 4234.612 9.271 -2302.001
v 4235.786 9.363 -2303.621
v 4228.864 9.352 -2320.782
v 4229.164 9.352 -2320.782
v 4229.164 9.352 -2320.482
v 4228.864 9.352 -2320.482
v 4228.864 17.352 -2320.782
v 4229.164 17.352 -2320.782
v 4229.164 17.352 -2320.482
v 4228.864 17.352 -2320.482
v 4222.056 8.959 -2311.390
v 4222.356 8.959 -2311.390
v 4222.356 8.959 -2311.090
v 4222.056 8.959 -2311.090
v 4222.056 16.959 -2311.390
v 4222.356 16.959 -2311.390
v 4222.356 16.959 -2311.090
v 4222.056 16.959 -2311.090
v 3530.221 21.966 -2923.396
v 3537.008 22.301 -2927.632
v 3533.000 22.665 -2934.053
v 3526.214 22.312 -2929.817
v 3528.525 22.045 -2922.337
v 3530.221 22.116 -2923.396
v 3526.214 22.462 -2929.817
v 3524.517 22.384 -2928.758
v 3537.008 22.451 -2927.632
v 3538.705 22.545 -2928.691
v 3534.697 22.913 -2935.112
v 3533.000 22.815 -2934.053
v 3525.995 22.332 -2930.216
v 3533.219 22.643 -2933.654
v 3528.132 23.191 -2944.343
v 3520.908 22.814 -2940.905
v 3524.189 22.413 -2929.356
v 3525.995 22.482 -2930.216
v 3520.908 22.964 -2940.905
v 3519.102 22.878 -2940.045
v 3533.219 22.793 -2933.654
v 3535.025 22.879 -2934.513
v 3529.937 23.445 -2945.202
v 3528.132 23.341 -2944.343
v 3520.685 22.838 -2941.487
v 3528.355 23.163 -2943.760
v 3526.218 23.517 -2950.974
v 3518.547 23.134 -2948.701
v 3518.767 22.913 -2940.919
v 3520.685 22.988 -2941.487
v 3518.547 23.284 -2948.701
v 3516.630 23.195 -2948.133
v 3528.355 23.313 -2943.760
v 3530.273 23.401 -2944.328
v 3528.135 23.768 -2951.542
v 3526.218 23.667 -2950.974
v 3518.483 23.144 -2948.946
v 3526.282 23.505 -2950.728
v 3524.145 23.942 -2960.083
v 3516.346 23.505 -2958.301
v 3516.533 23.209 -2948.501
v 3518.483 23.294 -2948.946
v 3516.346 23.655 -2958.301
v 3514.396 23.550 -2957.855
v 3526.282 23.655 -2950.728
v 3528.232 23.750 -2951.174
v 3526.094 24.207 -2960.528
v 3524.145 24.092 -2960.083
v 3516.578 23.217 -2948.695
v 3516.878 23.217 -2948.695
v 3516.878 23.217 -2948.395
v 3516.578 23.217 -2948.395
v 3516.578 31.217 -2948.695
v 3516.878 31.217 -2948.695
v 3516.878 31.217 -2948.395
v 3516.578 31.217 -2948.395
v 3527.887 23.740 -2951.279
v 3528.187 23.740 -2951.279
v 3528.187 23.740 -2950.979
v 3527.887 23.740 -2950.979
v 3527.887 31.740 -2951.279
v 3528.187 31.740 -2951.279
v 3528.187 31.740 -2950.979
v 3527.887 31.740 -2950.979
v 3516.285 23.517 -2958.626
v 3524.205 23.927 -2959.757
v 3522.869 24.366 -2969.111
v 3514.949 23.875 -2967.980
v 3514.305 23.568 -2958.343
v 3516.285 23.667 -2958.626
v 3514.949 24.025 -2967.980
v 3512.970 23.906 -2967.698
v 3524.205 24.077 -2959.757
v 3526.185 24.183 -2960.040
v 3524.849 24.642 -2969.394
v 3522.869 24.516 -2969.111
v 3514.910 23.902 -2968.624
v 3522.909 24.334 -2968.467
v 3523.176 25.002 -2982.089
v 3515.177 24.469 -2982.246
v 3512.910 23.944 -2968.663
v 3514.910 24.052 -2968.624
v 3515.177 24.619 -2982.246
v 3513.178 24.485 -2982.285
v 3522.909 24.484 -2968.467
v 3524.908 24.592 -2968.428
v 3525.175 25.285 -2982.050
v 3523.176 25.152 -2982.089
v 3515.234 24.495 -2982.841
v 3523.119 24.972 -2981.494
v 3525.290 25.698 -2994.204
v 3517.404 25.144 -2995.551
v 3513.262 24.523 -2983.178
v 3515.234 24.645 -2982.841
v 3517.404 25.294 -2995.551
v 3515.433 25.154 -2995.888
v 3523.119 25.122 -2981.494
v 3525.091 25.239 -2981.157
v 3527.262 25.983 -2993.868
v 3525.290 25.848 -2994.204
v 3513.309 24.535 -2983.294
v 3513.609 24.535 -2983.294
v 3513.609 24.535 -2982.994
v 3513.309 24.535 -2982.994
v 3513.309 32.535 -2983.294
v 3513.609 32.535 -2983.294
v 3513.609 32.535 -2982.994
v 3513.309 32.535 -2982.994
v 3524.744 25.227 -2981.341
v 3525.044 25.227 -2981.341
v 3525.044 25.227 -2981.041
v 3524.744 25.227 -2981.041
v 3524.744 33.227 -2981.341
v 3525.044 33.227 -2981.341
v 3525.044 33.227 -2981.041
v 3524.744 33.227 -2981.041
v 3517.483 25.165 -2995.911
v 3525.211 25.675 -2993.845
v 3526.681 26.045 -2999.341
v 3518.952 25.504 -3001.407
v 3515.551 25.183 -2996.427
v 3517.483 25.315 -2995.911
v 3518.952 25.654 -3001.407
v 3517.020 25.514 -3001.924
v 3525.211 25.825 -2993.845
v 3527.144 25.949 -2993.328
v 3528.613 26.326 -2998.824
v 3526.681 26.195 -2999.341
v 3519.276 25.564 -3002.234
v 3526.358 25.980 -2998.513
v 3530.009 26.595 -3005.463
v 3522.927 26.093 -3009.184
v 3517.505 25.604 -3003.165
v 3519.276 25.714 -3002.234
v 3522.927 26.243 -3009.184
v 3521.156 26.115 -3010.114
v 3526.358 26.130 -2998.513
v 3528.128 26.228 -2997.583
v 3531.779 26.868 -3004.533
v 3530.009 26.745 -3005.463
v 3522.966 26.098 -3009.256
v 3529.970 26.589 -3005.391
v 3535.825 27.333 -3016.000
v 3528.821 26.904 -3019.866
v 3521.215 26.123 -3010.223
v 3522.966 26.248 -3009.256
v 3528.821 27.054 -3019.866
v 3527.070 26.926 -3020.832
v 3529.970 26.739 -3005.391
v 3531.721 26.860 -3004.424
v 3537.576 27.542 -3015.034
v 3535.825 27.483 -3016.000
v 3528.953 26.922 -3020.088
v 3535.693 27.320 -3015.778
v 3541.549 27.891 -3024.934
v 3534.809 27.676 -3029.244
v 3527.269 26.953 -3021.166
v 3528.953 27.072 -3020.088
v 3534.809 27.826 -3029.244
v 3533.124 27.742 -3030.322
v 3535.693 27.470 -3015.778
v 3537.378 27.522 -3014.700
v 3543.233 28.093 -3023.856
v 3541.549 28.041 -3024.934
v 3527.287 26.965 -3021.208
v 3527.587 26.965 -3021.208
v 3527.587 26.965 -3020.908
v 3527.287 26.965 -3020.908
v 3527.287 34.965 -3021.208
v 3527.587 34.965 -3021.208
v 3527.587 34.965 -3020.908
v 3527.287 34.965 -3020.908
v 3537.060 27.517 -3014.958
v 3537.360 27.517 -3014.958
v 3537.360 27.517 -3014.658
v 3537.060 27.517 -3014.658
v 3537.060 35.517 -3014.958
v 3537.360 35.517 -3014.958
v 3537.360 35.517 -3014.658
v 3537.060 35.517 -3014.658
v 3534.487 27.642 -3028.630
v 3541.870 27.926 -3025.548
v 3545.532 28.383 -3034.321
v 3538.150 28.025 -3037.403
v 3532.642 27.671 -3029.400
v 3534.487 27.792 -3028.630
v 3538.150 28.175 -3037.403
v 3536.304 28.083 -3038.173
v 3541.870 28.076 -3025.548
v 3543.716 28.146 -3024.778
v 3547.378 28.605 -3033.550
v 3545.532 28.533 -3034.321
v 3538.841 28.064 -3038.508
v 3544.841 28.313 -3033.216
v 3550.329 28.653 -3039.439
v 3544.329 28.358 -3044.731
v 3537.341 28.142 -3039.831
v 3538.841 28.214 -3038.508
v 3544.329 28.508 -3044.731
v 3542.829 28.436 -3046.053
v 3544.841 28.463 -3033.216
v 3546.341 28.500 -3031.893
v 3551.829 28.878 -3038.116
v 3550.329 28.803 -3039.439
v 3544.855 28.385 -3045.228
v 3549.803 28.625 -3038.942
v 3554.924 28.888 -3042.971
v 3549.976 28.646 -3049.258
v 3543.619 28.477 -3046.800
v 3544.855 28.535 -3045.228
v 3549.976 28.796 -3049.258
v 3548.739 28.737 -3050.830
v 3549.803 28.775 -3038.942
v 3551.040 28.837 -3037.370
v 3556.160 29.100 -3041.400
v 3554.924 29.038 -3042.971
v 3550.311 28.662 -3049.495
v 3554.589 28.871 -3042.735
v 3558.618 29.073 -3045.284
v 3554.341 28.861 -3052.045
v 3549.242 28.762 -3051.185
v 3550.311 28.812 -3049.495
v 3554.341 29.011 -3052.045
v 3553.271 28.960 -3053.735
v 3554.589 29.021 -3042.735
v 3555.658 29.075 -3041.044
v 3559.688 29.277 -3043.594
v 3558.618 29.223 -3045.284
v 3555.763 28.930 -3052.600
v 3557.197 29.002 -3044.729
v 3565.245 29.402 -3046.196
v 3563.811 29.319 -3054.066
v 3555.404 29.063 -3054.567
v 3555.763 29.080 -3052.600
v 3563.811 29.469 -3054.066
v 3563.452 29.449 -3056.034
v 3557.197 29.152 -3044.729
v 3557.555 29.170 -3042.762
v 3565.604 29.573 -3044.228
v 3565.245 29.552 -3046.196
v 3555.290 29.065 -3054.521
v 3555.590 29.065 -3054.521
v 3555.590 29.065 -3054.221
v 3555.290 29.065 -3054.221
v 3555.290 37.065 -3054.521
v 3555.590 37.065 -3054.521
v 3555.590 37.065 -3054.221
v 3555.290 37.065 -3054.221
v 3557.369 29.169 -3043.109
v 3557.669 29.169 -3043.109
v 3557.669 29.169 -3042.809
v 3557.369 29.169 -3042.809
v 3557.369 37.169 -3043.109
v 3557.669 37.169 -3043.109
v 3557.669 37.169 -3042.809
v 3557.369 37.169 -3042.809
v 3565.068 29.379 -3054.095
v 3563.988 29.339 -3046.168
v 3572.036 29.743 -3045.071
v 3573.116 29.771 -3052.998
v 3565.338 29.539 -3056.076
v 3565.068 29.529 -3054.095
v 3573.116 29.921 -3052.998
v 3573.386 29.928 -3054.980
v 3563.988 29.489 -3046.168
v 3563.718 29.479 -3044.186
v 3571.766 29.886 -3043.089
v 3572.036 29.893 -3045.071
v 3573.057 29.769 -3053.006
v 3572.096 29.746 -3045.063
v 3596.241 29.823 -3042.144
v 3597.202 29.812 -3050.086
v 3573.297 29.924 -3054.991
v 3573.057 29.919 -3053.006
v 3597.202 29.962 -3050.086
v 3597.442 29.960 -3052.071
v 3572.096 29.896 -3045.063
v 3571.856 29.890 -3043.078
v 3596.001 29.977 -3040.158
v 3596.241 29.973 -3042.144
v 3573.123 29.923 -3054.943
v 3573.423 29.923 -3054.943
v 3573.423 29.923 -3054.643
v 3573.123 29.923 -3054.643
v 3573.123 37.923 -3054.943
v 3573.423 37.923 -3054.943
v 3573.423 37.923 -3054.643
v 3573.123 37.923 -3054.643
v 3571.730 29.891 -3043.426
v 3572.030 29.891 -3043.426
v 3572.030 29.891 -3043.126
v 3571.730 29.891 -3043.126
v 3571.730 37.891 -3043.426
v 3572.030 37.891 -3043.426
v 3572.030 37.891 -3043.126
v 3571.730 37.891 -3043.126
v 3596.877 29.813 -3050.112
v 3596.566 29.822 -3042.118
v 3606.084 29.783 -3041.748
v 3606.395 29.783 -3049.742
v 3596.955 29.961 -3052.110
v 3596.877 29.963 -3050.112
v 3606.395 29.933 -3049.742
v 3606.472 29.933 -3051.740
v 3596.566 29.972 -3042.118
v 3596.489 29.975 -3040.119
v 3606.006 29.933 -3039.749
v 3606.084 29.933 -3041.748
v 3605.207 29.787 -3049.609
v 3607.272 29.778 -3041.880
v 3612.760 29.756 -3043.347
v 3610.695 29.770 -3051.076
v 3604.690 29.938 -3051.541
v 3605.207 29.937 -3049.609
v 3610.695 29.920 -3051.076
v 3610.178 29.923 -3053.008
v 3607.272 29.928 -3041.880
v 3607.788 29.925 -3039.948
v 3613.276 29.902 -3041.415
v 3612.760 29.906 -3043.347
v 3608.900 29.775 -3050.041
v 3614.555 29.750 -3044.382
v 3620.043 29.585 -3049.865
v 3614.388 29.764 -3055.524
v 3607.487 29.930 -3051.456
v 3608.900 29.925 -3050.041
v 3614.388 29.914 -3055.524
v 3612.975 29.919 -3056.939
v 3614.555 29.900 -3044.382
v 3615.968 29.893 -3042.967
v 3621.456 29.665 -3048.450
v 3620.043 29.735 -3049.865
v 3613.718 29.765 -3054.635
v 3620.713 29.557 -3050.753
v 3622.539 29.484 -3054.043
v 3615.544 29.764 -3057.925
v 3611.969 29.920 -3055.606
v 3613.718 29.915 -3054.635
v 3615.544 29.914 -3057.925
v 3613.795 29.919 -3058.896
v 3620.713 29.707 -3050.753
v 3622.462 29.622 -3049.783
v 3624.288 29.552 -3053.073
v 3622.539 29.634 -3054.043
v 3615.659 29.764 -3058.120
v 3622.423 29.489 -3053.848
v 3626.820 29.327 -3060.811
v 3620.056 29.626 -3065.083
v 3613.968 29.919 -3059.188
v 3615.659 29.914 -3058.120
v 3620.056 29.776 -3065.083
v 3618.365 29.828 -3066.151
v 3622.423 29.639 -3053.848
v 3624.114 29.558 -3052.780
v 3628.511 29.399 -3059.743
v 3626.820 29.477 -3060.811
v 3613.987 29.919 -3059.231
v 3614.287 29.919 -3059.231
v 3614.287 29.919 -3058.931
v 3613.987 29.919 -3058.931
v 3613.987 37.919 -3059.231
v 3614.287 37.919 -3059.231
v 3614.287 37.919 -3058.931
v 3613.987 37.919 -3058.931
v 3623.795 29.566 -3053.037
v 3624.095 29.566 -3053.037
v 3624.095 29.566 -3052.737
v 3623.795 29.566 -3052.737
v 3623.795 37.566 -3053.037
v 3624.095 37.566 -3053.037
v 3624.095 37.566 -3052.737
v 3623.795 37.566 -3052.737
v 3620.184 29.622 -3065.273
v 3626.692 29.332 -3060.621
v 3632.180 29.103 -3068.297
v 3625.672 29.282 -3072.950
v 3618.557 29.814 -3066.437
v 3620.184 29.772 -3065.273
v 3625.672 29.432 -3072.950
v 3624.045 29.469 -3074.113
v 3626.692 29.482 -3060.621
v 3628.319 29.406 -3059.458
v 3633.807 29.200 -3067.134
v 3632.180 29.253 -3068.297
v 3626.097 29.260 -3073.451
v 3631.756 29.124 -3067.796
v 3636.509 28.911 -3072.552
v 3630.850 29.048 -3078.207
v 3624.682 29.436 -3074.865
v 3626.097 29.410 -3073.451
v 3630.850 29.198 -3078.207
v 3629.436 29.224 -3079.621
v 3631.756 29.274 -3067.796
v 3633.170 29.231 -3066.382
v 3637.924 29.019 -3071.139
v 3636.509 29.061 -3072.552
v 3631.732 29.015 -3078.874
v 3635.627 28.947 -3071.886
v 3638.922 28.823 -3073.722
v 3635.027 28.904 -3080.710
v 3630.759 29.175 -3080.621
v 3631.732 29.165 -3078.874
v 3635.027 29.054 -3080.710
v 3634.054 29.068 -3082.457
v 3635.627 29.097 -3071.886
v 3636.601 29.072 -3070.139
v 3639.896 28.945 -3071.975
v 3638.922 28.973 -3073.722
v 3635.539 28.889 -3080.950
v 3638.410 28.841 -3073.483
v 3647.928 28.531 -3077.143
v 3645.057 28.629 -3084.610
v 3634.821 29.045 -3082.817
v 3635.539 29.039 -3080.950
v 3645.057 28.779 -3084.610
v 3644.339 28.798 -3086.476
v 3638.410 28.991 -3073.483
v 3639.128 28.974 -3071.616
v 3648.646 28.651 -3075.276
v 3647.928 28.681 -3077.143
v 3634.743 29.044 -3082.780
v 3635.043 29.044 -3082.780
v 3635.043 29.044 -3082.480
v 3634.743 29.044 -3082.480
v 3634.743 37.044 -3082.780
v 3635.043 37.044 -3082.780
v 3635.043 37.044 -3082.480
v 3634.743 37.044 -3082.480
v 3638.906 28.976 -3071.953
v 3639.206 28.976 -3071.953
v 3639.206 28.976 -3071.653
v 3638.906 28.976 -3071.653
v 3638.906 36.976 -3071.953
v 3639.206 36.976 -3071.953
v 3639.206 36.976 -3071.653
v 3638.906 36.976 -3071.653
v 3644.172 28.650 -3084.134
v 3648.813 28.505 -3077.618
v 3653.934 28.381 -3081.264
v 3649.293 28.539 -3087.781
v 3643.012 28.829 -3085.763
v 3644.172 28.800 -3084.134
v 3649.293 28.689 -3087.781
v 3648.133 28.721 -3089.410
v 3648.813 28.655 -3077.618
v 3649.973 28.611 -3075.989
v 3655.094 28.483 -3079.635
v 3653.934 28.531 -3081.264
v 3648.183 28.559 -3086.579
v 3655.044 28.361 -3082.466
v 3658.339 28.336 -3087.962
v 3651.478 28.519 -3092.076
v 3646.467 28.751 -3087.608
v 3648.183 28.709 -3086.579
v 3651.478 28.669 -3092.076
v 3649.762 28.706 -3093.104
v 3655.044 28.511 -3082.466
v 3656.759 28.455 -3081.438
v 3660.054 28.414 -3086.934
v 3658.339 28.486 -3087.962
v 3651.129 28.521 -3091.329
v 3658.688 28.334 -3088.709
v 3661.604 28.367 -3097.125
v 3654.045 28.527 -3099.745
v 3649.239 28.710 -3091.984
v 3651.129 28.671 -3091.329
v 3654.045 28.677 -3099.745
v 3652.156 28.701 -3100.400
v 3658.688 28.484 -3088.709
v 3660.578 28.413 -3088.054
v 3663.494 28.461 -3096.471
v 3661.604 28.517 -3097.125
v 3654.150 28.528 -3100.015
v 3661.500 28.366 -3096.855
v 3663.704 28.399 -3101.982
v 3656.354 28.546 -3105.142
v 3652.313 28.701 -3100.805
v 3654.150 28.678 -3100.015
v 3656.354 28.696 -3105.142
v 3654.517 28.711 -3105.932
v 3661.500 28.516 -3096.855
v 3663.337 28.458 -3096.065
v 3665.541 28.500 -3101.192
v 3663.704 28.549 -3101.982
v 3656.701 28.550 -3105.780
v 3663.357 28.395 -3101.343
v 3667.743 28.455 -3107.923
v 3661.087 28.590 -3112.360
v 3655.037 28.715 -3106.890
v 3656.701 28.700 -3105.780
v 3661.087 28.740 -3112.360
v 3659.423 28.763 -3113.469
v 3663.357 28.545 -3101.343
v 3665.021 28.493 -3100.234
v 3669.407 28.560 -3106.813
v 3667.743 28.605 -3107.923
v 3655.053 28.714 -3106.929
v 3655.353 28.714 -3106.929
v 3655.353 28.714 -3106.629
v 3655.053 28.714 -3106.629
v 3655.053 36.714 -3106.929
v 3655.353 36.714 -3106.929
v 3655.353 36.714 -3106.629
v 3655.053 36.714 -3106.629
v 3664.705 28.498 -3100.495
v 3665.005 28.498 -3100.495
v 3665.005 28.498 -3100.195
v 3664.705 28.498 -3100.195
v 3664.705 36.498 -3100.495
v 3665.005 36.498 -3100.495
v 3665.005 36.498 -3100.195
v 3664.705 36.498 -3100.195
v 3661.939 28.599 -3113.283
v 3666.891 28.445 -3107.000
v 3673.848 28.521 -3112.483
v 3668.897 28.694 -3118.766
v 3660.701 28.776 -3114.854
v 3661.939 28.749 -3113.283
v 3668.897 28.844 -3118.766
v 3667.659 28.876 -3120.337
v 3666.891 28.595 -3107.000
v 3668.129 28.545 -3105.429
v 3675.086 28.615 -3110.912
v 3673.848 28.671 -3112.483
v 3669.745 28.709 -3119.278
v 3673.000 28.511 -3111.971
v 3686.169 28.688 -3117.837
v 3682.914 28.979 -3125.145
v 3668.931 28.899 -3121.105
v 3669.745 28.859 -3119.278
v 3682.914 29.129 -3125.145
v 3682.100 29.192 -3126.972
v 3673.000 28.661 -3111.971
v 3673.814 28.602 -3110.144
v 3686.983 28.756 -3116.010
v 3686.169 28.838 -3117.837
v 3682.753 28.975 -3125.069
v 3686.330 28.692 -3117.913
v 3698.041 29.046 -3123.766
v 3694.464 29.395 -3130.922
v 3681.859 29.185 -3126.858
v 3682.753 29.125 -3125.069
v 3694.464 29.545 -3130.922
v 3693.570 29.621 -3132.711
v 3686.330 28.842 -3117.913
v 3687.224 28.761 -3116.124
v 3698.935 29.096 -3121.977
v 3698.041 29.196 -3123.766
v 3681.799 29.179 -3126.829
v 3682.099 29.179 -3126.829
v 3682.099 29.179 -3126.529
v 3681.799 29.179 -3126.529
v 3681.799 37.179 -3126.829
v 3682.099 37.179 -3126.829
v 3682.099 37.179 -3126.529
v 3681.799 37.179 -3126.529
v 3686.985 28.769 -3116.453
v 3687.285 28.769 -3116.453
v 3687.285 28.769 -3116.153
v 3686.985 28.769 -3116.153
v 3686.985 36.769 -3116.453
v 3687.285 36.769 -3116.453
v 3687.285 36.769 -3116.153
v 3686.985 36.769 -3116.153
v 3694.327 29.389 -3130.850
v 3698.178 29.051 -3123.838
v 3705.492 29.301 -3127.854
v 3701.641 29.710 -3134.866
v 3693.364 29.612 -3132.603
v 3694.327 29.539 -3130.850
v 3701.641 29.860 -3134.866
v 3700.678 29.957 -3136.619
v 3698.178 29.201 -3123.838
v 3699.141 29.104 -3122.085
v 3706.454 29.343 -3126.101
v 3705.492 29.451 -3127.854
v 3701.137 29.688 -3134.538
v 3705.995 29.322 -3128.182
v 3712.218 29.643 -3132.939
v 3707.360 30.020 -3139.295
v 3699.922 29.923 -3136.127
v 3701.137 29.838 -3134.538
v 3707.360 30.170 -3139.295
v 3706.145 30.258 -3140.884
v 3705.995 29.472 -3128.182
v 3707.210 29.373 -3126.593
v 3713.432 29.692 -3131.350
v 3712.218 29.793 -3132.939
v 3706.563 29.963 -3138.482
v 3713.015 29.700 -3133.752
v 3717.044 30.100 -3139.248
v 3710.593 30.352 -3143.978
v 3704.950 30.172 -3139.664
v 3706.563 30.113 -3138.482
v 3710.593 30.502 -3143.978
v 3708.980 30.559 -3145.161
v 3713.015 29.850 -3133.752
v 3714.628 29.778 -3132.569
v 3718.657 30.181 -3138.065
v 3717.044 30.250 -3139.248
v 3710.173 30.301 -3143.260
v 3717.464 30.154 -3139.966
v 3722.585 31.026 -3151.303
v 3715.294 31.129 -3154.596
v 3708.351 30.482 -3144.083
v 3710.173 30.451 -3143.260
v 3715.294 31.279 -3154.596
v 3713.471 31.300 -3155.419
v 3717.464 30.304 -3139.966
v 3719.287 30.262 -3139.143
v 3724.407 31.145 -3150.479
v 3722.585 31.176 -3151.303
v 3708.383 30.479 -3144.151
v 3708.683 30.479 -3144.151
v 3708.683 30.479 -3143.851
v 3708.383 30.479 -3143.851
v 3708.383 38.479 -3144.151
v 3708.683 38.479 -3144.151
v 3708.683 38.479 -3143.851
v 3708.383 38.479 -3143.851
v 3718.954 30.266 -3139.375
v 3719.254 30.266 -3139.375
v 3719.254 30.266 -3139.075
v 3718.954 30.266 -3139.075
v 3718.954 38.266 -3139.375
v 3719.254 38.266 -3139.375
v 3719.254 38.266 -3139.075
v 3718.954 38.266 -3139.075
v 3715.187 31.109 -3154.334
v 3722.692 31.047 -3151.565
v 3728.904 32.209 -3168.397
v 3721.398 32.169 -3171.167
v 3713.310 31.271 -3155.027
v 3715.187 31.259 -3154.334
v 3721.398 32.319 -3171.167
v 3719.522 32.307 -3171.859
v 3722.692 31.197 -3151.565
v 3724.568 31.177 -3150.872
v 3730.780 32.366 -3167.705
v 3728.904 32.359 -3168.397
v 3721.431 32.175 -3171.252
v 3728.871 32.203 -3168.312
v 3734.370 33.161 -3182.224
v 3726.930 33.097 -3185.165
v 3719.571 32.315 -3171.987
v 3721.431 32.325 -3171.252
v 3726.930 33.247 -3185.165
v 3725.070 33.228 -3185.900
v 3728.871 32.353 -3168.312
v 3730.731 32.357 -3167.576
v 3736.230 33.324 -3181.489
v 3734.370 33.311 -3182.224
v 3719.607 32.316 -3172.064
v 3719.907 32.316 -3172.064
v 3719.907 32.316 -3171.764
v 3719.607 32.316 -3171.764
v 3719.607 40.316 -3172.064
v 3719.907 40.316 -3172.064
v 3719.907 40.316 -3171.764
v 3719.607 40.316 -3171.764
v 3730.395 32.357 -3167.800
v 3730.695 32.357 -3167.800
v 3730.695 32.357 -3167.500
v 3730.395 32.357 -3167.500
v 3730.395 40.357 -3167.800
v 3730.695 40.357 -3167.800
v 3730.695 40.357 -3167.500
v 3730.395 40.357 -3167.500
v 3726.768 33.063 -3184.660
v 3734.532 33.195 -3182.729
v 3735.623 33.488 -3187.116
v 3727.859 33.285 -3189.046
v 3724.827 33.178 -3185.143
v 3726.768 33.213 -3184.660
v 3727.859 33.435 -3189.046
v 3725.918 33.384 -3189.529
v 3734.532 33.345 -3182.729
v 3736.473 33.377 -3182.246
v 3737.564 33.675 -3186.633
v 3735.623 33.638 -3187.116
v 3727.963 33.297 -3189.395
v 3735.519 33.466 -3186.767
v 3738.447 33.796 -3195.183
v 3730.891 33.616 -3197.812
v 3726.074 33.402 -3190.052
v 3727.963 33.447 -3189.395
v 3730.891 33.766 -3197.812
v 3729.002 33.721 -3198.469
v 3735.519 33.616 -3186.767
v 3737.408 33.638 -3186.110
v 3740.336 33.991 -3194.526
v 3738.447 33.946 -3195.183
v 3731.033 33.630 -3198.165
v 3738.305 33.782 -3194.830
v 3742.334 34.048 -3203.616
v 3735.063 33.998 -3206.951
v 3729.215 33.742 -3198.999
v 3731.033 33.780 -3198.165
v 3735.063 34.148 -3206.951
v 3733.245 34.109 -3207.785
v 3738.305 33.932 -3194.830
v 3740.122 33.970 -3193.996
v 3744.152 34.138 -3202.782
v 3742.334 34.198 -3203.616
v 3735.244 34.013 -3207.300
v 3742.153 34.043 -3203.267
v 3744.713 34.107 -3207.654
v 3737.804 34.216 -3211.687
v 3733.517 34.132 -3208.308
v 3735.244 34.163 -3207.300
v 3737.804 34.366 -3211.687
v 3736.077 34.335 -3212.695
v 3742.153 34.193 -3203.267
v 3743.880 34.130 -3202.259
v 3746.441 34.195 -3206.646
v 3744.713 34.257 -3207.654
v 3738.518 34.264 -3212.584
v 3743.999 34.098 -3206.757
v 3750.222 34.126 -3212.610
v 3744.741 34.362 -3218.437
v 3737.148 34.407 -3214.041
v 3738.518 34.414 -3212.584
v 3744.741 34.512 -3218.437
v 3743.371 34.528 -3219.894
v 3743.999 34.248 -3206.757
v 3745.370 34.181 -3205.300
v 3751.592 34.208 -3211.153
v 3750.222 34.276 -3212.610
v 3737.135 34.408 -3214.045
v 3737.435 34.408 -3214.045
v 3737.435 34.408 -3213.745
v 3737.135 34.408 -3213.745
v 3737.135 42.408 -3214.045
v 3737.435 42.408 -3214.045
v 3737.435 42.408 -3213.745
v 3737.135 42.408 -3213.745
v 3745.083 34.187 -3205.595
v 3745.383 34.187 -3205.595
v 3745.383 34.187 -3205.295
v 3745.083 34.187 -3205.295
v 3745.083 42.187 -3205.595
v 3745.383 42.187 -3205.595
v 3745.383 42.187 -3205.295
v 3745.083 42.187 -3205.295
v 3744.310 34.375 -3217.961
v 3750.653 34.130 -3213.085
v 3757.966 34.056 -3222.598
v 3751.624 34.146 -3227.474
v 3742.725 34.547 -3219.180
v 3744.310 34.525 -3217.961
v 3751.624 34.296 -3227.474
v 3750.039 34.317 -3228.693
v 3750.653 34.280 -3213.085
v 3752.238 34.214 -3211.866
v 3759.552 34.183 -3221.379
v 3757.966 34.206 -3222.598
v 3751.348 34.154 -3227.065
v 3758.243 34.047 -3223.007
v 3761.905 33.926 -3229.230
v 3755.010 34.031 -3233.288
v 3749.624 34.331 -3228.079
v 3751.348 34.304 -3227.065
v 3755.010 34.181 -3233.288
v 3753.287 34.207 -3234.303
v 3758.243 34.197 -3223.007
v 3759.966 34.169 -3221.993
v 3763.629 34.049 -3228.216
v 3761.905 34.076 -3229.230
v 3754.546 34.050 -3232.094
v 3762.370 33.908 -3230.425
v 3763.461 33.848 -3235.538
v 3755.637 33.988 -3237.207
v 3752.590 34.235 -3232.511
v 3754.546 34.200 -3232.094
v 3755.637 34.138 -3237.207
v 3753.681 34.173 -3237.624
v 3762.370 34.058 -3230.425
v 3764.326 34.022 -3230.007
v 3765.417 33.963 -3235.121
v 3763.461 33.998 -3235.538
v 3755.567 33.999 -3235.992
v 3763.531 33.838 -3236.753
v 3762.796 33.795 -3244.443
v 3754.832 33.952 -3243.682
v 3753.576 34.189 -3235.802
v 3755.567 34.149 -3235.992
v 3754.832 34.102 -3243.682
v 3752.841 34.142 -3243.491
v 3763.531 33.988 -3236.753
v 3765.521 33.948 -3236.943
v 3764.787 33.906 -3244.633
v 3762.796 33.945 -3244.443
v 3753.625 34.185 -3235.971
v 3753.925 34.185 -3235.971
v 3753.925 34.185 -3235.671
v 3753.625 34.185 -3235.671
v 3753.625 42.185 -3235.971
v 3753.925 42.185 -3235.971
v 3753.925 42.185 -3235.671
v 3753.625 42.185 -3235.671
v 3765.172 33.952 -3237.074
v 3765.472 33.952 -3237.074
v 3765.472 33.952 -3236.774
v 3765.172 33.952 -3236.774
v 3765.172 41.952 -3237.074
v 3765.472 41.952 -3237.074
v 3765.472 41.952 -3236.774
v 3765.172 41.952 -3236.774
v 3754.985 33.956 -3242.905
v 3762.643 33.793 -3245.220
v 3758.991 33.532 -3257.296
v 3751.334 33.745 -3254.981
v 3753.071 34.147 -3242.326
v 3754.985 34.106 -3242.905
v 3751.334 33.895 -3254.981
v 3749.419 33.949 -3254.402
v 3762.643 33.943 -3245.220
v 3764.557 33.902 -3245.799
v 3760.906 33.630 -3257.875
v 3758.991 33.682 -3257.296
v 3751.343 33.746 -3254.950
v 3758.982 33.531 -3257.326
v 3753.861 33.068 -3273.789
v 3746.222 33.268 -3271.413
v 3749.433 33.950 -3254.356
v 3751.343 33.896 -3254.950
v 3746.222 33.418 -3271.413
v 3744.313 33.469 -3270.819
v 3758.982 33.681 -3257.326
v 3760.892 33.628 -3257.920
v 3755.771 33.169 -3274.383
v 3753.861 33.218 -3273.789
v 3746.636 33.293 -3270.504
v 3753.448 33.044 -3274.698
v 3750.521 32.918 -3279.454
v 3743.708 33.174 -3275.261
v 3744.932 33.507 -3269.456
v 3746.636 33.443 -3270.504
v 3743.708 33.324 -3275.261
v 3742.005 33.387 -3274.213
v 3753.448 33.194 -3274.698
v 3755.152 33.133 -3275.746
v 3752.224 32.998 -3280.503
v 3750.521 33.068 -3279.454
v 3744.953 33.500 -3269.711
v 3745.253 33.500 -3269.711
v 3745.253 33.500 -3269.411
v 3744.953 33.500 -3269.411
v 3744.953 41.500 -3269.711
v 3745.253 41.500 -3269.711
v 3745.253 41.500 -3269.411
v 3744.953 41.500 -3269.411
v 3754.831 33.139 -3275.791
v 3755.131 33.139 -3275.791
v 3755.131 33.139 -3275.491
v 3754.831 33.139 -3275.491
v 3754.831 41.139 -3275.791
v 3755.131 41.139 -3275.791
v 3755.131 41.139 -3275.491
v 3754.831 41.139 -3275.491
v 3744.585 33.195 -3274.259
v 3749.644 32.887 -3280.456
v 3745.614 32.803 -3283.746
v 3740.555 33.142 -3277.549
v 3743.320 33.419 -3272.710
v 3744.585 33.345 -3274.259
v 3740.555 33.292 -3277.549
v 3739.290 33.342 -3276.000
v 3749.644 33.037 -3280.456
v 3750.909 32.953 -3282.005
v 3746.879 32.868 -3285.295
v 3745.614 32.953 -3283.746
v 3741.117 33.147 -3277.165
v 3745.051 32.794 -3284.130
v 3730.780 32.557 -3292.190
v 3726.846 32.819 -3285.224
v 3740.134 33.367 -3275.423
v 3741.117 33.297 -3277.165
v 3726.846 32.969 -3285.224
v 3725.863 33.029 -3283.483
v 3745.051 32.944 -3284.130
v 3746.035 32.854 -3285.872
v 3731.764 32.635 -3293.932
v 3730.780 32.707 -3292.190
v 3726.756 32.818 -3285.277
v 3730.871 32.558 -3292.137
v 3723.557 32.459 -3296.524
v 3719.442 32.695 -3289.663
v 3725.727 33.026 -3283.562
v 3726.756 32.968 -3285.277
v 3719.442 32.845 -3289.663
v 3718.414 32.898 -3287.948
v 3730.871 32.708 -3292.137
v 3731.899 32.637 -3293.853
v 3724.586 32.544 -3298.239
v 3723.557 32.609 -3296.524
v 3725.680 33.020 -3283.883
v 3725.980 33.020 -3283.883
v 3725.980 33.020 -3283.583
v 3725.680 33.020 -3283.583
v 3725.680 41.020 -3283.883
v 3725.980 41.020 -3283.883
v 3725.980 41.020 -3283.583
v 3725.680 41.020 -3283.583
v 3731.647 32.644 -3293.831
v 3731.947 32.644 -3293.831
v 3731.947 32.644 -3293.531
v 3731.647 32.644 -3293.531
v 3731.647 40.644 -3293.831
v 3731.947 40.644 -3293.831
v 3731.947 40.644 -3293.531
v 3731.647 40.644 -3293.531
v 3718.675 32.681 -3290.262
v 3724.325 32.472 -3295.926
v 3719.928 32.380 -3300.312
v 3714.277 32.589 -3294.648
v 3717.262 32.876 -3288.846
v 3718.675 32.831 -3290.262
v 3714.277 32.739 -3294.648
v 3712.865 32.784 -3293.233
v 3724.325 32.622 -3295.926
v 3725.737 32.563 -3297.341
v 3721.340 32.471 -3301.728
v 3719.928 32.530 -3300.312
v 3713.357 32.561 -3296.077
v 3720.848 32.413 -3298.884
v 3718.655 32.269 -3304.737
v 3711.164 32.445 -3301.930
v 3711.484 32.743 -3295.375
v 3713.357 32.711 -3296.077
v 3711.164 32.595 -3301.930
v 3709.291 32.634 -3301.228
v 3720.848 32.563 -3298.884
v 3722.721 32.521 -3299.585
v 3720.528 32.370 -3305.439
v 3718.655 32.419 -3304.737
v 3710.959 32.401 -3303.959
v 3718.860 32.324 -3302.708
v 3719.962 32.112 -3309.671
v 3712.061 32.238 -3310.922
v 3708.983 32.573 -3304.271
v 3710.959 32.551 -3303.959
v 3712.061 32.388 -3310.922
v 3710.085 32.421 -3311.234
v 3718.860 32.474 -3302.708
v 3720.836 32.457 -3302.395
v 3721.938 32.233 -3309.358
v 3719.962 32.262 -3309.671
v 3712.274 32.221 -3311.722
v 3719.749 32.133 -3308.871
v 3722.677 31.908 -3316.548
v 3715.202 32.027 -3319.398
v 3710.405 32.397 -3312.435
v 3712.274 32.371 -3311.722
v 3715.202 32.177 -3319.398
v 3713.333 32.210 -3320.111
v 3719.749 32.283 -3308.871
v 3721.618 32.270 -3308.158
v 3724.545 32.033 -3315.835
v 3722.677 32.058 -3316.548
v 3715.007 32.044 -3318.706
v 3722.872 31.888 -3317.240
v 3723.962 31.727 -3323.093
v 3716.098 31.910 -3324.559
v 3713.041 32.235 -3319.072
v 3715.007 32.194 -3318.706
v 3716.098 32.060 -3324.559
v 3714.132 32.108 -3324.925
v 3722.872 32.038 -3317.240
v 3724.838 32.002 -3316.874
v 3725.929 31.834 -3322.727
v 3723.962 31.877 -3323.093
v 3713.087 32.231 -3319.186
v 3713.387 32.231 -3319.186
v 3713.387 32.231 -3318.886
v 3713.087 32.231 -3318.886
v 3713.087 40.231 -3319.186
v 3713.387 40.231 -3319.186
v 3713.387 40.231 -3318.886
v 3713.087 40.231 -3318.886
v 3724.491 32.005 -3317.060
v 3724.791 32.005 -3317.060
v 3724.791 32.005 -3316.760
v 3724.491 32.005 -3316.760
v 3724.491 40.005 -3317.060
v 3724.791 40.005 -3317.060
v 3724.791 40.005 -3316.760
v 3724.491 40.005 -3316.760
v 3716.030 31.925 -3323.826
v 3724.030 31.708 -3323.826
v 3724.030 31.589 -3328.953
v 3716.030 31.832 -3328.953
v 3714.030 32.130 -3323.826
v 3716.030 32.075 -3323.826
v 3716.030 31.982 -3328.953
v 3714.030 32.042 -3328.953
v 3724.030 31.858 -3323.826
v 3726.030 31.804 -3323.826
v 3726.030 31.679 -3328.953
v 3724.030 31.739 -3328.953
v 3716.100 31.843 -3328.207
v 3723.960 31.574 -3329.698
v 3722.502 31.447 -3337.388
v 3714.642 31.752 -3335.897
v 3714.135 32.058 -3327.835
v 3716.100 31.993 -3328.207
v 3714.642 31.902 -3335.897
v 3712.677 31.976 -3335.524
v 3723.960 31.724 -3329.698
v 3725.925 31.655 -3330.070
v 3724.467 31.519 -3337.760
v 3722.502 31.597 -3337.388
v 3714.994 31.759 -3334.853
v 3722.149 31.437 -3338.432
v 3716.294 31.660 -3350.138
v 3709.139 31.931 -3346.559
v 3713.206 31.984 -3333.958
v 3714.994 31.909 -3334.853
v 3709.139 32.081 -3346.559
v 3707.350 32.146 -3345.665
v 3722.149 31.587 -3338.432
v 3723.938 31.504 -3339.326
v 3718.083 31.740 -3351.033
v 3716.294 31.810 -3350.138
v 3708.980 31.939 -3346.920
v 3716.453 31.653 -3349.777
v 3711.699 31.892 -3362.210
v 3704.227 32.204 -3359.353
v 3707.112 32.158 -3346.206
v 3708.980 32.089 -3346.920
v 3704.227 32.354 -3359.353
v 3702.359 32.429 -3358.639
v 3716.453 31.803 -3349.777
v 3718.321 31.729 -3350.491
v 3713.568 31.962 -3362.924
v 3711.699 32.042 -3362.210
v 3707.149 32.151 -3346.427
v 3707.449 32.151 -3346.427
v 3707.449 32.151 -3346.127
v 3707.149 32.151 -3346.127
v 3707.149 40.151 -3346.427
v 3707.449 40.151 -3346.427
v 3707.449 40.151 -3346.127
v 3707.149 40.151 -3346.127
v 3717.984 31.737 -3350.570
v 3718.284 31.737 -3350.570
v 3718.284 31.737 -3350.270
v 3717.984 31.737 -3350.270
v 3717.984 39.737 -3350.570
v 3718.284 39.737 -3350.570
v 3718.284 39.737 -3350.270
v 3717.984 39.737 -3350.270
v 3704.084 32.213 -3359.808
v 3711.843 31.884 -3361.756
v 3710.373 31.974 -3367.609
v 3702.614 32.317 -3365.661
v 3702.144 32.443 -3359.321
v 3704.084 32.363 -3359.808
v 3702.614 32.467 -3365.661
v 3700.674 32.551 -3365.174
v 3711.843 32.034 -3361.756
v 3713.783 31.950 -3362.243
v 3712.313 32.037 -3368.096
v 3710.373 32.124 -3367.609
v 3702.518 32.325 -3366.192
v 3710.469 31.967 -3367.078
v 3709.734 32.131 -3373.671
v 3701.784 32.474 -3372.785
v 3700.531 32.563 -3365.970
v 3702.518 32.475 -3366.192
v 3701.784 32.624 -3372.785
v 3699.796 32.709 -3372.563
v 3710.469 32.117 -3367.078
v 3712.457 32.027 -3367.299
v 3711.722 32.195 -3373.892
v 3709.734 32.281 -3373.671
v 3701.759 32.488 -3373.228
v 3709.759 32.117 -3373.228
v 3709.759 32.366 -3381.644
v 3701.759 32.732 -3381.644
v 3699.759 32.730 -3373.228
v 3701.759 32.638 -3373.228
v 3701.759 32.882 -3381.644
v 3699.759 32.974 -3381.644
v 3709.759 32.267 -3373.228
v 3711.759 32.174 -3373.228
v 3711.759 32.424 -3381.644
v 3709.759 32.516 -3381.644
v 3701.765 32.738 -3381.863
v 3709.753 32.359 -3381.426
v 3712.313 34.333 -3428.265
v 3704.325 34.616 -3428.702
v 3699.768 32.983 -3381.972
v 3701.765 32.888 -3381.863
v 3704.325 34.766 -3428.702
v 3702.328 34.836 -3428.811
v 3709.753 32.509 -3381.426
v 3711.750 32.415 -3381.317
v 3714.310 34.412 -3428.156
v 3712.313 34.483 -3428.265
v 3699.818 32.974 -3382.111
v 3700.118 32.974 -3382.111
v 3700.118 32.974 -3381.811
v 3699.818 32.974 -3381.811
v 3699.818 40.974 -3382.111
v 3700.118 40.974 -3382.111
v 3700.118 40.974 -3381.811
v 3699.818 40.974 -3381.811
v 3711.400 32.424 -3381.478
v 3711.700 32.424 -3381.478
v 3711.700 32.424 -3381.178
v 3711.400 32.424 -3381.178
v 3711.400 40.424 -3381.478
v 3711.700 40.424 -3381.478
v 3711.700 40.424 -3381.178
v 3711.400 40.424 -3381.178
v 3704.336 34.623 -3428.847
v 3712.303 34.326 -3428.120
v 3713.038 34.837 -3436.166
v 3705.071 35.107 -3436.893
v 3702.344 34.847 -3429.029
v 3704.336 34.773 -3428.847
v 3705.071 35.257 -3436.893
v 3703.079 35.324 -3437.075
v 3712.303 34.476 -3428.120
v 3714.295 34.401 -3427.938
v 3715.029 34.918 -3435.984
v 3713.038 34.987 -3436.166
v 3705.085 35.050 -3436.037
v 3713.024 34.899 -3437.023
v 3711.933 35.551 -3445.809
v 3703.994 35.656 -3444.823
v 3703.100 35.240 -3435.790
v 3705.085 35.200 -3436.037
v 3703.994 35.806 -3444.823
v 3702.009 35.834 -3444.577
v 3713.024 35.049 -3437.023
v 3715.008 35.013 -3437.269
v 3713.917 35.677 -3446.055
v 3711.933 35.701 -3445.809
v 3704.151 35.606 -3444.103
v 3711.775 35.606 -3446.529
v 3709.215 36.214 -3454.576
v 3701.591 36.177 -3452.150
v 3702.246 35.759 -3443.497
v 3704.151 35.756 -3444.103
v 3701.591 36.327 -3452.150
v 3699.685 36.322 -3451.543
v 3711.775 35.756 -3446.529
v 3713.681 35.759 -3447.135
v 3711.120 36.378 -3455.182
v 3709.215 36.364 -3454.576
v 3701.879 36.129 -3451.470
v 3708.927 36.266 -3455.255
v 3703.428 37.029 -3465.495
v 3696.380 36.834 -3461.710
v 3700.117 36.250 -3450.524
v 3701.879 36.279 -3451.470
v 3696.380 36.984 -3461.710
v 3694.618 36.940 -3460.764
v 3708.927 36.416 -3455.255
v 3710.689 36.456 -3456.201
v 3705.190 37.231 -3466.441
v 3703.428 37.179 -3465.495
v 3700.143 36.253 -3450.769
v 3700.443 36.253 -3450.769
v 3700.443 36.253 -3450.469
v 3700.143 36.253 -3450.469
v 3700.143 44.253 -3450.769
v 3700.443 44.253 -3450.769
v 3700.443 44.253 -3450.469
v 3700.143 44.253 -3450.469
v 3710.363 36.451 -3456.257
v 3710.663 36.451 -3456.257
v 3710.663 36.451 -3455.957
v 3710.363 36.451 -3455.957
v 3710.363 44.451 -3456.257
v 3710.663 44.451 -3456.257
v 3710.663 44.451 -3455.957
v 3710.363 44.451 -3455.957
v 3696.626 36.808 -3461.310
v 3703.181 37.058 -3465.895
v 3695.500 37.762 -3476.875
v 3688.945 37.443 -3472.289
v 3694.987 36.903 -3460.163
v 3696.626 36.958 -3461.310
v 3688.945 37.593 -3472.289
v 3687.306 37.524 -3471.143
v 3703.181 37.208 -3465.895
v 3704.820 37.275 -3467.042
v 3697.139 38.004 -3478.022
v 3695.500 37.912 -3476.875
v 3688.984 37.440 -3472.235
v 3695.462 37.765 -3476.929
v 3684.853 38.341 -3491.569
v 3678.375 37.962 -3486.875
v 3687.364 37.520 -3471.062
v 3688.984 37.590 -3472.235
v 3678.375 38.112 -3486.875
v 3676.755 38.029 -3485.701
v 3695.462 37.915 -3476.929
v 3697.081 38.008 -3478.103
v 3686.472 38.592 -3492.743
v 3684.853 38.491 -3491.569
v 3687.376 37.527 -3471.329
v 3687.676 37.527 -3471.329
v 3687.676 37.527 -3471.029
v 3687.376 37.527 -3471.029
v 3687.376 45.527 -3471.329
v 3687.676 45.527 -3471.329
v 3687.676 45.527 -3471.029
v 3687.376 45.527 -3471.029
v 3696.769 37.999 -3478.136
v 3697.069 37.999 -3478.136
v 3697.069 37.999 -3477.836
v 3696.769 37.999 -3477.836
v 3696.769 45.999 -3478.136
v 3697.069 45.999 -3478.136
v 3697.069 45.999 -3477.836
v 3696.769 45.999 -3477.836
v 3678.149 37.971 -3487.223
v 3685.079 38.332 -3491.221
v 3679.591 38.542 -3500.734
v 3672.661 38.149 -3496.736
v 3676.417 38.041 -3486.224
v 3678.149 38.121 -3487.223
v 3672.661 38.299 -3496.736
v 3670.929 38.209 -3495.737
v 3685.079 38.482 -3491.221
v 3686.811 38.579 -3492.220
v 3681.323 38.798 -3501.733
v 3679.591 38.692 -3500.734
v 3672.569 38.152 -3496.906
v 3679.683 38.539 -3500.564
v 3672.726 38.714 -3514.094
v 3665.611 38.260 -3510.436
v 3670.790 38.212 -3495.991
v 3672.569 38.302 -3496.906
v 3665.611 38.410 -3510.436
v 3663.832 38.305 -3509.521
v 3679.683 38.689 -3500.564
v 3681.462 38.793 -3501.479
v 3674.504 38.985 -3515.009
v 3672.726 38.864 -3514.094
v 3665.694 38.260 -3510.283
v 3672.643 38.714 -3514.247
v 3668.257 38.709 -3521.937
v 3661.308 38.222 -3517.973
v 3663.956 38.305 -3509.292
v 3665.694 38.410 -3510.283
v 3661.308 38.372 -3517.973
v 3659.571 38.258 -3516.982
v 3672.643 38.864 -3514.247
v 3674.380 38.986 -3515.238
v 3669.994 38.988 -3522.928
v 3668.257 38.859 -3521.937
v 3663.980 38.315 -3509.542
v 3664.280 38.315 -3509.542
v 3664.280 38.315 -3509.242
v 3663.980 38.315 -3509.242
v 3663.980 46.315 -3509.542
v 3664.280 46.315 -3509.542
v 3664.280 46.315 -3509.242
v 3663.980 46.315 -3509.242
v 3674.056 38.974 -3515.289
v 3674.356 38.974 -3515.289
v 3674.356 38.974 -3514.989
v 3674.056 38.974 -3514.989
v 3674.056 46.974 -3515.289
v 3674.356 46.974 -3515.289
v 3674.356 46.974 -3514.989
v 3674.056 46.974 -3514.989
v 3661.309 38.222 -3517.971
v 3668.255 38.709 -3521.939
v 3663.869 38.660 -3529.616
v 3656.923 38.143 -3525.647
v 3659.573 38.258 -3516.978
v 3661.309 38.372 -3517.971
v 3656.923 38.293 -3525.647
v 3655.187 38.167 -3524.655
v 3668.255 38.859 -3521.939
v 3669.992 38.988 -3522.931
v 3665.606 38.942 -3530.608
v 3663.869 38.810 -3529.616
v 3656.887 38.143 -3525.712
v 3663.906 38.660 -3529.551
v 3661.702 38.630 -3533.581
v 3654.683 38.106 -3529.742
v 3655.132 38.166 -3524.752
v 3656.887 38.293 -3525.712
v 3654.683 38.256 -3529.742
v 3652.928 38.128 -3528.782
v 3663.906 38.810 -3529.551
v 3665.660 38.943 -3530.511
v 3663.456 38.915 -3534.541
v 3661.702 38.780 -3533.581
v 3654.323 38.105 -3530.645
v 3662.061 38.629 -3532.678
v 3660.235 38.691 -3539.628
v 3652.498 38.149 -3537.595
v 3652.389 38.126 -3530.137
v 3654.323 38.255 -3530.645
v 3652.498 38.299 -3537.595
v 3650.563 38.166 -3537.087
v 3662.061 38.779 -3532.678
v 3663.995 38.913 -3533.186
v 3662.170 38.979 -3540.136
v 3660.235 38.841 -3539.628
v 3652.683 38.149 -3537.051
v 3660.050 38.693 -3540.172
v 3656.020 38.657 -3549.685
v 3648.654 38.096 -3546.564
v 3650.842 38.166 -3536.271
v 3652.683 38.299 -3537.051
v 3648.654 38.246 -3546.564
v 3646.812 38.108 -3545.784
v 3660.050 38.843 -3540.172
v 3661.891 38.982 -3540.952
v 3657.862 38.950 -3550.465
v 3656.020 38.807 -3549.685
v 3650.876 38.179 -3536.499
v 3651.176 38.179 -3536.499
v 3651.176 38.179 -3536.199
v 3650.876 38.179 -3536.199
v 3650.876 46.179 -3536.499
v 3651.176 46.179 -3536.499
v 3651.176 46.179 -3536.199
v 3650.876 46.179 -3536.199
v 3661.557 38.968 -3541.024
v 3661.857 38.968 -3541.024
v 3661.857 38.968 -3540.724
v 3661.557 38.968 -3540.724
v 3661.557 46.968 -3541.024
v 3661.857 46.968 -3541.024
v 3661.857 46.968 -3540.724
v 3661.557 46.968 -3540.724
v 3648.720 38.097 -3546.416
v 3655.953 38.656 -3549.833
v 3652.669 38.635 -3556.783
v 3645.436 38.033 -3553.366
v 3646.912 38.110 -3545.561
v 3648.720 38.247 -3546.416
v 3645.436 38.183 -3553.366
v 3643.628 38.031 -3552.511
v 3655.953 38.806 -3549.833
v 3657.762 38.949 -3550.688
v 3654.478 38.934 -3557.638
v 3652.669 38.785 -3556.783
v 3645.778 38.036 -3552.778
v 3652.328 38.631 -3557.371
v 3647.196 38.533 -3564.691
v 3640.646 37.944 -3560.098
v 3644.140 38.046 -3551.630
v 3645.778 38.186 -3552.778
v 3640.646 38.094 -3560.098
v 3639.008 37.945 -3558.950
v 3652.328 38.781 -3557.371
v 3653.966 38.928 -3558.519
v 3648.834 38.828 -3565.839
v 3647.196 38.683 -3564.691
v 3641.092 37.955 -3559.567
v 3646.750 38.522 -3565.222
v 3637.244 38.244 -3574.735
v 3631.585 37.677 -3569.080
v 3639.677 37.961 -3558.153
v 3641.092 38.105 -3559.567
v 3631.585 37.827 -3569.080
v 3630.170 37.683 -3567.666
v 3646.750 38.672 -3565.222
v 3648.165 38.811 -3566.636
v 3638.658 38.534 -3576.149
v 3637.244 38.394 -3574.735
v 3639.668 37.975 -3558.445
v 3639.968 37.975 -3558.445
v 3639.968 37.975 -3558.145
v 3639.668 37.975 -3558.145
v 3639.668 45.975 -3558.445
v 3639.968 45.975 -3558.445
v 3639.968 45.975 -3558.145
v 3639.668 45.975 -3558.145
v 3647.874 38.797 -3566.644
v 3648.174 38.797 -3566.644
v 3648.174 38.797 -3566.344
v 3647.874 38.797 -3566.344
v 3647.874 46.797 -3566.644
v 3648.174 46.797 -3566.644
v 3648.174 46.797 -3566.344
v 3647.874 46.797 -3566.344
v 3631.585 37.677 -3569.080
v 3637.244 38.244 -3574.735
v 3625.900 38.043 -3586.085
v 3620.242 37.402 -3580.430
v 3630.171 37.683 -3567.666
v 3631.585 37.827 -3569.080
v 3620.242 37.552 -3580.430
v 3618.827 37.408 -3579.016
v 3637.244 38.394 -3574.735
v 3638.658 38.534 -3576.149
v 3627.315 38.361 -3587.499
v 3625.900 38.193 -3586.085
v 3619.919 37.397 -3580.794
v 3626.222 38.040 -3585.721
v 3617.072 38.292 -3597.427
v 3610.769 37.756 -3592.501
v 3618.344 37.400 -3579.562
v 3619.919 37.547 -3580.794
v 3610.769 37.906 -3592.501
v 3609.193 37.772 -3591.269
v 3626.222 38.190 -3585.721
v 3627.798 38.356 -3586.953
v 3618.648 38.603 -3598.659
v 3617.072 38.442 -3597.427
v 3618.351 37.415 -3579.836
v 3618.651 37.415 -3579.836
v 3618.651 37.415 -3579.536
v 3618.351 37.415 -3579.536
v 3618.351 45.415 -3579.836
v 3618.651 45.415 -3579.836
v 3618.651 45.415 -3579.536
v 3618.351 45.415 -3579.536
v 3627.491 38.340 -3586.979
v 3627.791 38.340 -3586.979
v 3627.791 38.340 -3586.679
v 3627.491 38.340 -3586.679
v 3627.491 46.340 -3586.979
v 3627.791 46.340 -3586.979
v 3627.791 46.340 -3586.679
v 3627.491 46.340 -3586.679
v 3610.720 37.759 -3592.565
v 3617.121 38.290 -3597.364
v 3611.633 38.624 -3604.683
v 3605.232 38.111 -3599.885
v 3609.120 37.777 -3591.365
v 3610.720 37.909 -3592.565
v 3605.232 38.261 -3599.885
v 3603.632 38.130 -3598.685
v 3617.121 38.440 -3597.364
v 3618.721 38.600 -3598.563
v 3613.233 38.900 -3605.883
v 3611.633 38.774 -3604.683
v 3605.072 38.123 -3600.114
v 3611.793 38.612 -3604.454
v 3607.774 38.939 -3610.677
v 3601.053 38.456 -3606.337
v 3603.392 38.148 -3599.029
v 3605.072 38.273 -3600.114
v 3601.053 38.606 -3606.337
v 3599.373 38.482 -3605.252
v 3611.793 38.762 -3604.454
v 3613.473 38.883 -3605.539
v 3609.454 39.208 -3611.762
v 3607.774 39.089 -3610.677
v 3600.670 38.500 -3607.098
v 3608.157 38.896 -3609.917
v 3605.953 39.295 -3615.770
v 3598.466 38.865 -3612.951
v 3598.799 38.549 -3606.393
v 3600.670 38.650 -3607.098
v 3598.466 39.015 -3612.951
v 3596.595 38.917 -3612.246
v 3608.157 39.046 -3609.917
v 3610.029 39.143 -3610.622
v 3607.825 39.551 -3616.475
v 3605.953 39.445 -3615.770
v 3598.562 38.851 -3612.719
v 3605.857 39.313 -3616.002
v 3602.562 39.881 -3623.322
v 3595.267 39.425 -3620.039
v 3596.738 38.895 -3611.898
v 3598.562 39.001 -3612.719
v 3595.267 39.575 -3620.039
v 3593.443 39.459 -3619.218
v 3605.857 39.463 -3616.002
v 3607.681 39.578 -3616.823
v 3604.386 40.142 -3624.143
v 3602.562 40.031 -3623.322
v 3596.771 38.906 -3612.130
v 3597.071 38.906 -3612.130
v 3597.071 38.906 -3611.830
v 3596.771 38.906 -3611.830
v 3596.771 46.906 -3612.130
v 3597.071 46.906 -3612.130
v 3597.071 46.906 -3611.830
v 3596.771 46.906 -3611.830
v 3607.349 39.566 -3616.891
v 3607.649 39.566 -3616.891
v 3607.649 39.566 -3616.591
v 3607.349 39.566 -3616.591
v 3607.349 47.566 -3616.891
v 3607.649 47.566 -3616.891
v 3607.649 47.566 -3616.591
v 3607.349 47.566 -3616.591
v 3594.968 39.508 -3621.026
v 3602.861 39.800 -3622.335
v 3601.770 40.360 -3628.915
v 3593.878 40.085 -3627.606
v 3592.995 39.584 -3620.699
v 3594.968 39.658 -3621.026
v 3593.878 40.235 -3627.606
v 3591.904 40.165 -3627.279
v 3602.861 39.950 -3622.335
v 3604.834 40.022 -3622.662
v 3603.743 40.577 -3629.242
v 3601.770 40.510 -3628.915
v 3593.833 40.120 -3627.993
v 3601.815 40.326 -3628.528
v 3601.447 40.806 -3634.011
v 3593.465 40.614 -3633.477
v 3591.837 40.218 -3627.859
v 3593.833 40.270 -3627.993
v 3593.465 40.764 -3633.477
v 3591.470 40.716 -3633.343
v 3601.815 40.476 -3628.528
v 3603.810 40.527 -3628.662
v 3603.443 41.003 -3634.145
v 3601.447 40.956 -3634.011
v 3593.460 40.622 -3633.562
v 3601.452 40.798 -3633.926
v 3601.085 41.508 -3641.986
v 3593.093 41.354 -3641.622
v 3591.463 40.728 -3633.471
v 3593.460 40.772 -3633.562
v 3593.093 41.504 -3641.622
v 3591.095 41.465 -3641.531
v 3601.452 40.948 -3633.926
v 3603.450 40.992 -3634.017
v 3603.083 41.697 -3642.077
v 3601.085 41.658 -3641.986
v 3593.096 41.393 -3642.040
v 3601.082 41.471 -3641.568
v 3601.449 42.027 -3647.778
v 3593.463 41.966 -3648.250
v 3591.099 41.523 -3642.158
v 3593.096 41.543 -3642.040
v 3593.463 42.116 -3648.250
v 3591.467 42.100 -3648.368
v 3601.082 41.621 -3641.568
v 3603.078 41.641 -3641.449
v 3603.446 42.193 -3647.660
v 3601.449 42.177 -3647.778
v 3593.490 41.992 -3648.533
v 3601.422 42.002 -3647.495
v 3602.525 42.759 -3655.911
v 3594.592 42.771 -3656.950
v 3591.507 42.140 -3648.793
v 3593.490 42.142 -3648.533
v 3594.592 42.921 -3656.950
v 3592.609 42.925 -3657.209
v 3601.422 42.152 -3647.495
v 3603.406 42.155 -3647.235
v 3604.508 42.907 -3655.651
v 3602.525 42.909 -3655.911
v 3591.555 42.140 -3648.917
v 3591.855 42.140 -3648.917
v 3591.855 42.140 -3648.617
v 3591.555 42.140 -3648.617
v 3591.555 50.140 -3648.917
v 3591.855 50.140 -3648.917
v 3591.855 50.140 -3648.617
v 3591.555 50.140 -3648.617
v 3603.057 42.155 -3647.411
v 3603.357 42.155 -3647.411
v 3603.357 42.155 -3647.111
v 3603.057 42.155 -3647.111
v 3603.057 50.155 -3647.411
v 3603.357 50.155 -3647.411
v 3603.357 50.155 -3647.111
v 3603.057 50.155 -3647.111
v 3594.677 42.813 -3657.398
v 3602.440 42.719 -3655.463
v 3605.724 43.901 -3668.636
v 3597.961 44.028 -3670.571
v 3592.737 42.988 -3657.882
v 3594.677 42.963 -3657.398
v 3597.961 44.178 -3670.571
v 3596.020 44.211 -3671.055
v 3602.440 42.869 -3655.463
v 3604.380 42.847 -3654.979
v 3607.664 44.021 -3668.152
v 3605.724 44.051 -3668.636
v 3597.868 43.981 -3670.057
v 3605.817 43.947 -3669.151
v 3607.653 45.164 -3685.257
v 3599.705 45.216 -3686.164
v 3595.881 44.141 -3670.284
v 3597.868 44.131 -3670.057
v 3599.705 45.366 -3686.164
v 3597.718 45.380 -3686.390
v 3605.817 44.097 -3669.151
v 3607.804 44.089 -3668.924
v 3609.640 45.301 -3685.031
v 3607.653 45.314 -3685.257
v 3599.702 45.214 -3686.134
v 3607.657 45.166 -3685.287
v 3608.748 45.879 -3695.527
v 3600.793 45.947 -3696.374
v 3597.713 45.377 -3686.346
v 3599.702 45.364 -3686.134
v 3600.793 46.097 -3696.374
v 3598.804 46.115 -3696.586
v 3607.657 45.316 -3685.287
v 3609.645 45.304 -3685.075
v 3610.736 46.013 -3695.315
v 3608.748 46.029 -3695.527
v 3597.762 45.376 -3686.475
v 3598.062 45.376 -3686.475
v 3598.062 45.376 -3686.175
v 3597.762 45.376 -3686.175
v 3597.762 53.376 -3686.475
v 3598.062 53.376 -3686.475
v 3598.062 53.376 -3686.175
v 3597.762 53.376 -3686.175
v 3609.296 45.305 -3685.246
v 3609.596 45.305 -3685.246
v 3609.596 45.305 -3684.946
v 3609.296 45.305 -3684.946
v 3609.296 53.305 -3685.246
v 3609.596 53.305 -3685.246
v 3609.596 53.305 -3684.946
v 3609.296 53.305 -3684.946
v 3600.774 45.930 -3696.133
v 3608.766 45.896 -3695.768
v 3609.133 46.455 -3703.815
v 3601.142 46.504 -3704.180
v 3598.776 46.089 -3696.224
v 3600.774 46.080 -3696.133
v 3601.142 46.654 -3704.180
v 3599.144 46.666 -3704.271
v 3608.766 46.046 -3695.768
v 3610.764 46.038 -3695.677
v 3611.131 46.593 -3703.723
v 3609.133 46.605 -3703.815
v 3601.167 46.456 -3703.507
v 3609.107 46.501 -3704.487
v 3608.384 46.748 -3710.353
v 3600.444 46.734 -3709.374
v 3599.182 46.594 -3703.263
v 3601.167 46.606 -3703.507
v 3600.444 46.884 -3709.374
v 3598.459 46.880 -3709.129
v 3609.107 46.651 -3704.487
v 3611.092 46.656 -3704.732
v 3610.369 46.901 -3710.598
v 3608.384 46.898 -3710.353
v 3600.796 46.681 -3708.158
v 3608.032 46.799 -3711.569
v 3605.104 47.069 -3717.779
v 3597.868 46.953 -3714.368
v 3598.987 46.801 -3707.305
v 3600.796 46.831 -3708.158
v 3597.868 47.103 -3714.368
v 3596.059 47.074 -3713.515
v 3608.032 46.949 -3711.569
v 3609.841 46.978 -3712.422
v 3606.913 47.247 -3718.632
v 3605.104 47.219 -3717.779
v 3598.526 46.909 -3713.384
v 3604.446 47.113 -3718.764
v 3597.121 47.482 -3726.824
v 3591.201 47.280 -3721.443
v 3597.046 47.008 -3712.038
v 3598.526 47.059 -3713.384
v 3591.201 47.430 -3721.443
v 3589.721 47.378 -3720.098
v 3604.446 47.263 -3718.764
v 3605.926 47.313 -3720.109
v 3598.602 47.682 -3728.169
v 3597.121 47.632 -3726.824
v 3597.044 47.013 -3712.323
v 3597.344 47.013 -3712.323
v 3597.344 47.013 -3712.023
v 3597.044 47.013 -3712.023
v 3597.044 55.013 -3712.323
v 3597.344 55.013 -3712.323
v 3597.344 55.013 -3712.023
v 3597.044 55.013 -3712.023
v 3605.628 47.308 -3720.125
v 3605.928 47.308 -3720.125
v 3605.928 47.308 -3719.825
v 3605.628 47.308 -3719.825
v 3605.628 55.308 -3720.125
v 3605.928 55.308 -3720.125
v 3605.928 55.308 -3719.825
v 3605.628 55.308 -3719.825
v 3591.065 47.287 -3721.601
v 3597.257 47.475 -3726.667
v 3580.793 47.988 -3746.790
v 3574.601 47.948 -3741.724
v 3589.517 47.389 -3720.334
v 3591.065 47.437 -3721.601
v 3574.601 48.098 -3741.724
v 3573.053 48.011 -3740.458
v 3597.257 47.625 -3726.667
v 3598.805 47.672 -3727.933
v 3582.341 48.142 -3748.056
v 3580.793 48.138 -3746.790
v 3574.443 47.941 -3741.931
v 3580.951 47.986 -3746.583
v 3566.313 47.679 -3767.063
v 3559.804 47.388 -3762.411
v 3572.816 48.001 -3740.768
v 3574.443 48.091 -3741.931
v 3559.804 47.538 -3762.411
v 3558.177 47.451 -3761.248
v 3580.951 48.136 -3746.583
v 3582.578 48.139 -3747.746
v 3567.940 47.879 -3768.226
v 3566.313 47.829 -3767.063
v 3572.829 48.010 -3741.034
v 3573.129 48.010 -3741.034
v 3573.129 48.010 -3740.734
v 3572.829 48.010 -3740.734
v 3572.829 56.010 -3741.034
v 3573.129 56.010 -3741.034
v 3573.129 56.010 -3740.734
v 3572.829 56.010 -3740.734
v 3582.266 48.138 -3747.780
v 3582.566 48.138 -3747.780
v 3582.566 48.138 -3747.480
v 3582.266 48.138 -3747.480
v 3582.266 56.138 -3747.780
v 3582.566 56.138 -3747.780
v 3582.566 56.138 -3747.480
v 3582.266 56.138 -3747.480
v 3559.858 47.389 -3762.339
v 3566.260 47.676 -3767.136
v 3553.090 46.822 -3784.709
v 3546.689 46.639 -3779.912
v 3558.257 47.454 -3761.139
v 3559.858 47.539 -3762.339
v 3546.689 46.789 -3779.912
v 3545.088 46.738 -3778.713
v 3566.260 47.826 -3767.136
v 3567.860 47.873 -3768.335
v 3554.691 47.014 -3785.909
v 3553.090 46.972 -3784.709
v 3546.655 46.637 -3779.957
v 3553.124 46.824 -3784.664
v 3547.268 46.506 -3792.711
v 3540.800 46.329 -3788.004
v 3545.038 46.736 -3778.780
v 3546.655 46.787 -3779.957
v 3540.800 46.479 -3788.004
v 3539.183 46.430 -3786.827
v 3553.124 46.974 -3784.664
v 3554.741 47.017 -3785.841
v 3548.886 46.696 -3793.888
v 3547.268 46.656 -3792.711
v 3545.050 46.741 -3779.048
v 3545.350 46.741 -3779.048
v 3545.350 46.741 -3778.748
v 3545.050 46.741 -3778.748
v 3545.050 54.741 -3779.048
v 3545.350 54.741 -3779.048
v 3545.350 54.741 -3778.748
v 3545.050 54.741 -3778.748
v 3554.429 47.013 -3785.873
v 3554.729 47.013 -3785.873
v 3554.729 47.013 -3785.573
v 3554.429 47.013 -3785.573
v 3554.429 55.013 -3785.873
v 3554.729 55.013 -3785.873
v 3554.729 55.013 -3785.573
v 3554.429 55.013 -3785.573
v 3541.300 46.352 -3787.438
v 3546.768 46.482 -3793.277
v 3540.913 46.201 -3798.761
v 3535.445 46.100 -3792.921
v 3539.933 46.466 -3785.978
v 3541.300 46.502 -3787.438
v 3535.445 46.250 -3792.921
v 3534.077 46.213 -3791.461
v 3546.768 46.632 -3793.277
v 3548.135 46.660 -3794.737
v 3542.280 46.364 -3800.220
v 3540.913 46.351 -3798.761
v 3536.388 46.137 -3792.264
v 3539.969 46.159 -3799.418
v 3526.800 45.587 -3806.011
v 3523.219 45.470 -3798.857
v 3535.493 46.269 -3790.476
v 3536.388 46.287 -3792.264
v 3523.219 45.620 -3798.857
v 3522.323 45.582 -3797.069
v 3539.969 46.309 -3799.418
v 3540.865 46.302 -3801.206
v 3527.696 45.756 -3807.799
v 3526.800 45.737 -3806.011
v 3523.189 45.468 -3798.873
v 3526.830 45.588 -3805.996
v 3510.366 45.030 -3814.413
v 3506.725 44.811 -3807.289
v 3522.278 45.579 -3797.092
v 3523.189 45.618 -3798.873
v 3506.725 44.961 -3807.289
v 3505.814 44.897 -3805.509
v 3526.830 45.738 -3805.996
v 3527.741 45.758 -3807.777
v 3511.277 45.226 -3816.193
v 3510.366 45.180 -3814.413
v 3522.220 45.583 -3797.420
v 3522.520 45.583 -3797.420
v 3522.520 45.583 -3797.120
v 3522.220 45.583 -3797.120
v 3522.220 53.583 -3797.420
v 3522.520 53.583 -3797.420
v 3522.520 53.583 -3797.120
v 3522.220 53.583 -3797.120
v 3527.500 45.756 -3807.749
v 3527.800 45.756 -3807.749
v 3527.800 45.756 -3807.449
v 3527.500 45.756 -3807.449
v 3527.500 53.756 -3807.749
v 3527.800 53.756 -3807.749
v 3527.800 53.756 -3807.449
v 3527.500 53.756 -3807.449
v 3506.439 44.803 -3807.451
v 3510.652 45.037 -3814.251
v 3500.032 44.869 -3820.831
v 3495.819 44.584 -3814.031
v 3505.385 44.884 -3805.751
v 3506.439 44.953 -3807.451
v 3495.819 44.734 -3814.031
v 3494.765 44.652 -3812.331
v 3510.652 45.187 -3814.251
v 3511.706 45.235 -3815.951
v 3501.086 45.080 -3822.531
v 3500.032 45.019 -3820.831
v 3495.452 44.580 -3814.288
v 3500.399 44.872 -3820.574
v 3495.279 44.870 -3824.604
v 3490.331 44.555 -3818.318
v 3494.215 44.646 -3812.716
v 3495.452 44.730 -3814.288
v 3490.331 44.705 -3818.318
v 3489.094 44.612 -3816.746
v 3500.399 45.022 -3820.574
v 3501.636 45.084 -3822.146
v 3496.516 45.086 -3826.176
v 3495.279 45.020 -3824.604
v 3489.978 44.555 -3818.631
v 3495.632 44.868 -3824.291
v 3490.144 44.946 -3829.774
v 3484.490 44.620 -3824.115
v 3488.564 44.612 -3817.217
v 3489.978 44.705 -3818.631
v 3484.490 44.770 -3824.115
v 3483.076 44.677 -3822.700
v 3495.632 45.018 -3824.291
v 3497.046 45.082 -3825.706
v 3491.558 45.167 -3831.189
v 3490.144 45.096 -3829.774
v 3484.178 44.627 -3824.466
v 3490.456 44.939 -3829.423
v 3484.968 45.125 -3836.374
v 3478.689 44.831 -3831.416
v 3482.608 44.688 -3823.226
v 3484.178 44.777 -3824.466
v 3478.689 44.981 -3831.416
v 3477.120 44.897 -3830.176
v 3490.456 45.089 -3829.423
v 3492.026 45.157 -3830.663
v 3486.538 45.338 -3837.613
v 3484.968 45.275 -3836.374
v 3482.615 44.697 -3823.500
v 3482.915 44.697 -3823.500
v 3482.915 44.697 -3823.200
v 3482.615 44.697 -3823.200
v 3482.615 52.697 -3823.500
v 3482.915 52.697 -3823.500
v 3482.915 52.697 -3823.200
v 3482.615 52.697 -3823.200
v 3491.719 45.150 -3830.689
v 3492.019 45.150 -3830.689
v 3492.019 45.150 -3830.389
v 3491.719 45.150 -3830.389
v 3491.719 53.150 -3830.689
v 3492.019 53.150 -3830.689
v 3492.019 53.150 -3830.389
v 3491.719 53.150 -3830.389
v 3478.446 44.844 -3831.760
v 3485.212 45.114 -3836.029
v 3480.826 45.379 -3842.979
v 3474.060 45.139 -3838.710
v 3476.755 44.917 -3830.693
v 3478.446 44.994 -3831.760
v 3474.060 45.289 -3838.710
v 3472.369 45.220 -3837.643
v 3485.212 45.264 -3836.029
v 3486.903 45.322 -3837.097
v 3482.517 45.580 -3844.047
v 3480.826 45.529 -3842.979
v 3474.279 45.125 -3838.397
v 3480.606 45.393 -3843.293
v 3471.823 45.986 -3854.643
v 3465.496 45.748 -3849.747
v 3472.698 45.197 -3837.173
v 3474.279 45.275 -3838.397
v 3465.496 45.898 -3849.747
v 3463.915 45.828 -3848.523
v 3480.606 45.543 -3843.293
v 3482.188 45.600 -3844.517
v 3473.405 46.185 -3855.867
v 3471.823 46.136 -3854.643
v 3465.702 45.732 -3849.502
v 3471.618 46.001 -3854.887
v 3464.293 46.504 -3862.934
v 3458.377 46.301 -3857.549
v 3464.223 45.804 -3848.156
v 3465.702 45.882 -3849.502
v 3458.377 46.451 -3857.549
v 3456.898 46.386 -3856.203
v 3471.618 46.151 -3854.887
v 3473.097 46.208 -3856.234
v 3465.772 46.698 -3864.281
v 3464.293 46.654 -3862.934
v 3464.221 45.812 -3848.441
v 3464.521 45.812 -3848.441
v 3464.521 45.812 -3848.141
v 3464.221 45.812 -3848.141
v 3464.221 53.812 -3848.441
v 3464.521 53.812 -3848.441
v 3464.521 53.812 -3848.141
v 3464.221 53.812 -3848.141
v 3472.799 46.202 -3856.249
v 3473.099 46.202 -3856.249
v 3473.099 46.202 -3855.949
v 3472.799 46.202 -3855.949
v 3472.799 54.202 -3856.249
v 3473.099 54.202 -3856.249
v 3473.099 54.202 -3855.949
v 3472.799 54.202 -3855.949
v 3457.709 46.364 -3858.553
v 3464.961 46.443 -3861.931
v 3462.400 46.769 -3867.427
v 3455.149 46.711 -3864.049
v 3455.896 46.490 -3857.708
v 3457.709 46.514 -3858.553
v 3455.149 46.861 -3864.049
v 3453.336 46.842 -3863.205
v 3464.961 46.593 -3861.931
v 3466.774 46.607 -3862.775
v 3464.213 46.929 -3868.272
v 3462.400 46.919 -3867.427
v 3455.097 46.719 -3864.165
v 3462.452 46.762 -3867.311
v 3459.168 47.241 -3874.988
v 3451.813 47.228 -3871.842
v 3453.258 46.853 -3863.379
v 3455.097 46.869 -3864.165
v 3451.813 47.378 -3871.842
v 3449.974 47.332 -3871.055
v 3462.452 46.912 -3867.311
v 3464.291 46.918 -3868.098
v 3461.007 47.390 -3875.775
v 3459.168 47.391 -3874.988
v 3451.496 47.316 -3873.215
v 3459.486 47.159 -3873.616
v 3459.118 47.567 -3880.936
v 3451.128 47.758 -3880.535
v 3449.498 47.451 -3873.114
v 3451.496 47.466 -3873.215
v 3451.128 47.908 -3880.535
v 3449.131 47.889 -3880.435
v 3459.486 47.309 -3873.616
v 3461.483 47.269 -3873.716
v 3461.116 47.667 -3881.036
v 3459.118 47.717 -3880.936
v 3451.129 47.782 -3880.946
v 3459.118 47.544 -3880.524
v 3459.485 47.905 -3887.474
v 3451.496 48.171 -3887.897
v 3449.132 47.927 -3881.052
v 3451.129 47.932 -3880.946
v 3451.496 48.321 -3887.897
v 3449.499 48.326 -3888.002
v 3459.118 47.694 -3880.524
v 3461.115 47.635 -3880.419
v 3461.482 47.989 -3887.369
v 3459.485 48.055 -3887.474
v 3451.625 48.196 -3888.713
v 3459.356 47.871 -3886.657
v 3460.814 48.027 -3892.141
v 3453.083 48.345 -3894.197
v 3449.692 48.370 -3889.227
v 3451.625 48.346 -3888.713
v 3453.083 48.495 -3894.197
v 3451.150 48.571 -3894.711
v 3459.356 48.021 -3886.657
v 3461.289 47.934 -3886.143
v 3462.747 48.098 -3891.627
v 3460.814 48.177 -3892.141
v 3449.735 48.369 -3889.326
v 3450.035 48.369 -3889.326
v 3450.035 48.369 -3889.026
v 3449.735 48.369 -3889.026
v 3449.735 56.369 -3889.326
v 3450.035 56.369 -3889.326
v 3450.035 56.369 -3889.026
v 3449.735 56.369 -3889.026
v 3460.946 47.943 -3886.345
v 3461.246 47.943 -3886.345
v 3461.246 47.943 -3886.045
v 3460.946 47.943 -3886.045
v 3460.946 55.943 -3886.345
v 3461.246 55.943 -3886.345
v 3461.246 55.943 -3886.045
v 3460.946 55.943 -3886.045
v 3453.139 48.350 -3894.387
v 3460.759 48.022 -3891.951
v 3463.019 48.198 -3899.020
v 3455.399 48.528 -3901.456
v 3451.234 48.582 -3894.996
v 3453.139 48.500 -3894.387
v 3455.399 48.678 -3901.456
v 3453.494 48.761 -3902.065
v 3460.759 48.172 -3891.951
v 3462.664 48.091 -3891.342
v 3464.924 48.266 -3898.411
v 3463.019 48.348 -3899.020
v 3455.397 48.528 -3901.452
v 3463.020 48.198 -3899.024
v 3466.248 48.448 -3909.158
v 3458.626 48.781 -3911.587
v 3453.492 48.761 -3902.059
v 3455.397 48.678 -3901.452
v 3458.626 48.931 -3911.587
v 3456.720 49.015 -3912.194
v 3463.020 48.348 -3899.024
v 3464.926 48.266 -3898.417
v 3468.154 48.515 -3908.551
v 3466.248 48.598 -3909.158
v 3458.437 48.745 -3910.372
v 3466.437 48.484 -3910.372
v 3466.437 48.675 -3915.856
v 3458.437 48.938 -3915.856
v 3456.437 48.960 -3910.372
v 3458.437 48.895 -3910.372
v 3458.437 49.088 -3915.856
v 3456.437 49.154 -3915.856
v 3466.437 48.634 -3910.372
v 3468.437 48.569 -3910.372
v 3468.437 48.759 -3915.856
v 3466.437 48.825 -3915.856
v 3458.492 48.913 -3915.197
v 3466.382 48.699 -3916.515
v 3465.648 48.824 -3920.915
v 3457.757 49.050 -3919.597
v 3456.519 49.116 -3914.868
v 3458.492 49.063 -3915.197
v 3457.757 49.200 -3919.597
v 3455.784 49.259 -3919.268
v 3466.382 48.849 -3916.515
v 3468.355 48.796 -3916.844
v 3467.620 48.919 -3921.244
v 3465.648 48.974 -3920.915
v 3458.016 49.029 -3918.703
v 3465.388 48.849 -3921.809
v 3462.461 49.058 -3928.759
v 3455.088 49.215 -3925.653
v 3456.173 49.228 -3917.927
v 3458.016 49.179 -3918.703
v 3455.088 49.365 -3925.653
v 3453.245 49.408 -3924.877
v 3465.388 48.999 -3921.809
v 3467.232 48.958 -3922.585
v 3464.304 49.173 -3929.535
v 3462.461 49.208 -3928.759
v 3456.207 49.223 -3918.154
v 3456.507 49.223 -3918.154
v 3456.507 49.223 -3917.854
v 3456.207 49.223 -3917.854
v 3456.207 57.223 -3918.154
v 3456.507 57.223 -3918.154
v 3456.507 57.223 -3917.854
v 3456.207 57.223 -3917.854
v 3466.897 48.962 -3922.658
v 3467.197 48.962 -3922.658
v 3467.197 48.962 -3922.358
v 3466.897 48.962 -3922.358
v 3466.897 56.962 -3922.658
v 3467.197 56.962 -3922.658
v 3467.197 56.962 -3922.358
v 3466.897 56.962 -3922.358
v 3455.483 49.194 -3924.934
v 3462.066 49.081 -3929.479
v 3458.782 49.240 -3934.235
v 3452.199 49.343 -3929.690
v 3453.837 49.377 -3923.797
v 3455.483 49.344 -3924.934
v 3452.199 49.493 -3929.690
v 3450.553 49.501 -3928.554
v 3462.066 49.231 -3929.479
v 3463.712 49.208 -3930.615
v 3460.428 49.369 -3935.372
v 3458.782 49.390 -3934.235
v 3452.574 49.328 -3929.225
v 3458.407 49.256 -3934.701
v 3441.575 49.405 -3952.631
v 3435.743 49.387 -3947.156
v 3451.116 49.497 -3927.856
v 3452.574 49.478 -3929.225
v 3435.743 49.537 -3947.156
v 3434.284 49.512 -3945.787
v 3458.407 49.406 -3934.701
v 3459.865 49.393 -3936.069
v 3443.034 49.560 -3954.000
v 3441.575 49.555 -3952.631
v 3451.112 49.499 -3928.143
v 3451.412 49.499 -3928.143
v 3451.412 49.499 -3927.843
v 3451.112 49.499 -3927.843
v 3451.112 57.499 -3928.143
v 3451.412 57.499 -3928.143
v 3451.412 57.499 -3927.843
v 3451.112 57.499 -3927.843
v 3459.569 49.394 -3936.082
v 3459.869 49.394 -3936.082
v 3459.869 49.394 -3935.782
v 3459.569 49.394 -3935.782
v 3459.569 57.394 -3936.082
v 3459.869 57.394 -3936.082
v 3459.869 57.394 -3935.782
v 3459.569 57.394 -3935.782
v 3435.686 49.387 -3947.217
v 3441.632 49.407 -3952.570
v 3435.042 49.209 -3959.890
v 3429.096 49.202 -3954.537
v 3434.200 49.512 -3945.879
v 3435.686 49.537 -3947.217
v 3429.096 49.352 -3954.537
v 3427.610 49.355 -3953.199
v 3441.632 49.557 -3952.570
v 3443.118 49.562 -3953.908
v 3436.528 49.366 -3961.228
v 3435.042 49.359 -3959.890
v 3428.623 49.184 -3955.181
v 3435.514 49.227 -3959.245
v 3431.852 49.064 -3965.456
v 3424.961 49.008 -3961.392
v 3426.901 49.327 -3954.165
v 3428.623 49.334 -3955.181
v 3424.961 49.158 -3961.392
v 3423.238 49.148 -3960.376
v 3435.514 49.377 -3959.245
v 3437.237 49.392 -3960.261
v 3433.575 49.232 -3966.472
v 3431.852 49.214 -3965.456
v 3424.537 48.980 -3962.409
v 3432.276 49.089 -3964.438
v 3430.450 48.935 -3971.401
v 3422.712 48.802 -3969.373
v 3422.603 49.105 -3961.902
v 3424.537 49.130 -3962.409
v 3422.712 48.952 -3969.373
v 3420.777 48.921 -3968.865
v 3432.276 49.239 -3964.438
v 3434.210 49.268 -3964.945
v 3432.385 49.121 -3971.909
v 3430.450 49.085 -3971.401
v 3422.581 48.778 -3970.387
v 3430.581 48.955 -3970.387
v 3430.581 48.837 -3977.337
v 3422.581 48.634 -3977.337
v 3420.581 48.884 -3970.387
v 3422.581 48.928 -3970.387
v 3422.581 48.784 -3977.337
v 3420.581 48.733 -3977.337
v 3430.581 49.105 -3970.387
v 3432.581 49.149 -3970.387
v 3432.581 49.038 -3977.337
v 3430.581 48.987 -3977.337
v 3420.631 48.888 -3970.537
v 3420.931 48.888 -3970.537
v 3420.931 48.888 -3970.237
v 3420.631 48.888 -3970.237
v 3420.631 56.888 -3970.537
v 3420.931 56.888 -3970.537
v 3420.931 56.888 -3970.237
v 3420.631 56.888 -3970.237
v 3432.231 49.145 -3970.537
v 3432.531 49.145 -3970.537
v 3432.531 49.145 -3970.237
v 3432.231 49.145 -3970.237
v 3432.231 57.145 -3970.537
v 3432.531 57.145 -3970.537
v 3432.531 57.145 -3970.237
v 3432.231 57.145 -3970.237
v 3422.729 48.615 -3978.416
v 3430.433 48.852 -3976.259
v 3432.993 48.721 -3985.402
v 3425.289 48.432 -3987.559
v 3420.803 48.699 -3978.955
v 3422.729 48.765 -3978.416
v 3425.289 48.582 -3987.559
v 3423.363 48.507 -3988.099
v 3430.433 49.002 -3976.259
v 3432.359 49.059 -3975.719
v 3434.919 48.941 -3984.863
v 3432.993 48.871 -3985.402
v 3425.536 48.422 -3988.214
v 3432.746 48.729 -3984.747
v 3437.499 48.667 -3994.631
v 3430.290 48.329 -3998.098
v 3423.734 48.491 -3989.081
v 3425.536 48.572 -3988.214
v 3430.290 48.479 -3998.098
v 3428.487 48.391 -3998.965
v 3432.746 48.879 -3984.747
v 3434.548 48.951 -3983.880
v 3439.302 48.897 -3993.764
v 3437.499 48.817 -3994.631
v 3431.172 48.333 -3999.295
v 3436.617 48.661 -3993.434
v 3441.738 48.750 -3998.190
v 3436.293 48.425 -4004.052
v 3429.811 48.396 -4000.760
v 3431.172 48.483 -3999.295
v 3436.293 48.575 -4004.052
v 3434.932 48.488 -4005.517
v 3436.617 48.811 -3993.434
v 3437.978 48.887 -3991.968
v 3443.099 48.976 -3996.725
v 3441.738 48.900 -3998.190
v 3436.393 48.427 -4004.142
v 3441.638 48.748 -3998.101
v 3450.053 48.960 -4005.408
v 3444.809 48.668 -4011.448
v 3435.082 48.491 -4005.652
v 3436.393 48.577 -4004.142
v 3444.809 48.818 -4011.448
v 3443.497 48.747 -4012.959
v 3441.638 48.898 -3998.101
v 3442.949 48.973 -3996.591
v 3451.365 49.184 -4003.898
v 3450.053 49.110 -4005.408
v 3435.063 48.500 -4005.651
v 3435.363 48.500 -4005.651
v 3435.363 48.500 -4005.351
v 3435.063 48.500 -4005.351
v 3435.063 56.500 -4005.651
v 3435.363 56.500 -4005.651
v 3435.363 56.500 -4005.351
v 3435.063 56.500 -4005.351
v 3442.668 48.966 -3996.892
v 3442.968 48.966 -3996.892
v 3442.968 48.966 -3996.592
v 3442.668 48.966 -3996.592
v 3442.668 56.966 -3996.892
v 3442.968 56.966 -3996.892
v 3442.968 56.966 -3996.592
v 3442.668 56.966 -3996.592
v 3444.208 48.647 -4010.797
v 3450.654 48.976 -4006.059
v 3457.511 49.287 -4015.388
v 3451.065 48.901 -4020.126
v 3442.597 48.716 -4011.982
v 3444.208 48.797 -4010.797
v 3451.065 49.051 -4020.126
v 3449.454 48.967 -4021.310
v 3450.654 49.126 -4006.059
v 3452.265 49.212 -4004.874
v 3459.123 49.525 -4014.203
v 3457.511 49.437 -4015.388
v 3345.388 43.114 -3876.572
v 3352.639 43.547 -3873.191
v 3357.759 44.611 -3884.171
v 3350.509 44.134 -3887.553
v 3343.576 43.151 -3877.418
v 3345.388 43.264 -3876.572
v 3350.509 44.284 -3887.553
v 3348.696 44.147 -3888.398
v 3352.639 43.697 -3873.191
v 3354.451 43.801 -3872.346
v 3359.572 44.874 -3883.326
v 3357.759 44.761 -3884.171
v 3351.010 44.208 -3888.360
v 3357.258 44.520 -3883.363
v 3361.644 45.201 -3888.847
v 3355.396 44.804 -3893.844
v 3349.449 44.259 -3889.610
v 3351.010 44.358 -3888.360
v 3355.396 44.954 -3893.844
v 3353.835 44.855 -3895.093
v 3357.258 44.670 -3883.363
v 3358.820 44.736 -3882.114
v 3363.206 45.449 -3887.598
v 3361.644 45.351 -3888.847
v 3356.215 44.907 -3894.615
v 3360.825 45.098 -3888.076
v 3367.048 45.826 -3892.463
v 3362.438 45.636 -3899.002
v 3355.063 45.008 -3896.249
v 3356.215 45.057 -3894.615
v 3362.438 45.786 -3899.002
v 3361.286 45.738 -3900.636
v 3360.825 45.248 -3888.076
v 3361.977 45.278 -3886.442
v 3368.200 46.023 -3890.828
v 3367.048 45.976 -3892.463
v 3363.314 45.733 -3899.468
v 3366.172 45.729 -3891.996
v 3378.607 46.661 -3896.753
v 3375.748 46.777 -3904.225
v 3362.599 45.884 -3901.336
v 3363.314 45.883 -3899.468
v 3375.748 46.927 -3904.225
v 3375.034 46.956 -3906.093
v 3366.172 45.879 -3891.996
v 3366.887 45.878 -3890.128
v 3379.321 46.782 -3894.885
v 3378.607 46.811 -3896.753
v 3362.521 45.884 -3901.299
v 3362.821 45.884 -3901.299
v 3362.821 45.884 -3900.999
v 3362.521 45.884 -3900.999
v 3362.521 53.884 -3901.299
v 3362.821 53.884 -3901.299
v 3362.821 53.884 -3900.999
v 3362.521 53.884 -3900.999
v 3366.665 45.878 -3890.465
v 3366.965 45.878 -3890.465
v 3366.965 45.878 -3890.165
v 3366.665 45.878 -3890.165
v 3366.665 53.878 -3890.465
v 3366.965 53.878 -3890.465
v 3366.965 53.878 -3890.165
v 3366.665 53.878 -3890.165
v 3375.758 46.778 -3904.229
v 3378.596 46.660 -3896.749
v 3389.216 47.376 -3900.779
v 3386.378 47.495 -3908.259
v 3375.049 46.957 -3906.099
v 3375.758 46.928 -3904.229
v 3386.378 47.645 -3908.259
v 3385.668 47.674 -3910.129
v 3378.596 46.810 -3896.749
v 3379.306 46.781 -3894.879
v 3389.926 47.496 -3898.909
v 3389.216 47.526 -3900.779
v 3386.710 47.517 -3908.368
v 3388.884 47.354 -3900.670
v 3403.155 48.267 -3904.700
v 3400.981 48.431 -3912.398
v 3386.167 47.707 -3910.293
v 3386.710 47.667 -3908.368
v 3400.981 48.581 -3912.398
v 3400.438 48.622 -3914.323
v 3388.884 47.504 -3900.670
v 3389.428 47.463 -3898.745
v 3403.699 48.376 -3902.775
v 3403.155 48.417 -3904.700
v 3401.315 48.452 -3912.477
v 3402.822 48.246 -3904.621
v 3412.329 48.704 -3906.444
v 3410.822 48.986 -3914.301
v 3400.938 48.653 -3914.442
v 3401.315 48.602 -3912.477
v 3410.822 49.136 -3914.301
v 3410.445 49.207 -3916.265
v 3402.822 48.396 -3904.621
v 3403.199 48.345 -3902.656
v 3412.705 48.783 -3904.480
v 3412.329 48.854 -3906.444
v 3400.826 48.648 -3914.395
v 3401.126 48.648 -3914.395
v 3401.126 48.648 -3914.095
v 3400.826 48.648 -3914.095
v 3400.826 56.648 -3914.395
v 3401.126 56.648 -3914.395
v 3401.126 56.648 -3914.095
v 3400.826 56.648 -3914.095
v 3403.011 48.350 -3903.003
v 3403.311 48.350 -3903.003
v 3403.311 48.350 -3902.703
v 3403.011 48.350 -3902.703
v 3403.011 56.350 -3903.003
v 3403.311 56.350 -3903.003
v 3403.311 56.350 -3902.703
v 3403.011 56.350 -3902.703
v 3411.575 48.991 -3914.372
v 3411.575 48.698 -3906.372
v 3419.991 48.728 -3906.372
v 3419.991 49.019 -3914.372
v 3411.575 49.214 -3916.372
v 3411.575 49.141 -3914.372
v 3419.991 49.169 -3914.372
v 3419.991 49.242 -3916.372
v 3411.575 48.848 -3906.372
v 3411.575 48.775 -3904.372
v 3419.991 48.805 -3904.372
v 3419.991 48.878 -3906.372
v 3420.193 49.019 -3914.367
v 3419.789 48.727 -3906.378
v 3427.114 48.739 -3906.008
v 3427.517 49.030 -3913.997
v 3420.293 49.242 -3916.365
v 3420.193 49.169 -3914.367
v 3427.517 49.180 -3913.997
v 3427.618 49.253 -3915.995
v 3419.789 48.877 -3906.378
v 3419.688 48.804 -3904.380
v 3427.013 48.817 -3904.010
v 3427.114 48.889 -3906.008
v 3428.487 49.027 -3913.827
v 3426.145 48.742 -3906.178
v 3458.038 48.266 -3896.413
v 3460.380 48.460 -3904.063
v 3429.072 49.248 -3915.740
v 3428.487 49.177 -3913.827
v 3460.380 48.610 -3904.063
v 3460.965 48.658 -3905.975
v 3426.145 48.892 -3906.178
v 3425.559 48.821 -3904.265
v 3457.452 48.367 -3894.501
v 3458.038 48.416 -3896.413
v 3428.864 49.241 -3915.698
v 3429.164 49.241 -3915.698
v 3429.164 49.241 -3915.398
v 3428.864 49.241 -3915.398
v 3428.864 57.241 -3915.698
v 3429.164 57.241 -3915.698
v 3429.164 57.241 -3915.398
v 3428.864 57.241 -3915.398
v 3425.468 48.828 -3904.607
v 3425.768 48.828 -3904.607
v 3425.768 48.828 -3904.307
v 3425.468 48.828 -3904.307
v 3425.468 56.828 -3904.607
v 3425.768 56.828 -3904.607
v 3425.768 56.828 -3904.307
v 3425.468 56.828 -3904.307
v 3316.079 40.990 -3890.185
v 3310.904 40.682 -3896.285
v 3307.586 40.261 -3893.471
v 3312.762 40.569 -3887.370
v 3317.373 41.216 -3888.660
v 3316.079 41.140 -3890.185
v 3312.762 40.719 -3887.370
v 3314.056 40.799 -3885.845
v 3310.904 40.832 -3896.285
v 3309.610 40.754 -3897.810
v 3306.292 40.334 -3894.996
v 3307.586 40.411 -3893.471
v 3310.879 40.357 -3886.483
v 3309.469 40.476 -3894.358
v 3306.664 40.183 -3893.856
v 3308.074 40.069 -3885.981
v 3311.231 40.485 -3884.514
v 3310.879 40.507 -3886.483
v 3308.074 40.219 -3885.981
v 3308.426 40.200 -3884.012
v 3309.469 40.626 -3894.358
v 3309.117 40.657 -3896.327
v 3306.312 40.363 -3895.825
v 3306.664 40.333 -3893.856
v 3305.474 39.826 -3886.395
v 3309.263 40.426 -3893.441
v 3305.946 40.157 -3895.225
v 3302.157 39.552 -3888.179
v 3304.527 39.840 -3884.634
v 3305.474 39.976 -3886.395
v 3302.157 39.702 -3888.179
v 3301.210 39.559 -3886.418
v 3309.263 40.576 -3893.441
v 3310.210 40.727 -3895.203
v 3306.893 40.458 -3896.987
v 3305.946 40.307 -3895.225
v 3300.926 39.465 -3889.206
v 3307.177 40.245 -3894.199
v 3304.115 40.068 -3898.031
v 3297.865 39.288 -3893.037
v 3299.364 39.420 -3887.957
v 3300.926 39.615 -3889.206
v 3297.865 39.438 -3893.037
v 3296.303 39.243 -3891.789
v 3307.177 40.395 -3894.199
v 3308.739 40.590 -3895.447
v 3305.678 40.414 -3899.279
v 3304.115 40.218 -3898.031
v 3297.257 39.262 -3894.099
v 3304.724 40.093 -3896.969
v 3302.175 40.058 -3903.602
v 3294.707 39.224 -3900.732
v 3295.390 39.204 -3893.382
v 3297.257 39.412 -3894.099
v 3294.707 39.374 -3900.732
v 3292.840 39.166 -3900.015
v 3304.724 40.243 -3896.969
v 3306.591 40.452 -3897.686
v 3304.042 40.417 -3904.319
v 3302.175 40.208 -3903.602
v 3294.513 39.227 -3901.409
v 3302.369 40.055 -3902.925
v 3296.758 40.635 -3932.007
v 3288.903 39.839 -3930.492
v 3292.550 39.170 -3901.031
v 3294.513 39.377 -3901.409
v 3288.903 39.989 -3930.492
v 3286.939 39.788 -3930.113
v 3302.369 40.205 -3902.925
v 3304.332 40.412 -3903.304
v 3298.722 40.981 -3932.386
v 3296.758 40.785 -3932.007
v 3292.596 39.191 -3901.218
v 3292.896 39.191 -3901.218
v 3292.896 39.191 -3900.918
v 3292.596 39.191 -3900.918
v 3292.596 47.191 -3901.218
v 3292.896 47.191 -3901.218
v 3292.896 47.191 -3900.918
v 3292.596 47.191 -3900.918
v 3303.986 40.391 -3903.416
v 3304.286 40.391 -3903.416
v 3304.286 40.391 -3903.116
v 3303.986 40.391 -3903.116
v 3303.986 48.391 -3903.416
v 3304.286 48.391 -3903.416
v 3304.286 48.391 -3903.116
v 3303.986 48.391 -3903.116
v 3288.880 39.844 -3930.624
v 3296.781 40.631 -3931.875
v 3295.245 40.944 -3941.574
v 3287.344 40.201 -3940.322
v 3286.904 39.795 -3930.311
v 3288.880 39.994 -3930.624
v 3287.344 40.351 -3940.322
v 3285.368 40.179 -3940.009
v 3296.781 40.781 -3931.875
v 3298.757 40.976 -3932.188
v 3297.220 41.278 -3941.887
v 3295.245 41.094 -3941.574
v 3287.298 40.220 -3940.781
v 3295.291 40.926 -3941.115
v 3295.035 41.192 -3947.246
v 3287.042 40.515 -3946.912
v 3285.300 40.211 -3940.698
v 3287.298 40.370 -3940.781
v 3287.042 40.665 -3946.912
v 3285.044 40.517 -3946.828
v 3295.291 41.076 -3941.115
v 3297.289 41.252 -3941.198
v 3297.033 41.510 -3947.329
v 3295.035 41.342 -3947.246
v 3287.079 40.556 -3947.647
v 3294.998 41.154 -3946.511
v 3295.766 41.507 -3951.862
v 3287.847 40.963 -3952.998
v 3285.099 40.578 -3947.931
v 3287.079 40.706 -3947.647
v 3287.847 41.113 -3952.998
v 3285.867 40.983 -3953.283
v 3294.998 41.304 -3946.511
v 3296.977 41.455 -3946.226
v 3297.746 41.796 -3951.578
v 3295.766 41.657 -3951.862
v 3287.954 41.005 -3953.505
v 3295.659 41.470 -3951.355
v 3297.440 41.962 -3957.737
v 3289.735 41.545 -3959.887
v 3286.027 41.044 -3954.043
v 3287.954 41.155 -3953.505
v 3289.735 41.695 -3959.887
v 3287.808 41.596 -3960.425
v 3295.659 41.620 -3951.355
v 3297.586 41.741 -3950.817
v 3299.367 42.222 -3957.199
v 3297.440 42.112 -3957.737
v 3290.184 41.641 -3960.914
v 3296.991 41.872 -3956.710
v 3299.039 42.199 -3960.027
v 3292.233 41.982 -3964.231
v 3288.483 41.742 -3961.965
v 3290.184 41.791 -3960.914
v 3292.233 42.132 -3964.231
v 3290.531 42.087 -3965.281
v 3296.991 42.022 -3956.710
v 3298.692 42.090 -3955.659
v 3300.741 42.413 -3958.976
v 3299.039 42.349 -3960.027
v 3288.503 41.747 -3962.010
v 3288.803 41.747 -3962.010
v 3288.803 41.747 -3961.710
v 3288.503 41.747 -3961.710
v 3288.503 49.747 -3962.010
v 3288.803 49.747 -3962.010
v 3288.803 49.747 -3961.710
v 3288.503 49.747 -3961.710
v 3298.372 42.083 -3955.915
v 3298.672 42.083 -3955.915
v 3298.672 42.083 -3955.615
v 3298.372 42.083 -3955.615
v 3298.372 50.083 -3955.915
v 3298.672 50.083 -3955.915
v 3298.672 50.083 -3955.615
v 3298.372 50.083 -3955.615
v 3292.741 42.055 -3964.889
v 3298.531 42.128 -3959.368
v 3303.885 42.775 -3964.984
v 3298.095 42.705 -3970.505
v 3291.293 42.197 -3966.269
v 3292.741 42.205 -3964.889
v 3298.095 42.855 -3970.505
v 3296.648 42.848 -3971.885
v 3298.531 42.278 -3959.368
v 3299.978 42.307 -3957.988
v 3305.333 42.953 -3963.604
v 3303.885 42.925 -3964.984
v 3298.468 42.745 -3970.849
v 3303.512 42.734 -3964.640
v 3319.843 44.204 -3977.906
v 3314.799 44.183 -3984.115
v 3297.207 42.908 -3972.401
v 3298.468 42.895 -3970.849
v 3314.799 44.333 -3984.115
v 3313.538 44.340 -3985.668
v 3303.512 42.884 -3964.640
v 3304.773 42.892 -3963.087
v 3321.104 44.371 -3976.353
v 3319.843 44.354 -3977.906
v 3314.711 44.177 -3984.042
v 3319.930 44.211 -3977.979
v 3330.906 44.938 -3987.426
v 3325.687 44.878 -3993.490
v 3313.407 44.330 -3985.558
v 3314.711 44.327 -3984.042
v 3325.687 45.028 -3993.490
v 3324.383 45.026 -3995.005
v 3319.930 44.361 -3977.979
v 3321.235 44.381 -3976.463
v 3332.211 45.114 -3985.911
v 3330.906 45.088 -3987.426
v 3313.387 44.330 -3985.556
v 3313.687 44.330 -3985.556
v 3313.687 44.330 -3985.256
v 3313.387 44.330 -3985.256
v 3313.387 52.330 -3985.556
v 3313.687 52.330 -3985.556
v 3313.687 52.330 -3985.256
v 3313.387 52.330 -3985.256
v 3320.955 44.379 -3976.765
v 3321.255 44.379 -3976.765
v 3321.255 44.379 -3976.465
v 3320.955 44.379 -3976.465
v 3320.955 52.379 -3976.765
v 3321.255 52.379 -3976.765
v 3321.255 52.379 -3976.465
v 3320.955 52.379 -3976.465
v 3325.943 44.891 -3993.692
v 3330.651 44.924 -3987.224
v 3341.872 45.430 -3995.390
v 3337.164 45.358 -4001.858
v 3324.766 45.046 -3995.309
v 3325.943 45.041 -3993.692
v 3337.164 45.508 -4001.858
v 3335.987 45.501 -4003.475
v 3330.651 45.074 -3987.224
v 3331.827 45.092 -3985.607
v 3343.048 45.608 -3993.772
v 3341.872 45.580 -3995.390
v 3337.407 45.366 -4002.022
v 3341.628 45.421 -3995.226
v 3353.117 45.748 -4002.361
v 3348.896 45.644 -4009.157
v 3336.352 45.512 -4003.721
v 3337.407 45.516 -4002.022
v 3348.896 45.794 -4009.157
v 3347.840 45.787 -4010.856
v 3341.628 45.571 -3995.226
v 3342.684 45.594 -3993.527
v 3354.172 45.934 -4000.662
v 3353.117 45.898 -4002.361
v 3349.248 45.651 -4009.352
v 3352.764 45.741 -4002.166
v 3364.753 45.929 -4008.033
v 3361.237 45.819 -4015.219
v 3348.369 45.797 -4011.148
v 3349.248 45.801 -4009.352
v 3361.237 45.969 -4015.219
v 3360.358 45.950 -4017.015
v 3352.764 45.891 -4002.166
v 3353.643 45.922 -4000.370
v 3365.632 46.128 -4006.236
v 3364.753 46.079 -4008.033
v 3348.307 45.797 -4011.119
v 3348.607 45.797 -4011.119
v 3348.607 45.797 -4010.819
v 3348.307 45.797 -4010.819
v 3348.307 53.797 -4011.119
v 3348.607 53.797 -4011.119
v 3348.607 53.797 -4010.819
v 3348.307 53.797 -4010.819
v 3353.405 45.919 -4000.699
v 3353.705 45.919 -4000.699
v 3353.705 45.919 -4000.399
v 3353.405 45.919 -4000.399
v 3353.405 53.919 -4000.699
v 3353.705 53.919 -4000.699
v 3353.705 53.919 -4000.399
v 3353.405 53.919 -4000.399
v 3361.520 45.821 -4015.344
v 3364.470 45.926 -4007.908
v 3377.995 46.190 -4013.272
v 3375.046 46.003 -4020.709
v 3360.783 45.953 -4017.203
v 3361.520 45.971 -4015.344
v 3375.046 46.153 -4020.709
v 3374.308 46.108 -4022.568
v 3364.470 46.076 -4007.908
v 3365.207 46.123 -4006.048
v 3378.733 46.388 -4011.413
v 3377.995 46.340 -4013.272
v 3375.230 46.007 -4020.777
v 3377.811 46.186 -4013.204
v 3400.264 46.653 -4020.855
v 3397.684 46.430 -4028.427
v 3374.585 46.114 -4022.670
v 3375.230 46.157 -4020.777
v 3397.684 46.580 -4028.427
v 3397.039 46.526 -4030.320
v 3377.811 46.336 -4013.204
v 3378.456 46.382 -4011.311
v 3400.909 46.860 -4018.961
v 3400.264 46.803 -4020.855
v 3374.500 46.118 -4022.630
v 3374.800 46.118 -4022.630
v 3374.800 46.118 -4022.330
v 3374.500 46.118 -4022.330
v 3374.500 54.118 -4022.630
v 3374.800 54.118 -4022.630
v 3374.800 54.118 -4022.330
v 3374.500 54.118 -4022.330
v 3378.241 46.377 -4011.650
v 3378.541 46.377 -4011.650
v 3378.541 46.377 -4011.350
v 3378.241 46.377 -4011.350
v 3378.241 54.377 -4011.650
v 3378.541 54.377 -4011.650
v 3378.541 54.377 -4011.350
v 3378.241 54.377 -4011.350
v 3397.607 46.429 -4028.400
v 3400.340 46.654 -4020.882
v 3411.572 46.886 -4024.964
v 3408.839 46.597 -4032.483
v 3396.924 46.524 -4030.280
v 3397.607 46.579 -4028.400
v 3408.839 46.747 -4032.483
v 3408.156 46.688 -4034.363
v 3400.340 46.804 -4020.882
v 3401.023 46.862 -4019.002
v 3412.256 47.114 -4023.085
v 3411.572 47.036 -4024.964
v 3407.376 46.586 -4031.551
v 3413.035 46.938 -4025.896
v 3416.865 47.053 -4029.728
v 3411.206 46.622 -4035.383
v 3405.962 46.672 -4032.965
v 3407.376 46.736 -4031.551
v 3411.206 46.772 -4035.383
v 3409.791 46.665 -4036.797
v 3413.035 47.088 -4025.896
v 3414.450 47.192 -4024.483
v 3418.279 47.306 -4028.314
v 3416.865 47.203 -4029.728
v 3410.215 46.607 -4033.743
v 3417.855 47.072 -4031.368
v 3419.124 47.059 -4035.451
v 3411.484 46.580 -4037.826
v 3408.306 46.692 -4034.337
v 3410.215 46.757 -4033.743
v 3411.484 46.730 -4037.826
v 3409.575 46.621 -4038.419
v 3417.855 47.222 -4031.368
v 3419.765 47.336 -4030.775
v 3421.034 47.326 -4034.858
v 3419.124 47.209 -4035.451
v 3411.435 46.582 -4037.652
v 3419.174 47.058 -4035.625
v 3420.710 47.089 -4041.492
v 3412.971 46.654 -4043.519
v 3409.500 46.626 -4038.158
v 3411.435 46.732 -4037.652
v 3412.971 46.804 -4043.519
v 3411.036 46.694 -4044.025
v 3419.174 47.208 -4035.625
v 3421.109 47.325 -4035.119
v 3422.645 47.346 -4040.985
v 3420.710 47.239 -4041.492
v 3412.944 46.651 -4043.408
v 3420.737 47.091 -4041.603
v 3421.505 47.161 -4044.919
v 3413.712 46.715 -4046.724
v 3410.995 46.691 -4043.859
v 3412.944 46.801 -4043.408
v 3413.712 46.865 -4046.724
v 3411.763 46.753 -4047.176
v 3420.737 47.241 -4041.603
v 3422.686 47.350 -4041.152
v 3423.454 47.421 -4044.468
v 3421.505 47.311 -4044.919
v 3411.040 46.702 -4043.964
v 3411.340 46.702 -4043.964
v 3411.340 46.702 -4043.664
v 3411.040 46.702 -4043.664
v 3411.040 54.702 -4043.964
v 3411.340 54.702 -4043.964
v 3411.340 54.702 -4043.664
v 3411.040 54.702 -4043.664
v 3422.341 47.339 -4041.347
v 3422.641 47.339 -4041.347
v 3422.641 47.339 -4041.047
v 3422.341 47.339 -4041.047
v 3422.341 55.339 -4041.347
v 3422.641 55.339 -4041.347
v 3422.641 55.339 -4041.047
v 3422.341 55.339 -4041.047
v 3413.783 46.721 -4046.990
v 3421.434 47.155 -4044.653
v 3422.447 47.240 -4047.970
v 3414.796 46.801 -4050.307
v 3411.870 46.761 -4047.575
v 3413.783 46.871 -4046.990
v 3414.796 46.951 -4050.307
v 3412.883 46.840 -4050.891
v 3421.434 47.305 -4044.653
v 3423.347 47.412 -4044.069
v 3424.360 47.499 -4047.386
v 3422.447 47.390 -4047.970
v 3415.455 46.848 -4051.583
v 3421.788 47.191 -4046.694
v 3424.348 47.370 -4050.011
v 3418.016 47.025 -4054.899
v 3413.872 46.910 -4052.805
v 3415.455 46.998 -4051.583
v 3418.016 47.175 -4054.899
v 3416.433 47.087 -4056.121
v 3421.788 47.341 -4046.694
v 3423.371 47.424 -4045.472
v 3425.931 47.604 -4048.788
v 3424.348 47.520 -4050.011
v 3419.123 47.100 -4055.885
v 3423.240 47.296 -4049.025
v 3433.125 47.946 -4054.958
v 3429.009 47.761 -4061.817
v 3418.094 47.198 -4057.600
v 3419.123 47.250 -4055.885
v 3429.009 47.911 -4061.817
v 3427.979 47.862 -4063.532
v 3423.240 47.446 -4049.025
v 3424.270 47.493 -4047.310
v 3434.155 48.140 -4053.243
v 3433.125 48.096 -4054.958
v 4279.358 36.498 -3906.937
v 4277.950 36.689 -3914.812
v 4261.986 36.935 -3911.958
v 4263.394 36.662 -3904.083
v 4279.710 36.600 -3904.968
v 4279.358 36.648 -3906.937
v 4263.394 36.812 -3904.083
v 4263.746 36.744 -3902.114
v 4277.950 36.839 -3914.812
v 4277.598 36.887 -3916.781
v 4261.634 37.154 -3913.927
v 4261.986 37.085 -3911.958
v 4263.106 36.668 -3904.042
v 4262.275 36.930 -3911.999
v 4243.173 37.300 -3910.004
v 4244.004 37.035 -3902.047
v 4263.314 36.752 -3902.053
v 4263.106 36.818 -3904.042
v 4244.004 37.185 -3902.047
v 4244.211 37.118 -3900.058
v 4262.275 37.080 -3911.999
v 4262.067 37.146 -3913.988
v 4242.965 37.517 -3911.993
v 4243.173 37.450 -3910.004
v 4263.143 36.759 -3902.402
v 4263.443 36.759 -3902.402
v 4263.443 36.759 -3902.102
v 4263.143 36.759 -3902.102
v 4263.143 44.759 -3902.402
v 4263.443 44.759 -3902.402
v 4263.443 44.759 -3902.102
v 4263.143 44.759 -3902.102
v 4261.938 37.139 -3913.939
v 4262.238 37.139 -3913.939
v 4262.238 37.139 -3913.639
v 4261.938 37.139 -3913.639
v 4261.938 45.139 -3913.939
v 4262.238 45.139 -3913.939
v 4262.238 45.139 -3913.639
v 4261.938 45.139 -3913.639
v 4243.467 37.046 -3902.027
v 4243.709 37.289 -3910.023
v 4224.896 38.209 -3910.592
v 4224.654 37.970 -3902.595
v 4243.407 37.135 -3900.028
v 4243.467 37.196 -3902.027
v 4224.654 38.120 -3902.595
v 4224.594 38.061 -3900.596
v 4243.709 37.439 -3910.023
v 4243.769 37.499 -3912.023
v 4224.956 38.418 -3912.591
v 4224.896 38.359 -3910.592
v 4224.313 37.993 -3902.620
v 4225.237 38.186 -3910.567
v 4212.970 39.030 -3911.994
v 4212.045 38.833 -3904.047
v 4224.082 38.095 -3900.634
v 4224.313 38.143 -3902.620
v 4212.045 38.983 -3904.047
v 4211.814 38.933 -3902.061
v 4225.237 38.336 -3910.567
v 4225.468 38.384 -3912.553
v 4213.201 39.229 -3913.980
v 4212.970 39.180 -3911.994
v 4223.955 38.100 -3900.982
v 4224.255 38.100 -3900.982
v 4224.255 38.100 -3900.682
v 4223.955 38.100 -3900.682
v 4223.955 46.100 -3900.982
v 4224.255 46.100 -3900.982
v 4224.255 46.100 -3900.682
v 4223.955 46.100 -3900.682
v 4225.295 38.379 -3912.505
v 4225.595 38.379 -3912.505
v 4225.595 38.379 -3912.205
v 4225.295 38.379 -3912.205
v 4225.295 46.379 -3912.505
v 4225.595 46.379 -3912.505
v 4225.595 46.379 -3912.205
v 4225.295 46.379 -3912.205
v 4211.771 38.852 -3904.089
v 4213.244 39.011 -3911.952
v 4199.563 39.986 -3914.515
v 4198.090 39.822 -3906.652
v 4211.403 38.962 -3902.123
v 4211.771 39.002 -3904.089
v 4198.090 39.972 -3906.652
v 4197.722 39.931 -3904.686
v 4213.244 39.161 -3911.952
v 4213.613 39.200 -3913.918
v 4199.931 40.177 -3916.481
v 4199.563 40.136 -3914.515
v 4197.896 39.836 -3906.694
v 4199.757 39.972 -3914.474
v 4192.633 40.515 -3916.179
v 4190.771 40.394 -3908.398
v 4197.430 39.952 -3904.749
v 4197.896 39.986 -3906.694
v 4190.771 40.544 -3908.398
v 4190.306 40.513 -3906.453
v 4199.757 40.122 -3914.474
v 4200.223 40.156 -3916.419
v 4193.098 40.696 -3918.124
v 4192.633 40.665 -3916.179
v 4190.292 40.435 -3908.545
v 4193.112 40.474 -3916.031
v 4171.160 42.323 -3924.303
v 4168.339 42.358 -3916.817
v 4189.586 40.574 -3906.674
v 4190.292 40.585 -3908.545
v 4168.339 42.508 -3916.817
v 4167.634 42.496 -3914.945
v 4193.112 40.624 -3916.031
v 4193.818 40.635 -3917.903
v 4171.865 42.465 -3926.175
v 4171.160 42.473 -3924.303
v 4189.507 40.575 -3907.011
v 4189.807 40.575 -3907.011
v 4189.807 40.575 -3906.711
v 4189.507 40.575 -3906.711
v 4189.507 48.575 -3907.011
v 4189.807 48.575 -3907.011
v 4189.807 48.575 -3906.711
v 4189.507 48.575 -3906.711
v 4193.597 40.633 -3917.866
v 4193.897 40.633 -3917.866
v 4193.897 40.633 -3917.566
v 4193.597 40.633 -3917.566
v 4193.597 48.633 -3917.866
v 4193.897 48.633 -3917.866
v 4193.897 48.633 -3917.566
v 4193.597 48.633 -3917.566
v 4168.508 42.343 -3916.757
v 4170.991 42.336 -3924.362
v 4157.878 43.332 -3928.643
v 4155.395 43.401 -3921.038
v 4167.888 42.474 -3914.856
v 4168.508 42.493 -3916.757
v 4155.395 43.551 -3921.038
v 4154.774 43.572 -3919.137
v 4170.991 42.486 -3924.362
v 4171.612 42.485 -3926.264
v 4158.498 43.468 -3930.545
v 4157.878 43.482 -3928.643
v 4155.666 43.381 -3920.960
v 4157.607 43.352 -3928.721
v 4146.197 44.002 -3931.575
v 4144.256 44.017 -3923.815
v 4155.180 43.540 -3919.020
v 4155.666 43.531 -3920.960
v 4144.256 44.167 -3923.815
v 4143.770 44.172 -3921.874
v 4157.607 43.502 -3928.721
v 4158.092 43.498 -3930.662
v 4146.682 44.150 -3933.516
v 4146.197 44.152 -3931.575
v 4144.620 43.998 -3923.741
v 4145.832 44.019 -3931.649
v 4138.418 44.367 -3932.785
v 4137.206 44.363 -3924.878
v 4144.317 44.144 -3921.764
v 4144.620 44.148 -3923.741
v 4137.206 44.513 -3924.878
v 4136.903 44.512 -3922.901
v 4145.832 44.169 -3931.649
v 4146.135 44.176 -3933.626
v 4138.721 44.519 -3934.762
v 4138.418 44.517 -3932.785
v 4144.197 44.145 -3922.112
v 4144.497 44.145 -3922.112
v 4144.497 44.145 -3921.812
v 4144.197 44.145 -3921.812
v 4144.197 52.145 -3922.112
v 4144.497 52.145 -3922.112
v 4144.497 52.145 -3921.812
v 4144.197 52.145 -3921.812
v 4145.955 44.175 -3933.578
v 4146.255 44.175 -3933.578
v 4146.255 44.175 -3933.278
v 4145.955 44.175 -3933.278
v 4145.955 52.175 -3933.578
v 4146.255 52.175 -3933.578
v 4146.255 52.175 -3933.278
v 4145.955 52.175 -3933.278
v 4138.078 44.321 -3924.840
v 4137.547 44.406 -3932.823
v 4128.998 44.791 -3932.254
v 4129.528 44.725 -3924.272
v 4138.210 44.449 -3922.845
v 4138.078 44.471 -3924.840
v 4129.528 44.875 -3924.272
v 4129.661 44.858 -3922.276
v 4137.547 44.556 -3932.823
v 4137.414 44.577 -3934.818
v 4128.865 44.957 -3934.250
v 4128.998 44.941 -3932.254
v 4130.610 44.675 -3924.497
v 4127.916 44.839 -3932.030
v 4119.935 45.196 -3929.176
v 4122.628 45.047 -3921.643
v 4131.283 44.782 -3922.613
v 4130.610 44.825 -3924.497
v 4122.628 45.197 -3921.643
v 4123.302 45.158 -3919.759
v 4127.916 44.989 -3932.030
v 4127.243 45.028 -3933.913
v 4119.261 45.381 -3931.059
v 4119.935 45.346 -3929.176
v 4122.664 45.045 -3921.656
v 4119.899 45.197 -3929.162
v 4109.067 45.575 -3925.172
v 4111.833 45.555 -3917.665
v 4123.355 45.155 -3919.779
v 4122.664 45.195 -3921.656
v 4111.833 45.705 -3917.665
v 4112.524 45.622 -3915.789
v 4119.899 45.347 -3929.162
v 4119.207 45.383 -3931.039
v 4108.376 45.731 -3927.049
v 4109.067 45.725 -3925.172
v 4111.920 45.554 -3917.699
v 4108.979 45.576 -3925.139
v 4096.712 45.651 -3920.289
v 4099.653 45.455 -3912.850
v 4112.656 45.617 -3915.839
v 4111.920 45.704 -3917.699
v 4099.653 45.605 -3912.850
v 4100.388 45.533 -3910.990
v 4108.979 45.726 -3925.139
v 4108.244 45.732 -3926.999
v 4095.977 45.810 -3922.149
v 4096.712 45.801 -3920.289
v 4112.432 45.627 -3916.175
v 4112.732 45.627 -3916.175
v 4112.732 45.627 -3915.875
v 4112.432 45.627 -3915.875
v 4112.432 53.627 -3916.175
v 4112.732 53.627 -3916.175
v 4112.732 53.627 -3915.875
v 4112.432 53.627 -3915.875
v 4108.168 45.732 -3926.963
v 4108.468 45.732 -3926.963
v 4108.468 45.732 -3926.663
v 4108.168 45.732 -3926.663
v 4108.168 53.732 -3926.963
v 4108.468 53.732 -3926.963
v 4108.468 53.732 -3926.663
v 4108.168 53.732 -3926.663
v 4099.082 45.452 -3912.672
v 4097.283 45.648 -3920.467
v 4086.174 45.709 -3917.904
v 4087.972 45.426 -3910.108
v 4099.531 45.528 -3910.723
v 4099.082 45.602 -3912.672
v 4087.972 45.576 -3910.108
v 4088.422 45.503 -3908.160
v 4097.283 45.798 -3920.467
v 4096.834 45.805 -3922.416
v 4085.724 45.869 -3919.852
v 4086.174 45.859 -3917.904
v 4087.930 45.426 -3910.099
v 4086.216 45.709 -3917.913
v 4074.527 45.697 -3915.350
v 4076.241 45.404 -3907.536
v 4088.358 45.502 -3908.145
v 4087.930 45.576 -3910.099
v 4076.241 45.554 -3907.536
v 4076.670 45.481 -3905.582
v 4086.216 45.859 -3917.913
v 4085.788 45.869 -3919.867
v 4074.099 45.920 -3917.303
v 4074.527 45.847 -3915.350
v 4075.671 45.405 -3907.453
v 4075.097 45.696 -3915.432
v 4059.123 45.318 -3914.283
v 4059.697 45.052 -3906.303
v 4075.815 45.482 -3905.458
v 4075.671 45.555 -3907.453
v 4059.697 45.202 -3906.303
v 4059.841 45.135 -3904.309
v 4075.097 45.846 -3915.432
v 4074.954 45.919 -3917.427
v 4058.979 45.534 -3916.278
v 4059.123 45.468 -3914.283
v 4075.651 45.489 -3905.808
v 4075.951 45.489 -3905.808
v 4075.951 45.489 -3905.508
v 4075.651 45.489 -3905.508
v 4075.651 53.489 -3905.808
v 4075.951 53.489 -3905.808
v 4075.951 53.489 -3905.508
v 4075.651 53.489 -3905.508
v 4074.818 45.912 -3917.378
v 4075.118 45.912 -3917.378
v 4075.118 45.912 -3917.078
v 4074.818 45.912 -3917.078
v 4074.818 53.912 -3917.378
v 4075.118 53.912 -3917.378
v 4075.118 53.912 -3917.078
v 4074.818 53.912 -3917.078
v 4059.075 45.033 -3906.307
v 4059.745 45.337 -3914.279
v 4046.064 44.957 -3915.429
v 4045.394 44.658 -3907.457
v 4058.908 45.107 -3904.314
v 4059.075 45.183 -3906.307
v 4045.394 44.808 -3907.457
v 4045.226 44.733 -3905.464
v 4059.745 45.487 -3914.279
v 4059.912 45.563 -3916.272
v 4046.231 45.181 -3917.422
v 4046.064 45.107 -3915.429
v 4045.232 44.653 -3907.474
v 4046.226 44.961 -3915.412
v 4034.827 44.659 -3916.839
v 4033.833 44.355 -3908.901
v 4044.983 44.726 -3905.489
v 4045.232 44.803 -3907.474
v 4033.833 44.505 -3908.901
v 4033.584 44.430 -3906.916
v 4046.226 45.111 -3915.412
v 4046.474 45.188 -3917.396
v 4035.075 44.871 -3918.823
v 4034.827 44.809 -3916.839
v 4033.509 44.347 -3908.955
v 4035.150 44.667 -3916.785
v 4024.308 44.358 -3919.057
v 4022.667 44.035 -3911.228
v 4033.099 44.418 -3906.997
v 4033.509 44.497 -3908.955
v 4022.667 44.185 -3911.228
v 4022.256 44.103 -3909.270
v 4035.150 44.817 -3916.785
v 4035.561 44.884 -3918.742
v 4024.718 44.580 -3921.015
v 4024.308 44.508 -3919.057
v 4032.990 44.426 -3907.343
v 4033.290 44.426 -3907.343
v 4033.290 44.426 -3907.043
v 4032.990 44.426 -3907.043
v 4032.990 52.426 -3907.343
v 4033.290 52.426 -3907.343
v 4033.290 52.426 -3907.043
v 4032.990 52.426 -3907.043
v 4035.370 44.878 -3918.696
v 4035.670 44.878 -3918.696
v 4035.670 44.878 -3918.396
v 4035.370 44.878 -3918.396
v 4035.370 52.878 -3918.696
v 4035.670 52.878 -3918.696
v 4035.670 52.878 -3918.396
v 4035.370 52.878 -3918.396
v 4022.418 44.027 -3911.288
v 4024.556 44.366 -3918.997
v 4011.164 43.986 -3922.710
v 4009.027 43.626 -3915.001
v 4021.884 44.091 -3909.361
v 4022.418 44.177 -3911.288
v 4009.027 43.776 -3915.001
v 4008.492 43.692 -3913.073
v 4024.556 44.516 -3918.997
v 4025.090 44.592 -3920.924
v 4011.698 44.227 -3924.637
v 4011.164 44.136 -3922.710
v 4009.011 43.626 -3915.005
v 4011.180 43.987 -3922.706
v 4000.059 43.719 -3925.837
v 3997.890 43.297 -3918.137
v 4008.469 43.691 -3913.080
v 4009.011 43.776 -3915.005
v 3997.890 43.447 -3918.137
v 3997.348 43.357 -3916.211
v 4011.180 44.137 -3922.706
v 4011.722 44.227 -3924.631
v 4000.601 43.971 -3927.762
v 4000.059 43.869 -3925.837
v 3998.315 43.310 -3918.042
v 3999.634 43.708 -3925.932
v 3985.953 43.410 -3928.218
v 3984.634 42.986 -3920.327
v 3997.986 43.377 -3916.069
v 3998.315 43.460 -3918.042
v 3984.634 43.136 -3920.327
v 3984.305 43.028 -3918.355
v 3999.634 43.858 -3925.932
v 3999.963 43.956 -3927.905
v 3986.282 43.665 -3930.191
v 3985.953 43.560 -3928.218
v 3997.869 43.385 -3916.416
v 3998.169 43.385 -3916.416
v 3998.169 43.385 -3916.116
v 3997.869 43.385 -3916.116
v 3997.869 51.385 -3916.416
v 3998.169 51.385 -3916.416
v 3998.169 51.385 -3916.116
v 3997.869 51.385 -3916.116
v 3999.780 43.946 -3927.858
v 4000.080 43.946 -3927.858
v 4000.080 43.946 -3927.558
v 3999.780 43.946 -3927.558
v 3999.780 51.946 -3927.858
v 4000.080 51.946 -3927.858
v 4000.080 51.946 -3927.558
v 3999.780 51.946 -3927.558
v 3985.041 42.989 -3920.281
v 3985.546 43.408 -3928.265
v 3963.015 43.272 -3929.692
v 3962.510 42.784 -3921.708
v 3984.914 43.033 -3918.285
v 3985.041 43.139 -3920.281
v 3962.510 42.934 -3921.708
v 3962.383 42.812 -3919.712
v 3985.546 43.558 -3928.265
v 3985.673 43.663 -3930.261
v 3963.142 43.544 -3931.688
v 3963.015 43.422 -3929.692
v 3962.500 42.784 -3921.708
v 3963.025 43.272 -3929.691
v 3937.087 43.555 -3931.396
v 3936.563 43.045 -3923.413
v 3962.369 42.812 -3919.713
v 3962.500 42.934 -3921.708
v 3936.563 43.195 -3923.413
v 3936.431 43.067 -3921.417
v 3963.025 43.422 -3929.691
v 3963.156 43.544 -3931.687
v 3937.218 43.833 -3933.391
v 3937.087 43.705 -3931.396
v 3962.232 42.824 -3920.062
v 3962.532 42.824 -3920.062
v 3962.532 42.824 -3919.762
v 3962.232 42.824 -3919.762
v 3962.232 50.824 -3920.062
v 3962.532 50.824 -3920.062
v 3962.532 50.824 -3919.762
v 3962.232 50.824 -3919.762
v 3962.993 43.532 -3931.637
v 3963.293 43.532 -3931.637
v 3963.293 43.532 -3931.337
v 3962.993 43.532 -3931.337
v 3962.993 51.532 -3931.637
v 3963.293 51.532 -3931.637
v 3963.293 51.532 -3931.337
v 3962.993 51.532 -3931.337
v 3936.535 43.046 -3923.415
v 3937.114 43.554 -3931.394
v 3917.444 44.284 -3932.821
v 3916.865 43.781 -3924.842
v 3936.391 43.069 -3921.420
v 3936.535 43.196 -3923.415
v 3916.865 43.931 -3924.842
v 3916.721 43.805 -3922.847
v 3937.114 43.704 -3931.394
v 3937.259 43.832 -3933.389
v 3917.589 44.560 -3934.816
v 3917.444 44.434 -3932.821
v 3916.421 43.799 -3924.899
v 3917.889 44.266 -3932.763
v 3896.504 45.540 -3936.754
v 3895.037 45.163 -3928.890
v 3916.054 43.832 -3922.933
v 3916.421 43.949 -3924.899
v 3895.037 45.313 -3928.890
v 3894.670 45.221 -3926.924
v 3917.889 44.416 -3932.763
v 3918.255 44.532 -3934.730
v 3896.871 45.785 -3938.720
v 3896.504 45.690 -3936.754
v 3915.941 43.844 -3923.280
v 3916.241 43.844 -3923.280
v 3916.241 43.844 -3922.980
v 3915.941 43.844 -3922.980
v 3915.941 51.844 -3923.280
v 3916.241 51.844 -3923.280
v 3916.241 51.844 -3922.980
v 3915.941 51.844 -3922.980
v 3918.069 44.521 -3934.683
v 3918.369 44.521 -3934.683
v 3918.369 44.521 -3934.383
v 3918.069 44.521 -3934.383
v 3918.069 52.521 -3934.683
v 3918.369 52.521 -3934.683
v 3918.369 52.521 -3934.383
v 3918.069 52.521 -3934.383
v 3895.354 45.138 -3928.843
v 3896.186 45.564 -3936.800
v 3866.253 47.740 -3939.932
v 3865.420 47.415 -3931.975
v 3895.146 45.183 -3926.854
v 3895.354 45.288 -3928.843
v 3865.420 47.565 -3931.975
v 3865.212 47.485 -3929.986
v 3896.186 45.714 -3936.800
v 3896.395 45.821 -3938.789
v 3866.461 47.972 -3941.921
v 3866.253 47.890 -3939.932
v 3895.017 45.193 -3927.203
v 3895.317 45.193 -3927.203
v 3895.317 45.193 -3926.903
v 3895.017 45.193 -3926.903
v 3895.017 53.193 -3927.203
v 3895.317 53.193 -3927.203
v 3895.317 53.193 -3926.903
v 3895.017 53.193 -3926.903
v 3896.224 45.810 -3938.740
v 3896.524 45.810 -3938.740
v 3896.524 45.810 -3938.440
v 3896.224 45.810 -3938.440
v 3896.224 53.810 -3938.740
v 3896.524 53.810 -3938.740
v 3896.524 53.810 -3938.440
v 3896.224 53.810 -3938.440
v 3865.441 47.414 -3931.973
v 3866.232 47.741 -3939.934
v 3846.807 49.312 -3941.863
v 3846.016 49.085 -3933.902
v 3865.244 47.483 -3929.983
v 3865.441 47.564 -3931.973
v 3846.016 49.235 -3933.902
v 3845.818 49.179 -3931.912
v 3866.232 47.891 -3939.934
v 3866.429 47.974 -3941.924
v 3847.004 49.521 -3943.853
v 3846.807 49.462 -3941.863
v 3846.015 49.085 -3933.902
v 3846.807 49.312 -3941.863
v 3828.885 50.743 -3943.647
v 3828.093 50.600 -3935.686
v 3845.817 49.179 -3931.912
v 3846.015 49.235 -3933.902
v 3828.093 50.750 -3935.686
v 3827.895 50.716 -3933.696
v 3846.807 49.462 -3941.863
v 3847.005 49.521 -3943.853
v 3829.083 50.930 -3945.637
v 3828.885 50.893 -3943.647
v 3845.687 49.185 -3932.261
v 3845.987 49.185 -3932.261
v 3845.987 49.185 -3931.961
v 3845.687 49.185 -3931.961
v 3845.687 57.185 -3932.261
v 3845.987 57.185 -3932.261
v 3845.987 57.185 -3931.961
v 3845.687 57.185 -3931.961
v 3846.836 49.515 -3943.804
v 3847.136 49.515 -3943.804
v 3847.136 49.515 -3943.504
v 3846.836 49.515 -3943.504
v 3846.836 57.515 -3943.804
v 3847.136 57.515 -3943.804
v 3847.136 57.515 -3943.504
v 3846.836 57.515 -3943.504
v 3827.993 50.609 -3935.697
v 3828.984 50.735 -3943.635
v 3803.893 52.353 -3946.767
v 3802.902 52.304 -3938.829
v 3827.746 50.728 -3933.712
v 3827.993 50.759 -3935.697
v 3802.902 52.454 -3938.829
v 3802.654 52.443 -3936.844
v 3828.984 50.885 -3943.635
v 3829.232 50.919 -3945.620
v 3804.140 52.505 -3948.752
v 3803.893 52.503 -3946.767
v 3802.524 52.328 -3938.894
v 3804.271 52.331 -3946.701
v 3782.597 53.508 -3951.550
v 3780.850 53.626 -3943.743
v 3802.087 52.479 -3936.942
v 3802.524 52.478 -3938.894
v 3780.850 53.776 -3943.743
v 3780.413 53.777 -3941.792
v 3804.271 52.481 -3946.701
v 3804.707 52.474 -3948.653
v 3783.034 53.598 -3953.502
v 3782.597 53.658 -3951.550
v 3801.981 52.479 -3937.288
v 3802.281 52.479 -3937.288
v 3802.281 52.479 -3936.988
v 3801.981 52.479 -3936.988
v 3801.981 60.479 -3937.288
v 3802.281 60.479 -3937.288
v 3802.281 60.479 -3936.988
v 3801.981 60.479 -3936.988
v 3804.514 52.477 -3948.608
v 3804.814 52.477 -3948.608
v 3804.814 52.477 -3948.308
v 3804.514 52.477 -3948.308
v 3804.514 60.477 -3948.608
v 3804.814 60.477 -3948.608
v 3804.814 60.477 -3948.308
v 3804.514 60.477 -3948.308
v 3781.042 53.622 -3943.705
v 3782.405 53.518 -3951.589
v 3736.218 54.038 -3959.569
v 3734.856 54.187 -3951.686
v 3780.702 53.771 -3941.735
v 3781.042 53.772 -3943.705
v 3734.856 54.337 -3951.686
v 3734.515 54.372 -3949.715
v 3782.405 53.668 -3951.589
v 3782.745 53.612 -3953.559
v 3736.559 54.149 -3961.540
v 3736.218 54.188 -3959.569
v 3780.586 53.772 -3942.082
v 3780.886 53.772 -3942.082
v 3780.886 53.772 -3941.782
v 3780.586 53.772 -3941.782
v 3780.586 61.772 -3942.082
v 3780.886 61.772 -3942.082
v 3780.886 61.772 -3941.782
v 3780.586 61.772 -3941.782
v 3782.561 53.617 -3953.512
v 3782.861 53.617 -3953.512
v 3782.861 53.617 -3953.212
v 3782.561 53.617 -3953.212
v 3782.561 61.617 -3953.512
v 3782.861 61.617 -3953.512
v 3782.861 61.617 -3953.212
v 3782.561 61.617 -3953.212
v 3734.740 54.184 -3951.708
v 3736.334 54.040 -3959.548
v 3704.119 53.515 -3966.101
v 3702.524 53.505 -3958.262
v 3734.341 54.368 -3949.748
v 3734.740 54.334 -3951.708
v 3702.524 53.655 -3958.262
v 3702.125 53.650 -3956.302
v 3736.334 54.190 -3959.548
v 3736.733 54.152 -3961.507
v 3704.517 53.664 -3968.061
v 3704.119 53.665 -3966.101
v 3734.231 54.364 -3950.094
v 3734.531 54.364 -3950.094
v 3734.531 54.364 -3949.794
v 3734.231 54.364 -3949.794
v 3734.231 62.364 -3950.094
v 3734.531 62.364 -3950.094
v 3734.531 62.364 -3949.794
v 3734.231 62.364 -3949.794
v 3736.543 54.156 -3961.461
v 3736.843 54.156 -3961.461
v 3736.843 54.156 -3961.161
v 3736.543 54.156 -3961.161
v 3736.543 62.156 -3961.461
v 3736.843 62.156 -3961.461
v 3736.843 62.156 -3961.161
v 3736.543 62.156 -3961.161
v 3702.536 53.505 -3958.259
v 3704.107 53.514 -3966.104
v 3689.858 53.201 -3968.958
v 3688.287 53.060 -3961.114
v 3702.143 53.651 -3956.298
v 3702.536 53.655 -3958.259
v 3688.287 53.210 -3961.114
v 3687.894 53.171 -3959.152
v 3704.107 53.664 -3966.104
v 3704.500 53.664 -3968.065
v 3690.251 53.382 -3970.919
v 3689.858 53.351 -3968.958
v 3688.604 53.071 -3961.063
v 3689.541 53.193 -3969.008
v 3670.149 52.727 -3971.294
v 3669.212 52.444 -3963.349
v 3688.370 53.188 -3959.077
v 3688.604 53.221 -3961.063
v 3669.212 52.594 -3963.349
v 3668.978 52.521 -3961.363
v 3689.541 53.343 -3969.008
v 3689.775 53.371 -3970.994
v 3670.383 52.945 -3973.280
v 3670.149 52.877 -3971.294
v 3688.243 53.191 -3959.426
v 3688.543 53.191 -3959.426
v 3688.543 53.191 -3959.126
v 3688.243 53.191 -3959.126
v 3688.243 61.191 -3959.426
v 3688.543 61.191 -3959.426
v 3688.543 61.191 -3959.126
v 3688.243 61.191 -3959.126
v 3689.601 53.368 -3970.946
v 3689.901 53.368 -3970.946
v 3689.901 53.368 -3970.646
v 3689.601 53.368 -3970.646
v 3689.601 61.368 -3970.946
v 3689.901 61.368 -3970.946
v 3689.901 61.368 -3970.646
v 3689.601 61.368 -3970.646
v 3669.201 52.444 -3963.350
v 3670.160 52.727 -3971.293
v 3653.629 52.388 -3973.288
v 3652.670 51.968 -3965.346
v 3668.961 52.520 -3961.365
v 3669.201 52.594 -3963.350
v 3652.670 52.118 -3965.346
v 3652.431 52.012 -3963.360
v 3670.160 52.877 -3971.293
v 3670.399 52.945 -3973.278
v 3653.868 52.640 -3975.274
v 3653.629 52.538 -3973.288
v 3652.159 51.955 -3965.441
v 3654.140 52.397 -3973.192
v 3641.883 52.244 -3976.324
v 3639.903 51.720 -3968.573
v 3651.664 51.991 -3963.503
v 3652.159 52.105 -3965.441
v 3639.903 51.870 -3968.573
v 3639.408 51.734 -3966.635
v 3654.140 52.547 -3973.192
v 3654.635 52.653 -3975.130
v 3642.379 52.520 -3978.262
v 3641.883 52.394 -3976.324
v 3639.778 51.718 -3968.607
v 3642.008 52.245 -3976.290
v 3622.338 52.224 -3981.998
v 3620.108 51.543 -3974.315
v 3639.221 51.731 -3966.686
v 3639.778 51.868 -3968.607
v 3620.108 51.693 -3974.315
v 3619.551 51.525 -3972.394
v 3642.008 52.395 -3976.290
v 3642.565 52.521 -3978.211
v 3622.895 52.546 -3983.919
v 3622.338 52.374 -3981.998
v 3639.127 51.745 -3967.028
v 3639.427 51.745 -3967.028
v 3639.427 51.745 -3966.728
v 3639.127 51.745 -3966.728
v 3639.127 59.745 -3967.028
v 3639.427 59.745 -3967.028
v 3639.427 59.745 -3966.728
v 3639.127 59.745 -3966.728
v 3642.360 52.509 -3978.168
v 3642.660 52.509 -3978.168
v 3642.660 52.509 -3977.868
v 3642.360 52.509 -3977.868
v 3642.360 60.509 -3978.168
v 3642.660 60.509 -3978.168
v 3642.660 60.509 -3977.868
v 3642.360 60.509 -3977.868
v 3620.634 51.548 -3974.200
v 3621.812 52.223 -3982.113
v 3608.409 52.160 -3984.108
v 3607.231 51.412 -3976.195
v 3620.340 51.533 -3972.222
v 3620.634 51.698 -3974.200
v 3607.231 51.562 -3976.195
v 3606.937 51.386 -3974.217
v 3621.812 52.373 -3982.113
v 3622.106 52.547 -3984.091
v 3608.704 52.500 -3986.086
v 3608.409 52.310 -3984.108
v 3607.546 51.416 -3976.161
v 3608.094 52.157 -3984.142
v 3599.823 52.065 -3984.710
v 3599.275 51.296 -3976.729
v 3607.409 51.392 -3974.166
v 3607.546 51.566 -3976.161
v 3599.275 51.446 -3976.729
v 3599.138 51.267 -3974.734
v 3608.094 52.307 -3984.142
v 3608.231 52.497 -3986.138
v 3599.960 52.410 -3986.706
v 3599.823 52.215 -3984.710
v 3600.046 51.314 -3976.751
v 3599.052 52.049 -3984.689
v 3587.653 51.704 -3983.262
v 3588.647 50.951 -3975.324
v 3600.294 51.294 -3974.766
v 3600.046 51.464 -3976.751
v 3588.647 51.101 -3975.324
v 3588.895 50.924 -3973.339
v 3599.052 52.199 -3984.689
v 3598.804 52.388 -3986.673
v 3587.405 52.050 -3985.246
v 3587.653 51.854 -3983.262
v 3600.120 51.311 -3975.115
v 3600.420 51.311 -3975.115
v 3600.420 51.311 -3974.815
v 3600.120 51.311 -3974.815
v 3600.120 59.311 -3975.115
v 3600.420 59.311 -3975.115
v 3600.420 59.311 -3974.815
v 3600.120 59.311 -3974.815
v 3598.679 52.369 -3986.625
v 3598.979 52.369 -3986.625
v 3598.979 52.369 -3986.325
v 3598.679 52.369 -3986.325
v 3598.679 60.369 -3986.625
v 3598.979 60.369 -3986.625
v 3598.979 60.369 -3986.325
v 3598.679 60.369 -3986.325
v 3588.565 50.948 -3975.314
v 3587.735 51.706 -3983.271
v 3574.043 51.310 -3981.844
v 3574.872 50.529 -3973.887
v 3588.772 50.920 -3973.325
v 3588.565 51.098 -3975.314
v 3574.872 50.679 -3973.887
v 3575.080 50.491 -3971.898
v 3587.735 51.856 -3983.271
v 3587.528 52.054 -3985.260
v 3573.836 51.665 -3983.833
v 3574.043 51.460 -3981.844
v 3574.458 50.522 -3973.866
v 3574.458 51.319 -3981.866
v 3561.344 51.115 -3981.866
v 3561.344 50.371 -3973.866
v 3574.458 50.481 -3971.866
v 3574.458 50.672 -3973.866
v 3561.344 50.521 -3973.866
v 3561.344 50.343 -3971.866
v 3574.458 51.469 -3981.866
v 3574.458 51.679 -3983.866
v 3561.344 51.461 -3983.866
v 3561.344 51.265 -3981.866
v 3561.254 50.370 -3973.867
v 3561.435 51.116 -3981.865
v 3548.611 50.943 -3982.155
v 3548.430 50.246 -3974.157
v 3561.208 50.341 -3971.867
v 3561.254 50.520 -3973.867
v 3548.430 50.396 -3974.157
v 3548.384 50.230 -3972.158
v 3561.435 51.266 -3981.865
v 3561.480 51.463 -3983.864
v 3548.656 51.276 -3984.155
v 3548.611 51.093 -3982.155
v 3561.063 50.359 -3972.217
v 3561.363 50.359 -3972.217
v 3561.363 50.359 -3971.917
v 3561.063 50.359 -3971.917
v 3561.063 58.359 -3972.217
v 3561.363 58.359 -3972.217
v 3561.363 58.359 -3971.917
v 3561.063 58.359 -3971.917
v 3561.326 51.443 -3983.814
v 3561.626 51.443 -3983.814
v 3561.626 51.443 -3983.514
v 3561.326 51.443 -3983.514
v 3561.326 59.443 -3983.814
v 3561.626 59.443 -3983.814
v 3561.626 59.443 -3983.514
v 3561.326 59.443 -3983.514
v 3547.656 50.245 -3974.251
v 3549.385 50.946 -3982.062
v 3539.121 50.981 -3984.335
v 3537.392 50.302 -3976.524
v 3547.223 50.229 -3972.298
v 3547.656 50.395 -3974.251
v 3537.392 50.452 -3976.524
v 3536.959 50.295 -3974.571
v 3549.385 51.096 -3982.062
v 3549.817 51.282 -3984.015
v 3539.554 51.306 -3986.287
v 3539.121 51.131 -3984.335
v 3537.127 50.304 -3976.592
v 3539.387 50.979 -3984.266
v 3524.848 51.041 -3988.547
v 3522.588 50.453 -3980.873
v 3536.562 50.298 -3974.673
v 3537.127 50.454 -3976.592
v 3522.588 50.603 -3980.873
v 3522.023 50.463 -3978.955
v 3539.387 51.129 -3984.266
v 3539.951 51.305 -3986.185
v 3525.413 51.344 -3990.466
v 3524.848 51.191 -3988.547
v 3522.611 50.453 -3980.867
v 3524.826 51.041 -3988.554
v 3512.904 50.977 -3991.989
v 3510.688 50.487 -3984.302
v 3522.057 50.463 -3978.945
v 3522.611 50.603 -3980.867
v 3510.688 50.637 -3984.302
v 3510.135 50.520 -3982.380
v 3524.826 51.191 -3988.554
v 3525.380 51.344 -3990.476
v 3513.457 51.255 -3993.911
v 3512.904 51.127 -3991.989
v 3521.962 50.477 -3979.287
v 3522.262 50.477 -3979.287
v 3522.262 50.477 -3978.987
v 3521.962 50.477 -3978.987
v 3521.962 58.477 -3979.287
v 3522.262 58.477 -3979.287
v 3522.262 58.477 -3978.987
v 3521.962 58.477 -3978.987
v 3525.174 51.328 -3990.433
v 3525.474 51.328 -3990.433
v 3525.474 51.328 -3990.133
v 3525.174 51.328 -3990.133
v 3525.174 59.328 -3990.433
v 3525.474 59.328 -3990.433
v 3525.474 59.328 -3990.133
v 3525.174 59.328 -3990.133
v 3510.717 50.487 -3984.294
v 3512.874 50.976 -3991.998
v 3496.499 50.728 -3996.583
v 3494.342 50.373 -3988.879
v 3510.178 50.520 -3982.368
v 3510.717 50.637 -3984.294
v 3494.342 50.523 -3988.879
v 3493.803 50.440 -3986.953
v 3512.874 51.126 -3991.998
v 3513.414 51.255 -3993.923
v 3497.039 50.973 -3998.508
v 3496.499 50.878 -3996.583
v 3493.773 50.368 -3989.086
v 3497.068 50.738 -3996.376
v 3485.113 50.474 -4001.780
v 3481.818 50.171 -3994.490
v 3492.950 50.434 -3987.263
v 3493.773 50.518 -3989.086
v 3481.818 50.321 -3994.490
v 3480.994 50.254 -3992.668
v 3497.068 50.888 -3996.376
v 3497.892 50.989 -3998.198
v 3485.937 50.709 -4003.602
v 3485.113 50.624 -4001.780
v 3492.882 50.442 -3987.596
v 3493.182 50.442 -3987.596
v 3493.182 50.442 -3987.296
v 3492.882 50.442 -3987.296
v 3492.882 58.442 -3987.596
v 3493.182 58.442 -3987.596
v 3493.182 58.442 -3987.296
v 3492.882 58.442 -3987.296
v 3497.660 50.979 -3998.166
v 3497.960 50.979 -3998.166
v 3497.960 50.979 -3997.866
v 3497.660 50.979 -3997.866
v 3497.660 58.979 -3998.166
v 3497.960 58.979 -3998.166
v 3497.960 58.979 -3997.866
v 3497.660 58.979 -3997.866
v 3481.480 50.164 -3994.662
v 3485.450 50.484 -4001.608
v 3479.717 50.311 -4004.885
v 3475.747 50.022 -3997.939
v 3480.488 50.244 -3992.926
v 3481.480 50.314 -3994.662
v 3475.747 50.172 -3997.939
v 3474.755 50.110 -3996.203
v 3485.450 50.634 -4001.608
v 3486.443 50.724 -4003.344
v 3480.710 50.544 -4006.621
v 3479.717 50.461 -4004.885
v 3475.735 50.022 -3997.946
v 3479.730 50.312 -4004.877
v 3466.961 49.788 -4012.237
v 3462.966 49.549 -4005.306
v 3474.736 50.109 -3996.214
v 3475.735 50.172 -3997.946
v 3462.966 49.699 -4005.306
v 3461.968 49.654 -4003.573
v 3479.730 50.462 -4004.877
v 3480.729 50.544 -4006.610
v 3467.960 50.011 -4013.970
v 3466.961 49.938 -4012.237
v 3462.592 49.532 -4005.551
v 3467.336 49.805 -4011.992
v 3458.653 49.359 -4018.388
v 3453.909 49.091 -4011.946
v 3461.406 49.629 -4003.941
v 3462.592 49.682 -4005.551
v 3453.909 49.241 -4011.946
v 3452.723 49.183 -4010.336
v 3467.336 49.955 -4011.992
v 3468.522 50.038 -4013.603
v 3459.839 49.585 -4019.998
v 3458.653 49.509 -4018.388
v 3461.374 49.634 -4004.252
v 3461.674 49.634 -4004.252
v 3461.674 49.634 -4003.952
v 3461.374 49.634 -4003.952
v 3461.374 57.634 -4004.252
v 3461.674 57.634 -4004.252
v 3461.674 57.634 -4003.952
v 3461.374 57.634 -4003.952
v 3468.253 50.029 -4013.592
v 3468.553 50.029 -4013.592
v 3468.553 50.029 -4013.292
v 3468.253 50.029 -4013.292
v 3468.253 58.029 -4013.592
v 3468.553 58.029 -4013.592
v 3468.553 58.029 -4013.292
v 3468.253 58.029 -4013.292
v 3453.111 49.046 -4012.728
v 3459.451 49.404 -4017.606
v 3457.459 49.290 -4020.196
v 3451.118 48.927 -4015.318
v 3451.526 49.116 -4011.508
v 3453.111 49.196 -4012.728
v 3451.118 49.077 -4015.318
v 3449.533 49.011 -4014.098
v 3459.451 49.554 -4017.606
v 3461.036 49.652 -4018.826
v 3459.044 49.540 -4021.416
v 3457.459 49.440 -4020.196
v 3451.105 48.927 -4015.334
v 3457.471 49.291 -4020.179
v 3455.701 49.181 -4022.505
v 3449.335 48.832 -4017.660
v 3449.514 49.010 -4014.123
v 3451.105 49.077 -4015.334
v 3449.335 48.982 -4017.660
v 3447.744 48.915 -4016.448
v 3457.471 49.441 -4020.179
v 3459.063 49.542 -4021.391
v 3457.293 49.434 -4023.716
v 3455.701 49.331 -4022.505
v 3449.135 48.821 -4017.949
v 3455.902 49.194 -4022.215
v 3452.295 48.944 -4027.937
v 3445.528 48.608 -4023.671
v 3447.443 48.898 -4016.883
v 3449.135 48.971 -4017.949
v 3445.528 48.758 -4023.671
v 3443.836 48.683 -4022.604
v 3455.902 49.344 -4022.215
v 3457.594 49.453 -4023.282
v 3453.987 49.209 -4029.003
v 3452.295 49.094 -4027.937
v 3445.669 48.617 -4023.461
v 3452.154 48.934 -4028.146
v 3446.588 48.576 -4035.850
v 3440.103 48.263 -4031.164
v 3444.048 48.696 -4022.290
v 3445.669 48.767 -4023.461
v 3440.103 48.413 -4031.164
v 3438.482 48.339 -4029.993
v 3452.154 49.084 -4028.146
v 3453.775 49.193 -4029.318
v 3448.209 48.808 -4037.021
v 3446.588 48.726 -4035.850
v 3440.191 48.268 -4031.047
v 3446.500 48.570 -4035.967
v 3440.121 48.240 -4044.146
v 3433.813 47.822 -4039.226
v 3438.614 48.348 -4029.817
v 3440.191 48.418 -4031.047
v 3433.813 47.972 -4039.226
v 3432.236 47.899 -4037.996
v 3446.500 48.720 -4035.967
v 3448.077 48.800 -4037.197
v 3441.698 48.498 -4045.376
v 3440.121 48.390 -4044.146
v 3438.622 48.355 -4030.090
v 3438.922 48.355 -4030.090
v 3438.922 48.355 -4029.790
v 3438.622 48.355 -4029.790
v 3438.622 56.355 -4030.090
v 3438.922 56.355 -4030.090
v 3438.922 56.355 -4029.790
v 3438.622 56.355 -4029.790
v 3447.769 48.792 -4037.224
v 3448.069 48.792 -4037.224
v 3448.069 48.792 -4036.924
v 3447.769 48.792 -4036.924
v 3447.769 56.792 -4037.224
v 3448.069 56.792 -4037.224
v 3448.069 56.792 -4036.924
v 3447.769 56.792 -4036.924
v 3433.489 47.807 -4039.711
v 3440.445 48.253 -4043.661
v 3436.349 48.097 -4050.876
v 3429.392 47.642 -4046.925
v 3431.749 47.862 -4038.723
v 3433.489 47.957 -4039.711
v 3429.392 47.792 -4046.925
v 3427.653 47.680 -4045.938
v 3440.445 48.403 -4043.661
v 3442.185 48.517 -4044.649
v 3438.088 48.362 -4051.863
v 3436.349 48.247 -4050.876
v 3429.037 47.628 -4047.759
v 3436.704 48.108 -4050.042
v 3435.391 48.079 -4054.455
v 3427.723 47.591 -4052.173
v 3427.120 47.660 -4047.189
v 3429.037 47.778 -4047.759
v 3427.723 47.741 -4052.173
v 3425.806 47.621 -4051.602
v 3436.704 48.258 -4050.042
v 3438.621 48.380 -4050.612
v 3437.308 48.352 -4055.025
v 3435.391 48.229 -4054.455
v 3427.575 47.589 -4052.929
v 3435.538 48.079 -4053.698
v 3435.049 48.105 -4058.772
v 3427.086 47.606 -4058.003
v 3425.585 47.617 -4052.737
v 3427.575 47.739 -4052.929
v 3427.086 47.756 -4058.003
v 3425.095 47.631 -4057.811
v 3435.538 48.229 -4053.698
v 3437.529 48.352 -4053.890
v 3437.039 48.381 -4058.964
v 3435.049 48.255 -4058.772
v 3427.100 47.615 -4058.899
v 3435.034 48.095 -4057.877
v 3435.858 48.217 -4064.272
v 3427.924 47.725 -4065.294
v 3425.116 47.644 -4059.154
v 3427.100 47.765 -4058.899
v 3427.924 47.875 -4065.294
v 3425.940 47.751 -4065.550
v 3435.034 48.245 -4057.877
v 3437.018 48.364 -4057.621
v 3437.842 48.489 -4064.017
v 3435.858 48.367 -4064.272
v 3428.014 47.735 -4065.766
v 3435.768 48.206 -4063.800
v 3438.050 48.545 -4072.798
v 3430.296 48.128 -4074.765
v 3426.075 47.766 -4066.258
v 3428.014 47.885 -4065.766
v 3430.296 48.278 -4074.765
v 3428.357 48.174 -4075.256
v 3435.768 48.356 -4063.800
v 3437.707 48.473 -4063.308
v 3439.989 48.800 -4072.306
v 3438.050 48.695 -4072.798
v 3426.119 47.778 -4066.359
v 3426.419 47.778 -4066.359
v 3426.419 47.778 -4066.059
v 3426.119 47.778 -4066.059
v 3426.119 55.778 -4066.359
v 3426.419 55.778 -4066.359
v 3426.419 55.778 -4066.059
v 3426.119 55.778 -4066.059
v 3437.363 48.461 -4063.507
v 3437.663 48.461 -4063.507
v 3437.663 48.461 -4063.207
v 3437.363 48.461 -4063.207
v 3437.363 56.461 -4063.507
v 3437.663 56.461 -4063.507
v 3437.663 56.461 -4063.207
v 3437.363 56.461 -4063.207
v 3430.173 48.079 -4073.781
v 3438.173 48.594 -4073.781
v 3438.173 48.899 -4081.154
v 3430.173 48.388 -4081.154
v 3428.173 48.101 -4073.781
v 3430.173 48.229 -4073.781
v 3430.173 48.538 -4081.154
v 3428.173 48.410 -4081.154
v 3438.173 48.744 -4073.781
v 3440.173 48.873 -4073.781
v 3440.173 49.177 -4081.154
v 3438.173 49.049 -4081.154
v 3430.173 48.385 -4081.086
v 3438.172 48.902 -4081.222
v 3438.016 49.272 -4090.393
v 3430.018 48.759 -4090.257
v 3428.174 48.406 -4081.052
v 3430.173 48.535 -4081.086
v 3430.018 48.909 -4090.257
v 3428.018 48.781 -4090.223
v 3438.172 49.052 -4081.222
v 3440.172 49.181 -4081.256
v 3440.016 49.551 -4090.427
v 3438.016 49.422 -4090.393
v 3430.018 48.758 -4090.224
v 3438.016 49.274 -4090.425
v 3437.526 50.326 -4109.915
v 3429.529 49.834 -4109.714
v 3428.019 48.779 -4090.174
v 3430.018 48.908 -4090.224
v 3429.529 49.984 -4109.714
v 3427.529 49.861 -4109.664
v 3438.016 49.424 -4090.425
v 3440.015 49.552 -4090.475
v 3439.525 50.599 -4109.965
v 3437.526 50.476 -4109.915
v 3428.069 48.792 -4090.329
v 3428.369 48.792 -4090.329
v 3428.369 48.792 -4090.029
v 3428.069 48.792 -4090.029
v 3428.069 56.792 -4090.329
v 3428.369 56.792 -4090.329
v 3428.369 56.792 -4090.029
v 3428.069 56.792 -4090.029
v 3439.665 49.540 -4090.620
v 3439.965 49.540 -4090.620
v 3439.965 49.540 -4090.320
v 3439.665 49.540 -4090.320
v 3439.665 57.540 -4090.620
v 3439.965 57.540 -4090.620
v 3439.965 57.540 -4090.320
v 3439.665 57.540 -4090.320
v 3429.548 49.871 -4110.218
v 3437.507 50.289 -4109.410
v 3438.653 51.142 -4120.708
v 3430.694 50.754 -4121.516
v 3427.558 49.918 -4110.420
v 3429.548 50.021 -4110.218
v 3430.694 50.904 -4121.516
v 3428.704 50.808 -4121.718
v 3437.507 50.439 -4109.410
v 3439.497 50.544 -4109.209
v 3440.643 51.390 -4120.506
v 3438.653 51.292 -4120.708
v 3430.836 50.814 -4122.241
v 3438.511 51.084 -4119.983
v 3440.148 51.560 -4125.546
v 3432.473 51.303 -4127.804
v 3428.918 50.899 -4122.805
v 3430.836 50.964 -4122.241
v 3432.473 51.453 -4127.804
v 3430.554 51.390 -4128.368
v 3438.511 51.234 -4119.983
v 3440.430 51.303 -4119.419
v 3442.066 51.776 -4124.981
v 3440.148 51.710 -4125.546
v 3432.572 51.329 -4128.097
v 3440.049 51.534 -4125.253
v 3445.281 52.889 -4139.008
v 3437.804 52.777 -4141.852
v 3430.702 51.430 -4128.808
v 3432.572 51.479 -4128.097
v 3437.804 52.927 -4141.852
v 3435.934 52.903 -4142.563
v 3440.049 51.684 -4125.253
v 3441.918 51.738 -4124.542
v 3447.150 53.070 -4138.297
v 3445.281 53.039 -4139.008
v 3430.739 51.435 -4128.887
v 3431.039 51.435 -4128.887
v 3431.039 51.435 -4128.587
v 3430.739 51.435 -4128.587
v 3430.739 59.435 -4128.887
v 3431.039 59.435 -4128.887
v 3431.039 59.435 -4128.587
v 3430.739 59.435 -4128.587
v 3441.581 51.732 -4124.763
v 3441.881 51.732 -4124.763
v 3441.881 51.732 -4124.463
v 3441.581 51.732 -4124.463
v 3441.581 59.732 -4124.763
v 3441.881 59.732 -4124.763
v 3441.881 59.732 -4124.463
v 3441.581 59.732 -4124.463
v 3437.684 52.740 -4141.487
v 3445.400 52.925 -4139.373
v 3446.881 53.449 -4144.777
v 3439.165 53.283 -4146.891
v 3435.755 52.846 -4142.015
v 3437.684 52.890 -4141.487
v 3439.165 53.433 -4146.891
v 3437.236 53.394 -4147.420
v 3445.400 53.075 -4139.373
v 3447.329 53.124 -4138.845
v 3448.810 53.643 -4144.249
v 3446.881 53.599 -4144.777
v 3439.044 53.221 -4146.248
v 3447.001 53.508 -4145.421
v 3447.324 53.782 -4148.526
v 3439.367 53.508 -4149.353
v 3437.055 53.301 -4146.455
v 3439.044 53.371 -4146.248
v 3439.367 53.658 -4149.353
v 3437.378 53.590 -4149.560
v 3447.001 53.658 -4145.421
v 3448.991 53.731 -4145.214
v 3449.313 54.002 -4148.319
v 3447.324 53.932 -4148.526
v 3439.351 53.452 -4148.728
v 3447.340 53.835 -4149.151
v 3447.184 54.074 -4152.097
v 3439.195 53.704 -4151.675
v 3437.354 53.506 -4148.622
v 3439.351 53.602 -4148.728
v 3439.195 53.854 -4151.675
v 3437.198 53.760 -4151.569
v 3447.340 53.985 -4149.151
v 3449.337 54.080 -4149.256
v 3449.181 54.316 -4152.203
v 3447.184 54.224 -4152.097
v 3439.327 53.637 -4150.848
v 3447.053 54.138 -4152.924
v 3445.906 54.449 -4157.192
v 3438.180 53.964 -4155.116
v 3437.395 53.659 -4150.329
v 3439.327 53.787 -4150.848
v 3438.180 54.114 -4155.116
v 3436.249 53.990 -4154.597
v 3447.053 54.288 -4152.924
v 3448.984 54.410 -4153.443
v 3447.838 54.718 -4157.711
v 3445.906 54.599 -4157.192
v 3438.436 53.914 -4154.424
v 3445.650 54.498 -4157.884
v 3444.002 54.727 -4161.319
v 3436.789 54.152 -4157.860
v 3436.633 53.914 -4153.560
v 3438.436 54.064 -4154.424
v 3436.789 54.302 -4157.860
v 3434.986 54.155 -4156.995
v 3445.650 54.648 -4157.884
v 3447.453 54.790 -4158.748
v 3445.806 55.020 -4162.184
v 3444.002 54.877 -4161.319
v 3437.247 54.105 -4157.122
v 3443.544 54.776 -4162.057
v 3438.802 55.156 -4168.108
v 3432.505 54.478 -4163.174
v 3435.673 54.083 -4155.889
v 3437.247 54.255 -4157.122
v 3432.505 54.628 -4163.174
v 3430.931 54.453 -4161.940
v 3443.544 54.926 -4162.057
v 3445.118 55.092 -4163.290
v 3440.376 55.470 -4169.342
v 3438.802 55.306 -4168.108
v 3432.671 54.465 -4162.976
v 3438.636 55.169 -4168.306
v 3434.540 55.463 -4172.891
v 3428.574 54.763 -4167.561
v 3431.179 54.434 -4161.644
v 3432.671 54.615 -4162.976
v 3428.574 54.913 -4167.561
v 3427.083 54.732 -4166.229
v 3438.636 55.319 -4168.306
v 3440.128 55.489 -4169.639
v 3436.031 55.783 -4174.224
v 3434.540 55.613 -4172.891
v 3431.178 54.452 -4161.927
v 3431.478 54.452 -4161.927
v 3431.478 54.452 -4161.627
v 3431.178 54.452 -4161.627
v 3431.178 62.452 -4161.927
v 3431.478 62.452 -4161.927
v 3431.478 62.452 -4161.627
v 3431.178 62.452 -4161.627
v 3439.829 55.472 -4169.656
v 3440.129 55.472 -4169.656
v 3440.129 55.472 -4169.356
v 3439.829 55.472 -4169.356
v 3439.829 63.472 -4169.656
v 3440.129 63.472 -4169.656
v 3440.129 63.472 -4169.356
v 3439.829 63.472 -4169.356
v 3428.357 54.781 -4167.826
v 3434.757 55.445 -4172.627
v 3431.317 55.777 -4177.212
v 3424.917 55.121 -4172.411
v 3426.757 54.760 -4166.626
v 3428.357 54.931 -4167.826
v 3424.917 55.271 -4172.411
v 3423.318 55.101 -4171.211
v 3434.757 55.595 -4172.627
v 3436.356 55.755 -4173.827
v 3432.917 56.086 -4178.412
v 3431.317 55.927 -4177.212
v 3424.537 55.170 -4173.028
v 3431.697 55.729 -4176.595
v 3429.248 56.135 -4181.511
v 3422.088 55.590 -4177.943
v 3422.747 55.176 -4172.136
v 3424.537 55.320 -4173.028
v 3422.088 55.740 -4177.943
v 3420.298 55.599 -4177.051
v 3431.697 55.879 -4176.595
v 3433.487 56.015 -4177.487
v 3431.038 56.416 -4182.403
v 3429.248 56.285 -4181.511
v 3421.826 55.650 -4178.614
v 3429.510 56.077 -4180.840
v 3427.707 56.636 -4187.064
v 3420.023 56.234 -4184.837
v 3419.905 55.691 -4178.057
v 3421.826 55.800 -4178.614
v 3420.023 56.384 -4184.837
v 3418.102 56.281 -4184.281
v 3429.510 56.227 -4180.840
v 3431.431 56.330 -4181.397
v 3429.628 56.884 -4187.620
v 3427.707 56.786 -4187.064
v 3419.953 56.261 -4185.115
v 3427.776 56.611 -4186.786
v 3426.797 57.038 -4191.371
v 3418.973 56.707 -4189.700
v 3417.997 56.321 -4184.697
v 3419.953 56.411 -4185.115
v 3418.973 56.857 -4189.700
v 3417.018 56.771 -4189.282
v 3427.776 56.761 -4186.786
v 3429.732 56.846 -4187.204
v 3428.753 57.265 -4191.789
v 3426.797 57.188 -4191.371
v 3418.887 56.802 -4190.654
v 3426.883 56.946 -4190.417
v 3427.039 57.407 -4195.662
v 3419.043 57.279 -4195.900
v 3416.888 56.917 -4190.714
v 3418.887 56.952 -4190.654
v 3419.043 57.429 -4195.900
v 3417.044 57.397 -4195.959
v 3426.883 57.096 -4190.417
v 3428.882 57.132 -4190.357
v 3429.038 57.589 -4195.603
v 3427.039 57.557 -4195.662
v 3419.140 57.347 -4196.664
v 3426.942 57.341 -4194.898
v 3428.423 57.917 -4201.439
v 3420.620 57.944 -4203.205
v 3417.189 57.501 -4197.106
v 3419.140 57.497 -4196.664
v 3420.620 58.094 -4203.205
v 3418.670 58.102 -4203.647
v 3426.942 57.491 -4194.898
v 3428.893 57.491 -4194.457
v 3430.373 58.062 -4200.997
v 3428.423 58.067 -4201.439
v 3417.234 57.500 -4197.212
v 3417.534 57.500 -4197.212
v 3417.534 57.500 -4196.912
v 3417.234 57.500 -4196.912
v 3417.234 65.500 -4197.212
v 3417.534 65.500 -4197.212
v 3417.534 65.500 -4196.912
v 3417.234 65.500 -4196.912
v 3428.548 57.491 -4194.651
v 3428.848 57.491 -4194.651
v 3428.848 57.491 -4194.351
v 3428.548 57.491 -4194.351
v 3428.548 65.491 -4194.651
v 3428.848 65.491 -4194.651
v 3428.848 65.491 -4194.351
v 3428.548 65.491 -4194.351
v 3420.626 57.946 -4203.232
v 3428.417 57.914 -4201.412
v 3429.719 58.400 -4206.988
v 3421.929 58.449 -4208.808
v 3418.679 58.106 -4203.687
v 3420.626 58.096 -4203.232
v 3421.929 58.599 -4208.808
v 3419.981 58.613 -4209.263
v 3428.417 58.064 -4201.412
v 3430.364 58.058 -4200.957
v 3431.667 58.539 -4206.533
v 3429.719 58.550 -4206.988
v 3421.895 58.435 -4208.649
v 3429.753 58.413 -4207.147
v 3430.410 58.707 -4210.583
v 3422.552 58.740 -4212.085
v 3419.931 58.592 -4209.025
v 3421.895 58.585 -4208.649
v 3422.552 58.890 -4212.085
v 3420.587 58.899 -4212.460
v 3429.753 58.563 -4207.147
v 3431.717 58.560 -4206.771
v 3432.374 58.851 -4210.207
v 3430.410 58.857 -4210.583
v 3422.481 58.674 -4211.334
v 3430.481 58.771 -4211.334
v 3430.481 59.083 -4215.099
v 3422.481 58.999 -4215.099
v 3420.481 58.800 -4211.334
v 3422.481 58.824 -4211.334
v 3422.481 59.149 -4215.099
v 3420.481 59.128 -4215.099
v 3430.481 58.921 -4211.334
v 3432.481 58.945 -4211.334
v 3432.481 59.254 -4215.099
v 3430.481 59.233 -4215.099
v 3422.672 58.896 -4213.878
v 3430.290 59.182 -4216.321
v 3428.976 59.511 -4220.417
v 3421.358 59.237 -4217.974
v 3420.767 58.972 -4213.267
v 3422.672 59.046 -4213.878
v 3421.358 59.387 -4217.974
v 3419.454 59.315 -4217.363
v 3430.290 59.332 -4216.321
v 3432.194 59.401 -4216.932
v 3430.881 59.728 -4221.028
v 3428.976 59.661 -4220.417
v 3421.867 59.151 -4216.935
v 3428.467 59.594 -4221.456
v 3426.675 59.744 -4224.073
v 3420.075 59.362 -4219.551
v 3420.217 59.187 -4215.805
v 3421.867 59.301 -4216.935
v 3420.075 59.512 -4219.551
v 3418.425 59.399 -4218.421
v 3428.467 59.744 -4221.456
v 3430.117 59.835 -4222.587
v 3428.325 59.970 -4225.203
v 3426.675 59.894 -4224.073
v 3420.704 59.305 -4218.835
v 3426.046 59.781 -4224.789
v 3422.762 59.928 -4227.736
v 3417.420 59.537 -4221.781
v 3419.368 59.313 -4217.346
v 3420.704 59.455 -4218.835
v 3417.420 59.687 -4221.781
v 3416.084 59.544 -4220.293
v 3426.046 59.931 -4224.789
v 3427.382 60.025 -4226.278
v 3424.098 60.173 -4229.224
v 3422.762 60.078 -4227.736
v 3418.010 59.502 -4221.343
v 3422.172 59.950 -4228.174
v 3414.647 60.173 -4232.760
v 3410.484 59.738 -4225.928
v 3416.969 59.493 -4219.635
v 3418.010 59.652 -4221.343
v 3410.484 59.888 -4225.928
v 3409.444 59.756 -4224.220
v 3422.172 60.100 -4228.174
v 3423.213 60.206 -4229.882
v 3415.688 60.430 -4234.467
v 3414.647 60.323 -4232.760
v 3416.923 59.509 -4219.956
v 3417.223 59.509 -4219.956
v 3417.223 59.509 -4219.656
v 3416.923 59.509 -4219.656
v 3416.923 67.509 -4219.956
v 3417.223 67.509 -4219.956
v 3417.223 67.509 -4219.656
v 3416.923 67.509 -4219.656
v 3422.959 60.195 -4229.862
v 3423.259 60.195 -4229.862
v 3423.259 60.195 -4229.562
v 3422.959 60.195 -4229.562
v 3422.959 68.195 -4229.862
v 3423.259 68.195 -4229.862
v 3423.259 68.195 -4229.562
v 3422.959 68.195 -4229.562
v 3410.144 59.750 -4226.160
v 3414.988 60.161 -4232.527
v 3407.452 60.345 -4238.262
v 3402.607 59.710 -4231.895
v 3408.932 59.751 -4224.569
v 3410.144 59.900 -4226.160
v 3402.607 59.860 -4231.895
v 3401.396 59.703 -4230.304
v 3414.988 60.311 -4232.527
v 3416.199 60.412 -4234.118
v 3408.663 60.655 -4239.853
v 3407.452 60.495 -4238.262
v 3402.905 59.714 -4231.689
v 3407.154 60.342 -4238.467
v 3401.421 60.251 -4242.062
v 3397.172 59.626 -4235.283
v 3401.842 59.708 -4229.995
v 3402.905 59.864 -4231.689
v 3397.172 59.776 -4235.283
v 3396.109 59.620 -4233.589
v 3407.154 60.492 -4238.467
v 3408.216 60.650 -4240.162
v 3402.484 60.559 -4243.756
v 3401.421 60.401 -4242.062
v 3397.953 59.645 -4234.905
v 3400.640 60.232 -4242.440
v 3395.564 60.067 -4244.250
v 3392.877 59.484 -4236.715
v 3397.281 59.648 -4233.021
v 3397.953 59.795 -4234.905
v 3392.877 59.634 -4236.715
v 3392.205 59.488 -4234.831
v 3400.640 60.382 -4242.440
v 3401.312 60.530 -4244.324
v 3396.236 60.364 -4246.134
v 3395.564 60.217 -4244.250
v 3392.959 59.486 -4236.687
v 3395.482 60.065 -4244.279
v 3387.133 59.778 -4247.053
v 3384.610 59.205 -4239.462
v 3392.328 59.492 -4234.789
v 3392.959 59.636 -4236.687
v 3384.610 59.355 -4239.462
v 3383.979 59.213 -4237.564
v 3395.482 60.215 -4244.279
v 3396.113 60.360 -4246.176
v 3387.764 60.072 -4248.951
v 3387.133 59.928 -4247.053
v 3392.241 59.507 -4235.129
v 3392.541 59.507 -4235.129
v 3392.541 59.507 -4234.829
v 3392.241 59.507 -4234.829
v 3392.241 67.507 -4235.129
v 3392.541 67.507 -4235.129
v 3392.541 67.507 -4234.829
v 3392.241 67.507 -4234.829
v 3395.900 60.345 -4246.137
v 3396.200 60.345 -4246.137
v 3396.200 60.345 -4245.837
v 3395.900 60.345 -4245.837
v 3395.900 68.345 -4246.137
v 3396.200 68.345 -4246.137
v 3396.200 68.345 -4245.837
v 3395.900 68.345 -4245.837
v 3384.899 59.216 -4239.377
v 3386.843 59.767 -4247.138
v 3378.984 59.456 -4249.107
v 3377.040 58.911 -4241.346
v 3384.413 59.229 -4237.437
v 3384.899 59.366 -4239.377
v 3377.040 59.061 -4241.346
v 3376.554 58.925 -4239.406
v 3386.843 59.917 -4247.138
v 3387.329 60.056 -4249.078
v 3379.470 59.743 -4251.047
v 3378.984 59.606 -4249.107
v 3377.040 58.911 -4241.346
v 3378.984 59.456 -4249.107
v 3371.125 59.142 -4251.075
v 3369.181 58.602 -4243.315
v 3376.554 58.925 -4239.406
v 3377.040 59.061 -4241.346
v 3369.181 58.752 -4243.315
v 3368.695 58.618 -4241.375
v 3378.984 59.606 -4249.107
v 3379.470 59.743 -4251.047
v 3371.611 0.200 -4253.015
v 3371.125 59.292 -4251.075
v 3368.700 58.585 -4243.468
v 3371.606 59.159 -4250.922
v 3367.843 59.005 -4252.389
v 3364.938 58.323 -4244.935
v 3367.974 58.568 -4241.605
v 3368.700 58.735 -4243.468
v 3364.938 58.473 -4244.935
v 3364.211 58.305 -4243.072
v 3371.606 59.309 -4250.922
v 3372.332 0.200 -4252.786
v 3368.570 0.200 -4254.252
v 3367.843 59.155 -4252.389
v 3364.710 58.307 -4245.032
v 3368.071 59.021 -4252.292
v 3359.221 0.050 -4256.388
v 3355.860 57.703 -4249.128
v 3363.870 58.281 -4243.217
v 3364.710 58.457 -4245.032
v 3355.860 57.853 -4249.128
v 3355.020 57.681 -4247.313
v 3368.071 59.171 -4252.292
v 3368.911 0.200 -4254.107
v 3360.061 0.200 -4258.203
v 3359.221 0.200 -4256.388
v 3355.863 57.703 -4249.127
v 3359.218 0.050 -4256.389
v 3352.839 0.050 -4259.336
v 3349.484 57.252 -4252.074
v 3355.024 57.681 -4247.311
v 3355.863 57.853 -4249.127
v 3349.484 57.402 -4252.074
v 3348.646 57.234 -4250.258
v 3359.218 0.200 -4256.389
v 3360.057 0.200 -4258.205
v 3353.678 0.200 -4261.152
v 3352.839 0.200 -4259.336
v 3354.958 57.698 -4247.643
v 3355.258 57.698 -4247.643
v 3355.258 57.698 -4247.343
v 3354.958 57.698 -4247.343
v 3354.958 65.698 -4247.643
v 3355.258 65.698 -4247.643
v 3355.258 65.698 -4247.343
v 3354.958 65.698 -4247.343
v 3359.823 0.200 -4258.173
v 3360.123 0.200 -4258.173
v 3360.123 0.200 -4257.873
v 3359.823 0.200 -4257.873
v 3359.823 8.200 -4258.173
v 3360.123 8.200 -4258.173
v 3360.123 8.200 -4257.873
v 3359.823 8.200 -4257.873
v 3350.055 57.296 -4251.861
v 3352.269 0.050 -4259.548
v 3348.830 0.050 -4260.539
v 3346.615 0.050 -4252.852
v 3349.501 57.298 -4249.939
v 3350.055 57.446 -4251.861
v 3346.615 0.200 -4252.852
v 3346.061 57.023 -4250.930
v 3352.269 0.200 -4259.548
v 3352.823 0.200 -4261.470
v 3349.383 0.200 -4262.461
v 3348.830 0.200 -4260.539
v 3347.584 0.050 -4252.698
v 3347.860 0.050 -4260.693
v 3343.274 0.050 -4260.852
v 3342.998 0.050 -4252.857
v 3347.515 57.149 -4250.699
v 3347.584 0.200 -4252.698
v 3342.998 0.200 -4252.857
v 3342.929 56.725 -4250.858
v 3347.860 0.200 -4260.693
v 3347.929 0.200 -4262.692
v 3343.343 0.200 -4262.851
v 3343.274 0.200 -4260.852
v 3343.136 0.050 -4252.854
v 3343.136 0.050 -4260.854
v 3340.019 0.050 -4260.854
v 3340.019 0.050 -4252.854
v 3343.136 56.744 -4250.854
v 3343.136 0.200 -4252.854
v 3340.019 0.200 -4252.854
v 3340.019 56.451 -4250.854
v 3343.136 0.200 -4260.854
v 3343.136 0.200 -4262.854
v 3340.019 0.200 -4262.854
v 3340.019 0.200 -4260.854
v 3340.641 0.050 -4252.903
v 3339.397 0.050 -4260.806
v 3336.291 0.050 -4260.317
v 3337.535 0.050 -4252.414
v 3340.952 56.542 -4250.927
v 3340.641 0.200 -4252.903
v 3337.535 0.200 -4252.414
v 3337.846 56.227 -4250.438
v 3339.397 0.200 -4260.806
v 3339.086 0.200 -4262.781
v 3335.980 0.200 -4262.292
v 3336.291 0.200 -4260.317
v 3338.000 0.050 -4252.516
v 3335.826 0.050 -4260.215
v 3330.583 0.050 -4258.735
v 3332.756 55.625 -4251.036
v 3338.543 56.300 -4250.591
v 3338.000 0.200 -4252.516
v 3332.756 55.775 -4251.036
v 3333.300 55.741 -4249.111
v 3335.826 0.200 -4260.215
v 3335.283 0.200 -4262.140
v 3330.040 0.200 -4260.660
v 3330.583 0.200 -4258.735
v 3332.974 55.649 -4251.104
v 3330.366 0.050 -4258.667
v 3326.113 0.050 -4257.200
v 3328.722 55.186 -4249.637
v 3333.626 55.776 -4249.213
v 3332.974 55.799 -4251.104
v 3328.722 55.336 -4249.637
v 3329.374 55.315 -4247.747
v 3330.366 0.200 -4258.667
v 3329.714 0.200 -4260.558
v 3325.461 0.200 -4259.091
v 3326.113 0.200 -4257.200
v 3328.081 55.119 -4249.474
v 3326.754 0.050 -4257.363
v 3322.825 0.050 -4256.703
v 3324.151 54.701 -4248.814
v 3328.412 55.215 -4247.502
v 3328.081 55.269 -4249.474
v 3324.151 54.851 -4248.814
v 3324.483 54.803 -4246.841
v 3326.754 0.200 -4257.363
v 3326.423 0.200 -4259.336
v 3322.493 0.200 -4258.675
v 3322.825 0.200 -4256.703
v 3323.117 54.596 -4248.775
v 3323.859 0.050 -4256.741
v 3318.616 0.050 -4257.230
v 3317.873 54.088 -4249.264
v 3322.931 54.646 -4246.784
v 3323.117 54.746 -4248.775
v 3317.873 54.238 -4249.264
v 3317.688 54.143 -4247.273
v 3323.859 0.200 -4256.741
v 3324.045 0.200 -4258.732
v 3318.802 0.200 -4259.221
v 3318.616 0.200 -4257.230
v 3322.799 54.656 -4247.133
v 3323.099 54.656 -4247.133
v 3323.099 54.656 -4246.833
v 3322.799 54.656 -4246.833
v 3322.799 62.656 -4247.133
v 3323.099 62.656 -4247.133
v 3323.099 62.656 -4246.833
v 3322.799 62.656 -4246.833
v 3323.876 0.200 -4258.683
v 3324.176 0.200 -4258.683
v 3324.176 0.200 -4258.383
v 3323.876 0.200 -4258.383
v 3323.876 8.200 -4258.683
v 3324.176 8.200 -4258.683
v 3324.176 8.200 -4258.383
v 3323.876 8.200 -4258.383
v 3317.397 54.043 -4249.338
v 3319.092 0.050 -4257.156
v 3310.743 0.050 -4258.966
v 3309.048 53.267 -4251.148
v 3316.973 54.075 -4247.383
v 3317.397 54.193 -4249.338
v 3309.048 53.417 -4251.148
v 3308.624 53.305 -4249.194
v 3319.092 0.200 -4257.156
v 3319.516 0.200 -4259.111
v 3311.167 0.200 -4260.921
v 3310.743 0.200 -4258.966
v 3308.779 53.243 -4251.216
v 3311.013 0.050 -4258.898
v 3303.154 0.050 -4261.184
v 3300.919 0.050 -4253.502
v 3308.220 53.268 -4249.296
v 3308.779 53.393 -4251.216
v 3300.919 0.200 -4253.502
v 3300.361 52.551 -4251.582
v 3311.013 0.200 -4258.898
v 3311.572 0.200 -4260.819
v 3303.712 0.200 -4263.105
v 3303.154 0.200 -4261.184
v 3301.614 0.050 -4253.366
v 3302.459 0.050 -4261.321
v 3296.236 0.050 -4261.982
v 3295.392 0.050 -4254.026
v 3301.403 52.651 -4251.377
v 3301.614 0.200 -4253.366
v 3295.392 0.200 -4254.026
v 3295.180 52.040 -4252.037
v 3302.459 0.200 -4261.321
v 3302.670 0.200 -4263.310
v 3296.447 0.200 -4263.970
v 3296.236 0.200 -4261.982
v 3296.074 0.050 -4254.012
v 3295.554 0.050 -4261.996
v 3290.478 0.050 -4261.665
v 3290.997 0.050 -4253.682
v 3296.204 52.143 -4252.017
v 3296.074 0.200 -4254.012
v 3290.997 0.200 -4253.682
v 3291.127 51.618 -4251.686
v 3295.554 0.200 -4261.996
v 3295.424 0.200 -4263.991
v 3290.348 0.200 -4263.661
v 3290.478 0.200 -4261.665
v 3291.499 0.050 -4253.747
v 3289.977 0.050 -4261.601
v 3279.001 0.050 -4259.473
v 3280.523 50.557 -4251.619
v 3291.879 51.697 -4251.783
v 3291.499 0.200 -4253.747
v 3280.523 50.707 -4251.619
v 3280.903 50.683 -4249.656
v 3289.977 0.200 -4261.601
v 3289.596 0.200 -4263.564
v 3278.620 0.200 -4261.437
v 3279.001 0.200 -4259.473
v 3291.691 51.699 -4252.130
v 3291.991 51.699 -4252.130
v 3291.991 51.699 -4251.830
v 3291.691 51.699 -4251.830
v 3291.691 59.699 -4252.130
v 3291.991 59.699 -4252.130
v 3291.991 59.699 -4251.830
v 3291.691 59.699 -4251.830
v 3289.484 0.200 -4263.518
v 3289.784 0.200 -4263.518
v 3289.784 0.200 -4263.218
v 3289.484 0.200 -4263.218
v 3289.484 8.200 -4263.518
v 3289.784 8.200 -4263.518
v 3289.784 8.200 -4263.218
v 3289.484 8.200 -4263.218
v 3280.510 50.556 -4251.617
v 3279.013 0.050 -4259.476
v 3272.145 0.050 -4258.167
v 3273.642 50.037 -4250.309
v 3280.884 50.682 -4249.652
v 3280.510 50.706 -4251.617
v 3273.642 50.187 -4250.309
v 3274.016 50.166 -4248.344
v 3279.013 0.200 -4259.476
v 3278.639 0.200 -4261.440
v 3271.771 0.200 -4260.132
v 3272.145 0.200 -4258.167
v 3273.573 50.032 -4250.296
v 3272.214 0.050 -4258.180
v 3267.460 0.050 -4257.361
v 3268.819 49.677 -4249.477
v 3273.912 50.158 -4248.325
v 3273.573 50.182 -4250.296
v 3268.819 49.827 -4249.477
v 3269.159 49.805 -4247.506
v 3272.214 0.200 -4258.180
v 3271.874 0.200 -4260.151
v 3267.121 0.200 -4259.332
v 3267.460 0.200 -4257.361
v 3268.140 49.627 -4249.419
v 3268.140 0.050 -4257.419
v 3262.897 0.050 -4257.419
v 3262.897 49.258 -4249.419
v 3268.140 49.732 -4247.419
v 3268.140 49.777 -4249.419
v 3262.897 49.408 -4249.419
v 3262.897 49.364 -4247.419
v 3268.140 0.200 -4257.419
v 3268.140 0.200 -4259.419
v 3262.897 0.200 -4259.419
v 3262.897 0.200 -4257.419
v 3262.484 49.229 -4249.440
v 3263.309 0.050 -4257.398
v 3252.344 0.050 -4258.534
v 3251.519 48.477 -4250.577
v 3262.278 49.322 -4247.451
v 3262.484 49.379 -4249.440
v 3251.519 48.627 -4250.577
v 3251.313 48.575 -4248.587
v 3263.309 0.200 -4257.398
v 3263.515 0.200 -4259.387
v 3252.550 0.200 -4260.523
v 3252.344 0.200 -4258.534
v 3251.295 48.462 -4250.606
v 3252.569 0.050 -4258.504
v 3243.396 0.050 -4259.984
v 3242.122 47.976 -4252.086
v 3250.976 48.552 -4248.632
v 3251.295 48.612 -4250.606
v 3242.122 48.126 -4252.086
v 3241.803 48.086 -4250.112
v 3252.569 0.200 -4258.504
v 3252.887 0.200 -4260.479
v 3243.715 0.200 -4261.959
v 3243.396 0.200 -4259.984
v 3250.858 48.558 -4248.979
v 3251.158 48.558 -4248.979
v 3251.158 48.558 -4248.679
v 3250.858 48.558 -4248.679
v 3250.858 56.558 -4248.979
v 3251.158 56.558 -4248.979
v 3251.158 56.558 -4248.679
v 3250.858 56.558 -4248.679
v 3252.706 0.200 -4260.431
v 3253.006 0.200 -4260.431
v 3253.006 0.200 -4260.131
v 3252.706 0.200 -4260.131
v 3252.706 8.200 -4260.431
v 3253.006 8.200 -4260.431
v 3253.006 8.200 -4260.131
v 3252.706 8.200 -4260.131
v 3241.496 47.968 -4252.240
v 3244.022 0.050 -4259.830
v 3234.694 0.050 -4262.936
v 3232.167 0.050 -4255.345
v 3240.864 48.073 -4250.342
v 3241.496 48.118 -4252.240
v 3232.167 0.200 -4255.345
v 3231.535 0.200 -4253.447
v 3244.022 0.200 -4259.830
v 3244.654 0.200 -4261.728
v 3235.325 0.200 -4264.833
v 3234.694 0.200 -4262.936
v 3231.641 0.050 -4255.563
v 3235.220 0.050 -4262.718
v 3223.754 0.050 -4268.453
v 3220.175 0.050 -4261.298
v 3230.747 0.200 -4253.774
v 3231.641 0.200 -4255.563
v 3220.175 0.200 -4261.298
v 3219.281 0.200 -4259.509
v 3235.220 0.200 -4262.718
v 3236.114 0.200 -4264.507
v 3224.648 0.200 -4270.241
v 3223.754 0.200 -4268.453
v 3220.123 0.050 -4261.324
v 3223.806 0.050 -4268.426
v 3214.633 0.050 -4273.183
v 3210.950 0.050 -4266.081
v 3219.202 0.200 -4259.549
v 3220.123 0.200 -4261.324
v 3210.950 0.200 -4266.081
v 3210.030 0.200 -4264.306
v 3223.806 0.200 -4268.426
v 3224.727 0.200 -4270.201
v 3215.554 0.200 -4274.958
v 3214.633 0.200 -4273.183
v 3219.144 0.200 -4259.876
v 3219.444 0.200 -4259.876
v 3219.444 0.200 -4259.576
v 3219.144 0.200 -4259.576
v 3219.144 8.200 -4259.876
v 3219.444 8.200 -4259.876
v 3219.444 8.200 -4259.576
v 3219.144 8.200 -4259.576
v 3224.485 0.200 -4270.174
v 3224.785 0.200 -4270.174
v 3224.785 0.200 -4269.874
v 3224.485 0.200 -4269.874
v 3224.485 8.200 -4270.174
v 3224.785 8.200 -4270.174
v 3224.785 8.200 -4269.874
v 3224.485 8.200 -4269.874
v 3211.687 0.050 -4265.788
v 3213.897 0.050 -4273.476
v 3207.096 0.050 -4275.432
v 3204.885 0.050 -4267.743
v 3211.134 0.200 -4263.866
v 3211.687 0.200 -4265.788
v 3204.885 0.200 -4267.743
v 3204.332 0.200 -4265.821
v 3213.897 0.200 -4273.476
v 3214.450 0.200 -4275.398
v 3207.648 0.200 -4277.354
v 3207.096 0.200 -4275.432
v 3204.726 0.050 -4267.792
v 3207.254 0.050 -4275.383
v 3201.065 0.050 -4277.444
v 3198.537 0.050 -4269.854
v 3204.094 0.200 -4265.895
v 3204.726 0.200 -4267.792
v 3198.537 0.200 -4269.854
v 3197.905 0.200 -4267.956
v 3207.254 0.200 -4275.383
v 3207.886 0.200 -4277.280
v 3201.697 0.200 -4279.341
v 3201.065 0.200 -4277.444
v 3199.379 0.050 -4269.671
v 3200.223 0.050 -4277.627
v 3192.375 0.050 -4278.459
v 3191.531 0.050 -4270.504
v 3199.168 0.200 -4267.682
v 3199.379 0.200 -4269.671
v 3191.531 0.200 -4270.504
v 3191.320 0.200 -4268.515
v 3200.223 0.200 -4277.627
v 3200.434 0.200 -4279.615
v 3192.586 0.200 -4280.448
v 3192.375 0.200 -4278.459
v 3191.953 0.050 -4270.481
v 3191.953 0.050 -4278.481
v 3182.880 0.050 -4278.481
v 3182.880 0.050 -4270.481
v 3191.953 0.200 -4268.481
v 3191.953 0.200 -4270.481
v 3182.880 0.200 -4270.481
v 3182.880 0.200 -4268.481
v 3191.953 0.200 -4278.481
v 3191.953 0.200 -4280.481
v 3182.880 0.200 -4280.481
v 3182.880 0.200 -4278.481
v 3191.803 0.200 -4268.831
v 3192.103 0.200 -4268.831
v 3192.103 0.200 -4268.531
v 3191.803 0.200 -4268.531
v 3191.803 8.200 -4268.831
v 3192.103 8.200 -4268.831
v 3192.103 8.200 -4268.531
v 3191.803 8.200 -4268.531
v 3191.803 0.200 -4280.431
v 3192.103 0.200 -4280.431
v 3192.103 0.200 -4280.131
v 3191.803 0.200 -4280.131
v 3191.803 8.200 -4280.431
v 3192.103 8.200 -4280.431
v 3192.103 8.200 -4280.131
v 3191.803 8.200 -4280.131
v 3183.751 0.050 -4270.577
v 3182.010 0.050 -4278.385
v 3170.867 0.050 -4275.901
v 3172.608 0.050 -4268.093
v 3184.186 0.200 -4268.625
v 3183.751 0.200 -4270.577
v 3172.608 0.200 -4268.093
v 3173.043 0.200 -4266.141
v 3182.010 0.200 -4278.385
v 3181.575 0.200 -4280.338
v 3170.432 0.200 -4277.853
v 3170.867 0.200 -4275.901
v 3172.565 0.050 -4268.084
v 3170.909 0.050 -4275.911
v 3157.295 0.050 -4273.030
v 3158.951 0.050 -4265.203
v 3172.979 0.200 -4266.127
v 3172.565 0.200 -4268.084
v 3158.951 0.200 -4265.203
v 3159.365 0.200 -4263.247
v 3170.909 0.200 -4275.911
v 3170.495 0.200 -4277.867
v 3156.881 0.200 -4274.987
v 3157.295 0.200 -4273.030
v 3158.841 0.050 -4265.182
v 3157.405 0.050 -4273.052
v 3143.790 0.050 -4270.567
v 3145.226 0.050 -4262.697
v 3159.200 0.200 -4263.214
v 3158.841 0.200 -4265.182
v 3145.226 0.200 -4262.697
v 3145.585 0.200 -4260.730
v 3157.405 0.200 -4273.052
v 3157.046 0.200 -4275.019
v 3143.431 0.200 -4272.535
v 3143.790 0.200 -4270.567
v 3159.014 0.200 -4263.561
v 3159.314 0.200 -4263.561
v 3159.314 0.200 -4263.261
v 3159.014 0.200 -4263.261
v 3159.014 8.200 -4263.561
v 3159.314 8.200 -4263.561
v 3159.314 8.200 -4263.261
v 3159.014 8.200 -4263.261
v 3156.932 0.200 -4274.972
v 3157.232 0.200 -4274.972
v 3157.232 0.200 -4274.672
v 3156.932 0.200 -4274.672
v 3156.932 8.200 -4274.972
v 3157.232 8.200 -4274.972
v 3157.232 8.200 -4274.672
v 3156.932 8.200 -4274.672
v 3144.876 0.050 -4262.649
v 3144.141 0.050 -4270.615
v 3126.396 0.050 -4268.977
v 3127.132 0.050 -4261.011
v 3145.060 0.200 -4260.658
v 3144.876 0.200 -4262.649
v 3127.132 0.200 -4261.011
v 3127.316 0.200 -4259.019
v 3144.141 0.200 -4270.615
v 3143.957 0.200 -4272.607
v 3126.212 0.200 -4270.969
v 3126.396 0.200 -4268.977
v 3127.151 0.050 -4261.013
v 3126.378 0.050 -4268.975
v 3113.587 0.050 -4267.733
v 3114.360 0.050 -4259.771
v 3127.344 0.200 -4259.022
v 3127.151 0.200 -4261.013
v 3114.360 0.200 -4259.771
v 3114.553 0.200 -4257.780
v 3126.378 0.200 -4268.975
v 3126.184 0.200 -4270.966
v 3113.394 0.200 -4269.724
v 3113.587 0.200 -4267.733
v 3127.175 0.200 -4259.371
v 3127.475 0.200 -4259.371
v 3127.475 0.200 -4259.071
v 3127.175 0.200 -4259.071
v 3127.175 8.200 -4259.371
v 3127.475 8.200 -4259.371
v 3127.475 8.200 -4259.071
v 3127.175 8.200 -4259.071
v 3126.054 0.200 -4270.917
v 3126.354 0.200 -4270.917
v 3126.354 0.200 -4270.617
v 3126.054 0.200 -4270.617
v 3126.054 8.200 -4270.917
v 3126.354 8.200 -4270.917
v 3126.354 8.200 -4270.617
v 3126.054 8.200 -4270.617
v 3113.974 0.050 -4259.752
v 3113.974 0.050 -4267.752
v 3105.313 0.050 -4267.752
v 3105.313 0.050 -4259.752
v 3113.974 0.200 -4257.752
v 3113.974 0.200 -4259.752
v 3105.313 0.200 -4259.752
v 3105.313 0.200 -4257.752
v 3113.974 0.200 -4267.752
v 3113.974 0.200 -4269.752
v 3105.313 0.200 -4269.752
v 3105.313 0.200 -4267.752
v 3104.415 0.050 -4259.854
v 3106.210 0.050 -4267.650
v 3095.479 0.050 -4270.121
v 3093.684 0.050 -4262.325
v 3103.967 0.200 -4257.905
v 3104.415 0.200 -4259.854
v 3093.684 0.200 -4262.325
v 3093.235 0.200 -4260.376
v 3106.210 0.200 -4267.650
v 3106.659 0.200 -4269.599
v 3095.928 0.200 -4272.070
v 3095.479 0.200 -4270.121
v 3093.986 0.050 -4262.267
v 3095.177 0.050 -4270.178
v 3086.928 0.050 -4271.420
v 3085.737 0.050 -4263.509
v 3093.688 0.200 -4260.290
v 3093.986 0.200 -4262.267
v 3085.737 0.200 -4263.509
v 3085.439 0.200 -4261.532
v 3095.177 0.200 -4270.178
v 3095.475 0.200 -4272.156
v 3087.226 0.200 -4273.398
v 3086.928 0.200 -4271.420
v 3085.808 0.050 -4263.499
v 3086.858 0.050 -4271.430
v 3080.668 0.050 -4272.250
v 3079.619 0.050 -4264.319
v 3085.546 0.200 -4261.517
v 3085.808 0.200 -4263.499
v 3079.619 0.200 -4264.319
v 3079.356 0.200 -4262.336
v 3086.858 0.200 -4271.430
v 3087.120 0.200 -4273.413
v 3080.931 0.200 -4274.232
v 3080.668 0.200 -4272.250
v 3085.422 0.200 -4261.865
v 3085.722 0.200 -4261.865
v 3085.722 0.200 -4261.565
v 3085.422 0.200 -4261.565
v 3085.422 8.200 -4261.865
v 3085.722 8.200 -4261.865
v 3085.722 8.200 -4261.565
v 3085.422 8.200 -4261.565
v 3086.944 0.200 -4273.365
v 3087.244 0.200 -4273.365
v 3087.244 0.200 -4273.065
v 3086.944 0.200 -4273.065
v 3086.944 8.200 -4273.365
v 3087.244 8.200 -4273.365
v 3087.244 8.200 -4273.065
v 3086.944 8.200 -4273.065
v 3079.481 0.050 -4264.339
v 3080.806 0.050 -4272.229
v 3075.853 0.050 -4273.061
v 3074.527 0.050 -4265.172
v 3079.149 0.200 -4262.367
v 3079.481 0.200 -4264.339
v 3074.527 0.200 -4265.172
v 3074.195 0.200 -4263.200
v 3080.806 0.200 -4272.229
v 3081.138 0.200 -4274.201
v 3076.184 0.200 -4275.034
v 3075.853 0.200 -4273.061
v 3073.285 0.050 -4265.599
v 3077.094 0.050 -4272.634
v 3067.187 0.050 -4277.999
v 3063.378 0.050 -4270.964
v 3072.333 0.200 -4263.840
v 3073.285 0.200 -4265.599
v 3063.378 0.200 -4270.964
v 3062.425 0.200 -4269.205
v 3077.094 0.200 -4272.634
v 3078.047 0.200 -4274.393
v 3068.139 0.200 -4279.757
v 3067.187 0.200 -4277.999
v 3062.899 0.050 -4271.269
v 3067.665 0.050 -4277.694
v 3054.875 0.050 -4287.181
v 3050.109 0.050 -4280.756
v 3061.708 0.200 -4269.662
v 3062.899 0.200 -4271.269
v 3050.109 0.200 -4280.756
v 3048.917 0.200 -4279.150
v 3067.665 0.200 -4277.694
v 3068.857 0.200 -4279.300
v 3056.066 0.200 -4288.788
v 3054.875 0.200 -4287.181
v 3061.677 0.200 -4269.973
v 3061.977 0.200 -4269.973
v 3061.977 0.200 -4269.673
v 3061.677 0.200 -4269.673
v 3061.677 8.200 -4269.973
v 3061.977 8.200 -4269.973
v 3061.977 8.200 -4269.673
v 3061.677 8.200 -4269.673
v 3068.588 0.200 -4279.290
v 3068.888 0.200 -4279.290
v 3068.888 0.200 -4278.990
v 3068.588 0.200 -4278.990
v 3068.588 8.200 -4279.290
v 3068.888 8.200 -4279.290
v 3068.888 8.200 -4278.990
v 3068.588 8.200 -4278.990
v 3050.311 0.050 -4280.615
v 3054.673 0.050 -4287.322
v 3046.424 0.050 -4292.687
v 3042.062 0.050 -4285.980
v 3049.221 0.200 -4278.939
v 3050.311 0.200 -4280.615
v 3042.062 0.200 -4285.980
v 3040.972 0.200 -4284.304
v 3054.673 0.200 -4287.322
v 3055.763 0.200 -4288.999
v 3047.514 0.200 -4294.363
v 3046.424 0.200 -4292.687
v 3042.159 0.050 -4285.919
v 3046.327 0.050 -4292.748
v 3038.902 0.050 -4297.280
v 3034.734 0.050 -4290.452
v 3041.117 0.200 -4284.212
v 3042.159 0.200 -4285.919
v 3034.734 0.200 -4290.452
v 3033.692 0.200 -4288.744
v 3046.327 0.200 -4292.748
v 3047.369 0.200 -4294.455
v 3039.944 0.200 -4298.987
v 3038.902 0.200 -4297.280
v 3035.479 0.050 -4290.097
v 3038.157 0.050 -4297.635
v 3025.367 0.050 -4302.180
v 3022.688 0.050 -4294.642
v 3034.809 0.200 -4288.212
v 3035.479 0.200 -4290.097
v 3022.688 0.200 -4294.642
v 3022.018 0.200 -4292.758
v 3038.157 0.200 -4297.635
v 3038.827 0.200 -4299.519
v 3026.037 0.200 -4304.065
v 3025.367 0.200 -4302.180
v 3034.726 0.200 -4288.551
v 3035.026 0.200 -4288.551
v 3035.026 0.200 -4288.251
v 3034.726 0.200 -4288.251
v 3034.726 8.200 -4288.551
v 3035.026 8.200 -4288.551
v 3035.026 8.200 -4288.251
v 3034.726 8.200 -4288.251
v 3038.610 0.200 -4299.481
v 3038.910 0.200 -4299.481
v 3038.910 0.200 -4299.181
v 3038.610 0.200 -4299.181
v 3038.610 8.200 -4299.481
v 3038.910 8.200 -4299.481
v 3038.910 8.200 -4299.181
v 3038.610 8.200 -4299.181
v 3023.272 0.050 -4294.483
v 3024.783 0.050 -4302.339
v 3021.209 0.050 -4303.026
v 3019.699 0.050 -4295.170
v 3022.894 0.200 -4292.519
v 3023.272 0.200 -4294.483
v 3019.699 0.200 -4295.170
v 3019.321 0.200 -4293.206
v 3024.783 0.200 -4302.339
v 3025.160 0.200 -4304.303
v 3021.587 0.200 -4304.990
v 3021.209 0.200 -4303.026
v 3019.691 0.050 -4295.172
v 3021.217 0.050 -4303.025
v 3009.929 0.050 -4305.218
v 3008.403 0.050 -4297.365
v 3019.309 0.200 -4293.208
v 3019.691 0.200 -4295.172
v 3008.403 0.200 -4297.365
v 3008.022 0.200 -4295.402
v 3021.217 0.200 -4303.025
v 3021.599 0.200 -4304.988
v 3010.311 0.200 -4307.182
v 3009.929 0.200 -4305.218
v 3008.114 0.050 -4297.433
v 3010.219 0.050 -4305.151
v 2996.604 0.050 -4308.864
v 2994.499 0.050 -4301.146
v 3007.587 0.200 -4295.503
v 3008.114 0.200 -4297.433
v 2994.499 0.200 -4301.146
v 2993.973 0.200 -4299.216
v 3010.219 0.200 -4305.151
v 3010.745 0.200 -4307.080
v 2997.131 0.200 -4310.793
v 2996.604 0.200 -4308.864
v 2994.114 0.050 -4301.272
v 2996.990 0.050 -4308.737
v 2980.904 0.050 -4314.935
v 2978.028 0.050 -4307.469
v 2993.395 0.200 -4299.406
v 2994.114 0.200 -4301.272
v 2978.028 0.200 -4307.469
v 2977.309 0.200 -4305.603
v 2996.990 0.200 -4308.737
v 2997.709 0.200 -4310.604
v 2981.623 0.200 -4316.801
v 2980.904 0.200 -4314.935
v 2993.317 0.200 -4299.743
v 2993.617 0.200 -4299.743
v 2993.617 0.200 -4299.443
v 2993.317 0.200 -4299.443
v 2993.317 8.200 -4299.743
v 2993.617 8.200 -4299.743
v 2993.617 8.200 -4299.443
v 2993.317 8.200 -4299.443
v 2997.487 0.200 -4310.567
v 2997.787 0.200 -4310.567
v 2997.787 0.200 -4310.267
v 2997.487 0.200 -4310.267
v 2997.487 8.200 -4310.567
v 2997.787 8.200 -4310.567
v 2997.787 8.200 -4310.267
v 2997.487 8.200 -4310.267
v 2978.242 0.050 -4307.394
v 2980.690 0.050 -4315.010
v 2969.135 0.050 -4318.723
v 2966.687 0.050 -4311.107
v 2977.631 0.200 -4305.490
v 2978.242 0.200 -4307.394
v 2966.687 0.200 -4311.107
v 2966.076 0.200 -4309.203
v 2980.690 0.200 -4315.010
v 2981.302 0.200 -4316.914
v 2969.747 0.200 -4320.627
v 2969.135 0.200 -4318.723
v 2967.333 0.050 -4310.957
v 2968.490 0.050 -4318.873
v 2948.686 0.050 -4321.767
v 2947.529 0.050 -4313.851
v 2967.044 0.200 -4308.978
v 2967.333 0.200 -4310.957
v 2947.529 0.200 -4313.851
v 2947.240 0.200 -4311.872
v 2968.490 0.200 -4318.873
v 2968.779 0.200 -4320.852
v 2948.975 0.200 -4323.746
v 2948.686 0.200 -4321.767
v 2966.923 0.200 -4309.326
v 2967.223 0.200 -4309.326
v 2967.223 0.200 -4309.026
v 2966.923 0.200 -4309.026
v 2966.923 8.200 -4309.326
v 2967.223 8.200 -4309.326
v 2967.223 8.200 -4309.026
v 2966.923 8.200 -4309.026
v 2968.600 0.200 -4320.804
v 2968.900 0.200 -4320.804
v 2968.900 0.200 -4320.504
v 2968.600 0.200 -4320.504
v 2968.600 8.200 -4320.804
v 2968.900 8.200 -4320.804
v 2968.900 8.200 -4320.504
v 2968.600 8.200 -4320.504
v 2947.433 0.050 -4313.866
v 2948.782 0.050 -4321.752
v 2934.332 0.050 -4324.223
v 2932.984 0.050 -4316.337
v 2947.096 0.200 -4311.895
v 2947.433 0.200 -4313.866
v 2932.984 0.200 -4316.337
v 2932.647 0.200 -4314.366
v 2948.782 0.200 -4321.752
v 2949.119 0.200 -4323.723
v 2934.670 0.200 -4326.194
v 2934.332 0.200 -4324.223
v 2933.259 0.050 -4316.300
v 2934.058 0.050 -4324.260
v 2921.679 0.050 -4325.502
v 2920.880 0.050 -4317.542
v 2933.059 0.200 -4314.310
v 2933.259 0.200 -4316.300
v 2920.880 0.200 -4317.542
v 2920.680 0.200 -4315.552
v 2934.058 0.200 -4324.260
v 2934.257 0.200 -4326.250
v 2921.879 0.200 -4327.492
v 2921.679 0.200 -4325.502
v 2921.361 0.050 -4317.523
v 2921.197 0.050 -4325.521
v 2900.570 0.050 -4325.098
v 2900.734 0.050 -4317.100
v 2921.402 0.200 -4315.523
v 2921.361 0.200 -4317.523
v 2900.734 0.200 -4317.100
v 2900.775 0.200 -4315.100
v 2921.197 0.200 -4325.521
v 2921.157 0.200 -4327.521
v 2900.529 0.200 -4327.098
v 2900.570 0.200 -4325.098
v 2921.248 0.200 -4315.873
v 2921.548 0.200 -4315.873
v 2921.548 0.200 -4315.573
v 2921.248 0.200 -4315.573
v 2921.248 8.200 -4315.873
v 2921.548 8.200 -4315.873
v 2921.548 8.200 -4315.573
v 2921.248 8.200 -4315.573
v 2921.011 0.200 -4327.471
v 2921.311 0.200 -4327.471
v 2921.311 0.200 -4327.171
v 2921.011 0.200 -4327.171
v 2921.011 8.200 -4327.471
v 2921.311 8.200 -4327.471
v 2921.311 8.200 -4327.171
v 2921.011 8.200 -4327.171
v 2901.066 0.050 -4317.121
v 2900.238 0.050 -4325.078
v 2880.434 0.050 -4323.016
v 2881.262 0.050 -4315.059
v 2901.273 0.200 -4315.131
v 2901.066 0.200 -4317.121
v 2881.262 0.200 -4315.059
v 2881.469 0.200 -4313.070
v 2900.238 0.200 -4325.078
v 2900.031 0.200 -4327.067
v 2880.227 0.200 -4325.005
v 2880.434 0.200 -4323.016
v 2881.021 0.050 -4315.041
v 2880.676 0.050 -4323.034
v 2871.180 0.050 -4322.624
v 2871.525 0.050 -4314.632
v 2881.107 0.200 -4313.043
v 2881.021 0.200 -4315.041
v 2871.525 0.200 -4314.632
v 2871.611 0.200 -4312.634
v 2880.676 0.200 -4323.034
v 2880.590 0.200 -4325.032
v 2871.094 0.200 -4324.623
v 2871.180 0.200 -4322.624
v 2870.537 0.050 -4314.712
v 2872.168 0.050 -4322.544
v 2862.272 0.050 -4324.605
v 2860.641 0.050 -4316.773
v 2870.129 0.200 -4312.754
v 2870.537 0.200 -4314.712
v 2860.641 0.200 -4316.773
v 2860.233 0.200 -4314.815
v 2872.168 0.200 -4322.544
v 2872.576 0.200 -4324.502
v 2862.680 0.200 -4326.563
v 2862.272 0.200 -4324.605
v 2870.020 0.200 -4313.100
v 2870.320 0.200 -4313.100
v 2870.320 0.200 -4312.800
v 2870.020 0.200 -4312.800
v 2870.020 8.200 -4313.100
v 2870.320 8.200 -4313.100
v 2870.320 8.200 -4312.800
v 2870.020 8.200 -4312.800
v 2872.385 0.200 -4324.456
v 2872.685 0.200 -4324.456
v 2872.685 0.200 -4324.156
v 2872.385 0.200 -4324.156
v 2872.385 8.200 -4324.456
v 2872.685 8.200 -4324.456
v 2872.685 8.200 -4324.156
v 2872.385 8.200 -4324.156
v 2859.311 0.050 -4317.314
v 2863.602 0.050 -4324.065
v 2854.519 0.050 -4329.839
v 2850.227 0.050 -4323.088
v 2858.238 0.200 -4315.626
v 2859.311 0.200 -4317.314
v 2850.227 0.200 -4323.088
v 2849.154 0.200 -4321.400
v 2863.602 0.200 -4324.065
v 2864.675 0.200 -4325.753
v 2855.592 0.200 -4331.527
v 2854.519 0.200 -4329.839
v 2850.281 0.050 -4323.054
v 2854.464 0.050 -4329.873
v 2836.308 0.050 -4341.012
v 2832.125 0.050 -4334.193
v 2849.235 0.200 -4321.350
v 2850.281 0.200 -4323.054
v 2832.125 0.200 -4334.193
v 2831.079 0.200 -4332.489
v 2854.464 0.200 -4329.873
v 2855.510 0.200 -4331.578
v 2837.354 0.200 -4342.717
v 2836.308 0.200 -4341.012
v 2849.190 0.200 -4321.670
v 2849.490 0.200 -4321.670
v 2849.490 0.200 -4321.370
v 2849.190 0.200 -4321.370
v 2849.190 8.200 -4321.670
v 2849.490 8.200 -4321.670
v 2849.490 8.200 -4321.370
v 2849.190 8.200 -4321.370
v 2855.256 0.200 -4331.558
v 2855.556 0.200 -4331.558
v 2855.556 0.200 -4331.258
v 2855.256 0.200 -4331.258
v 2855.256 8.200 -4331.558
v 2855.556 8.200 -4331.558
v 2855.556 8.200 -4331.258
v 2855.256 8.200 -4331.258
v 2832.820 0.050 -4333.855
v 2835.613 0.050 -4341.351
v 2817.880 0.050 -4347.958
v 2815.087 0.050 -4340.461
v 2832.122 0.200 -4331.980
v 2832.820 0.200 -4333.855
v 2815.087 0.200 -4340.461
v 2814.389 0.200 -4338.587
v 2835.613 0.200 -4341.351
v 2836.311 0.200 -4343.225
v 2818.578 0.200 -4349.832
v 2817.880 0.200 -4347.958
v 2814.997 0.050 -4340.496
v 2817.970 0.050 -4347.923
v 2801.461 0.050 -4354.530
v 2798.488 0.050 -4347.103
v 2814.254 0.200 -4338.639
v 2814.997 0.200 -4340.496
v 2798.488 0.200 -4347.103
v 2797.745 0.200 -4345.246
v 2817.970 0.200 -4347.923
v 2818.713 0.200 -4349.780
v 2802.204 0.200 -4356.387
v 2801.461 0.200 -4354.530
v 2814.178 0.200 -4338.975
v 2814.478 0.200 -4338.975
v 2814.478 0.200 -4338.675
v 2814.178 0.200 -4338.675
v 2814.178 8.200 -4338.975
v 2814.478 8.200 -4338.975
v 2814.478 8.200 -4338.675
v 2814.178 8.200 -4338.675
v 2818.488 0.200 -4349.745
v 2818.788 0.200 -4349.745
v 2818.788 0.200 -4349.445
v 2818.488 0.200 -4349.445
v 2818.488 8.200 -4349.745
v 2818.788 8.200 -4349.745
v 2818.788 8.200 -4349.445
v 2818.488 8.200 -4349.445
v 2798.507 0.050 -4347.095
v 2801.442 0.050 -4354.538
v 2785.757 0.050 -4360.722
v 2782.823 0.050 -4353.279
v 2797.774 0.200 -4345.235
v 2798.507 0.200 -4347.095
v 2782.823 0.200 -4353.279
v 2782.089 0.200 -4351.419
v 2801.442 0.200 -4354.538
v 2802.175 0.200 -4356.398
v 2786.490 0.200 -4362.582
v 2785.757 0.200 -4360.722
v 2783.289 0.050 -4353.128
v 2785.290 0.050 -4360.874
v 2772.499 0.050 -4364.177
v 2770.499 0.050 -4356.431
v 2782.789 0.200 -4351.191
v 2783.289 0.200 -4353.128
v 2770.499 0.200 -4356.431
v 2769.999 0.200 -4354.495
v 2785.290 0.200 -4360.874
v 2785.790 0.200 -4362.810
v 2772.999 0.200 -4366.113
v 2772.499 0.200 -4364.177
v 2782.689 0.200 -4351.535
v 2782.989 0.200 -4351.535
v 2782.989 0.200 -4351.235
v 2782.689 0.200 -4351.235
v 2782.689 8.200 -4351.535
v 2782.989 8.200 -4351.535
v 2782.989 8.200 -4351.235
v 2782.689 8.200 -4351.235
v 2785.590 0.200 -4362.766
v 2785.890 0.200 -4362.766
v 2785.890 0.200 -4362.466
v 2785.590 0.200 -4362.466
v 2785.590 8.200 -4362.766
v 2785.890 8.200 -4362.766
v 2785.890 8.200 -4362.466
v 2785.590 8.200 -4362.466
v 2770.842 0.050 -4356.358
v 2772.156 0.050 -4364.250
v 2759.777 0.050 -4366.311
v 2758.463 0.050 -4358.420
v 2770.514 0.200 -4354.386
v 2770.842 0.200 -4356.358
v 2758.463 0.200 -4358.420
v 2758.135 0.200 -4356.447
v 2772.156 0.200 -4364.250
v 2772.485 0.200 -4366.223
v 2760.106 0.200 -4368.284
v 2759.777 0.200 -4366.311
v 2758.931 0.050 -4358.370
v 2759.309 0.050 -4366.361
v 2750.649 0.050 -4366.771
v 2750.271 0.050 -4358.780
v 2758.837 0.200 -4356.372
v 2758.931 0.200 -4358.370
v 2750.271 0.200 -4358.780
v 2750.176 0.200 -4356.782
v 2759.309 0.200 -4366.361
v 2759.404 0.200 -4368.359
v 2750.743 0.200 -4368.768
v 2750.649 0.200 -4366.771
v 2749.982 0.050 -4358.804
v 2750.938 0.050 -4366.746
v 2740.618 0.050 -4367.988
v 2739.662 0.050 -4360.046
v 2749.743 0.200 -4356.818
v 2749.982 0.200 -4358.804
v 2739.662 0.200 -4360.046
v 2739.423 0.200 -4358.060
v 2750.938 0.200 -4366.746
v 2751.177 0.200 -4368.732
v 2740.857 0.200 -4369.974
v 2740.618 0.200 -4367.988
v 2749.617 0.200 -4357.167
v 2749.917 0.200 -4357.167
v 2749.917 0.200 -4356.867
v 2749.617 0.200 -4356.867
v 2749.617 8.200 -4357.167
v 2749.917 8.200 -4357.167
v 2749.917 8.200 -4356.867
v 2749.617 8.200 -4356.867
v 2751.003 0.200 -4368.683
v 2751.303 0.200 -4368.683
v 2751.303 0.200 -4368.383
v 2751.003 0.200 -4368.383
v 2751.003 8.200 -4368.683
v 2751.303 8.200 -4368.683
v 2751.303 8.200 -4368.383
v 2751.003 8.200 -4368.383
v 2738.703 0.050 -4360.284
v 2741.577 0.050 -4367.750
v 2736.223 0.050 -4369.811
v 2733.349 0.050 -4362.346
v 2737.985 0.200 -4358.418
v 2738.703 0.200 -4360.284
v 2733.349 0.200 -4362.346
v 2732.630 0.200 -4360.479
v 2741.577 0.200 -4367.750
v 2742.296 0.200 -4369.617
v 2736.942 0.200 -4371.678
v 2736.223 0.200 -4369.811
v 2731.733 0.050 -4363.494
v 2737.839 0.050 -4368.663
v 2733.297 0.050 -4374.028
v 2727.191 0.050 -4368.859
v 2730.207 0.200 -4362.202
v 2731.733 0.200 -4363.494
v 2727.191 0.200 -4368.859
v 2725.665 0.200 -4367.566
v 2737.839 0.200 -4368.663
v 2739.365 0.200 -4369.955
v 2734.823 0.200 -4375.320
v 2733.297 0.200 -4374.028
v 2726.839 0.050 -4369.345
v 2733.649 0.050 -4373.542
v 2730.343 0.050 -4378.907
v 2723.533 0.050 -4374.709
v 2725.136 0.200 -4368.295
v 2726.839 0.200 -4369.345
v 2723.533 0.200 -4374.709
v 2721.830 0.200 -4373.660
v 2733.649 0.200 -4373.542
v 2735.352 0.200 -4374.591
v 2732.046 0.200 -4379.956
v 2730.343 0.200 -4378.907
v 2724.994 0.050 -4373.312
v 2728.882 0.050 -4380.304
v 2725.175 0.050 -4382.365
v 2721.287 0.050 -4375.373
v 2724.022 0.200 -4371.564
v 2724.994 0.200 -4373.312
v 2721.287 0.200 -4375.373
v 2720.315 0.200 -4373.626
v 2728.882 0.200 -4380.304
v 2729.854 0.200 -4382.052
v 2726.147 0.200 -4384.113
v 2725.175 0.200 -4382.365
v 2723.231 0.050 -4374.869
v 2723.231 0.050 -4382.869
v 2718.689 0.050 -4382.869
v 2718.689 0.050 -4374.869
v 2723.231 0.200 -4372.869
v 2723.231 0.200 -4374.869
v 2718.689 0.200 -4374.869
v 2718.689 0.200 -4372.869
v 2723.231 0.200 -4382.869
v 2723.231 0.200 -4384.869
v 2718.689 0.200 -4384.869
v 2718.689 0.200 -4382.869
v 2720.124 0.050 -4375.135
v 2717.255 0.050 -4382.603
v 2711.889 0.050 -4380.542
v 2714.758 0.050 -4373.074
v 2720.841 0.200 -4373.268
v 2720.124 0.200 -4375.135
v 2714.758 0.200 -4373.074
v 2715.475 0.200 -4371.207
v 2717.255 0.200 -4382.603
v 2716.537 0.200 -4384.470
v 2711.172 0.200 -4382.409
v 2711.889 0.200 -4380.542
v 2720.619 0.200 -4373.605
v 2720.919 0.200 -4373.605
v 2720.919 0.200 -4373.305
v 2720.619 0.200 -4373.305
v 2720.619 8.200 -4373.605
v 2720.919 8.200 -4373.605
v 2720.919 8.200 -4373.305
v 2720.619 8.200 -4373.305
v 2716.459 0.200 -4384.434
v 2716.759 0.200 -4384.434
v 2716.759 0.200 -4384.134
v 2716.459 0.200 -4384.134
v 2716.459 8.200 -4384.434
v 2716.759 8.200 -4384.434
v 2716.759 8.200 -4384.134
v 2716.459 8.200 -4384.134
v 2715.112 0.050 -4373.230
v 2711.535 0.050 -4380.386
v 2703.286 0.050 -4376.263
v 2706.863 0.050 -4369.107
v 2716.006 0.200 -4371.441
v 2715.112 0.200 -4373.230
v 2706.863 0.200 -4369.107
v 2707.757 0.200 -4367.318
v 2711.535 0.200 -4380.386
v 2710.641 0.200 -4382.175
v 2702.392 0.200 -4378.052
v 2703.286 0.200 -4376.263
v 2706.421 0.050 -4368.919
v 2703.728 0.050 -4376.452
v 2686.396 0.050 -4370.255
v 2689.089 0.050 -4362.722
v 2707.095 0.200 -4367.036
v 2706.421 0.200 -4368.919
v 2689.089 0.200 -4362.722
v 2689.762 0.200 -4360.838
v 2703.728 0.200 -4376.452
v 2703.055 0.200 -4378.335
v 2685.722 0.200 -4372.138
v 2686.396 0.200 -4370.255
v 2689.108 0.050 -4362.728
v 2686.377 0.050 -4370.248
v 2668.221 0.050 -4363.654
v 2670.952 0.050 -4356.135
v 2689.790 0.200 -4360.848
v 2689.108 0.200 -4362.728
v 2670.952 0.200 -4356.135
v 2671.634 0.200 -4354.255
v 2686.377 0.200 -4370.248
v 2685.694 0.200 -4372.128
v 2667.538 0.200 -4365.534
v 2668.221 0.200 -4363.654
v 2689.572 0.200 -4361.186
v 2689.872 0.200 -4361.186
v 2689.872 0.200 -4360.886
v 2689.572 0.200 -4360.886
v 2689.572 8.200 -4361.186
v 2689.872 8.200 -4361.186
v 2689.872 8.200 -4360.886
v 2689.572 8.200 -4360.886
v 2685.612 0.200 -4372.090
v 2685.912 0.200 -4372.090
v 2685.912 0.200 -4371.790
v 2685.612 0.200 -4371.790
v 2685.612 8.200 -4372.090
v 2685.912 8.200 -4372.090
v 2685.912 8.200 -4371.790
v 2685.612 8.200 -4371.790
v 2670.709 0.050 -4356.055
v 2668.463 0.050 -4363.734
v 2658.567 0.050 -4360.840
v 2660.812 0.050 -4353.161
v 2671.270 0.200 -4354.136
v 2670.709 0.200 -4356.055
v 2660.812 0.200 -4353.161
v 2661.374 0.200 -4351.242
v 2668.463 0.200 -4363.734
v 2667.902 0.200 -4365.653
v 2658.006 0.200 -4362.759
v 2658.567 0.200 -4360.840
v 2660.066 0.050 -4353.018
v 2659.314 0.050 -4360.983
v 2650.642 0.050 -4360.164
v 2651.394 0.050 -4352.199
v 2660.254 0.200 -4351.027
v 2660.066 0.200 -4353.018
v 2651.394 0.200 -4352.199
v 2651.582 0.200 -4350.208
v 2659.314 0.200 -4360.983
v 2659.125 0.200 -4362.974
v 2650.454 0.200 -4362.155
v 2650.642 0.200 -4360.164
v 2650.791 0.050 -4352.188
v 2651.245 0.050 -4360.175
v 2636.806 0.050 -4360.994
v 2636.353 0.050 -4353.007
v 2650.678 0.200 -4350.191
v 2650.791 0.200 -4352.188
v 2636.353 0.200 -4353.007
v 2636.240 0.200 -4351.010
v 2651.245 0.200 -4360.175
v 2651.358 0.200 -4362.172
v 2636.920 0.200 -4362.991
v 2636.806 0.200 -4360.994
v 2650.539 0.200 -4350.541
v 2650.839 0.200 -4350.541
v 2650.839 0.200 -4350.241
v 2650.539 0.200 -4350.241
v 2650.539 8.200 -4350.541
v 2650.839 8.200 -4350.541
v 2650.839 8.200 -4350.241
v 2650.539 8.200 -4350.241
v 2651.197 0.200 -4362.122
v 2651.497 0.200 -4362.122
v 2651.497 0.200 -4361.822
v 2651.197 0.200 -4361.822
v 2651.197 8.200 -4362.122
v 2651.497 8.200 -4362.122
v 2651.497 8.200 -4361.822
v 2651.197 8.200 -4361.822
v 2635.889 0.050 -4353.061
v 2637.270 0.050 -4360.941
v 2613.749 0.050 -4365.063
v 2612.368 0.050 -4357.183
v 2635.544 0.200 -4351.091
v 2635.889 0.200 -4353.061
v 2612.368 0.200 -4357.183
v 2612.022 0.200 -4355.213
v 2637.270 0.200 -4360.941
v 2637.616 0.200 -4362.911
v 2614.094 0.200 -4367.033
v 2613.749 0.200 -4365.063
v 2613.058 0.050 -4357.123
v 2613.058 0.050 -4365.123
v 2601.503 0.050 -4365.123
v 2601.503 0.050 -4357.123
v 2613.058 0.200 -4355.123
v 2613.058 0.200 -4357.123
v 2601.503 0.200 -4357.123
v 2601.503 0.200 -4355.123
v 2613.058 0.200 -4365.123
v 2613.058 0.200 -4367.123
v 2601.503 0.200 -4367.123
v 2601.503 0.200 -4365.123
v 2612.908 0.200 -4355.473
v 2613.208 0.200 -4355.473
v 2613.208 0.200 -4355.173
v 2612.908 0.200 -4355.173
v 2612.908 8.200 -4355.473
v 2613.208 8.200 -4355.473
v 2613.208 8.200 -4355.173
v 2612.908 8.200 -4355.173
v 2612.908 0.200 -4367.073
v 2613.208 0.200 -4367.073
v 2613.208 0.200 -4366.773
v 2612.908 0.200 -4366.773
v 2612.908 8.200 -4367.073
v 2613.208 8.200 -4367.073
v 2613.208 8.200 -4366.773
v 2612.908 8.200 -4366.773
v 2600.566 0.050 -4357.235
v 2602.440 0.050 -4365.012
v 2592.132 0.050 -4367.496
v 2590.258 0.050 -4359.719
v 2600.097 0.200 -4355.290
v 2600.566 0.200 -4357.235
v 2590.258 0.200 -4359.719
v 2589.789 0.200 -4357.774
v 2602.440 0.200 -4365.012
v 2602.909 0.200 -4366.956
v 2592.601 0.200 -4369.441
v 2592.132 0.200 -4367.496
v 2590.516 0.050 -4359.666
v 2591.874 0.050 -4367.549
v 2579.907 0.050 -4369.611
v 2578.549 0.050 -4361.727
v 2590.176 0.200 -4357.695
v 2590.516 0.200 -4359.666
v 2578.549 0.200 -4361.727
v 2578.210 0.200 -4359.756
v 2591.874 0.200 -4367.549
v 2592.213 0.200 -4369.520
v 2580.247 0.200 -4371.582
v 2579.907 0.200 -4369.611
v 2579.228 0.050 -4361.669
v 2579.228 0.050 -4369.669
v 2573.451 0.050 -4369.669
v 2573.451 0.050 -4361.669
v 2579.228 0.200 -4359.669
v 2579.228 0.200 -4361.669
v 2573.451 0.200 -4361.669
v 2573.451 0.200 -4359.669
v 2579.228 0.200 -4369.669
v 2579.228 0.200 -4371.669
v 2573.451 0.200 -4371.669
v 2573.451 0.200 -4369.669
v 2575.131 0.050 -4362.039
v 2571.770 0.050 -4369.299
v 2566.404 0.050 -4366.815
v 2569.766 0.050 -4359.555
v 2575.971 0.200 -4360.224
v 2575.131 0.200 -4362.039
v 2569.766 0.200 -4359.555
v 2570.606 0.200 -4357.740
v 2571.770 0.200 -4369.299
v 2570.930 0.200 -4371.114
v 2565.564 0.200 -4368.629
v 2566.404 0.200 -4366.815
v 2575.737 0.200 -4360.556
v 2576.037 0.200 -4360.556
v 2576.037 0.200 -4360.256
v 2575.737 0.200 -4360.256
v 2575.737 8.200 -4360.556
v 2576.037 8.200 -4360.556
v 2576.037 8.200 -4360.256
v 2575.737 8.200 -4360.256
v 2570.864 0.200 -4371.082
v 2571.164 0.200 -4371.082
v 2571.164 0.200 -4370.782
v 2570.864 0.200 -4370.782
v 2570.864 8.200 -4371.082
v 2571.164 8.200 -4371.082
v 2571.164 8.200 -4370.782
v 2570.864 8.200 -4370.782
v 2569.918 0.050 -4359.629
v 2566.252 0.050 -4366.740
v 2553.462 0.050 -4360.146
v 2557.127 0.050 -4353.036
v 2570.834 0.200 -4357.852
v 2569.918 0.200 -4359.629
v 2557.127 0.200 -4353.036
v 2558.044 0.200 -4351.258
v 2566.252 0.200 -4366.740
v 2565.336 0.200 -4368.518
v 2552.545 0.200 -4361.924
v 2553.462 0.200 -4360.146
v 2556.454 0.050 -4352.763
v 2554.135 0.050 -4360.419
v 2540.521 0.050 -4356.297
v 2542.839 0.050 -4348.640
v 2557.033 0.200 -4350.849
v 2556.454 0.200 -4352.763
v 2542.839 0.200 -4348.640
v 2543.419 0.200 -4346.726
v 2554.135 0.200 -4360.419
v 2553.555 0.200 -4362.334
v 2539.941 0.200 -4358.211
v 2540.521 0.200 -4356.297
v 2542.620 0.050 -4348.580
v 2540.740 0.050 -4356.356
v 2528.773 0.050 -4353.462
v 2530.653 0.050 -4345.687
v 2543.090 0.200 -4346.636
v 2542.620 0.200 -4348.580
v 2530.653 0.200 -4345.687
v 2531.123 0.200 -4343.743
v 2540.740 0.200 -4356.356
v 2540.270 0.200 -4358.300
v 2528.303 0.200 -4355.406
v 2528.773 0.200 -4353.462
v 2542.893 0.200 -4346.981
v 2543.193 0.200 -4346.981
v 2543.193 0.200 -4346.681
v 2542.893 0.200 -4346.681
v 2542.893 8.200 -4346.981
v 2543.193 8.200 -4346.981
v 2543.193 8.200 -4346.681
v 2542.893 8.200 -4346.681
v 2540.167 0.200 -4358.256
v 2540.467 0.200 -4358.256
v 2540.467 0.200 -4357.956
v 2540.167 0.200 -4357.956
v 2540.167 8.200 -4358.256
v 2540.467 8.200 -4358.256
v 2540.467 8.200 -4357.956
v 2540.167 8.200 -4357.956
v 2531.339 0.050 -4345.920
v 2528.087 0.050 -4353.229
v 2520.662 0.050 -4349.926
v 2523.914 0.050 -4342.616
v 2532.152 0.200 -4344.093
v 2531.339 0.200 -4345.920
v 2523.914 0.200 -4342.616
v 2524.727 0.200 -4340.789
v 2528.087 0.200 -4353.229
v 2527.274 0.200 -4355.056
v 2519.849 0.200 -4351.753
v 2520.662 0.200 -4349.926
v 2524.394 0.050 -4342.870
v 2520.183 0.050 -4349.672
v 2502.850 0.050 -4338.943
v 2507.061 0.050 -4332.141
v 2525.446 0.200 -4341.170
v 2524.394 0.200 -4342.870
v 2507.061 0.200 -4332.141
v 2508.114 0.200 -4330.440
v 2520.183 0.200 -4349.672
v 2519.130 0.200 -4351.373
v 2501.798 0.200 -4340.643
v 2502.850 0.200 -4338.943
v 2507.113 0.050 -4332.173
v 2502.799 0.050 -4338.910
v 2486.702 0.050 -4328.604
v 2491.016 0.050 -4321.866
v 2508.191 0.200 -4330.489
v 2507.113 0.200 -4332.173
v 2491.016 0.200 -4321.866
v 2492.094 0.200 -4320.182
v 2502.799 0.200 -4338.910
v 2501.720 0.200 -4340.595
v 2485.624 0.200 -4330.288
v 2486.702 0.200 -4328.604
v 2507.933 0.200 -4330.807
v 2508.233 0.200 -4330.807
v 2508.233 0.200 -4330.507
v 2507.933 0.200 -4330.507
v 2507.933 8.200 -4330.807
v 2508.233 8.200 -4330.807
v 2508.233 8.200 -4330.507
v 2507.933 8.200 -4330.507
v 2501.678 0.200 -4340.576
v 2501.978 0.200 -4340.576
v 2501.978 0.200 -4340.276
v 2501.678 0.200 -4340.276
v 2501.678 8.200 -4340.576
v 2501.978 8.200 -4340.576
v 2501.978 8.200 -4340.276
v 2501.678 8.200 -4340.276
v 2490.706 0.050 -4321.687
v 2487.012 0.050 -4328.783
v 2476.704 0.050 -4323.418
v 2480.397 0.050 -4316.322
v 2491.629 0.200 -4319.913
v 2490.706 0.200 -4321.687
v 2480.397 0.200 -4316.322
v 2481.321 0.200 -4314.548
v 2487.012 0.200 -4328.783
v 2486.089 0.200 -4330.557
v 2475.781 0.200 -4325.193
v 2476.704 0.200 -4323.418
v 2480.064 0.050 -4316.168
v 2477.037 0.050 -4323.573
v 2467.954 0.050 -4319.860
v 2470.981 0.050 -4312.455
v 2480.821 0.200 -4314.316
v 2480.064 0.200 -4316.168
v 2470.981 0.200 -4312.455
v 2471.737 0.200 -4310.603
v 2477.037 0.200 -4323.573
v 2476.281 0.200 -4325.424
v 2467.197 0.200 -4321.711
v 2467.954 0.200 -4319.860
v 2470.127 0.050 -4312.212
v 2468.807 0.050 -4320.102
v 2461.382 0.050 -4318.860
v 2462.702 0.050 -4310.970
v 2470.457 0.200 -4310.239
v 2470.127 0.200 -4312.212
v 2462.702 0.200 -4310.970
v 2463.032 0.200 -4308.997
v 2468.807 0.200 -4320.102
v 2468.477 0.200 -4322.075
v 2461.052 0.200 -4320.833
v 2461.382 0.200 -4318.860
v 2462.231 0.050 -4310.920
v 2461.853 0.050 -4318.911
v 2453.192 0.050 -4318.501
v 2453.570 0.050 -4310.510
v 2462.326 0.200 -4308.922
v 2462.231 0.200 -4310.920
v 2453.570 0.200 -4310.510
v 2453.665 0.200 -4308.512
v 2461.853 0.200 -4318.911
v 2461.759 0.200 -4320.908
v 2453.098 0.200 -4320.499
v 2453.192 0.200 -4318.501
v 2462.166 0.200 -4309.272
v 2462.466 0.200 -4309.272
v 2462.466 0.200 -4308.972
v 2462.166 0.200 -4308.972
v 2462.166 8.200 -4309.272
v 2462.466 8.200 -4309.272
v 2462.466 8.200 -4308.972
v 2462.166 8.200 -4308.972
v 2461.618 0.200 -4320.859
v 2461.918 0.200 -4320.859
v 2461.918 0.200 -4320.559
v 2461.618 0.200 -4320.559
v 2461.618 8.200 -4320.859
v 2461.918 8.200 -4320.859
v 2461.918 8.200 -4320.559
v 2461.618 8.200 -4320.559
v 2452.374 0.050 -4310.634
v 2454.389 0.050 -4318.377
v 2444.893 0.050 -4320.847
v 2442.878 0.050 -4313.105
v 2451.870 0.200 -4308.699
v 2452.374 0.200 -4310.634
v 2442.878 0.200 -4313.105
v 2442.375 0.200 -4311.170
v 2454.389 0.200 -4318.377
v 2454.892 0.200 -4320.312
v 2445.397 0.200 -4322.783
v 2444.893 0.200 -4320.847
v 2442.598 0.050 -4313.189
v 2445.174 0.050 -4320.763
v 2424.546 0.050 -4327.780
v 2421.970 0.050 -4320.206
v 2441.954 0.200 -4311.296
v 2442.598 0.200 -4313.189
v 2421.970 0.200 -4320.206
v 2421.326 0.200 -4318.312
v 2445.174 0.200 -4320.763
v 2445.818 0.200 -4322.657
v 2425.191 0.200 -4329.673
v 2424.546 0.200 -4327.780
v 2441.868 0.200 -4311.635
v 2442.168 0.200 -4311.635
v 2442.168 0.200 -4311.335
v 2441.868 0.200 -4311.335
v 2441.868 8.200 -4311.635
v 2442.168 8.200 -4311.635
v 2442.168 8.200 -4311.335
v 2441.868 8.200 -4311.335
v 2445.604 0.200 -4322.617
v 2445.904 0.200 -4322.617
v 2445.904 0.200 -4322.317
v 2445.604 0.200 -4322.317
v 2445.604 8.200 -4322.617
v 2445.904 8.200 -4322.617
v 2445.904 8.200 -4322.317
v 2445.604 8.200 -4322.317
v 2422.327 0.050 -4320.103
v 2424.190 0.050 -4327.883
v 2413.870 0.050 -4330.354
v 2412.008 0.050 -4322.574
v 2421.861 0.200 -4318.158
v 2422.327 0.200 -4320.103
v 2412.008 0.200 -4322.574
v 2411.542 0.200 -4320.629
v 2424.190 0.200 -4327.883
v 2424.656 0.200 -4329.828
v 2414.336 0.200 -4332.299
v 2413.870 0.200 -4330.354
v 2412.556 0.050 -4322.482
v 2413.322 0.050 -4330.445
v 2404.661 0.050 -4331.278
v 2403.896 0.050 -4323.315
v 2412.365 0.200 -4320.491
v 2412.556 0.200 -4322.482
v 2403.896 0.200 -4323.315
v 2403.704 0.200 -4321.324
v 2413.322 0.200 -4330.445
v 2413.513 0.200 -4332.436
v 2404.852 0.200 -4333.269
v 2404.661 0.200 -4331.278
v 2402.637 0.050 -4323.649
v 2405.920 0.050 -4330.944
v 2397.671 0.050 -4334.657
v 2394.388 0.050 -4327.362
v 2401.816 0.200 -4321.825
v 2402.637 0.200 -4323.649
v 2394.388 0.200 -4327.362
v 2393.567 0.200 -4325.538
v 2405.920 0.200 -4330.944
v 2406.741 0.200 -4332.768
v 2398.492 0.200 -4336.481
v 2397.671 0.200 -4334.657
v 2394.015 0.050 -4327.553
v 2398.044 0.050 -4334.465
v 2388.136 0.050 -4340.240
v 2384.108 0.050 -4333.328
v 2393.008 0.200 -4325.826
v 2394.015 0.200 -4327.553
v 2384.108 0.200 -4333.328
v 2383.101 0.200 -4331.600
v 2398.044 0.200 -4334.465
v 2399.051 0.200 -4336.193
v 2389.143 0.200 -4341.967
v 2388.136 0.200 -4340.240
v 2392.959 0.200 -4326.148
v 2393.259 0.200 -4326.148
v 2393.259 0.200 -4325.848
v 2392.959 0.200 -4325.848
v 2392.959 8.200 -4326.148
v 2393.259 8.200 -4326.148
v 2393.259 8.200 -4325.848
v 2392.959 8.200 -4325.848
v 2398.800 0.200 -4336.170
v 2399.100 0.200 -4336.170
v 2399.100 0.200 -4335.870
v 2398.800 0.200 -4335.870
v 2398.800 8.200 -4336.170
v 2399.100 8.200 -4336.170
v 2399.100 8.200 -4335.870
v 2398.800 8.200 -4335.870
v 2384.476 0.050 -4333.138
v 2387.768 0.050 -4340.429
v 2374.977 0.050 -4346.204
v 2371.686 0.050 -4338.912
v 2383.653 0.200 -4331.315
v 2384.476 0.200 -4333.138
v 2371.686 0.200 -4338.912
v 2370.863 0.200 -4337.090
v 2387.768 0.200 -4340.429
v 2388.591 0.200 -4342.252
v 2375.800 0.200 -4348.027
v 2374.977 0.200 -4346.204
v 2372.067 0.050 -4338.763
v 2374.596 0.050 -4346.353
v 2363.453 0.050 -4350.066
v 2360.924 0.050 -4342.476
v 2371.435 0.200 -4336.866
v 2372.067 0.200 -4338.763
v 2360.924 0.200 -4342.476
v 2360.292 0.200 -4340.579
v 2374.596 0.200 -4346.353
v 2375.228 0.200 -4348.250
v 2364.085 0.200 -4351.963
v 2363.453 0.200 -4350.066
v 2361.323 0.050 -4342.366
v 2363.054 0.050 -4350.176
v 2351.911 0.050 -4352.647
v 2350.179 0.050 -4344.837
v 2360.890 0.200 -4340.413
v 2361.323 0.200 -4342.366
v 2350.179 0.200 -4344.837
v 2349.746 0.200 -4342.884
v 2363.054 0.200 -4350.176
v 2363.487 0.200 -4352.129
v 2352.344 0.200 -4354.600
v 2351.911 0.200 -4352.647
v 2360.783 0.200 -4340.759
v 2361.083 0.200 -4340.759
v 2361.083 0.200 -4340.459
v 2360.783 0.200 -4340.459
v 2360.783 8.200 -4340.759
v 2361.083 8.200 -4340.759
v 2361.083 8.200 -4340.459
v 2360.783 8.200 -4340.459
v 2363.294 0.200 -4352.084
v 2363.594 0.200 -4352.084
v 2363.594 0.200 -4351.784
v 2363.294 0.200 -4351.784
v 2363.294 8.200 -4352.084
v 2363.594 8.200 -4352.084
v 2363.594 8.200 -4351.784
v 2363.294 8.200 -4351.784
v 2351.045 0.050 -4344.742
v 2351.045 0.050 -4352.742
v 2339.490 0.050 -4352.742
v 2339.490 0.050 -4344.742
v 2351.045 0.200 -4342.742
v 2351.045 0.200 -4344.742
v 2339.490 0.200 -4344.742
v 2339.490 0.200 -4342.742
v 2351.045 0.200 -4352.742
v 2351.045 0.200 -4354.742
v 2339.490 0.200 -4354.742
v 2339.490 0.200 -4352.742
v 2339.490 0.050 -4344.742
v 2339.490 0.050 -4352.742
v 2329.182 0.050 -4352.742
v 2329.182 0.050 -4344.742
v 2339.490 0.200 -4342.742
v 2339.490 0.200 -4344.742
v 2329.182 0.200 -4344.742
v 2329.182 0.200 -4342.742
v 2339.490 0.200 -4352.742
v 2339.490 0.200 -4354.742
v 2329.182 0.200 -4354.742
v 2329.182 0.200 -4352.742
v 2330.310 0.050 -4344.904
v 2328.054 0.050 -4352.580
v 2321.041 0.050 -4350.518
v 2323.297 0.050 -4342.843
v 2330.874 0.200 -4342.986
v 2330.310 0.200 -4344.904
v 2323.297 0.200 -4342.843
v 2323.861 0.200 -4340.924
v 2328.054 0.200 -4352.580
v 2327.490 0.200 -4354.499
v 2320.477 0.200 -4352.437
v 2321.041 0.200 -4350.518
v 2323.857 0.050 -4343.054
v 2320.481 0.050 -4350.307
v 2314.292 0.050 -4347.427
v 2317.668 0.050 -4340.174
v 2324.701 0.200 -4341.241
v 2323.857 0.200 -4343.054
v 2317.668 0.200 -4340.174
v 2318.511 0.200 -4338.360
v 2320.481 0.200 -4350.307
v 2319.637 0.200 -4352.120
v 2313.448 0.200 -4349.240
v 2314.292 0.200 -4347.427
v 2324.466 0.200 -4341.572
v 2324.766 0.200 -4341.572
v 2324.766 0.200 -4341.272
v 2324.466 0.200 -4341.272
v 2324.466 8.200 -4341.572
v 2324.766 8.200 -4341.572
v 2324.766 8.200 -4341.272
v 2324.466 8.200 -4341.272
v 2319.572 0.200 -4352.089
v 2319.872 0.200 -4352.089
v 2319.872 0.200 -4351.789
v 2319.572 0.200 -4351.789
v 2319.572 8.200 -4352.089
v 2319.872 8.200 -4352.089
v 2319.872 8.200 -4351.789
v 2319.572 8.200 -4351.789
v 2316.897 0.050 -4339.907
v 2315.063 0.050 -4347.694
v 2308.050 0.050 -4346.042
v 2309.884 0.050 -4338.255
v 2317.355 0.200 -4337.960
v 2316.897 0.200 -4339.907
v 2309.884 0.200 -4338.255
v 2310.342 0.200 -4336.308
v 2315.063 0.200 -4347.694
v 2314.604 0.200 -4349.640
v 2307.591 0.200 -4347.989
v 2308.050 0.200 -4346.042
v 2308.834 0.050 -4338.151
v 2309.099 0.050 -4346.146
v 2296.720 0.050 -4346.556
v 2296.456 0.050 -4338.560
v 2308.768 0.200 -4336.152
v 2308.834 0.200 -4338.151
v 2296.456 0.200 -4338.560
v 2296.389 0.200 -4336.561
v 2309.099 0.200 -4346.146
v 2309.165 0.200 -4348.145
v 2296.786 0.200 -4348.555
v 2296.720 0.200 -4346.556
v 2296.588 0.050 -4338.558
v 2296.588 0.050 -4346.558
v 2282.550 0.050 -4346.558
v 2282.550 0.050 -4338.558
v 2296.588 0.200 -4336.558
v 2296.588 0.200 -4338.558
v 2282.550 0.200 -4338.558
v 2282.550 0.200 -4336.558
v 2296.588 0.200 -4346.558
v 2296.588 0.200 -4348.558
v 2282.550 0.200 -4348.558
v 2282.550 0.200 -4346.558
v 2296.438 0.200 -4336.908
v 2296.738 0.200 -4336.908
v 2296.738 0.200 -4336.608
v 2296.438 0.200 -4336.608
v 2296.438 8.200 -4336.908
v 2296.738 8.200 -4336.908
v 2296.738 8.200 -4336.608
v 2296.438 8.200 -4336.608
v 2296.438 0.200 -4348.508
v 2296.738 0.200 -4348.508
v 2296.738 0.200 -4348.208
v 2296.438 0.200 -4348.208
v 2296.438 8.200 -4348.508
v 2296.738 8.200 -4348.508
v 2296.738 8.200 -4348.208
v 2296.438 8.200 -4348.208
v 2281.554 0.050 -4338.684
v 2283.547 0.050 -4346.432
v 2269.109 0.050 -4350.145
v 2267.116 0.050 -4342.397
v 2281.056 0.200 -4336.747
v 2281.554 0.200 -4338.684
v 2267.116 0.200 -4342.397
v 2266.618 0.200 -4340.460
v 2283.547 0.200 -4346.432
v 2284.045 0.200 -4348.369
v 2269.607 0.200 -4352.082
v 2269.109 0.200 -4350.145
v 2266.875 0.050 -4342.467
v 2269.350 0.050 -4350.075
v 2235.108 0.050 -4361.214
v 2232.633 0.050 -4353.606
v 2266.256 0.200 -4340.565
v 2266.875 0.200 -4342.467
v 2232.633 0.200 -4353.606
v 2232.014 0.200 -4351.705
v 2269.350 0.200 -4350.075
v 2269.968 0.200 -4351.977
v 2235.727 0.200 -4363.116
v 2235.108 0.200 -4361.214
v 2266.168 0.200 -4340.906
v 2266.468 0.200 -4340.906
v 2266.468 0.200 -4340.606
v 2266.168 0.200 -4340.606
v 2266.168 8.200 -4340.906
v 2266.468 8.200 -4340.906
v 2266.468 8.200 -4340.606
v 2266.168 8.200 -4340.606
v 2269.757 0.200 -4351.937
v 2270.057 0.200 -4351.937
v 2270.057 0.200 -4351.637
v 2269.757 0.200 -4351.637
v 2269.757 8.200 -4351.937
v 2270.057 8.200 -4351.937
v 2270.057 8.200 -4351.637
v 2269.757 8.200 -4351.637
v 2232.741 0.050 -4353.573
v 2235.000 0.050 -4361.247
v 2213.950 0.050 -4367.445
v 2211.690 0.050 -4359.770
v 2232.176 0.200 -4351.655
v 2232.741 0.200 -4353.573
v 2211.690 0.200 -4359.770
v 2211.125 0.200 -4357.852
v 2235.000 0.200 -4361.247
v 2235.565 0.200 -4363.166
v 2214.514 0.200 -4369.363
v 2213.950 0.200 -4367.445
v 2211.851 0.050 -4359.727
v 2213.789 0.050 -4367.488
v 2195.633 0.050 -4372.021
v 2193.695 0.050 -4364.259
v 2211.367 0.200 -4357.786
v 2211.851 0.200 -4359.727
v 2193.695 0.200 -4364.259
v 2193.211 0.200 -4362.318
v 2213.789 0.200 -4367.488
v 2214.273 0.200 -4369.429
v 2196.117 0.200 -4373.961
v 2195.633 0.200 -4372.021
v 2211.265 0.200 -4358.130
v 2211.565 0.200 -4358.130
v 2211.565 0.200 -4357.830
v 2211.265 0.200 -4357.830
v 2211.265 8.200 -4358.130
v 2211.565 8.200 -4358.130
v 2211.565 8.200 -4357.830
v 2211.265 8.200 -4357.830
v 2214.075 0.200 -4369.385
v 2214.375 0.200 -4369.385
v 2214.375 0.200 -4369.085
v 2214.075 0.200 -4369.085
v 2214.075 8.200 -4369.385
v 2214.375 8.200 -4369.385
v 2214.375 8.200 -4369.085
v 2214.075 8.200 -4369.085
v 2193.486 0.050 -4364.317
v 2195.842 0.050 -4371.962
v 2185.122 0.050 -4375.266
v 2182.766 0.050 -4367.621
v 2192.897 0.200 -4362.406
v 2193.486 0.200 -4364.317
v 2182.766 0.200 -4367.621
v 2182.177 0.200 -4365.709
v 2195.842 0.200 -4371.962
v 2196.431 0.200 -4373.874
v 2185.711 0.200 -4377.177
v 2185.122 0.200 -4375.266
v 2182.195 0.050 -4367.846
v 2185.692 0.050 -4375.041
v 2155.981 0.050 -4389.483
v 2152.484 0.050 -4382.288
v 2181.321 0.200 -4366.047
v 2182.195 0.200 -4367.846
v 2152.484 0.200 -4382.288
v 2151.609 0.200 -4380.490
v 2185.692 0.200 -4375.041
v 2186.567 0.200 -4376.839
v 2156.856 0.200 -4391.282
v 2155.981 0.200 -4389.483
v 2181.258 0.200 -4366.377
v 2181.558 0.200 -4366.377
v 2181.558 0.200 -4366.077
v 2181.258 0.200 -4366.077
v 2181.258 8.200 -4366.377
v 2181.558 8.200 -4366.377
v 2181.558 8.200 -4366.077
v 2181.258 8.200 -4366.077
v 2186.329 0.200 -4376.810
v 2186.629 0.200 -4376.810
v 2186.629 0.200 -4376.510
v 2186.329 0.200 -4376.510
v 2186.329 8.200 -4376.810
v 2186.629 8.200 -4376.810
v 2186.629 8.200 -4376.510
v 2186.329 8.200 -4376.510
v 2152.491 0.050 -4382.285
v 2155.974 0.050 -4389.487
v 2143.183 0.050 -4395.671
v 2139.701 0.050 -4388.469
v 2151.621 0.200 -4380.484
v 2152.491 0.200 -4382.285
v 2139.701 0.200 -4388.469
v 2138.830 0.200 -4386.668
v 2155.974 0.200 -4389.487
v 2156.844 0.200 -4391.288
v 2144.054 0.200 -4397.472
v 2143.183 0.200 -4395.671
v 2139.005 0.050 -4388.898
v 2143.879 0.050 -4395.242
v 2138.513 0.050 -4399.364
v 2133.639 0.050 -4393.021
v 2137.786 0.200 -4387.312
v 2139.005 0.200 -4388.898
v 2133.639 0.200 -4393.021
v 2132.421 0.200 -4391.435
v 2143.879 0.200 -4395.242
v 2145.098 0.200 -4396.828
v 2139.732 0.200 -4400.950
v 2138.513 0.200 -4399.364
v 2132.850 0.050 -4393.828
v 2139.303 0.050 -4398.557
v 2134.761 0.050 -4404.754
v 2128.308 0.050 -4400.025
v 2131.237 0.200 -4392.646
v 2132.850 0.200 -4393.828
v 2128.308 0.200 -4400.025
v 2126.695 0.200 -4398.843
v 2139.303 0.200 -4398.557
v 2140.916 0.200 -4399.739
v 2136.374 0.200 -4405.937
v 2134.761 0.200 -4404.754
v 2128.940 0.050 -4399.345
v 2134.129 0.050 -4405.434
v 2122.997 0.050 -4414.922
v 2117.808 0.050 -4408.833
v 2127.643 0.200 -4397.823
v 2128.940 0.200 -4399.345
v 2117.808 0.200 -4408.833
v 2116.511 0.200 -4407.311
v 2134.129 0.200 -4405.434
v 2135.426 0.200 -4406.956
v 2124.294 0.200 -4416.444
v 2122.997 0.200 -4414.922
v 2127.622 0.200 -4398.126
v 2127.922 0.200 -4398.126
v 2127.922 0.200 -4397.826
v 2127.622 0.200 -4397.826
v 2127.622 8.200 -4398.126
v 2127.922 8.200 -4398.126
v 2127.922 8.200 -4397.826
v 2127.622 8.200 -4397.826
v 2135.147 0.200 -4406.954
v 2135.447 0.200 -4406.954
v 2135.447 0.200 -4406.654
v 2135.147 0.200 -4406.654
v 2135.147 8.200 -4406.954
v 2135.447 8.200 -4406.954
v 2135.447 8.200 -4406.654
v 2135.147 8.200 -4406.654
v 2119.019 0.050 -4408.124
v 2121.786 0.050 -4415.630
v 2113.938 0.050 -4418.524
v 2111.171 0.050 -4411.018
v 2118.327 0.200 -4406.248
v 2119.019 0.200 -4408.124
v 2111.171 0.200 -4411.018
v 2110.479 0.200 -4409.142
v 2121.786 0.200 -4415.630
v 2122.478 0.200 -4417.507
v 2114.630 0.200 -4420.401
v 2113.938 0.200 -4418.524
v 2112.555 0.050 -4410.771
v 2112.555 0.050 -4418.771
v 2100.588 0.050 -4418.771
v 2100.588 0.050 -4410.771
v 2112.555 0.200 -4408.771
v 2112.555 0.200 -4410.771
v 2100.588 0.200 -4410.771
v 2100.588 0.200 -4408.771
v 2112.555 0.200 -4418.771
v 2112.555 0.200 -4420.771
v 2100.588 0.200 -4420.771
v 2100.588 0.200 -4418.771
v 2101.353 0.050 -4410.845
v 2099.822 0.050 -4418.697
v 2068.051 0.050 -4412.500
v 2069.583 0.050 -4404.648
v 2101.736 0.200 -4408.882
v 2101.353 0.200 -4410.845
v 2069.583 0.200 -4404.648
v 2069.966 0.200 -4402.685
v 2099.822 0.200 -4418.697
v 2099.439 0.200 -4420.660
v 2067.668 0.200 -4414.463
v 2068.051 0.200 -4412.500
v 2101.548 0.200 -4409.228
v 2101.848 0.200 -4409.228
v 2101.848 0.200 -4408.928
v 2101.548 0.200 -4408.928
v 2101.548 8.200 -4409.228
v 2101.848 8.200 -4409.228
v 2101.848 8.200 -4408.928
v 2101.548 8.200 -4408.928
v 2099.327 0.200 -4420.614
v 2099.627 0.200 -4420.614
v 2099.627 0.200 -4420.314
v 2099.327 0.200 -4420.314
v 2099.327 8.200 -4420.614
v 2099.627 8.200 -4420.614
v 2099.627 8.200 -4420.314
v 2099.327 8.200 -4420.314
v 2069.835 0.050 -4404.705
v 2067.800 0.050 -4412.442
v 2052.126 0.050 -4408.320
v 2054.161 0.050 -4400.583
v 2070.343 0.200 -4402.771
v 2069.835 0.200 -4404.705
v 2054.161 0.200 -4400.583
v 2054.670 0.200 -4398.649
v 2067.800 0.200 -4412.442
v 2067.291 0.200 -4414.376
v 2051.617 0.200 -4410.254
v 2052.126 0.200 -4408.320
v 2054.650 0.050 -4400.746
v 2051.636 0.050 -4408.156
v 2040.493 0.050 -4403.624
v 2043.507 0.050 -4396.214
v 2055.404 0.200 -4398.893
v 2054.650 0.200 -4400.746
v 2043.507 0.200 -4396.214
v 2044.261 0.200 -4394.361
v 2051.636 0.200 -4408.156
v 2050.883 0.200 -4410.009
v 2039.740 0.200 -4405.477
v 2040.493 0.200 -4403.624
v 2043.948 0.050 -4396.425
v 2040.052 0.050 -4403.413
v 2037.114 0.050 -4401.774
v 2041.009 0.050 -4394.787
v 2044.922 0.200 -4394.678
v 2043.948 0.200 -4396.425
v 2041.009 0.200 -4394.787
v 2041.983 0.200 -4393.040
v 2040.052 0.200 -4403.413
v 2039.078 0.200 -4405.159
v 2036.140 0.200 -4403.521
v 2037.114 0.200 -4401.774
v 2044.675 0.200 -4395.003
v 2044.975 0.200 -4395.003
v 2044.975 0.200 -4394.703
v 2044.675 0.200 -4394.703
v 2044.675 8.200 -4395.003
v 2044.975 8.200 -4395.003
v 2044.975 8.200 -4394.703
v 2044.675 8.200 -4394.703
v 2039.026 0.200 -4405.135
v 2039.326 0.200 -4405.135
v 2039.326 0.200 -4404.835
v 2039.026 0.200 -4404.835
v 2039.026 8.200 -4405.135
v 2039.326 8.200 -4405.135
v 2039.326 8.200 -4404.835
v 2039.026 8.200 -4404.835
v 2041.004 0.050 -4394.784
v 2037.119 0.050 -4401.777
v 2028.914 0.050 -4397.218
v 2032.800 0.050 -4390.225
v 2041.976 0.200 -4393.036
v 2041.004 0.200 -4394.784
v 2032.800 0.200 -4390.225
v 2033.771 0.200 -4388.477
v 2037.119 0.200 -4401.777
v 2036.147 0.200 -4403.525
v 2027.943 0.200 -4398.966
v 2028.914 0.200 -4397.218
v 2032.201 0.050 -4389.954
v 2029.513 0.050 -4397.489
v 2023.735 0.050 -4395.428
v 2026.424 0.050 -4387.893
v 2032.873 0.200 -4388.071
v 2032.201 0.200 -4389.954
v 2026.424 0.200 -4387.893
v 2027.096 0.200 -4386.009
v 2029.513 0.200 -4397.489
v 2028.841 0.200 -4399.373
v 2023.063 0.200 -4397.311
v 2023.735 0.200 -4395.428
v 2024.022 0.050 -4387.803
v 2026.137 0.050 -4395.518
v 2021.607 0.050 -4396.760
v 2019.491 0.050 -4389.045
v 2023.493 0.200 -4385.874
v 2024.022 0.200 -4387.803
v 2019.491 0.200 -4389.045
v 2018.963 0.200 -4387.116
v 2026.137 0.200 -4395.518
v 2026.666 0.200 -4397.447
v 2022.135 0.200 -4398.689
v 2021.607 0.200 -4396.760
v 2018.956 0.050 -4389.233
v 2022.142 0.050 -4396.571
v 2012.646 0.050 -4400.694
v 2009.460 0.050 -4393.356
v 2018.159 0.200 -4387.399
v 2018.956 0.200 -4389.233
v 2009.460 0.200 -4393.356
v 2008.664 0.200 -4391.521
v 2022.142 0.200 -4396.571
v 2022.938 0.200 -4398.406
v 2013.443 0.200 -4402.529
v 2012.646 0.200 -4400.694
v 2018.089 0.200 -4387.732
v 2018.389 0.200 -4387.732
v 2018.389 0.200 -4387.432
v 2018.089 0.200 -4387.432
v 2018.089 8.200 -4387.732
v 2018.389 8.200 -4387.732
v 2018.389 8.200 -4387.432
v 2018.089 8.200 -4387.432
v 2022.709 0.200 -4398.373
v 2023.009 0.200 -4398.373
v 2023.009 0.200 -4398.073
v 2022.709 0.200 -4398.073
v 2022.709 8.200 -4398.373
v 2023.009 8.200 -4398.373
v 2023.009 8.200 -4398.073
v 2022.709 8.200 -4398.073
v 2011.053 0.050 -4393.025
v 2011.053 0.050 -4401.025
v 2003.217 0.050 -4401.025
v 2003.217 0.050 -4393.025
v 2011.053 0.200 -4391.025
v 2011.053 0.200 -4393.025
v 2003.217 0.200 -4393.025
v 2003.217 0.200 -4391.025
v 2011.053 0.200 -4401.025
v 2011.053 0.200 -4403.025
v 2003.217 0.200 -4403.025
v 2003.217 0.200 -4401.025
v 2002.912 0.050 -4393.037
v 2003.521 0.050 -4401.013
v 1998.155 0.050 -4401.423
v 1997.546 0.050 -4393.446
v 2002.760 0.200 -4391.042
v 2002.912 0.200 -4393.037
v 1997.546 0.200 -4393.446
v 1997.394 0.200 -4391.452
v 2003.521 0.200 -4401.013
v 2003.673 0.200 -4403.008
v 1998.308 0.200 -4403.417
v 1998.155 0.200 -4401.423
v 1995.837 0.050 -4393.979
v 1999.865 0.050 -4400.891
v 1989.958 0.050 -4406.665
v 1985.929 0.050 -4399.753
v 1994.830 0.200 -4392.251
v 1995.837 0.200 -4393.979
v 1985.929 0.200 -4399.753
v 1984.922 0.200 -4398.025
v 1999.865 0.200 -4400.891
v 2000.872 0.200 -4402.618
v 1990.965 0.200 -4408.393
v 1989.958 0.200 -4406.665
v 1985.541 0.050 -4400.011
v 1990.346 0.050 -4406.407
v 1982.097 0.050 -4412.604
v 1977.292 0.050 -4406.208
v 1984.339 0.200 -4398.412
v 1985.541 0.200 -4400.011
v 1977.292 0.200 -4406.208
v 1976.091 0.200 -4404.609
v 1990.346 0.200 -4406.407
v 1991.547 0.200 -4408.006
v 1983.299 0.200 -4414.203
v 1982.097 0.200 -4412.604
v 1984.310 0.200 -4398.722
v 1984.610 0.200 -4398.722
v 1984.610 0.200 -4398.422
v 1984.310 0.200 -4398.422
v 1984.310 8.200 -4398.722
v 1984.610 8.200 -4398.722
v 1984.610 8.200 -4398.422
v 1984.310 8.200 -4398.422
v 1991.277 0.200 -4407.996
v 1991.577 0.200 -4407.996
v 1991.577 0.200 -4407.696
v 1991.277 0.200 -4407.696
v 1991.277 8.200 -4407.996
v 1991.577 8.200 -4407.996
v 1991.577 8.200 -4407.696
v 1991.277 8.200 -4407.696
v 1978.475 0.050 -4405.597
v 1980.914 0.050 -4413.216
v 1970.595 0.050 -4416.519
v 1968.156 0.050 -4408.900
v 1977.865 0.200 -4403.692
v 1978.475 0.200 -4405.597
v 1968.156 0.200 -4408.900
v 1967.546 0.200 -4406.995
v 1980.914 0.200 -4413.216
v 1981.524 0.200 -4415.121
v 1971.205 0.200 -4418.424
v 1970.595 0.200 -4416.519
v 1969.725 0.050 -4408.725
v 1969.026 0.050 -4416.694
v 1959.541 0.050 -4415.862
v 1960.241 0.050 -4407.893
v 1969.900 0.200 -4406.733
v 1969.725 0.200 -4408.725
v 1960.241 0.200 -4407.893
v 1960.416 0.200 -4405.900
v 1969.026 0.200 -4416.694
v 1968.851 0.200 -4418.687
v 1959.366 0.200 -4417.854
v 1959.541 0.200 -4415.862
v 1960.318 0.050 -4407.900
v 1959.463 0.050 -4415.854
v 1947.908 0.050 -4414.612
v 1948.764 0.050 -4406.658
v 1960.532 0.200 -4405.912
v 1960.318 0.200 -4407.900
v 1948.764 0.200 -4406.658
v 1948.977 0.200 -4404.670
v 1959.463 0.200 -4415.854
v 1959.250 0.200 -4417.843
v 1947.695 0.200 -4416.601
v 1947.908 0.200 -4414.612
v 1960.361 0.200 -4406.261
v 1960.661 0.200 -4406.261
v 1960.661 0.200 -4405.961
v 1960.361 0.200 -4405.961
v 1960.361 8.200 -4406.261
v 1960.661 8.200 -4406.261
v 1960.661 8.200 -4405.961
v 1960.361 8.200 -4405.961
v 1959.121 0.200 -4417.794
v 1959.421 0.200 -4417.794
v 1959.421 0.200 -4417.494
v 1959.121 0.200 -4417.494
v 1959.121 8.200 -4417.794
v 1959.421 8.200 -4417.794
v 1959.421 8.200 -4417.494
v 1959.121 8.200 -4417.494
v 1947.511 0.050 -4406.721
v 1949.161 0.050 -4414.549
v 1933.487 0.050 -4417.853
v 1931.837 0.050 -4410.025
v 1947.099 0.200 -4404.764
v 1947.511 0.200 -4406.721
v 1931.837 0.200 -4410.025
v 1931.425 0.200 -4408.068
v 1949.161 0.200 -4414.549
v 1949.573 0.200 -4416.506
v 1933.900 0.200 -4419.810
v 1933.487 0.200 -4417.853
v 1932.330 0.050 -4409.952
v 1932.994 0.050 -4417.925
v 1913.180 0.050 -4419.577
v 1912.515 0.050 -4411.604
v 1932.164 0.200 -4407.959
v 1932.330 0.200 -4409.952
v 1912.515 0.200 -4411.604
v 1912.349 0.200 -4409.611
v 1932.994 0.200 -4417.925
v 1933.161 0.200 -4419.918
v 1913.346 0.200 -4421.570
v 1913.180 0.200 -4419.577
v 1932.030 0.200 -4408.309
v 1932.330 0.200 -4408.309
v 1932.330 0.200 -4408.009
v 1932.030 0.200 -4408.009
v 1932.030 8.200 -4408.309
v 1932.330 8.200 -4408.309
v 1932.330 8.200 -4408.009
v 1932.030 8.200 -4408.009
v 1932.994 0.200 -4419.869
v 1933.294 0.200 -4419.869
v 1933.294 0.200 -4419.569
v 1932.994 0.200 -4419.569
v 1932.994 8.200 -4419.869
v 1933.294 8.200 -4419.869
v 1933.294 8.200 -4419.569
v 1932.994 8.200 -4419.569
v 1912.568 0.050 -4411.600
v 1913.127 0.050 -4419.581
v 1895.394 0.050 -4420.823
v 1894.835 0.050 -4412.842
v 1912.428 0.200 -4409.605
v 1912.568 0.200 -4411.600
v 1894.835 0.200 -4412.842
v 1894.695 0.200 -4410.847
v 1913.127 0.200 -4419.581
v 1913.267 0.200 -4421.576
v 1895.533 0.200 -4422.818
v 1895.394 0.200 -4420.823
v 1894.256 0.050 -4412.926
v 1895.972 0.050 -4420.739
v 1875.333 0.050 -4425.272
v 1873.618 0.050 -4417.458
v 1893.827 0.200 -4410.972
v 1894.256 0.200 -4412.926
v 1873.618 0.200 -4417.458
v 1873.189 0.200 -4415.504
v 1895.972 0.200 -4420.739
v 1896.401 0.200 -4422.693
v 1875.762 0.200 -4427.225
v 1875.333 0.200 -4425.272
v 1893.720 0.200 -4411.317
v 1894.020 0.200 -4411.317
v 1894.020 0.200 -4411.017
v 1893.720 0.200 -4411.017
v 1893.720 8.200 -4411.317
v 1894.020 8.200 -4411.317
v 1894.020 8.200 -4411.017
v 1893.720 8.200 -4411.017
v 1896.208 0.200 -4422.647
v 1896.508 0.200 -4422.647
v 1896.508 0.200 -4422.347
v 1896.208 0.200 -4422.347
v 1896.208 8.200 -4422.647
v 1896.508 8.200 -4422.647
v 1896.508 8.200 -4422.347
v 1896.208 8.200 -4422.347
v 1873.115 0.050 -4417.603
v 1875.836 0.050 -4425.126
v 1856.445 0.050 -4432.143
v 1853.723 0.050 -4424.620
v 1872.434 0.200 -4415.723
v 1873.115 0.200 -4417.603
v 1853.723 0.200 -4424.620
v 1853.042 0.200 -4422.739
v 1875.836 0.200 -4425.126
v 1876.517 0.200 -4427.007
v 1857.125 0.200 -4434.023
v 1856.445 0.200 -4432.143
v 1853.906 0.050 -4424.559
v 1856.261 0.050 -4432.204
v 1840.176 0.050 -4437.159
v 1837.820 0.050 -4429.514
v 1853.317 0.200 -4422.647
v 1853.906 0.200 -4424.559
v 1837.820 0.200 -4429.514
v 1837.232 0.200 -4427.602
v 1856.261 0.200 -4432.204
v 1856.850 0.200 -4434.115
v 1840.764 0.200 -4439.071
v 1840.176 0.200 -4437.159
v 1853.226 0.200 -4422.988
v 1853.526 0.200 -4422.988
v 1853.526 0.200 -4422.688
v 1853.226 0.200 -4422.688
v 1853.226 8.200 -4422.988
v 1853.526 8.200 -4422.988
v 1853.526 8.200 -4422.688
v 1853.226 8.200 -4422.688
v 1856.641 0.200 -4434.074
v 1856.941 0.200 -4434.074
v 1856.941 0.200 -4433.774
v 1856.641 0.200 -4433.774
v 1856.641 8.200 -4434.074
v 1856.941 8.200 -4434.074
v 1856.941 8.200 -4433.774
v 1856.641 8.200 -4433.774
v 1838.502 0.050 -4429.367
v 1839.494 0.050 -4437.306
v 1822.985 0.050 -4439.367
v 1821.994 0.050 -4431.429
v 1838.255 0.200 -4427.383
v 1838.502 0.200 -4429.367
v 1821.994 0.200 -4431.429
v 1821.746 0.200 -4429.444
v 1839.494 0.200 -4437.306
v 1839.741 0.200 -4439.290
v 1823.233 0.200 -4441.352
v 1822.985 0.200 -4439.367
v 3842.504 49.538 -3938.740
v 3850.318 48.853 -3937.025
v 3851.209 48.942 -3941.081
v 3843.395 49.608 -3942.797
v 3840.551 49.857 -3939.169
v 3842.504 49.688 -3938.740
v 3843.395 49.758 -3942.797
v 3841.441 49.923 -3943.225
v 3850.318 49.003 -3937.025
v 3852.272 48.830 -3936.596
v 3853.162 48.922 -3940.652
v 3851.209 49.092 -3941.081
v 3843.641 49.616 -3943.552
v 3850.962 48.931 -3940.326
v 3852.098 48.945 -3942.902
v 3844.777 49.621 -3946.128
v 3841.811 49.933 -3944.358
v 3843.641 49.766 -3943.552
v 3844.777 49.771 -3946.128
v 3842.947 49.935 -3946.935
v 3850.962 49.081 -3940.326
v 3852.792 48.906 -3939.519
v 3853.928 48.922 -3942.096
v 3852.098 49.095 -3942.902
v 3846.143 49.579 -3947.792
v 3850.731 48.985 -3941.239
v 3853.581 48.845 -3943.234
v 3848.993 49.452 -3949.787
v 3844.996 49.875 -3949.431
v 3846.143 49.729 -3947.792
v 3848.993 49.602 -3949.787
v 3847.846 49.751 -3951.426
v 3850.731 49.135 -3941.239
v 3851.878 48.981 -3939.600
v 3854.728 48.839 -3941.596
v 3853.581 48.995 -3943.234
v 3849.413 49.433 -3950.045
v 3853.161 48.867 -3942.977
v 3857.447 48.637 -3945.249
v 3853.699 49.233 -3952.317
v 3848.476 49.723 -3951.811
v 3849.413 49.583 -3950.045
v 3853.699 49.383 -3952.317
v 3852.762 49.529 -3954.084
v 3853.161 49.017 -3942.977
v 3854.098 48.872 -3941.210
v 3858.384 48.639 -3943.483
v 3857.447 48.787 -3945.249
v 3854.909 49.170 -3952.728
v 3856.236 48.710 -3944.839
v 3863.071 48.248 -3945.988
v 3861.744 48.766 -3953.877
v 3854.578 49.437 -3954.700
v 3854.909 49.320 -3952.728
v 3861.744 48.916 -3953.877
v 3861.413 49.047 -3955.850
v 3856.236 48.860 -3944.839
v 3856.568 48.751 -3942.866
v 3863.403 48.281 -3944.016
v 3863.071 48.398 -3945.988
v 3862.574 48.713 -3953.929
v 3862.242 48.308 -3945.936
v 3876.212 47.363 -3945.355
v 3876.545 47.844 -3953.348
v 3862.657 48.970 -3955.928
v 3862.574 48.863 -3953.929
v 3876.545 47.994 -3953.348
v 3876.628 48.125 -3955.346
v 3862.242 48.458 -3945.936
v 3862.158 48.372 -3943.938
v 3876.129 47.414 -3943.357
v 3876.212 47.513 -3945.355
v 3862.499 48.960 -3955.878
v 3862.799 48.960 -3955.878
v 3862.799 48.960 -3955.578
v 3862.499 48.960 -3955.578
v 3862.499 56.960 -3955.878
v 3862.799 56.960 -3955.878
v 3862.799 56.960 -3955.578
v 3862.499 56.960 -3955.578
v 3862.017 48.381 -3944.288
v 3862.317 48.381 -3944.288
v 3862.317 48.381 -3943.988
v 3862.017 48.381 -3943.988
v 3862.017 56.381 -3944.288
v 3862.317 56.381 -3944.288
v 3862.317 56.381 -3943.988
v 3862.017 56.381 -3943.988
v 3876.512 47.846 -3953.349
v 3876.245 47.361 -3945.354
v 3901.626 45.684 -3944.508
v 3901.892 46.282 -3952.504
v 3876.578 48.127 -3955.348
v 3876.512 47.996 -3953.349
v 3901.892 46.432 -3952.504
v 3901.959 46.602 -3954.503
v 3876.245 47.511 -3945.354
v 3876.179 47.411 -3943.355
v 3901.559 45.712 -3942.509
v 3901.626 45.834 -3944.508
v 3901.687 46.294 -3952.505
v 3901.831 45.670 -3944.506
v 3917.227 45.073 -3944.784
v 3917.083 45.723 -3952.783
v 3901.651 46.621 -3954.505
v 3901.687 46.444 -3952.505
v 3917.083 45.873 -3952.783
v 3917.047 46.057 -3954.782
v 3901.831 45.820 -3944.506
v 3901.867 45.691 -3942.507
v 3917.263 45.091 -3942.784
v 3917.227 45.223 -3944.784
v 3901.505 46.603 -3954.455
v 3901.805 46.603 -3954.455
v 3901.805 46.603 -3954.155
v 3901.505 46.603 -3954.155
v 3901.505 54.603 -3954.455
v 3901.805 54.603 -3954.455
v 3901.805 54.603 -3954.155
v 3901.505 54.603 -3954.155
v 3901.714 45.704 -3942.857
v 3902.014 45.704 -3942.857
v 3902.014 45.704 -3942.557
v 3901.714 45.704 -3942.557
v 3901.714 53.704 -3942.857
v 3902.014 53.704 -3942.857
v 3902.014 53.704 -3942.557
v 3901.714 53.704 -3942.557
v 3916.945 45.727 -3952.778
v 3917.364 45.069 -3944.789
v 3928.196 44.761 -3945.357
v 3927.777 45.438 -3953.346
v 3916.840 46.063 -3954.775
v 3916.945 45.877 -3952.778
v 3927.777 45.588 -3953.346
v 3927.672 45.775 -3955.343
v 3917.364 45.219 -3944.789
v 3917.469 45.085 -3942.792
v 3928.300 44.777 -3943.360
v 3928.196 44.911 -3945.357
v 3927.173 45.450 -3953.268
v 3928.800 44.747 -3945.435
v 3937.071 44.597 -3947.153
v 3935.444 45.349 -3954.986
v 3926.766 45.793 -3955.226
v 3927.173 45.600 -3953.268
v 3935.444 45.499 -3954.986
v 3935.037 45.692 -3956.944
v 3928.800 44.897 -3945.435
v 3929.206 44.755 -3943.477
v 3937.477 44.605 -3945.195
v 3937.071 44.747 -3947.153
v 3935.186 45.351 -3954.923
v 3937.329 44.593 -3947.215
v 3947.592 44.531 -3950.070
v 3945.449 45.294 -3957.777
v 3934.650 45.695 -3956.850
v 3935.186 45.501 -3954.923
v 3945.449 45.444 -3957.777
v 3944.913 45.639 -3959.704
v 3937.329 44.743 -3947.215
v 3937.865 44.599 -3945.289
v 3948.128 44.504 -3948.143
v 3947.592 44.681 -3950.070
v 3945.223 45.295 -3957.707
v 3947.819 44.538 -3950.140
v 3957.793 44.839 -3953.562
v 3955.197 45.503 -3961.129
v 3944.574 45.640 -3959.599
v 3945.223 45.445 -3957.707
v 3955.197 45.653 -3961.129
v 3954.548 45.824 -3963.021
v 3947.819 44.688 -3950.140
v 3948.468 44.515 -3948.248
v 3958.442 44.828 -3951.670
v 3957.793 44.989 -3953.562
v 3944.489 45.621 -3959.559
v 3944.789 45.621 -3959.559
v 3944.789 45.621 -3959.259
v 3944.489 45.621 -3959.259
v 3944.489 53.621 -3959.559
v 3944.789 53.621 -3959.559
v 3944.789 53.621 -3959.259
v 3944.489 53.621 -3959.259
v 3948.253 44.532 -3948.587
v 3948.553 44.532 -3948.587
v 3948.553 44.532 -3948.287
v 3948.253 44.532 -3948.287
v 3948.253 52.532 -3948.587
v 3948.553 52.532 -3948.587
v 3948.553 52.532 -3948.287
v 3948.253 52.532 -3948.287
v 3954.661 45.487 -3960.900
v 3958.329 44.858 -3953.791
v 3966.600 45.184 -3958.059
v 3962.932 45.783 -3965.168
v 3953.744 45.800 -3962.678
v 3954.661 45.637 -3960.900
v 3962.932 45.933 -3965.168
v 3962.015 46.089 -3966.945
v 3958.329 45.008 -3953.791
v 3959.246 44.856 -3952.014
v 3967.517 45.190 -3956.281
v 3966.600 45.334 -3958.059
v 3962.406 45.762 -3964.843
v 3967.126 45.207 -3958.384
v 3970.254 45.369 -3960.670
v 3965.534 45.916 -3967.129
v 3961.226 46.057 -3966.458
v 3962.406 45.912 -3964.843
v 3965.534 46.066 -3967.129
v 3964.354 46.210 -3968.744
v 3967.126 45.357 -3958.384
v 3968.306 45.225 -3956.769
v 3971.434 45.388 -3959.055
v 3970.254 45.519 -3960.670
v 3965.354 45.907 -3966.989
v 3970.435 45.378 -3960.810
v 3975.288 45.640 -3964.800
v 3970.207 46.163 -3970.979
v 3964.084 46.196 -3968.534
v 3965.354 46.057 -3966.989
v 3970.207 46.313 -3970.979
v 3968.937 46.450 -3972.524
v 3970.435 45.528 -3960.810
v 3971.705 45.403 -3959.265
v 3976.558 45.667 -3963.255
v 3975.288 45.790 -3964.800
v 3969.365 46.100 -3970.024
v 3976.131 45.702 -3965.756
v 3979.548 46.052 -3971.173
v 3972.782 46.464 -3975.441
v 3967.673 46.355 -3971.091
v 3969.365 46.250 -3970.024
v 3972.782 46.614 -3975.441
v 3971.091 46.723 -3976.508
v 3976.131 45.852 -3965.756
v 3977.822 45.759 -3964.688
v 3981.240 46.105 -3970.106
v 3979.548 46.202 -3971.173
v 3972.265 46.378 -3974.194
v 3980.066 46.132 -3972.420
v 3981.490 46.547 -3978.683
v 3973.690 46.837 -3980.458
v 3970.315 46.593 -3974.638
v 3972.265 46.528 -3974.194
v 3973.690 46.987 -3980.458
v 3971.740 47.062 -3980.901
v 3980.066 46.282 -3972.420
v 3982.016 46.224 -3971.976
v 3983.441 46.629 -3978.239
v 3981.490 46.697 -3978.683
v 3970.360 46.586 -3974.744
v 3970.660 46.586 -3974.744
v 3970.660 46.586 -3974.444
v 3970.360 46.586 -3974.444
v 3970.360 54.586 -3974.744
v 3970.660 54.586 -3974.744
v 3970.660 54.586 -3974.444
v 3970.360 54.586 -3974.444
v 3981.671 46.229 -3972.170
v 3981.971 46.229 -3972.170
v 3981.971 46.229 -3971.870
v 3981.671 46.229 -3971.870
v 3981.671 54.229 -3972.170
v 3981.971 54.229 -3972.170
v 3981.971 54.229 -3971.870
v 3981.671 54.229 -3971.870
v 3973.599 46.787 -3979.831
v 3981.582 46.592 -3979.309
v 3982.439 47.551 -3992.430
v 3974.456 47.828 -3992.952
v 3971.603 46.987 -3979.961
v 3973.599 46.937 -3979.831
v 3974.456 47.978 -3992.952
v 3972.460 48.049 -3993.082
v 3981.582 46.742 -3979.309
v 3983.577 46.694 -3979.179
v 3984.435 47.633 -3992.300
v 3982.439 47.701 -3992.430
v 3974.452 47.792 -3992.498
v 3982.443 47.585 -3992.884
v 3982.153 48.039 -3998.870
v 3974.163 48.284 -3998.483
v 3972.454 47.993 -3992.401
v 3974.452 47.942 -3992.498
v 3974.163 48.434 -3998.483
v 3972.165 48.495 -3998.387
v 3982.443 47.735 -3992.884
v 3984.440 47.682 -3992.981
v 3984.151 48.127 -3998.966
v 3982.153 48.189 -3998.870
v 3974.493 48.160 -3997.075
v 3981.823 48.156 -4000.279
v 3979.830 48.576 -4004.837
v 3972.500 48.600 -4001.633
v 3972.660 48.305 -3996.274
v 3974.493 48.310 -3997.075
v 3972.500 48.750 -4001.633
v 3970.668 48.751 -4000.832
v 3981.823 48.306 -4000.279
v 3983.656 48.300 -4001.080
v 3981.663 48.714 -4005.638
v 3979.830 48.726 -4004.837
v 3973.335 48.470 -4000.409
v 3978.996 48.703 -4006.062
v 3975.578 49.109 -4009.484
v 3969.917 48.880 -4003.831
v 3971.920 48.554 -3998.996
v 3973.335 48.620 -4000.409
v 3969.917 49.030 -4003.831
v 3968.502 48.964 -4002.418
v 3978.996 48.853 -4006.062
v 3980.411 48.903 -4007.475
v 3976.993 49.300 -4010.897
v 3975.578 49.259 -4009.484
v 3970.403 48.827 -4003.417
v 3975.092 49.160 -4009.898
v 3969.961 49.667 -4013.611
v 3965.271 49.349 -4007.130
v 3969.231 48.884 -4001.796
v 3970.403 48.977 -4003.417
v 3965.271 49.499 -4007.130
v 3964.099 49.403 -4005.509
v 3975.092 49.310 -4009.898
v 3976.265 49.377 -4011.519
v 3971.133 49.887 -4015.232
v 3969.961 49.817 -4013.611
v 3969.198 48.894 -4002.108
v 3969.498 48.894 -4002.108
v 3969.498 48.894 -4001.808
v 3969.198 48.894 -4001.808
v 3969.198 56.894 -4002.108
v 3969.498 56.894 -4002.108
v 3969.498 56.894 -4001.808
v 3969.198 56.894 -4001.808
v 3975.998 49.371 -4011.507
v 3976.298 49.371 -4011.507
v 3976.298 49.371 -4011.207
v 3975.998 49.371 -4011.207
v 3975.998 57.371 -4011.507
v 3976.298 57.371 -4011.507
v 3976.298 57.371 -4011.207
v 3975.998 57.371 -4011.207
v 3965.977 49.284 -4006.722
v 3969.255 49.731 -4014.019
v 3957.845 50.689 -4019.146
v 3954.566 50.216 -4011.849
v 3965.157 49.307 -4004.898
v 3965.977 49.434 -4006.722
v 3954.566 50.366 -4011.849
v 3953.747 50.243 -4010.024
v 3969.255 49.881 -4014.019
v 3970.075 49.983 -4015.843
v 3958.665 50.952 -4020.970
v 3957.845 50.839 -4019.146
v 3954.552 50.217 -4011.855
v 3957.859 50.688 -4019.140
v 3933.346 52.610 -4030.265
v 3930.040 52.034 -4022.980
v 3953.726 50.244 -4010.034
v 3954.552 50.367 -4011.855
v 3930.040 52.184 -4022.980
v 3929.213 52.041 -4021.159
v 3957.859 50.838 -4019.140
v 3958.685 50.951 -4020.961
v 3934.173 52.904 -4032.086
v 3933.346 52.760 -4030.265
v 3953.659 50.257 -4010.366
v 3953.959 50.257 -4010.366
v 3953.959 50.257 -4010.066
v 3953.659 50.257 -4010.066
v 3953.659 58.257 -4010.366
v 3953.959 58.257 -4010.366
v 3953.959 58.257 -4010.066
v 3953.659 58.257 -4010.066
v 3958.453 50.939 -4020.929
v 3958.753 50.939 -4020.929
v 3958.753 50.939 -4020.629
v 3958.453 50.939 -4020.629
v 3958.453 58.939 -4020.929
v 3958.753 58.939 -4020.929
v 3958.753 58.939 -4020.629
v 3958.453 58.939 -4020.629
v 3930.125 52.029 -4022.943
v 3933.261 52.616 -4030.303
v 3915.862 53.746 -4037.716
v 3912.726 53.165 -4030.356
v 3929.341 52.032 -4021.103
v 3930.125 52.179 -4022.943
v 3912.726 53.315 -4030.356
v 3911.942 53.170 -4028.516
v 3933.261 52.766 -4030.303
v 3934.045 52.913 -4032.143
v 3916.646 54.035 -4039.555
v 3915.862 53.896 -4037.716
v 3912.074 53.214 -4030.708
v 3916.513 53.697 -4037.363
v 3909.678 54.218 -4041.922
v 3905.239 53.789 -4035.266
v 3910.965 53.244 -4029.044
v 3912.074 53.364 -4030.708
v 3905.239 53.939 -4035.266
v 3904.130 53.783 -4033.603
v 3916.513 53.847 -4037.363
v 3917.623 53.968 -4039.027
v 3910.788 54.446 -4043.586
v 3909.678 54.368 -4041.922
v 3904.712 53.822 -4035.687
v 3910.206 54.178 -4041.501
v 3905.074 54.598 -4046.351
v 3899.580 54.166 -4040.536
v 3903.338 53.834 -4034.233
v 3904.712 53.972 -4035.687
v 3899.580 54.316 -4040.536
v 3898.206 54.206 -4039.082
v 3910.206 54.328 -4041.501
v 3911.580 54.385 -4042.955
v 3906.448 54.828 -4047.804
v 3905.074 54.748 -4046.351
v 3903.325 53.847 -4034.529
v 3903.625 53.847 -4034.529
v 3903.625 53.847 -4034.229
v 3903.325 53.847 -4034.229
v 3903.325 61.847 -4034.529
v 3903.625 61.847 -4034.529
v 3903.625 61.847 -4034.229
v 3903.325 61.847 -4034.229
v 3911.292 54.379 -4042.960
v 3911.592 54.379 -4042.960
v 3911.592 54.379 -4042.660
v 3911.292 54.379 -4042.660
v 3911.292 62.379 -4042.960
v 3911.592 62.379 -4042.960
v 3911.592 62.379 -4042.660
v 3911.292 62.379 -4042.660
v 3899.138 54.191 -4041.029
v 3905.516 54.572 -4045.858
v 3898.391 55.053 -4055.266
v 3892.014 54.662 -4050.437
v 3897.544 54.249 -4039.821
v 3899.138 54.341 -4041.029
v 3892.014 54.812 -4050.437
v 3890.419 54.718 -4049.229
v 3905.516 54.722 -4045.858
v 3907.110 54.764 -4047.066
v 3899.986 55.304 -4056.474
v 3898.391 55.203 -4055.266
v 3891.912 54.668 -4050.578
v 3898.493 55.046 -4055.125
v 3890.222 55.600 -4067.096
v 3883.641 55.206 -4062.549
v 3890.266 54.728 -4049.441
v 3891.912 54.818 -4050.578
v 3883.641 55.356 -4062.549
v 3881.995 55.262 -4061.412
v 3898.493 55.196 -4055.125
v 3900.139 55.294 -4056.262
v 3891.868 55.852 -4068.233
v 3890.222 55.750 -4067.096
v 3883.595 55.209 -4062.617
v 3890.268 55.597 -4067.029
v 3878.580 55.976 -4084.708
v 3871.906 55.688 -4080.296
v 3881.926 55.266 -4061.514
v 3883.595 55.359 -4062.617
v 3871.906 55.838 -4080.296
v 3870.238 55.765 -4079.193
v 3890.268 55.747 -4067.029
v 3891.937 55.847 -4068.132
v 3880.248 56.197 -4085.811
v 3878.580 56.126 -4084.708
v 3881.943 55.275 -4061.774
v 3882.243 55.275 -4061.774
v 3882.243 55.275 -4061.474
v 3881.943 55.275 -4061.474
v 3881.943 63.275 -4061.774
v 3882.243 63.275 -4061.774
v 3882.243 63.275 -4061.474
v 3881.943 63.275 -4061.474
v 3891.620 55.837 -4068.171
v 3891.920 55.837 -4068.171
v 3891.920 55.837 -4067.871
v 3891.620 55.837 -4067.871
v 3891.620 63.837 -4068.171
v 3891.920 63.837 -4068.171
v 3891.920 63.837 -4067.871
v 3891.620 63.837 -4067.871
v 3871.716 55.694 -4080.614
v 3878.770 55.969 -4084.390
v 3872.213 56.233 -4096.639
v 3865.160 55.963 -4092.863
v 3869.953 55.775 -4079.671
v 3871.716 55.844 -4080.614
v 3865.160 56.113 -4092.863
v 3863.396 56.023 -4091.919
v 3878.770 56.119 -4084.390
v 3880.533 56.187 -4085.334
v 3873.976 56.449 -4097.583
v 3872.213 56.383 -4096.639
v 3865.020 55.970 -4093.152
v 3872.353 56.226 -4096.350
v 3867.499 56.389 -4107.476
v 3860.166 56.111 -4104.277
v 3863.187 56.029 -4092.352
v 3865.020 56.120 -4093.152
v 3860.166 56.261 -4104.277
v 3858.333 56.170 -4103.478
v 3872.353 56.376 -4096.350
v 3874.186 56.439 -4097.150
v 3869.332 56.583 -4108.276
v 3867.499 56.539 -4107.476
v 3859.973 56.117 -4104.826
v 3867.692 56.383 -4106.927
v 3865.132 56.525 -4116.335
v 3857.413 56.255 -4114.234
v 3858.043 56.179 -4104.301
v 3859.973 56.267 -4104.826
v 3857.413 56.405 -4114.234
v 3855.483 56.330 -4113.709
v 3867.692 56.533 -4106.927
v 3869.622 56.573 -4107.452
v 3867.062 56.707 -4116.860
v 3865.132 56.675 -4116.335
v 3858.086 56.188 -4104.504
v 3858.386 56.188 -4104.504
v 3858.386 56.188 -4104.204
v 3858.086 56.188 -4104.204
v 3858.086 64.188 -4104.504
v 3858.386 64.188 -4104.504
v 3858.386 64.188 -4104.204
v 3858.086 64.188 -4104.204
v 3869.279 56.569 -4107.550
v 3869.579 56.569 -4107.550
v 3869.579 56.569 -4107.250
v 3869.279 56.569 -4107.250
v 3869.279 64.569 -4107.550
v 3869.579 64.569 -4107.550
v 3869.579 64.569 -4107.250
v 3869.279 64.569 -4107.250
v 3857.350 56.260 -4114.500
v 3865.195 56.521 -4116.070
v 3862.055 56.775 -4131.754
v 3854.211 56.595 -4130.184
v 3855.389 56.338 -4114.107
v 3857.350 56.410 -4114.500
v 3854.211 56.745 -4130.184
v 3852.250 56.695 -4129.792
v 3865.195 56.671 -4116.070
v 3867.156 56.701 -4116.462
v 3864.016 56.965 -4132.147
v 3862.055 56.925 -4131.754
v 3854.176 56.600 -4130.387
v 3862.091 56.773 -4131.551
v 3860.666 56.898 -4141.237
v 3852.751 56.813 -4140.072
v 3852.197 56.703 -4130.096
v 3854.176 56.750 -4130.387
v 3852.751 56.963 -4140.072
v 3850.772 56.939 -4139.781
v 3862.091 56.923 -4131.551
v 3864.069 56.962 -4131.842
v 3862.644 57.066 -4141.528
v 3860.666 57.048 -4141.237
v 3852.713 56.823 -4140.470
v 3860.704 56.892 -4140.839
v 3859.847 57.194 -4159.378
v 3851.855 57.295 -4159.008
v 3850.715 56.954 -4140.377
v 3852.713 56.973 -4140.470
v 3851.855 57.445 -4159.008
v 3849.858 57.469 -4158.916
v 3860.704 57.042 -4140.839
v 3862.702 57.059 -4140.932
v 3861.845 57.317 -4159.470
v 3859.847 57.344 -4159.378
v 3850.764 56.956 -4140.537
v 3851.064 56.956 -4140.537
v 3851.064 56.956 -4140.237
v 3850.764 56.956 -4140.237
v 3850.764 64.956 -4140.537
v 3851.064 64.956 -4140.537
v 3851.064 64.956 -4140.237
v 3850.764 64.956 -4140.237
v 3862.352 57.057 -4141.072
v 3862.652 57.057 -4141.072
v 3862.652 57.057 -4140.772
v 3862.352 57.057 -4140.772
v 3862.352 65.057 -4141.072
v 3862.652 65.057 -4141.072
v 3862.652 65.057 -4140.772
v 3862.352 65.057 -4140.772
v 3851.852 57.302 -4159.260
v 3859.851 57.190 -4159.126
v 3860.140 57.455 -4176.515
v 3852.141 57.737 -4176.649
v 3849.852 57.480 -4159.293
v 3851.852 57.452 -4159.260
v 3852.141 57.887 -4176.649
v 3850.141 57.958 -4176.682
v 3859.851 57.340 -4159.126
v 3861.850 57.312 -4159.093
v 3862.140 57.535 -4176.482
v 3860.140 57.605 -4176.515
v 3852.143 57.731 -4176.429
v 3860.138 57.459 -4176.735
v 3859.570 57.718 -4191.561
v 3851.576 58.135 -4191.255
v 3850.145 57.949 -4176.352
v 3852.143 57.881 -4176.429
v 3851.576 58.285 -4191.255
v 3849.577 58.389 -4191.178
v 3860.138 57.609 -4176.735
v 3862.136 57.540 -4176.812
v 3861.568 57.763 -4191.637
v 3859.570 57.868 -4191.561
v 3850.195 57.942 -4176.510
v 3850.495 57.942 -4176.510
v 3850.495 57.942 -4176.210
v 3850.195 57.942 -4176.210
v 3850.195 65.942 -4176.510
v 3850.495 65.942 -4176.510
v 3850.495 65.942 -4176.210
v 3850.195 65.942 -4176.210
v 3861.786 57.547 -4176.954
v 3862.086 57.547 -4176.954
v 3862.086 57.547 -4176.654
v 3861.786 57.547 -4176.654
v 3861.786 65.547 -4176.954
v 3862.086 65.547 -4176.954
v 3862.086 65.547 -4176.654
v 3861.786 65.547 -4176.654
v 3851.577 58.144 -4191.584
v 3859.569 57.712 -4191.231
v 3860.137 57.950 -4204.061
v 3852.144 58.480 -4204.415
v 3849.579 58.403 -4191.673
v 3851.577 58.294 -4191.584
v 3852.144 58.630 -4204.415
v 3850.146 58.764 -4204.503
v 3859.569 57.862 -4191.231
v 3861.567 57.755 -4191.142
v 3862.135 57.969 -4203.973
v 3860.137 58.100 -4204.061
v 3852.218 58.493 -4205.024
v 3860.063 57.942 -4203.452
v 3863.202 58.024 -4219.124
v 3855.358 58.686 -4220.695
v 3850.257 58.784 -4205.416
v 3852.218 58.643 -4205.024
v 3855.358 58.836 -4220.695
v 3853.397 59.005 -4221.088
v 3860.063 58.092 -4203.452
v 3862.024 57.958 -4203.059
v 3865.163 58.022 -4218.731
v 3863.202 58.174 -4219.124
v 3855.504 58.688 -4221.228
v 3863.056 58.026 -4218.590
v 3869.034 58.053 -4235.702
v 3861.481 58.725 -4238.340
v 3853.615 59.009 -4221.888
v 3855.504 58.838 -4221.228
v 3861.481 58.875 -4238.340
v 3859.593 59.063 -4239.000
v 3863.056 58.176 -4218.590
v 3864.944 58.023 -4217.930
v 3870.922 58.047 -4235.042
v 3869.034 58.203 -4235.702
v 3853.654 58.992 -4221.972
v 3853.954 58.992 -4221.972
v 3853.954 58.992 -4221.672
v 3853.654 58.992 -4221.672
v 3853.654 66.992 -4221.972
v 3853.954 66.992 -4221.972
v 3853.954 66.992 -4221.672
v 3853.654 66.992 -4221.672
v 3864.605 58.037 -4218.146
v 3864.905 58.037 -4218.146
v 3864.905 58.037 -4217.846
v 3864.605 58.037 -4217.846
v 3864.605 66.037 -4218.146
v 3864.905 66.037 -4218.146
v 3864.905 66.037 -4217.846
v 3864.605 66.037 -4217.846
v 3861.560 58.725 -4238.547
v 3868.955 58.053 -4235.494
v 3876.369 0.050 -4253.452
v 3868.974 0.050 -4256.504
v 3859.712 59.062 -4239.310
v 3861.560 58.875 -4238.547
v 3868.974 0.200 -4256.504
v 3867.126 0.200 -4257.268
v 3868.955 58.203 -4235.494
v 3870.804 58.047 -4234.731
v 3878.217 0.200 -4252.688
v 3876.369 0.200 -4253.452
v 3869.055 0.050 -4256.688
v 3876.288 0.050 -4253.268
v 3881.141 0.050 -4263.535
v 3873.909 0.050 -4266.955
v 3867.247 0.200 -4257.542
v 3869.055 0.200 -4256.688
v 3873.909 0.200 -4266.955
v 3872.101 0.200 -4267.809
v 3876.288 0.200 -4253.268
v 3878.096 0.200 -4252.414
v 3882.949 0.200 -4262.681
v 3881.141 0.200 -4263.535
v 3867.278 0.200 -4257.607
v 3867.578 0.200 -4257.607
v 3867.578 0.200 -4257.307
v 3867.278 0.200 -4257.307
v 3867.278 8.200 -4257.607
v 3867.578 8.200 -4257.607
v 3867.578 8.200 -4257.307
v 3867.278 8.200 -4257.307
v 3877.765 0.200 -4252.649
v 3878.065 0.200 -4252.649
v 3878.065 0.200 -4252.349
v 3877.765 0.200 -4252.349
v 3877.765 8.200 -4252.649
v 3878.065 8.200 -4252.649
v 3878.065 8.200 -4252.349
v 3877.765 8.200 -4252.349
v 3874.379 0.050 -4267.715
v 3880.671 0.050 -4262.775
v 3886.938 0.050 -4270.756
v 3880.646 0.050 -4275.696
v 3872.806 0.200 -4268.951
v 3874.379 0.200 -4267.715
v 3880.646 0.200 -4275.696
v 3879.073 0.200 -4276.932
v 3880.671 0.200 -4262.775
v 3882.244 0.200 -4261.539
v 3888.511 0.200 -4269.520
v 3886.938 0.200 -4270.756
v 3881.272 0.050 -4276.333
v 3886.312 0.050 -4270.119
v 3897.210 0.050 -4278.959
v 3892.171 0.050 -4285.172
v 3880.013 0.200 -4277.886
v 3881.272 0.200 -4276.333
v 3892.171 0.200 -4285.172
v 3890.911 0.200 -4286.726
v 3886.312 0.200 -4270.119
v 3887.572 0.200 -4268.566
v 3898.470 0.200 -4277.406
v 3897.210 0.200 -4278.959
v 3892.167 0.050 -4285.169
v 3897.214 0.050 -4278.963
v 3901.422 0.050 -4282.385
v 3896.374 0.050 -4288.591
v 3890.905 0.200 -4286.721
v 3892.167 0.200 -4285.169
v 3896.374 0.200 -4288.591
v 3895.113 0.200 -4290.143
v 3897.214 0.200 -4278.963
v 3898.476 0.200 -4277.411
v 3902.684 0.200 -4280.833
v 3901.422 0.200 -4282.385
v 3897.060 0.050 -4289.041
v 3900.737 0.050 -4281.936
v 3909.008 0.050 -4286.217
v 3905.331 0.050 -4293.322
v 3896.140 0.200 -4290.817
v 3897.060 0.200 -4289.041
v 3905.331 0.200 -4293.322
v 3904.411 0.200 -4295.098
v 3900.737 0.200 -4281.936
v 3901.656 0.200 -4280.160
v 3909.928 0.200 -4284.441
v 3909.008 0.200 -4286.217
v 3896.082 0.200 -4290.789
v 3896.382 0.200 -4290.789
v 3896.382 0.200 -4290.489
v 3896.082 0.200 -4290.489
v 3896.082 8.200 -4290.789
v 3896.382 8.200 -4290.789
v 3896.382 8.200 -4290.489
v 3896.082 8.200 -4290.489
v 3901.415 0.200 -4280.487
v 3901.715 0.200 -4280.487
v 3901.715 0.200 -4280.187
v 3901.415 0.200 -4280.187
v 3901.415 8.200 -4280.487
v 3901.715 8.200 -4280.487
v 3901.715 8.200 -4280.187
v 3901.415 8.200 -4280.187
v 3904.951 0.050 -4293.098
v 3909.388 0.050 -4286.441
v 3920.509 0.050 -4293.854
v 3916.072 0.050 -4300.511
v 3903.842 0.200 -4294.762
v 3904.951 0.200 -4293.098
v 3916.072 0.200 -4300.511
v 3914.962 0.200 -4302.175
v 3909.388 0.200 -4286.441
v 3910.497 0.200 -4284.777
v 3921.618 0.200 -4292.190
v 3920.509 0.200 -4293.854
v 3915.752 0.050 -4300.274
v 3920.829 0.050 -4294.091
v 3928.810 0.050 -4300.645
v 3923.733 0.050 -4306.828
v 3914.483 0.200 -4301.819
v 3915.752 0.200 -4300.274
v 3923.733 0.200 -4306.828
v 3922.464 0.200 -4308.373
v 3920.829 0.200 -4294.091
v 3922.098 0.200 -4292.545
v 3930.079 0.200 -4299.099
v 3928.810 0.200 -4300.645
v 3925.490 0.050 -4307.659
v 3927.054 0.050 -4299.814
v 3929.904 0.050 -4300.382
v 3928.339 0.050 -4308.227
v 3925.099 0.200 -4309.620
v 3925.490 0.200 -4307.659
v 3928.339 0.200 -4308.227
v 3927.948 0.200 -4310.189
v 3927.054 0.200 -4299.814
v 3927.445 0.200 -4297.852
v 3930.295 0.200 -4298.420
v 3929.904 0.200 -4300.382
v 3929.122 0.050 -4308.304
v 3929.122 0.050 -4300.304
v 3933.396 0.050 -4300.304
v 3933.396 0.050 -4308.304
v 3929.122 0.200 -4310.304
v 3929.122 0.200 -4308.304
v 3933.396 0.200 -4308.304
v 3933.396 0.200 -4310.304
v 3929.122 0.200 -4300.304
v 3929.122 0.200 -4298.304
v 3933.396 0.200 -4298.304
v 3933.396 0.200 -4300.304
v 3928.972 0.200 -4310.254
v 3929.272 0.200 -4310.254
v 3929.272 0.200 -4309.954
v 3928.972 0.200 -4309.954
v 3928.972 8.200 -4310.254
v 3929.272 8.200 -4310.254
v 3929.272 8.200 -4309.954
v 3928.972 8.200 -4309.954
v 3928.972 0.200 -4298.654
v 3929.272 0.200 -4298.654
v 3929.272 0.200 -4298.354
v 3928.972 0.200 -4298.354
v 3928.972 8.200 -4298.654
v 3929.272 8.200 -4298.654
v 3929.272 8.200 -4298.354
v 3928.972 8.200 -4298.354
v 3934.749 0.050 -4308.069
v 3932.044 0.050 -4300.540
v 3939.179 0.050 -4297.977
v 3941.884 0.050 -4305.505
v 3935.425 0.200 -4309.951
v 3934.749 0.200 -4308.069
v 3941.884 0.200 -4305.505
v 3942.560 0.200 -4307.388
v 3932.044 0.200 -4300.540
v 3931.368 0.200 -4298.658
v 3938.503 0.200 -4296.094
v 3939.179 0.200 -4297.977
v 3941.481 0.050 -4305.627
v 3939.583 0.050 -4297.855
v 3951.272 0.050 -4295.001
v 3953.169 0.050 -4302.773
v 3941.955 0.200 -4307.570
v 3941.481 0.200 -4305.627
v 3953.169 0.200 -4302.773
v 3953.644 0.200 -4304.716
v 3939.583 0.200 -4297.855
v 3939.109 0.200 -4295.912
v 3950.797 0.200 -4293.058
v 3951.272 0.200 -4295.001
v 3952.879 0.050 -4302.832
v 3951.562 0.050 -4294.941
v 3960.111 0.050 -4293.514
v 3961.428 0.050 -4301.405
v 3953.208 0.200 -4304.805
v 3952.879 0.200 -4302.832
v 3961.428 0.200 -4301.405
v 3961.758 0.200 -4303.378
v 3951.562 0.200 -4294.941
v 3951.233 0.200 -4292.969
v 3959.782 0.200 -4291.542
v 3960.111 0.200 -4293.514
v 3961.088 0.050 -4301.447
v 3960.452 0.050 -4293.472
v 3967.576 0.050 -4292.904
v 3968.212 0.050 -4300.879
v 3961.247 0.200 -4303.441
v 3961.088 0.200 -4301.447
v 3968.212 0.200 -4300.879
v 3968.371 0.200 -4302.873
v 3960.452 0.200 -4293.472
v 3960.293 0.200 -4291.479
v 3967.417 0.200 -4290.911
v 3967.576 0.200 -4292.904
v 3961.081 0.200 -4303.391
v 3961.381 0.200 -4303.391
v 3961.381 0.200 -4303.091
v 3961.081 0.200 -4303.091
v 3961.081 8.200 -4303.391
v 3961.381 8.200 -4303.391
v 3961.381 8.200 -4303.091
v 3961.081 8.200 -4303.091
v 3960.159 0.200 -4291.828
v 3960.459 0.200 -4291.828
v 3960.459 0.200 -4291.528
v 3960.159 0.200 -4291.528
v 3960.159 8.200 -4291.828
v 3960.459 8.200 -4291.828
v 3960.459 8.200 -4291.528
v 3960.159 8.200 -4291.528
v 3967.758 0.050 -4300.889
v 3968.030 0.050 -4292.894
v 3976.590 0.050 -4293.185
v 3976.319 0.050 -4301.180
v 3967.691 0.200 -4302.888
v 3967.758 0.200 -4300.889
v 3976.319 0.200 -4301.180
v 3976.251 0.200 -4303.179
v 3968.030 0.200 -4292.894
v 3968.098 0.200 -4290.895
v 3976.658 0.200 -4291.186
v 3976.590 0.200 -4293.185
v 3975.799 0.050 -4301.128
v 3977.110 0.050 -4293.236
v 3987.374 0.050 -4294.941
v 3986.063 0.050 -4302.833
v 3975.472 0.200 -4303.101
v 3975.799 0.200 -4301.128
v 3986.063 0.200 -4302.833
v 3985.735 0.200 -4304.806
v 3977.110 0.200 -4293.236
v 3977.438 0.200 -4291.263
v 3987.701 0.200 -4292.968
v 3987.374 0.200 -4294.941
v 3986.081 0.050 -4302.836
v 3987.356 0.050 -4294.938
v 3996.195 0.050 -4296.365
v 3994.920 0.050 -4304.263
v 3985.762 0.200 -4304.810
v 3986.081 0.200 -4302.836
v 3994.920 0.200 -4304.263
v 3994.601 0.200 -4306.237
v 3987.356 0.200 -4294.938
v 3987.675 0.200 -4292.964
v 3996.513 0.200 -4294.391
v 3996.195 0.200 -4296.365
v 3994.771 0.050 -4304.236
v 3996.344 0.050 -4296.392
v 4007.743 0.050 -4298.678
v 4006.170 0.050 -4306.522
v 3994.377 0.200 -4306.197
v 3994.771 0.200 -4304.236
v 4006.170 0.200 -4306.522
v 4005.776 0.200 -4308.483
v 3996.344 0.200 -4296.392
v 3996.737 0.200 -4294.431
v 4008.136 0.200 -4296.717
v 4007.743 0.200 -4298.678
v 3994.267 0.200 -4306.151
v 3994.567 0.200 -4306.151
v 3994.567 0.200 -4305.851
v 3994.267 0.200 -4305.851
v 3994.267 8.200 -4306.151
v 3994.567 8.200 -4306.151
v 3994.567 8.200 -4305.851
v 3994.267 8.200 -4305.851
v 3996.548 0.200 -4294.777
v 3996.848 0.200 -4294.777
v 3996.848 0.200 -4294.477
v 3996.548 0.200 -4294.477
v 3996.548 8.200 -4294.777
v 3996.848 8.200 -4294.777
v 3996.848 8.200 -4294.477
v 3996.548 8.200 -4294.477
v 4005.950 0.050 -4306.471
v 4007.963 0.050 -4298.729
v 4014.519 0.050 -4300.433
v 4012.506 0.050 -4308.176
v 4005.447 0.200 -4308.407
v 4005.950 0.200 -4306.471
v 4012.506 0.200 -4308.176
v 4012.003 0.200 -4310.111
v 4007.963 0.200 -4298.729
v 4008.466 0.200 -4296.793
v 4015.023 0.200 -4298.498
v 4014.519 0.200 -4300.433
v 4013.033 0.050 -4308.276
v 4013.993 0.050 -4300.333
v 4023.399 0.050 -4301.470
v 4022.440 0.050 -4309.412
v 4012.793 0.200 -4310.261
v 4013.033 0.200 -4308.276
v 4022.440 0.200 -4309.412
v 4022.200 0.200 -4311.398
v 4013.993 0.200 -4300.333
v 4014.233 0.200 -4298.348
v 4023.639 0.200 -4299.484
v 4023.399 0.200 -4301.470
v 4022.625 0.050 -4309.430
v 4023.214 0.050 -4301.452
v 4030.917 0.050 -4302.020
v 4030.328 0.050 -4309.998
v 4022.478 0.200 -4311.425
v 4022.625 0.200 -4309.430
v 4030.328 0.200 -4309.998
v 4030.181 0.200 -4311.993
v 4023.214 0.200 -4301.452
v 4023.361 0.200 -4299.457
v 4031.064 0.200 -4300.025
v 4030.917 0.200 -4302.020
v 4030.623 0.050 -4310.009
v 4030.623 0.050 -4302.009
v 4035.465 0.050 -4302.009
v 4035.465 0.050 -4310.009
v 4030.623 0.200 -4312.009
v 4030.623 0.200 -4310.009
v 4035.465 0.200 -4310.009
v 4035.465 0.200 -4312.009
v 4030.623 0.200 -4302.009
v 4030.623 0.200 -4300.009
v 4035.465 0.200 -4300.009
v 4035.465 0.200 -4302.009
v 4034.946 0.050 -4309.975
v 4035.985 0.050 -4302.043
v 4042.541 0.050 -4302.902
v 4041.502 0.050 -4310.834
v 4034.686 0.200 -4311.958
v 4034.946 0.200 -4309.975
v 4041.502 0.200 -4310.834
v 4041.243 0.200 -4312.817
v 4035.985 0.200 -4302.043
v 4036.244 0.200 -4300.060
v 4042.801 0.200 -4300.919
v 4042.541 0.200 -4302.902
v 4034.562 0.200 -4311.910
v 4034.862 0.200 -4311.910
v 4034.862 0.200 -4311.610
v 4034.562 0.200 -4311.610
v 4034.562 8.200 -4311.910
v 4034.862 8.200 -4311.910
v 4034.862 8.200 -4311.610
v 4034.562 8.200 -4311.610
v 4036.068 0.200 -4300.408
v 4036.368 0.200 -4300.408
v 4036.368 0.200 -4300.108
v 4036.068 0.200 -4300.108
v 4036.068 8.200 -4300.408
v 4036.368 8.200 -4300.408
v 4036.368 8.200 -4300.108
v 4036.068 8.200 -4300.108
v 4040.675 0.050 -4310.634
v 4043.369 0.050 -4303.102
v 4051.350 0.050 -4305.956
v 4048.657 0.050 -4313.489
v 4040.002 0.200 -4312.518
v 4040.675 0.200 -4310.634
v 4048.657 0.200 -4313.489
v 4047.983 0.200 -4315.372
v 4043.369 0.200 -4303.102
v 4044.042 0.200 -4301.218
v 4052.024 0.200 -4304.072
v 4051.350 0.200 -4305.956
v 4047.920 0.050 -4313.137
v 4052.087 0.050 -4306.308
v 4057.219 0.050 -4309.439
v 4053.052 0.050 -4316.268
v 4046.878 0.200 -4314.844
v 4047.920 0.200 -4313.137
v 4053.052 0.200 -4316.268
v 4052.010 0.200 -4317.975
v 4052.087 0.200 -4306.308
v 4053.129 0.200 -4304.600
v 4058.261 0.200 -4307.732
v 4057.219 0.200 -4309.439
v 4052.208 0.050 -4315.580
v 4058.062 0.050 -4310.128
v 4065.766 0.050 -4318.399
v 4059.911 0.050 -4323.852
v 4050.744 0.200 -4316.943
v 4052.208 0.200 -4315.580
v 4059.911 0.200 -4323.852
v 4058.448 0.200 -4325.215
v 4058.062 0.200 -4310.128
v 4059.526 0.200 -4308.765
v 4067.229 0.200 -4317.036
v 4065.766 0.200 -4318.399
v 4060.708 0.050 -4324.511
v 4064.969 0.050 -4317.740
v 4074.943 0.050 -4324.016
v 4070.682 0.050 -4330.787
v 4059.643 0.200 -4326.204
v 4060.708 0.200 -4324.511
v 4070.682 0.200 -4330.787
v 4069.617 0.200 -4332.480
v 4064.969 0.200 -4317.740
v 4066.034 0.200 -4316.047
v 4076.008 0.200 -4322.324
v 4074.943 0.200 -4324.016
v 4059.600 0.200 -4326.184
v 4059.900 0.200 -4326.184
v 4059.900 0.200 -4325.884
v 4059.600 0.200 -4325.884
v 4059.600 8.200 -4326.184
v 4059.900 8.200 -4326.184
v 4059.900 8.200 -4325.884
v 4059.600 8.200 -4325.884
v 4065.778 0.200 -4316.367
v 4066.078 0.200 -4316.367
v 4066.078 0.200 -4316.067
v 4065.778 0.200 -4316.067
v 4065.778 8.200 -4316.367
v 4066.078 8.200 -4316.367
v 4066.078 8.200 -4316.067
v 4065.778 8.200 -4316.067
v 4071.331 0.050 -4331.117
v 4074.294 0.050 -4323.686
v 4078.569 0.050 -4325.391
v 4075.606 0.050 -4332.822
v 4070.590 0.200 -4332.975
v 4071.331 0.200 -4331.117
v 4075.606 0.200 -4332.822
v 4074.865 0.200 -4334.680
v 4074.294 0.200 -4323.686
v 4075.035 0.200 -4321.829
v 4079.310 0.200 -4323.533
v 4078.569 0.200 -4325.391
v 4077.347 0.050 -4333.098
v 4076.828 0.050 -4325.115
v 4081.103 0.050 -4324.837
v 4081.621 0.050 -4332.821
v 4077.476 0.200 -4335.094
v 4077.347 0.200 -4333.098
v 4081.621 0.200 -4332.821
v 4081.751 0.200 -4334.816
v 4076.828 0.200 -4325.115
v 4076.699 0.200 -4323.119
v 4080.973 0.200 -4322.842
v 4081.103 0.200 -4324.837
v 4082.514 0.050 -4332.660
v 4080.210 0.050 -4324.999
v 4085.921 0.050 -4323.281
v 4088.225 0.050 -4330.942
v 4083.090 0.200 -4334.575
v 4082.514 0.200 -4332.660
v 4088.225 0.200 -4330.942
v 4088.801 0.200 -4332.857
v 4080.210 0.200 -4324.999
v 4079.634 0.200 -4323.083
v 4085.345 0.200 -4321.366
v 4085.921 0.200 -4323.281
v 4088.339 0.050 -4330.905
v 4085.806 0.050 -4323.317
v 4091.784 0.050 -4321.322
v 4094.317 0.050 -4328.910
v 4088.972 0.200 -4332.803
v 4088.339 0.200 -4330.905
v 4094.317 0.200 -4328.910
v 4094.950 0.200 -4330.807
v 4085.806 0.200 -4323.317
v 4085.173 0.200 -4321.420
v 4091.151 0.200 -4319.425
v 4091.784 0.200 -4321.322
v 4093.290 0.050 -4329.109
v 4092.812 0.050 -4321.123
v 4097.665 0.050 -4320.832
v 4098.143 0.050 -4328.818
v 4093.409 0.200 -4331.105
v 4093.290 0.200 -4329.109
v 4098.143 0.200 -4328.818
v 4098.263 0.200 -4330.815
v 4092.812 0.200 -4321.123
v 4092.692 0.200 -4319.127
v 4097.546 0.200 -4318.836
v 4097.665 0.200 -4320.832
v 4097.406 0.050 -4328.794
v 4098.402 0.050 -4320.856
v 4105.248 0.050 -4321.715
v 4104.252 0.050 -4329.653
v 4097.157 0.200 -4330.779
v 4097.406 0.200 -4328.794
v 4104.252 0.200 -4329.653
v 4104.003 0.200 -4331.638
v 4098.402 0.200 -4320.856
v 4098.651 0.200 -4318.872
v 4105.497 0.200 -4319.731
v 4105.248 0.200 -4321.715
v 4097.032 0.200 -4330.730
v 4097.332 0.200 -4330.730
v 4097.332 0.200 -4330.430
v 4097.032 0.200 -4330.430
v 4097.032 8.200 -4330.730
v 4097.332 8.200 -4330.730
v 4097.332 8.200 -4330.430
v 4097.032 8.200 -4330.430
v 4098.476 0.200 -4319.220
v 4098.776 0.200 -4319.220
v 4098.776 0.200 -4318.920
v 4098.476 0.200 -4318.920
v 4098.476 8.200 -4319.220
v 4098.776 8.200 -4319.220
v 4098.776 8.200 -4318.920
v 4098.476 8.200 -4318.920
v 4104.865 0.050 -4329.683
v 4104.636 0.050 -4321.686
v 4114.321 0.050 -4321.408
v 4114.550 0.050 -4329.405
v 4104.922 0.200 -4331.682
v 4104.865 0.200 -4329.683
v 4114.550 0.200 -4329.405
v 4114.607 0.200 -4331.404
v 4104.636 0.200 -4321.686
v 4104.579 0.200 -4319.687
v 4114.263 0.200 -4319.409
v 4114.321 0.200 -4321.408
v 4114.811 0.050 -4329.389
v 4114.059 0.050 -4321.424
v 4129.176 0.050 -4319.997
v 4129.928 0.050 -4327.962
v 4114.999 0.200 -4331.380
v 4114.811 0.200 -4329.389
v 4129.928 0.200 -4327.962
v 4130.116 0.200 -4329.953
v 4114.059 0.200 -4321.424
v 4113.871 0.200 -4319.433
v 4128.988 0.200 -4318.006
v 4129.176 0.200 -4319.997
v 4130.325 0.050 -4327.904
v 4128.780 0.050 -4320.055
v 4146.168 0.050 -4316.633
v 4147.713 0.050 -4324.482
v 4130.711 0.200 -4329.867
v 4130.325 0.200 -4327.904
v 4147.713 0.200 -4324.482
v 4148.099 0.200 -4326.444
v 4128.780 0.200 -4320.055
v 4128.394 0.200 -4318.093
v 4145.782 0.200 -4314.670
v 4146.168 0.200 -4316.633
v 4130.522 0.200 -4329.820
v 4130.822 0.200 -4329.820
v 4130.822 0.200 -4329.520
v 4130.522 0.200 -4329.520
v 4130.522 8.200 -4329.820
v 4130.822 8.200 -4329.820
v 4130.822 8.200 -4329.520
v 4130.522 8.200 -4329.520
v 4128.282 0.200 -4318.439
v 4128.582 0.200 -4318.439
v 4128.582 0.200 -4318.139
v 4128.282 0.200 -4318.139
v 4128.282 8.200 -4318.439
v 4128.582 8.200 -4318.439
v 4128.582 8.200 -4318.139
v 4128.282 8.200 -4318.139
v 4147.930 0.050 -4324.433
v 4145.951 0.050 -4316.682
v 4160.489 0.050 -4312.969
v 4162.469 0.050 -4320.720
v 4148.425 0.200 -4326.371
v 4147.930 0.200 -4324.433
v 4162.469 0.200 -4320.720
v 4162.964 0.200 -4322.658
v 4145.951 0.200 -4316.682
v 4145.456 0.200 -4314.744
v 4159.994 0.200 -4311.031
v 4160.489 0.200 -4312.969
v 4163.189 0.050 -4320.460
v 4159.769 0.050 -4313.228
v 4165.190 0.050 -4310.665
v 4168.610 0.050 -4317.897
v 4164.044 0.200 -4322.268
v 4163.189 0.200 -4320.460
v 4168.610 0.200 -4317.897
v 4169.465 0.200 -4319.705
v 4159.769 0.200 -4313.228
v 4158.914 0.200 -4311.420
v 4164.335 0.200 -4308.857
v 4165.190 0.200 -4310.665
v 4169.121 0.050 -4317.607
v 4164.679 0.050 -4310.954
v 4168.954 0.050 -4308.100
v 4173.396 0.050 -4314.753
v 4170.232 0.200 -4319.271
v 4169.121 0.200 -4317.607
v 4173.396 0.200 -4314.753
v 4174.506 0.200 -4316.417
v 4164.679 0.200 -4310.954
v 4163.568 0.200 -4309.291
v 4167.843 0.200 -4306.437
v 4168.954 0.200 -4308.100
v 4173.904 0.050 -4314.351
v 4168.445 0.050 -4308.503
v 4172.720 0.050 -4304.512
v 4178.179 0.050 -4310.360
v 4175.269 0.200 -4315.813
v 4173.904 0.200 -4314.351
v 4178.179 0.200 -4310.360
v 4179.544 0.200 -4311.822
v 4168.445 0.200 -4308.503
v 4167.080 0.200 -4307.041
v 4171.355 0.200 -4303.050
v 4172.720 0.200 -4304.512
v 4174.983 0.200 -4315.816
v 4175.283 0.200 -4315.816
v 4175.283 0.200 -4315.516
v 4174.983 0.200 -4315.516
v 4174.983 8.200 -4315.816
v 4175.283 8.200 -4315.816
v 4175.283 8.200 -4315.516
v 4174.983 8.200 -4315.516
v 4167.067 0.200 -4307.337
v 4167.367 0.200 -4307.337
v 4167.367 0.200 -4307.037
v 4167.067 0.200 -4307.037
v 4167.067 8.200 -4307.337
v 4167.367 8.200 -4307.337
v 4167.367 8.200 -4307.037
v 4167.067 8.200 -4307.037
v 4177.872 0.050 -4310.619
v 4173.027 0.050 -4304.253
v 4179.016 0.050 -4299.695
v 4183.861 0.050 -4306.060
v 4179.083 0.200 -4312.210
v 4177.872 0.200 -4310.619
v 4183.861 0.200 -4306.060
v 4185.072 0.200 -4307.652
v 4173.027 0.200 -4304.253
v 4171.815 0.200 -4302.662
v 4177.804 0.200 -4298.103
v 4179.016 0.200 -4299.695
v 4183.096 0.050 -4306.518
v 4179.781 0.050 -4299.237
v 4186.048 0.050 -4296.383
v 4189.363 0.050 -4303.664
v 4183.925 0.200 -4308.338
v 4183.096 0.200 -4306.518
v 4189.363 0.200 -4303.664
v 4190.192 0.200 -4305.484
v 4179.781 0.200 -4299.237
v 4178.952 0.200 -4297.417
v 4185.219 0.200 -4294.563
v 4186.048 0.200 -4296.383
v 4189.031 0.050 -4303.797
v 4186.380 0.050 -4296.249
v 4191.234 0.050 -4294.545
v 4193.885 0.050 -4302.093
v 4189.694 0.200 -4305.684
v 4189.031 0.200 -4303.797
v 4193.885 0.200 -4302.093
v 4194.547 0.200 -4303.980
v 4186.380 0.200 -4296.249
v 4185.718 0.200 -4294.362
v 4190.571 0.200 -4292.658
v 4191.234 0.200 -4294.545
v 4192.763 0.050 -4302.314
v 4192.355 0.050 -4294.324
v 4198.055 0.050 -4294.033
v 4198.462 0.050 -4302.023
v 4192.865 0.200 -4304.311
v 4192.763 0.200 -4302.314
v 4198.462 0.200 -4302.023
v 4198.564 0.200 -4304.020
v 4192.355 0.200 -4294.324
v 4192.254 0.200 -4292.326
v 4197.953 0.200 -4292.036
v 4198.055 0.200 -4294.033
v 4198.043 0.050 -4302.022
v 4198.474 0.050 -4294.034
v 4209.016 0.050 -4294.602
v 4208.585 0.050 -4302.590
v 4197.936 0.200 -4304.019
v 4198.043 0.200 -4302.022
v 4208.585 0.200 -4302.590
v 4208.478 0.200 -4304.587
v 4198.474 0.200 -4294.034
v 4198.582 0.200 -4292.037
v 4209.124 0.200 -4292.605
v 4209.016 0.200 -4294.602
v 4197.797 0.200 -4303.970
v 4198.097 0.200 -4303.970
v 4198.097 0.200 -4303.670
v 4197.797 0.200 -4303.670
v 4197.797 8.200 -4303.970
v 4198.097 8.200 -4303.970
v 4198.097 8.200 -4303.670
v 4197.797 8.200 -4303.670
v 4198.421 0.200 -4292.386
v 4198.721 0.200 -4292.386
v 4198.721 0.200 -4292.086
v 4198.421 0.200 -4292.086
v 4198.421 8.200 -4292.386
v 4198.721 8.200 -4292.386
v 4198.721 8.200 -4292.086
v 4198.421 8.200 -4292.086
v 4208.701 0.050 -4302.595
v 4208.900 0.050 -4294.597
v 4220.600 0.050 -4294.888
v 4220.401 0.050 -4302.886
v 4208.652 0.200 -4304.594
v 4208.701 0.200 -4302.595
v 4220.401 0.200 -4302.886
v 4220.351 0.200 -4304.885
v 4208.900 0.200 -4294.597
v 4208.950 0.200 -4292.598
v 4220.649 0.200 -4292.889
v 4220.600 0.200 -4294.888
v 4220.657 0.050 -4302.884
v 4220.343 0.050 -4294.890
v 4227.746 0.050 -4294.599
v 4228.060 0.050 -4302.593
v 4220.736 0.200 -4304.882
v 4220.657 0.200 -4302.884
v 4228.060 0.200 -4302.593
v 4228.139 0.200 -4304.592
v 4220.343 0.200 -4294.890
v 4220.265 0.200 -4292.892
v 4227.668 0.200 -4292.601
v 4227.746 0.200 -4294.599
v 4228.104 0.050 -4302.591
v 4227.702 0.050 -4294.601
v 4244.523 0.050 -4293.756
v 4244.924 0.050 -4301.745
v 4228.204 0.200 -4304.589
v 4228.104 0.200 -4302.591
v 4244.924 0.200 -4301.745
v 4245.025 0.200 -4303.743
v 4227.702 0.200 -4294.601
v 4227.602 0.200 -4292.604
v 4244.422 0.200 -4291.758
v 4244.523 0.200 -4293.756
v 4228.044 0.200 -4304.539
v 4228.344 0.200 -4304.539
v 4228.344 0.200 -4304.239
v 4228.044 0.200 -4304.239
v 4228.044 8.200 -4304.539
v 4228.344 8.200 -4304.539
v 4228.344 8.200 -4304.239
v 4228.044 8.200 -4304.239
v 4227.462 0.200 -4292.954
v 4227.762 0.200 -4292.954
v 4227.762 0.200 -4292.654
v 4227.462 0.200 -4292.654
v 4227.462 8.200 -4292.954
v 4227.762 8.200 -4292.954
v 4227.762 8.200 -4292.654
v 4227.462 8.200 -4292.654
v 4245.032 0.050 -4301.739
v 4244.415 0.050 -4293.762
v 4266.657 0.050 -4292.045
v 4267.273 0.050 -4300.021
v 4245.186 0.200 -4303.733
v 4245.032 0.200 -4301.739
v 4267.273 0.200 -4300.021
v 4267.427 0.200 -4302.015
v 4244.415 0.200 -4293.762
v 4244.261 0.200 -4291.768
v 4266.503 0.200 -4290.051
v 4266.657 0.200 -4292.045
v 4267.694 0.050 -4299.966
v 4266.237 0.050 -4292.100
v 4273.940 0.050 -4290.673
v 4275.397 0.050 -4298.539
v 4268.058 0.200 -4301.932
v 4267.694 0.200 -4299.966
v 4275.397 0.200 -4298.539
v 4275.761 0.200 -4300.505
v 4266.237 0.200 -4292.100
v 4265.872 0.200 -4290.133
v 4273.576 0.200 -4288.706
v 4273.940 0.200 -4290.673
v 4267.872 0.200 -4301.886
v 4268.172 0.200 -4301.886
v 4268.172 0.200 -4301.586
v 4267.872 0.200 -4301.586
v 4267.872 8.200 -4301.886
v 4268.172 8.200 -4301.886
v 4268.172 8.200 -4301.586
v 4267.872 8.200 -4301.586
v 4265.759 0.200 -4290.480
v 4266.059 0.200 -4290.480
v 4266.059 0.200 -4290.180
v 4265.759 0.200 -4290.180
v 4265.759 8.200 -4290.480
v 4266.059 8.200 -4290.480
v 4266.059 8.200 -4290.180
v 4265.759 8.200 -4290.180
v 3891.047 0.050 -4280.415
v 3898.334 0.050 -4283.717
v 3893.425 0.050 -4294.552
v 3886.138 0.050 -4291.250
v 3889.225 0.200 -4279.590
v 3891.047 0.200 -4280.415
v 3886.138 0.200 -4291.250
v 3884.316 0.200 -4290.425
v 3898.334 0.200 -4283.717
v 3900.156 0.200 -4284.542
v 3895.247 0.200 -4295.377
v 3893.425 0.200 -4294.552
v 3885.935 0.050 -4291.802
v 3893.627 0.050 -4294.000
v 3890.778 0.050 -4303.976
v 3883.085 0.050 -4301.779
v 3884.012 0.200 -4291.253
v 3885.935 0.200 -4291.802
v 3883.085 0.200 -4301.779
v 3881.162 0.200 -4301.229
v 3893.627 0.200 -4294.000
v 3895.551 0.200 -4294.549
v 3892.701 0.200 -4304.525
v 3890.778 0.200 -4303.976
v 3883.055 0.050 -4301.890
v 3890.808 0.050 -4303.865
v 3886.811 0.050 -4319.550
v 3879.059 0.050 -4317.574
v 3881.117 0.200 -4301.396
v 3883.055 0.200 -4301.890
v 3879.059 0.200 -4317.574
v 3877.121 0.200 -4317.081
v 3890.808 0.200 -4303.865
v 3892.746 0.200 -4304.359
v 3888.749 0.200 -4320.043
v 3886.811 0.200 -4319.550
v 3881.161 0.200 -4301.595
v 3881.461 0.200 -4301.595
v 3881.461 0.200 -4301.295
v 3881.161 0.200 -4301.295
v 3881.161 8.200 -4301.595
v 3881.461 8.200 -4301.595
v 3881.461 8.200 -4301.295
v 3881.161 8.200 -4301.295
v 3892.402 0.200 -4304.459
v 3892.702 0.200 -4304.459
v 3892.702 0.200 -4304.159
v 3892.402 0.200 -4304.159
v 3892.402 8.200 -4304.459
v 3892.702 8.200 -4304.459
v 3892.702 8.200 -4304.159
v 3892.402 8.200 -4304.159
v 3878.975 0.050 -4317.996
v 3886.895 0.050 -4319.128
v 3885.470 0.050 -4329.104
v 3877.550 0.050 -4327.973
v 3876.995 0.200 -4317.714
v 3878.975 0.200 -4317.996
v 3877.550 0.200 -4327.973
v 3875.571 0.200 -4327.690
v 3886.895 0.200 -4319.128
v 3888.875 0.200 -4319.410
v 3887.450 0.200 -4329.387
v 3885.470 0.200 -4329.104
v 3877.561 0.050 -4327.902
v 3885.459 0.050 -4329.175
v 3884.034 0.050 -4338.015
v 3876.136 0.050 -4336.742
v 3875.587 0.200 -4327.584
v 3877.561 0.200 -4327.902
v 3876.136 0.200 -4336.742
v 3874.162 0.200 -4336.424
v 3885.459 0.200 -4329.175
v 3887.434 0.200 -4329.493
v 3886.009 0.200 -4338.333
v 3884.034 0.200 -4338.015
v 3876.085 0.050 -4337.378
v 3884.085 0.050 -4337.378
v 3884.085 0.050 -4343.642
v 3876.085 0.050 -4343.642
v 3874.085 0.200 -4337.378
v 3876.085 0.200 -4337.378
v 3876.085 0.200 -4343.642
v 3874.085 0.200 -4343.642
v 3884.085 0.200 -4337.378
v 3886.085 0.200 -4337.378
v 3886.085 0.200 -4343.642
v 3884.085 0.200 -4343.642
v 3876.443 0.050 -4345.295
v 3883.728 0.050 -4341.988
v 3886.577 0.050 -4348.264
v 3879.293 0.050 -4351.572
v 3874.622 0.200 -4346.122
v 3876.443 0.200 -4345.295
v 3879.293 0.200 -4351.572
v 3877.472 0.200 -4352.399
v 3883.728 0.200 -4341.988
v 3885.549 0.200 -4341.161
v 3888.398 0.200 -4347.438
v 3886.577 0.200 -4348.264
v 3874.654 0.200 -4346.189
v 3874.954 0.200 -4346.189
v 3874.954 0.200 -4345.889
v 3874.654 0.200 -4345.889
v 3874.654 8.200 -4346.189
v 3874.954 8.200 -4346.189
v 3874.954 8.200 -4345.889
v 3874.654 8.200 -4345.889
v 3885.217 0.200 -4341.394
v 3885.517 0.200 -4341.394
v 3885.517 0.200 -4341.094
v 3885.217 0.200 -4341.094
v 3885.217 8.200 -4341.394
v 3885.517 8.200 -4341.394
v 3885.517 8.200 -4341.094
v 3885.217 8.200 -4341.094
v 3879.653 0.050 -4352.205
v 3886.217 0.050 -4347.631
v 3892.774 0.050 -4357.039
v 3886.210 0.050 -4361.613
v 3878.013 0.200 -4353.349
v 3879.653 0.200 -4352.205
v 3886.210 0.200 -4361.613
v 3884.569 0.200 -4362.757
v 3886.217 0.200 -4347.631
v 3887.858 0.200 -4346.488
v 3894.414 0.200 -4355.896
v 3892.774 0.200 -4357.039
v 3886.166 0.050 -4361.548
v 3892.818 0.050 -4357.104
v 3898.529 0.050 -4365.654
v 3891.876 0.050 -4370.097
v 3884.503 0.200 -4362.659
v 3886.166 0.200 -4361.548
v 3891.876 0.200 -4370.097
v 3890.213 0.200 -4371.208
v 3892.818 0.200 -4357.104
v 3894.481 0.200 -4355.994
v 3900.192 0.200 -4364.543
v 3898.529 0.200 -4365.654
v 3891.726 0.050 -4369.854
v 3898.679 0.050 -4365.897
v 3900.950 0.050 -4369.888
v 3893.997 0.050 -4373.844
v 3889.988 0.200 -4370.843
v 3891.726 0.200 -4369.854
v 3893.997 0.200 -4373.844
v 3892.259 0.200 -4374.834
v 3898.679 0.200 -4365.897
v 3900.417 0.200 -4364.908
v 3902.688 0.200 -4368.899
v 3900.950 0.200 -4369.888
v 3893.628 0.050 -4372.967
v 3901.319 0.050 -4370.765
v 3902.465 0.050 -4374.769
v 3894.775 0.050 -4376.971
v 3891.705 0.200 -4373.518
v 3893.628 0.200 -4372.967
v 3894.775 0.200 -4376.971
v 3892.852 0.200 -4377.522
v 3901.319 0.200 -4370.765
v 3903.242 0.200 -4370.214
v 3904.388 0.200 -4374.218
v 3902.465 0.200 -4374.769
v 3891.748 0.200 -4373.613
v 3892.048 0.200 -4373.613
v 3892.048 0.200 -4373.313
v 3891.748 0.200 -4373.313
v 3891.748 8.200 -4373.613
v 3892.048 8.200 -4373.613
v 3892.048 8.200 -4373.313
v 3891.748 8.200 -4373.313
v 3902.899 0.200 -4370.419
v 3903.199 0.200 -4370.419
v 3903.199 0.200 -4370.119
v 3902.899 0.200 -4370.119
v 3902.899 8.200 -4370.419
v 3903.199 8.200 -4370.419
v 3903.199 8.200 -4370.119
v 3902.899 8.200 -4370.119
v 3894.624 0.050 -4375.685
v 3902.616 0.050 -4376.054
v 3902.326 0.050 -4382.318
v 3894.335 0.050 -4381.949
v 3892.626 0.200 -4375.593
v 3894.624 0.200 -4375.685
v 3894.335 0.200 -4381.949
v 3892.337 0.200 -4381.856
v 3902.616 0.200 -4376.054
v 3904.614 0.200 -4376.147
v 3904.324 0.200 -4382.410
v 3902.326 0.200 -4382.318
v 3894.752 0.050 -4380.346
v 3901.909 0.050 -4383.920
v 3899.060 0.050 -4389.628
v 3891.902 0.050 -4386.055
v 3892.962 0.200 -4379.453
v 3894.752 0.200 -4380.346
v 3891.902 0.200 -4386.055
v 3890.113 0.200 -4385.162
v 3901.909 0.200 -4383.920
v 3903.699 0.200 -4384.813
v 3900.849 0.200 -4390.521
v 3899.060 0.200 -4389.628
v 3893.009 0.050 -4384.696
v 3897.952 0.050 -4390.987
v 3893.967 0.050 -4394.118
v 3889.024 0.050 -4387.828
v 3891.774 0.200 -4383.124
v 3893.009 0.200 -4384.696
v 3889.024 0.200 -4387.828
v 3887.788 0.200 -4386.255
v 3897.952 0.200 -4390.987
v 3899.188 0.200 -4392.559
v 3895.203 0.200 -4395.691
v 3893.967 0.200 -4394.118
v 3889.412 0.050 -4387.559
v 3893.579 0.050 -4394.388
v 3888.447 0.050 -4397.519
v 3884.280 0.050 -4390.690
v 3888.370 0.200 -4385.851
v 3889.412 0.200 -4387.559
v 3884.280 0.200 -4390.690
v 3883.238 0.200 -4388.983
v 3893.579 0.200 -4394.388
v 3894.621 0.200 -4396.095
v 3889.489 0.200 -4399.226
v 3888.447 0.200 -4397.519
v 3884.985 0.050 -4390.350
v 3887.742 0.050 -4397.860
v 3883.891 0.050 -4399.274
v 3881.134 0.050 -4391.764
v 3884.296 0.200 -4388.472
v 3884.985 0.200 -4390.350
v 3881.134 0.200 -4391.764
v 3880.445 0.200 -4389.886
v 3887.742 0.200 -4397.860
v 3888.431 0.200 -4399.737
v 3884.580 0.200 -4401.151
v 3883.891 0.200 -4399.274
v 3882.025 0.050 -4391.548
v 3882.999 0.050 -4399.489
v 3868.884 0.050 -4401.220
v 3867.910 0.050 -4393.279
v 3881.782 0.200 -4389.563
v 3882.025 0.200 -4391.548
v 3867.910 0.200 -4393.279
v 3867.667 0.200 -4391.294
v 3882.999 0.200 -4399.489
v 3883.242 0.200 -4401.474
v 3869.127 0.200 -4403.205
v 3868.884 0.200 -4401.220
v 3881.656 0.200 -4389.912
v 3881.956 0.200 -4389.912
v 3881.956 0.200 -4389.612
v 3881.656 0.200 -4389.612
v 3881.656 8.200 -4389.912
v 3881.956 8.200 -4389.912
v 3881.956 8.200 -4389.612
v 3881.656 8.200 -4389.612
v 3883.068 0.200 -4401.426
v 3883.368 0.200 -4401.426
v 3883.368 0.200 -4401.126
v 3883.068 0.200 -4401.126
v 3883.068 8.200 -4401.426
v 3883.368 8.200 -4401.426
v 3883.368 8.200 -4401.126
v 3883.068 8.200 -4401.126
v 3867.934 0.050 -4393.277
v 3868.860 0.050 -4401.223
v 3851.750 0.050 -4403.218
v 3850.824 0.050 -4395.272
v 3867.702 0.200 -4391.290
v 3867.934 0.200 -4393.277
v 3850.824 0.200 -4395.272
v 3850.592 0.200 -4393.285
v 3868.860 0.200 -4401.223
v 3869.092 0.200 -4403.209
v 3851.982 0.200 -4405.205
v 3851.750 0.200 -4403.218
v 3850.864 0.050 -4395.267
v 3851.710 0.050 -4403.223
v 3830.337 0.050 -4405.495
v 3829.491 0.050 -4397.540
v 3850.653 0.200 -4393.279
v 3850.864 0.200 -4395.267
v 3829.491 0.200 -4397.540
v 3829.279 0.200 -4395.551
v 3851.710 0.200 -4403.223
v 3851.921 0.200 -4405.211
v 3830.548 0.200 -4407.484
v 3830.337 0.200 -4405.495
v 3850.524 0.200 -4393.627
v 3850.824 0.200 -4393.627
v 3850.824 0.200 -4393.327
v 3850.524 0.200 -4393.327
v 3850.524 8.200 -4393.627
v 3850.824 8.200 -4393.627
v 3850.824 8.200 -4393.327
v 3850.524 8.200 -4393.327
v 3851.750 0.200 -4405.162
v 3852.050 0.200 -4405.162
v 3852.050 0.200 -4404.862
v 3851.750 0.200 -4404.862
v 3851.750 8.200 -4405.162
v 3852.050 8.200 -4405.162
v 3852.050 8.200 -4404.862
v 3851.750 8.200 -4404.862
v 3829.146 0.050 -4397.592
v 3830.681 0.050 -4405.443
v 3818.993 0.050 -4407.729
v 3817.457 0.050 -4399.878
v 3828.762 0.200 -4395.629
v 3829.146 0.200 -4397.592
v 3817.457 0.200 -4399.878
v 3817.074 0.200 -4397.915
v 3830.681 0.200 -4405.443
v 3831.065 0.200 -4407.406
v 3819.377 0.200 -4409.692
v 3818.993 0.200 -4407.729
v 3817.387 0.050 -4399.892
v 3819.063 0.050 -4407.715
v 3803.089 0.050 -4411.137
v 3801.413 0.050 -4403.315
v 3816.968 0.200 -4397.937
v 3817.387 0.200 -4399.892
v 3801.413 0.200 -4403.315
v 3800.994 0.200 -4401.359
v 3819.063 0.200 -4407.715
v 3819.482 0.200 -4409.671
v 3803.508 0.200 -4413.093
v 3803.089 0.200 -4411.137
v 3801.582 0.050 -4403.282
v 3802.920 0.050 -4411.170
v 3787.814 0.050 -4413.733
v 3786.476 0.050 -4405.846
v 3801.247 0.200 -4401.311
v 3801.582 0.200 -4403.282
v 3786.476 0.200 -4405.846
v 3786.141 0.200 -4403.874
v 3802.920 0.200 -4411.170
v 3803.255 0.200 -4413.141
v 3788.149 0.200 -4415.705
v 3787.814 0.200 -4413.733
v 3801.130 0.200 -4401.658
v 3801.430 0.200 -4401.658
v 3801.430 0.200 -4401.358
v 3801.130 0.200 -4401.358
v 3801.130 8.200 -4401.658
v 3801.430 8.200 -4401.658
v 3801.430 8.200 -4401.358
v 3801.130 8.200 -4401.358
v 3803.071 0.200 -4413.094
v 3803.371 0.200 -4413.094
v 3803.371 0.200 -4412.794
v 3803.071 0.200 -4412.794
v 3803.071 8.200 -4413.094
v 3803.371 8.200 -4413.094
v 3803.371 8.200 -4412.794
v 3803.071 8.200 -4412.794
v 3787.072 0.050 -4405.790
v 3787.218 0.050 -4413.789
v 3771.254 0.050 -4414.080
v 3771.109 0.050 -4406.081
v 3787.035 0.200 -4403.791
v 3787.072 0.200 -4405.790
v 3771.109 0.200 -4406.081
v 3771.072 0.200 -4404.081
v 3787.218 0.200 -4413.789
v 3787.254 0.200 -4415.789
v 3771.291 0.200 -4416.079
v 3771.254 0.200 -4414.080
v 3771.182 0.050 -4406.080
v 3771.182 0.050 -4414.080
v 3759.771 0.050 -4414.080
v 3759.771 0.050 -4406.080
v 3771.182 0.200 -4404.080
v 3771.182 0.200 -4406.080
v 3759.771 0.200 -4406.080
v 3759.771 0.200 -4404.080
v 3771.182 0.200 -4414.080
v 3771.182 0.200 -4416.080
v 3759.771 0.200 -4416.080
v 3759.771 0.200 -4414.080
v 3760.509 0.050 -4406.149
v 3759.034 0.050 -4414.012
v 3740.789 0.050 -4410.589
v 3742.263 0.050 -4402.726
v 3760.877 0.200 -4404.183
v 3760.509 0.200 -4406.149
v 3742.263 0.200 -4402.726
v 3742.632 0.200 -4400.761
v 3759.034 0.200 -4414.012
v 3758.665 0.200 -4415.977
v 3740.420 0.200 -4412.555
v 3740.789 0.200 -4410.589
v 3760.691 0.200 -4404.530
v 3760.991 0.200 -4404.530
v 3760.991 0.200 -4404.230
v 3760.691 0.200 -4404.230
v 3760.691 8.200 -4404.530
v 3760.991 8.200 -4404.530
v 3760.991 8.200 -4404.230
v 3760.691 8.200 -4404.230
v 3758.552 0.200 -4415.931
v 3758.852 0.200 -4415.931
v 3758.852 0.200 -4415.631
v 3758.552 0.200 -4415.631
v 3758.552 8.200 -4415.931
v 3758.852 8.200 -4415.931
v 3758.852 8.200 -4415.631
v 3758.552 8.200 -4415.631
v 3742.539 0.050 -4402.788
v 3740.513 0.050 -4410.527
v 3721.989 0.050 -4405.678
v 3724.016 0.050 -4397.939
v 3743.046 0.200 -4400.853
v 3742.539 0.200 -4402.788
v 3724.016 0.200 -4397.939
v 3724.522 0.200 -4396.004
v 3740.513 0.200 -4410.527
v 3740.006 0.200 -4412.462
v 3721.483 0.200 -4407.613
v 3721.989 0.200 -4405.678
v 3723.849 0.050 -4397.899
v 3722.156 0.050 -4405.718
v 3711.603 0.050 -4403.432
v 3713.296 0.050 -4395.613
v 3724.273 0.200 -4395.944
v 3723.849 0.200 -4397.899
v 3713.296 0.200 -4395.613
v 3713.720 0.200 -4393.658
v 3722.156 0.200 -4405.718
v 3721.732 0.200 -4407.672
v 3711.179 0.200 -4405.386
v 3711.603 0.200 -4403.432
v 3712.210 0.050 -4395.530
v 3712.689 0.050 -4403.515
v 3707.847 0.050 -4403.806
v 3707.367 0.050 -4395.820
v 3712.090 0.200 -4393.533
v 3712.210 0.200 -4395.530
v 3707.367 0.200 -4395.820
v 3707.247 0.200 -4393.824
v 3712.689 0.200 -4403.515
v 3712.809 0.200 -4405.512
v 3707.967 0.200 -4405.802
v 3707.847 0.200 -4403.806
v 3711.952 0.200 -4393.883
v 3712.252 0.200 -4393.883
v 3712.252 0.200 -4393.583
v 3711.952 0.200 -4393.583
v 3711.952 8.200 -4393.883
v 3712.252 8.200 -4393.883
v 3712.252 8.200 -4393.583
v 3711.952 8.200 -4393.583
v 3712.647 0.200 -4405.462
v 3712.947 0.200 -4405.462
v 3712.947 0.200 -4405.162
v 3712.647 0.200 -4405.162
v 3712.647 8.200 -4405.462
v 3712.947 8.200 -4405.462
v 3712.947 8.200 -4405.162
v 3712.647 8.200 -4405.162
v 3703.710 0.050 -4398.910
v 3711.504 0.050 -4400.716
v 3710.647 0.050 -4404.416
v 3702.853 0.050 -4402.610
v 3701.762 0.200 -4398.459
v 3703.710 0.200 -4398.910
v 3702.853 0.200 -4402.610
v 3700.905 0.200 -4402.159
v 3711.504 0.200 -4400.716
v 3713.452 0.200 -4401.167
v 3712.595 0.200 -4404.867
v 3710.647 0.200 -4404.416
v 3702.953 0.050 -4404.773
v 3710.546 0.050 -4402.253
v 3711.682 0.050 -4405.676
v 3704.089 0.050 -4408.195
v 3701.055 0.200 -4405.402
v 3702.953 0.200 -4404.773
v 3704.089 0.200 -4408.195
v 3702.191 0.200 -4408.825
v 3710.546 0.200 -4402.253
v 3712.445 0.200 -4401.624
v 3713.580 0.200 -4405.046
v 3711.682 0.200 -4405.676
v 3704.456 0.050 -4408.995
v 3711.314 0.050 -4404.876
v 3713.886 0.050 -4409.157
v 3707.028 0.050 -4413.276
v 3702.742 0.200 -4410.025
v 3704.456 0.200 -4408.995
v 3707.028 0.200 -4413.276
v 3705.313 0.200 -4414.306
v 3711.314 0.200 -4404.876
v 3713.029 0.200 -4403.846
v 3715.600 0.200 -4408.127
v 3713.886 0.200 -4409.157
v 3706.740 0.050 -4412.695
v 3714.173 0.050 -4409.738
v 3715.877 0.050 -4414.019
v 3708.443 0.050 -4416.976
v 3704.882 0.200 -4413.435
v 3706.740 0.200 -4412.695
v 3708.443 0.200 -4416.976
v 3706.585 0.200 -4417.716
v 3714.173 0.200 -4409.738
v 3716.032 0.200 -4408.999
v 3717.735 0.200 -4413.280
v 3715.877 0.200 -4414.019
v 3708.180 0.050 -4415.902
v 3716.139 0.050 -4415.093
v 3716.718 0.050 -4420.789
v 3708.759 0.050 -4421.598
v 3706.191 0.200 -4416.105
v 3708.180 0.200 -4415.902
v 3708.759 0.200 -4421.598
v 3706.770 0.200 -4421.800
v 3716.139 0.200 -4415.093
v 3718.129 0.200 -4414.891
v 3718.708 0.200 -4420.586
v 3716.718 0.200 -4420.789
v 3708.745 0.050 -4421.410
v 3716.733 0.050 -4420.976
v 3717.011 0.050 -4426.103
v 3709.023 0.050 -4426.537
v 3706.748 0.200 -4421.518
v 3708.745 0.200 -4421.410
v 3709.023 0.200 -4426.537
v 3707.026 0.200 -4426.645
v 3716.733 0.200 -4420.976
v 3718.730 0.200 -4420.868
v 3719.008 0.200 -4425.995
v 3717.011 0.200 -4426.103
v 3709.221 0.050 -4425.060
v 3716.814 0.050 -4427.580
v 3715.678 0.050 -4431.002
v 3708.085 0.050 -4428.483
v 3707.322 0.200 -4424.431
v 3709.221 0.200 -4425.060
v 3708.085 0.200 -4428.483
v 3706.187 0.200 -4427.853
v 3716.814 0.200 -4427.580
v 3718.712 0.200 -4428.209
v 3717.576 0.200 -4431.632
v 3715.678 0.200 -4431.002
v 3707.362 0.200 -4424.644
v 3707.662 0.200 -4424.644
v 3707.662 0.200 -4424.344
v 3707.362 0.200 -4424.344
v 3707.362 8.200 -4424.644
v 3707.662 8.200 -4424.644
v 3707.662 8.200 -4424.344
v 3707.362 8.200 -4424.344
v 3718.372 0.200 -4428.296
v 3718.672 0.200 -4428.296
v 3718.672 0.200 -4427.996
v 3718.372 0.200 -4427.996
v 3718.372 8.200 -4428.296
v 3718.672 8.200 -4428.296
v 3718.672 8.200 -4427.996
v 3718.372 8.200 -4427.996
v 3708.304 0.050 -4427.953
v 3715.459 0.050 -4431.532
v 3712.887 0.050 -4436.672
v 3705.733 0.050 -4433.093
v 3706.516 0.200 -4427.058
v 3708.304 0.200 -4427.953
v 3705.733 0.200 -4433.093
v 3703.944 0.200 -4432.198
v 3715.459 0.200 -4431.532
v 3717.248 0.200 -4432.427
v 3714.676 0.200 -4437.567
v 3712.887 0.200 -4436.672
v 3706.746 0.050 -4431.812
v 3711.874 0.050 -4437.953
v 3708.457 0.050 -4440.807
v 3703.329 0.050 -4434.667
v 3705.464 0.200 -4430.277
v 3706.746 0.200 -4431.812
v 3703.329 0.200 -4434.667
v 3702.047 0.200 -4433.132
v 3711.874 0.200 -4437.953
v 3713.156 0.200 -4439.488
v 3709.739 0.200 -4442.342
v 3708.457 0.200 -4440.807
v 3704.411 0.050 -4434.021
v 3707.374 0.050 -4441.452
v 3703.100 0.050 -4443.157
v 3700.136 0.050 -4435.726
v 3703.670 0.200 -4432.163
v 3704.411 0.200 -4434.021
v 3700.136 0.200 -4435.726
v 3699.396 0.200 -4433.868
v 3707.374 0.200 -4441.452
v 3708.115 0.200 -4443.310
v 3703.840 0.200 -4445.015
v 3703.100 0.200 -4443.157
v 3701.012 0.050 -4435.487
v 3702.224 0.050 -4443.395
v 3698.517 0.050 -4443.963
v 3697.305 0.050 -4436.056
v 3700.709 0.200 -4433.511
v 3701.012 0.200 -4435.487
v 3697.305 0.200 -4436.056
v 3697.002 0.200 -4434.079
v 3702.224 0.200 -4443.395
v 3702.527 0.200 -4445.372
v 3698.820 0.200 -4445.940
v 3698.517 0.200 -4443.963
v 3699.218 0.050 -4436.229
v 3696.604 0.050 -4443.790
v 3689.190 0.050 -4441.226
v 3691.804 0.050 -4433.666
v 3699.872 0.200 -4434.339
v 3699.218 0.200 -4436.229
v 3691.804 0.200 -4433.666
v 3692.458 0.200 -4431.775
v 3696.604 0.200 -4443.790
v 3695.950 0.200 -4445.680
v 3688.536 0.200 -4443.117
v 3689.190 0.200 -4441.226
v 3692.030 0.050 -4433.751
v 3688.964 0.050 -4441.141
v 3677.276 0.050 -4436.291
v 3680.341 0.050 -4428.902
v 3692.796 0.200 -4431.904
v 3692.030 0.200 -4433.751
v 3680.341 0.200 -4428.902
v 3681.108 0.200 -4427.055
v 3688.964 0.200 -4441.141
v 3688.198 0.200 -4442.988
v 3676.509 0.200 -4438.138
v 3677.276 0.200 -4436.291
v 3692.570 0.200 -4432.239
v 3692.870 0.200 -4432.239
v 3692.870 0.200 -4431.939
v 3692.570 0.200 -4431.939
v 3692.570 8.200 -4432.239
v 3692.870 8.200 -4432.239
v 3692.870 8.200 -4431.939
v 3692.570 8.200 -4431.939
v 3688.124 0.200 -4442.953
v 3688.424 0.200 -4442.953
v 3688.424 0.200 -4442.653
v 3688.124 0.200 -4442.653
v 3688.124 8.200 -4442.953
v 3688.424 8.200 -4442.953
v 3688.424 8.200 -4442.653
v 3688.124 8.200 -4442.653
v 3680.155 0.050 -4428.830
v 3677.462 0.050 -4436.363
v 3669.480 0.050 -4433.509
v 3672.174 0.050 -4425.976
v 3680.829 0.200 -4426.947
v 3680.155 0.200 -4428.830
v 3672.174 0.200 -4425.976
v 3672.847 0.200 -4424.093
v 3677.462 0.200 -4436.363
v 3676.788 0.200 -4438.246
v 3668.807 0.200 -4435.392
v 3669.480 0.200 -4433.509
v 3671.735 0.050 -4425.847
v 3669.919 0.050 -4433.638
v 3661.359 0.050 -4431.643
v 3663.175 0.050 -4423.851
v 3672.189 0.200 -4423.899
v 3671.735 0.200 -4425.847
v 3663.175 0.200 -4423.851
v 3663.629 0.200 -4421.904
v 3669.919 0.200 -4433.638
v 3669.465 0.200 -4435.586
v 3660.905 0.200 -4433.590
v 3661.359 0.200 -4431.643
v 3663.448 0.050 -4423.926
v 3661.085 0.050 -4431.569
v 3649.118 0.050 -4427.869
v 3651.481 0.050 -4420.226
v 3664.039 0.200 -4422.015
v 3663.448 0.200 -4423.926
v 3651.481 0.200 -4420.226
v 3652.072 0.200 -4418.315
v 3661.085 0.200 -4431.569
v 3660.494 0.200 -4433.479
v 3648.527 0.200 -4429.779
v 3649.118 0.200 -4427.869
v 3651.186 0.050 -4420.147
v 3649.413 0.050 -4427.948
v 3643.135 0.050 -4426.521
v 3644.908 0.050 -4418.720
v 3651.630 0.200 -4418.196
v 3651.186 0.200 -4420.147
v 3644.908 0.200 -4418.720
v 3645.351 0.200 -4416.769
v 3649.413 0.200 -4427.948
v 3648.970 0.200 -4429.898
v 3642.691 0.200 -4428.471
v 3643.135 0.200 -4426.521
v 3651.435 0.200 -4418.541
v 3651.735 0.200 -4418.541
v 3651.735 0.200 -4418.241
v 3651.435 0.200 -4418.241
v 3651.435 8.200 -4418.541
v 3651.735 8.200 -4418.541
v 3651.735 8.200 -4418.241
v 3651.435 8.200 -4418.241
v 3648.864 0.200 -4429.853
v 3649.164 0.200 -4429.853
v 3649.164 0.200 -4429.553
v 3648.864 0.200 -4429.553
v 3648.864 8.200 -4429.853
v 3649.164 8.200 -4429.853
v 3649.164 8.200 -4429.553
v 3648.864 8.200 -4429.553
v 3644.021 0.050 -4418.620
v 3644.021 0.050 -4426.620
v 3634.615 0.050 -4426.620
v 3634.615 0.050 -4418.620
v 3644.021 0.200 -4416.620
v 3644.021 0.200 -4418.620
v 3634.615 0.200 -4418.620
v 3634.615 0.200 -4416.620
v 3644.021 0.200 -4426.620
v 3644.021 0.200 -4428.620
v 3634.615 0.200 -4428.620
v 3634.615 0.200 -4426.620
v 3633.880 0.050 -4418.688
v 3635.350 0.050 -4426.552
v 3626.233 0.050 -4428.257
v 3624.763 0.050 -4420.393
v 3633.512 0.200 -4416.722
v 3633.880 0.200 -4418.688
v 3624.763 0.200 -4420.393
v 3624.395 0.200 -4418.427
v 3635.350 0.200 -4426.552
v 3635.717 0.200 -4428.518
v 3626.600 0.200 -4430.222
v 3626.233 0.200 -4428.257
v 3625.027 0.050 -4420.353
v 3625.969 0.050 -4428.297
v 3609.149 0.050 -4430.292
v 3608.206 0.050 -4422.348
v 3624.791 0.200 -4418.366
v 3625.027 0.200 -4420.353
v 3608.206 0.200 -4422.348
v 3607.971 0.200 -4420.362
v 3625.969 0.200 -4428.297
v 3626.204 0.200 -4430.283
v 3609.384 0.200 -4432.278
v 3609.149 0.200 -4430.292
v 3624.664 0.200 -4418.715
v 3624.964 0.200 -4418.715
v 3624.964 0.200 -4418.415
v 3624.664 0.200 -4418.415
v 3624.664 8.200 -4418.715
v 3624.964 8.200 -4418.715
v 3624.964 8.200 -4418.415
v 3624.664 8.200 -4418.415
v 3626.031 0.200 -4430.234
v 3626.331 0.200 -4430.234
v 3626.331 0.200 -4429.934
v 3626.031 0.200 -4429.934
v 3626.031 8.200 -4430.234
v 3626.331 8.200 -4430.234
v 3626.331 8.200 -4429.934
v 3626.031 8.200 -4429.934
v 3608.573 0.050 -4422.321
v 3608.782 0.050 -4430.319
v 3597.661 0.050 -4430.609
v 3597.452 0.050 -4422.612
v 3608.521 0.200 -4420.322
v 3608.573 0.200 -4422.321
v 3597.452 0.200 -4422.612
v 3597.400 0.200 -4420.613
v 3608.782 0.200 -4430.319
v 3608.834 0.200 -4432.318
v 3597.713 0.200 -4432.609
v 3597.661 0.200 -4430.609
v 3597.214 0.050 -4422.625
v 3597.899 0.050 -4430.596
v 3587.914 0.050 -4431.455
v 3587.228 0.050 -4423.484
v 3597.042 0.200 -4420.633
v 3597.214 0.200 -4422.625
v 3587.228 0.200 -4423.484
v 3587.057 0.200 -4421.492
v 3597.899 0.200 -4430.596
v 3598.071 0.200 -4432.589
v 3588.085 0.200 -4433.447
v 3587.914 0.200 -4431.455
v 3586.924 0.050 -4423.522
v 3588.219 0.050 -4431.417
v 3569.127 0.050 -4434.548
v 3567.832 0.050 -4426.654
v 3586.600 0.200 -4421.549
v 3586.924 0.200 -4423.522
v 3567.832 0.200 -4426.654
v 3567.509 0.200 -4424.680
v 3588.219 0.200 -4431.417
v 3588.542 0.200 -4433.390
v 3569.451 0.200 -4436.522
v 3569.127 0.200 -4434.548
v 3586.482 0.200 -4421.896
v 3586.782 0.200 -4421.896
v 3586.782 0.200 -4421.596
v 3586.482 0.200 -4421.596
v 3586.482 8.200 -4421.896
v 3586.782 8.200 -4421.896
v 3586.782 8.200 -4421.596
v 3586.482 8.200 -4421.596
v 3588.360 0.200 -4433.343
v 3588.660 0.200 -4433.343
v 3588.660 0.200 -4433.043
v 3588.360 0.200 -4433.043
v 3588.360 8.200 -4433.343
v 3588.660 8.200 -4433.343
v 3588.660 8.200 -4433.043
v 3588.360 8.200 -4433.043
v 3567.617 0.050 -4426.695
v 3569.342 0.050 -4434.507
v 3547.379 0.050 -4439.357
v 3545.654 0.050 -4431.545
v 3567.186 0.200 -4424.742
v 3567.617 0.200 -4426.695
v 3545.654 0.200 -4431.545
v 3545.223 0.200 -4429.592
v 3569.342 0.200 -4434.507
v 3569.773 0.200 -4436.460
v 3547.810 0.200 -4441.310
v 3547.379 0.200 -4439.357
v 3545.654 0.050 -4431.545
v 3547.379 0.050 -4439.357
v 3537.149 0.050 -4441.616
v 3535.424 0.050 -4433.804
v 3545.222 0.200 -4429.592
v 3545.654 0.200 -4431.545
v 3535.424 0.200 -4433.804
v 3534.992 0.200 -4431.851
v 3547.379 0.200 -4439.357
v 3547.811 0.200 -4441.309
v 3537.580 0.200 -4443.569
v 3537.149 0.200 -4441.616
v 3545.116 0.200 -4429.937
v 3545.416 0.200 -4429.937
v 3545.416 0.200 -4429.637
v 3545.116 0.200 -4429.637
v 3545.116 8.200 -4429.937
v 3545.416 8.200 -4429.937
v 3545.416 8.200 -4429.637
v 3545.116 8.200 -4429.637
v 3547.617 0.200 -4441.264
v 3547.917 0.200 -4441.264
v 3547.917 0.200 -4440.964
v 3547.617 0.200 -4440.964
v 3547.617 8.200 -4441.264
v 3547.917 8.200 -4441.264
v 3547.917 8.200 -4440.964
v 3547.617 8.200 -4440.964
v 3535.423 0.050 -4433.805
v 3537.150 0.050 -4441.616
v 3520.296 0.050 -4445.342
v 3518.569 0.050 -4437.531
v 3534.991 0.200 -4431.852
v 3535.423 0.200 -4433.805
v 3518.569 0.200 -4437.531
v 3518.137 0.200 -4435.578
v 3537.150 0.200 -4441.616
v 3537.582 0.200 -4443.569
v 3520.728 0.200 -4447.295
v 3520.296 0.200 -4445.342
v 3518.833 0.050 -4437.482
v 3520.032 0.050 -4445.391
v 3510.626 0.050 -4446.818
v 3509.426 0.050 -4438.909
v 3518.533 0.200 -4435.504
v 3518.833 0.200 -4437.482
v 3509.426 0.200 -4438.909
v 3509.126 0.200 -4436.932
v 3520.032 0.200 -4445.391
v 3520.332 0.200 -4447.369
v 3510.926 0.200 -4448.796
v 3510.626 0.200 -4446.818
v 3509.527 0.050 -4438.895
v 3510.525 0.050 -4446.832
v 3503.690 0.050 -4447.691
v 3502.692 0.050 -4439.754
v 3509.278 0.200 -4436.910
v 3509.527 0.200 -4438.895
v 3502.692 0.200 -4439.754
v 3502.443 0.200 -4437.769
v 3510.525 0.200 -4446.832
v 3510.774 0.200 -4448.817
v 3503.939 0.200 -4449.676
v 3503.690 0.200 -4447.691
v 3509.153 0.200 -4437.259
v 3509.453 0.200 -4437.259
v 3509.453 0.200 -4436.959
v 3509.153 0.200 -4436.959
v 3509.153 8.200 -4437.259
v 3509.453 8.200 -4437.259
v 3509.453 8.200 -4436.959
v 3509.153 8.200 -4436.959
v 3510.599 0.200 -4448.768
v 3510.899 0.200 -4448.768
v 3510.899 0.200 -4448.468
v 3510.599 0.200 -4448.468
v 3510.599 8.200 -4448.768
v 3510.899 8.200 -4448.768
v 3510.899 8.200 -4448.468
v 3510.599 8.200 -4448.468
v 3503.516 0.050 -4439.736
v 3502.866 0.050 -4447.709
v 3495.731 0.050 -4447.128
v 3496.380 0.050 -4439.154
v 3503.678 0.200 -4437.742
v 3503.516 0.200 -4439.736
v 3496.380 0.200 -4439.154
v 3496.543 0.200 -4437.161
v 3502.866 0.200 -4447.709
v 3502.704 0.200 -4449.703
v 3495.568 0.200 -4449.121
v 3495.731 0.200 -4447.128
v 3496.522 0.050 -4439.168
v 3495.589 0.050 -4447.114
v 3485.904 0.050 -4445.977
v 3486.837 0.050 -4438.032
v 3496.755 0.200 -4437.182
v 3496.522 0.200 -4439.168
v 3486.837 0.200 -4438.032
v 3487.070 0.200 -4436.046
v 3495.589 0.200 -4447.114
v 3495.356 0.200 -4449.100
v 3485.671 0.200 -4447.964
v 3485.904 0.200 -4445.977
v 3487.906 0.050 -4438.311
v 3484.835 0.050 -4445.698
v 3474.571 0.050 -4441.430
v 3477.643 0.050 -4434.043
v 3488.674 0.200 -4436.465
v 3487.906 0.200 -4438.311
v 3477.643 0.200 -4434.043
v 3478.411 0.200 -4432.197
v 3484.835 0.200 -4445.698
v 3484.067 0.200 -4447.545
v 3473.803 0.200 -4443.277
v 3474.571 0.200 -4441.430
v 3478.326 0.050 -4434.408
v 3473.888 0.050 -4441.065
v 3462.768 0.050 -4433.652
v 3467.205 0.050 -4426.995
v 3479.435 0.200 -4432.744
v 3478.326 0.200 -4434.408
v 3467.205 0.200 -4426.995
v 3468.314 0.200 -4425.331
v 3473.888 0.200 -4441.065
v 3472.779 0.200 -4442.729
v 3461.658 0.200 -4435.316
v 3462.768 0.200 -4433.652
v 3479.174 0.200 -4433.061
v 3479.474 0.200 -4433.061
v 3479.474 0.200 -4432.761
v 3479.174 0.200 -4432.761
v 3479.174 8.200 -4433.061
v 3479.474 8.200 -4433.061
v 3479.474 8.200 -4432.761
v 3479.174 8.200 -4432.761
v 3472.740 0.200 -4442.713
v 3473.040 0.200 -4442.713
v 3473.040 0.200 -4442.413
v 3472.740 0.200 -4442.413
v 3472.740 8.200 -4442.713
v 3473.040 8.200 -4442.713
v 3473.040 8.200 -4442.413
v 3472.740 8.200 -4442.413
v 3466.835 0.050 -4426.777
v 3463.137 0.050 -4433.871
v 3456.013 0.050 -4430.158
v 3459.710 0.050 -4423.064
v 3467.759 0.200 -4425.003
v 3466.835 0.200 -4426.777
v 3459.710 0.200 -4423.064
v 3460.635 0.200 -4421.290
v 3463.137 0.200 -4433.871
v 3462.213 0.200 -4435.644
v 3455.089 0.200 -4431.931
v 3456.013 0.200 -4430.158
v 3459.324 0.050 -4422.888
v 3456.399 0.050 -4430.334
v 3446.981 0.050 -4426.634
v 3449.907 0.050 -4419.188
v 3460.056 0.200 -4421.026
v 3459.324 0.200 -4422.888
v 3449.907 0.200 -4419.188
v 3450.638 0.200 -4417.326
v 3456.399 0.200 -4430.334
v 3455.668 0.200 -4432.195
v 3446.250 0.200 -4428.495
v 3446.981 0.200 -4426.634
v 3449.791 0.050 -4419.144
v 3447.097 0.050 -4426.677
v 3431.134 0.050 -4420.969
v 3433.828 0.050 -4413.436
v 3450.464 0.200 -4417.261
v 3449.791 0.200 -4419.144
v 3433.828 0.200 -4413.436
v 3434.501 0.200 -4411.553
v 3447.097 0.200 -4426.677
v 3446.424 0.200 -4428.560
v 3430.461 0.200 -4422.852
v 3431.134 0.200 -4420.969
v 3450.247 0.200 -4417.599
v 3450.547 0.200 -4417.599
v 3450.547 0.200 -4417.299
v 3450.247 0.200 -4417.299
v 3450.247 8.200 -4417.599
v 3450.547 8.200 -4417.599
v 3450.547 8.200 -4417.299
v 3450.247 8.200 -4417.299
v 3446.341 0.200 -4428.522
v 3446.641 0.200 -4428.522
v 3446.641 0.200 -4428.222
v 3446.341 0.200 -4428.222
v 3446.341 8.200 -4428.522
v 3446.641 8.200 -4428.522
v 3446.641 8.200 -4428.222
v 3446.341 8.200 -4428.222
v 3434.084 0.050 -4413.538
v 3430.877 0.050 -4420.867
v 3417.196 0.050 -4414.881
v 3420.403 0.050 -4407.552
v 3434.886 0.200 -4411.706
v 3434.084 0.200 -4413.538
v 3420.403 0.200 -4407.552
v 3421.205 0.200 -4405.720
v 3430.877 0.200 -4420.867
v 3430.076 0.200 -4422.699
v 3416.395 0.200 -4416.714
v 3417.196 0.200 -4414.881
v 3420.674 0.050 -4407.683
v 3416.926 0.050 -4414.750
v 3398.113 0.050 -4404.774
v 3401.861 0.050 -4397.706
v 3421.611 0.200 -4405.916
v 3420.674 0.200 -4407.683
v 3401.861 0.200 -4397.706
v 3402.798 0.200 -4395.939
v 3416.926 0.200 -4414.750
v 3415.989 0.200 -4416.517
v 3397.176 0.200 -4406.541
v 3398.113 0.200 -4404.774
v 3421.367 0.200 -4406.243
v 3421.667 0.200 -4406.243
v 3421.667 0.200 -4405.943
v 3421.367 0.200 -4405.943
v 3421.367 8.200 -4406.243
v 3421.667 8.200 -4406.243
v 3421.667 8.200 -4405.943
v 3421.367 8.200 -4405.943
v 3415.932 0.200 -4416.491
v 3416.232 0.200 -4416.491
v 3416.232 0.200 -4416.191
v 3415.932 0.200 -4416.191
v 3415.932 8.200 -4416.491
v 3416.232 8.200 -4416.491
v 3416.232 8.200 -4416.191
v 3415.932 8.200 -4416.191
v 3401.561 0.050 -4397.563
v 3398.412 0.050 -4404.917
v 3390.419 0.050 -4401.495
v 3393.568 0.050 -4394.141
v 3402.348 0.200 -4395.725
v 3401.561 0.200 -4397.563
v 3393.568 0.200 -4394.141
v 3394.356 0.200 -4392.302
v 3398.412 0.200 -4404.917
v 3397.625 0.200 -4406.756
v 3389.632 0.200 -4403.334
v 3390.419 0.200 -4401.495
v 3392.372 0.050 -4393.836
v 3391.615 0.050 -4401.800
v 3385.638 0.050 -4401.232
v 3386.395 0.050 -4393.268
v 3392.562 0.200 -4391.845
v 3392.372 0.200 -4393.836
v 3386.395 0.200 -4393.268
v 3386.584 0.200 -4391.277
v 3391.615 0.200 -4401.800
v 3391.426 0.200 -4403.791
v 3385.448 0.200 -4403.223
v 3385.638 0.200 -4401.232
v 3386.290 0.050 -4393.259
v 3385.742 0.050 -4401.240
v 3377.471 0.050 -4400.672
v 3378.019 0.050 -4392.691
v 3386.427 0.200 -4391.264
v 3386.290 0.200 -4393.259
v 3378.019 0.200 -4392.691
v 3378.156 0.200 -4390.696
v 3385.742 0.200 -4401.240
v 3385.605 0.200 -4403.236
v 3377.334 0.200 -4402.667
v 3377.471 0.200 -4400.672
v 3377.111 0.050 -4392.732
v 3378.379 0.050 -4400.631
v 3362.416 0.050 -4403.194
v 3361.148 0.050 -4395.296
v 3376.794 0.200 -4390.757
v 3377.111 0.200 -4392.732
v 3361.148 0.200 -4395.296
v 3360.831 0.200 -4393.321
v 3378.379 0.200 -4400.631
v 3378.696 0.200 -4402.606
v 3362.733 0.200 -4405.169
v 3362.416 0.200 -4403.194
v 3376.675 0.200 -4391.105
v 3376.975 0.200 -4391.105
v 3376.975 0.200 -4390.805
v 3376.675 0.200 -4390.805
v 3376.675 8.200 -4391.105
v 3376.975 8.200 -4391.105
v 3376.975 8.200 -4390.805
v 3376.675 8.200 -4390.805
v 3378.515 0.200 -4402.558
v 3378.815 0.200 -4402.558
v 3378.815 0.200 -4402.258
v 3378.515 0.200 -4402.258
v 3378.515 8.200 -4402.558
v 3378.815 8.200 -4402.558
v 3378.815 8.200 -4402.258
v 3378.515 8.200 -4402.258
v 3361.580 0.050 -4395.250
v 3361.983 0.050 -4403.240
v 3339.452 0.050 -4404.376
v 3339.049 0.050 -4396.386
v 3361.480 0.200 -4393.253
v 3361.580 0.200 -4395.250
v 3339.049 0.200 -4396.386
v 3338.949 0.200 -4394.389
v 3361.983 0.200 -4403.240
v 3362.084 0.200 -4405.237
v 3339.553 0.200 -4406.374
v 3339.452 0.200 -4404.376
v 3338.348 0.050 -4396.485
v 3340.154 0.050 -4404.278
v 3316.777 0.050 -4409.696
v 3314.971 0.050 -4401.902
v 3337.896 0.200 -4394.536
v 3338.348 0.200 -4396.485
v 3314.971 0.200 -4401.902
v 3314.519 0.200 -4399.954
v 3340.154 0.200 -4404.278
v 3340.605 0.200 -4406.226
v 3317.228 0.200 -4411.644
v 3316.777 0.200 -4409.696
v 3337.791 0.200 -4394.881
v 3338.091 0.200 -4394.881
v 3338.091 0.200 -4394.581
v 3337.791 0.200 -4394.581
v 3337.791 8.200 -4394.881
v 3338.091 8.200 -4394.881
v 3338.091 8.200 -4394.581
v 3337.791 8.200 -4394.581
v 3340.410 0.200 -4406.182
v 3340.710 0.200 -4406.182
v 3340.710 0.200 -4405.882
v 3340.410 0.200 -4405.882
v 3340.410 8.200 -4406.182
v 3340.710 8.200 -4406.182
v 3340.710 8.200 -4405.882
v 3340.410 8.200 -4405.882
v 3314.496 0.050 -4402.044
v 3317.252 0.050 -4409.554
v 3303.281 0.050 -4414.681
v 3300.525 0.050 -4407.171
v 3313.807 0.200 -4400.166
v 3314.496 0.200 -4402.044
v 3300.525 0.200 -4407.171
v 3299.836 0.200 -4405.293
v 3317.252 0.200 -4409.554
v 3317.941 0.200 -4411.432
v 3303.970 0.200 -4416.559
v 3303.281 0.200 -4414.681
v 3300.383 0.050 -4407.226
v 3303.424 0.050 -4414.626
v 3271.497 0.050 -4427.747
v 3268.456 0.050 -4420.347
v 3299.622 0.200 -4405.376
v 3300.383 0.200 -4407.226
v 3268.456 0.200 -4420.347
v 3267.696 0.200 -4418.498
v 3303.424 0.200 -4414.626
v 3304.184 0.200 -4416.476
v 3272.257 0.200 -4429.597
v 3271.497 0.200 -4427.747
v 3299.548 0.200 -4405.711
v 3299.848 0.200 -4405.711
v 3299.848 0.200 -4405.411
v 3299.548 0.200 -4405.411
v 3299.548 8.200 -4405.711
v 3299.848 8.200 -4405.711
v 3299.848 8.200 -4405.411
v 3299.548 8.200 -4405.411
v 3303.958 0.200 -4416.441
v 3304.258 0.200 -4416.441
v 3304.258 0.200 -4416.141
v 3303.958 0.200 -4416.141
v 3303.958 8.200 -4416.441
v 3304.258 8.200 -4416.441
v 3304.258 8.200 -4416.141
v 3303.958 8.200 -4416.141
v 3268.812 0.050 -4420.220
v 3271.141 0.050 -4427.874
v 3258.028 0.050 -4431.864
v 3255.699 0.050 -4424.211
v 3268.230 0.200 -4418.307
v 3268.812 0.200 -4420.220
v 3255.699 0.200 -4424.211
v 3255.116 0.200 -4422.298
v 3271.141 0.200 -4427.874
v 3271.723 0.200 -4429.787
v 3258.610 0.200 -4433.778
v 3258.028 0.200 -4431.864
v 3255.725 0.050 -4424.203
v 3258.001 0.050 -4431.872
v 3250.298 0.050 -4434.158
v 3248.022 0.050 -4426.489
v 3255.156 0.200 -4422.286
v 3255.725 0.200 -4424.203
v 3248.022 0.200 -4426.489
v 3247.453 0.200 -4424.572
v 3258.001 0.200 -4431.872
v 3258.570 0.200 -4433.790
v 3250.867 0.200 -4436.076
v 3250.298 0.200 -4434.158
v 3248.156 0.050 -4426.452
v 3250.164 0.050 -4434.196
v 3242.472 0.050 -4436.191
v 3240.463 0.050 -4428.447
v 3247.653 0.200 -4424.516
v 3248.156 0.200 -4426.452
v 3240.463 0.200 -4428.447
v 3239.961 0.200 -4426.511
v 3250.164 0.200 -4434.196
v 3250.666 0.200 -4436.132
v 3242.974 0.200 -4438.127
v 3242.472 0.200 -4436.191
v 3239.308 0.050 -4428.952
v 3243.627 0.050 -4435.686
v 3239.631 0.050 -4438.249
v 3235.312 0.050 -4431.516
v 3238.228 0.200 -4427.269
v 3239.308 0.200 -4428.952
v 3235.312 0.200 -4431.516
v 3234.232 0.200 -4429.832
v 3243.627 0.200 -4435.686
v 3244.707 0.200 -4437.369
v 3240.711 0.200 -4439.933
v 3239.631 0.200 -4438.249
v 3238.186 0.200 -4427.587
v 3238.486 0.200 -4427.587
v 3238.486 0.200 -4427.287
v 3238.186 0.200 -4427.287
v 3238.186 8.200 -4427.587
v 3238.486 8.200 -4427.587
v 3238.486 8.200 -4427.287
v 3238.186 8.200 -4427.287
v 3244.449 0.200 -4437.351
v 3244.749 0.200 -4437.351
v 3244.749 0.200 -4437.051
v 3244.449 0.200 -4437.051
v 3244.449 8.200 -4437.351
v 3244.749 8.200 -4437.351
v 3244.749 8.200 -4437.051
v 3244.449 8.200 -4437.051
v 3234.641 0.050 -4432.056
v 3240.302 0.050 -4437.709
v 3236.316 0.050 -4441.700
v 3230.656 0.050 -4436.047
v 3233.226 0.200 -4430.643
v 3234.641 0.200 -4432.056
v 3230.656 0.200 -4436.047
v 3229.241 0.200 -4434.633
v 3240.302 0.200 -4437.709
v 3241.717 0.200 -4439.122
v 3237.732 0.200 -4443.113
v 3236.316 0.200 -4441.700
v 3230.769 0.050 -4435.938
v 3236.204 0.050 -4441.808
v 3232.207 0.050 -4445.508
v 3226.772 0.050 -4439.638
v 3229.410 0.200 -4434.470
v 3230.769 0.200 -4435.938
v 3226.772 0.200 -4439.638
v 3225.414 0.200 -4438.170
v 3236.204 0.200 -4441.808
v 3237.562 0.200 -4443.276
v 3233.566 0.200 -4446.976
v 3232.207 0.200 -4445.508
v 3227.702 0.050 -4438.995
v 3231.277 0.050 -4446.151
v 3226.145 0.050 -4448.715
v 3222.570 0.050 -4441.558
v 3226.809 0.200 -4437.205
v 3227.702 0.200 -4438.995
v 3222.570 0.200 -4441.558
v 3221.677 0.200 -4439.769
v 3231.277 0.200 -4446.151
v 3232.171 0.200 -4447.941
v 3227.039 0.200 -4450.504
v 3226.145 0.200 -4448.715
v 3223.842 0.050 -4441.170
v 3224.874 0.050 -4449.103
v 3216.035 0.050 -4450.253
v 3215.003 0.050 -4442.319
v 3223.584 0.200 -4439.187
v 3223.842 0.200 -4441.170
v 3215.003 0.200 -4442.319
v 3214.745 0.200 -4440.336
v 3224.874 0.200 -4449.103
v 3225.132 0.200 -4451.086
v 3216.293 0.200 -4452.236
v 3216.035 0.200 -4450.253
v 3215.188 0.050 -4442.300
v 3215.850 0.050 -4450.272
v 3202.169 0.050 -4451.409
v 3201.507 0.050 -4443.436
v 3215.022 0.200 -4440.307
v 3215.188 0.200 -4442.300
v 3201.507 0.200 -4443.436
v 3201.341 0.200 -4441.443
v 3215.850 0.200 -4450.272
v 3216.016 0.200 -4452.265
v 3202.335 0.200 -4453.402
v 3202.169 0.200 -4451.409
v 3214.889 0.200 -4440.656
v 3215.189 0.200 -4440.656
v 3215.189 0.200 -4440.356
v 3214.889 0.200 -4440.356
v 3214.889 8.200 -4440.656
v 3215.189 8.200 -4440.656
v 3215.189 8.200 -4440.356
v 3214.889 8.200 -4440.356
v 3215.849 0.200 -4452.216
v 3216.149 0.200 -4452.216
v 3216.149 0.200 -4451.916
v 3215.849 0.200 -4451.916
v 3215.849 8.200 -4452.216
v 3216.149 8.200 -4452.216
v 3216.149 8.200 -4451.916
v 3215.849 8.200 -4451.916
v 3201.838 0.050 -4443.422
v 3201.838 0.050 -4451.422
v 3187.867 0.050 -4451.422
v 3187.867 0.050 -4443.422
v 3201.838 0.200 -4441.422
v 3201.838 0.200 -4443.422
v 3187.867 0.200 -4443.422
v 3187.867 0.200 -4441.422
v 3201.838 0.200 -4451.422
v 3201.838 0.200 -4453.422
v 3187.867 0.200 -4453.422
v 3187.867 0.200 -4451.422
v 3188.023 0.050 -4443.425
v 3187.712 0.050 -4451.419
v 3180.587 0.050 -4451.142
v 3180.899 0.050 -4443.148
v 3188.101 0.200 -4441.427
v 3188.023 0.200 -4443.425
v 3180.899 0.200 -4443.148
v 3180.976 0.200 -4441.149
v 3187.712 0.200 -4451.419
v 3187.634 0.200 -4453.418
v 3180.509 0.200 -4453.140
v 3180.587 0.200 -4451.142
v 3179.878 0.050 -4443.240
v 3181.608 0.050 -4451.050
v 3176.476 0.050 -4452.187
v 3174.746 0.050 -4444.376
v 3179.446 0.200 -4441.287
v 3179.878 0.200 -4443.240
v 3174.746 0.200 -4444.376
v 3174.314 0.200 -4442.423
v 3181.608 0.200 -4451.050
v 3182.040 0.200 -4453.003
v 3176.908 0.200 -4454.139
v 3176.476 0.200 -4452.187
v 3173.784 0.050 -4444.723
v 3177.438 0.050 -4451.840
v 3166.885 0.050 -4457.257
v 3163.231 0.050 -4450.140
v 3172.871 0.200 -4442.944
v 3173.784 0.200 -4444.723
v 3163.231 0.200 -4450.140
v 3162.318 0.200 -4448.361
v 3177.438 0.200 -4451.840
v 3178.351 0.200 -4453.619
v 3167.798 0.200 -4459.037
v 3166.885 0.200 -4457.257
v 3172.812 0.200 -4443.272
v 3173.112 0.200 -4443.272
v 3173.112 0.200 -4442.972
v 3172.812 0.200 -4442.972
v 3172.812 8.200 -4443.272
v 3173.112 8.200 -4443.272
v 3173.112 8.200 -4442.972
v 3172.812 8.200 -4442.972
v 3178.110 0.200 -4453.591
v 3178.410 0.200 -4453.591
v 3178.410 0.200 -4453.291
v 3178.110 0.200 -4453.291
v 3178.110 8.200 -4453.591
v 3178.410 8.200 -4453.591
v 3178.410 8.200 -4453.291
v 3178.110 8.200 -4453.291
v 3164.640 0.050 -4449.721
v 3165.476 0.050 -4457.677
v 3160.066 0.050 -4458.245
v 3159.230 0.050 -4450.289
v 3164.431 0.200 -4447.732
v 3164.640 0.200 -4449.721
v 3159.230 0.200 -4450.289
v 3159.021 0.200 -4448.300
v 3165.476 0.200 -4457.677
v 3165.685 0.200 -4459.666
v 3160.275 0.200 -4460.234
v 3160.066 0.200 -4458.245
v 3159.788 0.050 -4450.270
v 3159.507 0.050 -4458.265
v 3151.236 0.050 -4457.974
v 3151.517 0.050 -4449.979
v 3159.859 0.200 -4448.271
v 3159.788 0.200 -4450.270
v 3151.517 0.200 -4449.979
v 3151.588 0.200 -4447.980
v 3159.507 0.200 -4458.265
v 3159.437 0.200 -4460.263
v 3151.166 0.200 -4459.973
v 3151.236 0.200 -4457.974
v 3151.619 0.050 -4449.984
v 3151.135 0.050 -4457.969
v 3137.165 0.050 -4457.123
v 3137.648 0.050 -4449.138
v 3151.739 0.200 -4447.987
v 3151.619 0.200 -4449.984
v 3137.648 0.200 -4449.138
v 3137.769 0.200 -4447.142
v 3151.135 0.200 -4457.969
v 3151.014 0.200 -4459.965
v 3137.044 0.200 -4459.120
v 3137.165 0.200 -4457.123
v 3137.563 0.050 -4449.134
v 3137.250 0.050 -4457.128
v 3129.836 0.050 -4456.837
v 3130.149 0.050 -4448.843
v 3137.641 0.200 -4447.135
v 3137.563 0.200 -4449.134
v 3130.149 0.200 -4448.843
v 3130.227 0.200 -4446.845
v 3137.250 0.200 -4457.128
v 3137.171 0.200 -4459.126
v 3129.757 0.200 -4458.835
v 3129.836 0.200 -4456.837
v 3137.484 0.200 -4447.485
v 3137.784 0.200 -4447.485
v 3137.784 0.200 -4447.185
v 3137.484 0.200 -4447.185
v 3137.484 8.200 -4447.485
v 3137.784 8.200 -4447.485
v 3137.784 8.200 -4447.185
v 3137.484 8.200 -4447.185
v 3137.029 0.200 -4459.076
v 3137.329 0.200 -4459.076
v 3137.329 0.200 -4458.776
v 3137.029 0.200 -4458.776
v 3137.029 8.200 -4459.076
v 3137.329 8.200 -4459.076
v 3137.329 8.200 -4458.776
v 3137.029 8.200 -4458.776
v 3130.471 0.050 -4448.869
v 3129.514 0.050 -4456.811
v 3122.389 0.050 -4455.952
v 3123.347 0.050 -4448.010
v 3130.711 0.200 -4446.883
v 3130.471 0.200 -4448.869
v 3123.347 0.200 -4448.010
v 3123.586 0.200 -4446.024
v 3129.514 0.200 -4456.811
v 3129.274 0.200 -4458.797
v 3122.150 0.200 -4457.938
v 3122.389 0.200 -4455.952
v 3124.880 0.050 -4448.524
v 3120.856 0.050 -4455.438
v 3117.427 0.050 -4453.443
v 3121.451 0.050 -4446.529
v 3125.886 0.200 -4446.795
v 3124.880 0.200 -4448.524
v 3121.451 0.200 -4446.529
v 3122.457 0.200 -4444.800
v 3120.856 0.200 -4455.438
v 3119.850 0.200 -4457.167
v 3116.421 0.200 -4455.172
v 3117.427 0.200 -4453.443
v 3122.270 0.050 -4447.159
v 3116.609 0.050 -4452.812
v 3112.624 0.050 -4448.822
v 3118.284 0.050 -4443.169
v 3123.685 0.200 -4445.746
v 3122.270 0.200 -4447.159
v 3118.284 0.200 -4443.169
v 3119.700 0.200 -4441.756
v 3116.609 0.200 -4452.812
v 3115.194 0.200 -4454.226
v 3111.209 0.200 -4450.235
v 3112.624 0.200 -4448.822
v 3118.988 0.050 -4444.121
v 3111.920 0.050 -4447.869
v 3109.349 0.050 -4443.020
v 3116.416 0.050 -4439.272
v 3120.755 0.200 -4443.184
v 3118.988 0.200 -4444.121
v 3116.416 0.200 -4439.272
v 3118.183 0.200 -4438.335
v 3111.920 0.200 -4447.869
v 3110.153 0.200 -4448.806
v 3107.582 0.200 -4443.957
v 3109.349 0.200 -4443.020
v 3116.460 0.050 -4439.356
v 3109.306 0.050 -4442.936
v 3104.174 0.050 -4432.682
v 3111.328 0.050 -4429.102
v 3118.248 0.200 -4438.461
v 3116.460 0.200 -4439.356
v 3111.328 0.200 -4429.102
v 3113.116 0.200 -4428.207
v 3109.306 0.200 -4442.936
v 3107.517 0.200 -4443.831
v 3102.385 0.200 -4433.577
v 3104.174 0.200 -4432.682
v 3117.919 0.200 -4438.700
v 3118.219 0.200 -4438.700
v 3118.219 0.200 -4438.400
v 3117.919 0.200 -4438.400
v 3117.919 8.200 -4438.700
v 3118.219 8.200 -4438.700
v 3118.219 8.200 -4438.400
v 3117.919 8.200 -4438.400
v 3107.546 0.200 -4443.892
v 3107.846 0.200 -4443.892
v 3107.846 0.200 -4443.592
v 3107.546 0.200 -4443.592
v 3107.546 8.200 -4443.892
v 3107.846 8.200 -4443.892
v 3107.846 8.200 -4443.592
v 3107.546 8.200 -4443.592
v 3111.167 0.050 -4428.812
v 3104.334 0.050 -4432.972
v 3093.224 0.050 -4414.724
v 3100.058 0.050 -4410.564
v 3112.876 0.200 -4427.772
v 3111.167 0.200 -4428.812
v 3100.058 0.200 -4410.564
v 3101.766 0.200 -4409.524
v 3104.334 0.200 -4432.972
v 3102.626 0.200 -4434.012
v 3091.516 0.200 -4415.764
v 3093.224 0.200 -4414.724
v 3099.987 0.050 -4410.451
v 3093.296 0.050 -4414.836
v 3087.874 0.050 -4406.565
v 3094.565 0.050 -4402.179
v 3101.659 0.200 -4409.355
v 3099.987 0.200 -4410.451
v 3094.565 0.200 -4402.179
v 3096.238 0.200 -4401.083
v 3093.296 0.200 -4414.836
v 3091.623 0.200 -4415.933
v 3086.202 0.200 -4407.661
v 3087.874 0.200 -4406.565
v 3101.342 0.200 -4409.614
v 3101.642 0.200 -4409.614
v 3101.642 0.200 -4409.314
v 3101.342 0.200 -4409.314
v 3101.342 8.200 -4409.614
v 3101.642 8.200 -4409.614
v 3101.642 8.200 -4409.314
v 3101.342 8.200 -4409.314
v 3091.640 0.200 -4415.973
v 3091.940 0.200 -4415.973
v 3091.940 0.200 -4415.673
v 3091.640 0.200 -4415.673
v 3091.640 8.200 -4415.973
v 3091.940 8.200 -4415.973
v 3091.940 8.200 -4415.673
v 3091.640 8.200 -4415.673
v 3094.394 0.050 -4401.938
v 3088.046 0.050 -4406.806
v 3081.489 0.050 -4398.257
v 3087.837 0.050 -4393.388
v 3095.981 0.200 -4400.721
v 3094.394 0.200 -4401.938
v 3087.837 0.200 -4393.388
v 3089.424 0.200 -4392.171
v 3088.046 0.200 -4406.806
v 3086.459 0.200 -4408.023
v 3079.902 0.200 -4399.474
v 3081.489 0.200 -4398.257
v 3087.492 0.050 -4392.994
v 3081.834 0.050 -4398.651
v 3072.428 0.050 -4389.243
v 3078.085 0.050 -4383.586
v 3088.906 0.200 -4391.580
v 3087.492 0.200 -4392.994
v 3078.085 0.200 -4383.586
v 3079.500 0.200 -4382.172
v 3081.834 0.200 -4398.651
v 3080.420 0.200 -4400.065
v 3071.014 0.200 -4390.657
v 3072.428 0.200 -4389.243
v 3077.793 0.050 -4383.321
v 3072.720 0.050 -4389.507
v 3058.460 0.050 -4377.813
v 3063.533 0.050 -4371.627
v 3079.061 0.200 -4381.775
v 3077.793 0.200 -4383.321
v 3063.533 0.200 -4371.627
v 3064.801 0.200 -4370.081
v 3072.720 0.200 -4389.507
v 3071.452 0.200 -4391.054
v 3057.192 0.200 -4379.360
v 3058.460 0.200 -4377.813
v 3078.784 0.200 -4382.080
v 3079.084 0.200 -4382.080
v 3079.084 0.200 -4381.780
v 3078.784 0.200 -4381.780
v 3078.784 8.200 -4382.080
v 3079.084 8.200 -4382.080
v 3079.084 8.200 -4381.780
v 3078.784 8.200 -4381.780
v 3071.429 0.200 -4391.049
v 3071.729 0.200 -4391.049
v 3071.729 0.200 -4390.749
v 3071.429 0.200 -4390.749
v 3071.429 8.200 -4391.049
v 3071.729 8.200 -4391.049
v 3071.729 8.200 -4390.749
v 3071.429 8.200 -4390.749
v 3063.948 0.050 -4372.020
v 3058.045 0.050 -4377.420
v 3045.789 0.050 -4364.021
v 3051.692 0.050 -4358.622
v 3065.424 0.200 -4370.671
v 3063.948 0.200 -4372.020
v 3051.692 0.200 -4358.622
v 3053.167 0.200 -4357.272
v 3058.045 0.200 -4377.420
v 3056.569 0.200 -4378.770
v 3044.313 0.200 -4365.371
v 3045.789 0.200 -4364.021
v 3052.043 0.050 -4359.065
v 3045.438 0.050 -4363.578
v 3037.456 0.050 -4351.897
v 3044.061 0.050 -4347.384
v 3053.694 0.200 -4357.936
v 3052.043 0.200 -4359.065
v 3044.061 0.200 -4347.384
v 3045.713 0.200 -4346.256
v 3045.438 0.200 -4363.578
v 3043.786 0.200 -4364.707
v 3035.805 0.200 -4353.026
v 3037.456 0.200 -4351.897
v 3053.379 0.200 -4358.199
v 3053.679 0.200 -4358.199
v 3053.679 0.200 -4357.899
v 3053.379 0.200 -4357.899
v 3053.379 8.200 -4358.199
v 3053.679 8.200 -4358.199
v 3053.679 8.200 -4357.899
v 3053.379 8.200 -4357.899
v 3043.801 0.200 -4364.744
v 3044.101 0.200 -4364.744
v 3044.101 0.200 -4364.444
v 3043.801 0.200 -4364.444
v 3043.801 8.200 -4364.744
v 3044.101 8.200 -4364.744
v 3044.101 8.200 -4364.444
v 3043.801 8.200 -4364.444
v 3044.162 0.050 -4347.539
v 3037.355 0.050 -4351.742
v 3031.366 0.050 -4342.043
v 3038.173 0.050 -4337.840
v 3045.864 0.200 -4346.488
v 3044.162 0.200 -4347.539
v 3038.173 0.200 -4337.840
v 3039.875 0.200 -4336.789
v 3037.355 0.200 -4351.742
v 3035.654 0.200 -4352.793
v 3029.665 0.200 -4343.094
v 3031.366 0.200 -4342.043
v 3038.326 0.050 -4338.111
v 3031.213 0.050 -4341.772
v 3026.371 0.050 -4332.364
v 3033.484 0.050 -4328.703
v 3040.105 0.200 -4337.196
v 3038.326 0.200 -4338.111
v 3033.484 0.200 -4328.703
v 3035.262 0.200 -4327.788
v 3031.213 0.200 -4341.772
v 3029.435 0.200 -4342.688
v 3024.592 0.200 -4333.279
v 3026.371 0.200 -4332.364
v 3033.527 0.050 -4328.789
v 3026.328 0.050 -4332.279
v 3022.042 0.050 -4323.439
v 3029.241 0.050 -4319.949
v 3035.326 0.200 -4327.916
v 3033.527 0.200 -4328.789
v 3029.241 0.200 -4319.949
v 3031.040 0.200 -4319.076
v 3026.328 0.200 -4332.279
v 3024.528 0.200 -4333.151
v 3020.243 0.200 -4324.311
v 3022.042 0.200 -4323.439
v 3034.996 0.200 -4328.153
v 3035.296 0.200 -4328.153
v 3035.296 0.200 -4327.853
v 3034.996 0.200 -4327.853
v 3034.996 8.200 -4328.153
v 3035.296 8.200 -4328.153
v 3035.296 8.200 -4327.853
v 3034.996 8.200 -4327.853
v 3024.558 0.200 -4333.214
v 3024.858 0.200 -4333.214
v 3024.858 0.200 -4332.914
v 3024.558 0.200 -4332.914
v 3024.558 8.200 -4333.214
v 3024.858 8.200 -4333.214
v 3024.858 8.200 -4332.914
v 3024.558 8.200 -4332.914
v 3029.564 0.050 -4320.909
v 3021.719 0.050 -4322.478
v 3020.294 0.050 -4315.356
v 3028.139 0.050 -4313.787
v 3031.525 0.200 -4320.517
v 3029.564 0.200 -4320.909
v 3028.139 0.200 -4313.787
v 3030.100 0.200 -4313.394
v 3021.719 0.200 -4322.478
v 3019.758 0.200 -4322.871
v 3018.333 0.200 -4315.749
v 3020.294 0.200 -4315.356
v 3028.103 0.050 -4313.626
v 3020.330 0.050 -4315.517
v 3016.567 0.050 -4300.043
v 3024.341 0.050 -4298.153
v 3030.047 0.200 -4313.154
v 3028.103 0.200 -4313.626
v 3024.341 0.200 -4298.153
v 3026.284 0.200 -4297.681
v 3020.330 0.200 -4315.517
v 3018.387 0.200 -4315.989
v 3014.624 0.200 -4300.516
v 3016.567 0.200 -4300.043
v 3894.028 0.050 -4424.895
v 3886.270 0.050 -4426.847
v 3878.633 0.050 -4396.495
v 3886.391 0.050 -4394.543
v 3895.967 0.200 -4424.407
v 3894.028 0.200 -4424.895
v 3886.391 0.200 -4394.543
v 3888.331 0.200 -4394.055
v 3886.270 0.200 -4426.847
v 3884.330 0.200 -4427.335
v 3876.693 0.200 -4396.983
v 3878.633 0.200 -4396.495
v 3895.623 0.200 -4424.606
v 3895.923 0.200 -4424.606
v 3895.923 0.200 -4424.306
v 3895.623 0.200 -4424.306
v 3895.623 8.200 -4424.606
v 3895.923 8.200 -4424.606
v 3895.923 8.200 -4424.306
v 3895.623 8.200 -4424.306
v 3884.374 0.200 -4427.436
v 3884.674 0.200 -4427.436
v 3884.674 0.200 -4427.136
v 3884.374 0.200 -4427.136
v 3884.374 8.200 -4427.436
v 3884.674 8.200 -4427.436
v 3884.674 8.200 -4427.136
v 3884.374 8.200 -4427.136
v 3697.844 0.050 -4440.768
v 3705.392 0.050 -4438.115
v 3710.802 0.050 -4453.509
v 3703.254 0.050 -4456.162
v 3695.957 0.200 -4441.431
v 3697.844 0.200 -4440.768
v 3703.254 0.200 -4456.162
v 3701.367 0.200 -4456.825
v 3705.392 0.200 -4438.115
v 3707.279 0.200 -4437.452
v 3712.689 0.200 -4452.846
v 3710.802 0.200 -4453.509
v 3703.168 0.050 -4455.883
v 3710.888 0.050 -4453.788
v 3717.657 0.050 -4478.722
v 3709.936 0.050 -4480.818
v 3701.238 0.200 -4456.407
v 3703.168 0.200 -4455.883
v 3709.936 0.200 -4480.818
v 3708.006 0.200 -4481.342
v 3710.888 0.200 -4453.788
v 3712.819 0.200 -4453.264
v 3719.587 0.200 -4478.198
v 3717.657 0.200 -4478.722
v 3701.281 0.200 -4456.505
v 3701.581 0.200 -4456.505
v 3701.581 0.200 -4456.205
v 3701.281 0.200 -4456.205
v 3701.281 8.200 -4456.505
v 3701.581 8.200 -4456.505
v 3701.581 8.200 -4456.205
v 3701.281 8.200 -4456.205
v 3712.476 0.200 -4453.466
v 3712.776 0.200 -4453.466
v 3712.776 0.200 -4453.166
v 3712.476 0.200 -4453.166
v 3712.476 8.200 -4453.466
v 3712.776 8.200 -4453.466
v 3712.776 8.200 -4453.166
v 3712.476 8.200 -4453.166
v 3351.475 0.050 -4451.027
v 3356.682 0.050 -4444.954
v 3366.668 0.050 -4453.517
v 3361.460 0.050 -4459.590
v 3350.173 0.200 -4452.545
v 3351.475 0.200 -4451.027
v 3361.460 0.200 -4459.590
v 3360.158 0.200 -4461.108
v 3356.682 0.200 -4444.954
v 3357.984 0.200 -4443.436
v 3367.970 0.200 -4451.998
v 3366.668 0.200 -4453.517
v 3362.474 0.050 -4460.223
v 3365.654 0.050 -4452.883
v 3372.211 0.050 -4455.724
v 3369.030 0.050 -4463.064
v 3361.678 0.200 -4462.059
v 3362.474 0.200 -4460.223
v 3369.030 0.200 -4463.064
v 3368.235 0.200 -4464.900
v 3365.654 0.200 -4452.883
v 3366.449 0.200 -4451.048
v 3373.006 0.200 -4453.889
v 3372.211 0.200 -4455.724
v 3370.621 0.050 -4463.394
v 3370.621 0.050 -4455.394
v 3377.177 0.050 -4455.394
v 3377.177 0.050 -4463.394
v 3370.621 0.200 -4465.394
v 3370.621 0.200 -4463.394
v 3377.177 0.200 -4463.394
v 3377.177 0.200 -4465.394
v 3370.621 0.200 -4455.394
v 3370.621 0.200 -4453.394
v 3377.177 0.200 -4453.394
v 3377.177 0.200 -4455.394
v 3377.382 0.050 -4463.389
v 3376.972 0.050 -4455.399
v 3382.383 0.050 -4455.122
v 3382.792 0.050 -4463.111
v 3377.485 0.200 -4465.386
v 3377.382 0.200 -4463.389
v 3382.792 0.200 -4463.111
v 3382.895 0.200 -4465.109
v 3376.972 0.200 -4455.399
v 3376.870 0.200 -4453.402
v 3382.280 0.200 -4453.125
v 3382.383 0.200 -4455.122
v 3377.324 0.200 -4465.337
v 3377.624 0.200 -4465.337
v 3377.624 0.200 -4465.037
v 3377.324 0.200 -4465.037
v 3377.324 8.200 -4465.337
v 3377.624 8.200 -4465.337
v 3377.624 8.200 -4465.037
v 3377.324 8.200 -4465.037
v 3376.730 0.200 -4453.752
v 3377.030 0.200 -4453.752
v 3377.030 0.200 -4453.452
v 3376.730 0.200 -4453.452
v 3376.730 8.200 -4453.752
v 3377.030 8.200 -4453.752
v 3377.030 8.200 -4453.452
v 3376.730 8.200 -4453.452
v 3382.587 0.050 -4463.117
v 3382.587 0.050 -4455.117
v 3386.294 0.050 -4455.117
v 3386.294 0.050 -4463.117
v 3382.587 0.200 -4465.117
v 3382.587 0.200 -4463.117
v 3386.294 0.200 -4463.117
v 3386.294 0.200 -4465.117
v 3382.587 0.200 -4455.117
v 3382.587 0.200 -4453.117
v 3386.294 0.200 -4453.117
v 3386.294 0.200 -4455.117
v 3384.584 0.050 -4462.733
v 3388.004 0.050 -4455.501
v 3393.426 0.050 -4458.064
v 3390.006 0.050 -4465.296
v 3383.730 0.200 -4464.541
v 3384.584 0.200 -4462.733
v 3390.006 0.200 -4465.296
v 3389.151 0.200 -4467.104
v 3388.004 0.200 -4455.501
v 3388.859 0.200 -4453.692
v 3394.280 0.200 -4456.256
v 3393.426 0.200 -4458.064
v 3389.389 0.050 -4464.934
v 3394.042 0.050 -4458.426
v 3400.031 0.050 -4462.707
v 3395.378 0.050 -4469.215
v 3388.226 0.200 -4466.561
v 3389.389 0.200 -4464.934
v 3395.378 0.200 -4469.215
v 3394.215 0.200 -4470.842
v 3394.042 0.200 -4458.426
v 3395.205 0.200 -4456.799
v 3401.194 0.200 -4461.080
v 3400.031 0.200 -4462.707
v 3395.701 0.050 -4469.423
v 3399.709 0.050 -4462.500
v 3405.119 0.050 -4465.631
v 3401.111 0.050 -4472.555
v 3394.699 0.200 -4471.154
v 3395.701 0.200 -4469.423
v 3401.111 0.200 -4472.555
v 3400.109 0.200 -4474.286
v 3399.709 0.200 -4462.500
v 3400.710 0.200 -4460.769
v 3406.121 0.200 -4463.900
v 3405.119 0.200 -4465.631
v 3401.251 0.050 -4472.633
v 3404.978 0.050 -4465.554
v 3410.399 0.050 -4468.408
v 3406.673 0.050 -4475.487
v 3400.320 0.200 -4474.402
v 3401.251 0.200 -4472.633
v 3406.673 0.200 -4475.487
v 3405.741 0.200 -4477.256
v 3404.978 0.200 -4465.554
v 3405.910 0.200 -4463.784
v 3411.331 0.200 -4466.638
v 3410.399 0.200 -4468.408
v 3408.740 0.050 -4475.942
v 3408.332 0.050 -4467.952
v 3414.032 0.050 -4467.662
v 3414.439 0.050 -4475.651
v 3408.842 0.200 -4477.939
v 3408.740 0.200 -4475.942
v 3414.439 0.200 -4475.651
v 3414.541 0.200 -4477.649
v 3408.332 0.200 -4467.952
v 3408.230 0.200 -4465.955
v 3413.930 0.200 -4465.664
v 3414.032 0.200 -4467.662
v 3408.681 0.200 -4477.890
v 3408.981 0.200 -4477.890
v 3408.981 0.200 -4477.590
v 3408.681 0.200 -4477.590
v 3408.681 8.200 -4477.890
v 3408.981 8.200 -4477.890
v 3408.981 8.200 -4477.590
v 3408.681 8.200 -4477.590
v 3408.091 0.200 -4466.305
v 3408.391 0.200 -4466.305
v 3408.391 0.200 -4466.005
v 3408.091 0.200 -4466.005
v 3408.091 8.200 -4466.305
v 3408.391 8.200 -4466.305
v 3408.391 8.200 -4466.005
v 3408.091 8.200 -4466.005
v 3415.567 0.050 -4475.428
v 3412.904 0.050 -4467.885
v 3422.600 0.050 -4464.462
v 3425.263 0.050 -4472.006
v 3416.233 0.200 -4477.314
v 3415.567 0.200 -4475.428
v 3425.263 0.200 -4472.006
v 3425.929 0.200 -4473.892
v 3412.904 0.200 -4467.885
v 3412.239 0.200 -4465.999
v 3421.934 0.200 -4462.576
v 3422.600 0.200 -4464.462
v 3425.856 0.050 -4471.741
v 3422.007 0.050 -4464.727
v 3430.846 0.050 -4459.878
v 3434.694 0.050 -4466.892
v 3426.818 0.200 -4473.494
v 3425.856 0.200 -4471.741
v 3434.694 0.200 -4466.892
v 3435.656 0.200 -4468.645
v 3422.007 0.200 -4464.727
v 3421.045 0.200 -4462.974
v 3429.884 0.200 -4458.124
v 3430.846 0.200 -4459.878
v 3434.630 0.050 -4466.926
v 3430.911 0.050 -4459.843
v 3436.321 0.050 -4457.002
v 3440.040 0.050 -4464.085
v 3435.560 0.200 -4468.697
v 3434.630 0.200 -4466.926
v 3440.040 0.200 -4464.085
v 3440.970 0.200 -4465.856
v 3430.911 0.200 -4459.843
v 3429.981 0.200 -4458.073
v 3435.391 0.200 -4455.232
v 3436.321 0.200 -4457.002
v 3439.826 0.050 -4464.190
v 3436.535 0.050 -4456.898
v 3442.246 0.050 -4454.321
v 3445.536 0.050 -4461.613
v 3440.648 0.200 -4466.013
v 3439.826 0.200 -4464.190
v 3445.536 0.200 -4461.613
v 3446.359 0.200 -4463.436
v 3436.535 0.200 -4456.898
v 3435.713 0.200 -4455.075
v 3441.423 0.200 -4452.498
v 3442.246 0.200 -4454.321
v 3440.416 0.200 -4465.980
v 3440.716 0.200 -4465.980
v 3440.716 0.200 -4465.680
v 3440.416 0.200 -4465.680
v 3440.416 8.200 -4465.980
v 3440.716 8.200 -4465.980
v 3440.716 8.200 -4465.680
v 3440.416 8.200 -4465.680
v 3435.645 0.200 -4455.407
v 3435.945 0.200 -4455.407
v 3435.945 0.200 -4455.107
v 3435.645 0.200 -4455.107
v 3435.645 8.200 -4455.407
v 3435.945 8.200 -4455.407
v 3435.945 8.200 -4455.107
v 3435.645 8.200 -4455.107
v 3442.916 0.050 -4461.846
v 3444.866 0.050 -4454.088
v 3448.284 0.050 -4454.947
v 3446.334 0.050 -4462.705
v 3442.429 0.200 -4463.786
v 3442.916 0.200 -4461.846
v 3446.334 0.200 -4462.705
v 3445.846 0.200 -4464.645
v 3444.866 0.200 -4454.088
v 3445.354 0.200 -4452.148
v 3448.771 0.200 -4453.007
v 3448.284 0.200 -4454.947
v 3445.125 0.050 -4462.177
v 3449.492 0.050 -4455.474
v 3455.192 0.050 -4459.187
v 3450.825 0.050 -4465.891
v 3444.033 0.200 -4463.853
v 3445.125 0.200 -4462.177
v 3450.825 0.200 -4465.891
v 3449.733 0.200 -4467.566
v 3449.492 0.200 -4455.474
v 3450.584 0.200 -4453.799
v 3456.283 0.200 -4457.512
v 3455.192 0.200 -4459.187
v 3451.042 0.050 -4466.023
v 3454.974 0.050 -4459.055
v 3461.531 0.050 -4462.755
v 3457.599 0.050 -4469.723
v 3450.059 0.200 -4467.764
v 3451.042 0.200 -4466.023
v 3457.599 0.200 -4469.723
v 3456.616 0.200 -4471.464
v 3454.974 0.200 -4459.055
v 3455.957 0.200 -4457.314
v 3462.514 0.200 -4461.013
v 3461.531 0.200 -4462.755
v 3458.411 0.050 -4470.069
v 3460.719 0.050 -4462.409
v 3466.419 0.050 -4464.127
v 3464.110 0.050 -4471.787
v 3457.833 0.200 -4471.984
v 3458.411 0.200 -4470.069
v 3464.110 0.200 -4471.787
v 3463.533 0.200 -4473.701
v 3460.719 0.200 -4462.409
v 3461.296 0.200 -4460.494
v 3466.996 0.200 -4462.212
v 3466.419 0.200 -4464.127
v 3465.708 0.050 -4471.932
v 3464.821 0.050 -4463.981
v 3472.524 0.050 -4463.122
v 3473.411 0.050 -4471.073
v 3465.929 0.200 -4473.920
v 3465.708 0.200 -4471.932
v 3473.411 0.200 -4471.073
v 3473.633 0.200 -4473.061
v 3464.821 0.200 -4463.981
v 3464.600 0.200 -4461.994
v 3472.303 0.200 -4461.135
v 3472.524 0.200 -4463.122
v 3465.757 0.200 -4473.871
v 3466.057 0.200 -4473.871
v 3466.057 0.200 -4473.571
v 3465.757 0.200 -4473.571
v 3465.757 8.200 -4473.871
v 3466.057 8.200 -4473.871
v 3466.057 8.200 -4473.571
v 3465.757 8.200 -4473.571
v 3464.472 0.200 -4462.342
v 3464.772 0.200 -4462.342
v 3464.772 0.200 -4462.042
v 3464.472 0.200 -4462.042
v 3464.472 8.200 -4462.342
v 3464.772 8.200 -4462.342
v 3464.772 8.200 -4462.042
v 3464.472 8.200 -4462.042
v 3473.924 0.050 -4470.982
v 3472.011 0.050 -4463.214
v 3489.400 0.050 -4458.933
v 3491.312 0.050 -4466.701
v 3474.402 0.200 -4472.924
v 3473.924 0.200 -4470.982
v 3491.312 0.200 -4466.701
v 3491.790 0.200 -4468.643
v 3472.011 0.200 -4463.214
v 3471.533 0.200 -4461.272
v 3488.921 0.200 -4456.991
v 3489.400 0.200 -4458.933
v 3491.569 0.050 -4466.628
v 3489.142 0.050 -4459.005
v 3508.812 0.050 -4452.742
v 3511.240 0.050 -4460.365
v 3492.176 0.200 -4468.534
v 3491.569 0.200 -4466.628
v 3511.240 0.200 -4460.365
v 3511.846 0.200 -4462.270
v 3489.142 0.200 -4459.005
v 3488.535 0.200 -4457.099
v 3508.206 0.200 -4450.836
v 3508.812 0.200 -4452.742
v 3491.966 0.200 -4468.493
v 3492.266 0.200 -4468.493
v 3492.266 0.200 -4468.193
v 3491.966 0.200 -4468.193
v 3491.966 8.200 -4468.493
v 3492.266 8.200 -4468.493
v 3492.266 8.200 -4468.193
v 3491.966 8.200 -4468.193
v 3488.446 0.200 -4457.440
v 3488.746 0.200 -4457.440
v 3488.746 0.200 -4457.140
v 3488.446 0.200 -4457.140
v 3488.446 8.200 -4457.440
v 3488.746 8.200 -4457.440
v 3488.746 8.200 -4457.140
v 3488.446 8.200 -4457.140
v 3510.940 0.050 -4460.447
v 3509.112 0.050 -4452.659
v 3517.673 0.050 -4450.650
v 3519.500 0.050 -4458.439
v 3511.397 0.200 -4462.395
v 3510.940 0.200 -4460.447
v 3519.500 0.200 -4458.439
v 3519.957 0.200 -4460.386
v 3509.112 0.200 -4452.659
v 3508.655 0.200 -4450.712
v 3517.216 0.200 -4448.703
v 3517.673 0.200 -4450.650
v 3520.175 0.050 -4458.216
v 3516.998 0.050 -4450.874
v 3525.547 0.050 -4447.174
v 3528.724 0.050 -4454.516
v 3520.969 0.200 -4460.051
v 3520.175 0.200 -4458.216
v 3528.724 0.200 -4454.516
v 3529.519 0.200 -4456.351
v 3516.998 0.200 -4450.874
v 3516.203 0.200 -4449.038
v 3524.753 0.200 -4445.338
v 3525.547 0.200 -4447.174
v 3529.219 0.050 -4454.259
v 3525.052 0.050 -4447.430
v 3530.184 0.050 -4444.299
v 3534.351 0.050 -4451.128
v 3530.261 0.200 -4455.966
v 3529.219 0.200 -4454.259
v 3534.351 0.200 -4451.128
v 3535.393 0.200 -4452.835
v 3525.052 0.200 -4447.430
v 3524.010 0.200 -4445.723
v 3529.142 0.200 -4442.591
v 3530.184 0.200 -4444.299
v 3535.262 0.050 -4450.365
v 3529.273 0.050 -4445.061
v 3531.555 0.050 -4442.484
v 3537.544 0.050 -4447.788
v 3536.759 0.200 -4451.691
v 3535.262 0.200 -4450.365
v 3537.544 0.200 -4447.788
v 3539.041 0.200 -4449.114
v 3529.273 0.200 -4445.061
v 3527.776 0.200 -4443.735
v 3530.058 0.200 -4441.158
v 3531.555 0.200 -4442.484
v 3538.445 0.050 -4446.047
v 3530.655 0.050 -4444.226
v 3532.391 0.050 -4436.799
v 3540.181 0.050 -4438.621
v 3540.392 0.200 -4446.503
v 3538.445 0.200 -4446.047
v 3540.181 0.200 -4438.621
v 3542.129 0.200 -4439.076
v 3530.655 0.200 -4444.226
v 3528.707 0.200 -4443.770
v 3530.444 0.200 -4436.344
v 3532.391 0.200 -4436.799
v 3540.047 0.200 -4446.607
v 3540.347 0.200 -4446.607
v 3540.347 0.200 -4446.307
v 3540.047 0.200 -4446.307
v 3540.047 8.200 -4446.607
v 3540.347 8.200 -4446.607
v 3540.347 8.200 -4446.307
v 3540.047 8.200 -4446.307
v 3528.752 0.200 -4443.966
v 3529.052 0.200 -4443.966
v 3529.052 0.200 -4443.666
v 3528.752 0.200 -4443.666
v 3528.752 8.200 -4443.966
v 3529.052 8.200 -4443.966
v 3529.052 8.200 -4443.666
v 3528.752 8.200 -4443.666
v 2015.406 0.050 -4296.663
v 2022.375 0.050 -4292.733
v 2026.093 0.050 -4299.327
v 2019.124 0.050 -4303.256
v 2013.664 0.200 -4297.645
v 2015.406 0.200 -4296.663
v 2019.124 0.200 -4303.256
v 2017.382 0.200 -4304.239
v 2022.375 0.200 -4292.733
v 2024.117 0.200 -4291.751
v 2027.835 0.200 -4298.345
v 2026.093 0.200 -4299.327
v 2018.796 0.050 -4302.503
v 2026.421 0.050 -4300.081
v 2029.304 0.050 -4309.159
v 2021.679 0.050 -4311.580
v 2016.890 0.200 -4303.108
v 2018.796 0.200 -4302.503
v 2021.679 0.200 -4311.580
v 2019.773 0.200 -4312.186
v 2026.421 0.200 -4300.081
v 2028.327 0.200 -4299.476
v 2031.210 0.200 -4308.553
v 2029.304 0.200 -4309.159
v 2021.710 0.050 -4311.674
v 2029.273 0.050 -4309.065
v 2033.403 0.050 -4321.037
v 2025.840 0.050 -4323.646
v 2019.820 0.200 -4312.326
v 2021.710 0.200 -4311.674
v 2025.840 0.200 -4323.646
v 2023.950 0.200 -4324.298
v 2029.273 0.200 -4309.065
v 2031.164 0.200 -4308.413
v 2035.293 0.200 -4320.384
v 2033.403 0.200 -4321.037
v 2025.807 0.050 -4323.544
v 2033.436 0.050 -4321.138
v 2035.908 0.050 -4328.974
v 2028.278 0.050 -4331.380
v 2023.899 0.200 -4324.146
v 2025.807 0.200 -4323.544
v 2028.278 0.200 -4331.380
v 2026.371 0.200 -4331.982
v 2033.436 0.200 -4321.138
v 2035.344 0.200 -4320.536
v 2037.815 0.200 -4328.372
v 2035.908 0.200 -4328.974
v 2023.940 0.200 -4324.236
v 2024.240 0.200 -4324.236
v 2024.240 0.200 -4323.936
v 2023.940 0.200 -4323.936
v 2023.940 8.200 -4324.236
v 2024.240 8.200 -4324.236
v 2024.240 8.200 -4323.936
v 2023.940 8.200 -4323.936
v 2035.003 0.200 -4320.747
v 2035.303 0.200 -4320.747
v 2035.303 0.200 -4320.447
v 2035.003 0.200 -4320.447
v 2035.003 8.200 -4320.747
v 2035.303 8.200 -4320.747
v 2035.303 8.200 -4320.447
v 2035.003 8.200 -4320.447
v 2028.093 0.050 -4330.177
v 2036.093 0.050 -4330.177
v 2036.093 0.050 -4340.087
v 2028.093 0.050 -4340.087
v 2026.093 0.200 -4330.177
v 2028.093 0.200 -4330.177
v 2028.093 0.200 -4340.087
v 2026.093 0.200 -4340.087
v 2036.093 0.200 -4330.177
v 2038.093 0.200 -4330.177
v 2038.093 0.200 -4340.087
v 2036.093 0.200 -4340.087
v 2028.161 0.050 -4339.350
v 2036.024 0.050 -4340.824
v 2034.789 0.050 -4347.418
v 2026.926 0.050 -4345.944
v 2026.195 0.200 -4338.982
v 2028.161 0.200 -4339.350
v 2026.926 0.200 -4345.944
v 2024.960 0.200 -4345.576
v 2036.024 0.200 -4340.824
v 2037.990 0.200 -4341.192
v 2036.754 0.200 -4347.786
v 2034.789 0.200 -4347.418
v 2027.033 0.050 -4345.506
v 2034.681 0.050 -4347.855
v 2033.033 0.050 -4353.220
v 2025.386 0.050 -4350.871
v 2025.122 0.200 -4344.919
v 2027.033 0.200 -4345.506
v 2025.386 0.200 -4350.871
v 2023.474 0.200 -4350.284
v 2034.681 0.200 -4347.855
v 2036.593 0.200 -4348.442
v 2034.945 0.200 -4353.807
v 2033.033 0.200 -4353.220
v 2025.264 0.050 -4351.390
v 2033.155 0.050 -4352.701
v 2032.332 0.050 -4357.657
v 2024.440 0.050 -4356.345
v 2023.291 0.200 -4351.062
v 2025.264 0.200 -4351.390
v 2024.440 0.200 -4356.345
v 2022.467 0.200 -4356.017
v 2033.155 0.200 -4352.701
v 2035.128 0.200 -4353.029
v 2034.305 0.200 -4357.985
v 2032.332 0.200 -4357.657
v 2024.652 0.050 -4358.434
v 2032.120 0.050 -4355.567
v 2034.180 0.050 -4360.932
v 2026.711 0.050 -4363.799
v 2022.784 0.200 -4359.151
v 2024.652 0.200 -4358.434
v 2026.711 0.200 -4363.799
v 2024.844 0.200 -4364.516
v 2032.120 0.200 -4355.567
v 2033.987 0.200 -4354.850
v 2036.047 0.200 -4360.215
v 2034.180 0.200 -4360.932
v 2022.821 0.200 -4359.229
v 2023.121 0.200 -4359.229
v 2023.121 0.200 -4358.929
v 2022.821 0.200 -4358.929
v 2022.821 8.200 -4359.229
v 2023.121 8.200 -4359.229
v 2023.121 8.200 -4358.929
v 2022.821 8.200 -4358.929
v 2033.651 0.200 -4355.072
v 2033.951 0.200 -4355.072
v 2033.951 0.200 -4354.772
v 2033.651 0.200 -4354.772
v 2033.651 8.200 -4355.072
v 2033.951 8.200 -4355.072
v 2033.951 8.200 -4354.772
v 2033.651 8.200 -4354.772
v 2028.225 0.050 -4365.693
v 2032.666 0.050 -4359.038
v 2040.091 0.050 -4363.993
v 2035.650 0.050 -4370.648
v 2027.115 0.200 -4367.356
v 2028.225 0.200 -4365.693
v 2035.650 0.200 -4370.648
v 2034.540 0.200 -4372.311
v 2032.666 0.200 -4359.038
v 2033.776 0.200 -4357.375
v 2041.201 0.200 -4362.330
v 2040.091 0.200 -4363.993
v 2034.583 0.050 -4369.599
v 2041.158 0.050 -4365.042
v 2044.876 0.050 -4370.407
v 2038.301 0.050 -4374.964
v 2032.939 0.200 -4370.738
v 2034.583 0.200 -4369.599
v 2038.301 0.200 -4374.964
v 2036.657 0.200 -4376.103
v 2041.158 0.200 -4365.042
v 2042.802 0.200 -4363.903
v 2046.520 0.200 -4369.268
v 2044.876 0.200 -4370.407
v 2037.677 0.050 -4373.522
v 2045.500 0.050 -4371.848
v 2046.735 0.050 -4377.623
v 2038.913 0.050 -4379.297
v 2035.721 0.200 -4373.941
v 2037.677 0.200 -4373.522
v 2038.913 0.200 -4379.297
v 2036.957 0.200 -4379.715
v 2045.500 0.200 -4371.848
v 2047.456 0.200 -4371.430
v 2048.691 0.200 -4377.204
v 2046.735 0.200 -4377.623
v 2038.824 0.050 -4378.460
v 2046.824 0.050 -4378.460
v 2046.824 0.050 -4384.234
v 2038.824 0.050 -4384.234
v 2036.824 0.200 -4378.460
v 2038.824 0.200 -4378.460
v 2038.824 0.200 -4384.234
v 2036.824 0.200 -4384.234
v 2046.824 0.200 -4378.460
v 2048.824 0.200 -4378.460
v 2048.824 0.200 -4384.234
v 2046.824 0.200 -4384.234
v 2038.960 0.050 -4383.199
v 2046.688 0.050 -4385.269
v 2042.925 0.050 -4399.315
v 2035.198 0.050 -4397.245
v 2037.028 0.200 -4382.682
v 2038.960 0.200 -4383.199
v 2035.198 0.200 -4397.245
v 2033.266 0.200 -4396.728
v 2046.688 0.200 -4385.269
v 2048.620 0.200 -4385.787
v 2044.857 0.200 -4399.833
v 2042.925 0.200 -4399.315
v 2037.071 0.200 -4382.883
v 2037.371 0.200 -4382.883
v 2037.371 0.200 -4382.583
v 2037.071 0.200 -4382.583
v 2037.071 8.200 -4382.883
v 2037.371 8.200 -4382.883
v 2037.371 8.200 -4382.583
v 2037.071 8.200 -4382.583
v 2048.276 0.200 -4385.885
v 2048.576 0.200 -4385.885
v 2048.576 0.200 -4385.585
v 2048.276 0.200 -4385.585
v 2048.276 8.200 -4385.885
v 2048.576 8.200 -4385.885
v 2048.576 8.200 -4385.585
v 2048.276 8.200 -4385.585
v 2035.125 0.050 -4397.568
v 2042.997 0.050 -4398.993
v 2041.806 0.050 -4405.573
v 2033.934 0.050 -4404.148
v 2033.157 0.200 -4397.212
v 2035.125 0.200 -4397.568
v 2033.934 0.200 -4404.148
v 2031.966 0.200 -4403.792
v 2042.997 0.200 -4398.993
v 2044.965 0.200 -4399.349
v 2043.774 0.200 -4405.929
v 2041.806 0.200 -4405.573
v 2033.870 0.050 -4404.861
v 2041.870 0.050 -4404.861
v 2041.870 0.050 -4413.529
v 2033.870 0.050 -4413.529
v 2031.870 0.200 -4404.861
v 2033.870 0.200 -4404.861
v 2033.870 0.200 -4413.529
v 2031.870 0.200 -4413.529
v 2041.870 0.200 -4404.861
v 2043.870 0.200 -4404.861
v 2043.870 0.200 -4413.529
v 2041.870 0.200 -4413.529
v 2033.870 0.050 -4413.529
v 2041.870 0.050 -4413.529
v 2041.870 0.050 -4420.546
v 2033.870 0.050 -4420.546
v 2031.870 0.200 -4413.529
v 2033.870 0.200 -4413.529
v 2033.870 0.200 -4420.546
v 2031.870 0.200 -4420.546
v 2041.870 0.200 -4413.529
v 2043.870 0.200 -4413.529
v 2043.870 0.200 -4420.546
v 2041.870 0.200 -4420.546
v 2524.751 0.050 -4631.934
v 2531.135 0.050 -4627.113
v 2536.045 0.050 -4633.614
v 2529.660 0.050 -4638.435
v 2523.155 0.200 -4633.139
v 2524.751 0.200 -4631.934
v 2529.660 0.200 -4638.435
v 2528.064 0.200 -4639.640
v 2531.135 0.200 -4627.113
v 2532.731 0.200 -4625.908
v 2537.641 0.200 -4632.409
v 2536.045 0.200 -4633.614
v 2530.811 0.050 -4639.464
v 2534.894 0.050 -4632.585
v 2544.245 0.050 -4638.135
v 2540.162 0.050 -4645.014
v 2529.790 0.200 -4641.184
v 2530.811 0.200 -4639.464
v 2540.162 0.200 -4645.014
v 2539.141 0.200 -4646.734
v 2534.894 0.200 -4632.585
v 2535.915 0.200 -4630.865
v 2545.266 0.200 -4636.415
v 2544.245 0.200 -4638.135
v 2542.032 0.050 -4645.571
v 2542.374 0.050 -4637.578
v 2576.327 0.050 -4639.032
v 2575.985 0.050 -4647.024
v 2541.947 0.200 -4647.569
v 2542.032 0.200 -4645.571
v 2575.985 0.200 -4647.024
v 2575.899 0.200 -4649.023
v 2542.374 0.200 -4637.578
v 2542.460 0.200 -4635.580
v 2576.412 0.200 -4637.034
v 2576.327 0.200 -4639.032
v 2541.805 0.200 -4647.519
v 2542.105 0.200 -4647.519
v 2542.105 0.200 -4647.219
v 2541.805 0.200 -4647.219
v 2541.805 8.200 -4647.519
v 2542.105 8.200 -4647.519
v 2542.105 8.200 -4647.219
v 2541.805 8.200 -4647.219
v 2542.301 0.200 -4635.930
v 2542.601 0.200 -4635.930
v 2542.601 0.200 -4635.630
v 2542.301 0.200 -4635.630
v 2542.301 8.200 -4635.930
v 2542.601 8.200 -4635.930
v 2542.601 8.200 -4635.630
v 2542.301 8.200 -4635.630
v 2575.286 0.050 -4646.932
v 2577.026 0.050 -4639.124
v 2604.299 0.050 -4645.202
v 2602.559 0.050 -4653.011
v 2574.850 0.200 -4648.884
v 2575.286 0.200 -4646.932
v 2602.559 0.200 -4653.011
v 2602.124 0.200 -4654.963
v 2577.026 0.200 -4639.124
v 2577.461 0.200 -4637.172
v 2604.734 0.200 -4643.250
v 2604.299 0.200 -4645.202
v 2602.979 0.050 -4653.081
v 2603.879 0.050 -4645.132
v 2673.510 0.050 -4653.021
v 2672.609 0.050 -4660.970
v 2602.753 0.200 -4655.068
v 2602.979 0.200 -4653.081
v 2672.609 0.200 -4660.970
v 2672.384 0.200 -4662.957
v 2603.879 0.200 -4645.132
v 2604.104 0.200 -4643.145
v 2673.735 0.200 -4651.033
v 2673.510 0.200 -4653.021
v 2602.626 0.200 -4655.020
v 2602.926 0.200 -4655.020
v 2602.926 0.200 -4654.720
v 2602.626 0.200 -4654.720
v 2602.626 8.200 -4655.020
v 2602.926 8.200 -4655.020
v 2602.926 8.200 -4654.720
v 2602.626 8.200 -4654.720
v 2603.932 0.200 -4643.493
v 2604.232 0.200 -4643.493
v 2604.232 0.200 -4643.193
v 2603.932 0.200 -4643.193
v 2603.932 8.200 -4643.493
v 2604.232 8.200 -4643.493
v 2604.232 8.200 -4643.193
v 2603.932 8.200 -4643.193
v 2672.534 0.050 -4660.961
v 2673.584 0.050 -4653.030
v 2739.764 0.050 -4661.791
v 2738.714 0.050 -4669.722
v 2672.272 0.200 -4662.943
v 2672.534 0.200 -4660.961
v 2738.714 0.200 -4669.722
v 2738.451 0.200 -4671.704
v 2673.584 0.200 -4653.030
v 2673.847 0.200 -4651.047
v 2740.026 0.200 -4659.808
v 2739.764 0.200 -4661.791
v 2672.148 0.200 -4662.895
v 2672.448 0.200 -4662.895
v 2672.448 0.200 -4662.595
v 2672.148 0.200 -4662.595
v 2672.148 8.200 -4662.895
v 2672.448 8.200 -4662.895
v 2672.448 8.200 -4662.595
v 2672.148 8.200 -4662.595
v 2673.670 0.200 -4651.395
v 2673.970 0.200 -4651.395
v 2673.970 0.200 -4651.095
v 2673.670 0.200 -4651.095
v 2673.670 8.200 -4651.395
v 2673.970 8.200 -4651.395
v 2673.970 8.200 -4651.095
v 2673.670 8.200 -4651.095
v 2738.304 0.050 -4669.645
v 2740.173 0.050 -4661.867
v 2777.009 0.050 -4670.720
v 2775.140 0.050 -4678.499
v 2737.837 0.200 -4671.590
v 2738.304 0.200 -4669.645
v 2775.140 0.200 -4678.499
v 2774.672 0.200 -4680.444
v 2740.173 0.200 -4661.867
v 2740.641 0.200 -4659.922
v 2777.476 0.200 -4668.776
v 2777.009 0.200 -4670.720
v 2737.733 0.200 -4671.546
v 2738.033 0.200 -4671.546
v 2738.033 0.200 -4671.246
v 2737.733 0.200 -4671.246
v 2737.733 8.200 -4671.546
v 2738.033 8.200 -4671.546
v 2738.033 8.200 -4671.246
v 2737.733 8.200 -4671.246
v 2740.444 0.200 -4660.267
v 2740.744 0.200 -4660.267
v 2740.744 0.200 -4659.967
v 2740.444 0.200 -4659.967
v 2740.444 8.200 -4660.267
v 2740.744 8.200 -4660.267
v 2740.744 8.200 -4659.967
v 2740.444 8.200 -4659.967
v 2772.544 0.050 -4676.490
v 2779.605 0.050 -4672.729
v 2786.763 0.050 -4686.168
v 2779.702 0.050 -4689.929
v 2770.779 0.200 -4677.430
v 2772.544 0.200 -4676.490
v 2779.702 0.200 -4689.929
v 2777.937 0.200 -4690.869
v 2779.605 0.200 -4672.729
v 2781.370 0.200 -4671.789
v 2788.528 0.200 -4685.228
v 2786.763 0.200 -4686.168
g asphalt
f 1 2 3
f 3 4 1
f 13 14 15
f 15 16 13
f 41 42 43
f 43 44 41
f 69 70 71
f 71 72 69
f 97 98 99
f 99 100 97
f 125 126 127
f 127 128 125
f 153 154 155
f 155 156 153
f 165 166 167
f 167 168 165
f 193 194 195
f 195 196 193
f 205 206 207
f 207 208 205
f 233 234 235
f 235 236 233
f 261 262 263
f 263 264 261
f 273 274 275
f 275 276 273
f 301 302 303
f 303 304 301
f 329 330 331
f 331 332 329
f 357 358 359
f 359 360 357
f 385 386 387
f 387 388 385
f 413 414 415
f 415 416 413
f 425 426 427
f 427 428 425
f 453 454 455
f 455 456 453
f 481 482 483
f 483 484 481
f 493 494 495
f 495 496 493
f 521 522 523
f 523 524 521
f 533 534 535
f 535 536 533
f 561 562 563
f 563 564 561
f 589 590 591
f 591 592 589
f 617 618 619
f 619 620 617
f 645 646 647
f 647 648 645
f 673 674 675
f 675 676 673
f 701 702 703
f 703 704 701
f 729 730 731
f 731 732 729
f 761 762 763
f 763 764 761
f 793 794 795
f 795 796 793
f 825 826 827
f 827 828 825
f 857 858 859
f 859 860 857
f 889 890 891
f 891 892 889
f 921 922 923
f 923 924 921
f 953 954 955
f 955 956 953
f 985 986 987
f 987 988 985
f 1017 1018 1019
f 1019 1020 1017
f 1049 1050 1051
f 1051 1052 1049
f 1081 1082 1083
f 1083 1084 1081
f 1113 1114 1115
f 1115 1116 1113
f 1145 1146 1147
f 1147 1148 1145
f 1177 1178 1179
f 1179 1180 1177
f 1209 1210 1211
f 1211 1212 1209
f 1241 1242 1243
f 1243 1244 1241
f 1273 1274 1275
f 1275 1276 1273
f 1305 1306 1307
f 1307 1308 1305
f 1321 1322 1323
f 1323 1324 1321
f 1353 1354 1355
f 1355 1356 1353
f 1385 1386 1387
f 1387 1388 1385
f 1417 1418 1419
f 1419 1420 1417
f 1449 1450 1451
f 1451 1452 1449
f 1465 1466 1467
f 1467 1468 1465
f 1497 1498 1499
f 1499 1500 1497
f 1513 1514 1515
f 1515 1516 1513
f 1529 1530 1531
f 1531 1532 1529
f 1561 1562 1563
f 1563 1564 1561
f 1593 1594 1595
f 1595 1596 1593
f 1625 1626 1627
f 1627 1628 1625
f 1657 1658 1659
f 1659 1660 1657
f 1689 1690 1691
f 1691 1692 1689
f 1721 1722 1723
f 1723 1724 1721
f 1753 1754 1755
f 1755 1756 1753
f 1765 1766 1767
f 1767 1768 1765
f 1793 1794 1795
f 1795 1796 1793
f 1821 1822 1823
f 1823 1824 1821
f 1833 1834 1835
f 1835 1836 1833
f 1861 1862 1863
f 1863 1864 1861
f 1873 1874 1875
f 1875 1876 1873
f 1885 1886 1887
f 1887 1888 1885
f 1913 1914 1915
f 1915 1916 1913
f 1925 1926 1927
f 1927 1928 1925
f 1937 1938 1939
f 1939 1940 1937
f 1965 1966 1967
f 1967 1968 1965
f 1993 1994 1995
f 1995 1996 1993
f 2005 2006 2007
f 2007 2008 2005
f 2033 2034 2035
f 2035 2036 2033
f 2045 2046 2047
f 2047 2048 2045
f 2057 2058 2059
f 2059 2060 2057
f 2069 2070 2071
f 2071 2072 2069
f 2081 2082 2083
f 2083 2084 2081
f 2109 2110 2111
f 2111 2112 2109
f 2121 2122 2123
f 2123 2124 2121
f 2133 2134 2135
f 2135 2136 2133
f 2145 2146 2147
f 2147 2148 2145
f 2173 2174 2175
f 2175 2176 2173
f 2185 2186 2187
f 2187 2188 2185
f 2197 2198 2199
f 2199 2200 2197
f 2225 2226 2227
f 2227 2228 2225
f 2237 2238 2239
f 2239 2240 2237
f 2249 2250 2251
f 2251 2252 2249
f 2277 2278 2279
f 2279 2280 2277
f 2289 2290 2291
f 2291 2292 2289
f 2301 2302 2303
f 2303 2304 2301
f 2329 2330 2331
f 2331 2332 2329
f 2341 2342 2343
f 2343 2344 2341
f 2353 2354 2355
f 2355 2356 2353
f 2381 2382 2383
f 2383 2384 2381
f 2393 2394 2395
f 2395 2396 2393
f 2405 2406 2407
f 2407 2408 2405
f 2433 2434 2435
f 2435 2436 2433
f 2445 2446 2447
f 2447 2448 2445
f 2457 2458 2459
f 2459 2460 2457
f 2485 2486 2487
f 2487 2488 2485
f 2497 2498 2499
f 2499 2500 2497
f 2509 2510 2511
f 2511 2512 2509
f 2537 2538 2539
f 2539 2540 2537
f 2549 2550 2551
f 2551 2552 2549
f 2561 2562 2563
f 2563 2564 2561
f 2573 2574 2575
f 2575 2576 2573
f 2601 2602 2603
f 2603 2604 2601
f 2613 2614 2615
f 2615 2616 2613
f 2625 2626 2627
f 2627 2628 2625
f 2637 2638 2639
f 2639 2640 2637
f 2665 2666 2667
f 2667 2668 2665
f 2677 2678 2679
f 2679 2680 2677
f 2689 2690 2691
f 2691 2692 2689
f 2717 2718 2719
f 2719 2720 2717
f 2729 2730 2731
f 2731 2732 2729
f 2741 2742 2743
f 2743 2744 2741
f 2753 2754 2755
f 2755 2756 2753
f 2781 2782 2783
f 2783 2784 2781
f 2793 2794 2795
f 2795 2796 2793
f 2805 2806 2807
f 2807 2808 2805
f 2833 2834 2835
f 2835 2836 2833
f 2845 2846 2847
f 2847 2848 2845
f 2857 2858 2859
f 2859 2860 2857
f 2885 2886 2887
f 2887 2888 2885
f 2897 2898 2899
f 2899 2900 2897
f 2909 2910 2911
f 2911 2912 2909
f 2937 2938 2939
f 2939 2940 2937
f 2949 2950 2951
f 2951 2952 2949
f 2961 2962 2963
f 2963 2964 2961
f 2989 2990 2991
f 2991 2992 2989
f 3001 3002 3003
f 3003 3004 3001
f 3013 3014 3015
f 3015 3016 3013
f 3041 3042 3043
f 3043 3044 3041
f 3053 3054 3055
f 3055 3056 3053
f 3065 3066 3067
f 3067 3068 3065
f 3093 3094 3095
f 3095 3096 3093
f 3105 3106 3107
f 3107 3108 3105
f 3117 3118 3119
f 3119 3120 3117
f 3129 3130 3131
f 3131 3132 3129
f 3157 3158 3159
f 3159 3160 3157
f 3185 3186 3187
f 3187 3188 3185
f 3197 3198 3199
f 3199 3200 3197
f 3209 3210 3211
f 3211 3212 3209
f 3221 3222 3223
f 3223 3224 3221
f 3249 3250 3251
f 3251 3252 3249
f 3261 3262 3263
f 3263 3264 3261
f 3273 3274 3275
f 3275 3276 3273
f 3285 3286 3287
f 3287 3288 3285
f 3313 3314 3315
f 3315 3316 3313
f 3325 3326 3327
f 3327 3328 3325
f 3337 3338 3339
f 3339 3340 3337
f 3349 3350 3351
f 3351 3352 3349
f 3377 3378 3379
f 3379 3380 3377
f 3389 3390 3391
f 3391 3392 3389
f 3401 3402 3403
f 3403 3404 3401
f 3429 3430 3431
f 3431 3432 3429
f 3441 3442 3443
f 3443 3444 3441
f 3453 3454 3455
f 3455 3456 3453
f 3465 3466 3467
f 3467 3468 3465
f 3493 3494 3495
f 3495 3496 3493
f 3505 3506 3507
f 3507 3508 3505
f 3517 3518 3519
f 3519 3520 3517
f 3529 3530 3531
f 3531 3532 3529
f 3541 3542 3543
f 3543 3544 3541
f 3569 3570 3571
f 3571 3572 3569
f 3581 3582 3583
f 3583 3584 3581
f 3593 3594 3595
f 3595 3596 3593
f 3605 3606 3607
f 3607 3608 3605
f 3617 3618 3619
f 3619 3620 3617
f 3645 3646 3647
f 3647 3648 3645
f 3657 3658 3659
f 3659 3660 3657
f 3669 3670 3671
f 3671 3672 3669
f 3697 3698 3699
f 3699 3700 3697
f 3709 3710 3711
f 3711 3712 3709
f 3721 3722 3723
f 3723 3724 3721
f 3749 3750 3751
f 3751 3752 3749
f 3761 3762 3763
f 3763 3764 3761
f 3773 3774 3775
f 3775 3776 3773
f 3801 3802 3803
f 3803 3804 3801
f 3813 3814 3815
f 3815 3816 3813
f 3825 3826 3827
f 3827 3828 3825
f 3837 3838 3839
f 3839 3840 3837
f 3849 3850 3851
f 3851 3852 3849
f 3877 3878 3879
f 3879 3880 3877
f 3889 3890 3891
f 3891 3892 3889
f 3901 3902 3903
f 3903 3904 3901
f 3929 3930 3931
f 3931 3932 3929
f 3941 3942 3943
f 3943 3944 3941
f 3953 3954 3955
f 3955 3956 3953
f 3981 3982 3983
f 3983 3984 3981
f 3993 3994 3995
f 3995 3996 3993
f 4005 4006 4007
f 4007 4008 4005
f 4033 4034 4035
f 4035 4036 4033
f 4045 4046 4047
f 4047 4048 4045
f 4057 4058 4059
f 4059 4060 4057
f 4069 4070 4071
f 4071 4072 4069
f 4081 4082 4083
f 4083 4084 4081
f 4093 4094 4095
f 4095 4096 4093
f 4121 4122 4123
f 4123 4124 4121
f 4149 4150 4151
f 4151 4152 4149
f 4161 4162 4163
f 4163 4164 4161
f 4173 4174 4175
f 4175 4176 4173
f 4185 4186 4187
f 4187 4188 4185
f 4197 4198 4199
f 4199 4200 4197
f 4209 4210 4211
f 4211 4212 4209
f 4237 4238 4239
f 4239 4240 4237
f 4249 4250 4251
f 4251 4252 4249
f 4261 4262 4263
f 4263 4264 4261
f 4273 4274 4275
f 4275 4276 4273
f 4285 4286 4287
f 4287 4288 4285
f 4313 4314 4315
f 4315 4316 4313
f 4325 4326 4327
f 4327 4328 4325
f 4337 4338 4339
f 4339 4340 4337
f 4349 4350 4351
f 4351 4352 4349
f 4377 4378 4379
f 4379 4380 4377
f 4389 4390 4391
f 4391 4392 4389
f 4417 4418 4419
f 4419 4420 4417
f 4429 4430 4431
f 4431 4432 4429
f 4441 4442 4443
f 4443 4444 4441
f 4453 4454 4455
f 4455 4456 4453
f 4481 4482 4483
f 4483 4484 4481
f 4493 4494 4495
f 4495 4496 4493
f 4505 4506 4507
f 4507 4508 4505
f 4517 4518 4519
f 4519 4520 4517
f 4545 4546 4547
f 4547 4548 4545
f 4557 4558 4559
f 4559 4560 4557
f 4569 4570 4571
f 4571 4572 4569
f 4597 4598 4599
f 4599 4600 4597
f 4609 4610 4611
f 4611 4612 4609
f 4621 4622 4623
f 4623 4624 4621
f 4649 4650 4651
f 4651 4652 4649
f 4661 4662 4663
f 4663 4664 4661
f 4673 4674 4675
f 4675 4676 4673
f 4685 4686 4687
f 4687 4688 4685
f 4713 4714 4715
f 4715 4716 4713
f 4725 4726 4727
f 4727 4728 4725
f 4753 4754 4755
f 4755 4756 4753
f 4781 4782 4783
f 4783 4784 4781
f 4793 4794 4795
f 4795 4796 4793
f 4821 4822 4823
f 4823 4824 4821
f 4833 4834 4835
f 4835 4836 4833
f 4845 4846 4847
f 4847 4848 4845
f 4857 4858 4859
f 4859 4860 4857
f 4885 4886 4887
f 4887 4888 4885
f 4913 4914 4915
f 4915 4916 4913
f 4941 4942 4943
f 4943 4944 4941
f 4953 4954 4955
f 4955 4956 4953
f 4965 4966 4967
f 4967 4968 4965
f 4977 4978 4979
f 4979 4980 4977
f 5005 5006 5007
f 5007 5008 5005
f 5017 5018 5019
f 5019 5020 5017
f 5029 5030 5031
f 5031 5032 5029
f 5041 5042 5043
f 5043 5044 5041
f 5069 5070 5071
f 5071 5072 5069
f 5081 5082 5083
f 5083 5084 5081
f 5093 5094 5095
f 5095 5096 5093
f 5105 5106 5107
f 5107 5108 5105
f 5133 5134 5135
f 5135 5136 5133
f 5145 5146 5147
f 5147 5148 5145
f 5173 5174 5175
f 5175 5176 5173
f 5185 5186 5187
f 5187 5188 5185
f 5213 5214 5215
f 5215 5216 5213
f 5225 5226 5227
f 5227 5228 5225
f 5253 5254 5255
f 5255 5256 5253
f 5265 5266 5267
f 5267 5268 5265
f 5277 5278 5279
f 5279 5280 5277
f 5305 5306 5307
f 5307 5308 5305
f 5317 5318 5319
f 5319 5320 5317
f 5329 5330 5331
f 5331 5332 5329
f 5357 5358 5359
f 5359 5360 5357
f 5369 5370 5371
f 5371 5372 5369
f 5397 5398 5399
f 5399 5400 5397
f 5409 5410 5411
f 5411 5412 5409
f 5437 5438 5439
f 5439 5440 5437
f 5449 5450 5451
f 5451 5452 5449
f 5461 5462 5463
f 5463 5464 5461
f 5489 5490 5491
f 5491 5492 5489
f 5501 5502 5503
f 5503 5504 5501
f 5513 5514 5515
f 5515 5516 5513
f 5525 5526 5527
f 5527 5528 5525
f 5553 5554 5555
f 5555 5556 5553
f 5565 5566 5567
f 5567 5568 5565
f 5577 5578 5579
f 5579 5580 5577
f 5605 5606 5607
f 5607 5608 5605
f 5617 5618 5619
f 5619 5620 5617
f 5629 5630 5631
f 5631 5632 5629
f 5641 5642 5643
f 5643 5644 5641
f 5669 5670 5671
f 5671 5672 5669
f 5681 5682 5683
f 5683 5684 5681
f 5693 5694 5695
f 5695 5696 5693
f 5721 5722 5723
f 5723 5724 5721
f 5733 5734 5735
f 5735 5736 5733
f 5745 5746 5747
f 5747 5748 5745
f 5757 5758 5759
f 5759 5760 5757
f 5785 5786 5787
f 5787 5788 5785
f 5797 5798 5799
f 5799 5800 5797
f 5825 5826 5827
f 5827 5828 5825
f 5837 5838 5839
f 5839 5840 5837
f 5849 5850 5851
f 5851 5852 5849
f 5877 5878 5879
f 5879 5880 5877
f 5889 5890 5891
f 5891 5892 5889
f 5917 5918 5919
f 5919 5920 5917
f 5945 5946 5947
f 5947 5948 5945
f 5957 5958 5959
f 5959 5960 5957
f 5985 5986 5987
f 5987 5988 5985
f 5997 5998 5999
f 5999 6000 5997
f 6025 6026 6027
f 6027 6028 6025
f 6037 6038 6039
f 6039 6040 6037
f 6065 6066 6067
f 6067 6068 6065
f 6077 6078 6079
f 6079 6080 6077
f 6105 6106 6107
f 6107 6108 6105
f 6117 6118 6119
f 6119 6120 6117
f 6129 6130 6131
f 6131 6132 6129
f 6157 6158 6159
f 6159 6160 6157
f 6185 6186 6187
f 6187 6188 6185
f 6197 6198 6199
f 6199 6200 6197
f 6225 6226 6227
f 6227 6228 6225
f 6237 6238 6239
f 6239 6240 6237
f 6265 6266 6267
f 6267 6268 6265
f 6277 6278 6279
f 6279 6280 6277
f 6289 6290 6291
f 6291 6292 6289
f 6317 6318 6319
f 6319 6320 6317
f 6329 6330 6331
f 6331 6332 6329
f 6341 6342 6343
f 6343 6344 6341
f 6353 6354 6355
f 6355 6356 6353
f 6365 6366 6367
f 6367 6368 6365
f 6393 6394 6395
f 6395 6396 6393
f 6405 6406 6407
f 6407 6408 6405
f 6417 6418 6419
f 6419 6420 6417
f 6445 6446 6447
f 6447 6448 6445
f 6457 6458 6459
f 6459 6460 6457
f 6485 6486 6487
f 6487 6488 6485
f 6513 6514 6515
f 6515 6516 6513
f 6525 6526 6527
f 6527 6528 6525
f 6537 6538 6539
f 6539 6540 6537
f 6549 6550 6551
f 6551 6552 6549
f 6561 6562 6563
f 6563 6564 6561
f 6573 6574 6575
f 6575 6576 6573
f 6585 6586 6587
f 6587 6588 6585
f 6613 6614 6615
f 6615 6616 6613
f 6625 6626 6627
f 6627 6628 6625
f 6637 6638 6639
f 6639 6640 6637
f 6649 6650 6651
f 6651 6652 6649
f 6661 6662 6663
f 6663 6664 6661
f 6673 6674 6675
f 6675 6676 6673
f 6701 6702 6703
f 6703 6704 6701
f 6713 6714 6715
f 6715 6716 6713
f 6725 6726 6727
f 6727 6728 6725
f 6737 6738 6739
f 6739 6740 6737
f 6749 6750 6751
f 6751 6752 6749
f 6761 6762 6763
f 6763 6764 6761
f 6773 6774 6775
f 6775 6776 6773
f 6801 6802 6803
f 6803 6804 6801
f 6813 6814 6815
f 6815 6816 6813
f 6825 6826 6827
f 6827 6828 6825
f 6837 6838 6839
f 6839 6840 6837
f 6849 6850 6851
f 6851 6852 6849
f 6861 6862 6863
f 6863 6864 6861
f 6889 6890 6891
f 6891 6892 6889
f 6901 6902 6903
f 6903 6904 6901
f 6913 6914 6915
f 6915 6916 6913
f 6925 6926 6927
f 6927 6928 6925
f 6937 6938 6939
f 6939 6940 6937
f 6949 6950 6951
f 6951 6952 6949
f 6977 6978 6979
f 6979 6980 6977
f 6989 6990 6991
f 6991 6992 6989
f 7001 7002 7003
f 7003 7004 7001
f 7013 7014 7015
f 7015 7016 7013
f 7025 7026 7027
f 7027 7028 7025
f 7037 7038 7039
f 7039 7040 7037
f 7065 7066 7067
f 7067 7068 7065
f 7077 7078 7079
f 7079 7080 7077
f 7089 7090 7091
f 7091 7092 7089
f 7101 7102 7103
f 7103 7104 7101
f 7113 7114 7115
f 7115 7116 7113
f 7141 7142 7143
f 7143 7144 7141
f 7153 7154 7155
f 7155 7156 7153
f 7165 7166 7167
f 7167 7168 7165
f 7177 7178 7179
f 7179 7180 7177
f 7189 7190 7191
f 7191 7192 7189
f 7201 7202 7203
f 7203 7204 7201
f 7229 7230 7231
f 7231 7232 7229
f 7241 7242 7243
f 7243 7244 7241
f 7253 7254 7255
f 7255 7256 7253
f 7265 7266 7267
f 7267 7268 7265
f 7293 7294 7295
f 7295 7296 7293
f 7305 7306 7307
f 7307 7308 7305
f 7317 7318 7319
f 7319 7320 7317
f 7329 7330 7331
f 7331 7332 7329
f 7357 7358 7359
f 7359 7360 7357
f 7369 7370 7371
f 7371 7372 7369
f 7381 7382 7383
f 7383 7384 7381
f 7409 7410 7411
f 7411 7412 7409
f 7421 7422 7423
f 7423 7424 7421
f 7449 7450 7451
f 7451 7452 7449
f 7461 7462 7463
f 7463 7464 7461
f 7473 7474 7475
f 7475 7476 7473
f 7501 7502 7503
f 7503 7504 7501
f 7513 7514 7515
f 7515 7516 7513
f 7541 7542 7543
f 7543 7544 7541
f 7553 7554 7555
f 7555 7556 7553
f 7565 7566 7567
f 7567 7568 7565
f 7577 7578 7579
f 7579 7580 7577
f 7605 7606 7607
f 7607 7608 7605
f 7617 7618 7619
f 7619 7620 7617
f 7629 7630 7631
f 7631 7632 7629
f 7657 7658 7659
f 7659 7660 7657
f 7669 7670 7671
f 7671 7672 7669
f 7681 7682 7683
f 7683 7684 7681
f 7693 7694 7695
f 7695 7696 7693
f 7705 7706 7707
f 7707 7708 7705
f 7717 7718 7719
f 7719 7720 7717
f 7745 7746 7747
f 7747 7748 7745
f 7757 7758 7759
f 7759 7760 7757
f 7785 7786 7787
f 7787 7788 7785
f 7797 7798 7799
f 7799 7800 7797
f 7809 7810 7811
f 7811 7812 7809
f 7821 7822 7823
f 7823 7824 7821
f 7849 7850 7851
f 7851 7852 7849
f 7861 7862 7863
f 7863 7864 7861
f 7873 7874 7875
f 7875 7876 7873
f 7885 7886 7887
f 7887 7888 7885
f 7897 7898 7899
f 7899 7900 7897
f 7909 7910 7911
f 7911 7912 7909
f 7921 7922 7923
f 7923 7924 7921
f 7949 7950 7951
f 7951 7952 7949
f 7961 7962 7963
f 7963 7964 7961
f 7973 7974 7975
f 7975 7976 7973
f 8001 8002 8003
f 8003 8004 8001
f 8013 8014 8015
f 8015 8016 8013
f 8025 8026 8027
f 8027 8028 8025
f 8037 8038 8039
f 8039 8040 8037
f 8049 8050 8051
f 8051 8052 8049
f 8061 8062 8063
f 8063 8064 8061
f 8073 8074 8075
f 8075 8076 8073
f 8101 8102 8103
f 8103 8104 8101
f 8129 8130 8131
f 8131 8132 8129
f 8141 8142 8143
f 8143 8144 8141
f 8169 8170 8171
f 8171 8172 8169
f 8181 8182 8183
f 8183 8184 8181
f 8193 8194 8195
f 8195 8196 8193
f 8205 8206 8207
f 8207 8208 8205
f 8217 8218 8219
f 8219 8220 8217
f 8229 8230 8231
f 8231 8232 8229
f 8257 8258 8259
f 8259 8260 8257
f 8269 8270 8271
f 8271 8272 8269
f 8281 8282 8283
f 8283 8284 8281
f 8293 8294 8295
f 8295 8296 8293
f 8321 8322 8323
f 8323 8324 8321
f 8333 8334 8335
f 8335 8336 8333
f 8345 8346 8347
f 8347 8348 8345
f 8357 8358 8359
f 8359 8360 8357
f 8369 8370 8371
f 8371 8372 8369
f 8397 8398 8399
f 8399 8400 8397
f 8409 8410 8411
f 8411 8412 8409
f 8421 8422 8423
f 8423 8424 8421
f 8433 8434 8435
f 8435 8436 8433
f 8445 8446 8447
f 8447 8448 8445
f 8473 8474 8475
f 8475 8476 8473
f 8485 8486 8487
f 8487 8488 8485
f 8497 8498 8499
f 8499 8500 8497
f 8509 8510 8511
f 8511 8512 8509
f 8521 8522 8523
f 8523 8524 8521
f 8549 8550 8551
f 8551 8552 8549
f 8561 8562 8563
f 8563 8564 8561
f 8573 8574 8575
f 8575 8576 8573
f 8585 8586 8587
f 8587 8588 8585
f 8613 8614 8615
f 8615 8616 8613
f 8625 8626 8627
f 8627 8628 8625
f 8637 8638 8639
f 8639 8640 8637
f 8649 8650 8651
f 8651 8652 8649
f 8661 8662 8663
f 8663 8664 8661
f 8689 8690 8691
f 8691 8692 8689
f 8701 8702 8703
f 8703 8704 8701
f 8713 8714 8715
f 8715 8716 8713
f 8725 8726 8727
f 8727 8728 8725
f 8737 8738 8739
f 8739 8740 8737
f 8749 8750 8751
f 8751 8752 8749
f 8777 8778 8779
f 8779 8780 8777
f 8789 8790 8791
f 8791 8792 8789
f 8801 8802 8803
f 8803 8804 8801
f 8813 8814 8815
f 8815 8816 8813
f 8841 8842 8843
f 8843 8844 8841
f 8853 8854 8855
f 8855 8856 8853
f 8865 8866 8867
f 8867 8868 8865
f 8877 8878 8879
f 8879 8880 8877
f 8889 8890 8891
f 8891 8892 8889
f 8917 8918 8919
f 8919 8920 8917
f 8929 8930 8931
f 8931 8932 8929
f 8941 8942 8943
f 8943 8944 8941
f 8953 8954 8955
f 8955 8956 8953
f 8965 8966 8967
f 8967 8968 8965
f 8993 8994 8995
f 8995 8996 8993
f 9005 9006 9007
f 9007 9008 9005
f 9033 9034 9035
f 9035 9036 9033
f 9045 9046 9047
f 9047 9048 9045
f 9057 9058 9059
f 9059 9060 9057
f 9069 9070 9071
f 9071 9072 9069
f 9097 9098 9099
f 9099 9100 9097
f 9109 9110 9111
f 9111 9112 9109
f 9121 9122 9123
f 9123 9124 9121
f 9133 9134 9135
f 9135 9136 9133
f 9145 9146 9147
f 9147 9148 9145
f 9173 9174 9175
f 9175 9176 9173
f 9185 9186 9187
f 9187 9188 9185
f 9197 9198 9199
f 9199 9200 9197
f 9225 9226 9227
f 9227 9228 9225
f 9237 9238 9239
f 9239 9240 9237
f 9249 9250 9251
f 9251 9252 9249
f 9261 9262 9263
f 9263 9264 9261
f 9289 9290 9291
f 9291 9292 9289
f 9301 9302 9303
f 9303 9304 9301
f 9329 9330 9331
f 9331 9332 9329
f 9341 9342 9343
f 9343 9344 9341
f 9353 9354 9355
f 9355 9356 9353
f 9381 9382 9383
f 9383 9384 9381
f 9409 9410 9411
f 9411 9412 9409
f 9421 9422 9423
f 9423 9424 9421
f 9449 9450 9451
f 9451 9452 9449
f 9461 9462 9463
f 9463 9464 9461
f 9489 9490 9491
f 9491 9492 9489
f 9501 9502 9503
f 9503 9504 9501
f 9513 9514 9515
f 9515 9516 9513
f 9541 9542 9543
f 9543 9544 9541
f 9569 9570 9571
f 9571 9572 9569
f 9581 9582 9583
f 9583 9584 9581
f 9593 9594 9595
f 9595 9596 9593
f 9605 9606 9607
f 9607 9608 9605
f 9633 9634 9635
f 9635 9636 9633
f 9645 9646 9647
f 9647 9648 9645
f 9673 9674 9675
f 9675 9676 9673
f 9685 9686 9687
f 9687 9688 9685
f 9697 9698 9699
f 9699 9700 9697
f 9725 9726 9727
f 9727 9728 9725
f 9737 9738 9739
f 9739 9740 9737
f 9749 9750 9751
f 9751 9752 9749
f 9761 9762 9763
f 9763 9764 9761
f 9789 9790 9791
f 9791 9792 9789
f 9801 9802 9803
f 9803 9804 9801
f 9813 9814 9815
f 9815 9816 9813
f 9841 9842 9843
f 9843 9844 9841
f 9853 9854 9855
f 9855 9856 9853
f 9865 9866 9867
f 9867 9868 9865
f 9893 9894 9895
f 9895 9896 9893
f 9905 9906 9907
f 9907 9908 9905
f 9917 9918 9919
f 9919 9920 9917
f 9929 9930 9931
f 9931 9932 9929
f 9941 9942 9943
f 9943 9944 9941
f 9969 9970 9971
f 9971 9972 9969
f 9981 9982 9983
f 9983 9984 9981
f 9993 9994 9995
f 9995 9996 9993
f 10005 10006 10007
f 10007 10008 10005
f 10033 10034 10035
f 10035 10036 10033
f 10045 10046 10047
f 10047 10048 10045
f 10057 10058 10059
f 10059 10060 10057
f 10069 10070 10071
f 10071 10072 10069
f 10097 10098 10099
f 10099 10100 10097
f 10109 10110 10111
f 10111 10112 10109
f 10121 10122 10123
f 10123 10124 10121
f 10149 10150 10151
f 10151 10152 10149
f 10161 10162 10163
f 10163 10164 10161
f 10189 10190 10191
f 10191 10192 10189
f 10201 10202 10203
f 10203 10204 10201
f 10229 10230 10231
f 10231 10232 10229
f 10241 10242 10243
f 10243 10244 10241
f 10253 10254 10255
f 10255 10256 10253
f 10281 10282 10283
f 10283 10284 10281
f 10293 10294 10295
f 10295 10296 10293
f 10321 10322 10323
f 10323 10324 10321
f 10333 10334 10335
f 10335 10336 10333
f 10345 10346 10347
f 10347 10348 10345
f 10373 10374 10375
f 10375 10376 10373
f 10385 10386 10387
f 10387 10388 10385
f 10397 10398 10399
f 10399 10400 10397
f 10409 10410 10411
f 10411 10412 10409
f 10421 10422 10423
f 10423 10424 10421
f 10449 10450 10451
f 10451 10452 10449
f 10461 10462 10463
f 10463 10464 10461
f 10473 10474 10475
f 10475 10476 10473
f 10485 10486 10487
f 10487 10488 10485
f 10497 10498 10499
f 10499 10500 10497
f 10525 10526 10527
f 10527 10528 10525
f 10537 10538 10539
f 10539 10540 10537
f 10549 10550 10551
f 10551 10552 10549
f 10561 10562 10563
f 10563 10564 10561
f 10589 10590 10591
f 10591 10592 10589
f 10601 10602 10603
f 10603 10604 10601
f 10613 10614 10615
f 10615 10616 10613
f 10625 10626 10627
f 10627 10628 10625
f 10637 10638 10639
f 10639 10640 10637
f 10665 10666 10667
f 10667 10668 10665
f 10677 10678 10679
f 10679 10680 10677
f 10689 10690 10691
f 10691 10692 10689
f 10717 10718 10719
f 10719 10720 10717
f 10729 10730 10731
f 10731 10732 10729
f 10741 10742 10743
f 10743 10744 10741
f 10753 10754 10755
f 10755 10756 10753
f 10781 10782 10783
f 10783 10784 10781
f 10793 10794 10795
f 10795 10796 10793
f 10805 10806 10807
f 10807 10808 10805
f 10817 10818 10819
f 10819 10820 10817
f 10829 10830 10831
f 10831 10832 10829
f 10857 10858 10859
f 10859 10860 10857
f 10869 10870 10871
f 10871 10872 10869
f 10881 10882 10883
f 10883 10884 10881
f 10893 10894 10895
f 10895 10896 10893
f 10921 10922 10923
f 10923 10924 10921
f 10933 10934 10935
f 10935 10936 10933
f 10945 10946 10947
f 10947 10948 10945
f 10957 10958 10959
f 10959 10960 10957
f 10969 10970 10971
f 10971 10972 10969
f 10981 10982 10983
f 10983 10984 10981
f 10993 10994 10995
f 10995 10996 10993
f 11005 11006 11007
f 11007 11008 11005
f 11033 11034 11035
f 11035 11036 11033
f 11045 11046 11047
f 11047 11048 11045
f 11057 11058 11059
f 11059 11060 11057
f 11085 11086 11087
f 11087 11088 11085
f 11097 11098 11099
f 11099 11100 11097
f 11125 11126 11127
f 11127 11128 11125
f 11137 11138 11139
f 11139 11140 11137
f 11149 11150 11151
f 11151 11152 11149
f 11161 11162 11163
f 11163 11164 11161
f 11189 11190 11191
f 11191 11192 11189
f 11201 11202 11203
f 11203 11204 11201
f 11213 11214 11215
f 11215 11216 11213
f 11225 11226 11227
f 11227 11228 11225
f 11237 11238 11239
f 11239 11240 11237
f 11249 11250 11251
f 11251 11252 11249
f 11261 11262 11263
f 11263 11264 11261
f 11273 11274 11275
f 11275 11276 11273
f 11285 11286 11287
f 11287 11288 11285
f 11297 11298 11299
f 11299 11300 11297
f 11309 11310 11311
f 11311 11312 11309
f 11337 11338 11339
f 11339 11340 11337
f 11349 11350 11351
f 11351 11352 11349
f 11361 11362 11363
f 11363 11364 11361
f 11373 11374 11375
f 11375 11376 11373
f 11401 11402 11403
f 11403 11404 11401
f 11413 11414 11415
f 11415 11416 11413
f 11425 11426 11427
f 11427 11428 11425
f 11437 11438 11439
f 11439 11440 11437
f 11465 11466 11467
f 11467 11468 11465
f 11477 11478 11479
f 11479 11480 11477
f 11489 11490 11491
f 11491 11492 11489
f 11517 11518 11519
f 11519 11520 11517
f 11529 11530 11531
f 11531 11532 11529
f 11557 11558 11559
f 11559 11560 11557
f 11569 11570 11571
f 11571 11572 11569
f 11597 11598 11599
f 11599 11600 11597
f 11609 11610 11611
f 11611 11612 11609
f 11621 11622 11623
f 11623 11624 11621
f 11649 11650 11651
f 11651 11652 11649
f 11661 11662 11663
f 11663 11664 11661
f 11689 11690 11691
f 11691 11692 11689
f 11701 11702 11703
f 11703 11704 11701
f 11729 11730 11731
f 11731 11732 11729
f 11741 11742 11743
f 11743 11744 11741
f 11753 11754 11755
f 11755 11756 11753
f 11781 11782 11783
f 11783 11784 11781
f 11793 11794 11795
f 11795 11796 11793
f 11805 11806 11807
f 11807 11808 11805
f 11817 11818 11819
f 11819 11820 11817
f 11829 11830 11831
f 11831 11832 11829
f 11857 11858 11859
f 11859 11860 11857
f 11869 11870 11871
f 11871 11872 11869
f 11881 11882 11883
f 11883 11884 11881
f 11909 11910 11911
f 11911 11912 11909
f 11921 11922 11923
f 11923 11924 11921
f 11949 11950 11951
f 11951 11952 11949
f 11961 11962 11963
f 11963 11964 11961
f 11989 11990 11991
f 11991 11992 11989
f 12001 12002 12003
f 12003 12004 12001
f 12029 12030 12031
f 12031 12032 12029
f 12041 12042 12043
f 12043 12044 12041
f 12053 12054 12055
f 12055 12056 12053
f 12081 12082 12083
f 12083 12084 12081
f 12093 12094 12095
f 12095 12096 12093
f 12105 12106 12107
f 12107 12108 12105
f 12133 12134 12135
f 12135 12136 12133
f 12145 12146 12147
f 12147 12148 12145
f 12157 12158 12159
f 12159 12160 12157
f 12169 12170 12171
f 12171 12172 12169
f 12197 12198 12199
f 12199 12200 12197
f 12209 12210 12211
f 12211 12212 12209
f 12221 12222 12223
f 12223 12224 12221
f 12249 12250 12251
f 12251 12252 12249
f 12261 12262 12263
f 12263 12264 12261
f 12273 12274 12275
f 12275 12276 12273
f 12285 12286 12287
f 12287 12288 12285
f 12313 12314 12315
f 12315 12316 12313
f 12325 12326 12327
f 12327 12328 12325
f 12337 12338 12339
f 12339 12340 12337
f 12349 12350 12351
f 12351 12352 12349
f 12361 12362 12363
f 12363 12364 12361
f 12389 12390 12391
f 12391 12392 12389
f 12401 12402 12403
f 12403 12404 12401
f 12429 12430 12431
f 12431 12432 12429
f 12441 12442 12443
f 12443 12444 12441
f 12453 12454 12455
f 12455 12456 12453
f 12465 12466 12467
f 12467 12468 12465
f 12477 12478 12479
f 12479 12480 12477
f 12505 12506 12507
f 12507 12508 12505
f 12517 12518 12519
f 12519 12520 12517
f 12529 12530 12531
f 12531 12532 12529
f 12541 12542 12543
f 12543 12544 12541
f 12569 12570 12571
f 12571 12572 12569
f 12581 12582 12583
f 12583 12584 12581
f 12593 12594 12595
f 12595 12596 12593
f 12605 12606 12607
f 12607 12608 12605
f 12617 12618 12619
f 12619 12620 12617
f 12645 12646 12647
f 12647 12648 12645
f 12657 12658 12659
f 12659 12660 12657
f 12669 12670 12671
f 12671 12672 12669
f 12697 12698 12699
f 12699 12700 12697
f 12709 12710 12711
f 12711 12712 12709
f 12721 12722 12723
f 12723 12724 12721
f 12733 12734 12735
f 12735 12736 12733
f 12761 12762 12763
f 12763 12764 12761
f 12773 12774 12775
f 12775 12776 12773
f 12801 12802 12803
f 12803 12804 12801
f 12813 12814 12815
f 12815 12816 12813
f 12825 12826 12827
f 12827 12828 12825
f 12837 12838 12839
f 12839 12840 12837
f 12849 12850 12851
f 12851 12852 12849
f 12877 12878 12879
f 12879 12880 12877
f 12889 12890 12891
f 12891 12892 12889
f 12901 12902 12903
f 12903 12904 12901
f 12913 12914 12915
f 12915 12916 12913
f 12941 12942 12943
f 12943 12944 12941
f 12953 12954 12955
f 12955 12956 12953
f 12965 12966 12967
f 12967 12968 12965
f 12993 12994 12995
f 12995 12996 12993
f 13005 13006 13007
f 13007 13008 13005
f 13017 13018 13019
f 13019 13020 13017
f 13045 13046 13047
f 13047 13048 13045
f 13057 13058 13059
f 13059 13060 13057
f 13069 13070 13071
f 13071 13072 13069
f 13081 13082 13083
f 13083 13084 13081
f 13093 13094 13095
f 13095 13096 13093
f 13121 13122 13123
f 13123 13124 13121
f 13133 13134 13135
f 13135 13136 13133
f 13145 13146 13147
f 13147 13148 13145
f 13157 13158 13159
f 13159 13160 13157
f 13185 13186 13187
f 13187 13188 13185
f 13197 13198 13199
f 13199 13200 13197
f 13209 13210 13211
f 13211 13212 13209
f 13221 13222 13223
f 13223 13224 13221
f 13249 13250 13251
f 13251 13252 13249
f 13261 13262 13263
f 13263 13264 13261
f 13273 13274 13275
f 13275 13276 13273
f 13285 13286 13287
f 13287 13288 13285
f 13313 13314 13315
f 13315 13316 13313
f 13325 13326 13327
f 13327 13328 13325
f 13353 13354 13355
f 13355 13356 13353
f 13365 13366 13367
f 13367 13368 13365
f 13377 13378 13379
f 13379 13380 13377
f 13405 13406 13407
f 13407 13408 13405
f 13417 13418 13419
f 13419 13420 13417
f 13429 13430 13431
f 13431 13432 13429
f 13441 13442 13443
f 13443 13444 13441
f 13469 13470 13471
f 13471 13472 13469
f 13481 13482 13483
f 13483 13484 13481
f 13493 13494 13495
f 13495 13496 13493
f 13521 13522 13523
f 13523 13524 13521
f 13533 13534 13535
f 13535 13536 13533
f 13561 13562 13563
f 13563 13564 13561
f 13573 13574 13575
f 13575 13576 13573
f 13585 13586 13587
f 13587 13588 13585
f 13597 13598 13599
f 13599 13600 13597
f 13625 13626 13627
f 13627 13628 13625
f 13637 13638 13639
f 13639 13640 13637
f 13649 13650 13651
f 13651 13652 13649
f 13661 13662 13663
f 13663 13664 13661
f 13673 13674 13675
f 13675 13676 13673
f 13701 13702 13703
f 13703 13704 13701
f 13713 13714 13715
f 13715 13716 13713
f 13725 13726 13727
f 13727 13728 13725
f 13753 13754 13755
f 13755 13756 13753
f 13765 13766 13767
f 13767 13768 13765
f 13777 13778 13779
f 13779 13780 13777
f 13789 13790 13791
f 13791 13792 13789
f 13817 13818 13819
f 13819 13820 13817
f 13829 13830 13831
f 13831 13832 13829
f 13857 13858 13859
f 13859 13860 13857
f 13869 13870 13871
f 13871 13872 13869
f 13897 13898 13899
f 13899 13900 13897
f 13909 13910 13911
f 13911 13912 13909
f 13921 13922 13923
f 13923 13924 13921
f 13949 13950 13951
f 13951 13952 13949
f 13961 13962 13963
f 13963 13964 13961
f 13973 13974 13975
f 13975 13976 13973
f 13985 13986 13987
f 13987 13988 13985
f 14013 14014 14015
f 14015 14016 14013
f 14025 14026 14027
f 14027 14028 14025
f 14037 14038 14039
f 14039 14040 14037
f 14065 14066 14067
f 14067 14068 14065
f 14077 14078 14079
f 14079 14080 14077
f 14089 14090 14091
f 14091 14092 14089
f 14101 14102 14103
f 14103 14104 14101
f 14113 14114 14115
f 14115 14116 14113
f 14141 14142 14143
f 14143 14144 14141
f 14153 14154 14155
f 14155 14156 14153
f 14165 14166 14167
f 14167 14168 14165
f 14177 14178 14179
f 14179 14180 14177
f 14189 14190 14191
f 14191 14192 14189
f 14217 14218 14219
f 14219 14220 14217
f 14229 14230 14231
f 14231 14232 14229
f 14257 14258 14259
f 14259 14260 14257
f 14269 14270 14271
f 14271 14272 14269
f 14281 14282 14283
f 14283 14284 14281
f 14293 14294 14295
f 14295 14296 14293
f 14321 14322 14323
f 14323 14324 14321
f 14333 14334 14335
f 14335 14336 14333
f 14345 14346 14347
f 14347 14348 14345
f 14357 14358 14359
f 14359 14360 14357
f 14385 14386 14387
f 14387 14388 14385
f 14397 14398 14399
f 14399 14400 14397
f 14409 14410 14411
f 14411 14412 14409
f 14421 14422 14423
f 14423 14424 14421
f 14433 14434 14435
f 14435 14436 14433
f 14461 14462 14463
f 14463 14464 14461
f 14473 14474 14475
f 14475 14476 14473
f 14485 14486 14487
f 14487 14488 14485
f 14513 14514 14515
f 14515 14516 14513
f 14525 14526 14527
f 14527 14528 14525
f 14537 14538 14539
f 14539 14540 14537
f 14565 14566 14567
f 14567 14568 14565
f 14577 14578 14579
f 14579 14580 14577
f 14589 14590 14591
f 14591 14592 14589
f 14601 14602 14603
f 14603 14604 14601
f 14613 14614 14615
f 14615 14616 14613
f 14625 14626 14627
f 14627 14628 14625
f 14653 14654 14655
f 14655 14656 14653
f 14665 14666 14667
f 14667 14668 14665
f 14677 14678 14679
f 14679 14680 14677
f 14689 14690 14691
f 14691 14692 14689
f 14701 14702 14703
f 14703 14704 14701
f 14729 14730 14731
f 14731 14732 14729
f 14741 14742 14743
f 14743 14744 14741
f 14753 14754 14755
f 14755 14756 14753
f 14781 14782 14783
f 14783 14784 14781
f 14793 14794 14795
f 14795 14796 14793
f 14805 14806 14807
f 14807 14808 14805
f 14833 14834 14835
f 14835 14836 14833
f 14845 14846 14847
f 14847 14848 14845
f 14873 14874 14875
f 14875 14876 14873
f 14885 14886 14887
f 14887 14888 14885
f 14897 14898 14899
f 14899 14900 14897
f 14909 14910 14911
f 14911 14912 14909
f 14921 14922 14923
f 14923 14924 14921
f 14949 14950 14951
f 14951 14952 14949
f 14961 14962 14963
f 14963 14964 14961
f 14973 14974 14975
f 14975 14976 14973
f 14985 14986 14987
f 14987 14988 14985
f 14997 14998 14999
f 14999 15000 14997
f 15025 15026 15027
f 15027 15028 15025
f 15037 15038 15039
f 15039 15040 15037
f 15065 15066 15067
f 15067 15068 15065
f 15077 15078 15079
f 15079 15080 15077
f 15089 15090 15091
f 15091 15092 15089
f 15117 15118 15119
f 15119 15120 15117
f 15129 15130 15131
f 15131 15132 15129
f 15141 15142 15143
f 15143 15144 15141
f 15169 15170 15171
f 15171 15172 15169
f 15181 15182 15183
f 15183 15184 15181
f 15193 15194 15195
f 15195 15196 15193
f 15205 15206 15207
f 15207 15208 15205
f 15233 15234 15235
f 15235 15236 15233
f 15245 15246 15247
f 15247 15248 15245
f 15257 15258 15259
f 15259 15260 15257
f 15285 15286 15287
f 15287 15288 15285
f 15297 15298 15299
f 15299 15300 15297
f 15309 15310 15311
f 15311 15312 15309
f 15337 15338 15339
f 15339 15340 15337
f 15349 15350 15351
f 15351 15352 15349
f 15361 15362 15363
f 15363 15364 15361
f 15389 15390 15391
f 15391 15392 15389
f 15401 15402 15403
f 15403 15404 15401
f 15429 15430 15431
f 15431 15432 15429
f 15441 15442 15443
f 15443 15444 15441
f 15469 15470 15471
f 15471 15472 15469
f 15497 15498 15499
f 15499 15500 15497
f 15509 15510 15511
f 15511 15512 15509
f 15537 15538 15539
f 15539 15540 15537
f 15549 15550 15551
f 15551 15552 15549
f 15577 15578 15579
f 15579 15580 15577
f 15605 15606 15607
f 15607 15608 15605
f 15633 15634 15635
f 15635 15636 15633
f 15645 15646 15647
f 15647 15648 15645
f 15673 15674 15675
f 15675 15676 15673
f 15685 15686 15687
f 15687 15688 15685
f 15697 15698 15699
f 15699 15700 15697
f 15725 15726 15727
f 15727 15728 15725
f 15737 15738 15739
f 15739 15740 15737
f 15749 15750 15751
f 15751 15752 15749
f 15777 15778 15779
f 15779 15780 15777
f 15789 15790 15791
f 15791 15792 15789
f 15801 15802 15803
f 15803 15804 15801
f 15829 15830 15831
f 15831 15832 15829
f 15841 15842 15843
f 15843 15844 15841
f 15853 15854 15855
f 15855 15856 15853
f 15881 15882 15883
f 15883 15884 15881
f 15893 15894 15895
f 15895 15896 15893
f 15921 15922 15923
f 15923 15924 15921
f 15933 15934 15935
f 15935 15936 15933
f 15945 15946 15947
f 15947 15948 15945
f 15973 15974 15975
f 15975 15976 15973
f 15985 15986 15987
f 15987 15988 15985
f 15997 15998 15999
f 15999 16000 15997
f 16009 16010 16011
f 16011 16012 16009
f 16021 16022 16023
f 16023 16024 16021
f 16049 16050 16051
f 16051 16052 16049
f 16061 16062 16063
f 16063 16064 16061
f 16073 16074 16075
f 16075 16076 16073
f 16085 16086 16087
f 16087 16088 16085
f 16097 16098 16099
f 16099 16100 16097
f 16125 16126 16127
f 16127 16128 16125
f 16137 16138 16139
f 16139 16140 16137
f 16149 16150 16151
f 16151 16152 16149
f 16177 16178 16179
f 16179 16180 16177
f 16189 16190 16191
f 16191 16192 16189
f 16201 16202 16203
f 16203 16204 16201
f 16229 16230 16231
f 16231 16232 16229
f 16241 16242 16243
f 16243 16244 16241
f 16253 16254 16255
f 16255 16256 16253
f 16265 16266 16267
f 16267 16268 16265
f 16277 16278 16279
f 16279 16280 16277
f 16289 16290 16291
f 16291 16292 16289
f 16301 16302 16303
f 16303 16304 16301
f 16329 16330 16331
f 16331 16332 16329
f 16341 16342 16343
f 16343 16344 16341
f 16353 16354 16355
f 16355 16356 16353
f 16365 16366 16367
f 16367 16368 16365
f 16377 16378 16379
f 16379 16380 16377
f 16389 16390 16391
f 16391 16392 16389
f 16417 16418 16419
f 16419 16420 16417
f 16429 16430 16431
f 16431 16432 16429
f 16441 16442 16443
f 16443 16444 16441
f 16453 16454 16455
f 16455 16456 16453
f 16465 16466 16467
f 16467 16468 16465
f 16477 16478 16479
f 16479 16480 16477
f 16489 16490 16491
f 16491 16492 16489
f 16517 16518 16519
f 16519 16520 16517
f 16529 16530 16531
f 16531 16532 16529
f 16541 16542 16543
f 16543 16544 16541
f 16553 16554 16555
f 16555 16556 16553
f 16581 16582 16583
f 16583 16584 16581
f 16593 16594 16595
f 16595 16596 16593
f 16605 16606 16607
f 16607 16608 16605
f 16617 16618 16619
f 16619 16620 16617
f 16629 16630 16631
f 16631 16632 16629
f 16657 16658 16659
f 16659 16660 16657
f 16669 16670 16671
f 16671 16672 16669
f 16681 16682 16683
f 16683 16684 16681
f 16693 16694 16695
f 16695 16696 16693
f 16705 16706 16707
f 16707 16708 16705
f 16717 16718 16719
f 16719 16720 16717
f 16729 16730 16731
f 16731 16732 16729
f 16741 16742 16743
f 16743 16744 16741
f 16769 16770 16771
f 16771 16772 16769
f 16781 16782 16783
f 16783 16784 16781
f 16793 16794 16795
f 16795 16796 16793
f 16805 16806 16807
f 16807 16808 16805
f 16817 16818 16819
f 16819 16820 16817
f 16845 16846 16847
f 16847 16848 16845
f 16857 16858 16859
f 16859 16860 16857
f 16869 16870 16871
f 16871 16872 16869
f 16881 16882 16883
f 16883 16884 16881
f 16893 16894 16895
f 16895 16896 16893
f 16921 16922 16923
f 16923 16924 16921
f 16933 16934 16935
f 16935 16936 16933
f 16945 16946 16947
f 16947 16948 16945
f 16973 16974 16975
f 16975 16976 16973
f 16985 16986 16987
f 16987 16988 16985
f 16997 16998 16999
f 16999 17000 16997
f 17009 17010 17011
f 17011 17012 17009
f 17037 17038 17039
f 17039 17040 17037
f 17049 17050 17051
f 17051 17052 17049
f 17061 17062 17063
f 17063 17064 17061
f 17089 17090 17091
f 17091 17092 17089
f 17101 17102 17103
f 17103 17104 17101
f 17129 17130 17131
f 17131 17132 17129
f 17141 17142 17143
f 17143 17144 17141
f 17153 17154 17155
f 17155 17156 17153
f 17165 17166 17167
f 17167 17168 17165
f 17193 17194 17195
f 17195 17196 17193
f 17205 17206 17207
f 17207 17208 17205
f 17217 17218 17219
f 17219 17220 17217
f 17245 17246 17247
f 17247 17248 17245
f 17257 17258 17259
f 17259 17260 17257
f 17269 17270 17271
f 17271 17272 17269
f 17297 17298 17299
f 17299 17300 17297
f 17309 17310 17311
f 17311 17312 17309
f 17321 17322 17323
f 17323 17324 17321
f 17333 17334 17335
f 17335 17336 17333
f 17361 17362 17363
f 17363 17364 17361
f 17373 17374 17375
f 17375 17376 17373
f 17401 17402 17403
f 17403 17404 17401
f 17413 17414 17415
f 17415 17416 17413
f 17425 17426 17427
f 17427 17428 17425
f 17453 17454 17455
f 17455 17456 17453
f 17465 17466 17467
f 17467 17468 17465
f 17477 17478 17479
f 17479 17480 17477
f 17505 17506 17507
f 17507 17508 17505
f 17517 17518 17519
f 17519 17520 17517
f 17545 17546 17547
f 17547 17548 17545
f 17557 17558 17559
f 17559 17560 17557
f 17585 17586 17587
f 17587 17588 17585
f 17597 17598 17599
f 17599 17600 17597
f 17625 17626 17627
f 17627 17628 17625
f 17637 17638 17639
f 17639 17640 17637
f 17649 17650 17651
f 17651 17652 17649
f 17677 17678 17679
f 17679 17680 17677
f 17689 17690 17691
f 17691 17692 17689
f 17701 17702 17703
f 17703 17704 17701
f 17713 17714 17715
f 17715 17716 17713
f 17725 17726 17727
f 17727 17728 17725
f 17737 17738 17739
f 17739 17740 17737
f 17765 17766 17767
f 17767 17768 17765
f 17777 17778 17779
f 17779 17780 17777
f 17789 17790 17791
f 17791 17792 17789
f 17817 17818 17819
f 17819 17820 17817
f 17829 17830 17831
f 17831 17832 17829
f 17841 17842 17843
f 17843 17844 17841
f 17869 17870 17871
f 17871 17872 17869
f 17881 17882 17883
f 17883 17884 17881
f 17909 17910 17911
f 17911 17912 17909
f 17921 17922 17923
f 17923 17924 17921
f 17933 17934 17935
f 17935 17936 17933
f 17945 17946 17947
f 17947 17948 17945
f 17973 17974 17975
f 17975 17976 17973
f 17985 17986 17987
f 17987 17988 17985
f 17997 17998 17999
f 17999 18000 17997
f 18025 18026 18027
f 18027 18028 18025
f 18037 18038 18039
f 18039 18040 18037
f 18049 18050 18051
f 18051 18052 18049
f 18077 18078 18079
f 18079 18080 18077
f 18089 18090 18091
f 18091 18092 18089
f 18101 18102 18103
f 18103 18104 18101
f 18113 18114 18115
f 18115 18116 18113
f 18141 18142 18143
f 18143 18144 18141
f 18153 18154 18155
f 18155 18156 18153
f 18181 18182 18183
f 18183 18184 18181
f 18193 18194 18195
f 18195 18196 18193
f 18205 18206 18207
f 18207 18208 18205
f 18217 18218 18219
f 18219 18220 18217
f 18245 18246 18247
f 18247 18248 18245
f 18257 18258 18259
f 18259 18260 18257
f 18269 18270 18271
f 18271 18272 18269
f 18297 18298 18299
f 18299 18300 18297
f 18309 18310 18311
f 18311 18312 18309
f 18321 18322 18323
f 18323 18324 18321
f 18333 18334 18335
f 18335 18336 18333
f 18361 18362 18363
f 18363 18364 18361
f 18373 18374 18375
f 18375 18376 18373
f 18385 18386 18387
f 18387 18388 18385
f 18413 18414 18415
f 18415 18416 18413
f 18425 18426 18427
f 18427 18428 18425
f 18453 18454 18455
f 18455 18456 18453
f 18465 18466 18467
f 18467 18468 18465
f 18493 18494 18495
f 18495 18496 18493
f 18505 18506 18507
f 18507 18508 18505
f 18533 18534 18535
f 18535 18536 18533
f 18545 18546 18547
f 18547 18548 18545
f 18557 18558 18559
f 18559 18560 18557
f 18569 18570 18571
f 18571 18572 18569
f 18597 18598 18599
f 18599 18600 18597
f 18609 18610 18611
f 18611 18612 18609
f 18621 18622 18623
f 18623 18624 18621
f 18649 18650 18651
f 18651 18652 18649
f 18661 18662 18663
f 18663 18664 18661
f 18673 18674 18675
f 18675 18676 18673
f 18701 18702 18703
f 18703 18704 18701
f 18713 18714 18715
f 18715 18716 18713
f 18725 18726 18727
f 18727 18728 18725
f 18737 18738 18739
f 18739 18740 18737
f 18765 18766 18767
f 18767 18768 18765
f 18777 18778 18779
f 18779 18780 18777
f 18789 18790 18791
f 18791 18792 18789
f 18801 18802 18803
f 18803 18804 18801
f 18829 18830 18831
f 18831 18832 18829
f 18841 18842 18843
f 18843 18844 18841
f 18853 18854 18855
f 18855 18856 18853
f 18881 18882 18883
f 18883 18884 18881
f 18893 18894 18895
f 18895 18896 18893
f 18921 18922 18923
f 18923 18924 18921
f 18933 18934 18935
f 18935 18936 18933
f 18961 18962 18963
f 18963 18964 18961
f 18973 18974 18975
f 18975 18976 18973
f 19001 19002 19003
f 19003 19004 19001
f 19013 19014 19015
f 19015 19016 19013
f 19025 19026 19027
f 19027 19028 19025
f 19037 19038 19039
f 19039 19040 19037
f 19049 19050 19051
f 19051 19052 19049
f 19061 19062 19063
f 19063 19064 19061
f 19073 19074 19075
f 19075 19076 19073
f 19101 19102 19103
f 19103 19104 19101
f 19113 19114 19115
f 19115 19116 19113
f 19141 19142 19143
f 19143 19144 19141
f 19153 19154 19155
f 19155 19156 19153
f 19165 19166 19167
f 19167 19168 19165
f 19177 19178 19179
f 19179 19180 19177
f 19205 19206 19207
f 19207 19208 19205
f 19217 19218 19219
f 19219 19220 19217
f 19229 19230 19231
f 19231 19232 19229
f 19241 19242 19243
f 19243 19244 19241
f 19253 19254 19255
f 19255 19256 19253
f 19281 19282 19283
f 19283 19284 19281
f 19293 19294 19295
f 19295 19296 19293
f 19305 19306 19307
f 19307 19308 19305
f 19317 19318 19319
f 19319 19320 19317
f 19329 19330 19331
f 19331 19332 19329
f 19357 19358 19359
f 19359 19360 19357
f 19369 19370 19371
f 19371 19372 19369
f 19397 19398 19399
f 19399 19400 19397
f 19409 19410 19411
f 19411 19412 19409
f 19421 19422 19423
f 19423 19424 19421
f 19449 19450 19451
f 19451 19452 19449
f 19461 19462 19463
f 19463 19464 19461
f 19473 19474 19475
f 19475 19476 19473
f 19501 19502 19503
f 19503 19504 19501
f 19513 19514 19515
f 19515 19516 19513
f 19525 19526 19527
f 19527 19528 19525
f 19553 19554 19555
f 19555 19556 19553
f 19565 19566 19567
f 19567 19568 19565
f 19577 19578 19579
f 19579 19580 19577
f 19605 19606 19607
f 19607 19608 19605
f 19617 19618 19619
f 19619 19620 19617
f 19645 19646 19647
f 19647 19648 19645
f 19657 19658 19659
f 19659 19660 19657
f 19669 19670 19671
f 19671 19672 19669
f 19697 19698 19699
f 19699 19700 19697
f 19709 19710 19711
f 19711 19712 19709
f 19737 19738 19739
f 19739 19740 19737
f 19749 19750 19751
f 19751 19752 19749
f 19761 19762 19763
f 19763 19764 19761
f 19773 19774 19775
f 19775 19776 19773
f 19801 19802 19803
f 19803 19804 19801
f 19813 19814 19815
f 19815 19816 19813
f 19825 19826 19827
f 19827 19828 19825
f 19837 19838 19839
f 19839 19840 19837
f 19865 19866 19867
f 19867 19868 19865
f 19877 19878 19879
f 19879 19880 19877
f 19889 19890 19891
f 19891 19892 19889
f 19901 19902 19903
f 19903 19904 19901
f 19929 19930 19931
f 19931 19932 19929
f 19941 19942 19943
f 19943 19944 19941
f 19953 19954 19955
f 19955 19956 19953
f 19965 19966 19967
f 19967 19968 19965
f 19993 19994 19995
f 19995 19996 19993
f 20005 20006 20007
f 20007 20008 20005
f 20017 20018 20019
f 20019 20020 20017
f 20029 20030 20031
f 20031 20032 20029
f 20041 20042 20043
f 20043 20044 20041
f 20069 20070 20071
f 20071 20072 20069
f 20081 20082 20083
f 20083 20084 20081
f 20093 20094 20095
f 20095 20096 20093
f 20105 20106 20107
f 20107 20108 20105
f 20133 20134 20135
f 20135 20136 20133
f 20145 20146 20147
f 20147 20148 20145
f 20157 20158 20159
f 20159 20160 20157
f 20169 20170 20171
f 20171 20172 20169
f 20181 20182 20183
f 20183 20184 20181
f 20193 20194 20195
f 20195 20196 20193
f 20221 20222 20223
f 20223 20224 20221
f 20233 20234 20235
f 20235 20236 20233
f 20245 20246 20247
f 20247 20248 20245
f 20273 20274 20275
f 20275 20276 20273
f 20285 20286 20287
f 20287 20288 20285
f 20297 20298 20299
f 20299 20300 20297
f 20309 20310 20311
f 20311 20312 20309
f 20337 20338 20339
f 20339 20340 20337
f 20349 20350 20351
f 20351 20352 20349
f 20361 20362 20363
f 20363 20364 20361
f 20373 20374 20375
f 20375 20376 20373
f 20385 20386 20387
f 20387 20388 20385
f 20413 20414 20415
f 20415 20416 20413
f 20425 20426 20427
f 20427 20428 20425
f 20437 20438 20439
f 20439 20440 20437
f 20465 20466 20467
f 20467 20468 20465
f 20477 20478 20479
f 20479 20480 20477
f 20505 20506 20507
f 20507 20508 20505
f 20517 20518 20519
f 20519 20520 20517
f 20529 20530 20531
f 20531 20532 20529
f 20557 20558 20559
f 20559 20560 20557
f 20569 20570 20571
f 20571 20572 20569
f 20581 20582 20583
f 20583 20584 20581
f 20593 20594 20595
f 20595 20596 20593
f 20621 20622 20623
f 20623 20624 20621
f 20633 20634 20635
f 20635 20636 20633
f 20645 20646 20647
f 20647 20648 20645
f 20657 20658 20659
f 20659 20660 20657
f 20685 20686 20687
f 20687 20688 20685
f 20697 20698 20699
f 20699 20700 20697
f 20709 20710 20711
f 20711 20712 20709
f 20721 20722 20723
f 20723 20724 20721
f 20733 20734 20735
f 20735 20736 20733
f 20745 20746 20747
f 20747 20748 20745
f 20773 20774 20775
f 20775 20776 20773
f 20785 20786 20787
f 20787 20788 20785
f 20813 20814 20815
f 20815 20816 20813
f 20825 20826 20827
f 20827 20828 20825
f 20837 20838 20839
f 20839 20840 20837
f 20865 20866 20867
f 20867 20868 20865
f 20877 20878 20879
f 20879 20880 20877
f 20889 20890 20891
f 20891 20892 20889
f 20917 20918 20919
f 20919 20920 20917
f 20929 20930 20931
f 20931 20932 20929
f 20941 20942 20943
f 20943 20944 20941
f 20969 20970 20971
f 20971 20972 20969
f 20981 20982 20983
f 20983 20984 20981
f 20993 20994 20995
f 20995 20996 20993
f 21005 21006 21007
f 21007 21008 21005
f 21017 21018 21019
f 21019 21020 21017
f 21029 21030 21031
f 21031 21032 21029
f 21041 21042 21043
f 21043 21044 21041
f 21069 21070 21071
f 21071 21072 21069
f 21081 21082 21083
f 21083 21084 21081
f 21093 21094 21095
f 21095 21096 21093
f 21105 21106 21107
f 21107 21108 21105
f 21117 21118 21119
f 21119 21120 21117
f 21129 21130 21131
f 21131 21132 21129
f 21157 21158 21159
f 21159 21160 21157
f 21169 21170 21171
f 21171 21172 21169
f 21181 21182 21183
f 21183 21184 21181
f 21193 21194 21195
f 21195 21196 21193
f 21221 21222 21223
f 21223 21224 21221
f 21233 21234 21235
f 21235 21236 21233
f 21245 21246 21247
f 21247 21248 21245
f 21273 21274 21275
f 21275 21276 21273
f 21285 21286 21287
f 21287 21288 21285
f 21297 21298 21299
f 21299 21300 21297
f 21325 21326 21327
f 21327 21328 21325
f 21337 21338 21339
f 21339 21340 21337
f 21365 21366 21367
f 21367 21368 21365
f 21377 21378 21379
f 21379 21380 21377
f 21389 21390 21391
f 21391 21392 21389
f 21417 21418 21419
f 21419 21420 21417
f 21429 21430 21431
f 21431 21432 21429
f 21441 21442 21443
f 21443 21444 21441
f 21453 21454 21455
f 21455 21456 21453
f 21481 21482 21483
f 21483 21484 21481
f 21493 21494 21495
f 21495 21496 21493
f 21505 21506 21507
f 21507 21508 21505
f 21533 21534 21535
f 21535 21536 21533
f 21545 21546 21547
f 21547 21548 21545
f 21573 21574 21575
f 21575 21576 21573
f 21585 21586 21587
f 21587 21588 21585
f 21597 21598 21599
f 21599 21600 21597
f 21609 21610 21611
f 21611 21612 21609
f 21637 21638 21639
f 21639 21640 21637
f 21649 21650 21651
f 21651 21652 21649
f 21677 21678 21679
f 21679 21680 21677
f 21689 21690 21691
f 21691 21692 21689
f 21717 21718 21719
f 21719 21720 21717
f 21729 21730 21731
f 21731 21732 21729
f 21741 21742 21743
f 21743 21744 21741
f 21753 21754 21755
f 21755 21756 21753
f 21781 21782 21783
f 21783 21784 21781
f 21793 21794 21795
f 21795 21796 21793
f 21805 21806 21807
f 21807 21808 21805
f 21817 21818 21819
f 21819 21820 21817
f 21829 21830 21831
f 21831 21832 21829
f 21857 21858 21859
f 21859 21860 21857
f 21869 21870 21871
f 21871 21872 21869
f 21881 21882 21883
f 21883 21884 21881
f 21893 21894 21895
f 21895 21896 21893
f 21921 21922 21923
f 21923 21924 21921
f 21933 21934 21935
f 21935 21936 21933
f 21945 21946 21947
f 21947 21948 21945
f 21957 21958 21959
f 21959 21960 21957
f 21985 21986 21987
f 21987 21988 21985
f 21997 21998 21999
f 21999 22000 21997
f 22009 22010 22011
f 22011 22012 22009
f 22021 22022 22023
f 22023 22024 22021
f 22033 22034 22035
f 22035 22036 22033
f 22061 22062 22063
f 22063 22064 22061
f 22073 22074 22075
f 22075 22076 22073
f 22101 22102 22103
f 22103 22104 22101
f 22113 22114 22115
f 22115 22116 22113
f 22125 22126 22127
f 22127 22128 22125
f 22153 22154 22155
f 22155 22156 22153
f 22165 22166 22167
f 22167 22168 22165
f 22193 22194 22195
f 22195 22196 22193
f 22205 22206 22207
f 22207 22208 22205
f 22217 22218 22219
f 22219 22220 22217
f 22245 22246 22247
f 22247 22248 22245
f 22257 22258 22259
f 22259 22260 22257
f 22269 22270 22271
f 22271 22272 22269
f 22297 22298 22299
f 22299 22300 22297
f 22309 22310 22311
f 22311 22312 22309
f 22337 22338 22339
f 22339 22340 22337
f 22349 22350 22351
f 22351 22352 22349
f 22361 22362 22363
f 22363 22364 22361
f 22373 22374 22375
f 22375 22376 22373
f 22401 22402 22403
f 22403 22404 22401
f 22413 22414 22415
f 22415 22416 22413
f 22425 22426 22427
f 22427 22428 22425
f 22437 22438 22439
f 22439 22440 22437
f 22449 22450 22451
f 22451 22452 22449
f 22461 22462 22463
f 22463 22464 22461
f 22489 22490 22491
f 22491 22492 22489
f 22501 22502 22503
f 22503 22504 22501
f 22513 22514 22515
f 22515 22516 22513
f 22525 22526 22527
f 22527 22528 22525
f 22553 22554 22555
f 22555 22556 22553
f 22565 22566 22567
f 22567 22568 22565
f 22577 22578 22579
f 22579 22580 22577
f 22589 22590 22591
f 22591 22592 22589
f 22601 22602 22603
f 22603 22604 22601
f 22629 22630 22631
f 22631 22632 22629
f 22641 22642 22643
f 22643 22644 22641
f 22669 22670 22671
f 22671 22672 22669
f 22681 22682 22683
f 22683 22684 22681
f 22693 22694 22695
f 22695 22696 22693
f 22705 22706 22707
f 22707 22708 22705
f 22717 22718 22719
f 22719 22720 22717
f 22745 22746 22747
f 22747 22748 22745
f 22757 22758 22759
f 22759 22760 22757
f 22769 22770 22771
f 22771 22772 22769
f 22781 22782 22783
f 22783 22784 22781
f 22809 22810 22811
f 22811 22812 22809
f 22821 22822 22823
f 22823 22824 22821
f 22833 22834 22835
f 22835 22836 22833
f 22845 22846 22847
f 22847 22848 22845
f 22857 22858 22859
f 22859 22860 22857
f 22885 22886 22887
f 22887 22888 22885
f 22897 22898 22899
f 22899 22900 22897
f 22909 22910 22911
f 22911 22912 22909
f 22921 22922 22923
f 22923 22924 22921
f 22933 22934 22935
f 22935 22936 22933
f 22961 22962 22963
f 22963 22964 22961
f 22973 22974 22975
f 22975 22976 22973
f 22985 22986 22987
f 22987 22988 22985
f 22997 22998 22999
f 22999 23000 22997
f 23009 23010 23011
f 23011 23012 23009
f 23021 23022 23023
f 23023 23024 23021
f 23049 23050 23051
f 23051 23052 23049
f 23061 23062 23063
f 23063 23064 23061
f 23089 23090 23091
f 23091 23092 23089
f 23117 23118 23119
f 23119 23120 23117
f 23145 23146 23147
f 23147 23148 23145
g sidewalks
f 5 6 7
f 7 8 5
f 9 10 11
f 11 12 9
f 17 18 19
f 19 20 17
f 21 22 23
f 23 24 21
f 45 46 47
f 47 48 45
f 49 50 51
f 51 52 49
f 73 74 75
f 75 76 73
f 77 78 79
f 79 80 77
f 101 102 103
f 103 104 101
f 105 106 107
f 107 108 105
f 129 130 131
f 131 132 129
f 133 134 135
f 135 136 133
f 157 158 159
f 159 160 157
f 161 162 163
f 163 164 161
f 169 170 171
f 171 172 169
f 173 174 175
f 175 176 173
f 197 198 199
f 199 200 197
f 201 202 203
f 203 204 201
f 209 210 211
f 211 212 209
f 213 214 215
f 215 216 213
f 237 238 239
f 239 240 237
f 241 242 243
f 243 244 241
f 265 266 267
f 267 268 265
f 269 270 271
f 271 272 269
f 277 278 279
f 279 280 277
f 281 282 283
f 283 284 281
f 305 306 307
f 307 308 305
f 309 310 311
f 311 312 309
f 333 334 335
f 335 336 333
f 337 338 339
f 339 340 337
f 361 362 363
f 363 364 361
f 365 366 367
f 367 368 365
f 389 390 391
f 391 392 389
f 393 394 395
f 395 396 393
f 417 418 419
f 419 420 417
f 421 422 423
f 423 424 421
f 429 430 431
f 431 432 429
f 433 434 435
f 435 436 433
f 457 458 459
f 459 460 457
f 461 462 463
f 463 464 461
f 485 486 487
f 487 488 485
f 489 490 491
f 491 492 489
f 497 498 499
f 499 500 497
f 501 502 503
f 503 504 501
f 525 526 527
f 527 528 525
f 529 530 531
f 531 532 529
f 537 538 539
f 539 540 537
f 541 542 543
f 543 544 541
f 565 566 567
f 567 568 565
f 569 570 571
f 571 572 569
f 593 594 595
f 595 596 593
f 597 598 599
f 599 600 597
f 621 622 623
f 623 624 621
f 625 626 627
f 627 628 625
f 649 650 651
f 651 652 649
f 653 654 655
f 655 656 653
f 677 678 679
f 679 680 677
f 681 682 683
f 683 684 681
f 705 706 707
f 707 708 705
f 709 710 711
f 711 712 709
f 733 734 735
f 735 736 733
f 737 738 739
f 739 740 737
f 765 766 767
f 767 768 765
f 769 770 771
f 771 772 769
f 797 798 799
f 799 800 797
f 801 802 803
f 803 804 801
f 829 830 831
f 831 832 829
f 833 834 835
f 835 836 833
f 861 862 863
f 863 864 861
f 865 866 867
f 867 868 865
f 893 894 895
f 895 896 893
f 897 898 899
f 899 900 897
f 925 926 927
f 927 928 925
f 929 930 931
f 931 932 929
f 957 958 959
f 959 960 957
f 961 962 963
f 963 964 961
f 989 990 991
f 991 992 989
f 993 994 995
f 995 996 993
f 1021 1022 1023
f 1023 1024 1021
f 1025 1026 1027
f 1027 1028 1025
f 1053 1054 1055
f 1055 1056 1053
f 1057 1058 1059
f 1059 1060 1057
f 1085 1086 1087
f 1087 1088 1085
f 1089 1090 1091
f 1091 1092 1089
f 1117 1118 1119
f 1119 1120 1117
f 1121 1122 1123
f 1123 1124 1121
f 1149 1150 1151
f 1151 1152 1149
f 1153 1154 1155
f 1155 1156 1153
f 1181 1182 1183
f 1183 1184 1181
f 1185 1186 1187
f 1187 1188 1185
f 1213 1214 1215
f 1215 1216 1213
f 1217 1218 1219
f 1219 1220 1217
f 1245 1246 1247
f 1247 1248 1245
f 1249 1250 1251
f 1251 1252 1249
f 1277 1278 1279
f 1279 1280 1277
f 1281 1282 1283
f 1283 1284 1281
f 1309 1310 1311
f 1311 1312 1309
f 1313 1314 1315
f 1315 1316 1313
f 1325 1326 1327
f 1327 1328 1325
f 1329 1330 1331
f 1331 1332 1329
f 1357 1358 1359
f 1359 1360 1357
f 1361 1362 1363
f 1363 1364 1361
f 1389 1390 1391
f 1391 1392 1389
f 1393 1394 1395
f 1395 1396 1393
f 1421 1422 1423
f 1423 1424 1421
f 1425 1426 1427
f 1427 1428 1425
f 1453 1454 1455
f 1455 1456 1453
f 1457 1458 1459
f 1459 1460 1457
f 1469 1470 1471
f 1471 1472 1469
f 1473 1474 1475
f 1475 1476 1473
f 1501 1502 1503
f 1503 1504 1501
f 1505 1506 1507
f 1507 1508 1505
f 1517 1518 1519
f 1519 1520 1517
f 1521 1522 1523
f 1523 1524 1521
f 1533 1534 1535
f 1535 1536 1533
f 1537 1538 1539
f 1539 1540 1537
f 1565 1566 1567
f 1567 1568 1565
f 1569 1570 1571
f 1571 1572 1569
f 1597 1598 1599
f 1599 1600 1597
f 1601 1602 1603
f 1603 1604 1601
f 1629 1630 1631
f 1631 1632 1629
f 1633 1634 1635
f 1635 1636 1633
f 1661 1662 1663
f 1663 1664 1661
f 1665 1666 1667
f 1667 1668 1665
f 1693 1694 1695
f 1695 1696 1693
f 1697 1698 1699
f 1699 1700 1697
f 1725 1726 1727
f 1727 1728 1725
f 1729 1730 1731
f 1731 1732 1729
f 1757 1758 1759
f 1759 1760 1757
f 1761 1762 1763
f 1763 1764 1761
f 1769 1770 1771
f 1771 1772 1769
f 1773 1774 1775
f 1775 1776 1773
f 1797 1798 1799
f 1799 1800 1797
f 1801 1802 1803
f 1803 1804 1801
f 1825 1826 1827
f 1827 1828 1825
f 1829 1830 1831
f 1831 1832 1829
f 1837 1838 1839
f 1839 1840 1837
f 1841 1842 1843
f 1843 1844 1841
f 1865 1866 1867
f 1867 1868 1865
f 1869 1870 1871
f 1871 1872 1869
f 1877 1878 1879
f 1879 1880 1877
f 1881 1882 1883
f 1883 1884 1881
f 1889 1890 1891
f 1891 1892 1889
f 1893 1894 1895
f 1895 1896 1893
f 1917 1918 1919
f 1919 1920 1917
f 1921 1922 1923
f 1923 1924 1921
f 1929 1930 1931
f 1931 1932 1929
f 1933 1934 1935
f 1935 1936 1933
f 1941 1942 1943
f 1943 1944 1941
f 1945 1946 1947
f 1947 1948 1945
f 1969 1970 1971
f 1971 1972 1969
f 1973 1974 1975
f 1975 1976 1973
f 1997 1998 1999
f 1999 2000 1997
f 2001 2002 2003
f 2003 2004 2001
f 2009 2010 2011
f 2011 2012 2009
f 2013 2014 2015
f 2015 2016 2013
f 2037 2038 2039
f 2039 2040 2037
f 2041 2042 2043
f 2043 2044 2041
f 2049 2050 2051
f 2051 2052 2049
f 2053 2054 2055
f 2055 2056 2053
f 2061 2062 2063
f 2063 2064 2061
f 2065 2066 2067
f 2067 2068 2065
f 2073 2074 2075
f 2075 2076 2073
f 2077 2078 2079
f 2079 2080 2077
f 2085 2086 2087
f 2087 2088 2085
f 2089 2090 2091
f 2091 2092 2089
f 2113 2114 2115
f 2115 2116 2113
f 2117 2118 2119
f 2119 2120 2117
f 2125 2126 2127
f 2127 2128 2125
f 2129 2130 2131
f 2131 2132 2129
f 2137 2138 2139
f 2139 2140 2137
f 2141 2142 2143
f 2143 2144 2141
f 2149 2150 2151
f 2151 2152 2149
f 2153 2154 2155
f 2155 2156 2153
f 2177 2178 2179
f 2179 2180 2177
f 2181 2182 2183
f 2183 2184 2181
f 2189 2190 2191
f 2191 2192 2189
f 2193 2194 2195
f 2195 2196 2193
f 2201 2202 2203
f 2203 2204 2201
f 2205 2206 2207
f 2207 2208 2205
f 2229 2230 2231
f 2231 2232 2229
f 2233 2234 2235
f 2235 2236 2233
f 2241 2242 2243
f 2243 2244 2241
f 2245 2246 2247
f 2247 2248 2245
f 2253 2254 2255
f 2255 2256 2253
f 2257 2258 2259
f 2259 2260 2257
f 2281 2282 2283
f 2283 2284 2281
f 2285 2286 2287
f 2287 2288 2285
f 2293 2294 2295
f 2295 2296 2293
f 2297 2298 2299
f 2299 2300 2297
f 2305 2306 2307
f 2307 2308 2305
f 2309 2310 2311
f 2311 2312 2309
f 2333 2334 2335
f 2335 2336 2333
f 2337 2338 2339
f 2339 2340 2337
f 2345 2346 2347
f 2347 2348 2345
f 2349 2350 2351
f 2351 2352 2349
f 2357 2358 2359
f 2359 2360 2357
f 2361 2362 2363
f 2363 2364 2361
f 2385 2386 2387
f 2387 2388 2385
f 2389 2390 2391
f 2391 2392 2389
f 2397 2398 2399
f 2399 2400 2397
f 2401 2402 2403
f 2403 2404 2401
f 2409 2410 2411
f 2411 2412 2409
f 2413 2414 2415
f 2415 2416 2413
f 2437 2438 2439
f 2439 2440 2437
f 2441 2442 2443
f 2443 2444 2441
f 2449 2450 2451
f 2451 2452 2449
f 2453 2454 2455
f 2455 2456 2453
f 2461 2462 2463
f 2463 2464 2461
f 2465 2466 2467
f 2467 2468 2465
f 2489 2490 2491
f 2491 2492 2489
f 2493 2494 2495
f 2495 2496 2493
f 2501 2502 2503
f 2503 2504 2501
f 2505 2506 2507
f 2507 2508 2505
f 2513 2514 2515
f 2515 2516 2513
f 2517 2518 2519
f 2519 2520 2517
f 2541 2542 2543
f 2543 2544 2541
f 2545 2546 2547
f 2547 2548 2545
f 2553 2554 2555
f 2555 2556 2553
f 2557 2558 2559
f 2559 2560 2557
f 2565 2566 2567
f 2567 2568 2565
f 2569 2570 2571
f 2571 2572 2569
f 2577 2578 2579
f 2579 2580 2577
f 2581 2582 2583
f 2583 2584 2581
f 2605 2606 2607
f 2607 2608 2605
f 2609 2610 2611
f 2611 2612 2609
f 2617 2618 2619
f 2619 2620 2617
f 2621 2622 2623
f 2623 2624 2621
f 2629 2630 2631
f 2631 2632 2629
f 2633 2634 2635
f 2635 2636 2633
f 2641 2642 2643
f 2643 2644 2641
f 2645 2646 2647
f 2647 2648 2645
f 2669 2670 2671
f 2671 2672 2669
f 2673 2674 2675
f 2675 2676 2673
f 2681 2682 2683
f 2683 2684 2681
f 2685 2686 2687
f 2687 2688 2685
f 2693 2694 2695
f 2695 2696 2693
f 2697 2698 2699
f 2699 2700 2697
f 2721 2722 2723
f 2723 2724 2721
f 2725 2726 2727
f 2727 2728 2725
f 2733 2734 2735
f 2735 2736 2733
f 2737 2738 2739
f 2739 2740 2737
f 2745 2746 2747
f 2747 2748 2745
f 2749 2750 2751
f 2751 2752 2749
f 2757 2758 2759
f 2759 2760 2757
f 2761 2762 2763
f 2763 2764 2761
f 2785 2786 2787
f 2787 2788 2785
f 2789 2790 2791
f 2791 2792 2789
f 2797 2798 2799
f 2799 2800 2797
f 2801 2802 2803
f 2803 2804 2801
f 2809 2810 2811
f 2811 2812 2809
f 2813 2814 2815
f 2815 2816 2813
f 2837 2838 2839
f 2839 2840 2837
f 2841 2842 2843
f 2843 2844 2841
f 2849 2850 2851
f 2851 2852 2849
f 2853 2854 2855
f 2855 2856 2853
f 2861 2862 2863
f 2863 2864 2861
f 2865 2866 2867
f 2867 2868 2865
f 2889 2890 2891
f 2891 2892 2889
f 2893 2894 2895
f 2895 2896 2893
f 2901 2902 2903
f 2903 2904 2901
f 2905 2906 2907
f 2907 2908 2905
f 2913 2914 2915
f 2915 2916 2913
f 2917 2918 2919
f 2919 2920 2917
f 2941 2942 2943
f 2943 2944 2941
f 2945 2946 2947
f 2947 2948 2945
f 2953 2954 2955
f 2955 2956 2953
f 2957 2958 2959
f 2959 2960 2957
f 2965 2966 2967
f 2967 2968 2965
f 2969 2970 2971
f 2971 2972 2969
f 2993 2994 2995
f 2995 2996 2993
f 2997 2998 2999
f 2999 3000 2997
f 3005 3006 3007
f 3007 3008 3005
f 3009 3010 3011
f 3011 3012 3009
f 3017 3018 3019
f 3019 3020 3017
f 3021 3022 3023
f 3023 3024 3021
f 3045 3046 3047
f 3047 3048 3045
f 3049 3050 3051
f 3051 3052 3049
f 3057 3058 3059
f 3059 3060 3057
f 3061 3062 3063
f 3063 3064 3061
f 3069 3070 3071
f 3071 3072 3069
f 3073 3074 3075
f 3075 3076 3073
f 3097 3098 3099
f 3099 3100 3097
f 3101 3102 3103
f 3103 3104 3101
f 3109 3110 3111
f 3111 3112 3109
f 3113 3114 3115
f 3115 3116 3113
f 3121 3122 3123
f 3123 3124 3121
f 3125 3126 3127
f 3127 3128 3125
f 3133 3134 3135
f 3135 3136 3133
f 3137 3138 3139
f 3139 3140 3137
f 3161 3162 3163
f 3163 3164 3161
f 3165 3166 3167
f 3167 3168 3165
f 3189 3190 3191
f 3191 3192 3189
f 3193 3194 3195
f 3195 3196 3193
f 3201 3202 3203
f 3203 3204 3201
f 3205 3206 3207
f 3207 3208 3205
f 3213 3214 3215
f 3215 3216 3213
f 3217 3218 3219
f 3219 3220 3217
f 3225 3226 3227
f 3227 3228 3225
f 3229 3230 3231
f 3231 3232 3229
f 3253 3254 3255
f 3255 3256 3253
f 3257 3258 3259
f 3259 3260 3257
f 3265 3266 3267
f 3267 3268 3265
f 3269 3270 3271
f 3271 3272 3269
f 3277 3278 3279
f 3279 3280 3277
f 3281 3282 3283
f 3283 3284 3281
f 3289 3290 3291
f 3291 3292 3289
f 3293 3294 3295
f 3295 3296 3293
f 3317 3318 3319
f 3319 3320 3317
f 3321 3322 3323
f 3323 3324 3321
f 3329 3330 3331
f 3331 3332 3329
f 3333 3334 3335
f 3335 3336 3333
f 3341 3342 3343
f 3343 3344 3341
f 3345 3346 3347
f 3347 3348 3345
f 3353 3354 3355
f 3355 3356 3353
f 3357 3358 3359
f 3359 3360 3357
f 3381 3382 3383
f 3383 3384 3381
f 3385 3386 3387
f 3387 3388 3385
f 3393 3394 3395
f 3395 3396 3393
f 3397 3398 3399
f 3399 3400 3397
f 3405 3406 3407
f 3407 3408 3405
f 3409 3410 3411
f 3411 3412 3409
f 3433 3434 3435
f 3435 3436 3433
f 3437 3438 3439
f 3439 3440 3437
f 3445 3446 3447
f 3447 3448 3445
f 3449 3450 3451
f 3451 3452 3449
f 3457 3458 3459
f 3459 3460 3457
f 3461 3462 3463
f 3463 3464 3461
f 3469 3470 3471
f 3471 3472 3469
f 3473 3474 3475
f 3475 3476 3473
f 3497 3498 3499
f 3499 3500 3497
f 3501 3502 3503
f 3503 3504 3501
f 3509 3510 3511
f 3511 3512 3509
f 3513 3514 3515
f 3515 3516 3513
f 3521 3522 3523
f 3523 3524 3521
f 3525 3526 3527
f 3527 3528 3525
f 3533 3534 3535
f 3535 3536 3533
f 3537 3538 3539
f 3539 3540 3537
f 3545 3546 3547
f 3547 3548 3545
f 3549 3550 3551
f 3551 3552 3549
f 3573 3574 3575
f 3575 3576 3573
f 3577 3578 3579
f 3579 3580 3577
f 3585 3586 3587
f 3587 3588 3585
f 3589 3590 3591
f 3591 3592 3589
f 3597 3598 3599
f 3599 3600 3597
f 3601 3602 3603
f 3603 3604 3601
f 3609 3610 3611
f 3611 3612 3609
f 3613 3614 3615
f 3615 3616 3613
f 3621 3622 3623
f 3623 3624 3621
f 3625 3626 3627
f 3627 3628 3625
f 3649 3650 3651
f 3651 3652 3649
f 3653 3654 3655
f 3655 3656 3653
f 3661 3662 3663
f 3663 3664 3661
f 3665 3666 3667
f 3667 3668 3665
f 3673 3674 3675
f 3675 3676 3673
f 3677 3678 3679
f 3679 3680 3677
f 3701 3702 3703
f 3703 3704 3701
f 3705 3706 3707
f 3707 3708 3705
f 3713 3714 3715
f 3715 3716 3713
f 3717 3718 3719
f 3719 3720 3717
f 3725 3726 3727
f 3727 3728 3725
f 3729 3730 3731
f 3731 3732 3729
f 3753 3754 3755
f 3755 3756 3753
f 3757 3758 3759
f 3759 3760 3757
f 3765 3766 3767
f 3767 3768 3765
f 3769 3770 3771
f 3771 3772 3769
f 3777 3778 3779
f 3779 3780 3777
f 3781 3782 3783
f 3783 3784 3781
f 3805 3806 3807
f 3807 3808 3805
f 3809 3810 3811
f 3811 3812 3809
f 3817 3818 3819
f 3819 3820 3817
f 3821 3822 3823
f 3823 3824 3821
f 3829 3830 3831
f 3831 3832 3829
f 3833 3834 3835
f 3835 3836 3833
f 3841 3842 3843
f 3843 3844 3841
f 3845 3846 3847
f 3847 3848 3845
f 3853 3854 3855
f 3855 3856 3853
f 3857 3858 3859
f 3859 3860 3857
f 3881 3882 3883
f 3883 3884 3881
f 3885 3886 3887
f 3887 3888 3885
f 3893 3894 3895
f 3895 3896 3893
f 3897 3898 3899
f 3899 3900 3897
f 3905 3906 3907
f 3907 3908 3905
f 3909 3910 3911
f 3911 3912 3909
f 3933 3934 3935
f 3935 3936 3933
f 3937 3938 3939
f 3939 3940 3937
f 3945 3946 3947
f 3947 3948 3945
f 3949 3950 3951
f 3951 3952 3949
f 3957 3958 3959
f 3959 3960 3957
f 3961 3962 3963
f 3963 3964 3961
f 3985 3986 3987
f 3987 3988 3985
f 3989 3990 3991
f 3991 3992 3989
f 3997 3998 3999
f 3999 4000 3997
f 4001 4002 4003
f 4003 4004 4001
f 4009 4010 4011
f 4011 4012 4009
f 4013 4014 4015
f 4015 4016 4013
f 4037 4038 4039
f 4039 4040 4037
f 4041 4042 4043
f 4043 4044 4041
f 4049 4050 4051
f 4051 4052 4049
f 4053 4054 4055
f 4055 4056 4053
f 4061 4062 4063
f 4063 4064 4061
f 4065 4066 4067
f 4067 4068 4065
f 4073 4074 4075
f 4075 4076 4073
f 4077 4078 4079
f 4079 4080 4077
f 4085 4086 4087
f 4087 4088 4085
f 4089 4090 4091
f 4091 4092 4089
f 4097 4098 4099
f 4099 4100 4097
f 4101 4102 4103
f 4103 4104 4101
f 4125 4126 4127
f 4127 4128 4125
f 4129 4130 4131
f 4131 4132 4129
f 4153 4154 4155
f 4155 4156 4153
f 4157 4158 4159
f 4159 4160 4157
f 4165 4166 4167
f 4167 4168 4165
f 4169 4170 4171
f 4171 4172 4169
f 4177 4178 4179
f 4179 4180 4177
f 4181 4182 4183
f 4183 4184 4181
f 4189 4190 4191
f 4191 4192 4189
f 4193 4194 4195
f 4195 4196 4193
f 4201 4202 4203
f 4203 4204 4201
f 4205 4206 4207
f 4207 4208 4205
f 4213 4214 4215
f 4215 4216 4213
f 4217 4218 4219
f 4219 4220 4217
f 4241 4242 4243
f 4243 4244 4241
f 4245 4246 4247
f 4247 4248 4245
f 4253 4254 4255
f 4255 4256 4253
f 4257 4258 4259
f 4259 4260 4257
f 4265 4266 4267
f 4267 4268 4265
f 4269 4270 4271
f 4271 4272 4269
f 4277 4278 4279
f 4279 4280 4277
f 4281 4282 4283
f 4283 4284 4281
f 4289 4290 4291
f 4291 4292 4289
f 4293 4294 4295
f 4295 4296 4293
f 4317 4318 4319
f 4319 4320 4317
f 4321 4322 4323
f 4323 4324 4321
f 4329 4330 4331
f 4331 4332 4329
f 4333 4334 4335
f 4335 4336 4333
f 4341 4342 4343
f 4343 4344 4341
f 4345 4346 4347
f 4347 4348 4345
f 4353 4354 4355
f 4355 4356 4353
f 4357 4358 4359
f 4359 4360 4357
f 4381 4382 4383
f 4383 4384 4381
f 4385 4386 4387
f 4387 4388 4385
f 4393 4394 4395
f 4395 4396 4393
f 4397 4398 4399
f 4399 4400 4397
f 4421 4422 4423
f 4423 4424 4421
f 4425 4426 4427
f 4427 4428 4425
f 4433 4434 4435
f 4435 4436 4433
f 4437 4438 4439
f 4439 4440 4437
f 4445 4446 4447
f 4447 4448 4445
f 4449 4450 4451
f 4451 4452 4449
f 4457 4458 4459
f 4459 4460 4457
f 4461 4462 4463
f 4463 4464 4461
f 4485 4486 4487
f 4487 4488 4485
f 4489 4490 4491
f 4491 4492 4489
f 4497 4498 4499
f 4499 4500 4497
f 4501 4502 4503
f 4503 4504 4501
f 4509 4510 4511
f 4511 4512 4509
f 4513 4514 4515
f 4515 4516 4513
f 4521 4522 4523
f 4523 4524 4521
f 4525 4526 4527
f 4527 4528 4525
f 4549 4550 4551
f 4551 4552 4549
f 4553 4554 4555
f 4555 4556 4553
f 4561 4562 4563
f 4563 4564 4561
f 4565 4566 4567
f 4567 4568 4565
f 4573 4574 4575
f 4575 4576 4573
f 4577 4578 4579
f 4579 4580 4577
f 4601 4602 4603
f 4603 4604 4601
f 4605 4606 4607
f 4607 4608 4605
f 4613 4614 4615
f 4615 4616 4613
f 4617 4618 4619
f 4619 4620 4617
f 4625 4626 4627
f 4627 4628 4625
f 4629 4630 4631
f 4631 4632 4629
f 4653 4654 4655
f 4655 4656 4653
f 4657 4658 4659
f 4659 4660 4657
f 4665 4666 4667
f 4667 4668 4665
f 4669 4670 4671
f 4671 4672 4669
f 4677 4678 4679
f 4679 4680 4677
f 4681 4682 4683
f 4683 4684 4681
f 4689 4690 4691
f 4691 4692 4689
f 4693 4694 4695
f 4695 4696 4693
f 4717 4718 4719
f 4719 4720 4717
f 4721 4722 4723
f 4723 4724 4721
f 4729 4730 4731
f 4731 4732 4729
f 4733 4734 4735
f 4735 4736 4733
f 4757 4758 4759
f 4759 4760 4757
f 4761 4762 4763
f 4763 4764 4761
f 4785 4786 4787
f 4787 4788 4785
f 4789 4790 4791
f 4791 4792 4789
f 4797 4798 4799
f 4799 4800 4797
f 4801 4802 4803
f 4803 4804 4801
f 4825 4826 4827
f 4827 4828 4825
f 4829 4830 4831
f 4831 4832 4829
f 4837 4838 4839
f 4839 4840 4837
f 4841 4842 4843
f 4843 4844 4841
f 4849 4850 4851
f 4851 4852 4849
f 4853 4854 4855
f 4855 4856 4853
f 4861 4862 4863
f 4863 4864 4861
f 4865 4866 4867
f 4867 4868 4865
f 4889 4890 4891
f 4891 4892 4889
f 4893 4894 4895
f 4895 4896 4893
f 4917 4918 4919
f 4919 4920 4917
f 4921 4922 4923
f 4923 4924 4921
f 4945 4946 4947
f 4947 4948 4945
f 4949 4950 4951
f 4951 4952 4949
f 4957 4958 4959
f 4959 4960 4957
f 4961 4962 4963
f 4963 4964 4961
f 4969 4970 4971
f 4971 4972 4969
f 4973 4974 4975
f 4975 4976 4973
f 4981 4982 4983
f 4983 4984 4981
f 4985 4986 4987
f 4987 4988 4985
f 5009 5010 5011
f 5011 5012 5009
f 5013 5014 5015
f 5015 5016 5013
f 5021 5022 5023
f 5023 5024 5021
f 5025 5026 5027
f 5027 5028 5025
f 5033 5034 5035
f 5035 5036 5033
f 5037 5038 5039
f 5039 5040 5037
f 5045 5046 5047
f 5047 5048 5045
f 5049 5050 5051
f 5051 5052 5049
f 5073 5074 5075
f 5075 5076 5073
f 5077 5078 5079
f 5079 5080 5077
f 5085 5086 5087
f 5087 5088 5085
f 5089 5090 5091
f 5091 5092 5089
f 5097 5098 5099
f 5099 5100 5097
f 5101 5102 5103
f 5103 5104 5101
f 5109 5110 5111
f 5111 5112 5109
f 5113 5114 5115
f 5115 5116 5113
f 5137 5138 5139
f 5139 5140 5137
f 5141 5142 5143
f 5143 5144 5141
f 5149 5150 5151
f 5151 5152 5149
f 5153 5154 5155
f 5155 5156 5153
f 5177 5178 5179
f 5179 5180 5177
f 5181 5182 5183
f 5183 5184 5181
f 5189 5190 5191
f 5191 5192 5189
f 5193 5194 5195
f 5195 5196 5193
f 5217 5218 5219
f 5219 5220 5217
f 5221 5222 5223
f 5223 5224 5221
f 5229 5230 5231
f 5231 5232 5229
f 5233 5234 5235
f 5235 5236 5233
f 5257 5258 5259
f 5259 5260 5257
f 5261 5262 5263
f 5263 5264 5261
f 5269 5270 5271
f 5271 5272 5269
f 5273 5274 5275
f 5275 5276 5273
f 5281 5282 5283
f 5283 5284 5281
f 5285 5286 5287
f 5287 5288 5285
f 5309 5310 5311
f 5311 5312 5309
f 5313 5314 5315
f 5315 5316 5313
f 5321 5322 5323
f 5323 5324 5321
f 5325 5326 5327
f 5327 5328 5325
f 5333 5334 5335
f 5335 5336 5333
f 5337 5338 5339
f 5339 5340 5337
f 5361 5362 5363
f 5363 5364 5361
f 5365 5366 5367
f 5367 5368 5365
f 5373 5374 5375
f 5375 5376 5373
f 5377 5378 5379
f 5379 5380 5377
f 5401 5402 5403
f 5403 5404 5401
f 5405 5406 5407
f 5407 5408 5405
f 5413 5414 5415
f 5415 5416 5413
f 5417 5418 5419
f 5419 5420 5417
f 5441 5442 5443
f 5443 5444 5441
f 5445 5446 5447
f 5447 5448 5445
f 5453 5454 5455
f 5455 5456 5453
f 5457 5458 5459
f 5459 5460 5457
f 5465 5466 5467
f 5467 5468 5465
f 5469 5470 5471
f 5471 5472 5469
f 5493 5494 5495
f 5495 5496 5493
f 5497 5498 5499
f 5499 5500 5497
f 5505 5506 5507
f 5507 5508 5505
f 5509 5510 5511
f 5511 5512 5509
f 5517 5518 5519
f 5519 5520 5517
f 5521 5522 5523
f 5523 5524 5521
f 5529 5530 5531
f 5531 5532 5529
f 5533 5534 5535
f 5535 5536 5533
f 5557 5558 5559
f 5559 5560 5557
f 5561 5562 5563
f 5563 5564 5561
f 5569 5570 5571
f 5571 5572 5569
f 5573 5574 5575
f 5575 5576 5573
f 5581 5582 5583
f 5583 5584 5581
f 5585 5586 5587
f 5587 5588 5585
f 5609 5610 5611
f 5611 5612 5609
f 5613 5614 5615
f 5615 5616 5613
f 5621 5622 5623
f 5623 5624 5621
f 5625 5626 5627
f 5627 5628 5625
f 5633 5634 5635
f 5635 5636 5633
f 5637 5638 5639
f 5639 5640 5637
f 5645 5646 5647
f 5647 5648 5645
f 5649 5650 5651
f 5651 5652 5649
f 5673 5674 5675
f 5675 5676 5673
f 5677 5678 5679
f 5679 5680 5677
f 5685 5686 5687
f 5687 5688 5685
f 5689 5690 5691
f 5691 5692 5689
f 5697 5698 5699
f 5699 5700 5697
f 5701 5702 5703
f 5703 5704 5701
f 5725 5726 5727
f 5727 5728 5725
f 5729 5730 5731
f 5731 5732 5729
f 5737 5738 5739
f 5739 5740 5737
f 5741 5742 5743
f 5743 5744 5741
f 5749 5750 5751
f 5751 5752 5749
f 5753 5754 5755
f 5755 5756 5753
f 5761 5762 5763
f 5763 5764 5761
f 5765 5766 5767
f 5767 5768 5765
f 5789 5790 5791
f 5791 5792 5789
f 5793 5794 5795
f 5795 5796 5793
f 5801 5802 5803
f 5803 5804 5801
f 5805 5806 5807
f 5807 5808 5805
f 5829 5830 5831
f 5831 5832 5829
f 5833 5834 5835
f 5835 5836 5833
f 5841 5842 5843
f 5843 5844 5841
f 5845 5846 5847
f 5847 5848 5845
f 5853 5854 5855
f 5855 5856 5853
f 5857 5858 5859
f 5859 5860 5857
f 5881 5882 5883
f 5883 5884 5881
f 5885 5886 5887
f 5887 5888 5885
f 5893 5894 5895
f 5895 5896 5893
f 5897 5898 5899
f 5899 5900 5897
f 5921 5922 5923
f 5923 5924 5921
f 5925 5926 5927
f 5927 5928 5925
f 5949 5950 5951
f 5951 5952 5949
f 5953 5954 5955
f 5955 5956 5953
f 5961 5962 5963
f 5963 5964 5961
f 5965 5966 5967
f 5967 5968 5965
f 5989 5990 5991
f 5991 5992 5989
f 5993 5994 5995
f 5995 5996 5993
f 6001 6002 6003
f 6003 6004 6001
f 6005 6006 6007
f 6007 6008 6005
f 6029 6030 6031
f 6031 6032 6029
f 6033 6034 6035
f 6035 6036 6033
f 6041 6042 6043
f 6043 6044 6041
f 6045 6046 6047
f 6047 6048 6045
f 6069 6070 6071
f 6071 6072 6069
f 6073 6074 6075
f 6075 6076 6073
f 6081 6082 6083
f 6083 6084 6081
f 6085 6086 6087
f 6087 6088 6085
f 6109 6110 6111
f 6111 6112 6109
f 6113 6114 6115
f 6115 6116 6113
f 6121 6122 6123
f 6123 6124 6121
f 6125 6126 6127
f 6127 6128 6125
f 6133 6134 6135
f 6135 6136 6133
f 6137 6138 6139
f 6139 6140 6137
f 6161 6162 6163
f 6163 6164 6161
f 6165 6166 6167
f 6167 6168 6165
f 6189 6190 6191
f 6191 6192 6189
f 6193 6194 6195
f 6195 6196 6193
f 6201 6202 6203
f 6203 6204 6201
f 6205 6206 6207
f 6207 6208 6205
f 6229 6230 6231
f 6231 6232 6229
f 6233 6234 6235
f 6235 6236 6233
f 6241 6242 6243
f 6243 6244 6241
f 6245 6246 6247
f 6247 6248 6245
f 6269 6270 6271
f 6271 6272 6269
f 6273 6274 6275
f 6275 6276 6273
f 6281 6282 6283
f 6283 6284 6281
f 6285 6286 6287
f 6287 6288 6285
f 6293 6294 6295
f 6295 6296 6293
f 6297 6298 6299
f 6299 6300 6297
f 6321 6322 6323
f 6323 6324 6321
f 6325 6326 6327
f 6327 6328 6325
f 6333 6334 6335
f 6335 6336 6333
f 6337 6338 6339
f 6339 6340 6337
f 6345 6346 6347
f 6347 6348 6345
f 6349 6350 6351
f 6351 6352 6349
f 6357 6358 6359
f 6359 6360 6357
f 6361 6362 6363
f 6363 6364 6361
f 6369 6370 6371
f 6371 6372 6369
f 6373 6374 6375
f 6375 6376 6373
f 6397 6398 6399
f 6399 6400 6397
f 6401 6402 6403
f 6403 6404 6401
f 6409 6410 6411
f 6411 6412 6409
f 6413 6414 6415
f 6415 6416 6413
f 6421 6422 6423
f 6423 6424 6421
f 6425 6426 6427
f 6427 6428 6425
f 6449 6450 6451
f 6451 6452 6449
f 6453 6454 6455
f 6455 6456 6453
f 6461 6462 6463
f 6463 6464 6461
f 6465 6466 6467
f 6467 6468 6465
f 6489 6490 6491
f 6491 6492 6489
f 6493 6494 6495
f 6495 6496 6493
f 6517 6518 6519
f 6519 6520 6517
f 6521 6522 6523
f 6523 6524 6521
f 6529 6530 6531
f 6531 6532 6529
f 6533 6534 6535
f 6535 6536 6533
f 6541 6542 6543
f 6543 6544 6541
f 6545 6546 6547
f 6547 6548 6545
f 6553 6554 6555
f 6555 6556 6553
f 6557 6558 6559
f 6559 6560 6557
f 6565 6566 6567
f 6567 6568 6565
f 6569 6570 6571
f 6571 6572 6569
f 6577 6578 6579
f 6579 6580 6577
f 6581 6582 6583
f 6583 6584 6581
f 6589 6590 6591
f 6591 6592 6589
f 6593 6594 6595
f 6595 6596 6593
f 6617 6618 6619
f 6619 6620 6617
f 6621 6622 6623
f 6623 6624 6621
f 6629 6630 6631
f 6631 6632 6629
f 6633 6634 6635
f 6635 6636 6633
f 6641 6642 6643
f 6643 6644 6641
f 6645 6646 6647
f 6647 6648 6645
f 6653 6654 6655
f 6655 6656 6653
f 6657 6658 6659
f 6659 6660 6657
f 6665 6666 6667
f 6667 6668 6665
f 6669 6670 6671
f 6671 6672 6669
f 6677 6678 6679
f 6679 6680 6677
f 6681 6682 6683
f 6683 6684 6681
f 6705 6706 6707
f 6707 6708 6705
f 6709 6710 6711
f 6711 6712 6709
f 6717 6718 6719
f 6719 6720 6717
f 6721 6722 6723
f 6723 6724 6721
f 6729 6730 6731
f 6731 6732 6729
f 6733 6734 6735
f 6735 6736 6733
f 6741 6742 6743
f 6743 6744 6741
f 6745 6746 6747
f 6747 6748 6745
f 6753 6754 6755
f 6755 6756 6753
f 6757 6758 6759
f 6759 6760 6757
f 6765 6766 6767
f 6767 6768 6765
f 6769 6770 6771
f 6771 6772 6769
f 6777 6778 6779
f 6779 6780 6777
f 6781 6782 6783
f 6783 6784 6781
f 6805 6806 6807
f 6807 6808 6805
f 6809 6810 6811
f 6811 6812 6809
f 6817 6818 6819
f 6819 6820 6817
f 6821 6822 6823
f 6823 6824 6821
f 6829 6830 6831
f 6831 6832 6829
f 6833 6834 6835
f 6835 6836 6833
f 6841 6842 6843
f 6843 6844 6841
f 6845 6846 6847
f 6847 6848 6845
f 6853 6854 6855
f 6855 6856 6853
f 6857 6858 6859
f 6859 6860 6857
f 6865 6866 6867
f 6867 6868 6865
f 6869 6870 6871
f 6871 6872 6869
f 6893 6894 6895
f 6895 6896 6893
f 6897 6898 6899
f 6899 6900 6897
f 6905 6906 6907
f 6907 6908 6905
f 6909 6910 6911
f 6911 6912 6909
f 6917 6918 6919
f 6919 6920 6917
f 6921 6922 6923
f 6923 6924 6921
f 6929 6930 6931
f 6931 6932 6929
f 6933 6934 6935
f 6935 6936 6933
f 6941 6942 6943
f 6943 6944 6941
f 6945 6946 6947
f 6947 6948 6945
f 6953 6954 6955
f 6955 6956 6953
f 6957 6958 6959
f 6959 6960 6957
f 6981 6982 6983
f 6983 6984 6981
f 6985 6986 6987
f 6987 6988 6985
f 6993 6994 6995
f 6995 6996 6993
f 6997 6998 6999
f 6999 7000 6997
f 7005 7006 7007
f 7007 7008 7005
f 7009 7010 7011
f 7011 7012 7009
f 7017 7018 7019
f 7019 7020 7017
f 7021 7022 7023
f 7023 7024 7021
f 7029 7030 7031
f 7031 7032 7029
f 7033 7034 7035
f 7035 7036 7033
f 7041 7042 7043
f 7043 7044 7041
f 7045 7046 7047
f 7047 7048 7045
f 7069 7070 7071
f 7071 7072 7069
f 7073 7074 7075
f 7075 7076 7073
f 7081 7082 7083
f 7083 7084 7081
f 7085 7086 7087
f 7087 7088 7085
f 7093 7094 7095
f 7095 7096 7093
f 7097 7098 7099
f 7099 7100 7097
f 7105 7106 7107
f 7107 7108 7105
f 7109 7110 7111
f 7111 7112 7109
f 7117 7118 7119
f 7119 7120 7117
f 7121 7122 7123
f 7123 7124 7121
f 7145 7146 7147
f 7147 7148 7145
f 7149 7150 7151
f 7151 7152 7149
f 7157 7158 7159
f 7159 7160 7157
f 7161 7162 7163
f 7163 7164 7161
f 7169 7170 7171
f 7171 7172 7169
f 7173 7174 7175
f 7175 7176 7173
f 7181 7182 7183
f 7183 7184 7181
f 7185 7186 7187
f 7187 7188 7185
f 7193 7194 7195
f 7195 7196 7193
f 7197 7198 7199
f 7199 7200 7197
f 7205 7206 7207
f 7207 7208 7205
f 7209 7210 7211
f 7211 7212 7209
f 7233 7234 7235
f 7235 7236 7233
f 7237 7238 7239
f 7239 7240 7237
f 7245 7246 7247
f 7247 7248 7245
f 7249 7250 7251
f 7251 7252 7249
f 7257 7258 7259
f 7259 7260 7257
f 7261 7262 7263
f 7263 7264 7261
f 7269 7270 7271
f 7271 7272 7269
f 7273 7274 7275
f 7275 7276 7273
f 7297 7298 7299
f 7299 7300 7297
f 7301 7302 7303
f 7303 7304 7301
f 7309 7310 7311
f 7311 7312 7309
f 7313 7314 7315
f 7315 7316 7313
f 7321 7322 7323
f 7323 7324 7321
f 7325 7326 7327
f 7327 7328 7325
f 7333 7334 7335
f 7335 7336 7333
f 7337 7338 7339
f 7339 7340 7337
f 7361 7362 7363
f 7363 7364 7361
f 7365 7366 7367
f 7367 7368 7365
f 7373 7374 7375
f 7375 7376 7373
f 7377 7378 7379
f 7379 7380 7377
f 7385 7386 7387
f 7387 7388 7385
f 7389 7390 7391
f 7391 7392 7389
f 7413 7414 7415
f 7415 7416 7413
f 7417 7418 7419
f 7419 7420 7417
f 7425 7426 7427
f 7427 7428 7425
f 7429 7430 7431
f 7431 7432 7429
f 7453 7454 7455
f 7455 7456 7453
f 7457 7458 7459
f 7459 7460 7457
f 7465 7466 7467
f 7467 7468 7465
f 7469 7470 7471
f 7471 7472 7469
f 7477 7478 7479
f 7479 7480 7477
f 7481 7482 7483
f 7483 7484 7481
f 7505 7506 7507
f 7507 7508 7505
f 7509 7510 7511
f 7511 7512 7509
f 7517 7518 7519
f 7519 7520 7517
f 7521 7522 7523
f 7523 7524 7521
f 7545 7546 7547
f 7547 7548 7545
f 7549 7550 7551
f 7551 7552 7549
f 7557 7558 7559
f 7559 7560 7557
f 7561 7562 7563
f 7563 7564 7561
f 7569 7570 7571
f 7571 7572 7569
f 7573 7574 7575
f 7575 7576 7573
f 7581 7582 7583
f 7583 7584 7581
f 7585 7586 7587
f 7587 7588 7585
f 7609 7610 7611
f 7611 7612 7609
f 7613 7614 7615
f 7615 7616 7613
f 7621 7622 7623
f 7623 7624 7621
f 7625 7626 7627
f 7627 7628 7625
f 7633 7634 7635
f 7635 7636 7633
f 7637 7638 7639
f 7639 7640 7637
f 7661 7662 7663
f 7663 7664 7661
f 7665 7666 7667
f 7667 7668 7665
f 7673 7674 7675
f 7675 7676 7673
f 7677 7678 7679
f 7679 7680 7677
f 7685 7686 7687
f 7687 7688 7685
f 7689 7690 7691
f 7691 7692 7689
f 7697 7698 7699
f 7699 7700 7697
f 7701 7702 7703
f 7703 7704 7701
f 7709 7710 7711
f 7711 7712 7709
f 7713 7714 7715
f 7715 7716 7713
f 7721 7722 7723
f 7723 7724 7721
f 7725 7726 7727
f 7727 7728 7725
f 7749 7750 7751
f 7751 7752 7749
f 7753 7754 7755
f 7755 7756 7753
f 7761 7762 7763
f 7763 7764 7761
f 7765 7766 7767
f 7767 7768 7765
f 7789 7790 7791
f 7791 7792 7789
f 7793 7794 7795
f 7795 7796 7793
f 7801 7802 7803
f 7803 7804 7801
f 7805 7806 7807
f 7807 7808 7805
f 7813 7814 7815
f 7815 7816 7813
f 7817 7818 7819
f 7819 7820 7817
f 7825 7826 7827
f 7827 7828 7825
f 7829 7830 7831
f 7831 7832 7829
f 7853 7854 7855
f 7855 7856 7853
f 7857 7858 7859
f 7859 7860 7857
f 7865 7866 7867
f 7867 7868 7865
f 7869 7870 7871
f 7871 7872 7869
f 7877 7878 7879
f 7879 7880 7877
f 7881 7882 7883
f 7883 7884 7881
f 7889 7890 7891
f 7891 7892 7889
f 7893 7894 7895
f 7895 7896 7893
f 7901 7902 7903
f 7903 7904 7901
f 7905 7906 7907
f 7907 7908 7905
f 7913 7914 7915
f 7915 7916 7913
f 7917 7918 7919
f 7919 7920 7917
f 7925 7926 7927
f 7927 7928 7925
f 7929 7930 7931
f 7931 7932 7929
f 7953 7954 7955
f 7955 7956 7953
f 7957 7958 7959
f 7959 7960 7957
f 7965 7966 7967
f 7967 7968 7965
f 7969 7970 7971
f 7971 7972 7969
f 7977 7978 7979
f 7979 7980 7977
f 7981 7982 7983
f 7983 7984 7981
f 8005 8006 8007
f 8007 8008 8005
f 8009 8010 8011
f 8011 8012 8009
f 8017 8018 8019
f 8019 8020 8017
f 8021 8022 8023
f 8023 8024 8021
f 8029 8030 8031
f 8031 8032 8029
f 8033 8034 8035
f 8035 8036 8033
f 8041 8042 8043
f 8043 8044 8041
f 8045 8046 8047
f 8047 8048 8045
f 8053 8054 8055
f 8055 8056 8053
f 8057 8058 8059
f 8059 8060 8057
f 8065 8066 8067
f 8067 8068 8065
f 8069 8070 8071
f 8071 8072 8069
f 8077 8078 8079
f 8079 8080 8077
f 8081 8082 8083
f 8083 8084 8081
f 8105 8106 8107
f 8107 8108 8105
f 8109 8110 8111
f 8111 8112 8109
f 8133 8134 8135
f 8135 8136 8133
f 8137 8138 8139
f 8139 8140 8137
f 8145 8146 8147
f 8147 8148 8145
f 8149 8150 8151
f 8151 8152 8149
f 8173 8174 8175
f 8175 8176 8173
f 8177 8178 8179
f 8179 8180 8177
f 8185 8186 8187
f 8187 8188 8185
f 8189 8190 8191
f 8191 8192 8189
f 8197 8198 8199
f 8199 8200 8197
f 8201 8202 8203
f 8203 8204 8201
f 8209 8210 8211
f 8211 8212 8209
f 8213 8214 8215
f 8215 8216 8213
f 8221 8222 8223
f 8223 8224 8221
f 8225 8226 8227
f 8227 8228 8225
f 8233 8234 8235
f 8235 8236 8233
f 8237 8238 8239
f 8239 8240 8237
f 8261 8262 8263
f 8263 8264 8261
f 8265 8266 8267
f 8267 8268 8265
f 8273 8274 8275
f 8275 8276 8273
f 8277 8278 8279
f 8279 8280 8277
f 8285 8286 8287
f 8287 8288 8285
f 8289 8290 8291
f 8291 8292 8289
f 8297 8298 8299
f 8299 8300 8297
f 8301 8302 8303
f 8303 8304 8301
f 8325 8326 8327
f 8327 8328 8325
f 8329 8330 8331
f 8331 8332 8329
f 8337 8338 8339
f 8339 8340 8337
f 8341 8342 8343
f 8343 8344 8341
f 8349 8350 8351
f 8351 8352 8349
f 8353 8354 8355
f 8355 8356 8353
f 8361 8362 8363
f 8363 8364 8361
f 8365 8366 8367
f 8367 8368 8365
f 8373 8374 8375
f 8375 8376 8373
f 8377 8378 8379
f 8379 8380 8377
f 8401 8402 8403
f 8403 8404 8401
f 8405 8406 8407
f 8407 8408 8405
f 8413 8414 8415
f 8415 8416 8413
f 8417 8418 8419
f 8419 8420 8417
f 8425 8426 8427
f 8427 8428 8425
f 8429 8430 8431
f 8431 8432 8429
f 8437 8438 8439
f 8439 8440 8437
f 8441 8442 8443
f 8443 8444 8441
f 8449 8450 8451
f 8451 8452 8449
f 8453 8454 8455
f 8455 8456 8453
f 8477 8478 8479
f 8479 8480 8477
f 8481 8482 8483
f 8483 8484 8481
f 8489 8490 8491
f 8491 8492 8489
f 8493 8494 8495
f 8495 8496 8493
f 8501 8502 8503
f 8503 8504 8501
f 8505 8506 8507
f 8507 8508 8505
f 8513 8514 8515
f 8515 8516 8513
f 8517 8518 8519
f 8519 8520 8517
f 8525 8526 8527
f 8527 8528 8525
f 8529 8530 8531
f 8531 8532 8529
f 8553 8554 8555
f 8555 8556 8553
f 8557 8558 8559
f 8559 8560 8557
f 8565 8566 8567
f 8567 8568 8565
f 8569 8570 8571
f 8571 8572 8569
f 8577 8578 8579
f 8579 8580 8577
f 8581 8582 8583
f 8583 8584 8581
f 8589 8590 8591
f 8591 8592 8589
f 8593 8594 8595
f 8595 8596 8593
f 8617 8618 8619
f 8619 8620 8617
f 8621 8622 8623
f 8623 8624 8621
f 8629 8630 8631
f 8631 8632 8629
f 8633 8634 8635
f 8635 8636 8633
f 8641 8642 8643
f 8643 8644 8641
f 8645 8646 8647
f 8647 8648 8645
f 8653 8654 8655
f 8655 8656 8653
f 8657 8658 8659
f 8659 8660 8657
f 8665 8666 8667
f 8667 8668 8665
f 8669 8670 8671
f 8671 8672 8669
f 8693 8694 8695
f 8695 8696 8693
f 8697 8698 8699
f 8699 8700 8697
f 8705 8706 8707
f 8707 8708 8705
f 8709 8710 8711
f 8711 8712 8709
f 8717 8718 8719
f 8719 8720 8717
f 8721 8722 8723
f 8723 8724 8721
f 8729 8730 8731
f 8731 8732 8729
f 8733 8734 8735
f 8735 8736 8733
f 8741 8742 8743
f 8743 8744 8741
f 8745 8746 8747
f 8747 8748 8745
f 8753 8754 8755
f 8755 8756 8753
f 8757 8758 8759
f 8759 8760 8757
f 8781 8782 8783
f 8783 8784 8781
f 8785 8786 8787
f 8787 8788 8785
f 8793 8794 8795
f 8795 8796 8793
f 8797 8798 8799
f 8799 8800 8797
f 8805 8806 8807
f 8807 8808 8805
f 8809 8810 8811
f 8811 8812 8809
f 8817 8818 8819
f 8819 8820 8817
f 8821 8822 8823
f 8823 8824 8821
f 8845 8846 8847
f 8847 8848 8845
f 8849 8850 8851
f 8851 8852 8849
f 8857 8858 8859
f 8859 8860 8857
f 8861 8862 8863
f 8863 8864 8861
f 8869 8870 8871
f 8871 8872 8869
f 8873 8874 8875
f 8875 8876 8873
f 8881 8882 8883
f 8883 8884 8881
f 8885 8886 8887
f 8887 8888 8885
f 8893 8894 8895
f 8895 8896 8893
f 8897 8898 8899
f 8899 8900 8897
f 8921 8922 8923
f 8923 8924 8921
f 8925 8926 8927
f 8927 8928 8925
f 8933 8934 8935
f 8935 8936 8933
f 8937 8938 8939
f 8939 8940 8937
f 8945 8946 8947
f 8947 8948 8945
f 8949 8950 8951
f 8951 8952 8949
f 8957 8958 8959
f 8959 8960 8957
f 8961 8962 8963
f 8963 8964 8961
f 8969 8970 8971
f 8971 8972 8969
f 8973 8974 8975
f 8975 8976 8973
f 8997 8998 8999
f 8999 9000 8997
f 9001 9002 9003
f 9003 9004 9001
f 9009 9010 9011
f 9011 9012 9009
f 9013 9014 9015
f 9015 9016 9013
f 9037 9038 9039
f 9039 9040 9037
f 9041 9042 9043
f 9043 9044 9041
f 9049 9050 9051
f 9051 9052 9049
f 9053 9054 9055
f 9055 9056 9053
f 9061 9062 9063
f 9063 9064 9061
f 9065 9066 9067
f 9067 9068 9065
f 9073 9074 9075
f 9075 9076 9073
f 9077 9078 9079
f 9079 9080 9077
f 9101 9102 9103
f 9103 9104 9101
f 9105 9106 9107
f 9107 9108 9105
f 9113 9114 9115
f 9115 9116 9113
f 9117 9118 9119
f 9119 9120 9117
f 9125 9126 9127
f 9127 9128 9125
f 9129 9130 9131
f 9131 9132 9129
f 9137 9138 9139
f 9139 9140 9137
f 9141 9142 9143
f 9143 9144 9141
f 9149 9150 9151
f 9151 9152 9149
f 9153 9154 9155
f 9155 9156 9153
f 9177 9178 9179
f 9179 9180 9177
f 9181 9182 9183
f 9183 9184 9181
f 9189 9190 9191
f 9191 9192 9189
f 9193 9194 9195
f 9195 9196 9193
f 9201 9202 9203
f 9203 9204 9201
f 9205 9206 9207
f 9207 9208 9205
f 9229 9230 9231
f 9231 9232 9229
f 9233 9234 9235
f 9235 9236 9233
f 9241 9242 9243
f 9243 9244 9241
f 9245 9246 9247
f 9247 9248 9245
f 9253 9254 9255
f 9255 9256 9253
f 9257 9258 9259
f 9259 9260 9257
f 9265 9266 9267
f 9267 9268 9265
f 9269 9270 9271
f 9271 9272 9269
f 9293 9294 9295
f 9295 9296 9293
f 9297 9298 9299
f 9299 9300 9297
f 9305 9306 9307
f 9307 9308 9305
f 9309 9310 9311
f 9311 9312 9309
f 9333 9334 9335
f 9335 9336 9333
f 9337 9338 9339
f 9339 9340 9337
f 9345 9346 9347
f 9347 9348 9345
f 9349 9350 9351
f 9351 9352 9349
f 9357 9358 9359
f 9359 9360 9357
f 9361 9362 9363
f 9363 9364 9361
f 9385 9386 9387
f 9387 9388 9385
f 9389 9390 9391
f 9391 9392 9389
f 9413 9414 9415
f 9415 9416 9413
f 9417 9418 9419
f 9419 9420 9417
f 9425 9426 9427
f 9427 9428 9425
f 9429 9430 9431
f 9431 9432 9429
f 9453 9454 9455
f 9455 9456 9453
f 9457 9458 9459
f 9459 9460 9457
f 9465 9466 9467
f 9467 9468 9465
f 9469 9470 9471
f 9471 9472 9469
f 9493 9494 9495
f 9495 9496 9493
f 9497 9498 9499
f 9499 9500 9497
f 9505 9506 9507
f 9507 9508 9505
f 9509 9510 9511
f 9511 9512 9509
f 9517 9518 9519
f 9519 9520 9517
f 9521 9522 9523
f 9523 9524 9521
f 9545 9546 9547
f 9547 9548 9545
f 9549 9550 9551
f 9551 9552 9549
f 9573 9574 9575
f 9575 9576 9573
f 9577 9578 9579
f 9579 9580 9577
f 9585 9586 9587
f 9587 9588 9585
f 9589 9590 9591
f 9591 9592 9589
f 9597 9598 9599
f 9599 9600 9597
f 9601 9602 9603
f 9603 9604 9601
f 9609 9610 9611
f 9611 9612 9609
f 9613 9614 9615
f 9615 9616 9613
f 9637 9638 9639
f 9639 9640 9637
f 9641 9642 9643
f 9643 9644 9641
f 9649 9650 9651
f 9651 9652 9649
f 9653 9654 9655
f 9655 9656 9653
f 9677 9678 9679
f 9679 9680 9677
f 9681 9682 9683
f 9683 9684 9681
f 9689 9690 9691
f 9691 9692 9689
f 9693 9694 9695
f 9695 9696 9693
f 9701 9702 9703
f 9703 9704 9701
f 9705 9706 9707
f 9707 9708 9705
f 9729 9730 9731
f 9731 9732 9729
f 9733 9734 9735
f 9735 9736 9733
f 9741 9742 9743
f 9743 9744 9741
f 9745 9746 9747
f 9747 9748 9745
f 9753 9754 9755
f 9755 9756 9753
f 9757 9758 9759
f 9759 9760 9757
f 9765 9766 9767
f 9767 9768 9765
f 9769 9770 9771
f 9771 9772 9769
f 9793 9794 9795
f 9795 9796 9793
f 9797 9798 9799
f 9799 9800 9797
f 9805 9806 9807
f 9807 9808 9805
f 9809 9810 9811
f 9811 9812 9809
f 9817 9818 9819
f 9819 9820 9817
f 9821 9822 9823
f 9823 9824 9821
f 9845 9846 9847
f 9847 9848 9845
f 9849 9850 9851
f 9851 9852 9849
f 9857 9858 9859
f 9859 9860 9857
f 9861 9862 9863
f 9863 9864 9861
f 9869 9870 9871
f 9871 9872 9869
f 9873 9874 9875
f 9875 9876 9873
f 9897 9898 9899
f 9899 9900 9897
f 9901 9902 9903
f 9903 9904 9901
f 9909 9910 9911
f 9911 9912 9909
f 9913 9914 9915
f 9915 9916 9913
f 9921 9922 9923
f 9923 9924 9921
f 9925 9926 9927
f 9927 9928 9925
f 9933 9934 9935
f 9935 9936 9933
f 9937 9938 9939
f 9939 9940 9937
f 9945 9946 9947
f 9947 9948 9945
f 9949 9950 9951
f 9951 9952 9949
f 9973 9974 9975
f 9975 9976 9973
f 9977 9978 9979
f 9979 9980 9977
f 9985 9986 9987
f 9987 9988 9985
f 9989 9990 9991
f 9991 9992 9989
f 9997 9998 9999
f 9999 10000 9997
f 10001 10002 10003
f 10003 10004 10001
f 10009 10010 10011
f 10011 10012 10009
f 10013 10014 10015
f 10015 10016 10013
f 10037 10038 10039
f 10039 10040 10037
f 10041 10042 10043
f 10043 10044 10041
f 10049 10050 10051
f 10051 10052 10049
f 10053 10054 10055
f 10055 10056 10053
f 10061 10062 10063
f 10063 10064 10061
f 10065 10066 10067
f 10067 10068 10065
f 10073 10074 10075
f 10075 10076 10073
f 10077 10078 10079
f 10079 10080 10077
f 10101 10102 10103
f 10103 10104 10101
f 10105 10106 10107
f 10107 10108 10105
f 10113 10114 10115
f 10115 10116 10113
f 10117 10118 10119
f 10119 10120 10117
f 10125 10126 10127
f 10127 10128 10125
f 10129 10130 10131
f 10131 10132 10129
f 10153 10154 10155
f 10155 10156 10153
f 10157 10158 10159
f 10159 10160 10157
f 10165 10166 10167
f 10167 10168 10165
f 10169 10170 10171
f 10171 10172 10169
f 10193 10194 10195
f 10195 10196 10193
f 10197 10198 10199
f 10199 10200 10197
f 10205 10206 10207
f 10207 10208 10205
f 10209 10210 10211
f 10211 10212 10209
f 10233 10234 10235
f 10235 10236 10233
f 10237 10238 10239
f 10239 10240 10237
f 10245 10246 10247
f 10247 10248 10245
f 10249 10250 10251
f 10251 10252 10249
f 10257 10258 10259
f 10259 10260 10257
f 10261 10262 10263
f 10263 10264 10261
f 10285 10286 10287
f 10287 10288 10285
f 10289 10290 10291
f 10291 10292 10289
f 10297 10298 10299
f 10299 10300 10297
f 10301 10302 10303
f 10303 10304 10301
f 10325 10326 10327
f 10327 10328 10325
f 10329 10330 10331
f 10331 10332 10329
f 10337 10338 10339
f 10339 10340 10337
f 10341 10342 10343
f 10343 10344 10341
f 10349 10350 10351
f 10351 10352 10349
f 10353 10354 10355
f 10355 10356 10353
f 10377 10378 10379
f 10379 10380 10377
f 10381 10382 10383
f 10383 10384 10381
f 10389 10390 10391
f 10391 10392 10389
f 10393 10394 10395
f 10395 10396 10393
f 10401 10402 10403
f 10403 10404 10401
f 10405 10406 10407
f 10407 10408 10405
f 10413 10414 10415
f 10415 10416 10413
f 10417 10418 10419
f 10419 10420 10417
f 10425 10426 10427
f 10427 10428 10425
f 10429 10430 10431
f 10431 10432 10429
f 10453 10454 10455
f 10455 10456 10453
f 10457 10458 10459
f 10459 10460 10457
f 10465 10466 10467
f 10467 10468 10465
f 10469 10470 10471
f 10471 10472 10469
f 10477 10478 10479
f 10479 10480 10477
f 10481 10482 10483
f 10483 10484 10481
f 10489 10490 10491
f 10491 10492 10489
f 10493 10494 10495
f 10495 10496 10493
f 10501 10502 10503
f 10503 10504 10501
f 10505 10506 10507
f 10507 10508 10505
f 10529 10530 10531
f 10531 10532 10529
f 10533 10534 10535
f 10535 10536 10533
f 10541 10542 10543
f 10543 10544 10541
f 10545 10546 10547
f 10547 10548 10545
f 10553 10554 10555
f 10555 10556 10553
f 10557 10558 10559
f 10559 10560 10557
f 10565 10566 10567
f 10567 10568 10565
f 10569 10570 10571
f 10571 10572 10569
f 10593 10594 10595
f 10595 10596 10593
f 10597 10598 10599
f 10599 10600 10597
f 10605 10606 10607
f 10607 10608 10605
f 10609 10610 10611
f 10611 10612 10609
f 10617 10618 10619
f 10619 10620 10617
f 10621 10622 10623
f 10623 10624 10621
f 10629 10630 10631
f 10631 10632 10629
f 10633 10634 10635
f 10635 10636 10633
f 10641 10642 10643
f 10643 10644 10641
f 10645 10646 10647
f 10647 10648 10645
f 10669 10670 10671
f 10671 10672 10669
f 10673 10674 10675
f 10675 10676 10673
f 10681 10682 10683
f 10683 10684 10681
f 10685 10686 10687
f 10687 10688 10685
f 10693 10694 10695
f 10695 10696 10693
f 10697 10698 10699
f 10699 10700 10697
f 10721 10722 10723
f 10723 10724 10721
f 10725 10726 10727
f 10727 10728 10725
f 10733 10734 10735
f 10735 10736 10733
f 10737 10738 10739
f 10739 10740 10737
f 10745 10746 10747
f 10747 10748 10745
f 10749 10750 10751
f 10751 10752 10749
f 10757 10758 10759
f 10759 10760 10757
f 10761 10762 10763
f 10763 10764 10761
f 10785 10786 10787
f 10787 10788 10785
f 10789 10790 10791
f 10791 10792 10789
f 10797 10798 10799
f 10799 10800 10797
f 10801 10802 10803
f 10803 10804 10801
f 10809 10810 10811
f 10811 10812 10809
f 10813 10814 10815
f 10815 10816 10813
f 10821 10822 10823
f 10823 10824 10821
f 10825 10826 10827
f 10827 10828 10825
f 10833 10834 10835
f 10835 10836 10833
f 10837 10838 10839
f 10839 10840 10837
f 10861 10862 10863
f 10863 10864 10861
f 10865 10866 10867
f 10867 10868 10865
f 10873 10874 10875
f 10875 10876 10873
f 10877 10878 10879
f 10879 10880 10877
f 10885 10886 10887
f 10887 10888 10885
f 10889 10890 10891
f 10891 10892 10889
f 10897 10898 10899
f 10899 10900 10897
f 10901 10902 10903
f 10903 10904 10901
f 10925 10926 10927
f 10927 10928 10925
f 10929 10930 10931
f 10931 10932 10929
f 10937 10938 10939
f 10939 10940 10937
f 10941 10942 10943
f 10943 10944 10941
f 10949 10950 10951
f 10951 10952 10949
f 10953 10954 10955
f 10955 10956 10953
f 10961 10962 10963
f 10963 10964 10961
f 10965 10966 10967
f 10967 10968 10965
f 10973 10974 10975
f 10975 10976 10973
f 10977 10978 10979
f 10979 10980 10977
f 10985 10986 10987
f 10987 10988 10985
f 10989 10990 10991
f 10991 10992 10989
f 10997 10998 10999
f 10999 11000 10997
f 11001 11002 11003
f 11003 11004 11001
f 11009 11010 11011
f 11011 11012 11009
f 11013 11014 11015
f 11015 11016 11013
f 11037 11038 11039
f 11039 11040 11037
f 11041 11042 11043
f 11043 11044 11041
f 11049 11050 11051
f 11051 11052 11049
f 11053 11054 11055
f 11055 11056 11053
f 11061 11062 11063
f 11063 11064 11061
f 11065 11066 11067
f 11067 11068 11065
f 11089 11090 11091
f 11091 11092 11089
f 11093 11094 11095
f 11095 11096 11093
f 11101 11102 11103
f 11103 11104 11101
f 11105 11106 11107
f 11107 11108 11105
f 11129 11130 11131
f 11131 11132 11129
f 11133 11134 11135
f 11135 11136 11133
f 11141 11142 11143
f 11143 11144 11141
f 11145 11146 11147
f 11147 11148 11145
f 11153 11154 11155
f 11155 11156 11153
f 11157 11158 11159
f 11159 11160 11157
f 11165 11166 11167
f 11167 11168 11165
f 11169 11170 11171
f 11171 11172 11169
f 11193 11194 11195
f 11195 11196 11193
f 11197 11198 11199
f 11199 11200 11197
f 11205 11206 11207
f 11207 11208 11205
f 11209 11210 11211
f 11211 11212 11209
f 11217 11218 11219
f 11219 11220 11217
f 11221 11222 11223
f 11223 11224 11221
f 11229 11230 11231
f 11231 11232 11229
f 11233 11234 11235
f 11235 11236 11233
f 11241 11242 11243
f 11243 11244 11241
f 11245 11246 11247
f 11247 11248 11245
f 11253 11254 11255
f 11255 11256 11253
f 11257 11258 11259
f 11259 11260 11257
f 11265 11266 11267
f 11267 11268 11265
f 11269 11270 11271
f 11271 11272 11269
f 11277 11278 11279
f 11279 11280 11277
f 11281 11282 11283
f 11283 11284 11281
f 11289 11290 11291
f 11291 11292 11289
f 11293 11294 11295
f 11295 11296 11293
f 11301 11302 11303
f 11303 11304 11301
f 11305 11306 11307
f 11307 11308 11305
f 11313 11314 11315
f 11315 11316 11313
f 11317 11318 11319
f 11319 11320 11317
f 11341 11342 11343
f 11343 11344 11341
f 11345 11346 11347
f 11347 11348 11345
f 11353 11354 11355
f 11355 11356 11353
f 11357 11358 11359
f 11359 11360 11357
f 11365 11366 11367
f 11367 11368 11365
f 11369 11370 11371
f 11371 11372 11369
f 11377 11378 11379
f 11379 11380 11377
f 11381 11382 11383
f 11383 11384 11381
f 11405 11406 11407
f 11407 11408 11405
f 11409 11410 11411
f 11411 11412 11409
f 11417 11418 11419
f 11419 11420 11417
f 11421 11422 11423
f 11423 11424 11421
f 11429 11430 11431
f 11431 11432 11429
f 11433 11434 11435
f 11435 11436 11433
f 11441 11442 11443
f 11443 11444 11441
f 11445 11446 11447
f 11447 11448 11445
f 11469 11470 11471
f 11471 11472 11469
f 11473 11474 11475
f 11475 11476 11473
f 11481 11482 11483
f 11483 11484 11481
f 11485 11486 11487
f 11487 11488 11485
f 11493 11494 11495
f 11495 11496 11493
f 11497 11498 11499
f 11499 11500 11497
f 11521 11522 11523
f 11523 11524 11521
f 11525 11526 11527
f 11527 11528 11525
f 11533 11534 11535
f 11535 11536 11533
f 11537 11538 11539
f 11539 11540 11537
f 11561 11562 11563
f 11563 11564 11561
f 11565 11566 11567
f 11567 11568 11565
f 11573 11574 11575
f 11575 11576 11573
f 11577 11578 11579
f 11579 11580 11577
f 11601 11602 11603
f 11603 11604 11601
f 11605 11606 11607
f 11607 11608 11605
f 11613 11614 11615
f 11615 11616 11613
f 11617 11618 11619
f 11619 11620 11617
f 11625 11626 11627
f 11627 11628 11625
f 11629 11630 11631
f 11631 11632 11629
f 11653 11654 11655
f 11655 11656 11653
f 11657 11658 11659
f 11659 11660 11657
f 11665 11666 11667
f 11667 11668 11665
f 11669 11670 11671
f 11671 11672 11669
f 11693 11694 11695
f 11695 11696 11693
f 11697 11698 11699
f 11699 11700 11697
f 11705 11706 11707
f 11707 11708 11705
f 11709 11710 11711
f 11711 11712 11709
f 11733 11734 11735
f 11735 11736 11733
f 11737 11738 11739
f 11739 11740 11737
f 11745 11746 11747
f 11747 11748 11745
f 11749 11750 11751
f 11751 11752 11749
f 11757 11758 11759
f 11759 11760 11757
f 11761 11762 11763
f 11763 11764 11761
f 11785 11786 11787
f 11787 11788 11785
f 11789 11790 11791
f 11791 11792 11789
f 11797 11798 11799
f 11799 11800 11797
f 11801 11802 11803
f 11803 11804 11801
f 11809 11810 11811
f 11811 11812 11809
f 11813 11814 11815
f 11815 11816 11813
f 11821 11822 11823
f 11823 11824 11821
f 11825 11826 11827
f 11827 11828 11825
f 11833 11834 11835
f 11835 11836 11833
f 11837 11838 11839
f 11839 11840 11837
f 11861 11862 11863
f 11863 11864 11861
f 11865 11866 11867
f 11867 11868 11865
f 11873 11874 11875
f 11875 11876 11873
f 11877 11878 11879
f 11879 11880 11877
f 11885 11886 11887
f 11887 11888 11885
f 11889 11890 11891
f 11891 11892 11889
f 11913 11914 11915
f 11915 11916 11913
f 11917 11918 11919
f 11919 11920 11917
f 11925 11926 11927
f 11927 11928 11925
f 11929 11930 11931
f 11931 11932 11929
f 11953 11954 11955
f 11955 11956 11953
f 11957 11958 11959
f 11959 11960 11957
f 11965 11966 11967
f 11967 11968 11965
f 11969 11970 11971
f 11971 11972 11969
f 11993 11994 11995
f 11995 11996 11993
f 11997 11998 11999
f 11999 12000 11997
f 12005 12006 12007
f 12007 12008 12005
f 12009 12010 12011
f 12011 12012 12009
f 12033 12034 12035
f 12035 12036 12033
f 12037 12038 12039
f 12039 12040 12037
f 12045 12046 12047
f 12047 12048 12045
f 12049 12050 12051
f 12051 12052 12049
f 12057 12058 12059
f 12059 12060 12057
f 12061 12062 12063
f 12063 12064 12061
f 12085 12086 12087
f 12087 12088 12085
f 12089 12090 12091
f 12091 12092 12089
f 12097 12098 12099
f 12099 12100 12097
f 12101 12102 12103
f 12103 12104 12101
f 12109 12110 12111
f 12111 12112 12109
f 12113 12114 12115
f 12115 12116 12113
f 12137 12138 12139
f 12139 12140 12137
f 12141 12142 12143
f 12143 12144 12141
f 12149 12150 12151
f 12151 12152 12149
f 12153 12154 12155
f 12155 12156 12153
f 12161 12162 12163
f 12163 12164 12161
f 12165 12166 12167
f 12167 12168 12165
f 12173 12174 12175
f 12175 12176 12173
f 12177 12178 12179
f 12179 12180 12177
f 12201 12202 12203
f 12203 12204 12201
f 12205 12206 12207
f 12207 12208 12205
f 12213 12214 12215
f 12215 12216 12213
f 12217 12218 12219
f 12219 12220 12217
f 12225 12226 12227
f 12227 12228 12225
f 12229 12230 12231
f 12231 12232 12229
f 12253 12254 12255
f 12255 12256 12253
f 12257 12258 12259
f 12259 12260 12257
f 12265 12266 12267
f 12267 12268 12265
f 12269 12270 12271
f 12271 12272 12269
f 12277 12278 12279
f 12279 12280 12277
f 12281 12282 12283
f 12283 12284 12281
f 12289 12290 12291
f 12291 12292 12289
f 12293 12294 12295
f 12295 12296 12293
f 12317 12318 12319
f 12319 12320 12317
f 12321 12322 12323
f 12323 12324 12321
f 12329 12330 12331
f 12331 12332 12329
f 12333 12334 12335
f 12335 12336 12333
f 12341 12342 12343
f 12343 12344 12341
f 12345 12346 12347
f 12347 12348 12345
f 12353 12354 12355
f 12355 12356 12353
f 12357 12358 12359
f 12359 12360 12357
f 12365 12366 12367
f 12367 12368 12365
f 12369 12370 12371
f 12371 12372 12369
f 12393 12394 12395
f 12395 12396 12393
f 12397 12398 12399
f 12399 12400 12397
f 12405 12406 12407
f 12407 12408 12405
f 12409 12410 12411
f 12411 12412 12409
f 12433 12434 12435
f 12435 12436 12433
f 12437 12438 12439
f 12439 12440 12437
f 12445 12446 12447
f 12447 12448 12445
f 12449 12450 12451
f 12451 12452 12449
f 12457 12458 12459
f 12459 12460 12457
f 12461 12462 12463
f 12463 12464 12461
f 12469 12470 12471
f 12471 12472 12469
f 12473 12474 12475
f 12475 12476 12473
f 12481 12482 12483
f 12483 12484 12481
f 12485 12486 12487
f 12487 12488 12485
f 12509 12510 12511
f 12511 12512 12509
f 12513 12514 12515
f 12515 12516 12513
f 12521 12522 12523
f 12523 12524 12521
f 12525 12526 12527
f 12527 12528 12525
f 12533 12534 12535
f 12535 12536 12533
f 12537 12538 12539
f 12539 12540 12537
f 12545 12546 12547
f 12547 12548 12545
f 12549 12550 12551
f 12551 12552 12549
f 12573 12574 12575
f 12575 12576 12573
f 12577 12578 12579
f 12579 12580 12577
f 12585 12586 12587
f 12587 12588 12585
f 12589 12590 12591
f 12591 12592 12589
f 12597 12598 12599
f 12599 12600 12597
f 12601 12602 12603
f 12603 12604 12601
f 12609 12610 12611
f 12611 12612 12609
f 12613 12614 12615
f 12615 12616 12613
f 12621 12622 12623
f 12623 12624 12621
f 12625 12626 12627
f 12627 12628 12625
f 12649 12650 12651
f 12651 12652 12649
f 12653 12654 12655
f 12655 12656 12653
f 12661 12662 12663
f 12663 12664 12661
f 12665 12666 12667
f 12667 12668 12665
f 12673 12674 12675
f 12675 12676 12673
f 12677 12678 12679
f 12679 12680 12677
f 12701 12702 12703
f 12703 12704 12701
f 12705 12706 12707
f 12707 12708 12705
f 12713 12714 12715
f 12715 12716 12713
f 12717 12718 12719
f 12719 12720 12717
f 12725 12726 12727
f 12727 12728 12725
f 12729 12730 12731
f 12731 12732 12729
f 12737 12738 12739
f 12739 12740 12737
f 12741 12742 12743
f 12743 12744 12741
f 12765 12766 12767
f 12767 12768 12765
f 12769 12770 12771
f 12771 12772 12769
f 12777 12778 12779
f 12779 12780 12777
f 12781 12782 12783
f 12783 12784 12781
f 12805 12806 12807
f 12807 12808 12805
f 12809 12810 12811
f 12811 12812 12809
f 12817 12818 12819
f 12819 12820 12817
f 12821 12822 12823
f 12823 12824 12821
f 12829 12830 12831
f 12831 12832 12829
f 12833 12834 12835
f 12835 12836 12833
f 12841 12842 12843
f 12843 12844 12841
f 12845 12846 12847
f 12847 12848 12845
f 12853 12854 12855
f 12855 12856 12853
f 12857 12858 12859
f 12859 12860 12857
f 12881 12882 12883
f 12883 12884 12881
f 12885 12886 12887
f 12887 12888 12885
f 12893 12894 12895
f 12895 12896 12893
f 12897 12898 12899
f 12899 12900 12897
f 12905 12906 12907
f 12907 12908 12905
f 12909 12910 12911
f 12911 12912 12909
f 12917 12918 12919
f 12919 12920 12917
f 12921 12922 12923
f 12923 12924 12921
f 12945 12946 12947
f 12947 12948 12945
f 12949 12950 12951
f 12951 12952 12949
f 12957 12958 12959
f 12959 12960 12957
f 12961 12962 12963
f 12963 12964 12961
f 12969 12970 12971
f 12971 12972 12969
f 12973 12974 12975
f 12975 12976 12973
f 12997 12998 12999
f 12999 13000 12997
f 13001 13002 13003
f 13003 13004 13001
f 13009 13010 13011
f 13011 13012 13009
f 13013 13014 13015
f 13015 13016 13013
f 13021 13022 13023
f 13023 13024 13021
f 13025 13026 13027
f 13027 13028 13025
f 13049 13050 13051
f 13051 13052 13049
f 13053 13054 13055
f 13055 13056 13053
f 13061 13062 13063
f 13063 13064 13061
f 13065 13066 13067
f 13067 13068 13065
f 13073 13074 13075
f 13075 13076 13073
f 13077 13078 13079
f 13079 13080 13077
f 13085 13086 13087
f 13087 13088 13085
f 13089 13090 13091
f 13091 13092 13089
f 13097 13098 13099
f 13099 13100 13097
f 13101 13102 13103
f 13103 13104 13101
f 13125 13126 13127
f 13127 13128 13125
f 13129 13130 13131
f 13131 13132 13129
f 13137 13138 13139
f 13139 13140 13137
f 13141 13142 13143
f 13143 13144 13141
f 13149 13150 13151
f 13151 13152 13149
f 13153 13154 13155
f 13155 13156 13153
f 13161 13162 13163
f 13163 13164 13161
f 13165 13166 13167
f 13167 13168 13165
f 13189 13190 13191
f 13191 13192 13189
f 13193 13194 13195
f 13195 13196 13193
f 13201 13202 13203
f 13203 13204 13201
f 13205 13206 13207
f 13207 13208 13205
f 13213 13214 13215
f 13215 13216 13213
f 13217 13218 13219
f 13219 13220 13217
f 13225 13226 13227
f 13227 13228 13225
f 13229 13230 13231
f 13231 13232 13229
f 13253 13254 13255
f 13255 13256 13253
f 13257 13258 13259
f 13259 13260 13257
f 13265 13266 13267
f 13267 13268 13265
f 13269 13270 13271
f 13271 13272 13269
f 13277 13278 13279
f 13279 13280 13277
f 13281 13282 13283
f 13283 13284 13281
f 13289 13290 13291
f 13291 13292 13289
f 13293 13294 13295
f 13295 13296 13293
f 13317 13318 13319
f 13319 13320 13317
f 13321 13322 13323
f 13323 13324 13321
f 13329 13330 13331
f 13331 13332 13329
f 13333 13334 13335
f 13335 13336 13333
f 13357 13358 13359
f 13359 13360 13357
f 13361 13362 13363
f 13363 13364 13361
f 13369 13370 13371
f 13371 13372 13369
f 13373 13374 13375
f 13375 13376 13373
f 13381 13382 13383
f 13383 13384 13381
f 13385 13386 13387
f 13387 13388 13385
f 13409 13410 13411
f 13411 13412 13409
f 13413 13414 13415
f 13415 13416 13413
f 13421 13422 13423
f 13423 13424 13421
f 13425 13426 13427
f 13427 13428 13425
f 13433 13434 13435
f 13435 13436 13433
f 13437 13438 13439
f 13439 13440 13437
f 13445 13446 13447
f 13447 13448 13445
f 13449 13450 13451
f 13451 13452 13449
f 13473 13474 13475
f 13475 13476 13473
f 13477 13478 13479
f 13479 13480 13477
f 13485 13486 13487
f 13487 13488 13485
f 13489 13490 13491
f 13491 13492 13489
f 13497 13498 13499
f 13499 13500 13497
f 13501 13502 13503
f 13503 13504 13501
f 13525 13526 13527
f 13527 13528 13525
f 13529 13530 13531
f 13531 13532 13529
f 13537 13538 13539
f 13539 13540 13537
f 13541 13542 13543
f 13543 13544 13541
f 13565 13566 13567
f 13567 13568 13565
f 13569 13570 13571
f 13571 13572 13569
f 13577 13578 13579
f 13579 13580 13577
f 13581 13582 13583
f 13583 13584 13581
f 13589 13590 13591
f 13591 13592 13589
f 13593 13594 13595
f 13595 13596 13593
f 13601 13602 13603
f 13603 13604 13601
f 13605 13606 13607
f 13607 13608 13605
f 13629 13630 13631
f 13631 13632 13629
f 13633 13634 13635
f 13635 13636 13633
f 13641 13642 13643
f 13643 13644 13641
f 13645 13646 13647
f 13647 13648 13645
f 13653 13654 13655
f 13655 13656 13653
f 13657 13658 13659
f 13659 13660 13657
f 13665 13666 13667
f 13667 13668 13665
f 13669 13670 13671
f 13671 13672 13669
f 13677 13678 13679
f 13679 13680 13677
f 13681 13682 13683
f 13683 13684 13681
f 13705 13706 13707
f 13707 13708 13705
f 13709 13710 13711
f 13711 13712 13709
f 13717 13718 13719
f 13719 13720 13717
f 13721 13722 13723
f 13723 13724 13721
f 13729 13730 13731
f 13731 13732 13729
f 13733 13734 13735
f 13735 13736 13733
f 13757 13758 13759
f 13759 13760 13757
f 13761 13762 13763
f 13763 13764 13761
f 13769 13770 13771
f 13771 13772 13769
f 13773 13774 13775
f 13775 13776 13773
f 13781 13782 13783
f 13783 13784 13781
f 13785 13786 13787
f 13787 13788 13785
f 13793 13794 13795
f 13795 13796 13793
f 13797 13798 13799
f 13799 13800 13797
f 13821 13822 13823
f 13823 13824 13821
f 13825 13826 13827
f 13827 13828 13825
f 13833 13834 13835
f 13835 13836 13833
f 13837 13838 13839
f 13839 13840 13837
f 13861 13862 13863
f 13863 13864 13861
f 13865 13866 13867
f 13867 13868 13865
f 13873 13874 13875
f 13875 13876 13873
f 13877 13878 13879
f 13879 13880 13877
f 13901 13902 13903
f 13903 13904 13901
f 13905 13906 13907
f 13907 13908 13905
f 13913 13914 13915
f 13915 13916 13913
f 13917 13918 13919
f 13919 13920 13917
f 13925 13926 13927
f 13927 13928 13925
f 13929 13930 13931
f 13931 13932 13929
f 13953 13954 13955
f 13955 13956 13953
f 13957 13958 13959
f 13959 13960 13957
f 13965 13966 13967
f 13967 13968 13965
f 13969 13970 13971
f 13971 13972 13969
f 13977 13978 13979
f 13979 13980 13977
f 13981 13982 13983
f 13983 13984 13981
f 13989 13990 13991
f 13991 13992 13989
f 13993 13994 13995
f 13995 13996 13993
f 14017 14018 14019
f 14019 14020 14017
f 14021 14022 14023
f 14023 14024 14021
f 14029 14030 14031
f 14031 14032 14029
f 14033 14034 14035
f 14035 14036 14033
f 14041 14042 14043
f 14043 14044 14041
f 14045 14046 14047
f 14047 14048 14045
f 14069 14070 14071
f 14071 14072 14069
f 14073 14074 14075
f 14075 14076 14073
f 14081 14082 14083
f 14083 14084 14081
f 14085 14086 14087
f 14087 14088 14085
f 14093 14094 14095
f 14095 14096 14093
f 14097 14098 14099
f 14099 14100 14097
f 14105 14106 14107
f 14107 14108 14105
f 14109 14110 14111
f 14111 14112 14109
f 14117 14118 14119
f 14119 14120 14117
f 14121 14122 14123
f 14123 14124 14121
f 14145 14146 14147
f 14147 14148 14145
f 14149 14150 14151
f 14151 14152 14149
f 14157 14158 14159
f 14159 14160 14157
f 14161 14162 14163
f 14163 14164 14161
f 14169 14170 14171
f 14171 14172 14169
f 14173 14174 14175
f 14175 14176 14173
f 14181 14182 14183
f 14183 14184 14181
f 14185 14186 14187
f 14187 14188 14185
f 14193 14194 14195
f 14195 14196 14193
f 14197 14198 14199
f 14199 14200 14197
f 14221 14222 14223
f 14223 14224 14221
f 14225 14226 14227
f 14227 14228 14225
f 14233 14234 14235
f 14235 14236 14233
f 14237 14238 14239
f 14239 14240 14237
f 14261 14262 14263
f 14263 14264 14261
f 14265 14266 14267
f 14267 14268 14265
f 14273 14274 14275
f 14275 14276 14273
f 14277 14278 14279
f 14279 14280 14277
f 14285 14286 14287
f 14287 14288 14285
f 14289 14290 14291
f 14291 14292 14289
f 14297 14298 14299
f 14299 14300 14297
f 14301 14302 14303
f 14303 14304 14301
f 14325 14326 14327
f 14327 14328 14325
f 14329 14330 14331
f 14331 14332 14329
f 14337 14338 14339
f 14339 14340 14337
f 14341 14342 14343
f 14343 14344 14341
f 14349 14350 14351
f 14351 14352 14349
f 14353 14354 14355
f 14355 14356 14353
f 14361 14362 14363
f 14363 14364 14361
f 14365 14366 14367
f 14367 14368 14365
f 14389 14390 14391
f 14391 14392 14389
f 14393 14394 14395
f 14395 14396 14393
f 14401 14402 14403
f 14403 14404 14401
f 14405 14406 14407
f 14407 14408 14405
f 14413 14414 14415
f 14415 14416 14413
f 14417 14418 14419
f 14419 14420 14417
f 14425 14426 14427
f 14427 14428 14425
f 14429 14430 14431
f 14431 14432 14429
f 14437 14438 14439
f 14439 14440 14437
f 14441 14442 14443
f 14443 14444 14441
f 14465 14466 14467
f 14467 14468 14465
f 14469 14470 14471
f 14471 14472 14469
f 14477 14478 14479
f 14479 14480 14477
f 14481 14482 14483
f 14483 14484 14481
f 14489 14490 14491
f 14491 14492 14489
f 14493 14494 14495
f 14495 14496 14493
f 14517 14518 14519
f 14519 14520 14517
f 14521 14522 14523
f 14523 14524 14521
f 14529 14530 14531
f 14531 14532 14529
f 14533 14534 14535
f 14535 14536 14533
f 14541 14542 14543
f 14543 14544 14541
f 14545 14546 14547
f 14547 14548 14545
f 14569 14570 14571
f 14571 14572 14569
f 14573 14574 14575
f 14575 14576 14573
f 14581 14582 14583
f 14583 14584 14581
f 14585 14586 14587
f 14587 14588 14585
f 14593 14594 14595
f 14595 14596 14593
f 14597 14598 14599
f 14599 14600 14597
f 14605 14606 14607
f 14607 14608 14605
f 14609 14610 14611
f 14611 14612 14609
f 14617 14618 14619
f 14619 14620 14617
f 14621 14622 14623
f 14623 14624 14621
f 14629 14630 14631
f 14631 14632 14629
f 14633 14634 14635
f 14635 14636 14633
f 14657 14658 14659
f 14659 14660 14657
f 14661 14662 14663
f 14663 14664 14661
f 14669 14670 14671
f 14671 14672 14669
f 14673 14674 14675
f 14675 14676 14673
f 14681 14682 14683
f 14683 14684 14681
f 14685 14686 14687
f 14687 14688 14685
f 14693 14694 14695
f 14695 14696 14693
f 14697 14698 14699
f 14699 14700 14697
f 14705 14706 14707
f 14707 14708 14705
f 14709 14710 14711
f 14711 14712 14709
f 14733 14734 14735
f 14735 14736 14733
f 14737 14738 14739
f 14739 14740 14737
f 14745 14746 14747
f 14747 14748 14745
f 14749 14750 14751
f 14751 14752 14749
f 14757 14758 14759
f 14759 14760 14757
f 14761 14762 14763
f 14763 14764 14761
f 14785 14786 14787
f 14787 14788 14785
f 14789 14790 14791
f 14791 14792 14789
f 14797 14798 14799
f 14799 14800 14797
f 14801 14802 14803
f 14803 14804 14801
f 14809 14810 14811
f 14811 14812 14809
f 14813 14814 14815
f 14815 14816 14813
f 14837 14838 14839
f 14839 14840 14837
f 14841 14842 14843
f 14843 14844 14841
f 14849 14850 14851
f 14851 14852 14849
f 14853 14854 14855
f 14855 14856 14853
f 14877 14878 14879
f 14879 14880 14877
f 14881 14882 14883
f 14883 14884 14881
f 14889 14890 14891
f 14891 14892 14889
f 14893 14894 14895
f 14895 14896 14893
f 14901 14902 14903
f 14903 14904 14901
f 14905 14906 14907
f 14907 14908 14905
f 14913 14914 14915
f 14915 14916 14913
f 14917 14918 14919
f 14919 14920 14917
f 14925 14926 14927
f 14927 14928 14925
f 14929 14930 14931
f 14931 14932 14929
f 14953 14954 14955
f 14955 14956 14953
f 14957 14958 14959
f 14959 14960 14957
f 14965 14966 14967
f 14967 14968 14965
f 14969 14970 14971
f 14971 14972 14969
f 14977 14978 14979
f 14979 14980 14977
f 14981 14982 14983
f 14983 14984 14981
f 14989 14990 14991
f 14991 14992 14989
f 14993 14994 14995
f 14995 14996 14993
f 15001 15002 15003
f 15003 15004 15001
f 15005 15006 15007
f 15007 15008 15005
f 15029 15030 15031
f 15031 15032 15029
f 15033 15034 15035
f 15035 15036 15033
f 15041 15042 15043
f 15043 15044 15041
f 15045 15046 15047
f 15047 15048 15045
f 15069 15070 15071
f 15071 15072 15069
f 15073 15074 15075
f 15075 15076 15073
f 15081 15082 15083
f 15083 15084 15081
f 15085 15086 15087
f 15087 15088 15085
f 15093 15094 15095
f 15095 15096 15093
f 15097 15098 15099
f 15099 15100 15097
f 15121 15122 15123
f 15123 15124 15121
f 15125 15126 15127
f 15127 15128 15125
f 15133 15134 15135
f 15135 15136 15133
f 15137 15138 15139
f 15139 15140 15137
f 15145 15146 15147
f 15147 15148 15145
f 15149 15150 15151
f 15151 15152 15149
f 15173 15174 15175
f 15175 15176 15173
f 15177 15178 15179
f 15179 15180 15177
f 15185 15186 15187
f 15187 15188 15185
f 15189 15190 15191
f 15191 15192 15189
f 15197 15198 15199
f 15199 15200 15197
f 15201 15202 15203
f 15203 15204 15201
f 15209 15210 15211
f 15211 15212 15209
f 15213 15214 15215
f 15215 15216 15213
f 15237 15238 15239
f 15239 15240 15237
f 15241 15242 15243
f 15243 15244 15241
f 15249 15250 15251
f 15251 15252 15249
f 15253 15254 15255
f 15255 15256 15253
f 15261 15262 15263
f 15263 15264 15261
f 15265 15266 15267
f 15267 15268 15265
f 15289 15290 15291
f 15291 15292 15289
f 15293 15294 15295
f 15295 15296 15293
f 15301 15302 15303
f 15303 15304 15301
f 15305 15306 15307
f 15307 15308 15305
f 15313 15314 15315
f 15315 15316 15313
f 15317 15318 15319
f 15319 15320 15317
f 15341 15342 15343
f 15343 15344 15341
f 15345 15346 15347
f 15347 15348 15345
f 15353 15354 15355
f 15355 15356 15353
f 15357 15358 15359
f 15359 15360 15357
f 15365 15366 15367
f 15367 15368 15365
f 15369 15370 15371
f 15371 15372 15369
f 15393 15394 15395
f 15395 15396 15393
f 15397 15398 15399
f 15399 15400 15397
f 15405 15406 15407
f 15407 15408 15405
f 15409 15410 15411
f 15411 15412 15409
f 15433 15434 15435
f 15435 15436 15433
f 15437 15438 15439
f 15439 15440 15437
f 15445 15446 15447
f 15447 15448 15445
f 15449 15450 15451
f 15451 15452 15449
f 15473 15474 15475
f 15475 15476 15473
f 15477 15478 15479
f 15479 15480 15477
f 15501 15502 15503
f 15503 15504 15501
f 15505 15506 15507
f 15507 15508 15505
f 15513 15514 15515
f 15515 15516 15513
f 15517 15518 15519
f 15519 15520 15517
f 15541 15542 15543
f 15543 15544 15541
f 15545 15546 15547
f 15547 15548 15545
f 15553 15554 15555
f 15555 15556 15553
f 15557 15558 15559
f 15559 15560 15557
f 15581 15582 15583
f 15583 15584 15581
f 15585 15586 15587
f 15587 15588 15585
f 15609 15610 15611
f 15611 15612 15609
f 15613 15614 15615
f 15615 15616 15613
f 15637 15638 15639
f 15639 15640 15637
f 15641 15642 15643
f 15643 15644 15641
f 15649 15650 15651
f 15651 15652 15649
f 15653 15654 15655
f 15655 15656 15653
f 15677 15678 15679
f 15679 15680 15677
f 15681 15682 15683
f 15683 15684 15681
f 15689 15690 15691
f 15691 15692 15689
f 15693 15694 15695
f 15695 15696 15693
f 15701 15702 15703
f 15703 15704 15701
f 15705 15706 15707
f 15707 15708 15705
f 15729 15730 15731
f 15731 15732 15729
f 15733 15734 15735
f 15735 15736 15733
f 15741 15742 15743
f 15743 15744 15741
f 15745 15746 15747
f 15747 15748 15745
f 15753 15754 15755
f 15755 15756 15753
f 15757 15758 15759
f 15759 15760 15757
f 15781 15782 15783
f 15783 15784 15781
f 15785 15786 15787
f 15787 15788 15785
f 15793 15794 15795
f 15795 15796 15793
f 15797 15798 15799
f 15799 15800 15797
f 15805 15806 15807
f 15807 15808 15805
f 15809 15810 15811
f 15811 15812 15809
f 15833 15834 15835
f 15835 15836 15833
f 15837 15838 15839
f 15839 15840 15837
f 15845 15846 15847
f 15847 15848 15845
f 15849 15850 15851
f 15851 15852 15849
f 15857 15858 15859
f 15859 15860 15857
f 15861 15862 15863
f 15863 15864 15861
f 15885 15886 15887
f 15887 15888 15885
f 15889 15890 15891
f 15891 15892 15889
f 15897 15898 15899
f 15899 15900 15897
f 15901 15902 15903
f 15903 15904 15901
f 15925 15926 15927
f 15927 15928 15925
f 15929 15930 15931
f 15931 15932 15929
f 15937 15938 15939
f 15939 15940 15937
f 15941 15942 15943
f 15943 15944 15941
f 15949 15950 15951
f 15951 15952 15949
f 15953 15954 15955
f 15955 15956 15953
f 15977 15978 15979
f 15979 15980 15977
f 15981 15982 15983
f 15983 15984 15981
f 15989 15990 15991
f 15991 15992 15989
f 15993 15994 15995
f 15995 15996 15993
f 16001 16002 16003
f 16003 16004 16001
f 16005 16006 16007
f 16007 16008 16005
f 16013 16014 16015
f 16015 16016 16013
f 16017 16018 16019
f 16019 16020 16017
f 16025 16026 16027
f 16027 16028 16025
f 16029 16030 16031
f 16031 16032 16029
f 16053 16054 16055
f 16055 16056 16053
f 16057 16058 16059
f 16059 16060 16057
f 16065 16066 16067
f 16067 16068 16065
f 16069 16070 16071
f 16071 16072 16069
f 16077 16078 16079
f 16079 16080 16077
f 16081 16082 16083
f 16083 16084 16081
f 16089 16090 16091
f 16091 16092 16089
f 16093 16094 16095
f 16095 16096 16093
f 16101 16102 16103
f 16103 16104 16101
f 16105 16106 16107
f 16107 16108 16105
f 16129 16130 16131
f 16131 16132 16129
f 16133 16134 16135
f 16135 16136 16133
f 16141 16142 16143
f 16143 16144 16141
f 16145 16146 16147
f 16147 16148 16145
f 16153 16154 16155
f 16155 16156 16153
f 16157 16158 16159
f 16159 16160 16157
f 16181 16182 16183
f 16183 16184 16181
f 16185 16186 16187
f 16187 16188 16185
f 16193 16194 16195
f 16195 16196 16193
f 16197 16198 16199
f 16199 16200 16197
f 16205 16206 16207
f 16207 16208 16205
f 16209 16210 16211
f 16211 16212 16209
f 16233 16234 16235
f 16235 16236 16233
f 16237 16238 16239
f 16239 16240 16237
f 16245 16246 16247
f 16247 16248 16245
f 16249 16250 16251
f 16251 16252 16249
f 16257 16258 16259
f 16259 16260 16257
f 16261 16262 16263
f 16263 16264 16261
f 16269 16270 16271
f 16271 16272 16269
f 16273 16274 16275
f 16275 16276 16273
f 16281 16282 16283
f 16283 16284 16281
f 16285 16286 16287
f 16287 16288 16285
f 16293 16294 16295
f 16295 16296 16293
f 16297 16298 16299
f 16299 16300 16297
f 16305 16306 16307
f 16307 16308 16305
f 16309 16310 16311
f 16311 16312 16309
f 16333 16334 16335
f 16335 16336 16333
f 16337 16338 16339
f 16339 16340 16337
f 16345 16346 16347
f 16347 16348 16345
f 16349 16350 16351
f 16351 16352 16349
f 16357 16358 16359
f 16359 16360 16357
f 16361 16362 16363
f 16363 16364 16361
f 16369 16370 16371
f 16371 16372 16369
f 16373 16374 16375
f 16375 16376 16373
f 16381 16382 16383
f 16383 16384 16381
f 16385 16386 16387
f 16387 16388 16385
f 16393 16394 16395
f 16395 16396 16393
f 16397 16398 16399
f 16399 16400 16397
f 16421 16422 16423
f 16423 16424 16421
f 16425 16426 16427
f 16427 16428 16425
f 16433 16434 16435
f 16435 16436 16433
f 16437 16438 16439
f 16439 16440 16437
f 16445 16446 16447
f 16447 16448 16445
f 16449 16450 16451
f 16451 16452 16449
f 16457 16458 16459
f 16459 16460 16457
f 16461 16462 16463
f 16463 16464 16461
f 16469 16470 16471
f 16471 16472 16469
f 16473 16474 16475
f 16475 16476 16473
f 16481 16482 16483
f 16483 16484 16481
f 16485 16486 16487
f 16487 16488 16485
f 16493 16494 16495
f 16495 16496 16493
f 16497 16498 16499
f 16499 16500 16497
f 16521 16522 16523
f 16523 16524 16521
f 16525 16526 16527
f 16527 16528 16525
f 16533 16534 16535
f 16535 16536 16533
f 16537 16538 16539
f 16539 16540 16537
f 16545 16546 16547
f 16547 16548 16545
f 16549 16550 16551
f 16551 16552 16549
f 16557 16558 16559
f 16559 16560 16557
f 16561 16562 16563
f 16563 16564 16561
f 16585 16586 16587
f 16587 16588 16585
f 16589 16590 16591
f 16591 16592 16589
f 16597 16598 16599
f 16599 16600 16597
f 16601 16602 16603
f 16603 16604 16601
f 16609 16610 16611
f 16611 16612 16609
f 16613 16614 16615
f 16615 16616 16613
f 16621 16622 16623
f 16623 16624 16621
f 16625 16626 16627
f 16627 16628 16625
f 16633 16634 16635
f 16635 16636 16633
f 16637 16638 16639
f 16639 16640 16637
f 16661 16662 16663
f 16663 16664 16661
f 16665 16666 16667
f 16667 16668 16665
f 16673 16674 16675
f 16675 16676 16673
f 16677 16678 16679
f 16679 16680 16677
f 16685 16686 16687
f 16687 16688 16685
f 16689 16690 16691
f 16691 16692 16689
f 16697 16698 16699
f 16699 16700 16697
f 16701 16702 16703
f 16703 16704 16701
f 16709 16710 16711
f 16711 16712 16709
f 16713 16714 16715
f 16715 16716 16713
f 16721 16722 16723
f 16723 16724 16721
f 16725 16726 16727
f 16727 16728 16725
f 16733 16734 16735
f 16735 16736 16733
f 16737 16738 16739
f 16739 16740 16737
f 16745 16746 16747
f 16747 16748 16745
f 16749 16750 16751
f 16751 16752 16749
f 16773 16774 16775
f 16775 16776 16773
f 16777 16778 16779
f 16779 16780 16777
f 16785 16786 16787
f 16787 16788 16785
f 16789 16790 16791
f 16791 16792 16789
f 16797 16798 16799
f 16799 16800 16797
f 16801 16802 16803
f 16803 16804 16801
f 16809 16810 16811
f 16811 16812 16809
f 16813 16814 16815
f 16815 16816 16813
f 16821 16822 16823
f 16823 16824 16821
f 16825 16826 16827
f 16827 16828 16825
f 16849 16850 16851
f 16851 16852 16849
f 16853 16854 16855
f 16855 16856 16853
f 16861 16862 16863
f 16863 16864 16861
f 16865 16866 16867
f 16867 16868 16865
f 16873 16874 16875
f 16875 16876 16873
f 16877 16878 16879
f 16879 16880 16877
f 16885 16886 16887
f 16887 16888 16885
f 16889 16890 16891
f 16891 16892 16889
f 16897 16898 16899
f 16899 16900 16897
f 16901 16902 16903
f 16903 16904 16901
f 16925 16926 16927
f 16927 16928 16925
f 16929 16930 16931
f 16931 16932 16929
f 16937 16938 16939
f 16939 16940 16937
f 16941 16942 16943
f 16943 16944 16941
f 16949 16950 16951
f 16951 16952 16949
f 16953 16954 16955
f 16955 16956 16953
f 16977 16978 16979
f 16979 16980 16977
f 16981 16982 16983
f 16983 16984 16981
f 16989 16990 16991
f 16991 16992 16989
f 16993 16994 16995
f 16995 16996 16993
f 17001 17002 17003
f 17003 17004 17001
f 17005 17006 17007
f 17007 17008 17005
f 17013 17014 17015
f 17015 17016 17013
f 17017 17018 17019
f 17019 17020 17017
f 17041 17042 17043
f 17043 17044 17041
f 17045 17046 17047
f 17047 17048 17045
f 17053 17054 17055
f 17055 17056 17053
f 17057 17058 17059
f 17059 17060 17057
f 17065 17066 17067
f 17067 17068 17065
f 17069 17070 17071
f 17071 17072 17069
f 17093 17094 17095
f 17095 17096 17093
f 17097 17098 17099
f 17099 17100 17097
f 17105 17106 17107
f 17107 17108 17105
f 17109 17110 17111
f 17111 17112 17109
f 17133 17134 17135
f 17135 17136 17133
f 17137 17138 17139
f 17139 17140 17137
f 17145 17146 17147
f 17147 17148 17145
f 17149 17150 17151
f 17151 17152 17149
f 17157 17158 17159
f 17159 17160 17157
f 17161 17162 17163
f 17163 17164 17161
f 17169 17170 17171
f 17171 17172 17169
f 17173 17174 17175
f 17175 17176 17173
f 17197 17198 17199
f 17199 17200 17197
f 17201 17202 17203
f 17203 17204 17201
f 17209 17210 17211
f 17211 17212 17209
f 17213 17214 17215
f 17215 17216 17213
f 17221 17222 17223
f 17223 17224 17221
f 17225 17226 17227
f 17227 17228 17225
f 17249 17250 17251
f 17251 17252 17249
f 17253 17254 17255
f 17255 17256 17253
f 17261 17262 17263
f 17263 17264 17261
f 17265 17266 17267
f 17267 17268 17265
f 17273 17274 17275
f 17275 17276 17273
f 17277 17278 17279
f 17279 17280 17277
f 17301 17302 17303
f 17303 17304 17301
f 17305 17306 17307
f 17307 17308 17305
f 17313 17314 17315
f 17315 17316 17313
f 17317 17318 17319
f 17319 17320 17317
f 17325 17326 17327
f 17327 17328 17325
f 17329 17330 17331
f 17331 17332 17329
f 17337 17338 17339
f 17339 17340 17337
f 17341 17342 17343
f 17343 17344 17341
f 17365 17366 17367
f 17367 17368 17365
f 17369 17370 17371
f 17371 17372 17369
f 17377 17378 17379
f 17379 17380 17377
f 17381 17382 17383
f 17383 17384 17381
f 17405 17406 17407
f 17407 17408 17405
f 17409 17410 17411
f 17411 17412 17409
f 17417 17418 17419
f 17419 17420 17417
f 17421 17422 17423
f 17423 17424 17421
f 17429 17430 17431
f 17431 17432 17429
f 17433 17434 17435
f 17435 17436 17433
f 17457 17458 17459
f 17459 17460 17457
f 17461 17462 17463
f 17463 17464 17461
f 17469 17470 17471
f 17471 17472 17469
f 17473 17474 17475
f 17475 17476 17473
f 17481 17482 17483
f 17483 17484 17481
f 17485 17486 17487
f 17487 17488 17485
f 17509 17510 17511
f 17511 17512 17509
f 17513 17514 17515
f 17515 17516 17513
f 17521 17522 17523
f 17523 17524 17521
f 17525 17526 17527
f 17527 17528 17525
f 17549 17550 17551
f 17551 17552 17549
f 17553 17554 17555
f 17555 17556 17553
f 17561 17562 17563
f 17563 17564 17561
f 17565 17566 17567
f 17567 17568 17565
f 17589 17590 17591
f 17591 17592 17589
f 17593 17594 17595
f 17595 17596 17593
f 17601 17602 17603
f 17603 17604 17601
f 17605 17606 17607
f 17607 17608 17605
f 17629 17630 17631
f 17631 17632 17629
f 17633 17634 17635
f 17635 17636 17633
f 17641 17642 17643
f 17643 17644 17641
f 17645 17646 17647
f 17647 17648 17645
f 17653 17654 17655
f 17655 17656 17653
f 17657 17658 17659
f 17659 17660 17657
f 17681 17682 17683
f 17683 17684 17681
f 17685 17686 17687
f 17687 17688 17685
f 17693 17694 17695
f 17695 17696 17693
f 17697 17698 17699
f 17699 17700 17697
f 17705 17706 17707
f 17707 17708 17705
f 17709 17710 17711
f 17711 17712 17709
f 17717 17718 17719
f 17719 17720 17717
f 17721 17722 17723
f 17723 17724 17721
f 17729 17730 17731
f 17731 17732 17729
f 17733 17734 17735
f 17735 17736 17733
f 17741 17742 17743
f 17743 17744 17741
f 17745 17746 17747
f 17747 17748 17745
f 17769 17770 17771
f 17771 17772 17769
f 17773 17774 17775
f 17775 17776 17773
f 17781 17782 17783
f 17783 17784 17781
f 17785 17786 17787
f 17787 17788 17785
f 17793 17794 17795
f 17795 17796 17793
f 17797 17798 17799
f 17799 17800 17797
f 17821 17822 17823
f 17823 17824 17821
f 17825 17826 17827
f 17827 17828 17825
f 17833 17834 17835
f 17835 17836 17833
f 17837 17838 17839
f 17839 17840 17837
f 17845 17846 17847
f 17847 17848 17845
f 17849 17850 17851
f 17851 17852 17849
f 17873 17874 17875
f 17875 17876 17873
f 17877 17878 17879
f 17879 17880 17877
f 17885 17886 17887
f 17887 17888 17885
f 17889 17890 17891
f 17891 17892 17889
f 17913 17914 17915
f 17915 17916 17913
f 17917 17918 17919
f 17919 17920 17917
f 17925 17926 17927
f 17927 17928 17925
f 17929 17930 17931
f 17931 17932 17929
f 17937 17938 17939
f 17939 17940 17937
f 17941 17942 17943
f 17943 17944 17941
f 17949 17950 17951
f 17951 17952 17949
f 17953 17954 17955
f 17955 17956 17953
f 17977 17978 17979
f 17979 17980 17977
f 17981 17982 17983
f 17983 17984 17981
f 17989 17990 17991
f 17991 17992 17989
f 17993 17994 17995
f 17995 17996 17993
f 18001 18002 18003
f 18003 18004 18001
f 18005 18006 18007
f 18007 18008 18005
f 18029 18030 18031
f 18031 18032 18029
f 18033 18034 18035
f 18035 18036 18033
f 18041 18042 18043
f 18043 18044 18041
f 18045 18046 18047
f 18047 18048 18045
f 18053 18054 18055
f 18055 18056 18053
f 18057 18058 18059
f 18059 18060 18057
f 18081 18082 18083
f 18083 18084 18081
f 18085 18086 18087
f 18087 18088 18085
f 18093 18094 18095
f 18095 18096 18093
f 18097 18098 18099
f 18099 18100 18097
f 18105 18106 18107
f 18107 18108 18105
f 18109 18110 18111
f 18111 18112 18109
f 18117 18118 18119
f 18119 18120 18117
f 18121 18122 18123
f 18123 18124 18121
f 18145 18146 18147
f 18147 18148 18145
f 18149 18150 18151
f 18151 18152 18149
f 18157 18158 18159
f 18159 18160 18157
f 18161 18162 18163
f 18163 18164 18161
f 18185 18186 18187
f 18187 18188 18185
f 18189 18190 18191
f 18191 18192 18189
f 18197 18198 18199
f 18199 18200 18197
f 18201 18202 18203
f 18203 18204 18201
f 18209 18210 18211
f 18211 18212 18209
f 18213 18214 18215
f 18215 18216 18213
f 18221 18222 18223
f 18223 18224 18221
f 18225 18226 18227
f 18227 18228 18225
f 18249 18250 18251
f 18251 18252 18249
f 18253 18254 18255
f 18255 18256 18253
f 18261 18262 18263
f 18263 18264 18261
f 18265 18266 18267
f 18267 18268 18265
f 18273 18274 18275
f 18275 18276 18273
f 18277 18278 18279
f 18279 18280 18277
f 18301 18302 18303
f 18303 18304 18301
f 18305 18306 18307
f 18307 18308 18305
f 18313 18314 18315
f 18315 18316 18313
f 18317 18318 18319
f 18319 18320 18317
f 18325 18326 18327
f 18327 18328 18325
f 18329 18330 18331
f 18331 18332 18329
f 18337 18338 18339
f 18339 18340 18337
f 18341 18342 18343
f 18343 18344 18341
f 18365 18366 18367
f 18367 18368 18365
f 18369 18370 18371
f 18371 18372 18369
f 18377 18378 18379
f 18379 18380 18377
f 18381 18382 18383
f 18383 18384 18381
f 18389 18390 18391
f 18391 18392 18389
f 18393 18394 18395
f 18395 18396 18393
f 18417 18418 18419
f 18419 18420 18417
f 18421 18422 18423
f 18423 18424 18421
f 18429 18430 18431
f 18431 18432 18429
f 18433 18434 18435
f 18435 18436 18433
f 18457 18458 18459
f 18459 18460 18457
f 18461 18462 18463
f 18463 18464 18461
f 18469 18470 18471
f 18471 18472 18469
f 18473 18474 18475
f 18475 18476 18473
f 18497 18498 18499
f 18499 18500 18497
f 18501 18502 18503
f 18503 18504 18501
f 18509 18510 18511
f 18511 18512 18509
f 18513 18514 18515
f 18515 18516 18513
f 18537 18538 18539
f 18539 18540 18537
f 18541 18542 18543
f 18543 18544 18541
f 18549 18550 18551
f 18551 18552 18549
f 18553 18554 18555
f 18555 18556 18553
f 18561 18562 18563
f 18563 18564 18561
f 18565 18566 18567
f 18567 18568 18565
f 18573 18574 18575
f 18575 18576 18573
f 18577 18578 18579
f 18579 18580 18577
f 18601 18602 18603
f 18603 18604 18601
f 18605 18606 18607
f 18607 18608 18605
f 18613 18614 18615
f 18615 18616 18613
f 18617 18618 18619
f 18619 18620 18617
f 18625 18626 18627
f 18627 18628 18625
f 18629 18630 18631
f 18631 18632 18629
f 18653 18654 18655
f 18655 18656 18653
f 18657 18658 18659
f 18659 18660 18657
f 18665 18666 18667
f 18667 18668 18665
f 18669 18670 18671
f 18671 18672 18669
f 18677 18678 18679
f 18679 18680 18677
f 18681 18682 18683
f 18683 18684 18681
f 18705 18706 18707
f 18707 18708 18705
f 18709 18710 18711
f 18711 18712 18709
f 18717 18718 18719
f 18719 18720 18717
f 18721 18722 18723
f 18723 18724 18721
f 18729 18730 18731
f 18731 18732 18729
f 18733 18734 18735
f 18735 18736 18733
f 18741 18742 18743
f 18743 18744 18741
f 18745 18746 18747
f 18747 18748 18745
f 18769 18770 18771
f 18771 18772 18769
f 18773 18774 18775
f 18775 18776 18773
f 18781 18782 18783
f 18783 18784 18781
f 18785 18786 18787
f 18787 18788 18785
f 18793 18794 18795
f 18795 18796 18793
f 18797 18798 18799
f 18799 18800 18797
f 18805 18806 18807
f 18807 18808 18805
f 18809 18810 18811
f 18811 18812 18809
f 18833 18834 18835
f 18835 18836 18833
f 18837 18838 18839
f 18839 18840 18837
f 18845 18846 18847
f 18847 18848 18845
f 18849 18850 18851
f 18851 18852 18849
f 18857 18858 18859
f 18859 18860 18857
f 18861 18862 18863
f 18863 18864 18861
f 18885 18886 18887
f 18887 18888 18885
f 18889 18890 18891
f 18891 18892 18889
f 18897 18898 18899
f 18899 18900 18897
f 18901 18902 18903
f 18903 18904 18901
f 18925 18926 18927
f 18927 18928 18925
f 18929 18930 18931
f 18931 18932 18929
f 18937 18938 18939
f 18939 18940 18937
f 18941 18942 18943
f 18943 18944 18941
f 18965 18966 18967
f 18967 18968 18965
f 18969 18970 18971
f 18971 18972 18969
f 18977 18978 18979
f 18979 18980 18977
f 18981 18982 18983
f 18983 18984 18981
f 19005 19006 19007
f 19007 19008 19005
f 19009 19010 19011
f 19011 19012 19009
f 19017 19018 19019
f 19019 19020 19017
f 19021 19022 19023
f 19023 19024 19021
f 19029 19030 19031
f 19031 19032 19029
f 19033 19034 19035
f 19035 19036 19033
f 19041 19042 19043
f 19043 19044 19041
f 19045 19046 19047
f 19047 19048 19045
f 19053 19054 19055
f 19055 19056 19053
f 19057 19058 19059
f 19059 19060 19057
f 19065 19066 19067
f 19067 19068 19065
f 19069 19070 19071
f 19071 19072 19069
f 19077 19078 19079
f 19079 19080 19077
f 19081 19082 19083
f 19083 19084 19081
f 19105 19106 19107
f 19107 19108 19105
f 19109 19110 19111
f 19111 19112 19109
f 19117 19118 19119
f 19119 19120 19117
f 19121 19122 19123
f 19123 19124 19121
f 19145 19146 19147
f 19147 19148 19145
f 19149 19150 19151
f 19151 19152 19149
f 19157 19158 19159
f 19159 19160 19157
f 19161 19162 19163
f 19163 19164 19161
f 19169 19170 19171
f 19171 19172 19169
f 19173 19174 19175
f 19175 19176 19173
f 19181 19182 19183
f 19183 19184 19181
f 19185 19186 19187
f 19187 19188 19185
f 19209 19210 19211
f 19211 19212 19209
f 19213 19214 19215
f 19215 19216 19213
f 19221 19222 19223
f 19223 19224 19221
f 19225 19226 19227
f 19227 19228 19225
f 19233 19234 19235
f 19235 19236 19233
f 19237 19238 19239
f 19239 19240 19237
f 19245 19246 19247
f 19247 19248 19245
f 19249 19250 19251
f 19251 19252 19249
f 19257 19258 19259
f 19259 19260 19257
f 19261 19262 19263
f 19263 19264 19261
f 19285 19286 19287
f 19287 19288 19285
f 19289 19290 19291
f 19291 19292 19289
f 19297 19298 19299
f 19299 19300 19297
f 19301 19302 19303
f 19303 19304 19301
f 19309 19310 19311
f 19311 19312 19309
f 19313 19314 19315
f 19315 19316 19313
f 19321 19322 19323
f 19323 19324 19321
f 19325 19326 19327
f 19327 19328 19325
f 19333 19334 19335
f 19335 19336 19333
f 19337 19338 19339
f 19339 19340 19337
f 19361 19362 19363
f 19363 19364 19361
f 19365 19366 19367
f 19367 19368 19365
f 19373 19374 19375
f 19375 19376 19373
f 19377 19378 19379
f 19379 19380 19377
f 19401 19402 19403
f 19403 19404 19401
f 19405 19406 19407
f 19407 19408 19405
f 19413 19414 19415
f 19415 19416 19413
f 19417 19418 19419
f 19419 19420 19417
f 19425 19426 19427
f 19427 19428 19425
f 19429 19430 19431
f 19431 19432 19429
f 19453 19454 19455
f 19455 19456 19453
f 19457 19458 19459
f 19459 19460 19457
f 19465 19466 19467
f 19467 19468 19465
f 19469 19470 19471
f 19471 19472 19469
f 19477 19478 19479
f 19479 19480 19477
f 19481 19482 19483
f 19483 19484 19481
f 19505 19506 19507
f 19507 19508 19505
f 19509 19510 19511
f 19511 19512 19509
f 19517 19518 19519
f 19519 19520 19517
f 19521 19522 19523
f 19523 19524 19521
f 19529 19530 19531
f 19531 19532 19529
f 19533 19534 19535
f 19535 19536 19533
f 19557 19558 19559
f 19559 19560 19557
f 19561 19562 19563
f 19563 19564 19561
f 19569 19570 19571
f 19571 19572 19569
f 19573 19574 19575
f 19575 19576 19573
f 19581 19582 19583
f 19583 19584 19581
f 19585 19586 19587
f 19587 19588 19585
f 19609 19610 19611
f 19611 19612 19609
f 19613 19614 19615
f 19615 19616 19613
f 19621 19622 19623
f 19623 19624 19621
f 19625 19626 19627
f 19627 19628 19625
f 19649 19650 19651
f 19651 19652 19649
f 19653 19654 19655
f 19655 19656 19653
f 19661 19662 19663
f 19663 19664 19661
f 19665 19666 19667
f 19667 19668 19665
f 19673 19674 19675
f 19675 19676 19673
f 19677 19678 19679
f 19679 19680 19677
f 19701 19702 19703
f 19703 19704 19701
f 19705 19706 19707
f 19707 19708 19705
f 19713 19714 19715
f 19715 19716 19713
f 19717 19718 19719
f 19719 19720 19717
f 19741 19742 19743
f 19743 19744 19741
f 19745 19746 19747
f 19747 19748 19745
f 19753 19754 19755
f 19755 19756 19753
f 19757 19758 19759
f 19759 19760 19757
f 19765 19766 19767
f 19767 19768 19765
f 19769 19770 19771
f 19771 19772 19769
f 19777 19778 19779
f 19779 19780 19777
f 19781 19782 19783
f 19783 19784 19781
f 19805 19806 19807
f 19807 19808 19805
f 19809 19810 19811
f 19811 19812 19809
f 19817 19818 19819
f 19819 19820 19817
f 19821 19822 19823
f 19823 19824 19821
f 19829 19830 19831
f 19831 19832 19829
f 19833 19834 19835
f 19835 19836 19833
f 19841 19842 19843
f 19843 19844 19841
f 19845 19846 19847
f 19847 19848 19845
f 19869 19870 19871
f 19871 19872 19869
f 19873 19874 19875
f 19875 19876 19873
f 19881 19882 19883
f 19883 19884 19881
f 19885 19886 19887
f 19887 19888 19885
f 19893 19894 19895
f 19895 19896 19893
f 19897 19898 19899
f 19899 19900 19897
f 19905 19906 19907
f 19907 19908 19905
f 19909 19910 19911
f 19911 19912 19909
f 19933 19934 19935
f 19935 19936 19933
f 19937 19938 19939
f 19939 19940 19937
f 19945 19946 19947
f 19947 19948 19945
f 19949 19950 19951
f 19951 19952 19949
f 19957 19958 19959
f 19959 19960 19957
f 19961 19962 19963
f 19963 19964 19961
f 19969 19970 19971
f 19971 19972 19969
f 19973 19974 19975
f 19975 19976 19973
f 19997 19998 19999
f 19999 20000 19997
f 20001 20002 20003
f 20003 20004 20001
f 20009 20010 20011
f 20011 20012 20009
f 20013 20014 20015
f 20015 20016 20013
f 20021 20022 20023
f 20023 20024 20021
f 20025 20026 20027
f 20027 20028 20025
f 20033 20034 20035
f 20035 20036 20033
f 20037 20038 20039
f 20039 20040 20037
f 20045 20046 20047
f 20047 20048 20045
f 20049 20050 20051
f 20051 20052 20049
f 20073 20074 20075
f 20075 20076 20073
f 20077 20078 20079
f 20079 20080 20077
f 20085 20086 20087
f 20087 20088 20085
f 20089 20090 20091
f 20091 20092 20089
f 20097 20098 20099
f 20099 20100 20097
f 20101 20102 20103
f 20103 20104 20101
f 20109 20110 20111
f 20111 20112 20109
f 20113 20114 20115
f 20115 20116 20113
f 20137 20138 20139
f 20139 20140 20137
f 20141 20142 20143
f 20143 20144 20141
f 20149 20150 20151
f 20151 20152 20149
f 20153 20154 20155
f 20155 20156 20153
f 20161 20162 20163
f 20163 20164 20161
f 20165 20166 20167
f 20167 20168 20165
f 20173 20174 20175
f 20175 20176 20173
f 20177 20178 20179
f 20179 20180 20177
f 20185 20186 20187
f 20187 20188 20185
f 20189 20190 20191
f 20191 20192 20189
f 20197 20198 20199
f 20199 20200 20197
f 20201 20202 20203
f 20203 20204 20201
f 20225 20226 20227
f 20227 20228 20225
f 20229 20230 20231
f 20231 20232 20229
f 20237 20238 20239
f 20239 20240 20237
f 20241 20242 20243
f 20243 20244 20241
f 20249 20250 20251
f 20251 20252 20249
f 20253 20254 20255
f 20255 20256 20253
f 20277 20278 20279
f 20279 20280 20277
f 20281 20282 20283
f 20283 20284 20281
f 20289 20290 20291
f 20291 20292 20289
f 20293 20294 20295
f 20295 20296 20293
f 20301 20302 20303
f 20303 20304 20301
f 20305 20306 20307
f 20307 20308 20305
f 20313 20314 20315
f 20315 20316 20313
f 20317 20318 20319
f 20319 20320 20317
f 20341 20342 20343
f 20343 20344 20341
f 20345 20346 20347
f 20347 20348 20345
f 20353 20354 20355
f 20355 20356 20353
f 20357 20358 20359
f 20359 20360 20357
f 20365 20366 20367
f 20367 20368 20365
f 20369 20370 20371
f 20371 20372 20369
f 20377 20378 20379
f 20379 20380 20377
f 20381 20382 20383
f 20383 20384 20381
f 20389 20390 20391
f 20391 20392 20389
f 20393 20394 20395
f 20395 20396 20393
f 20417 20418 20419
f 20419 20420 20417
f 20421 20422 20423
f 20423 20424 20421
f 20429 20430 20431
f 20431 20432 20429
f 20433 20434 20435
f 20435 20436 20433
f 20441 20442 20443
f 20443 20444 20441
f 20445 20446 20447
f 20447 20448 20445
f 20469 20470 20471
f 20471 20472 20469
f 20473 20474 20475
f 20475 20476 20473
f 20481 20482 20483
f 20483 20484 20481
f 20485 20486 20487
f 20487 20488 20485
f 20509 20510 20511
f 20511 20512 20509
f 20513 20514 20515
f 20515 20516 20513
f 20521 20522 20523
f 20523 20524 20521
f 20525 20526 20527
f 20527 20528 20525
f 20533 20534 20535
f 20535 20536 20533
f 20537 20538 20539
f 20539 20540 20537
f 20561 20562 20563
f 20563 20564 20561
f 20565 20566 20567
f 20567 20568 20565
f 20573 20574 20575
f 20575 20576 20573
f 20577 20578 20579
f 20579 20580 20577
f 20585 20586 20587
f 20587 20588 20585
f 20589 20590 20591
f 20591 20592 20589
f 20597 20598 20599
f 20599 20600 20597
f 20601 20602 20603
f 20603 20604 20601
f 20625 20626 20627
f 20627 20628 20625
f 20629 20630 20631
f 20631 20632 20629
f 20637 20638 20639
f 20639 20640 20637
f 20641 20642 20643
f 20643 20644 20641
f 20649 20650 20651
f 20651 20652 20649
f 20653 20654 20655
f 20655 20656 20653
f 20661 20662 20663
f 20663 20664 20661
f 20665 20666 20667
f 20667 20668 20665
f 20689 20690 20691
f 20691 20692 20689
f 20693 20694 20695
f 20695 20696 20693
f 20701 20702 20703
f 20703 20704 20701
f 20705 20706 20707
f 20707 20708 20705
f 20713 20714 20715
f 20715 20716 20713
f 20717 20718 20719
f 20719 20720 20717
f 20725 20726 20727
f 20727 20728 20725
f 20729 20730 20731
f 20731 20732 20729
f 20737 20738 20739
f 20739 20740 20737
f 20741 20742 20743
f 20743 20744 20741
f 20749 20750 20751
f 20751 20752 20749
f 20753 20754 20755
f 20755 20756 20753
f 20777 20778 20779
f 20779 20780 20777
f 20781 20782 20783
f 20783 20784 20781
f 20789 20790 20791
f 20791 20792 20789
f 20793 20794 20795
f 20795 20796 20793
f 20817 20818 20819
f 20819 20820 20817
f 20821 20822 20823
f 20823 20824 20821
f 20829 20830 20831
f 20831 20832 20829
f 20833 20834 20835
f 20835 20836 20833
f 20841 20842 20843
f 20843 20844 20841
f 20845 20846 20847
f 20847 20848 20845
f 20869 20870 20871
f 20871 20872 20869
f 20873 20874 20875
f 20875 20876 20873
f 20881 20882 20883
f 20883 20884 20881
f 20885 20886 20887
f 20887 20888 20885
f 20893 20894 20895
f 20895 20896 20893
f 20897 20898 20899
f 20899 20900 20897
f 20921 20922 20923
f 20923 20924 20921
f 20925 20926 20927
f 20927 20928 20925
f 20933 20934 20935
f 20935 20936 20933
f 20937 20938 20939
f 20939 20940 20937
f 20945 20946 20947
f 20947 20948 20945
f 20949 20950 20951
f 20951 20952 20949
f 20973 20974 20975
f 20975 20976 20973
f 20977 20978 20979
f 20979 20980 20977
f 20985 20986 20987
f 20987 20988 20985
f 20989 20990 20991
f 20991 20992 20989
f 20997 20998 20999
f 20999 21000 20997
f 21001 21002 21003
f 21003 21004 21001
f 21009 21010 21011
f 21011 21012 21009
f 21013 21014 21015
f 21015 21016 21013
f 21021 21022 21023
f 21023 21024 21021
f 21025 21026 21027
f 21027 21028 21025
f 21033 21034 21035
f 21035 21036 21033
f 21037 21038 21039
f 21039 21040 21037
f 21045 21046 21047
f 21047 21048 21045
f 21049 21050 21051
f 21051 21052 21049
f 21073 21074 21075
f 21075 21076 21073
f 21077 21078 21079
f 21079 21080 21077
f 21085 21086 21087
f 21087 21088 21085
f 21089 21090 21091
f 21091 21092 21089
f 21097 21098 21099
f 21099 21100 21097
f 21101 21102 21103
f 21103 21104 21101
f 21109 21110 21111
f 21111 21112 21109
f 21113 21114 21115
f 21115 21116 21113
f 21121 21122 21123
f 21123 21124 21121
f 21125 21126 21127
f 21127 21128 21125
f 21133 21134 21135
f 21135 21136 21133
f 21137 21138 21139
f 21139 21140 21137
f 21161 21162 21163
f 21163 21164 21161
f 21165 21166 21167
f 21167 21168 21165
f 21173 21174 21175
f 21175 21176 21173
f 21177 21178 21179
f 21179 21180 21177
f 21185 21186 21187
f 21187 21188 21185
f 21189 21190 21191
f 21191 21192 21189
f 21197 21198 21199
f 21199 21200 21197
f 21201 21202 21203
f 21203 21204 21201
f 21225 21226 21227
f 21227 21228 21225
f 21229 21230 21231
f 21231 21232 21229
f 21237 21238 21239
f 21239 21240 21237
f 21241 21242 21243
f 21243 21244 21241
f 21249 21250 21251
f 21251 21252 21249
f 21253 21254 21255
f 21255 21256 21253
f 21277 21278 21279
f 21279 21280 21277
f 21281 21282 21283
f 21283 21284 21281
f 21289 21290 21291
f 21291 21292 21289
f 21293 21294 21295
f 21295 21296 21293
f 21301 21302 21303
f 21303 21304 21301
f 21305 21306 21307
f 21307 21308 21305
f 21329 21330 21331
f 21331 21332 21329
f 21333 21334 21335
f 21335 21336 21333
f 21341 21342 21343
f 21343 21344 21341
f 21345 21346 21347
f 21347 21348 21345
f 21369 21370 21371
f 21371 21372 21369
f 21373 21374 21375
f 21375 21376 21373
f 21381 21382 21383
f 21383 21384 21381
f 21385 21386 21387
f 21387 21388 21385
f 21393 21394 21395
f 21395 21396 21393
f 21397 21398 21399
f 21399 21400 21397
f 21421 21422 21423
f 21423 21424 21421
f 21425 21426 21427
f 21427 21428 21425
f 21433 21434 21435
f 21435 21436 21433
f 21437 21438 21439
f 21439 21440 21437
f 21445 21446 21447
f 21447 21448 21445
f 21449 21450 21451
f 21451 21452 21449
f 21457 21458 21459
f 21459 21460 21457
f 21461 21462 21463
f 21463 21464 21461
f 21485 21486 21487
f 21487 21488 21485
f 21489 21490 21491
f 21491 21492 21489
f 21497 21498 21499
f 21499 21500 21497
f 21501 21502 21503
f 21503 21504 21501
f 21509 21510 21511
f 21511 21512 21509
f 21513 21514 21515
f 21515 21516 21513
f 21537 21538 21539
f 21539 21540 21537
f 21541 21542 21543
f 21543 21544 21541
f 21549 21550 21551
f 21551 21552 21549
f 21553 21554 21555
f 21555 21556 21553
f 21577 21578 21579
f 21579 21580 21577
f 21581 21582 21583
f 21583 21584 21581
f 21589 21590 21591
f 21591 21592 21589
f 21593 21594 21595
f 21595 21596 21593
f 21601 21602 21603
f 21603 21604 21601
f 21605 21606 21607
f 21607 21608 21605
f 21613 21614 21615
f 21615 21616 21613
f 21617 21618 21619
f 21619 21620 21617
f 21641 21642 21643
f 21643 21644 21641
f 21645 21646 21647
f 21647 21648 21645
f 21653 21654 21655
f 21655 21656 21653
f 21657 21658 21659
f 21659 21660 21657
f 21681 21682 21683
f 21683 21684 21681
f 21685 21686 21687
f 21687 21688 21685
f 21693 21694 21695
f 21695 21696 21693
f 21697 21698 21699
f 21699 21700 21697
f 21721 21722 21723
f 21723 21724 21721
f 21725 21726 21727
f 21727 21728 21725
f 21733 21734 21735
f 21735 21736 21733
f 21737 21738 21739
f 21739 21740 21737
f 21745 21746 21747
f 21747 21748 21745
f 21749 21750 21751
f 21751 21752 21749
f 21757 21758 21759
f 21759 21760 21757
f 21761 21762 21763
f 21763 21764 21761
f 21785 21786 21787
f 21787 21788 21785
f 21789 21790 21791
f 21791 21792 21789
f 21797 21798 21799
f 21799 21800 21797
f 21801 21802 21803
f 21803 21804 21801
f 21809 21810 21811
f 21811 21812 21809
f 21813 21814 21815
f 21815 21816 21813
f 21821 21822 21823
f 21823 21824 21821
f 21825 21826 21827
f 21827 21828 21825
f 21833 21834 21835
f 21835 21836 21833
f 21837 21838 21839
f 21839 21840 21837
f 21861 21862 21863
f 21863 21864 21861
f 21865 21866 21867
f 21867 21868 21865
f 21873 21874 21875
f 21875 21876 21873
f 21877 21878 21879
f 21879 21880 21877
f 21885 21886 21887
f 21887 21888 21885
f 21889 21890 21891
f 21891 21892 21889
f 21897 21898 21899
f 21899 21900 21897
f 21901 21902 21903
f 21903 21904 21901
f 21925 21926 21927
f 21927 21928 21925
f 21929 21930 21931
f 21931 21932 21929
f 21937 21938 21939
f 21939 21940 21937
f 21941 21942 21943
f 21943 21944 21941
f 21949 21950 21951
f 21951 21952 21949
f 21953 21954 21955
f 21955 21956 21953
f 21961 21962 21963
f 21963 21964 21961
f 21965 21966 21967
f 21967 21968 21965
f 21989 21990 21991
f 21991 21992 21989
f 21993 21994 21995
f 21995 21996 21993
f 22001 22002 22003
f 22003 22004 22001
f 22005 22006 22007
f 22007 22008 22005
f 22013 22014 22015
f 22015 22016 22013
f 22017 22018 22019
f 22019 22020 22017
f 22025 22026 22027
f 22027 22028 22025
f 22029 22030 22031
f 22031 22032 22029
f 22037 22038 22039
f 22039 22040 22037
f 22041 22042 22043
f 22043 22044 22041
f 22065 22066 22067
f 22067 22068 22065
f 22069 22070 22071
f 22071 22072 22069
f 22077 22078 22079
f 22079 22080 22077
f 22081 22082 22083
f 22083 22084 22081
f 22105 22106 22107
f 22107 22108 22105
f 22109 22110 22111
f 22111 22112 22109
f 22117 22118 22119
f 22119 22120 22117
f 22121 22122 22123
f 22123 22124 22121
f 22129 22130 22131
f 22131 22132 22129
f 22133 22134 22135
f 22135 22136 22133
f 22157 22158 22159
f 22159 22160 22157
f 22161 22162 22163
f 22163 22164 22161
f 22169 22170 22171
f 22171 22172 22169
f 22173 22174 22175
f 22175 22176 22173
f 22197 22198 22199
f 22199 22200 22197
f 22201 22202 22203
f 22203 22204 22201
f 22209 22210 22211
f 22211 22212 22209
f 22213 22214 22215
f 22215 22216 22213
f 22221 22222 22223
f 22223 22224 22221
f 22225 22226 22227
f 22227 22228 22225
f 22249 22250 22251
f 22251 22252 22249
f 22253 22254 22255
f 22255 22256 22253
f 22261 22262 22263
f 22263 22264 22261
f 22265 22266 22267
f 22267 22268 22265
f 22273 22274 22275
f 22275 22276 22273
f 22277 22278 22279
f 22279 22280 22277
f 22301 22302 22303
f 22303 22304 22301
f 22305 22306 22307
f 22307 22308 22305
f 22313 22314 22315
f 22315 22316 22313
f 22317 22318 22319
f 22319 22320 22317
f 22341 22342 22343
f 22343 22344 22341
f 22345 22346 22347
f 22347 22348 22345
f 22353 22354 22355
f 22355 22356 22353
f 22357 22358 22359
f 22359 22360 22357
f 22365 22366 22367
f 22367 22368 22365
f 22369 22370 22371
f 22371 22372 22369
f 22377 22378 22379
f 22379 22380 22377
f 22381 22382 22383
f 22383 22384 22381
f 22405 22406 22407
f 22407 22408 22405
f 22409 22410 22411
f 22411 22412 22409
f 22417 22418 22419
f 22419 22420 22417
f 22421 22422 22423
f 22423 22424 22421
f 22429 22430 22431
f 22431 22432 22429
f 22433 22434 22435
f 22435 22436 22433
f 22441 22442 22443
f 22443 22444 22441
f 22445 22446 22447
f 22447 22448 22445
f 22453 22454 22455
f 22455 22456 22453
f 22457 22458 22459
f 22459 22460 22457
f 22465 22466 22467
f 22467 22468 22465
f 22469 22470 22471
f 22471 22472 22469
f 22493 22494 22495
f 22495 22496 22493
f 22497 22498 22499
f 22499 22500 22497
f 22505 22506 22507
f 22507 22508 22505
f 22509 22510 22511
f 22511 22512 22509
f 22517 22518 22519
f 22519 22520 22517
f 22521 22522 22523
f 22523 22524 22521
f 22529 22530 22531
f 22531 22532 22529
f 22533 22534 22535
f 22535 22536 22533
f 22557 22558 22559
f 22559 22560 22557
f 22561 22562 22563
f 22563 22564 22561
f 22569 22570 22571
f 22571 22572 22569
f 22573 22574 22575
f 22575 22576 22573
f 22581 22582 22583
f 22583 22584 22581
f 22585 22586 22587
f 22587 22588 22585
f 22593 22594 22595
f 22595 22596 22593
f 22597 22598 22599
f 22599 22600 22597
f 22605 22606 22607
f 22607 22608 22605
f 22609 22610 22611
f 22611 22612 22609
f 22633 22634 22635
f 22635 22636 22633
f 22637 22638 22639
f 22639 22640 22637
f 22645 22646 22647
f 22647 22648 22645
f 22649 22650 22651
f 22651 22652 22649
f 22673 22674 22675
f 22675 22676 22673
f 22677 22678 22679
f 22679 22680 22677
f 22685 22686 22687
f 22687 22688 22685
f 22689 22690 22691
f 22691 22692 22689
f 22697 22698 22699
f 22699 22700 22697
f 22701 22702 22703
f 22703 22704 22701
f 22709 22710 22711
f 22711 22712 22709
f 22713 22714 22715
f 22715 22716 22713
f 22721 22722 22723
f 22723 22724 22721
f 22725 22726 22727
f 22727 22728 22725
f 22749 22750 22751
f 22751 22752 22749
f 22753 22754 22755
f 22755 22756 22753
f 22761 22762 22763
f 22763 22764 22761
f 22765 22766 22767
f 22767 22768 22765
f 22773 22774 22775
f 22775 22776 22773
f 22777 22778 22779
f 22779 22780 22777
f 22785 22786 22787
f 22787 22788 22785
f 22789 22790 22791
f 22791 22792 22789
f 22813 22814 22815
f 22815 22816 22813
f 22817 22818 22819
f 22819 22820 22817
f 22825 22826 22827
f 22827 22828 22825
f 22829 22830 22831
f 22831 22832 22829
f 22837 22838 22839
f 22839 22840 22837
f 22841 22842 22843
f 22843 22844 22841
f 22849 22850 22851
f 22851 22852 22849
f 22853 22854 22855
f 22855 22856 22853
f 22861 22862 22863
f 22863 22864 22861
f 22865 22866 22867
f 22867 22868 22865
f 22889 22890 22891
f 22891 22892 22889
f 22893 22894 22895
f 22895 22896 22893
f 22901 22902 22903
f 22903 22904 22901
f 22905 22906 22907
f 22907 22908 22905
f 22913 22914 22915
f 22915 22916 22913
f 22917 22918 22919
f 22919 22920 22917
f 22925 22926 22927
f 22927 22928 22925
f 22929 22930 22931
f 22931 22932 22929
f 22937 22938 22939
f 22939 22940 22937
f 22941 22942 22943
f 22943 22944 22941
f 22965 22966 22967
f 22967 22968 22965
f 22969 22970 22971
f 22971 22972 22969
f 22977 22978 22979
f 22979 22980 22977
f 22981 22982 22983
f 22983 22984 22981
f 22989 22990 22991
f 22991 22992 22989
f 22993 22994 22995
f 22995 22996 22993
f 23001 23002 23003
f 23003 23004 23001
f 23005 23006 23007
f 23007 23008 23005
f 23013 23014 23015
f 23015 23016 23013
f 23017 23018 23019
f 23019 23020 23017
f 23025 23026 23027
f 23027 23028 23025
f 23029 23030 23031
f 23031 23032 23029
f 23053 23054 23055
f 23055 23056 23053
f 23057 23058 23059
f 23059 23060 23057
f 23065 23066 23067
f 23067 23068 23065
f 23069 23070 23071
f 23071 23072 23069
f 23093 23094 23095
f 23095 23096 23093
f 23097 23098 23099
f 23099 23100 23097
f 23121 23122 23123
f 23123 23124 23121
f 23125 23126 23127
f 23127 23128 23125
f 23149 23150 23151
f 23151 23152 23149
f 23153 23154 23155
f 23155 23156 23153
g yellow_divider
f 741 742 743
f 743 744 741
f 773 774 775
f 775 776 773
f 805 806 807
f 807 808 805
f 837 838 839
f 839 840 837
f 869 870 871
f 871 872 869
f 901 902 903
f 903 904 901
f 933 934 935
f 935 936 933
f 965 966 967
f 967 968 965
f 997 998 999
f 999 1000 997
f 1029 1030 1031
f 1031 1032 1029
f 1061 1062 1063
f 1063 1064 1061
f 1093 1094 1095
f 1095 1096 1093
f 1125 1126 1127
f 1127 1128 1125
f 1157 1158 1159
f 1159 1160 1157
f 1189 1190 1191
f 1191 1192 1189
f 1221 1222 1223
f 1223 1224 1221
f 1253 1254 1255
f 1255 1256 1253
f 1285 1286 1287
f 1287 1288 1285
f 1317 1318 1319
f 1319 1320 1317
f 1333 1334 1335
f 1335 1336 1333
f 1365 1366 1367
f 1367 1368 1365
f 1397 1398 1399
f 1399 1400 1397
f 1429 1430 1431
f 1431 1432 1429
f 1461 1462 1463
f 1463 1464 1461
f 1477 1478 1479
f 1479 1480 1477
f 1509 1510 1511
f 1511 1512 1509
f 1525 1526 1527
f 1527 1528 1525
f 1541 1542 1543
f 1543 1544 1541
f 1573 1574 1575
f 1575 1576 1573
f 1605 1606 1607
f 1607 1608 1605
f 1637 1638 1639
f 1639 1640 1637
f 1669 1670 1671
f 1671 1672 1669
f 1701 1702 1703
f 1703 1704 1701
f 1733 1734 1735
f 1735 1736 1733
g utility_poles
f 25 28 27
f 27 26 25
f 29 30 31
f 31 32 29
f 25 26 30
f 30 29 25
f 27 28 32
f 32 31 27
f 28 25 29
f 29 32 28
f 26 27 31
f 31 30 26
f 33 36 35
f 35 34 33
f 37 38 39
f 39 40 37
f 33 34 38
f 38 37 33
f 35 36 40
f 40 39 35
f 36 33 37
f 37 40 36
f 34 35 39
f 39 38 34
f 53 56 55
f 55 54 53
f 57 58 59
f 59 60 57
f 53 54 58
f 58 57 53
f 55 56 60
f 60 59 55
f 56 53 57
f 57 60 56
f 54 55 59
f 59 58 54
f 61 64 63
f 63 62 61
f 65 66 67
f 67 68 65
f 61 62 66
f 66 65 61
f 63 64 68
f 68 67 63
f 64 61 65
f 65 68 64
f 62 63 67
f 67 66 62
f 81 84 83
f 83 82 81
f 85 86 87
f 87 88 85
f 81 82 86
f 86 85 81
f 83 84 88
f 88 87 83
f 84 81 85
f 85 88 84
f 82 83 87
f 87 86 82
f 89 92 91
f 91 90 89
f 93 94 95
f 95 96 93
f 89 90 94
f 94 93 89
f 91 92 96
f 96 95 91
f 92 89 93
f 93 96 92
f 90 91 95
f 95 94 90
f 109 112 111
f 111 110 109
f 113 114 115
f 115 116 113
f 109 110 114
f 114 113 109
f 111 112 116
f 116 115 111
f 112 109 113
f 113 116 112
f 110 111 115
f 115 114 110
f 117 120 119
f 119 118 117
f 121 122 123
f 123 124 121
f 117 118 122
f 122 121 117
f 119 120 124
f 124 123 119
f 120 117 121
f 121 124 120
f 118 119 123
f 123 122 118
f 137 140 139
f 139 138 137
f 141 142 143
f 143 144 141
f 137 138 142
f 142 141 137
f 139 140 144
f 144 143 139
f 140 137 141
f 141 144 140
f 138 139 143
f 143 142 138
f 145 148 147
f 147 146 145
f 149 150 151
f 151 152 149
f 145 146 150
f 150 149 145
f 147 148 152
f 152 151 147
f 148 145 149
f 149 152 148
f 146 147 151
f 151 150 146
f 177 180 179
f 179 178 177
f 181 182 183
f 183 184 181
f 177 178 182
f 182 181 177
f 179 180 184
f 184 183 179
f 180 177 181
f 181 184 180
f 178 179 183
f 183 182 178
f 185 188 187
f 187 186 185
f 189 190 191
f 191 192 189
f 185 186 190
f 190 189 185
f 187 188 192
f 192 191 187
f 188 185 189
f 189 192 188
f 186 187 191
f 191 190 186
f 217 220 219
f 219 218 217
f 221 222 223
f 223 224 221
f 217 218 222
f 222 221 217
f 219 220 224
f 224 223 219
f 220 217 221
f 221 224 220
f 218 219 223
f 223 222 218
f 225 228 227
f 227 226 225
f 229 230 231
f 231 232 229
f 225 226 230
f 230 229 225
f 227 228 232
f 232 231 227
f 228 225 229
f 229 232 228
f 226 227 231
f 231 230 226
f 245 248 247
f 247 246 245
f 249 250 251
f 251 252 249
f 245 246 250
f 250 249 245
f 247 248 252
f 252 251 247
f 248 245 249
f 249 252 248
f 246 247 251
f 251 250 246
f 253 256 255
f 255 254 253
f 257 258 259
f 259 260 257
f 253 254 258
f 258 257 253
f 255 256 260
f 260 259 255
f 256 253 257
f 257 260 256
f 254 255 259
f 259 258 254
f 285 288 287
f 287 286 285
f 289 290 291
f 291 292 289
f 285 286 290
f 290 289 285
f 287 288 292
f 292 291 287
f 288 285 289
f 289 292 288
f 286 287 291
f 291 290 286
f 293 296 295
f 295 294 293
f 297 298 299
f 299 300 297
f 293 294 298
f 298 297 293
f 295 296 300
f 300 299 295
f 296 293 297
f 297 300 296
f 294 295 299
f 299 298 294
f 313 316 315
f 315 314 313
f 317 318 319
f 319 320 317
f 313 314 318
f 318 317 313
f 315 316 320
f 320 319 315
f 316 313 317
f 317 320 316
f 314 315 319
f 319 318 314
f 321 324 323
f 323 322 321
f 325 326 327
f 327 328 325
f 321 322 326
f 326 325 321
f 323 324 328
f 328 327 323
f 324 321 325
f 325 328 324
f 322 323 327
f 327 326 322
f 341 344 343
f 343 342 341
f 345 346 347
f 347 348 345
f 341 342 346
f 346 345 341
f 343 344 348
f 348 347 343
f 344 341 345
f 345 348 344
f 342 343 347
f 347 346 342
f 349 352 351
f 351 350 349
f 353 354 355
f 355 356 353
f 349 350 354
f 354 353 349
f 351 352 356
f 356 355 351
f 352 349 353
f 353 356 352
f 350 351 355
f 355 354 350
f 369 372 371
f 371 370 369
f 373 374 375
f 375 376 373
f 369 370 374
f 374 373 369
f 371 372 376
f 376 375 371
f 372 369 373
f 373 376 372
f 370 371 375
f 375 374 370
f 377 380 379
f 379 378 377
f 381 382 383
f 383 384 381
f 377 378 382
f 382 381 377
f 379 380 384
f 384 383 379
f 380 377 381
f 381 384 380
f 378 379 383
f 383 382 378
f 397 400 399
f 399 398 397
f 401 402 403
f 403 404 401
f 397 398 402
f 402 401 397
f 399 400 404
f 404 403 399
f 400 397 401
f 401 404 400
f 398 399 403
f 403 402 398
f 405 408 407
f 407 406 405
f 409 410 411
f 411 412 409
f 405 406 410
f 410 409 405
f 407 408 412
f 412 411 407
f 408 405 409
f 409 412 408
f 406 407 411
f 411 410 406
f 437 440 439
f 439 438 437
f 441 442 443
f 443 444 441
f 437 438 442
f 442 441 437
f 439 440 444
f 444 443 439
f 440 437 441
f 441 444 440
f 438 439 443
f 443 442 438
f 445 448 447
f 447 446 445
f 449 450 451
f 451 452 449
f 445 446 450
f 450 449 445
f 447 448 452
f 452 451 447
f 448 445 449
f 449 452 448
f 446 447 451
f 451 450 446
f 465 468 467
f 467 466 465
f 469 470 471
f 471 472 469
f 465 466 470
f 470 469 465
f 467 468 472
f 472 471 467
f 468 465 469
f 469 472 468
f 466 467 471
f 471 470 466
f 473 476 475
f 475 474 473
f 477 478 479
f 479 480 477
f 473 474 478
f 478 477 473
f 475 476 480
f 480 479 475
f 476 473 477
f 477 480 476
f 474 475 479
f 479 478 474
f 505 508 507
f 507 506 505
f 509 510 511
f 511 512 509
f 505 506 510
f 510 509 505
f 507 508 512
f 512 511 507
f 508 505 509
f 509 512 508
f 506 507 511
f 511 510 506
f 513 516 515
f 515 514 513
f 517 518 519
f 519 520 517
f 513 514 518
f 518 517 513
f 515 516 520
f 520 519 515
f 516 513 517
f 517 520 516
f 514 515 519
f 519 518 514
f 545 548 547
f 547 546 545
f 549 550 551
f 551 552 549
f 545 546 550
f 550 549 545
f 547 548 552
f 552 551 547
f 548 545 549
f 549 552 548
f 546 547 551
f 551 550 546
f 553 556 555
f 555 554 553
f 557 558 559
f 559 560 557
f 553 554 558
f 558 557 553
f 555 556 560
f 560 559 555
f 556 553 557
f 557 560 556
f 554 555 559
f 559 558 554
f 573 576 575
f 575 574 573
f 577 578 579
f 579 580 577
f 573 574 578
f 578 577 573
f 575 576 580
f 580 579 575
f 576 573 577
f 577 580 576
f 574 575 579
f 579 578 574
f 581 584 583
f 583 582 581
f 585 586 587
f 587 588 585
f 581 582 586
f 586 585 581
f 583 584 588
f 588 587 583
f 584 581 585
f 585 588 584
f 582 583 587
f 587 586 582
f 601 604 603
f 603 602 601
f 605 606 607
f 607 608 605
f 601 602 606
f 606 605 601
f 603 604 608
f 608 607 603
f 604 601 605
f 605 608 604
f 602 603 607
f 607 606 602
f 609 612 611
f 611 610 609
f 613 614 615
f 615 616 613
f 609 610 614
f 614 613 609
f 611 612 616
f 616 615 611
f 612 609 613
f 613 616 612
f 610 611 615
f 615 614 610
f 629 632 631
f 631 630 629
f 633 634 635
f 635 636 633
f 629 630 634
f 634 633 629
f 631 632 636
f 636 635 631
f 632 629 633
f 633 636 632
f 630 631 635
f 635 634 630
f 637 640 639
f 639 638 637
f 641 642 643
f 643 644 641
f 637 638 642
f 642 641 637
f 639 640 644
f 644 643 639
f 640 637 641
f 641 644 640
f 638 639 643
f 643 642 638
f 657 660 659
f 659 658 657
f 661 662 663
f 663 664 661
f 657 658 662
f 662 661 657
f 659 660 664
f 664 663 659
f 660 657 661
f 661 664 660
f 658 659 663
f 663 662 658
f 665 668 667
f 667 666 665
f 669 670 671
f 671 672 669
f 665 666 670
f 670 669 665
f 667 668 672
f 672 671 667
f 668 665 669
f 669 672 668
f 666 667 671
f 671 670 666
f 685 688 687
f 687 686 685
f 689 690 691
f 691 692 689
f 685 686 690
f 690 689 685
f 687 688 692
f 692 691 687
f 688 685 689
f 689 692 688
f 686 687 691
f 691 690 686
f 693 696 695
f 695 694 693
f 697 698 699
f 699 700 697
f 693 694 698
f 698 697 693
f 695 696 700
f 700 699 695
f 696 693 697
f 697 700 696
f 694 695 699
f 699 698 694
f 713 716 715
f 715 714 713
f 717 718 719
f 719 720 717
f 713 714 718
f 718 717 713
f 715 716 720
f 720 719 715
f 716 713 717
f 717 720 716
f 714 715 719
f 719 718 714
f 721 724 723
f 723 722 721
f 725 726 727
f 727 728 725
f 721 722 726
f 726 725 721
f 723 724 728
f 728 727 723
f 724 721 725
f 725 728 724
f 722 723 727
f 727 726 722
f 745 748 747
f 747 746 745
f 749 750 751
f 751 752 749
f 745 746 750
f 750 749 745
f 747 748 752
f 752 751 747
f 748 745 749
f 749 752 748
f 746 747 751
f 751 750 746
f 753 756 755
f 755 754 753
f 757 758 759
f 759 760 757
f 753 754 758
f 758 757 753
f 755 756 760
f 760 759 755
f 756 753 757
f 757 760 756
f 754 755 759
f 759 758 754
f 777 780 779
f 779 778 777
f 781 782 783
f 783 784 781
f 777 778 782
f 782 781 777
f 779 780 784
f 784 783 779
f 780 777 781
f 781 784 780
f 778 779 783
f 783 782 778
f 785 788 787
f 787 786 785
f 789 790 791
f 791 792 789
f 785 786 790
f 790 789 785
f 787 788 792
f 792 791 787
f 788 785 789
f 789 792 788
f 786 787 791
f 791 790 786
f 809 812 811
f 811 810 809
f 813 814 815
f 815 816 813
f 809 810 814
f 814 813 809
f 811 812 816
f 816 815 811
f 812 809 813
f 813 816 812
f 810 811 815
f 815 814 810
f 817 820 819
f 819 818 817
f 821 822 823
f 823 824 821
f 817 818 822
f 822 821 817
f 819 820 824
f 824 823 819
f 820 817 821
f 821 824 820
f 818 819 823
f 823 822 818
f 841 844 843
f 843 842 841
f 845 846 847
f 847 848 845
f 841 842 846
f 846 845 841
f 843 844 848
f 848 847 843
f 844 841 845
f 845 848 844
f 842 843 847
f 847 846 842
f 849 852 851
f 851 850 849
f 853 854 855
f 855 856 853
f 849 850 854
f 854 853 849
f 851 852 856
f 856 855 851
f 852 849 853
f 853 856 852
f 850 851 855
f 855 854 850
f 873 876 875
f 875 874 873
f 877 878 879
f 879 880 877
f 873 874 878
f 878 877 873
f 875 876 880
f 880 879 875
f 876 873 877
f 877 880 876
f 874 875 879
f 879 878 874
f 881 884 883
f 883 882 881
f 885 886 887
f 887 888 885
f 881 882 886
f 886 885 881
f 883 884 888
f 888 887 883
f 884 881 885
f 885 888 884
f 882 883 887
f 887 886 882
f 905 908 907
f 907 906 905
f 909 910 911
f 911 912 909
f 905 906 910
f 910 909 905
f 907 908 912
f 912 911 907
f 908 905 909
f 909 912 908
f 906 907 911
f 911 910 906
f 913 916 915
f 915 914 913
f 917 918 919
f 919 920 917
f 913 914 918
f 918 917 913
f 915 916 920
f 920 919 915
f 916 913 917
f 917 920 916
f 914 915 919
f 919 918 914
f 937 940 939
f 939 938 937
f 941 942 943
f 943 944 941
f 937 938 942
f 942 941 937
f 939 940 944
f 944 943 939
f 940 937 941
f 941 944 940
f 938 939 943
f 943 942 938
f 945 948 947
f 947 946 945
f 949 950 951
f 951 952 949
f 945 946 950
f 950 949 945
f 947 948 952
f 952 951 947
f 948 945 949
f 949 952 948
f 946 947 951
f 951 950 946
f 969 972 971
f 971 970 969
f 973 974 975
f 975 976 973
f 969 970 974
f 974 973 969
f 971 972 976
f 976 975 971
f 972 969 973
f 973 976 972
f 970 971 975
f 975 974 970
f 977 980 979
f 979 978 977
f 981 982 983
f 983 984 981
f 977 978 982
f 982 981 977
f 979 980 984
f 984 983 979
f 980 977 981
f 981 984 980
f 978 979 983
f 983 982 978
f 1001 1004 1003
f 1003 1002 1001
f 1005 1006 1007
f 1007 1008 1005
f 1001 1002 1006
f 1006 1005 1001
f 1003 1004 1008
f 1008 1007 1003
f 1004 1001 1005
f 1005 1008 1004
f 1002 1003 1007
f 1007 1006 1002
f 1009 1012 1011
f 1011 1010 1009
f 1013 1014 1015
f 1015 1016 1013
f 1009 1010 1014
f 1014 1013 1009
f 1011 1012 1016
f 1016 1015 1011
f 1012 1009 1013
f 1013 1016 1012
f 1010 1011 1015
f 1015 1014 1010
f 1033 1036 1035
f 1035 1034 1033
f 1037 1038 1039
f 1039 1040 1037
f 1033 1034 1038
f 1038 1037 1033
f 1035 1036 1040
f 1040 1039 1035
f 1036 1033 1037
f 1037 1040 1036
f 1034 1035 1039
f 1039 1038 1034
f 1041 1044 1043
f 1043 1042 1041
f 1045 1046 1047
f 1047 1048 1045
f 1041 1042 1046
f 1046 1045 1041
f 1043 1044 1048
f 1048 1047 1043
f 1044 1041 1045
f 1045 1048 1044
f 1042 1043 1047
f 1047 1046 1042
f 1065 1068 1067
f 1067 1066 1065
f 1069 1070 1071
f 1071 1072 1069
f 1065 1066 1070
f 1070 1069 1065
f 1067 1068 1072
f 1072 1071 1067
f 1068 1065 1069
f 1069 1072 1068
f 1066 1067 1071
f 1071 1070 1066
f 1073 1076 1075
f 1075 1074 1073
f 1077 1078 1079
f 1079 1080 1077
f 1073 1074 1078
f 1078 1077 1073
f 1075 1076 1080
f 1080 1079 1075
f 1076 1073 1077
f 1077 1080 1076
f 1074 1075 1079
f 1079 1078 1074
f 1097 1100 1099
f 1099 1098 1097
f 1101 1102 1103
f 1103 1104 1101
f 1097 1098 1102
f 1102 1101 1097
f 1099 1100 1104
f 1104 1103 1099
f 1100 1097 1101
f 1101 1104 1100
f 1098 1099 1103
f 1103 1102 1098
f 1105 1108 1107
f 1107 1106 1105
f 1109 1110 1111
f 1111 1112 1109
f 1105 1106 1110
f 1110 1109 1105
f 1107 1108 1112
f 1112 1111 1107
f 1108 1105 1109
f 1109 1112 1108
f 1106 1107 1111
f 1111 1110 1106
f 1129 1132 1131
f 1131 1130 1129
f 1133 1134 1135
f 1135 1136 1133
f 1129 1130 1134
f 1134 1133 1129
f 1131 1132 1136
f 1136 1135 1131
f 1132 1129 1133
f 1133 1136 1132
f 1130 1131 1135
f 1135 1134 1130
f 1137 1140 1139
f 1139 1138 1137
f 1141 1142 1143
f 1143 1144 1141
f 1137 1138 1142
f 1142 1141 1137
f 1139 1140 1144
f 1144 1143 1139
f 1140 1137 1141
f 1141 1144 1140
f 1138 1139 1143
f 1143 1142 1138
f 1161 1164 1163
f 1163 1162 1161
f 1165 1166 1167
f 1167 1168 1165
f 1161 1162 1166
f 1166 1165 1161
f 1163 1164 1168
f 1168 1167 1163
f 1164 1161 1165
f 1165 1168 1164
f 1162 1163 1167
f 1167 1166 1162
f 1169 1172 1171
f 1171 1170 1169
f 1173 1174 1175
f 1175 1176 1173
f 1169 1170 1174
f 1174 1173 1169
f 1171 1172 1176
f 1176 1175 1171
f 1172 1169 1173
f 1173 1176 1172
f 1170 1171 1175
f 1175 1174 1170
f 1193 1196 1195
f 1195 1194 1193
f 1197 1198 1199
f 1199 1200 1197
f 1193 1194 1198
f 1198 1197 1193
f 1195 1196 1200
f 1200 1199 1195
f 1196 1193 1197
f 1197 1200 1196
f 1194 1195 1199
f 1199 1198 1194
f 1201 1204 1203
f 1203 1202 1201
f 1205 1206 1207
f 1207 1208 1205
f 1201 1202 1206
f 1206 1205 1201
f 1203 1204 1208
f 1208 1207 1203
f 1204 1201 1205
f 1205 1208 1204
f 1202 1203 1207
f 1207 1206 1202
f 1225 1228 1227
f 1227 1226 1225
f 1229 1230 1231
f 1231 1232 1229
f 1225 1226 1230
f 1230 1229 1225
f 1227 1228 1232
f 1232 1231 1227
f 1228 1225 1229
f 1229 1232 1228
f 1226 1227 1231
f 1231 1230 1226
f 1233 1236 1235
f 1235 1234 1233
f 1237 1238 1239
f 1239 1240 1237
f 1233 1234 1238
f 1238 1237 1233
f 1235 1236 1240
f 1240 1239 1235
f 1236 1233 1237
f 1237 1240 1236
f 1234 1235 1239
f 1239 1238 1234
f 1257 1260 1259
f 1259 1258 1257
f 1261 1262 1263
f 1263 1264 1261
f 1257 1258 1262
f 1262 1261 1257
f 1259 1260 1264
f 1264 1263 1259
f 1260 1257 1261
f 1261 1264 1260
f 1258 1259 1263
f 1263 1262 1258
f 1265 1268 1267
f 1267 1266 1265
f 1269 1270 1271
f 1271 1272 1269
f 1265 1266 1270
f 1270 1269 1265
f 1267 1268 1272
f 1272 1271 1267
f 1268 1265 1269
f 1269 1272 1268
f 1266 1267 1271
f 1271 1270 1266
f 1289 1292 1291
f 1291 1290 1289
f 1293 1294 1295
f 1295 1296 1293
f 1289 1290 1294
f 1294 1293 1289
f 1291 1292 1296
f 1296 1295 1291
f 1292 1289 1293
f 1293 1296 1292
f 1290 1291 1295
f 1295 1294 1290
f 1297 1300 1299
f 1299 1298 1297
f 1301 1302 1303
f 1303 1304 1301
f 1297 1298 1302
f 1302 1301 1297
f 1299 1300 1304
f 1304 1303 1299
f 1300 1297 1301
f 1301 1304 1300
f 1298 1299 1303
f 1303 1302 1298
f 1337 1340 1339
f 1339 1338 1337
f 1341 1342 1343
f 1343 1344 1341
f 1337 1338 1342
f 1342 1341 1337
f 1339 1340 1344
f 1344 1343 1339
f 1340 1337 1341
f 1341 1344 1340
f 1338 1339 1343
f 1343 1342 1338
f 1345 1348 1347
f 1347 1346 1345
f 1349 1350 1351
f 1351 1352 1349
f 1345 1346 1350
f 1350 1349 1345
f 1347 1348 1352
f 1352 1351 1347
f 1348 1345 1349
f 1349 1352 1348
f 1346 1347 1351
f 1351 1350 1346
f 1369 1372 1371
f 1371 1370 1369
f 1373 1374 1375
f 1375 1376 1373
f 1369 1370 1374
f 1374 1373 1369
f 1371 1372 1376
f 1376 1375 1371
f 1372 1369 1373
f 1373 1376 1372
f 1370 1371 1375
f 1375 1374 1370
f 1377 1380 1379
f 1379 1378 1377
f 1381 1382 1383
f 1383 1384 1381
f 1377 1378 1382
f 1382 1381 1377
f 1379 1380 1384
f 1384 1383 1379
f 1380 1377 1381
f 1381 1384 1380
f 1378 1379 1383
f 1383 1382 1378
f 1401 1404 1403
f 1403 1402 1401
f 1405 1406 1407
f 1407 1408 1405
f 1401 1402 1406
f 1406 1405 1401
f 1403 1404 1408
f 1408 1407 1403
f 1404 1401 1405
f 1405 1408 1404
f 1402 1403 1407
f 1407 1406 1402
f 1409 1412 1411
f 1411 1410 1409
f 1413 1414 1415
f 1415 1416 1413
f 1409 1410 1414
f 1414 1413 1409
f 1411 1412 1416
f 1416 1415 1411
f 1412 1409 1413
f 1413 1416 1412
f 1410 1411 1415
f 1415 1414 1410
f 1433 1436 1435
f 1435 1434 1433
f 1437 1438 1439
f 1439 1440 1437
f 1433 1434 1438
f 1438 1437 1433
f 1435 1436 1440
f 1440 1439 1435
f 1436 1433 1437
f 1437 1440 1436
f 1434 1435 1439
f 1439 1438 1434
f 1441 1444 1443
f 1443 1442 1441
f 1445 1446 1447
f 1447 1448 1445
f 1441 1442 1446
f 1446 1445 1441
f 1443 1444 1448
f 1448 1447 1443
f 1444 1441 1445
f 1445 1448 1444
f 1442 1443 1447
f 1447 1446 1442
f 1481 1484 1483
f 1483 1482 1481
f 1485 1486 1487
f 1487 1488 1485
f 1481 1482 1486
f 1486 1485 1481
f 1483 1484 1488
f 1488 1487 1483
f 1484 1481 1485
f 1485 1488 1484
f 1482 1483 1487
f 1487 1486 1482
f 1489 1492 1491
f 1491 1490 1489
f 1493 1494 1495
f 1495 1496 1493
f 1489 1490 1494
f 1494 1493 1489
f 1491 1492 1496
f 1496 1495 1491
f 1492 1489 1493
f 1493 1496 1492
f 1490 1491 1495
f 1495 1494 1490
f 1545 1548 1547
f 1547 1546 1545
f 1549 1550 1551
f 1551 1552 1549
f 1545 1546 1550
f 1550 1549 1545
f 1547 1548 1552
f 1552 1551 1547
f 1548 1545 1549
f 1549 1552 1548
f 1546 1547 1551
f 1551 1550 1546
f 1553 1556 1555
f 1555 1554 1553
f 1557 1558 1559
f 1559 1560 1557
f 1553 1554 1558
f 1558 1557 1553
f 1555 1556 1560
f 1560 1559 1555
f 1556 1553 1557
f 1557 1560 1556
f 1554 1555 1559
f 1559 1558 1554
f 1577 1580 1579
f 1579 1578 1577
f 1581 1582 1583
f 1583 1584 1581
f 1577 1578 1582
f 1582 1581 1577
f 1579 1580 1584
f 1584 1583 1579
f 1580 1577 1581
f 1581 1584 1580
f 1578 1579 1583
f 1583 1582 1578
f 1585 1588 1587
f 1587 1586 1585
f 1589 1590 1591
f 1591 1592 1589
f 1585 1586 1590
f 1590 1589 1585
f 1587 1588 1592
f 1592 1591 1587
f 1588 1585 1589
f 1589 1592 1588
f 1586 1587 1591
f 1591 1590 1586
f 1609 1612 1611
f 1611 1610 1609
f 1613 1614 1615
f 1615 1616 1613
f 1609 1610 1614
f 1614 1613 1609
f 1611 1612 1616
f 1616 1615 1611
f 1612 1609 1613
f 1613 1616 1612
f 1610 1611 1615
f 1615 1614 1610
f 1617 1620 1619
f 1619 1618 1617
f 1621 1622 1623
f 1623 1624 1621
f 1617 1618 1622
f 1622 1621 1617
f 1619 1620 1624
f 1624 1623 1619
f 1620 1617 1621
f 1621 1624 1620
f 1618 1619 1623
f 1623 1622 1618
f 1641 1644 1643
f 1643 1642 1641
f 1645 1646 1647
f 1647 1648 1645
f 1641 1642 1646
f 1646 1645 1641
f 1643 1644 1648
f 1648 1647 1643
f 1644 1641 1645
f 1645 1648 1644
f 1642 1643 1647
f 1647 1646 1642
f 1649 1652 1651
f 1651 1650 1649
f 1653 1654 1655
f 1655 1656 1653
f 1649 1650 1654
f 1654 1653 1649
f 1651 1652 1656
f 1656 1655 1651
f 1652 1649 1653
f 1653 1656 1652
f 1650 1651 1655
f 1655 1654 1650
f 1673 1676 1675
f 1675 1674 1673
f 1677 1678 1679
f 1679 1680 1677
f 1673 1674 1678
f 1678 1677 1673
f 1675 1676 1680
f 1680 1679 1675
f 1676 1673 1677
f 1677 1680 1676
f 1674 1675 1679
f 1679 1678 1674
f 1681 1684 1683
f 1683 1682 1681
f 1685 1686 1687
f 1687 1688 1685
f 1681 1682 1686
f 1686 1685 1681
f 1683 1684 1688
f 1688 1687 1683
f 1684 1681 1685
f 1685 1688 1684
f 1682 1683 1687
f 1687 1686 1682
f 1705 1708 1707
f 1707 1706 1705
f 1709 1710 1711
f 1711 1712 1709
f 1705 1706 1710
f 1710 1709 1705
f 1707 1708 1712
f 1712 1711 1707
f 1708 1705 1709
f 1709 1712 1708
f 1706 1707 1711
f 1711 1710 1706
f 1713 1716 1715
f 1715 1714 1713
f 1717 1718 1719
f 1719 1720 1717
f 1713 1714 1718
f 1718 1717 1713
f 1715 1716 1720
f 1720 1719 1715
f 1716 1713 1717
f 1717 1720 1716
f 1714 1715 1719
f 1719 1718 1714
f 1737 1740 1739
f 1739 1738 1737
f 1741 1742 1743
f 1743 1744 1741
f 1737 1738 1742
f 1742 1741 1737
f 1739 1740 1744
f 1744 1743 1739
f 1740 1737 1741
f 1741 1744 1740
f 1738 1739 1743
f 1743 1742 1738
f 1745 1748 1747
f 1747 1746 1745
f 1749 1750 1751
f 1751 1752 1749
f 1745 1746 1750
f 1750 1749 1745
f 1747 1748 1752
f 1752 1751 1747
f 1748 1745 1749
f 1749 1752 1748
f 1746 1747 1751
f 1751 1750 1746
f 1777 1780 1779
f 1779 1778 1777
f 1781 1782 1783
f 1783 1784 1781
f 1777 1778 1782
f 1782 1781 1777
f 1779 1780 1784
f 1784 1783 1779
f 1780 1777 1781
f 1781 1784 1780
f 1778 1779 1783
f 1783 1782 1778
f 1785 1788 1787
f 1787 1786 1785
f 1789 1790 1791
f 1791 1792 1789
f 1785 1786 1790
f 1790 1789 1785
f 1787 1788 1792
f 1792 1791 1787
f 1788 1785 1789
f 1789 1792 1788
f 1786 1787 1791
f 1791 1790 1786
f 1805 1808 1807
f 1807 1806 1805
f 1809 1810 1811
f 1811 1812 1809
f 1805 1806 1810
f 1810 1809 1805
f 1807 1808 1812
f 1812 1811 1807
f 1808 1805 1809
f 1809 1812 1808
f 1806 1807 1811
f 1811 1810 1806
f 1813 1816 1815
f 1815 1814 1813
f 1817 1818 1819
f 1819 1820 1817
f 1813 1814 1818
f 1818 1817 1813
f 1815 1816 1820
f 1820 1819 1815
f 1816 1813 1817
f 1817 1820 1816
f 1814 1815 1819
f 1819 1818 1814
f 1845 1848 1847
f 1847 1846 1845
f 1849 1850 1851
f 1851 1852 1849
f 1845 1846 1850
f 1850 1849 1845
f 1847 1848 1852
f 1852 1851 1847
f 1848 1845 1849
f 1849 1852 1848
f 1846 1847 1851
f 1851 1850 1846
f 1853 1856 1855
f 1855 1854 1853
f 1857 1858 1859
f 1859 1860 1857
f 1853 1854 1858
f 1858 1857 1853
f 1855 1856 1860
f 1860 1859 1855
f 1856 1853 1857
f 1857 1860 1856
f 1854 1855 1859
f 1859 1858 1854
f 1897 1900 1899
f 1899 1898 1897
f 1901 1902 1903
f 1903 1904 1901
f 1897 1898 1902
f 1902 1901 1897
f 1899 1900 1904
f 1904 1903 1899
f 1900 1897 1901
f 1901 1904 1900
f 1898 1899 1903
f 1903 1902 1898
f 1905 1908 1907
f 1907 1906 1905
f 1909 1910 1911
f 1911 1912 1909
f 1905 1906 1910
f 1910 1909 1905
f 1907 1908 1912
f 1912 1911 1907
f 1908 1905 1909
f 1909 1912 1908
f 1906 1907 1911
f 1911 1910 1906
f 1949 1952 1951
f 1951 1950 1949
f 1953 1954 1955
f 1955 1956 1953
f 1949 1950 1954
f 1954 1953 1949
f 1951 1952 1956
f 1956 1955 1951
f 1952 1949 1953
f 1953 1956 1952
f 1950 1951 1955
f 1955 1954 1950
f 1957 1960 1959
f 1959 1958 1957
f 1961 1962 1963
f 1963 1964 1961
f 1957 1958 1962
f 1962 1961 1957
f 1959 1960 1964
f 1964 1963 1959
f 1960 1957 1961
f 1961 1964 1960
f 1958 1959 1963
f 1963 1962 1958
f 1977 1980 1979
f 1979 1978 1977
f 1981 1982 1983
f 1983 1984 1981
f 1977 1978 1982
f 1982 1981 1977
f 1979 1980 1984
f 1984 1983 1979
f 1980 1977 1981
f 1981 1984 1980
f 1978 1979 1983
f 1983 1982 1978
f 1985 1988 1987
f 1987 1986 1985
f 1989 1990 1991
f 1991 1992 1989
f 1985 1986 1990
f 1990 1989 1985
f 1987 1988 1992
f 1992 1991 1987
f 1988 1985 1989
f 1989 1992 1988
f 1986 1987 1991
f 1991 1990 1986
f 2017 2020 2019
f 2019 2018 2017
f 2021 2022 2023
f 2023 2024 2021
f 2017 2018 2022
f 2022 2021 2017
f 2019 2020 2024
f 2024 2023 2019
f 2020 2017 2021
f 2021 2024 2020
f 2018 2019 2023
f 2023 2022 2018
f 2025 2028 2027
f 2027 2026 2025
f 2029 2030 2031
f 2031 2032 2029
f 2025 2026 2030
f 2030 2029 2025
f 2027 2028 2032
f 2032 2031 2027
f 2028 2025 2029
f 2029 2032 2028
f 2026 2027 2031
f 2031 2030 2026
f 2093 2096 2095
f 2095 2094 2093
f 2097 2098 2099
f 2099 2100 2097
f 2093 2094 2098
f 2098 2097 2093
f 2095 2096 2100
f 2100 2099 2095
f 2096 2093 2097
f 2097 2100 2096
f 2094 2095 2099
f 2099 2098 2094
f 2101 2104 2103
f 2103 2102 2101
f 2105 2106 2107
f 2107 2108 2105
f 2101 2102 2106
f 2106 2105 2101
f 2103 2104 2108
f 2108 2107 2103
f 2104 2101 2105
f 2105 2108 2104
f 2102 2103 2107
f 2107 2106 2102
f 2157 2160 2159
f 2159 2158 2157
f 2161 2162 2163
f 2163 2164 2161
f 2157 2158 2162
f 2162 2161 2157
f 2159 2160 2164
f 2164 2163 2159
f 2160 2157 2161
f 2161 2164 2160
f 2158 2159 2163
f 2163 2162 2158
f 2165 2168 2167
f 2167 2166 2165
f 2169 2170 2171
f 2171 2172 2169
f 2165 2166 2170
f 2170 2169 2165
f 2167 2168 2172
f 2172 2171 2167
f 2168 2165 2169
f 2169 2172 2168
f 2166 2167 2171
f 2171 2170 2166
f 2209 2212 2211
f 2211 2210 2209
f 2213 2214 2215
f 2215 2216 2213
f 2209 2210 2214
f 2214 2213 2209
f 2211 2212 2216
f 2216 2215 2211
f 2212 2209 2213
f 2213 2216 2212
f 2210 2211 2215
f 2215 2214 2210
f 2217 2220 2219
f 2219 2218 2217
f 2221 2222 2223
f 2223 2224 2221
f 2217 2218 2222
f 2222 2221 2217
f 2219 2220 2224
f 2224 2223 2219
f 2220 2217 2221
f 2221 2224 2220
f 2218 2219 2223
f 2223 2222 2218
f 2261 2264 2263
f 2263 2262 2261
f 2265 2266 2267
f 2267 2268 2265
f 2261 2262 2266
f 2266 2265 2261
f 2263 2264 2268
f 2268 2267 2263
f 2264 2261 2265
f 2265 2268 2264
f 2262 2263 2267
f 2267 2266 2262
f 2269 2272 2271
f 2271 2270 2269
f 2273 2274 2275
f 2275 2276 2273
f 2269 2270 2274
f 2274 2273 2269
f 2271 2272 2276
f 2276 2275 2271
f 2272 2269 2273
f 2273 2276 2272
f 2270 2271 2275
f 2275 2274 2270
f 2313 2316 2315
f 2315 2314 2313
f 2317 2318 2319
f 2319 2320 2317
f 2313 2314 2318
f 2318 2317 2313
f 2315 2316 2320
f 2320 2319 2315
f 2316 2313 2317
f 2317 2320 2316
f 2314 2315 2319
f 2319 2318 2314
f 2321 2324 2323
f 2323 2322 2321
f 2325 2326 2327
f 2327 2328 2325
f 2321 2322 2326
f 2326 2325 2321
f 2323 2324 2328
f 2328 2327 2323
f 2324 2321 2325
f 2325 2328 2324
f 2322 2323 2327
f 2327 2326 2322
f 2365 2368 2367
f 2367 2366 2365
f 2369 2370 2371
f 2371 2372 2369
f 2365 2366 2370
f 2370 2369 2365
f 2367 2368 2372
f 2372 2371 2367
f 2368 2365 2369
f 2369 2372 2368
f 2366 2367 2371
f 2371 2370 2366
f 2373 2376 2375
f 2375 2374 2373
f 2377 2378 2379
f 2379 2380 2377
f 2373 2374 2378
f 2378 2377 2373
f 2375 2376 2380
f 2380 2379 2375
f 2376 2373 2377
f 2377 2380 2376
f 2374 2375 2379
f 2379 2378 2374
f 2417 2420 2419
f 2419 2418 2417
f 2421 2422 2423
f 2423 2424 2421
f 2417 2418 2422
f 2422 2421 2417
f 2419 2420 2424
f 2424 2423 2419
f 2420 2417 2421
f 2421 2424 2420
f 2418 2419 2423
f 2423 2422 2418
f 2425 2428 2427
f 2427 2426 2425
f 2429 2430 2431
f 2431 2432 2429
f 2425 2426 2430
f 2430 2429 2425
f 2427 2428 2432
f 2432 2431 2427
f 2428 2425 2429
f 2429 2432 2428
f 2426 2427 2431
f 2431 2430 2426
f 2469 2472 2471
f 2471 2470 2469
f 2473 2474 2475
f 2475 2476 2473
f 2469 2470 2474
f 2474 2473 2469
f 2471 2472 2476
f 2476 2475 2471
f 2472 2469 2473
f 2473 2476 2472
f 2470 2471 2475
f 2475 2474 2470
f 2477 2480 2479
f 2479 2478 2477
f 2481 2482 2483
f 2483 2484 2481
f 2477 2478 2482
f 2482 2481 2477
f 2479 2480 2484
f 2484 2483 2479
f 2480 2477 2481
f 2481 2484 2480
f 2478 2479 2483
f 2483 2482 2478
f 2521 2524 2523
f 2523 2522 2521
f 2525 2526 2527
f 2527 2528 2525
f 2521 2522 2526
f 2526 2525 2521
f 2523 2524 2528
f 2528 2527 2523
f 2524 2521 2525
f 2525 2528 2524
f 2522 2523 2527
f 2527 2526 2522
f 2529 2532 2531
f 2531 2530 2529
f 2533 2534 2535
f 2535 2536 2533
f 2529 2530 2534
f 2534 2533 2529
f 2531 2532 2536
f 2536 2535 2531
f 2532 2529 2533
f 2533 2536 2532
f 2530 2531 2535
f 2535 2534 2530
f 2585 2588 2587
f 2587 2586 2585
f 2589 2590 2591
f 2591 2592 2589
f 2585 2586 2590
f 2590 2589 2585
f 2587 2588 2592
f 2592 2591 2587
f 2588 2585 2589
f 2589 2592 2588
f 2586 2587 2591
f 2591 2590 2586
f 2593 2596 2595
f 2595 2594 2593
f 2597 2598 2599
f 2599 2600 2597
f 2593 2594 2598
f 2598 2597 2593
f 2595 2596 2600
f 2600 2599 2595
f 2596 2593 2597
f 2597 2600 2596
f 2594 2595 2599
f 2599 2598 2594
f 2649 2652 2651
f 2651 2650 2649
f 2653 2654 2655
f 2655 2656 2653
f 2649 2650 2654
f 2654 2653 2649
f 2651 2652 2656
f 2656 2655 2651
f 2652 2649 2653
f 2653 2656 2652
f 2650 2651 2655
f 2655 2654 2650
f 2657 2660 2659
f 2659 2658 2657
f 2661 2662 2663
f 2663 2664 2661
f 2657 2658 2662
f 2662 2661 2657
f 2659 2660 2664
f 2664 2663 2659
f 2660 2657 2661
f 2661 2664 2660
f 2658 2659 2663
f 2663 2662 2658
f 2701 2704 2703
f 2703 2702 2701
f 2705 2706 2707
f 2707 2708 2705
f 2701 2702 2706
f 2706 2705 2701
f 2703 2704 2708
f 2708 2707 2703
f 2704 2701 2705
f 2705 2708 2704
f 2702 2703 2707
f 2707 2706 2702
f 2709 2712 2711
f 2711 2710 2709
f 2713 2714 2715
f 2715 2716 2713
f 2709 2710 2714
f 2714 2713 2709
f 2711 2712 2716
f 2716 2715 2711
f 2712 2709 2713
f 2713 2716 2712
f 2710 2711 2715
f 2715 2714 2710
f 2765 2768 2767
f 2767 2766 2765
f 2769 2770 2771
f 2771 2772 2769
f 2765 2766 2770
f 2770 2769 2765
f 2767 2768 2772
f 2772 2771 2767
f 2768 2765 2769
f 2769 2772 2768
f 2766 2767 2771
f 2771 2770 2766
f 2773 2776 2775
f 2775 2774 2773
f 2777 2778 2779
f 2779 2780 2777
f 2773 2774 2778
f 2778 2777 2773
f 2775 2776 2780
f 2780 2779 2775
f 2776 2773 2777
f 2777 2780 2776
f 2774 2775 2779
f 2779 2778 2774
f 2817 2820 2819
f 2819 2818 2817
f 2821 2822 2823
f 2823 2824 2821
f 2817 2818 2822
f 2822 2821 2817
f 2819 2820 2824
f 2824 2823 2819
f 2820 2817 2821
f 2821 2824 2820
f 2818 2819 2823
f 2823 2822 2818
f 2825 2828 2827
f 2827 2826 2825
f 2829 2830 2831
f 2831 2832 2829
f 2825 2826 2830
f 2830 2829 2825
f 2827 2828 2832
f 2832 2831 2827
f 2828 2825 2829
f 2829 2832 2828
f 2826 2827 2831
f 2831 2830 2826
f 2869 2872 2871
f 2871 2870 2869
f 2873 2874 2875
f 2875 2876 2873
f 2869 2870 2874
f 2874 2873 2869
f 2871 2872 2876
f 2876 2875 2871
f 2872 2869 2873
f 2873 2876 2872
f 2870 2871 2875
f 2875 2874 2870
f 2877 2880 2879
f 2879 2878 2877
f 2881 2882 2883
f 2883 2884 2881
f 2877 2878 2882
f 2882 2881 2877
f 2879 2880 2884
f 2884 2883 2879
f 2880 2877 2881
f 2881 2884 2880
f 2878 2879 2883
f 2883 2882 2878
f 2921 2924 2923
f 2923 2922 2921
f 2925 2926 2927
f 2927 2928 2925
f 2921 2922 2926
f 2926 2925 2921
f 2923 2924 2928
f 2928 2927 2923
f 2924 2921 2925
f 2925 2928 2924
f 2922 2923 2927
f 2927 2926 2922
f 2929 2932 2931
f 2931 2930 2929
f 2933 2934 2935
f 2935 2936 2933
f 2929 2930 2934
f 2934 2933 2929
f 2931 2932 2936
f 2936 2935 2931
f 2932 2929 2933
f 2933 2936 2932
f 2930 2931 2935
f 2935 2934 2930
f 2973 2976 2975
f 2975 2974 2973
f 2977 2978 2979
f 2979 2980 2977
f 2973 2974 2978
f 2978 2977 2973
f 2975 2976 2980
f 2980 2979 2975
f 2976 2973 2977
f 2977 2980 2976
f 2974 2975 2979
f 2979 2978 2974
f 2981 2984 2983
f 2983 2982 2981
f 2985 2986 2987
f 2987 2988 2985
f 2981 2982 2986
f 2986 2985 2981
f 2983 2984 2988
f 2988 2987 2983
f 2984 2981 2985
f 2985 2988 2984
f 2982 2983 2987
f 2987 2986 2982
f 3025 3028 3027
f 3027 3026 3025
f 3029 3030 3031
f 3031 3032 3029
f 3025 3026 3030
f 3030 3029 3025
f 3027 3028 3032
f 3032 3031 3027
f 3028 3025 3029
f 3029 3032 3028
f 3026 3027 3031
f 3031 3030 3026
f 3033 3036 3035
f 3035 3034 3033
f 3037 3038 3039
f 3039 3040 3037
f 3033 3034 3038
f 3038 3037 3033
f 3035 3036 3040
f 3040 3039 3035
f 3036 3033 3037
f 3037 3040 3036
f 3034 3035 3039
f 3039 3038 3034
f 3077 3080 3079
f 3079 3078 3077
f 3081 3082 3083
f 3083 3084 3081
f 3077 3078 3082
f 3082 3081 3077
f 3079 3080 3084
f 3084 3083 3079
f 3080 3077 3081
f 3081 3084 3080
f 3078 3079 3083
f 3083 3082 3078
f 3085 3088 3087
f 3087 3086 3085
f 3089 3090 3091
f 3091 3092 3089
f 3085 3086 3090
f 3090 3089 3085
f 3087 3088 3092
f 3092 3091 3087
f 3088 3085 3089
f 3089 3092 3088
f 3086 3087 3091
f 3091 3090 3086
f 3141 3144 3143
f 3143 3142 3141
f 3145 3146 3147
f 3147 3148 3145
f 3141 3142 3146
f 3146 3145 3141
f 3143 3144 3148
f 3148 3147 3143
f 3144 3141 3145
f 3145 3148 3144
f 3142 3143 3147
f 3147 3146 3142
f 3149 3152 3151
f 3151 3150 3149
f 3153 3154 3155
f 3155 3156 3153
f 3149 3150 3154
f 3154 3153 3149
f 3151 3152 3156
f 3156 3155 3151
f 3152 3149 3153
f 3153 3156 3152
f 3150 3151 3155
f 3155 3154 3150
f 3169 3172 3171
f 3171 3170 3169
f 3173 3174 3175
f 3175 3176 3173
f 3169 3170 3174
f 3174 3173 3169
f 3171 3172 3176
f 3176 3175 3171
f 3172 3169 3173
f 3173 3176 3172
f 3170 3171 3175
f 3175 3174 3170
f 3177 3180 3179
f 3179 3178 3177
f 3181 3182 3183
f 3183 3184 3181
f 3177 3178 3182
f 3182 3181 3177
f 3179 3180 3184
f 3184 3183 3179
f 3180 3177 3181
f 3181 3184 3180
f 3178 3179 3183
f 3183 3182 3178
f 3233 3236 3235
f 3235 3234 3233
f 3237 3238 3239
f 3239 3240 3237
f 3233 3234 3238
f 3238 3237 3233
f 3235 3236 3240
f 3240 3239 3235
f 3236 3233 3237
f 3237 3240 3236
f 3234 3235 3239
f 3239 3238 3234
f 3241 3244 3243
f 3243 3242 3241
f 3245 3246 3247
f 3247 3248 3245
f 3241 3242 3246
f 3246 3245 3241
f 3243 3244 3248
f 3248 3247 3243
f 3244 3241 3245
f 3245 3248 3244
f 3242 3243 3247
f 3247 3246 3242
f 3297 3300 3299
f 3299 3298 3297
f 3301 3302 3303
f 3303 3304 3301
f 3297 3298 3302
f 3302 3301 3297
f 3299 3300 3304
f 3304 3303 3299
f 3300 3297 3301
f 3301 3304 3300
f 3298 3299 3303
f 3303 3302 3298
f 3305 3308 3307
f 3307 3306 3305
f 3309 3310 3311
f 3311 3312 3309
f 3305 3306 3310
f 3310 3309 3305
f 3307 3308 3312
f 3312 3311 3307
f 3308 3305 3309
f 3309 3312 3308
f 3306 3307 3311
f 3311 3310 3306
f 3361 3364 3363
f 3363 3362 3361
f 3365 3366 3367
f 3367 3368 3365
f 3361 3362 3366
f 3366 3365 3361
f 3363 3364 3368
f 3368 3367 3363
f 3364 3361 3365
f 3365 3368 3364
f 3362 3363 3367
f 3367 3366 3362
f 3369 3372 3371
f 3371 3370 3369
f 3373 3374 3375
f 3375 3376 3373
f 3369 3370 3374
f 3374 3373 3369
f 3371 3372 3376
f 3376 3375 3371
f 3372 3369 3373
f 3373 3376 3372
f 3370 3371 3375
f 3375 3374 3370
f 3413 3416 3415
f 3415 3414 3413
f 3417 3418 3419
f 3419 3420 3417
f 3413 3414 3418
f 3418 3417 3413
f 3415 3416 3420
f 3420 3419 3415
f 3416 3413 3417
f 3417 3420 3416
f 3414 3415 3419
f 3419 3418 3414
f 3421 3424 3423
f 3423 3422 3421
f 3425 3426 3427
f 3427 3428 3425
f 3421 3422 3426
f 3426 3425 3421
f 3423 3424 3428
f 3428 3427 3423
f 3424 3421 3425
f 3425 3428 3424
f 3422 3423 3427
f 3427 3426 3422
f 3477 3480 3479
f 3479 3478 3477
f 3481 3482 3483
f 3483 3484 3481
f 3477 3478 3482
f 3482 3481 3477
f 3479 3480 3484
f 3484 3483 3479
f 3480 3477 3481
f 3481 3484 3480
f 3478 3479 3483
f 3483 3482 3478
f 3485 3488 3487
f 3487 3486 3485
f 3489 3490 3491
f 3491 3492 3489
f 3485 3486 3490
f 3490 3489 3485
f 3487 3488 3492
f 3492 3491 3487
f 3488 3485 3489
f 3489 3492 3488
f 3486 3487 3491
f 3491 3490 3486
f 3553 3556 3555
f 3555 3554 3553
f 3557 3558 3559
f 3559 3560 3557
f 3553 3554 3558
f 3558 3557 3553
f 3555 3556 3560
f 3560 3559 3555
f 3556 3553 3557
f 3557 3560 3556
f 3554 3555 3559
f 3559 3558 3554
f 3561 3564 3563
f 3563 3562 3561
f 3565 3566 3567
f 3567 3568 3565
f 3561 3562 3566
f 3566 3565 3561
f 3563 3564 3568
f 3568 3567 3563
f 3564 3561 3565
f 3565 3568 3564
f 3562 3563 3567
f 3567 3566 3562
f 3629 3632 3631
f 3631 3630 3629
f 3633 3634 3635
f 3635 3636 3633
f 3629 3630 3634
f 3634 3633 3629
f 3631 3632 3636
f 3636 3635 3631
f 3632 3629 3633
f 3633 3636 3632
f 3630 3631 3635
f 3635 3634 3630
f 3637 3640 3639
f 3639 3638 3637
f 3641 3642 3643
f 3643 3644 3641
f 3637 3638 3642
f 3642 3641 3637
f 3639 3640 3644
f 3644 3643 3639
f 3640 3637 3641
f 3641 3644 3640
f 3638 3639 3643
f 3643 3642 3638
f 3681 3684 3683
f 3683 3682 3681
f 3685 3686 3687
f 3687 3688 3685
f 3681 3682 3686
f 3686 3685 3681
f 3683 3684 3688
f 3688 3687 3683
f 3684 3681 3685
f 3685 3688 3684
f 3682 3683 3687
f 3687 3686 3682
f 3689 3692 3691
f 3691 3690 3689
f 3693 3694 3695
f 3695 3696 3693
f 3689 3690 3694
f 3694 3693 3689
f 3691 3692 3696
f 3696 3695 3691
f 3692 3689 3693
f 3693 3696 3692
f 3690 3691 3695
f 3695 3694 3690
f 3733 3736 3735
f 3735 3734 3733
f 3737 3738 3739
f 3739 3740 3737
f 3733 3734 3738
f 3738 3737 3733
f 3735 3736 3740
f 3740 3739 3735
f 3736 3733 3737
f 3737 3740 3736
f 3734 3735 3739
f 3739 3738 3734
f 3741 3744 3743
f 3743 3742 3741
f 3745 3746 3747
f 3747 3748 3745
f 3741 3742 3746
f 3746 3745 3741
f 3743 3744 3748
f 3748 3747 3743
f 3744 3741 3745
f 3745 3748 3744
f 3742 3743 3747
f 3747 3746 3742
f 3785 3788 3787
f 3787 3786 3785
f 3789 3790 3791
f 3791 3792 3789
f 3785 3786 3790
f 3790 3789 3785
f 3787 3788 3792
f 3792 3791 3787
f 3788 3785 3789
f 3789 3792 3788
f 3786 3787 3791
f 3791 3790 3786
f 3793 3796 3795
f 3795 3794 3793
f 3797 3798 3799
f 3799 3800 3797
f 3793 3794 3798
f 3798 3797 3793
f 3795 3796 3800
f 3800 3799 3795
f 3796 3793 3797
f 3797 3800 3796
f 3794 3795 3799
f 3799 3798 3794
f 3861 3864 3863
f 3863 3862 3861
f 3865 3866 3867
f 3867 3868 3865
f 3861 3862 3866
f 3866 3865 3861
f 3863 3864 3868
f 3868 3867 3863
f 3864 3861 3865
f 3865 3868 3864
f 3862 3863 3867
f 3867 3866 3862
f 3869 3872 3871
f 3871 3870 3869
f 3873 3874 3875
f 3875 3876 3873
f 3869 3870 3874
f 3874 3873 3869
f 3871 3872 3876
f 3876 3875 3871
f 3872 3869 3873
f 3873 3876 3872
f 3870 3871 3875
f 3875 3874 3870
f 3913 3916 3915
f 3915 3914 3913
f 3917 3918 3919
f 3919 3920 3917
f 3913 3914 3918
f 3918 3917 3913
f 3915 3916 3920
f 3920 3919 3915
f 3916 3913 3917
f 3917 3920 3916
f 3914 3915 3919
f 3919 3918 3914
f 3921 3924 3923
f 3923 3922 3921
f 3925 3926 3927
f 3927 3928 3925
f 3921 3922 3926
f 3926 3925 3921
f 3923 3924 3928
f 3928 3927 3923
f 3924 3921 3925
f 3925 3928 3924
f 3922 3923 3927
f 3927 3926 3922
f 3965 3968 3967
f 3967 3966 3965
f 3969 3970 3971
f 3971 3972 3969
f 3965 3966 3970
f 3970 3969 3965
f 3967 3968 3972
f 3972 3971 3967
f 3968 3965 3969
f 3969 3972 3968
f 3966 3967 3971
f 3971 3970 3966
f 3973 3976 3975
f 3975 3974 3973
f 3977 3978 3979
f 3979 3980 3977
f 3973 3974 3978
f 3978 3977 3973
f 3975 3976 3980
f 3980 3979 3975
f 3976 3973 3977
f 3977 3980 3976
f 3974 3975 3979
f 3979 3978 3974
f 4017 4020 4019
f 4019 4018 4017
f 4021 4022 4023
f 4023 4024 4021
f 4017 4018 4022
f 4022 4021 4017
f 4019 4020 4024
f 4024 4023 4019
f 4020 4017 4021
f 4021 4024 4020
f 4018 4019 4023
f 4023 4022 4018
f 4025 4028 4027
f 4027 4026 4025
f 4029 4030 4031
f 4031 4032 4029
f 4025 4026 4030
f 4030 4029 4025
f 4027 4028 4032
f 4032 4031 4027
f 4028 4025 4029
f 4029 4032 4028
f 4026 4027 4031
f 4031 4030 4026
f 4105 4108 4107
f 4107 4106 4105
f 4109 4110 4111
f 4111 4112 4109
f 4105 4106 4110
f 4110 4109 4105
f 4107 4108 4112
f 4112 4111 4107
f 4108 4105 4109
f 4109 4112 4108
f 4106 4107 4111
f 4111 4110 4106
f 4113 4116 4115
f 4115 4114 4113
f 4117 4118 4119
f 4119 4120 4117
f 4113 4114 4118
f 4118 4117 4113
f 4115 4116 4120
f 4120 4119 4115
f 4116 4113 4117
f 4117 4120 4116
f 4114 4115 4119
f 4119 4118 4114
f 4133 4136 4135
f 4135 4134 4133
f 4137 4138 4139
f 4139 4140 4137
f 4133 4134 4138
f 4138 4137 4133
f 4135 4136 4140
f 4140 4139 4135
f 4136 4133 4137
f 4137 4140 4136
f 4134 4135 4139
f 4139 4138 4134
f 4141 4144 4143
f 4143 4142 4141
f 4145 4146 4147
f 4147 4148 4145
f 4141 4142 4146
f 4146 4145 4141
f 4143 4144 4148
f 4148 4147 4143
f 4144 4141 4145
f 4145 4148 4144
f 4142 4143 4147
f 4147 4146 4142
f 4221 4224 4223
f 4223 4222 4221
f 4225 4226 4227
f 4227 4228 4225
f 4221 4222 4226
f 4226 4225 4221
f 4223 4224 4228
f 4228 4227 4223
f 4224 4221 4225
f 4225 4228 4224
f 4222 4223 4227
f 4227 4226 4222
f 4229 4232 4231
f 4231 4230 4229
f 4233 4234 4235
f 4235 4236 4233
f 4229 4230 4234
f 4234 4233 4229
f 4231 4232 4236
f 4236 4235 4231
f 4232 4229 4233
f 4233 4236 4232
f 4230 4231 4235
f 4235 4234 4230
f 4297 4300 4299
f 4299 4298 4297
f 4301 4302 4303
f 4303 4304 4301
f 4297 4298 4302
f 4302 4301 4297
f 4299 4300 4304
f 4304 4303 4299
f 4300 4297 4301
f 4301 4304 4300
f 4298 4299 4303
f 4303 4302 4298
f 4305 4308 4307
f 4307 4306 4305
f 4309 4310 4311
f 4311 4312 4309
f 4305 4306 4310
f 4310 4309 4305
f 4307 4308 4312
f 4312 4311 4307
f 4308 4305 4309
f 4309 4312 4308
f 4306 4307 4311
f 4311 4310 4306
f 4361 4364 4363
f 4363 4362 4361
f 4365 4366 4367
f 4367 4368 4365
f 4361 4362 4366
f 4366 4365 4361
f 4363 4364 4368
f 4368 4367 4363
f 4364 4361 4365
f 4365 4368 4364
f 4362 4363 4367
f 4367 4366 4362
f 4369 4372 4371
f 4371 4370 4369
f 4373 4374 4375
f 4375 4376 4373
f 4369 4370 4374
f 4374 4373 4369
f 4371 4372 4376
f 4376 4375 4371
f 4372 4369 4373
f 4373 4376 4372
f 4370 4371 4375
f 4375 4374 4370
f 4401 4404 4403
f 4403 4402 4401
f 4405 4406 4407
f 4407 4408 4405
f 4401 4402 4406
f 4406 4405 4401
f 4403 4404 4408
f 4408 4407 4403
f 4404 4401 4405
f 4405 4408 4404
f 4402 4403 4407
f 4407 4406 4402
f 4409 4412 4411
f 4411 4410 4409
f 4413 4414 4415
f 4415 4416 4413
f 4409 4410 4414
f 4414 4413 4409
f 4411 4412 4416
f 4416 4415 4411
f 4412 4409 4413
f 4413 4416 4412
f 4410 4411 4415
f 4415 4414 4410
f 4465 4468 4467
f 4467 4466 4465
f 4469 4470 4471
f 4471 4472 4469
f 4465 4466 4470
f 4470 4469 4465
f 4467 4468 4472
f 4472 4471 4467
f 4468 4465 4469
f 4469 4472 4468
f 4466 4467 4471
f 4471 4470 4466
f 4473 4476 4475
f 4475 4474 4473
f 4477 4478 4479
f 4479 4480 4477
f 4473 4474 4478
f 4478 4477 4473
f 4475 4476 4480
f 4480 4479 4475
f 4476 4473 4477
f 4477 4480 4476
f 4474 4475 4479
f 4479 4478 4474
f 4529 4532 4531
f 4531 4530 4529
f 4533 4534 4535
f 4535 4536 4533
f 4529 4530 4534
f 4534 4533 4529
f 4531 4532 4536
f 4536 4535 4531
f 4532 4529 4533
f 4533 4536 4532
f 4530 4531 4535
f 4535 4534 4530
f 4537 4540 4539
f 4539 4538 4537
f 4541 4542 4543
f 4543 4544 4541
f 4537 4538 4542
f 4542 4541 4537
f 4539 4540 4544
f 4544 4543 4539
f 4540 4537 4541
f 4541 4544 4540
f 4538 4539 4543
f 4543 4542 4538
f 4581 4584 4583
f 4583 4582 4581
f 4585 4586 4587
f 4587 4588 4585
f 4581 4582 4586
f 4586 4585 4581
f 4583 4584 4588
f 4588 4587 4583
f 4584 4581 4585
f 4585 4588 4584
f 4582 4583 4587
f 4587 4586 4582
f 4589 4592 4591
f 4591 4590 4589
f 4593 4594 4595
f 4595 4596 4593
f 4589 4590 4594
f 4594 4593 4589
f 4591 4592 4596
f 4596 4595 4591
f 4592 4589 4593
f 4593 4596 4592
f 4590 4591 4595
f 4595 4594 4590
f 4633 4636 4635
f 4635 4634 4633
f 4637 4638 4639
f 4639 4640 4637
f 4633 4634 4638
f 4638 4637 4633
f 4635 4636 4640
f 4640 4639 4635
f 4636 4633 4637
f 4637 4640 4636
f 4634 4635 4639
f 4639 4638 4634
f 4641 4644 4643
f 4643 4642 4641
f 4645 4646 4647
f 4647 4648 4645
f 4641 4642 4646
f 4646 4645 4641
f 4643 4644 4648
f 4648 4647 4643
f 4644 4641 4645
f 4645 4648 4644
f 4642 4643 4647
f 4647 4646 4642
f 4697 4700 4699
f 4699 4698 4697
f 4701 4702 4703
f 4703 4704 4701
f 4697 4698 4702
f 4702 4701 4697
f 4699 4700 4704
f 4704 4703 4699
f 4700 4697 4701
f 4701 4704 4700
f 4698 4699 4703
f 4703 4702 4698
f 4705 4708 4707
f 4707 4706 4705
f 4709 4710 4711
f 4711 4712 4709
f 4705 4706 4710
f 4710 4709 4705
f 4707 4708 4712
f 4712 4711 4707
f 4708 4705 4709
f 4709 4712 4708
f 4706 4707 4711
f 4711 4710 4706
f 4737 4740 4739
f 4739 4738 4737
f 4741 4742 4743
f 4743 4744 4741
f 4737 4738 4742
f 4742 4741 4737
f 4739 4740 4744
f 4744 4743 4739
f 4740 4737 4741
f 4741 4744 4740
f 4738 4739 4743
f 4743 4742 4738
f 4745 4748 4747
f 4747 4746 4745
f 4749 4750 4751
f 4751 4752 4749
f 4745 4746 4750
f 4750 4749 4745
f 4747 4748 4752
f 4752 4751 4747
f 4748 4745 4749
f 4749 4752 4748
f 4746 4747 4751
f 4751 4750 4746
f 4765 4768 4767
f 4767 4766 4765
f 4769 4770 4771
f 4771 4772 4769
f 4765 4766 4770
f 4770 4769 4765
f 4767 4768 4772
f 4772 4771 4767
f 4768 4765 4769
f 4769 4772 4768
f 4766 4767 4771
f 4771 4770 4766
f 4773 4776 4775
f 4775 4774 4773
f 4777 4778 4779
f 4779 4780 4777
f 4773 4774 4778
f 4778 4777 4773
f 4775 4776 4780
f 4780 4779 4775
f 4776 4773 4777
f 4777 4780 4776
f 4774 4775 4779
f 4779 4778 4774
f 4805 4808 4807
f 4807 4806 4805
f 4809 4810 4811
f 4811 4812 4809
f 4805 4806 4810
f 4810 4809 4805
f 4807 4808 4812
f 4812 4811 4807
f 4808 4805 4809
f 4809 4812 4808
f 4806 4807 4811
f 4811 4810 4806
f 4813 4816 4815
f 4815 4814 4813
f 4817 4818 4819
f 4819 4820 4817
f 4813 4814 4818
f 4818 4817 4813
f 4815 4816 4820
f 4820 4819 4815
f 4816 4813 4817
f 4817 4820 4816
f 4814 4815 4819
f 4819 4818 4814
f 4869 4872 4871
f 4871 4870 4869
f 4873 4874 4875
f 4875 4876 4873
f 4869 4870 4874
f 4874 4873 4869
f 4871 4872 4876
f 4876 4875 4871
f 4872 4869 4873
f 4873 4876 4872
f 4870 4871 4875
f 4875 4874 4870
f 4877 4880 4879
f 4879 4878 4877
f 4881 4882 4883
f 4883 4884 4881
f 4877 4878 4882
f 4882 4881 4877
f 4879 4880 4884
f 4884 4883 4879
f 4880 4877 4881
f 4881 4884 4880
f 4878 4879 4883
f 4883 4882 4878
f 4897 4900 4899
f 4899 4898 4897
f 4901 4902 4903
f 4903 4904 4901
f 4897 4898 4902
f 4902 4901 4897
f 4899 4900 4904
f 4904 4903 4899
f 4900 4897 4901
f 4901 4904 4900
f 4898 4899 4903
f 4903 4902 4898
f 4905 4908 4907
f 4907 4906 4905
f 4909 4910 4911
f 4911 4912 4909
f 4905 4906 4910
f 4910 4909 4905
f 4907 4908 4912
f 4912 4911 4907
f 4908 4905 4909
f 4909 4912 4908
f 4906 4907 4911
f 4911 4910 4906
f 4925 4928 4927
f 4927 4926 4925
f 4929 4930 4931
f 4931 4932 4929
f 4925 4926 4930
f 4930 4929 4925
f 4927 4928 4932
f 4932 4931 4927
f 4928 4925 4929
f 4929 4932 4928
f 4926 4927 4931
f 4931 4930 4926
f 4933 4936 4935
f 4935 4934 4933
f 4937 4938 4939
f 4939 4940 4937
f 4933 4934 4938
f 4938 4937 4933
f 4935 4936 4940
f 4940 4939 4935
f 4936 4933 4937
f 4937 4940 4936
f 4934 4935 4939
f 4939 4938 4934
f 4989 4992 4991
f 4991 4990 4989
f 4993 4994 4995
f 4995 4996 4993
f 4989 4990 4994
f 4994 4993 4989
f 4991 4992 4996
f 4996 4995 4991
f 4992 4989 4993
f 4993 4996 4992
f 4990 4991 4995
f 4995 4994 4990
f 4997 5000 4999
f 4999 4998 4997
f 5001 5002 5003
f 5003 5004 5001
f 4997 4998 5002
f 5002 5001 4997
f 4999 5000 5004
f 5004 5003 4999
f 5000 4997 5001
f 5001 5004 5000
f 4998 4999 5003
f 5003 5002 4998
f 5053 5056 5055
f 5055 5054 5053
f 5057 5058 5059
f 5059 5060 5057
f 5053 5054 5058
f 5058 5057 5053
f 5055 5056 5060
f 5060 5059 5055
f 5056 5053 5057
f 5057 5060 5056
f 5054 5055 5059
f 5059 5058 5054
f 5061 5064 5063
f 5063 5062 5061
f 5065 5066 5067
f 5067 5068 5065
f 5061 5062 5066
f 5066 5065 5061
f 5063 5064 5068
f 5068 5067 5063
f 5064 5061 5065
f 5065 5068 5064
f 5062 5063 5067
f 5067 5066 5062
f 5117 5120 5119
f 5119 5118 5117
f 5121 5122 5123
f 5123 5124 5121
f 5117 5118 5122
f 5122 5121 5117
f 5119 5120 5124
f 5124 5123 5119
f 5120 5117 5121
f 5121 5124 5120
f 5118 5119 5123
f 5123 5122 5118
f 5125 5128 5127
f 5127 5126 5125
f 5129 5130 5131
f 5131 5132 5129
f 5125 5126 5130
f 5130 5129 5125
f 5127 5128 5132
f 5132 5131 5127
f 5128 5125 5129
f 5129 5132 5128
f 5126 5127 5131
f 5131 5130 5126
f 5157 5160 5159
f 5159 5158 5157
f 5161 5162 5163
f 5163 5164 5161
f 5157 5158 5162
f 5162 5161 5157
f 5159 5160 5164
f 5164 5163 5159
f 5160 5157 5161
f 5161 5164 5160
f 5158 5159 5163
f 5163 5162 5158
f 5165 5168 5167
f 5167 5166 5165
f 5169 5170 5171
f 5171 5172 5169
f 5165 5166 5170
f 5170 5169 5165
f 5167 5168 5172
f 5172 5171 5167
f 5168 5165 5169
f 5169 5172 5168
f 5166 5167 5171
f 5171 5170 5166
f 5197 5200 5199
f 5199 5198 5197
f 5201 5202 5203
f 5203 5204 5201
f 5197 5198 5202
f 5202 5201 5197
f 5199 5200 5204
f 5204 5203 5199
f 5200 5197 5201
f 5201 5204 5200
f 5198 5199 5203
f 5203 5202 5198
f 5205 5208 5207
f 5207 5206 5205
f 5209 5210 5211
f 5211 5212 5209
f 5205 5206 5210
f 5210 5209 5205
f 5207 5208 5212
f 5212 5211 5207
f 5208 5205 5209
f 5209 5212 5208
f 5206 5207 5211
f 5211 5210 5206
f 5237 5240 5239
f 5239 5238 5237
f 5241 5242 5243
f 5243 5244 5241
f 5237 5238 5242
f 5242 5241 5237
f 5239 5240 5244
f 5244 5243 5239
f 5240 5237 5241
f 5241 5244 5240
f 5238 5239 5243
f 5243 5242 5238
f 5245 5248 5247
f 5247 5246 5245
f 5249 5250 5251
f 5251 5252 5249
f 5245 5246 5250
f 5250 5249 5245
f 5247 5248 5252
f 5252 5251 5247
f 5248 5245 5249
f 5249 5252 5248
f 5246 5247 5251
f 5251 5250 5246
f 5289 5292 5291
f 5291 5290 5289
f 5293 5294 5295
f 5295 5296 5293
f 5289 5290 5294
f 5294 5293 5289
f 5291 5292 5296
f 5296 5295 5291
f 5292 5289 5293
f 5293 5296 5292
f 5290 5291 5295
f 5295 5294 5290
f 5297 5300 5299
f 5299 5298 5297
f 5301 5302 5303
f 5303 5304 5301
f 5297 5298 5302
f 5302 5301 5297
f 5299 5300 5304
f 5304 5303 5299
f 5300 5297 5301
f 5301 5304 5300
f 5298 5299 5303
f 5303 5302 5298
f 5341 5344 5343
f 5343 5342 5341
f 5345 5346 5347
f 5347 5348 5345
f 5341 5342 5346
f 5346 5345 5341
f 5343 5344 5348
f 5348 5347 5343
f 5344 5341 5345
f 5345 5348 5344
f 5342 5343 5347
f 5347 5346 5342
f 5349 5352 5351
f 5351 5350 5349
f 5353 5354 5355
f 5355 5356 5353
f 5349 5350 5354
f 5354 5353 5349
f 5351 5352 5356
f 5356 5355 5351
f 5352 5349 5353
f 5353 5356 5352
f 5350 5351 5355
f 5355 5354 5350
f 5381 5384 5383
f 5383 5382 5381
f 5385 5386 5387
f 5387 5388 5385
f 5381 5382 5386
f 5386 5385 5381
f 5383 5384 5388
f 5388 5387 5383
f 5384 5381 5385
f 5385 5388 5384
f 5382 5383 5387
f 5387 5386 5382
f 5389 5392 5391
f 5391 5390 5389
f 5393 5394 5395
f 5395 5396 5393
f 5389 5390 5394
f 5394 5393 5389
f 5391 5392 5396
f 5396 5395 5391
f 5392 5389 5393
f 5393 5396 5392
f 5390 5391 5395
f 5395 5394 5390
f 5421 5424 5423
f 5423 5422 5421
f 5425 5426 5427
f 5427 5428 5425
f 5421 5422 5426
f 5426 5425 5421
f 5423 5424 5428
f 5428 5427 5423
f 5424 5421 5425
f 5425 5428 5424
f 5422 5423 5427
f 5427 5426 5422
f 5429 5432 5431
f 5431 5430 5429
f 5433 5434 5435
f 5435 5436 5433
f 5429 5430 5434
f 5434 5433 5429
f 5431 5432 5436
f 5436 5435 5431
f 5432 5429 5433
f 5433 5436 5432
f 5430 5431 5435
f 5435 5434 5430
f 5473 5476 5475
f 5475 5474 5473
f 5477 5478 5479
f 5479 5480 5477
f 5473 5474 5478
f 5478 5477 5473
f 5475 5476 5480
f 5480 5479 5475
f 5476 5473 5477
f 5477 5480 5476
f 5474 5475 5479
f 5479 5478 5474
f 5481 5484 5483
f 5483 5482 5481
f 5485 5486 5487
f 5487 5488 5485
f 5481 5482 5486
f 5486 5485 5481
f 5483 5484 5488
f 5488 5487 5483
f 5484 5481 5485
f 5485 5488 5484
f 5482 5483 5487
f 5487 5486 5482
f 5537 5540 5539
f 5539 5538 5537
f 5541 5542 5543
f 5543 5544 5541
f 5537 5538 5542
f 5542 5541 5537
f 5539 5540 5544
f 5544 5543 5539
f 5540 5537 5541
f 5541 5544 5540
f 5538 5539 5543
f 5543 5542 5538
f 5545 5548 5547
f 5547 5546 5545
f 5549 5550 5551
f 5551 5552 5549
f 5545 5546 5550
f 5550 5549 5545
f 5547 5548 5552
f 5552 5551 5547
f 5548 5545 5549
f 5549 5552 5548
f 5546 5547 5551
f 5551 5550 5546
f 5589 5592 5591
f 5591 5590 5589
f 5593 5594 5595
f 5595 5596 5593
f 5589 5590 5594
f 5594 5593 5589
f 5591 5592 5596
f 5596 5595 5591
f 5592 5589 5593
f 5593 5596 5592
f 5590 5591 5595
f 5595 5594 5590
f 5597 5600 5599
f 5599 5598 5597
f 5601 5602 5603
f 5603 5604 5601
f 5597 5598 5602
f 5602 5601 5597
f 5599 5600 5604
f 5604 5603 5599
f 5600 5597 5601
f 5601 5604 5600
f 5598 5599 5603
f 5603 5602 5598
f 5653 5656 5655
f 5655 5654 5653
f 5657 5658 5659
f 5659 5660 5657
f 5653 5654 5658
f 5658 5657 5653
f 5655 5656 5660
f 5660 5659 5655
f 5656 5653 5657
f 5657 5660 5656
f 5654 5655 5659
f 5659 5658 5654
f 5661 5664 5663
f 5663 5662 5661
f 5665 5666 5667
f 5667 5668 5665
f 5661 5662 5666
f 5666 5665 5661
f 5663 5664 5668
f 5668 5667 5663
f 5664 5661 5665
f 5665 5668 5664
f 5662 5663 5667
f 5667 5666 5662
f 5705 5708 5707
f 5707 5706 5705
f 5709 5710 5711
f 5711 5712 5709
f 5705 5706 5710
f 5710 5709 5705
f 5707 5708 5712
f 5712 5711 5707
f 5708 5705 5709
f 5709 5712 5708
f 5706 5707 5711
f 5711 5710 5706
f 5713 5716 5715
f 5715 5714 5713
f 5717 5718 5719
f 5719 5720 5717
f 5713 5714 5718
f 5718 5717 5713
f 5715 5716 5720
f 5720 5719 5715
f 5716 5713 5717
f 5717 5720 5716
f 5714 5715 5719
f 5719 5718 5714
f 5769 5772 5771
f 5771 5770 5769
f 5773 5774 5775
f 5775 5776 5773
f 5769 5770 5774
f 5774 5773 5769
f 5771 5772 5776
f 5776 5775 5771
f 5772 5769 5773
f 5773 5776 5772
f 5770 5771 5775
f 5775 5774 5770
f 5777 5780 5779
f 5779 5778 5777
f 5781 5782 5783
f 5783 5784 5781
f 5777 5778 5782
f 5782 5781 5777
f 5779 5780 5784
f 5784 5783 5779
f 5780 5777 5781
f 5781 5784 5780
f 5778 5779 5783
f 5783 5782 5778
f 5809 5812 5811
f 5811 5810 5809
f 5813 5814 5815
f 5815 5816 5813
f 5809 5810 5814
f 5814 5813 5809
f 5811 5812 5816
f 5816 5815 5811
f 5812 5809 5813
f 5813 5816 5812
f 5810 5811 5815
f 5815 5814 5810
f 5817 5820 5819
f 5819 5818 5817
f 5821 5822 5823
f 5823 5824 5821
f 5817 5818 5822
f 5822 5821 5817
f 5819 5820 5824
f 5824 5823 5819
f 5820 5817 5821
f 5821 5824 5820
f 5818 5819 5823
f 5823 5822 5818
f 5861 5864 5863
f 5863 5862 5861
f 5865 5866 5867
f 5867 5868 5865
f 5861 5862 5866
f 5866 5865 5861
f 5863 5864 5868
f 5868 5867 5863
f 5864 5861 5865
f 5865 5868 5864
f 5862 5863 5867
f 5867 5866 5862
f 5869 5872 5871
f 5871 5870 5869
f 5873 5874 5875
f 5875 5876 5873
f 5869 5870 5874
f 5874 5873 5869
f 5871 5872 5876
f 5876 5875 5871
f 5872 5869 5873
f 5873 5876 5872
f 5870 5871 5875
f 5875 5874 5870
f 5901 5904 5903
f 5903 5902 5901
f 5905 5906 5907
f 5907 5908 5905
f 5901 5902 5906
f 5906 5905 5901
f 5903 5904 5908
f 5908 5907 5903
f 5904 5901 5905
f 5905 5908 5904
f 5902 5903 5907
f 5907 5906 5902
f 5909 5912 5911
f 5911 5910 5909
f 5913 5914 5915
f 5915 5916 5913
f 5909 5910 5914
f 5914 5913 5909
f 5911 5912 5916
f 5916 5915 5911
f 5912 5909 5913
f 5913 5916 5912
f 5910 5911 5915
f 5915 5914 5910
f 5929 5932 5931
f 5931 5930 5929
f 5933 5934 5935
f 5935 5936 5933
f 5929 5930 5934
f 5934 5933 5929
f 5931 5932 5936
f 5936 5935 5931
f 5932 5929 5933
f 5933 5936 5932
f 5930 5931 5935
f 5935 5934 5930
f 5937 5940 5939
f 5939 5938 5937
f 5941 5942 5943
f 5943 5944 5941
f 5937 5938 5942
f 5942 5941 5937
f 5939 5940 5944
f 5944 5943 5939
f 5940 5937 5941
f 5941 5944 5940
f 5938 5939 5943
f 5943 5942 5938
f 5969 5972 5971
f 5971 5970 5969
f 5973 5974 5975
f 5975 5976 5973
f 5969 5970 5974
f 5974 5973 5969
f 5971 5972 5976
f 5976 5975 5971
f 5972 5969 5973
f 5973 5976 5972
f 5970 5971 5975
f 5975 5974 5970
f 5977 5980 5979
f 5979 5978 5977
f 5981 5982 5983
f 5983 5984 5981
f 5977 5978 5982
f 5982 5981 5977
f 5979 5980 5984
f 5984 5983 5979
f 5980 5977 5981
f 5981 5984 5980
f 5978 5979 5983
f 5983 5982 5978
f 6009 6012 6011
f 6011 6010 6009
f 6013 6014 6015
f 6015 6016 6013
f 6009 6010 6014
f 6014 6013 6009
f 6011 6012 6016
f 6016 6015 6011
f 6012 6009 6013
f 6013 6016 6012
f 6010 6011 6015
f 6015 6014 6010
f 6017 6020 6019
f 6019 6018 6017
f 6021 6022 6023
f 6023 6024 6021
f 6017 6018 6022
f 6022 6021 6017
f 6019 6020 6024
f 6024 6023 6019
f 6020 6017 6021
f 6021 6024 6020
f 6018 6019 6023
f 6023 6022 6018
f 6049 6052 6051
f 6051 6050 6049
f 6053 6054 6055
f 6055 6056 6053
f 6049 6050 6054
f 6054 6053 6049
f 6051 6052 6056
f 6056 6055 6051
f 6052 6049 6053
f 6053 6056 6052
f 6050 6051 6055
f 6055 6054 6050
f 6057 6060 6059
f 6059 6058 6057
f 6061 6062 6063
f 6063 6064 6061
f 6057 6058 6062
f 6062 6061 6057
f 6059 6060 6064
f 6064 6063 6059
f 6060 6057 6061
f 6061 6064 6060
f 6058 6059 6063
f 6063 6062 6058
f 6089 6092 6091
f 6091 6090 6089
f 6093 6094 6095
f 6095 6096 6093
f 6089 6090 6094
f 6094 6093 6089
f 6091 6092 6096
f 6096 6095 6091
f 6092 6089 6093
f 6093 6096 6092
f 6090 6091 6095
f 6095 6094 6090
f 6097 6100 6099
f 6099 6098 6097
f 6101 6102 6103
f 6103 6104 6101
f 6097 6098 6102
f 6102 6101 6097
f 6099 6100 6104
f 6104 6103 6099
f 6100 6097 6101
f 6101 6104 6100
f 6098 6099 6103
f 6103 6102 6098
f 6141 6144 6143
f 6143 6142 6141
f 6145 6146 6147
f 6147 6148 6145
f 6141 6142 6146
f 6146 6145 6141
f 6143 6144 6148
f 6148 6147 6143
f 6144 6141 6145
f 6145 6148 6144
f 6142 6143 6147
f 6147 6146 6142
f 6149 6152 6151
f 6151 6150 6149
f 6153 6154 6155
f 6155 6156 6153
f 6149 6150 6154
f 6154 6153 6149
f 6151 6152 6156
f 6156 6155 6151
f 6152 6149 6153
f 6153 6156 6152
f 6150 6151 6155
f 6155 6154 6150
f 6169 6172 6171
f 6171 6170 6169
f 6173 6174 6175
f 6175 6176 6173
f 6169 6170 6174
f 6174 6173 6169
f 6171 6172 6176
f 6176 6175 6171
f 6172 6169 6173
f 6173 6176 6172
f 6170 6171 6175
f 6175 6174 6170
f 6177 6180 6179
f 6179 6178 6177
f 6181 6182 6183
f 6183 6184 6181
f 6177 6178 6182
f 6182 6181 6177
f 6179 6180 6184
f 6184 6183 6179
f 6180 6177 6181
f 6181 6184 6180
f 6178 6179 6183
f 6183 6182 6178
f 6209 6212 6211
f 6211 6210 6209
f 6213 6214 6215
f 6215 6216 6213
f 6209 6210 6214
f 6214 6213 6209
f 6211 6212 6216
f 6216 6215 6211
f 6212 6209 6213
f 6213 6216 6212
f 6210 6211 6215
f 6215 6214 6210
f 6217 6220 6219
f 6219 6218 6217
f 6221 6222 6223
f 6223 6224 6221
f 6217 6218 6222
f 6222 6221 6217
f 6219 6220 6224
f 6224 6223 6219
f 6220 6217 6221
f 6221 6224 6220
f 6218 6219 6223
f 6223 6222 6218
f 6249 6252 6251
f 6251 6250 6249
f 6253 6254 6255
f 6255 6256 6253
f 6249 6250 6254
f 6254 6253 6249
f 6251 6252 6256
f 6256 6255 6251
f 6252 6249 6253
f 6253 6256 6252
f 6250 6251 6255
f 6255 6254 6250
f 6257 6260 6259
f 6259 6258 6257
f 6261 6262 6263
f 6263 6264 6261
f 6257 6258 6262
f 6262 6261 6257
f 6259 6260 6264
f 6264 6263 6259
f 6260 6257 6261
f 6261 6264 6260
f 6258 6259 6263
f 6263 6262 6258
f 6301 6304 6303
f 6303 6302 6301
f 6305 6306 6307
f 6307 6308 6305
f 6301 6302 6306
f 6306 6305 6301
f 6303 6304 6308
f 6308 6307 6303
f 6304 6301 6305
f 6305 6308 6304
f 6302 6303 6307
f 6307 6306 6302
f 6309 6312 6311
f 6311 6310 6309
f 6313 6314 6315
f 6315 6316 6313
f 6309 6310 6314
f 6314 6313 6309
f 6311 6312 6316
f 6316 6315 6311
f 6312 6309 6313
f 6313 6316 6312
f 6310 6311 6315
f 6315 6314 6310
f 6377 6380 6379
f 6379 6378 6377
f 6381 6382 6383
f 6383 6384 6381
f 6377 6378 6382
f 6382 6381 6377
f 6379 6380 6384
f 6384 6383 6379
f 6380 6377 6381
f 6381 6384 6380
f 6378 6379 6383
f 6383 6382 6378
f 6385 6388 6387
f 6387 6386 6385
f 6389 6390 6391
f 6391 6392 6389
f 6385 6386 6390
f 6390 6389 6385
f 6387 6388 6392
f 6392 6391 6387
f 6388 6385 6389
f 6389 6392 6388
f 6386 6387 6391
f 6391 6390 6386
f 6429 6432 6431
f 6431 6430 6429
f 6433 6434 6435
f 6435 6436 6433
f 6429 6430 6434
f 6434 6433 6429
f 6431 6432 6436
f 6436 6435 6431
f 6432 6429 6433
f 6433 6436 6432
f 6430 6431 6435
f 6435 6434 6430
f 6437 6440 6439
f 6439 6438 6437
f 6441 6442 6443
f 6443 6444 6441
f 6437 6438 6442
f 6442 6441 6437
f 6439 6440 6444
f 6444 6443 6439
f 6440 6437 6441
f 6441 6444 6440
f 6438 6439 6443
f 6443 6442 6438
f 6469 6472 6471
f 6471 6470 6469
f 6473 6474 6475
f 6475 6476 6473
f 6469 6470 6474
f 6474 6473 6469
f 6471 6472 6476
f 6476 6475 6471
f 6472 6469 6473
f 6473 6476 6472
f 6470 6471 6475
f 6475 6474 6470
f 6477 6480 6479
f 6479 6478 6477
f 6481 6482 6483
f 6483 6484 6481
f 6477 6478 6482
f 6482 6481 6477
f 6479 6480 6484
f 6484 6483 6479
f 6480 6477 6481
f 6481 6484 6480
f 6478 6479 6483
f 6483 6482 6478
f 6497 6500 6499
f 6499 6498 6497
f 6501 6502 6503
f 6503 6504 6501
f 6497 6498 6502
f 6502 6501 6497
f 6499 6500 6504
f 6504 6503 6499
f 6500 6497 6501
f 6501 6504 6500
f 6498 6499 6503
f 6503 6502 6498
f 6505 6508 6507
f 6507 6506 6505
f 6509 6510 6511
f 6511 6512 6509
f 6505 6506 6510
f 6510 6509 6505
f 6507 6508 6512
f 6512 6511 6507
f 6508 6505 6509
f 6509 6512 6508
f 6506 6507 6511
f 6511 6510 6506
f 6597 6600 6599
f 6599 6598 6597
f 6601 6602 6603
f 6603 6604 6601
f 6597 6598 6602
f 6602 6601 6597
f 6599 6600 6604
f 6604 6603 6599
f 6600 6597 6601
f 6601 6604 6600
f 6598 6599 6603
f 6603 6602 6598
f 6605 6608 6607
f 6607 6606 6605
f 6609 6610 6611
f 6611 6612 6609
f 6605 6606 6610
f 6610 6609 6605
f 6607 6608 6612
f 6612 6611 6607
f 6608 6605 6609
f 6609 6612 6608
f 6606 6607 6611
f 6611 6610 6606
f 6685 6688 6687
f 6687 6686 6685
f 6689 6690 6691
f 6691 6692 6689
f 6685 6686 6690
f 6690 6689 6685
f 6687 6688 6692
f 6692 6691 6687
f 6688 6685 6689
f 6689 6692 6688
f 6686 6687 6691
f 6691 6690 6686
f 6693 6696 6695
f 6695 6694 6693
f 6697 6698 6699
f 6699 6700 6697
f 6693 6694 6698
f 6698 6697 6693
f 6695 6696 6700
f 6700 6699 6695
f 6696 6693 6697
f 6697 6700 6696
f 6694 6695 6699
f 6699 6698 6694
f 6785 6788 6787
f 6787 6786 6785
f 6789 6790 6791
f 6791 6792 6789
f 6785 6786 6790
f 6790 6789 6785
f 6787 6788 6792
f 6792 6791 6787
f 6788 6785 6789
f 6789 6792 6788
f 6786 6787 6791
f 6791 6790 6786
f 6793 6796 6795
f 6795 6794 6793
f 6797 6798 6799
f 6799 6800 6797
f 6793 6794 6798
f 6798 6797 6793
f 6795 6796 6800
f 6800 6799 6795
f 6796 6793 6797
f 6797 6800 6796
f 6794 6795 6799
f 6799 6798 6794
f 6873 6876 6875
f 6875 6874 6873
f 6877 6878 6879
f 6879 6880 6877
f 6873 6874 6878
f 6878 6877 6873
f 6875 6876 6880
f 6880 6879 6875
f 6876 6873 6877
f 6877 6880 6876
f 6874 6875 6879
f 6879 6878 6874
f 6881 6884 6883
f 6883 6882 6881
f 6885 6886 6887
f 6887 6888 6885
f 6881 6882 6886
f 6886 6885 6881
f 6883 6884 6888
f 6888 6887 6883
f 6884 6881 6885
f 6885 6888 6884
f 6882 6883 6887
f 6887 6886 6882
f 6961 6964 6963
f 6963 6962 6961
f 6965 6966 6967
f 6967 6968 6965
f 6961 6962 6966
f 6966 6965 6961
f 6963 6964 6968
f 6968 6967 6963
f 6964 6961 6965
f 6965 6968 6964
f 6962 6963 6967
f 6967 6966 6962
f 6969 6972 6971
f 6971 6970 6969
f 6973 6974 6975
f 6975 6976 6973
f 6969 6970 6974
f 6974 6973 6969
f 6971 6972 6976
f 6976 6975 6971
f 6972 6969 6973
f 6973 6976 6972
f 6970 6971 6975
f 6975 6974 6970
f 7049 7052 7051
f 7051 7050 7049
f 7053 7054 7055
f 7055 7056 7053
f 7049 7050 7054
f 7054 7053 7049
f 7051 7052 7056
f 7056 7055 7051
f 7052 7049 7053
f 7053 7056 7052
f 7050 7051 7055
f 7055 7054 7050
f 7057 7060 7059
f 7059 7058 7057
f 7061 7062 7063
f 7063 7064 7061
f 7057 7058 7062
f 7062 7061 7057
f 7059 7060 7064
f 7064 7063 7059
f 7060 7057 7061
f 7061 7064 7060
f 7058 7059 7063
f 7063 7062 7058
f 7125 7128 7127
f 7127 7126 7125
f 7129 7130 7131
f 7131 7132 7129
f 7125 7126 7130
f 7130 7129 7125
f 7127 7128 7132
f 7132 7131 7127
f 7128 7125 7129
f 7129 7132 7128
f 7126 7127 7131
f 7131 7130 7126
f 7133 7136 7135
f 7135 7134 7133
f 7137 7138 7139
f 7139 7140 7137
f 7133 7134 7138
f 7138 7137 7133
f 7135 7136 7140
f 7140 7139 7135
f 7136 7133 7137
f 7137 7140 7136
f 7134 7135 7139
f 7139 7138 7134
f 7213 7216 7215
f 7215 7214 7213
f 7217 7218 7219
f 7219 7220 7217
f 7213 7214 7218
f 7218 7217 7213
f 7215 7216 7220
f 7220 7219 7215
f 7216 7213 7217
f 7217 7220 7216
f 7214 7215 7219
f 7219 7218 7214
f 7221 7224 7223
f 7223 7222 7221
f 7225 7226 7227
f 7227 7228 7225
f 7221 7222 7226
f 7226 7225 7221
f 7223 7224 7228
f 7228 7227 7223
f 7224 7221 7225
f 7225 7228 7224
f 7222 7223 7227
f 7227 7226 7222
f 7277 7280 7279
f 7279 7278 7277
f 7281 7282 7283
f 7283 7284 7281
f 7277 7278 7282
f 7282 7281 7277
f 7279 7280 7284
f 7284 7283 7279
f 7280 7277 7281
f 7281 7284 7280
f 7278 7279 7283
f 7283 7282 7278
f 7285 7288 7287
f 7287 7286 7285
f 7289 7290 7291
f 7291 7292 7289
f 7285 7286 7290
f 7290 7289 7285
f 7287 7288 7292
f 7292 7291 7287
f 7288 7285 7289
f 7289 7292 7288
f 7286 7287 7291
f 7291 7290 7286
f 7341 7344 7343
f 7343 7342 7341
f 7345 7346 7347
f 7347 7348 7345
f 7341 7342 7346
f 7346 7345 7341
f 7343 7344 7348
f 7348 7347 7343
f 7344 7341 7345
f 7345 7348 7344
f 7342 7343 7347
f 7347 7346 7342
f 7349 7352 7351
f 7351 7350 7349
f 7353 7354 7355
f 7355 7356 7353
f 7349 7350 7354
f 7354 7353 7349
f 7351 7352 7356
f 7356 7355 7351
f 7352 7349 7353
f 7353 7356 7352
f 7350 7351 7355
f 7355 7354 7350
f 7393 7396 7395
f 7395 7394 7393
f 7397 7398 7399
f 7399 7400 7397
f 7393 7394 7398
f 7398 7397 7393
f 7395 7396 7400
f 7400 7399 7395
f 7396 7393 7397
f 7397 7400 7396
f 7394 7395 7399
f 7399 7398 7394
f 7401 7404 7403
f 7403 7402 7401
f 7405 7406 7407
f 7407 7408 7405
f 7401 7402 7406
f 7406 7405 7401
f 7403 7404 7408
f 7408 7407 7403
f 7404 7401 7405
f 7405 7408 7404
f 7402 7403 7407
f 7407 7406 7402
f 7433 7436 7435
f 7435 7434 7433
f 7437 7438 7439
f 7439 7440 7437
f 7433 7434 7438
f 7438 7437 7433
f 7435 7436 7440
f 7440 7439 7435
f 7436 7433 7437
f 7437 7440 7436
f 7434 7435 7439
f 7439 7438 7434
f 7441 7444 7443
f 7443 7442 7441
f 7445 7446 7447
f 7447 7448 7445
f 7441 7442 7446
f 7446 7445 7441
f 7443 7444 7448
f 7448 7447 7443
f 7444 7441 7445
f 7445 7448 7444
f 7442 7443 7447
f 7447 7446 7442
f 7485 7488 7487
f 7487 7486 7485
f 7489 7490 7491
f 7491 7492 7489
f 7485 7486 7490
f 7490 7489 7485
f 7487 7488 7492
f 7492 7491 7487
f 7488 7485 7489
f 7489 7492 7488
f 7486 7487 7491
f 7491 7490 7486
f 7493 7496 7495
f 7495 7494 7493
f 7497 7498 7499
f 7499 7500 7497
f 7493 7494 7498
f 7498 7497 7493
f 7495 7496 7500
f 7500 7499 7495
f 7496 7493 7497
f 7497 7500 7496
f 7494 7495 7499
f 7499 7498 7494
f 7525 7528 7527
f 7527 7526 7525
f 7529 7530 7531
f 7531 7532 7529
f 7525 7526 7530
f 7530 7529 7525
f 7527 7528 7532
f 7532 7531 7527
f 7528 7525 7529
f 7529 7532 7528
f 7526 7527 7531
f 7531 7530 7526
f 7533 7536 7535
f 7535 7534 7533
f 7537 7538 7539
f 7539 7540 7537
f 7533 7534 7538
f 7538 7537 7533
f 7535 7536 7540
f 7540 7539 7535
f 7536 7533 7537
f 7537 7540 7536
f 7534 7535 7539
f 7539 7538 7534
f 7589 7592 7591
f 7591 7590 7589
f 7593 7594 7595
f 7595 7596 7593
f 7589 7590 7594
f 7594 7593 7589
f 7591 7592 7596
f 7596 7595 7591
f 7592 7589 7593
f 7593 7596 7592
f 7590 7591 7595
f 7595 7594 7590
f 7597 7600 7599
f 7599 7598 7597
f 7601 7602 7603
f 7603 7604 7601
f 7597 7598 7602
f 7602 7601 7597
f 7599 7600 7604
f 7604 7603 7599
f 7600 7597 7601
f 7601 7604 7600
f 7598 7599 7603
f 7603 7602 7598
f 7641 7644 7643
f 7643 7642 7641
f 7645 7646 7647
f 7647 7648 7645
f 7641 7642 7646
f 7646 7645 7641
f 7643 7644 7648
f 7648 7647 7643
f 7644 7641 7645
f 7645 7648 7644
f 7642 7643 7647
f 7647 7646 7642
f 7649 7652 7651
f 7651 7650 7649
f 7653 7654 7655
f 7655 7656 7653
f 7649 7650 7654
f 7654 7653 7649
f 7651 7652 7656
f 7656 7655 7651
f 7652 7649 7653
f 7653 7656 7652
f 7650 7651 7655
f 7655 7654 7650
f 7729 7732 7731
f 7731 7730 7729
f 7733 7734 7735
f 7735 7736 7733
f 7729 7730 7734
f 7734 7733 7729
f 7731 7732 7736
f 7736 7735 7731
f 7732 7729 7733
f 7733 7736 7732
f 7730 7731 7735
f 7735 7734 7730
f 7737 7740 7739
f 7739 7738 7737
f 7741 7742 7743
f 7743 7744 7741
f 7737 7738 7742
f 7742 7741 7737
f 7739 7740 7744
f 7744 7743 7739
f 7740 7737 7741
f 7741 7744 7740
f 7738 7739 7743
f 7743 7742 7738
f 7769 7772 7771
f 7771 7770 7769
f 7773 7774 7775
f 7775 7776 7773
f 7769 7770 7774
f 7774 7773 7769
f 7771 7772 7776
f 7776 7775 7771
f 7772 7769 7773
f 7773 7776 7772
f 7770 7771 7775
f 7775 7774 7770
f 7777 7780 7779
f 7779 7778 7777
f 7781 7782 7783
f 7783 7784 7781
f 7777 7778 7782
f 7782 7781 7777
f 7779 7780 7784
f 7784 7783 7779
f 7780 7777 7781
f 7781 7784 7780
f 7778 7779 7783
f 7783 7782 7778
f 7833 7836 7835
f 7835 7834 7833
f 7837 7838 7839
f 7839 7840 7837
f 7833 7834 7838
f 7838 7837 7833
f 7835 7836 7840
f 7840 7839 7835
f 7836 7833 7837
f 7837 7840 7836
f 7834 7835 7839
f 7839 7838 7834
f 7841 7844 7843
f 7843 7842 7841
f 7845 7846 7847
f 7847 7848 7845
f 7841 7842 7846
f 7846 7845 7841
f 7843 7844 7848
f 7848 7847 7843
f 7844 7841 7845
f 7845 7848 7844
f 7842 7843 7847
f 7847 7846 7842
f 7933 7936 7935
f 7935 7934 7933
f 7937 7938 7939
f 7939 7940 7937
f 7933 7934 7938
f 7938 7937 7933
f 7935 7936 7940
f 7940 7939 7935
f 7936 7933 7937
f 7937 7940 7936
f 7934 7935 7939
f 7939 7938 7934
f 7941 7944 7943
f 7943 7942 7941
f 7945 7946 7947
f 7947 7948 7945
f 7941 7942 7946
f 7946 7945 7941
f 7943 7944 7948
f 7948 7947 7943
f 7944 7941 7945
f 7945 7948 7944
f 7942 7943 7947
f 7947 7946 7942
f 7985 7988 7987
f 7987 7986 7985
f 7989 7990 7991
f 7991 7992 7989
f 7985 7986 7990
f 7990 7989 7985
f 7987 7988 7992
f 7992 7991 7987
f 7988 7985 7989
f 7989 7992 7988
f 7986 7987 7991
f 7991 7990 7986
f 7993 7996 7995
f 7995 7994 7993
f 7997 7998 7999
f 7999 8000 7997
f 7993 7994 7998
f 7998 7997 7993
f 7995 7996 8000
f 8000 7999 7995
f 7996 7993 7997
f 7997 8000 7996
f 7994 7995 7999
f 7999 7998 7994
f 8085 8088 8087
f 8087 8086 8085
f 8089 8090 8091
f 8091 8092 8089
f 8085 8086 8090
f 8090 8089 8085
f 8087 8088 8092
f 8092 8091 8087
f 8088 8085 8089
f 8089 8092 8088
f 8086 8087 8091
f 8091 8090 8086
f 8093 8096 8095
f 8095 8094 8093
f 8097 8098 8099
f 8099 8100 8097
f 8093 8094 8098
f 8098 8097 8093
f 8095 8096 8100
f 8100 8099 8095
f 8096 8093 8097
f 8097 8100 8096
f 8094 8095 8099
f 8099 8098 8094
f 8113 8116 8115
f 8115 8114 8113
f 8117 8118 8119
f 8119 8120 8117
f 8113 8114 8118
f 8118 8117 8113
f 8115 8116 8120
f 8120 8119 8115
f 8116 8113 8117
f 8117 8120 8116
f 8114 8115 8119
f 8119 8118 8114
f 8121 8124 8123
f 8123 8122 8121
f 8125 8126 8127
f 8127 8128 8125
f 8121 8122 8126
f 8126 8125 8121
f 8123 8124 8128
f 8128 8127 8123
f 8124 8121 8125
f 8125 8128 8124
f 8122 8123 8127
f 8127 8126 8122
f 8153 8156 8155
f 8155 8154 8153
f 8157 8158 8159
f 8159 8160 8157
f 8153 8154 8158
f 8158 8157 8153
f 8155 8156 8160
f 8160 8159 8155
f 8156 8153 8157
f 8157 8160 8156
f 8154 8155 8159
f 8159 8158 8154
f 8161 8164 8163
f 8163 8162 8161
f 8165 8166 8167
f 8167 8168 8165
f 8161 8162 8166
f 8166 8165 8161
f 8163 8164 8168
f 8168 8167 8163
f 8164 8161 8165
f 8165 8168 8164
f 8162 8163 8167
f 8167 8166 8162
f 8241 8244 8243
f 8243 8242 8241
f 8245 8246 8247
f 8247 8248 8245
f 8241 8242 8246
f 8246 8245 8241
f 8243 8244 8248
f 8248 8247 8243
f 8244 8241 8245
f 8245 8248 8244
f 8242 8243 8247
f 8247 8246 8242
f 8249 8252 8251
f 8251 8250 8249
f 8253 8254 8255
f 8255 8256 8253
f 8249 8250 8254
f 8254 8253 8249
f 8251 8252 8256
f 8256 8255 8251
f 8252 8249 8253
f 8253 8256 8252
f 8250 8251 8255
f 8255 8254 8250
f 8305 8308 8307
f 8307 8306 8305
f 8309 8310 8311
f 8311 8312 8309
f 8305 8306 8310
f 8310 8309 8305
f 8307 8308 8312
f 8312 8311 8307
f 8308 8305 8309
f 8309 8312 8308
f 8306 8307 8311
f 8311 8310 8306
f 8313 8316 8315
f 8315 8314 8313
f 8317 8318 8319
f 8319 8320 8317
f 8313 8314 8318
f 8318 8317 8313
f 8315 8316 8320
f 8320 8319 8315
f 8316 8313 8317
f 8317 8320 8316
f 8314 8315 8319
f 8319 8318 8314
f 8381 8384 8383
f 8383 8382 8381
f 8385 8386 8387
f 8387 8388 8385
f 8381 8382 8386
f 8386 8385 8381
f 8383 8384 8388
f 8388 8387 8383
f 8384 8381 8385
f 8385 8388 8384
f 8382 8383 8387
f 8387 8386 8382
f 8389 8392 8391
f 8391 8390 8389
f 8393 8394 8395
f 8395 8396 8393
f 8389 8390 8394
f 8394 8393 8389
f 8391 8392 8396
f 8396 8395 8391
f 8392 8389 8393
f 8393 8396 8392
f 8390 8391 8395
f 8395 8394 8390
f 8457 8460 8459
f 8459 8458 8457
f 8461 8462 8463
f 8463 8464 8461
f 8457 8458 8462
f 8462 8461 8457
f 8459 8460 8464
f 8464 8463 8459
f 8460 8457 8461
f 8461 8464 8460
f 8458 8459 8463
f 8463 8462 8458
f 8465 8468 8467
f 8467 8466 8465
f 8469 8470 8471
f 8471 8472 8469
f 8465 8466 8470
f 8470 8469 8465
f 8467 8468 8472
f 8472 8471 8467
f 8468 8465 8469
f 8469 8472 8468
f 8466 8467 8471
f 8471 8470 8466
f 8533 8536 8535
f 8535 8534 8533
f 8537 8538 8539
f 8539 8540 8537
f 8533 8534 8538
f 8538 8537 8533
f 8535 8536 8540
f 8540 8539 8535
f 8536 8533 8537
f 8537 8540 8536
f 8534 8535 8539
f 8539 8538 8534
f 8541 8544 8543
f 8543 8542 8541
f 8545 8546 8547
f 8547 8548 8545
f 8541 8542 8546
f 8546 8545 8541
f 8543 8544 8548
f 8548 8547 8543
f 8544 8541 8545
f 8545 8548 8544
f 8542 8543 8547
f 8547 8546 8542
f 8597 8600 8599
f 8599 8598 8597
f 8601 8602 8603
f 8603 8604 8601
f 8597 8598 8602
f 8602 8601 8597
f 8599 8600 8604
f 8604 8603 8599
f 8600 8597 8601
f 8601 8604 8600
f 8598 8599 8603
f 8603 8602 8598
f 8605 8608 8607
f 8607 8606 8605
f 8609 8610 8611
f 8611 8612 8609
f 8605 8606 8610
f 8610 8609 8605
f 8607 8608 8612
f 8612 8611 8607
f 8608 8605 8609
f 8609 8612 8608
f 8606 8607 8611
f 8611 8610 8606
f 8673 8676 8675
f 8675 8674 8673
f 8677 8678 8679
f 8679 8680 8677
f 8673 8674 8678
f 8678 8677 8673
f 8675 8676 8680
f 8680 8679 8675
f 8676 8673 8677
f 8677 8680 8676
f 8674 8675 8679
f 8679 8678 8674
f 8681 8684 8683
f 8683 8682 8681
f 8685 8686 8687
f 8687 8688 8685
f 8681 8682 8686
f 8686 8685 8681
f 8683 8684 8688
f 8688 8687 8683
f 8684 8681 8685
f 8685 8688 8684
f 8682 8683 8687
f 8687 8686 8682
f 8761 8764 8763
f 8763 8762 8761
f 8765 8766 8767
f 8767 8768 8765
f 8761 8762 8766
f 8766 8765 8761
f 8763 8764 8768
f 8768 8767 8763
f 8764 8761 8765
f 8765 8768 8764
f 8762 8763 8767
f 8767 8766 8762
f 8769 8772 8771
f 8771 8770 8769
f 8773 8774 8775
f 8775 8776 8773
f 8769 8770 8774
f 8774 8773 8769
f 8771 8772 8776
f 8776 8775 8771
f 8772 8769 8773
f 8773 8776 8772
f 8770 8771 8775
f 8775 8774 8770
f 8825 8828 8827
f 8827 8826 8825
f 8829 8830 8831
f 8831 8832 8829
f 8825 8826 8830
f 8830 8829 8825
f 8827 8828 8832
f 8832 8831 8827
f 8828 8825 8829
f 8829 8832 8828
f 8826 8827 8831
f 8831 8830 8826
f 8833 8836 8835
f 8835 8834 8833
f 8837 8838 8839
f 8839 8840 8837
f 8833 8834 8838
f 8838 8837 8833
f 8835 8836 8840
f 8840 8839 8835
f 8836 8833 8837
f 8837 8840 8836
f 8834 8835 8839
f 8839 8838 8834
f 8901 8904 8903
f 8903 8902 8901
f 8905 8906 8907
f 8907 8908 8905
f 8901 8902 8906
f 8906 8905 8901
f 8903 8904 8908
f 8908 8907 8903
f 8904 8901 8905
f 8905 8908 8904
f 8902 8903 8907
f 8907 8906 8902
f 8909 8912 8911
f 8911 8910 8909
f 8913 8914 8915
f 8915 8916 8913
f 8909 8910 8914
f 8914 8913 8909
f 8911 8912 8916
f 8916 8915 8911
f 8912 8909 8913
f 8913 8916 8912
f 8910 8911 8915
f 8915 8914 8910
f 8977 8980 8979
f 8979 8978 8977
f 8981 8982 8983
f 8983 8984 8981
f 8977 8978 8982
f 8982 8981 8977
f 8979 8980 8984
f 8984 8983 8979
f 8980 8977 8981
f 8981 8984 8980
f 8978 8979 8983
f 8983 8982 8978
f 8985 8988 8987
f 8987 8986 8985
f 8989 8990 8991
f 8991 8992 8989
f 8985 8986 8990
f 8990 8989 8985
f 8987 8988 8992
f 8992 8991 8987
f 8988 8985 8989
f 8989 8992 8988
f 8986 8987 8991
f 8991 8990 8986
f 9017 9020 9019
f 9019 9018 9017
f 9021 9022 9023
f 9023 9024 9021
f 9017 9018 9022
f 9022 9021 9017
f 9019 9020 9024
f 9024 9023 9019
f 9020 9017 9021
f 9021 9024 9020
f 9018 9019 9023
f 9023 9022 9018
f 9025 9028 9027
f 9027 9026 9025
f 9029 9030 9031
f 9031 9032 9029
f 9025 9026 9030
f 9030 9029 9025
f 9027 9028 9032
f 9032 9031 9027
f 9028 9025 9029
f 9029 9032 9028
f 9026 9027 9031
f 9031 9030 9026
f 9081 9084 9083
f 9083 9082 9081
f 9085 9086 9087
f 9087 9088 9085
f 9081 9082 9086
f 9086 9085 9081
f 9083 9084 9088
f 9088 9087 9083
f 9084 9081 9085
f 9085 9088 9084
f 9082 9083 9087
f 9087 9086 9082
f 9089 9092 9091
f 9091 9090 9089
f 9093 9094 9095
f 9095 9096 9093
f 9089 9090 9094
f 9094 9093 9089
f 9091 9092 9096
f 9096 9095 9091
f 9092 9089 9093
f 9093 9096 9092
f 9090 9091 9095
f 9095 9094 9090
f 9157 9160 9159
f 9159 9158 9157
f 9161 9162 9163
f 9163 9164 9161
f 9157 9158 9162
f 9162 9161 9157
f 9159 9160 9164
f 9164 9163 9159
f 9160 9157 9161
f 9161 9164 9160
f 9158 9159 9163
f 9163 9162 9158
f 9165 9168 9167
f 9167 9166 9165
f 9169 9170 9171
f 9171 9172 9169
f 9165 9166 9170
f 9170 9169 9165
f 9167 9168 9172
f 9172 9171 9167
f 9168 9165 9169
f 9169 9172 9168
f 9166 9167 9171
f 9171 9170 9166
f 9209 9212 9211
f 9211 9210 9209
f 9213 9214 9215
f 9215 9216 9213
f 9209 9210 9214
f 9214 9213 9209
f 9211 9212 9216
f 9216 9215 9211
f 9212 9209 9213
f 9213 9216 9212
f 9210 9211 9215
f 9215 9214 9210
f 9217 9220 9219
f 9219 9218 9217
f 9221 9222 9223
f 9223 9224 9221
f 9217 9218 9222
f 9222 9221 9217
f 9219 9220 9224
f 9224 9223 9219
f 9220 9217 9221
f 9221 9224 9220
f 9218 9219 9223
f 9223 9222 9218
f 9273 9276 9275
f 9275 9274 9273
f 9277 9278 9279
f 9279 9280 9277
f 9273 9274 9278
f 9278 9277 9273
f 9275 9276 9280
f 9280 9279 9275
f 9276 9273 9277
f 9277 9280 9276
f 9274 9275 9279
f 9279 9278 9274
f 9281 9284 9283
f 9283 9282 9281
f 9285 9286 9287
f 9287 9288 9285
f 9281 9282 9286
f 9286 9285 9281
f 9283 9284 9288
f 9288 9287 9283
f 9284 9281 9285
f 9285 9288 9284
f 9282 9283 9287
f 9287 9286 9282
f 9313 9316 9315
f 9315 9314 9313
f 9317 9318 9319
f 9319 9320 9317
f 9313 9314 9318
f 9318 9317 9313
f 9315 9316 9320
f 9320 9319 9315
f 9316 9313 9317
f 9317 9320 9316
f 9314 9315 9319
f 9319 9318 9314
f 9321 9324 9323
f 9323 9322 9321
f 9325 9326 9327
f 9327 9328 9325
f 9321 9322 9326
f 9326 9325 9321
f 9323 9324 9328
f 9328 9327 9323
f 9324 9321 9325
f 9325 9328 9324
f 9322 9323 9327
f 9327 9326 9322
f 9365 9368 9367
f 9367 9366 9365
f 9369 9370 9371
f 9371 9372 9369
f 9365 9366 9370
f 9370 9369 9365
f 9367 9368 9372
f 9372 9371 9367
f 9368 9365 9369
f 9369 9372 9368
f 9366 9367 9371
f 9371 9370 9366
f 9373 9376 9375
f 9375 9374 9373
f 9377 9378 9379
f 9379 9380 9377
f 9373 9374 9378
f 9378 9377 9373
f 9375 9376 9380
f 9380 9379 9375
f 9376 9373 9377
f 9377 9380 9376
f 9374 9375 9379
f 9379 9378 9374
f 9393 9396 9395
f 9395 9394 9393
f 9397 9398 9399
f 9399 9400 9397
f 9393 9394 9398
f 9398 9397 9393
f 9395 9396 9400
f 9400 9399 9395
f 9396 9393 9397
f 9397 9400 9396
f 9394 9395 9399
f 9399 9398 9394
f 9401 9404 9403
f 9403 9402 9401
f 9405 9406 9407
f 9407 9408 9405
f 9401 9402 9406
f 9406 9405 9401
f 9403 9404 9408
f 9408 9407 9403
f 9404 9401 9405
f 9405 9408 9404
f 9402 9403 9407
f 9407 9406 9402
f 9433 9436 9435
f 9435 9434 9433
f 9437 9438 9439
f 9439 9440 9437
f 9433 9434 9438
f 9438 9437 9433
f 9435 9436 9440
f 9440 9439 9435
f 9436 9433 9437
f 9437 9440 9436
f 9434 9435 9439
f 9439 9438 9434
f 9441 9444 9443
f 9443 9442 9441
f 9445 9446 9447
f 9447 9448 9445
f 9441 9442 9446
f 9446 9445 9441
f 9443 9444 9448
f 9448 9447 9443
f 9444 9441 9445
f 9445 9448 9444
f 9442 9443 9447
f 9447 9446 9442
f 9473 9476 9475
f 9475 9474 9473
f 9477 9478 9479
f 9479 9480 9477
f 9473 9474 9478
f 9478 9477 9473
f 9475 9476 9480
f 9480 9479 9475
f 9476 9473 9477
f 9477 9480 9476
f 9474 9475 9479
f 9479 9478 9474
f 9481 9484 9483
f 9483 9482 9481
f 9485 9486 9487
f 9487 9488 9485
f 9481 9482 9486
f 9486 9485 9481
f 9483 9484 9488
f 9488 9487 9483
f 9484 9481 9485
f 9485 9488 9484
f 9482 9483 9487
f 9487 9486 9482
f 9525 9528 9527
f 9527 9526 9525
f 9529 9530 9531
f 9531 9532 9529
f 9525 9526 9530
f 9530 9529 9525
f 9527 9528 9532
f 9532 9531 9527
f 9528 9525 9529
f 9529 9532 9528
f 9526 9527 9531
f 9531 9530 9526
f 9533 9536 9535
f 9535 9534 9533
f 9537 9538 9539
f 9539 9540 9537
f 9533 9534 9538
f 9538 9537 9533
f 9535 9536 9540
f 9540 9539 9535
f 9536 9533 9537
f 9537 9540 9536
f 9534 9535 9539
f 9539 9538 9534
f 9553 9556 9555
f 9555 9554 9553
f 9557 9558 9559
f 9559 9560 9557
f 9553 9554 9558
f 9558 9557 9553
f 9555 9556 9560
f 9560 9559 9555
f 9556 9553 9557
f 9557 9560 9556
f 9554 9555 9559
f 9559 9558 9554
f 9561 9564 9563
f 9563 9562 9561
f 9565 9566 9567
f 9567 9568 9565
f 9561 9562 9566
f 9566 9565 9561
f 9563 9564 9568
f 9568 9567 9563
f 9564 9561 9565
f 9565 9568 9564
f 9562 9563 9567
f 9567 9566 9562
f 9617 9620 9619
f 9619 9618 9617
f 9621 9622 9623
f 9623 9624 9621
f 9617 9618 9622
f 9622 9621 9617
f 9619 9620 9624
f 9624 9623 9619
f 9620 9617 9621
f 9621 9624 9620
f 9618 9619 9623
f 9623 9622 9618
f 9625 9628 9627
f 9627 9626 9625
f 9629 9630 9631
f 9631 9632 9629
f 9625 9626 9630
f 9630 9629 9625
f 9627 9628 9632
f 9632 9631 9627
f 9628 9625 9629
f 9629 9632 9628
f 9626 9627 9631
f 9631 9630 9626
f 9657 9660 9659
f 9659 9658 9657
f 9661 9662 9663
f 9663 9664 9661
f 9657 9658 9662
f 9662 9661 9657
f 9659 9660 9664
f 9664 9663 9659
f 9660 9657 9661
f 9661 9664 9660
f 9658 9659 9663
f 9663 9662 9658
f 9665 9668 9667
f 9667 9666 9665
f 9669 9670 9671
f 9671 9672 9669
f 9665 9666 9670
f 9670 9669 9665
f 9667 9668 9672
f 9672 9671 9667
f 9668 9665 9669
f 9669 9672 9668
f 9666 9667 9671
f 9671 9670 9666
f 9709 9712 9711
f 9711 9710 9709
f 9713 9714 9715
f 9715 9716 9713
f 9709 9710 9714
f 9714 9713 9709
f 9711 9712 9716
f 9716 9715 9711
f 9712 9709 9713
f 9713 9716 9712
f 9710 9711 9715
f 9715 9714 9710
f 9717 9720 9719
f 9719 9718 9717
f 9721 9722 9723
f 9723 9724 9721
f 9717 9718 9722
f 9722 9721 9717
f 9719 9720 9724
f 9724 9723 9719
f 9720 9717 9721
f 9721 9724 9720
f 9718 9719 9723
f 9723 9722 9718
f 9773 9776 9775
f 9775 9774 9773
f 9777 9778 9779
f 9779 9780 9777
f 9773 9774 9778
f 9778 9777 9773
f 9775 9776 9780
f 9780 9779 9775
f 9776 9773 9777
f 9777 9780 9776
f 9774 9775 9779
f 9779 9778 9774
f 9781 9784 9783
f 9783 9782 9781
f 9785 9786 9787
f 9787 9788 9785
f 9781 9782 9786
f 9786 9785 9781
f 9783 9784 9788
f 9788 9787 9783
f 9784 9781 9785
f 9785 9788 9784
f 9782 9783 9787
f 9787 9786 9782
f 9825 9828 9827
f 9827 9826 9825
f 9829 9830 9831
f 9831 9832 9829
f 9825 9826 9830
f 9830 9829 9825
f 9827 9828 9832
f 9832 9831 9827
f 9828 9825 9829
f 9829 9832 9828
f 9826 9827 9831
f 9831 9830 9826
f 9833 9836 9835
f 9835 9834 9833
f 9837 9838 9839
f 9839 9840 9837
f 9833 9834 9838
f 9838 9837 9833
f 9835 9836 9840
f 9840 9839 9835
f 9836 9833 9837
f 9837 9840 9836
f 9834 9835 9839
f 9839 9838 9834
f 9877 9880 9879
f 9879 9878 9877
f 9881 9882 9883
f 9883 9884 9881
f 9877 9878 9882
f 9882 9881 9877
f 9879 9880 9884
f 9884 9883 9879
f 9880 9877 9881
f 9881 9884 9880
f 9878 9879 9883
f 9883 9882 9878
f 9885 9888 9887
f 9887 9886 9885
f 9889 9890 9891
f 9891 9892 9889
f 9885 9886 9890
f 9890 9889 9885
f 9887 9888 9892
f 9892 9891 9887
f 9888 9885 9889
f 9889 9892 9888
f 9886 9887 9891
f 9891 9890 9886
f 9953 9956 9955
f 9955 9954 9953
f 9957 9958 9959
f 9959 9960 9957
f 9953 9954 9958
f 9958 9957 9953
f 9955 9956 9960
f 9960 9959 9955
f 9956 9953 9957
f 9957 9960 9956
f 9954 9955 9959
f 9959 9958 9954
f 9961 9964 9963
f 9963 9962 9961
f 9965 9966 9967
f 9967 9968 9965
f 9961 9962 9966
f 9966 9965 9961
f 9963 9964 9968
f 9968 9967 9963
f 9964 9961 9965
f 9965 9968 9964
f 9962 9963 9967
f 9967 9966 9962
f 10017 10020 10019
f 10019 10018 10017
f 10021 10022 10023
f 10023 10024 10021
f 10017 10018 10022
f 10022 10021 10017
f 10019 10020 10024
f 10024 10023 10019
f 10020 10017 10021
f 10021 10024 10020
f 10018 10019 10023
f 10023 10022 10018
f 10025 10028 10027
f 10027 10026 10025
f 10029 10030 10031
f 10031 10032 10029
f 10025 10026 10030
f 10030 10029 10025
f 10027 10028 10032
f 10032 10031 10027
f 10028 10025 10029
f 10029 10032 10028
f 10026 10027 10031
f 10031 10030 10026
f 10081 10084 10083
f 10083 10082 10081
f 10085 10086 10087
f 10087 10088 10085
f 10081 10082 10086
f 10086 10085 10081
f 10083 10084 10088
f 10088 10087 10083
f 10084 10081 10085
f 10085 10088 10084
f 10082 10083 10087
f 10087 10086 10082
f 10089 10092 10091
f 10091 10090 10089
f 10093 10094 10095
f 10095 10096 10093
f 10089 10090 10094
f 10094 10093 10089
f 10091 10092 10096
f 10096 10095 10091
f 10092 10089 10093
f 10093 10096 10092
f 10090 10091 10095
f 10095 10094 10090
f 10133 10136 10135
f 10135 10134 10133
f 10137 10138 10139
f 10139 10140 10137
f 10133 10134 10138
f 10138 10137 10133
f 10135 10136 10140
f 10140 10139 10135
f 10136 10133 10137
f 10137 10140 10136
f 10134 10135 10139
f 10139 10138 10134
f 10141 10144 10143
f 10143 10142 10141
f 10145 10146 10147
f 10147 10148 10145
f 10141 10142 10146
f 10146 10145 10141
f 10143 10144 10148
f 10148 10147 10143
f 10144 10141 10145
f 10145 10148 10144
f 10142 10143 10147
f 10147 10146 10142
f 10173 10176 10175
f 10175 10174 10173
f 10177 10178 10179
f 10179 10180 10177
f 10173 10174 10178
f 10178 10177 10173
f 10175 10176 10180
f 10180 10179 10175
f 10176 10173 10177
f 10177 10180 10176
f 10174 10175 10179
f 10179 10178 10174
f 10181 10184 10183
f 10183 10182 10181
f 10185 10186 10187
f 10187 10188 10185
f 10181 10182 10186
f 10186 10185 10181
f 10183 10184 10188
f 10188 10187 10183
f 10184 10181 10185
f 10185 10188 10184
f 10182 10183 10187
f 10187 10186 10182
f 10213 10216 10215
f 10215 10214 10213
f 10217 10218 10219
f 10219 10220 10217
f 10213 10214 10218
f 10218 10217 10213
f 10215 10216 10220
f 10220 10219 10215
f 10216 10213 10217
f 10217 10220 10216
f 10214 10215 10219
f 10219 10218 10214
f 10221 10224 10223
f 10223 10222 10221
f 10225 10226 10227
f 10227 10228 10225
f 10221 10222 10226
f 10226 10225 10221
f 10223 10224 10228
f 10228 10227 10223
f 10224 10221 10225
f 10225 10228 10224
f 10222 10223 10227
f 10227 10226 10222
f 10265 10268 10267
f 10267 10266 10265
f 10269 10270 10271
f 10271 10272 10269
f 10265 10266 10270
f 10270 10269 10265
f 10267 10268 10272
f 10272 10271 10267
f 10268 10265 10269
f 10269 10272 10268
f 10266 10267 10271
f 10271 10270 10266
f 10273 10276 10275
f 10275 10274 10273
f 10277 10278 10279
f 10279 10280 10277
f 10273 10274 10278
f 10278 10277 10273
f 10275 10276 10280
f 10280 10279 10275
f 10276 10273 10277
f 10277 10280 10276
f 10274 10275 10279
f 10279 10278 10274
f 10305 10308 10307
f 10307 10306 10305
f 10309 10310 10311
f 10311 10312 10309
f 10305 10306 10310
f 10310 10309 10305
f 10307 10308 10312
f 10312 10311 10307
f 10308 10305 10309
f 10309 10312 10308
f 10306 10307 10311
f 10311 10310 10306
f 10313 10316 10315
f 10315 10314 10313
f 10317 10318 10319
f 10319 10320 10317
f 10313 10314 10318
f 10318 10317 10313
f 10315 10316 10320
f 10320 10319 10315
f 10316 10313 10317
f 10317 10320 10316
f 10314 10315 10319
f 10319 10318 10314
f 10357 10360 10359
f 10359 10358 10357
f 10361 10362 10363
f 10363 10364 10361
f 10357 10358 10362
f 10362 10361 10357
f 10359 10360 10364
f 10364 10363 10359
f 10360 10357 10361
f 10361 10364 10360
f 10358 10359 10363
f 10363 10362 10358
f 10365 10368 10367
f 10367 10366 10365
f 10369 10370 10371
f 10371 10372 10369
f 10365 10366 10370
f 10370 10369 10365
f 10367 10368 10372
f 10372 10371 10367
f 10368 10365 10369
f 10369 10372 10368
f 10366 10367 10371
f 10371 10370 10366
f 10433 10436 10435
f 10435 10434 10433
f 10437 10438 10439
f 10439 10440 10437
f 10433 10434 10438
f 10438 10437 10433
f 10435 10436 10440
f 10440 10439 10435
f 10436 10433 10437
f 10437 10440 10436
f 10434 10435 10439
f 10439 10438 10434
f 10441 10444 10443
f 10443 10442 10441
f 10445 10446 10447
f 10447 10448 10445
f 10441 10442 10446
f 10446 10445 10441
f 10443 10444 10448
f 10448 10447 10443
f 10444 10441 10445
f 10445 10448 10444
f 10442 10443 10447
f 10447 10446 10442
f 10509 10512 10511
f 10511 10510 10509
f 10513 10514 10515
f 10515 10516 10513
f 10509 10510 10514
f 10514 10513 10509
f 10511 10512 10516
f 10516 10515 10511
f 10512 10509 10513
f 10513 10516 10512
f 10510 10511 10515
f 10515 10514 10510
f 10517 10520 10519
f 10519 10518 10517
f 10521 10522 10523
f 10523 10524 10521
f 10517 10518 10522
f 10522 10521 10517
f 10519 10520 10524
f 10524 10523 10519
f 10520 10517 10521
f 10521 10524 10520
f 10518 10519 10523
f 10523 10522 10518
f 10573 10576 10575
f 10575 10574 10573
f 10577 10578 10579
f 10579 10580 10577
f 10573 10574 10578
f 10578 10577 10573
f 10575 10576 10580
f 10580 10579 10575
f 10576 10573 10577
f 10577 10580 10576
f 10574 10575 10579
f 10579 10578 10574
f 10581 10584 10583
f 10583 10582 10581
f 10585 10586 10587
f 10587 10588 10585
f 10581 10582 10586
f 10586 10585 10581
f 10583 10584 10588
f 10588 10587 10583
f 10584 10581 10585
f 10585 10588 10584
f 10582 10583 10587
f 10587 10586 10582
f 10649 10652 10651
f 10651 10650 10649
f 10653 10654 10655
f 10655 10656 10653
f 10649 10650 10654
f 10654 10653 10649
f 10651 10652 10656
f 10656 10655 10651
f 10652 10649 10653
f 10653 10656 10652
f 10650 10651 10655
f 10655 10654 10650
f 10657 10660 10659
f 10659 10658 10657
f 10661 10662 10663
f 10663 10664 10661
f 10657 10658 10662
f 10662 10661 10657
f 10659 10660 10664
f 10664 10663 10659
f 10660 10657 10661
f 10661 10664 10660
f 10658 10659 10663
f 10663 10662 10658
f 10701 10704 10703
f 10703 10702 10701
f 10705 10706 10707
f 10707 10708 10705
f 10701 10702 10706
f 10706 10705 10701
f 10703 10704 10708
f 10708 10707 10703
f 10704 10701 10705
f 10705 10708 10704
f 10702 10703 10707
f 10707 10706 10702
f 10709 10712 10711
f 10711 10710 10709
f 10713 10714 10715
f 10715 10716 10713
f 10709 10710 10714
f 10714 10713 10709
f 10711 10712 10716
f 10716 10715 10711
f 10712 10709 10713
f 10713 10716 10712
f 10710 10711 10715
f 10715 10714 10710
f 10765 10768 10767
f 10767 10766 10765
f 10769 10770 10771
f 10771 10772 10769
f 10765 10766 10770
f 10770 10769 10765
f 10767 10768 10772
f 10772 10771 10767
f 10768 10765 10769
f 10769 10772 10768
f 10766 10767 10771
f 10771 10770 10766
f 10773 10776 10775
f 10775 10774 10773
f 10777 10778 10779
f 10779 10780 10777
f 10773 10774 10778
f 10778 10777 10773
f 10775 10776 10780
f 10780 10779 10775
f 10776 10773 10777
f 10777 10780 10776
f 10774 10775 10779
f 10779 10778 10774
f 10841 10844 10843
f 10843 10842 10841
f 10845 10846 10847
f 10847 10848 10845
f 10841 10842 10846
f 10846 10845 10841
f 10843 10844 10848
f 10848 10847 10843
f 10844 10841 10845
f 10845 10848 10844
f 10842 10843 10847
f 10847 10846 10842
f 10849 10852 10851
f 10851 10850 10849
f 10853 10854 10855
f 10855 10856 10853
f 10849 10850 10854
f 10854 10853 10849
f 10851 10852 10856
f 10856 10855 10851
f 10852 10849 10853
f 10853 10856 10852
f 10850 10851 10855
f 10855 10854 10850
f 10905 10908 10907
f 10907 10906 10905
f 10909 10910 10911
f 10911 10912 10909
f 10905 10906 10910
f 10910 10909 10905
f 10907 10908 10912
f 10912 10911 10907
f 10908 10905 10909
f 10909 10912 10908
f 10906 10907 10911
f 10911 10910 10906
f 10913 10916 10915
f 10915 10914 10913
f 10917 10918 10919
f 10919 10920 10917
f 10913 10914 10918
f 10918 10917 10913
f 10915 10916 10920
f 10920 10919 10915
f 10916 10913 10917
f 10917 10920 10916
f 10914 10915 10919
f 10919 10918 10914
f 11017 11020 11019
f 11019 11018 11017
f 11021 11022 11023
f 11023 11024 11021
f 11017 11018 11022
f 11022 11021 11017
f 11019 11020 11024
f 11024 11023 11019
f 11020 11017 11021
f 11021 11024 11020
f 11018 11019 11023
f 11023 11022 11018
f 11025 11028 11027
f 11027 11026 11025
f 11029 11030 11031
f 11031 11032 11029
f 11025 11026 11030
f 11030 11029 11025
f 11027 11028 11032
f 11032 11031 11027
f 11028 11025 11029
f 11029 11032 11028
f 11026 11027 11031
f 11031 11030 11026
f 11069 11072 11071
f 11071 11070 11069
f 11073 11074 11075
f 11075 11076 11073
f 11069 11070 11074
f 11074 11073 11069
f 11071 11072 11076
f 11076 11075 11071
f 11072 11069 11073
f 11073 11076 11072
f 11070 11071 11075
f 11075 11074 11070
f 11077 11080 11079
f 11079 11078 11077
f 11081 11082 11083
f 11083 11084 11081
f 11077 11078 11082
f 11082 11081 11077
f 11079 11080 11084
f 11084 11083 11079
f 11080 11077 11081
f 11081 11084 11080
f 11078 11079 11083
f 11083 11082 11078
f 11109 11112 11111
f 11111 11110 11109
f 11113 11114 11115
f 11115 11116 11113
f 11109 11110 11114
f 11114 11113 11109
f 11111 11112 11116
f 11116 11115 11111
f 11112 11109 11113
f 11113 11116 11112
f 11110 11111 11115
f 11115 11114 11110
f 11117 11120 11119
f 11119 11118 11117
f 11121 11122 11123
f 11123 11124 11121
f 11117 11118 11122
f 11122 11121 11117
f 11119 11120 11124
f 11124 11123 11119
f 11120 11117 11121
f 11121 11124 11120
f 11118 11119 11123
f 11123 11122 11118
f 11173 11176 11175
f 11175 11174 11173
f 11177 11178 11179
f 11179 11180 11177
f 11173 11174 11178
f 11178 11177 11173
f 11175 11176 11180
f 11180 11179 11175
f 11176 11173 11177
f 11177 11180 11176
f 11174 11175 11179
f 11179 11178 11174
f 11181 11184 11183
f 11183 11182 11181
f 11185 11186 11187
f 11187 11188 11185
f 11181 11182 11186
f 11186 11185 11181
f 11183 11184 11188
f 11188 11187 11183
f 11184 11181 11185
f 11185 11188 11184
f 11182 11183 11187
f 11187 11186 11182
f 11321 11324 11323
f 11323 11322 11321
f 11325 11326 11327
f 11327 11328 11325
f 11321 11322 11326
f 11326 11325 11321
f 11323 11324 11328
f 11328 11327 11323
f 11324 11321 11325
f 11325 11328 11324
f 11322 11323 11327
f 11327 11326 11322
f 11329 11332 11331
f 11331 11330 11329
f 11333 11334 11335
f 11335 11336 11333
f 11329 11330 11334
f 11334 11333 11329
f 11331 11332 11336
f 11336 11335 11331
f 11332 11329 11333
f 11333 11336 11332
f 11330 11331 11335
f 11335 11334 11330
f 11385 11388 11387
f 11387 11386 11385
f 11389 11390 11391
f 11391 11392 11389
f 11385 11386 11390
f 11390 11389 11385
f 11387 11388 11392
f 11392 11391 11387
f 11388 11385 11389
f 11389 11392 11388
f 11386 11387 11391
f 11391 11390 11386
f 11393 11396 11395
f 11395 11394 11393
f 11397 11398 11399
f 11399 11400 11397
f 11393 11394 11398
f 11398 11397 11393
f 11395 11396 11400
f 11400 11399 11395
f 11396 11393 11397
f 11397 11400 11396
f 11394 11395 11399
f 11399 11398 11394
f 11449 11452 11451
f 11451 11450 11449
f 11453 11454 11455
f 11455 11456 11453
f 11449 11450 11454
f 11454 11453 11449
f 11451 11452 11456
f 11456 11455 11451
f 11452 11449 11453
f 11453 11456 11452
f 11450 11451 11455
f 11455 11454 11450
f 11457 11460 11459
f 11459 11458 11457
f 11461 11462 11463
f 11463 11464 11461
f 11457 11458 11462
f 11462 11461 11457
f 11459 11460 11464
f 11464 11463 11459
f 11460 11457 11461
f 11461 11464 11460
f 11458 11459 11463
f 11463 11462 11458
f 11501 11504 11503
f 11503 11502 11501
f 11505 11506 11507
f 11507 11508 11505
f 11501 11502 11506
f 11506 11505 11501
f 11503 11504 11508
f 11508 11507 11503
f 11504 11501 11505
f 11505 11508 11504
f 11502 11503 11507
f 11507 11506 11502
f 11509 11512 11511
f 11511 11510 11509
f 11513 11514 11515
f 11515 11516 11513
f 11509 11510 11514
f 11514 11513 11509
f 11511 11512 11516
f 11516 11515 11511
f 11512 11509 11513
f 11513 11516 11512
f 11510 11511 11515
f 11515 11514 11510
f 11541 11544 11543
f 11543 11542 11541
f 11545 11546 11547
f 11547 11548 11545
f 11541 11542 11546
f 11546 11545 11541
f 11543 11544 11548
f 11548 11547 11543
f 11544 11541 11545
f 11545 11548 11544
f 11542 11543 11547
f 11547 11546 11542
f 11549 11552 11551
f 11551 11550 11549
f 11553 11554 11555
f 11555 11556 11553
f 11549 11550 11554
f 11554 11553 11549
f 11551 11552 11556
f 11556 11555 11551
f 11552 11549 11553
f 11553 11556 11552
f 11550 11551 11555
f 11555 11554 11550
f 11581 11584 11583
f 11583 11582 11581
f 11585 11586 11587
f 11587 11588 11585
f 11581 11582 11586
f 11586 11585 11581
f 11583 11584 11588
f 11588 11587 11583
f 11584 11581 11585
f 11585 11588 11584
f 11582 11583 11587
f 11587 11586 11582
f 11589 11592 11591
f 11591 11590 11589
f 11593 11594 11595
f 11595 11596 11593
f 11589 11590 11594
f 11594 11593 11589
f 11591 11592 11596
f 11596 11595 11591
f 11592 11589 11593
f 11593 11596 11592
f 11590 11591 11595
f 11595 11594 11590
f 11633 11636 11635
f 11635 11634 11633
f 11637 11638 11639
f 11639 11640 11637
f 11633 11634 11638
f 11638 11637 11633
f 11635 11636 11640
f 11640 11639 11635
f 11636 11633 11637
f 11637 11640 11636
f 11634 11635 11639
f 11639 11638 11634
f 11641 11644 11643
f 11643 11642 11641
f 11645 11646 11647
f 11647 11648 11645
f 11641 11642 11646
f 11646 11645 11641
f 11643 11644 11648
f 11648 11647 11643
f 11644 11641 11645
f 11645 11648 11644
f 11642 11643 11647
f 11647 11646 11642
f 11673 11676 11675
f 11675 11674 11673
f 11677 11678 11679
f 11679 11680 11677
f 11673 11674 11678
f 11678 11677 11673
f 11675 11676 11680
f 11680 11679 11675
f 11676 11673 11677
f 11677 11680 11676
f 11674 11675 11679
f 11679 11678 11674
f 11681 11684 11683
f 11683 11682 11681
f 11685 11686 11687
f 11687 11688 11685
f 11681 11682 11686
f 11686 11685 11681
f 11683 11684 11688
f 11688 11687 11683
f 11684 11681 11685
f 11685 11688 11684
f 11682 11683 11687
f 11687 11686 11682
f 11713 11716 11715
f 11715 11714 11713
f 11717 11718 11719
f 11719 11720 11717
f 11713 11714 11718
f 11718 11717 11713
f 11715 11716 11720
f 11720 11719 11715
f 11716 11713 11717
f 11717 11720 11716
f 11714 11715 11719
f 11719 11718 11714
f 11721 11724 11723
f 11723 11722 11721
f 11725 11726 11727
f 11727 11728 11725
f 11721 11722 11726
f 11726 11725 11721
f 11723 11724 11728
f 11728 11727 11723
f 11724 11721 11725
f 11725 11728 11724
f 11722 11723 11727
f 11727 11726 11722
f 11765 11768 11767
f 11767 11766 11765
f 11769 11770 11771
f 11771 11772 11769
f 11765 11766 11770
f 11770 11769 11765
f 11767 11768 11772
f 11772 11771 11767
f 11768 11765 11769
f 11769 11772 11768
f 11766 11767 11771
f 11771 11770 11766
f 11773 11776 11775
f 11775 11774 11773
f 11777 11778 11779
f 11779 11780 11777
f 11773 11774 11778
f 11778 11777 11773
f 11775 11776 11780
f 11780 11779 11775
f 11776 11773 11777
f 11777 11780 11776
f 11774 11775 11779
f 11779 11778 11774
f 11841 11844 11843
f 11843 11842 11841
f 11845 11846 11847
f 11847 11848 11845
f 11841 11842 11846
f 11846 11845 11841
f 11843 11844 11848
f 11848 11847 11843
f 11844 11841 11845
f 11845 11848 11844
f 11842 11843 11847
f 11847 11846 11842
f 11849 11852 11851
f 11851 11850 11849
f 11853 11854 11855
f 11855 11856 11853
f 11849 11850 11854
f 11854 11853 11849
f 11851 11852 11856
f 11856 11855 11851
f 11852 11849 11853
f 11853 11856 11852
f 11850 11851 11855
f 11855 11854 11850
f 11893 11896 11895
f 11895 11894 11893
f 11897 11898 11899
f 11899 11900 11897
f 11893 11894 11898
f 11898 11897 11893
f 11895 11896 11900
f 11900 11899 11895
f 11896 11893 11897
f 11897 11900 11896
f 11894 11895 11899
f 11899 11898 11894
f 11901 11904 11903
f 11903 11902 11901
f 11905 11906 11907
f 11907 11908 11905
f 11901 11902 11906
f 11906 11905 11901
f 11903 11904 11908
f 11908 11907 11903
f 11904 11901 11905
f 11905 11908 11904
f 11902 11903 11907
f 11907 11906 11902
f 11933 11936 11935
f 11935 11934 11933
f 11937 11938 11939
f 11939 11940 11937
f 11933 11934 11938
f 11938 11937 11933
f 11935 11936 11940
f 11940 11939 11935
f 11936 11933 11937
f 11937 11940 11936
f 11934 11935 11939
f 11939 11938 11934
f 11941 11944 11943
f 11943 11942 11941
f 11945 11946 11947
f 11947 11948 11945
f 11941 11942 11946
f 11946 11945 11941
f 11943 11944 11948
f 11948 11947 11943
f 11944 11941 11945
f 11945 11948 11944
f 11942 11943 11947
f 11947 11946 11942
f 11973 11976 11975
f 11975 11974 11973
f 11977 11978 11979
f 11979 11980 11977
f 11973 11974 11978
f 11978 11977 11973
f 11975 11976 11980
f 11980 11979 11975
f 11976 11973 11977
f 11977 11980 11976
f 11974 11975 11979
f 11979 11978 11974
f 11981 11984 11983
f 11983 11982 11981
f 11985 11986 11987
f 11987 11988 11985
f 11981 11982 11986
f 11986 11985 11981
f 11983 11984 11988
f 11988 11987 11983
f 11984 11981 11985
f 11985 11988 11984
f 11982 11983 11987
f 11987 11986 11982
f 12013 12016 12015
f 12015 12014 12013
f 12017 12018 12019
f 12019 12020 12017
f 12013 12014 12018
f 12018 12017 12013
f 12015 12016 12020
f 12020 12019 12015
f 12016 12013 12017
f 12017 12020 12016
f 12014 12015 12019
f 12019 12018 12014
f 12021 12024 12023
f 12023 12022 12021
f 12025 12026 12027
f 12027 12028 12025
f 12021 12022 12026
f 12026 12025 12021
f 12023 12024 12028
f 12028 12027 12023
f 12024 12021 12025
f 12025 12028 12024
f 12022 12023 12027
f 12027 12026 12022
f 12065 12068 12067
f 12067 12066 12065
f 12069 12070 12071
f 12071 12072 12069
f 12065 12066 12070
f 12070 12069 12065
f 12067 12068 12072
f 12072 12071 12067
f 12068 12065 12069
f 12069 12072 12068
f 12066 12067 12071
f 12071 12070 12066
f 12073 12076 12075
f 12075 12074 12073
f 12077 12078 12079
f 12079 12080 12077
f 12073 12074 12078
f 12078 12077 12073
f 12075 12076 12080
f 12080 12079 12075
f 12076 12073 12077
f 12077 12080 12076
f 12074 12075 12079
f 12079 12078 12074
f 12117 12120 12119
f 12119 12118 12117
f 12121 12122 12123
f 12123 12124 12121
f 12117 12118 12122
f 12122 12121 12117
f 12119 12120 12124
f 12124 12123 12119
f 12120 12117 12121
f 12121 12124 12120
f 12118 12119 12123
f 12123 12122 12118
f 12125 12128 12127
f 12127 12126 12125
f 12129 12130 12131
f 12131 12132 12129
f 12125 12126 12130
f 12130 12129 12125
f 12127 12128 12132
f 12132 12131 12127
f 12128 12125 12129
f 12129 12132 12128
f 12126 12127 12131
f 12131 12130 12126
f 12181 12184 12183
f 12183 12182 12181
f 12185 12186 12187
f 12187 12188 12185
f 12181 12182 12186
f 12186 12185 12181
f 12183 12184 12188
f 12188 12187 12183
f 12184 12181 12185
f 12185 12188 12184
f 12182 12183 12187
f 12187 12186 12182
f 12189 12192 12191
f 12191 12190 12189
f 12193 12194 12195
f 12195 12196 12193
f 12189 12190 12194
f 12194 12193 12189
f 12191 12192 12196
f 12196 12195 12191
f 12192 12189 12193
f 12193 12196 12192
f 12190 12191 12195
f 12195 12194 12190
f 12233 12236 12235
f 12235 12234 12233
f 12237 12238 12239
f 12239 12240 12237
f 12233 12234 12238
f 12238 12237 12233
f 12235 12236 12240
f 12240 12239 12235
f 12236 12233 12237
f 12237 12240 12236
f 12234 12235 12239
f 12239 12238 12234
f 12241 12244 12243
f 12243 12242 12241
f 12245 12246 12247
f 12247 12248 12245
f 12241 12242 12246
f 12246 12245 12241
f 12243 12244 12248
f 12248 12247 12243
f 12244 12241 12245
f 12245 12248 12244
f 12242 12243 12247
f 12247 12246 12242
f 12297 12300 12299
f 12299 12298 12297
f 12301 12302 12303
f 12303 12304 12301
f 12297 12298 12302
f 12302 12301 12297
f 12299 12300 12304
f 12304 12303 12299
f 12300 12297 12301
f 12301 12304 12300
f 12298 12299 12303
f 12303 12302 12298
f 12305 12308 12307
f 12307 12306 12305
f 12309 12310 12311
f 12311 12312 12309
f 12305 12306 12310
f 12310 12309 12305
f 12307 12308 12312
f 12312 12311 12307
f 12308 12305 12309
f 12309 12312 12308
f 12306 12307 12311
f 12311 12310 12306
f 12373 12376 12375
f 12375 12374 12373
f 12377 12378 12379
f 12379 12380 12377
f 12373 12374 12378
f 12378 12377 12373
f 12375 12376 12380
f 12380 12379 12375
f 12376 12373 12377
f 12377 12380 12376
f 12374 12375 12379
f 12379 12378 12374
f 12381 12384 12383
f 12383 12382 12381
f 12385 12386 12387
f 12387 12388 12385
f 12381 12382 12386
f 12386 12385 12381
f 12383 12384 12388
f 12388 12387 12383
f 12384 12381 12385
f 12385 12388 12384
f 12382 12383 12387
f 12387 12386 12382
f 12413 12416 12415
f 12415 12414 12413
f 12417 12418 12419
f 12419 12420 12417
f 12413 12414 12418
f 12418 12417 12413
f 12415 12416 12420
f 12420 12419 12415
f 12416 12413 12417
f 12417 12420 12416
f 12414 12415 12419
f 12419 12418 12414
f 12421 12424 12423
f 12423 12422 12421
f 12425 12426 12427
f 12427 12428 12425
f 12421 12422 12426
f 12426 12425 12421
f 12423 12424 12428
f 12428 12427 12423
f 12424 12421 12425
f 12425 12428 12424
f 12422 12423 12427
f 12427 12426 12422
f 12489 12492 12491
f 12491 12490 12489
f 12493 12494 12495
f 12495 12496 12493
f 12489 12490 12494
f 12494 12493 12489
f 12491 12492 12496
f 12496 12495 12491
f 12492 12489 12493
f 12493 12496 12492
f 12490 12491 12495
f 12495 12494 12490
f 12497 12500 12499
f 12499 12498 12497
f 12501 12502 12503
f 12503 12504 12501
f 12497 12498 12502
f 12502 12501 12497
f 12499 12500 12504
f 12504 12503 12499
f 12500 12497 12501
f 12501 12504 12500
f 12498 12499 12503
f 12503 12502 12498
f 12553 12556 12555
f 12555 12554 12553
f 12557 12558 12559
f 12559 12560 12557
f 12553 12554 12558
f 12558 12557 12553
f 12555 12556 12560
f 12560 12559 12555
f 12556 12553 12557
f 12557 12560 12556
f 12554 12555 12559
f 12559 12558 12554
f 12561 12564 12563
f 12563 12562 12561
f 12565 12566 12567
f 12567 12568 12565
f 12561 12562 12566
f 12566 12565 12561
f 12563 12564 12568
f 12568 12567 12563
f 12564 12561 12565
f 12565 12568 12564
f 12562 12563 12567
f 12567 12566 12562
f 12629 12632 12631
f 12631 12630 12629
f 12633 12634 12635
f 12635 12636 12633
f 12629 12630 12634
f 12634 12633 12629
f 12631 12632 12636
f 12636 12635 12631
f 12632 12629 12633
f 12633 12636 12632
f 12630 12631 12635
f 12635 12634 12630
f 12637 12640 12639
f 12639 12638 12637
f 12641 12642 12643
f 12643 12644 12641
f 12637 12638 12642
f 12642 12641 12637
f 12639 12640 12644
f 12644 12643 12639
f 12640 12637 12641
f 12641 12644 12640
f 12638 12639 12643
f 12643 12642 12638
f 12681 12684 12683
f 12683 12682 12681
f 12685 12686 12687
f 12687 12688 12685
f 12681 12682 12686
f 12686 12685 12681
f 12683 12684 12688
f 12688 12687 12683
f 12684 12681 12685
f 12685 12688 12684
f 12682 12683 12687
f 12687 12686 12682
f 12689 12692 12691
f 12691 12690 12689
f 12693 12694 12695
f 12695 12696 12693
f 12689 12690 12694
f 12694 12693 12689
f 12691 12692 12696
f 12696 12695 12691
f 12692 12689 12693
f 12693 12696 12692
f 12690 12691 12695
f 12695 12694 12690
f 12745 12748 12747
f 12747 12746 12745
f 12749 12750 12751
f 12751 12752 12749
f 12745 12746 12750
f 12750 12749 12745
f 12747 12748 12752
f 12752 12751 12747
f 12748 12745 12749
f 12749 12752 12748
f 12746 12747 12751
f 12751 12750 12746
f 12753 12756 12755
f 12755 12754 12753
f 12757 12758 12759
f 12759 12760 12757
f 12753 12754 12758
f 12758 12757 12753
f 12755 12756 12760
f 12760 12759 12755
f 12756 12753 12757
f 12757 12760 12756
f 12754 12755 12759
f 12759 12758 12754
f 12785 12788 12787
f 12787 12786 12785
f 12789 12790 12791
f 12791 12792 12789
f 12785 12786 12790
f 12790 12789 12785
f 12787 12788 12792
f 12792 12791 12787
f 12788 12785 12789
f 12789 12792 12788
f 12786 12787 12791
f 12791 12790 12786
f 12793 12796 12795
f 12795 12794 12793
f 12797 12798 12799
f 12799 12800 12797
f 12793 12794 12798
f 12798 12797 12793
f 12795 12796 12800
f 12800 12799 12795
f 12796 12793 12797
f 12797 12800 12796
f 12794 12795 12799
f 12799 12798 12794
f 12861 12864 12863
f 12863 12862 12861
f 12865 12866 12867
f 12867 12868 12865
f 12861 12862 12866
f 12866 12865 12861
f 12863 12864 12868
f 12868 12867 12863
f 12864 12861 12865
f 12865 12868 12864
f 12862 12863 12867
f 12867 12866 12862
f 12869 12872 12871
f 12871 12870 12869
f 12873 12874 12875
f 12875 12876 12873
f 12869 12870 12874
f 12874 12873 12869
f 12871 12872 12876
f 12876 12875 12871
f 12872 12869 12873
f 12873 12876 12872
f 12870 12871 12875
f 12875 12874 12870
f 12925 12928 12927
f 12927 12926 12925
f 12929 12930 12931
f 12931 12932 12929
f 12925 12926 12930
f 12930 12929 12925
f 12927 12928 12932
f 12932 12931 12927
f 12928 12925 12929
f 12929 12932 12928
f 12926 12927 12931
f 12931 12930 12926
f 12933 12936 12935
f 12935 12934 12933
f 12937 12938 12939
f 12939 12940 12937
f 12933 12934 12938
f 12938 12937 12933
f 12935 12936 12940
f 12940 12939 12935
f 12936 12933 12937
f 12937 12940 12936
f 12934 12935 12939
f 12939 12938 12934
f 12977 12980 12979
f 12979 12978 12977
f 12981 12982 12983
f 12983 12984 12981
f 12977 12978 12982
f 12982 12981 12977
f 12979 12980 12984
f 12984 12983 12979
f 12980 12977 12981
f 12981 12984 12980
f 12978 12979 12983
f 12983 12982 12978
f 12985 12988 12987
f 12987 12986 12985
f 12989 12990 12991
f 12991 12992 12989
f 12985 12986 12990
f 12990 12989 12985
f 12987 12988 12992
f 12992 12991 12987
f 12988 12985 12989
f 12989 12992 12988
f 12986 12987 12991
f 12991 12990 12986
f 13029 13032 13031
f 13031 13030 13029
f 13033 13034 13035
f 13035 13036 13033
f 13029 13030 13034
f 13034 13033 13029
f 13031 13032 13036
f 13036 13035 13031
f 13032 13029 13033
f 13033 13036 13032
f 13030 13031 13035
f 13035 13034 13030
f 13037 13040 13039
f 13039 13038 13037
f 13041 13042 13043
f 13043 13044 13041
f 13037 13038 13042
f 13042 13041 13037
f 13039 13040 13044
f 13044 13043 13039
f 13040 13037 13041
f 13041 13044 13040
f 13038 13039 13043
f 13043 13042 13038
f 13105 13108 13107
f 13107 13106 13105
f 13109 13110 13111
f 13111 13112 13109
f 13105 13106 13110
f 13110 13109 13105
f 13107 13108 13112
f 13112 13111 13107
f 13108 13105 13109
f 13109 13112 13108
f 13106 13107 13111
f 13111 13110 13106
f 13113 13116 13115
f 13115 13114 13113
f 13117 13118 13119
f 13119 13120 13117
f 13113 13114 13118
f 13118 13117 13113
f 13115 13116 13120
f 13120 13119 13115
f 13116 13113 13117
f 13117 13120 13116
f 13114 13115 13119
f 13119 13118 13114
f 13169 13172 13171
f 13171 13170 13169
f 13173 13174 13175
f 13175 13176 13173
f 13169 13170 13174
f 13174 13173 13169
f 13171 13172 13176
f 13176 13175 13171
f 13172 13169 13173
f 13173 13176 13172
f 13170 13171 13175
f 13175 13174 13170
f 13177 13180 13179
f 13179 13178 13177
f 13181 13182 13183
f 13183 13184 13181
f 13177 13178 13182
f 13182 13181 13177
f 13179 13180 13184
f 13184 13183 13179
f 13180 13177 13181
f 13181 13184 13180
f 13178 13179 13183
f 13183 13182 13178
f 13233 13236 13235
f 13235 13234 13233
f 13237 13238 13239
f 13239 13240 13237
f 13233 13234 13238
f 13238 13237 13233
f 13235 13236 13240
f 13240 13239 13235
f 13236 13233 13237
f 13237 13240 13236
f 13234 13235 13239
f 13239 13238 13234
f 13241 13244 13243
f 13243 13242 13241
f 13245 13246 13247
f 13247 13248 13245
f 13241 13242 13246
f 13246 13245 13241
f 13243 13244 13248
f 13248 13247 13243
f 13244 13241 13245
f 13245 13248 13244
f 13242 13243 13247
f 13247 13246 13242
f 13297 13300 13299
f 13299 13298 13297
f 13301 13302 13303
f 13303 13304 13301
f 13297 13298 13302
f 13302 13301 13297
f 13299 13300 13304
f 13304 13303 13299
f 13300 13297 13301
f 13301 13304 13300
f 13298 13299 13303
f 13303 13302 13298
f 13305 13308 13307
f 13307 13306 13305
f 13309 13310 13311
f 13311 13312 13309
f 13305 13306 13310
f 13310 13309 13305
f 13307 13308 13312
f 13312 13311 13307
f 13308 13305 13309
f 13309 13312 13308
f 13306 13307 13311
f 13311 13310 13306
f 13337 13340 13339
f 13339 13338 13337
f 13341 13342 13343
f 13343 13344 13341
f 13337 13338 13342
f 13342 13341 13337
f 13339 13340 13344
f 13344 13343 13339
f 13340 13337 13341
f 13341 13344 13340
f 13338 13339 13343
f 13343 13342 13338
f 13345 13348 13347
f 13347 13346 13345
f 13349 13350 13351
f 13351 13352 13349
f 13345 13346 13350
f 13350 13349 13345
f 13347 13348 13352
f 13352 13351 13347
f 13348 13345 13349
f 13349 13352 13348
f 13346 13347 13351
f 13351 13350 13346
f 13389 13392 13391
f 13391 13390 13389
f 13393 13394 13395
f 13395 13396 13393
f 13389 13390 13394
f 13394 13393 13389
f 13391 13392 13396
f 13396 13395 13391
f 13392 13389 13393
f 13393 13396 13392
f 13390 13391 13395
f 13395 13394 13390
f 13397 13400 13399
f 13399 13398 13397
f 13401 13402 13403
f 13403 13404 13401
f 13397 13398 13402
f 13402 13401 13397
f 13399 13400 13404
f 13404 13403 13399
f 13400 13397 13401
f 13401 13404 13400
f 13398 13399 13403
f 13403 13402 13398
f 13453 13456 13455
f 13455 13454 13453
f 13457 13458 13459
f 13459 13460 13457
f 13453 13454 13458
f 13458 13457 13453
f 13455 13456 13460
f 13460 13459 13455
f 13456 13453 13457
f 13457 13460 13456
f 13454 13455 13459
f 13459 13458 13454
f 13461 13464 13463
f 13463 13462 13461
f 13465 13466 13467
f 13467 13468 13465
f 13461 13462 13466
f 13466 13465 13461
f 13463 13464 13468
f 13468 13467 13463
f 13464 13461 13465
f 13465 13468 13464
f 13462 13463 13467
f 13467 13466 13462
f 13505 13508 13507
f 13507 13506 13505
f 13509 13510 13511
f 13511 13512 13509
f 13505 13506 13510
f 13510 13509 13505
f 13507 13508 13512
f 13512 13511 13507
f 13508 13505 13509
f 13509 13512 13508
f 13506 13507 13511
f 13511 13510 13506
f 13513 13516 13515
f 13515 13514 13513
f 13517 13518 13519
f 13519 13520 13517
f 13513 13514 13518
f 13518 13517 13513
f 13515 13516 13520
f 13520 13519 13515
f 13516 13513 13517
f 13517 13520 13516
f 13514 13515 13519
f 13519 13518 13514
f 13545 13548 13547
f 13547 13546 13545
f 13549 13550 13551
f 13551 13552 13549
f 13545 13546 13550
f 13550 13549 13545
f 13547 13548 13552
f 13552 13551 13547
f 13548 13545 13549
f 13549 13552 13548
f 13546 13547 13551
f 13551 13550 13546
f 13553 13556 13555
f 13555 13554 13553
f 13557 13558 13559
f 13559 13560 13557
f 13553 13554 13558
f 13558 13557 13553
f 13555 13556 13560
f 13560 13559 13555
f 13556 13553 13557
f 13557 13560 13556
f 13554 13555 13559
f 13559 13558 13554
f 13609 13612 13611
f 13611 13610 13609
f 13613 13614 13615
f 13615 13616 13613
f 13609 13610 13614
f 13614 13613 13609
f 13611 13612 13616
f 13616 13615 13611
f 13612 13609 13613
f 13613 13616 13612
f 13610 13611 13615
f 13615 13614 13610
f 13617 13620 13619
f 13619 13618 13617
f 13621 13622 13623
f 13623 13624 13621
f 13617 13618 13622
f 13622 13621 13617
f 13619 13620 13624
f 13624 13623 13619
f 13620 13617 13621
f 13621 13624 13620
f 13618 13619 13623
f 13623 13622 13618
f 13685 13688 13687
f 13687 13686 13685
f 13689 13690 13691
f 13691 13692 13689
f 13685 13686 13690
f 13690 13689 13685
f 13687 13688 13692
f 13692 13691 13687
f 13688 13685 13689
f 13689 13692 13688
f 13686 13687 13691
f 13691 13690 13686
f 13693 13696 13695
f 13695 13694 13693
f 13697 13698 13699
f 13699 13700 13697
f 13693 13694 13698
f 13698 13697 13693
f 13695 13696 13700
f 13700 13699 13695
f 13696 13693 13697
f 13697 13700 13696
f 13694 13695 13699
f 13699 13698 13694
f 13737 13740 13739
f 13739 13738 13737
f 13741 13742 13743
f 13743 13744 13741
f 13737 13738 13742
f 13742 13741 13737
f 13739 13740 13744
f 13744 13743 13739
f 13740 13737 13741
f 13741 13744 13740
f 13738 13739 13743
f 13743 13742 13738
f 13745 13748 13747
f 13747 13746 13745
f 13749 13750 13751
f 13751 13752 13749
f 13745 13746 13750
f 13750 13749 13745
f 13747 13748 13752
f 13752 13751 13747
f 13748 13745 13749
f 13749 13752 13748
f 13746 13747 13751
f 13751 13750 13746
f 13801 13804 13803
f 13803 13802 13801
f 13805 13806 13807
f 13807 13808 13805
f 13801 13802 13806
f 13806 13805 13801
f 13803 13804 13808
f 13808 13807 13803
f 13804 13801 13805
f 13805 13808 13804
f 13802 13803 13807
f 13807 13806 13802
f 13809 13812 13811
f 13811 13810 13809
f 13813 13814 13815
f 13815 13816 13813
f 13809 13810 13814
f 13814 13813 13809
f 13811 13812 13816
f 13816 13815 13811
f 13812 13809 13813
f 13813 13816 13812
f 13810 13811 13815
f 13815 13814 13810
f 13841 13844 13843
f 13843 13842 13841
f 13845 13846 13847
f 13847 13848 13845
f 13841 13842 13846
f 13846 13845 13841
f 13843 13844 13848
f 13848 13847 13843
f 13844 13841 13845
f 13845 13848 13844
f 13842 13843 13847
f 13847 13846 13842
f 13849 13852 13851
f 13851 13850 13849
f 13853 13854 13855
f 13855 13856 13853
f 13849 13850 13854
f 13854 13853 13849
f 13851 13852 13856
f 13856 13855 13851
f 13852 13849 13853
f 13853 13856 13852
f 13850 13851 13855
f 13855 13854 13850
f 13881 13884 13883
f 13883 13882 13881
f 13885 13886 13887
f 13887 13888 13885
f 13881 13882 13886
f 13886 13885 13881
f 13883 13884 13888
f 13888 13887 13883
f 13884 13881 13885
f 13885 13888 13884
f 13882 13883 13887
f 13887 13886 13882
f 13889 13892 13891
f 13891 13890 13889
f 13893 13894 13895
f 13895 13896 13893
f 13889 13890 13894
f 13894 13893 13889
f 13891 13892 13896
f 13896 13895 13891
f 13892 13889 13893
f 13893 13896 13892
f 13890 13891 13895
f 13895 13894 13890
f 13933 13936 13935
f 13935 13934 13933
f 13937 13938 13939
f 13939 13940 13937
f 13933 13934 13938
f 13938 13937 13933
f 13935 13936 13940
f 13940 13939 13935
f 13936 13933 13937
f 13937 13940 13936
f 13934 13935 13939
f 13939 13938 13934
f 13941 13944 13943
f 13943 13942 13941
f 13945 13946 13947
f 13947 13948 13945
f 13941 13942 13946
f 13946 13945 13941
f 13943 13944 13948
f 13948 13947 13943
f 13944 13941 13945
f 13945 13948 13944
f 13942 13943 13947
f 13947 13946 13942
f 13997 14000 13999
f 13999 13998 13997
f 14001 14002 14003
f 14003 14004 14001
f 13997 13998 14002
f 14002 14001 13997
f 13999 14000 14004
f 14004 14003 13999
f 14000 13997 14001
f 14001 14004 14000
f 13998 13999 14003
f 14003 14002 13998
f 14005 14008 14007
f 14007 14006 14005
f 14009 14010 14011
f 14011 14012 14009
f 14005 14006 14010
f 14010 14009 14005
f 14007 14008 14012
f 14012 14011 14007
f 14008 14005 14009
f 14009 14012 14008
f 14006 14007 14011
f 14011 14010 14006
f 14049 14052 14051
f 14051 14050 14049
f 14053 14054 14055
f 14055 14056 14053
f 14049 14050 14054
f 14054 14053 14049
f 14051 14052 14056
f 14056 14055 14051
f 14052 14049 14053
f 14053 14056 14052
f 14050 14051 14055
f 14055 14054 14050
f 14057 14060 14059
f 14059 14058 14057
f 14061 14062 14063
f 14063 14064 14061
f 14057 14058 14062
f 14062 14061 14057
f 14059 14060 14064
f 14064 14063 14059
f 14060 14057 14061
f 14061 14064 14060
f 14058 14059 14063
f 14063 14062 14058
f 14125 14128 14127
f 14127 14126 14125
f 14129 14130 14131
f 14131 14132 14129
f 14125 14126 14130
f 14130 14129 14125
f 14127 14128 14132
f 14132 14131 14127
f 14128 14125 14129
f 14129 14132 14128
f 14126 14127 14131
f 14131 14130 14126
f 14133 14136 14135
f 14135 14134 14133
f 14137 14138 14139
f 14139 14140 14137
f 14133 14134 14138
f 14138 14137 14133
f 14135 14136 14140
f 14140 14139 14135
f 14136 14133 14137
f 14137 14140 14136
f 14134 14135 14139
f 14139 14138 14134
f 14201 14204 14203
f 14203 14202 14201
f 14205 14206 14207
f 14207 14208 14205
f 14201 14202 14206
f 14206 14205 14201
f 14203 14204 14208
f 14208 14207 14203
f 14204 14201 14205
f 14205 14208 14204
f 14202 14203 14207
f 14207 14206 14202
f 14209 14212 14211
f 14211 14210 14209
f 14213 14214 14215
f 14215 14216 14213
f 14209 14210 14214
f 14214 14213 14209
f 14211 14212 14216
f 14216 14215 14211
f 14212 14209 14213
f 14213 14216 14212
f 14210 14211 14215
f 14215 14214 14210
f 14241 14244 14243
f 14243 14242 14241
f 14245 14246 14247
f 14247 14248 14245
f 14241 14242 14246
f 14246 14245 14241
f 14243 14244 14248
f 14248 14247 14243
f 14244 14241 14245
f 14245 14248 14244
f 14242 14243 14247
f 14247 14246 14242
f 14249 14252 14251
f 14251 14250 14249
f 14253 14254 14255
f 14255 14256 14253
f 14249 14250 14254
f 14254 14253 14249
f 14251 14252 14256
f 14256 14255 14251
f 14252 14249 14253
f 14253 14256 14252
f 14250 14251 14255
f 14255 14254 14250
f 14305 14308 14307
f 14307 14306 14305
f 14309 14310 14311
f 14311 14312 14309
f 14305 14306 14310
f 14310 14309 14305
f 14307 14308 14312
f 14312 14311 14307
f 14308 14305 14309
f 14309 14312 14308
f 14306 14307 14311
f 14311 14310 14306
f 14313 14316 14315
f 14315 14314 14313
f 14317 14318 14319
f 14319 14320 14317
f 14313 14314 14318
f 14318 14317 14313
f 14315 14316 14320
f 14320 14319 14315
f 14316 14313 14317
f 14317 14320 14316
f 14314 14315 14319
f 14319 14318 14314
f 14369 14372 14371
f 14371 14370 14369
f 14373 14374 14375
f 14375 14376 14373
f 14369 14370 14374
f 14374 14373 14369
f 14371 14372 14376
f 14376 14375 14371
f 14372 14369 14373
f 14373 14376 14372
f 14370 14371 14375
f 14375 14374 14370
f 14377 14380 14379
f 14379 14378 14377
f 14381 14382 14383
f 14383 14384 14381
f 14377 14378 14382
f 14382 14381 14377
f 14379 14380 14384
f 14384 14383 14379
f 14380 14377 14381
f 14381 14384 14380
f 14378 14379 14383
f 14383 14382 14378
f 14445 14448 14447
f 14447 14446 14445
f 14449 14450 14451
f 14451 14452 14449
f 14445 14446 14450
f 14450 14449 14445
f 14447 14448 14452
f 14452 14451 14447
f 14448 14445 14449
f 14449 14452 14448
f 14446 14447 14451
f 14451 14450 14446
f 14453 14456 14455
f 14455 14454 14453
f 14457 14458 14459
f 14459 14460 14457
f 14453 14454 14458
f 14458 14457 14453
f 14455 14456 14460
f 14460 14459 14455
f 14456 14453 14457
f 14457 14460 14456
f 14454 14455 14459
f 14459 14458 14454
f 14497 14500 14499
f 14499 14498 14497
f 14501 14502 14503
f 14503 14504 14501
f 14497 14498 14502
f 14502 14501 14497
f 14499 14500 14504
f 14504 14503 14499
f 14500 14497 14501
f 14501 14504 14500
f 14498 14499 14503
f 14503 14502 14498
f 14505 14508 14507
f 14507 14506 14505
f 14509 14510 14511
f 14511 14512 14509
f 14505 14506 14510
f 14510 14509 14505
f 14507 14508 14512
f 14512 14511 14507
f 14508 14505 14509
f 14509 14512 14508
f 14506 14507 14511
f 14511 14510 14506
f 14549 14552 14551
f 14551 14550 14549
f 14553 14554 14555
f 14555 14556 14553
f 14549 14550 14554
f 14554 14553 14549
f 14551 14552 14556
f 14556 14555 14551
f 14552 14549 14553
f 14553 14556 14552
f 14550 14551 14555
f 14555 14554 14550
f 14557 14560 14559
f 14559 14558 14557
f 14561 14562 14563
f 14563 14564 14561
f 14557 14558 14562
f 14562 14561 14557
f 14559 14560 14564
f 14564 14563 14559
f 14560 14557 14561
f 14561 14564 14560
f 14558 14559 14563
f 14563 14562 14558
f 14637 14640 14639
f 14639 14638 14637
f 14641 14642 14643
f 14643 14644 14641
f 14637 14638 14642
f 14642 14641 14637
f 14639 14640 14644
f 14644 14643 14639
f 14640 14637 14641
f 14641 14644 14640
f 14638 14639 14643
f 14643 14642 14638
f 14645 14648 14647
f 14647 14646 14645
f 14649 14650 14651
f 14651 14652 14649
f 14645 14646 14650
f 14650 14649 14645
f 14647 14648 14652
f 14652 14651 14647
f 14648 14645 14649
f 14649 14652 14648
f 14646 14647 14651
f 14651 14650 14646
f 14713 14716 14715
f 14715 14714 14713
f 14717 14718 14719
f 14719 14720 14717
f 14713 14714 14718
f 14718 14717 14713
f 14715 14716 14720
f 14720 14719 14715
f 14716 14713 14717
f 14717 14720 14716
f 14714 14715 14719
f 14719 14718 14714
f 14721 14724 14723
f 14723 14722 14721
f 14725 14726 14727
f 14727 14728 14725
f 14721 14722 14726
f 14726 14725 14721
f 14723 14724 14728
f 14728 14727 14723
f 14724 14721 14725
f 14725 14728 14724
f 14722 14723 14727
f 14727 14726 14722
f 14765 14768 14767
f 14767 14766 14765
f 14769 14770 14771
f 14771 14772 14769
f 14765 14766 14770
f 14770 14769 14765
f 14767 14768 14772
f 14772 14771 14767
f 14768 14765 14769
f 14769 14772 14768
f 14766 14767 14771
f 14771 14770 14766
f 14773 14776 14775
f 14775 14774 14773
f 14777 14778 14779
f 14779 14780 14777
f 14773 14774 14778
f 14778 14777 14773
f 14775 14776 14780
f 14780 14779 14775
f 14776 14773 14777
f 14777 14780 14776
f 14774 14775 14779
f 14779 14778 14774
f 14817 14820 14819
f 14819 14818 14817
f 14821 14822 14823
f 14823 14824 14821
f 14817 14818 14822
f 14822 14821 14817
f 14819 14820 14824
f 14824 14823 14819
f 14820 14817 14821
f 14821 14824 14820
f 14818 14819 14823
f 14823 14822 14818
f 14825 14828 14827
f 14827 14826 14825
f 14829 14830 14831
f 14831 14832 14829
f 14825 14826 14830
f 14830 14829 14825
f 14827 14828 14832
f 14832 14831 14827
f 14828 14825 14829
f 14829 14832 14828
f 14826 14827 14831
f 14831 14830 14826
f 14857 14860 14859
f 14859 14858 14857
f 14861 14862 14863
f 14863 14864 14861
f 14857 14858 14862
f 14862 14861 14857
f 14859 14860 14864
f 14864 14863 14859
f 14860 14857 14861
f 14861 14864 14860
f 14858 14859 14863
f 14863 14862 14858
f 14865 14868 14867
f 14867 14866 14865
f 14869 14870 14871
f 14871 14872 14869
f 14865 14866 14870
f 14870 14869 14865
f 14867 14868 14872
f 14872 14871 14867
f 14868 14865 14869
f 14869 14872 14868
f 14866 14867 14871
f 14871 14870 14866
f 14933 14936 14935
f 14935 14934 14933
f 14937 14938 14939
f 14939 14940 14937
f 14933 14934 14938
f 14938 14937 14933
f 14935 14936 14940
f 14940 14939 14935
f 14936 14933 14937
f 14937 14940 14936
f 14934 14935 14939
f 14939 14938 14934
f 14941 14944 14943
f 14943 14942 14941
f 14945 14946 14947
f 14947 14948 14945
f 14941 14942 14946
f 14946 14945 14941
f 14943 14944 14948
f 14948 14947 14943
f 14944 14941 14945
f 14945 14948 14944
f 14942 14943 14947
f 14947 14946 14942
f 15009 15012 15011
f 15011 15010 15009
f 15013 15014 15015
f 15015 15016 15013
f 15009 15010 15014
f 15014 15013 15009
f 15011 15012 15016
f 15016 15015 15011
f 15012 15009 15013
f 15013 15016 15012
f 15010 15011 15015
f 15015 15014 15010
f 15017 15020 15019
f 15019 15018 15017
f 15021 15022 15023
f 15023 15024 15021
f 15017 15018 15022
f 15022 15021 15017
f 15019 15020 15024
f 15024 15023 15019
f 15020 15017 15021
f 15021 15024 15020
f 15018 15019 15023
f 15023 15022 15018
f 15049 15052 15051
f 15051 15050 15049
f 15053 15054 15055
f 15055 15056 15053
f 15049 15050 15054
f 15054 15053 15049
f 15051 15052 15056
f 15056 15055 15051
f 15052 15049 15053
f 15053 15056 15052
f 15050 15051 15055
f 15055 15054 15050
f 15057 15060 15059
f 15059 15058 15057
f 15061 15062 15063
f 15063 15064 15061
f 15057 15058 15062
f 15062 15061 15057
f 15059 15060 15064
f 15064 15063 15059
f 15060 15057 15061
f 15061 15064 15060
f 15058 15059 15063
f 15063 15062 15058
f 15101 15104 15103
f 15103 15102 15101
f 15105 15106 15107
f 15107 15108 15105
f 15101 15102 15106
f 15106 15105 15101
f 15103 15104 15108
f 15108 15107 15103
f 15104 15101 15105
f 15105 15108 15104
f 15102 15103 15107
f 15107 15106 15102
f 15109 15112 15111
f 15111 15110 15109
f 15113 15114 15115
f 15115 15116 15113
f 15109 15110 15114
f 15114 15113 15109
f 15111 15112 15116
f 15116 15115 15111
f 15112 15109 15113
f 15113 15116 15112
f 15110 15111 15115
f 15115 15114 15110
f 15153 15156 15155
f 15155 15154 15153
f 15157 15158 15159
f 15159 15160 15157
f 15153 15154 15158
f 15158 15157 15153
f 15155 15156 15160
f 15160 15159 15155
f 15156 15153 15157
f 15157 15160 15156
f 15154 15155 15159
f 15159 15158 15154
f 15161 15164 15163
f 15163 15162 15161
f 15165 15166 15167
f 15167 15168 15165
f 15161 15162 15166
f 15166 15165 15161
f 15163 15164 15168
f 15168 15167 15163
f 15164 15161 15165
f 15165 15168 15164
f 15162 15163 15167
f 15167 15166 15162
f 15217 15220 15219
f 15219 15218 15217
f 15221 15222 15223
f 15223 15224 15221
f 15217 15218 15222
f 15222 15221 15217
f 15219 15220 15224
f 15224 15223 15219
f 15220 15217 15221
f 15221 15224 15220
f 15218 15219 15223
f 15223 15222 15218
f 15225 15228 15227
f 15227 15226 15225
f 15229 15230 15231
f 15231 15232 15229
f 15225 15226 15230
f 15230 15229 15225
f 15227 15228 15232
f 15232 15231 15227
f 15228 15225 15229
f 15229 15232 15228
f 15226 15227 15231
f 15231 15230 15226
f 15269 15272 15271
f 15271 15270 15269
f 15273 15274 15275
f 15275 15276 15273
f 15269 15270 15274
f 15274 15273 15269
f 15271 15272 15276
f 15276 15275 15271
f 15272 15269 15273
f 15273 15276 15272
f 15270 15271 15275
f 15275 15274 15270
f 15277 15280 15279
f 15279 15278 15277
f 15281 15282 15283
f 15283 15284 15281
f 15277 15278 15282
f 15282 15281 15277
f 15279 15280 15284
f 15284 15283 15279
f 15280 15277 15281
f 15281 15284 15280
f 15278 15279 15283
f 15283 15282 15278
f 15321 15324 15323
f 15323 15322 15321
f 15325 15326 15327
f 15327 15328 15325
f 15321 15322 15326
f 15326 15325 15321
f 15323 15324 15328
f 15328 15327 15323
f 15324 15321 15325
f 15325 15328 15324
f 15322 15323 15327
f 15327 15326 15322
f 15329 15332 15331
f 15331 15330 15329
f 15333 15334 15335
f 15335 15336 15333
f 15329 15330 15334
f 15334 15333 15329
f 15331 15332 15336
f 15336 15335 15331
f 15332 15329 15333
f 15333 15336 15332
f 15330 15331 15335
f 15335 15334 15330
f 15373 15376 15375
f 15375 15374 15373
f 15377 15378 15379
f 15379 15380 15377
f 15373 15374 15378
f 15378 15377 15373
f 15375 15376 15380
f 15380 15379 15375
f 15376 15373 15377
f 15377 15380 15376
f 15374 15375 15379
f 15379 15378 15374
f 15381 15384 15383
f 15383 15382 15381
f 15385 15386 15387
f 15387 15388 15385
f 15381 15382 15386
f 15386 15385 15381
f 15383 15384 15388
f 15388 15387 15383
f 15384 15381 15385
f 15385 15388 15384
f 15382 15383 15387
f 15387 15386 15382
f 15413 15416 15415
f 15415 15414 15413
f 15417 15418 15419
f 15419 15420 15417
f 15413 15414 15418
f 15418 15417 15413
f 15415 15416 15420
f 15420 15419 15415
f 15416 15413 15417
f 15417 15420 15416
f 15414 15415 15419
f 15419 15418 15414
f 15421 15424 15423
f 15423 15422 15421
f 15425 15426 15427
f 15427 15428 15425
f 15421 15422 15426
f 15426 15425 15421
f 15423 15424 15428
f 15428 15427 15423
f 15424 15421 15425
f 15425 15428 15424
f 15422 15423 15427
f 15427 15426 15422
f 15453 15456 15455
f 15455 15454 15453
f 15457 15458 15459
f 15459 15460 15457
f 15453 15454 15458
f 15458 15457 15453
f 15455 15456 15460
f 15460 15459 15455
f 15456 15453 15457
f 15457 15460 15456
f 15454 15455 15459
f 15459 15458 15454
f 15461 15464 15463
f 15463 15462 15461
f 15465 15466 15467
f 15467 15468 15465
f 15461 15462 15466
f 15466 15465 15461
f 15463 15464 15468
f 15468 15467 15463
f 15464 15461 15465
f 15465 15468 15464
f 15462 15463 15467
f 15467 15466 15462
f 15481 15484 15483
f 15483 15482 15481
f 15485 15486 15487
f 15487 15488 15485
f 15481 15482 15486
f 15486 15485 15481
f 15483 15484 15488
f 15488 15487 15483
f 15484 15481 15485
f 15485 15488 15484
f 15482 15483 15487
f 15487 15486 15482
f 15489 15492 15491
f 15491 15490 15489
f 15493 15494 15495
f 15495 15496 15493
f 15489 15490 15494
f 15494 15493 15489
f 15491 15492 15496
f 15496 15495 15491
f 15492 15489 15493
f 15493 15496 15492
f 15490 15491 15495
f 15495 15494 15490
f 15521 15524 15523
f 15523 15522 15521
f 15525 15526 15527
f 15527 15528 15525
f 15521 15522 15526
f 15526 15525 15521
f 15523 15524 15528
f 15528 15527 15523
f 15524 15521 15525
f 15525 15528 15524
f 15522 15523 15527
f 15527 15526 15522
f 15529 15532 15531
f 15531 15530 15529
f 15533 15534 15535
f 15535 15536 15533
f 15529 15530 15534
f 15534 15533 15529
f 15531 15532 15536
f 15536 15535 15531
f 15532 15529 15533
f 15533 15536 15532
f 15530 15531 15535
f 15535 15534 15530
f 15561 15564 15563
f 15563 15562 15561
f 15565 15566 15567
f 15567 15568 15565
f 15561 15562 15566
f 15566 15565 15561
f 15563 15564 15568
f 15568 15567 15563
f 15564 15561 15565
f 15565 15568 15564
f 15562 15563 15567
f 15567 15566 15562
f 15569 15572 15571
f 15571 15570 15569
f 15573 15574 15575
f 15575 15576 15573
f 15569 15570 15574
f 15574 15573 15569
f 15571 15572 15576
f 15576 15575 15571
f 15572 15569 15573
f 15573 15576 15572
f 15570 15571 15575
f 15575 15574 15570
f 15589 15592 15591
f 15591 15590 15589
f 15593 15594 15595
f 15595 15596 15593
f 15589 15590 15594
f 15594 15593 15589
f 15591 15592 15596
f 15596 15595 15591
f 15592 15589 15593
f 15593 15596 15592
f 15590 15591 15595
f 15595 15594 15590
f 15597 15600 15599
f 15599 15598 15597
f 15601 15602 15603
f 15603 15604 15601
f 15597 15598 15602
f 15602 15601 15597
f 15599 15600 15604
f 15604 15603 15599
f 15600 15597 15601
f 15601 15604 15600
f 15598 15599 15603
f 15603 15602 15598
f 15617 15620 15619
f 15619 15618 15617
f 15621 15622 15623
f 15623 15624 15621
f 15617 15618 15622
f 15622 15621 15617
f 15619 15620 15624
f 15624 15623 15619
f 15620 15617 15621
f 15621 15624 15620
f 15618 15619 15623
f 15623 15622 15618
f 15625 15628 15627
f 15627 15626 15625
f 15629 15630 15631
f 15631 15632 15629
f 15625 15626 15630
f 15630 15629 15625
f 15627 15628 15632
f 15632 15631 15627
f 15628 15625 15629
f 15629 15632 15628
f 15626 15627 15631
f 15631 15630 15626
f 15657 15660 15659
f 15659 15658 15657
f 15661 15662 15663
f 15663 15664 15661
f 15657 15658 15662
f 15662 15661 15657
f 15659 15660 15664
f 15664 15663 15659
f 15660 15657 15661
f 15661 15664 15660
f 15658 15659 15663
f 15663 15662 15658
f 15665 15668 15667
f 15667 15666 15665
f 15669 15670 15671
f 15671 15672 15669
f 15665 15666 15670
f 15670 15669 15665
f 15667 15668 15672
f 15672 15671 15667
f 15668 15665 15669
f 15669 15672 15668
f 15666 15667 15671
f 15671 15670 15666
f 15709 15712 15711
f 15711 15710 15709
f 15713 15714 15715
f 15715 15716 15713
f 15709 15710 15714
f 15714 15713 15709
f 15711 15712 15716
f 15716 15715 15711
f 15712 15709 15713
f 15713 15716 15712
f 15710 15711 15715
f 15715 15714 15710
f 15717 15720 15719
f 15719 15718 15717
f 15721 15722 15723
f 15723 15724 15721
f 15717 15718 15722
f 15722 15721 15717
f 15719 15720 15724
f 15724 15723 15719
f 15720 15717 15721
f 15721 15724 15720
f 15718 15719 15723
f 15723 15722 15718
f 15761 15764 15763
f 15763 15762 15761
f 15765 15766 15767
f 15767 15768 15765
f 15761 15762 15766
f 15766 15765 15761
f 15763 15764 15768
f 15768 15767 15763
f 15764 15761 15765
f 15765 15768 15764
f 15762 15763 15767
f 15767 15766 15762
f 15769 15772 15771
f 15771 15770 15769
f 15773 15774 15775
f 15775 15776 15773
f 15769 15770 15774
f 15774 15773 15769
f 15771 15772 15776
f 15776 15775 15771
f 15772 15769 15773
f 15773 15776 15772
f 15770 15771 15775
f 15775 15774 15770
f 15813 15816 15815
f 15815 15814 15813
f 15817 15818 15819
f 15819 15820 15817
f 15813 15814 15818
f 15818 15817 15813
f 15815 15816 15820
f 15820 15819 15815
f 15816 15813 15817
f 15817 15820 15816
f 15814 15815 15819
f 15819 15818 15814
f 15821 15824 15823
f 15823 15822 15821
f 15825 15826 15827
f 15827 15828 15825
f 15821 15822 15826
f 15826 15825 15821
f 15823 15824 15828
f 15828 15827 15823
f 15824 15821 15825
f 15825 15828 15824
f 15822 15823 15827
f 15827 15826 15822
f 15865 15868 15867
f 15867 15866 15865
f 15869 15870 15871
f 15871 15872 15869
f 15865 15866 15870
f 15870 15869 15865
f 15867 15868 15872
f 15872 15871 15867
f 15868 15865 15869
f 15869 15872 15868
f 15866 15867 15871
f 15871 15870 15866
f 15873 15876 15875
f 15875 15874 15873
f 15877 15878 15879
f 15879 15880 15877
f 15873 15874 15878
f 15878 15877 15873
f 15875 15876 15880
f 15880 15879 15875
f 15876 15873 15877
f 15877 15880 15876
f 15874 15875 15879
f 15879 15878 15874
f 15905 15908 15907
f 15907 15906 15905
f 15909 15910 15911
f 15911 15912 15909
f 15905 15906 15910
f 15910 15909 15905
f 15907 15908 15912
f 15912 15911 15907
f 15908 15905 15909
f 15909 15912 15908
f 15906 15907 15911
f 15911 15910 15906
f 15913 15916 15915
f 15915 15914 15913
f 15917 15918 15919
f 15919 15920 15917
f 15913 15914 15918
f 15918 15917 15913
f 15915 15916 15920
f 15920 15919 15915
f 15916 15913 15917
f 15917 15920 15916
f 15914 15915 15919
f 15919 15918 15914
f 15957 15960 15959
f 15959 15958 15957
f 15961 15962 15963
f 15963 15964 15961
f 15957 15958 15962
f 15962 15961 15957
f 15959 15960 15964
f 15964 15963 15959
f 15960 15957 15961
f 15961 15964 15960
f 15958 15959 15963
f 15963 15962 15958
f 15965 15968 15967
f 15967 15966 15965
f 15969 15970 15971
f 15971 15972 15969
f 15965 15966 15970
f 15970 15969 15965
f 15967 15968 15972
f 15972 15971 15967
f 15968 15965 15969
f 15969 15972 15968
f 15966 15967 15971
f 15971 15970 15966
f 16033 16036 16035
f 16035 16034 16033
f 16037 16038 16039
f 16039 16040 16037
f 16033 16034 16038
f 16038 16037 16033
f 16035 16036 16040
f 16040 16039 16035
f 16036 16033 16037
f 16037 16040 16036
f 16034 16035 16039
f 16039 16038 16034
f 16041 16044 16043
f 16043 16042 16041
f 16045 16046 16047
f 16047 16048 16045
f 16041 16042 16046
f 16046 16045 16041
f 16043 16044 16048
f 16048 16047 16043
f 16044 16041 16045
f 16045 16048 16044
f 16042 16043 16047
f 16047 16046 16042
f 16109 16112 16111
f 16111 16110 16109
f 16113 16114 16115
f 16115 16116 16113
f 16109 16110 16114
f 16114 16113 16109
f 16111 16112 16116
f 16116 16115 16111
f 16112 16109 16113
f 16113 16116 16112
f 16110 16111 16115
f 16115 16114 16110
f 16117 16120 16119
f 16119 16118 16117
f 16121 16122 16123
f 16123 16124 16121
f 16117 16118 16122
f 16122 16121 16117
f 16119 16120 16124
f 16124 16123 16119
f 16120 16117 16121
f 16121 16124 16120
f 16118 16119 16123
f 16123 16122 16118
f 16161 16164 16163
f 16163 16162 16161
f 16165 16166 16167
f 16167 16168 16165
f 16161 16162 16166
f 16166 16165 16161
f 16163 16164 16168
f 16168 16167 16163
f 16164 16161 16165
f 16165 16168 16164
f 16162 16163 16167
f 16167 16166 16162
f 16169 16172 16171
f 16171 16170 16169
f 16173 16174 16175
f 16175 16176 16173
f 16169 16170 16174
f 16174 16173 16169
f 16171 16172 16176
f 16176 16175 16171
f 16172 16169 16173
f 16173 16176 16172
f 16170 16171 16175
f 16175 16174 16170
f 16213 16216 16215
f 16215 16214 16213
f 16217 16218 16219
f 16219 16220 16217
f 16213 16214 16218
f 16218 16217 16213
f 16215 16216 16220
f 16220 16219 16215
f 16216 16213 16217
f 16217 16220 16216
f 16214 16215 16219
f 16219 16218 16214
f 16221 16224 16223
f 16223 16222 16221
f 16225 16226 16227
f 16227 16228 16225
f 16221 16222 16226
f 16226 16225 16221
f 16223 16224 16228
f 16228 16227 16223
f 16224 16221 16225
f 16225 16228 16224
f 16222 16223 16227
f 16227 16226 16222
f 16313 16316 16315
f 16315 16314 16313
f 16317 16318 16319
f 16319 16320 16317
f 16313 16314 16318
f 16318 16317 16313
f 16315 16316 16320
f 16320 16319 16315
f 16316 16313 16317
f 16317 16320 16316
f 16314 16315 16319
f 16319 16318 16314
f 16321 16324 16323
f 16323 16322 16321
f 16325 16326 16327
f 16327 16328 16325
f 16321 16322 16326
f 16326 16325 16321
f 16323 16324 16328
f 16328 16327 16323
f 16324 16321 16325
f 16325 16328 16324
f 16322 16323 16327
f 16327 16326 16322
f 16401 16404 16403
f 16403 16402 16401
f 16405 16406 16407
f 16407 16408 16405
f 16401 16402 16406
f 16406 16405 16401
f 16403 16404 16408
f 16408 16407 16403
f 16404 16401 16405
f 16405 16408 16404
f 16402 16403 16407
f 16407 16406 16402
f 16409 16412 16411
f 16411 16410 16409
f 16413 16414 16415
f 16415 16416 16413
f 16409 16410 16414
f 16414 16413 16409
f 16411 16412 16416
f 16416 16415 16411
f 16412 16409 16413
f 16413 16416 16412
f 16410 16411 16415
f 16415 16414 16410
f 16501 16504 16503
f 16503 16502 16501
f 16505 16506 16507
f 16507 16508 16505
f 16501 16502 16506
f 16506 16505 16501
f 16503 16504 16508
f 16508 16507 16503
f 16504 16501 16505
f 16505 16508 16504
f 16502 16503 16507
f 16507 16506 16502
f 16509 16512 16511
f 16511 16510 16509
f 16513 16514 16515
f 16515 16516 16513
f 16509 16510 16514
f 16514 16513 16509
f 16511 16512 16516
f 16516 16515 16511
f 16512 16509 16513
f 16513 16516 16512
f 16510 16511 16515
f 16515 16514 16510
f 16565 16568 16567
f 16567 16566 16565
f 16569 16570 16571
f 16571 16572 16569
f 16565 16566 16570
f 16570 16569 16565
f 16567 16568 16572
f 16572 16571 16567
f 16568 16565 16569
f 16569 16572 16568
f 16566 16567 16571
f 16571 16570 16566
f 16573 16576 16575
f 16575 16574 16573
f 16577 16578 16579
f 16579 16580 16577
f 16573 16574 16578
f 16578 16577 16573
f 16575 16576 16580
f 16580 16579 16575
f 16576 16573 16577
f 16577 16580 16576
f 16574 16575 16579
f 16579 16578 16574
f 16641 16644 16643
f 16643 16642 16641
f 16645 16646 16647
f 16647 16648 16645
f 16641 16642 16646
f 16646 16645 16641
f 16643 16644 16648
f 16648 16647 16643
f 16644 16641 16645
f 16645 16648 16644
f 16642 16643 16647
f 16647 16646 16642
f 16649 16652 16651
f 16651 16650 16649
f 16653 16654 16655
f 16655 16656 16653
f 16649 16650 16654
f 16654 16653 16649
f 16651 16652 16656
f 16656 16655 16651
f 16652 16649 16653
f 16653 16656 16652
f 16650 16651 16655
f 16655 16654 16650
f 16753 16756 16755
f 16755 16754 16753
f 16757 16758 16759
f 16759 16760 16757
f 16753 16754 16758
f 16758 16757 16753
f 16755 16756 16760
f 16760 16759 16755
f 16756 16753 16757
f 16757 16760 16756
f 16754 16755 16759
f 16759 16758 16754
f 16761 16764 16763
f 16763 16762 16761
f 16765 16766 16767
f 16767 16768 16765
f 16761 16762 16766
f 16766 16765 16761
f 16763 16764 16768
f 16768 16767 16763
f 16764 16761 16765
f 16765 16768 16764
f 16762 16763 16767
f 16767 16766 16762
f 16829 16832 16831
f 16831 16830 16829
f 16833 16834 16835
f 16835 16836 16833
f 16829 16830 16834
f 16834 16833 16829
f 16831 16832 16836
f 16836 16835 16831
f 16832 16829 16833
f 16833 16836 16832
f 16830 16831 16835
f 16835 16834 16830
f 16837 16840 16839
f 16839 16838 16837
f 16841 16842 16843
f 16843 16844 16841
f 16837 16838 16842
f 16842 16841 16837
f 16839 16840 16844
f 16844 16843 16839
f 16840 16837 16841
f 16841 16844 16840
f 16838 16839 16843
f 16843 16842 16838
f 16905 16908 16907
f 16907 16906 16905
f 16909 16910 16911
f 16911 16912 16909
f 16905 16906 16910
f 16910 16909 16905
f 16907 16908 16912
f 16912 16911 16907
f 16908 16905 16909
f 16909 16912 16908
f 16906 16907 16911
f 16911 16910 16906
f 16913 16916 16915
f 16915 16914 16913
f 16917 16918 16919
f 16919 16920 16917
f 16913 16914 16918
f 16918 16917 16913
f 16915 16916 16920
f 16920 16919 16915
f 16916 16913 16917
f 16917 16920 16916
f 16914 16915 16919
f 16919 16918 16914
f 16957 16960 16959
f 16959 16958 16957
f 16961 16962 16963
f 16963 16964 16961
f 16957 16958 16962
f 16962 16961 16957
f 16959 16960 16964
f 16964 16963 16959
f 16960 16957 16961
f 16961 16964 16960
f 16958 16959 16963
f 16963 16962 16958
f 16965 16968 16967
f 16967 16966 16965
f 16969 16970 16971
f 16971 16972 16969
f 16965 16966 16970
f 16970 16969 16965
f 16967 16968 16972
f 16972 16971 16967
f 16968 16965 16969
f 16969 16972 16968
f 16966 16967 16971
f 16971 16970 16966
f 17021 17024 17023
f 17023 17022 17021
f 17025 17026 17027
f 17027 17028 17025
f 17021 17022 17026
f 17026 17025 17021
f 17023 17024 17028
f 17028 17027 17023
f 17024 17021 17025
f 17025 17028 17024
f 17022 17023 17027
f 17027 17026 17022
f 17029 17032 17031
f 17031 17030 17029
f 17033 17034 17035
f 17035 17036 17033
f 17029 17030 17034
f 17034 17033 17029
f 17031 17032 17036
f 17036 17035 17031
f 17032 17029 17033
f 17033 17036 17032
f 17030 17031 17035
f 17035 17034 17030
f 17073 17076 17075
f 17075 17074 17073
f 17077 17078 17079
f 17079 17080 17077
f 17073 17074 17078
f 17078 17077 17073
f 17075 17076 17080
f 17080 17079 17075
f 17076 17073 17077
f 17077 17080 17076
f 17074 17075 17079
f 17079 17078 17074
f 17081 17084 17083
f 17083 17082 17081
f 17085 17086 17087
f 17087 17088 17085
f 17081 17082 17086
f 17086 17085 17081
f 17083 17084 17088
f 17088 17087 17083
f 17084 17081 17085
f 17085 17088 17084
f 17082 17083 17087
f 17087 17086 17082
f 17113 17116 17115
f 17115 17114 17113
f 17117 17118 17119
f 17119 17120 17117
f 17113 17114 17118
f 17118 17117 17113
f 17115 17116 17120
f 17120 17119 17115
f 17116 17113 17117
f 17117 17120 17116
f 17114 17115 17119
f 17119 17118 17114
f 17121 17124 17123
f 17123 17122 17121
f 17125 17126 17127
f 17127 17128 17125
f 17121 17122 17126
f 17126 17125 17121
f 17123 17124 17128
f 17128 17127 17123
f 17124 17121 17125
f 17125 17128 17124
f 17122 17123 17127
f 17127 17126 17122
f 17177 17180 17179
f 17179 17178 17177
f 17181 17182 17183
f 17183 17184 17181
f 17177 17178 17182
f 17182 17181 17177
f 17179 17180 17184
f 17184 17183 17179
f 17180 17177 17181
f 17181 17184 17180
f 17178 17179 17183
f 17183 17182 17178
f 17185 17188 17187
f 17187 17186 17185
f 17189 17190 17191
f 17191 17192 17189
f 17185 17186 17190
f 17190 17189 17185
f 17187 17188 17192
f 17192 17191 17187
f 17188 17185 17189
f 17189 17192 17188
f 17186 17187 17191
f 17191 17190 17186
f 17229 17232 17231
f 17231 17230 17229
f 17233 17234 17235
f 17235 17236 17233
f 17229 17230 17234
f 17234 17233 17229
f 17231 17232 17236
f 17236 17235 17231
f 17232 17229 17233
f 17233 17236 17232
f 17230 17231 17235
f 17235 17234 17230
f 17237 17240 17239
f 17239 17238 17237
f 17241 17242 17243
f 17243 17244 17241
f 17237 17238 17242
f 17242 17241 17237
f 17239 17240 17244
f 17244 17243 17239
f 17240 17237 17241
f 17241 17244 17240
f 17238 17239 17243
f 17243 17242 17238
f 17281 17284 17283
f 17283 17282 17281
f 17285 17286 17287
f 17287 17288 17285
f 17281 17282 17286
f 17286 17285 17281
f 17283 17284 17288
f 17288 17287 17283
f 17284 17281 17285
f 17285 17288 17284
f 17282 17283 17287
f 17287 17286 17282
f 17289 17292 17291
f 17291 17290 17289
f 17293 17294 17295
f 17295 17296 17293
f 17289 17290 17294
f 17294 17293 17289
f 17291 17292 17296
f 17296 17295 17291
f 17292 17289 17293
f 17293 17296 17292
f 17290 17291 17295
f 17295 17294 17290
f 17345 17348 17347
f 17347 17346 17345
f 17349 17350 17351
f 17351 17352 17349
f 17345 17346 17350
f 17350 17349 17345
f 17347 17348 17352
f 17352 17351 17347
f 17348 17345 17349
f 17349 17352 17348
f 17346 17347 17351
f 17351 17350 17346
f 17353 17356 17355
f 17355 17354 17353
f 17357 17358 17359
f 17359 17360 17357
f 17353 17354 17358
f 17358 17357 17353
f 17355 17356 17360
f 17360 17359 17355
f 17356 17353 17357
f 17357 17360 17356
f 17354 17355 17359
f 17359 17358 17354
f 17385 17388 17387
f 17387 17386 17385
f 17389 17390 17391
f 17391 17392 17389
f 17385 17386 17390
f 17390 17389 17385
f 17387 17388 17392
f 17392 17391 17387
f 17388 17385 17389
f 17389 17392 17388
f 17386 17387 17391
f 17391 17390 17386
f 17393 17396 17395
f 17395 17394 17393
f 17397 17398 17399
f 17399 17400 17397
f 17393 17394 17398
f 17398 17397 17393
f 17395 17396 17400
f 17400 17399 17395
f 17396 17393 17397
f 17397 17400 17396
f 17394 17395 17399
f 17399 17398 17394
f 17437 17440 17439
f 17439 17438 17437
f 17441 17442 17443
f 17443 17444 17441
f 17437 17438 17442
f 17442 17441 17437
f 17439 17440 17444
f 17444 17443 17439
f 17440 17437 17441
f 17441 17444 17440
f 17438 17439 17443
f 17443 17442 17438
f 17445 17448 17447
f 17447 17446 17445
f 17449 17450 17451
f 17451 17452 17449
f 17445 17446 17450
f 17450 17449 17445
f 17447 17448 17452
f 17452 17451 17447
f 17448 17445 17449
f 17449 17452 17448
f 17446 17447 17451
f 17451 17450 17446
f 17489 17492 17491
f 17491 17490 17489
f 17493 17494 17495
f 17495 17496 17493
f 17489 17490 17494
f 17494 17493 17489
f 17491 17492 17496
f 17496 17495 17491
f 17492 17489 17493
f 17493 17496 17492
f 17490 17491 17495
f 17495 17494 17490
f 17497 17500 17499
f 17499 17498 17497
f 17501 17502 17503
f 17503 17504 17501
f 17497 17498 17502
f 17502 17501 17497
f 17499 17500 17504
f 17504 17503 17499
f 17500 17497 17501
f 17501 17504 17500
f 17498 17499 17503
f 17503 17502 17498
f 17529 17532 17531
f 17531 17530 17529
f 17533 17534 17535
f 17535 17536 17533
f 17529 17530 17534
f 17534 17533 17529
f 17531 17532 17536
f 17536 17535 17531
f 17532 17529 17533
f 17533 17536 17532
f 17530 17531 17535
f 17535 17534 17530
f 17537 17540 17539
f 17539 17538 17537
f 17541 17542 17543
f 17543 17544 17541
f 17537 17538 17542
f 17542 17541 17537
f 17539 17540 17544
f 17544 17543 17539
f 17540 17537 17541
f 17541 17544 17540
f 17538 17539 17543
f 17543 17542 17538
f 17569 17572 17571
f 17571 17570 17569
f 17573 17574 17575
f 17575 17576 17573
f 17569 17570 17574
f 17574 17573 17569
f 17571 17572 17576
f 17576 17575 17571
f 17572 17569 17573
f 17573 17576 17572
f 17570 17571 17575
f 17575 17574 17570
f 17577 17580 17579
f 17579 17578 17577
f 17581 17582 17583
f 17583 17584 17581
f 17577 17578 17582
f 17582 17581 17577
f 17579 17580 17584
f 17584 17583 17579
f 17580 17577 17581
f 17581 17584 17580
f 17578 17579 17583
f 17583 17582 17578
f 17609 17612 17611
f 17611 17610 17609
f 17613 17614 17615
f 17615 17616 17613
f 17609 17610 17614
f 17614 17613 17609
f 17611 17612 17616
f 17616 17615 17611
f 17612 17609 17613
f 17613 17616 17612
f 17610 17611 17615
f 17615 17614 17610
f 17617 17620 17619
f 17619 17618 17617
f 17621 17622 17623
f 17623 17624 17621
f 17617 17618 17622
f 17622 17621 17617
f 17619 17620 17624
f 17624 17623 17619
f 17620 17617 17621
f 17621 17624 17620
f 17618 17619 17623
f 17623 17622 17618
f 17661 17664 17663
f 17663 17662 17661
f 17665 17666 17667
f 17667 17668 17665
f 17661 17662 17666
f 17666 17665 17661
f 17663 17664 17668
f 17668 17667 17663
f 17664 17661 17665
f 17665 17668 17664
f 17662 17663 17667
f 17667 17666 17662
f 17669 17672 17671
f 17671 17670 17669
f 17673 17674 17675
f 17675 17676 17673
f 17669 17670 17674
f 17674 17673 17669
f 17671 17672 17676
f 17676 17675 17671
f 17672 17669 17673
f 17673 17676 17672
f 17670 17671 17675
f 17675 17674 17670
f 17749 17752 17751
f 17751 17750 17749
f 17753 17754 17755
f 17755 17756 17753
f 17749 17750 17754
f 17754 17753 17749
f 17751 17752 17756
f 17756 17755 17751
f 17752 17749 17753
f 17753 17756 17752
f 17750 17751 17755
f 17755 17754 17750
f 17757 17760 17759
f 17759 17758 17757
f 17761 17762 17763
f 17763 17764 17761
f 17757 17758 17762
f 17762 17761 17757
f 17759 17760 17764
f 17764 17763 17759
f 17760 17757 17761
f 17761 17764 17760
f 17758 17759 17763
f 17763 17762 17758
f 17801 17804 17803
f 17803 17802 17801
f 17805 17806 17807
f 17807 17808 17805
f 17801 17802 17806
f 17806 17805 17801
f 17803 17804 17808
f 17808 17807 17803
f 17804 17801 17805
f 17805 17808 17804
f 17802 17803 17807
f 17807 17806 17802
f 17809 17812 17811
f 17811 17810 17809
f 17813 17814 17815
f 17815 17816 17813
f 17809 17810 17814
f 17814 17813 17809
f 17811 17812 17816
f 17816 17815 17811
f 17812 17809 17813
f 17813 17816 17812
f 17810 17811 17815
f 17815 17814 17810
f 17853 17856 17855
f 17855 17854 17853
f 17857 17858 17859
f 17859 17860 17857
f 17853 17854 17858
f 17858 17857 17853
f 17855 17856 17860
f 17860 17859 17855
f 17856 17853 17857
f 17857 17860 17856
f 17854 17855 17859
f 17859 17858 17854
f 17861 17864 17863
f 17863 17862 17861
f 17865 17866 17867
f 17867 17868 17865
f 17861 17862 17866
f 17866 17865 17861
f 17863 17864 17868
f 17868 17867 17863
f 17864 17861 17865
f 17865 17868 17864
f 17862 17863 17867
f 17867 17866 17862
f 17893 17896 17895
f 17895 17894 17893
f 17897 17898 17899
f 17899 17900 17897
f 17893 17894 17898
f 17898 17897 17893
f 17895 17896 17900
f 17900 17899 17895
f 17896 17893 17897
f 17897 17900 17896
f 17894 17895 17899
f 17899 17898 17894
f 17901 17904 17903
f 17903 17902 17901
f 17905 17906 17907
f 17907 17908 17905
f 17901 17902 17906
f 17906 17905 17901
f 17903 17904 17908
f 17908 17907 17903
f 17904 17901 17905
f 17905 17908 17904
f 17902 17903 17907
f 17907 17906 17902
f 17957 17960 17959
f 17959 17958 17957
f 17961 17962 17963
f 17963 17964 17961
f 17957 17958 17962
f 17962 17961 17957
f 17959 17960 17964
f 17964 17963 17959
f 17960 17957 17961
f 17961 17964 17960
f 17958 17959 17963
f 17963 17962 17958
f 17965 17968 17967
f 17967 17966 17965
f 17969 17970 17971
f 17971 17972 17969
f 17965 17966 17970
f 17970 17969 17965
f 17967 17968 17972
f 17972 17971 17967
f 17968 17965 17969
f 17969 17972 17968
f 17966 17967 17971
f 17971 17970 17966
f 18009 18012 18011
f 18011 18010 18009
f 18013 18014 18015
f 18015 18016 18013
f 18009 18010 18014
f 18014 18013 18009
f 18011 18012 18016
f 18016 18015 18011
f 18012 18009 18013
f 18013 18016 18012
f 18010 18011 18015
f 18015 18014 18010
f 18017 18020 18019
f 18019 18018 18017
f 18021 18022 18023
f 18023 18024 18021
f 18017 18018 18022
f 18022 18021 18017
f 18019 18020 18024
f 18024 18023 18019
f 18020 18017 18021
f 18021 18024 18020
f 18018 18019 18023
f 18023 18022 18018
f 18061 18064 18063
f 18063 18062 18061
f 18065 18066 18067
f 18067 18068 18065
f 18061 18062 18066
f 18066 18065 18061
f 18063 18064 18068
f 18068 18067 18063
f 18064 18061 18065
f 18065 18068 18064
f 18062 18063 18067
f 18067 18066 18062
f 18069 18072 18071
f 18071 18070 18069
f 18073 18074 18075
f 18075 18076 18073
f 18069 18070 18074
f 18074 18073 18069
f 18071 18072 18076
f 18076 18075 18071
f 18072 18069 18073
f 18073 18076 18072
f 18070 18071 18075
f 18075 18074 18070
f 18125 18128 18127
f 18127 18126 18125
f 18129 18130 18131
f 18131 18132 18129
f 18125 18126 18130
f 18130 18129 18125
f 18127 18128 18132
f 18132 18131 18127
f 18128 18125 18129
f 18129 18132 18128
f 18126 18127 18131
f 18131 18130 18126
f 18133 18136 18135
f 18135 18134 18133
f 18137 18138 18139
f 18139 18140 18137
f 18133 18134 18138
f 18138 18137 18133
f 18135 18136 18140
f 18140 18139 18135
f 18136 18133 18137
f 18137 18140 18136
f 18134 18135 18139
f 18139 18138 18134
f 18165 18168 18167
f 18167 18166 18165
f 18169 18170 18171
f 18171 18172 18169
f 18165 18166 18170
f 18170 18169 18165
f 18167 18168 18172
f 18172 18171 18167
f 18168 18165 18169
f 18169 18172 18168
f 18166 18167 18171
f 18171 18170 18166
f 18173 18176 18175
f 18175 18174 18173
f 18177 18178 18179
f 18179 18180 18177
f 18173 18174 18178
f 18178 18177 18173
f 18175 18176 18180
f 18180 18179 18175
f 18176 18173 18177
f 18177 18180 18176
f 18174 18175 18179
f 18179 18178 18174
f 18229 18232 18231
f 18231 18230 18229
f 18233 18234 18235
f 18235 18236 18233
f 18229 18230 18234
f 18234 18233 18229
f 18231 18232 18236
f 18236 18235 18231
f 18232 18229 18233
f 18233 18236 18232
f 18230 18231 18235
f 18235 18234 18230
f 18237 18240 18239
f 18239 18238 18237
f 18241 18242 18243
f 18243 18244 18241
f 18237 18238 18242
f 18242 18241 18237
f 18239 18240 18244
f 18244 18243 18239
f 18240 18237 18241
f 18241 18244 18240
f 18238 18239 18243
f 18243 18242 18238
f 18281 18284 18283
f 18283 18282 18281
f 18285 18286 18287
f 18287 18288 18285
f 18281 18282 18286
f 18286 18285 18281
f 18283 18284 18288
f 18288 18287 18283
f 18284 18281 18285
f 18285 18288 18284
f 18282 18283 18287
f 18287 18286 18282
f 18289 18292 18291
f 18291 18290 18289
f 18293 18294 18295
f 18295 18296 18293
f 18289 18290 18294
f 18294 18293 18289
f 18291 18292 18296
f 18296 18295 18291
f 18292 18289 18293
f 18293 18296 18292
f 18290 18291 18295
f 18295 18294 18290
f 18345 18348 18347
f 18347 18346 18345
f 18349 18350 18351
f 18351 18352 18349
f 18345 18346 18350
f 18350 18349 18345
f 18347 18348 18352
f 18352 18351 18347
f 18348 18345 18349
f 18349 18352 18348
f 18346 18347 18351
f 18351 18350 18346
f 18353 18356 18355
f 18355 18354 18353
f 18357 18358 18359
f 18359 18360 18357
f 18353 18354 18358
f 18358 18357 18353
f 18355 18356 18360
f 18360 18359 18355
f 18356 18353 18357
f 18357 18360 18356
f 18354 18355 18359
f 18359 18358 18354
f 18397 18400 18399
f 18399 18398 18397
f 18401 18402 18403
f 18403 18404 18401
f 18397 18398 18402
f 18402 18401 18397
f 18399 18400 18404
f 18404 18403 18399
f 18400 18397 18401
f 18401 18404 18400
f 18398 18399 18403
f 18403 18402 18398
f 18405 18408 18407
f 18407 18406 18405
f 18409 18410 18411
f 18411 18412 18409
f 18405 18406 18410
f 18410 18409 18405
f 18407 18408 18412
f 18412 18411 18407
f 18408 18405 18409
f 18409 18412 18408
f 18406 18407 18411
f 18411 18410 18406
f 18437 18440 18439
f 18439 18438 18437
f 18441 18442 18443
f 18443 18444 18441
f 18437 18438 18442
f 18442 18441 18437
f 18439 18440 18444
f 18444 18443 18439
f 18440 18437 18441
f 18441 18444 18440
f 18438 18439 18443
f 18443 18442 18438
f 18445 18448 18447
f 18447 18446 18445
f 18449 18450 18451
f 18451 18452 18449
f 18445 18446 18450
f 18450 18449 18445
f 18447 18448 18452
f 18452 18451 18447
f 18448 18445 18449
f 18449 18452 18448
f 18446 18447 18451
f 18451 18450 18446
f 18477 18480 18479
f 18479 18478 18477
f 18481 18482 18483
f 18483 18484 18481
f 18477 18478 18482
f 18482 18481 18477
f 18479 18480 18484
f 18484 18483 18479
f 18480 18477 18481
f 18481 18484 18480
f 18478 18479 18483
f 18483 18482 18478
f 18485 18488 18487
f 18487 18486 18485
f 18489 18490 18491
f 18491 18492 18489
f 18485 18486 18490
f 18490 18489 18485
f 18487 18488 18492
f 18492 18491 18487
f 18488 18485 18489
f 18489 18492 18488
f 18486 18487 18491
f 18491 18490 18486
f 18517 18520 18519
f 18519 18518 18517
f 18521 18522 18523
f 18523 18524 18521
f 18517 18518 18522
f 18522 18521 18517
f 18519 18520 18524
f 18524 18523 18519
f 18520 18517 18521
f 18521 18524 18520
f 18518 18519 18523
f 18523 18522 18518
f 18525 18528 18527
f 18527 18526 18525
f 18529 18530 18531
f 18531 18532 18529
f 18525 18526 18530
f 18530 18529 18525
f 18527 18528 18532
f 18532 18531 18527
f 18528 18525 18529
f 18529 18532 18528
f 18526 18527 18531
f 18531 18530 18526
f 18581 18584 18583
f 18583 18582 18581
f 18585 18586 18587
f 18587 18588 18585
f 18581 18582 18586
f 18586 18585 18581
f 18583 18584 18588
f 18588 18587 18583
f 18584 18581 18585
f 18585 18588 18584
f 18582 18583 18587
f 18587 18586 18582
f 18589 18592 18591
f 18591 18590 18589
f 18593 18594 18595
f 18595 18596 18593
f 18589 18590 18594
f 18594 18593 18589
f 18591 18592 18596
f 18596 18595 18591
f 18592 18589 18593
f 18593 18596 18592
f 18590 18591 18595
f 18595 18594 18590
f 18633 18636 18635
f 18635 18634 18633
f 18637 18638 18639
f 18639 18640 18637
f 18633 18634 18638
f 18638 18637 18633
f 18635 18636 18640
f 18640 18639 18635
f 18636 18633 18637
f 18637 18640 18636
f 18634 18635 18639
f 18639 18638 18634
f 18641 18644 18643
f 18643 18642 18641
f 18645 18646 18647
f 18647 18648 18645
f 18641 18642 18646
f 18646 18645 18641
f 18643 18644 18648
f 18648 18647 18643
f 18644 18641 18645
f 18645 18648 18644
f 18642 18643 18647
f 18647 18646 18642
f 18685 18688 18687
f 18687 18686 18685
f 18689 18690 18691
f 18691 18692 18689
f 18685 18686 18690
f 18690 18689 18685
f 18687 18688 18692
f 18692 18691 18687
f 18688 18685 18689
f 18689 18692 18688
f 18686 18687 18691
f 18691 18690 18686
f 18693 18696 18695
f 18695 18694 18693
f 18697 18698 18699
f 18699 18700 18697
f 18693 18694 18698
f 18698 18697 18693
f 18695 18696 18700
f 18700 18699 18695
f 18696 18693 18697
f 18697 18700 18696
f 18694 18695 18699
f 18699 18698 18694
f 18749 18752 18751
f 18751 18750 18749
f 18753 18754 18755
f 18755 18756 18753
f 18749 18750 18754
f 18754 18753 18749
f 18751 18752 18756
f 18756 18755 18751
f 18752 18749 18753
f 18753 18756 18752
f 18750 18751 18755
f 18755 18754 18750
f 18757 18760 18759
f 18759 18758 18757
f 18761 18762 18763
f 18763 18764 18761
f 18757 18758 18762
f 18762 18761 18757
f 18759 18760 18764
f 18764 18763 18759
f 18760 18757 18761
f 18761 18764 18760
f 18758 18759 18763
f 18763 18762 18758
f 18813 18816 18815
f 18815 18814 18813
f 18817 18818 18819
f 18819 18820 18817
f 18813 18814 18818
f 18818 18817 18813
f 18815 18816 18820
f 18820 18819 18815
f 18816 18813 18817
f 18817 18820 18816
f 18814 18815 18819
f 18819 18818 18814
f 18821 18824 18823
f 18823 18822 18821
f 18825 18826 18827
f 18827 18828 18825
f 18821 18822 18826
f 18826 18825 18821
f 18823 18824 18828
f 18828 18827 18823
f 18824 18821 18825
f 18825 18828 18824
f 18822 18823 18827
f 18827 18826 18822
f 18865 18868 18867
f 18867 18866 18865
f 18869 18870 18871
f 18871 18872 18869
f 18865 18866 18870
f 18870 18869 18865
f 18867 18868 18872
f 18872 18871 18867
f 18868 18865 18869
f 18869 18872 18868
f 18866 18867 18871
f 18871 18870 18866
f 18873 18876 18875
f 18875 18874 18873
f 18877 18878 18879
f 18879 18880 18877
f 18873 18874 18878
f 18878 18877 18873
f 18875 18876 18880
f 18880 18879 18875
f 18876 18873 18877
f 18877 18880 18876
f 18874 18875 18879
f 18879 18878 18874
f 18905 18908 18907
f 18907 18906 18905
f 18909 18910 18911
f 18911 18912 18909
f 18905 18906 18910
f 18910 18909 18905
f 18907 18908 18912
f 18912 18911 18907
f 18908 18905 18909
f 18909 18912 18908
f 18906 18907 18911
f 18911 18910 18906
f 18913 18916 18915
f 18915 18914 18913
f 18917 18918 18919
f 18919 18920 18917
f 18913 18914 18918
f 18918 18917 18913
f 18915 18916 18920
f 18920 18919 18915
f 18916 18913 18917
f 18917 18920 18916
f 18914 18915 18919
f 18919 18918 18914
f 18945 18948 18947
f 18947 18946 18945
f 18949 18950 18951
f 18951 18952 18949
f 18945 18946 18950
f 18950 18949 18945
f 18947 18948 18952
f 18952 18951 18947
f 18948 18945 18949
f 18949 18952 18948
f 18946 18947 18951
f 18951 18950 18946
f 18953 18956 18955
f 18955 18954 18953
f 18957 18958 18959
f 18959 18960 18957
f 18953 18954 18958
f 18958 18957 18953
f 18955 18956 18960
f 18960 18959 18955
f 18956 18953 18957
f 18957 18960 18956
f 18954 18955 18959
f 18959 18958 18954
f 18985 18988 18987
f 18987 18986 18985
f 18989 18990 18991
f 18991 18992 18989
f 18985 18986 18990
f 18990 18989 18985
f 18987 18988 18992
f 18992 18991 18987
f 18988 18985 18989
f 18989 18992 18988
f 18986 18987 18991
f 18991 18990 18986
f 18993 18996 18995
f 18995 18994 18993
f 18997 18998 18999
f 18999 19000 18997
f 18993 18994 18998
f 18998 18997 18993
f 18995 18996 19000
f 19000 18999 18995
f 18996 18993 18997
f 18997 19000 18996
f 18994 18995 18999
f 18999 18998 18994
f 19085 19088 19087
f 19087 19086 19085
f 19089 19090 19091
f 19091 19092 19089
f 19085 19086 19090
f 19090 19089 19085
f 19087 19088 19092
f 19092 19091 19087
f 19088 19085 19089
f 19089 19092 19088
f 19086 19087 19091
f 19091 19090 19086
f 19093 19096 19095
f 19095 19094 19093
f 19097 19098 19099
f 19099 19100 19097
f 19093 19094 19098
f 19098 19097 19093
f 19095 19096 19100
f 19100 19099 19095
f 19096 19093 19097
f 19097 19100 19096
f 19094 19095 19099
f 19099 19098 19094
f 19125 19128 19127
f 19127 19126 19125
f 19129 19130 19131
f 19131 19132 19129
f 19125 19126 19130
f 19130 19129 19125
f 19127 19128 19132
f 19132 19131 19127
f 19128 19125 19129
f 19129 19132 19128
f 19126 19127 19131
f 19131 19130 19126
f 19133 19136 19135
f 19135 19134 19133
f 19137 19138 19139
f 19139 19140 19137
f 19133 19134 19138
f 19138 19137 19133
f 19135 19136 19140
f 19140 19139 19135
f 19136 19133 19137
f 19137 19140 19136
f 19134 19135 19139
f 19139 19138 19134
f 19189 19192 19191
f 19191 19190 19189
f 19193 19194 19195
f 19195 19196 19193
f 19189 19190 19194
f 19194 19193 19189
f 19191 19192 19196
f 19196 19195 19191
f 19192 19189 19193
f 19193 19196 19192
f 19190 19191 19195
f 19195 19194 19190
f 19197 19200 19199
f 19199 19198 19197
f 19201 19202 19203
f 19203 19204 19201
f 19197 19198 19202
f 19202 19201 19197
f 19199 19200 19204
f 19204 19203 19199
f 19200 19197 19201
f 19201 19204 19200
f 19198 19199 19203
f 19203 19202 19198
f 19265 19268 19267
f 19267 19266 19265
f 19269 19270 19271
f 19271 19272 19269
f 19265 19266 19270
f 19270 19269 19265
f 19267 19268 19272
f 19272 19271 19267
f 19268 19265 19269
f 19269 19272 19268
f 19266 19267 19271
f 19271 19270 19266
f 19273 19276 19275
f 19275 19274 19273
f 19277 19278 19279
f 19279 19280 19277
f 19273 19274 19278
f 19278 19277 19273
f 19275 19276 19280
f 19280 19279 19275
f 19276 19273 19277
f 19277 19280 19276
f 19274 19275 19279
f 19279 19278 19274
f 19341 19344 19343
f 19343 19342 19341
f 19345 19346 19347
f 19347 19348 19345
f 19341 19342 19346
f 19346 19345 19341
f 19343 19344 19348
f 19348 19347 19343
f 19344 19341 19345
f 19345 19348 19344
f 19342 19343 19347
f 19347 19346 19342
f 19349 19352 19351
f 19351 19350 19349
f 19353 19354 19355
f 19355 19356 19353
f 19349 19350 19354
f 19354 19353 19349
f 19351 19352 19356
f 19356 19355 19351
f 19352 19349 19353
f 19353 19356 19352
f 19350 19351 19355
f 19355 19354 19350
f 19381 19384 19383
f 19383 19382 19381
f 19385 19386 19387
f 19387 19388 19385
f 19381 19382 19386
f 19386 19385 19381
f 19383 19384 19388
f 19388 19387 19383
f 19384 19381 19385
f 19385 19388 19384
f 19382 19383 19387
f 19387 19386 19382
f 19389 19392 19391
f 19391 19390 19389
f 19393 19394 19395
f 19395 19396 19393
f 19389 19390 19394
f 19394 19393 19389
f 19391 19392 19396
f 19396 19395 19391
f 19392 19389 19393
f 19393 19396 19392
f 19390 19391 19395
f 19395 19394 19390
f 19433 19436 19435
f 19435 19434 19433
f 19437 19438 19439
f 19439 19440 19437
f 19433 19434 19438
f 19438 19437 19433
f 19435 19436 19440
f 19440 19439 19435
f 19436 19433 19437
f 19437 19440 19436
f 19434 19435 19439
f 19439 19438 19434
f 19441 19444 19443
f 19443 19442 19441
f 19445 19446 19447
f 19447 19448 19445
f 19441 19442 19446
f 19446 19445 19441
f 19443 19444 19448
f 19448 19447 19443
f 19444 19441 19445
f 19445 19448 19444
f 19442 19443 19447
f 19447 19446 19442
f 19485 19488 19487
f 19487 19486 19485
f 19489 19490 19491
f 19491 19492 19489
f 19485 19486 19490
f 19490 19489 19485
f 19487 19488 19492
f 19492 19491 19487
f 19488 19485 19489
f 19489 19492 19488
f 19486 19487 19491
f 19491 19490 19486
f 19493 19496 19495
f 19495 19494 19493
f 19497 19498 19499
f 19499 19500 19497
f 19493 19494 19498
f 19498 19497 19493
f 19495 19496 19500
f 19500 19499 19495
f 19496 19493 19497
f 19497 19500 19496
f 19494 19495 19499
f 19499 19498 19494
f 19537 19540 19539
f 19539 19538 19537
f 19541 19542 19543
f 19543 19544 19541
f 19537 19538 19542
f 19542 19541 19537
f 19539 19540 19544
f 19544 19543 19539
f 19540 19537 19541
f 19541 19544 19540
f 19538 19539 19543
f 19543 19542 19538
f 19545 19548 19547
f 19547 19546 19545
f 19549 19550 19551
f 19551 19552 19549
f 19545 19546 19550
f 19550 19549 19545
f 19547 19548 19552
f 19552 19551 19547
f 19548 19545 19549
f 19549 19552 19548
f 19546 19547 19551
f 19551 19550 19546
f 19589 19592 19591
f 19591 19590 19589
f 19593 19594 19595
f 19595 19596 19593
f 19589 19590 19594
f 19594 19593 19589
f 19591 19592 19596
f 19596 19595 19591
f 19592 19589 19593
f 19593 19596 19592
f 19590 19591 19595
f 19595 19594 19590
f 19597 19600 19599
f 19599 19598 19597
f 19601 19602 19603
f 19603 19604 19601
f 19597 19598 19602
f 19602 19601 19597
f 19599 19600 19604
f 19604 19603 19599
f 19600 19597 19601
f 19601 19604 19600
f 19598 19599 19603
f 19603 19602 19598
f 19629 19632 19631
f 19631 19630 19629
f 19633 19634 19635
f 19635 19636 19633
f 19629 19630 19634
f 19634 19633 19629
f 19631 19632 19636
f 19636 19635 19631
f 19632 19629 19633
f 19633 19636 19632
f 19630 19631 19635
f 19635 19634 19630
f 19637 19640 19639
f 19639 19638 19637
f 19641 19642 19643
f 19643 19644 19641
f 19637 19638 19642
f 19642 19641 19637
f 19639 19640 19644
f 19644 19643 19639
f 19640 19637 19641
f 19641 19644 19640
f 19638 19639 19643
f 19643 19642 19638
f 19681 19684 19683
f 19683 19682 19681
f 19685 19686 19687
f 19687 19688 19685
f 19681 19682 19686
f 19686 19685 19681
f 19683 19684 19688
f 19688 19687 19683
f 19684 19681 19685
f 19685 19688 19684
f 19682 19683 19687
f 19687 19686 19682
f 19689 19692 19691
f 19691 19690 19689
f 19693 19694 19695
f 19695 19696 19693
f 19689 19690 19694
f 19694 19693 19689
f 19691 19692 19696
f 19696 19695 19691
f 19692 19689 19693
f 19693 19696 19692
f 19690 19691 19695
f 19695 19694 19690
f 19721 19724 19723
f 19723 19722 19721
f 19725 19726 19727
f 19727 19728 19725
f 19721 19722 19726
f 19726 19725 19721
f 19723 19724 19728
f 19728 19727 19723
f 19724 19721 19725
f 19725 19728 19724
f 19722 19723 19727
f 19727 19726 19722
f 19729 19732 19731
f 19731 19730 19729
f 19733 19734 19735
f 19735 19736 19733
f 19729 19730 19734
f 19734 19733 19729
f 19731 19732 19736
f 19736 19735 19731
f 19732 19729 19733
f 19733 19736 19732
f 19730 19731 19735
f 19735 19734 19730
f 19785 19788 19787
f 19787 19786 19785
f 19789 19790 19791
f 19791 19792 19789
f 19785 19786 19790
f 19790 19789 19785
f 19787 19788 19792
f 19792 19791 19787
f 19788 19785 19789
f 19789 19792 19788
f 19786 19787 19791
f 19791 19790 19786
f 19793 19796 19795
f 19795 19794 19793
f 19797 19798 19799
f 19799 19800 19797
f 19793 19794 19798
f 19798 19797 19793
f 19795 19796 19800
f 19800 19799 19795
f 19796 19793 19797
f 19797 19800 19796
f 19794 19795 19799
f 19799 19798 19794
f 19849 19852 19851
f 19851 19850 19849
f 19853 19854 19855
f 19855 19856 19853
f 19849 19850 19854
f 19854 19853 19849
f 19851 19852 19856
f 19856 19855 19851
f 19852 19849 19853
f 19853 19856 19852
f 19850 19851 19855
f 19855 19854 19850
f 19857 19860 19859
f 19859 19858 19857
f 19861 19862 19863
f 19863 19864 19861
f 19857 19858 19862
f 19862 19861 19857
f 19859 19860 19864
f 19864 19863 19859
f 19860 19857 19861
f 19861 19864 19860
f 19858 19859 19863
f 19863 19862 19858
f 19913 19916 19915
f 19915 19914 19913
f 19917 19918 19919
f 19919 19920 19917
f 19913 19914 19918
f 19918 19917 19913
f 19915 19916 19920
f 19920 19919 19915
f 19916 19913 19917
f 19917 19920 19916
f 19914 19915 19919
f 19919 19918 19914
f 19921 19924 19923
f 19923 19922 19921
f 19925 19926 19927
f 19927 19928 19925
f 19921 19922 19926
f 19926 19925 19921
f 19923 19924 19928
f 19928 19927 19923
f 19924 19921 19925
f 19925 19928 19924
f 19922 19923 19927
f 19927 19926 19922
f 19977 19980 19979
f 19979 19978 19977
f 19981 19982 19983
f 19983 19984 19981
f 19977 19978 19982
f 19982 19981 19977
f 19979 19980 19984
f 19984 19983 19979
f 19980 19977 19981
f 19981 19984 19980
f 19978 19979 19983
f 19983 19982 19978
f 19985 19988 19987
f 19987 19986 19985
f 19989 19990 19991
f 19991 19992 19989
f 19985 19986 19990
f 19990 19989 19985
f 19987 19988 19992
f 19992 19991 19987
f 19988 19985 19989
f 19989 19992 19988
f 19986 19987 19991
f 19991 19990 19986
f 20053 20056 20055
f 20055 20054 20053
f 20057 20058 20059
f 20059 20060 20057
f 20053 20054 20058
f 20058 20057 20053
f 20055 20056 20060
f 20060 20059 20055
f 20056 20053 20057
f 20057 20060 20056
f 20054 20055 20059
f 20059 20058 20054
f 20061 20064 20063
f 20063 20062 20061
f 20065 20066 20067
f 20067 20068 20065
f 20061 20062 20066
f 20066 20065 20061
f 20063 20064 20068
f 20068 20067 20063
f 20064 20061 20065
f 20065 20068 20064
f 20062 20063 20067
f 20067 20066 20062
f 20117 20120 20119
f 20119 20118 20117
f 20121 20122 20123
f 20123 20124 20121
f 20117 20118 20122
f 20122 20121 20117
f 20119 20120 20124
f 20124 20123 20119
f 20120 20117 20121
f 20121 20124 20120
f 20118 20119 20123
f 20123 20122 20118
f 20125 20128 20127
f 20127 20126 20125
f 20129 20130 20131
f 20131 20132 20129
f 20125 20126 20130
f 20130 20129 20125
f 20127 20128 20132
f 20132 20131 20127
f 20128 20125 20129
f 20129 20132 20128
f 20126 20127 20131
f 20131 20130 20126
f 20205 20208 20207
f 20207 20206 20205
f 20209 20210 20211
f 20211 20212 20209
f 20205 20206 20210
f 20210 20209 20205
f 20207 20208 20212
f 20212 20211 20207
f 20208 20205 20209
f 20209 20212 20208
f 20206 20207 20211
f 20211 20210 20206
f 20213 20216 20215
f 20215 20214 20213
f 20217 20218 20219
f 20219 20220 20217
f 20213 20214 20218
f 20218 20217 20213
f 20215 20216 20220
f 20220 20219 20215
f 20216 20213 20217
f 20217 20220 20216
f 20214 20215 20219
f 20219 20218 20214
f 20257 20260 20259
f 20259 20258 20257
f 20261 20262 20263
f 20263 20264 20261
f 20257 20258 20262
f 20262 20261 20257
f 20259 20260 20264
f 20264 20263 20259
f 20260 20257 20261
f 20261 20264 20260
f 20258 20259 20263
f 20263 20262 20258
f 20265 20268 20267
f 20267 20266 20265
f 20269 20270 20271
f 20271 20272 20269
f 20265 20266 20270
f 20270 20269 20265
f 20267 20268 20272
f 20272 20271 20267
f 20268 20265 20269
f 20269 20272 20268
f 20266 20267 20271
f 20271 20270 20266
f 20321 20324 20323
f 20323 20322 20321
f 20325 20326 20327
f 20327 20328 20325
f 20321 20322 20326
f 20326 20325 20321
f 20323 20324 20328
f 20328 20327 20323
f 20324 20321 20325
f 20325 20328 20324
f 20322 20323 20327
f 20327 20326 20322
f 20329 20332 20331
f 20331 20330 20329
f 20333 20334 20335
f 20335 20336 20333
f 20329 20330 20334
f 20334 20333 20329
f 20331 20332 20336
f 20336 20335 20331
f 20332 20329 20333
f 20333 20336 20332
f 20330 20331 20335
f 20335 20334 20330
f 20397 20400 20399
f 20399 20398 20397
f 20401 20402 20403
f 20403 20404 20401
f 20397 20398 20402
f 20402 20401 20397
f 20399 20400 20404
f 20404 20403 20399
f 20400 20397 20401
f 20401 20404 20400
f 20398 20399 20403
f 20403 20402 20398
f 20405 20408 20407
f 20407 20406 20405
f 20409 20410 20411
f 20411 20412 20409
f 20405 20406 20410
f 20410 20409 20405
f 20407 20408 20412
f 20412 20411 20407
f 20408 20405 20409
f 20409 20412 20408
f 20406 20407 20411
f 20411 20410 20406
f 20449 20452 20451
f 20451 20450 20449
f 20453 20454 20455
f 20455 20456 20453
f 20449 20450 20454
f 20454 20453 20449
f 20451 20452 20456
f 20456 20455 20451
f 20452 20449 20453
f 20453 20456 20452
f 20450 20451 20455
f 20455 20454 20450
f 20457 20460 20459
f 20459 20458 20457
f 20461 20462 20463
f 20463 20464 20461
f 20457 20458 20462
f 20462 20461 20457
f 20459 20460 20464
f 20464 20463 20459
f 20460 20457 20461
f 20461 20464 20460
f 20458 20459 20463
f 20463 20462 20458
f 20489 20492 20491
f 20491 20490 20489
f 20493 20494 20495
f 20495 20496 20493
f 20489 20490 20494
f 20494 20493 20489
f 20491 20492 20496
f 20496 20495 20491
f 20492 20489 20493
f 20493 20496 20492
f 20490 20491 20495
f 20495 20494 20490
f 20497 20500 20499
f 20499 20498 20497
f 20501 20502 20503
f 20503 20504 20501
f 20497 20498 20502
f 20502 20501 20497
f 20499 20500 20504
f 20504 20503 20499
f 20500 20497 20501
f 20501 20504 20500
f 20498 20499 20503
f 20503 20502 20498
f 20541 20544 20543
f 20543 20542 20541
f 20545 20546 20547
f 20547 20548 20545
f 20541 20542 20546
f 20546 20545 20541
f 20543 20544 20548
f 20548 20547 20543
f 20544 20541 20545
f 20545 20548 20544
f 20542 20543 20547
f 20547 20546 20542
f 20549 20552 20551
f 20551 20550 20549
f 20553 20554 20555
f 20555 20556 20553
f 20549 20550 20554
f 20554 20553 20549
f 20551 20552 20556
f 20556 20555 20551
f 20552 20549 20553
f 20553 20556 20552
f 20550 20551 20555
f 20555 20554 20550
f 20605 20608 20607
f 20607 20606 20605
f 20609 20610 20611
f 20611 20612 20609
f 20605 20606 20610
f 20610 20609 20605
f 20607 20608 20612
f 20612 20611 20607
f 20608 20605 20609
f 20609 20612 20608
f 20606 20607 20611
f 20611 20610 20606
f 20613 20616 20615
f 20615 20614 20613
f 20617 20618 20619
f 20619 20620 20617
f 20613 20614 20618
f 20618 20617 20613
f 20615 20616 20620
f 20620 20619 20615
f 20616 20613 20617
f 20617 20620 20616
f 20614 20615 20619
f 20619 20618 20614
f 20669 20672 20671
f 20671 20670 20669
f 20673 20674 20675
f 20675 20676 20673
f 20669 20670 20674
f 20674 20673 20669
f 20671 20672 20676
f 20676 20675 20671
f 20672 20669 20673
f 20673 20676 20672
f 20670 20671 20675
f 20675 20674 20670
f 20677 20680 20679
f 20679 20678 20677
f 20681 20682 20683
f 20683 20684 20681
f 20677 20678 20682
f 20682 20681 20677
f 20679 20680 20684
f 20684 20683 20679
f 20680 20677 20681
f 20681 20684 20680
f 20678 20679 20683
f 20683 20682 20678
f 20757 20760 20759
f 20759 20758 20757
f 20761 20762 20763
f 20763 20764 20761
f 20757 20758 20762
f 20762 20761 20757
f 20759 20760 20764
f 20764 20763 20759
f 20760 20757 20761
f 20761 20764 20760
f 20758 20759 20763
f 20763 20762 20758
f 20765 20768 20767
f 20767 20766 20765
f 20769 20770 20771
f 20771 20772 20769
f 20765 20766 20770
f 20770 20769 20765
f 20767 20768 20772
f 20772 20771 20767
f 20768 20765 20769
f 20769 20772 20768
f 20766 20767 20771
f 20771 20770 20766
f 20797 20800 20799
f 20799 20798 20797
f 20801 20802 20803
f 20803 20804 20801
f 20797 20798 20802
f 20802 20801 20797
f 20799 20800 20804
f 20804 20803 20799
f 20800 20797 20801
f 20801 20804 20800
f 20798 20799 20803
f 20803 20802 20798
f 20805 20808 20807
f 20807 20806 20805
f 20809 20810 20811
f 20811 20812 20809
f 20805 20806 20810
f 20810 20809 20805
f 20807 20808 20812
f 20812 20811 20807
f 20808 20805 20809
f 20809 20812 20808
f 20806 20807 20811
f 20811 20810 20806
f 20849 20852 20851
f 20851 20850 20849
f 20853 20854 20855
f 20855 20856 20853
f 20849 20850 20854
f 20854 20853 20849
f 20851 20852 20856
f 20856 20855 20851
f 20852 20849 20853
f 20853 20856 20852
f 20850 20851 20855
f 20855 20854 20850
f 20857 20860 20859
f 20859 20858 20857
f 20861 20862 20863
f 20863 20864 20861
f 20857 20858 20862
f 20862 20861 20857
f 20859 20860 20864
f 20864 20863 20859
f 20860 20857 20861
f 20861 20864 20860
f 20858 20859 20863
f 20863 20862 20858
f 20901 20904 20903
f 20903 20902 20901
f 20905 20906 20907
f 20907 20908 20905
f 20901 20902 20906
f 20906 20905 20901
f 20903 20904 20908
f 20908 20907 20903
f 20904 20901 20905
f 20905 20908 20904
f 20902 20903 20907
f 20907 20906 20902
f 20909 20912 20911
f 20911 20910 20909
f 20913 20914 20915
f 20915 20916 20913
f 20909 20910 20914
f 20914 20913 20909
f 20911 20912 20916
f 20916 20915 20911
f 20912 20909 20913
f 20913 20916 20912
f 20910 20911 20915
f 20915 20914 20910
f 20953 20956 20955
f 20955 20954 20953
f 20957 20958 20959
f 20959 20960 20957
f 20953 20954 20958
f 20958 20957 20953
f 20955 20956 20960
f 20960 20959 20955
f 20956 20953 20957
f 20957 20960 20956
f 20954 20955 20959
f 20959 20958 20954
f 20961 20964 20963
f 20963 20962 20961
f 20965 20966 20967
f 20967 20968 20965
f 20961 20962 20966
f 20966 20965 20961
f 20963 20964 20968
f 20968 20967 20963
f 20964 20961 20965
f 20965 20968 20964
f 20962 20963 20967
f 20967 20966 20962
f 21053 21056 21055
f 21055 21054 21053
f 21057 21058 21059
f 21059 21060 21057
f 21053 21054 21058
f 21058 21057 21053
f 21055 21056 21060
f 21060 21059 21055
f 21056 21053 21057
f 21057 21060 21056
f 21054 21055 21059
f 21059 21058 21054
f 21061 21064 21063
f 21063 21062 21061
f 21065 21066 21067
f 21067 21068 21065
f 21061 21062 21066
f 21066 21065 21061
f 21063 21064 21068
f 21068 21067 21063
f 21064 21061 21065
f 21065 21068 21064
f 21062 21063 21067
f 21067 21066 21062
f 21141 21144 21143
f 21143 21142 21141
f 21145 21146 21147
f 21147 21148 21145
f 21141 21142 21146
f 21146 21145 21141
f 21143 21144 21148
f 21148 21147 21143
f 21144 21141 21145
f 21145 21148 21144
f 21142 21143 21147
f 21147 21146 21142
f 21149 21152 21151
f 21151 21150 21149
f 21153 21154 21155
f 21155 21156 21153
f 21149 21150 21154
f 21154 21153 21149
f 21151 21152 21156
f 21156 21155 21151
f 21152 21149 21153
f 21153 21156 21152
f 21150 21151 21155
f 21155 21154 21150
f 21205 21208 21207
f 21207 21206 21205
f 21209 21210 21211
f 21211 21212 21209
f 21205 21206 21210
f 21210 21209 21205
f 21207 21208 21212
f 21212 21211 21207
f 21208 21205 21209
f 21209 21212 21208
f 21206 21207 21211
f 21211 21210 21206
f 21213 21216 21215
f 21215 21214 21213
f 21217 21218 21219
f 21219 21220 21217
f 21213 21214 21218
f 21218 21217 21213
f 21215 21216 21220
f 21220 21219 21215
f 21216 21213 21217
f 21217 21220 21216
f 21214 21215 21219
f 21219 21218 21214
f 21257 21260 21259
f 21259 21258 21257
f 21261 21262 21263
f 21263 21264 21261
f 21257 21258 21262
f 21262 21261 21257
f 21259 21260 21264
f 21264 21263 21259
f 21260 21257 21261
f 21261 21264 21260
f 21258 21259 21263
f 21263 21262 21258
f 21265 21268 21267
f 21267 21266 21265
f 21269 21270 21271
f 21271 21272 21269
f 21265 21266 21270
f 21270 21269 21265
f 21267 21268 21272
f 21272 21271 21267
f 21268 21265 21269
f 21269 21272 21268
f 21266 21267 21271
f 21271 21270 21266
f 21309 21312 21311
f 21311 21310 21309
f 21313 21314 21315
f 21315 21316 21313
f 21309 21310 21314
f 21314 21313 21309
f 21311 21312 21316
f 21316 21315 21311
f 21312 21309 21313
f 21313 21316 21312
f 21310 21311 21315
f 21315 21314 21310
f 21317 21320 21319
f 21319 21318 21317
f 21321 21322 21323
f 21323 21324 21321
f 21317 21318 21322
f 21322 21321 21317
f 21319 21320 21324
f 21324 21323 21319
f 21320 21317 21321
f 21321 21324 21320
f 21318 21319 21323
f 21323 21322 21318
f 21349 21352 21351
f 21351 21350 21349
f 21353 21354 21355
f 21355 21356 21353
f 21349 21350 21354
f 21354 21353 21349
f 21351 21352 21356
f 21356 21355 21351
f 21352 21349 21353
f 21353 21356 21352
f 21350 21351 21355
f 21355 21354 21350
f 21357 21360 21359
f 21359 21358 21357
f 21361 21362 21363
f 21363 21364 21361
f 21357 21358 21362
f 21362 21361 21357
f 21359 21360 21364
f 21364 21363 21359
f 21360 21357 21361
f 21361 21364 21360
f 21358 21359 21363
f 21363 21362 21358
f 21401 21404 21403
f 21403 21402 21401
f 21405 21406 21407
f 21407 21408 21405
f 21401 21402 21406
f 21406 21405 21401
f 21403 21404 21408
f 21408 21407 21403
f 21404 21401 21405
f 21405 21408 21404
f 21402 21403 21407
f 21407 21406 21402
f 21409 21412 21411
f 21411 21410 21409
f 21413 21414 21415
f 21415 21416 21413
f 21409 21410 21414
f 21414 21413 21409
f 21411 21412 21416
f 21416 21415 21411
f 21412 21409 21413
f 21413 21416 21412
f 21410 21411 21415
f 21415 21414 21410
f 21465 21468 21467
f 21467 21466 21465
f 21469 21470 21471
f 21471 21472 21469
f 21465 21466 21470
f 21470 21469 21465
f 21467 21468 21472
f 21472 21471 21467
f 21468 21465 21469
f 21469 21472 21468
f 21466 21467 21471
f 21471 21470 21466
f 21473 21476 21475
f 21475 21474 21473
f 21477 21478 21479
f 21479 21480 21477
f 21473 21474 21478
f 21478 21477 21473
f 21475 21476 21480
f 21480 21479 21475
f 21476 21473 21477
f 21477 21480 21476
f 21474 21475 21479
f 21479 21478 21474
f 21517 21520 21519
f 21519 21518 21517
f 21521 21522 21523
f 21523 21524 21521
f 21517 21518 21522
f 21522 21521 21517
f 21519 21520 21524
f 21524 21523 21519
f 21520 21517 21521
f 21521 21524 21520
f 21518 21519 21523
f 21523 21522 21518
f 21525 21528 21527
f 21527 21526 21525
f 21529 21530 21531
f 21531 21532 21529
f 21525 21526 21530
f 21530 21529 21525
f 21527 21528 21532
f 21532 21531 21527
f 21528 21525 21529
f 21529 21532 21528
f 21526 21527 21531
f 21531 21530 21526
f 21557 21560 21559
f 21559 21558 21557
f 21561 21562 21563
f 21563 21564 21561
f 21557 21558 21562
f 21562 21561 21557
f 21559 21560 21564
f 21564 21563 21559
f 21560 21557 21561
f 21561 21564 21560
f 21558 21559 21563
f 21563 21562 21558
f 21565 21568 21567
f 21567 21566 21565
f 21569 21570 21571
f 21571 21572 21569
f 21565 21566 21570
f 21570 21569 21565
f 21567 21568 21572
f 21572 21571 21567
f 21568 21565 21569
f 21569 21572 21568
f 21566 21567 21571
f 21571 21570 21566
f 21621 21624 21623
f 21623 21622 21621
f 21625 21626 21627
f 21627 21628 21625
f 21621 21622 21626
f 21626 21625 21621
f 21623 21624 21628
f 21628 21627 21623
f 21624 21621 21625
f 21625 21628 21624
f 21622 21623 21627
f 21627 21626 21622
f 21629 21632 21631
f 21631 21630 21629
f 21633 21634 21635
f 21635 21636 21633
f 21629 21630 21634
f 21634 21633 21629
f 21631 21632 21636
f 21636 21635 21631
f 21632 21629 21633
f 21633 21636 21632
f 21630 21631 21635
f 21635 21634 21630
f 21661 21664 21663
f 21663 21662 21661
f 21665 21666 21667
f 21667 21668 21665
f 21661 21662 21666
f 21666 21665 21661
f 21663 21664 21668
f 21668 21667 21663
f 21664 21661 21665
f 21665 21668 21664
f 21662 21663 21667
f 21667 21666 21662
f 21669 21672 21671
f 21671 21670 21669
f 21673 21674 21675
f 21675 21676 21673
f 21669 21670 21674
f 21674 21673 21669
f 21671 21672 21676
f 21676 21675 21671
f 21672 21669 21673
f 21673 21676 21672
f 21670 21671 21675
f 21675 21674 21670
f 21701 21704 21703
f 21703 21702 21701
f 21705 21706 21707
f 21707 21708 21705
f 21701 21702 21706
f 21706 21705 21701
f 21703 21704 21708
f 21708 21707 21703
f 21704 21701 21705
f 21705 21708 21704
f 21702 21703 21707
f 21707 21706 21702
f 21709 21712 21711
f 21711 21710 21709
f 21713 21714 21715
f 21715 21716 21713
f 21709 21710 21714
f 21714 21713 21709
f 21711 21712 21716
f 21716 21715 21711
f 21712 21709 21713
f 21713 21716 21712
f 21710 21711 21715
f 21715 21714 21710
f 21765 21768 21767
f 21767 21766 21765
f 21769 21770 21771
f 21771 21772 21769
f 21765 21766 21770
f 21770 21769 21765
f 21767 21768 21772
f 21772 21771 21767
f 21768 21765 21769
f 21769 21772 21768
f 21766 21767 21771
f 21771 21770 21766
f 21773 21776 21775
f 21775 21774 21773
f 21777 21778 21779
f 21779 21780 21777
f 21773 21774 21778
f 21778 21777 21773
f 21775 21776 21780
f 21780 21779 21775
f 21776 21773 21777
f 21777 21780 21776
f 21774 21775 21779
f 21779 21778 21774
f 21841 21844 21843
f 21843 21842 21841
f 21845 21846 21847
f 21847 21848 21845
f 21841 21842 21846
f 21846 21845 21841
f 21843 21844 21848
f 21848 21847 21843
f 21844 21841 21845
f 21845 21848 21844
f 21842 21843 21847
f 21847 21846 21842
f 21849 21852 21851
f 21851 21850 21849
f 21853 21854 21855
f 21855 21856 21853
f 21849 21850 21854
f 21854 21853 21849
f 21851 21852 21856
f 21856 21855 21851
f 21852 21849 21853
f 21853 21856 21852
f 21850 21851 21855
f 21855 21854 21850
f 21905 21908 21907
f 21907 21906 21905
f 21909 21910 21911
f 21911 21912 21909
f 21905 21906 21910
f 21910 21909 21905
f 21907 21908 21912
f 21912 21911 21907
f 21908 21905 21909
f 21909 21912 21908
f 21906 21907 21911
f 21911 21910 21906
f 21913 21916 21915
f 21915 21914 21913
f 21917 21918 21919
f 21919 21920 21917
f 21913 21914 21918
f 21918 21917 21913
f 21915 21916 21920
f 21920 21919 21915
f 21916 21913 21917
f 21917 21920 21916
f 21914 21915 21919
f 21919 21918 21914
f 21969 21972 21971
f 21971 21970 21969
f 21973 21974 21975
f 21975 21976 21973
f 21969 21970 21974
f 21974 21973 21969
f 21971 21972 21976
f 21976 21975 21971
f 21972 21969 21973
f 21973 21976 21972
f 21970 21971 21975
f 21975 21974 21970
f 21977 21980 21979
f 21979 21978 21977
f 21981 21982 21983
f 21983 21984 21981
f 21977 21978 21982
f 21982 21981 21977
f 21979 21980 21984
f 21984 21983 21979
f 21980 21977 21981
f 21981 21984 21980
f 21978 21979 21983
f 21983 21982 21978
f 22045 22048 22047
f 22047 22046 22045
f 22049 22050 22051
f 22051 22052 22049
f 22045 22046 22050
f 22050 22049 22045
f 22047 22048 22052
f 22052 22051 22047
f 22048 22045 22049
f 22049 22052 22048
f 22046 22047 22051
f 22051 22050 22046
f 22053 22056 22055
f 22055 22054 22053
f 22057 22058 22059
f 22059 22060 22057
f 22053 22054 22058
f 22058 22057 22053
f 22055 22056 22060
f 22060 22059 22055
f 22056 22053 22057
f 22057 22060 22056
f 22054 22055 22059
f 22059 22058 22054
f 22085 22088 22087
f 22087 22086 22085
f 22089 22090 22091
f 22091 22092 22089
f 22085 22086 22090
f 22090 22089 22085
f 22087 22088 22092
f 22092 22091 22087
f 22088 22085 22089
f 22089 22092 22088
f 22086 22087 22091
f 22091 22090 22086
f 22093 22096 22095
f 22095 22094 22093
f 22097 22098 22099
f 22099 22100 22097
f 22093 22094 22098
f 22098 22097 22093
f 22095 22096 22100
f 22100 22099 22095
f 22096 22093 22097
f 22097 22100 22096
f 22094 22095 22099
f 22099 22098 22094
f 22137 22140 22139
f 22139 22138 22137
f 22141 22142 22143
f 22143 22144 22141
f 22137 22138 22142
f 22142 22141 22137
f 22139 22140 22144
f 22144 22143 22139
f 22140 22137 22141
f 22141 22144 22140
f 22138 22139 22143
f 22143 22142 22138
f 22145 22148 22147
f 22147 22146 22145
f 22149 22150 22151
f 22151 22152 22149
f 22145 22146 22150
f 22150 22149 22145
f 22147 22148 22152
f 22152 22151 22147
f 22148 22145 22149
f 22149 22152 22148
f 22146 22147 22151
f 22151 22150 22146
f 22177 22180 22179
f 22179 22178 22177
f 22181 22182 22183
f 22183 22184 22181
f 22177 22178 22182
f 22182 22181 22177
f 22179 22180 22184
f 22184 22183 22179
f 22180 22177 22181
f 22181 22184 22180
f 22178 22179 22183
f 22183 22182 22178
f 22185 22188 22187
f 22187 22186 22185
f 22189 22190 22191
f 22191 22192 22189
f 22185 22186 22190
f 22190 22189 22185
f 22187 22188 22192
f 22192 22191 22187
f 22188 22185 22189
f 22189 22192 22188
f 22186 22187 22191
f 22191 22190 22186
f 22229 22232 22231
f 22231 22230 22229
f 22233 22234 22235
f 22235 22236 22233
f 22229 22230 22234
f 22234 22233 22229
f 22231 22232 22236
f 22236 22235 22231
f 22232 22229 22233
f 22233 22236 22232
f 22230 22231 22235
f 22235 22234 22230
f 22237 22240 22239
f 22239 22238 22237
f 22241 22242 22243
f 22243 22244 22241
f 22237 22238 22242
f 22242 22241 22237
f 22239 22240 22244
f 22244 22243 22239
f 22240 22237 22241
f 22241 22244 22240
f 22238 22239 22243
f 22243 22242 22238
f 22281 22284 22283
f 22283 22282 22281
f 22285 22286 22287
f 22287 22288 22285
f 22281 22282 22286
f 22286 22285 22281
f 22283 22284 22288
f 22288 22287 22283
f 22284 22281 22285
f 22285 22288 22284
f 22282 22283 22287
f 22287 22286 22282
f 22289 22292 22291
f 22291 22290 22289
f 22293 22294 22295
f 22295 22296 22293
f 22289 22290 22294
f 22294 22293 22289
f 22291 22292 22296
f 22296 22295 22291
f 22292 22289 22293
f 22293 22296 22292
f 22290 22291 22295
f 22295 22294 22290
f 22321 22324 22323
f 22323 22322 22321
f 22325 22326 22327
f 22327 22328 22325
f 22321 22322 22326
f 22326 22325 22321
f 22323 22324 22328
f 22328 22327 22323
f 22324 22321 22325
f 22325 22328 22324
f 22322 22323 22327
f 22327 22326 22322
f 22329 22332 22331
f 22331 22330 22329
f 22333 22334 22335
f 22335 22336 22333
f 22329 22330 22334
f 22334 22333 22329
f 22331 22332 22336
f 22336 22335 22331
f 22332 22329 22333
f 22333 22336 22332
f 22330 22331 22335
f 22335 22334 22330
f 22385 22388 22387
f 22387 22386 22385
f 22389 22390 22391
f 22391 22392 22389
f 22385 22386 22390
f 22390 22389 22385
f 22387 22388 22392
f 22392 22391 22387
f 22388 22385 22389
f 22389 22392 22388
f 22386 22387 22391
f 22391 22390 22386
f 22393 22396 22395
f 22395 22394 22393
f 22397 22398 22399
f 22399 22400 22397
f 22393 22394 22398
f 22398 22397 22393
f 22395 22396 22400
f 22400 22399 22395
f 22396 22393 22397
f 22397 22400 22396
f 22394 22395 22399
f 22399 22398 22394
f 22473 22476 22475
f 22475 22474 22473
f 22477 22478 22479
f 22479 22480 22477
f 22473 22474 22478
f 22478 22477 22473
f 22475 22476 22480
f 22480 22479 22475
f 22476 22473 22477
f 22477 22480 22476
f 22474 22475 22479
f 22479 22478 22474
f 22481 22484 22483
f 22483 22482 22481
f 22485 22486 22487
f 22487 22488 22485
f 22481 22482 22486
f 22486 22485 22481
f 22483 22484 22488
f 22488 22487 22483
f 22484 22481 22485
f 22485 22488 22484
f 22482 22483 22487
f 22487 22486 22482
f 22537 22540 22539
f 22539 22538 22537
f 22541 22542 22543
f 22543 22544 22541
f 22537 22538 22542
f 22542 22541 22537
f 22539 22540 22544
f 22544 22543 22539
f 22540 22537 22541
f 22541 22544 22540
f 22538 22539 22543
f 22543 22542 22538
f 22545 22548 22547
f 22547 22546 22545
f 22549 22550 22551
f 22551 22552 22549
f 22545 22546 22550
f 22550 22549 22545
f 22547 22548 22552
f 22552 22551 22547
f 22548 22545 22549
f 22549 22552 22548
f 22546 22547 22551
f 22551 22550 22546
f 22613 22616 22615
f 22615 22614 22613
f 22617 22618 22619
f 22619 22620 22617
f 22613 22614 22618
f 22618 22617 22613
f 22615 22616 22620
f 22620 22619 22615
f 22616 22613 22617
f 22617 22620 22616
f 22614 22615 22619
f 22619 22618 22614
f 22621 22624 22623
f 22623 22622 22621
f 22625 22626 22627
f 22627 22628 22625
f 22621 22622 22626
f 22626 22625 22621
f 22623 22624 22628
f 22628 22627 22623
f 22624 22621 22625
f 22625 22628 22624
f 22622 22623 22627
f 22627 22626 22622
f 22653 22656 22655
f 22655 22654 22653
f 22657 22658 22659
f 22659 22660 22657
f 22653 22654 22658
f 22658 22657 22653
f 22655 22656 22660
f 22660 22659 22655
f 22656 22653 22657
f 22657 22660 22656
f 22654 22655 22659
f 22659 22658 22654
f 22661 22664 22663
f 22663 22662 22661
f 22665 22666 22667
f 22667 22668 22665
f 22661 22662 22666
f 22666 22665 22661
f 22663 22664 22668
f 22668 22667 22663
f 22664 22661 22665
f 22665 22668 22664
f 22662 22663 22667
f 22667 22666 22662
f 22729 22732 22731
f 22731 22730 22729
f 22733 22734 22735
f 22735 22736 22733
f 22729 22730 22734
f 22734 22733 22729
f 22731 22732 22736
f 22736 22735 22731
f 22732 22729 22733
f 22733 22736 22732
f 22730 22731 22735
f 22735 22734 22730
f 22737 22740 22739
f 22739 22738 22737
f 22741 22742 22743
f 22743 22744 22741
f 22737 22738 22742
f 22742 22741 22737
f 22739 22740 22744
f 22744 22743 22739
f 22740 22737 22741
f 22741 22744 22740
f 22738 22739 22743
f 22743 22742 22738
f 22793 22796 22795
f 22795 22794 22793
f 22797 22798 22799
f 22799 22800 22797
f 22793 22794 22798
f 22798 22797 22793
f 22795 22796 22800
f 22800 22799 22795
f 22796 22793 22797
f 22797 22800 22796
f 22794 22795 22799
f 22799 22798 22794
f 22801 22804 22803
f 22803 22802 22801
f 22805 22806 22807
f 22807 22808 22805
f 22801 22802 22806
f 22806 22805 22801
f 22803 22804 22808
f 22808 22807 22803
f 22804 22801 22805
f 22805 22808 22804
f 22802 22803 22807
f 22807 22806 22802
f 22869 22872 22871
f 22871 22870 22869
f 22873 22874 22875
f 22875 22876 22873
f 22869 22870 22874
f 22874 22873 22869
f 22871 22872 22876
f 22876 22875 22871
f 22872 22869 22873
f 22873 22876 22872
f 22870 22871 22875
f 22875 22874 22870
f 22877 22880 22879
f 22879 22878 22877
f 22881 22882 22883
f 22883 22884 22881
f 22877 22878 22882
f 22882 22881 22877
f 22879 22880 22884
f 22884 22883 22879
f 22880 22877 22881
f 22881 22884 22880
f 22878 22879 22883
f 22883 22882 22878
f 22945 22948 22947
f 22947 22946 22945
f 22949 22950 22951
f 22951 22952 22949
f 22945 22946 22950
f 22950 22949 22945
f 22947 22948 22952
f 22952 22951 22947
f 22948 22945 22949
f 22949 22952 22948
f 22946 22947 22951
f 22951 22950 22946
f 22953 22956 22955
f 22955 22954 22953
f 22957 22958 22959
f 22959 22960 22957
f 22953 22954 22958
f 22958 22957 22953
f 22955 22956 22960
f 22960 22959 22955
f 22956 22953 22957
f 22957 22960 22956
f 22954 22955 22959
f 22959 22958 22954
f 23033 23036 23035
f 23035 23034 23033
f 23037 23038 23039
f 23039 23040 23037
f 23033 23034 23038
f 23038 23037 23033
f 23035 23036 23040
f 23040 23039 23035
f 23036 23033 23037
f 23037 23040 23036
f 23034 23035 23039
f 23039 23038 23034
f 23041 23044 23043
f 23043 23042 23041
f 23045 23046 23047
f 23047 23048 23045
f 23041 23042 23046
f 23046 23045 23041
f 23043 23044 23048
f 23048 23047 23043
f 23044 23041 23045
f 23045 23048 23044
f 23042 23043 23047
f 23047 23046 23042
f 23073 23076 23075
f 23075 23074 23073
f 23077 23078 23079
f 23079 23080 23077
f 23073 23074 23078
f 23078 23077 23073
f 23075 23076 23080
f 23080 23079 23075
f 23076 23073 23077
f 23077 23080 23076
f 23074 23075 23079
f 23079 23078 23074
f 23081 23084 23083
f 23083 23082 23081
f 23085 23086 23087
f 23087 23088 23085
f 23081 23082 23086
f 23086 23085 23081
f 23083 23084 23088
f 23088 23087 23083
f 23084 23081 23085
f 23085 23088 23084
f 23082 23083 23087
f 23087 23086 23082
f 23101 23104 23103
f 23103 23102 23101
f 23105 23106 23107
f 23107 23108 23105
f 23101 23102 23106
f 23106 23105 23101
f 23103 23104 23108
f 23108 23107 23103
f 23104 23101 23105
f 23105 23108 23104
f 23102 23103 23107
f 23107 23106 23102
f 23109 23112 23111
f 23111 23110 23109
f 23113 23114 23115
f 23115 23116 23113
f 23109 23110 23114
f 23114 23113 23109
f 23111 23112 23116
f 23116 23115 23111
f 23112 23109 23113
f 23113 23116 23112
f 23110 23111 23115
f 23115 23114 23110
f 23129 23132 23131
f 23131 23130 23129
f 23133 23134 23135
f 23135 23136 23133
f 23129 23130 23134
f 23134 23133 23129
f 23131 23132 23136
f 23136 23135 23131
f 23132 23129 23133
f 23133 23136 23132
f 23130 23131 23135
f 23135 23134 23130
f 23137 23140 23139
f 23139 23138 23137
f 23141 23142 23143
f 23143 23144 23141
f 23137 23138 23142
f 23142 23141 23137
f 23139 23140 23144
f 23144 23143 23139
f 23140 23137 23141
f 23141 23144 23140
f 23138 23139 23143
f 23143 23142 23138
