# Roads mesh for tecate_core_z14_x2882_y6624
v -4788.656 -96.970 2799.473
v -4796.219 -96.859 2802.082
v -4792.835 -97.029 2811.893
v -4785.272 -97.048 2809.285
f 1 2 3
f 3 4 1
v -4785.232 -97.049 2809.408
v -4792.875 -97.027 2811.770
v -4792.018 -97.057 2814.544
v -4784.375 -97.053 2812.181
f 5 6 7
f 7 8 5
v -4784.197 -97.053 2813.456
v -4792.195 -97.045 2813.268
v -4792.262 -97.074 2816.108
v -4784.264 -97.052 2816.296
f 9 10 11
f 11 12 9
v -4784.433 -97.052 2817.356
v -4792.093 -97.063 2815.048
v -4792.917 -97.094 2817.781
v -4785.257 -97.059 2820.089
f 13 14 15
f 15 16 13
v -4785.550 -97.062 2820.804
v -4792.624 -97.085 2817.067
v -4794.661 -97.145 2820.923
v -4787.587 -97.096 2824.660
f 17 18 19
f 19 20 17
v -4787.570 -97.095 2824.627
v -4794.678 -97.145 2820.956
v -4797.161 -97.249 2825.763
v -4790.052 -97.165 2829.434
f 21 22 23
f 23 24 21
v -4790.142 -97.168 2829.597
v -4797.071 -97.244 2825.599
v -4799.197 -97.349 2829.283
v -4792.268 -97.250 2833.282
f 25 26 27
f 27 28 25
v -4792.599 -97.263 2833.768
v -4798.867 -97.333 2828.797
v -4801.705 -97.470 2832.376
v -4795.438 -97.389 2837.347
f 29 30 31
f 31 32 29
v -4795.867 -97.410 2837.809
v -4801.276 -97.449 2831.914
v -4803.881 -97.572 2834.304
v -4798.472 -97.535 2840.199
f 33 34 35
f 35 36 33
v -4798.745 -97.547 2840.428
v -4803.607 -97.559 2834.075
v -4806.524 -97.702 2836.307
v -4801.662 -97.688 2842.660
f 37 38 39
f 39 40 37
v -4802.345 -97.721 2843.081
v -4805.840 -97.670 2835.885
v -4811.061 -97.905 2838.421
v -4807.566 -97.977 2845.617
f 41 42 43
f 43 44 41
v -4807.884 -97.993 2845.755
v -4810.743 -97.895 2838.283
v -4819.337 -98.165 2841.571
v -4816.478 -98.344 2849.043
f 45 46 47
f 47 48 45
v -4816.450 -98.343 2849.032
v -4819.366 -98.166 2841.582
v -4829.284 -98.524 2845.465
v -4826.368 -98.753 2852.914
f 49 50 51
f 51 52 49
v -4825.753 -98.723 2852.610
v -4829.900 -98.551 2845.769
v -4834.453 -98.784 2848.529
v -4830.306 -98.973 2855.370
f 53 54 55
f 55 56 53
v -4829.747 -98.938 2854.962
v -4835.011 -98.818 2848.937
v -4839.107 -99.103 2852.516
v -4833.844 -99.228 2858.541
f 57 58 59
f 59 60 57
v -4833.056 -99.159 2857.603
v -4839.895 -99.173 2853.453
v -4842.211 -99.443 2857.270
v -4835.371 -99.415 2861.419
f 61 62 63
f 63 64 61
v -4834.940 -99.353 2860.427
v -4842.642 -99.509 2858.263
v -4843.499 -99.702 2861.313
v -4835.797 -99.528 2863.477
f 65 66 67
f 67 68 65
v -4835.660 -99.486 2862.704
v -4843.636 -99.749 2862.086
v -4843.915 -99.954 2865.678
v -4835.939 -99.667 2866.296
f 69 70 71
f 71 72 69
v -4835.933 -99.642 2865.769
v -4843.921 -99.982 2866.206
v -4843.731 -100.162 2869.665
v -4835.743 -99.799 2869.228
f 73 74 75
f 75 76 73
v -4835.850 -99.769 2868.505
v -4843.625 -100.194 2870.389
v -4842.834 -100.252 2873.651
v -4835.059 -99.856 2871.767
f 77 78 79
f 79 80 77
v -4835.787 -99.849 2870.256
v -4842.107 -100.262 2875.161
v -4841.071 -100.252 2876.495
v -4834.752 -99.838 2871.590
f 81 82 83
f 83 84 81
v -4834.729 -99.838 2871.619
v -4841.094 -100.252 2876.466
v -4838.701 -100.225 2879.609
v -4832.336 -99.808 2874.762
f 85 86 87
f 87 88 85
v -4832.759 -99.815 2874.290
v -4838.278 -100.217 2880.081
v -4834.994 -100.139 2883.211
v -4829.475 -99.738 2877.420
f 89 90 91
f 91 92 89
v -4803.184 -95.530 2753.471
v -4810.813 -94.987 2755.881
v -4796.252 -96.857 2801.982
v -4788.623 -96.971 2799.573
f 93 94 95
f 95 96 93
v -5511.799 0.050 2860.105
v -5509.276 0.050 2867.697
v -5484.118 0.050 2859.337
v -5486.640 0.050 2851.745
f 97 98 99
f 99 100 97
v -5486.480 0.050 2851.696
v -5484.278 0.050 2859.387
v -5464.953 0.050 2853.854
v -5467.155 0.050 2846.163
f 101 102 103
f 103 104 101
v -5467.020 0.050 2846.127
v -5465.088 0.050 2853.890
v -5423.432 0.050 2843.523
v -5425.364 0.050 2835.760
f 105 106 107
f 107 108 105
v -5425.386 0.050 2835.766
v -5423.411 0.050 2843.518
v -5381.232 0.050 2832.768
v -5383.207 0.050 2825.016
f 109 110 111
f 111 112 109
v -5383.325 0.050 2825.048
v -5381.114 0.050 2832.737
v -5335.139 0.050 2819.518
v -5337.350 0.050 2811.829
f 113 114 115
f 115 116 113
v -5337.712 0.050 2811.952
v -5334.777 0.050 2819.395
v -5307.148 0.050 2808.500
v -5310.082 0.050 2801.058
f 117 118 119
f 119 120 117
v -5310.082 0.050 2801.057
v -5307.149 0.050 2808.500
v -5291.029 0.050 2802.148
v -5293.962 0.050 2794.705
f 121 122 123
f 123 124 121
v -5293.964 0.050 2794.706
v -5291.028 0.050 2802.148
v -5226.685 0.050 2776.766
v -5229.621 0.050 2769.324
f 125 126 127
f 127 128 125
v -5229.371 0.050 2769.235
v -5226.935 0.050 2776.855
v -5180.949 0.050 2762.157
v -5183.385 0.050 2754.537
f 129 130 131
f 131 132 129
v -5183.232 0.050 2754.492
v -5181.103 0.050 2762.203
v -5137.811 0.050 2750.252
v -5139.939 0.050 2742.540
f 133 134 135
f 135 136 133
v -5140.065 0.050 2742.577
v -5137.685 0.050 2750.215
v -5038.332 0.050 2719.247
v -5040.713 0.050 2711.610
f 137 138 139
f 139 140 137
v -5040.683 0.050 2711.601
v -5038.362 0.050 2719.256
v -4907.884 -85.923 2679.692
v -4910.206 -85.978 2672.036
f 141 142 143
f 143 144 141
v -4910.284 -85.976 2672.060
v -4907.806 -85.924 2679.667
v -4868.844 -88.067 2666.976
v -4871.322 -87.982 2659.370
f 145 146 147
f 147 148 145
v -4870.132 -88.067 2659.173
v -4870.034 -87.982 2667.173
v -4864.657 -88.360 2667.107
v -4864.755 -88.443 2659.107
f 149 150 151
f 151 152 149
v -4864.041 -88.492 2659.163
v -4865.372 -88.310 2667.051
v -4860.362 -88.653 2667.896
v -4859.031 -88.832 2660.008
f 153 154 155
f 155 156 153
v -4857.980 -88.902 2660.339
v -4861.414 -88.583 2667.565
v -4857.607 -88.831 2669.374
v -4854.173 -89.148 2662.148
f 157 158 159
f 159 160 157
v -4853.347 -89.201 2662.673
v -4858.432 -88.778 2668.849
v -4855.048 -88.987 2671.636
v -4849.963 -89.492 2665.460
f 161 162 163
f 163 164 161
v -4849.787 -89.510 2665.613
v -4855.224 -88.976 2671.482
v -4850.549 -89.322 2675.813
v -4845.112 -89.983 2669.945
f 165 166 167
f 167 168 165
v -4844.518 -90.042 2670.637
v -4851.143 -89.263 2675.121
v -4848.015 -89.566 2679.743
v -4841.389 -90.347 2675.259
f 169 170 171
f 171 172 169
v -4841.003 -90.384 2675.978
v -4848.401 -89.530 2679.024
v -4842.067 -90.300 2694.409
v -4834.669 -91.064 2691.363
f 173 174 175
f 175 176 173
v -4834.623 -91.071 2691.482
v -4842.113 -90.292 2694.291
v -4838.117 -90.943 2704.948
v -4830.626 -91.699 2702.139
f 177 178 179
f 179 180 177
v -4830.763 -91.679 2701.818
v -4837.981 -90.964 2705.268
v -4833.227 -91.651 2715.212
v -4826.009 -92.349 2711.762
f 181 182 183
f 183 184 181
v -4826.466 -92.289 2711.025
v -4832.771 -91.712 2715.949
v -4827.995 -92.387 2722.064
v -4821.690 -92.879 2717.139
f 185 186 187
f 187 188 185
v -4821.991 -92.843 2716.796
v -4827.694 -92.430 2722.407
v -4823.342 -93.011 2726.831
v -4817.639 -93.400 2721.220
f 189 190 191
f 191 192 189
v -4817.258 -93.451 2721.669
v -4823.722 -92.959 2726.382
v -4819.871 -93.495 2731.664
v -4813.406 -93.975 2726.951
f 193 194 195
f 195 196 193
v -4812.987 -94.034 2727.674
v -4820.290 -93.433 2730.941
v -4816.549 -94.019 2739.301
v -4809.247 -94.598 2736.033
f 197 198 199
f 199 200 197
v -4809.119 -94.618 2736.356
v -4816.677 -93.999 2738.978
v -4810.777 -94.993 2755.987
v -4803.219 -95.524 2753.365
f 201 202 203
f 203 204 201
v -5567.495 0.050 3011.578
v -5565.189 0.050 3019.238
v -5364.869 0.050 2958.915
v -5367.176 0.050 2951.255
f 205 206 207
f 207 208 205
v -5367.161 0.050 2951.251
v -5364.884 0.050 2958.920
v -5161.548 0.050 2898.557
v -5163.825 0.050 2890.888
f 209 210 211
f 211 212 209
v -5163.817 0.050 2890.886
v -5161.556 0.050 2898.560
v -4853.424 -96.117 2807.797
v -4855.684 -95.393 2800.123
f 213 214 215
f 215 216 213
v -4855.707 -95.392 2800.130
v -4853.401 -96.117 2807.790
v -4764.579 -97.940 2781.062
v -4766.885 -98.027 2773.401
f 217 218 219
f 219 220 217
v -4766.910 -98.025 2773.409
v -4764.554 -97.941 2781.054
v -4703.050 -101.478 2762.104
v -4705.406 -102.011 2754.459
f 221 222 223
f 223 224 221
v -4705.341 -102.015 2754.439
v -4703.115 -101.474 2762.123
v -4640.698 -103.521 2744.045
v -4642.924 -104.106 2736.360
f 225 226 227
f 227 228 225
v -4642.815 -104.103 2736.330
v -4640.808 -103.524 2744.075
v -4609.160 -102.632 2735.874
v -4611.166 -103.097 2728.130
f 229 230 231
f 231 232 229
v -4611.093 -103.094 2728.111
v -4609.233 -102.634 2735.892
v -4568.023 -99.708 2726.041
v -4569.883 -99.998 2718.260
f 233 234 235
f 235 236 233
v -4569.759 -99.987 2718.232
v -4568.146 -99.718 2726.068
v -4542.031 -97.121 2720.693
v -4543.643 -97.258 2712.858
f 237 238 239
f 239 240 237
v -4543.581 -97.251 2712.845
v -4542.093 -97.128 2720.706
v -4515.221 -94.268 2715.621
v -4516.708 -94.303 2707.761
f 241 242 243
f 243 244 241
v -4516.579 -94.291 2707.739
v -4515.350 -94.281 2715.644
v -4425.026 -88.071 2701.606
v -4426.254 -87.851 2693.701
f 245 246 247
f 247 248 245
v -4426.187 -87.850 2693.691
v -4425.093 -88.072 2701.616
v -4339.700 -90.198 2689.836
v -4340.793 -90.130 2681.911
f 249 250 251
f 251 252 249
v -4340.746 -90.133 2681.905
v -4339.747 -90.195 2689.842
v -4219.868 -94.795 2674.761
v -4220.866 -94.727 2666.824
f 253 254 255
f 255 256 253
v -4337.419 -90.389 2668.767
v -4338.600 -90.343 2660.854
v -4388.604 -88.023 2668.316
v -4387.424 -87.985 2676.228
f 257 258 259
f 259 260 257
v -4387.460 -87.984 2676.233
v -4388.568 -88.024 2668.310
v -4479.338 -90.296 2681.014
v -4478.229 -90.188 2688.937
f 261 262 263
f 263 264 261
v -4478.251 -90.190 2688.940
v -4479.317 -90.295 2681.011
v -4509.184 -93.278 2685.026
v -4508.118 -93.235 2692.955
f 265 266 267
f 267 268 265
v -4507.988 -93.221 2692.935
v -4509.314 -93.291 2685.046
v -4537.823 -96.496 2689.839
v -4536.497 -96.385 2697.729
f 269 270 271
f 271 272 269
v -4536.264 -96.357 2697.682
v -4538.056 -96.524 2689.886
v -4578.955 -101.049 2699.288
v -4577.162 -100.791 2707.085
f 273 274 275
f 275 276 273
v -4577.130 -100.788 2707.077
v -4578.987 -101.052 2699.296
v -4611.537 -103.839 2707.061
v -4609.680 -103.572 2714.842
f 277 278 279
f 279 280 277
v -4609.662 -103.571 2714.838
v -4611.554 -103.840 2707.065
v -4647.088 -105.485 2715.715
v -4645.195 -105.050 2723.488
f 281 282 283
f 283 284 281
v -4645.017 -105.044 2723.440
v -4647.266 -105.483 2715.763
v -4700.266 -103.754 2731.293
v -4698.016 -103.400 2738.970
f 285 286 287
f 287 288 285
v -4698.014 -103.400 2738.969
v -4700.268 -103.753 2731.294
v -4772.971 -98.013 2752.647
v -4770.716 -98.064 2760.323
f 289 290 291
f 291 292 289
v -4770.695 -98.066 2760.317
v -4772.992 -98.011 2752.654
v -5646.349 0.050 3014.455
v -5644.052 0.050 3022.118
f 293 294 295
f 295 296 293
v -3115.543 0.050 3791.714
v -3116.322 0.050 3799.676
v -3082.715 0.050 3802.964
v -3081.936 0.050 3795.002
f 297 298 299
f 299 300 297
v -3112.418 0.050 3693.607
v -3113.280 0.050 3701.561
v -3098.775 0.050 3703.132
v -3097.913 0.050 3695.179
f 301 302 303
f 303 304 301
v -3097.889 0.050 3695.181
v -3098.800 0.050 3703.129
v -3040.368 0.050 3709.824
v -3039.457 0.050 3701.876
f 305 306 307
f 307 308 305
v -3139.133 0.050 3906.434
v -3131.249 0.050 3907.796
v -3111.991 0.050 3796.376
v -3119.874 0.050 3795.014
f 309 310 311
f 311 312 309
v -3069.896 -100.633 2849.115
v -3066.680 -100.262 2841.790
v -3074.138 -99.725 2838.515
v -3077.355 -100.054 2845.840
f 313 314 315
f 315 316 313
v -3077.694 -100.018 2845.671
v -3073.799 -99.753 2838.683
v -3081.569 -98.926 2834.352
v -3085.464 -99.182 2841.340
f 317 318 319
f 319 320 317
v -3085.558 -99.172 2841.285
v -3081.475 -98.937 2834.406
v -3094.310 -97.582 2826.787
v -3098.394 -97.788 2833.666
f 321 322 323
f 323 324 321
v -3098.404 -97.787 2833.659
v -3094.299 -97.583 2826.793
v -3142.222 -94.074 2798.137
v -3146.328 -93.993 2805.003
f 325 326 327
f 327 328 325
v -3093.863 -98.058 2833.358
v -3098.840 -97.340 2827.094
v -3125.713 -96.328 2848.448
v -3120.736 -97.012 2854.711
f 329 330 331
f 331 332 329
v -3120.757 -97.010 2854.728
v -3125.691 -96.329 2848.431
v -3153.310 -93.607 2870.075
v -3148.375 -94.210 2876.372
f 333 334 335
f 335 336 333
v -3148.610 -94.181 2876.543
v -3153.075 -93.635 2869.905
v -3186.816 -89.206 2892.605
v -3182.351 -89.687 2899.243
f 337 338 339
f 339 340 337
v -3182.132 -89.719 2899.085
v -3187.035 -89.175 2892.764
v -3211.670 -86.096 2911.872
v -3206.767 -86.611 2918.193
f 341 342 343
f 343 344 341
v -3206.435 -86.645 2917.905
v -3212.002 -86.062 2912.160
v -3221.554 -85.086 2921.418
v -3215.986 -85.669 2927.162
f 345 346 347
f 347 348 345
v -3215.598 -85.709 2926.727
v -3221.941 -85.047 2921.853
v -3228.365 -84.396 2930.212
v -3222.021 -85.186 2935.086
f 349 350 351
f 351 352 349
v -3221.614 -85.205 2934.435
v -3228.772 -84.354 2930.863
v -3232.646 -84.240 2938.628
v -3225.487 -85.087 2942.200
f 353 354 355
f 355 356 353
v -3225.127 -85.084 2941.107
v -3233.006 -84.245 2939.720
v -3236.001 -84.616 2956.729
v -3228.122 -85.408 2958.116
f 357 358 359
f 359 360 357
v -3228.081 -85.401 2957.825
v -3236.041 -84.624 2957.021
v -3238.123 -85.767 2977.621
v -3230.163 -86.473 2978.425
f 361 362 363
f 363 364 361
v -3230.154 -86.466 2978.321
v -3238.132 -85.773 2977.726
v -3239.178 -86.709 2991.763
v -3231.200 -87.336 2992.358
f 365 366 367
f 367 368 365
v -3231.243 -87.263 2991.407
v -3239.136 -86.794 2992.714
v -3237.800 -87.631 3000.783
v -3229.907 -88.036 2999.476
f 369 370 371
f 371 372 369
v -3230.052 -87.976 2998.885
v -3237.655 -87.695 3001.374
v -3235.406 -88.457 3008.241
v -3227.803 -88.701 3005.751
f 373 374 375
f 375 376 373
v -3228.075 -88.630 3005.114
v -3235.134 -88.531 3008.879
v -3230.359 -89.578 3017.832
v -3223.300 -89.641 3014.067
f 377 378 379
f 379 380 377
v -3223.853 -89.547 3013.277
v -3229.805 -89.674 3018.622
v -3215.322 -91.636 3034.746
v -3209.371 -91.472 3029.401
f 381 382 383
f 383 384 381
v -3209.783 -91.427 3029.003
v -3214.910 -91.682 3035.144
v -3185.956 -93.740 3059.323
v -3180.828 -93.537 3053.182
f 385 386 387
f 387 388 385
v -3112.810 0.050 3944.203
v -3104.940 0.050 3945.635
v -3078.390 0.050 3799.699
v -3086.261 0.050 3798.267
f 389 390 391
f 391 392 389
v -3086.082 0.050 3797.609
v -3078.569 0.050 3800.356
v -3072.891 0.050 3784.828
v -3080.405 0.050 3782.081
f 393 394 395
f 395 396 393
v -3080.346 0.050 3781.928
v -3072.951 0.050 3784.980
v -3065.192 0.050 3766.177
v -3072.587 0.050 3763.125
f 397 398 399
f 399 400 397
v -3106.648 0.050 4024.626
v -3098.701 0.050 4025.540
v -3089.817 0.050 3948.281
v -3097.765 0.050 3947.367
f 401 402 403
f 403 404 401
v -3057.222 0.050 4023.240
v -3058.248 0.050 4015.306
v -3103.187 0.050 4021.116
v -3102.162 0.050 4029.050
f 405 406 407
f 407 408 405
v -3102.073 0.050 4029.038
v -3103.277 0.050 4021.129
v -3152.368 0.050 4028.603
v -3151.164 0.050 4036.511
f 409 410 411
f 411 412 409
v -3151.136 0.050 4036.507
v -3152.397 0.050 4028.607
v -3164.475 0.050 4030.535
v -3163.214 0.050 4038.435
f 413 414 415
f 415 416 413
v -3245.002 -96.391 2640.070
v -3251.959 -95.957 2636.120
v -3265.095 -96.647 2659.257
v -3258.138 -96.919 2663.206
f 417 418 419
f 419 420 417
v -3258.137 -96.919 2663.205
v -3265.096 -96.647 2659.258
v -3282.718 -96.347 2690.318
v -3275.759 -96.475 2694.266
f 421 422 423
f 423 424 421
v -3275.728 -96.478 2694.210
v -3282.749 -96.343 2690.374
v -3289.539 -95.382 2702.800
v -3282.519 -95.879 2706.637
f 425 426 427
f 427 428 425
v -3282.808 -95.840 2707.090
v -3289.250 -95.420 2702.347
v -3295.851 -94.599 2711.314
v -3289.409 -95.014 2716.057
f 429 430 431
f 431 432 429
v -3474.249 -83.391 2827.679
v -3482.084 -83.083 2826.065
v -3484.990 -84.376 2840.168
v -3477.154 -84.587 2841.783
f 433 434 435
f 435 436 433
v -3477.174 -84.593 2841.874
v -3484.970 -84.369 2840.077
v -3487.964 -85.312 2853.072
v -3480.168 -85.493 2854.868
f 437 438 439
f 439 440 437
v -3480.192 -85.499 2854.964
v -3487.941 -85.305 2852.976
v -3492.115 -86.391 2869.245
v -3484.366 -86.644 2871.233
f 441 442 443
f 443 444 441
v -3484.444 -86.654 2871.497
v -3492.038 -86.375 2868.982
v -3507.266 -86.995 2914.964
v -3499.672 -87.329 2917.479
f 445 446 447
f 447 448 445
v -3499.737 -87.325 2917.661
v -3507.201 -86.998 2914.782
v -3521.083 -85.535 2950.767
v -3513.619 -85.737 2953.646
f 449 450 451
f 451 452 449
v -3554.450 -82.327 2861.746
v -3561.759 -81.924 2864.999
v -3557.863 -82.624 2873.754
v -3550.554 -83.141 2870.501
f 453 454 455
f 455 456 453
v -3550.447 -83.244 2873.487
v -3557.971 -82.529 2870.768
v -3588.149 -79.662 2954.281
v -3580.626 -80.428 2956.999
f 457 458 459
f 459 460 457
v -3617.221 -76.487 2874.656
v -3624.690 -75.689 2871.791
v -3640.765 -73.644 2913.693
v -3633.296 -74.554 2916.558
f 461 462 463
f 463 464 461
v -3633.296 -74.554 2916.559
v -3640.765 -73.644 2913.691
v -3649.325 -72.699 2935.982
v -3641.857 -73.623 2938.850
f 465 466 467
f 467 468 465
v -3641.734 -73.632 2938.478
v -3649.447 -72.691 2936.355
v -3652.286 -72.555 2946.668
v -3644.573 -73.453 2948.791
f 469 470 471
f 471 472 469
v -3644.439 -73.456 2947.998
v -3652.421 -72.555 2947.462
v -3652.721 -72.609 2951.939
v -3644.739 -73.489 2952.474
f 473 474 475
f 475 476 473
v -3645.193 -73.408 2950.339
v -3652.268 -72.700 2954.074
v -3650.776 -72.913 2956.900
v -3643.701 -73.613 2953.165
f 477 478 479
f 479 480 477
v -3645.198 -73.426 2951.592
v -3649.279 -73.100 2958.473
v -3645.249 -73.562 2960.863
v -3641.168 -73.898 2953.982
f 481 482 483
f 483 484 481
v -3289.591 -94.992 2716.285
v -3295.670 -94.620 2711.085
v -3310.141 -92.649 2728.002
v -3304.062 -92.831 2733.202
f 485 486 487
f 487 488 485
v -3304.432 -92.780 2733.581
v -3309.771 -92.700 2727.623
v -3326.703 -90.492 2742.797
v -3321.364 -90.667 2748.754
f 489 490 491
f 491 492 489
v -3321.770 -90.615 2749.073
v -3326.297 -90.550 2742.477
v -3366.305 -85.757 2769.932
v -3361.778 -85.911 2776.528
f 493 494 495
f 495 496 493
v -3362.133 -85.880 2776.746
v -3365.950 -85.791 2769.715
v -3396.697 -83.546 2786.407
v -3392.880 -83.844 2793.438
f 497 498 499
f 499 500 497
v -3392.823 -83.846 2793.407
v -3396.753 -83.544 2786.438
v -3419.518 -82.848 2799.274
v -3415.588 -83.285 2806.243
f 501 502 503
f 503 504 501
v -3415.182 -83.286 2805.980
v -3419.924 -82.844 2799.537
v -3429.253 -82.877 2806.404
v -3424.510 -83.341 2812.847
f 505 506 507
f 507 508 505
v -3424.283 -83.338 2812.666
v -3429.480 -82.880 2806.584
v -3437.161 -83.072 2813.147
v -3431.964 -83.534 2819.229
f 509 510 511
f 511 512 509
v -3432.353 -83.545 2819.523
v -3436.772 -83.063 2812.854
v -3443.429 -83.218 2817.265
v -3439.010 -83.729 2823.934
f 513 514 515
f 515 516 513
v -3439.415 -83.740 2824.169
v -3443.024 -83.209 2817.029
v -3449.659 -83.326 2820.384
v -3446.049 -83.918 2827.523
f 517 518 519
f 519 520 517
v -3448.191 -83.926 2827.939
v -3447.517 -83.347 2819.968
v -3454.397 -83.134 2819.387
v -3455.070 -83.745 2827.358
f 521 522 523
f 523 524 521
v -3456.105 -83.706 2827.130
v -3453.362 -83.177 2819.615
v -3458.282 -82.911 2817.819
v -3461.025 -83.460 2825.334
f 525 526 527
f 527 528 525
v -3460.924 -83.465 2825.369
v -3458.384 -82.906 2817.783
v -3463.983 -82.605 2815.908
v -3466.524 -83.186 2823.494
f 529 530 531
f 531 532 529
v -3463.920 -83.242 2823.472
v -3466.587 -82.537 2815.930
v -3470.172 -82.552 2817.198
v -3467.504 -83.271 2824.740
f 533 534 535
f 535 536 533
v -3466.801 -83.258 2824.411
v -3470.875 -82.563 2817.526
v -3475.428 -82.690 2820.220
v -3471.354 -83.397 2827.105
f 537 538 539
f 539 540 537
v -3471.160 -83.390 2826.983
v -3475.622 -82.697 2820.343
v -3480.397 -82.882 2823.552
v -3475.935 -83.586 2830.192
f 541 542 543
f 543 544 541
v -3476.110 -83.593 2830.303
v -3480.223 -82.876 2823.441
v -3485.444 -83.062 2826.571
v -3481.331 -83.793 2833.432
f 545 546 547
f 547 548 545
v -3481.475 -83.798 2833.515
v -3485.299 -83.057 2826.488
v -3492.167 -83.225 2830.225
v -3488.344 -84.054 2837.252
f 549 550 551
f 551 552 549
v -3488.661 -84.064 2837.407
v -3491.850 -83.222 2830.070
v -3505.064 -83.267 2835.815
v -3501.875 -84.030 2843.152
f 553 554 555
f 555 556 553
v -3502.046 -84.028 2843.222
v -3504.892 -83.267 2835.745
v -3518.629 -83.199 2840.974
v -3515.783 -83.859 2848.451
f 557 558 559
f 559 560 557
v -3516.763 -83.837 2848.688
v -3517.649 -83.221 2840.737
v -3533.768 -82.611 2842.533
v -3532.882 -83.226 2850.484
f 561 562 563
f 563 564 561
v -3205.016 -96.804 2679.150
v -3198.193 -96.619 2683.327
v -3187.595 -95.866 2666.014
v -3194.418 -96.237 2661.837
f 565 566 567
f 567 568 565
v -3194.328 -96.231 2661.697
v -3187.685 -95.872 2666.154
v -3171.855 -94.716 2642.555
v -3178.499 -94.950 2638.098
f 569 570 571
f 571 572 569
v -3212.545 -92.798 2780.541
v -3218.137 -93.080 2774.820
v -3224.704 -92.438 2781.238
v -3219.113 -92.119 2786.959
f 573 574 575
f 575 576 573
v -3219.373 -92.092 2787.192
v -3224.444 -92.464 2781.005
v -3245.940 -90.089 2798.621
v -3240.869 -89.688 2804.809
f 577 578 579
f 579 580 577
v -3240.902 -89.683 2804.835
v -3245.907 -90.093 2798.595
v -3277.555 -86.207 2823.976
v -3272.550 -85.826 2830.217
f 581 582 583
f 583 584 581
v -3272.464 -85.837 2830.146
v -3277.642 -86.196 2824.047
v -3294.518 -84.342 2838.375
v -3289.340 -83.964 2844.474
f 585 586 587
f 587 588 585
v -3289.248 -83.971 2844.394
v -3294.609 -84.333 2838.456
v -3311.474 -83.039 2853.682
v -3306.113 -82.715 2859.620
f 589 590 591
f 591 592 589
v -3306.224 -82.707 2859.716
v -3311.363 -83.046 2853.585
v -3327.939 -82.238 2867.477
v -3322.800 -81.851 2873.609
f 593 594 595
f 595 596 593
v -3322.830 -81.850 2873.634
v -3327.908 -82.238 2867.452
v -3336.268 -82.252 2874.319
v -3331.190 -81.916 2880.501
f 597 598 599
f 599 600 597
v -3331.496 -81.921 2880.729
v -3335.962 -82.247 2874.091
v -3344.166 -82.406 2879.611
v -3339.701 -82.093 2886.249
f 601 602 603
f 603 604 601
v -3340.206 -82.107 2886.538
v -3343.661 -82.394 2879.322
v -3350.529 -82.581 2882.610
v -3347.075 -82.312 2889.826
f 605 606 607
f 607 608 605
v -3347.785 -82.335 2890.087
v -3349.819 -82.560 2882.350
v -3355.496 -82.748 2883.842
v -3353.462 -82.542 2891.579
f 609 610 611
f 611 612 609
v -3141.852 -94.182 2804.753
v -3146.697 -93.926 2798.387
v -3241.641 -84.159 2870.635
v -3236.797 -84.350 2877.001
f 613 614 615
f 615 616 613
v -3236.757 -84.355 2876.970
v -3241.682 -84.156 2870.666
v -3330.069 -81.610 2939.718
v -3325.144 -81.611 2946.022
f 617 618 619
f 619 620 617
v -3229.086 -84.811 2944.414
v -3229.048 -84.520 2936.414
v -3262.789 -82.174 2936.255
v -3262.826 -82.512 2944.255
f 621 622 623
f 623 624 621
v -3262.661 -82.520 2944.253
v -3262.955 -82.165 2936.258
v -3291.319 -81.222 2937.301
v -3291.025 -81.552 2945.296
f 625 626 627
f 627 628 625
v -3291.000 -81.552 2945.295
v -3291.344 -81.222 2937.302
v -3327.779 -81.490 2938.874
v -3327.434 -81.723 2946.866
f 629 630 631
f 631 632 629
v -3327.439 -81.723 2946.867
v -3327.774 -81.490 2938.874
v -3447.209 -87.020 2943.879
v -3446.874 -86.746 2951.872
f 633 634 635
f 635 636 633
v -3446.795 -86.743 2951.867
v -3447.287 -87.023 2943.883
v -3517.597 -85.793 2948.214
v -3517.105 -85.480 2956.199
f 637 638 639
f 639 640 637
v -3517.146 -85.478 2956.201
v -3517.555 -85.795 2948.212
v -3584.592 -80.102 2951.645
v -3584.183 -79.993 2959.635
f 641 642 643
f 643 644 641
v -3584.266 -79.984 2959.638
v -3584.509 -80.111 2951.642
v -3643.330 -73.656 2953.425
v -3643.087 -73.795 2961.421
f 645 646 647
f 647 648 645
v -3146.909 -94.383 2873.947
v -3154.777 -93.428 2872.500
v -3162.246 -92.381 2913.107
v -3154.378 -93.444 2914.555
f 649 650 651
f 651 652 649
v -3154.375 -93.445 2914.539
v -3162.249 -92.380 2913.123
v -3170.308 -91.574 2957.916
v -3162.435 -92.523 2959.333
f 653 654 655
f 655 656 653
v -3162.453 -92.521 2959.428
v -3170.290 -91.575 2957.821
v -3178.650 -91.657 2998.573
v -3170.813 -92.316 3000.180
f 657 658 659
f 659 660 657
v -3064.368 -100.661 2846.250
v -3072.208 -100.238 2844.655
v -3105.793 -96.513 3009.778
v -3097.953 -96.806 3011.372
f 661 662 663
f 663 664 661
v -3069.682 -97.308 3020.104
v -3068.341 -98.054 3012.217
v -3101.203 -96.941 3006.631
v -3102.543 -96.389 3014.518
f 665 666 667
f 667 668 665
v -3102.481 -96.392 3014.529
v -3101.265 -96.938 3006.621
v -3174.124 -91.927 2995.423
v -3175.339 -92.060 3003.330
f 669 670 671
f 671 672 669
v -3175.254 -92.067 3003.342
v -3174.209 -91.919 2995.411
v -3210.488 -88.737 2990.631
v -3211.533 -89.195 2998.562
f 673 674 675
f 675 676 673
v -3211.428 -89.203 2998.574
v -3210.594 -88.729 2990.618
v -3234.772 -86.773 2988.083
v -3235.606 -87.348 2996.039
f 677 678 679
f 679 680 677
v -4388.697 -96.718 2829.555
v -4390.003 -97.441 2837.447
v -4360.882 -95.563 2842.268
v -4359.575 -95.079 2834.375
f 681 682 683
f 683 684 681
v -4358.294 -95.013 2834.820
v -4362.163 -95.643 2841.822
v -4356.808 -95.349 2844.781
v -4352.940 -94.715 2837.778
f 685 686 687
f 687 688 685
v -4352.582 -94.692 2838.001
v -4357.166 -95.368 2844.558
v -4349.875 -94.831 2849.655
v -4345.291 -94.182 2843.098
f 689 690 691
f 691 692 689
v -4344.545 -94.127 2843.774
v -4350.621 -94.886 2848.979
v -4346.424 -94.594 2853.878
v -4340.348 -93.827 2848.674
f 693 694 695
f 695 696 693
v -4339.935 -93.798 2849.254
v -4346.837 -94.621 2853.298
v -4344.299 -94.463 2857.630
v -4337.397 -93.620 2853.585
f 697 698 699
f 699 700 697
v -4337.140 -93.602 2854.107
v -4344.556 -94.478 2857.108
v -4342.018 -94.346 2863.380
v -4334.602 -93.431 2860.380
f 701 702 703
f 703 704 701
v -4334.323 -93.418 2861.561
v -4342.297 -94.350 2862.199
v -4341.874 -94.426 2867.482
v -4333.900 -93.452 2866.843
f 705 706 707
f 707 708 705
v -4333.900 -93.452 2866.839
v -4341.874 -94.426 2867.486
v -4341.540 -94.467 2871.606
v -4333.566 -93.470 2870.959
f 709 710 711
f 711 712 709
v -4333.586 -93.479 2871.797
v -4341.520 -94.454 2870.768
v -4342.566 -94.688 2878.837
v -4334.632 -93.680 2879.866
f 713 714 715
f 715 716 713
v -4334.823 -93.711 2880.670
v -4342.376 -94.653 2878.032
v -4345.659 -95.209 2887.435
v -4338.107 -94.234 2890.073
f 717 718 719
f 719 720 717
v -4338.124 -94.237 2890.121
v -4345.642 -95.206 2887.386
v -4347.434 -95.520 2892.312
v -4339.916 -94.534 2895.047
f 721 722 723
f 723 724 721
v -4340.237 -94.586 2895.723
v -4347.114 -95.467 2891.636
v -4349.507 -95.856 2895.664
v -4342.630 -94.966 2899.750
f 725 726 727
f 727 728 725
v -4342.752 -94.986 2899.943
v -4349.385 -95.836 2895.471
v -4352.814 -96.399 2900.555
v -4346.181 -95.473 2905.028
f 729 730 731
f 731 732 729
v -4346.169 -95.471 2905.009
v -4352.826 -96.401 2900.573
v -4358.203 -97.090 2908.642
v -4351.545 -96.216 2913.078
f 733 734 735
f 735 736 733
v -4352.183 -96.304 2913.819
v -4357.565 -97.021 2907.900
v -4372.493 -98.618 2921.476
v -4367.111 -98.032 2927.394
f 737 738 739
f 739 740 737
v -4367.284 -98.050 2927.543
v -4372.320 -98.600 2921.327
v -4381.726 -99.604 2928.947
v -4376.691 -98.938 2935.163
f 741 742 743
f 743 744 741
v -4376.035 -98.889 2934.489
v -4382.382 -99.673 2929.620
v -4389.251 -100.149 2938.574
v -4382.903 -99.325 2943.443
f 745 746 747
f 747 748 745
v -4382.725 -99.315 2943.191
v -4389.429 -100.158 2938.825
v -4395.552 -100.440 2948.228
v -4388.848 -99.612 2952.593
f 749 750 751
f 751 752 749
v -4388.452 -99.600 2951.809
v -4395.947 -100.450 2949.012
v -4398.786 -100.381 2956.618
v -4391.291 -99.605 2959.415
f 753 754 755
f 755 756 753
v -4391.415 -99.607 2959.712
v -4398.661 -100.386 2956.322
v -4402.992 -100.112 2965.579
v -4395.745 -99.446 2968.969
f 757 758 759
f 759 760 757
v -4395.674 -99.451 2968.808
v -4403.063 -100.104 2965.740
v -4406.347 -99.696 2973.650
v -4398.958 -99.136 2976.718
f 761 762 763
f 763 764 761
v -4399.114 -99.120 2977.049
v -4406.191 -99.712 2973.319
v -4414.696 -98.920 2989.456
v -4407.619 -98.324 2993.186
f 765 766 767
f 767 768 765
v -4407.779 -98.305 2993.463
v -4414.535 -98.933 2989.179
v -4417.374 -98.690 2993.656
v -4410.618 -98.008 2997.940
f 769 770 771
f 771 772 769
v -4410.958 -97.979 2998.400
v -4417.034 -98.719 2993.196
v -4420.608 -98.470 2997.369
v -4414.531 -97.732 3002.573
f 773 774 775
f 775 776 773
v -4414.634 -97.725 3002.688
v -4420.505 -98.476 2997.254
v -4427.974 -97.990 3005.322
v -4422.104 -97.241 3010.757
f 777 778 779
f 779 780 777
v -4422.070 -97.243 3010.720
v -4428.008 -97.988 3005.359
v -4441.756 -96.925 3020.585
v -4435.818 -96.204 3025.946
f 781 782 783
f 783 784 781
v -4435.502 -96.236 3025.548
v -4442.072 -96.892 3020.983
v -4450.109 -95.897 3032.551
v -4443.539 -95.247 3037.116
f 785 786 787
f 787 788 785
v -4443.542 -95.247 3037.120
v -4450.106 -95.897 3032.546
v -4452.655 -95.599 3036.204
v -4446.092 -94.943 3040.778
f 789 790 791
f 791 792 789
v -4446.156 -94.935 3040.868
v -4452.591 -95.606 3036.115
v -4459.760 -94.868 3045.821
v -4453.325 -94.184 3050.574
f 793 794 795
f 795 796 793
v -4453.497 -94.169 3050.791
v -4459.588 -94.884 3045.604
v -4496.245 -93.530 3088.654
v -4490.154 -92.813 3093.840
f 797 798 799
f 799 800 797
v -4489.970 -92.809 3093.606
v -4496.430 -93.534 3088.888
v -4499.246 -93.596 3092.744
v -4492.786 -92.862 3097.462
f 801 802 803
f 803 804 801
v -4492.785 -92.862 3097.460
v -4499.248 -93.596 3092.746
v -4505.760 -93.793 3101.672
v -4499.297 -93.041 3106.387
f 805 806 807
f 807 808 805
v -4499.431 -93.046 3106.561
v -4505.626 -93.788 3101.499
v -4512.338 -94.104 3109.712
v -4506.144 -93.372 3114.775
f 809 810 811
f 811 812 809
v -4505.893 -93.353 3114.432
v -4512.589 -94.117 3110.055
v -4517.665 -94.432 3117.820
v -4510.969 -93.731 3122.197
f 813 814 815
f 815 816 813
v -4510.800 -93.718 3121.915
v -4517.834 -94.445 3118.102
v -4520.761 -94.668 3123.503
v -4513.728 -93.934 3127.316
f 817 818 819
f 819 820 817
v -4513.395 -93.912 3126.494
v -4521.095 -94.691 3124.325
v -4522.642 -94.804 3129.818
v -4514.942 -93.996 3131.987
f 821 822 823
f 823 824 821
v -4514.800 -93.992 3131.146
v -4522.785 -94.812 3130.659
v -4523.386 -94.784 3140.510
v -4515.401 -93.932 3140.998
f 825 826 827
f 827 828 825
v -4515.413 -93.941 3140.358
v -4523.374 -94.776 3141.150
v -4519.945 -94.590 3175.642
v -4511.984 -93.793 3174.851
f 829 830 831
f 831 832 829
v -4512.148 -93.799 3174.050
v -4519.782 -94.593 3176.442
v -4518.090 -94.561 3181.843
v -4510.455 -93.776 3179.451
f 833 834 835
f 835 836 833
v -4512.072 -93.870 3177.307
v -4516.473 -94.464 3183.988
v -4506.587 -93.754 3190.498
v -4502.187 -93.138 3183.817
f 837 838 839
f 839 840 837
v -4503.237 -93.219 3183.326
v -4505.538 -93.677 3190.989
v -4494.717 -92.847 3194.237
v -4492.417 -92.344 3186.575
f 841 842 843
f 843 844 841
v -4492.508 -92.351 3186.549
v -4494.626 -92.840 3194.263
v -4465.037 -91.195 3202.385
v -4462.920 -90.690 3194.670
f 845 846 847
f 847 848 845
v -4463.330 -90.707 3194.580
v -4464.627 -91.179 3202.474
v -4443.654 -90.313 3205.921
v -4442.357 -89.777 3198.027
f 849 850 851
f 851 852 849
v -4443.168 -89.817 3197.977
v -4442.844 -90.277 3205.971
v -4431.111 -89.927 3205.495
v -4431.435 -89.472 3197.502
f 853 854 855
f 855 856 853
v -4430.952 -89.467 3197.511
v -4431.594 -89.933 3205.486
v -4422.076 -89.864 3206.251
v -4421.434 -89.388 3198.277
f 857 858 859
f 859 860 857
v -4420.853 -89.385 3198.367
v -4422.656 -89.865 3206.161
v -4411.012 -89.919 3208.855
v -4409.209 -89.377 3201.061
f 861 862 863
f 863 864 861
v -4409.201 -89.377 3201.063
v -4411.020 -89.919 3208.853
v -4404.007 -89.944 3210.491
v -4402.188 -89.368 3202.700
f 865 866 867
f 867 868 865
v -4401.578 -89.370 3202.896
v -4404.617 -89.938 3210.296
v -4396.257 -90.115 3213.729
v -4393.218 -89.601 3206.329
f 869 870 871
f 871 872 869
v -4392.852 -89.620 3206.501
v -4396.623 -90.097 3213.557
v -4386.026 -90.608 3219.222
v -4382.254 -90.175 3212.166
f 873 874 875
f 875 876 873
v -4381.611 -90.211 3212.595
v -4386.669 -90.574 3218.793
v -4360.442 -91.817 3240.199
v -4355.384 -91.466 3234.001
f 877 878 879
f 879 880 877
v -4356.130 -91.443 3233.519
v -4359.696 -91.835 3240.680
v -4322.092 -91.692 3259.405
v -4318.526 -91.578 3252.244
f 881 882 883
f 883 884 881
v -4318.444 -91.576 3252.286
v -4322.175 -91.694 3259.363
v -4312.156 -91.330 3264.645
v -4308.425 -91.270 3257.569
f 885 886 887
f 887 888 885
v -4307.912 -91.249 3257.891
v -4312.669 -91.353 3264.323
v -4306.046 -91.005 3269.222
v -4301.289 -90.926 3262.790
f 889 890 891
f 891 892 889
v -4300.579 -90.882 3263.463
v -4306.755 -91.048 3268.549
v -4299.742 -90.516 3277.066
v -4293.566 -90.327 3271.981
f 893 894 895
f 895 896 893
v -4293.961 -90.360 3271.566
v -4299.347 -90.483 3277.481
v -4291.343 -89.760 3284.770
v -4285.957 -89.648 3278.855
f 897 898 899
f 899 900 897
v -4286.134 -89.665 3278.703
v -4291.166 -89.742 3284.923
v -4283.151 -88.899 3291.406
v -4278.119 -88.844 3285.187
f 901 902 903
f 903 904 901
v -4278.881 -88.921 3284.701
v -4282.389 -88.817 3291.891
v -4272.292 -87.763 3296.817
v -4268.785 -87.964 3289.627
f 905 906 907
f 907 908 905
v -4269.340 -88.014 3289.406
v -4271.737 -87.713 3297.038
v -4264.712 -87.091 3299.244
v -4262.316 -87.408 3291.611
f 909 910 911
f 911 912 909
v -4262.901 -87.457 3291.475
v -4264.128 -87.041 3299.380
v -4257.404 -86.487 3300.423
v -4256.177 -86.933 3292.518
f 913 914 915
f 915 916 913
v -4256.603 -86.965 3292.475
v -4256.978 -86.453 3300.466
v -4244.287 -85.476 3301.060
v -4243.913 -86.060 3293.069
f 917 918 919
f 919 920 917
v -4244.046 -86.069 3293.065
v -4244.154 -85.465 3301.064
v -4233.412 -84.657 3301.210
v -4233.304 -85.327 3293.210
f 921 922 923
f 923 924 921
v -4233.725 -85.354 3293.227
v -4232.991 -84.627 3301.193
v -4200.307 -83.235 3298.182
v -4201.041 -84.048 3290.216
f 925 926 927
f 927 928 925
v -4200.654 -84.031 3290.199
v -4200.695 -83.252 3298.199
v -4195.608 -82.999 3298.226
v -4195.566 -83.784 3290.226
f 929 930 931
f 931 932 929
v -4195.142 -83.761 3290.250
v -4196.032 -83.022 3298.201
v -4189.308 -82.671 3298.953
v -4188.418 -83.415 3291.003
f 933 934 935
f 935 936 933
v -4187.818 -83.387 3291.117
v -4189.909 -82.695 3298.839
v -4182.740 -82.368 3300.780
v -4180.649 -82.999 3293.058
f 937 938 939
f 939 940 937
v -4179.677 -82.934 3293.466
v -4183.712 -82.424 3300.373
v -4174.016 -81.764 3306.038
v -4169.981 -82.203 3299.131
f 941 942 943
f 943 944 941
v -4170.305 -82.224 3298.960
v -4173.692 -81.745 3306.208
v -4159.955 -81.014 3312.626
v -4156.569 -81.457 3305.378
f 945 946 947
f 947 948 945
v -4156.831 -81.470 3305.267
v -4159.693 -81.002 3312.737
v -4150.732 -80.620 3316.171
v -4147.869 -81.112 3308.700
f 949 950 951
f 951 952 949
v -4148.562 -81.120 3308.504
v -4150.039 -80.597 3316.367
v -4142.870 -80.610 3317.714
v -4141.393 -81.089 3309.851
f 953 954 955
f 955 956 953
v -4141.704 -81.089 3309.805
v -4142.559 -80.612 3317.760
v -4134.199 -80.695 3318.658
v -4133.344 -81.110 3310.703
f 957 958 959
f 959 960 957
v -4134.103 -81.104 3310.694
v -4133.440 -80.707 3318.667
v -4120.905 -80.952 3317.623
v -4121.569 -81.254 3309.651
f 961 962 963
f 963 964 961
v -4121.912 -81.250 3309.695
v -4120.562 -80.959 3317.580
v -4092.643 -81.646 3312.800
v -4093.993 -81.694 3304.914
f 965 966 967
f 967 968 965
v -4094.095 -81.693 3304.933
v -4092.541 -81.648 3312.781
v -4059.401 -82.205 3306.218
v -4060.955 -81.977 3298.370
f 969 970 971
f 971 972 969
v -4061.113 -81.978 3298.405
v -4059.244 -82.206 3306.183
v -4018.189 -81.900 3296.319
v -4020.058 -81.312 3288.540
f 973 974 975
f 975 976 973
v -3753.100 -68.710 2961.869
v -3760.765 -68.794 2959.579
v -3765.507 -69.966 2975.452
v -3757.842 -69.982 2977.742
f 977 978 979
f 979 980 977
v -3757.688 -69.919 2976.927
v -3765.661 -70.027 2976.267
v -3766.407 -70.675 2985.287
v -3758.434 -70.590 2985.946
f 981 982 983
f 983 984 981
v -3758.563 -70.491 2984.558
v -3766.278 -70.771 2986.675
v -3763.362 -71.583 2997.305
v -3755.647 -71.288 2995.189
f 985 986 987
f 987 988 985
v -3755.854 -71.236 2994.610
v -3763.154 -71.633 2997.884
v -3738.519 -77.019 3052.818
v -3731.219 -76.693 3049.545
f 989 990 991
f 991 992 989
v -3731.261 -76.684 3049.454
v -3738.477 -77.029 3052.909
v -3733.545 -78.005 3063.209
v -3726.330 -77.665 3059.755
f 993 994 995
f 995 996 993
v -3726.330 -77.665 3059.755
v -3733.546 -78.005 3063.209
v -3718.473 -80.430 3094.704
v -3711.257 -80.130 3091.250
f 997 998 999
f 999 1000 997
v -3711.250 -80.131 3091.264
v -3718.480 -80.429 3094.689
v -3707.726 -81.515 3117.389
v -3700.497 -81.310 3113.965
f 1001 1002 1003
f 1003 1004 1001
v -3700.557 -81.308 3113.843
v -3707.666 -81.517 3117.511
v -3693.340 -81.777 3145.282
v -3686.230 -81.284 3141.614
f 1005 1006 1007
f 1007 1008 1005
v -3686.244 -81.284 3141.586
v -3693.325 -81.776 3145.309
v -3684.063 -80.967 3162.925
v -3676.982 -80.579 3159.202
f 1009 1010 1011
f 1011 1012 1009
v -3740.254 -81.392 3187.596
v -3733.069 -81.633 3184.078
v -3752.182 -82.226 3145.043
v -3759.367 -81.942 3148.561
f 1013 1014 1015
f 1015 1016 1013
v -3759.368 -81.942 3148.560
v -3752.182 -82.226 3145.044
v -3761.132 -81.525 3126.754
v -3768.318 -81.389 3130.271
f 1017 1018 1019
f 1019 1020 1017
v -3768.347 -81.387 3130.209
v -3761.103 -81.527 3126.816
v -3795.289 -76.382 3053.817
v -3802.534 -76.436 3057.210
f 1021 1022 1023
f 1023 1024 1021
v -3802.709 -76.408 3056.770
v -3795.114 -76.413 3054.257
v -3801.982 -74.968 3033.498
v -3809.577 -75.130 3036.011
f 1025 1026 1027
f 1027 1028 1025
v -3809.640 -75.119 3035.802
v -3801.919 -74.981 3033.706
v -3804.969 -74.308 3022.469
v -3812.690 -74.532 3024.564
f 1029 1030 1031
f 1031 1032 1029
v -3812.825 -74.490 3023.720
v -3804.835 -74.358 3023.313
v -3805.547 -73.567 3009.328
v -3813.537 -73.812 3009.735
f 1033 1034 1035
f 1035 1036 1033
v -3813.524 -73.783 3009.153
v -3805.560 -73.600 3009.911
v -3804.614 -72.997 2999.967
v -3812.578 -73.260 2999.209
f 1037 1038 1039
f 1039 1040 1037
v -3812.586 -73.293 2999.870
v -3804.606 -72.959 2999.306
v -3805.163 -72.535 2991.423
v -3813.143 -72.926 2991.986
f 1041 1042 1043
f 1043 1044 1041
v -3812.649 -72.985 2993.648
v -3805.656 -72.484 2989.761
v -3811.022 -72.349 2980.108
v -3818.014 -72.871 2983.994
f 1045 1046 1047
f 1047 1048 1045
v -3816.453 -72.594 2978.550
v -3812.583 -72.649 2985.552
v -3785.566 -70.367 2970.616
v -3789.436 -70.207 2963.615
f 1049 1050 1051
f 1051 1052 1049
v -3798.819 -78.210 3208.999
v -3791.545 -78.772 3205.671
v -3807.586 -78.953 3170.611
v -3814.861 -78.414 3173.939
f 1053 1054 1055
f 1055 1056 1053
v -3814.860 -78.414 3173.940
v -3807.586 -78.953 3170.611
v -3825.286 -77.641 3131.932
v -3832.560 -77.016 3135.261
f 1057 1058 1059
f 1059 1060 1057
v -3832.545 -77.017 3135.294
v -3825.301 -77.639 3131.899
v -3850.971 -75.328 3077.123
v -3858.215 -74.948 3080.518
f 1061 1062 1063
f 1063 1064 1061
v -3858.215 -74.948 3080.519
v -3850.971 -75.328 3077.123
v -3856.649 -75.127 3065.013
v -3863.892 -74.863 3068.409
f 1065 1066 1067
f 1067 1068 1065
v -3863.968 -74.863 3068.237
v -3856.573 -75.129 3065.185
v -3869.364 -75.486 3034.192
v -3876.759 -75.485 3037.244
f 1069 1070 1071
f 1071 1072 1069
v -3876.779 -75.487 3037.193
v -3869.343 -75.484 3034.243
v -3889.247 -78.095 2984.062
v -3896.683 -78.520 2987.012
f 1073 1074 1075
f 1075 1076 1073
v -4010.333 -78.929 3033.315
v -4002.333 -78.649 3033.393
v -4002.288 -79.067 3028.838
v -4010.288 -79.322 3028.759
f 1077 1078 1079
f 1079 1080 1077
v -4010.047 -79.431 3027.429
v -4002.530 -78.952 3030.168
v -4001.038 -79.285 3026.074
v -4008.555 -79.746 3023.335
f 1081 1082 1083
f 1083 1084 1081
v -4006.864 -79.877 3021.280
v -4002.729 -79.146 3028.129
v -3992.143 -79.451 3021.738
v -3996.278 -80.187 3014.889
f 1085 1086 1087
f 1087 1088 1085
v -3996.069 -80.193 3014.771
v -3992.352 -79.445 3021.855
v -3957.620 -80.221 3003.632
v -3961.337 -81.023 2996.548
f 1089 1090 1091
f 1091 1092 1089
v -3974.778 -78.366 3268.237
v -3967.467 -77.830 3264.990
v -4002.588 -72.947 3185.891
v -4009.900 -73.656 3189.137
f 1093 1094 1095
f 1095 1096 1093
v -4009.805 -73.658 3189.336
v -4002.683 -72.945 3185.692
v -4036.891 -75.718 3118.821
v -4044.013 -76.530 3122.464
f 1097 1098 1099
f 1099 1100 1097
v -3227.608 -89.890 3019.873
v -3226.050 -89.323 3012.026
v -3248.592 -87.718 3007.550
v -3250.151 -88.398 3015.396
f 1101 1102 1103
f 1103 1104 1101
v -3250.028 -88.405 3015.419
v -3248.714 -87.711 3007.527
v -3266.637 -86.610 3004.543
v -3267.951 -87.323 3012.434
f 1105 1106 1107
f 1107 1108 1105
v -3267.737 -87.336 3012.464
v -3266.851 -86.597 3004.513
v -3291.030 -85.407 3001.819
v -3291.915 -86.133 3009.770
f 1109 1110 1111
f 1111 1112 1109
v -3291.603 -86.144 3009.792
v -3291.342 -85.397 3001.797
v -3318.815 -84.640 3000.899
v -3319.077 -85.256 3008.894
f 1113 1114 1115
f 1115 1116 1113
v -3318.844 -85.263 3008.895
v -3319.048 -84.634 3000.898
v -3429.967 -83.920 3003.737
v -3429.762 -83.483 3011.734
f 1117 1118 1119
f 1119 1120 1117
v -3429.706 -83.484 3011.733
v -3430.024 -83.919 3003.739
v -3482.433 -82.845 3005.825
v -3482.115 -82.085 3013.819
f 1121 1122 1123
f 1123 1124 1121
v -3482.115 -82.085 3013.819
v -3482.433 -82.845 3005.825
v -3576.631 -78.527 3009.563
v -3576.314 -78.111 3017.556
f 1125 1126 1127
f 1127 1128 1125
v -3576.226 -78.115 3017.552
v -3576.719 -78.522 3009.567
v -3598.516 -77.329 3010.914
v -3598.022 -77.141 3018.899
f 1129 1130 1131
f 1131 1132 1129
v -3597.757 -77.153 3018.873
v -3598.781 -77.315 3010.939
v -3611.471 -76.647 3012.577
v -3610.447 -76.610 3020.511
f 1133 1134 1135
f 1135 1136 1133
v -3610.111 -76.624 3020.453
v -3611.808 -76.630 3012.635
v -3633.159 -75.754 3017.270
v -3631.462 -75.953 3025.088
f 1137 1138 1139
f 1139 1140 1137
v -3631.170 -75.960 3025.013
v -3633.451 -75.745 3017.345
v -3650.015 -75.307 3022.271
v -3647.735 -75.688 3029.939
f 1141 1142 1143
f 1143 1144 1141
v -3647.584 -75.689 3029.891
v -3650.165 -75.304 3022.318
v -3675.546 -75.300 3030.968
v -3672.965 -75.855 3038.540
f 1145 1146 1147
f 1147 1148 1145
v -3181.472 -93.516 3052.744
v -3185.313 -93.758 3059.762
v -3169.483 -93.943 3068.424
v -3165.642 -93.793 3061.406
f 1149 1150 1151
f 1151 1152 1149
v -3165.590 -93.794 3061.436
v -3169.536 -93.943 3068.395
v -3151.624 -93.724 3078.550
v -3147.679 -93.652 3071.591
f 1153 1154 1155
f 1155 1156 1153
v -3147.839 -93.655 3071.505
v -3151.464 -93.719 3078.636
v -3115.931 -92.112 3096.701
v -3112.305 -92.243 3089.570
f 1157 1158 1159
f 1159 1160 1157
v -3112.382 -92.246 3089.532
v -3115.854 -92.109 3096.739
v -3099.735 -91.313 3104.504
v -3096.263 -91.507 3097.296
f 1161 1162 1163
f 1163 1164 1161
v -3096.569 -91.521 3097.164
v -3099.429 -91.296 3104.636
v -3083.455 -90.428 3110.750
v -3080.595 -90.718 3103.279
f 1165 1166 1167
f 1167 1168 1165
v -3080.987 -90.738 3103.151
v -3083.062 -90.407 3110.877
v -3066.932 -89.921 3115.209
v -3064.857 -90.327 3107.482
f 1169 1170 1171
f 1171 1172 1169
v -3285.382 -95.303 2717.852
v -3280.731 -95.186 2724.361
v -3267.351 -96.141 2714.800
v -3272.002 -96.182 2708.291
f 1173 1174 1175
f 1175 1176 1173
v -3271.784 -96.193 2708.146
v -3267.568 -96.130 2714.946
v -3262.648 -96.378 2711.895
v -3266.863 -96.441 2705.096
f 1177 1178 1179
f 1179 1180 1177
v -3266.463 -96.460 2704.878
v -3263.048 -96.359 2712.113
v -3255.579 -96.702 2708.587
v -3258.994 -96.801 2701.352
f 1181 1182 1183
f 1183 1184 1181
v -3257.410 -96.863 2700.971
v -3257.163 -96.640 2708.968
v -3252.465 -96.796 2708.822
v -3252.712 -97.017 2700.826
f 1185 1186 1187
f 1187 1188 1185
v -3251.368 -97.055 2701.015
v -3253.809 -96.758 2708.634
v -3248.655 -96.877 2710.284
v -3246.214 -97.172 2702.665
f 1189 1190 1191
f 1191 1192 1189
v -3245.368 -97.189 2703.050
v -3249.501 -96.861 2709.900
v -3243.679 -96.949 2713.413
v -3239.546 -97.202 2706.563
f 1193 1194 1195
f 1195 1196 1193
v -3238.839 -97.173 2707.105
v -3244.386 -96.942 2712.870
v -3232.140 -96.367 2724.650
v -3226.594 -96.614 2718.885
f 1197 1198 1199
f 1199 1200 1197
v -3777.620 0.050 3963.448
v -3772.781 0.050 3957.078
v -3846.608 0.050 3900.998
v -3851.447 0.050 3907.369
f 1201 1202 1203
f 1203 1204 1201
v -3851.841 0.050 3907.027
v -3846.214 0.050 3901.340
v -3896.764 0.050 3851.321
v -3902.391 0.050 3857.008
f 1205 1206 1207
f 1207 1208 1205
v -3902.499 0.050 3856.897
v -3896.656 0.050 3851.433
v -3910.248 0.050 3836.895
v -3916.091 0.050 3842.358
f 1209 1210 1211
f 1211 1212 1209
v -3916.556 0.050 3841.755
v -3909.783 0.050 3837.498
v -3932.915 0.050 3800.684
v -3939.689 0.050 3804.940
f 1213 1214 1215
f 1215 1216 1213
v -3939.734 0.050 3804.866
v -3932.869 0.050 3800.758
v -3943.545 0.050 3782.919
v -3950.410 0.050 3787.027
f 1217 1218 1219
f 1219 1220 1217
v -3949.837 0.050 3787.770
v -3944.118 0.050 3782.175
v -3950.719 0.050 3775.428
v -3956.438 0.050 3781.022
f 1221 1222 1223
f 1223 1224 1221
v -3956.079 0.050 3781.347
v -3951.078 0.050 3775.103
v -3981.636 0.050 3750.635
v -3986.636 0.050 3756.879
f 1225 1226 1227
f 1227 1228 1225
v -3987.510 0.050 3755.905
v -3980.762 0.050 3751.608
v -3985.059 0.050 3744.861
v -3991.807 0.050 3749.158
f 1229 1230 1231
f 1231 1232 1229
v -3992.193 0.050 3748.374
v -3984.673 0.050 3745.645
v -4000.792 0.050 3701.224
v -4008.312 0.050 3703.953
f 1233 1234 1235
f 1235 1236 1233
v -4008.239 0.050 3704.139
v -4000.864 0.050 3701.038
v -4003.291 0.050 3695.268
v -4010.666 0.050 3698.369
f 1237 1238 1239
f 1239 1240 1237
v -4010.278 0.050 3699.079
v -4003.679 0.050 3694.557
v -4013.152 0.050 3680.732
v -4019.751 0.050 3685.254
f 1241 1242 1243
f 1243 1244 1241
v -4019.327 0.050 3685.774
v -4013.577 0.050 3680.212
v -4026.991 0.050 3666.347
v -4032.741 0.050 3671.909
f 1245 1246 1247
f 1247 1248 1245
v -4033.322 0.050 3671.141
v -4026.409 0.050 3667.115
v -4028.424 0.050 3663.655
v -4035.337 0.050 3667.681
f 1249 1250 1251
f 1251 1252 1249
v -4035.827 0.050 3666.319
v -4027.934 0.050 3665.018
v -4030.528 0.050 3649.278
v -4038.421 0.050 3650.579
f 1253 1254 1255
f 1255 1256 1253
v -4038.457 0.050 3649.556
v -4030.492 0.050 3650.300
v -4029.479 0.050 3639.459
v -4037.444 0.050 3638.715
f 1257 1258 1259
f 1259 1260 1257
v -4037.405 0.050 3638.416
v -4029.518 0.050 3639.759
v -4026.824 0.050 3623.939
v -4034.711 0.050 3622.596
f 1261 1262 1263
f 1263 1264 1261
v -4034.594 0.050 3622.102
v -4026.941 0.050 3624.433
v -4023.212 0.050 3612.193
v -4030.865 0.050 3609.861
f 1265 1266 1267
f 1267 1268 1265
v -4030.793 0.050 3609.648
v -4023.283 0.050 3612.406
v -4015.569 0.050 3591.397
v -4023.079 0.050 3588.639
f 1269 1270 1271
f 1271 1272 1269
v -4022.810 0.050 3588.056
v -4015.838 0.050 3591.979
v -4005.786 0.050 3574.113
v -4012.758 0.050 3570.190
f 1273 1274 1275
f 1275 1276 1273
v -4012.828 0.050 3570.321
v -4005.715 0.050 3573.983
v -3996.531 0.050 3556.143
v -4003.644 0.050 3552.481
f 1277 1278 1279
f 1279 1280 1277
v -4003.820 0.050 3552.872
v -3996.356 0.050 3555.752
v -3989.265 -74.559 3537.370
v -3996.729 -75.255 3534.491
f 1281 1282 1283
f 1283 1284 1281
v -3996.801 -75.241 3534.695
v -3989.192 -74.574 3537.166
v -3983.738 -75.921 3520.370
v -3991.347 -76.498 3517.899
f 1285 1286 1287
f 1287 1288 1285
v -3991.429 -76.474 3518.190
v -3983.655 -75.947 3520.079
v -3981.117 -76.897 3509.633
v -3988.891 -77.359 3507.744
f 1289 1290 1291
f 1291 1292 1289
v -3988.982 -77.309 3508.273
v -3981.026 -76.948 3509.105
v -3980.291 -77.659 3502.080
v -3988.248 -77.996 3501.248
f 1293 1294 1295
f 1295 1296 1293
v -3988.266 -77.971 3501.494
v -3980.273 -77.684 3501.834
v -3979.739 -78.973 3489.303
v -3987.731 -79.234 3488.962
f 1297 1298 1299
f 1299 1300 1297
v -3987.700 -79.162 3489.660
v -3979.770 -79.046 3488.605
v -3986.571 -83.790 3437.462
v -3994.502 -83.699 3438.517
f 1301 1302 1303
f 1303 1304 1301
v -3994.519 -83.708 3438.368
v -3986.555 -83.780 3437.611
v -3989.015 -85.244 3411.716
v -3996.979 -85.120 3412.473
f 1305 1306 1307
f 1307 1308 1305
v -3996.983 -85.121 3412.420
v -3989.010 -85.242 3411.769
v -3991.014 -85.912 3387.221
v -3998.987 -85.774 3387.872
f 1309 1310 1311
f 1311 1312 1309
v -3999.000 -85.776 3387.619
v -3991.001 -85.915 3387.473
v -3991.079 -85.865 3383.208
v -3999.078 -85.728 3383.354
f 1313 1314 1315
f 1315 1316 1313
v -3999.077 -85.726 3383.165
v -3991.080 -85.867 3383.397
v -3990.924 -85.808 3378.022
v -3998.921 -85.671 3377.791
f 1317 1318 1319
f 1319 1320 1317
v -3998.904 -85.668 3377.517
v -3990.942 -85.811 3378.296
v -3990.496 -85.767 3373.740
v -3998.458 -85.627 3372.962
f 1321 1322 1323
f 1323 1324 1321
v -3998.371 -85.622 3372.433
v -3990.584 -85.771 3374.268
v -3988.792 -85.713 3366.662
v -3996.578 -85.568 3364.827
f 1325 1326 1327
f 1327 1328 1325
v -3996.633 -85.571 3365.102
v -3988.737 -85.711 3366.387
v -3985.910 -85.219 3349.023
v -3993.806 -85.057 3347.737
f 1329 1330 1331
f 1331 1332 1329
v -3993.857 -85.086 3348.347
v -3985.858 -85.188 3348.413
v -3985.791 -84.768 3340.318
v -3993.791 -84.689 3340.252
f 1333 1334 1335
f 1335 1336 1333
v -3993.788 -84.698 3340.442
v -3985.794 -84.758 3340.128
v -3986.016 -84.463 3334.463
v -3994.010 -84.418 3334.777
f 1337 1338 1339
f 1339 1340 1337
v -3994.012 -84.415 3334.709
v -3986.014 -84.466 3334.531
v -3986.092 -84.284 3331.019
v -3994.090 -84.242 3331.196
f 1341 1342 1343
f 1343 1344 1341
v -3994.018 -84.275 3331.870
v -3986.165 -84.249 3330.345
v -3986.977 -84.005 3326.159
v -3994.831 -84.066 3327.684
f 1345 1346 1347
f 1347 1348 1345
v -3994.766 -84.080 3327.962
v -3987.042 -83.982 3325.881
v -3988.166 -83.635 3321.708
v -3995.891 -83.780 3323.789
f 1349 1350 1351
f 1351 1352 1349
v -3995.739 -83.816 3324.243
v -3988.318 -83.597 3321.255
v -3990.934 -83.069 3314.758
v -3998.355 -83.310 3317.746
f 1353 1354 1355
f 1355 1356 1353
v -3998.176 -83.339 3318.129
v -3991.112 -83.038 3314.375
v -3995.765 -82.364 3305.620
v -4002.830 -82.689 3309.374
f 1357 1358 1359
f 1359 1360 1357
v -4002.866 -82.684 3309.303
v -3995.729 -82.370 3305.690
v -4005.847 -80.823 3285.698
v -4012.985 -81.257 3289.310
f 1361 1362 1363
f 1363 1364 1361
v -4025.601 0.050 3582.804
v -4028.186 0.050 3575.233
v -4088.688 0.050 3595.885
v -4086.103 0.050 3603.456
f 1365 1366 1367
f 1367 1368 1365
v -4086.109 0.050 3603.458
v -4088.683 0.050 3595.883
v -4178.595 0.050 3626.439
v -4176.021 0.050 3634.014
f 1369 1370 1371
f 1371 1372 1369
v -4175.861 0.050 3633.955
v -4178.756 0.050 3626.498
v -4217.940 0.050 3641.710
v -4215.045 0.050 3649.167
f 1373 1374 1375
f 1375 1376 1373
v -4215.113 0.050 3649.193
v -4217.873 0.050 3641.684
v -4230.697 0.050 3646.398
v -4227.937 0.050 3653.907
f 1377 1378 1379
f 1379 1380 1377
v -4227.983 0.050 3653.924
v -4230.651 0.050 3646.382
v -4421.753 0.050 3713.990
v -4419.085 0.050 3721.532
f 1381 1382 1383
f 1383 1384 1381
v -4044.476 0.050 3654.075
v -4047.182 0.050 3646.547
v -4157.221 0.050 3686.095
v -4154.515 0.050 3693.624
f 1385 1386 1387
f 1387 1388 1385
v -4154.515 0.050 3693.623
v -4157.222 0.050 3686.095
v -4213.048 0.050 3706.166
v -4210.342 0.050 3713.695
f 1389 1390 1391
f 1391 1392 1389
v -4210.467 0.050 3713.737
v -4212.923 0.050 3706.124
v -4224.423 0.050 3709.834
v -4221.966 0.050 3717.448
f 1393 1394 1395
f 1395 1396 1393
v -4221.840 0.050 3717.405
v -4224.549 0.050 3709.877
v -4385.829 0.050 3767.925
v -4383.119 0.050 3775.452
f 1397 1398 1399
f 1399 1400 1397
v -4384.253 0.050 3775.683
v -4384.695 0.050 3767.695
v -4394.959 0.050 3768.263
v -4394.517 0.050 3776.251
f 1401 1402 1403
f 1403 1404 1401
v -4397.079 0.050 3775.500
v -4392.396 0.050 3769.014
v -4400.277 0.050 3763.323
v -4404.961 0.050 3769.808
f 1405 1406 1407
f 1407 1408 1405
v -4011.090 0.050 3709.292
v -4013.754 0.050 3701.748
v -4057.057 0.050 3717.039
v -4054.393 0.050 3724.583
f 1409 1410 1411
f 1411 1412 1409
v -4054.412 0.050 3724.589
v -4057.039 0.050 3717.033
v -4192.926 0.050 3764.266
v -4190.300 0.050 3771.823
f 1413 1414 1415
f 1415 1416 1413
v -4190.327 0.050 3771.832
v -4192.898 0.050 3764.257
v -4205.155 0.050 3768.416
v -4202.584 0.050 3775.992
f 1417 1418 1419
f 1419 1420 1417
v -4202.489 0.050 3775.958
v -4205.250 0.050 3768.450
v -4390.140 0.050 3836.427
v -4387.379 0.050 3843.935
f 1421 1422 1423
f 1423 1424 1421
v -3995.670 0.050 3761.950
v -3997.937 0.050 3754.278
v -4056.658 0.050 3771.629
v -4054.391 0.050 3779.301
f 1425 1426 1427
f 1427 1428 1425
v -4054.193 0.050 3779.237
v -4056.857 0.050 3771.694
v -4175.935 0.050 3813.750
v -4173.271 0.050 3821.294
f 1429 1430 1431
f 1431 1432 1429
v -4173.192 0.050 3821.265
v -4176.015 0.050 3813.779
v -4190.230 0.050 3819.140
v -4187.407 0.050 3826.626
f 1433 1434 1435
f 1435 1436 1433
v -4187.480 0.050 3826.652
v -4190.158 0.050 3819.114
v -4352.762 0.050 3876.871
v -4350.084 0.050 3884.409
f 1437 1438 1439
f 1439 1440 1437
v -4349.908 0.050 3884.342
v -4352.939 0.050 3876.938
v -4371.551 0.050 3884.557
v -4368.521 0.050 3891.961
f 1441 1442 1443
f 1443 1444 1441
v -3821.510 0.050 3769.749
v -3823.980 0.050 3762.140
v -3937.537 0.050 3799.008
v -3935.067 0.050 3806.617
f 1445 1446 1447
f 1447 1448 1445
v -3935.029 0.050 3806.604
v -3937.574 0.050 3799.020
v -3947.371 0.050 3802.308
v -3944.825 0.050 3809.892
f 1449 1450 1451
f 1451 1452 1449
v -3944.829 0.050 3809.893
v -3947.367 0.050 3802.307
v -4194.318 0.050 3884.941
v -4191.780 0.050 3892.528
f 1453 1454 1455
f 1455 1456 1453
v -3794.896 0.050 3823.816
v -3797.405 0.050 3816.219
v -3900.831 0.050 3850.366
v -3898.323 0.050 3857.963
f 1457 1458 1459
f 1459 1460 1457
v -3898.392 0.050 3857.985
v -3900.762 0.050 3850.344
v -3912.640 0.050 3854.028
v -3910.270 0.050 3861.669
f 1461 1462 1463
f 1463 1464 1461
v -3910.208 0.050 3861.649
v -3912.703 0.050 3854.048
v -4193.373 0.050 3946.189
v -4190.877 0.050 3953.790
f 1465 1466 1467
f 1467 1468 1465
v -4190.878 0.050 3953.790
v -4193.373 0.050 3946.189
v -4223.663 0.050 3956.132
v -4221.168 0.050 3963.733
f 1469 1470 1471
f 1471 1472 1469
v -3711.995 0.050 4096.995
v -3703.998 0.050 4097.231
v -3703.731 0.050 4088.173
v -3711.728 0.050 4087.937
f 1473 1474 1475
f 1475 1476 1473
v -3711.636 0.050 4088.916
v -3703.823 0.050 4087.194
v -3733.479 0.050 3952.628
v -3741.291 0.050 3954.350
f 1477 1478 1479
f 1479 1480 1477
v -3741.349 0.050 3954.025
v -3733.421 0.050 3952.953
v -3735.681 0.050 3936.236
v -3743.609 0.050 3937.308
f 1481 1482 1483
f 1483 1484 1481
v -3743.548 0.050 3937.647
v -3735.742 0.050 3935.897
v -3740.228 0.050 3915.892
v -3748.034 0.050 3917.643
f 1485 1486 1487
f 1487 1488 1485
v -3747.776 0.050 3918.415
v -3740.486 0.050 3915.120
v -3751.429 0.050 3890.916
v -3758.718 0.050 3894.211
f 1489 1490 1491
f 1491 1492 1489
v -3758.350 0.050 3894.858
v -3751.797 0.050 3890.269
v -3763.775 0.050 3873.169
v -3770.328 0.050 3877.759
f 1493 1494 1495
f 1495 1496 1493
v -3770.593 0.050 3877.323
v -3763.510 0.050 3873.605
v -3792.609 0.050 3818.159
v -3799.692 0.050 3821.877
f 1497 1498 1499
f 1499 1500 1497
v -3799.740 0.050 3821.783
v -3792.561 0.050 3818.252
v -3819.155 0.050 3764.179
v -3826.334 0.050 3767.710
f 1501 1502 1503
f 1503 1504 1501
v -3826.353 0.050 3767.671
v -3819.137 0.050 3764.218
v -3846.566 0.050 3706.897
v -3853.782 0.050 3710.350
f 1505 1506 1507
f 1507 1508 1505
v -3853.741 0.050 3710.433
v -3846.607 0.050 3706.813
v -3867.457 0.050 3665.720
v -3874.591 0.050 3669.340
f 1509 1510 1511
f 1511 1512 1509
v -3952.629 0.050 4023.066
v -3960.628 0.050 4022.902
v -3960.850 0.050 4033.796
v -3952.852 0.050 4033.959
f 1513 1514 1515
f 1515 1516 1513
v -3952.857 0.050 4033.660
v -3960.845 0.050 4034.095
v -3958.541 0.050 4076.428
v -3950.553 0.050 4075.993
f 1517 1518 1519
f 1519 1520 1517
v -3950.567 0.050 4075.806
v -3958.527 0.050 4076.615
v -3953.083 0.050 4130.211
v -3945.124 0.050 4129.402
f 1521 1522 1523
f 1523 1524 1521
v -3954.131 0.050 4080.189
v -3954.962 0.050 4072.232
v -4033.476 0.050 4080.432
v -4032.645 0.050 4088.389
f 1525 1526 1527
f 1527 1528 1525
v -4032.645 0.050 4088.389
v -4033.476 0.050 4080.432
v -4220.226 0.050 4099.948
v -4219.394 0.050 4107.905
f 1529 1530 1531
f 1531 1532 1529
v -4219.420 0.050 4107.907
v -4220.200 0.050 4099.945
v -4361.665 0.050 4113.797
v -4360.885 0.050 4121.759
f 1533 1534 1535
f 1535 1536 1533
v -4361.519 0.050 4121.770
v -4361.032 0.050 4113.785
v -4476.425 0.050 4106.747
v -4476.912 0.050 4114.732
f 1537 1538 1539
f 1539 1540 1537
v -4476.936 0.050 4114.731
v -4476.401 0.050 4106.749
v -4555.060 0.050 4101.480
v -4555.594 0.050 4109.462
f 1541 1542 1543
f 1543 1544 1541
v -4255.419 0.050 4255.758
v -4256.381 0.050 4247.816
v -4342.664 0.050 4258.260
v -4341.703 0.050 4266.202
f 1545 1546 1547
f 1547 1548 1545
v -4342.699 0.050 4266.198
v -4341.668 0.050 4258.265
v -4348.882 0.050 4257.327
v -4349.913 0.050 4265.261
f 1549 1550 1551
f 1551 1552 1549
v -4353.340 0.050 4261.971
v -4345.455 0.050 4260.617
v -4349.485 0.050 4237.153
v -4357.369 0.050 4238.507
f 1553 1554 1555
f 1555 1556 1553
v -4357.332 0.050 4238.698
v -4349.522 0.050 4236.962
v -4354.265 0.050 4215.637
v -4362.074 0.050 4217.374
f 1557 1558 1559
f 1559 1560 1557
v -4362.106 0.050 4217.211
v -4354.232 0.050 4215.799
v -4356.358 0.050 4203.942
v -4364.233 0.050 4205.354
f 1561 1562 1563
f 1563 1564 1561
v -4364.210 0.050 4203.826
v -4356.381 0.050 4205.471
v -4353.687 0.050 4192.649
v -4361.516 0.050 4191.004
f 1565 1566 1567
f 1567 1568 1565
v -4361.601 0.050 4191.906
v -4353.602 0.050 4191.748
v -4353.970 0.050 4173.077
v -4361.968 0.050 4173.235
f 1569 1570 1571
f 1571 1572 1569
v -4361.962 0.050 4173.395
v -4353.976 0.050 4172.918
v -4357.282 0.050 4117.539
v -4365.268 0.050 4118.016
f 1573 1574 1575
f 1575 1576 1573
v -4365.275 0.050 4117.830
v -4357.275 0.050 4117.725
v -4358.233 0.050 4044.837
v -4366.232 0.050 4044.942
f 1577 1578 1579
f 1579 1580 1577
v -4366.232 0.050 4044.816
v -4358.233 0.050 4044.964
v -4357.910 0.050 4027.455
v -4365.909 0.050 4027.307
f 1581 1582 1583
f 1583 1584 1581
v -4467.332 0.050 4067.654
v -4463.920 0.050 4074.890
v -4443.593 0.050 4065.304
v -4447.005 0.050 4058.068
f 1585 1586 1587
f 1587 1588 1585
v -4447.007 0.050 4058.069
v -4443.591 0.050 4065.303
v -4425.056 0.050 4056.548
v -4428.473 0.050 4049.314
f 1589 1590 1591
f 1591 1592 1589
v -4428.230 0.050 4049.210
v -4425.298 0.050 4056.653
v -4360.443 0.050 4031.102
v -4363.376 0.050 4023.659
f 1593 1594 1595
f 1595 1596 1593
v -4363.373 0.050 4023.658
v -4360.446 0.050 4031.104
v -4350.739 0.050 4027.287
v -4353.666 0.050 4019.842
f 1597 1598 1599
f 1599 1600 1597
v -4353.666 0.050 4019.842
v -4350.739 0.050 4027.288
v -4341.166 0.050 4023.524
v -4344.092 0.050 4016.079
f 1601 1602 1603
f 1603 1604 1601
v -4342.798 0.050 4015.805
v -4342.460 0.050 4023.798
v -4260.518 0.050 4020.338
v -4260.855 0.050 4012.346
f 1605 1606 1607
f 1607 1608 1605
v -4261.116 0.050 4012.365
v -4260.258 0.050 4020.319
v -4213.370 0.050 4015.262
v -4214.228 0.050 4007.308
f 1609 1610 1611
f 1611 1612 1609
v -4596.128 0.050 4193.161
v -4597.036 0.050 4201.109
v -4576.131 0.050 4203.499
v -4575.222 0.050 4195.551
f 1613 1614 1615
f 1615 1616 1613
v -4575.146 0.050 4195.560
v -4576.206 0.050 4203.490
v -4562.770 0.050 4205.285
v -4561.710 0.050 4197.356
f 1617 1618 1619
f 1619 1620 1617
v -4562.816 0.050 4197.362
v -4561.664 0.050 4205.279
v -4530.906 0.050 4200.803
v -4532.059 0.050 4192.886
f 1621 1622 1623
f 1623 1624 1621
v -4533.181 0.050 4193.223
v -4529.784 0.050 4200.466
v -4518.607 0.050 4195.224
v -4522.005 0.050 4187.981
f 1625 1626 1627
f 1627 1628 1625
v -4520.758 0.050 4187.628
v -4519.854 0.050 4195.577
v -4390.167 0.050 4180.841
v -4391.070 0.050 4172.892
f 1629 1630 1631
f 1631 1632 1629
v -4391.070 0.050 4172.892
v -4390.167 0.050 4180.841
v -4357.517 0.050 4177.131
v -4358.420 0.050 4169.182
f 1633 1634 1635
f 1635 1636 1633
v -4358.341 0.050 4169.173
v -4357.597 0.050 4177.139
v -4321.986 0.050 4173.811
v -4322.730 0.050 4165.846
f 1637 1638 1639
f 1639 1640 1637
v -4322.292 0.050 4165.829
v -4322.423 0.050 4173.828
v -4279.788 0.050 4174.528
v -4279.657 0.050 4166.529
f 1641 1642 1643
f 1643 1644 1641
v -4279.552 0.050 4166.532
v -4279.893 0.050 4174.525
v -4257.618 0.050 4175.476
v -4257.277 0.050 4167.483
f 1645 1646 1647
f 1647 1648 1645
v -4258.364 0.050 4167.586
v -4256.531 0.050 4175.373
v -4238.742 0.050 4171.187
v -4240.575 0.050 4163.400
f 1649 1650 1651
f 1651 1652 1649
v -4240.876 0.050 4163.483
v -4238.441 0.050 4171.104
v -4222.990 0.050 4166.165
v -4225.425 0.050 4158.545
f 1653 1654 1655
f 1655 1656 1653
v -4226.064 0.050 4158.812
v -4222.351 0.050 4165.898
v -4215.193 0.050 4162.148
v -4218.906 0.050 4155.062
f 1657 1658 1659
f 1659 1660 1657
v -4217.386 0.050 4154.619
v -4216.713 0.050 4162.591
v -4173.978 0.050 4158.986
v -4174.650 0.050 4151.015
f 1661 1662 1663
f 1663 1664 1661
v -4174.622 0.050 4151.012
v -4174.006 0.050 4158.988
v -4137.092 0.050 4156.136
v -4137.709 0.050 4148.160
f 1665 1666 1667
f 1667 1668 1665
v -4137.845 0.050 4148.173
v -4136.956 0.050 4156.123
v -4047.833 0.050 4146.154
v -4048.723 0.050 4138.204
f 1669 1670 1671
f 1671 1672 1669
v -4048.723 0.050 4138.204
v -4047.833 0.050 4146.154
v -4028.720 0.050 4144.015
v -4029.609 0.050 4136.065
f 1673 1674 1675
f 1675 1676 1673
v -4029.673 0.050 4136.072
v -4028.656 0.050 4144.007
v -4016.199 0.050 4142.410
v -4017.217 0.050 4134.475
f 1677 1678 1679
f 1679 1680 1677
v -4017.215 0.050 4134.474
v -4016.201 0.050 4142.410
v -3948.597 0.050 4133.774
v -3949.610 0.050 4125.839
f 1681 1682 1683
f 1683 1684 1681
v -4222.319 0.050 3963.932
v -4222.512 0.050 3955.934
v -4231.818 0.050 3956.158
v -4231.625 0.050 3964.156
f 1685 1686 1687
f 1687 1688 1685
v -4229.753 0.050 3963.640
v -4233.690 0.050 3956.675
v -4272.262 0.050 3978.475
v -4268.325 0.050 3985.440
f 1689 1690 1691
f 1691 1692 1689
v -4268.393 0.050 3985.477
v -4272.194 0.050 3978.438
v -4333.208 0.050 4011.383
v -4329.407 0.050 4018.422
f 1693 1694 1695
f 1695 1696 1693
v -4329.719 0.050 4018.574
v -4332.896 0.050 4011.232
v -4344.218 0.050 4016.131
v -4341.040 0.050 4023.473
f 1697 1698 1699
f 1699 1700 1697
v -4015.500 -81.414 3290.736
v -4022.747 -81.785 3294.123
v -4015.255 -82.799 3310.154
v -4008.008 -82.527 3306.767
f 1701 1702 1703
f 1703 1704 1701
v -4008.236 -82.499 3306.347
v -4015.027 -82.826 3310.575
v -4006.600 -83.768 3324.110
v -3999.809 -83.471 3319.882
f 1705 1706 1707
f 1707 1708 1705
v -3999.463 -83.525 3320.582
v -4006.947 -83.717 3323.410
v -4005.310 -84.013 3327.741
v -3997.826 -83.860 3324.914
f 1709 1710 1711
f 1711 1712 1709
v -3997.629 -83.916 3325.635
v -4005.508 -83.980 3327.020
v -4004.695 -84.194 3331.642
v -3996.816 -84.179 3330.256
f 1713 1714 1715
f 1715 1716 1713
v -3996.771 -84.196 3330.605
v -4004.741 -84.178 3331.293
v -4004.407 -84.356 3335.162
v -3996.437 -84.385 3334.474
f 1717 1718 1719
f 1719 1720 1717
v -3996.440 -84.383 3334.438
v -4004.404 -84.358 3335.198
v -4003.847 -84.630 3341.035
v -3995.883 -84.670 3340.275
f 1721 1722 1723
f 1723 1724 1721
v -3995.866 -84.693 3340.739
v -4003.864 -84.608 3340.571
v -4004.042 -84.994 3349.062
v -3996.044 -85.102 3349.230
f 1725 1726 1727
f 1727 1728 1725
v -3996.118 -85.135 3349.918
v -4003.968 -84.964 3348.374
v -4006.027 -85.357 3358.846
v -3998.178 -85.495 3360.389
f 1729 1730 1731
f 1731 1732 1729
v -3998.424 -85.500 3361.189
v -4005.781 -85.353 3358.046
v -4011.080 -85.394 3370.445
v -4003.723 -85.546 3373.589
f 1733 1734 1735
f 1735 1736 1733
v -4003.435 -85.540 3372.536
v -4011.368 -85.400 3371.498
v -4011.891 -85.430 3375.500
v -4003.958 -85.573 3376.537
f 1737 1738 1739
f 1739 1740 1737
v -4003.938 -85.571 3376.344
v -4011.911 -85.432 3375.692
v -4012.201 -85.461 3379.231
v -4004.227 -85.603 3379.883
f 1741 1742 1743
f 1743 1744 1741
v -4004.215 -85.601 3379.636
v -4012.213 -85.464 3379.478
v -4012.291 -85.501 3383.427
v -4004.293 -85.641 3383.584
f 1745 1746 1747
f 1747 1748 1745
v -4004.312 -85.635 3383.106
v -4012.272 -85.506 3383.904
v -4011.593 -85.482 3390.679
v -4003.633 -85.639 3389.881
f 1749 1750 1751
f 1751 1752 1749
v -4003.629 -85.638 3389.927
v -4011.597 -85.483 3390.632
v -4009.304 -84.859 3416.541
v -4001.335 -84.973 3415.835
f 1753 1754 1755
f 1755 1756 1753
v -4001.345 -84.975 3415.743
v -4009.295 -84.856 3416.633
v -4005.633 -83.019 3449.342
v -3997.682 -83.074 3448.452
f 1757 1758 1759
f 1759 1760 1757
v -3997.687 -83.076 3448.415
v -4005.628 -83.016 3449.379
v -3999.572 -78.585 3499.241
v -3991.631 -78.411 3498.277
f 1761 1762 1763
f 1763 1764 1761
v -3991.602 -78.362 3498.759
v -3999.602 -78.631 3498.759
v -3999.602 -78.354 3501.704
v -3991.602 -78.069 3501.704
f 1765 1766 1767
f 1767 1768 1765
v -3991.697 -77.986 3502.571
v -3999.506 -78.432 3500.836
v -3999.996 -78.242 3503.041
v -3992.187 -77.785 3504.776
f 1769 1770 1771
f 1771 1772 1769
v -3992.304 -77.747 3505.196
v -3999.879 -78.277 3502.621
v -4000.435 -78.144 3504.259
v -3992.861 -77.607 3506.834
f 1773 1774 1775
f 1775 1776 1773
v -3992.948 -77.587 3507.067
v -4000.348 -78.163 3504.025
v -4001.672 -77.913 3507.247
v -3994.273 -77.329 3510.289
f 1777 1778 1779
f 1779 1780 1777
v -3994.162 -77.352 3509.985
v -4001.783 -77.889 3507.552
v -4008.596 -76.389 3528.891
v -4000.975 -75.772 3531.324
f 1781 1782 1783
f 1783 1784 1781
v -4001.087 -75.751 3531.631
v -4008.484 -76.408 3528.584
v -4019.315 0.050 3554.875
v -4011.918 0.050 3557.922
f 1785 1786 1787
f 1787 1788 1785
v -4012.037 0.050 3558.183
v -4019.197 0.050 3554.614
v -4030.473 0.050 3577.234
v -4023.314 0.050 3580.803
f 1789 1790 1791
f 1791 1792 1789
v -4023.173 0.050 3580.488
v -4030.614 0.050 3577.549
v -4044.418 0.050 3612.502
v -4036.977 0.050 3615.441
f 1793 1794 1795
f 1795 1796 1793
v -4036.805 0.050 3614.895
v -4044.589 0.050 3613.048
v -4046.159 0.050 3619.664
v -4038.375 0.050 3621.510
f 1797 1798 1799
f 1799 1800 1797
v -4038.295 0.050 3621.065
v -4046.238 0.050 3620.109
v -4046.984 0.050 3626.302
v -4039.041 0.050 3627.258
f 1801 1802 1803
f 1803 1804 1801
v -4039.041 0.050 3627.256
v -4046.984 0.050 3626.305
v -4049.801 0.050 3649.836
v -4041.857 0.050 3650.786
f 1805 1806 1807
f 1807 1808 1805
v -4042.060 0.050 3648.971
v -4049.598 0.050 3651.651
v -4043.331 0.050 3669.279
v -4035.793 0.050 3666.600
f 1809 1810 1811
f 1811 1812 1809
v -4036.436 0.050 3665.443
v -4042.687 0.050 3670.436
v -4035.474 0.050 3679.468
v -4029.223 0.050 3674.475
f 1813 1814 1815
f 1815 1816 1813
v -4029.266 0.050 3674.422
v -4035.430 0.050 3679.521
v -4026.692 0.050 3690.085
v -4020.527 0.050 3684.986
f 1817 1818 1819
f 1819 1820 1817
v -4020.442 0.050 3685.093
v -4026.777 0.050 3689.978
v -4020.566 0.050 3698.033
v -4014.230 0.050 3693.148
f 1821 1822 1823
f 1823 1824 1821
v -4013.822 0.050 3693.798
v -4020.974 0.050 3697.382
v -4015.998 0.050 3707.312
v -4008.846 0.050 3703.728
f 1825 1826 1827
f 1827 1828 1825
v -4008.554 0.050 3704.502
v -4016.290 0.050 3706.539
v -4004.245 0.050 3752.280
v -3996.509 0.050 3750.243
f 1829 1830 1831
f 1831 1832 1829
v -3996.830 0.050 3749.412
v -4003.924 0.050 3753.111
v -4000.351 0.050 3759.964
v -3993.257 0.050 3756.265
f 1833 1834 1835
f 1835 1836 1833
v -3993.993 0.050 3755.269
v -3999.615 0.050 3760.960
v -3993.292 0.050 3767.206
v -3987.670 0.050 3761.515
f 1837 1838 1839
f 1839 1840 1837
v -3988.005 0.050 3761.219
v -3992.957 0.050 3767.502
v -3961.999 0.050 3791.904
v -3957.047 0.050 3785.621
f 1841 1842 1843
f 1843 1844 1841
v -3956.360 0.050 3786.313
v -3962.686 0.050 3791.211
v -3949.261 0.050 3808.549
v -3942.935 0.050 3803.651
f 1845 1846 1847
f 1847 1848 1845
v -3942.713 0.050 3803.969
v -3949.483 0.050 3808.231
v -3921.831 0.050 3852.163
v -3915.061 0.050 3847.901
f 1849 1850 1851
f 1851 1852 1849
v -3915.464 0.050 3847.365
v -3921.428 0.050 3852.698
v -3914.437 0.050 3860.515
v -3908.474 0.050 3855.182
f 1853 1854 1855
f 1855 1856 1853
v -3908.633 0.050 3855.014
v -3914.277 0.050 3860.684
v -3863.838 0.050 3910.887
v -3858.195 0.050 3905.217
f 1857 1858 1859
f 1859 1860 1857
v -3858.519 0.050 3904.927
v -3863.513 0.050 3911.177
v -3794.996 0.050 3965.923
v -3790.002 0.050 3959.673
f 1861 1862 1863
f 1863 1864 1861
v -3785.885 0.050 4016.535
v -3793.882 0.050 4016.307
v -3794.360 0.050 4033.117
v -3786.363 0.050 4033.344
f 1865 1866 1867
f 1867 1868 1865
v -3501.127 0.050 3765.850
v -3493.232 0.050 3764.561
v -3504.030 0.050 3698.445
v -3511.925 0.050 3699.734
f 1869 1870 1871
f 1871 1872 1869
v -3511.934 0.050 3699.677
v -3504.021 0.050 3698.502
v -3514.062 0.050 3630.854
v -3521.975 0.050 3632.029
f 1873 1874 1875
f 1875 1876 1873
v -3522.016 0.050 3631.582
v -3514.021 0.050 3631.301
v -3515.680 0.050 3584.002
v -3523.675 0.050 3584.282
f 1877 1878 1879
f 1879 1880 1877
v -3523.618 0.050 3584.826
v -3515.736 0.050 3583.457
v -3518.631 0.050 3566.793
v -3526.513 0.050 3568.162
f 1881 1882 1883
f 1883 1884 1881
v -3667.253 0.050 3934.410
v -3659.885 0.050 3931.291
v -3688.828 0.050 3862.918
v -3696.196 0.050 3866.037
f 1885 1886 1887
f 1887 1888 1885
v -3696.026 0.050 3866.388
v -3688.998 0.050 3862.567
v -3756.669 0.050 3738.126
v -3763.697 0.050 3741.948
f 1889 1890 1891
f 1891 1892 1889
v -3763.715 0.050 3741.916
v -3756.652 0.050 3738.159
v -3787.354 0.050 3680.441
v -3794.417 0.050 3684.198
f 1893 1894 1895
f 1895 1896 1893
v -3794.460 0.050 3684.113
v -3787.310 0.050 3680.526
v -3833.107 0.050 3589.228
v -3840.257 0.050 3592.815
f 1897 1898 1899
f 1899 1900 1897
v -3840.455 0.050 3592.350
v -3832.909 0.050 3589.693
v -3834.857 0.050 3584.160
v -3842.403 0.050 3586.817
f 1901 1902 1903
f 1903 1904 1901
v -3842.620 0.050 3585.766
v -3834.640 0.050 3585.211
v -3834.940 0.050 3580.893
v -3842.921 0.050 3581.448
f 1905 1906 1907
f 1907 1908 1905
v -3842.847 0.050 3580.355
v -3835.015 0.050 3581.986
v -3834.113 0.050 3577.655
v -3841.945 0.050 3576.024
f 1909 1910 1911
f 1911 1912 1909
v -3840.976 0.050 3574.135
v -3835.081 0.050 3579.544
v -3829.727 0.050 3573.707
v -3835.622 0.050 3568.299
f 1913 1914 1915
f 1915 1916 1913
v -3834.618 0.050 3567.507
v -3830.731 0.050 3574.499
v -3803.102 0.050 3559.142
v -3806.988 0.050 3552.149
f 1917 1918 1919
f 1919 1920 1917
v -3678.971 -75.466 3500.006
v -3686.572 -75.175 3497.512
v -3709.292 0.050 3566.745
v -3701.691 0.050 3569.239
f 1921 1922 1923
f 1923 1924 1921
v -3701.858 0.050 3566.320
v -3709.126 0.050 3569.664
v -3679.125 0.050 3634.870
v -3671.857 0.050 3631.526
f 1925 1926 1927
f 1927 1928 1925
v -3671.997 0.050 3631.251
v -3678.985 0.050 3635.145
v -3647.860 0.050 3691.001
v -3640.872 0.050 3687.107
f 1929 1930 1931
f 1931 1932 1929
v -3640.779 0.050 3687.284
v -3647.953 0.050 3690.824
v -3622.216 0.050 3742.970
v -3615.042 0.050 3739.429
f 1933 1934 1935
f 1935 1936 1933
v -3615.035 0.050 3739.445
v -3622.224 0.050 3742.954
v -3585.155 0.050 3818.907
v -3577.965 0.050 3815.398
f 1937 1938 1939
f 1939 1940 1937
v -3578.037 0.050 3815.258
v -3585.083 0.050 3819.046
v -3551.075 0.050 3882.309
v -3544.029 0.050 3878.521
f 1941 1942 1943
f 1943 1944 1941
v -3761.795 0.050 3736.376
v -3758.572 0.050 3743.698
v -3642.755 0.050 3692.715
v -3645.978 0.050 3685.393
f 1945 1946 1947
f 1947 1948 1945
v -3646.026 0.050 3685.414
v -3642.707 0.050 3692.693
v -3516.359 0.050 3635.081
v -3519.678 0.050 3627.802
f 1949 1950 1951
f 1951 1952 1949
v -3506.555 0.050 3702.828
v -3509.400 0.050 3695.351
v -3620.052 0.050 3737.461
v -3617.207 0.050 3744.938
f 1953 1954 1955
f 1955 1956 1953
v -3738.331 0.050 3660.831
v -3730.895 0.050 3657.882
v -3752.023 0.050 3604.613
v -3759.460 0.050 3607.563
f 1957 1958 1959
f 1959 1960 1957
v -3759.428 0.050 3607.640
v -3752.055 0.050 3604.536
v -3757.421 0.050 3591.793
v -3764.794 0.050 3594.898
f 1961 1962 1963
f 1963 1964 1961
v -3765.051 0.050 3594.011
v -3757.163 0.050 3592.680
v -3757.385 0.050 3591.360
v -3765.274 0.050 3592.690
f 1965 1966 1967
f 1967 1968 1965
v -3765.282 0.050 3591.407
v -3757.378 0.050 3592.643
v -3757.122 0.050 3591.006
v -3765.026 0.050 3589.770
f 1969 1970 1971
f 1971 1972 1969
v -3764.908 0.050 3589.247
v -3757.240 0.050 3591.528
v -3756.973 0.050 3590.630
v -3764.640 0.050 3588.349
f 1973 1974 1975
f 1975 1976 1973
v -3764.090 0.050 3587.206
v -3757.523 0.050 3591.774
v -3757.155 0.050 3591.245
v -3763.723 0.050 3586.678
f 1977 1978 1979
f 1979 1980 1977
v -3763.161 0.050 3586.030
v -3757.718 0.050 3591.893
v -3757.206 0.050 3591.418
v -3762.649 0.050 3585.555
f 1981 1982 1983
f 1983 1984 1981
v -3761.699 0.050 3584.900
v -3758.155 0.050 3592.072
v -3757.620 0.050 3591.808
v -3761.165 0.050 3584.636
f 1985 1986 1987
f 1987 1988 1985
v -3760.798 0.050 3584.477
v -3757.987 0.050 3591.967
v -3704.086 0.050 3571.737
v -3706.897 0.050 3564.247
f 1989 1990 1991
f 1991 1992 1989
v -3706.912 0.050 3564.253
v -3704.072 0.050 3571.732
v -3553.835 -76.662 3514.687
v -3556.675 -77.164 3507.207
f 1993 1994 1995
f 1995 1996 1993
v -3556.384 -77.177 3507.109
v -3554.127 -76.650 3514.785
v -3546.223 -76.956 3512.460
v -3548.480 -77.542 3504.785
f 1997 1998 1999
f 1999 2000 1997
v -3546.204 -77.596 3504.791
v -3548.499 -76.918 3512.455
v -3542.855 -76.875 3514.145
v -3540.560 -77.576 3506.481
f 2001 2002 2003
f 2003 2004 2001
v -3539.230 -77.542 3507.172
v -3544.185 -76.910 3513.454
v -3537.973 -76.587 3518.353
v -3533.019 -77.218 3512.071
f 2005 2006 2007
f 2007 2008 2005
v -3531.613 -77.042 3514.252
v -3539.379 -76.756 3516.172
v -3526.455 0.050 3568.437
v -3518.689 0.050 3566.517
f 2009 2010 2011
f 2011 2012 2009
v -4133.419 0.050 4151.758
v -4141.381 0.050 4152.538
v -4140.624 0.050 4160.263
v -4132.662 0.050 4159.483
f 2013 2014 2015
f 2015 2016 2013
v -4132.663 0.050 4159.481
v -4140.624 0.050 4160.265
v -4139.645 0.050 4170.208
v -4131.683 0.050 4169.423
f 2017 2018 2019
f 2019 2020 2017
v -4131.683 0.050 4169.425
v -4139.645 0.050 4170.206
v -4132.064 0.050 4247.398
v -4124.102 0.050 4246.616
f 2021 2022 2023
f 2023 2024 2021
v -4124.102 0.050 4246.616
v -4132.064 0.050 4247.398
v -4126.943 0.050 4299.580
v -4118.981 0.050 4298.799
f 2025 2026 2027
f 2027 2028 2025
v -4118.969 0.050 4298.960
v -4126.956 0.050 4299.419
v -4123.605 0.050 4357.649
v -4115.618 0.050 4357.190
f 2029 2030 2031
f 2031 2032 2029
v -4115.617 0.050 4357.212
v -4123.606 0.050 4357.627
v -4120.088 0.050 4425.442
v -4112.099 0.050 4425.028
f 2033 2034 2035
f 2035 2036 2033
v -4112.098 0.050 4425.045
v -4120.089 0.050 4425.424
v -4117.395 0.050 4482.241
v -4109.404 0.050 4481.862
f 2037 2038 2039
f 2039 2040 2037
v -4109.403 0.050 4481.896
v -4117.397 0.050 4482.206
v -4116.785 0.050 4497.985
v -4108.791 0.050 4497.675
f 2041 2042 2043
f 2043 2044 2041
v -4108.791 0.050 4497.675
v -4116.785 0.050 4497.985
v -4114.948 0.050 4545.268
v -4106.954 0.050 4544.957
f 2045 2046 2047
f 2047 2048 2045
v -4106.959 0.050 4544.854
v -4114.943 0.050 4545.371
v -4110.991 0.050 4606.386
v -4103.007 0.050 4605.869
f 2049 2050 2051
f 2051 2052 2049
v -4102.999 0.050 4606.151
v -4110.999 0.050 4606.103
v -4111.210 0.050 4640.974
v -4103.211 0.050 4641.022
f 2053 2054 2055
f 2055 2056 2053
v -3711.591 0.050 4103.877
v -3717.849 0.050 4108.861
v -3706.083 0.050 4123.636
v -3699.825 0.050 4118.653
f 2057 2058 2059
f 2059 2060 2057
v -3698.976 0.050 4120.725
v -3706.932 0.050 4121.564
v -3705.574 0.050 4134.451
v -3697.618 0.050 4133.613
f 2061 2062 2063
f 2063 2064 2061
v -3697.951 0.050 4135.680
v -3705.240 0.050 4132.384
v -3709.749 0.050 4142.353
v -3702.460 0.050 4145.649
f 2065 2066 2067
f 2067 2068 2065
v -3702.606 0.050 4145.942
v -3709.602 0.050 4142.061
v -3718.040 0.050 4157.272
v -3711.044 0.050 4161.153
f 2069 2070 2071
f 2071 2072 2069
v -3712.375 0.050 4162.575
v -3716.709 0.050 4155.850
v -3758.565 0.050 4182.826
v -3754.231 0.050 4189.551
f 2073 2074 2075
f 2075 2076 2073
v -3753.517 0.050 4188.964
v -3759.279 0.050 4183.414
v -3789.814 0.050 4215.117
v -3784.052 0.050 4220.667
f 2077 2078 2079
f 2079 2080 2077
v -3783.472 0.050 4219.896
v -3790.395 0.050 4215.888
v -3796.083 0.050 4225.711
v -3789.160 0.050 4229.720
f 2081 2082 2083
f 2083 2084 2081
v -3788.690 0.050 4228.454
v -3796.553 0.050 4226.977
v -3798.813 0.050 4239.006
v -3790.950 0.050 4240.483
f 2085 2086 2087
f 2087 2088 2085
v -3790.882 0.050 4239.675
v -3798.881 0.050 4239.814
v -3798.591 0.050 4256.478
v -3790.593 0.050 4256.339
f 2089 2090 2091
f 2091 2092 2089
v -3790.706 0.050 4255.461
v -3798.478 0.050 4257.356
v -3794.727 0.050 4272.739
v -3786.954 0.050 4270.843
f 2093 2094 2095
f 2095 2096 2093
v -3786.954 0.050 4270.843
v -3794.727 0.050 4272.739
v -3749.509 0.050 4458.149
v -3741.736 0.050 4456.254
f 2097 2098 2099
f 2099 2100 2097
v -3742.406 0.050 4454.824
v -3748.839 0.050 4459.579
v -3738.242 0.050 4473.918
v -3731.808 0.050 4469.164
f 2101 2102 2103
f 2103 2104 2101
v -3732.325 0.050 4468.590
v -3737.725 0.050 4474.492
v -3698.897 0.050 4510.023
v -3693.496 0.050 4504.122
f 2105 2106 2107
f 2107 2108 2105
v -3695.739 0.050 4503.099
v -3696.655 0.050 4511.046
v -3670.183 0.050 4514.096
v -3669.267 0.050 4506.149
f 2109 2110 2111
f 2111 2112 2109
v -3670.288 0.050 4506.162
v -3669.162 0.050 4514.083
v -3647.889 0.050 4511.059
v -3649.015 0.050 4503.139
f 2113 2114 2115
f 2115 2116 2113
v -3649.200 0.050 4503.169
v -3647.704 0.050 4511.028
v -3552.848 0.050 4492.965
v -3554.345 0.050 4485.107
f 2117 2118 2119
f 2119 2120 2117
v -3555.055 0.050 4485.311
v -3552.138 0.050 4492.761
v -3508.534 0.050 4475.688
v -3511.451 0.050 4468.239
f 2121 2122 2123
f 2123 2124 2121
v -3510.252 0.050 4467.972
v -3509.733 0.050 4475.955
v -3491.877 0.050 4474.793
v -3492.397 0.050 4466.810
f 2125 2126 2127
f 2127 2128 2125
v -3490.954 0.050 4466.980
v -3493.320 0.050 4474.623
v -3440.310 0.050 4491.035
v -3437.944 0.050 4483.393
f 2129 2130 2131
f 2131 2132 2129
v -3436.700 0.050 4484.034
v -3441.554 0.050 4490.393
v -3397.360 0.050 4524.129
v -3392.506 0.050 4517.770
f 2133 2134 2135
f 2135 2136 2133
v -3393.345 0.050 4517.278
v -3396.521 0.050 4524.621
v -3367.856 0.050 4537.019
v -3364.680 0.050 4529.677
f 2137 2138 2139
f 2139 2140 2137
v -3364.583 0.050 4529.720
v -3367.953 0.050 4536.976
v -3295.651 0.050 4570.566
v -3292.281 0.050 4563.311
f 2141 2142 2143
f 2143 2144 2141
v -3291.679 0.050 4563.657
v -3296.253 0.050 4570.220
v -3210.159 0.050 4630.231
v -3205.584 0.050 4623.668
f 2145 2146 2147
f 2147 2148 2145
v -3206.746 0.050 4623.111
v -3208.997 0.050 4630.788
v -3190.084 0.050 4636.333
v -3187.833 0.050 4628.657
f 2149 2150 2151
f 2151 2152 2149
v -3187.766 0.050 4628.677
v -3190.150 0.050 4636.313
v -3170.358 0.050 4642.493
v -3167.974 0.050 4634.856
f 2153 2154 2155
f 2155 2156 2153
v -3167.930 0.050 4634.870
v -3170.401 0.050 4642.479
v -3113.373 0.050 4661.003
v -3110.901 0.050 4653.395
f 2157 2158 2159
f 2159 2160 2157
v -3065.903 0.050 4588.686
v -3072.743 0.050 4584.538
v -3115.557 0.050 4655.125
v -3108.717 0.050 4659.273
f 2161 2162 2163
f 2163 2164 2161
v -3108.674 0.050 4659.201
v -3115.600 0.050 4655.197
v -3225.851 0.050 4845.949
v -3218.924 0.050 4849.952
f 2165 2166 2167
f 2167 2168 2165
v -3218.931 0.050 4849.963
v -3225.845 0.050 4845.939
v -3275.771 0.050 4931.708
v -3268.857 0.050 4935.732
f 2169 2170 2171
f 2171 2172 2169
v -3268.858 0.050 4935.733
v -3275.771 0.050 4931.707
v -3313.364 0.050 4996.272
v -3306.450 0.050 5000.297
f 2173 2174 2175
f 2175 2176 2173
v -3073.671 -99.535 3459.166
v -3073.346 -100.214 3451.173
v -3080.816 -99.764 3450.869
v -3081.141 -99.120 3458.862
f 2177 2178 2179
f 2179 2180 2177
v -3080.520 -99.164 3458.839
v -3081.437 -99.716 3450.892
v -3087.849 -99.186 3451.631
v -3086.932 -98.680 3459.579
f 2181 2182 2183
f 2183 2184 2181
v -3085.967 -98.761 3459.343
v -3088.814 -99.098 3451.867
v -3095.092 -98.482 3454.257
v -3092.246 -98.183 3461.733
f 2185 2186 2187
f 2187 2188 2185
v -3091.690 -98.236 3461.471
v -3095.648 -98.426 3454.519
v -3101.169 -97.848 3457.662
v -3097.212 -97.683 3464.614
f 2189 2190 2191
f 2191 2192 2189
v -3096.513 -97.758 3464.109
v -3101.868 -97.771 3458.166
v -3106.499 -97.232 3462.339
v -3101.144 -97.224 3468.282
f 2193 2194 2195
f 2195 2196 2193
v -3100.838 -97.260 3467.976
v -3106.804 -97.197 3462.646
v -3126.953 -95.019 3485.200
v -3120.987 -95.089 3490.530
f 2197 2198 2199
f 2199 2200 2197
v -3120.993 -95.089 3490.536
v -3126.947 -95.020 3485.193
v -3143.823 -93.945 3503.997
v -3137.869 -93.983 3509.340
f 2201 2202 2203
f 2203 2204 2201
v -3137.831 -93.985 3509.297
v -3143.861 -93.943 3504.040
v -3152.967 -93.732 3514.485
v -3146.937 -93.758 3519.742
f 2205 2206 2207
f 2207 2208 2205
v -3146.621 -93.762 3519.328
v -3153.283 -93.729 3514.899
v -3156.856 -93.727 3520.273
v -3150.194 -93.734 3524.703
f 2209 2210 2211
f 2211 2212 2209
v -3149.949 -93.734 3524.281
v -3157.101 -93.729 3520.696
v -3159.795 -93.769 3526.070
v -3152.643 -93.744 3529.655
f 2213 2214 2215
f 2215 2216 2213
v -3152.451 -93.742 3529.205
v -3159.987 -93.773 3526.520
v -3162.971 -93.888 3534.892
v -3155.435 -93.804 3537.577
f 2217 2218 2219
f 2219 2220 2217
v -3155.423 -93.804 3537.543
v -3162.983 -93.889 3534.926
v -3165.821 0.050 3543.126
v -3158.261 0.050 3545.743
f 2221 2222 2223
f 2223 2224 2221
v -3158.359 0.050 3545.998
v -3165.723 0.050 3542.871
v -3170.354 0.050 3553.779
v -3162.990 0.050 3556.905
f 2225 2226 2227
f 2227 2228 2225
v -3163.073 0.050 3557.088
v -3170.271 0.050 3553.596
v -3177.729 0.050 3568.966
v -3170.532 0.050 3572.459
f 2229 2230 2231
f 2231 2232 2229
v -3170.678 0.050 3572.733
v -3177.583 0.050 3568.692
v -3187.891 0.050 3586.307
v -3180.986 0.050 3590.348
f 2233 2234 2235
f 2235 2236 2233
v -3181.008 0.050 3590.384
v -3187.869 0.050 3586.271
v -3198.612 0.050 3604.190
v -3191.750 0.050 3608.303
f 2237 2238 2239
f 2239 2240 2237
v -3192.284 0.050 3609.004
v -3198.078 0.050 3603.489
v -3207.040 0.050 3612.904
v -3201.245 0.050 3618.419
f 2241 2242 2243
f 2243 2244 2241
v -3201.850 0.050 3618.940
v -3206.435 0.050 3612.384
v -3213.893 0.050 3617.600
v -3209.308 0.050 3624.156
f 2245 2246 2247
f 2247 2248 2245
v -3209.720 0.050 3624.408
v -3213.482 0.050 3617.348
v -3229.167 0.050 3625.706
v -3225.404 0.050 3632.766
f 2249 2250 2251
f 2251 2252 2249
v -3225.568 0.050 3632.849
v -3229.003 0.050 3625.624
v -3234.669 0.050 3628.317
v -3231.234 0.050 3635.543
f 2253 2254 2255
f 2255 2256 2253
v -3231.235 0.050 3635.543
v -3234.669 0.050 3628.317
v -3237.808 0.050 3629.810
v -3234.374 0.050 3637.035
f 2257 2258 2259
f 2259 2260 2257
v -3234.732 0.050 3637.184
v -3237.450 0.050 3629.660
v -3260.593 0.050 3638.019
v -3257.876 0.050 3645.543
f 2261 2262 2263
f 2263 2264 2261
v -3257.446 0.050 3645.359
v -3261.022 0.050 3638.203
v -3277.141 0.050 3646.258
v -3273.565 0.050 3653.414
f 2265 2266 2267
f 2267 2268 2265
v -3273.018 0.050 3653.083
v -3277.689 0.050 3646.588
v -3289.934 0.050 3655.396
v -3285.263 0.050 3661.891
f 2269 2270 2271
f 2271 2272 2269
v -3284.987 0.050 3661.673
v -3290.210 0.050 3655.614
v -3300.964 0.050 3664.883
v -3295.740 0.050 3670.943
f 2273 2274 2275
f 2275 2276 2273
v -3295.743 0.050 3670.945
v -3300.961 0.050 3664.881
v -3311.626 0.050 3674.058
v -3306.407 0.050 3680.122
f 2277 2278 2279
f 2279 2280 2277
v -3306.093 0.050 3679.820
v -3311.940 0.050 3674.360
v -3363.470 0.050 3729.543
v -3357.623 0.050 3735.003
f 2281 2282 2283
f 2283 2284 2281
v -3357.623 0.050 3735.003
v -3363.470 0.050 3729.543
v -3416.057 0.050 3785.861
v -3410.210 0.050 3791.321
f 2285 2286 2287
f 2287 2288 2285
v -3410.187 0.050 3791.295
v -3416.080 0.050 3785.886
v -3438.634 0.050 3810.460
v -3432.740 0.050 3815.869
f 2289 2290 2291
f 2291 2292 2289
v -3432.624 0.050 3815.738
v -3438.749 0.050 3810.591
v -3448.846 0.050 3822.608
v -3442.721 0.050 3827.754
f 2293 2294 2295
f 2295 2296 2293
v -3443.192 0.050 3828.228
v -3448.375 0.050 3822.133
v -3462.957 0.050 3834.532
v -3457.775 0.050 3840.627
f 2297 2298 2299
f 2299 2300 2297
v -3458.549 0.050 3841.143
v -3462.184 0.050 3834.017
v -3520.949 0.050 3863.991
v -3517.314 0.050 3871.117
f 2301 2302 2303
f 2303 2304 2301
v -3517.483 0.050 3871.198
v -3520.781 0.050 3863.910
v -3549.201 0.050 3876.771
v -3545.903 0.050 3884.060
f 2305 2306 2307
f 2307 2308 2305
v -3545.842 0.050 3884.032
v -3549.262 0.050 3876.799
v -3577.748 0.050 3890.268
v -3574.329 0.050 3897.500
f 2309 2310 2311
f 2311 2312 2309
v -3574.407 0.050 3897.536
v -3577.670 0.050 3890.232
v -3643.259 0.050 3919.533
v -3639.996 0.050 3926.837
f 2313 2314 2315
f 2315 2316 2313
v -3640.015 0.050 3926.845
v -3643.240 0.050 3919.524
v -3665.182 0.050 3929.190
v -3661.956 0.050 3936.511
f 2317 2318 2319
f 2319 2320 2317
v -3050.117 0.050 3959.112
v -3048.810 0.050 3951.220
v -3093.138 0.050 3943.878
v -3094.445 0.050 3951.771
f 2321 2322 2323
f 2323 2324 2321
v -3094.548 0.050 3951.752
v -3093.035 0.050 3943.897
v -3108.119 0.050 3940.992
v -3109.632 0.050 3948.847
f 2325 2326 2327
f 2327 2328 2325
v -3109.569 0.050 3948.859
v -3108.181 0.050 3940.980
v -3137.492 0.050 3935.817
v -3138.879 0.050 3943.696
f 2329 2330 2331
f 2331 2332 2329
v -3138.877 0.050 3943.696
v -3137.494 0.050 3935.817
v -3146.600 0.050 3934.219
v -3147.983 0.050 3942.098
f 2333 2334 2335
f 2335 2336 2333
v -3409.166 0.050 3788.085
v -3417.101 0.050 3789.096
v -3383.784 0.050 4050.558
v -3375.848 0.050 4049.547
f 2337 2338 2339
f 2339 2340 2337
v -3456.385 0.050 3837.191
v -3464.347 0.050 3837.969
v -3447.193 0.050 4013.496
v -3439.231 0.050 4012.718
f 2341 2342 2343
f 2343 2344 2341
v -3439.232 0.050 4012.711
v -3447.192 0.050 4013.503
v -3442.940 0.050 4056.206
v -3434.979 0.050 4055.413
f 2345 2346 2347
f 2347 2348 2345
v -3649.628 0.050 4076.613
v -3648.122 0.050 4084.470
v -3618.567 0.050 4078.805
v -3620.072 0.050 4070.948
f 2349 2350 2351
f 2351 2352 2349
v -3619.719 0.050 4070.897
v -3618.920 0.050 4078.857
v -3578.800 0.050 4074.830
v -3579.599 0.050 4066.870
f 2353 2354 2355
f 2355 2356 2353
v -3579.644 0.050 4066.874
v -3578.756 0.050 4074.825
v -3565.286 0.050 4073.320
v -3566.175 0.050 4065.369
f 2357 2358 2359
f 2359 2360 2357
v -3566.278 0.050 4065.382
v -3565.183 0.050 4073.307
v -3527.056 0.050 4068.038
v -3528.151 0.050 4060.113
f 2361 2362 2363
f 2363 2364 2361
v -3527.954 0.050 4060.091
v -3527.252 0.050 4068.060
v -3498.933 0.050 4065.565
v -3499.635 0.050 4057.596
f 2365 2366 2367
f 2367 2368 2365
v -3499.665 0.050 4057.598
v -3498.903 0.050 4065.562
v -3438.579 0.050 4059.792
v -3439.341 0.050 4051.828
f 2369 2370 2371
f 2371 2372 2369
v -3439.347 0.050 4051.829
v -3438.572 0.050 4059.791
v -3379.428 0.050 4054.034
v -3380.203 0.050 4046.072
f 2373 2374 2375
f 2375 2376 2373
v -3380.123 0.050 4046.065
v -3379.508 0.050 4054.041
v -3362.732 0.050 4052.747
v -3363.347 0.050 4044.771
f 2377 2378 2379
f 2379 2380 2377
v -3363.314 0.050 4044.768
v -3362.765 0.050 4052.749
v -3322.624 0.050 4049.990
v -3323.172 0.050 4042.008
f 2381 2382 2383
f 2383 2384 2381
v -3703.338 0.050 4117.163
v -3702.569 0.050 4125.126
v -3684.513 0.050 4123.383
v -3685.282 0.050 4115.420
f 2385 2386 2387
f 2387 2388 2385
v -3685.392 0.050 4115.432
v -3684.403 0.050 4123.371
v -3561.595 0.050 4108.067
v -3562.585 0.050 4100.129
f 2389 2390 2391
f 2391 2392 2389
v -4434.447 0.050 3655.604
v -4432.239 0.050 3663.293
v -4395.125 0.050 3652.637
v -4397.333 0.050 3644.948
f 2393 2394 2395
f 2395 2396 2393
v -4397.341 0.050 3644.950
v -4395.117 0.050 3652.635
v -4360.029 0.050 3642.480
v -4362.253 0.050 3634.796
f 2397 2398 2399
f 2399 2400 2397
v -4363.231 0.050 3635.227
v -4359.052 0.050 3642.049
v -4349.913 0.050 3636.450
v -4354.092 0.050 3629.628
f 2401 2402 2403
f 2403 2404 2401
v -4355.259 0.050 3630.718
v -4348.745 0.050 3635.361
v -4344.359 0.050 3629.207
v -4350.873 0.050 3624.564
f 2405 2406 2407
f 2407 2408 2405
v -4350.050 0.050 3623.712
v -4345.182 0.050 3630.060
v -4341.152 0.050 3626.970
v -4346.020 0.050 3620.622
f 2409 2410 2411
f 2411 2412 2409
v -4344.982 0.050 3620.047
v -4342.190 0.050 3627.544
v -4335.311 0.050 3624.983
v -4338.103 0.050 3617.486
f 2413 2414 2415
f 2415 2416 2413
v -4337.956 0.050 3617.434
v -4335.457 0.050 3625.034
v -4236.505 0.050 3592.497
v -4239.004 0.050 3584.898
f 2417 2418 2419
f 2419 2420 2417
v -4238.990 0.050 3584.893
v -4236.520 0.050 3592.502
v -4224.520 0.050 3588.607
v -4226.990 0.050 3580.997
f 2421 2422 2423
f 2423 2424 2421
v -4227.112 0.050 3581.039
v -4224.397 0.050 3588.565
v -4105.452 0.050 3545.649
v -4108.167 -84.011 3538.124
f 2425 2426 2427
f 2427 2428 2425
v -4107.974 -83.991 3538.059
v -4105.645 0.050 3545.713
v -4050.531 -79.124 3528.943
v -4052.860 -79.604 3521.289
f 2429 2430 2431
f 2431 2432 2429
v -4052.860 -79.604 3521.289
v -4050.531 -79.124 3528.943
v -3996.808 -77.226 3512.595
v -3999.137 -78.031 3504.941
f 2433 2434 2435
f 2435 2436 2433
v -4689.357 -92.364 2868.099
v -4697.035 -92.464 2870.346
v -4689.399 -91.186 2896.440
v -4681.721 -91.201 2894.193
f 2437 2438 2439
f 2439 2440 2437
v -4681.769 -91.207 2894.041
v -4689.351 -91.178 2896.593
v -4654.118 -95.680 3001.247
v -4646.536 -95.471 2998.695
f 2441 2442 2443
f 2443 2444 2441
v -4646.466 -95.494 2998.925
v -4654.188 -95.657 3001.017
v -4650.281 -97.077 3015.437
v -4642.559 -96.931 3013.345
f 2445 2446 2447
f 2447 2448 2445
v -4642.559 -96.931 3013.344
v -4650.280 -97.077 3015.439
v -4632.948 -102.790 3079.314
v -4625.227 -102.346 3077.219
f 2449 2450 2451
f 2451 2452 2449
v -4625.261 -102.338 3077.101
v -4632.914 -102.799 3079.431
v -4605.785 -103.652 3168.515
v -4598.132 -102.977 3166.184
f 2453 2454 2455
f 2455 2456 2453
v -4598.262 -102.993 3165.822
v -4605.656 -103.640 3168.877
v -4602.350 -103.231 3176.879
v -4594.956 -102.588 3173.825
f 2457 2458 2459
f 2459 2460 2457
v -4595.464 -102.647 3172.937
v -4601.841 -103.150 3177.767
v -4598.390 -102.664 3182.323
v -4592.013 -102.208 3177.493
f 2461 2462 2463
f 2463 2464 2461
v -4593.888 -102.431 3176.130
v -4596.515 -102.444 3183.686
v -4592.642 -102.046 3185.033
v -4590.014 -102.015 3177.477
f 2465 2466 2467
f 2467 2468 2465
v -4591.540 -102.169 3177.260
v -4591.116 -101.900 3185.249
v -4587.387 -101.564 3185.051
v -4587.811 -101.813 3177.062
f 2469 2470 2471
f 2471 2472 2469
v -4588.507 -101.878 3177.161
v -4586.690 -101.503 3184.952
v -4580.234 -100.943 3183.447
v -4582.050 -101.285 3175.656
f 2473 2474 2475
f 2475 2476 2473
v -4582.788 -101.351 3175.906
v -4579.496 -100.880 3183.197
v -4572.360 -100.267 3179.975
v -4575.653 -100.685 3172.684
f 2477 2478 2479
f 2479 2480 2477
v -4575.510 -100.671 3172.622
v -4572.504 -100.280 3180.036
v -4566.804 -99.765 3177.725
v -4569.810 -100.115 3170.311
f 2481 2482 2483
f 2483 2484 2481
v -4569.224 -100.057 3170.125
v -4567.390 -99.819 3177.912
v -4560.099 -99.087 3176.195
v -4561.932 -99.320 3168.408
f 2485 2486 2487
f 2487 2488 2485
v -4561.535 -99.275 3168.335
v -4560.496 -99.131 3176.268
v -4553.940 -98.397 3175.409
v -4554.978 -98.523 3167.477
f 2489 2490 2491
f 2491 2492 2489
v -4553.976 -98.408 3167.472
v -4554.941 -98.510 3175.414
v -4540.158 -96.856 3177.210
v -4539.193 -96.712 3169.268
f 2493 2494 2495
f 2495 2496 2493
v -4538.734 -96.660 3169.351
v -4540.617 -96.907 3177.127
v -4527.036 -95.452 3180.415
v -4525.153 -95.122 3172.640
f 2497 2498 2499
f 2499 2500 2497
v -4632.056 -94.056 2854.195
v -4639.589 -93.588 2856.888
v -4622.947 -92.428 2903.451
v -4615.413 -92.839 2900.758
f 2501 2502 2503
f 2503 2504 2501
v -4615.317 -92.845 2901.066
v -4623.043 -92.422 2903.143
v -4613.503 -93.222 2938.614
v -4605.777 -93.564 2936.536
f 2505 2506 2507
f 2507 2508 2505
v -3679.582 -70.009 2890.904
v -3680.885 -70.130 2883.011
v -3690.882 -69.248 2884.662
v -3689.578 -69.096 2892.555
f 2509 2510 2511
f 2511 2512 2509
v -3689.878 -69.069 2892.593
v -3690.582 -69.274 2884.624
v -3709.095 -68.375 2886.261
v -3708.390 -68.102 2894.230
f 2513 2514 2515
f 2515 2516 2513
v -3708.470 -68.099 2894.237
v -3709.015 -68.378 2886.255
v -3735.298 -67.458 2888.051
v -3734.752 -67.150 2896.033
f 2517 2518 2519
f 2519 2520 2517
v -3734.744 -67.151 2896.032
v -3735.306 -67.457 2888.052
v -3773.366 -68.328 2890.732
v -3772.804 -68.031 2898.713
f 2521 2522 2523
f 2523 2524 2521
v -3772.478 -68.023 2898.676
v -3773.692 -68.336 2890.769
v -3784.445 -68.920 2892.420
v -3783.232 -68.567 2900.327
f 2525 2526 2527
f 2527 2528 2525
v -3782.807 -68.534 2900.238
v -3784.870 -68.951 2892.509
v -3793.230 -69.563 2894.740
v -3791.167 -69.223 2902.470
f 2529 2530 2531
f 2531 2532 2529
v -3790.647 -69.179 2902.292
v -3793.750 -69.601 2894.918
v -3802.255 -70.208 2898.497
v -3799.152 -69.898 2905.871
f 2533 2534 2535
f 2535 2536 2533
v -3798.875 -69.875 2905.741
v -3802.532 -70.228 2898.626
v -3819.107 -71.576 2907.144
v -3815.451 -71.275 2914.259
f 2537 2538 2539
f 2539 2540 2537
v -3815.024 -71.239 2914.005
v -3819.534 -71.619 2907.398
v -3831.779 -73.026 2915.757
v -3827.269 -72.514 2922.364
f 2541 2542 2543
f 2543 2544 2541
v -3827.162 -72.502 2922.289
v -3831.886 -73.038 2915.832
v -3845.767 -74.628 2925.987
v -3841.044 -74.098 2932.444
f 2545 2546 2547
f 2547 2548 2545
v -3840.944 -74.086 2932.369
v -3845.867 -74.639 2926.063
v -3858.858 -76.100 2936.205
v -3853.935 -75.544 2942.510
f 2549 2550 2551
f 2551 2552 2549
v -3853.338 -75.481 2941.936
v -3859.455 -76.164 2936.779
v -3874.683 -77.611 2954.845
v -3868.567 -76.947 2960.001
f 2553 2554 2555
f 2555 2556 2553
v -3868.587 -76.949 2960.025
v -3874.663 -77.609 2954.820
v -3887.197 -78.457 2969.452
v -3881.122 -77.763 2974.657
f 2557 2558 2559
f 2559 2560 2557
v -3880.811 -77.749 2974.242
v -3887.509 -78.470 2969.867
v -3896.314 -78.655 2983.350
v -3889.616 -77.984 2987.724
f 2561 2562 2563
f 2563 2564 2561
v -3820.323 -71.714 2913.297
v -3814.235 -71.167 2908.106
v -3822.985 -72.055 2897.845
v -3829.072 -72.710 2903.036
f 2565 2566 2567
f 2567 2568 2565
v -3828.993 -72.701 2903.126
v -3823.064 -72.065 2897.755
v -3861.636 -76.129 2855.167
v -3867.566 -76.713 2860.538
f 2569 2570 2571
f 2571 2572 2569
v -3867.233 -76.688 2860.864
v -3861.968 -76.154 2854.841
v -3884.511 -77.379 2835.138
v -3889.775 -77.989 2841.161
f 2573 2574 2575
f 2575 2576 2573
v -3889.405 -77.973 2841.449
v -3884.881 -77.390 2834.850
v -3892.952 -77.619 2829.317
v -3897.476 -78.254 2835.915
f 2577 2578 2579
f 2579 2580 2577
v -3896.385 -78.212 2836.441
v -3894.043 -77.653 2828.792
v -3899.865 -77.874 2827.009
v -3902.207 -78.479 2834.658
f 2581 2582 2583
f 2583 2584 2581
v -3901.590 -78.452 2834.795
v -3900.481 -77.899 2826.872
v -3906.893 -78.145 2825.974
v -3908.002 -78.729 2833.897
f 2585 2586 2587
f 2587 2588 2585
v -3906.725 -78.662 2833.870
v -3908.171 -78.205 2826.001
v -3913.848 -78.537 2827.045
v -3912.402 -79.027 2834.913
f 2589 2590 2591
f 2591 2592 2589
v -3912.147 -79.010 2834.858
v -3914.103 -78.553 2827.100
v -3921.962 -79.071 2829.081
v -3920.007 -79.572 2836.838
f 2593 2594 2595
f 2595 2596 2593
v -3856.646 -75.833 2943.350
v -3856.147 -75.801 2935.365
v -3898.994 -80.631 2932.685
v -3899.493 -80.476 2940.669
f 2597 2598 2599
f 2599 2600 2597
v -3898.583 -80.379 2940.622
v -3899.904 -80.732 2932.732
v -3910.001 -81.576 2934.422
v -3908.680 -81.231 2942.312
f 2601 2602 2603
f 2603 2604 2601
v -3908.287 -81.202 2942.226
v -3910.394 -81.606 2934.508
v -3918.954 -82.231 2936.846
v -3916.847 -81.806 2944.563
f 2605 2606 2607
f 2607 2608 2605
v -3916.399 -81.776 2944.412
v -3919.402 -82.262 2936.997
v -3943.469 -83.800 2946.743
v -3940.467 -83.273 2954.158
f 2609 2610 2611
f 2611 2612 2609
v -3940.813 -83.294 2954.280
v -3943.123 -83.789 2946.621
v -3975.295 -84.472 2956.327
v -3972.984 -83.986 2963.986
f 2613 2614 2615
f 2615 2616 2613
v -3972.742 -83.984 2963.904
v -3975.536 -84.477 2956.408
v -4021.210 -83.561 2973.430
v -4018.417 -83.113 2980.926
f 2617 2618 2619
f 2619 2620 2617
v -4018.616 -83.109 2980.995
v -4021.011 -83.565 2973.362
v -4035.616 -83.070 2977.944
v -4033.221 -82.743 2985.577
f 2621 2622 2623
f 2623 2624 2621
v -4033.143 -82.745 2985.552
v -4035.695 -83.067 2977.969
v -4049.231 -82.594 2982.525
v -4046.679 -82.356 2990.107
f 2625 2626 2627
f 2627 2628 2625
v -4046.139 -82.372 2989.880
v -4049.771 -82.576 2982.752
v -4061.382 -82.217 2988.668
v -4057.750 -82.040 2995.796
f 2629 2630 2631
f 2631 2632 2629
v -4057.295 -82.052 2995.525
v -4061.837 -82.205 2988.940
v -4072.501 -81.930 2996.295
v -4067.959 -81.816 3002.881
f 2633 2634 2635
f 2635 2636 2633
v -4068.248 -81.812 3003.062
v -4072.212 -81.936 2996.114
v -4090.869 -81.858 3006.757
v -4086.905 -81.853 3013.706
f 2637 2638 2639
f 2639 2640 2637
v -4140.830 -78.872 2918.896
v -4145.125 -78.672 2912.147
v -4170.405 -78.497 2928.231
v -4166.111 -78.643 2934.981
f 2641 2642 2643
f 2643 2644 2641
v -4165.306 -78.616 2934.305
v -4171.210 -78.498 2928.907
v -4174.349 -78.550 2932.340
v -4168.445 -78.752 2937.738
f 2645 2646 2647
f 2647 2648 2645
v -4167.646 -78.700 2936.428
v -4175.148 -78.603 2933.650
v -4176.640 -78.767 2937.678
v -4169.138 -78.859 2940.456
f 2649 2650 2651
f 2651 2652 2649
v -4168.891 -78.799 2938.933
v -4176.887 -78.829 2939.201
v -4176.742 -79.004 2943.532
v -4168.747 -78.966 2943.265
f 2653 2654 2655
f 2655 2656 2653
v -4168.864 -78.934 2942.426
v -4176.624 -79.038 2944.371
v -4175.277 -79.248 2949.745
v -4167.517 -79.135 2947.801
f 2657 2658 2659
f 2659 2660 2657
v -4167.950 -79.097 2946.745
v -4174.845 -79.288 2950.801
v -4150.210 -81.436 2992.676
v -4143.315 -81.207 2988.620
f 2661 2662 2663
f 2663 2664 2661
v -4143.141 -81.226 2988.949
v -4150.384 -81.414 2992.346
v -4144.117 -82.370 3005.710
v -4136.874 -82.065 3002.313
f 2665 2666 2667
f 2667 2668 2665
v -4137.122 -82.038 3001.862
v -4143.868 -82.399 3006.162
v -4140.729 -82.692 3011.087
v -4133.983 -82.309 3006.788
f 2669 2670 2671
f 2671 2672 2669
v -4134.441 -82.279 3006.198
v -4140.271 -82.723 3011.676
v -4137.889 -82.841 3014.212
v -4132.058 -82.395 3008.734
f 2673 2674 2675
f 2675 2676 2673
v -4132.924 -82.368 3008.038
v -4137.023 -82.866 3014.908
v -4133.283 -82.913 3017.140
v -4129.184 -82.434 3010.270
f 2677 2678 2679
f 2679 2680 2677
v -4129.511 -82.430 3010.094
v -4132.956 -82.915 3017.315
v -4129.827 -82.919 3018.807
v -4126.383 -82.453 3011.587
f 2681 2682 2683
f 2683 2684 2681
v -4127.204 -82.453 3011.300
v -4129.006 -82.912 3019.094
v -4125.121 -82.851 3019.992
v -4123.319 -82.424 3012.198
f 2685 2686 2687
f 2687 2688 2685
v -4124.022 -82.433 3012.100
v -4124.418 -82.836 3020.090
v -4118.296 -82.674 3020.394
v -4117.899 -82.326 3012.403
f 2689 2690 2691
f 2691 2692 2689
v -4117.966 -82.327 3012.401
v -4118.229 -82.672 3020.396
v -4095.687 -82.092 3021.136
v -4095.424 -81.974 3013.140
f 2693 2694 2695
f 2695 2696 2693
v -4098.433 -82.039 3014.360
v -4092.678 -82.004 3019.916
v -4086.010 -81.839 3013.010
v -4091.765 -81.870 3007.453
f 2697 2698 2699
f 2699 2700 2697
v -4092.199 -81.987 3019.314
v -4098.912 -82.058 3014.962
v -4104.144 -82.354 3023.030
v -4097.431 -82.245 3027.383
f 2701 2702 2703
f 2703 2704 2701
v -4098.259 -82.290 3028.306
v -4103.315 -82.308 3022.107
v -4109.727 -82.664 3027.336
v -4104.671 -82.661 3033.536
f 2705 2706 2707
f 2707 2708 2705
v -4105.112 -82.689 3033.848
v -4109.287 -82.637 3027.024
v -4125.217 -83.734 3036.770
v -4121.042 -83.861 3043.594
f 2709 2710 2711
f 2711 2712 2709
v -4122.131 -83.945 3044.055
v -4124.128 -83.658 3036.308
v -4136.117 -84.430 3039.398
v -4134.120 -84.818 3047.145
f 2713 2714 2715
f 2715 2716 2713
v -4134.271 -84.830 3047.181
v -4135.966 -84.420 3039.362
v -4153.877 -85.645 3043.245
v -4152.182 -86.211 3051.063
f 2717 2718 2719
f 2719 2720 2717
v -4151.641 -86.169 3050.905
v -4154.418 -85.686 3043.403
v -4174.578 -87.405 3050.864
v -4171.801 -87.904 3058.367
f 2721 2722 2723
f 2723 2724 2721
v -4173.025 -87.995 3058.612
v -4173.354 -87.316 3050.619
v -4202.164 -88.831 3051.807
v -4201.834 -89.562 3059.800
f 2725 2726 2727
f 2727 2728 2725
v -4200.954 -89.516 3059.665
v -4203.044 -88.879 3051.943
v -4230.073 -90.579 3059.258
v -4227.982 -91.171 3066.981
f 2729 2730 2731
f 2731 2732 2729
v -4227.112 -91.108 3066.631
v -4230.943 -90.642 3059.608
v -4240.795 -91.270 3064.983
v -4236.964 -91.798 3072.006
f 2733 2734 2735
f 2735 2736 2733
v -4236.547 -91.774 3071.744
v -4241.211 -91.296 3065.244
v -4252.254 -91.995 3073.167
v -4247.590 -92.445 3079.667
f 2737 2738 2739
f 2739 2740 2737
v -4248.923 -92.492 3080.290
v -4250.922 -91.941 3072.544
v -4283.316 -92.339 3080.903
v -4281.317 -92.653 3088.650
f 2741 2742 2743
f 2743 2744 2741
v -4281.791 -92.642 3088.742
v -4282.841 -92.345 3080.811
v -4309.870 -91.798 3084.390
v -4308.819 -91.887 3092.320
f 2745 2746 2747
f 2747 2748 2745
v -4307.919 -91.914 3092.092
v -4310.770 -91.776 3084.618
v -4330.329 -91.137 3092.079
v -4327.478 -91.181 3099.553
f 2749 2750 2751
f 2751 2752 2749
v -4326.470 -91.227 3098.991
v -4331.336 -91.094 3092.641
v -4338.350 -90.746 3098.016
v -4333.483 -90.863 3104.366
f 2753 2754 2755
f 2755 2756 2753
v -4332.864 -90.899 3103.776
v -4338.969 -90.710 3098.606
v -4351.359 -89.781 3113.237
v -4345.254 -90.055 3118.407
f 2757 2758 2759
f 2759 2760 2757
v -4346.049 -90.003 3119.125
v -4350.563 -89.844 3112.520
v -4371.313 -88.793 3126.702
v -4366.799 -88.848 3133.307
f 2761 2762 2763
f 2763 2764 2761
v -4367.328 -88.824 3133.612
v -4370.785 -88.817 3126.398
v -4392.281 -87.829 3136.698
v -4388.824 -87.806 3143.912
f 2765 2766 2767
f 2767 2768 2765
v -4387.763 -87.864 3143.173
v -4393.341 -87.772 3137.437
v -4404.395 -87.556 3148.186
v -4398.817 -87.599 3153.922
f 2769 2770 2771
f 2771 2772 2769
v -4398.343 -87.587 3153.367
v -4404.870 -87.568 3148.741
v -4413.976 -87.836 3161.590
v -4407.448 -87.852 3166.216
f 2773 2774 2775
f 2775 2776 2773
v -4407.394 -87.851 3166.137
v -4414.030 -87.837 3161.669
v -4423.581 -88.187 3175.851
v -4416.945 -88.366 3180.320
f 2777 2778 2779
f 2779 2780 2777
v -4418.381 -88.450 3181.615
v -4422.145 -88.108 3174.556
v -4433.043 -88.527 3180.366
v -4429.280 -88.883 3187.425
f 2781 2782 2783
f 2783 2784 2781
v -4430.537 -88.921 3187.847
v -4431.786 -88.491 3179.945
v -4447.916 -89.214 3182.493
v -4446.667 -89.582 3190.395
f 2785 2786 2787
f 2787 2788 2785
v -4447.078 -89.607 3190.439
v -4447.505 -89.189 3182.450
v -4487.313 -91.794 3184.576
v -4486.886 -92.099 3192.565
f 2789 2790 2791
f 2791 2792 2789
v -4486.007 -92.016 3192.418
v -4488.192 -91.881 3184.722
v -4494.659 -92.547 3186.558
v -4492.475 -92.654 3194.254
f 2793 2794 2795
f 2795 2796 2793
v -3221.646 -93.282 3058.162
v -3213.801 -93.522 3059.731
v -3208.424 -91.757 3032.858
v -3216.269 -91.332 3031.289
f 2797 2798 2799
f 2799 2800 2797
v -3226.610 -96.615 2718.869
v -3232.124 -96.366 2724.665
v -3227.571 -96.060 2728.997
v -3222.057 -96.307 2723.201
f 2801 2802 2803
f 2803 2804 2801
v -3222.461 -96.331 2722.865
v -3227.168 -96.036 2729.333
v -3221.725 -95.766 2733.295
v -3217.017 -96.052 2726.826
f 2805 2806 2807
f 2807 2808 2805
v -3217.738 -96.082 2726.409
v -3221.003 -95.737 2733.712
v -3218.020 -95.644 2735.046
v -3214.755 -95.978 2727.743
f 2809 2810 2811
f 2811 2812 2809
v -3215.480 -95.999 2727.499
v -3217.295 -95.626 2735.290
v -3211.172 -95.511 2736.716
v -3209.357 -95.860 2728.925
f 2813 2814 2815
f 2815 2816 2813
v -3209.267 -95.858 2728.947
v -3211.263 -95.513 2736.694
v -3207.523 -95.444 2737.658
v -3205.526 -95.773 2729.911
f 2817 2818 2819
f 2819 2820 2817
v -3206.651 -95.791 2729.786
v -3206.399 -95.431 2737.783
v -3201.790 -95.408 2737.637
v -3202.042 -95.747 2729.641
f 2821 2822 2823
f 2823 2824 2821
v -3202.246 -95.749 2729.653
v -3201.586 -95.408 2737.626
v -3197.913 -95.348 2737.322
v -3198.572 -95.689 2729.349
f 2825 2826 2827
f 2827 2828 2825
v -3198.370 -95.681 2729.338
v -3198.114 -95.355 2737.333
v -3193.573 -95.204 2737.188
v -3193.828 -95.500 2729.192
f 2829 2830 2831
f 2831 2832 2829
v -3194.197 -95.514 2729.221
v -3193.204 -95.193 2737.159
v -3186.024 -94.972 2736.261
v -3187.017 -95.246 2728.323
f 2833 2834 2835
f 2835 2836 2833
v -3607.297 -76.817 3014.936
v -3614.622 -76.468 3018.151
v -3572.822 -73.301 3113.402
v -3565.496 -73.182 3110.187
f 2837 2838 2839
f 2839 2840 2837
v -3097.057 0.050 4565.530
v -3089.368 0.050 4567.740
v -3083.401 0.050 4546.984
v -3091.090 0.050 4544.773
f 2841 2842 2843
f 2843 2844 2841
v -3091.120 0.050 4544.882
v -3083.372 0.050 4546.875
v -3075.312 0.050 4515.529
v -3083.060 0.050 4513.537
f 2845 2846 2847
f 2847 2848 2845
v -3083.075 0.050 4513.595
v -3075.298 0.050 4515.470
v -3071.268 0.050 4498.754
v -3079.045 0.050 4496.879
f 2849 2850 2851
f 2851 2852 2849
v -3079.156 0.050 4497.898
v -3071.157 0.050 4497.735
v -3072.649 0.050 4424.876
v -3080.647 0.050 4425.039
f 2853 2854 2855
f 2855 2856 2853
v -3080.581 0.050 4425.687
v -3072.715 0.050 4424.229
v -3089.023 0.050 4336.237
v -3096.889 0.050 4337.695
f 2857 2858 2859
f 2859 2860 2857
v -3096.890 0.050 4337.694
v -3089.023 0.050 4336.238
v -3098.686 0.050 4284.043
v -3106.552 0.050 4285.499
f 2861 2862 2863
f 2863 2864 2861
v -3106.541 0.050 4283.987
v -3098.697 0.050 4285.555
v -3094.967 0.050 4266.897
v -3102.812 0.050 4265.329
f 2865 2866 2867
f 2867 2868 2865
v -3102.881 0.050 4266.385
v -3094.899 0.050 4265.842
v -3097.437 0.050 4228.514
v -3105.419 0.050 4229.057
f 2869 2870 2871
f 2871 2872 2869
v -3105.358 0.050 4229.532
v -3097.498 0.050 4228.039
v -3101.739 0.050 4205.711
v -3109.599 0.050 4207.204
f 2873 2874 2875
f 2875 2876 2873
v -3109.090 0.050 4208.530
v -3102.248 0.050 4204.384
v -3105.666 0.050 4198.746
v -3112.507 0.050 4202.892
f 2877 2878 2879
f 2879 2880 2877
v -3111.359 0.050 4204.111
v -3106.814 0.050 4197.527
v -3112.035 0.050 4193.923
v -3116.580 0.050 4200.506
f 2881 2882 2883
f 2883 2884 2881
v -3115.809 0.050 4200.922
v -3112.806 0.050 4193.507
v -3135.048 0.050 4184.501
v -3138.050 0.050 4191.917
f 2885 2886 2887
f 2887 2888 2885
v -3138.691 0.050 4191.587
v -3134.407 0.050 4184.831
v -3149.836 0.050 4175.047
v -3154.120 0.050 4181.803
f 2889 2890 2891
f 2891 2892 2889
v -3154.578 0.050 4181.464
v -3149.378 0.050 4175.385
v -3162.959 0.050 4163.766
v -3168.159 0.050 4169.844
f 2893 2894 2895
f 2895 2896 2893
v -3166.848 0.050 4170.591
v -3164.270 0.050 4163.018
v -3171.561 0.050 4160.536
v -3174.140 0.050 4168.109
f 2897 2898 2899
f 2899 2900 2897
v -3172.111 0.050 4168.254
v -3173.589 0.050 4160.391
v -3183.564 0.050 4162.266
v -3182.086 0.050 4170.129
f 2901 2902 2903
f 2903 2904 2901
v -3184.964 0.050 4169.577
v -3180.685 0.050 4162.818
v -3194.889 0.050 4153.826
v -3199.169 0.050 4160.585
f 2905 2906 2907
f 2907 2908 2905
v -3199.312 0.050 4160.490
v -3194.746 0.050 4153.921
v -3204.799 0.050 4146.936
v -3209.364 0.050 4153.505
f 2909 2910 2911
f 2911 2912 2909
v -3208.028 0.050 4154.107
v -3206.134 0.050 4146.334
v -3220.060 0.050 4142.941
v -3221.954 0.050 4150.713
f 2913 2914 2915
f 2915 2916 2913
v -3221.308 0.050 4150.816
v -3220.706 0.050 4142.838
v -3233.118 0.050 4141.901
v -3233.721 0.050 4149.878
f 2917 2918 2919
f 2919 2920 2917
v -3232.727 0.050 4149.829
v -3234.111 0.050 4141.950
v -3240.501 0.050 4143.072
v -3239.117 0.050 4150.951
f 2921 2922 2923
f 2923 2924 2921
v -3238.126 0.050 4150.640
v -3241.492 0.050 4143.383
v -3249.207 0.050 4146.962
v -3245.840 0.050 4154.219
f 2925 2926 2927
f 2927 2928 2925
v -3245.230 0.050 4153.867
v -3249.817 0.050 4147.313
v -3261.929 0.050 4155.790
v -3257.341 0.050 4162.344
f 2929 2930 2931
f 2931 2932 2929
v -3568.506 0.050 3986.478
v -3572.639 0.050 3979.629
v -3601.827 0.050 3997.244
v -3597.694 0.050 4004.093
f 2933 2934 2935
f 2935 2936 2933
v -3597.605 0.050 4004.038
v -3601.917 0.050 3997.299
v -3609.386 0.050 4002.079
v -3605.074 0.050 4008.818
f 2937 2938 2939
f 2939 2940 2937
v -3605.704 0.050 4009.146
v -3608.756 0.050 4001.751
v -3618.163 0.050 4005.633
v -3615.111 0.050 4013.028
f 2941 2942 2943
f 2943 2944 2941
v -3616.250 0.050 4013.312
v -3617.023 0.050 4005.349
v -3624.782 0.050 4006.102
v -3624.009 0.050 4014.064
f 2945 2946 2947
f 2947 2948 2945
v -3628.253 0.050 4011.142
v -3620.538 0.050 4009.024
v -3625.459 0.050 3991.106
v -3633.173 0.050 3993.224
f 2949 2950 2951
f 2951 2952 2949
v -3629.820 0.050 3996.133
v -3628.812 0.050 3988.197
v -3650.018 0.050 3985.503
v -3651.026 0.050 3993.439
f 2953 2954 2955
f 2955 2956 2953
v -3651.399 0.050 3993.374
v -3649.645 0.050 3985.568
v -3662.926 0.050 3982.584
v -3664.680 0.050 3990.390
f 2957 2958 2959
f 2959 2960 2957
v -3667.431 0.050 3988.172
v -3660.175 0.050 3984.802
v -3663.915 0.050 3976.748
v -3671.171 0.050 3980.117
f 2961 2962 2963
f 2963 2964 2961
v -3671.123 0.050 3980.217
v -3663.964 0.050 3976.647
v -3667.092 0.050 3970.375
v -3674.251 0.050 3973.945
f 2965 2966 2967
f 2967 2968 2965
v -3671.658 0.050 3976.036
v -3669.684 0.050 3968.284
v -3678.501 0.050 3966.039
v -3680.475 0.050 3973.792
f 2969 2970 2971
f 2971 2972 2969
v -3678.768 0.050 3973.850
v -3680.207 0.050 3965.981
v -3689.158 0.050 3967.618
v -3687.718 0.050 3975.487
f 2973 2974 2975
f 2975 2976 2973
v -3688.903 0.050 3975.526
v -3687.973 0.050 3967.580
v -3693.049 0.050 3966.986
v -3693.979 0.050 3974.931
f 2977 2978 2979
f 2979 2980 2977
v -3695.646 0.050 3974.343
v -3691.382 0.050 3967.574
v -3695.868 0.050 3964.748
v -3700.132 0.050 3971.517
f 2981 2982 2983
f 2983 2984 2981
v -3701.570 0.050 3969.937
v -3694.430 0.050 3966.328
v -3704.048 0.050 3947.301
v -3711.188 0.050 3950.910
f 2985 2986 2987
f 2987 2988 2985
v -3572.067 0.050 3893.408
v -3580.010 0.050 3894.360
v -3575.591 0.050 3931.214
v -3567.648 0.050 3930.261
f 2989 2990 2991
f 2991 2992 2989
v -3567.620 0.050 3930.658
v -3575.618 0.050 3930.818
v -3574.572 0.050 3983.134
v -3566.573 0.050 3982.974
f 2993 2994 2995
f 2995 2996 2993
v -3566.578 0.050 3982.857
v -3574.568 0.050 3983.250
v -3574.200 0.050 3990.711
v -3566.210 0.050 3990.318
f 2997 2998 2999
f 2999 3000 2997
v -3566.215 0.050 3990.230
v -3574.195 0.050 3990.799
v -3572.703 0.050 4011.702
v -3564.724 0.050 4011.132
f 3001 3002 3003
f 3003 3004 3001
v -3564.848 0.050 4010.388
v -3572.579 0.050 4012.445
v -3565.110 0.050 4040.518
v -3557.379 0.050 4038.461
f 3005 3006 3007
f 3007 3008 3005
v -3557.954 0.050 4037.215
v -3564.534 0.050 4041.764
v -3556.575 0.050 4053.278
v -3549.994 0.050 4048.729
f 3009 3010 3011
f 3011 3012 3009
v -3550.066 0.050 4053.379
v -3556.503 0.050 4048.628
v -3559.242 0.050 4052.339
v -3552.805 0.050 4057.089
f 3013 3014 3015
f 3015 3016 3013
v -3553.157 0.050 4057.504
v -3558.890 0.050 4051.924
v -3562.385 0.050 4055.516
v -3556.652 0.050 4061.095
f 3017 3018 3019
f 3019 3020 3017
v -3557.389 0.050 4061.691
v -3561.648 0.050 4054.919
v -3569.941 0.050 4060.135
v -3565.682 0.050 4066.907
f 3021 3022 3023
f 3023 3024 3021
v -3565.647 0.050 4066.885
v -3569.977 0.050 4060.157
v -3581.365 0.050 4067.486
v -3577.035 0.050 4074.213
f 3025 3026 3027
f 3027 3028 3025
v -3515.221 0.050 3866.713
v -3523.042 0.050 3868.396
v -3514.582 0.050 3907.706
v -3506.761 0.050 3906.022
f 3029 3030 3031
f 3031 3032 3029
v -3506.742 0.050 3906.117
v -3514.601 0.050 3907.611
v -3507.455 0.050 3945.191
v -3499.595 0.050 3943.697
f 3033 3034 3035
f 3035 3036 3033
v -3499.547 0.050 3944.025
v -3507.503 0.050 3944.863
v -3504.019 0.050 3977.953
v -3496.063 0.050 3977.115
f 3037 3038 3039
f 3039 3040 3037
v -3496.088 0.050 3978.147
v -3503.993 0.050 3976.922
v -3506.977 0.050 3996.174
v -3499.071 0.050 3997.399
f 3041 3042 3043
f 3043 3044 3041
v -3499.024 0.050 3996.807
v -3507.024 0.050 3996.766
v -3507.169 0.050 4024.984
v -3499.169 0.050 4025.025
f 3045 3046 3047
f 3047 3048 3045
v -3870.542 0.050 4029.560
v -3878.497 0.050 4028.714
v -3879.532 0.050 4038.446
v -3871.577 0.050 4039.292
f 3049 3050 3051
f 3051 3052 3049
v -3871.564 0.050 4038.593
v -3879.545 0.050 4039.145
v -3878.744 0.050 4050.738
v -3870.763 0.050 4050.186
f 3053 3054 3055
f 3055 3056 3053
v -3871.132 0.050 4048.763
v -3878.374 0.050 4052.161
v -3870.983 0.050 4067.914
v -3863.740 0.050 4064.516
f 3057 3058 3059
f 3059 3060 3057
v -3864.612 0.050 4063.310
v -3870.111 0.050 4069.120
v -3858.990 0.050 4079.644
v -3853.491 0.050 4073.833
f 3061 3062 3063
f 3063 3064 3061
v -3852.255 0.050 4076.398
v -3860.226 0.050 4077.079
v -3856.842 0.050 4116.718
v -3848.871 0.050 4116.038
f 3065 3066 3067
f 3067 3068 3065
v -4387.202 0.050 4178.947
v -4394.035 0.050 4174.786
v -4406.659 0.050 4195.517
v -4399.826 0.050 4199.677
f 3069 3070 3071
f 3071 3072 3069
v -4399.243 0.050 4197.656
v -4407.242 0.050 4197.538
v -4407.698 0.050 4228.581
v -4399.699 0.050 4228.699
f 3073 3074 3075
f 3075 3076 3073
v -4399.716 0.050 4228.270
v -4407.682 0.050 4229.010
v -4405.433 0.050 4253.200
v -4397.467 0.050 4252.460
f 3077 3078 3079
f 3079 3080 3077
v -4220.343 0.050 4172.632
v -4212.353 0.050 4172.228
v -4212.676 0.050 4165.837
v -4220.666 0.050 4166.241
f 3081 3082 3083
f 3083 3084 3081
v -4220.666 0.050 4166.242
v -4212.676 0.050 4165.836
v -4213.055 0.050 4158.402
v -4221.044 0.050 4158.808
f 3085 3086 3087
f 3087 3088 3085
v -4221.044 0.050 4158.807
v -4213.055 0.050 4158.403
v -4215.815 0.050 4103.725
v -4223.805 0.050 4104.128
f 3089 3090 3091
f 3091 3092 3089
v -4522.957 -94.880 3174.047
v -4529.233 -95.668 3179.008
v -4514.472 -94.644 3197.680
v -4508.196 -93.964 3192.719
f 3093 3094 3095
f 3095 3096 3093
v -4508.654 -93.989 3192.230
v -4514.014 -94.618 3198.169
v -4508.336 -94.296 3203.293
v -4502.976 -93.664 3197.354
f 3097 3098 3099
f 3099 3100 3097
v -4503.792 -93.714 3196.784
v -4507.521 -94.248 3203.862
v -4501.031 -93.884 3207.282
v -4497.302 -93.290 3200.205
f 3101 3102 3103
f 3103 3104 3101
v -4498.137 -93.347 3199.878
v -4500.195 -93.836 3207.609
v -4493.995 -93.454 3209.259
v -4491.937 -92.899 3201.529
f 3105 3106 3107
f 3107 3108 3105
v -4492.315 -92.926 3201.447
v -4493.617 -93.430 3209.341
v -4416.238 -91.091 3222.097
v -4414.937 -90.418 3214.204
f 3109 3110 3111
f 3111 3112 3109
v -4414.228 -90.421 3214.389
v -4416.948 -91.089 3221.912
v -4409.679 -91.169 3224.540
v -4406.959 -90.513 3217.016
f 3113 3114 3115
f 3115 3116 3113
v -4406.839 -90.515 3217.062
v -4409.798 -91.168 3224.494
v -4401.638 -91.269 3227.743
v -4398.679 -90.630 3220.310
f 3117 3118 3119
f 3119 3120 3117
v -4398.139 -90.641 3220.574
v -4402.179 -91.259 3227.479
v -4362.070 -92.452 3250.945
v -4358.031 -91.996 3244.040
f 3121 3122 3123
f 3123 3124 3121
v -4358.250 -91.993 3243.921
v -4361.851 -92.454 3251.064
v -4336.370 -92.251 3263.913
v -4332.768 -91.975 3256.769
f 3125 3126 3127
f 3127 3128 3125
v -4332.415 -91.969 3256.971
v -4336.724 -92.260 3263.711
v -4304.430 -90.651 3284.351
v -4300.122 -90.524 3277.610
f 3129 3130 3131
f 3131 3132 3129
v -4300.136 -90.525 3277.601
v -4304.415 -90.650 3284.361
v -4290.834 -89.429 3292.957
v -4286.555 -89.376 3286.198
f 3133 3134 3135
f 3135 3136 3133
v -4286.879 -89.406 3286.013
v -4290.511 -89.397 3293.141
v -4274.781 -87.748 3301.157
v -4271.149 -87.848 3294.029
f 3137 3138 3139
f 3139 3140 3137
v -4271.449 -87.877 3293.891
v -4274.481 -87.715 3301.294
v -4258.975 -86.175 3307.646
v -4255.942 -86.390 3300.243
f 3141 3142 3143
f 3143 3144 3141
v -4256.392 -86.433 3300.089
v -4258.525 -86.130 3307.800
v -4246.068 -84.907 3311.246
v -4243.935 -85.275 3303.536
f 3145 3146 3147
f 3147 3148 3145
v -4244.883 -85.357 3303.393
v -4245.121 -84.820 3311.389
v -4225.584 -83.383 3311.970
v -4225.346 -84.009 3303.974
f 3149 3150 3151
f 3151 3152 3149
v -4225.517 -84.018 3303.972
v -4225.413 -83.374 3311.972
v -4200.088 -82.096 3311.642
v -4200.192 -82.771 3303.642
f 3153 3154 3155
f 3155 3156 3153
v -4199.172 -82.710 3303.761
v -4201.108 -82.158 3311.523
v -4190.733 -81.416 3314.111
v -4188.797 -82.037 3306.349
f 3157 3158 3159
f 3159 3160 3157
v -4187.958 -81.994 3306.662
v -4191.572 -81.473 3313.799
v -4178.481 -80.713 3320.428
v -4174.867 -81.218 3313.291
f 3161 3162 3163
f 3163 3164 3161
v -4175.238 -81.237 3313.126
v -4178.110 -80.695 3320.593
v -4151.405 -79.750 3330.866
v -4148.532 -80.155 3323.400
f 3165 3166 3167
f 3167 3168 3165
v -4149.146 -80.154 3323.218
v -4150.791 -79.737 3331.047
v -4138.913 -79.930 3333.543
v -4137.268 -80.264 3325.714
f 3169 3170 3171
f 3171 3172 3169
v -4138.319 -80.244 3325.635
v -4137.862 -79.957 3333.622
v -4124.259 -80.359 3332.843
v -4124.716 -80.588 3324.856
f 3173 3174 3175
f 3175 3176 3173
v -4125.322 -80.571 3324.937
v -4123.653 -80.377 3332.762
v -4025.748 -82.949 3311.884
v -4027.416 -82.453 3304.060
f 3177 3178 3179
f 3179 3180 3177
v -4026.847 -82.454 3303.981
v -4026.317 -82.946 3311.963
v -4018.959 -82.901 3311.475
v -4019.489 -82.383 3303.492
f 3181 3182 3183
f 3183 3184 3181
v -4018.713 -82.379 3303.516
v -4019.734 -82.902 3311.451
v -4012.142 -82.943 3312.428
v -4011.121 -82.388 3304.493
f 3185 3186 3187
f 3187 3188 3185
v -4386.772 -96.662 2830.442
v -4391.927 -97.507 2836.560
v -4381.129 -97.298 2845.659
v -4375.974 -96.568 2839.541
f 3189 3190 3191
f 3191 3192 3189
v -4375.495 -96.563 2840.020
v -4381.608 -97.309 2845.180
v -4373.905 -97.166 2854.305
v -4367.792 -96.408 2849.145
f 3193 3194 3195
f 3195 3196 3193
v -4367.734 -96.407 2849.215
v -4373.963 -97.168 2854.235
v -4366.215 -96.943 2863.849
v -4359.986 -96.167 2858.829
f 3197 3198 3199
f 3199 3200 3197
v -4359.551 -96.155 2859.494
v -4366.650 -96.952 2863.183
v -4363.500 -96.926 2869.245
v -4356.401 -96.106 2865.555
f 3201 3202 3203
f 3203 3204 3201
v -4356.700 -96.115 2865.069
v -4363.201 -96.918 2869.731
v -4360.541 -96.754 2873.442
v -4354.039 -95.942 2868.780
f 3205 3206 3207
f 3207 3208 3205
v -4353.355 -95.913 2870.391
v -4361.224 -96.786 2871.831
v -4360.067 -96.810 2878.157
v -4352.197 -95.884 2876.716
f 3209 3210 3211
f 3211 3212 3209
v -4352.178 -95.905 2878.041
v -4360.086 -96.783 2876.832
v -4360.977 -96.999 2882.655
v -4353.069 -96.127 2883.865
f 3213 3214 3215
f 3215 3216 3213
v -4353.229 -96.160 2884.529
v -4360.816 -96.969 2881.991
v -4362.853 -97.312 2888.079
v -4355.266 -96.547 2890.617
f 3217 3218 3219
f 3219 3220 3217
v -4355.396 -96.571 2890.952
v -4362.724 -97.291 2887.744
v -4365.407 -97.713 2893.871
v -4358.078 -97.007 2897.080
f 3221 3222 3223
f 3223 3224 3221
v -4358.753 -97.101 2898.133
v -4364.732 -97.617 2892.817
v -4370.943 -98.450 2899.803
v -4364.965 -97.824 2905.119
f 3225 3226 3227
f 3227 3228 3225
v -4364.984 -97.826 2905.140
v -4370.924 -98.448 2899.782
v -4381.644 -99.618 2911.667
v -4375.704 -98.970 2917.025
f 3229 3230 3231
f 3231 3232 3229
v -4375.593 -98.958 2916.897
v -4381.756 -99.629 2911.796
v -4395.671 -101.105 2928.606
v -4389.508 -100.348 2933.707
f 3233 3234 3235
f 3235 3236 3233
v -4389.270 -100.334 2933.388
v -4395.909 -101.131 2928.925
v -4402.833 -101.272 2939.226
v -4396.194 -100.679 2943.689
f 3237 3238 3239
f 3239 3240 3237
v -4396.087 -100.674 2943.521
v -4402.940 -101.271 2939.393
v -4409.018 -101.182 2949.482
v -4402.165 -100.669 2953.610
f 3241 3242 3243
f 3243 3244 3241
v -4401.967 -100.674 2953.239
v -4409.215 -101.177 2949.854
v -4417.431 -100.675 2967.443
v -4410.182 -100.080 2970.829
f 3245 3246 3247
f 3247 3248 3245
v -4410.378 -100.063 2971.196
v -4417.236 -100.693 2967.076
v -4429.214 -99.733 2987.017
v -4422.356 -99.123 2991.136
f 3249 3250 3251
f 3251 3252 3249
v -4422.967 -99.090 2991.915
v -4428.603 -99.766 2986.238
v -4435.972 -99.481 2993.554
v -4430.336 -98.683 2999.231
f 3253 3254 3255
f 3255 3256 3253
v -4430.347 -98.682 2999.242
v -4435.961 -99.481 2993.542
v -4443.375 -98.920 3000.845
v -4437.761 -98.244 3006.545
f 3257 3258 3259
f 3259 3260 3257
v -4437.464 -98.266 3006.218
v -4443.672 -98.891 3001.172
v -4454.726 -97.744 3014.774
v -4448.518 -97.140 3019.819
f 3261 3262 3263
f 3263 3264 3261
v -4448.383 -97.155 3019.644
v -4454.860 -97.730 3014.949
v -4464.712 -96.662 3028.537
v -4458.235 -96.045 3033.233
f 3265 3266 3267
f 3267 3268 3265
v -4458.248 -96.044 3033.250
v -4464.700 -96.663 3028.520
v -4475.397 -95.620 3043.112
v -4468.946 -94.981 3047.842
f 3269 3270 3271
f 3271 3272 3269
v -4469.109 -94.967 3048.051
v -4475.234 -95.634 3042.903
v -4505.067 -94.672 3078.400
v -4498.943 -93.950 3083.547
f 3273 3274 3275
f 3275 3276 3273
v -4498.942 -93.950 3083.546
v -4505.068 -94.672 3078.401
v -4522.668 -95.326 3099.358
v -4516.542 -94.643 3104.503
f 3277 3278 3279
f 3279 3280 3277
v -4516.696 -94.651 3104.676
v -4522.514 -95.315 3099.185
v -4526.477 -95.608 3103.384
v -4520.659 -94.892 3108.875
f 3281 3282 3283
f 3283 3284 3281
v -4519.959 -94.855 3107.855
v -4527.176 -95.657 3104.404
v -4530.082 -95.839 3110.478
v -4522.865 -94.988 3113.930
f 3285 3286 3287
f 3287 3288 3285
v -4522.698 -94.978 3113.527
v -4530.248 -95.850 3110.881
v -4532.719 -96.040 3117.933
v -4525.170 -95.179 3120.579
f 3289 3290 3291
f 3291 3292 3289
v -4524.959 -95.165 3119.594
v -4532.930 -96.057 3118.917
v -4533.342 -96.072 3123.763
v -4525.371 -95.166 3124.441
f 3293 3294 3295
f 3295 3296 3293
v -4525.357 -95.167 3124.193
v -4533.355 -96.072 3124.011
v -4533.545 -96.042 3132.304
v -4525.547 -95.114 3132.486
f 3297 3298 3299
f 3299 3300 3297
v -4525.558 -95.118 3132.083
v -4533.533 -96.038 3132.707
v -4530.082 -95.727 3176.839
v -4522.107 -94.821 3176.215
f 3301 3302 3303
f 3303 3304 3301
v -3334.411 0.050 4134.980
v -3326.480 0.050 4133.929
v -3328.206 0.050 4120.910
v -3336.136 0.050 4121.961
f 3305 3306 3307
f 3307 3308 3305
v -3336.165 0.050 4121.651
v -3328.177 0.050 4121.219
v -3328.733 0.050 4110.920
v -3336.722 0.050 4111.352
f 3309 3310 3311
f 3311 3312 3309
v -3336.726 0.050 4111.042
v -3328.729 0.050 4111.230
v -3328.550 0.050 4103.664
v -3336.548 0.050 4103.476
f 3313 3314 3315
f 3315 3316 3313
v -3336.310 0.050 4102.207
v -3328.789 0.050 4104.933
v -3325.583 0.050 4096.086
v -3333.104 0.050 4093.360
f 3317 3318 3319
f 3319 3320 3317
v -3332.486 0.050 4092.248
v -3326.201 0.050 4097.198
v -3320.991 0.050 4090.582
v -3327.276 0.050 4085.633
f 3321 3322 3323
f 3323 3324 3321
v -3325.553 0.050 4084.368
v -3322.714 0.050 4091.847
v -3300.561 0.050 4083.436
v -3303.401 0.050 4075.957
f 3325 3326 3327
f 3327 3328 3325
v -3305.977 0.050 4079.881
v -3297.985 0.050 4079.512
v -3298.453 0.050 4069.397
v -3306.444 0.050 4069.767
f 3329 3330 3331
f 3331 3332 3329
v -3306.313 0.050 4068.549
v -3298.584 0.050 4070.615
v -3296.135 0.050 4061.451
v -3303.864 0.050 4059.385
f 3333 3334 3335
f 3335 3336 3333
v -3936.495 0.050 3550.931
v -3939.136 0.050 3543.379
v -4010.592 0.050 3568.376
v -4007.951 0.050 3575.927
f 3337 3338 3339
f 3339 3340 3337
v -3941.599 0.050 3622.545
v -3944.363 0.050 3615.038
v -3973.729 0.050 3625.852
v -3970.965 0.050 3633.360
f 3341 3342 3343
f 3343 3344 3341
v -3971.104 0.050 3633.408
v -3973.590 0.050 3625.804
v -4026.690 0.050 3643.168
v -4024.203 0.050 3650.772
f 3345 3346 3347
f 3347 3348 3345
v -4024.201 0.050 3650.771
v -4026.692 0.050 3643.169
v -4035.720 0.050 3646.127
v -4033.229 0.050 3653.729
f 3349 3350 3351
f 3351 3352 3349
v -3874.006 0.050 3670.196
v -3868.042 0.050 3664.864
v -3873.719 0.050 3658.513
v -3879.684 0.050 3663.844
f 3353 3354 3355
f 3355 3356 3353
v -3876.701 0.050 3665.179
v -3876.701 0.050 3657.179
v -3886.252 0.050 3657.179
v -3886.252 0.050 3665.179
f 3357 3358 3359
f 3359 3360 3357
v -3884.948 0.050 3664.960
v -3887.557 0.050 3657.397
v -3920.508 0.050 3668.767
v -3917.898 0.050 3676.329
f 3361 3362 3363
f 3363 3364 3361
v -3917.875 0.050 3676.321
v -3920.531 0.050 3668.775
v -4005.880 0.050 3698.816
v -4003.224 0.050 3706.362
f 3365 3366 3367
f 3367 3368 3365
v -3520.992 0.050 3571.152
v -3524.151 0.050 3563.802
v -3677.071 0.050 3629.523
v -3673.912 0.050 3636.873
f 3369 3370 3371
f 3371 3372 3369
v -3673.873 0.050 3636.856
v -3677.110 0.050 3629.540
v -3736.232 0.050 3655.698
v -3732.995 0.050 3663.014
f 3373 3374 3375
f 3375 3376 3373
v -3733.102 0.050 3663.060
v -3736.124 0.050 3655.653
v -3792.396 0.050 3678.616
v -3789.374 0.050 3686.023
f 3377 3378 3379
f 3379 3380 3377
v -3789.263 0.050 3685.976
v -3792.507 0.050 3678.663
v -3851.796 0.050 3704.967
v -3848.552 0.050 3712.280
f 3381 3382 3383
f 3383 3384 3381
v -3848.897 0.050 3712.414
v -3851.451 0.050 3704.833
v -3985.413 0.050 3749.966
v -3982.859 0.050 3757.548
f 3385 3386 3387
f 3387 3388 3385
v -4173.544 0.050 3628.873
v -4181.073 0.050 3631.580
v -4159.632 0.050 3691.213
v -4152.104 0.050 3688.506
f 3389 3390 3391
f 3391 3392 3389
v -4356.025 0.050 4024.743
v -4348.380 0.050 4022.387
v -4368.362 0.050 3957.540
v -4376.007 0.050 3959.896
f 3393 3394 3395
f 3395 3396 3393
v -4375.992 0.050 3959.944
v -4368.377 0.050 3957.492
v -4378.273 0.050 3926.765
v -4385.888 0.050 3929.217
f 3397 3398 3399
f 3399 3400 3397
v -4386.012 0.050 3927.255
v -4378.149 0.050 3928.728
v -4376.056 0.050 3917.557
v -4383.919 0.050 3916.084
f 3401 3402 3403
f 3403 3404 3401
v -4383.079 0.050 3914.282
v -4376.896 0.050 3919.358
v -4366.566 0.050 3906.774
v -4372.749 0.050 3901.698
f 3405 3406 3407
f 3407 3408 3405
v -4373.335 0.050 3902.664
v -4365.980 0.050 3905.809
v -4363.252 0.050 3899.431
v -4370.608 0.050 3896.286
f 3409 3410 3411
f 3411 3412 3409
v -4370.930 0.050 3897.903
v -4362.930 0.050 3897.815
v -4362.964 0.050 3894.778
v -4370.963 0.050 3894.866
f 3413 3414 3415
f 3415 3416 3413
v -4370.586 0.050 3896.518
v -4363.341 0.050 3893.126
v -4366.413 0.050 3886.563
v -4373.659 0.050 3889.955
f 3417 3418 3419
f 3419 3420 3417
v -4370.973 0.050 3892.148
v -4369.099 0.050 3884.370
v -4383.348 0.050 3880.937
v -4385.222 0.050 3888.714
f 3421 3422 3423
f 3423 3424 3421
v -4386.798 0.050 3887.938
v -4381.772 0.050 3881.714
v -4393.416 0.050 3872.312
v -4398.442 0.050 3878.536
f 3425 3426 3427
f 3427 3428 3425
v -4399.910 0.050 3875.807
v -4391.947 0.050 3875.041
v -4393.673 0.050 3857.096
v -4401.636 0.050 3857.862
f 3429 3430 3431
f 3431 3432 3429
v -4401.441 0.050 3856.191
v -4393.867 0.050 3858.768
v -4390.394 0.050 3848.561
v -4397.968 0.050 3845.983
f 3433 3434 3435
f 3435 3436 3433
v -4397.359 0.050 3844.843
v -4391.003 0.050 3849.701
v -4385.582 0.050 3842.611
v -4391.937 0.050 3837.752
f 3437 3438 3439
f 3439 3440 3437
v -4209.107 0.050 3897.715
v -4211.879 0.050 3890.211
v -4340.698 0.050 3937.800
v -4337.926 0.050 3945.304
f 3441 3442 3443
f 3443 3444 3441
v -4337.883 0.050 3945.288
v -4340.741 0.050 3937.816
v -4353.409 0.050 3942.662
v -4350.551 0.050 3950.134
f 3445 3446 3447
f 3447 3448 3445
v -4349.897 0.050 3949.813
v -4354.062 0.050 3942.983
v -4374.267 0.050 3955.303
v -4370.102 0.050 3962.133
f 3449 3450 3451
f 3451 3452 3449
v -4051.725 0.050 3720.797
v -4059.725 0.050 3720.826
v -4059.525 0.050 3775.480
v -4051.525 0.050 3775.451
f 3453 3454 3455
f 3455 3456 3453
v -4025.603 0.050 4138.219
v -4032.726 0.050 4141.861
v -4028.796 0.050 4149.546
v -4021.673 0.050 4145.904
f 3457 3458 3459
f 3459 3460 3457
v -4023.093 0.050 4144.347
v -4027.377 0.050 4151.103
v -4017.236 0.050 4157.533
v -4012.952 0.050 4150.777
f 3461 3462 3463
f 3463 3464 3461
v -4012.950 0.050 4150.778
v -4017.237 0.050 4157.533
v -4012.305 0.050 4160.662
v -4008.019 0.050 4153.907
f 3465 3466 3467
f 3467 3468 3465
v -4006.690 0.050 4155.299
v -4013.634 0.050 4159.271
v -4010.651 0.050 4164.486
v -4003.707 0.050 4160.514
f 3469 3470 3471
f 3471 3472 3469
v -4003.207 0.050 4162.028
v -4011.151 0.050 4162.973
v -4010.405 0.050 4169.245
v -4002.461 0.050 4168.300
f 3473 3474 3475
f 3475 3476 3473
v -4002.434 0.050 4168.869
v -4010.432 0.050 4168.676
v -4011.022 0.050 4193.157
v -4003.024 0.050 4193.349
f 3477 3478 3479
f 3479 3480 3477
v -4003.355 0.050 4191.657
v -4010.691 0.050 4194.849
v -4005.169 0.050 4207.538
v -3997.834 0.050 4204.346
f 3481 3482 3483
f 3483 3484 3481
v -3999.745 0.050 4202.348
v -4003.258 0.050 4209.536
v -3990.724 0.050 4215.663
v -3987.210 0.050 4208.475
f 3485 3486 3487
f 3487 3488 3485
v -3988.101 0.050 4208.164
v -3989.833 0.050 4215.974
v -3970.074 0.050 4220.358
v -3968.341 0.050 4212.548
f 3489 3490 3491
f 3491 3492 3489
v -3967.158 0.050 4213.018
v -3971.257 0.050 4219.888
v -3967.561 0.050 4222.093
v -3963.462 0.050 4215.223
f 3493 3494 3495
f 3495 3496 3493
v -3961.655 0.050 4217.598
v -3969.369 0.050 4219.718
v -3968.211 0.050 4223.930
v -3960.497 0.050 4221.810
f 3497 3498 3499
f 3499 3500 3497
v -3960.417 0.050 4223.575
v -3968.292 0.050 4222.165
v -3978.500 0.050 4279.154
v -3970.625 0.050 4280.564
f 3501 3502 3503
f 3503 3504 3501
v -4058.003 0.050 4039.726
v -4057.878 0.050 4031.727
v -4094.447 0.050 4031.159
v -4094.571 0.050 4039.158
f 3505 3506 3507
f 3507 3508 3505
v -4095.339 0.050 4039.071
v -4093.679 0.050 4031.245
v -4133.097 0.050 4022.887
v -4134.757 0.050 4030.713
f 3509 3510 3511
f 3511 3512 3509
v -4134.837 0.050 4030.695
v -4133.018 0.050 4022.905
v -4185.282 0.050 4010.704
v -4187.101 0.050 4018.494
f 3513 3514 3515
f 3515 3516 3513
v -4186.461 0.050 4018.590
v -4185.922 0.050 4010.608
v -4201.963 0.050 4009.525
v -4202.502 0.050 4017.507
f 3517 3518 3519
f 3519 3520 3517
v -4202.991 0.050 4017.444
v -4201.475 0.050 4009.589
v -4213.041 0.050 4007.357
v -4214.557 0.050 4015.212
f 3521 3522 3523
f 3523 3524 3521
v -4216.820 0.050 4013.907
v -4210.778 0.050 4008.663
v -4221.676 0.050 3996.106
v -4227.718 0.050 4001.349
f 3525 3526 3527
f 3527 3528 3525
v -4228.206 0.050 4000.649
v -4221.189 0.050 3996.806
v -4227.111 0.050 3985.992
v -4234.128 0.050 3989.834
f 3529 3530 3531
f 3531 3532 3529
v -4234.541 0.050 3988.700
v -4226.698 0.050 3987.126
v -4229.581 0.050 3972.760
v -4237.424 0.050 3974.334
f 3533 3534 3535
f 3535 3536 3533
v -4237.468 0.050 3973.019
v -4229.537 0.050 3974.074
v -4227.756 0.050 3960.685
v -4235.686 0.050 3959.630
f 3537 3538 3539
f 3539 3540 3537
v -4235.582 0.050 3959.112
v -4227.860 0.050 3961.203
v -4220.101 0.050 3932.549
v -4227.823 0.050 3930.458
f 3541 3542 3543
f 3543 3544 3541
v -4227.727 0.050 3930.153
v -4220.197 0.050 3932.855
v -4206.728 0.050 3895.314
v -4214.258 0.050 3892.612
f 3545 3546 3547
f 3547 3548 3545
v -4214.316 0.050 3892.789
v -4206.669 0.050 3895.138
v -4201.704 0.050 3878.975
v -4209.352 0.050 3876.626
f 3549 3550 3551
f 3551 3552 3549
v -4209.352 0.050 3876.627
v -4201.704 0.050 3878.975
v -4187.132 0.050 3831.504
v -4194.780 0.050 3829.157
f 3553 3554 3555
f 3555 3556 3553
v -4194.801 0.050 3829.227
v -4187.111 0.050 3831.434
v -4184.974 0.050 3823.987
v -4192.664 0.050 3821.780
f 3557 3558 3559
f 3559 3560 3557
v -4192.818 0.050 3822.977
v -4184.820 0.050 3822.790
v -4184.942 0.050 3817.548
v -4192.940 0.050 3817.734
f 3561 3562 3563
f 3563 3564 3561
v -4192.896 0.050 3818.242
v -4184.987 0.050 3817.040
v -4185.721 0.050 3812.207
v -4193.631 0.050 3813.409
f 3565 3566 3567
f 3567 3568 3565
v -4193.452 0.050 3814.128
v -4185.900 0.050 3811.488
v -4200.093 0.050 3770.884
v -4207.645 0.050 3773.524
f 3569 3570 3571
f 3571 3572 3569
v -4207.653 0.050 3773.502
v -4200.086 0.050 3770.905
v -4218.275 0.050 3717.902
v -4225.842 0.050 3720.499
f 3573 3574 3575
f 3575 3576 3573
v -4225.978 0.050 3720.001
v -4218.140 0.050 3718.400
v -4219.275 0.050 3712.841
v -4227.113 0.050 3714.442
f 3577 3578 3579
f 3579 3580 3577
v -4227.147 0.050 3714.253
v -4219.241 0.050 3713.029
v -4220.210 0.050 3706.770
v -4228.116 0.050 3707.994
f 3581 3582 3583
f 3583 3584 3581
v -4228.140 0.050 3707.812
v -4220.186 0.050 3706.953
v -4221.622 0.050 3693.655
v -4229.576 0.050 3694.514
f 3585 3586 3587
f 3587 3588 3585
v -4229.585 0.050 3694.422
v -4221.613 0.050 3693.748
v -4225.331 0.050 3649.815
v -4233.303 0.050 3650.490
f 3589 3590 3591
f 3591 3592 3589
v -4233.307 0.050 3649.876
v -4225.326 0.050 3650.429
v -4223.412 0.050 3622.765
v -4231.393 0.050 3622.212
f 3593 3594 3595
f 3595 3596 3593
v -4231.373 0.050 3622.971
v -4223.431 0.050 3622.006
v -4224.166 0.050 3615.958
v -4232.108 0.050 3616.923
f 3597 3598 3599
f 3599 3600 3597
v -4232.054 0.050 3617.249
v -4224.219 0.050 3615.633
v -4225.121 0.050 3611.262
v -4232.956 0.050 3612.878
f 3601 3602 3603
f 3603 3604 3601
v -4232.932 0.050 3612.985
v -4225.145 0.050 3611.155
v -4227.082 0.050 3602.915
v -4234.869 0.050 3604.746
f 3605 3606 3607
f 3607 3608 3605
v -4234.822 0.050 3604.926
v -4227.129 0.050 3602.734
v -4229.032 0.050 3596.053
v -4236.726 0.050 3598.244
f 3609 3610 3611
f 3611 3612 3609
v -4236.344 0.050 3599.147
v -4229.414 0.050 3595.150
v -4234.290 0.050 3586.698
v -4241.220 0.050 3590.696
f 3613 3614 3615
f 3615 3616 3613
v -4241.276 0.050 3590.595
v -4234.234 0.050 3586.800
v -4255.841 0.050 3546.710
v -4262.883 0.050 3550.505
f 3617 3618 3619
f 3619 3620 3617
v -4263.053 0.050 3550.149
v -4255.671 0.050 3547.066
v -4259.968 -91.910 3536.779
v -4267.350 -92.162 3539.863
f 3621 3622 3623
f 3623 3624 3621
v -4267.533 -92.129 3539.316
v -4259.785 -91.946 3537.326
v -4260.219 -91.835 3535.635
v -4267.967 -92.028 3537.626
f 3625 3626 3627
f 3627 3628 3625
v -4268.090 -91.978 3536.793
v -4260.096 -91.890 3536.468
v -4260.185 -91.742 3534.276
v -4268.179 -91.845 3534.601
f 3629 3630 3631
f 3631 3632 3629
v -4268.016 -91.764 3533.299
v -4260.348 -91.832 3535.578
v -4258.778 -91.453 3530.296
v -4266.447 -91.416 3528.017
f 3633 3634 3635
f 3635 3636 3633
v -4188.725 0.050 4017.694
v -4183.658 0.050 4011.504
v -4195.113 0.050 4002.129
v -4200.180 0.050 4008.319
f 3637 3638 3639
f 3639 3640 3637
v -4200.052 0.050 4008.420
v -4195.241 0.050 4002.028
v -4208.922 0.050 3991.729
v -4213.733 0.050 3998.120
f 3641 3642 3643
f 3643 3644 3641
v -4214.571 0.050 3997.266
v -4208.085 0.050 3992.583
v -4214.530 0.050 3983.657
v -4221.016 0.050 3988.340
f 3645 3646 3647
f 3647 3648 3645
v -4221.524 0.050 3987.389
v -4214.022 0.050 3984.608
v -4218.687 0.050 3972.024
v -4226.188 0.050 3974.805
f 3649 3650 3651
f 3651 3652 3649
v -4226.437 0.050 3973.408
v -4218.437 0.050 3973.421
v -4218.415 0.050 3959.939
v -4226.415 0.050 3959.926
f 3653 3654 3655
f 3655 3656 3653
v -4226.158 0.050 3958.523
v -4218.672 0.050 3961.343
v -4209.588 0.050 3937.232
v -4217.075 0.050 3934.411
f 3657 3658 3659
f 3659 3660 3657
v -4217.005 0.050 3934.239
v -4209.658 0.050 3937.404
v -4189.375 0.050 3890.317
v -4196.723 0.050 3887.152
f 3661 3662 3663
f 3663 3664 3661
v -4196.923 0.050 3887.740
v -4189.175 0.050 3889.729
v -4175.126 0.050 3835.009
v -4182.875 0.050 3833.020
f 3665 3666 3667
f 3667 3668 3665
v -4182.865 0.050 3832.984
v -4175.135 0.050 3835.045
v -4170.738 0.050 3818.553
v -4178.468 0.050 3816.492
f 3669 3670 3671
f 3671 3672 3669
v -4178.386 0.050 3818.823
v -4170.821 0.050 3816.222
v -4187.830 0.050 3766.744
v -4195.396 0.050 3769.345
f 3673 3674 3675
f 3675 3676 3673
v -4195.347 0.050 3769.478
v -4187.879 0.050 3766.610
v -4203.786 0.050 3725.187
v -4211.255 0.050 3728.055
f 3677 3678 3679
f 3679 3680 3677
v -4211.401 0.050 3727.592
v -4203.640 0.050 3725.651
v -4207.815 0.050 3708.960
v -4215.575 0.050 3710.901
f 3681 3682 3683
f 3683 3684 3681
v -4215.665 0.050 3710.421
v -4207.725 0.050 3709.440
v -4211.432 0.050 3679.465
v -4219.372 0.050 3680.447
f 3685 3686 3687
f 3687 3688 3685
v -4219.400 0.050 3680.082
v -4211.404 0.050 3679.829
v -4212.495 0.050 3645.312
v -4220.491 0.050 3645.565
f 3689 3690 3691
f 3691 3692 3689
v -4220.487 0.050 3645.660
v -4212.499 0.050 3645.217
v -4213.891 0.050 3620.128
v -4221.878 0.050 3620.571
f 3693 3694 3695
f 3695 3696 3693
v -4221.866 0.050 3620.731
v -4213.903 0.050 3619.968
v -4214.893 0.050 3609.628
v -4222.857 0.050 3610.392
f 3697 3698 3699
f 3699 3700 3697
v -4222.805 0.050 3610.754
v -4214.945 0.050 3609.266
v -4217.283 0.050 3596.919
v -4225.143 0.050 3598.408
f 3701 3702 3703
f 3703 3704 3701
v -4224.985 0.050 3598.995
v -4217.441 0.050 3596.332
v -4221.983 0.050 3583.470
v -4229.526 0.050 3586.134
f 3705 3706 3707
f 3707 3708 3705
v -4229.101 0.050 3586.994
v -4222.408 0.050 3582.610
v -4233.496 0.050 3565.682
v -4240.188 0.050 3570.065
f 3709 3710 3711
f 3711 3712 3709
v -4240.175 0.050 3570.085
v -4233.509 0.050 3565.661
v -4246.946 0.050 3545.418
v -4253.611 0.050 3549.842
f 3713 3714 3715
f 3715 3716 3713
v -4253.797 0.050 3549.532
v -4246.760 0.050 3545.728
v -4253.127 -91.645 3533.949
v -4260.165 -91.978 3537.754
f 3717 3718 3719
f 3719 3720 3717
v -4260.097 -91.986 3537.874
v -4253.195 -91.637 3533.829
v -4254.820 -91.454 3531.056
v -4261.722 -91.813 3535.101
f 3721 3722 3723
f 3723 3724 3721
v -4261.548 -91.830 3535.372
v -4254.994 -91.436 3530.785
v -4255.974 -91.349 3529.385
v -4262.528 -91.747 3533.972
f 3725 3726 3727
f 3727 3728 3725
v -4261.651 -91.798 3534.878
v -4256.850 -91.298 3528.479
v -4260.212 -91.179 3525.957
v -4265.013 -91.670 3532.356
f 3729 3730 3731
f 3731 3732 3729
v -4430.413 0.050 3662.171
v -4436.274 0.050 3656.726
v -4440.248 0.050 3661.005
v -4434.387 0.050 3666.449
f 3733 3734 3735
f 3735 3736 3733
v -4433.349 0.050 3664.228
v -4441.286 0.050 3663.227
v -4442.132 0.050 3669.935
v -4434.195 0.050 3670.936
f 3737 3738 3739
f 3739 3740 3737
v -4434.418 0.050 3669.031
v -4441.909 0.050 3671.839
v -4424.164 0.050 3719.165
v -4416.674 0.050 3716.357
f 3741 3742 3743
f 3743 3744 3741
v -4416.661 0.050 3716.390
v -4424.177 0.050 3719.132
v -4406.377 0.050 3767.936
v -4398.861 0.050 3765.195
f 3745 3746 3747
f 3747 3748 3745
v -3974.847 0.050 3943.187
v -3970.537 0.050 3949.927
v -3964.114 0.050 3945.820
v -3968.424 0.050 3939.080
f 3749 3750 3751
f 3751 3752 3749
v -3967.512 0.050 3938.648
v -3965.026 0.050 3946.252
v -3891.299 0.050 3922.154
v -3893.785 0.050 3914.550
f 3753 3754 3755
f 3755 3756 3753
v -3893.784 0.050 3914.550
v -3891.300 0.050 3922.154
v -3859.774 0.050 3911.855
v -3862.259 0.050 3904.250
f 3757 3758 3759
f 3759 3760 3757
v -3862.245 0.050 3904.246
v -3859.788 0.050 3911.859
v -3847.799 0.050 3907.990
v -3850.256 0.050 3900.377
f 3761 3762 3763
f 3763 3764 3761
v -3850.350 0.050 3900.409
v -3847.705 0.050 3907.959
v -3765.729 0.050 3879.239
v -3768.374 0.050 3871.689
f 3765 3766 3767
f 3767 3768 3765
v -4266.610 -91.481 3529.019
v -4258.615 -91.382 3529.294
v -4258.092 -90.313 3514.055
v -4266.087 -90.517 3513.781
f 3769 3770 3771
f 3771 3772 3769
v -4266.057 -90.493 3513.413
v -4258.121 -90.340 3514.423
v -4257.142 -89.757 3506.725
v -4265.078 -89.958 3505.715
f 3773 3774 3775
f 3775 3776 3773
v -4265.021 -89.934 3505.382
v -4257.199 -89.784 3507.058
v -4255.328 -89.049 3498.329
v -4263.151 -89.258 3496.653
f 3777 3778 3779
f 3779 3780 3777
v -4262.913 -89.196 3495.909
v -4255.566 -89.116 3499.073
v -4248.208 -87.389 3481.986
v -4255.555 -87.563 3478.822
f 3781 3782 3783
f 3783 3784 3781
v -4255.602 -87.574 3478.934
v -4248.161 -87.377 3481.874
v -4240.257 -85.273 3461.868
v -4247.698 -85.596 3458.929
f 3785 3786 3787
f 3787 3788 3785
v -4247.683 -85.592 3458.891
v -4240.273 -85.277 3461.906
v -4236.388 -84.184 3452.359
v -4243.798 -84.547 3449.343
f 3789 3790 3791
f 3791 3792 3789
v -4243.778 -84.541 3449.296
v -4236.407 -84.189 3452.406
v -4231.609 -83.008 3441.037
v -4238.980 -83.447 3437.926
f 3793 3794 3795
f 3795 3796 3793
v -4239.082 -83.472 3438.195
v -4231.507 -82.986 3440.768
v -4229.426 -82.484 3434.641
v -4237.000 -82.912 3432.068
f 3797 3798 3799
f 3799 3800 3797
v -4237.213 -83.012 3433.387
v -4229.213 -82.388 3433.323
v -4229.247 -82.123 3429.150
v -4237.246 -82.762 3429.214
f 3801 3802 3803
f 3803 3804 3801
v -4237.226 -82.782 3429.583
v -4229.267 -82.100 3428.780
v -4229.734 -81.830 3424.145
v -4237.694 -82.547 3424.948
f 3805 3806 3807
f 3807 3808 3805
v -4237.632 -82.565 3425.351
v -4229.796 -81.807 3423.743
v -4230.608 -81.600 3419.781
v -4238.445 -82.407 3421.389
f 3809 3810 3811
f 3811 3812 3809
v -4238.249 -82.427 3422.049
v -4230.804 -81.568 3419.121
v -4232.741 -81.519 3414.196
v -4240.186 -82.365 3417.124
f 3813 3814 3815
f 3815 3816 3813
v -4240.065 -82.360 3417.400
v -4232.862 -81.524 3413.920
v -4234.955 -81.619 3409.588
v -4242.158 -82.461 3413.069
f 3817 3818 3819
f 3819 3820 3817
v -4241.993 -82.452 3413.375
v -4235.119 -81.628 3409.282
v -4238.036 -81.800 3404.383
v -4244.910 -82.630 3408.476
f 3821 3822 3823
f 3823 3824 3821
v -4244.154 -82.574 3409.398
v -4238.792 -81.855 3403.461
v -4279.758 -86.259 3366.473
v -4285.119 -86.968 3372.411
f 3825 3826 3827
f 3827 3828 3825
v -4285.057 -86.960 3372.466
v -4279.820 -86.268 3366.418
v -4282.458 -86.644 3364.134
v -4287.695 -87.337 3370.181
f 3829 3830 3831
f 3831 3832 3829
v -4288.330 -87.428 3369.484
v -4281.823 -86.553 3364.831
v -4284.439 -86.933 3361.173
v -4290.946 -87.806 3365.827
f 3833 3834 3835
f 3835 3836 3833
v -4291.266 -87.852 3365.298
v -4284.120 -86.886 3361.702
v -4286.791 -87.294 3356.393
v -4293.937 -88.240 3359.990
f 3837 3838 3839
f 3839 3840 3837
v -4294.145 -88.271 3359.497
v -4286.584 -87.255 3356.885
v -4289.289 -87.778 3349.055
v -4296.850 -88.730 3351.667
f 3841 3842 3843
f 3843 3844 3841
v -4297.005 -88.759 3351.077
v -4289.134 -87.746 3349.644
v -4291.160 -88.217 3338.513
v -4299.031 -89.173 3339.945
f 3845 3846 3847
f 3847 3848 3845
v -4299.047 -89.176 3339.851
v -4291.144 -88.213 3338.606
v -4294.784 -89.142 3315.510
v -4302.687 -89.940 3316.756
f 3849 3850 3851
f 3851 3852 3849
v -4302.716 -89.947 3316.534
v -4294.756 -89.133 3315.732
v -4298.296 -90.340 3280.580
v -4306.256 -90.821 3281.382
f 3853 3854 3855
f 3855 3856 3853
v -4305.293 -90.812 3278.354
v -4299.259 -90.324 3283.607
v -4293.637 -90.162 3277.150
v -4299.671 -90.639 3271.897
f 3857 3858 3859
f 3859 3860 3857
v -3354.795 -82.596 2891.698
v -3354.163 -82.699 2883.723
v -3359.829 -82.920 2883.274
v -3360.461 -82.837 2891.249
f 3861 3862 3863
f 3863 3864 3861
v -3361.037 -82.862 2891.161
v -3359.254 -82.897 2883.362
v -3369.707 -83.385 2880.972
v -3371.490 -83.417 2888.771
f 3865 3866 3867
f 3867 3868 3865
v -3372.117 -83.454 2888.572
v -3369.080 -83.351 2881.171
v -3378.186 -83.837 2877.433
v -3381.223 -83.970 2884.834
f 3869 3870 3871
f 3871 3872 3869
v -3380.880 -83.951 2884.957
v -3378.529 -83.854 2877.311
v -3388.236 -84.331 2874.326
v -3390.587 -84.465 2881.973
f 3873 3874 3875
f 3875 3876 3873
v -3389.638 -84.416 2882.143
v -3389.185 -84.377 2874.156
v -3397.100 -84.753 2873.707
v -3397.553 -84.827 2881.694
f 3877 3878 3879
f 3879 3880 3877
v -3396.504 -84.772 2881.615
v -3398.148 -84.803 2873.786
v -3404.560 -85.123 2875.133
v -3402.916 -85.118 2882.962
f 3881 3882 3883
f 3883 3884 3881
v -3402.327 -85.085 2882.790
v -3405.150 -85.153 2875.305
v -3411.873 -85.447 2877.840
v -3409.050 -85.435 2885.326
f 3885 3886 3887
f 3887 3888 3885
v -3407.776 -85.373 2884.547
v -3413.148 -85.507 2878.619
v -3419.415 -85.845 2884.297
v -3414.043 -85.714 2890.226
f 3889 3890 3891
f 3891 3892 3889
v -3413.645 -85.690 2889.809
v -3419.813 -85.868 2884.714
v -3424.744 -86.189 2890.683
v -3418.577 -86.006 2895.778
f 3893 3894 3895
f 3895 3896 3893
v -3155.724 0.050 4031.978
v -3147.809 0.050 4033.136
v -3134.228 0.050 3940.336
v -3142.143 0.050 3939.177
f 3897 3898 3899
f 3899 3900 3897
v -3119.868 0.050 3794.978
v -3111.998 0.050 3796.412
v -3094.409 0.050 3699.872
v -3102.279 0.050 3698.439
f 3901 3902 3903
f 3903 3904 3901
v -3968.045 0.050 3980.652
v -3963.001 0.050 3974.443
v -3966.886 0.050 3971.287
v -3971.930 0.050 3977.496
f 3905 3906 3907
f 3907 3908 3905
v -3973.324 0.050 3975.207
v -3965.492 0.050 3973.576
v -3970.123 0.050 3951.340
v -3977.955 0.050 3952.971
f 3909 3910 3911
f 3911 3912 3909
v -3977.928 0.050 3951.220
v -3970.150 0.050 3953.091
v -3968.803 0.050 3947.492
v -3976.581 0.050 3945.621
f 3913 3914 3915
f 3915 3916 3913
v -3922.950 0.050 3673.948
v -3915.456 0.050 3671.148
v -3931.920 0.050 3627.096
v -3939.414 0.050 3629.897
f 3917 3918 3919
f 3919 3920 3917
v -3938.862 0.050 3630.904
v -3932.473 0.050 3626.090
v -3939.786 0.050 3616.384
v -3946.175 0.050 3621.199
f 3921 3922 3923
f 3923 3924 3921
v -3919.559 -79.537 2836.697
v -3922.409 -79.103 2829.222
v -4030.400 -84.155 2870.384
v -4027.551 -84.482 2877.859
f 3925 3926 3927
f 3927 3928 3925
v -4027.610 -84.480 2877.882
v -4030.341 -84.157 2870.362
v -4144.343 -78.706 2911.762
v -4141.612 -78.838 2919.281
f 3929 3930 3931
f 3931 3932 3929
v -3961.532 -81.018 2996.657
v -3957.425 -80.225 3003.523
v -3946.761 -80.511 2997.144
v -3950.867 -81.263 2990.279
f 3933 3934 3935
f 3935 3936 3933
v -3950.915 -81.262 2990.308
v -3946.713 -80.512 2997.115
v -3930.905 -80.536 2987.356
v -3935.108 -81.253 2980.549
f 3937 3938 3939
f 3939 3940 3937
v -3915.847 -74.881 3244.050
v -3908.600 -74.591 3240.661
v -3995.919 -76.461 3053.911
v -4003.166 -76.535 3057.300
f 3941 3942 3943
f 3943 3944 3941
v -4003.352 -76.583 3056.826
v -3995.733 -76.412 3054.385
v -4000.776 -78.106 3038.644
v -4008.394 -78.179 3041.085
f 3945 3946 3947
f 3947 3948 3945
v -4008.448 -78.197 3040.902
v -4000.722 -78.087 3038.828
v -4002.470 -78.752 3032.317
v -4010.196 -78.831 3034.391
f 3949 3950 3951
f 3951 3952 3949
v -3190.519 -95.257 2732.412
v -3182.522 -94.956 2732.172
v -3182.678 -95.099 2726.982
v -3190.674 -95.435 2727.222
f 3953 3954 3955
f 3955 3956 3953
v -3190.498 -95.471 2725.921
v -3182.855 -95.072 2728.284
v -3181.508 -95.126 2723.926
v -3189.151 -95.551 2721.563
f 3957 3958 3959
f 3959 3960 3957
v -3188.221 -95.555 2719.981
v -3182.437 -95.127 2725.508
v -3175.725 -94.973 2718.482
v -3181.509 -95.331 2712.956
f 3961 3962 3963
f 3963 3964 3961
v -3181.289 -95.322 2712.743
v -3175.944 -94.979 2718.695
v -3167.796 -94.619 2711.379
v -3173.140 -94.951 2705.427
f 3965 3966 3967
f 3967 3968 3965
v -3172.993 -94.944 2705.301
v -3167.943 -94.626 2711.505
v -3160.707 -94.260 2705.615
v -3165.758 -94.573 2699.411
f 3969 3970 3971
f 3971 3972 3969
v -3166.014 -94.586 2699.638
v -3160.451 -94.247 2705.388
v -3154.117 -93.866 2699.261
v -3159.679 -94.239 2693.511
f 3973 3974 3975
f 3975 3976 3973
v -3160.286 -94.273 2694.258
v -3153.511 -93.827 2698.513
v -3148.502 -93.483 2690.537
v -3155.276 -93.956 2686.282
f 3977 3978 3979
f 3979 3980 3977
v -3155.874 -93.998 2688.065
v -3147.904 -93.439 2688.754
v -3147.459 -93.409 2683.604
v -3155.429 -93.965 2682.914
f 3981 3982 3983
f 3983 3984 3981
v -3154.885 -93.928 2685.298
v -3148.003 -93.448 2681.220
v -3151.587 -93.698 2675.171
v -3158.469 -94.172 2679.250
f 3985 3986 3987
f 3987 3988 3985
v -3418.119 -85.973 2895.090
v -3425.202 -86.223 2891.370
v -3437.436 -86.987 2914.665
v -3430.353 -86.643 2918.385
f 3989 3990 3991
f 3991 3992 3989
v -3430.206 -86.636 2918.072
v -3437.583 -86.994 2914.978
v -3450.730 -86.965 2946.328
v -3443.353 -86.689 2949.422
f 3993 3994 3995
f 3995 3996 3993
v -3709.021 -68.048 2935.142
v -3716.523 -67.912 2937.921
v -3698.612 -71.123 2986.280
v -3691.110 -71.260 2983.501
f 3997 3998 3999
f 3999 4000 3997
v -3691.164 -71.248 2983.363
v -3698.558 -71.134 2986.418
v -3677.952 -75.657 3036.282
v -3670.559 -75.519 3033.227
f 4001 4002 4003
f 4003 4004 4001
v -3670.641 -75.506 3033.042
v -3677.871 -75.672 3036.466
v -3659.058 -77.830 3076.188
v -3651.828 -77.455 3072.764
f 4005 4006 4007
f 4007 4008 4005
v -3651.837 -77.455 3072.744
v -3659.048 -77.830 3076.208
v -3629.793 -77.205 3137.111
v -3622.582 -76.608 3133.647
f 4009 4010 4011
f 4011 4012 4009
v -4107.825 -81.188 2978.918
v -4101.208 -81.450 2983.414
v -4090.154 -81.619 2967.145
v -4096.771 -81.296 2962.649
f 4013 4014 4015
f 4015 4016 4013
v -4096.183 -81.314 2961.964
v -4090.743 -81.599 2967.830
v -4082.683 -81.936 2960.356
v -4088.123 -81.670 2954.490
f 4017 4018 4019
f 4019 4020 4017
v -4087.620 -81.695 2954.093
v -4083.186 -81.912 2960.752
v -4076.028 -82.272 2955.985
v -4080.462 -82.071 2949.326
f 4021 4022 4023
f 4023 4024 4021
v -4079.955 -82.099 2949.039
v -4076.535 -82.246 2956.272
v -4065.782 -82.822 2951.188
v -4069.201 -82.723 2943.955
f 4025 4026 4027
f 4027 4028 4025
v -4068.668 -82.755 2943.748
v -4066.315 -82.797 2951.394
v -4031.383 -84.618 2940.645
v -4033.736 -84.715 2932.999
f 4029 4030 4031
f 4031 4032 4029
v -4033.791 -84.711 2933.016
v -4031.328 -84.621 2940.628
v -3989.372 -85.800 2927.052
v -3991.835 -85.771 2919.441
f 4033 4034 4035
f 4035 4036 4033
v -3991.498 -85.777 2919.348
v -3989.708 -85.794 2927.145
v -3970.150 -85.389 2922.655
v -3971.939 -85.465 2914.858
f 4037 4038 4039
f 4039 4040 4037
v -3971.866 -85.462 2914.842
v -3970.223 -85.392 2922.672
v -3964.557 -85.198 2921.483
v -3966.200 -85.268 2913.653
f 4041 4042 4043
f 4043 4044 4041
v -3965.378 -85.240 2913.568
v -3965.378 -85.226 2921.568
v -3960.603 -85.060 2921.568
v -3960.603 -85.074 2913.568
f 4045 4046 4047
f 4047 4048 4045
v -3959.631 -85.040 2913.688
v -3961.575 -85.094 2921.448
v -3957.990 -84.969 2922.346
v -3956.046 -84.915 2914.586
f 4049 4050 4051
f 4051 4052 4049
v -3954.770 -84.869 2915.158
v -3959.267 -85.014 2921.775
v -3955.983 -84.896 2924.006
v -3951.486 -84.752 2917.390
f 4053 4054 4055
f 4055 4056 4053
v -3950.015 -84.698 2919.227
v -3957.454 -84.950 2922.169
v -3945.688 -83.659 2951.921
v -3938.248 -83.314 2948.979
f 4057 4058 4059
f 4059 4060 4057
v -3939.341 -83.461 2947.434
v -3944.595 -83.557 2953.467
v -3936.056 -82.675 2960.902
v -3930.803 -82.518 2954.868
f 4061 4062 4063
f 4063 4064 4061
v -3930.041 -82.427 2955.759
v -3936.818 -82.766 2960.011
v -3933.545 -82.215 2965.227
v -3926.769 -81.993 2960.975
f 4065 4066 4067
f 4067 4068 4065
v -3926.305 -81.910 2962.022
v -3934.009 -82.320 2964.180
v -3932.795 -81.937 2968.511
v -3925.092 -81.545 2966.353
f 4069 4070 4071
f 4071 4072 4069
v -3925.027 -81.420 2968.248
v -3932.860 -82.071 2966.617
v -3933.761 -81.834 2970.949
v -3925.929 -81.203 2972.579
f 4073 4074 4075
f 4075 4076 4073
v -3925.940 -81.201 2972.630
v -3933.750 -81.837 2970.898
v -3934.930 -81.544 2976.220
v -3927.120 -80.932 2977.952
f 4077 4078 4079
f 4079 4080 4077
v -3927.182 -80.920 2978.195
v -3934.868 -81.557 2975.977
v -3936.850 -81.196 2982.844
v -3929.163 -80.589 2985.062
f 4081 4082 4083
f 4083 4084 4081
v -3929.058 -80.614 2984.591
v -3936.955 -81.169 2983.315
v -3939.160 -80.214 2996.956
v -3931.262 -79.705 2998.232
f 4085 4086 4087
f 4087 4088 4085
v -3932.738 -79.559 3000.738
v -3937.683 -80.368 2994.449
v -3946.299 -80.105 3001.224
v -3941.355 -79.330 3007.513
f 4089 4090 4091
f 4091 4092 4089
v -3941.223 -79.334 3007.405
v -3946.431 -80.099 3001.332
v -3952.620 -79.777 3006.641
v -3947.412 -79.036 3012.713
f 4093 4094 4095
f 4095 4096 4093
v -3946.728 -79.526 3007.399
v -3953.304 -79.285 3011.955
v -3947.861 -78.367 3019.812
v -3941.285 -78.597 3015.256
f 4097 4098 4099
f 4099 4100 4097
v -3940.838 -78.502 3016.101
v -3948.307 -78.461 3018.967
v -3928.459 -73.447 3070.693
v -3920.990 -73.711 3067.827
f 4101 4102 4103
f 4103 4104 4101
v -3921.075 -73.725 3067.622
v -3928.374 -73.432 3070.898
v -3913.290 -71.716 3104.506
v -3905.991 -72.058 3101.230
f 4105 4106 4107
f 4107 4108 4105
v -3905.992 -72.058 3101.229
v -3913.290 -71.716 3104.506
v -3859.144 -74.992 3225.097
v -3851.846 -75.286 3221.820
f 4109 4110 4111
f 4111 4112 4109
v -4016.212 -83.448 2975.437
v -4023.415 -83.238 2978.919
v -4013.764 -81.856 2998.886
v -4006.561 -82.068 2995.404
f 4113 4114 4115
f 4115 4116 4113
v -4006.968 -82.128 2994.738
v -4013.357 -81.797 2999.552
v -3997.405 -79.682 3020.721
v -3991.016 -79.975 3015.906
f 4117 4118 4119
f 4119 4120 4117
v -4092.352 -81.921 3012.230
v -4085.422 -81.828 3008.233
v -4093.983 -81.715 2993.390
v -4100.913 -81.716 2997.387
f 4121 4122 4123
f 4123 4124 4121
v -4101.030 -81.710 2997.169
v -4093.866 -81.719 2993.608
v -4100.935 -81.388 2979.386
v -4108.099 -81.278 2982.947
f 4125 4126 4127
f 4127 4128 4125
v -4107.968 -81.287 2983.188
v -4101.065 -81.381 2979.144
v -4139.526 -78.924 2913.499
v -4146.429 -78.621 2917.543
f 4129 4130 4131
f 4131 4132 4129
v -4146.521 -78.616 2917.378
v -4139.434 -78.928 2913.665
v -4161.286 -79.429 2871.962
v -4168.373 -79.344 2875.675
f 4133 4134 4135
f 4135 4136 4133
v -4168.798 -79.395 2874.317
v -4160.861 -79.380 2873.319
v -4161.462 -79.600 2868.539
v -4169.399 -79.594 2869.537
f 4137 4138 4139
f 4139 4140 4137
v -4169.299 -79.695 2868.022
v -4161.562 -79.503 2870.054
v -4160.660 -79.715 2866.620
v -4168.398 -79.917 2864.588
f 4141 4142 4143
f 4143 4144 4141
v -4168.020 -79.976 2863.652
v -4161.037 -79.659 2867.556
v -4158.956 -79.876 2863.832
v -4165.939 -80.201 2859.928
f 4145 4146 4147
f 4147 4148 4145
v -4165.271 -80.251 2859.047
v -4159.623 -79.827 2864.713
v -4157.530 -79.937 2862.626
v -4163.179 -80.361 2856.961
f 4149 4150 4151
f 4151 4152 4149
v -4162.704 -80.381 2856.556
v -4158.005 -79.917 2863.031
v -4153.675 -80.064 2859.888
v -4158.374 -80.523 2853.413
f 4153 4154 4155
f 4155 4156 4153
v -4157.208 -80.543 2852.830
v -4154.841 -80.042 2860.472
v -4123.037 -80.954 2850.620
v -4125.404 -81.213 2842.978
f 4157 4158 4159
f 4159 4160 4157
v -4126.056 -81.198 2843.245
v -4122.385 -80.973 2850.353
v -4095.512 -81.693 2836.474
v -4099.183 -81.780 2829.366
f 4161 4162 4163
f 4163 4164 4161
v -4098.515 -81.787 2829.094
v -4096.180 -81.680 2836.746
v -4021.930 -80.721 2814.085
v -4024.265 -80.202 2806.433
f 4165 4166 4167
f 4167 4168 4165
v -4021.618 -80.139 2806.543
v -4024.577 -80.772 2813.975
v -4017.909 -80.827 2816.630
v -4014.950 -80.181 2809.197
f 4169 4170 4171
f 4171 4172 4169
v -4013.167 -80.249 2810.599
v -4019.692 -80.758 2815.228
v -4013.124 -81.356 2824.485
v -4006.599 -80.866 2819.856
f 4173 4174 4175
f 4175 4176 4173
v -4005.966 -80.973 2821.265
v -4013.758 -81.254 2823.076
v -4011.676 -81.942 2832.030
v -4003.884 -81.703 2830.218
f 4177 4178 4179
f 4179 4180 4177
v -4833.082 -99.881 2876.406
v -4831.386 -99.985 2884.224
v -4822.804 -99.524 2882.362
v -4824.500 -99.448 2874.544
f 4181 4182 4183
f 4183 4184 4181
v -4824.421 -99.444 2874.528
v -4822.882 -99.528 2882.378
v -4816.013 -99.171 2881.031
v -4817.553 -99.110 2873.181
f 4185 4186 4187
f 4187 4188 4185
v -4817.210 -99.094 2873.129
v -4816.357 -99.189 2881.083
v -4812.171 -98.980 2880.634
v -4813.024 -98.900 2872.680
f 4189 4190 4191
f 4191 4192 4189
v -4812.675 -98.884 2872.658
v -4812.521 -98.998 2880.656
v -4807.723 -98.697 2880.564
v -4807.877 -98.606 2872.566
f 4193 4194 4195
f 4195 4196 4193
v -4807.915 -98.609 2872.566
v -4807.684 -98.694 2880.563
v -4727.256 -93.273 2878.239
v -4727.487 -93.510 2870.242
f 4197 4198 4199
f 4199 4200 4197
v -4727.953 -93.524 2870.283
v -4726.790 -93.258 2878.198
v -4692.615 -92.205 2873.180
v -4693.777 -92.711 2865.265
f 4201 4202 4203
f 4203 4204 4201
v -4694.124 -92.718 2865.332
v -4692.269 -92.195 2873.113
v -4634.894 -93.597 2859.432
v -4636.750 -94.057 2851.650
f 4205 4206 4207
f 4207 4208 4205
v -4636.415 -94.074 2851.586
v -4635.229 -93.579 2859.497
v -4568.304 -97.186 2849.461
v -4569.490 -97.268 2841.549
f 4209 4210 4211
f 4211 4212 4209
v -4569.370 -97.274 2841.533
v -4568.424 -97.180 2849.477
v -4540.037 -98.605 2846.096
v -4540.984 -98.473 2838.152
f 4213 4214 4215
f 4215 4216 4213
v -4540.983 -98.473 2838.152
v -4540.038 -98.605 2846.096
v -4517.496 -99.519 2843.416
v -4518.441 -99.193 2835.472
f 4217 4218 4219
f 4219 4220 4217
v -4518.616 -99.190 2835.496
v -4517.321 -99.523 2843.391
v -4475.787 -99.975 2836.577
v -4477.083 -99.328 2828.682
f 4221 4222 4223
f 4223 4224 4221
v -4477.108 -99.329 2828.687
v -4475.762 -99.975 2836.573
v -4445.116 -99.201 2831.343
v -4446.462 -98.452 2823.457
f 4225 4226 4227
f 4227 4228 4225
v -4446.115 -98.443 2823.413
v -4445.462 -99.209 2831.387
v -4437.080 -98.994 2830.700
v -4437.733 -98.225 2822.727
f 4229 4230 4231
f 4231 4232 4229
v -4437.629 -98.220 2822.720
v -4437.184 -98.999 2830.707
v -4427.955 -98.576 2830.192
v -4428.401 -97.819 2822.205
f 4233 4234 4235
f 4235 4236 4233
v -4427.966 -97.802 2822.204
v -4428.390 -98.593 2830.193
v -4414.942 -98.118 2830.906
v -4414.519 -97.358 2822.917
f 4237 4238 4239
f 4239 4240 4237
v -4413.923 -97.343 2822.994
v -4415.539 -98.135 2830.829
v -4405.999 -97.927 2832.797
v -4404.383 -97.156 2824.962
f 4241 4242 4243
f 4243 4244 4241
v -4404.070 -97.151 2825.039
v -4406.311 -97.933 2832.719
v -4390.470 -97.467 2837.341
v -4388.229 -96.696 2829.661
f 4245 4246 4247
f 4247 4248 4245
v -5121.327 0.050 3038.380
v -5113.877 0.050 3041.297
v -5110.894 0.050 3033.677
v -5118.343 0.050 3030.760
f 4249 4250 4251
f 4251 4252 4249
v -5118.156 0.050 3030.351
v -5111.082 0.050 3034.087
v -5108.243 0.050 3028.712
v -5115.317 0.050 3024.976
f 4253 4254 4255
f 4255 4256 4253
v -5115.230 0.050 3024.820
v -5108.330 0.050 3028.869
v -5104.300 0.050 3022.002
v -5111.200 0.050 3017.953
f 4257 4258 4259
f 4259 4260 4257
v -5110.902 0.050 3017.515
v -5104.598 0.050 3022.439
v -5099.822 0.050 3016.325
v -5106.127 0.050 3011.401
f 4261 4262 4263
f 4263 4264 4261
v -5106.129 0.050 3011.403
v -5099.820 0.050 3016.323
v -5065.178 0.050 2971.900
v -5071.486 0.050 2966.980
f 4265 4266 4267
f 4267 4268 4265
v -5071.162 0.050 2966.613
v -5065.502 0.050 2972.267
v -5062.296 0.050 2969.058
v -5067.956 0.050 2963.404
f 4269 4270 4271
f 4271 4272 4269
v -5067.212 0.050 2962.818
v -5063.040 0.050 2969.644
v -5059.389 0.050 2967.412
v -5063.561 0.050 2960.586
f 4273 4274 4275
f 4275 4276 4273
v -5063.219 0.050 2960.399
v -5059.730 0.050 2967.599
v -5057.114 0.050 2966.331
v -5060.603 0.050 2959.132
f 4277 4278 4279
f 4279 4280 4277
v -5060.078 0.050 2958.922
v -5057.639 0.050 2966.541
v -5054.133 0.050 2965.418
v -5056.572 0.050 2957.799
f 4281 4282 4283
f 4283 4284 4281
v -5055.861 0.050 2957.641
v -5054.843 0.050 2965.576
v -5050.212 0.050 2964.982
v -5051.230 0.050 2957.047
f 4285 4286 4287
f 4287 4288 4285
v -5050.519 0.050 2957.020
v -5050.923 0.050 2965.009
v -5036.296 0.050 2965.749
v -5035.892 0.050 2957.759
f 4289 4290 4291
f 4291 4292 4289
v -5035.969 0.050 2957.756
v -5036.219 0.050 2965.752
v -5026.512 0.050 2966.056
v -5026.262 0.050 2958.060
f 4293 4294 4295
f 4295 4296 4293
v -5027.012 0.050 2958.107
v -5025.762 0.050 2966.009
v -5022.923 0.050 2965.560
v -5024.173 0.050 2957.658
f 4297 4298 4299
f 4299 4300 4297
v -5024.155 0.050 2957.655
v -5022.942 0.050 2965.563
v -5019.068 0.050 2964.968
v -5020.281 0.050 2957.061
f 4301 4302 4303
f 4303 4304 4301
v -5020.692 0.050 2957.146
v -5018.656 0.050 2964.883
v -5014.693 0.050 2963.840
v -5016.729 0.050 2956.103
f 4305 4306 4307
f 4307 4308 4305
v -5016.912 0.050 2956.156
v -5014.510 0.050 2963.787
v -4992.191 0.050 2956.761
v -4994.593 0.050 2949.131
f 4309 4310 4311
f 4311 4312 4309
v -4994.599 0.050 2949.132
v -4992.185 0.050 2956.760
v -4963.898 -95.892 2947.806
v -4966.312 -95.855 2940.179
f 4313 4314 4315
f 4315 4316 4313
v -4966.363 -95.849 2940.196
v -4963.847 -95.898 2947.790
v -4905.249 -101.131 2928.378
v -4907.765 -101.008 2920.783
f 4317 4318 4319
f 4319 4320 4317
v -4907.875 -101.002 2920.822
v -4905.138 -101.137 2928.339
v -4880.948 -101.708 2919.531
v -4883.686 -101.739 2912.014
f 4321 4322 4323
f 4323 4324 4321
v -4883.853 -101.740 2912.079
v -4880.781 -101.707 2919.466
v -4875.415 -101.675 2917.234
v -4878.488 -101.708 2909.847
f 4325 4326 4327
f 4327 4328 4325
v -4878.652 -101.709 2909.920
v -4875.250 -101.675 2917.161
v -4870.163 -101.645 2914.771
v -4873.565 -101.679 2907.530
f 4329 4330 4331
f 4331 4332 4329
v -4873.873 -101.681 2907.691
v -4869.855 -101.643 2914.609
v -4866.126 -101.621 2912.444
v -4870.144 -101.659 2905.526
f 4333 4334 4335
f 4335 4336 4333
v -4870.057 -101.659 2905.477
v -4866.213 -101.622 2912.492
v -4862.116 -101.598 2910.247
v -4865.961 -101.634 2903.232
f 4337 4338 4339
f 4339 4340 4337
v -4866.338 -101.637 2903.467
v -4861.739 -101.596 2910.013
v -4857.698 -101.573 2907.173
v -4862.297 -101.609 2900.628
f 4341 4342 4343
f 4343 4344 4341
v -4862.573 -101.615 2900.840
v -4857.422 -101.571 2906.961
v -4851.834 -101.529 2902.260
v -4856.984 -101.424 2896.138
f 4345 4346 4347
f 4347 4348 4345
v -4857.109 -101.428 2896.248
v -4851.709 -101.523 2902.150
v -4841.924 -100.758 2893.197
v -4847.324 -100.868 2887.295
f 4349 4350 4351
f 4351 4352 4349
v -4847.126 -100.852 2887.125
v -4842.123 -100.773 2893.367
v -4829.733 -99.886 2883.436
v -4834.736 -99.977 2877.194
f 4353 4354 4355
f 4355 4356 4353
v -4044.051 -76.536 3122.388
v -4036.853 -75.712 3118.896
v -4047.329 -77.552 3097.305
v -4054.526 -78.232 3100.797
f 4357 4358 4359
f 4359 4360 4357
v -4054.772 -78.276 3100.155
v -4047.083 -77.505 3097.948
v -4048.162 -77.735 3094.185
v -4055.852 -78.485 3096.391
f 4361 4362 4363
f 4363 4364 4361
v -4055.980 -78.514 3095.756
v -4048.035 -77.702 3094.819
v -4048.413 -77.838 3091.610
v -4056.358 -78.630 3092.548
f 4365 4366 4367
f 4367 4368 4365
v -4056.373 -78.651 3091.766
v -4048.398 -77.813 3092.392
v -4048.175 -77.876 3089.553
v -4056.151 -78.696 3088.927
f 4369 4370 4371
f 4371 4372 4369
v -4055.898 -78.698 3087.808
v -4048.428 -77.868 3090.672
v -4047.081 -77.840 3087.159
v -4054.551 -78.653 3084.295
f 4373 4374 4375
f 4375 4376 4373
v -4053.532 -78.599 3082.791
v -4048.100 -77.895 3088.664
v -4038.248 -77.312 3079.552
v -4043.680 -78.094 3073.679
f 4377 4378 4379
f 4379 4380 4377
v -4043.302 -78.077 3073.369
v -4038.627 -77.331 3079.861
v -4021.829 -76.738 3067.765
v -4026.504 -77.448 3061.273
f 4381 4382 4383
f 4383 4384 4381
v -4025.528 -77.419 3060.758
v -4022.805 -76.757 3068.280
v -3998.181 -76.113 3059.367
v -4000.904 -76.882 3051.844
f 4385 4386 4387
f 4387 4388 4385
v -3936.754 -80.369 2993.904
v -3933.667 -79.555 3001.284
v -3907.207 -79.031 2990.218
v -3910.293 -79.606 2982.837
f 4389 4390 4391
f 4391 4392 4389
v -3909.001 -79.545 2982.536
v -3908.500 -79.086 2990.520
v -3892.715 -78.132 2989.529
v -3893.216 -78.496 2981.545
f 4393 4394 4395
f 4395 4396 4393
v -3756.712 0.050 3888.914
v -3753.435 0.050 3896.213
v -3690.874 0.050 3868.127
v -3694.150 0.050 3860.828
f 4397 4398 4399
f 4399 4400 4397
v -3694.082 0.050 3860.798
v -3690.942 0.050 3868.157
v -3636.685 0.050 3845.009
v -3639.825 0.050 3837.651
f 4401 4402 4403
f 4403 4404 4401
v -3639.824 0.050 3837.651
v -3636.686 0.050 3845.009
v -3579.991 0.050 3820.832
v -3583.129 0.050 3813.473
f 4405 4406 4407
f 4407 4408 4405
v -3583.271 0.050 3813.537
v -3579.849 0.050 3820.768
v -3496.983 0.050 3781.550
v -3500.405 0.050 3774.319
f 4409 4410 4411
f 4411 4412 4409
v -3502.666 0.050 3777.462
v -3494.722 0.050 3778.407
v -3493.208 0.050 3765.678
v -3501.152 0.050 3764.733
f 4413 4414 4415
f 4415 4416 4413
v -3662.184 0.050 3936.603
v -3664.954 0.050 3929.098
v -3709.003 0.050 3945.353
v -3706.233 0.050 3952.858
f 4417 4418 4419
f 4419 4420 4417
v -3707.035 0.050 3953.062
v -3708.201 0.050 3945.148
v -3737.968 0.050 3949.532
v -3736.802 0.050 3957.446
f 4421 4422 4423
f 4423 4424 4421
v -3736.680 0.050 3957.426
v -3738.090 0.050 3949.552
v -3775.905 0.050 3956.326
v -3774.495 0.050 3964.200
f 4425 4426 4427
f 4427 4428 4425
v -3774.620 0.050 3964.221
v -3775.780 0.050 3956.305
v -3793.079 0.050 3958.840
v -3791.919 0.050 3966.756
f 4429 4430 4431
f 4431 4432 4429
v -3792.147 0.050 3966.783
v -3792.852 0.050 3958.814
v -3889.711 0.050 3967.383
v -3889.006 0.050 3975.352
f 4433 4434 4435
f 4435 4436 4433
v -3889.005 0.050 3975.352
v -3889.712 0.050 3967.384
v -3923.776 0.050 3970.407
v -3923.068 0.050 3978.376
f 4437 4438 4439
f 4439 4440 4437
v -3923.070 0.050 3978.376
v -3923.774 0.050 3970.407
v -3959.308 0.050 3973.550
v -3958.603 0.050 3981.519
f 4441 4442 4443
f 4443 4444 4441
v -3958.947 0.050 3981.534
v -3958.963 0.050 3973.534
v -3965.531 0.050 3973.548
v -3965.515 0.050 3981.547
f 4445 4446 4447
f 4447 4448 4445
v -3725.339 -76.650 3515.597
v -3721.757 -77.332 3522.750
v -3680.981 -75.623 3502.336
v -3684.562 -75.015 3495.182
f 4449 4450 4451
f 4451 4452 4449
v -3684.466 -75.013 3495.136
v -3681.077 -75.626 3502.382
v -3600.003 -77.553 3464.457
v -3603.392 -77.463 3457.211
f 4453 4454 4455
f 4455 4456 4453
v -4480.521 0.050 4109.662
v -4472.817 0.050 4111.818
v -4461.774 0.050 4072.350
v -4469.478 0.050 4070.194
f 4457 4458 4459
f 4459 4460 4457
v -3072.360 -92.029 2750.278
v -3071.074 -91.524 2742.382
v -3104.069 -91.934 2737.007
v -3105.355 -92.279 2744.903
f 4461 4462 4463
f 4463 4464 4461
v -3105.328 -92.279 2744.908
v -3104.096 -91.935 2737.003
v -3122.307 -92.422 2734.164
v -3123.540 -92.680 2742.068
f 4465 4466 4467
f 4467 4468 4465
v -3123.539 -92.680 2742.068
v -3122.308 -92.422 2734.164
v -3153.957 -93.825 2729.238
v -3155.187 -93.863 2737.143
f 4469 4470 4471
f 4471 4472 4469
v -3154.789 -93.847 2737.184
v -3154.355 -93.844 2729.196
v -3179.134 -94.926 2727.849
v -3179.569 -94.755 2735.837
f 4473 4474 4475
f 4475 4476 4473
v -3179.101 -94.739 2735.835
v -3179.601 -94.946 2727.851
v -3186.770 -95.236 2728.300
v -3186.270 -94.980 2736.284
f 4477 4478 4479
f 4479 4480 4477
v -4057.360 0.050 4031.768
v -4058.521 0.050 4039.684
v -4046.454 0.050 4041.453
v -4045.293 0.050 4033.538
f 4481 4482 4483
f 4483 4484 4481
v -4046.299 0.050 4033.518
v -4045.448 0.050 4041.473
v -4014.100 0.050 4038.119
v -4014.951 0.050 4030.164
f 4485 4486 4487
f 4487 4488 4485
v -4014.544 0.050 4030.142
v -4014.508 0.050 4038.141
v -3956.833 0.050 4037.877
v -3956.870 0.050 4029.877
f 4489 4490 4491
f 4491 4492 4489
v -3957.209 0.050 4029.893
v -3956.493 0.050 4037.861
v -3934.463 0.050 4035.881
v -3935.179 0.050 4027.913
f 4493 4494 4495
f 4495 4496 4493
v -3934.520 0.050 4027.908
v -3935.122 0.050 4035.885
v -3917.278 0.050 4037.232
v -3916.676 0.050 4029.255
f 4497 4498 4499
f 4499 4500 4497
v -3916.553 0.050 4029.266
v -3917.400 0.050 4037.221
v -3901.771 0.050 4038.885
v -3900.924 0.050 4030.930
f 4501 4502 4503
f 4503 4504 4501
v -3900.740 0.050 4030.954
v -3901.955 0.050 4038.861
v -3876.162 0.050 4042.822
v -3874.947 0.050 4034.915
f 4505 4506 4507
f 4507 4508 4505
v -3875.688 0.050 4034.871
v -3875.421 0.050 4042.866
v -3850.886 0.050 4042.048
v -3851.153 0.050 4034.052
f 4509 4510 4511
f 4511 4512 4509
v -3851.716 0.050 4034.111
v -3850.324 0.050 4041.989
v -3827.303 0.050 4037.922
v -3828.695 0.050 4030.044
f 4513 4514 4515
f 4515 4516 4513
v -3829.551 0.050 4030.297
v -3826.447 0.050 4037.670
v -3807.444 0.050 4029.668
v -3810.549 0.050 4022.295
f 4517 4518 4519
f 4519 4520 4517
v -3810.786 0.050 4022.404
v -3807.207 0.050 4029.559
v -3788.094 0.050 4019.999
v -3791.673 0.050 4012.844
f 4521 4522 4523
f 4523 4524 4521
v -3792.851 0.050 4013.739
v -3786.916 0.050 4019.103
v -3771.531 0.050 4002.083
v -3777.466 0.050 3996.719
f 4525 4526 4527
f 4527 4528 4525
v -3778.353 0.050 3998.330
v -3770.645 0.050 4000.472
v -3767.706 0.050 3989.895
v -3775.414 0.050 3987.753
f 4529 4530 4531
f 4531 4532 4529
v -3775.558 0.050 3988.957
v -3767.562 0.050 3988.691
v -3767.941 0.050 3977.322
v -3775.936 0.050 3977.588
f 4533 4534 4535
f 4535 4536 4533
v -3775.868 0.050 3978.201
v -3768.009 0.050 3976.710
v -3771.270 0.050 3959.517
v -3779.130 0.050 3961.008
f 4537 4538 4539
f 4539 4540 4537
v -3788.597 0.050 3961.919
v -3796.401 0.050 3963.677
v -3791.715 0.050 3984.487
v -3783.910 0.050 3982.730
f 4541 4542 4543
f 4543 4544 4541
v -3783.819 0.050 3983.830
v -3791.807 0.050 3983.387
v -3792.107 0.050 3988.800
v -3784.119 0.050 3989.244
f 4545 4546 4547
f 4547 4548 4545
v -3784.315 0.050 3990.278
v -3791.911 0.050 3987.767
v -3794.115 0.050 3994.435
v -3786.519 0.050 3996.946
f 4549 4550 4551
f 4551 4552 4549
v -3787.160 0.050 3998.146
v -3793.475 0.050 3993.235
v -3801.022 0.050 4002.940
v -3794.707 0.050 4007.851
f 4553 4554 4555
f 4555 4556 4553
v -3795.685 0.050 4008.749
v -3800.045 0.050 4002.042
v -3817.311 0.050 4013.266
v -3812.950 0.050 4019.973
f 4557 4558 4559
f 4559 4560 4557
v -3813.895 0.050 4020.424
v -3816.366 0.050 4012.815
v -3839.420 0.050 4020.302
v -3836.949 0.050 4027.911
f 4561 4562 4563
f 4563 4564 4561
v -3837.368 0.050 4028.022
v -3839.002 0.050 4020.191
v -3862.412 0.050 4025.076
v -3860.778 0.050 4032.907
f 4565 4566 4567
f 4567 4568 4565
v -3861.550 0.050 4032.992
v -3861.640 0.050 4024.992
v -3874.564 0.050 4025.137
v -3874.474 0.050 4033.137
f 4569 4570 4571
f 4571 4572 4569
v -3875.632 0.050 4032.979
v -3873.407 0.050 4025.295
v -3906.658 0.050 4015.669
v -3908.883 0.050 4023.353
f 4573 4574 4575
f 4575 4576 4573
v -3908.635 0.050 4023.417
v -3906.906 0.050 4015.606
v -3919.196 0.050 4012.885
v -3920.925 0.050 4020.696
f 4577 4578 4579
f 4579 4580 4577
v -3919.924 0.050 4020.789
v -3920.196 0.050 4012.793
v -3932.230 0.050 4013.203
v -3931.958 0.050 4021.198
f 4581 4582 4583
f 4583 4584 4581
v -3931.176 0.050 4021.094
v -3933.012 0.050 4013.307
v -3957.546 0.050 4019.091
v -3955.711 0.050 4026.877
f 4585 4586 4587
f 4587 4588 4585
v -3956.736 0.050 4026.982
v -3956.522 0.050 4018.985
v -4018.760 0.050 4017.322
v -4018.974 0.050 4025.319
f 4589 4590 4591
f 4591 4592 4589
v -4018.085 0.050 4025.243
v -4019.650 0.050 4017.397
v -4049.316 0.050 4023.313
v -4047.752 0.050 4031.158
f 4593 4594 4595
f 4595 4596 4593
v -4045.854 0.050 4030.205
v -4051.214 0.050 4024.266
v -4060.621 0.050 4032.757
v -4055.260 0.050 4038.695
f 4597 4598 4599
f 4599 4600 4597
v -3220.195 0.050 4106.490
v -3212.580 0.050 4108.942
v -3204.220 0.050 4082.969
v -3211.835 0.050 4080.518
f 4601 4602 4603
f 4603 4604 4601
v -3211.844 0.050 4082.941
v -3204.211 0.050 4080.545
v -3206.905 0.050 4071.962
v -3214.538 0.050 4074.358
f 4605 4606 4607
f 4607 4608 4605
v -3173.383 0.050 4095.670
v -3172.540 0.050 4103.626
v -3154.596 0.050 4101.724
v -3155.438 0.050 4093.769
f 4609 4610 4611
f 4611 4612 4609
v -3155.582 0.050 4093.787
v -3154.452 0.050 4101.707
v -3118.819 0.050 4096.623
v -3119.949 0.050 4088.703
f 4613 4614 4615
f 4615 4616 4613
v -3158.992 0.050 4098.194
v -3151.042 0.050 4097.299
v -3154.604 0.050 4065.662
v -3162.554 0.050 4066.557
f 4617 4618 4619
f 4619 4620 4617
v -3298.638 0.050 4109.643
v -3300.448 0.050 4117.435
v -3287.602 0.050 4120.419
v -3285.792 0.050 4112.627
f 4621 4622 4623
f 4623 4624 4621
v -3287.154 0.050 4112.549
v -3286.240 0.050 4120.497
v -3256.384 0.050 4117.064
v -3257.298 0.050 4109.116
f 4625 4626 4627
f 4627 4628 4625
v -3257.245 0.050 4109.111
v -3256.437 0.050 4117.070
v -3224.043 0.050 4113.782
v -3224.851 0.050 4105.823
f 4629 4630 4631
f 4631 4632 4629
v -3225.449 0.050 4105.930
v -3223.445 0.050 4113.675
v -3215.385 0.050 4111.588
v -3217.390 0.050 4103.844
f 4633 4634 4635
f 4635 4636 4633
v -3297.984 0.050 4079.855
v -3305.978 0.050 4079.538
v -3307.080 0.050 4107.333
v -3299.086 0.050 4107.650
f 4637 4638 4639
f 4639 4640 4637
v -3299.631 0.050 4105.471
v -3306.535 0.050 4109.512
v -3302.995 0.050 4115.560
v -3296.091 0.050 4111.518
f 4641 4642 4643
f 4643 4644 4641
v -3119.259 0.050 4063.141
v -3127.190 0.050 4064.192
v -3123.349 0.050 4093.188
v -3115.418 0.050 4092.138
f 4645 4646 4647
f 4647 4648 4645
v -3115.418 0.050 4092.138
v -3123.349 0.050 4093.188
v -3121.969 0.050 4103.607
v -3114.038 0.050 4102.556
f 4649 4650 4651
f 4651 4652 4649
v -4264.539 0.050 4017.418
v -4256.834 0.050 4015.266
v -4266.441 0.050 3980.881
v -4274.146 0.050 3983.034
f 4653 4654 4655
f 4655 4656 4653
v -4914.294 -87.229 2728.026
v -4911.588 -87.779 2735.555
v -4833.018 -91.532 2707.307
v -4835.725 -91.103 2699.779
f 4657 4658 4659
f 4659 4660 4657
v -4835.811 -91.094 2699.811
v -4832.933 -91.541 2707.275
v -4763.091 -99.665 2680.349
v -4765.969 -99.326 2672.884
f 4661 4662 4663
f 4663 4664 4661
v -4766.148 -99.307 2672.958
v -4762.912 -99.684 2680.275
v -4760.374 -99.958 2679.152
v -4763.610 -99.578 2671.836
f 4665 4666 4667
f 4667 4668 4665
v -4764.225 -99.512 2672.175
v -4759.758 -100.023 2678.812
v -4757.443 -100.269 2677.254
v -4761.910 -99.757 2670.617
f 4669 4670 4671
f 4671 4672 4669
v -4762.246 -99.722 2670.870
v -4757.107 -100.305 2677.001
v -4754.869 -100.540 2675.126
v -4760.008 -99.956 2668.995
f 4673 4674 4675
f 4675 4676 4673
v -4759.911 -99.966 2668.916
v -4754.967 -100.529 2675.205
v -4750.414 -101.005 2671.626
v -4755.358 -100.440 2665.337
f 4677 4678 4679
f 4679 4680 4677
v -4755.675 -100.407 2665.614
v -4750.097 -101.037 2671.349
v -4745.399 -101.516 2666.780
v -4750.977 -100.886 2661.045
f 4681 4682 4683
f 4683 4684 4681
v -4750.574 -100.927 2660.702
v -4745.803 -101.475 2667.123
v -4741.394 -101.926 2663.848
v -4746.165 -101.376 2657.426
f 4685 4686 4687
f 4687 4688 4685
v -4744.861 -101.501 2656.786
v -4742.699 -101.791 2664.489
v -4737.100 -102.378 2662.917
v -4739.261 -102.045 2655.215
f 4689 4690 4691
f 4691 4692 4689
v -4739.173 -102.053 2655.191
v -4737.188 -102.369 2662.941
v -4714.200 -104.139 2657.051
v -4716.186 -103.692 2649.301
f 4693 4694 4695
f 4695 4696 4693
v -4717.061 -103.655 2649.639
v -4713.325 -104.178 2656.713
v -4702.872 -104.564 2651.193
v -4706.608 -104.021 2644.119
f 4697 4698 4699
f 4699 4700 4697
v -4706.496 -104.025 2644.062
v -4702.985 -104.560 2651.250
v -4700.524 -104.650 2650.048
v -4704.036 -104.109 2642.860
f 4701 4702 4703
f 4703 4704 4701
v -4705.009 -104.085 2643.529
v -4699.551 -104.675 2649.379
v -4696.267 -104.718 2646.315
v -4701.725 -104.127 2640.466
f 4705 4706 4707
f 4707 4708 4705
v -4701.975 -104.125 2640.721
v -4696.017 -104.720 2646.059
v -4692.811 -104.725 2642.481
v -4698.769 -104.131 2637.143
f 4709 4710 4711
f 4711 4712 4709
v -4524.778 -95.080 3172.750
v -4527.411 -95.490 3180.304
v -4515.589 -94.394 3184.424
v -4512.956 -93.943 3176.870
f 4713 4714 4715
f 4715 4716 4713
v -3206.104 -96.762 3135.540
v -3209.037 -96.963 3142.983
v -3159.779 -94.234 3162.395
v -3156.846 -94.058 3154.952
f 4717 4718 4719
f 4719 4720 4717
v -3156.488 -94.033 3155.114
v -3160.136 -94.256 3162.234
v -3111.757 -91.617 3187.020
v -3108.109 -91.261 3179.900
f 4721 4722 4723
f 4723 4724 4721
v -3108.561 -91.273 3179.703
v -3111.305 -91.606 3187.217
v -3061.690 -91.273 3205.335
v -3058.945 -90.885 3197.820
f 4725 4726 4727
f 4727 4728 4725
v -3776.741 -68.228 2896.345
v -3769.429 -68.133 2893.100
v -3774.661 -68.693 2881.308
v -3781.973 -68.978 2884.552
f 4729 4730 4731
f 4731 4732 4729
v -3781.964 -68.977 2884.573
v -3774.670 -68.694 2881.287
v -3780.047 -69.367 2869.349
v -3787.341 -69.758 2872.635
f 4733 4734 4735
f 4735 4736 4733
v -3787.138 -69.731 2873.026
v -3780.249 -69.406 2868.958
v -3784.569 -70.147 2861.643
v -3791.458 -70.373 2865.710
f 4737 4738 4739
f 4739 4740 4737
v -3790.414 -70.238 2866.875
v -3785.612 -70.283 2860.477
v -3790.399 -70.787 2856.885
v -3795.201 -70.752 2863.284
f 4741 4742 4743
f 4743 4744 4741
v -3794.857 -70.718 2863.514
v -3790.742 -70.820 2856.654
v -3796.709 -71.364 2853.075
v -3800.824 -71.282 2859.936
f 4745 4746 4747
f 4747 4748 4745
v -3799.733 -71.191 2860.387
v -3797.800 -71.450 2852.624
v -3802.576 -71.781 2851.435
v -3804.508 -71.548 2859.198
f 4749 4750 4751
f 4751 4752 4749
v -3803.928 -71.507 2859.298
v -3803.156 -71.818 2851.336
v -3809.423 -72.200 2850.728
v -3810.195 -71.927 2858.691
f 4753 4754 4755
f 4755 4756 4753
v -3809.497 -71.883 2858.697
v -3810.122 -72.239 2850.722
v -3827.299 -73.352 2852.069
v -3826.673 -73.101 2860.044
f 4757 4758 4759
f 4759 4760 4757
v -3826.704 -73.104 2860.046
v -3827.268 -73.350 2852.066
v -3839.959 -74.353 2852.964
v -3839.394 -74.209 2860.944
f 4761 4762 4763
f 4763 4764 4761
v -3839.473 -74.216 2860.949
v -3839.880 -74.347 2852.960
v -3854.652 -75.543 2853.712
v -3854.245 -75.531 2861.702
f 4765 4766 4767
f 4767 4768 4765
v -3854.391 -75.544 2861.707
v -3854.506 -75.531 2853.708
v -3864.658 -76.367 2853.853
v -3864.544 -76.460 2861.852
f 4769 4770 4771
f 4771 4772 4769
v -5304.967 0.050 2803.137
v -5312.263 0.050 2806.420
v -5301.086 0.050 2831.260
v -5293.791 0.050 2827.977
f 4773 4774 4775
f 4775 4776 4773
v -5293.665 0.050 2828.291
v -5301.212 0.050 2830.947
v -5298.028 0.050 2839.993
v -5290.482 0.050 2837.337
f 4777 4778 4779
f 4779 4780 4777
v -5294.044 0.050 2834.670
v -5294.466 0.050 2842.659
v -5280.963 0.050 2843.372
v -5280.541 0.050 2835.383
f 4781 4782 4783
f 4783 4784 4781
v -5281.857 0.050 2835.533
v -5279.646 0.050 2843.222
v -5188.164 0.050 2816.916
v -5190.375 0.050 2809.228
f 4785 4786 4787
f 4787 4788 4785
v -5190.436 0.050 2809.246
v -5188.103 0.050 2816.898
v -5171.038 0.050 2811.695
v -5173.371 0.050 2804.043
f 4789 4790 4791
f 4791 4792 4789
v -5175.296 0.050 2805.331
v -5169.112 0.050 2810.407
v -5165.795 0.050 2806.366
v -5171.978 0.050 2801.290
f 4793 4794 4795
f 4795 4796 4793
v -5170.150 0.050 2800.033
v -5167.624 0.050 2807.623
v -5160.521 0.050 2805.259
v -5163.048 0.050 2797.669
f 4797 4798 4799
f 4799 4800 4797
v -5161.175 0.050 2797.511
v -5162.394 0.050 2805.417
v -5153.143 0.050 2806.844
v -5151.924 0.050 2798.937
f 4801 4802 4803
f 4803 4804 4801
v -5153.847 0.050 2799.112
v -5151.221 0.050 2806.669
v -5145.065 0.050 2804.529
v -5147.691 0.050 2796.973
f 4805 4806 4807
f 4807 4808 4805
v -5147.538 0.050 2796.923
v -5145.218 0.050 2804.579
v -5032.651 0.050 2770.455
v -5034.972 0.050 2762.799
f 4809 4810 4811
f 4811 4812 4809
v -5034.916 0.050 2762.783
v -5032.707 0.050 2770.472
v -4967.530 -88.414 2751.746
v -4969.739 -88.058 2744.057
f 4813 4814 4815
f 4815 4816 4813
v -5432.701 0.050 3792.178
v -5434.797 0.050 3799.898
v -5373.861 0.050 3816.444
v -5371.765 0.050 3808.723
f 4817 4818 4819
f 4819 4820 4817
v -5371.963 0.050 3808.675
v -5373.663 0.050 3816.492
v -5356.353 0.050 3820.256
v -5354.653 0.050 3812.438
f 4821 4822 4823
f 4823 4824 4821
v -5354.452 0.050 3812.487
v -5356.554 0.050 3820.206
v -5344.142 0.050 3823.587
v -5342.040 0.050 3815.868
f 4825 4826 4827
f 4827 4828 4825
v -5341.193 0.050 3816.206
v -5344.989 0.050 3823.248
v -5335.215 0.050 3828.517
v -5331.419 0.050 3821.475
f 4829 4830 4831
f 4831 4832 4829
v -5330.585 0.050 3822.074
v -5336.049 0.050 3827.918
v -5324.382 0.050 3838.825
v -5318.919 0.050 3832.981
f 4833 4834 4835
f 4835 4836 4833
v -5318.188 0.050 3833.900
v -5325.113 0.050 3837.906
v -5320.972 0.050 3845.063
v -5314.047 0.050 3841.056
f 4837 4838 4839
f 4839 4840 4837
v -5313.615 0.050 3842.146
v -5321.404 0.050 3843.974
v -5311.251 0.050 3887.232
v -5303.463 0.050 3885.404
f 4841 4842 4843
f 4843 4844 4841
v -5303.999 0.050 3884.145
v -5310.716 0.050 3888.491
v -5298.303 0.050 3907.677
v -5291.586 0.050 3903.331
f 4845 4846 4847
f 4847 4848 4845
v -5292.456 0.050 3902.372
v -5297.434 0.050 3908.636
v -5282.762 0.050 3920.295
v -5277.784 0.050 3914.032
f 4849 4850 4851
f 4851 4852 4849
v -5279.113 0.050 3913.335
v -5281.433 0.050 3920.992
v -5269.009 0.050 3924.755
v -5266.690 0.050 3917.099
f 4853 4854 4855
f 4855 4856 4853
v -5266.991 0.050 3917.020
v -5268.709 0.050 3924.834
v -5249.907 0.050 3928.967
v -5248.189 0.050 3921.153
f 4857 4858 4859
f 4859 4860 4857
v -5247.427 0.050 3921.403
v -5250.669 0.050 3928.717
v -5174.304 0.050 3962.573
v -5171.062 0.050 3955.259
f 4861 4862 4863
f 4863 4864 4861
v -5169.544 0.050 3956.436
v -5175.821 0.050 3961.396
v -5163.031 0.050 3977.584
v -5156.754 0.050 3972.625
f 4865 4866 4867
f 4867 4868 4865
v -5156.309 0.050 3973.327
v -5163.475 0.050 3976.883
v -5139.397 0.050 4025.409
v -5132.231 0.050 4021.853
f 4869 4870 4871
f 4871 4872 4869
v -5132.069 0.050 4022.226
v -5139.559 0.050 4025.036
v -5136.175 0.050 4034.055
v -5128.685 0.050 4031.244
f 4873 4874 4875
f 4875 4876 4873
v -5128.463 0.050 4032.134
v -5136.396 0.050 4033.164
v -5133.758 0.050 4053.486
v -5125.825 0.050 4052.456
f 4877 4878 4879
f 4879 4880 4877
v -5126.987 0.050 4050.119
v -5132.596 0.050 4055.823
v -5087.077 0.050 4100.586
v -5081.468 0.050 4094.882
f 4881 4882 4883
f 4883 4884 4881
v -5082.558 0.050 4094.120
v -5085.988 0.050 4101.347
v -5069.268 0.050 4109.283
v -5065.838 0.050 4102.056
f 4885 4886 4887
f 4887 4888 4885
v -5067.450 0.050 4101.671
v -5067.655 0.050 4109.668
v -5040.371 0.050 4110.368
v -5040.166 0.050 4102.370
f 4889 4890 4891
f 4891 4892 4889
v -5041.036 0.050 4102.443
v -5039.501 0.050 4110.295
v -4966.508 0.050 4096.021
v -4968.044 0.050 4088.170
f 4893 4894 4895
f 4895 4896 4893
v -4968.989 0.050 4088.481
v -4965.563 0.050 4095.710
v -4951.270 0.050 4088.936
v -4954.696 0.050 4081.707
f 4897 4898 4899
f 4899 4900 4897
v -4956.960 0.050 4084.900
v -4949.005 0.050 4085.743
v -4948.248 0.050 4078.599
v -4956.203 0.050 4077.756
f 4901 4902 4903
f 4903 4904 4901
v -4954.400 0.050 4081.535
v -4950.051 0.050 4074.821
v -4956.452 0.050 4070.675
v -4960.801 0.050 4077.389
f 4905 4906 4907
f 4907 4908 4905
v -4958.423 0.050 4078.027
v -4958.830 0.050 4070.037
v -4966.355 0.050 4070.420
v -4965.948 0.050 4078.410
f 4909 4910 4911
f 4911 4912 4909
v -4966.784 0.050 4078.364
v -4965.519 0.050 4070.465
v -4993.728 0.050 4065.949
v -4994.992 0.050 4073.849
f 4913 4914 4915
f 4915 4916 4913
v -4996.100 0.050 4073.501
v -4992.620 0.050 4066.297
v -5037.771 0.050 4044.484
v -5041.251 0.050 4051.687
f 4917 4918 4919
f 4919 4920 4917
v -5042.463 0.050 4050.785
v -5036.560 0.050 4045.386
v -5040.689 0.050 4040.870
v -5046.593 0.050 4046.269
f 4921 4922 4923
f 4923 4924 4921
v -5047.587 0.050 4042.914
v -5039.695 0.050 4044.224
v -5038.571 0.050 4037.451
v -5046.463 0.050 4036.141
f 4925 4926 4927
f 4927 4928 4925
v -5045.016 0.050 4033.672
v -5040.018 0.050 4039.919
v -5036.255 0.050 4036.908
v -5041.253 0.050 4030.662
f 4929 4930 4931
f 4931 4932 4929
v -5039.196 0.050 4029.809
v -5038.312 0.050 4037.760
v -5031.544 0.050 4037.008
v -5032.428 0.050 4029.057
f 4933 4934 4935
f 4935 4936 4933
v -5031.410 0.050 4029.074
v -5032.562 0.050 4036.991
v -4973.117 0.050 4045.640
v -4971.966 0.050 4037.723
f 4937 4938 4939
f 4939 4940 4937
v -4972.679 0.050 4037.684
v -4972.404 0.050 4045.679
v -4950.585 0.050 4044.926
v -4950.861 0.050 4036.931
f 4941 4942 4943
f 4943 4944 4941
v -4950.854 0.050 4036.931
v -4950.592 0.050 4044.926
v -4939.304 0.050 4044.557
v -4939.566 0.050 4036.561
f 4945 4946 4947
f 4947 4948 4945
v -4938.811 0.050 4036.608
v -4940.059 0.050 4044.510
v -4925.766 0.050 4046.768
v -4924.517 0.050 4038.866
f 4949 4950 4951
f 4951 4952 4949
v -4922.828 0.050 4039.554
v -4927.456 0.050 4046.080
v -4915.800 0.050 4054.345
v -4911.173 0.050 4047.820
f 4953 4954 4955
f 4955 4956 4953
v -4913.638 0.050 4047.086
v -4913.335 0.050 4055.080
v -4903.550 0.050 4054.710
v -4903.853 0.050 4046.716
f 4957 4958 4959
f 4959 4960 4957
v -4904.512 0.050 4046.796
v -4902.891 0.050 4054.630
v -4891.981 0.050 4052.372
v -4893.603 0.050 4044.538
f 4961 4962 4963
f 4963 4964 4961
v -4893.949 0.050 4044.626
v -4891.636 0.050 4052.284
v -4875.461 0.050 4047.399
v -4877.774 0.050 4039.740
f 4965 4966 4967
f 4967 4968 4965
v -4877.049 0.050 4039.593
v -4876.186 0.050 4047.546
v -4827.662 0.050 4042.278
v -4828.525 0.050 4034.324
f 4969 4970 4971
f 4971 4972 4969
v -4828.589 0.050 4034.332
v -4827.597 0.050 4042.270
v -4815.552 0.050 4040.765
v -4816.545 0.050 4032.826
f 4973 4974 4975
f 4975 4976 4973
v -4817.410 0.050 4033.035
v -4814.687 0.050 4040.557
v -4749.231 0.050 4016.855
v -4751.955 0.050 4009.333
f 4977 4978 4979
f 4979 4980 4977
v -4750.593 0.050 4009.094
v -4750.593 0.050 4017.094
v -4739.305 0.050 4017.094
v -4739.305 0.050 4009.094
f 4981 4982 4983
f 4983 4984 4981
v -4738.353 0.050 4009.209
v -4740.256 0.050 4016.979
v -4679.877 0.050 4031.768
v -4677.974 0.050 4023.997
f 4985 4986 4987
f 4987 4988 4985
v -4677.973 0.050 4023.998
v -4679.877 0.050 4031.768
v -4645.079 0.050 4040.298
v -4643.174 0.050 4032.528
f 4989 4990 4991
f 4991 4992 4989
v -4642.336 0.050 4032.836
v -4645.918 0.050 4039.989
v -4628.619 0.050 4048.651
v -4625.037 0.050 4041.498
f 4993 4994 4995
f 4995 4996 4993
v -4624.619 0.050 4041.740
v -4629.037 0.050 4048.410
v -4612.550 0.050 4059.330
v -4608.132 0.050 4052.660
f 4997 4998 4999
f 4999 5000 4997
v -4607.528 0.050 4053.152
v -4613.155 0.050 4058.838
v -4574.393 0.050 4097.196
v -4568.766 0.050 4091.510
f 5001 5002 5003
f 5003 5004 5001
v -4568.765 0.050 4091.511
v -4574.394 0.050 4097.196
v -4569.073 0.050 4102.464
v -4563.444 0.050 4096.779
f 5005 5006 5007
f 5007 5008 5005
v -4564.372 0.050 4096.095
v -4568.146 0.050 4103.149
v -4557.214 0.050 4108.998
v -4553.440 0.050 4101.944
f 5009 5010 5011
f 5011 5012 5009
v -4235.737 0.050 4166.503
v -4243.580 0.050 4168.084
v -4241.665 0.050 4177.578
v -4233.823 0.050 4175.997
f 5013 5014 5015
f 5015 5016 5013
v -4217.082 0.050 4162.060
v -4216.260 0.050 4170.018
v -4206.286 0.050 4168.988
v -4207.108 0.050 4161.030
f 5017 5018 5019
f 5019 5020 5017
v -4207.085 0.050 4161.028
v -4206.308 0.050 4168.990
v -4180.337 0.050 4166.455
v -4181.115 0.050 4158.493
f 5021 5022 5023
f 5023 5024 5021
v -4183.762 0.050 4159.869
v -4177.690 0.050 4165.079
v -4171.278 0.050 4157.605
v -4177.350 0.050 4152.396
f 5025 5026 5027
f 5027 5028 5025
v -4324.836 0.050 4185.498
v -4316.874 0.050 4184.714
v -4318.377 0.050 4169.437
v -4326.339 0.050 4170.220
f 5029 5030 5031
f 5031 5032 5029
v -4680.619 0.050 4529.667
v -4672.867 0.050 4531.642
v -4653.319 0.050 4454.914
v -4661.072 0.050 4452.939
f 5033 5034 5035
f 5035 5036 5033
v -4660.304 0.050 4451.409
v -4654.087 0.050 4456.445
v -4629.296 0.050 4425.838
v -4635.513 0.050 4420.803
f 5037 5038 5039
f 5039 5040 5037
v -4636.193 0.050 4422.036
v -4628.617 0.050 4424.605
v -4626.234 0.050 4417.580
v -4633.811 0.050 4415.011
f 5041 5042 5043
f 5043 5044 5041
v -4633.993 0.050 4415.808
v -4626.052 0.050 4416.784
v -4621.867 0.050 4382.744
v -4629.807 0.050 4381.768
f 5045 5046 5047
f 5047 5048 5045
v -4629.269 0.050 4380.202
v -4622.405 0.050 4384.310
v -4604.772 0.050 4354.852
v -4611.636 0.050 4350.744
f 5049 5050 5051
f 5051 5052 5049
v -4611.396 0.050 4350.387
v -4605.012 0.050 4355.209
v -4577.739 0.050 4319.096
v -4584.123 0.050 4314.274
f 5053 5054 5055
f 5055 5056 5053
v -4583.655 0.050 4313.756
v -4578.207 0.050 4319.614
v -4567.487 0.050 4309.645
v -4572.935 0.050 4303.787
f 5057 5058 5059
f 5059 5060 5057
v -4571.575 0.050 4302.956
v -4568.846 0.050 4310.476
v -4560.007 0.050 4307.267
v -4562.737 0.050 4299.747
f 5061 5062 5063
f 5063 5064 5061
v -4563.158 0.050 4299.928
v -4559.586 0.050 4307.086
v -4551.304 0.050 4302.954
v -4554.876 0.050 4295.795
f 5065 5066 5067
f 5067 5068 5065
v -4555.824 0.050 4296.455
v -4550.355 0.050 4302.294
v -4544.533 0.050 4296.841
v -4550.002 0.050 4291.002
f 5069 5070 5071
f 5071 5072 5069
v -4551.105 0.050 4292.791
v -4543.431 0.050 4295.051
v -4538.722 0.050 4279.061
v -4546.396 0.050 4276.801
f 5073 5074 5075
f 5075 5076 5073
v -4546.073 0.050 4276.020
v -4539.045 0.050 4279.842
v -4532.087 0.050 4267.047
v -4539.115 0.050 4263.225
f 5077 5078 5079
f 5079 5080 5077
v -4538.770 0.050 4262.695
v -4532.432 0.050 4267.577
v -4519.831 0.050 4251.217
v -4526.169 0.050 4246.335
f 5081 5082 5083
f 5083 5084 5081
v -4525.850 0.050 4245.969
v -4520.150 0.050 4251.583
v -4508.106 0.050 4239.356
v -4513.805 0.050 4233.742
f 5085 5086 5087
f 5087 5088 5085
v -4513.728 0.050 4233.667
v -4508.182 0.050 4239.432
v -4503.295 0.050 4234.732
v -4508.841 0.050 4228.966
f 5089 5090 5091
f 5091 5092 5089
v -4509.498 0.050 4229.790
v -4502.639 0.050 4233.907
v -4499.255 0.050 4228.269
v -4506.114 0.050 4224.152
f 5093 5094 5095
f 5095 5096 5093
v -4506.426 0.050 4224.797
v -4498.942 0.050 4227.625
v -4493.109 0.050 4212.189
v -4500.593 0.050 4209.361
f 5097 5098 5099
f 5099 5100 5097
v -4500.331 0.050 4208.803
v -4493.371 0.050 4212.747
v -4490.176 0.050 4207.109
v -4497.136 0.050 4203.165
f 5101 5102 5103
f 5103 5104 5101
v -4495.080 0.050 4201.399
v -4492.232 0.050 4208.875
v -4484.329 0.050 4205.864
v -4487.176 0.050 4198.388
f 5105 5106 5107
f 5107 5108 5105
v -4485.930 0.050 4198.130
v -4485.575 0.050 4206.122
v -4460.372 0.050 4205.000
v -4460.728 0.050 4197.008
f 5109 5110 5111
f 5111 5112 5109
v -4460.231 0.050 4197.016
v -4460.868 0.050 4204.991
v -4444.504 0.050 4206.298
v -4443.867 0.050 4198.324
f 5113 5114 5115
f 5115 5116 5113
v -4444.501 0.050 4198.323
v -4443.870 0.050 4206.299
v -4432.026 0.050 4205.361
v -4432.657 0.050 4197.386
f 5117 5118 5119
f 5119 5120 5117
v -4432.856 0.050 4197.407
v -4431.827 0.050 4205.340
v -4402.728 0.050 4201.564
v -4403.757 0.050 4193.630
f 5121 5122 5123
f 5123 5124 5121
v -4403.744 0.050 4193.629
v -4402.741 0.050 4201.566
v -4357.100 0.050 4195.795
v -4358.103 0.050 4187.858
f 5125 5126 5127
f 5127 5128 5125
v -4358.433 0.050 4187.914
v -4356.770 0.050 4195.739
v -4330.309 0.050 4190.114
v -4331.973 0.050 4182.289
f 5129 5130 5131
f 5131 5132 5129
v -4331.565 0.050 4182.224
v -4330.717 0.050 4190.179
v -4320.431 0.050 4189.083
v -4321.279 0.050 4181.128
f 5133 5134 5135
f 5135 5136 5133
v -4319.810 0.050 4181.245
v -4321.900 0.050 4188.967
v -4309.020 0.050 4192.453
v -4306.930 0.050 4184.731
f 5137 5138 5139
f 5139 5140 5137
v -4308.324 0.050 4184.607
v -4307.626 0.050 4192.577
v -4270.980 0.050 4189.368
v -4271.678 0.050 4181.398
f 5141 5142 5143
f 5143 5144 5141
v -4272.313 0.050 4181.506
v -4270.344 0.050 4189.260
v -4258.489 0.050 4186.250
v -4260.458 0.050 4178.496
f 5145 5146 5147
f 5147 5148 5145
v -4260.469 0.050 4178.499
v -4258.478 0.050 4186.247
v -4236.748 0.050 4180.661
v -4238.740 0.050 4172.913
f 5149 5150 5151
f 5151 5152 5149
v -4238.737 0.050 4172.913
v -4236.750 0.050 4180.662
v -4227.277 0.050 4178.232
v -4229.264 0.050 4170.483
f 5153 5154 5155
f 5155 5156 5153
v -4228.909 0.050 4170.409
v -4227.632 0.050 4178.306
v -4215.710 0.050 4176.379
v -4216.987 0.050 4168.481
f 5157 5158 5159
f 5159 5160 5157
v -4216.111 0.050 4168.437
v -4216.586 0.050 4176.423
v -4194.823 0.050 4177.717
v -4194.348 0.050 4169.731
f 5161 5162 5163
f 5163 5164 5161
v -4194.006 0.050 4169.766
v -4195.164 0.050 4177.682
v -4186.136 0.050 4179.002
v -4184.978 0.050 4171.086
f 5165 5166 5167
f 5167 5168 5165
v -4185.974 0.050 4171.066
v -4185.140 0.050 4179.023
v -4135.247 0.050 4173.794
v -4136.081 0.050 4165.837
f 5169 5170 5171
f 5171 5172 5169
v -4136.136 0.050 4165.843
v -4135.191 0.050 4173.788
v -4049.464 0.050 4163.594
v -4050.409 0.050 4155.650
f 5173 5174 5175
f 5175 5176 5173
v -4053.346 0.050 4157.530
v -4046.527 0.050 4161.714
v -4043.522 0.050 4156.815
v -4050.340 0.050 4152.631
f 5177 5178 5179
f 5179 5180 5177
v -4050.908 0.050 4155.150
v -4042.954 0.050 4154.296
v -4044.301 0.050 4141.752
v -4052.255 0.050 4142.606
f 5181 5182 5183
f 5183 5184 5181
v -4031.875 0.050 4218.224
v -4029.637 0.050 4225.905
v -4016.090 0.050 4221.957
v -4018.328 0.050 4214.276
f 5185 5186 5187
f 5187 5188 5185
v -4020.538 0.050 4215.900
v -4013.879 0.050 4220.333
v -4008.992 0.050 4212.991
v -4015.652 0.050 4208.558
f 5189 5190 5191
f 5191 5192 5189
v -4016.314 0.050 4210.524
v -4008.330 0.050 4211.026
v -4007.762 0.050 4202.008
v -4015.746 0.050 4201.505
f 5193 5194 5195
f 5195 5196 5193
v -4015.707 0.050 4202.370
v -4007.801 0.050 4201.143
v -4009.493 0.050 4190.237
v -4017.399 0.050 4191.463
f 5197 5198 5199
f 5199 5200 5197
v -4017.443 0.050 4191.014
v -4009.449 0.050 4190.686
v -4010.585 0.050 4163.023
v -4018.578 0.050 4163.351
f 5201 5202 5203
f 5203 5204 5201
v -4018.575 0.050 4163.413
v -4010.588 0.050 4162.961
v -4011.100 0.050 4153.929
v -4019.087 0.050 4154.382
f 5205 5206 5207
f 5207 5208 5205
v -3620.893 0.050 4025.622
v -3625.605 0.050 4019.157
v -3638.017 0.050 4028.202
v -3633.305 0.050 4034.667
f 5209 5210 5211
f 5211 5212 5209
v -3633.910 0.050 4035.031
v -3637.412 0.050 4027.838
v -3654.578 0.050 4036.197
v -3651.075 0.050 4043.389
f 5213 5214 5215
f 5215 5216 5213
v -3650.899 0.050 4043.298
v -3654.755 0.050 4036.288
v -3662.747 0.050 4040.685
v -3658.891 0.050 4047.695
f 5217 5218 5219
f 5219 5220 5217
v -3620.413 0.050 4009.712
v -3628.378 0.050 4010.454
v -3627.232 0.050 4022.761
v -3619.266 0.050 4022.019
f 5221 5222 5223
f 5223 5224 5221
v -3619.260 0.050 4022.091
v -3627.238 0.050 4022.688
v -3623.308 0.050 4075.176
v -3615.331 0.050 4074.578
f 5225 5226 5227
f 5227 5228 5225
v -3637.690 0.050 3922.482
v -3645.566 0.050 3923.888
v -3633.254 0.050 3992.868
v -3625.378 0.050 3991.462
f 5229 5230 5231
f 5231 5232 5229
v -3552.000 0.050 4047.215
v -3554.570 0.050 4054.792
v -3547.601 0.050 4057.155
v -3545.031 0.050 4049.579
f 5233 5234 5235
f 5235 5236 5233
v -3544.970 0.050 4049.600
v -3547.663 0.050 4057.134
v -3537.210 0.050 4060.870
v -3534.517 0.050 4053.337
f 5237 5238 5239
f 5239 5240 5237
v -3533.283 0.050 4054.047
v -3538.443 0.050 4060.161
v -3530.183 0.050 4067.132
v -3525.023 0.050 4061.019
f 5241 5242 5243
f 5243 5244 5241
v -3503.824 0.050 4021.058
v -3502.514 0.050 4028.950
v -3474.027 0.050 4024.223
v -3475.337 0.050 4016.331
f 5245 5246 5247
f 5247 5248 5245
v -3476.317 0.050 4016.626
v -3473.047 0.050 4023.927
v -3466.178 0.050 4020.851
v -3469.449 0.050 4013.550
f 5249 5250 5251
f 5251 5252 5249
v -3469.608 0.050 4013.625
v -3466.020 0.050 4020.775
v -3460.810 0.050 4018.161
v -3464.398 0.050 4011.011
f 5253 5254 5255
f 5255 5256 5253
v -3462.908 0.050 4010.597
v -3462.300 0.050 4018.574
v -3442.908 0.050 4017.095
v -3443.516 0.050 4009.119
f 5257 5258 5259
f 5259 5260 5257
v -3352.063 0.050 3789.139
v -3351.285 0.050 3797.101
v -3163.812 0.050 3778.773
v -3164.590 0.050 3770.811
f 5261 5262 5263
f 5263 5264 5261
v -3338.001 0.050 3913.965
v -3336.938 0.050 3921.894
v -3201.496 0.050 3903.738
v -3202.559 0.050 3895.809
f 5265 5266 5267
f 5267 5268 5265
v -3193.513 0.050 3970.324
v -3194.155 0.050 3962.350
v -3331.034 0.050 3973.376
v -3330.391 0.050 3981.350
f 5269 5270 5271
f 5271 5272 5269
v -3344.738 0.050 3854.072
v -3343.849 0.050 3862.022
v -3216.422 0.050 3847.788
v -3217.310 0.050 3839.837
f 5273 5274 5275
f 5275 5276 5273
v -3217.138 0.050 3839.822
v -3216.594 0.050 3847.803
v -3208.657 0.050 3847.262
v -3209.201 0.050 3839.280
f 5277 5278 5279
f 5279 5280 5277
v -3204.959 0.050 3842.786
v -3212.900 0.050 3843.756
v -3205.998 0.050 3900.258
v -3198.057 0.050 3899.288
f 5281 5282 5283
f 5283 5284 5281
v -3198.057 0.050 3899.285
v -3205.997 0.050 3900.262
v -3197.804 0.050 3966.826
v -3189.864 0.050 3965.848
f 5285 5286 5287
f 5287 5288 5285
v -3189.891 0.050 3967.010
v -3197.777 0.050 3965.664
v -3208.831 0.050 4030.458
v -3200.945 0.050 4031.804
f 5289 5290 5291
f 5291 5292 5289
v -3203.265 0.050 4034.787
v -3206.511 0.050 4027.475
v -3226.649 0.050 4036.414
v -3223.403 0.050 4043.726
f 5293 5294 5295
f 5295 5296 5293
v -3357.894 0.050 3729.278
v -3363.198 0.050 3735.268
v -3356.830 0.050 3740.906
v -3351.527 0.050 3734.917
f 5297 5298 5299
f 5299 5300 5297
v -3350.183 0.050 3737.730
v -3358.175 0.050 3738.093
v -3355.670 0.050 3793.301
v -3347.678 0.050 3792.939
f 5301 5302 5303
f 5303 5304 5301
v -3347.700 0.050 3792.668
v -3355.648 0.050 3793.572
v -3348.268 0.050 3858.499
v -3340.319 0.050 3857.595
f 5305 5306 5307
f 5307 5308 5305
v -3340.319 0.050 3857.594
v -3348.268 0.050 3858.500
v -3341.444 0.050 3918.382
v -3333.495 0.050 3917.477
f 5309 5310 5311
f 5311 5312 5309
v -3333.495 0.050 3917.478
v -3341.444 0.050 3918.381
v -3334.687 0.050 3977.815
v -3326.738 0.050 3976.911
f 5313 5314 5315
f 5315 5316 5313
v -3326.738 0.050 3976.910
v -3334.687 0.050 3977.815
v -3326.872 0.050 4046.452
v -3318.924 0.050 4045.547
f 5317 5318 5319
f 5319 5320 5317
v -3323.636 0.050 4042.068
v -3322.159 0.050 4049.930
v -3286.103 0.050 4043.156
v -3287.580 0.050 4035.294
f 5321 5322 5323
f 5323 5324 5321
v -3287.580 0.050 4035.294
v -3286.103 0.050 4043.156
v -3254.121 0.050 4037.148
v -3255.598 0.050 4029.286
f 5325 5326 5327
f 5327 5328 5325
v -3255.016 0.050 4029.220
v -3254.703 0.050 4037.214
v -3240.220 0.050 4036.646
v -3240.533 0.050 4028.652
f 5329 5330 5331
f 5331 5332 5329
v -3239.061 0.050 4028.872
v -3241.692 0.050 4036.427
v -3228.156 0.050 4041.141
v -3225.525 0.050 4033.586
f 5333 5334 5335
f 5335 5336 5333
v -3223.518 0.050 4035.136
v -3230.163 0.050 4039.591
v -3228.348 0.050 4042.297
v -3221.703 0.050 4037.843
f 5337 5338 5339
f 5339 5340 5337
v -3221.697 0.050 4037.852
v -3228.354 0.050 4042.288
v -3222.265 0.050 4051.426
v -3215.608 0.050 4046.989
f 5341 5342 5343
f 5343 5344 5341
v -3215.181 0.050 4047.831
v -3222.692 0.050 4050.584
v -3218.874 0.050 4061.002
v -3211.363 0.050 4058.249
f 5345 5346 5347
f 5347 5348 5345
v -3304.045 0.050 4158.019
v -3311.005 0.050 4161.964
v -3293.516 0.050 4192.822
v -3286.556 0.050 4188.878
f 5349 5350 5351
f 5351 5352 5349
v -3287.794 0.050 4187.537
v -3292.278 0.050 4194.162
v -3286.445 0.050 4198.110
v -3281.961 0.050 4191.485
f 5353 5354 5355
f 5355 5356 5353
v -3284.016 0.050 4190.802
v -3284.390 0.050 4198.793
v -3276.487 0.050 4199.163
v -3276.113 0.050 4191.172
f 5357 5358 5359
f 5359 5360 5357
v -3278.847 0.050 4192.083
v -3273.752 0.050 4198.252
v -3265.103 0.050 4191.108
v -3270.197 0.050 4184.940
f 5361 5362 5363
f 5363 5364 5361
v -3271.505 0.050 4186.957
v -3263.795 0.050 4189.091
v -3255.780 0.050 4160.134
v -3263.490 0.050 4158.000
f 5365 5366 5367
f 5367 5368 5365
v -4348.127 0.050 3945.323
v -4355.833 0.050 3947.473
v -4350.812 0.050 3965.471
v -4343.106 0.050 3963.321
f 5369 5370 5371
f 5371 5372 5369
v -4343.085 0.050 3963.401
v -4350.834 0.050 3965.391
v -4346.960 0.050 3980.471
v -4339.211 0.050 3978.480
f 5373 5374 5375
f 5375 5376 5373
v -4339.290 0.050 3978.213
v -4346.881 0.050 3980.737
v -4335.104 0.050 4016.165
v -4327.512 0.050 4013.641
f 5377 5378 5379
f 5379 5380 5377
v -3956.632 -80.805 2997.280
v -3962.325 -80.436 3002.900
v -3952.863 -79.221 3012.487
v -3947.169 -79.590 3006.867
f 5381 5382 5383
f 5383 5384 5381
v -3929.447 -81.381 2973.410
v -3932.603 -81.085 2980.761
v -3925.712 -80.473 2983.719
v -3922.557 -80.744 2976.368
f 5385 5386 5387
f 5387 5388 5385
v -3922.533 -80.742 2976.378
v -3925.736 -80.475 2983.709
v -3917.576 -79.779 2987.275
v -3914.373 -80.016 2979.944
f 5389 5390 5391
f 5391 5392 5389
v -3914.477 -80.025 2979.900
v -3917.473 -79.771 2987.318
v -3910.248 -79.198 2990.237
v -3907.252 -79.425 2982.819
f 5393 5394 5395
f 5395 5396 5393
v -3812.721 -72.659 2985.625
v -3816.315 -72.583 2978.477
v -3836.431 -74.261 2988.593
v -3832.837 -74.176 2995.740
f 5397 5398 5399
f 5399 5400 5397
v -3832.029 -74.114 2995.202
v -3837.239 -74.324 2989.131
v -3840.901 -74.607 2992.274
v -3835.691 -74.402 2998.345
f 5401 5402 5403
f 5403 5404 5401
v -3834.626 -74.309 2996.899
v -3841.967 -74.694 2993.720
v -3844.037 -74.872 2998.500
v -3836.696 -74.524 3001.680
f 5405 5406 5407
f 5407 5408 5405
v -4605.849 -93.553 2936.298
v -4613.431 -93.233 2938.851
v -4601.508 -95.187 2974.255
v -4593.927 -95.513 2971.702
f 5409 5410 5411
f 5411 5412 5409
v -4525.998 -99.751 2864.594
v -4520.002 -99.949 2859.298
v -4537.513 -98.633 2839.476
v -4543.508 -98.428 2844.773
f 5413 5414 5415
f 5415 5416 5413
v -4514.065 -99.499 2840.317
v -4521.872 -99.242 2838.571
v -4526.904 -99.604 2861.073
v -4519.096 -100.097 2862.819
f 5417 5418 5419
f 5419 5420 5417
v -4519.058 -100.049 2861.268
v -4526.942 -99.640 2862.625
v -4519.662 -100.818 2904.922
v -4511.778 -101.299 2903.565
f 5421 5422 5423
f 5423 5424 5421
v -4551.702 -98.020 2908.076
v -4549.980 -98.173 2915.889
v -4514.859 -101.107 2908.150
v -4516.580 -101.001 2900.337
f 5425 5426 5427
f 5427 5428 5425
v -4516.525 -101.005 2900.326
v -4514.914 -101.104 2908.162
v -4481.185 -103.164 2901.229
v -4482.795 -102.828 2893.393
f 5429 5430 5431
f 5431 5432 5429
v -4565.037 -97.426 2844.457
v -4572.757 -97.017 2846.554
v -4554.701 -97.753 2913.031
v -4546.981 -98.439 2910.934
f 5433 5434 5435
f 5435 5436 5433
v -4546.914 -98.445 2911.221
v -4554.768 -97.747 2912.743
v -4552.508 -97.948 2924.404
v -4544.654 -98.644 2922.882
f 5437 5438 5439
f 5439 5440 5437
v -4544.835 -98.628 2925.046
v -4552.327 -97.964 2922.239
v -4555.711 -97.666 2931.272
v -4548.220 -98.323 2934.079
f 5441 5442 5443
f 5443 5444 5441
v -4549.421 -98.217 2935.762
v -4554.510 -97.772 2929.589
v -4588.740 -95.369 2957.809
v -4583.652 -95.877 2963.982
f 5445 5446 5447
f 5447 5448 5445
v -4583.301 -95.890 2963.656
v -4589.091 -95.351 2958.135
v -4600.612 -95.042 2970.218
v -4594.823 -95.633 2975.739
f 5449 5450 5451
f 5451 5452 5449
v -4340.618 -94.202 2864.240
v -4335.156 -93.658 2870.085
v -4303.630 -90.182 2840.623
v -4309.092 -90.769 2834.778
f 5453 5454 5455
f 5455 5456 5453
v -4307.836 -90.669 2833.982
v -4304.886 -90.291 2841.419
v -4289.803 -89.045 2835.437
v -4292.752 -89.549 2828.000
f 5457 5458 5459
f 5459 5460 5457
v -4291.960 -89.493 2827.777
v -4290.595 -89.108 2835.660
v -4280.298 -88.275 2833.877
v -4281.663 -88.760 2825.994
f 5461 5462 5463
f 5463 5464 5461
v -4282.611 -88.820 2826.283
v -4279.349 -88.207 2833.588
v -4273.672 -87.859 2831.052
v -4276.934 -88.514 2823.748
f 5465 5466 5467
f 5467 5468 5465
v -4278.269 -88.563 2824.717
v -4272.337 -87.820 2830.083
v -4241.134 -88.611 2795.590
v -4247.066 -89.302 2790.223
f 5469 5470 5471
f 5471 5472 5469
v -4248.068 -89.156 2792.404
v -4240.132 -88.769 2793.409
v -4238.941 -89.587 2784.007
v -4246.877 -89.907 2783.002
f 5473 5474 5475
f 5475 5476 5473
v -4246.871 -89.818 2784.054
v -4238.947 -89.684 2782.954
v -4239.838 -90.271 2776.536
v -4247.762 -90.370 2777.636
f 5477 5478 5479
f 5479 5480 5477
v -4247.329 -90.259 2778.968
v -4240.270 -90.389 2775.204
v -4243.855 -90.994 2768.482
v -4250.914 -90.836 2772.247
f 5481 5482 5483
f 5483 5484 5481
v -4250.417 -90.774 2772.972
v -4244.351 -91.058 2767.757
v -4259.880 -92.482 2749.692
v -4265.946 -92.175 2754.906
f 5485 5486 5487
f 5487 5488 5485
v -4266.373 -92.213 2754.307
v -4259.454 -92.442 2750.291
v -4262.136 -92.688 2745.669
v -4269.055 -92.493 2749.685
f 5489 5490 5491
f 5491 5492 5489
v -4269.563 -92.615 2747.163
v -4261.629 -92.573 2748.191
v -4261.184 -92.732 2744.758
v -4269.117 -92.758 2743.729
f 5493 5494 5495
f 5495 5496 5493
v -4267.342 -92.883 2740.897
v -4262.959 -92.600 2747.590
v -4259.531 -92.707 2745.345
v -4263.913 -92.998 2738.652
f 5497 5498 5499
f 5499 5500 5497
v -4262.484 -93.032 2738.072
v -4260.960 -92.678 2745.925
v -4254.837 -92.746 2744.737
v -4256.362 -93.126 2736.883
f 5501 5502 5503
f 5503 5504 5501
v -4255.845 -93.133 2736.818
v -4255.354 -92.741 2744.802
v -4175.182 -90.577 2739.877
v -4175.672 -91.111 2731.892
f 5505 5506 5507
f 5507 5508 5505
v -4020.933 -81.352 3288.863
v -4017.313 -81.864 3295.997
v -4007.606 -81.321 3291.071
v -4011.226 -80.775 3283.937
f 5509 5510 5511
f 5511 5512 5509
v -4011.374 -80.785 3284.016
v -4007.459 -81.312 3290.992
v -3994.023 -80.387 3283.452
v -3997.938 -79.817 3276.476
f 5513 5514 5515
f 5515 5516 5513
v -3997.873 -79.812 3276.440
v -3994.087 -80.392 3283.488
v -3969.230 -78.398 3270.137
v -3973.015 -77.794 3263.090
f 5517 5518 5519
f 5519 5520 5517
v -3972.501 -77.756 3262.858
v -3969.744 -78.436 3270.369
v -3943.695 -76.741 3260.808
v -3946.452 -76.070 3253.298
f 5521 5522 5523
f 5523 5524 5521
v -3946.707 -76.088 3253.402
v -3943.440 -76.723 3260.704
v -3910.590 -74.988 3246.007
v -3913.857 -74.464 3238.704
f 5525 5526 5527
f 5527 5528 5525
v -3913.526 -74.454 3238.573
v -3910.921 -75.001 3246.138
v -3894.201 -74.650 3240.380
v -3896.805 -74.193 3232.816
f 5529 5530 5531
f 5531 5532 5529
v -3896.879 -74.193 3232.842
v -3894.127 -74.650 3240.354
v -3872.932 -74.729 3232.589
v -3875.684 -74.464 3225.077
f 5533 5534 5535
f 5535 5536 5533
v -3875.407 -74.470 3224.987
v -3873.209 -74.724 3232.679
v -3854.396 -75.191 3227.305
v -3856.594 -75.063 3219.613
f 5537 5538 5539
f 5539 5540 5537
v -3856.541 -75.066 3219.598
v -3854.449 -75.189 3227.320
v -3840.122 -75.784 3223.437
v -3842.214 -75.780 3215.716
f 5541 5542 5543
f 5543 5544 5541
v -3842.061 -75.788 3215.677
v -3840.275 -75.777 3223.475
v -3822.063 -76.692 3219.303
v -3823.850 -76.860 3211.505
f 5545 5546 5547
f 5547 5548 5545
v -3824.072 -76.846 3211.562
v -3821.840 -76.705 3219.245
v -3794.066 -78.311 3211.176
v -3796.298 -78.619 3203.494
f 5549 5550 5551
f 5551 5552 5549
v -3796.420 -78.611 3203.532
v -3793.944 -78.319 3211.139
v -3768.263 -79.860 3202.780
v -3770.739 -80.180 3195.173
f 5553 5554 5555
f 5555 5556 5553
v -3770.987 -80.169 3195.262
v -3768.015 -79.870 3202.690
v -3735.175 -81.354 3189.551
v -3738.147 -81.762 3182.123
f 5557 5558 5559
f 5559 5560 5557
v -3738.276 -81.755 3182.177
v -3735.046 -81.355 3189.496
v -3678.908 -80.633 3164.723
v -3682.138 -80.917 3157.404
f 5561 5562 5563
f 5563 5564 5561
v -3682.232 -80.922 3157.447
v -3678.813 -80.627 3164.680
v -3624.478 -76.772 3138.996
v -3627.897 -77.033 3131.763
f 5565 5566 5567
f 5567 5568 5565
v -3627.717 -77.018 3131.683
v -3624.659 -76.787 3139.076
v -3567.630 -73.061 3115.491
v -3570.688 -73.402 3108.098
f 5569 5570 5571
f 5571 5572 5569
v -3570.654 -73.402 3108.084
v -3567.664 -73.062 3115.505
v -3504.657 -74.163 3090.124
v -3507.647 -74.571 3082.704
f 5573 5574 5575
f 5575 5576 5573
v -3507.592 -74.574 3082.682
v -3504.712 -74.160 3090.146
v -3487.703 -75.088 3083.583
v -3490.582 -75.647 3076.119
f 5577 5578 5579
f 5579 5580 5577
v -3490.269 -75.666 3076.013
v -3488.016 -75.060 3083.689
v -3470.695 -76.652 3078.605
v -3472.948 -77.148 3070.929
f 5581 5582 5583
f 5583 5584 5581
v -3472.477 -77.186 3070.821
v -3471.165 -76.612 3078.712
v -3458.619 -77.592 3076.626
v -3459.932 -78.112 3068.734
f 5585 5586 5587
f 5587 5588 5585
v -3459.744 -78.125 3068.708
v -3458.807 -77.578 3076.653
v -3443.578 -78.782 3074.857
v -3444.515 -79.227 3066.912
f 5589 5590 5591
f 5591 5592 5589
v -3444.265 -79.249 3066.890
v -3443.829 -78.758 3074.878
v -3334.258 -88.750 3068.909
v -3334.693 -88.250 3060.921
f 5593 5594 5595
f 5595 5596 5593
v -3334.679 -88.251 3060.921
v -3334.271 -88.749 3068.910
v -3217.519 -93.686 3062.941
v -3217.928 -93.122 3054.952
f 5597 5598 5599
f 5599 5600 5597
v -3218.036 -93.120 3054.959
v -3217.410 -93.687 3062.934
v -3183.079 -93.776 3060.240
v -3183.705 -93.476 3052.265
f 5601 5602 5603
f 5603 5604 5601
v -4689.294 -105.591 2655.407
v -4689.885 -105.725 2663.385
v -4686.679 -105.920 2663.623
v -4686.088 -105.757 2655.645
f 5605 5606 5607
f 5607 5608 5605
v -4684.477 -105.785 2656.117
v -4688.290 -105.822 2663.150
v -4678.695 -105.996 2668.353
v -4674.881 -105.914 2661.320
f 5609 5610 5611
f 5611 5612 5609
v -4695.451 -104.529 2641.538
v -4702.541 -104.306 2645.243
v -4698.512 -104.909 2652.955
v -4691.421 -105.148 2649.250
f 5613 5614 5615
f 5615 5616 5613
v -4691.610 -105.120 2648.927
v -4698.323 -104.936 2653.279
v -4692.946 -105.513 2661.572
v -4686.233 -105.840 2657.220
f 5617 5618 5619
f 5619 5620 5617
v -4687.157 -105.885 2662.571
v -4692.022 -105.466 2656.221
v -4695.573 -105.318 2658.941
v -4690.708 -105.698 2665.292
f 5621 5622 5623
f 5623 5624 5621
v -4691.829 -105.635 2665.895
v -4694.453 -105.380 2658.338
v -4742.565 -101.877 2675.043
v -4739.941 -102.216 2682.601
f 5625 5626 5627
f 5627 5628 5625
v -4991.761 0.050 4487.124
v -4984.869 0.050 4491.186
v -4975.018 0.050 4474.470
v -4981.910 0.050 4470.408
f 5629 5630 5631
f 5631 5632 5629
v -4981.704 0.050 4470.093
v -4975.223 0.050 4474.784
v -4959.550 0.050 4453.130
v -4966.030 0.050 4448.439
f 5633 5634 5635
f 5635 5636 5633
v -4965.786 0.050 4448.135
v -4959.794 0.050 4453.434
v -4945.010 0.050 4436.718
v -4951.003 0.050 4431.418
f 5637 5638 5639
f 5639 5640 5637
v -4951.025 0.050 4431.444
v -4944.988 0.050 4436.693
v -4858.404 0.050 4337.109
v -4864.441 0.050 4331.859
f 5641 5642 5643
f 5643 5644 5641
v -4864.363 0.050 4331.772
v -4858.482 0.050 4337.196
v -4817.872 0.050 4293.160
v -4823.754 0.050 4287.737
f 5645 5646 5647
f 5647 5648 5645
v -4822.830 0.050 4286.994
v -4818.796 0.050 4293.903
v -4811.627 0.050 4289.717
v -4815.661 0.050 4282.808
f 5649 5650 5651
f 5651 5652 5649
v -4814.942 0.050 4282.479
v -4812.346 0.050 4290.046
v -4787.566 0.050 4281.543
v -4790.163 0.050 4273.976
f 5653 5654 5655
f 5655 5656 5653
v -4790.656 0.050 4274.183
v -4787.073 0.050 4281.336
v -4779.904 0.050 4277.744
v -4783.487 0.050 4270.592
f 5657 5658 5659
f 5659 5660 5657
v -4785.321 0.050 4272.479
v -4778.069 0.050 4275.856
v -4759.857 0.050 4236.746
v -4767.110 0.050 4233.369
f 5661 5662 5663
f 5663 5664 5661
v -4765.615 0.050 4231.673
v -4761.352 0.050 4238.442
v -4756.131 0.050 4235.154
v -4760.394 0.050 4228.385
f 5665 5666 5667
f 5667 5668 5665
v -4759.681 0.050 4228.030
v -4756.844 0.050 4235.509
v -4695.484 0.050 4212.230
v -4698.322 0.050 4204.751
f 5669 5670 5671
f 5671 5672 5669
v -4697.056 0.050 4204.493
v -4696.750 0.050 4212.488
v -4634.344 0.050 4210.098
v -4634.651 0.050 4202.104
f 5673 5674 5675
f 5675 5676 5673
v -4635.418 0.050 4202.208
v -4633.577 0.050 4209.993
v -4595.662 0.050 4201.028
v -4597.503 0.050 4193.242
f 5677 5678 5679
f 5679 5680 5677
v -3211.314 0.050 4058.390
v -3218.923 0.050 4060.862
v -3214.526 0.050 4074.396
v -3206.917 0.050 4071.924
f 5681 5682 5683
f 5683 5684 5681
v -3211.623 0.050 4069.263
v -3209.819 0.050 4077.057
v -3181.923 0.050 4070.600
v -3183.727 0.050 4062.806
f 5685 5686 5687
f 5687 5688 5685
v -3183.505 0.050 4062.762
v -3182.144 0.050 4070.645
v -3172.359 0.050 4068.955
v -3173.720 0.050 4061.072
f 5689 5690 5691
f 5691 5692 5689
v -3172.737 0.050 4061.025
v -3173.342 0.050 4069.002
v -3158.882 0.050 4070.098
v -3158.277 0.050 4062.121
f 5693 5694 5695
f 5695 5696 5693
v -3158.855 0.050 4062.119
v -3158.304 0.050 4070.100
v -3122.948 0.050 4067.657
v -3123.500 0.050 4059.676
f 5697 5698 5699
f 5699 5700 5697
v -3298.327 0.050 4056.785
v -3301.672 0.050 4064.052
v -3295.906 0.050 4066.706
v -3292.561 0.050 4059.439
f 5701 5702 5703
f 5703 5704 5701
v -3293.864 0.050 4059.089
v -3294.602 0.050 4067.055
v -3274.921 0.050 4068.877
v -3274.183 0.050 4060.911
f 5705 5706 5707
f 5707 5708 5705
v -3274.739 0.050 4060.899
v -3274.365 0.050 4068.890
v -3244.208 0.050 4067.477
v -3244.583 0.050 4059.486
f 5709 5710 5711
f 5711 5712 5709
v -3245.047 0.050 4059.535
v -3243.743 0.050 4067.428
v -3222.882 0.050 4063.982
v -3224.186 0.050 4056.089
f 5713 5714 5715
f 5715 5716 5713
v -3223.728 0.050 4056.040
v -3223.340 0.050 4064.030
v -3214.924 0.050 4063.621
v -3215.313 0.050 4055.631
f 5717 5718 5719
f 5719 5720 5717
v -3204.683 0.050 4079.548
v -3211.371 0.050 4083.938
v -3197.089 0.050 4105.699
v -3190.401 0.050 4101.309
f 5721 5722 5723
f 5723 5724 5721
v -3217.119 0.050 4103.783
v -3215.656 0.050 4111.648
v -3193.013 0.050 4107.436
v -3194.477 0.050 4099.571
f 5725 5726 5727
f 5727 5728 5725
v -3194.475 0.050 4099.571
v -3193.015 0.050 4107.437
v -3172.232 0.050 4103.581
v -3173.691 0.050 4095.715
f 5729 5730 5731
f 5731 5732 5729
v -3650.608 0.050 4084.146
v -3647.141 0.050 4076.937
v -3649.613 0.050 4075.748
v -3653.080 0.050 4082.958
f 5733 5734 5735
f 5735 5736 5733
v -3655.157 0.050 4080.568
v -3647.535 0.050 4078.139
v -3655.672 0.050 4052.602
v -3663.295 0.050 4055.030
f 5737 5738 5739
f 5739 5740 5737
v -3663.229 0.050 4055.220
v -3655.738 0.050 4052.412
v -3657.753 0.050 4047.038
v -3665.244 0.050 4049.846
f 5741 5742 5743
f 5743 5744 5741
v -3665.448 0.050 4047.811
v -3657.548 0.050 4049.073
v -3656.869 0.050 4044.821
v -3664.769 0.050 4043.559
f 5745 5746 5747
f 5747 5748 5745
v -4379.868 -91.292 3066.576
v -4376.078 -91.735 3059.531
v -4395.225 -92.748 3049.231
v -4399.015 -92.198 3056.276
f 5749 5750 5751
f 5751 5752 5749
v -4398.432 -92.164 3056.532
v -4395.808 -92.782 3048.974
v -4413.875 -93.841 3042.702
v -4416.499 -93.161 3050.259
f 5753 5754 5755
f 5755 5756 5753
v -4416.569 -93.165 3050.234
v -4413.805 -93.837 3042.727
v -4445.442 -95.926 3031.080
v -4448.206 -95.230 3038.587
f 5757 5758 5759
f 5759 5760 5757
v -4496.898 -93.472 3091.201
v -4495.135 -92.991 3099.005
v -4469.242 -91.483 3093.155
v -4471.005 -92.014 3085.351
f 5761 5762 5763
f 5763 5764 5761
v -4470.575 -91.998 3085.279
v -4469.672 -91.500 3093.227
v -4448.632 -90.571 3090.837
v -4449.535 -91.129 3082.888
f 5765 5766 5767
f 5767 5768 5765
v -4449.972 -91.144 3082.963
v -4448.196 -90.554 3090.763
v -4409.523 -90.235 3081.955
v -4411.300 -90.937 3074.155
f 5769 5770 5771
f 5771 5772 5769
v -4411.936 -90.931 3074.357
v -4408.887 -90.242 3081.753
v -4394.405 -90.577 3075.784
v -4397.453 -91.166 3068.388
f 5773 5774 5775
f 5775 5776 5773
v -4397.726 -91.158 3068.513
v -4394.131 -90.589 3075.659
v -4376.175 -91.284 3066.627
v -4379.770 -91.767 3059.480
f 5777 5778 5779
f 5779 5780 5777
v -4379.768 -91.767 3059.479
v -4376.178 -91.284 3066.628
v -4366.816 -91.533 3061.927
v -4370.406 -91.972 3054.778
f 5781 5782 5783
f 5783 5784 5781
v -4369.862 -91.978 3054.553
v -4367.360 -91.523 3062.152
v -4334.221 -91.743 3051.244
v -4336.722 -91.964 3043.645
f 5785 5786 5787
f 5787 5788 5785
v -4337.243 -91.969 3043.858
v -4333.699 -91.742 3051.031
v -4295.929 -90.702 3032.372
v -4299.472 -90.659 3025.199
f 5789 5790 5791
f 5791 5792 5789
v -4299.960 -90.690 3025.484
v -4295.441 -90.674 3032.086
v -4264.684 -88.035 3011.037
v -4269.202 -87.904 3004.435
f 5793 5794 5795
f 5795 5796 5793
v -4269.097 -87.893 3004.365
v -4264.789 -88.046 3011.106
v -4235.823 -84.637 2992.592
v -4240.132 -84.500 2985.851
f 5797 5798 5799
f 5799 5800 5797
v -4240.352 -84.528 2986.003
v -4235.603 -84.607 2992.440
v -4213.962 -82.222 2976.475
v -4218.712 -81.991 2970.037
f 5801 5802 5803
f 5803 5804 5801
v -4218.110 -81.932 2969.670
v -4214.564 -82.282 2976.842
v -4189.484 -80.056 2964.442
v -4193.030 -79.765 2957.270
f 5805 5806 5807
f 5807 5808 5805
v -4193.336 -79.789 2957.439
v -4189.178 -80.040 2964.273
v -4169.318 -79.313 2952.190
v -4173.476 -79.065 2945.356
f 5809 5810 5811
f 5811 5812 5809
v -4576.901 -100.804 3173.568
v -4571.112 -100.161 3179.090
v -4565.167 -99.644 3172.857
v -4570.957 -100.242 3167.336
f 5813 5814 5815
f 5815 5816 5813
v -4571.411 -100.285 3167.909
v -4564.713 -99.601 3172.283
v -4560.082 -99.114 3165.192
v -4566.780 -99.845 3160.818
f 5817 5818 5819
f 5819 5820 5817
v -4566.806 -99.847 3160.857
v -4560.057 -99.111 3165.153
v -4549.837 -97.926 3149.095
v -4556.587 -98.735 3144.800
f 5821 5822 5823
f 5823 5824 5821
v -4556.765 -98.756 3145.109
v -4549.659 -97.905 3148.785
v -4542.869 -97.113 3135.659
v -4549.974 -97.946 3131.983
f 5825 5826 5827
f 5827 5828 5825
v -4549.074 -97.843 3130.827
v -4543.769 -97.215 3136.816
v -4540.474 -96.839 3133.897
v -4545.779 -97.468 3127.908
f 5829 5830 5831
f 5831 5832 5829
v -4544.171 -97.287 3127.042
v -4542.082 -97.024 3134.764
v -4536.861 -96.421 3133.351
v -4538.951 -96.697 3125.629
f 5833 5834 5835
f 5835 5836 5833
v -4537.281 -96.508 3125.539
v -4538.530 -96.615 3133.441
v -4532.931 -95.958 3134.326
v -4531.682 -95.867 3126.424
f 5837 5838 5839
f 5839 5840 5837
v -4529.944 -95.663 3127.147
v -4534.669 -96.165 3133.602
v -4531.908 -95.830 3135.623
v -4527.183 -95.331 3129.167
f 5841 5842 5843
f 5843 5844 5841
v -4647.625 -96.618 3010.577
v -4645.215 -97.370 3018.205
v -4630.754 -97.092 3013.636
v -4633.165 -96.395 3006.008
f 5845 5846 5847
f 5847 5848 5845
v -4633.832 -96.408 3006.287
v -4630.087 -97.075 3013.357
v -4618.967 -96.748 3007.467
v -4622.711 -96.122 3000.398
f 5849 5850 5851
f 5851 5852 5849
v -4623.667 -96.159 3001.104
v -4618.010 -96.709 3006.761
v -4606.444 -96.111 2995.193
v -4612.101 -95.601 2989.536
f 5853 5854 5855
f 5855 5856 5853
v -4612.451 -95.613 2989.936
v -4606.095 -96.092 2994.794
v -4598.848 -95.857 2985.312
v -4605.204 -95.321 2980.454
f 5857 5858 5859
f 5859 5860 5857
v -4605.694 -95.348 2981.287
v -4598.358 -95.841 2984.478
v -4594.050 -95.627 2974.574
v -4601.386 -95.052 2971.383
f 5861 5862 5863
f 5863 5864 5861
v -4202.892 0.050 3874.792
v -4208.164 0.050 3880.810
v -4195.685 0.050 3891.743
v -4190.413 0.050 3885.726
f 5865 5866 5867
f 5867 5868 5865
v -4014.308 0.050 3686.370
v -4018.595 0.050 3679.616
v -4025.753 0.050 3684.158
v -4021.466 0.050 3690.913
f 5869 5870 5871
f 5871 5872 5869
v -3664.903 0.050 3782.763
v -3671.964 0.050 3786.522
v -3641.786 0.050 3843.210
v -3634.724 0.050 3839.450
f 5873 5874 5875
f 5875 5876 5873
v -3157.118 0.050 3716.665
v -3158.015 0.050 3708.716
v -3329.992 0.050 3728.126
v -3329.095 0.050 3736.076
f 5877 5878 5879
f 5879 5880 5877
v -3328.857 0.050 3736.042
v -3330.230 0.050 3728.161
v -3345.615 0.050 3730.841
v -3344.241 0.050 3738.722
f 5881 5882 5883
f 5883 5884 5881
v -3343.646 0.050 3738.571
v -3346.210 0.050 3730.993
v -3355.461 0.050 3734.122
v -3352.897 0.050 3741.700
f 5885 5886 5887
f 5887 5888 5885
v -3209.237 0.050 3839.283
v -3208.621 0.050 3847.259
v -3178.375 0.050 3844.922
v -3178.992 0.050 3836.946
f 5889 5890 5891
f 5891 5892 5889
v -3180.109 0.050 3837.196
v -3177.258 0.050 3844.671
v -3170.991 0.050 3842.281
v -3173.842 0.050 3834.806
f 5893 5894 5895
f 5895 5896 5893
v -3175.264 0.050 3835.734
v -3169.569 0.050 3841.353
v -3163.602 0.050 3835.305
v -3169.297 0.050 3829.687
f 5897 5898 5899
f 5899 5900 5897
v -3170.446 0.050 3832.340
v -3162.453 0.050 3832.652
v -3160.204 0.050 3774.948
v -3168.198 0.050 3774.636
f 5901 5902 5903
f 5903 5904 5901
v -3168.183 0.050 3774.415
v -3160.219 0.050 3775.169
v -3155.298 0.050 3723.142
v -3163.263 0.050 3722.389
f 5905 5906 5907
f 5907 5908 5905
v -3163.212 0.050 3722.031
v -3155.349 0.050 3723.500
v -3154.302 0.050 3717.902
v -3162.166 0.050 3716.432
f 5909 5910 5911
f 5911 5912 5909
v -3162.190 0.050 3716.576
v -3154.278 0.050 3717.757
v -3153.610 0.050 3713.281
v -3161.522 0.050 3712.100
f 5913 5914 5915
f 5915 5916 5913
v -3911.242 -72.016 3099.202
v -3908.039 -71.770 3106.533
v -3852.992 -75.221 3082.486
v -3856.194 -75.085 3075.155
f 5917 5918 5919
f 5919 5920 5917
v -3731.669 -77.505 3057.876
v -3728.207 -78.157 3065.088
v -3672.525 -75.845 3038.360
v -3675.987 -75.307 3031.148
f 5921 5922 5923
f 5923 5924 5921
v -3218.522 -92.685 2780.106
v -3212.160 -93.172 2775.255
v -3232.309 -94.934 2748.830
v -3238.671 -94.511 2753.681
f 5925 5926 5927
f 5927 5928 5925
v -3238.176 -94.466 2754.220
v -3232.804 -94.972 2748.292
v -3245.494 -95.555 2736.790
v -3250.867 -94.987 2742.717
f 5929 5930 5931
f 5931 5932 5929
v -3250.068 -94.978 2743.280
v -3246.292 -95.564 2736.227
v -3264.126 -95.584 2726.679
v -3267.902 -94.990 2733.732
f 5933 5934 5935
f 5935 5936 5933
v -3267.898 -94.990 2733.734
v -3264.130 -95.584 2726.677
v -3281.173 -95.609 2717.578
v -3284.941 -94.898 2724.636
f 5937 5938 5939
f 5939 5940 5937
v -3285.507 -94.876 2724.268
v -3280.606 -95.617 2717.946
v -3290.179 -95.106 2710.524
v -3295.081 -94.512 2716.847
f 5941 5942 5943
f 5943 5944 5941
v -3145.549 -94.030 2805.361
v -3143.000 -94.044 2797.778
v -3214.067 -93.226 2773.889
v -3216.616 -92.624 2781.472
f 5945 5946 5947
f 5947 5948 5945
v -3351.694 -88.951 2692.867
v -3359.647 -87.915 2692.007
v -3361.295 -87.553 2707.233
v -3353.341 -88.547 2708.094
f 5949 5950 5951
f 5951 5952 5949
v -3353.323 -88.557 2707.453
v -3361.312 -87.545 2707.874
v -3360.856 -87.518 2716.537
v -3352.867 -88.507 2716.116
f 5953 5954 5955
f 5955 5956 5953
v -3353.483 -88.455 2714.186
v -3360.240 -87.570 2718.467
v -3356.366 -87.888 2724.582
v -3349.609 -88.815 2720.300
f 5957 5958 5959
f 5959 5960 5957
v -3350.960 -88.690 2718.993
v -3355.015 -88.012 2725.889
v -3347.401 -88.755 2730.366
v -3343.346 -89.459 2723.469
f 5961 5962 5963
f 5963 5964 5961
v -3345.322 -89.244 2722.918
v -3345.425 -88.959 2730.917
v -3321.981 -91.532 2731.221
v -3321.878 -91.953 2723.222
f 5965 5966 5967
f 5967 5968 5965
v -3323.607 -91.791 2723.590
v -3320.252 -91.688 2730.852
v -3290.953 -94.848 2717.316
v -3294.308 -94.766 2710.054
f 5969 5970 5971
f 5971 5972 5969
v -3667.208 -71.270 2882.635
v -3673.979 -70.597 2886.896
v -3665.552 -70.994 2900.287
v -3658.781 -71.689 2896.026
f 5973 5974 5975
f 5975 5976 5973
v -3659.444 -71.648 2895.226
v -3664.889 -71.043 2901.086
v -3658.622 -71.611 2906.910
v -3653.176 -72.123 2901.049
f 5977 5978 5979
f 5979 5980 5977
v -3653.865 -72.043 2900.536
v -3657.933 -71.673 2907.424
v -3639.065 -73.853 2918.569
v -3634.996 -74.346 2911.681
f 5981 5982 5983
f 5983 5984 5981
v -3559.712 -82.196 2867.036
v -3556.498 -82.054 2859.709
v -3565.471 -81.169 2855.774
v -3568.684 -81.278 2863.100
f 5985 5986 5987
f 5987 5988 5985
v -3566.068 -81.495 2863.308
v -3568.087 -80.965 2855.567
v -3590.618 -79.089 2861.443
v -3588.599 -79.516 2869.184
f 5989 5990 5991
f 5991 5992 5989
v -3588.630 -79.513 2869.192
v -3590.587 -79.092 2861.435
v -3621.935 -75.988 2869.345
v -3619.977 -76.188 2877.102
f 5993 5994 5995
f 5995 5996 5993
v -3620.047 -76.180 2877.119
v -3621.865 -75.995 2869.328
v -3643.661 -73.633 2874.413
v -3641.844 -73.734 2882.203
f 5997 5998 5999
f 5999 6000 5997
v -3641.840 -73.734 2882.203
v -3643.664 -73.633 2874.413
v -3660.240 -71.938 2878.296
v -3658.415 -71.925 2886.085
f 6001 6002 6003
f 6003 6004 6001
v -3658.436 -71.924 2886.090
v -3660.219 -71.940 2878.291
v -3671.485 -70.963 2880.866
v -3669.702 -70.913 2888.665
f 6005 6006 6007
f 6007 6008 6005
v -3669.706 -70.913 2888.666
v -3671.480 -70.963 2880.865
v -3681.120 -70.109 2883.057
v -3679.347 -70.031 2890.858
f 6009 6010 6011
f 6011 6012 6009
v -3677.565 -70.209 2889.937
v -3682.902 -69.934 2883.978
v -3698.576 -68.294 2898.016
v -3693.239 -68.503 2903.975
f 6013 6014 6015
f 6015 6016 6013
v -3693.156 -68.510 2903.899
v -3698.659 -68.289 2898.092
v -3710.002 -67.819 2908.841
v -3704.499 -68.016 2914.648
f 6017 6018 6019
f 6019 6020 6017
v -3704.151 -68.028 2914.273
v -3710.351 -67.808 2909.217
v -3714.981 -67.659 2914.895
v -3708.782 -67.879 2919.951
f 6021 6022 6023
f 6023 6024 6021
v -3708.250 -67.896 2919.100
v -3715.513 -67.642 2915.746
v -3718.196 -67.560 2921.557
v -3710.933 -67.814 2924.910
f 6025 6026 6027
f 6027 6028 6025
v -3710.570 -67.824 2923.440
v -3718.559 -67.550 2923.027
v -3718.860 -67.550 2928.851
v -3710.870 -67.823 2929.263
f 6029 6030 6031
f 6031 6032 6029
v -3711.013 -67.816 2927.979
v -3718.717 -67.557 2930.136
v -3716.624 -67.896 2937.610
v -3708.920 -68.064 2935.453
f 6033 6034 6035
f 6035 6036 6033
v -3812.893 -78.595 3168.640
v -3809.553 -78.742 3175.910
v -3754.105 -82.081 3150.437
v -3757.445 -82.042 3143.167
f 6037 6038 6039
f 6039 6040 6037
v -4679.920 0.050 3830.855
v -4677.463 0.050 3838.468
v -4554.299 0.050 3798.709
v -4556.756 0.050 3791.096
f 6041 6042 6043
f 6043 6044 6041
v -4446.730 0.050 4065.421
v -4443.868 0.050 4057.951
v -4472.577 0.050 4046.951
v -4475.439 0.050 4054.422
f 6045 6046 6047
f 6047 6048 6045
v -4477.844 0.050 4051.820
v -4470.172 0.050 4049.553
v -4493.516 0.050 3970.577
v -4501.188 0.050 3972.845
f 6049 6050 6051
f 6051 6052 6049
v -4501.161 0.050 3972.934
v -4493.543 0.050 3970.489
v -4511.610 0.050 3914.198
v -4519.228 0.050 3916.643
f 6053 6054 6055
f 6055 6056 6053
v -4519.214 0.050 3916.684
v -4511.624 0.050 3914.157
v -4551.732 0.050 3793.639
v -4559.323 0.050 3796.166
f 6057 6058 6059
f 6059 6060 6057
v -4559.323 0.050 3796.166
v -4551.732 0.050 3793.639
v -4580.397 0.050 3707.545
v -4587.987 0.050 3710.072
f 6061 6062 6063
f 6063 6064 6061
v -4587.994 0.050 3710.052
v -4580.391 0.050 3707.564
v -4588.450 0.050 3682.937
v -4596.053 0.050 3685.425
f 6065 6066 6067
f 6067 6068 6065
v -4596.251 0.050 3684.282
v -4588.253 0.050 3684.081
v -4588.554 0.050 3672.130
v -4596.551 0.050 3672.332
f 6069 6070 6071
f 6071 6072 6069
v -4596.186 0.050 3673.903
v -4588.919 0.050 3670.559
v -4592.492 0.050 3662.794
v -4599.759 0.050 3666.139
f 6073 6074 6075
f 6075 6076 6073
v -4599.629 0.050 3666.398
v -4592.623 0.050 3662.536
v -4603.076 0.050 3643.574
v -4610.082 0.050 3647.436
f 6077 6078 6079
f 6079 6080 6077
v -4608.939 0.050 3648.734
v -4604.218 0.050 3642.275
v -4614.226 0.050 3634.960
v -4618.947 0.050 3641.418
f 6081 6082 6083
f 6083 6084 6081
v -4618.717 0.050 3641.575
v -4614.456 0.050 3634.804
v -4654.308 0.050 3609.728
v -4658.569 0.050 3616.499
f 6085 6086 6087
f 6087 6088 6085
v -4658.250 0.050 3616.680
v -4654.628 0.050 3609.547
v -4663.444 0.050 3605.070
v -4667.066 0.050 3612.203
f 6089 6090 6091
f 6091 6092 6089
v -4665.473 0.050 3612.631
v -4665.037 0.050 3604.643
v -4675.936 0.050 3604.048
v -4676.371 0.050 3612.037
f 6093 6094 6095
f 6095 6096 6093
v -4676.310 0.050 3612.039
v -4675.997 0.050 3604.046
v -4756.314 0.050 3600.903
v -4756.627 0.050 3608.897
f 6097 6098 6099
f 6099 6100 6097
v -4758.276 0.050 3608.469
v -4754.665 0.050 3601.330
v -4766.754 0.050 3595.216
v -4770.365 0.050 3602.355
f 6101 6102 6103
f 6103 6104 6101
v -4771.787 0.050 3601.150
v -4765.333 0.050 3596.422
v -4771.455 0.050 3588.064
v -4777.909 0.050 3592.791
f 6105 6106 6107
f 6107 6108 6105
v -4778.477 0.050 3591.693
v -4770.888 0.050 3589.162
v -4774.773 0.050 3577.515
v -4782.362 0.050 3580.046
f 6109 6110 6111
f 6111 6112 6109
v -4782.329 0.050 3577.421
v -4774.805 0.050 3580.140
v -4768.382 0.050 3562.366
v -4775.906 0.050 3559.647
f 6113 6114 6115
f 6115 6116 6113
v -4776.131 0.050 3560.680
v -4768.157 0.050 3561.334
v -4767.412 0.050 3552.235
v -4775.385 0.050 3551.582
f 6117 6118 6119
f 6119 6120 6117
v -4774.805 0.050 3554.005
v -4767.992 0.050 3549.812
v -4775.161 -97.779 3538.165
v -4781.974 0.050 3542.359
f 6121 6122 6123
f 6123 6124 6121
v -4782.319 0.050 3541.649
v -4774.816 -97.815 3538.875
v -4833.336 -100.494 3380.626
v -4840.840 -100.944 3383.401
f 6125 6126 6127
f 6127 6128 6125
v -4839.830 -100.899 3384.925
v -4834.346 -100.540 3379.101
v -4847.036 -101.154 3367.151
v -4852.521 -101.490 3372.975
f 6129 6130 6131
f 6131 6132 6129
v -4852.213 -101.491 3373.236
v -4847.344 -101.169 3366.889
v -4856.294 -101.386 3360.022
v -4861.163 -101.478 3366.370
f 6133 6134 6135
f 6135 6136 6133
v -4859.272 -101.475 3367.159
v -4858.185 -101.389 3359.233
v -4866.845 -101.425 3358.045
v -4867.933 -101.515 3365.970
f 6137 6138 6139
f 6139 6140 6137
v -4866.527 -101.506 3365.914
v -4868.251 -101.434 3358.102
v -4889.903 -101.610 3362.882
v -4888.178 -101.692 3370.694
f 6141 6142 6143
f 6143 6144 6141
v -4888.566 -101.696 3370.760
v -4889.515 -101.607 3362.816
v -4904.443 -101.054 3364.599
v -4903.494 -101.200 3372.542
f 6145 6146 6147
f 6147 6148 6145
v -4904.663 -101.136 3372.510
v -4903.274 -101.118 3364.631
v -4942.236 -98.545 3357.765
v -4943.625 -98.475 3365.643
f 6149 6150 6151
f 6151 6152 6149
v -4944.010 -98.433 3365.555
v -4941.851 -98.587 3357.852
v -4967.388 -95.642 3350.695
v -4969.547 -95.636 3358.398
f 6153 6154 6155
f 6155 6156 6153
v -4970.875 -95.489 3357.741
v -4966.059 -95.802 3351.353
v -4979.529 0.050 3341.198
v -4984.345 0.050 3347.586
f 6157 6158 6159
f 6159 6160 6157
v -4573.214 0.050 4090.702
v -4569.946 0.050 4098.004
v -4472.374 0.050 4054.338
v -4475.642 0.050 4047.036
f 6161 6162 6163
f 6163 6164 6161
v -4642.478 0.050 3952.444
v -4640.009 0.050 3960.053
v -4514.185 0.050 3919.225
v -4516.654 0.050 3911.616
f 6165 6166 6167
f 6167 6168 6165
v -4516.653 0.050 3911.616
v -4514.185 0.050 3919.225
v -4410.669 0.050 3885.646
v -4413.137 0.050 3878.037
f 6169 6170 6171
f 6171 6172 6169
v -4647.141 0.050 3927.240
v -4654.693 0.050 3929.878
v -4645.020 0.050 3957.568
v -4637.467 0.050 3954.930
f 6173 6174 6175
f 6175 6176 6173
v -4637.468 0.050 3954.928
v -4645.019 0.050 3957.569
v -4626.073 0.050 4011.734
v -4618.521 0.050 4009.093
f 6177 6178 6179
f 6179 6180 6177
v -4618.428 0.050 4009.398
v -4626.166 0.050 4011.428
v -4614.210 0.050 4057.010
v -4606.472 0.050 4054.980
f 6181 6182 6183
f 6183 6184 6181
v -4680.104 0.050 4024.060
v -4677.746 0.050 4031.705
v -4621.118 0.050 4014.236
v -4623.476 0.050 4006.591
f 6185 6186 6187
f 6187 6188 6185
v -4623.480 0.050 4006.592
v -4621.113 0.050 4014.234
v -4496.168 0.050 3975.532
v -4498.535 0.050 3967.890
f 6189 6190 6191
f 6191 6192 6189
v -4498.535 0.050 3967.890
v -4496.168 0.050 3975.532
v -4392.062 0.050 3943.287
v -4394.429 0.050 3935.645
f 6193 6194 6195
f 6195 6196 6193
v -3065.073 -97.733 3016.860
v -3072.950 -97.626 3015.462
v -3081.177 -93.431 3061.826
v -3073.300 -93.342 3063.224
f 6197 6198 6199
f 6199 6200 6197
v -3499.191 0.050 4024.582
v -3507.146 0.050 4025.427
v -3503.261 0.050 4062.003
v -3495.306 0.050 4061.158
f 6201 6202 6203
f 6203 6204 6201
v -3123.270 0.050 4059.667
v -3123.178 0.050 4067.666
v -3058.747 0.050 4066.927
v -3058.838 0.050 4058.927
f 6205 6206 6207
f 6207 6208 6205
v -3310.440 0.050 4162.731
v -3304.610 0.050 4157.252
v -3313.048 0.050 4148.273
v -3318.878 0.050 4153.752
f 6209 6210 6211
f 6211 6212 6209
v -3318.974 0.050 4153.646
v -3312.952 0.050 4148.379
v -3327.435 0.050 4131.821
v -3333.456 0.050 4137.088
f 6213 6214 6215
f 6215 6216 6213
v -3331.967 0.050 4138.154
v -3328.924 0.050 4130.755
v -3384.205 0.050 4108.018
v -3387.248 0.050 4115.416
f 6217 6218 6219
f 6219 6220 6217
v -3386.510 0.050 4115.639
v -3384.943 0.050 4107.794
v -3396.643 0.050 4105.457
v -3398.210 0.050 4113.302
f 6221 6222 6223
f 6223 6224 6221
v -3397.232 0.050 4113.375
v -3397.620 0.050 4105.384
v -3412.314 0.050 4106.097
v -3411.927 0.050 4114.088
f 6225 6226 6227
f 6227 6228 6225
v -3411.179 0.050 4113.980
v -3413.062 0.050 4106.205
v -3466.784 0.050 4119.211
v -3464.902 0.050 4126.987
f 6229 6230 6231
f 6231 6232 6229
v -3466.288 0.050 4127.074
v -3465.399 0.050 4119.124
v -3498.839 0.050 4115.387
v -3499.728 0.050 4123.337
f 6233 6234 6235
f 6235 6236 6233
v -3500.228 0.050 4123.249
v -3498.339 0.050 4115.475
v -3561.145 0.050 4100.211
v -3563.035 0.050 4107.985
f 6237 6238 6239
f 6239 6240 6237
v -3303.398 0.050 4058.308
v -3296.601 0.050 4062.528
v -3283.443 0.050 4041.335
v -3290.240 0.050 4037.115
f 6241 6242 6243
f 6243 6244 6241
v -4059.979 -83.072 3419.700
v -4058.885 -82.936 3427.624
v -4004.773 -84.754 3420.150
v -4005.867 -85.013 3412.226
f 6245 6246 6247
f 6247 6248 6245
v -4055.607 -79.609 3525.954
v -4047.784 -79.137 3524.278
v -4056.857 -81.336 3481.943
v -4064.679 -81.424 3483.619
f 6249 6250 6251
f 6251 6252 6249
v -4064.768 -81.448 3482.824
v -4056.768 -81.304 3482.738
v -4057.069 -82.275 3454.822
v -4065.068 -82.167 3454.909
f 6253 6254 6255
f 6255 6256 6253
v -4065.063 -82.174 3454.656
v -4057.074 -82.266 3455.075
v -4055.438 -83.161 3423.872
v -4063.427 -82.850 3423.453
f 6257 6258 6259
f 6259 6260 6257
v -4063.417 -82.839 3424.009
v -4055.447 -83.175 3423.315
v -4057.084 -83.386 3404.511
v -4065.054 -82.986 3405.205
f 6261 6262 6263
f 6263 6264 6261
v -4065.052 -82.992 3404.491
v -4057.085 -83.378 3405.225
v -4056.039 -83.559 3393.869
v -4064.005 -83.141 3393.135
f 6265 6266 6267
f 6267 6268 6265
v -4062.849 -83.225 3390.672
v -4057.195 -83.471 3396.331
v -4051.974 -83.812 3391.115
v -4057.628 -83.531 3385.456
f 6269 6270 6271
f 6271 6272 6269
v -4056.348 -83.598 3384.597
v -4053.254 -83.731 3391.974
v -4046.831 -84.118 3389.281
v -4049.925 -83.937 3381.903
f 6273 6274 6275
f 6275 6276 6273
v -4048.586 -84.009 3381.597
v -4048.170 -84.040 3389.586
v -4008.084 -85.614 3387.500
v -4008.500 -85.527 3379.511
f 6277 6278 6279
f 6279 6280 6277
v -3888.561 0.050 3917.959
v -3896.523 0.050 3918.745
v -3895.454 0.050 3929.560
v -3887.493 0.050 3928.773
f 6281 6282 6283
f 6283 6284 6281
v -3887.555 0.050 3928.365
v -3895.392 0.050 3929.968
v -3891.362 0.050 3949.669
v -3883.525 0.050 3948.066
f 6285 6286 6287
f 6287 6288 6285
v -3883.444 0.050 3948.867
v -3891.444 0.050 3948.867
v -3891.444 0.050 3960.817
v -3883.444 0.050 3960.817
f 6289 6290 6291
f 6291 6292 6289
v -3883.508 0.050 3961.532
v -3891.379 0.050 3960.103
v -3893.294 0.050 3970.654
v -3885.423 0.050 3972.082
f 6293 6294 6295
f 6295 6296 6293
v -3927.038 0.050 3972.682
v -3919.806 0.050 3976.101
v -3912.047 0.050 3959.688
v -3919.279 0.050 3956.269
f 6297 6298 6299
f 6299 6300 6297
v -3918.776 0.050 3955.467
v -3912.550 0.050 3960.490
v -3901.952 0.050 3947.351
v -3908.179 0.050 3942.329
f 6301 6302 6303
f 6303 6304 6301
v -3908.087 0.050 3942.219
v -3902.044 0.050 3947.461
v -3888.451 0.050 3931.787
v -3894.495 0.050 3926.546
f 6305 6306 6307
f 6307 6308 6305
v -4215.006 0.050 3993.353
v -4207.649 0.050 3996.496
v -4188.447 0.050 3951.562
v -4195.803 0.050 3948.418
f 6309 6310 6311
f 6311 6312 6309
v -3229.538 0.050 3629.845
v -3236.365 0.050 3634.015
v -3221.137 0.050 3658.946
v -3214.310 0.050 3654.776
f 6313 6314 6315
f 6315 6316 6313
v -3214.633 0.050 3654.322
v -3220.814 0.050 3659.400
v -3213.578 0.050 3668.207
v -3207.397 0.050 3663.129
f 6317 6318 6319
f 6319 6320 6317
v -3207.534 0.050 3662.971
v -3213.441 0.050 3668.366
v -3206.495 0.050 3675.972
v -3200.588 0.050 3670.577
f 6321 6322 6323
f 6323 6324 6321
v -3200.827 0.050 3670.336
v -3206.255 0.050 3676.213
v -3199.465 0.050 3682.485
v -3194.037 0.050 3676.608
f 6325 6326 6327
f 6327 6328 6325
v -3194.549 0.050 3676.207
v -3198.952 0.050 3682.886
v -3187.976 0.050 3690.122
v -3183.573 0.050 3683.443
f 6329 6330 6331
f 6331 6332 6329
v -3184.877 0.050 3682.885
v -3186.673 0.050 3690.681
v -3176.298 0.050 3693.071
v -3174.502 0.050 3685.275
f 6333 6334 6335
f 6335 6336 6333
v -3175.371 0.050 3685.173
v -3175.428 0.050 3693.173
v -3164.229 0.050 3693.252
v -3164.173 0.050 3685.252
f 6337 6338 6339
f 6339 6340 6337
v -3162.587 0.050 3685.592
v -3165.815 0.050 3692.912
v -3160.215 0.050 3695.381
v -3156.987 0.050 3688.061
f 6341 6342 6343
f 6343 6344 6341
v -3154.851 0.050 3690.331
v -3162.352 0.050 3693.112
v -3160.114 0.050 3699.146
v -3152.613 0.050 3696.365
f 6345 6346 6347
f 6347 6348 6345
v -3152.377 0.050 3698.077
v -3160.351 0.050 3697.435
v -3161.553 0.050 3712.369
v -3153.579 0.050 3713.011
f 6349 6350 6351
f 6351 6352 6349
v -4028.669 0.050 3644.601
v -4022.223 0.050 3649.339
v -4007.986 0.050 3629.968
v -4014.432 0.050 3625.230
f 6353 6354 6355
f 6355 6356 6353
v -4013.591 0.050 3624.386
v -4008.826 0.050 3630.812
v -3996.737 0.050 3621.846
v -4001.502 0.050 3615.420
f 6357 6358 6359
f 6359 6360 6357
v -4000.569 0.050 3614.905
v -3997.670 0.050 3622.361
v -3980.794 0.050 3615.798
v -3983.693 0.050 3608.342
f 6361 6362 6363
f 6363 6364 6361
v -3982.741 0.050 3608.101
v -3981.746 0.050 3616.039
v -3967.419 0.050 3614.243
v -3968.414 0.050 3606.305
f 6365 6366 6367
f 6367 6368 6365
v -3967.362 0.050 3606.313
v -3968.471 0.050 3614.236
v -3956.671 0.050 3615.886
v -3955.562 0.050 3607.963
f 6369 6370 6371
f 6371 6372 6369
v -3954.264 0.050 3608.380
v -3957.970 0.050 3615.470
v -3944.834 0.050 3622.336
v -3941.128 0.050 3615.246
f 6373 6374 6375
f 6375 6376 6373
v -4505.894 -94.644 3080.038
v -4498.116 -93.983 3081.909
v -4492.817 -95.023 3059.882
v -4500.595 -95.527 3058.011
f 6377 6378 6379
f 6379 6380 6377
v -4500.373 -95.554 3057.348
v -4493.040 -94.992 3060.545
v -4484.379 -96.111 3040.684
v -4491.712 -96.575 3037.487
f 6381 6382 6383
f 6383 6384 6381
v -4491.978 -96.518 3038.356
v -4484.113 -96.175 3039.815
v -4482.922 -96.680 3033.398
v -4490.787 -96.969 3031.938
f 6385 6386 6387
f 6387 6388 6385
v -4490.803 -96.866 3033.310
v -4482.906 -96.795 3032.026
v -4484.242 -97.503 3023.812
v -4492.138 -97.504 3025.096
f 6389 6390 6391
f 6391 6392 6389
v -4492.190 -97.547 3024.522
v -4484.191 -97.455 3024.386
v -4484.491 -98.861 3006.625
v -4492.490 -98.804 3006.760
f 6393 6394 6395
f 6395 6396 6393
v -4492.395 -98.870 3005.824
v -4484.586 -98.787 3007.561
v -4482.794 -99.443 2999.506
v -4490.603 -99.463 2997.768
f 6397 6398 6399
f 6399 6400 6397
v -4490.117 -99.558 2996.560
v -4483.280 -99.340 3000.715
v -4478.650 -99.995 2993.095
v -4485.486 -100.173 2988.940
f 6401 6402 6403
f 6403 6404 6401
v -4485.397 -100.183 2988.800
v -4478.739 -99.984 2993.236
v -4456.653 -102.193 2960.090
v -4463.311 -102.350 2955.654
f 6405 6406 6407
f 6407 6408 6405
v -4463.853 -102.300 2956.865
v -4456.111 -102.244 2958.878
v -4453.862 -102.608 2950.228
v -4461.605 -102.652 2948.216
f 6409 6410 6411
f 6411 6412 6409
v -4461.374 -102.547 2950.880
v -4454.093 -102.717 2947.564
v -4457.087 -102.970 2940.988
v -4464.368 -102.792 2944.303
f 6413 6414 6415
f 6415 6416 6413
v -4462.910 -102.734 2945.998
v -4458.546 -103.029 2939.293
v -4464.958 -103.149 2935.120
v -4469.322 -102.859 2941.825
f 6417 6418 6419
f 6419 6420 6417
v -4467.046 -102.848 2942.472
v -4467.234 -103.157 2934.474
v -4479.623 -103.051 2934.764
v -4479.436 -102.761 2942.762
f 6421 6422 6423
f 6423 6424 6421
v -4478.492 -102.772 2942.626
v -4480.568 -103.023 2934.900
v -4504.457 -101.461 2941.318
v -4502.381 -101.375 2949.044
f 6425 6426 6427
f 6427 6428 6425
v -4501.630 -101.422 2948.759
v -4505.208 -101.412 2941.604
v -4552.686 -97.968 2965.347
v -4549.107 -98.192 2972.502
f 6429 6430 6431
f 6431 6432 6429
v -4549.181 -98.187 2972.538
v -4552.613 -97.973 2965.312
v -4564.401 -97.265 2970.911
v -4560.969 -97.548 2978.137
f 6433 6434 6435
f 6435 6436 6433
v -4562.749 -97.458 2978.523
v -4562.622 -97.368 2970.524
v -4576.804 -96.499 2970.300
v -4576.931 -96.698 2978.299
f 6437 6438 6439
f 6439 6440 6437
v -4577.120 -96.688 2978.291
v -4576.615 -96.511 2970.307
v -4597.465 -95.178 2968.987
v -4597.970 -95.514 2976.971
f 6441 6442 6443
f 6443 6444 6441
v -3784.319 0.050 4105.671
v -3784.160 0.050 4113.669
v -3751.543 0.050 4113.022
v -3751.702 0.050 4105.024
f 6445 6446 6447
f 6447 6448 6445
v -3751.910 0.050 4105.033
v -3751.336 0.050 4113.013
v -3714.433 0.050 4110.359
v -3715.007 0.050 4102.379
f 6449 6450 6451
f 6451 6452 6449
v -3717.708 0.050 4103.710
v -3711.732 0.050 4109.029
v -3708.571 0.050 4105.477
v -3714.547 0.050 4100.158
f 6453 6454 6455
f 6455 6456 6453
v -3714.952 0.050 4100.698
v -3708.166 0.050 4104.936
v -3704.604 0.050 4099.232
v -3711.389 0.050 4094.994
f 6457 6458 6459
f 6459 6460 6457
v -3949.656 0.050 4125.845
v -3948.551 0.050 4133.768
v -3852.304 0.050 4120.340
v -3853.409 0.050 4112.416
f 6461 6462 6463
f 6463 6464 6461
v -3853.246 0.050 4112.397
v -3852.467 0.050 4120.359
v -3783.850 0.050 4113.651
v -3784.628 0.050 4105.689
f 6465 6466 6467
f 6467 6468 6465
v -3197.605 -96.567 2681.307
v -3205.604 -96.835 2681.170
v -3205.715 -96.892 2687.627
v -3197.716 -96.620 2687.765
f 6469 6470 6471
f 6471 6472 6469
v -3198.803 -96.669 2684.954
v -3204.628 -96.812 2690.438
v -3199.741 -96.601 2695.628
v -3193.916 -96.346 2690.144
f 6473 6474 6475
f 6475 6476 6473
v -3196.435 -96.521 2688.905
v -3197.222 -96.434 2696.867
v -3189.608 -95.976 2697.619
v -3188.821 -96.041 2689.658
f 6477 6478 6479
f 6479 6480 6477
v -3190.947 -96.166 2690.033
v -3187.482 -95.857 2697.244
v -3153.296 -93.816 2680.816
v -3156.761 -94.050 2673.605
f 6481 6482 6483
f 6483 6484 6481
v -3156.366 -94.023 2673.441
v -3153.691 -93.843 2680.980
v -3128.009 -92.099 2671.868
v -3130.684 -92.309 2664.329
f 6485 6486 6487
f 6487 6488 6485
v -3130.942 -92.325 2664.430
v -3127.752 -92.082 2671.767
v -3117.455 -91.411 2667.290
v -3120.645 -91.664 2659.954
f 6489 6490 6491
f 6491 6492 6489
v -3120.778 -91.673 2660.014
v -3117.322 -91.402 2667.229
v -3110.153 -91.093 2663.796
v -3113.609 -91.309 2656.581
f 6493 6494 6495
f 6495 6496 6493
v -3113.883 -91.317 2656.726
v -3109.878 -91.082 2663.651
v -3101.362 -90.737 2658.725
v -3105.368 -91.095 2651.800
f 6497 6498 6499
f 6499 6500 6497
v -3105.484 -91.098 2651.870
v -3101.246 -90.732 2658.655
v -3089.301 -90.454 2651.194
v -3093.539 -90.881 2644.409
f 6501 6502 6503
f 6503 6504 6501
v -3094.012 -90.886 2644.754
v -3088.829 -90.448 2650.848
v -3080.925 -90.420 2644.126
v -3086.108 -90.865 2638.032
f 6505 6506 6507
f 6507 6508 6505
