# Roads mesh for tecate_core_z14_x2885_y6623
v 2353.655 -95.775 497.239
v 2358.165 -96.441 490.631
v 2220.251 -98.084 396.508
v 2215.741 -97.609 403.116
f 1 2 3
f 3 4 1
v 2215.723 -97.607 403.103
v 2220.269 -98.085 396.520
v 2155.181 -90.534 351.572
v 2150.635 -90.132 358.155
f 5 6 7
f 7 8 5
v 2150.708 -90.139 358.204
v 2155.108 -90.526 351.523
v 2085.355 -86.968 305.584
v 2080.955 -86.491 312.265
f 9 10 11
f 11 12 9
v 2080.517 -86.511 311.931
v 2085.793 -86.949 305.918
v 2076.053 -87.428 297.372
v 2070.777 -86.994 303.385
f 13 14 15
f 15 16 13
v 2071.053 -86.982 303.607
v 2075.776 -87.439 297.150
v 2056.106 -88.080 282.766
v 2051.383 -87.637 289.223
f 17 18 19
f 19 20 17
v 2051.167 -87.643 289.053
v 2056.322 -88.069 282.936
v 2036.006 -89.186 265.817
v 2030.851 -88.781 271.935
f 21 22 23
f 23 24 21
v 2030.536 -88.799 271.639
v 2036.321 -89.168 266.114
v 2011.141 -90.182 239.749
v 2005.356 -89.768 245.275
f 25 26 27
f 27 28 25
v 2004.993 -89.776 244.837
v 2011.503 -90.174 240.187
v 1995.106 -90.202 217.231
v 1988.596 -89.707 221.880
f 29 30 31
f 31 32 29
v 1988.380 -89.699 221.543
v 1995.322 -90.208 217.568
v 1978.301 -89.142 187.848
v 1971.359 -88.451 191.824
f 33 34 35
f 35 36 33
v 1812.289 -78.405 1581.564
v 1813.588 -78.894 1589.458
v 1937.419 -84.586 1569.079
v 1936.120 -84.130 1561.185
f 37 38 39
f 39 40 37
v 1936.126 -84.131 1561.184
v 1937.414 -84.586 1569.080
v 2180.235 -99.356 1529.445
v 2178.947 -99.455 1521.550
f 41 42 43
f 43 44 41
v 2178.968 -99.453 1521.546
v 2180.214 -99.358 1529.449
v 2215.224 -96.652 1523.928
v 2213.978 -96.753 1516.026
f 45 46 47
f 47 48 45
v 2214.268 -96.729 1515.991
v 2214.934 -96.675 1523.963
v 2231.064 -95.370 1522.616
v 2230.398 -95.424 1514.644
f 49 50 51
f 51 52 49
v 2230.468 -95.418 1514.639
v 2230.995 -95.375 1522.621
v 2247.782 -94.016 1521.512
v 2247.254 -94.059 1513.529
f 53 54 55
f 55 56 53
v 2247.576 -94.033 1513.521
v 2247.461 -94.042 1521.520
v 2263.135 -93.026 1521.745
v 2263.249 -93.020 1513.745
f 57 58 59
f 59 60 57
v 2263.372 -93.013 1513.749
v 2263.012 -93.033 1521.741
v 2282.649 -91.945 1522.626
v 2283.009 -91.926 1514.634
f 61 62 63
f 63 64 61
v 2283.434 -91.902 1514.676
v 2282.224 -91.969 1522.584
v 2304.243 -91.192 1525.952
v 2305.453 -91.181 1518.044
f 65 66 67
f 67 68 65
v 2305.611 -91.179 1518.071
v 2304.084 -91.193 1525.924
v 2326.704 -90.976 1530.322
v 2328.231 -90.962 1522.469
f 69 70 71
f 71 72 69
v 2328.520 -90.959 1522.536
v 2326.416 -90.978 1530.255
v 2343.136 -91.339 1534.811
v 2345.240 -91.270 1527.093
f 73 74 75
f 75 76 73
v 2345.546 -91.282 1527.190
v 2342.830 -91.323 1534.715
v 2376.939 -93.095 1547.024
v 2379.654 -93.040 1539.499
f 77 78 79
f 79 80 77
v 2379.787 -93.051 1539.549
v 2376.806 -93.088 1546.973
v 2408.610 -95.584 1559.744
v 2411.591 -95.652 1552.321
f 81 82 83
f 83 84 81
v 2411.607 -95.653 1552.327
v 2408.594 -95.583 1559.738
v 2707.921 -92.315 1681.415
v 2710.934 -92.026 1674.003
f 85 86 87
f 87 88 85
v 2710.927 -92.026 1674.001
v 2707.927 -92.315 1681.417
v 2737.639 -93.159 1693.435
v 2740.638 -92.836 1686.019
f 89 90 91
f 91 92 89
v 2740.620 -92.836 1686.012
v 2737.657 -93.160 1693.443
v 2756.169 -93.635 1700.825
v 2759.133 -93.147 1693.395
f 93 94 95
f 95 96 93
v 2758.964 -93.147 1693.332
v 2756.338 -93.636 1700.888
v 2777.166 -93.737 1708.126
v 2779.792 -93.209 1700.569
f 97 98 99
f 99 100 97
v 2779.740 -93.209 1700.552
v 2777.217 -93.737 1708.143
v 2793.192 -93.703 1713.452
v 2795.715 -93.035 1705.861
f 101 102 103
f 103 104 101
v 2795.448 -93.047 1705.782
v 2793.458 -93.691 1713.531
v 2817.269 -92.288 1719.646
v 2819.259 -91.894 1711.897
f 105 106 107
f 107 108 105
v 2819.133 -91.900 1711.867
v 2817.396 -92.280 1719.676
v 2836.877 -90.850 1724.008
v 2838.614 -90.475 1716.199
f 109 110 111
f 111 112 109
v 2838.244 -90.515 1716.134
v 2837.247 -90.810 1724.072
v 2856.806 -88.647 1726.529
v 2857.803 -88.394 1718.591
f 113 114 115
f 115 116 113
v 2857.654 -88.410 1718.575
v 2856.955 -88.631 1726.544
v 2874.866 -86.571 1728.116
v 2875.565 -86.374 1720.147
f 117 118 119
f 119 120 117
v 2875.395 -86.397 1720.135
v 2875.036 -86.548 1728.127
v 2895.040 -83.790 1729.025
v 2895.399 -83.699 1721.034
f 121 122 123
f 123 124 121
v 2895.081 -83.742 1721.032
v 2895.359 -83.746 1729.027
v 2912.457 -81.379 1728.433
v 2912.179 -81.426 1720.438
f 125 126 127
f 127 128 125
v 2912.042 -81.445 1720.445
v 2912.595 -81.360 1728.426
v 2936.406 -78.224 1726.775
v 2935.853 -78.373 1718.794
f 129 130 131
f 131 132 129
v 2935.600 -78.405 1718.819
v 2936.659 -78.191 1726.749
v 2953.379 -76.030 1724.517
v 2952.320 -76.291 1716.588
f 133 134 135
f 135 136 133
v 2952.168 -76.310 1716.611
v 2953.531 -76.010 1724.494
v 2975.995 -73.879 1720.611
v 2974.633 -74.201 1712.728
f 137 138 139
f 139 140 137
v 2974.376 -74.222 1712.781
v 2976.252 -73.856 1720.558
v 3038.435 -70.956 1705.555
v 3036.559 -71.532 1697.778
f 141 142 143
f 143 144 141
v 3036.612 -71.531 1697.765
v 3038.382 -70.955 1705.567
v 3087.418 -72.395 1694.447
v 3085.649 -72.673 1686.645
f 145 146 147
f 147 148 145
v 3085.611 -72.671 1686.654
v 3087.456 -72.397 1694.438
v 3146.355 -75.501 1680.479
v 3144.510 -75.389 1672.694
f 149 150 151
f 151 152 149
v 3144.501 -75.388 1672.696
v 3146.364 -75.501 1680.476
v 3530.416 -84.833 1588.503
v 3528.553 -85.323 1580.723
f 153 154 155
f 155 156 153
v 3528.574 -85.324 1580.718
v 3530.395 -84.832 1588.508
v 3560.407 -85.115 1581.495
v 3558.586 -85.500 1573.705
f 157 158 159
f 159 160 157
v 3558.547 -85.500 1573.714
v 3560.446 -85.115 1581.485
v 4222.841 -95.718 1419.658
v 4220.943 -96.431 1411.886
f 161 162 163
f 163 164 161
v 4221.018 -96.431 1411.869
v 4222.766 -95.717 1419.675
v 4273.449 -96.097 1408.330
v 4271.702 -96.505 1400.524
f 165 166 167
f 167 168 165
v 4285.139 -96.669 1385.584
v 4283.612 -97.007 1377.731
v 4247.555 -98.207 1384.744
v 4249.083 -97.567 1392.597
f 169 170 171
f 171 172 169
v 4249.172 -97.565 1392.579
v 4247.466 -98.209 1384.763
v 4214.248 -98.439 1392.014
v 4215.954 -97.645 1399.829
f 173 174 175
f 175 176 173
v 4216.055 -97.645 1399.806
v 4214.148 -98.439 1392.037
v 3526.962 -86.640 1560.653
v 3528.868 -86.162 1568.423
f 177 178 179
f 179 180 177
v 3528.850 -86.161 1568.427
v 3526.980 -86.641 1560.649
v 3133.678 -75.146 1655.158
v 3135.547 -75.112 1662.937
f 181 182 183
f 183 184 181
v 3135.543 -75.112 1662.938
v 3133.681 -75.146 1655.157
v 3062.248 -73.418 1672.247
v 3064.109 -72.794 1680.028
f 185 186 187
f 187 188 185
v 3064.078 -72.794 1680.035
v 3062.279 -73.418 1672.240
v 3014.423 -73.324 1683.281
v 3016.221 -72.756 1691.076
f 189 190 191
f 191 192 189
v 3016.225 -72.756 1691.075
v 3014.420 -73.324 1683.281
v 2984.419 -74.543 1690.228
v 2986.224 -73.959 1698.022
f 193 194 195
f 195 196 193
v 2986.131 -73.966 1698.042
v 2984.512 -74.536 1690.208
v 2953.833 -76.791 1696.547
v 2955.451 -76.303 1704.382
f 197 198 199
f 199 200 197
v 2955.234 -76.327 1704.421
v 2954.050 -76.768 1696.509
v 2924.038 -80.079 1700.999
v 2925.222 -79.834 1708.911
f 201 202 203
f 203 204 201
v 2924.726 -79.894 1708.954
v 2924.534 -80.022 1700.956
v 2890.348 -84.134 1701.775
v 2890.540 -84.242 1709.773
f 205 206 207
f 207 208 205
v 2890.250 -84.279 1709.769
v 2890.638 -84.099 1701.778
v 2865.858 -86.945 1700.577
v 2865.470 -87.277 1708.567
f 209 210 211
f 211 212 209
v 2865.063 -87.319 1708.527
v 2866.265 -86.905 1700.617
v 2839.237 -89.431 1696.510
v 2838.035 -89.980 1704.419
f 213 214 215
f 215 216 213
v 2837.725 -90.009 1704.359
v 2839.547 -89.404 1696.570
v 2812.452 -90.983 1690.230
v 2810.629 -91.584 1698.020
f 217 218 219
f 219 220 217
v 2810.456 -91.592 1697.975
v 2812.625 -90.975 1690.275
v 2789.036 -91.912 1683.632
v 2786.868 -92.472 1691.332
f 221 222 223
f 223 224 221
v 2786.558 -92.471 1691.231
v 2789.347 -91.912 1683.733
v 2766.660 -91.703 1675.294
v 2763.871 -92.408 1682.792
f 225 226 227
f 227 228 225
v 2763.758 -92.407 1682.748
v 2766.773 -91.704 1675.338
v 2701.306 -91.127 1648.699
v 2698.291 -91.394 1656.109
f 229 230 231
f 231 232 229
v 2698.301 -91.394 1656.114
v 2701.295 -91.127 1648.695
v 2546.483 -100.433 1586.213
v 2543.489 -99.926 1593.631
f 233 234 235
f 235 236 233
v 2543.484 -99.926 1593.629
v 2546.488 -100.433 1586.215
v 2417.347 -95.783 1533.888
v 2414.342 -95.668 1541.303
f 237 238 239
f 239 240 237
v 2414.365 -95.670 1541.312
v 2417.324 -95.782 1533.879
v 2394.637 -93.950 1524.845
v 2391.678 -93.750 1532.278
f 241 242 243
f 243 244 241
v 2391.670 -93.750 1532.275
v 2394.645 -93.951 1524.848
v 2375.453 -92.504 1517.162
v 2372.479 -92.382 1524.588
f 245 246 247
f 247 248 245
v 2372.600 -92.387 1524.634
v 2375.332 -92.499 1517.116
v 2357.054 -91.753 1510.472
v 2354.321 -91.641 1517.991
f 249 250 251
f 251 252 249
v 2354.502 -91.648 1518.052
v 2356.873 -91.746 1510.412
v 2338.361 -90.991 1504.666
v 2335.989 -90.893 1512.307
f 253 254 255
f 255 256 253
v 2336.271 -90.905 1512.383
v 2338.079 -90.979 1504.590
v 2318.442 -91.078 1500.034
v 2316.634 -91.074 1507.827
f 257 258 259
f 259 260 257
v 2316.864 -91.072 1507.873
v 2318.212 -91.083 1499.987
v 2300.746 -91.367 1497.003
v 2299.398 -91.240 1504.888
f 261 262 263
f 263 264 261
v 2299.566 -91.238 1504.913
v 2300.579 -91.369 1496.978
v 2284.749 -92.027 1494.957
v 2283.736 -91.886 1502.893
f 265 266 267
f 267 268 265
v 2283.983 -91.873 1502.916
v 2284.502 -92.041 1494.933
v 2266.223 -93.049 1493.745
v 2265.704 -92.885 1501.728
f 269 270 271
f 271 272 269
v 2266.004 -92.868 1501.736
v 2265.924 -93.065 1493.736
v 2247.334 -94.188 1493.921
v 2247.413 -94.047 1501.921
f 273 274 275
f 275 276 273
v 2247.575 -94.034 1501.916
v 2247.172 -94.201 1493.926
v 2223.639 -96.012 1495.115
v 2224.042 -95.938 1503.105
f 277 278 279
f 279 280 277
v 2224.295 -95.918 1503.084
v 2223.387 -96.031 1495.135
v 2176.209 -99.664 1500.524
v 2177.117 -99.595 1508.472
f 281 282 283
f 283 284 281
v 2177.334 -99.578 1508.442
v 2175.993 -99.681 1500.555
v 1910.652 -80.928 1545.670
v 1911.993 -81.304 1553.557
f 285 286 287
f 287 288 285
v 1911.949 -81.300 1553.564
v 1910.696 -80.932 1545.663
v 1803.350 -77.307 1562.687
v 1804.603 -77.744 1570.588
f 289 290 291
f 291 292 289
v 2905.917 -82.298 349.655
v 2907.076 -82.133 341.739
v 2837.724 -90.907 331.582
v 2836.565 -91.237 339.497
f 293 294 295
f 295 296 293
v 2757.739 -92.628 285.465
v 2749.771 -92.762 284.754
v 2743.659 -94.888 353.240
v 2751.627 -95.054 353.951
f 297 298 299
f 299 300 297
v 4036.750 -100.469 189.792
v 4032.911 -100.939 182.774
v 4004.246 -100.726 198.452
v 4008.085 -100.135 205.471
f 301 302 303
f 303 304 301
v 4007.839 -100.128 205.595
v 4004.493 -100.732 198.328
v 3968.170 -99.096 215.050
v 3971.515 -98.462 222.317
f 305 306 307
f 307 308 305
v 3971.475 -98.460 222.335
v 3968.210 -99.099 215.032
v 3919.140 -95.805 236.972
v 3922.405 -95.218 244.275
f 309 310 311
f 311 312 309
v 3922.310 -95.213 244.316
v 3919.235 -95.811 236.930
v 3896.994 -94.606 246.190
v 3900.068 -94.114 253.575
f 313 314 315
f 315 316 313
v 3900.109 -94.115 253.558
v 3896.953 -94.604 246.207
v 3875.658 -93.874 255.347
v 3878.813 -93.568 262.698
f 317 318 319
f 319 320 317
v 3879.458 -93.581 262.349
v 3875.013 -93.857 255.697
v 3869.815 -93.714 259.171
v 3874.259 -93.459 265.822
f 321 322 323
f 323 324 321
v 3875.041 -93.481 265.138
v 3869.033 -93.691 259.855
v 3865.816 -93.581 263.514
v 3871.824 -93.366 268.797
f 325 326 327
f 327 328 325
v 3872.438 -93.395 267.860
v 3865.201 -93.555 264.451
v 3863.409 -93.463 268.255
v 3870.646 -93.276 271.664
f 329 330 331
f 331 332 329
v 3870.893 -93.297 270.989
v 3863.162 -93.448 268.930
v 3861.671 -93.328 274.530
v 3869.401 -93.125 276.589
f 333 334 335
f 335 336 333
v 3869.513 -93.144 275.985
v 3861.559 -93.315 275.135
v 3860.969 -93.194 280.656
v 3868.923 -92.970 281.506
f 337 338 339
f 339 340 337
v 3868.923 -92.999 280.652
v 3860.969 -93.174 281.510
v 3863.541 -92.619 305.325
v 3871.494 -92.301 304.467
f 341 342 343
f 343 344 341
v 3871.419 -92.316 304.014
v 3863.616 -92.606 305.778
v 3874.592 -91.596 354.345
v 3882.395 -91.142 352.582
f 345 346 347
f 347 348 345
v 3882.395 -91.142 352.581
v 3874.592 -91.596 354.346
v 3882.095 -91.652 387.513
v 3889.898 -91.238 385.747
f 349 350 351
f 351 352 349
v 3889.893 -91.238 385.728
v 3882.099 -91.652 387.532
v 3886.419 -92.028 406.195
v 3894.213 -91.672 404.392
f 353 354 355
f 355 356 353
v 3894.039 -91.659 403.831
v 3886.592 -92.049 406.755
v 3894.507 -92.886 426.911
v 3901.954 -92.600 423.987
f 357 358 359
f 359 360 357
v 3901.648 -92.567 423.370
v 3894.813 -92.916 427.529
v 3903.396 -93.777 441.635
v 3910.230 -93.491 437.477
f 361 362 363
f 363 364 361
v 3910.141 -93.478 437.336
v 3903.486 -93.788 441.776
v 3910.209 -94.665 451.854
v 3916.864 -94.398 447.414
f 365 366 367
f 367 368 365
v 2833.066 -91.306 376.875
v 2841.066 -90.400 376.890
v 2841.144 -90.609 335.547
v 2833.144 -91.534 335.532
f 369 370 371
f 371 372 369
v 2833.230 -91.546 336.363
v 2841.059 -90.599 334.717
v 2839.645 -90.600 327.993
v 2831.816 -91.533 329.640
f 373 374 375
f 375 376 373
v 2832.035 -91.526 330.346
v 2839.426 -90.608 327.287
v 2834.194 -90.876 314.646
v 2826.803 -91.558 317.706
f 377 378 379
f 379 380 377
v 2826.883 -91.558 317.887
v 2834.114 -90.880 314.465
v 2827.257 -90.597 299.975
v 2820.026 -91.263 303.397
f 381 382 383
f 383 384 381
v 2820.462 -91.280 304.113
v 2826.821 -90.581 299.259
v 2818.160 -90.410 287.913
v 2811.801 -91.103 292.767
f 385 386 387
f 387 388 385
v 2813.771 -91.071 294.153
v 2816.190 -90.441 286.527
v 2810.067 -90.681 284.586
v 2807.649 -91.320 292.211
f 389 390 391
f 391 392 389
v 2808.641 -91.271 292.393
v 2809.075 -90.728 284.404
v 2778.918 -91.979 282.767
v 2778.485 -92.518 290.755
f 393 394 395
f 395 396 393
v 2609.870 -88.496 789.363
v 2603.867 -88.549 784.076
v 2552.916 -88.640 841.926
v 2558.920 -88.704 847.214
f 397 398 399
f 399 400 397
v 2558.920 -88.704 847.214
v 2552.916 -88.640 841.927
v 2534.504 -90.326 862.835
v 2540.507 -90.322 868.122
f 401 402 403
f 403 404 401
v 2540.451 -90.331 868.185
v 2534.561 -90.318 862.771
v 2484.934 -96.512 916.765
v 2490.824 -96.603 922.179
f 405 406 407
f 407 408 405
v 2490.888 -96.597 922.108
v 2484.871 -96.518 916.836
v 2434.922 -97.731 973.841
v 2440.939 -97.970 979.113
f 409 410 411
f 411 412 409
v 1944.861 -90.804 1255.746
v 1951.990 -90.508 1259.376
v 1958.802 -90.030 1245.997
v 1951.673 -90.249 1242.367
f 413 414 415
f 415 416 413
v 1951.940 -90.231 1241.918
v 1958.535 -90.046 1246.446
v 1970.135 -89.436 1229.554
v 1963.540 -89.623 1225.025
f 417 418 419
f 419 420 417
v 1963.926 -89.606 1224.546
v 1969.748 -89.453 1230.033
v 1982.483 -89.051 1216.522
v 1976.661 -89.185 1211.035
f 421 422 423
f 423 424 421
v 1976.532 -89.187 1211.179
v 1982.612 -89.049 1216.378
v 2038.083 -92.770 1151.502
v 2032.003 -92.786 1146.303
f 425 426 427
f 427 428 425
v 2032.001 -92.786 1146.305
v 2038.084 -92.770 1151.501
v 2043.940 -93.657 1144.646
v 2037.857 -93.660 1139.450
f 429 430 431
f 431 432 429
v 2037.690 -93.633 1139.659
v 2044.106 -93.685 1144.438
v 2053.668 -95.256 1131.600
v 2047.253 -95.251 1126.821
f 433 434 435
f 435 436 433
v 2046.924 -95.196 1127.341
v 2053.997 -95.311 1131.080
v 2099.315 -101.617 1045.349
v 2092.242 -101.483 1041.610
f 437 438 439
f 439 440 437
v 2092.275 -101.482 1041.550
v 2099.282 -101.616 1045.409
v 2122.036 -100.505 1004.096
v 2115.029 -100.150 1000.236
f 441 442 443
f 443 444 441
v 2115.300 -100.127 999.810
v 2121.765 -100.527 1004.522
v 2137.439 -99.211 983.020
v 2130.974 -98.929 978.307
f 445 446 447
f 447 448 445
v 2131.213 -98.901 978.010
v 2137.199 -99.233 983.317
v 2151.459 -97.947 967.230
v 2145.473 -97.592 961.923
f 449 450 451
f 451 452 449
v 1943.423 -84.667 614.919
v 1938.288 -84.143 621.054
v 1979.331 -89.369 655.408
v 1984.466 -89.943 649.273
f 453 454 455
f 455 456 453
v 1984.153 -89.911 649.036
v 1979.645 -89.400 655.645
v 2024.184 -91.924 686.024
v 2028.692 -92.610 679.415
f 457 458 459
f 459 460 457
v 2028.636 -92.609 679.377
v 2024.240 -91.925 686.061
v 2078.864 -90.988 721.987
v 2083.260 -91.765 715.303
f 461 462 463
f 463 464 461
v 2082.875 -91.775 715.080
v 2079.249 -90.977 722.211
v 2158.487 -92.126 762.495
v 2162.112 -92.756 755.364
f 465 466 467
f 467 468 465
v 2162.108 -92.756 755.362
v 2158.491 -92.126 762.498
v 2224.927 -98.811 796.165
v 2228.543 -99.154 789.029
f 469 470 471
f 471 472 469
v 2228.476 -99.146 788.996
v 2224.994 -98.819 796.198
v 2289.292 -105.097 827.290
v 2292.774 -105.370 820.087
f 473 474 475
f 475 476 473
v 2259.199 -100.587 889.749
v 2266.584 -100.784 892.824
v 2294.726 -105.523 825.226
v 2287.340 -104.935 822.151
f 477 478 479
f 479 480 477
v 2287.320 -104.933 822.202
v 2294.747 -105.524 825.175
v 2322.855 -103.689 754.961
v 2315.428 -103.339 751.988
f 481 482 483
f 483 484 481
v 2315.487 -103.330 751.849
v 2322.796 -103.699 755.101
v 2354.355 -97.162 684.174
v 2347.046 -96.775 680.922
f 485 486 487
f 487 488 485
v 2346.977 -96.791 681.086
v 2354.424 -97.147 684.009
v 2360.179 -95.942 669.348
v 2352.732 -95.571 666.425
f 489 490 491
f 491 492 489
v 2357.950 -92.648 545.285
v 2358.634 -93.067 537.314
v 2334.300 -92.437 535.227
v 2333.616 -91.994 543.198
f 493 494 495
f 495 496 493
v 2333.521 -91.996 543.189
v 2334.394 -92.436 535.237
v 2313.945 -92.687 532.991
v 2313.072 -92.265 540.943
f 497 498 499
f 499 500 497
v 2312.269 -92.280 540.770
v 2314.748 -92.673 533.164
v 2301.011 -92.991 528.687
v 2298.532 -92.609 536.293
f 501 502 503
f 503 504 501
v 2298.178 -92.619 536.159
v 2301.365 -92.982 528.821
v 2286.582 -93.743 522.401
v 2283.395 -93.410 529.739
f 505 506 507
f 507 508 505
v 2283.162 -93.424 529.629
v 2286.815 -93.727 522.512
v 2269.649 -94.855 513.702
v 2265.996 -94.542 520.819
f 509 510 511
f 511 512 509
v 2265.553 -94.572 520.554
v 2270.093 -94.827 513.967
v 2181.405 -95.825 452.839
v 2176.865 -95.924 459.426
f 513 514 515
f 515 516 513
v 2176.818 -95.921 459.393
v 2181.452 -95.828 452.872
v 2111.599 -88.678 403.235
v 2106.965 -88.935 409.756
f 517 518 519
f 519 520 517
v 2106.796 -88.916 409.629
v 2111.767 -88.693 403.361
v 2090.116 -86.684 386.190
v 2085.145 -86.893 392.459
f 521 522 523
f 523 524 521
v 2084.887 -86.880 392.235
v 2090.374 -86.710 386.414
v 2069.701 -85.790 366.931
v 2064.215 -85.846 372.753
f 525 526 527
f 527 528 525
v 2063.943 -85.842 372.470
v 2069.973 -85.794 367.214
v 2056.827 -85.593 352.130
v 2050.796 -85.642 357.386
f 529 530 531
f 531 532 529
v 2050.780 -85.642 357.368
v 2056.842 -85.594 352.148
v 2044.274 -85.745 337.553
v 2038.212 -85.882 342.773
f 533 534 535
f 535 536 533
v 2037.928 -85.902 342.401
v 2044.558 -85.725 337.924
v 2021.604 -87.428 303.926
v 2014.974 -87.459 308.402
f 537 538 539
f 539 540 537
v 2014.911 -87.464 308.305
v 2021.668 -87.423 304.023
v 2002.699 -88.743 274.092
v 1995.942 -88.720 278.375
f 541 542 543
f 543 544 541
v 1995.617 -88.741 277.745
v 2003.024 -88.719 274.722
v 1999.216 -89.025 265.396
v 1991.810 -88.974 268.420
f 545 546 547
f 547 548 545
v 1991.532 -88.996 267.298
v 1999.494 -88.994 266.518
v 1998.982 -89.139 261.288
v 1991.020 -89.088 262.067
f 549 550 551
f 551 552 549
v 1991.033 -89.104 261.173
v 1998.969 -89.114 262.182
v 1999.481 -89.229 258.153
v 1991.545 -89.179 257.145
f 553 554 555
f 555 556 553
v 1991.950 -89.208 255.831
v 1999.076 -89.189 259.467
v 2002.883 -89.460 252.004
v 1995.757 -89.438 248.368
f 557 558 559
f 559 560 557
v 1996.713 -89.492 247.153
v 2001.928 -89.404 253.220
v 2010.856 -89.906 245.545
v 2005.641 -90.008 239.479
f 561 562 563
f 563 564 561
v 2038.301 -85.994 337.453
v 2044.186 -85.623 342.872
v 2049.440 -85.660 337.166
v 2043.555 -85.911 331.747
f 565 566 567
f 567 568 565
v 2043.365 -85.913 331.969
v 2049.630 -85.665 336.944
v 2075.690 -86.987 304.134
v 2069.425 -87.247 299.159
f 569 570 571
f 571 572 569
v 2069.244 -87.230 299.407
v 2075.871 -87.005 303.887
v 2076.728 -87.094 302.619
v 2070.101 -87.318 298.139
f 573 574 575
f 575 576 573
v 2070.228 -87.330 297.961
v 2076.601 -87.081 302.796
v 2116.944 -92.864 249.619
v 2110.570 -93.102 244.783
f 577 578 579
f 579 580 577
v 2110.365 -93.065 245.081
v 2117.149 -92.901 249.321
v 2123.126 -94.051 239.758
v 2116.343 -94.226 235.518
f 581 582 583
f 583 584 581
v 2116.398 -94.236 235.432
v 2123.072 -94.041 239.844
v 2161.109 -98.746 182.294
v 2154.436 -99.077 177.883
f 585 586 587
f 587 588 585
v 3562.746 -78.569 859.566
v 3558.629 -78.417 866.425
v 3562.324 -78.887 868.644
v 3566.442 -79.015 861.785
f 589 590 591
f 591 592 589
v 3565.993 -78.959 861.552
v 3562.774 -78.941 868.876
v 3574.073 -80.232 873.842
v 3577.292 -80.347 866.518
f 593 594 595
f 595 596 593
v 3577.123 -80.324 866.449
v 3574.242 -80.250 873.912
v 3590.594 -82.228 880.225
v 3593.476 -82.426 872.762
f 597 598 599
f 599 600 597
v 3593.009 -82.370 872.614
v 3591.061 -82.282 880.373
v 3606.846 -84.001 884.336
v 3608.794 -84.206 876.576
f 601 602 603
f 603 604 601
v 3608.530 -84.176 876.520
v 3607.110 -84.029 884.392
v 3623.875 -85.715 887.417
v 3625.295 -85.985 879.544
f 605 606 607
f 607 608 605
v 3624.660 -85.918 879.481
v 3624.510 -85.777 887.480
v 3640.039 -87.306 887.770
v 3640.189 -87.566 879.772
f 609 610 611
f 611 612 609
v 3639.919 -87.537 879.776
v 3640.309 -87.333 887.766
v 3668.930 -90.011 886.366
v 3668.539 -90.412 878.376
f 613 614 615
f 615 616 613
v 3668.131 -90.375 878.417
v 3669.337 -90.046 886.325
v 3743.420 -95.235 875.033
v 3742.215 -95.822 867.124
f 617 618 619
f 619 620 617
v 3849.068 -94.696 1056.030
v 3856.334 -95.694 1059.378
v 3926.498 -93.961 907.093
v 3919.233 -93.603 903.745
f 621 622 623
f 623 624 621
v 3919.232 -93.603 903.745
v 3926.499 -93.961 907.092
v 3950.087 -90.199 855.886
v 3942.821 -90.018 852.538
f 625 626 627
f 627 628 625
v 3942.784 -90.022 852.621
v 3950.124 -90.197 855.803
v 3987.594 -91.712 769.370
v 3980.254 -91.721 766.188
f 629 630 631
f 631 632 629
v 3676.516 -81.932 1009.341
v 3683.817 -81.674 1012.610
v 3746.468 -95.426 872.713
v 3739.167 -95.579 869.444
f 633 634 635
f 635 636 633
v 3684.164 -81.768 1010.841
v 3676.169 -81.844 1011.110
v 3676.269 -81.705 1014.095
v 3684.265 -81.610 1013.826
f 637 638 639
f 639 640 637
v 3683.946 -81.684 1012.390
v 3676.588 -81.669 1015.531
v 3677.891 -81.582 1018.582
v 3685.248 -81.557 1015.441
f 641 642 643
f 643 644 641
v 3683.917 -81.615 1013.773
v 3679.221 -81.525 1020.250
v 3690.242 -81.163 1028.240
v 3694.938 -81.261 1021.764
f 645 646 647
f 647 648 645
v 3693.352 -81.302 1021.075
v 3691.828 -81.120 1028.929
v 3738.025 -82.091 1037.897
v 3739.550 -82.371 1030.043
f 649 650 651
f 651 652 649
v 3740.081 -82.385 1030.185
v 3737.494 -82.077 1037.755
v 3766.760 -84.402 1047.754
v 3769.347 -84.680 1040.183
f 653 654 655
f 655 656 653
v 3769.086 -84.659 1040.104
v 3767.021 -84.426 1047.833
v 3791.055 -86.996 1054.252
v 3793.119 -87.196 1046.523
f 657 658 659
f 659 660 657
v 3792.567 -87.124 1046.416
v 3791.608 -87.068 1054.358
v 3852.221 -95.123 1061.675
v 3853.180 -95.271 1053.733
f 661 662 663
f 663 664 661
v 3852.522 -95.179 1053.708
v 3852.880 -95.213 1061.700
v 3914.451 -102.245 1058.940
v 3914.092 -102.310 1050.948
f 665 666 667
f 667 668 665
v 3914.050 -102.307 1050.950
v 3914.493 -102.248 1058.938
v 3976.687 -104.773 1055.491
v 3976.244 -104.874 1047.503
f 669 670 671
f 671 672 669
v 3976.263 -104.874 1047.502
v 3976.668 -104.773 1055.492
v 4056.084 -100.398 1051.463
v 4055.678 -100.457 1043.473
f 673 674 675
f 675 676 673
v 4056.853 -100.350 1043.588
v 4054.909 -100.505 1051.348
v 4092.758 -96.895 1060.832
v 4094.702 -96.676 1053.071
f 677 678 679
f 679 680 677
v 4094.122 -96.734 1052.971
v 4093.338 -96.838 1060.932
v 4181.336 -90.911 1069.596
v 4182.120 -90.778 1061.635
f 681 682 683
f 683 684 681
v 4181.431 -90.802 1061.627
v 4182.024 -90.887 1069.605
v 4204.411 -90.569 1067.941
v 4203.818 -90.453 1059.963
f 685 686 687
f 687 688 685
v 4203.819 -90.453 1059.962
v 4204.409 -90.569 1067.941
v 4266.682 -92.720 1063.331
v 4266.091 -92.630 1055.353
f 689 690 691
f 691 692 689
v 2381.086 -93.010 565.870
v 2378.512 -92.721 573.445
v 2393.240 -93.825 578.451
v 2395.814 -94.097 570.876
f 693 694 695
f 695 696 693
v 2395.881 -94.102 570.900
v 2393.172 -93.819 578.427
v 2490.855 -101.522 613.587
v 2493.564 -101.829 606.060
f 697 698 699
f 699 700 697
v 2493.503 -101.825 606.038
v 2490.916 -101.526 613.609
v 2551.229 -101.689 634.214
v 2553.816 -102.091 626.643
f 701 702 703
f 703 704 701
v 2553.930 -102.085 626.684
v 2551.115 -101.696 634.173
v 2609.458 -97.321 656.098
v 2612.272 -97.652 648.610
f 705 706 707
f 707 708 705
v 2612.250 -97.654 648.601
v 2609.480 -97.319 656.107
v 2668.179 -92.140 677.768
v 2670.949 -91.995 670.263
f 709 710 711
f 711 712 709
v 2671.037 -91.988 670.296
v 2668.090 -92.146 677.734
v 2706.229 -90.074 692.844
v 2709.175 -89.591 685.407
f 713 714 715
f 715 716 713
v 3067.904 -82.917 564.192
v 3064.842 -83.224 571.583
v 3103.615 -79.777 587.644
v 3106.677 -79.397 580.253
f 717 718 719
f 719 720 717
v 3106.744 -79.390 580.282
v 3103.547 -79.785 587.616
v 3190.800 -70.946 625.655
v 3193.997 -70.377 618.322
f 721 722 723
f 723 724 721
v 3193.996 -70.377 618.322
v 3190.800 -70.946 625.655
v 3408.619 -76.157 720.595
v 3411.815 -76.507 713.261
f 725 726 727
f 727 728 725
v 3411.770 -76.508 713.242
v 3408.664 -76.155 720.614
v 3584.593 -80.802 794.751
v 3587.700 -81.328 787.379
f 729 730 731
f 731 732 729
v 3557.577 -78.268 865.510
v 3563.798 -78.701 860.480
v 3561.950 -78.452 858.195
v 3555.729 -77.968 863.226
f 733 734 735
f 735 736 733
v 3554.847 -77.773 860.953
v 3562.832 -78.599 860.468
v 3562.654 -78.511 857.536
v 3554.669 -77.676 858.021
f 737 738 739
f 739 740 737
v 3554.747 -77.656 856.953
v 3562.576 -78.528 858.603
v 3563.522 -78.524 854.112
v 3555.694 -77.638 852.463
f 741 742 743
f 743 744 741
v 3555.922 -77.644 851.732
v 3563.293 -78.517 854.842
v 3576.162 -79.499 824.345
v 3568.791 -78.610 821.235
f 745 746 747
f 747 748 745
v 3568.803 -78.612 821.207
v 3576.150 -79.497 824.373
v 3589.820 -81.561 792.648
v 3582.473 -80.583 789.482
f 749 750 751
f 751 752 749
v 1987.879 -88.493 1288.559
v 1993.886 -88.147 1293.842
v 2072.489 -89.379 1204.467
v 2066.481 -89.679 1199.184
f 753 754 755
f 755 756 753
v 2066.468 -89.678 1199.199
v 2072.502 -89.380 1204.452
v 2082.943 -90.669 1192.460
v 2076.910 -91.043 1187.206
f 757 758 759
f 759 760 757
v 2076.507 -90.977 1187.759
v 2083.347 -90.735 1191.907
v 2094.690 -93.044 1173.206
v 2087.850 -93.235 1169.057
f 761 762 763
f 763 764 761
v 2087.883 -93.242 1169.004
v 2094.658 -93.037 1173.258
v 2107.215 -95.463 1153.262
v 2100.440 -95.690 1149.008
f 765 766 767
f 767 768 765
v 2100.326 -95.667 1149.200
v 2107.328 -95.485 1153.070
v 2144.642 -100.541 1085.566
v 2137.641 -100.956 1081.696
f 769 770 771
f 771 772 769
v 2137.734 -100.960 1081.535
v 2144.548 -100.537 1085.726
v 2171.510 -100.063 1041.890
v 2164.696 -100.321 1037.699
f 773 774 775
f 775 776 773
v 2164.578 -100.329 1037.904
v 2171.628 -100.051 1041.686
v 2190.385 -98.264 1006.725
v 2183.336 -98.606 1002.943
f 777 778 779
f 779 780 777
v 2183.031 -98.641 1003.678
v 2190.690 -98.232 1005.990
v 2202.089 -97.242 968.229
v 2194.430 -97.368 965.917
f 781 782 783
f 783 784 781
v 2194.614 -97.355 965.426
v 2201.905 -97.251 968.720
v 2223.890 -97.582 920.062
v 2216.600 -97.349 916.768
f 785 786 787
f 787 788 785
v 2217.107 -97.377 915.935
v 2223.383 -97.549 920.896
v 2233.146 -98.255 908.547
v 2226.870 -98.046 903.585
f 789 790 791
f 791 792 789
v 2227.911 -98.126 902.659
v 2232.104 -98.177 909.473
v 2245.796 -99.239 901.046
v 2241.604 -99.262 894.233
f 793 794 795
f 795 796 793
v 2242.443 -99.336 893.842
v 2244.957 -99.171 901.437
v 2264.149 -100.520 895.084
v 2261.634 -100.818 887.489
f 797 798 799
f 799 800 797
v 2249.255 -97.070 1618.339
v 2251.214 -96.658 1610.582
v 2207.454 -97.123 1599.528
v 2205.495 -97.117 1607.284
f 801 802 803
f 803 804 801
v 2205.253 -97.119 1607.215
v 2207.697 -97.118 1599.597
v 2197.734 -97.362 1596.401
v 2195.290 -97.275 1604.019
f 805 806 807
f 807 808 805
v 2194.104 -97.304 1603.404
v 2198.919 -97.325 1597.016
v 2190.615 -97.666 1590.756
v 2185.799 -97.621 1597.144
f 809 810 811
f 811 812 809
v 2185.496 -97.636 1596.891
v 2190.919 -97.652 1591.009
v 2180.978 -98.221 1581.844
v 2175.555 -98.232 1587.725
f 813 814 815
f 815 816 813
v 2175.389 -98.244 1587.563
v 2181.144 -98.210 1582.006
v 2160.483 -99.774 1560.610
v 2154.728 -99.690 1566.167
f 817 818 819
f 819 820 817
v 1817.720 -80.553 1609.830
v 1819.577 -81.242 1617.612
v 1849.845 -81.559 1610.387
v 1847.988 -80.724 1602.606
f 821 822 823
f 823 824 821
v 1848.497 -80.737 1602.519
v 1849.336 -81.545 1610.475
v 1856.227 -81.767 1609.748
v 1855.388 -80.959 1601.792
f 825 826 827
f 827 828 825
v 1855.988 -80.983 1601.774
v 1855.626 -81.743 1609.766
v 1869.029 -82.370 1610.374
v 1869.391 -81.611 1602.382
f 829 830 831
f 831 832 829
v 1868.462 -81.578 1602.448
v 1869.958 -82.403 1610.307
v 1889.528 -83.030 1606.583
v 1888.032 -82.214 1598.724
f 833 834 835
f 835 836 833
v 1887.856 -82.205 1598.762
v 1889.704 -83.038 1606.545
v 1909.675 -83.914 1601.804
v 1907.827 -83.187 1594.020
f 837 838 839
f 839 840 837
v 1908.103 -83.202 1593.965
v 1909.398 -83.900 1601.859
v 1981.722 -89.649 1589.999
v 1980.428 -89.549 1582.105
f 841 842 843
f 843 844 841
v 1980.393 -89.545 1582.111
v 1981.757 -89.653 1589.994
v 2036.348 -95.136 1580.551
v 2034.984 -95.432 1572.668
f 845 846 847
f 847 848 845
v 2034.970 -95.430 1572.670
v 2036.362 -95.137 1580.548
v 2083.450 -98.941 1572.228
v 2082.058 -99.451 1564.350
f 849 850 851
f 851 852 849
v 2082.370 -99.475 1564.307
v 2083.139 -98.919 1572.270
v 2125.151 -100.178 1568.216
v 2124.382 -100.687 1560.253
f 853 854 855
f 855 856 853
v 2124.663 -100.692 1560.235
v 2124.869 -100.172 1568.233
v 2157.708 -99.548 1567.387
v 2157.503 -99.900 1559.390
f 857 858 859
f 859 860 857
v 2456.185 -99.257 1035.968
v 2462.267 -99.798 1041.165
v 2512.628 -100.642 982.232
v 2506.546 -100.228 977.035
f 861 862 863
f 863 864 861
v 2506.565 -100.227 977.012
v 2512.608 -100.644 982.255
v 2561.288 -94.831 926.148
v 2555.245 -94.472 920.905
f 865 866 867
f 867 868 865
v 2555.416 -94.449 920.721
v 2561.118 -94.855 926.332
v 2576.324 -92.912 910.879
v 2570.622 -92.531 905.268
f 869 870 871
f 871 872 869
v 2570.550 -92.541 905.342
v 2576.395 -92.903 910.805
v 2612.118 -89.740 872.581
v 2606.273 -89.355 867.119
f 873 874 875
f 875 876 873
v 2605.220 -89.481 869.405
v 2613.170 -89.621 870.295
v 2613.404 -89.506 868.209
v 2605.454 -89.357 867.318
f 877 878 879
f 879 880 877
v 2066.327 -96.213 194.577
v 2061.155 -95.391 200.681
v 2099.516 -93.888 233.187
v 2104.688 -94.682 227.084
f 881 882 883
f 883 884 881
v 4119.730 -99.063 240.563
v 4123.768 -98.640 233.657
v 4036.850 -100.724 182.830
v 4032.811 -100.658 189.736
f 885 886 887
f 887 888 885
v 4070.049 -98.258 283.220
v 4074.152 -98.544 276.353
v 3971.894 -99.141 215.250
v 3967.791 -98.414 222.117
f 889 890 891
f 891 892 889
v 3993.967 -91.663 312.242
v 3998.105 -92.359 305.396
v 3900.600 -94.642 246.459
v 3896.462 -94.106 253.306
f 893 894 895
f 895 896 893
v 3896.531 -94.104 253.346
v 3900.532 -94.644 246.419
v 3743.048 -83.316 155.464
v 3739.047 -83.368 162.392
f 897 898 899
f 899 900 897
v 3972.100 -90.088 368.765
v 3976.045 -90.132 361.805
v 3869.490 -92.458 301.416
v 3865.545 -92.462 308.376
f 901 902 903
f 903 904 901
v 3865.490 -92.465 308.344
v 3869.545 -92.455 301.448
v 3709.634 -85.953 207.429
v 3705.580 -86.445 214.326
f 905 906 907
f 907 908 905
v 3705.401 -86.427 214.214
v 3709.813 -85.970 207.541
v 3681.427 -83.711 188.771
v 3677.014 -84.137 195.445
f 909 910 911
f 911 912 909
v 2651.433 -94.943 1063.497
v 2659.419 -93.897 1063.032
v 2659.230 -93.932 1059.783
v 2651.244 -94.982 1060.248
f 913 914 915
f 915 916 913
v 2651.511 -94.954 1058.561
v 2658.963 -93.962 1061.470
v 2679.947 -91.111 1007.715
v 2672.495 -92.054 1004.806
f 917 918 919
f 919 920 917
v 2672.585 -92.041 1004.592
v 2679.856 -91.122 1007.929
v 2705.448 -89.614 952.179
v 2698.178 -90.203 948.842
f 921 922 923
f 923 924 921
v 2698.075 -90.202 949.087
v 2705.551 -89.617 951.934
v 2715.102 -90.314 926.852
v 2707.626 -90.702 924.005
f 925 926 927
f 927 928 925
v 2707.688 -90.707 923.853
v 2715.041 -90.309 927.005
v 2728.243 -91.779 896.204
v 2720.890 -91.978 893.052
f 929 930 931
f 931 932 929
v 2720.879 -91.976 893.079
v 2728.255 -91.780 896.177
v 2753.124 -94.830 836.953
v 2745.748 -94.868 833.855
f 933 934 935
f 935 936 933
v 2353.323 -96.706 679.527
v 2348.078 -97.246 685.568
v 2359.410 -98.247 695.408
v 2364.655 -97.717 689.367
f 937 938 939
f 939 940 937
v 2364.389 -97.696 689.155
v 2359.677 -98.268 695.620
v 2374.538 -99.214 706.451
v 2379.250 -98.654 699.986
f 941 942 943
f 943 944 941
v 2378.318 -98.619 699.480
v 2375.470 -99.253 706.956
v 2436.651 -98.417 730.268
v 2439.499 -98.226 722.793
f 945 946 947
f 947 948 945
v 2439.418 -98.230 722.763
v 2436.731 -98.413 730.298
v 2564.370 -88.976 775.813
v 2567.057 -89.282 768.278
f 949 950 951
f 951 952 949
v 2567.057 -89.282 768.278
v 2564.370 -88.976 775.813
v 2605.525 -88.363 790.487
v 2608.212 -88.673 782.952
f 953 954 955
f 955 956 953
v 2608.091 -88.672 782.911
v 2605.646 -88.364 790.528
v 2681.032 -91.839 814.725
v 2683.477 -91.993 807.108
f 957 958 959
f 959 960 957
v 2683.670 -92.005 807.175
v 2680.839 -91.827 814.658
v 2716.372 -93.854 828.103
v 2719.203 -93.957 820.621
f 961 962 963
f 963 964 961
v 2719.105 -93.953 820.585
v 2716.470 -93.858 828.139
v 2748.118 -94.772 839.181
v 2750.753 -95.044 831.627
f 965 966 967
f 967 968 965
v 2750.908 -95.041 831.685
v 2747.963 -94.769 839.123
v 2760.810 -94.473 844.208
v 2763.754 -94.711 836.770
f 969 970 971
f 971 972 969
v 2763.905 -94.707 836.833
v 2760.659 -94.478 844.145
v 2890.992 -83.314 902.009
v 2894.238 -83.192 894.697
f 973 974 975
f 975 976 973
v 2894.238 -83.192 894.697
v 2890.991 -83.314 902.008
v 2922.572 -81.007 916.035
v 2925.820 -80.658 908.724
f 977 978 979
f 979 980 977
v 2925.820 -80.658 908.724
v 2922.572 -81.007 916.035
v 2935.474 -80.425 921.767
v 2938.722 -79.981 914.456
f 981 982 983
f 983 984 981
v 2938.600 -79.987 914.404
v 2935.596 -80.421 921.819
v 2993.070 -79.942 945.104
v 2996.074 -79.145 937.690
f 985 986 987
f 987 988 985
v 2996.151 -79.146 937.722
v 2992.994 -79.941 945.072
v 3123.772 -77.120 1001.245
v 3126.929 -76.712 993.894
f 989 990 991
f 991 992 989
v 3127.040 -76.702 993.944
v 3123.661 -77.130 1001.195
v 3152.181 -74.269 1014.482
v 3155.560 -73.983 1007.231
f 993 994 995
f 995 996 993
v 2658.924 -93.967 1061.324
v 2651.928 -94.871 1065.205
v 2653.643 -94.634 1068.296
v 2660.638 -93.733 1064.415
f 997 998 999
f 999 1000 997
v 2658.757 -93.985 1062.697
v 2655.524 -94.382 1070.014
v 2787.048 -83.142 1128.128
v 2790.281 -82.315 1120.810
f 1001 1002 1003
f 1003 1004 1001
v 2789.291 -82.351 1120.518
v 2788.038 -83.109 1128.419
v 2802.854 -82.787 1130.770
v 2804.108 -82.091 1122.869
f 1005 1006 1007
f 1007 1008 1005
v 2803.245 -82.113 1122.827
v 2803.717 -82.764 1130.813
v 2836.301 -81.715 1128.885
v 2835.828 -81.143 1120.899
f 1009 1010 1011
f 1011 1012 1009
v 2837.723 -81.170 1121.252
v 2834.405 -81.701 1128.531
v 2844.547 -81.943 1133.154
v 2847.865 -81.460 1125.874
f 1013 1014 1015
f 1015 1016 1013
v 2848.898 -81.498 1126.556
v 2843.513 -81.908 1132.472
v 2849.012 -82.191 1137.478
v 2854.397 -81.759 1131.562
f 1017 1018 1019
f 1019 1020 1017
v 2854.901 -81.786 1132.115
v 2848.508 -82.157 1136.924
v 2869.113 -83.349 1164.317
v 2875.507 -82.877 1159.508
f 1021 1022 1023
f 1023 1024 1021
v 2873.934 -82.866 1158.257
v 2870.686 -83.351 1165.568
v 2972.499 -76.286 1210.791
v 2975.747 -76.537 1203.479
f 1025 1026 1027
f 1027 1028 1025
v 2677.808 -91.390 1002.589
v 2674.633 -91.794 1009.932
v 2860.938 -79.876 1090.485
v 2864.113 -79.720 1083.142
f 1029 1030 1031
f 1031 1032 1029
v 2864.242 -79.725 1083.201
v 2860.809 -79.871 1090.427
v 3036.148 -76.705 1173.727
v 3039.581 -77.356 1166.501
f 1033 1034 1035
f 1035 1036 1033
v 3038.019 -77.434 1166.117
v 3037.709 -76.617 1174.111
v 3044.522 -76.449 1174.375
v 3044.832 -77.238 1166.381
f 1037 1038 1039
f 1039 1040 1037
v 3043.981 -77.253 1166.440
v 3045.374 -76.438 1174.317
v 3049.481 -76.426 1173.591
v 3048.088 -77.223 1165.713
f 1041 1042 1043
f 1043 1044 1041
v 2703.429 -89.951 946.851
v 2700.198 -89.905 954.170
v 2887.036 -80.474 1036.652
v 2890.267 -80.724 1029.333
f 1045 1046 1047
f 1047 1048 1045
v 2890.230 -80.722 1029.317
v 2887.073 -80.477 1036.668
v 3076.227 -80.135 1117.895
v 3079.384 -80.453 1110.544
f 1049 1050 1051
f 1051 1052 1049
v 2726.155 -92.091 890.957
v 2722.979 -91.678 898.299
v 2911.476 -81.867 979.844
v 2914.652 -81.884 972.502
f 1053 1054 1055
f 1055 1056 1053
v 2914.709 -81.885 972.527
v 2911.419 -81.866 979.819
v 2992.181 -85.156 1016.259
v 2995.471 -84.881 1008.967
f 1057 1058 1059
f 1059 1060 1057
v 2995.423 -84.879 1008.946
v 2992.229 -85.158 1016.281
v 3098.050 -80.242 1062.362
v 3101.244 -79.956 1055.028
f 1061 1062 1063
f 1063 1064 1061
v 3101.397 -79.939 1055.098
v 3097.896 -80.258 1062.291
v 3148.803 -74.654 1087.069
v 3152.304 -74.236 1079.876
f 1065 1066 1067
f 1067 1068 1065
v 3152.401 -74.226 1079.925
v 3148.705 -74.664 1087.020
v 3242.491 -71.646 1135.888
v 3246.188 -70.999 1128.793
f 1069 1070 1071
f 1071 1072 1069
v 3245.857 -70.983 1128.640
v 3242.822 -71.655 1136.042
v 3284.445 -73.647 1153.106
v 3287.479 -72.975 1145.704
f 1073 1074 1075
f 1075 1076 1073
v 3287.326 -72.965 1145.645
v 3284.598 -73.654 1153.165
v 3345.389 -76.102 1175.222
v 3348.118 -75.843 1167.701
f 1077 1078 1079
f 1079 1080 1077
v 2794.653 -78.895 1517.611
v 2799.174 -78.815 1511.011
v 2775.229 -80.342 1494.608
v 2770.708 -80.443 1501.208
f 1081 1082 1083
f 1083 1084 1081
v 2770.518 -80.457 1501.070
v 2775.419 -80.323 1494.746
v 2758.086 -82.103 1481.314
v 2753.186 -82.225 1487.638
f 1085 1086 1087
f 1087 1088 1085
v 2752.951 -82.249 1487.441
v 2758.322 -82.079 1481.512
v 2743.305 -83.901 1467.908
v 2737.934 -84.235 1473.837
f 1089 1090 1091
f 1091 1092 1089
v 2737.041 -84.368 1472.661
v 2744.197 -83.734 1469.084
v 2740.546 -84.552 1461.780
v 2733.390 -85.091 1465.358
f 1093 1094 1095
f 1095 1096 1093
v 2733.032 -85.185 1464.285
v 2740.903 -84.453 1462.853
v 2739.078 -85.214 1452.816
v 2731.207 -85.885 1454.247
f 1097 1098 1099
f 1099 1100 1097
v 2731.150 -85.914 1453.787
v 2739.134 -85.182 1453.276
v 2736.485 -88.157 1411.858
v 2728.501 -88.569 1412.369
f 1101 1102 1103
f 1103 1104 1101
v 2728.496 -88.575 1412.274
v 2736.490 -88.150 1411.953
v 2734.920 -91.049 1372.846
v 2726.926 -91.142 1373.167
f 1105 1106 1107
f 1107 1108 1105
v 2726.936 -91.170 1372.688
v 2734.910 -91.017 1373.325
v 2735.979 -91.888 1359.946
v 2728.005 -91.939 1359.309
f 1109 1110 1111
f 1111 1112 1109
v 2728.038 -91.955 1359.020
v 2735.945 -91.869 1360.236
v 2738.617 -92.950 1342.855
v 2730.710 -92.897 1341.639
f 1113 1114 1115
f 1115 1116 1113
v 2730.932 -92.937 1340.807
v 2738.395 -92.907 1343.686
v 2741.824 -93.403 1334.798
v 2734.360 -93.395 1331.919
f 1117 1118 1119
f 1119 1120 1117
v 2734.652 -93.429 1331.317
v 2741.532 -93.367 1335.400
v 2746.753 -93.942 1326.604
v 2739.873 -93.976 1322.521
f 1121 1122 1123
f 1123 1124 1121
v 2740.249 -94.013 1321.991
v 2746.377 -93.904 1327.133
v 2753.769 -94.392 1318.324
v 2747.640 -94.551 1313.182
f 1125 1126 1127
f 1127 1128 1125
v 2747.551 -94.546 1313.292
v 2753.858 -94.397 1318.214
v 2759.157 -94.502 1311.426
v 2752.850 -94.704 1306.503
f 1129 1130 1131
f 1131 1132 1129
v 2752.507 -94.695 1307.022
v 2759.500 -94.511 1310.906
v 2763.608 -94.645 1303.510
v 2756.614 -94.826 1299.626
f 1133 1134 1135
f 1135 1136 1133
v 2756.229 -94.806 1300.605
v 2763.994 -94.666 1302.531
v 2765.864 -94.837 1294.990
v 2758.099 -94.971 1293.064
f 1137 1138 1139
f 1139 1140 1137
v 2757.985 -94.953 1293.844
v 2765.977 -94.855 1294.210
v 2768.137 -94.084 1247.059
v 2760.145 -94.181 1246.693
f 1141 1142 1143
f 1143 1144 1141
v 2760.511 -94.102 1245.196
v 2767.771 -94.165 1248.557
v 2781.953 -92.044 1217.929
v 2774.693 -91.930 1214.567
f 1145 1146 1147
f 1147 1148 1145
v 2774.721 -91.924 1214.510
v 2781.925 -92.050 1217.987
v 2792.156 -89.906 1196.789
v 2784.951 -89.819 1193.312
f 1149 1150 1151
f 1151 1152 1149
v 2784.681 -89.902 1194.046
v 2792.425 -89.826 1196.055
v 2797.345 -87.621 1177.089
v 2789.602 -87.767 1175.080
f 1153 1154 1155
f 1155 1156 1153
v 2790.018 -87.645 1174.070
v 2796.930 -87.744 1178.098
v 2800.670 -86.918 1171.679
v 2793.758 -86.810 1167.651
f 1157 1158 1159
f 1159 1160 1157
v 3046.223 -77.184 1166.580
v 3051.347 -76.471 1172.724
v 3055.844 -76.725 1168.973
v 3050.720 -77.433 1162.829
f 1161 1162 1163
f 1163 1164 1161
v 3049.831 -77.356 1163.879
v 3056.734 -76.802 1167.923
v 3059.929 -77.219 1162.468
v 3053.025 -77.787 1158.425
f 1165 1166 1167
f 1167 1168 1165
v 3052.845 -77.760 1158.771
v 3060.109 -77.245 1162.122
v 3081.438 -79.952 1115.896
v 3074.174 -80.606 1112.544
f 1169 1170 1171
f 1171 1172 1169
v 3074.083 -80.597 1112.756
v 3081.528 -79.958 1115.684
v 3103.369 -79.694 1060.159
v 3095.924 -80.507 1057.231
f 1173 1174 1175
f 1175 1176 1173
v 3095.932 -80.506 1057.212
v 3103.362 -79.695 1060.178
v 3118.501 -77.957 1022.259
v 3111.071 -78.676 1019.292
f 1177 1178 1179
f 1179 1180 1177
v 3111.146 -78.666 1019.118
v 3118.427 -77.966 1022.433
v 3128.991 -76.592 999.227
v 3121.710 -77.218 995.912
f 1181 1182 1183
f 1183 1184 1181
v 3121.701 -77.220 995.931
v 3128.999 -76.591 999.208
v 3153.568 -74.981 944.488
v 3146.270 -75.215 941.211
f 1185 1186 1187
f 1187 1188 1185
v 3146.285 -75.215 941.177
v 3153.552 -74.981 944.523
v 3180.346 -77.083 886.343
v 3173.080 -76.852 882.996
f 1189 1190 1191
f 1191 1192 1189
v 1830.561 -89.615 368.442
v 1823.523 -88.910 372.246
v 1829.791 -89.022 383.843
v 1836.829 -89.850 380.039
f 1193 1194 1195
f 1195 1196 1193
v 1836.973 -89.848 380.335
v 1829.646 -89.023 383.547
v 1934.442 -83.714 622.643
v 1941.769 -84.535 619.432
f 1197 1198 1199
f 1199 1200 1197
v 1941.773 -84.536 619.441
v 1934.438 -83.713 622.634
v 2028.548 -86.631 838.862
v 2035.883 -86.254 835.670
f 1201 1202 1203
f 1203 1204 1201
v 2035.864 -86.254 835.627
v 2028.567 -86.632 838.905
v 2073.206 -93.513 938.268
v 2080.503 -93.466 934.990
f 1205 1206 1207
f 1207 1208 1205
v 2079.701 -93.315 933.819
v 2074.007 -93.662 939.439
v 2080.186 -94.554 945.699
v 2085.880 -94.208 940.080
f 1209 1210 1211
f 1211 1212 1209
v 2084.916 -94.093 939.360
v 2081.149 -94.670 946.418
v 2090.678 -95.587 951.503
v 2094.445 -94.954 944.445
f 1213 1214 1215
f 1215 1216 1213
v 2093.700 -94.899 944.140
v 2091.423 -95.640 951.809
v 2147.327 -98.041 968.411
v 2149.605 -97.520 960.742
f 1217 1218 1219
f 1219 1220 1217
v 2191.740 -96.903 688.508
v 2198.968 -96.914 691.935
v 2212.315 -97.001 663.789
v 2205.087 -97.189 660.361
f 1221 1222 1223
f 1223 1224 1221
v 2205.554 -97.181 659.606
v 2211.848 -97.016 664.544
v 2214.542 -96.924 661.110
v 2208.248 -97.112 656.172
f 1225 1226 1227
f 1227 1228 1225
v 2209.434 -97.074 655.155
v 2213.356 -96.965 662.127
v 2219.178 -96.755 658.851
v 2215.256 -96.842 651.879
f 1229 1230 1231
f 1231 1232 1229
v 2216.919 -96.768 651.377
v 2217.515 -96.816 659.354
v 2222.992 -96.628 658.945
v 2222.396 -96.528 650.967
f 1233 1234 1235
f 1235 1236 1233
v 2222.388 -96.528 650.968
v 2223.000 -96.627 658.944
v 2225.583 -96.537 658.746
v 2224.971 -96.413 650.770
f 1237 1238 1239
f 1239 1240 1237
v 2225.940 -96.371 650.813
v 2224.613 -96.569 658.702
v 2244.172 -96.040 661.991
v 2245.499 -95.663 654.102
f 1241 1242 1243
f 1243 1244 1241
v 2245.847 -95.653 654.177
v 2243.824 -96.048 661.917
v 2302.645 -96.242 677.291
v 2304.668 -95.566 669.551
f 1245 1246 1247
f 1247 1248 1245
v 2304.137 -95.557 669.450
v 2303.176 -96.252 677.392
v 2334.079 -96.677 681.130
v 2335.039 -95.906 673.188
f 1249 1250 1251
f 1251 1252 1249
v 2335.826 -95.923 673.365
v 2333.292 -96.656 680.953
v 2349.434 -97.333 686.342
v 2351.967 -96.616 678.754
f 1253 1254 1255
f 1255 1256 1253
v 2380.607 -99.017 704.706
v 2373.181 -98.817 701.730
v 2307.113 -104.235 866.606
v 2314.539 -104.155 869.581
f 1257 1258 1259
f 1259 1260 1257
v 2314.276 -104.111 870.117
v 2307.375 -104.279 866.069
v 2291.980 -102.051 892.314
v 2298.880 -101.867 896.361
f 1261 1262 1263
f 1263 1264 1261
v 2441.903 -98.127 727.691
v 2434.247 -98.490 725.370
v 2423.583 -99.800 760.543
v 2431.238 -99.148 762.864
f 1265 1266 1267
f 1267 1268 1265
v 2431.233 -99.149 762.881
v 2423.588 -99.800 760.526
v 2378.559 -100.712 906.658
v 2386.204 -100.275 909.014
f 1269 1270 1271
f 1271 1272 1269
v 1860.874 -91.369 370.716
v 1856.239 -90.980 377.237
v 1861.071 -91.006 380.671
v 1865.706 -91.532 374.150
f 1273 1274 1275
f 1275 1276 1273
v 1866.708 -91.528 375.180
v 1860.068 -91.017 379.641
v 1922.629 -86.330 472.773
v 1929.270 -86.943 468.312
f 1277 1278 1279
f 1279 1280 1277
v 1929.430 -86.935 468.571
v 1922.469 -86.341 472.515
v 1979.543 -89.487 573.241
v 1986.503 -90.486 569.297
f 1281 1282 1283
f 1283 1284 1281
v 1984.978 -90.264 567.779
v 1981.068 -89.709 574.759
v 2034.925 -96.646 604.926
v 2038.834 -97.249 597.947
f 1285 1286 1287
f 1287 1288 1285
v 2038.835 -97.249 597.947
v 2034.924 -96.646 604.926
v 2193.399 -96.800 693.711
v 2197.309 -96.982 686.732
f 1289 1290 1291
f 1291 1292 1289
v 2197.174 -96.982 686.660
v 2193.534 -96.800 693.783
v 2317.321 -103.751 757.037
v 2320.961 -103.273 749.913
f 1293 1294 1295
f 1295 1296 1293
v 2160.079 -99.015 176.820
v 2155.466 -98.786 183.356
v 2299.680 -103.085 285.142
v 2304.293 -102.634 278.605
f 1297 1298 1299
f 1299 1300 1297
v 2304.207 -102.627 278.546
v 2299.767 -103.090 285.201
v 2435.165 -98.947 375.521
v 2439.605 -98.454 368.866
f 1301 1302 1303
f 1303 1304 1301
v 2470.008 -95.228 315.729
v 2462.848 -95.996 312.159
v 2433.805 -99.114 370.408
v 2440.964 -98.297 373.978
f 1305 1306 1307
f 1307 1308 1305
v 2441.041 -98.289 373.815
v 2433.728 -99.123 370.571
v 2406.266 -100.073 432.492
v 2413.579 -99.635 435.736
f 1309 1310 1311
f 1311 1312 1309
v 2175.842 -95.634 453.861
v 2182.427 -96.075 458.404
v 2221.289 -98.144 402.084
v 2214.704 -97.529 397.540
f 1313 1314 1315
f 1315 1316 1313
v 2214.784 -97.537 397.428
v 2221.208 -98.135 402.196
v 2262.230 -102.951 346.918
v 2255.805 -102.421 342.151
f 1317 1318 1319
f 1319 1320 1317
v 2255.749 -102.417 342.229
v 2262.286 -102.956 346.840
v 2267.485 -103.314 339.470
v 2260.947 -102.701 334.859
f 1321 1322 1323
f 1323 1324 1321
v 2260.913 -102.699 334.908
v 2267.519 -103.316 339.421
v 2305.290 -103.114 284.130
v 2298.684 -102.636 279.617
f 1325 1326 1327
f 1327 1328 1325
v 2298.702 -102.634 279.590
v 2305.271 -103.115 284.157
v 2344.111 -98.095 228.284
v 2337.542 -97.595 223.718
f 1329 1330 1331
f 1331 1332 1329
v 2428.648 -99.310 757.900
v 2426.173 -99.658 765.507
v 2485.840 -93.615 784.923
v 2488.316 -93.547 777.316
f 1333 1334 1335
f 1335 1336 1333
v 2488.420 -93.536 777.351
v 2485.736 -93.627 784.887
v 2541.329 -88.560 804.686
v 2544.013 -88.583 797.150
f 1337 1338 1339
f 1339 1340 1337
v 2543.541 -88.600 797.014
v 2541.801 -88.524 804.822
v 2549.860 -88.293 806.618
v 2551.600 -88.326 798.810
f 1341 1342 1343
f 1343 1344 1341
v 2549.626 -88.372 798.870
v 2551.834 -88.245 806.559
v 2556.020 -88.144 805.357
v 2553.812 -88.320 797.668
f 1345 1346 1347
f 1347 1348 1345
v 2551.587 -88.306 799.294
v 2558.245 -88.091 803.730
v 2561.228 -88.072 799.253
v 2554.570 -88.422 794.817
f 1349 1350 1351
f 1351 1352 1349
v 2554.082 -88.391 795.841
v 2561.717 -88.103 798.229
v 2569.532 -88.954 773.239
v 2561.896 -89.246 770.851
f 1353 1354 1355
f 1355 1356 1353
v 2490.879 -93.168 782.365
v 2483.277 -93.986 779.874
v 2464.319 -95.691 837.724
v 2471.921 -94.917 840.216
f 1357 1358 1359
f 1359 1360 1357
v 2471.859 -94.926 840.391
v 2464.381 -95.683 837.549
v 2454.607 -96.936 863.265
v 2462.085 -96.268 866.107
f 1361 1362 1363
f 1363 1364 1361
v 2469.548 -95.098 835.233
v 2466.693 -95.501 842.707
v 2536.078 -90.683 869.215
v 2538.933 -89.952 861.742
f 1365 1366 1367
f 1367 1368 1365
v 2555.222 -101.507 1102.633
v 2562.936 -101.142 1104.753
v 2576.684 -102.542 1054.723
v 2568.970 -102.832 1052.603
f 1369 1370 1371
f 1371 1372 1369
v 2569.272 -102.832 1051.830
v 2576.383 -102.542 1055.495
v 2607.296 -98.598 995.519
v 2600.185 -98.944 991.854
f 1373 1374 1375
f 1375 1376 1373
v 2600.075 -98.965 992.086
v 2607.406 -98.577 995.287
v 2616.668 -96.675 974.075
v 2609.337 -96.919 970.874
f 1377 1378 1379
f 1379 1380 1377
v 2776.791 -92.326 1219.943
v 2779.855 -91.640 1212.553
v 2627.503 -94.466 1149.395
v 2624.439 -94.142 1156.785
f 1381 1382 1383
f 1383 1384 1381
v 2762.615 -94.338 1250.574
v 2765.667 -93.924 1243.179
v 2541.492 -97.677 1150.647
v 2538.440 -96.986 1158.042
f 1385 1386 1387
f 1387 1388 1385
v 2538.628 -96.975 1158.114
v 2541.303 -97.687 1150.575
v 2480.523 -99.225 1129.007
v 2477.848 -98.863 1136.546
f 1389 1390 1391
f 1391 1392 1389
v 2477.361 -98.864 1136.336
v 2481.010 -99.228 1129.217
v 2469.154 -99.106 1123.141
v 2465.505 -98.813 1130.261
f 1393 1394 1395
f 1395 1396 1393
v 2765.616 -93.924 1243.158
v 2762.666 -94.338 1250.594
v 2795.917 -94.045 1263.788
v 2798.867 -93.710 1256.353
f 1397 1398 1399
f 1399 1400 1397
v 2754.450 -94.534 1312.650
v 2757.557 -94.675 1305.278
v 2646.338 -89.855 1258.392
v 2643.230 -89.639 1265.764
f 1401 1402 1403
f 1403 1404 1401
v 2643.677 -89.663 1265.922
v 2645.892 -89.832 1258.234
v 2602.900 -88.693 1245.846
v 2600.685 -88.299 1253.533
f 1405 1406 1407
f 1407 1408 1405
v 2600.270 -88.297 1253.389
v 2603.315 -88.694 1245.990
v 2577.188 -89.070 1235.239
v 2574.144 -88.752 1242.638
f 1409 1410 1411
f 1411 1412 1409
v 2573.652 -88.777 1242.395
v 2577.680 -89.044 1235.483
v 2547.969 -90.998 1218.168
v 2543.941 -90.514 1225.080
f 1413 1414 1415
f 1415 1416 1413
v 2544.518 -90.476 1225.357
v 2547.392 -91.037 1217.891
v 2520.219 -93.196 1207.430
v 2517.345 -92.812 1214.896
f 1417 1418 1419
f 1419 1420 1417
v 2517.703 -92.784 1215.015
v 2519.860 -93.223 1207.311
v 2451.910 -97.686 1188.292
v 2449.754 -97.708 1195.996
f 1421 1422 1423
f 1423 1424 1421
v 2449.127 -97.744 1195.763
v 2452.537 -97.655 1188.526
v 2436.507 -98.291 1180.971
v 2433.097 -98.505 1188.208
f 1425 1426 1427
f 1427 1428 1425
v 2432.341 -98.531 1187.743
v 2437.263 -98.269 1181.436
v 2424.350 -98.447 1171.359
v 2419.428 -98.753 1177.666
f 1429 1430 1431
f 1431 1432 1429
v 2419.400 -98.753 1177.643
v 2424.378 -98.447 1171.381
v 2414.527 -98.311 1163.549
v 2409.548 -98.607 1169.811
f 1433 1434 1435
f 1435 1436 1433
v 2410.834 -98.623 1170.495
v 2413.241 -98.288 1162.866
v 2388.160 -97.814 1154.954
v 2385.754 -98.345 1162.584
f 1437 1438 1439
f 1439 1440 1437
v 2384.996 -98.323 1162.255
v 2388.918 -97.841 1155.282
v 2363.860 -96.447 1141.190
v 2359.938 -97.026 1148.163
f 1441 1442 1443
f 1443 1444 1441
v 2360.470 -97.054 1148.412
v 2363.328 -96.418 1140.940
v 2346.029 -95.547 1134.323
v 2343.171 -96.228 1141.796
f 1445 1446 1447
f 1447 1448 1445
v 2343.839 -96.255 1141.986
v 2345.361 -95.519 1134.133
v 2336.845 -95.230 1132.482
v 2335.323 -95.979 1140.335
f 1449 1450 1451
f 1451 1452 1449
v 2336.969 -95.992 1140.309
v 2335.199 -95.216 1132.508
v 2330.424 -95.312 1133.591
v 2332.193 -96.086 1141.393
f 1453 1454 1455
f 1455 1456 1453
v 2332.961 -96.060 1141.134
v 2329.656 -95.335 1133.849
v 2323.310 -95.605 1136.728
v 2326.616 -96.347 1144.013
f 1457 1458 1459
f 1459 1460 1457
v 2327.312 -96.307 1143.609
v 2322.615 -95.646 1137.133
v 2303.623 -96.980 1150.908
v 2308.321 -97.629 1157.384
f 1461 1462 1463
f 1463 1464 1461
v 2306.769 -97.689 1158.066
v 2305.175 -96.919 1150.227
v 2295.691 -97.075 1152.155
v 2297.285 -97.831 1159.994
f 1465 1466 1467
f 1467 1468 1465
v 2296.195 -97.832 1160.064
v 2296.780 -97.072 1152.085
v 2277.500 -96.956 1150.672
v 2276.915 -97.588 1158.651
f 1469 1470 1471
f 1471 1472 1469
v 3334.361 -72.056 542.895
v 3331.138 -71.498 550.217
v 3455.281 -84.914 604.873
v 3458.505 -85.285 597.551
f 1473 1474 1475
f 1475 1476 1473
v 3458.386 -85.279 597.501
v 3455.400 -84.920 604.923
v 3522.303 -86.266 631.841
v 3525.289 -86.741 624.419
f 1477 1478 1479
f 1479 1480 1477
v 3525.225 -86.742 624.394
v 3522.368 -86.265 631.866
v 3587.668 -84.502 656.830
v 3590.525 -84.627 649.357
f 1481 1482 1483
f 1483 1484 1481
v 3590.525 -84.627 649.357
v 3587.667 -84.502 656.830
v 3636.882 -84.493 675.651
v 3639.739 -84.251 668.179
f 1485 1486 1487
f 1487 1488 1485
v 3608.505 -84.176 739.099
v 3611.766 -84.454 731.793
v 3542.670 -81.410 700.952
v 3539.409 -80.659 708.258
f 1489 1490 1491
f 1491 1492 1489
v 3539.409 -80.659 708.258
v 3542.670 -81.410 700.953
v 3435.347 -81.078 653.034
v 3432.086 -80.379 660.339
f 1493 1494 1495
f 1495 1496 1493
v 3432.226 -80.384 660.398
v 3435.207 -81.072 652.974
v 3211.232 -68.822 563.066
v 3208.252 -68.872 570.490
f 1497 1498 1499
f 1499 1500 1497
v 2145.790 -96.404 1153.160
v 2153.257 -96.327 1156.031
v 2174.397 -99.003 1101.048
v 2166.930 -99.393 1098.177
f 1501 1502 1503
f 1503 1504 1501
v 2166.917 -99.392 1098.211
v 2174.410 -99.003 1101.014
v 2186.299 -98.823 1069.236
v 2178.806 -99.395 1066.433
f 1505 1506 1507
f 1507 1508 1505
v 2168.759 -99.198 1103.130
v 2172.568 -99.234 1096.094
v 2143.046 -100.824 1080.113
v 2139.237 -100.659 1087.149
f 1509 1510 1511
f 1511 1512 1509
v 1950.932 -90.499 1254.444
v 1945.919 -90.805 1260.678
v 1968.472 -89.710 1278.812
v 1973.485 -89.395 1272.578
f 1513 1514 1515
f 1515 1516 1513
v 1973.437 -89.398 1272.539
v 1968.520 -89.707 1278.850
v 1980.743 -88.945 1288.373
v 1985.660 -88.639 1282.062
f 1517 1518 1519
f 1519 1520 1517
v 1985.659 -88.639 1282.062
v 1980.743 -88.945 1288.373
v 1988.424 -88.484 1294.356
v 1993.340 -88.145 1288.045
f 1521 1522 1523
f 1523 1524 1521
v 1830.227 -76.923 2488.118
v 1835.346 -77.214 2494.265
v 1862.530 -77.035 2471.630
v 1857.411 -76.723 2465.482
f 1525 1526 1527
f 1527 1528 1525
v 1858.359 -76.754 2464.895
v 1861.582 -77.003 2472.217
v 2003.103 -92.654 2409.911
v 1999.879 -92.078 2402.589
f 1529 1530 1531
f 1531 1532 1529
v 1999.281 -92.009 2402.916
v 2003.701 -92.726 2409.584
v 2027.590 -94.792 2393.750
v 2023.170 -94.097 2387.081
f 1533 1534 1535
f 1535 1536 1533
v 2021.617 -94.019 2389.058
v 2029.143 -94.866 2391.773
v 2079.003 -86.677 2253.529
v 2071.477 -86.524 2250.815
f 1537 1538 1539
f 1539 1540 1537
v 2071.905 -86.493 2249.964
v 2078.575 -86.709 2254.381
v 2092.613 -86.096 2233.185
v 2085.943 -85.751 2228.767
f 1541 1542 1543
f 1543 1544 1541
v 2087.955 -85.752 2227.201
v 2090.600 -86.054 2234.751
v 2108.511 -86.873 2228.478
v 2105.867 -86.722 2220.928
f 1545 1546 1547
f 1547 1548 1545
v 2105.965 -86.728 2220.895
v 2108.413 -86.868 2228.511
v 2125.133 -87.778 2223.136
v 2122.685 -87.638 2215.520
f 1549 1550 1551
f 1551 1552 1549
v 2120.931 -87.543 2216.657
v 2126.887 -87.873 2221.999
v 2189.292 -95.203 2152.428
v 2183.337 -94.804 2147.086
f 1553 1554 1555
f 1555 1556 1553
v 3343.004 -72.768 1013.914
v 3335.609 -72.086 1010.864
v 3320.625 -70.101 1047.198
v 3328.021 -70.708 1050.248
f 1557 1558 1559
f 1559 1560 1557
v 3328.027 -70.708 1050.234
v 3320.619 -70.101 1047.213
v 3307.917 -69.604 1078.356
v 3315.325 -70.239 1081.377
f 1561 1562 1563
f 1563 1564 1561
v 3315.314 -70.240 1081.403
v 3307.928 -69.604 1078.330
v 3286.032 -71.562 1130.963
v 3293.418 -72.095 1134.036
f 1565 1566 1567
f 1567 1568 1565
v 3292.491 -72.165 1135.389
v 3286.959 -71.490 1129.609
v 3281.660 -71.825 1134.681
v 3287.192 -72.459 1140.460
f 1569 1570 1571
f 1571 1572 1569
v 3284.979 -72.516 1141.532
v 3283.873 -71.757 1133.609
v 3278.574 -71.769 1134.349
v 3279.680 -72.545 1142.272
f 1573 1574 1575
f 1575 1576 1573
v 3277.718 -72.508 1142.054
v 3280.536 -71.805 1134.567
v 3256.569 -70.826 1125.546
v 3253.751 -71.431 1133.033
f 1577 1578 1579
f 1579 1580 1577
v 3255.431 -71.468 1133.280
v 3254.889 -70.788 1125.299
v 3249.445 -70.765 1125.669
v 3249.988 -71.449 1133.650
f 1581 1582 1583
f 1583 1584 1581
v 3251.502 -71.428 1133.239
v 3247.931 -70.785 1126.080
v 3242.555 -71.034 1128.761
v 3246.125 -71.618 1135.920
f 1585 1586 1587
f 1587 1588 1585
v 3278.978 -69.816 988.705
v 3277.183 -69.293 996.501
v 3312.861 -70.572 1004.717
v 3314.656 -71.061 996.921
f 1589 1590 1591
f 1591 1592 1589
v 3315.409 -71.094 997.175
v 3312.108 -70.537 1004.462
v 3337.656 -72.174 1016.032
v 3340.957 -72.700 1008.745
f 1593 1594 1595
f 1595 1596 1593
v 3341.446 -72.742 1009.009
v 3337.167 -72.126 1015.769
v 3378.801 -76.683 1042.118
v 3383.079 -77.208 1035.358
f 1597 1598 1599
f 1599 1600 1597
v 3382.642 -77.153 1035.118
v 3379.238 -76.739 1042.358
v 3449.703 -84.506 1075.496
v 3453.107 -84.900 1068.256
f 1601 1602 1603
f 1603 1604 1601
v 3452.952 -84.891 1068.187
v 3449.858 -84.519 1075.565
v 3517.552 -85.942 1103.948
v 3520.645 -86.352 1096.570
f 1605 1606 1607
f 1607 1608 1605
v 3520.646 -86.352 1096.571
v 3517.551 -85.942 1103.948
v 3550.602 -85.060 1117.816
v 3553.697 -85.456 1110.439
f 1609 1610 1611
f 1611 1612 1609
v 3554.049 -85.441 1110.607
v 3550.250 -85.073 1117.647
v 3560.357 -84.719 1123.102
v 3564.157 -85.044 1116.062
f 1613 1614 1615
f 1615 1616 1613
v 3983.224 -92.503 1222.256
v 3981.641 -93.098 1214.414
v 3948.345 -91.585 1221.137
v 3949.929 -91.029 1228.978
f 1617 1618 1619
f 1619 1620 1617
v 3950.137 -91.037 1228.931
v 3948.137 -91.575 1221.185
v 3834.825 -94.163 1250.439
v 3836.825 -94.069 1258.185
f 1621 1622 1623
f 1623 1624 1621
v 3836.697 -94.078 1258.216
v 3834.952 -94.155 1250.408
v 3772.847 -97.090 1264.289
v 3774.592 -97.170 1272.097
f 1625 1626 1627
f 1627 1628 1625
v 3774.684 -97.169 1272.075
v 3772.756 -97.091 1264.311
v 3709.615 -95.974 1279.988
v 3711.543 -96.170 1287.752
f 1629 1630 1631
f 1631 1632 1629
v 3711.865 -96.189 1287.658
v 3709.293 -95.959 1280.083
v 3673.237 -92.710 1292.326
v 3675.809 -92.816 1299.901
f 1633 1634 1635
f 1635 1636 1633
v 3739.775 -87.545 1144.266
v 3731.967 -87.056 1142.525
v 3722.494 -90.959 1185.000
v 3730.302 -91.482 1186.742
f 1637 1638 1639
f 1639 1640 1637
v 3730.343 -91.462 1186.532
v 3722.453 -90.978 1185.210
v 3712.456 -95.140 1244.841
v 3720.346 -95.600 1246.164
f 1641 1642 1643
f 1643 1644 1641
v 3720.356 -95.597 1246.103
v 3712.446 -95.143 1244.903
v 3706.624 -95.870 1283.270
v 3714.534 -96.285 1284.470
f 1645 1646 1647
f 1647 1648 1645
v 3204.693 -69.045 1497.831
v 3204.549 -68.966 1505.830
v 3288.306 -67.778 1507.335
v 3288.450 -67.836 1499.337
f 1649 1650 1651
f 1651 1652 1649
v 3287.497 -67.762 1499.434
v 3289.259 -67.848 1507.238
v 3473.303 -84.764 1465.675
v 3471.541 -84.102 1457.871
f 1653 1654 1655
f 1655 1656 1653
v 3471.420 -84.098 1457.900
v 3473.425 -84.769 1465.645
v 3551.092 -84.958 1445.544
v 3549.088 -84.518 1437.799
f 1657 1658 1659
f 1659 1660 1657
v 3288.373 -72.036 1430.220
v 3287.781 -71.272 1438.198
v 3297.934 -71.650 1438.951
v 3298.525 -72.349 1430.973
f 1661 1662 1663
f 1663 1664 1661
v 3298.743 -72.355 1430.995
v 3297.716 -71.642 1438.929
v 3308.024 -72.004 1440.263
v 3309.051 -72.642 1432.329
f 1665 1666 1667
f 1667 1668 1665
v 3308.132 -72.608 1432.317
v 3308.944 -72.044 1440.275
v 3323.571 -72.790 1438.783
v 3322.759 -73.271 1430.824
f 1669 1670 1671
f 1671 1672 1669
v 3322.253 -73.247 1430.909
v 3324.078 -72.818 1438.698
v 3378.869 -76.493 1425.861
v 3377.044 -76.373 1418.072
f 1673 1674 1675
f 1675 1676 1673
v 3377.208 -76.381 1418.037
v 3378.705 -76.483 1425.896
v 3445.363 -79.287 1413.203
v 3443.866 -78.588 1405.345
f 1677 1678 1679
f 1679 1680 1677
v 3443.631 -78.584 1405.397
v 3445.598 -79.293 1413.151
v 3458.511 -79.523 1409.876
v 3456.544 -78.733 1402.121
f 1681 1682 1683
f 1683 1684 1681
v 3456.262 -78.731 1402.204
v 3458.794 -79.526 1409.793
v 3473.121 -79.584 1405.012
v 3470.588 -78.749 1397.423
f 1685 1686 1687
f 1687 1688 1685
v 3470.177 -78.752 1397.586
v 3473.532 -79.582 1404.849
v 3483.539 -79.456 1400.226
v 3480.185 -78.603 1392.964
f 1689 1690 1691
f 1691 1692 1689
v 3479.924 -78.609 1393.096
v 3483.800 -79.451 1400.094
v 3493.507 -79.205 1394.719
v 3489.631 -78.338 1387.720
f 1693 1694 1695
f 1695 1696 1693
v 3489.917 -78.331 1387.577
v 3493.221 -79.209 1394.863
v 3502.773 -79.130 1390.531
v 3499.468 -78.240 1383.245
f 1697 1698 1699
f 1699 1700 1697
v 3500.433 -78.250 1382.947
v 3501.808 -79.122 1390.828
v 3512.105 -79.356 1389.032
v 3510.730 -78.515 1381.151
f 1701 1702 1703
f 1703 1704 1701
v 3511.717 -78.553 1381.103
v 3511.118 -79.321 1389.080
v 3517.096 -79.607 1389.529
v 3517.695 -78.859 1381.552
f 1705 1706 1707
f 1707 1708 1705
v 3517.837 -78.866 1381.565
v 3516.953 -79.600 1389.516
v 3526.694 -80.095 1390.599
v 3527.578 -79.392 1382.648
f 1709 1710 1711
f 1711 1712 1709
v 3461.392 -79.168 1404.967
v 3453.663 -79.085 1407.031
v 3468.558 -84.297 1462.805
v 3476.287 -84.565 1460.741
f 1713 1714 1715
f 1715 1716 1713
v 3476.244 -84.552 1460.592
v 3468.601 -84.310 1462.954
v 3484.308 -86.973 1513.775
v 3491.951 -87.440 1511.413
f 1717 1718 1719
f 1719 1720 1717
v 4279.975 -95.068 1131.951
v 4278.624 -94.775 1124.066
v 4247.165 -94.455 1129.455
v 4248.516 -94.983 1137.340
f 1721 1722 1723
f 1723 1724 1721
v 4248.084 -94.983 1137.390
v 4247.597 -94.459 1129.405
v 4221.838 -94.415 1130.976
v 4222.325 -95.087 1138.961
f 1725 1726 1727
f 1727 1728 1725
v 4222.113 -95.088 1138.969
v 4222.049 -94.414 1130.969
v 4197.269 -94.473 1131.167
v 4197.333 -95.229 1139.167
f 1729 1730 1731
f 1731 1732 1729
v 4197.390 -95.229 1139.166
v 4197.213 -94.473 1131.168
v 4176.875 -94.907 1131.617
v 4177.052 -95.633 1139.615
f 1733 1734 1735
f 1735 1736 1733
v 4177.145 -95.631 1139.612
v 4176.782 -94.909 1131.620
v 4154.941 -95.460 1132.611
v 4155.304 -96.144 1140.603
f 1737 1738 1739
f 1739 1740 1737
v 4154.980 -96.150 1140.604
v 4155.264 -95.453 1132.609
v 4125.887 -96.464 1131.566
v 4125.603 -96.942 1139.561
f 1741 1742 1743
f 1743 1744 1741
v 4125.521 -96.944 1139.557
v 4125.969 -96.461 1131.570
v 4106.889 -97.182 1130.500
v 4106.441 -97.506 1138.487
f 1745 1746 1747
f 1747 1748 1745
v 4106.199 -97.513 1138.466
v 4107.132 -97.171 1130.521
v 4078.678 -98.448 1127.179
v 4077.745 -98.515 1135.125
f 1749 1750 1751
f 1751 1752 1749
v 4077.350 -98.531 1135.058
v 4079.073 -98.429 1127.246
v 4067.574 -98.988 1124.710
v 4065.851 -98.981 1132.522
f 1753 1754 1755
f 1755 1756 1753
v 4066.737 -98.949 1132.616
v 4066.688 -99.027 1124.616
v 4056.001 -99.495 1124.682
v 4056.051 -99.323 1132.682
f 1757 1758 1759
f 1759 1760 1757
v 4056.323 -99.314 1132.671
v 4055.729 -99.507 1124.693
v 4040.656 -100.124 1125.816
v 4041.250 -99.800 1133.794
f 1761 1762 1763
f 1763 1764 1761
v 4040.818 -99.815 1133.802
v 4041.088 -100.106 1125.807
v 4018.847 -100.847 1125.054
v 4018.576 -100.388 1133.050
f 1765 1766 1767
f 1767 1768 1765
v 4018.382 -100.391 1133.038
v 4019.041 -100.843 1125.065
v 3993.760 -101.505 1122.979
v 3993.102 -100.908 1130.952
f 1769 1770 1771
f 1771 1772 1769
v 3992.615 -100.921 1130.881
v 3994.247 -101.489 1123.049
v 3985.631 -101.726 1121.253
v 3983.998 -101.072 1129.085
f 1773 1774 1775
f 1775 1776 1773
v 3982.207 -101.118 1128.202
v 3987.423 -101.679 1122.136
v 3980.710 -102.059 1116.364
v 3975.494 -101.496 1122.430
f 1777 1778 1779
f 1779 1780 1777
v 3975.317 -101.507 1122.268
v 3980.887 -102.048 1116.526
v 3972.527 -102.612 1108.417
v 3966.957 -102.071 1114.159
f 1781 1782 1783
f 1783 1784 1781
v 3967.957 -102.024 1114.867
v 3971.527 -102.659 1107.708
v 3963.768 -102.865 1103.838
v 3960.198 -102.255 1110.997
f 1785 1786 1787
f 1787 1788 1785
v 3961.430 -102.238 1111.379
v 3962.537 -102.872 1103.456
v 3950.058 -102.833 1101.713
v 3948.951 -102.241 1109.636
f 1789 1790 1791
f 1791 1792 1789
v 3949.896 -102.250 1109.655
v 3949.113 -102.824 1101.694
v 3928.441 -101.597 1103.728
v 3929.224 -101.059 1111.689
f 1793 1794 1795
f 1795 1796 1793
v 3929.258 -101.062 1111.686
v 3928.406 -101.595 1103.731
v 3894.966 -99.043 1107.310
v 3895.818 -98.675 1115.265
f 1797 1798 1799
f 1799 1800 1797
v 3895.510 -98.647 1115.286
v 3895.274 -99.073 1107.289
v 3874.680 -97.124 1107.897
v 3874.916 -96.857 1115.893
f 1801 1802 1803
f 1803 1804 1801
v 3874.139 -96.793 1115.841
v 3875.457 -97.194 1107.950
v 3853.950 -95.072 1104.357
v 3852.632 -94.828 1112.248
f 1805 1806 1807
f 1807 1808 1805
v 3853.045 -94.871 1112.295
v 3853.536 -95.025 1104.310
v 3797.710 -88.790 1100.876
v 3797.218 -89.049 1108.861
f 1809 1810 1811
f 1811 1812 1809
v 3797.097 -89.036 1108.852
v 3797.831 -88.803 1100.886
v 3746.323 -84.054 1096.144
v 3745.590 -84.411 1104.110
f 1813 1814 1815
f 1815 1816 1813
v 3744.119 -84.275 1103.680
v 3747.794 -84.193 1096.575
v 3737.353 -83.206 1091.173
v 3733.677 -83.456 1098.278
f 1817 1818 1819
f 1819 1820 1817
v 3732.178 -83.330 1096.932
v 3738.851 -83.332 1092.519
v 3721.819 -81.665 1066.764
v 3715.146 -81.493 1071.177
f 1821 1822 1823
f 1823 1824 1821
v 3715.036 -81.487 1071.000
v 3721.930 -81.671 1066.941
v 3696.037 -81.213 1022.972
v 3689.143 -81.212 1027.032
f 1825 1826 1827
f 1827 1828 1825
v 3643.630 -84.230 1134.316
v 3638.980 -84.474 1140.826
v 3675.560 -87.117 1166.950
v 3680.209 -86.782 1160.440
f 1829 1830 1831
f 1831 1832 1829
v 3679.486 -86.721 1160.030
v 3676.284 -87.181 1167.361
v 3692.703 -88.572 1174.533
v 3695.905 -88.030 1167.201
f 1833 1834 1835
f 1835 1836 1833
v 3695.998 -88.038 1167.244
v 3692.610 -88.564 1174.491
v 3724.704 -91.511 1189.494
v 3728.092 -90.927 1182.247
f 1837 1838 1839
f 1839 1840 1837
v 3727.307 -90.865 1181.976
v 3725.488 -91.574 1189.766
v 3782.673 -94.218 1203.119
v 3784.492 -93.725 1195.328
f 1841 1842 1843
f 1843 1844 1841
v 3783.562 -93.714 1195.224
v 3783.603 -94.220 1203.224
v 3839.731 -93.761 1202.933
v 3839.689 -93.739 1194.933
f 1845 1846 1847
f 1847 1848 1845
v 3839.206 -93.741 1194.965
v 3840.214 -93.753 1202.901
v 3886.156 -93.423 1197.063
v 3885.147 -93.860 1189.127
f 1849 1850 1851
f 1851 1852 1849
v 3885.148 -93.860 1189.127
v 3886.155 -93.423 1197.064
v 3947.258 -94.426 1189.311
v 3946.251 -95.230 1181.374
f 1853 1854 1855
f 1855 1856 1853
v 3946.197 -95.228 1181.382
v 3947.312 -94.428 1189.303
v 4002.582 -96.573 1181.524
v 4001.467 -97.216 1173.602
f 1857 1858 1859
f 1859 1860 1857
v 4001.989 -97.231 1173.563
v 4002.061 -96.556 1181.563
v 4013.849 -96.894 1181.457
v 4013.778 -97.486 1173.458
f 1861 1862 1863
f 1863 1864 1861
v 3742.056 -95.352 1339.782
v 3740.172 -95.842 1332.007
v 3678.879 -91.216 1346.865
v 3680.764 -90.821 1354.640
f 1865 1866 1867
f 1867 1868 1865
v 3680.862 -90.831 1354.615
v 3678.781 -91.207 1346.890
v 3655.493 -88.881 1353.164
v 3657.574 -88.641 1360.888
f 1869 1870 1871
f 1871 1872 1869
v 3658.159 -88.700 1360.681
v 3654.908 -88.811 1353.371
v 3627.891 -85.845 1365.390
v 3631.142 -85.926 1372.699
f 1873 1874 1875
f 1875 1876 1873
v 3633.010 -86.119 1370.993
v 3626.023 -85.650 1367.097
v 3616.906 -84.716 1383.447
v 3623.893 -85.080 1387.343
f 1877 1878 1879
f 1879 1880 1877
v 3624.206 -85.113 1386.625
v 3616.593 -84.688 1384.165
v 3611.216 -84.292 1400.807
v 3618.829 -84.560 1403.266
f 1881 1882 1883
f 1883 1884 1881
v 3619.007 -84.590 1401.685
v 3611.038 -84.279 1402.388
v 3613.120 -84.215 1426.015
v 3621.089 -84.285 1425.313
f 1885 1886 1887
f 1887 1888 1885
v 3620.999 -84.293 1424.754
v 3613.209 -84.213 1426.575
v 3625.610 -83.416 1479.615
v 3633.400 -83.107 1477.794
f 1889 1890 1891
f 1891 1892 1889
v 3633.356 -83.111 1477.623
v 3625.654 -83.413 1479.786
v 3635.528 -82.689 1514.931
v 3643.230 -82.274 1512.767
f 1893 1894 1895
f 1895 1896 1893
v 3616.105 -84.273 1421.791
v 3618.103 -84.204 1429.538
v 3742.703 -90.090 1397.404
v 3740.705 -90.820 1389.658
f 1897 1898 1899
f 1899 1900 1897
v 3740.893 -90.831 1389.614
v 3742.515 -90.078 1397.448
v 3816.409 -93.411 1382.154
v 3814.787 -93.655 1374.320
f 1901 1902 1903
f 1903 1904 1901
v 3814.834 -93.656 1374.311
v 3816.362 -93.410 1382.163
v 3877.320 -93.580 1370.303
v 3875.793 -93.268 1362.450
f 1905 1906 1907
f 1907 1908 1905
v 3995.669 -96.119 1381.205
v 3997.560 -96.877 1388.978
v 4075.784 -98.631 1369.946
v 4073.893 -98.540 1362.173
f 1909 1910 1911
f 1911 1912 1909
v 4073.972 -98.544 1362.155
v 4075.706 -98.628 1369.965
v 4190.365 -103.355 1344.514
v 4188.631 -103.860 1336.704
f 1913 1914 1915
f 1915 1916 1913
v 4072.652 -98.501 1369.409
v 4077.025 -98.697 1362.710
v 4055.941 -97.250 1348.948
v 4051.569 -97.130 1355.647
f 1917 1918 1919
f 1919 1920 1917
v 4051.502 -97.124 1355.603
v 4056.008 -97.256 1348.993
v 4036.405 -95.410 1335.627
v 4031.898 -95.281 1342.237
f 1921 1922 1923
f 1923 1924 1921
v 4031.232 -95.208 1341.666
v 4037.071 -95.484 1336.198
v 4022.822 -93.791 1320.983
v 4016.983 -93.620 1326.451
f 1925 1926 1927
f 1927 1928 1925
v 4016.569 -93.568 1325.927
v 4023.236 -93.843 1321.507
v 4015.477 -92.957 1309.805
v 4008.810 -92.546 1314.226
f 1929 1930 1931
f 1931 1932 1929
v 4008.150 -92.445 1311.798
v 4016.138 -93.055 1312.232
v 4016.527 -92.944 1305.061
v 4008.539 -92.320 1304.627
f 1933 1934 1935
f 1935 1936 1933
v 4028.591 -94.341 390.882
v 4021.367 -93.954 394.318
v 4027.122 -94.773 406.417
v 4034.346 -95.189 402.981
f 1937 1938 1939
f 1939 1940 1937
v 4034.309 -95.184 402.904
v 4027.159 -94.780 406.494
v 4043.501 -97.215 439.039
v 4050.650 -97.417 435.450
f 1941 1942 1943
f 1943 1944 1941
v 4050.759 -97.430 435.685
v 4043.392 -97.201 438.804
v 4048.324 -97.837 450.454
v 4055.691 -97.974 447.335
f 1945 1946 1947
f 1947 1948 1945
v 4055.710 -97.976 447.382
v 4048.304 -97.835 450.407
v 4051.288 -98.155 457.711
v 4058.694 -98.238 454.686
f 1949 1950 1951
f 1951 1952 1949
v 4058.798 -98.246 454.972
v 4051.183 -98.144 457.425
v 4054.167 -98.464 466.684
v 4061.781 -98.483 464.231
f 1953 1954 1955
f 1955 1956 1953
v 4061.892 -98.492 464.653
v 4054.056 -98.451 466.262
v 4056.293 -98.747 477.159
v 4064.130 -98.680 475.550
f 1957 1958 1959
f 1959 1960 1957
v 4064.195 -98.686 475.990
v 4056.228 -98.736 476.719
v 4057.798 -99.129 493.889
v 4065.764 -98.900 493.161
f 1961 1962 1963
f 1963 1964 1961
v 4065.736 -98.898 492.927
v 4057.826 -99.134 494.123
v 4060.286 -99.345 510.396
v 4068.196 -98.969 509.200
f 1965 1966 1967
f 1967 1968 1965
v 4068.181 -98.969 509.107
v 4060.301 -99.346 510.488
v 4062.394 -99.422 522.429
v 4070.274 -98.944 521.048
f 1969 1970 1971
f 1971 1972 1969
v 4070.207 -98.946 520.739
v 4062.461 -99.423 522.737
v 4067.236 -99.257 541.255
v 4074.983 -98.641 539.257
f 1973 1974 1975
f 1975 1976 1973
v 4074.932 -98.645 539.078
v 4067.287 -99.254 541.434
v 4072.809 -98.854 559.345
v 4080.454 -98.123 556.988
f 1977 1978 1979
f 1979 1980 1977
v 4080.374 -98.132 556.755
v 4072.889 -98.846 559.578
v 4079.312 -98.216 576.604
v 4086.797 -97.478 573.780
f 1981 1982 1983
f 1983 1984 1981
v 4086.561 -97.503 573.267
v 4079.548 -98.192 577.116
v 4098.060 -96.492 610.850
v 4105.073 -95.796 607.001
f 1985 1986 1987
f 1987 1988 1985
v 4105.307 -95.780 607.509
v 4097.826 -96.509 610.342
v 4103.648 -96.234 625.716
v 4111.129 -95.519 622.883
f 1989 1990 1991
f 1991 1992 1989
v 4111.305 -95.522 623.488
v 4103.472 -96.234 625.112
v 4106.010 -96.345 637.356
v 4113.843 -95.735 635.732
f 1993 1994 1995
f 1995 1996 1993
v 4113.924 -95.752 636.389
v 4105.930 -96.333 636.699
v 4106.375 -96.609 648.203
v 4114.369 -96.107 647.893
f 1997 1998 1999
f 1999 2000 1997
v 4114.305 -96.147 648.776
v 4106.439 -96.581 647.320
v 4104.947 -96.961 655.377
v 4112.813 -96.594 656.833
f 2001 2002 2003
f 2003 2004 2001
v 4112.655 -96.628 657.428
v 4105.106 -96.930 654.782
v 4102.490 -97.326 662.244
v 4110.039 -97.082 664.891
f 2005 2006 2007
f 2007 2008 2005
v 4109.523 -97.146 665.887
v 4103.006 -97.268 661.248
v 4099.132 -97.615 666.690
v 4105.649 -97.514 671.329
f 2009 2010 2011
f 2011 2012 2009
v 4105.368 -97.538 671.681
v 4099.413 -97.593 666.338
v 4095.384 -97.874 670.829
v 4101.338 -97.825 676.172
f 2013 2014 2015
f 2015 2016 2013
v 4100.814 -97.856 676.660
v 4095.908 -97.842 670.341
v 4089.562 -98.166 675.267
v 4094.469 -98.169 681.586
f 2017 2018 2019
f 2019 2020 2017
v 4106.203 -99.418 717.585
v 4110.667 -99.842 724.223
v 4119.328 -99.713 718.398
v 4114.863 -99.312 711.760
f 2021 2022 2023
f 2023 2024 2021
v 4114.510 -99.323 712.028
v 4119.682 -99.703 718.131
v 4128.409 -99.350 710.734
v 4123.237 -98.941 704.631
f 2025 2026 2027
f 2027 2028 2025
v 4123.154 -98.945 704.704
v 4128.493 -99.346 710.662
v 4134.315 -99.006 705.444
v 4128.976 -98.594 699.487
f 2029 2030 2031
f 2031 2032 2029
v 4128.744 -98.610 699.712
v 4134.547 -98.990 705.219
v 4140.224 -98.521 699.235
v 4134.421 -98.145 693.729
f 2033 2034 2035
f 2035 2036 2033
v 4134.466 -98.141 693.682
v 4140.179 -98.525 699.282
v 4147.415 -97.850 691.899
v 4141.701 -97.467 686.299
f 2037 2038 2039
f 2039 2040 2037
v 4141.727 -97.465 686.274
v 4147.390 -97.852 691.924
v 4149.182 -97.671 690.128
v 4143.519 -97.284 684.477
f 2041 2042 2043
f 2043 2044 2041
v 4142.553 -97.431 686.047
v 4150.148 -97.517 688.558
v 4150.716 -97.354 686.841
v 4143.120 -97.279 684.330
f 2045 2046 2047
f 2047 2048 2045
v 4143.453 -97.542 687.584
v 4150.383 -97.068 683.587
v 4149.226 -96.914 681.580
v 4142.295 -97.398 685.576
f 2049 2050 2051
f 2051 2052 2049
v 4143.397 -97.478 686.805
v 4148.124 -96.832 680.351
v 4146.699 -96.776 679.307
v 4141.972 -97.419 685.762
f 2053 2054 2055
f 2055 2056 2053
v 4143.523 -97.447 686.451
v 4145.149 -96.758 678.618
v 4138.659 -96.832 677.271
v 4137.033 -97.460 685.104
f 2057 2058 2059
f 2059 2060 2057
v 4035.014 -94.485 838.778
v 4042.640 -95.227 836.362
v 4042.084 -95.138 834.605
v 4034.457 -94.390 837.022
f 2061 2062 2063
f 2063 2064 2061
v 4034.270 -94.344 835.813
v 4042.270 -95.179 835.813
v 4042.270 -95.144 833.832
v 4034.270 -94.302 833.832
f 2065 2066 2067
f 2067 2068 2065
v 4034.408 -94.294 832.791
v 4042.133 -95.148 834.873
v 4042.656 -95.169 832.931
v 4034.931 -94.309 830.850
f 2069 2070 2071
f 2071 2072 2069
v 4035.372 -94.357 829.818
v 4042.215 -95.141 833.963
v 4049.896 -95.911 821.283
v 4043.053 -95.183 817.138
f 2073 2074 2075
f 2075 2076 2073
v 4042.948 -95.171 817.323
v 4050.001 -95.923 821.099
v 4055.077 -96.467 811.615
v 4048.024 -95.716 807.840
f 2077 2078 2079
f 2079 2080 2077
v 4048.222 -95.737 807.509
v 4054.879 -96.446 811.946
v 4060.857 -97.085 802.978
v 4054.200 -96.399 798.541
f 2081 2082 2083
f 2083 2084 2081
v 4151.529 -104.469 312.760
v 4145.068 -104.203 317.478
v 4151.937 -104.885 326.883
v 4158.397 -104.924 322.165
f 2085 2086 2087
f 2087 2088 2085
v 4158.432 -104.925 322.213
v 4151.902 -104.881 326.835
v 4208.330 -103.274 406.561
v 4214.860 -103.290 401.939
f 2089 2090 2091
f 2091 2092 2089
v 4215.130 -103.257 402.378
v 4208.060 -103.321 406.122
v 4214.784 -102.039 418.816
v 4221.853 -102.068 415.071
f 2093 2094 2095
f 2095 2096 2093
v 4222.131 -102.007 415.733
v 4214.506 -102.101 418.154
v 4218.536 -100.965 430.847
v 4226.161 -100.902 428.426
f 2097 2098 2099
f 2099 2100 2097
v 4226.243 -100.877 428.726
v 4218.453 -100.991 430.547
v 4222.327 -99.410 447.111
v 4230.117 -99.375 445.289
f 2101 2102 2103
f 2103 2104 2101
v 4230.203 -99.326 445.811
v 4222.241 -99.460 446.588
v 4224.033 -97.732 464.948
v 4231.996 -97.661 464.171
f 2105 2106 2107
f 2107 2108 2105
v 4232.004 -97.652 464.270
v 4224.025 -97.741 464.849
v 4225.227 -96.202 481.425
v 4233.206 -96.171 480.846
f 2109 2110 2111
f 2111 2112 2109
v 4233.171 -96.198 480.534
v 4225.262 -96.173 481.738
v 4226.899 -95.179 492.489
v 4234.808 -95.241 491.285
f 2113 2114 2115
f 2115 2116 2113
v 4234.596 -95.313 490.477
v 4227.110 -95.104 493.298
v 4230.539 -94.365 502.398
v 4238.025 -94.585 499.578
f 2117 2118 2119
f 2119 2120 2117
v 4237.611 -94.638 498.770
v 4230.953 -94.303 503.206
v 4236.330 -93.713 511.276
v 4242.987 -94.161 506.840
f 2121 2122 2123
f 2123 2124 2121
v 4242.852 -94.171 506.650
v 4236.465 -93.702 511.467
v 4244.235 -93.205 521.769
v 4250.622 -93.700 516.952
f 2125 2126 2127
f 2127 2128 2125
v 4250.586 -93.701 516.905
v 4244.271 -93.203 521.816
v 4251.585 -92.984 531.220
v 4257.900 -93.404 526.309
f 2129 2130 2131
f 2131 2132 2129
v 4256.928 -93.417 525.415
v 4252.557 -92.988 532.115
v 4257.477 -93.074 535.325
v 4261.848 -93.470 528.624
f 2133 2134 2135
f 2135 2136 2133
v 4261.502 -93.464 528.423
v 4257.823 -93.081 535.526
v 4261.853 -93.183 537.613
v 4265.532 -93.553 530.509
f 2137 2138 2139
f 2139 2140 2137
v 4263.540 -93.490 530.064
v 4263.845 -93.255 538.058
v 4267.652 -93.424 537.913
v 4267.347 -93.641 529.919
f 2141 2142 2143
f 2143 2144 2141
v 4212.868 -102.030 279.633
v 4206.447 -102.661 284.405
v 4270.144 -100.259 370.115
v 4276.565 -99.639 365.343
f 2145 2146 2147
f 2147 2148 2145
v 4277.604 -94.046 529.600
v 4271.443 -93.972 524.496
v 4268.226 -93.719 528.379
v 4274.387 -93.824 533.483
f 2149 2150 2151
f 2151 2152 2149
v 4273.775 -93.785 534.079
v 4268.839 -93.758 527.783
v 4265.031 -93.526 530.768
v 4269.968 -93.547 537.064
f 2153 2154 2155
f 2155 2156 2153
v 4277.094 -99.566 369.148
v 4269.615 -100.336 366.309
v 4253.919 -100.628 407.651
v 4261.398 -99.886 410.491
f 2157 2158 2159
f 2159 2160 2157
v 4261.243 -99.881 410.846
v 4254.074 -100.635 407.296
v 4241.451 -99.952 432.788
v 4248.620 -99.305 436.338
f 2161 2162 2163
f 2163 2164 2161
v 4248.596 -99.303 436.385
v 4241.474 -99.953 432.741
v 4234.906 -99.224 445.580
v 4242.028 -98.635 449.223
f 2165 2166 2167
f 2167 2168 2165
v 4241.883 -98.621 449.483
v 4235.051 -99.243 445.321
v 4224.598 -97.948 462.478
v 4231.430 -97.452 466.640
f 2169 2170 2171
f 2171 2172 2169
v 3447.338 -82.810 525.716
v 3447.457 -83.209 533.715
v 3491.183 -85.716 533.068
v 3491.065 -85.213 525.069
f 2173 2174 2175
f 2175 2176 2173
v 3490.497 -85.187 525.118
v 3491.751 -85.745 533.019
v 3531.302 -86.024 526.745
v 3530.049 -85.410 518.844
f 2177 2178 2179
f 2179 2180 2177
v 3529.918 -85.410 518.867
v 3531.433 -86.025 526.722
v 3555.478 -85.426 522.086
v 3553.963 -84.997 514.231
f 2181 2182 2183
f 2183 2184 2181
v 3553.833 -84.999 514.258
v 3555.608 -85.423 522.059
v 3571.627 -85.052 518.413
v 3569.852 -84.732 510.613
f 2185 2186 2187
f 2187 2188 2185
v 3570.087 -84.729 510.567
v 3571.393 -85.056 518.460
v 3614.818 -84.091 511.274
v 3613.512 -84.156 503.382
f 2189 2190 2191
f 2191 2192 2189
v 3613.674 -84.155 503.358
v 3614.657 -84.093 511.298
v 3646.572 -83.871 507.348
v 3645.589 -84.202 499.409
f 2193 2194 2195
f 2195 2196 2193
v 3645.455 -84.201 499.428
v 3646.706 -83.871 507.329
v 3686.269 -84.560 501.069
v 3685.018 -85.158 493.167
f 2197 2198 2199
f 2199 2200 2197
v 3684.846 -85.152 493.198
v 3686.441 -84.565 501.037
v 3755.871 -88.561 486.905
v 3754.276 -89.213 479.065
f 2201 2202 2203
f 2203 2204 2201
v 3754.126 -89.202 479.099
v 3756.021 -88.573 486.871
v 3794.170 -91.299 477.573
v 3792.276 -91.696 469.800
f 2205 2206 2207
f 2207 2208 2205
v 3792.455 -91.706 469.761
v 3793.991 -91.287 477.612
v 3830.637 -93.269 470.440
v 3829.101 -93.350 462.589
f 2209 2210 2211
f 2211 2212 2209
v 3829.265 -93.355 462.560
v 3830.473 -93.262 470.468
v 3870.671 -94.601 464.326
v 3869.462 -94.275 456.418
f 2213 2214 2215
f 2215 2216 2213
v 3869.156 -94.272 456.477
v 3870.977 -94.607 464.267
v 3883.690 -94.801 461.295
v 3881.869 -94.356 453.505
f 2217 2218 2219
f 2219 2220 2217
v 3881.655 -94.356 453.562
v 3883.903 -94.803 461.239
v 3888.234 -94.833 459.971
v 3885.986 -94.351 452.294
f 2221 2222 2223
f 2223 2224 2221
v 3885.679 -94.353 452.397
v 3888.540 -94.834 459.868
v 3891.679 -94.829 458.666
v 3888.819 -94.325 451.195
f 2225 2226 2227
f 2227 2228 2225
v 3888.313 -94.332 451.430
v 3892.185 -94.825 458.431
v 3896.125 -94.760 456.251
v 3892.254 -94.244 449.251
f 2229 2230 2231
f 2231 2232 2229
v 3758.301 -89.266 480.621
v 3751.847 -88.494 485.349
v 3766.552 -87.669 505.425
v 3773.006 -88.412 500.698
f 2233 2234 2235
f 2235 2236 2233
v 3773.072 -88.410 500.791
v 3766.486 -87.672 505.332
v 3800.216 -88.416 554.255
v 3806.802 -89.334 549.715
f 2237 2238 2239
f 2239 2240 2237
v 3806.754 -89.330 549.646
v 3800.264 -88.420 554.324
v 3838.736 -93.282 607.711
v 3845.226 -94.153 603.034
f 2241 2242 2243
f 2243 2244 2241
v 3845.189 -94.148 602.984
v 3838.772 -93.287 607.761
v 3876.821 -96.672 658.877
v 3883.238 -97.391 654.100
f 2245 2246 2247
f 2247 2248 2245
v 3755.718 -86.920 660.468
v 3760.284 -87.749 667.037
v 3844.264 -94.019 608.657
v 3839.698 -93.405 602.088
f 2249 2250 2251
f 2251 2252 2249
v 3686.684 -82.160 629.136
v 3691.282 -82.508 635.683
v 3805.807 -89.074 555.258
v 3801.210 -88.696 548.712
f 2253 2254 2255
f 2255 2256 2253
v 3833.156 -93.447 464.234
v 3826.583 -93.143 468.795
v 3931.924 -102.725 620.610
v 3938.497 -103.371 616.049
f 2257 2258 2259
f 2259 2260 2257
v 3873.279 -94.411 457.989
v 3866.854 -94.442 462.756
v 3965.873 -104.619 596.225
v 3972.298 -104.794 591.459
f 2261 2262 2263
f 2263 2264 2261
v 3618.473 -83.629 599.085
v 3622.704 -83.444 605.875
v 3664.861 -81.336 579.604
v 3660.630 -81.485 572.814
f 2265 2266 2267
f 2267 2268 2265
v 3660.485 -81.486 572.909
v 3665.006 -81.335 579.509
v 3717.248 -82.376 543.728
v 3712.727 -82.573 537.128
f 2269 2270 2271
f 2271 2272 2269
v 3712.734 -82.573 537.123
v 3717.241 -82.376 543.732
v 3772.033 -87.959 506.366
v 3767.525 -88.139 499.757
f 2273 2274 2275
f 2275 2276 2273
v 3617.434 -84.115 505.022
v 3610.897 -84.159 509.633
v 3659.476 -81.449 578.514
v 3666.014 -81.376 573.903
f 2277 2278 2279
f 2279 2280 2277
v 3688.955 -85.087 494.874
v 3682.332 -84.621 499.361
v 3711.676 -82.236 542.671
v 3718.299 -82.715 538.184
f 2281 2282 2283
f 2283 2284 2281
v 3796.509 -91.779 471.406
v 3789.937 -91.189 475.967
v 3903.638 -99.869 639.815
v 3910.211 -100.558 635.254
f 2285 2286 2287
f 2287 2288 2285
v 4033.005 -101.492 634.955
v 4028.597 -102.017 628.279
v 3991.728 -101.914 652.622
v 3996.136 -101.265 659.298
f 2289 2290 2291
f 2291 2292 2289
v 3996.435 -101.277 659.079
v 3991.428 -101.903 652.840
v 3968.730 -100.092 671.054
v 3973.737 -99.613 677.293
f 2293 2294 2295
f 2295 2296 2293
v 3973.891 -99.627 677.163
v 3968.576 -100.078 671.184
v 3948.427 -97.972 689.094
v 3953.742 -97.447 695.074
f 2297 2298 2299
f 2299 2300 2297
v 3953.924 -97.469 694.901
v 3948.246 -97.951 689.267
v 3906.256 -93.288 731.585
v 3911.935 -92.879 737.220
f 2301 2302 2303
f 2303 2304 2301
v 4070.190 -98.117 380.366
v 4063.369 -97.473 384.546
v 4077.773 -98.796 408.057
v 4084.595 -99.349 403.877
f 2305 2306 2307
f 2307 2308 2305
v 4084.624 -99.351 403.925
v 4077.744 -98.794 408.009
v 4088.643 -99.340 426.368
v 4095.522 -99.808 422.285
f 2309 2310 2311
f 2311 2312 2309
v 4095.713 -99.811 422.649
v 4088.451 -99.335 426.005
v 4092.492 -99.388 434.749
v 4099.754 -99.809 431.393
f 2313 2314 2315
f 2315 2316 2313
v 4099.853 -99.807 431.627
v 4092.393 -99.388 434.515
v 4095.220 -99.323 441.819
v 4102.681 -99.696 438.931
f 2317 2318 2319
f 2319 2320 2317
v 4102.823 -99.686 439.371
v 4095.079 -99.330 441.379
v 4097.172 -99.167 449.449
v 4104.915 -99.444 447.441
f 2321 2322 2323
f 2323 2324 2321
v 4104.973 -99.435 447.697
v 4097.114 -99.173 449.194
v 4100.109 -98.721 464.912
v 4107.967 -98.822 463.415
f 2325 2326 2327
f 2327 2328 2325
v 4108.034 -98.797 463.995
v 4100.041 -98.741 464.331
v 4100.554 -98.324 476.522
v 4108.546 -98.248 476.187
f 2329 2330 2331
f 2331 2332 2329
v 4108.540 -98.253 476.074
v 4100.560 -98.320 476.635
v 4101.462 -97.852 489.473
v 4109.442 -97.646 488.913
f 2333 2334 2335
f 2335 2336 2333
v 4109.394 -97.666 488.517
v 4101.509 -97.836 489.869
v 4103.891 -97.272 503.764
v 4111.776 -96.959 502.412
f 2337 2338 2339
f 2339 2340 2337
v 4111.765 -96.962 502.351
v 4103.902 -97.270 503.825
v 4106.897 -96.552 519.794
v 4114.760 -96.134 518.320
f 2341 2342 2343
f 2343 2344 2341
v 4114.696 -96.150 518.035
v 4106.961 -96.537 520.079
v 4111.737 -95.643 538.148
v 4119.471 -95.193 536.104
f 2345 2346 2347
f 2347 2348 2345
v 4026.701 -101.701 526.992
v 4019.382 -102.071 530.221
v 4057.231 -100.139 615.995
v 4064.550 -99.550 612.766
f 2349 2350 2351
f 2351 2352 2349
v 4064.642 -99.542 612.993
v 4057.139 -100.148 615.768
v 4059.376 -99.899 621.817
v 4066.880 -99.333 619.042
f 2353 2354 2355
f 2355 2356 2353
v 4067.000 -99.320 619.425
v 4059.256 -99.913 621.435
v 4060.748 -99.726 627.181
v 4068.491 -99.167 625.170
f 2357 2358 2359
f 2359 2360 2357
v 4068.611 -99.154 625.909
v 4060.629 -99.744 626.442
v 4061.152 -99.611 634.274
v 4069.134 -99.074 633.741
f 2361 2362 2363
f 2363 2364 2361
v 4069.071 -99.072 634.761
v 4061.214 -99.619 633.255
v 4060.313 -99.621 637.957
v 4068.170 -99.104 639.463
f 2365 2366 2367
f 2367 2368 2365
v 4068.003 -99.111 640.069
v 4060.479 -99.618 637.351
v 4058.242 -99.675 643.546
v 4065.766 -99.202 646.263
f 2369 2370 2371
f 2371 2372 2369
v 4065.310 -99.220 647.155
v 4058.697 -99.660 642.654
v 4055.191 -99.785 647.805
v 4061.804 -99.342 652.307
f 2373 2374 2375
f 2375 2376 2373
v 4061.554 -99.349 652.636
v 4055.440 -99.777 647.476
v 4047.748 -99.920 656.589
v 4053.862 -99.506 661.749
f 2377 2378 2379
f 2379 2380 2377
v 3885.069 -93.882 722.650
v 3877.885 -94.012 719.131
v 3809.457 -95.277 858.832
v 3816.641 -94.942 862.351
f 2381 2382 2383
f 2383 2384 2381
v 3816.726 -94.943 862.166
v 3809.372 -95.277 859.016
v 3735.111 -82.149 1032.395
v 3742.464 -82.421 1035.545
f 2385 2386 2387
f 2387 2388 2385
v 3935.602 -92.286 746.017
v 3928.319 -92.518 742.706
v 3864.589 -93.039 882.868
v 3871.871 -92.961 886.180
f 2389 2390 2391
f 2391 2392 2389
v 3871.865 -92.962 886.193
v 3864.595 -93.038 882.855
v 3788.452 -86.614 1048.718
v 3795.723 -87.575 1052.056
f 2393 2394 2395
f 2395 2396 2393
v 3948.078 -89.917 850.556
v 3944.831 -90.209 857.868
v 3990.216 -92.910 878.023
v 3993.463 -92.602 870.711
f 2397 2398 2399
f 2399 2400 2397
v 3993.405 -92.597 870.686
v 3990.273 -92.915 878.048
v 4059.091 -97.960 907.317
v 4062.222 -97.967 899.955
f 2401 2402 2403
f 2403 2404 2401
v 4062.278 -97.970 899.979
v 4059.035 -97.957 907.292
v 4085.307 -98.824 918.942
v 4088.550 -99.019 911.628
f 2405 2406 2407
f 2407 2408 2405
v 3953.188 -101.924 984.360
v 3945.999 -101.501 980.850
v 3910.677 -102.046 1053.189
v 3917.866 -102.507 1056.699
f 2409 2410 2411
f 2411 2412 2409
v 3777.277 -89.265 673.727
v 3770.118 -88.586 670.156
v 3665.155 -90.011 880.586
v 3672.314 -90.405 884.157
f 2413 2414 2415
f 2415 2416 2413
v 3672.386 -90.419 884.003
v 3665.082 -89.997 880.739
v 3652.002 -87.327 910.008
v 3659.306 -87.634 913.272
f 2417 2418 2419
f 2419 2420 2417
v 3659.334 -87.639 913.208
v 3651.974 -87.321 910.071
v 3642.568 -85.674 932.142
v 3649.927 -85.825 935.278
f 2421 2422 2423
f 2423 2424 2421
v 3649.841 -85.811 935.467
v 3642.654 -85.686 931.953
v 3631.790 -84.519 954.168
v 3638.976 -84.500 957.683
f 2425 2426 2427
f 2427 2428 2425
v 3721.014 -84.092 648.438
v 3713.770 -83.603 645.043
v 3604.198 -83.699 878.758
v 3611.442 -84.487 882.154
f 2429 2430 2431
f 2431 2432 2429
v 2960.857 -78.303 1375.086
v 2953.058 -78.674 1373.305
v 2945.288 -80.848 1407.340
v 2953.087 -80.745 1409.121
f 2433 2434 2435
f 2435 2436 2433
v 2953.186 -80.685 1408.152
v 2945.188 -80.898 1408.310
v 2945.489 -81.594 1423.538
v 2953.487 -81.536 1423.380
f 2437 2438 2439
f 2439 2440 2437
v 2953.453 -81.511 1422.929
v 2945.523 -81.614 1423.989
v 2947.171 -82.199 1436.311
v 2955.100 -82.217 1435.251
f 2441 2442 2443
f 2443 2444 2441
v 2960.731 -83.158 1453.478
v 2958.260 -83.495 1461.087
v 2978.709 -84.187 1467.730
v 2981.181 -83.759 1460.121
f 2445 2446 2447
f 2447 2448 2445
v 2980.711 -83.745 1460.000
v 2979.179 -84.203 1467.852
v 3006.652 -84.623 1473.214
v 3008.185 -84.117 1465.362
f 2449 2450 2451
f 2451 2452 2449
v 3008.144 -84.118 1465.354
v 3006.693 -84.622 1473.221
v 3033.410 -84.303 1478.148
v 3034.861 -83.945 1470.280
f 2453 2454 2455
f 2455 2456 2453
v 3030.895 -84.090 1471.869
v 3037.375 -84.160 1476.559
v 3042.452 -83.563 1469.546
v 3035.971 -83.511 1464.856
f 2457 2458 2459
f 2459 2460 2457
v 3035.547 -83.577 1465.597
v 3042.875 -83.481 1468.806
v 3061.243 -79.295 1426.859
v 3053.915 -79.306 1423.650
f 2461 2462 2463
f 2463 2464 2461
v 2797.328 -78.848 1510.333
v 2796.499 -78.862 1518.290
v 2823.738 -78.376 1521.129
v 2824.568 -78.361 1513.172
f 2465 2466 2467
f 2467 2468 2465
v 2824.914 -78.355 1513.224
v 2823.392 -78.382 1521.078
v 2853.994 -78.967 1527.008
v 2855.516 -79.017 1519.154
f 2469 2470 2471
f 2471 2472 2469
v 2855.726 -79.024 1519.200
v 2853.784 -78.960 1526.961
v 2930.004 -82.914 1546.032
v 2931.946 -83.111 1538.271
f 2473 2474 2475
f 2475 2476 2473
v 2931.377 -83.080 1538.172
v 2930.574 -82.943 1546.132
v 2957.146 -84.225 1548.813
v 2957.949 -84.449 1540.853
f 2477 2478 2479
f 2479 2480 2477
v 2960.154 -84.484 1541.799
v 2954.941 -84.179 1547.867
v 2970.837 -84.174 1561.523
v 2976.050 -84.475 1555.455
f 2481 2482 2483
f 2483 2484 2481
v 3056.238 -75.821 1644.753
v 3057.717 -76.530 1636.891
v 3039.394 -77.297 1633.444
v 3037.915 -76.506 1641.306
f 2485 2486 2487
f 2487 2488 2485
v 3037.850 -76.510 1641.293
v 3039.460 -77.294 1633.457
v 2962.538 -80.825 1617.648
v 2960.928 -80.352 1625.484
f 2489 2490 2491
f 2491 2492 2489
v 2961.185 -80.342 1625.528
v 2962.280 -80.833 1617.604
v 2897.381 -81.919 1608.636
v 2896.286 -82.063 1616.561
f 2493 2494 2495
f 2495 2496 2493
v 2895.925 -82.069 1616.494
v 2897.742 -81.917 1608.703
v 2705.605 -87.957 1563.891
v 2703.788 -88.401 1571.682
f 2497 2498 2499
f 2499 2500 2497
v 2519.268 -100.699 1449.636
v 2517.694 -101.186 1457.480
v 2616.134 -98.606 1477.238
v 2617.708 -98.222 1469.394
f 2501 2502 2503
f 2503 2504 2501
v 2617.701 -98.222 1469.393
v 2616.141 -98.605 1477.239
v 2685.037 -90.377 1490.935
v 2686.596 -90.206 1483.089
f 2505 2506 2507
f 2507 2508 2505
v 2686.856 -90.172 1483.149
v 2684.777 -90.413 1490.875
v 2708.934 -86.996 1497.372
v 2711.012 -86.893 1489.647
f 2509 2510 2511
f 2511 2512 2509
v 2711.316 -86.856 1489.742
v 2708.630 -87.034 1497.278
v 2724.860 -85.003 1503.062
v 2727.546 -84.808 1495.527
f 2513 2514 2515
f 2515 2516 2513
v 2726.929 -84.886 1495.361
v 2725.477 -84.928 1503.228
v 2733.703 -83.928 1504.747
v 2735.156 -83.860 1496.880
f 2517 2518 2519
f 2519 2520 2517
v 2734.743 -83.912 1496.826
v 2734.116 -83.878 1504.801
v 2740.506 -83.102 1505.303
v 2741.133 -83.129 1497.328
f 2521 2522 2523
f 2523 2524 2521
v 2740.398 -83.217 1497.338
v 2741.241 -83.012 1505.293
v 2773.390 -80.242 1501.886
v 2772.547 -80.567 1493.930
f 2525 2526 2527
f 2527 2528 2525
v 3145.791 -75.494 1344.795
v 3138.061 -75.061 1346.857
v 3143.438 -75.336 1367.012
v 3151.167 -75.593 1364.949
f 2529 2530 2531
f 2531 2532 2529
v 3151.100 -75.593 1364.725
v 3143.505 -75.338 1367.236
v 3150.073 -75.337 1387.100
v 3157.668 -75.419 1384.589
f 2533 2534 2535
f 2535 2536 2533
v 3157.411 -75.430 1383.982
v 3150.330 -75.331 1387.706
v 3156.297 -75.126 1399.051
v 3163.377 -75.149 1395.327
f 2537 2538 2539
f 2539 2540 2537
v 3162.701 -75.178 1394.397
v 3156.973 -75.098 1399.982
v 3168.472 -74.557 1411.776
v 3174.200 -74.660 1406.191
f 2541 2542 2543
f 2543 2544 2541
v 3173.345 -74.701 1405.525
v 3169.327 -74.515 1412.442
v 3176.786 -74.155 1416.774
v 3180.804 -74.372 1409.857
f 2545 2546 2547
f 2547 2548 2545
v 3179.575 -74.418 1409.392
v 3178.014 -74.100 1417.239
v 3186.976 -73.744 1419.022
v 3188.537 -74.141 1411.175
f 2549 2550 2551
f 2551 2552 2549
v 3187.581 -74.166 1411.102
v 3187.931 -73.711 1419.095
v 3269.740 -73.217 1415.515
v 3269.390 -73.993 1407.523
f 2553 2554 2555
f 2555 2556 2553
v 3268.595 -73.976 1407.639
v 3270.535 -73.234 1415.400
v 3292.042 -73.980 1410.025
v 3290.102 -74.684 1402.263
f 2557 2558 2559
f 2559 2560 2557
v 3289.712 -74.667 1402.382
v 3292.431 -73.999 1409.906
v 3342.436 -76.014 1391.838
v 3339.717 -76.356 1384.314
f 2561 2562 2563
f 2563 2564 2561
v 3340.810 -76.365 1384.085
v 3341.343 -75.994 1392.067
v 3370.453 -76.260 1390.126
v 3369.920 -76.321 1382.144
f 2565 2566 2567
f 2567 2568 2565
v 3374.096 -76.311 1385.287
v 3366.277 -76.269 1386.983
v 3374.047 -76.214 1422.814
v 3381.866 -76.633 1421.119
f 2569 2570 2571
f 2571 2572 2569
v 3394.559 -74.877 1297.526
v 3386.735 -75.489 1299.192
v 3388.672 -75.384 1308.291
v 3396.496 -74.797 1306.626
f 2573 2574 2575
f 2575 2576 2573
v 3396.526 -74.796 1306.779
v 3388.642 -75.385 1308.139
v 3395.956 -75.513 1350.534
v 3403.839 -75.148 1349.174
f 2577 2578 2579
f 2579 2580 2577
v 3403.155 -75.130 1347.532
v 3396.641 -75.527 1352.177
v 3411.123 -75.878 1372.489
v 3417.637 -75.656 1367.845
f 2581 2582 2583
f 2583 2584 2581
v 3416.969 -75.623 1367.118
v 3411.792 -75.911 1373.217
v 3438.519 -77.670 1395.907
v 3443.697 -77.294 1389.808
f 2585 2586 2587
f 2587 2588 2585
v 3443.499 -77.277 1389.650
v 3438.718 -77.687 1396.065
v 3446.922 -78.421 1402.180
v 3451.703 -77.990 1395.765
f 2589 2590 2591
f 2591 2592 2589
v 3451.912 -78.011 1395.933
v 3446.712 -78.400 1402.012
v 3454.928 -79.316 1409.039
v 3460.128 -78.934 1402.959
f 2593 2594 2595
f 2595 2596 2593
v 3368.939 -76.320 1382.334
v 3371.434 -76.272 1389.935
v 3402.336 -76.219 1379.792
v 3399.841 -75.999 1372.191
f 2597 2598 2599
f 2599 2600 2597
v 3399.483 -76.008 1372.328
v 3402.694 -76.213 1379.655
v 3415.986 -75.948 1373.831
v 3412.775 -75.612 1366.504
f 2601 2602 2603
f 2603 2604 2601
v 3597.185 -82.613 1253.213
v 3592.229 -82.008 1246.932
v 3582.689 -80.597 1254.461
v 3587.645 -81.228 1260.741
f 2605 2606 2607
f 2607 2608 2605
v 3588.570 -81.362 1259.702
v 3581.763 -80.448 1255.499
v 3577.889 -79.846 1261.773
v 3584.696 -80.787 1265.976
f 2609 2610 2611
f 2611 2612 2609
v 3585.276 -80.878 1264.241
v 3577.310 -79.754 1263.508
v 3575.662 -79.404 1281.417
v 3583.628 -80.556 1282.150
f 2613 2614 2615
f 2615 2616 2613
v 3583.604 -80.552 1282.357
v 3575.687 -79.409 1281.210
v 3573.004 -79.197 1299.727
v 3580.921 -80.273 1300.874
f 2617 2618 2619
f 2619 2620 2617
v 3580.841 -80.266 1301.278
v 3573.084 -79.201 1299.323
v 3569.087 -78.967 1315.185
v 3576.845 -79.891 1317.140
f 2621 2622 2623
f 2623 2624 2621
v 2478.277 -94.944 405.634
v 2477.778 -95.286 413.618
v 2482.631 -94.917 413.922
v 2483.131 -94.536 405.937
f 2625 2626 2627
f 2627 2628 2625
v 2484.107 -94.460 406.122
v 2481.655 -94.986 413.737
v 2551.664 -92.739 436.284
v 2554.116 -92.017 428.669
f 2629 2630 2631
f 2631 2632 2629
v 2554.053 -92.017 428.649
v 2551.727 -92.739 436.303
v 2594.963 -92.944 449.446
v 2597.290 -92.221 441.791
f 2633 2634 2635
f 2635 2636 2633
v 2597.382 -92.223 441.821
v 2594.871 -92.944 449.417
v 2615.131 -93.037 456.113
v 2617.642 -92.424 448.517
f 2637 2638 2639
f 2639 2640 2637
v 2556.213 -92.464 434.703
v 2549.567 -92.271 430.250
v 2515.459 -97.948 481.155
v 2522.105 -98.247 485.608
f 2641 2642 2643
f 2643 2644 2641
v 2751.630 -95.061 353.266
v 2743.657 -94.881 353.926
v 2744.403 -94.818 362.934
v 2752.376 -94.955 362.274
f 2645 2646 2647
f 2647 2648 2645
v 2752.385 -94.949 362.797
v 2744.394 -94.823 362.411
v 2743.893 -94.700 372.779
v 2751.884 -94.842 373.165
f 2649 2650 2651
f 2651 2652 2649
v 2751.596 -94.825 374.472
v 2744.180 -94.724 371.472
v 2712.064 -90.873 450.868
v 2719.481 -90.520 453.868
f 2653 2654 2655
f 2655 2656 2653
v 2718.896 -90.482 454.866
v 2712.649 -90.906 449.870
v 2700.459 -90.645 465.112
v 2706.707 -90.200 470.109
f 2657 2658 2659
f 2659 2660 2657
v 2706.504 -90.199 470.343
v 2700.662 -90.645 464.878
v 2684.153 -91.077 482.524
v 2689.995 -90.613 487.989
f 2661 2662 2663
f 2663 2664 2661
v 2686.586 -92.163 368.988
v 2678.858 -91.695 366.918
v 2673.014 -91.378 388.739
v 2680.741 -91.754 390.808
f 2665 2666 2667
f 2667 2668 2665
v 2679.973 -91.714 392.307
v 2673.782 -91.414 387.240
v 2661.693 -90.973 402.007
v 2667.883 -91.246 407.074
f 2669 2670 2671
f 2671 2672 2669
v 2668.701 -91.260 405.372
v 2660.876 -90.962 403.709
v 2657.447 -91.169 419.836
v 2665.272 -91.340 421.500
f 2673 2674 2675
f 2675 2676 2673
v 2665.129 -91.309 419.331
v 2657.590 -91.217 422.005
v 2661.620 -91.473 433.365
v 2669.159 -91.489 430.690
f 2677 2678 2679
f 2679 2680 2677
v 2668.547 -91.473 429.571
v 2662.232 -91.493 434.483
v 2668.499 -91.605 442.540
v 2674.814 -91.551 437.628
f 2681 2682 2683
f 2683 2684 2681
v 2673.658 -91.547 436.621
v 2669.655 -91.606 443.547
v 2683.091 -91.427 451.314
v 2687.095 -91.452 444.388
f 2685 2686 2687
f 2687 2688 2685
v 2685.676 -91.472 443.893
v 2684.510 -91.394 451.808
v 2715.190 -90.517 456.325
v 2716.355 -90.893 448.411
f 2689 2690 2691
f 2691 2692 2689
v 2563.508 -93.615 251.595
v 2560.907 -92.980 259.160
v 2574.120 -92.201 263.704
v 2576.722 -92.820 256.138
f 2693 2694 2695
f 2695 2696 2693
v 2576.201 -92.847 255.998
v 2574.641 -92.174 263.844
v 2615.785 -91.048 272.020
v 2617.344 -91.564 264.174
f 2697 2698 2699
f 2699 2700 2697
v 2617.148 -91.568 264.140
v 2615.981 -91.045 272.054
v 2672.721 -91.467 280.415
v 2673.887 -91.518 272.501
f 2701 2702 2703
f 2703 2704 2701
v 2673.732 -91.517 272.481
v 2672.876 -91.470 280.435
v 2753.327 -92.936 289.087
v 2754.182 -92.409 281.133
f 2705 2706 2707
f 2707 2708 2705
v 2626.919 -93.276 235.758
v 2626.114 -92.773 243.718
v 2776.062 -89.889 258.868
v 2776.866 -89.125 250.909
f 2709 2710 2711
f 2711 2712 2709
v 2778.582 -89.124 251.495
v 2774.346 -89.891 258.282
v 2777.329 -89.964 260.144
v 2781.566 -89.203 253.358
f 2713 2714 2715
f 2715 2716 2713
v 2783.176 -89.328 255.302
v 2775.719 -89.839 258.200
v 2776.910 -90.078 261.264
v 2784.367 -89.575 258.366
f 2717 2718 2719
f 2719 2720 2717
v 2784.628 -89.729 260.102
v 2776.649 -89.929 259.528
v 2774.712 -92.320 286.474
v 2782.691 -92.185 287.047
f 2721 2722 2723
f 2723 2724 2721
v 2522.778 -98.055 483.539
v 2514.785 -98.130 483.224
v 2514.696 -98.319 485.482
v 2522.689 -98.257 485.797
f 2725 2726 2727
f 2727 2728 2725
v 2521.962 -98.048 483.336
v 2515.423 -98.517 487.944
v 2516.558 -98.643 489.555
v 2523.098 -98.177 484.947
f 2729 2730 2731
f 2731 2732 2729
v 2521.437 -98.077 483.589
v 2518.219 -98.745 490.913
v 2565.619 -99.695 511.743
v 2568.837 -98.973 504.419
f 2733 2734 2735
f 2735 2736 2733
v 2567.440 -98.989 504.086
v 2567.015 -99.678 512.075
v 2571.234 -99.563 512.300
v 2571.659 -98.875 504.311
f 2737 2738 2739
f 2739 2740 2737
v 2569.647 -98.974 504.733
v 2573.247 -99.463 511.878
v 2576.864 -99.194 510.055
v 2573.265 -98.707 502.910
f 2741 2742 2743
f 2743 2744 2741
v 2571.285 -98.960 505.174
v 2578.845 -98.941 507.791
v 2599.906 -92.628 446.927
v 2592.346 -92.523 444.311
f 2745 2746 2747
f 2747 2748 2745
v 3316.344 -71.702 519.604
v 3317.964 -71.337 527.438
v 3337.055 -72.910 523.489
v 3335.435 -73.121 515.655
f 2749 2750 2751
f 2751 2752 2749
v 3336.152 -73.180 515.573
v 3336.338 -72.844 523.571
v 3364.836 -75.304 522.910
v 3364.650 -75.390 514.913
f 2753 2754 2755
f 2755 2756 2753
v 3364.288 -75.362 514.938
v 3365.198 -75.335 522.886
v 3391.247 -77.716 519.900
v 3390.336 -77.501 511.952
f 2757 2758 2759
f 2759 2760 2757
v 3390.057 -77.478 511.995
v 3391.527 -77.741 519.858
v 3410.607 -79.330 516.292
v 3409.137 -78.908 508.428
f 2761 2762 2763
f 2763 2764 2761
v 3411.487 -79.089 508.701
v 3408.256 -79.123 516.019
v 3420.223 -80.306 521.303
v 3423.454 -80.193 513.984
f 2765 2766 2767
f 2767 2768 2765
v 3423.547 -80.202 514.027
v 3420.130 -80.296 521.260
v 3445.689 -83.034 533.333
v 3449.106 -82.987 526.099
f 2769 2770 2771
f 2771 2772 2769
v 3122.617 -75.282 456.018
v 3115.527 -75.180 452.311
v 3078.235 -80.621 523.636
v 3085.325 -80.283 527.343
f 2773 2774 2775
f 2775 2776 2773
v 3085.508 -80.252 526.939
v 3078.052 -80.659 524.039
v 3065.840 -82.891 555.435
v 3073.296 -82.476 558.335
f 2777 2778 2779
f 2779 2780 2777
v 3073.409 -82.464 558.001
v 3065.727 -82.915 555.770
v 3062.532 -83.319 566.772
v 3070.215 -82.821 569.003
f 2781 2782 2783
f 2783 2784 2781
v 3081.095 -80.285 521.548
v 3082.465 -80.610 529.430
v 3284.577 -72.208 494.283
v 3283.206 -72.973 486.401
f 2785 2786 2787
f 2787 2788 2785
v 3985.019 -104.841 576.985
v 3991.201 -104.791 582.063
v 3998.069 -104.325 573.702
v 3991.887 -104.565 568.624
f 2789 2790 2791
f 2791 2792 2789
v 3991.809 -104.570 568.723
v 3998.148 -104.320 573.603
v 4003.669 -103.951 566.431
v 3997.330 -104.199 561.551
f 2793 2794 2795
f 2795 2796 2793
v 3997.126 -104.213 561.842
v 4003.873 -103.938 566.140
v 4026.415 -101.840 530.756
v 4019.668 -101.919 526.457
f 2797 2798 2799
f 2799 2800 2797
v 4019.695 -101.916 526.415
v 4026.388 -101.842 530.797
v 4037.431 -100.554 513.930
v 4030.738 -100.673 509.548
f 2801 2802 2803
f 2803 2804 2801
v 4030.565 -100.695 509.839
v 4037.605 -100.533 513.640
v 4046.711 -99.540 496.773
v 4039.671 -99.586 492.972
f 2805 2806 2807
f 2807 2808 2805
v 4039.631 -99.590 493.047
v 4046.750 -99.536 496.698
v 4053.028 -98.981 484.453
v 4045.910 -98.946 480.803
f 2809 2810 2811
f 2811 2812 2809
v 4045.885 -98.949 480.853
v 4053.054 -98.979 484.404
v 4061.558 -98.536 467.233
v 4054.390 -98.383 463.682
f 2813 2814 2815
f 2815 2816 2813
v 4081.316 -98.227 984.629
v 4074.039 -98.699 987.951
v 4077.222 -98.473 994.925
v 4084.500 -97.966 991.603
f 2817 2818 2819
f 2819 2820 2817
v 4084.861 -97.926 993.264
v 4076.861 -98.502 993.264
v 4076.861 -98.493 1000.145
v 4084.861 -97.868 1000.145
f 2821 2822 2823
f 2823 2824 2821
v 4084.520 -97.882 1001.762
v 4077.203 -98.469 998.528
v 4069.110 -99.162 1016.834
v 4076.427 -98.511 1020.068
f 2825 2826 2827
f 2827 2828 2825
v 4076.225 -98.529 1020.463
v 4069.311 -99.145 1016.439
v 4052.424 -100.753 1045.456
v 4059.338 -100.109 1049.480
f 2829 2830 2831
f 2831 2832 2829
v 4028.412 -99.718 957.049
v 4021.390 -99.529 953.217
v 4009.823 -101.068 974.416
v 4016.846 -101.175 978.247
f 2833 2834 2835
f 2835 2836 2833
v 4016.924 -101.163 978.098
v 4009.746 -101.080 974.565
v 3990.643 -104.066 1013.383
v 3997.821 -103.839 1016.915
f 2837 2838 2839
f 2839 2840 2837
v 3997.826 -103.839 1016.906
v 3990.639 -104.067 1013.393
v 3972.872 -104.819 1049.740
v 3980.059 -104.828 1053.253
f 2841 2842 2843
f 2843 2844 2841
v 4055.569 -96.557 797.273
v 4059.489 -96.939 804.246
v 4078.591 -98.937 793.508
v 4074.671 -98.550 786.535
f 2845 2846 2847
f 2847 2848 2845
v 4074.708 -98.553 786.514
v 4078.554 -98.934 793.529
v 4098.714 -100.793 782.474
v 4094.868 -100.357 775.459
f 2849 2850 2851
f 2851 2852 2849
v 4094.903 -100.360 775.440
v 4098.679 -100.790 782.493
v 4119.874 -102.256 771.147
v 4116.099 -101.772 764.094
f 2853 2854 2855
f 2855 2856 2853
v 4115.985 -101.769 764.157
v 4119.988 -102.261 771.084
v 4136.262 -102.699 761.680
v 4132.260 -102.130 754.753
f 2857 2858 2859
f 2859 2860 2857
v 4131.953 -102.126 754.950
v 4136.570 -102.704 761.483
v 4152.399 -102.747 750.296
v 4147.782 -102.130 743.763
f 2861 2862 2863
f 2863 2864 2861
v 4147.393 -102.136 744.076
v 4152.788 -102.742 749.983
v 4166.369 -101.899 737.581
v 4160.974 -101.357 731.673
f 2865 2866 2867
f 2867 2868 2865
v 4160.585 -101.395 732.083
v 4166.759 -101.862 737.171
v 4175.119 -100.910 727.027
v 4168.945 -100.449 721.939
f 2869 2870 2871
f 2871 2872 2869
v 4168.756 -100.472 722.188
v 4175.308 -100.886 726.779
v 4185.460 -99.443 712.289
v 4178.908 -99.037 707.699
f 2873 2874 2875
f 2875 2876 2873
v 4178.660 -99.080 708.102
v 4185.708 -99.402 711.886
v 4192.276 -98.079 699.656
v 4185.228 -97.763 695.871
f 2877 2878 2879
f 2879 2880 2877
v 4185.035 -97.808 696.285
v 4192.469 -98.033 699.242
v 4198.291 -96.412 684.607
v 4190.857 -96.198 681.650
f 2881 2882 2883
f 2883 2884 2881
v 4190.680 -96.261 682.216
v 4198.468 -96.351 684.042
v 4201.162 -95.206 672.551
v 4193.374 -95.094 670.725
f 2885 2886 2887
f 2887 2888 2885
v 4193.277 -95.156 671.366
v 4201.259 -95.146 671.910
v 4202.450 -93.544 654.435
v 4194.468 -93.485 653.891
f 2889 2890 2891
f 2891 2892 2889
v 4194.462 -93.526 654.325
v 4202.456 -93.504 654.001
v 4201.409 -91.676 628.180
v 4193.416 -91.674 628.504
f 2893 2894 2895
f 2895 2896 2893
v 4193.451 -91.698 628.891
v 4201.375 -91.651 627.792
v 4199.282 -90.840 612.708
v 4191.358 -90.925 613.808
f 2897 2898 2899
f 2899 2900 2897
v 4191.420 -90.932 614.146
v 4199.220 -90.830 612.370
v 4196.092 -90.410 598.633
v 4188.292 -90.665 600.409
f 2901 2902 2903
f 2903 2904 2901
v 4188.530 -90.676 601.130
v 4195.854 -90.386 597.913
v 4189.431 -90.336 583.291
v 4182.106 -90.547 586.509
f 2905 2906 2907
f 2907 2908 2905
v 4182.159 -90.543 586.622
v 4189.379 -90.340 583.177
v 4173.705 -91.635 550.328
v 4166.485 -91.695 553.774
f 2909 2910 2911
f 2911 2912 2909
v 4166.517 -91.690 553.840
v 4173.673 -91.640 550.262
v 4163.075 -93.073 529.063
v 4155.919 -93.103 532.640
f 2913 2914 2915
f 2915 2916 2913
v 4155.695 -93.137 532.094
v 4163.299 -93.038 529.609
v 4158.223 -94.314 514.076
v 4150.619 -94.389 516.561
f 2917 2918 2919
f 2919 2920 2917
v 4150.536 -94.415 516.271
v 4158.306 -94.289 514.367
v 4152.929 -96.167 492.428
v 4145.159 -96.242 494.332
f 2921 2922 2923
f 2923 2924 2921
v 4145.095 -96.270 494.017
v 4152.993 -96.136 492.743
v 4147.194 -99.369 456.803
v 4139.296 -99.228 458.077
f 2925 2926 2927
f 2927 2928 2925
v 4139.328 -99.215 458.255
v 4147.161 -99.384 456.626
v 4140.571 -101.684 424.939
v 4132.738 -101.314 426.568
f 2929 2930 2931
f 2931 2932 2929
v 4132.892 -101.287 427.110
v 4140.417 -101.714 424.396
v 4133.850 -102.558 406.182
v 4126.324 -102.033 408.896
f 2933 2934 2935
f 2935 2936 2933
v 4126.541 -102.017 409.391
v 4133.632 -102.576 405.687
v 4123.179 -102.693 385.676
v 4116.088 -102.153 389.380
f 2937 2938 2939
f 2939 2940 2937
v 4116.255 -102.155 389.670
v 4123.012 -102.692 385.387
v 4106.737 -101.841 359.710
v 4099.980 -101.128 363.992
f 2941 2942 2943
f 2943 2944 2941
v 3942.508 -92.177 747.457
v 3948.308 -91.782 752.968
v 3974.735 -94.913 725.152
v 3968.935 -95.302 719.641
f 2945 2946 2947
f 2947 2948 2945
v 3968.878 -95.294 719.703
v 3974.792 -94.920 725.090
v 3985.535 -96.289 713.295
v 3979.620 -96.672 707.908
f 2949 2950 2951
f 2951 2952 2949
v 3979.894 -96.705 707.635
v 3985.260 -96.257 713.568
v 4002.437 -98.013 698.036
v 3997.071 -98.481 692.102
f 2953 2954 2955
f 2955 2956 2953
v 3997.408 -98.508 691.829
v 4002.100 -97.986 698.309
v 4019.410 -99.098 685.774
v 4014.718 -99.573 679.295
f 2957 2958 2959
f 2959 2960 2957
v 4014.874 -99.580 679.187
v 4019.254 -99.090 685.881
v 4039.559 -99.616 672.594
v 4035.178 -100.055 665.900
f 2961 2962 2963
f 2963 2964 2961
v 4034.969 -100.055 666.047
v 4039.769 -99.617 672.447
v 4053.205 -99.516 662.369
v 4048.405 -99.910 655.969
f 2965 2966 2967
f 2967 2968 2965
v 4092.503 -98.234 682.397
v 4091.528 -98.088 674.457
v 4084.214 -98.334 675.355
v 4085.189 -98.407 683.295
f 2969 2970 2971
f 2971 2972 2969
v 4084.960 -98.412 683.317
v 4084.444 -98.327 675.333
v 4077.497 -98.546 675.782
v 4078.013 -98.558 683.766
f 2973 2974 2975
f 2975 2976 2973
v 4076.661 -98.585 683.621
v 4078.850 -98.505 675.927
v 4071.236 -98.748 673.760
v 4069.047 -98.746 681.455
f 2977 2978 2979
f 2979 2980 2977
v 4068.316 -98.760 681.167
v 4071.966 -98.723 674.049
v 4065.399 -98.938 670.680
v 4061.748 -98.929 677.799
f 2981 2982 2983
f 2983 2984 2981
v 4061.053 -98.952 677.346
v 4066.094 -98.912 671.134
v 4060.494 -99.155 666.590
v 4055.454 -99.180 672.802
f 2985 2986 2987
f 2987 2988 2985
v 4054.668 -99.222 671.948
v 4061.280 -99.113 667.445
v 4054.111 -99.619 656.918
v 4047.499 -99.771 661.421
f 2989 2990 2991
f 2991 2992 2989
v 4047.454 -99.776 661.353
v 4054.156 -99.615 656.986
v 4051.919 -99.813 653.552
v 4045.216 -99.989 657.919
f 2993 2994 2995
f 2995 2996 2993
v 4045.347 -99.977 658.108
v 4051.788 -99.825 653.363
v 4034.021 -101.622 629.245
v 4027.580 -101.831 633.990
f 2997 2998 2999
f 2999 3000 2997
v 4027.682 -101.822 634.122
v 4033.919 -101.634 629.112
v 4001.670 -104.285 588.960
v 3995.433 -104.489 593.969
f 3001 3002 3003
f 3003 3004 3001
v 3995.541 -104.481 594.098
v 4001.563 -104.293 588.831
v 3991.121 -104.721 576.891
v 3985.099 -104.918 582.157
f 3005 3006 3007
f 3007 3008 3005
v 4182.892 -103.971 298.450
v 4176.401 -104.222 303.126
v 4254.413 -100.380 411.409
v 4260.904 -100.111 406.733
f 3009 3010 3011
f 3011 3012 3009
v 4028.633 -94.674 401.295
v 4032.835 -95.269 408.103
v 4068.880 -98.011 385.860
v 4064.679 -97.559 379.052
f 3013 3014 3015
f 3015 3016 3013
v 4064.816 -97.573 378.971
v 4068.742 -97.998 385.941
v 4105.322 -101.667 365.336
v 4101.396 -101.298 358.366
f 3017 3018 3019
f 3019 3020 3017
v 4101.021 -101.258 358.606
v 4105.697 -101.706 365.096
v 4157.505 -105.064 327.769
v 4152.829 -104.796 321.278
f 3021 3022 3023
f 3023 3024 3021
v 4151.450 -104.753 323.046
v 4158.884 -105.033 326.002
v 4164.105 -104.717 312.873
v 4156.671 -104.455 309.917
f 3025 3026 3027
f 3027 3028 3025
v 4253.327 -94.744 199.994
v 4248.699 -94.228 193.468
v 4223.018 -95.588 211.683
v 4227.646 -96.118 218.208
f 3029 3030 3031
f 3031 3032 3029
v 4227.720 -96.113 218.155
v 4222.944 -95.593 211.737
v 4185.618 -98.776 239.514
v 4190.394 -99.410 245.932
f 3033 3034 3035
f 3035 3036 3033
v 4190.327 -99.416 245.981
v 4185.685 -98.770 239.465
v 4140.000 -101.453 272.011
v 4144.642 -102.094 278.527
f 3037 3038 3039
f 3039 3040 3037
v 4144.695 -102.093 278.489
v 4139.947 -101.454 272.050
v 4110.391 -101.273 293.844
v 4115.139 -101.781 300.283
f 3041 3042 3043
f 3043 3044 3041
v 4115.032 -101.778 300.359
v 4110.499 -101.279 293.767
v 4072.729 -98.363 319.735
v 4077.261 -98.803 326.327
f 3045 3046 3047
f 3047 3048 3045
v 4077.115 -98.789 326.423
v 4072.875 -98.377 319.639
v 4050.177 -95.996 333.825
v 4054.417 -96.385 340.609
f 3049 3050 3051
f 3051 3052 3049
v 4054.198 -96.360 340.736
v 4050.395 -96.020 333.698
v 4005.912 -91.887 357.738
v 4009.715 -92.257 364.776
f 3053 3054 3055
f 3055 3056 3053
v 4009.375 -92.232 364.939
v 4006.251 -91.912 357.574
v 3997.969 -91.292 361.088
v 4001.093 -91.617 368.452
f 3057 3058 3059
f 3059 3060 3057
v 4000.805 -91.595 368.562
v 3998.258 -91.313 360.978
v 3991.612 -90.813 363.210
v 3994.159 -91.100 370.794
f 3061 3062 3063
f 3063 3064 3061
v 3993.383 -91.041 370.971
v 3992.388 -90.872 363.033
v 3987.011 -90.515 363.707
v 3988.006 -90.642 371.645
f 3065 3066 3067
f 3067 3068 3065
v 3987.216 -90.616 371.665
v 3987.801 -90.540 363.687
v 3981.679 -90.334 363.237
v 3981.094 -90.411 371.216
f 3069 3070 3071
f 3071 3072 3069
v 3980.360 -90.386 371.093
v 3982.412 -90.360 363.361
v 3975.099 -90.096 361.419
v 3973.046 -90.123 369.151
f 3073 3074 3075
f 3075 3076 3073
v 3535.712 -80.173 1178.302
v 3529.825 -79.420 1183.719
v 3543.707 -79.012 1198.802
v 3549.593 -79.804 1193.385
f 3077 3078 3079
f 3079 3080 3077
v 3549.423 -79.805 1193.210
v 3543.878 -79.013 1198.977
v 3563.436 -79.530 1217.784
v 3568.981 -80.279 1212.018
f 3081 3082 3083
f 3083 3084 3081
v 3569.090 -80.284 1212.126
v 3563.328 -79.526 1217.676
v 3574.827 -80.133 1229.615
v 3580.589 -80.962 1224.066
f 3085 3086 3087
f 3087 3088 3085
v 3580.936 -80.989 1224.479
v 3574.480 -80.109 1229.203
v 3591.479 -81.839 1252.434
v 3597.935 -82.760 1247.710
f 3089 3090 3091
f 3091 3092 3089
v 3596.704 -82.605 1246.607
v 3592.709 -81.994 1253.538
v 3648.258 -89.813 1285.553
v 3652.253 -90.320 1278.622
f 3093 3094 3095
f 3095 3096 3093
v 3652.257 -90.321 1278.624
v 3648.254 -89.813 1285.550
v 3672.521 -92.484 1299.577
v 3676.524 -93.047 1292.650
f 3097 3098 3099
f 3099 3100 3097
v 3676.574 -93.052 1292.680
v 3672.471 -92.480 1299.547
v 3739.063 -95.306 1339.328
v 3743.166 -95.833 1332.460
f 3101 3102 3103
f 3103 3104 3101
v 3889.796 -97.697 1440.088
v 3895.177 -97.736 1434.168
v 3890.323 -97.133 1429.757
v 3884.943 -97.094 1435.677
f 3105 3106 3107
f 3107 3108 3105
v 3885.601 -97.168 1436.163
v 3889.664 -97.061 1429.271
v 3884.221 -96.540 1426.062
v 3880.158 -96.619 1432.953
f 3109 3110 3111
f 3111 3112 3109
v 3880.926 -96.689 1433.303
v 3883.452 -96.475 1425.712
v 3876.506 -95.950 1423.401
v 3873.980 -96.112 1430.992
f 3113 3114 3115
f 3115 3116 3113
v 3874.960 -96.186 1431.186
v 3875.526 -95.885 1423.206
v 3864.929 -95.245 1422.454
v 3864.362 -95.452 1430.433
f 3117 3118 3119
f 3119 3120 3117
v 3865.101 -95.500 1430.417
v 3864.190 -95.202 1422.470
v 3847.837 -94.125 1424.345
v 3848.748 -94.260 1432.293
f 3121 3122 3123
f 3123 3124 3121
v 3849.104 -94.288 1432.236
v 3847.481 -94.101 1424.402
v 3812.549 -91.422 1431.640
v 3814.172 -91.266 1439.473
f 3125 3126 3127
f 3127 3128 3125
v 3814.252 -91.273 1439.456
v 3812.469 -91.415 1431.657
v 3715.209 -83.728 1453.898
v 3716.992 -83.210 1461.697
f 3129 3130 3131
f 3131 3132 3129
v 3717.039 -83.213 1461.686
v 3715.162 -83.726 1453.909
v 3628.566 -83.341 1474.816
v 3630.444 -83.174 1482.593
f 3133 3134 3135
f 3135 3136 3133
v 3630.438 -83.174 1482.594
v 3628.573 -83.341 1474.815
v 3487.197 -87.149 1508.704
v 3489.062 -87.264 1516.484
f 3137 3138 3139
f 3139 3140 3137
v 3489.133 -87.268 1516.466
v 3487.126 -87.145 1508.722
v 3355.747 -74.050 1542.757
v 3357.753 -74.344 1550.501
f 3141 3142 3143
f 3143 3144 3141
v 3357.694 -74.338 1550.516
v 3355.807 -74.057 1542.742
v 3223.092 -70.069 1574.954
v 3224.979 -70.529 1582.728
f 3145 3146 3147
f 3147 3148 3145
v 3225.807 -70.483 1582.427
v 3222.263 -70.117 1575.255
v 3215.395 -70.564 1578.649
v 3218.939 -70.912 1585.821
f 3149 3150 3151
f 3151 3152 3149
v 3220.087 -70.823 1584.969
v 3214.247 -70.654 1579.502
v 3210.673 -71.000 1583.318
v 3216.513 -71.170 1588.786
f 3153 3154 3155
f 3155 3156 3153
v 3216.515 -71.170 1588.784
v 3210.672 -71.000 1583.320
v 3208.869 -71.170 1585.248
v 3214.711 -71.340 1590.713
f 3157 3158 3159
f 3159 3160 3157
v 3215.288 -71.275 1589.920
v 3208.291 -71.234 1586.041
v 3199.931 -72.543 1601.124
v 3206.928 -72.612 1605.002
f 3161 3162 3163
f 3163 3164 3161
v 3205.834 -72.727 1606.259
v 3201.025 -72.405 1599.866
v 3190.895 -73.318 1607.487
v 3195.704 -73.556 1613.880
f 3165 3166 3167
f 3167 3168 3165
v 3194.666 -73.623 1614.443
v 3191.933 -73.246 1606.924
v 3183.540 -73.715 1609.975
v 3186.273 -74.028 1617.494
f 3169 3170 3171
f 3171 3172 3169
v 3185.809 -74.047 1617.631
v 3184.004 -73.692 1609.837
v 3117.290 -75.922 1625.290
v 3119.095 -75.615 1633.083
f 3173 3174 3175
f 3175 3176 3173
v 3119.061 -75.615 1633.091
v 3117.324 -75.921 1625.282
v 3082.526 -76.301 1633.021
v 3084.262 -75.687 1640.830
f 3177 3178 3179
f 3179 3180 3177
v 3083.978 -75.686 1640.883
v 3082.810 -76.300 1632.969
v 3056.394 -76.562 1636.865
v 3057.562 -75.796 1644.779
f 3181 3182 3183
f 3183 3184 3181
v 3787.542 -94.001 1199.790
v 3779.623 -93.897 1198.657
v 3769.760 -97.150 1267.627
v 3777.679 -97.110 1268.759
f 3185 3186 3187
f 3187 3188 3185
v 3843.700 -93.708 1199.213
v 3835.720 -93.790 1198.653
v 3831.835 -94.371 1254.032
v 3839.815 -93.868 1254.592
f 3189 3190 3191
f 3191 3192 3189
v 3681.780 -87.192 1164.604
v 3673.989 -86.725 1162.786
v 3646.360 -89.515 1281.178
v 3654.150 -90.623 1282.996
f 3193 3194 3195
f 3195 3196 3193
v 3581.009 -83.140 1163.457
v 3575.900 -82.668 1169.613
v 3593.310 -83.173 1184.062
v 3598.419 -83.598 1177.906
f 3197 3198 3199
f 3199 3200 3197
v 3599.283 -83.635 1178.907
v 3592.446 -83.138 1183.061
v 3598.190 -83.375 1192.517
v 3605.027 -83.928 1188.364
f 3201 3202 3203
f 3203 3204 3201
v 3605.483 -83.957 1189.445
v 3597.734 -83.355 1191.436
v 3600.595 -83.462 1202.570
v 3608.344 -84.163 1200.579
f 3205 3206 3207
f 3207 3208 3205
v 3608.465 -84.173 1201.390
v 3600.474 -83.459 1201.759
v 3601.041 -83.402 1214.029
v 3609.033 -84.229 1213.659
f 3209 3210 3211
f 3211 3212 3209
v 3609.030 -84.229 1213.606
v 3601.044 -83.402 1214.082
v 3601.712 -83.382 1225.282
v 3609.698 -84.311 1224.806
f 3213 3214 3215
f 3215 3216 3213
v 3609.629 -84.304 1225.819
v 3601.781 -83.398 1224.269
v 3599.699 -83.080 1234.809
v 3607.548 -84.051 1236.359
f 3217 3218 3219
f 3219 3220 3217
v 3607.030 -83.985 1237.680
v 3600.217 -83.152 1233.487
v 3591.300 -81.871 1247.976
v 3598.113 -82.749 1252.169
f 3221 3222 3223
f 3223 3224 3221
v 2581.468 -92.843 1378.380
v 2579.927 -93.678 1386.230
v 2731.722 -88.146 1416.039
v 2733.264 -88.589 1408.189
f 3225 3226 3227
f 3227 3228 3225
v 2657.251 -90.748 1329.422
v 2654.625 -90.783 1336.978
v 2730.679 -91.685 1363.406
v 2733.305 -92.154 1355.849
f 3229 3230 3231
f 3231 3232 3229
v 2376.695 -92.502 1049.766
v 2370.904 -92.202 1044.246
v 2331.441 -91.811 1085.652
v 2337.232 -92.124 1091.172
f 3233 3234 3235
f 3235 3236 3233
v 2337.366 -92.121 1091.024
v 2331.307 -91.820 1085.800
v 2274.178 -97.067 1152.049
v 2280.236 -97.494 1157.274
f 3237 3238 3239
f 3239 3240 3237
v 2280.309 -97.488 1157.187
v 2274.105 -97.074 1152.136
v 2262.350 -98.027 1166.571
v 2268.554 -98.469 1171.623
f 3241 3242 3243
f 3243 3244 3241
v 2268.674 -98.460 1171.468
v 2262.230 -98.036 1166.727
v 2231.673 -98.652 1208.265
v 2238.117 -99.264 1213.005
f 3245 3246 3247
f 3247 3248 3245
v 2237.562 -99.240 1213.615
v 2232.227 -98.676 1207.654
v 2208.026 -96.884 1229.315
v 2213.361 -97.428 1235.276
f 3249 3250 3251
f 3251 3252 3249
v 2213.642 -97.455 1234.999
v 2207.746 -96.855 1229.591
v 2164.075 -91.509 1277.204
v 2169.971 -92.062 1282.612
f 3253 3254 3255
f 3255 3256 3253
v 2169.959 -92.061 1282.625
v 2164.087 -91.510 1277.191
v 2078.594 -90.290 1369.590
v 2084.466 -90.932 1375.023
f 3257 3258 3259
f 3259 3260 3257
v 2488.109 -96.318 915.479
v 2487.649 -96.780 923.465
v 2558.037 -95.066 927.520
v 2558.497 -94.247 919.533
f 3261 3262 3263
f 3263 3264 3261
v 2558.519 -94.246 919.535
v 2558.014 -95.066 927.519
v 2631.285 -93.211 932.155
v 2631.790 -92.719 924.171
f 3265 3266 3267
f 3267 3268 3265
v 2510.166 -100.146 975.676
v 2509.007 -100.702 983.591
v 2577.124 -100.516 993.563
v 2578.282 -99.965 985.648
f 3269 3270 3271
f 3271 3272 3269
v 2557.418 -88.486 840.862
v 2554.418 -88.859 848.278
v 2606.593 -89.495 869.384
v 2609.593 -89.096 861.968
f 3273 3274 3275
f 3275 3276 3273
v 2611.462 -89.214 863.520
v 2604.724 -89.379 867.833
v 2606.060 -89.522 869.920
v 2612.798 -89.352 865.607
f 3277 3278 3279
f 3279 3280 3277
v 2298.949 -101.879 896.240
v 2291.912 -102.037 892.435
v 2263.469 -97.188 945.042
v 2270.507 -96.913 948.847
f 3281 3282 3283
f 3283 3284 3281
v 2270.921 -97.000 947.673
v 2263.055 -97.107 946.215
v 2262.220 -96.805 950.719
v 2270.086 -96.666 952.177
f 3285 3286 3287
f 3287 3288 3285
v 2270.146 -96.737 951.216
v 2262.160 -96.741 951.680
v 2262.494 -96.386 957.426
v 2270.480 -96.341 956.961
f 3289 3290 3291
f 3291 3292 3289
v 2188.838 -98.259 1001.357
v 2184.883 -98.635 1008.311
v 2268.796 -92.725 1056.030
v 2272.750 -92.438 1049.076
f 3293 3294 3295
f 3295 3296 3293
v 2272.738 -92.438 1049.069
v 2268.808 -92.725 1056.037
v 2332.371 -92.142 1091.896
v 2336.302 -91.752 1084.928
f 3297 3298 3299
f 3299 3300 3297
v 2084.761 -91.326 720.168
v 2077.364 -91.415 717.122
v 2028.517 -86.552 835.743
v 2035.914 -86.344 838.789
f 3301 3302 3303
f 3303 3304 3301
v 2145.337 -97.603 962.085
v 2151.596 -97.937 967.068
v 2159.744 -97.321 956.832
v 2153.485 -96.961 951.849
f 3305 3306 3307
f 3307 3308 3305
v 2153.126 -96.996 952.385
v 2160.104 -97.293 956.296
v 2167.752 -96.589 942.653
v 2160.773 -96.203 938.741
f 3309 3310 3311
f 3311 3312 3309
v 2160.495 -96.235 939.352
v 2168.030 -96.560 942.042
v 2173.863 -95.839 925.704
v 2166.328 -95.416 923.014
f 3313 3314 3315
f 3315 3316 3313
v 2166.421 -95.406 922.779
v 2173.770 -95.848 925.939
v 2230.410 -99.421 794.177
v 2223.060 -98.558 791.017
f 3317 3318 3319
f 3319 3320 3317
v 1837.685 -90.437 1261.982
v 1836.860 -90.472 1269.940
v 1845.521 -91.018 1270.838
v 1846.346 -90.937 1262.880
f 3321 3322 3323
f 3323 3324 3321
v 1845.220 -90.891 1262.923
v 1846.646 -91.064 1270.795
v 1881.278 -92.408 1264.522
v 1879.852 -92.221 1256.650
f 3325 3326 3327
f 3327 3328 3325
v 1880.285 -92.236 1256.595
v 1880.844 -92.391 1264.576
v 1893.679 -92.268 1263.678
v 1893.121 -92.121 1255.697
f 3329 3330 3331
f 3331 3332 3329
v 1893.976 -92.114 1255.729
v 1892.824 -92.277 1263.646
v 1925.663 -91.848 1268.427
v 1926.815 -91.717 1260.510
f 3333 3334 3335
f 3335 3336 3333
v 1926.437 -91.735 1260.473
v 1926.041 -91.829 1268.464
v 1932.175 -91.530 1268.767
v 1932.571 -91.444 1260.777
f 3337 3338 3339
f 3339 3340 3337
v 1931.898 -91.477 1260.801
v 1932.848 -91.496 1268.744
v 1938.369 -91.219 1268.084
v 1937.419 -91.207 1260.140
f 3341 3342 3343
f 3343 3344 3341
v 1936.263 -91.265 1260.460
v 1939.525 -91.160 1267.764
v 1944.701 -90.892 1265.453
v 1941.440 -91.002 1258.148
f 3345 3346 3347
f 3347 3348 3345
v 1940.588 -91.046 1258.665
v 1945.554 -90.847 1264.937
v 1950.908 -90.566 1260.697
v 1945.942 -90.725 1254.425
f 3349 3350 3351
f 3351 3352 3349
v 2253.337 -96.993 1616.985
v 2247.132 -96.765 1611.936
v 2233.473 -97.401 1628.722
v 2239.678 -97.688 1633.771
f 3353 3354 3355
f 3355 3356 3353
v 2238.950 -97.701 1634.466
v 2234.201 -97.388 1628.028
v 2215.578 -97.263 1641.763
v 2220.326 -97.501 1648.201
f 3357 3358 3359
f 3359 3360 3357
v 2219.855 -97.487 1648.500
v 2216.049 -97.275 1641.464
v 2197.859 -96.474 1651.303
v 2201.665 -96.591 1658.340
f 3361 3362 3363
f 3363 3364 3361
v 2201.237 -96.564 1658.540
v 2198.288 -96.498 1651.103
v 2186.432 -95.769 1655.805
v 2189.381 -95.747 1663.241
f 3365 3366 3367
f 3367 3368 3365
v 2190.368 -95.824 1662.676
v 2185.445 -95.697 1656.370
v 2180.725 -95.300 1660.055
v 2185.648 -95.412 1666.361
f 3369 3370 3371
f 3371 3372 3369
v 2186.622 -95.510 1665.257
v 2179.752 -95.200 1661.158
v 2177.269 -94.880 1665.318
v 2184.139 -95.212 1669.418
f 3373 3374 3375
f 3375 3376 3373
v 2184.417 -95.250 1668.857
v 2176.992 -94.838 1665.879
v 2172.517 -94.024 1677.039
v 2179.942 -94.521 1680.017
f 3377 3378 3379
f 3379 3380 3377
v 2179.148 -94.406 1681.263
v 2173.311 -94.144 1675.793
v 2169.325 -93.630 1680.045
v 2175.163 -93.908 1685.516
f 3381 3382 3383
f 3383 3384 3381
v 2174.247 -93.802 1686.243
v 2170.241 -93.732 1679.318
v 2165.355 -93.231 1682.144
v 2169.360 -93.273 1689.069
f 3385 3386 3387
f 3387 3388 3385
v 2168.095 -93.157 1689.538
v 2166.619 -93.350 1681.675
v 2162.679 -93.017 1682.415
v 2164.154 -92.815 1690.278
f 3389 3390 3391
f 3391 3392 3389
v 2162.745 -92.702 1690.290
v 2164.088 -93.123 1682.403
v 2159.747 -92.841 1681.664
v 2158.403 -92.386 1689.550
f 3393 3394 3395
f 3395 3396 3393
v 2157.072 -92.301 1689.069
v 2161.078 -92.912 1682.144
v 2149.044 -92.480 1675.184
v 2145.039 -91.719 1682.109
f 3397 3398 3399
f 3399 3400 3397
v 2146.118 -91.769 1682.539
v 2147.965 -92.436 1674.755
v 2144.013 -92.233 1673.817
v 2142.166 -91.542 1681.601
f 3401 3402 3403
f 3403 3404 3401
v 2143.582 -91.641 1681.679
v 2142.597 -92.144 1673.739
v 2138.979 -91.866 1674.188
v 2139.964 -91.339 1682.128
f 3405 3406 3407
f 3407 3408 3405
v 2141.388 -91.479 1681.669
v 2137.555 -91.735 1674.647
v 2132.523 -91.169 1677.394
v 2136.357 -90.920 1684.416
f 3409 3410 3411
f 3411 3412 3409
v 2137.293 -91.030 1683.709
v 2131.587 -91.045 1678.102
v 2099.716 -87.280 1710.538
v 2105.422 -87.312 1716.145
f 3413 3414 3415
f 3415 3416 3413
v 2105.199 -87.294 1716.355
v 2099.939 -87.306 1710.327
v 2092.492 -86.608 1716.825
v 2097.752 -86.719 1722.853
f 3417 3418 3419
f 3419 3420 3417
v 2096.576 -86.636 1723.565
v 2093.667 -86.690 1716.113
v 2089.337 -86.413 1717.804
v 2092.246 -86.357 1725.256
f 3421 3422 3423
f 3423 3424 3421
v 2090.566 -86.259 1725.523
v 2091.017 -86.510 1717.536
v 2086.809 -86.353 1717.298
v 2086.358 -86.124 1725.286
f 3425 3426 3427
f 3427 3428 3425
v 2085.028 -86.129 1724.977
v 2088.140 -86.355 1717.607
v 2080.103 -86.411 1714.213
v 2076.990 -86.197 1721.583
f 3429 3430 3431
f 3431 3432 3429
v 2077.589 -86.193 1721.781
v 2079.504 -86.413 1714.014
v 2066.646 -86.534 1710.844
v 2064.732 -86.229 1718.612
f 3433 3434 3435
f 3435 3436 3433
v 2065.689 -86.230 1718.728
v 2065.689 -86.536 1710.728
v 2051.952 -86.461 1710.728
v 2051.952 -86.177 1718.728
f 3437 3438 3439
f 3439 3440 3437
v 2052.213 -86.178 1718.720
v 2051.691 -86.459 1710.737
v 2026.032 -87.039 1712.414
v 2026.554 -86.857 1720.397
f 3441 3442 3443
f 3443 3444 3441
v 2294.318 -93.094 1570.170
v 2291.890 -93.714 1577.792
v 2296.866 -93.729 1579.377
v 2299.293 -93.171 1571.754
f 3445 3446 3447
f 3447 3448 3445
v 2300.730 -93.222 1572.570
v 2295.429 -93.677 1578.562
v 2332.153 -96.450 1611.051
v 2337.454 -95.880 1605.059
f 3449 3450 3451
f 3451 3452 3449
v 2337.494 -95.884 1605.095
v 2332.113 -96.446 1611.015
v 2344.303 -97.609 1622.096
v 2349.684 -97.091 1616.176
f 3453 3454 3455
f 3455 3456 3453
v 2349.889 -97.111 1616.377
v 2344.097 -97.589 1621.895
v 2347.960 -98.011 1625.950
v 2353.752 -97.512 1620.431
f 3457 3458 3459
f 3459 3460 3457
v 2353.452 -97.484 1620.147
v 2348.260 -98.041 1626.234
v 2353.014 -98.447 1630.288
v 2358.205 -97.884 1624.202
f 3461 3462 3463
f 3463 3464 3461
v 2359.308 -98.030 1625.722
v 2351.911 -98.299 1628.768
v 2356.386 -99.334 1639.637
v 2363.783 -99.029 1636.592
f 3465 3466 3467
f 3467 3468 3465
v 2363.760 -99.024 1636.537
v 2356.409 -99.340 1639.692
v 2358.847 -99.858 1645.371
v 2366.198 -99.523 1642.216
f 3469 3470 3471
f 3471 3472 3469
v 2366.221 -99.528 1642.271
v 2358.824 -99.853 1645.316
v 2361.161 -100.358 1650.995
v 2368.559 -100.013 1647.950
f 3473 3474 3475
f 3475 3476 3473
v 2368.797 -100.082 1648.765
v 2360.923 -100.285 1650.180
v 2362.036 -100.803 1656.374
v 2369.910 -100.590 1654.959
f 3477 3478 3479
f 3479 3480 3477
v 2369.963 -100.665 1655.947
v 2361.983 -100.724 1655.386
v 2360.213 -102.813 1680.545
v 2368.193 -102.656 1681.107
f 3481 3482 3483
f 3483 3484 3481
v 2366.003 -102.945 1684.398
v 2362.404 -102.491 1677.253
v 2338.359 -104.019 1689.364
v 2341.958 -104.378 1696.509
f 3485 3486 3487
f 3487 3488 3485
v 2343.896 -104.180 1694.361
v 2336.421 -104.218 1691.512
v 2332.257 -104.895 1702.434
v 2339.733 -105.023 1705.284
f 3489 3490 3491
f 3491 3492 3489
v 2338.139 -104.760 1700.482
v 2333.851 -105.245 1707.236
v 2366.602 -104.911 1728.024
v 2370.889 -104.585 1721.269
f 3493 3494 3495
f 3495 3496 3493
v 2372.727 -104.583 1724.267
v 2364.763 -104.911 1725.026
v 2366.845 -105.249 1746.857
v 2374.809 -104.926 1746.098
f 3497 3498 3499
f 3499 3500 3497
v 3406.490 -76.374 715.475
v 3413.943 -76.287 718.382
v 3437.443 -80.889 658.140
v 3429.990 -80.547 655.233
f 3501 3502 3503
f 3503 3504 3501
v 3430.026 -80.555 655.144
v 3437.407 -80.881 658.228
v 3460.584 -85.284 602.754
v 3453.202 -84.912 599.670
f 3505 3506 3507
f 3507 3508 3505
v 3453.295 -84.923 599.465
v 3460.492 -85.273 602.959
v 3487.676 -86.298 546.956
v 3480.479 -85.691 543.462
f 3509 3510 3511
f 3511 3512 3509
v 3480.412 -85.696 543.609
v 3487.743 -86.294 546.810
v 3494.790 -85.688 530.669
v 3487.458 -85.199 527.468
f 3513 3514 3515
f 3515 3516 3513
v 3321.141 -71.710 523.844
v 3313.167 -71.306 523.198
v 3311.107 -70.053 548.638
v 3319.081 -70.567 549.283
f 3517 3518 3519
f 3519 3520 3517
v 3101.764 -79.737 556.899
v 3097.574 -80.231 563.714
v 3127.074 -77.143 581.849
v 3131.263 -76.630 575.033
f 3521 3522 3523
f 3523 3524 3521
v 2741.650 -91.087 728.077
v 2748.961 -91.271 731.324
v 2777.292 -84.234 667.515
v 2769.981 -84.365 664.269
f 3525 3526 3527
f 3527 3528 3525
v 2387.731 -101.171 427.839
v 2392.172 -101.304 421.185
v 2381.051 -102.393 413.762
v 2376.610 -102.202 420.415
f 3529 3530 3531
f 3531 3532 3529
v 2376.543 -102.207 420.370
v 2381.119 -102.386 413.807
v 2266.504 -103.121 333.883
v 2261.928 -102.885 340.445
f 3533 3534 3535
f 3535 3536 3533
v 2261.951 -102.887 340.461
v 2266.482 -103.119 333.868
v 2133.388 -94.176 242.412
v 2128.857 -93.381 249.005
f 3537 3538 3539
f 3539 3540 3537
v 2128.810 -93.382 248.972
v 2133.435 -94.174 242.445
v 2122.047 -94.532 234.374
v 2117.422 -93.736 240.902
f 3541 3542 3543
f 3543 3544 3541
v 2115.983 -93.392 243.878
v 2111.531 -92.566 250.524
v 2126.459 -92.270 260.523
v 2130.911 -93.029 253.877
f 3545 3546 3547
f 3547 3548 3545
v 2130.911 -93.029 253.877
v 2126.458 -92.270 260.523
v 2256.791 -102.502 347.858
v 2261.244 -102.845 341.212
f 3549 3550 3551
f 3551 3552 3549
v 2261.303 -102.850 341.252
v 2256.732 -102.497 347.818
v 2373.529 -101.677 429.115
v 2378.099 -101.996 422.549
f 3553 3554 3555
f 3555 3556 3553
v 2377.807 -102.024 422.364
v 2373.821 -101.659 429.301
v 2383.729 -100.931 434.993
v 2387.714 -101.159 428.057
f 3557 3558 3559
f 3559 3560 3557
v 2397.462 -100.733 426.977
v 2395.577 -100.440 434.752
v 2408.980 -99.725 438.002
v 2410.865 -99.947 430.227
f 3561 3562 3563
f 3563 3564 3561
v 2411.401 -99.915 430.397
v 2408.444 -99.753 437.831
v 2453.105 -97.782 455.596
v 2456.062 -97.564 448.163
f 3565 3566 3567
f 3567 3568 3565
v 2159.712 -99.896 1474.872
v 2154.164 -100.240 1480.635
v 2209.745 -97.086 1534.138
v 2215.293 -96.646 1528.374
f 3569 3570 3571
f 3571 3572 3569
v 2215.698 -96.613 1528.828
v 2209.341 -97.117 1533.684
v 2212.457 -96.885 1537.765
v 2218.815 -96.370 1532.909
f 3573 3574 3575
f 3575 3576 3573
v 2219.262 -96.338 1533.647
v 2212.011 -96.919 1537.027
v 2214.560 -96.735 1542.495
v 2221.811 -96.171 1539.114
f 3577 3578 3579
f 3579 3580 3577
v 2222.168 -96.152 1540.425
v 2214.204 -96.758 1541.184
v 2214.872 -96.727 1548.197
v 2222.835 -96.151 1547.438
f 3581 3582 3583
f 3583 3584 3581
v 2222.772 -96.164 1548.620
v 2214.935 -96.719 1547.015
v 2213.666 -96.824 1553.209
v 2221.503 -96.293 1554.815
f 3585 3586 3587
f 3587 3588 3585
v 2220.613 -96.364 1556.625
v 2214.556 -96.758 1551.399
v 2211.650 -96.963 1554.767
v 2217.708 -96.574 1559.992
f 3589 3590 3591
f 3591 3592 3589
v 2216.716 -96.641 1560.822
v 2212.642 -96.895 1553.937
v 2208.379 -97.170 1556.460
v 2212.452 -96.924 1563.345
f 3593 3594 3595
f 3595 3596 3593
v 2211.161 -97.002 1563.832
v 2209.670 -97.089 1555.972
v 2203.336 -97.485 1557.174
v 2204.827 -97.362 1565.034
f 3597 3598 3599
f 3599 3600 3597
v 2204.413 -97.385 1565.090
v 2203.750 -97.459 1557.118
v 2186.128 -98.543 1558.584
v 2186.791 -98.346 1566.556
f 3601 3602 3603
f 3603 3604 3601
v 2186.573 -98.358 1566.568
v 2186.346 -98.530 1558.572
v 2157.492 -99.900 1559.390
v 2157.719 -99.548 1567.387
f 3605 3606 3607
f 3607 3608 3605
v 3156.995 -73.822 1008.359
v 3150.746 -74.428 1013.354
v 3156.267 -73.796 1020.262
v 3162.516 -73.155 1015.267
f 3609 3610 3611
f 3611 3612 3609
v 3161.252 -73.291 1014.223
v 3157.532 -73.651 1021.306
v 3165.002 -72.849 1025.228
v 3168.721 -72.577 1018.146
f 3613 3614 3615
f 3615 3616 3613
v 3168.496 -72.598 1018.036
v 3165.227 -72.827 1025.338
v 3179.888 -71.389 1031.902
v 3183.157 -71.189 1024.600
f 3617 3618 3619
f 3619 3620 3617
v 3183.164 -71.189 1024.604
v 3179.880 -71.390 1031.899
v 3200.040 -69.306 1040.972
v 3203.324 -69.144 1033.677
f 3621 3622 3623
f 3623 3624 3621
v 3203.234 -69.153 1033.638
v 3200.130 -69.296 1041.011
v 3209.793 -68.612 1045.079
v 3212.897 -68.593 1037.706
f 3625 3626 3627
f 3627 3628 3625
v 3212.588 -68.610 1037.591
v 3210.101 -68.598 1045.195
v 3218.539 -68.214 1047.955
v 3221.026 -68.136 1040.351
f 3629 3630 3631
f 3631 3632 3629
v 3219.747 -68.203 1040.153
v 3219.819 -68.154 1048.153
v 3228.657 -67.721 1048.074
v 3228.586 -67.776 1040.074
f 3633 3634 3635
f 3635 3636 3633
v 3225.753 -67.848 1046.862
v 3231.490 -67.602 1041.286
v 3225.367 -68.062 1034.986
v 3219.630 -68.199 1040.562
f 3637 3638 3639
f 3639 3640 3637
v 3220.631 -68.131 1041.311
v 3224.367 -68.129 1034.237
v 3216.241 -68.618 1029.945
v 3212.504 -68.628 1037.018
f 3641 3642 3643
f 3643 3644 3641
v 3212.540 -68.626 1037.037
v 3216.205 -68.620 1029.926
v 3205.418 -69.246 1024.366
v 3201.753 -69.339 1031.476
f 3645 3646 3647
f 3647 3648 3645
v 3201.906 -69.323 1031.551
v 3205.266 -69.255 1024.291
v 3193.165 -70.379 1018.691
v 3189.805 -70.557 1025.951
f 3649 3650 3651
f 3651 3652 3649
v 3189.898 -70.548 1025.992
v 3193.073 -70.388 1018.649
v 3179.937 -71.654 1012.970
v 3176.762 -71.830 1020.313
f 3653 3654 3655
f 3655 3656 3653
v 3177.167 -71.792 1020.463
v 3179.532 -71.694 1012.820
v 3163.480 -73.191 1007.854
v 3161.115 -73.297 1015.497
f 3657 3658 3659
f 3659 3660 3657
v 3161.910 -73.209 1015.657
v 3162.684 -73.260 1007.694
v 3154.257 -74.120 1006.875
v 3153.484 -74.127 1014.838
f 3661 3662 3663
f 3663 3664 3661
v 3230.205 -67.688 1040.401
v 3227.038 -67.796 1047.747
v 3310.037 -69.965 1083.540
v 3313.205 -69.889 1076.194
f 3665 3666 3667
f 3667 3668 3665
v 3313.244 -69.892 1076.211
v 3309.998 -69.961 1083.523
v 3520.693 -79.649 1177.059
v 3523.939 -80.459 1169.747
f 3669 3670 3671
f 3671 3672 3669
v 3524.669 -80.448 1170.169
v 3519.962 -79.659 1176.637
v 3530.415 -79.398 1184.245
v 3535.122 -80.189 1177.776
f 3673 3674 3675
f 3675 3676 3673
v 3559.951 -85.068 1116.314
v 3564.563 -84.719 1122.850
v 3574.971 -84.969 1115.507
v 3570.360 -85.289 1108.970
f 3677 3678 3679
f 3679 3680 3677
v 3570.840 -85.294 1108.680
v 3574.491 -84.962 1115.798
v 3585.356 -84.872 1110.224
v 3581.704 -85.177 1103.106
f 3681 3682 3683
f 3683 3684 3681
v 3585.587 -85.033 1103.234
v 3581.474 -84.989 1110.096
v 3597.292 -84.402 1119.579
v 3601.405 -84.382 1112.717
f 3685 3686 3687
f 3687 3688 3685
v 3601.427 -84.382 1112.731
v 3597.270 -84.402 1119.566
v 3606.977 -84.211 1125.469
v 3611.134 -84.143 1118.634
f 3689 3690 3691
f 3691 3692 3689
v 3611.016 -84.145 1118.565
v 3607.095 -84.210 1125.538
v 3611.158 -84.168 1127.823
v 3615.080 -84.082 1120.850
f 3693 3694 3695
f 3695 3696 3693
v 3615.088 -84.082 1120.855
v 3611.150 -84.169 1127.819
v 3618.063 -84.153 1131.728
v 3622.001 -84.047 1124.764
f 3697 3698 3699
f 3699 3700 3697
v 3621.638 -84.047 1124.583
v 3618.426 -84.155 1131.910
v 3639.699 -84.498 1141.234
v 3642.911 -84.214 1133.907
f 3701 3702 3703
f 3703 3704 3701
v 3668.727 -86.612 1630.525
v 3666.738 -85.965 1622.776
v 3664.011 -85.919 1623.476
v 3665.999 -86.550 1631.225
f 3705 3706 3707
f 3707 3708 3705
v 3666.672 -86.561 1630.987
v 3663.338 -85.912 1623.715
v 3658.039 -85.882 1626.145
v 3661.374 -86.505 1633.417
f 3709 3710 3711
f 3711 3712 3709
v 3661.316 -86.505 1633.442
v 3658.096 -85.883 1626.119
v 3651.639 -85.822 1628.959
v 3654.860 -86.395 1636.282
f 3713 3714 3715
f 3715 3716 3713
v 3654.039 -86.372 1636.542
v 3652.460 -85.838 1628.699
v 3644.323 -85.608 1630.337
v 3645.901 -86.061 1638.179
f 3717 3718 3719
f 3719 3720 3717
v 3645.164 -86.028 1638.258
v 3645.061 -85.634 1630.258
v 3633.784 -85.188 1630.404
v 3633.887 -85.464 1638.403
f 3721 3722 3723
f 3723 3724 3721
v 3633.296 -85.432 1638.367
v 3634.375 -85.213 1630.440
v 3614.671 -84.402 1627.759
v 3613.593 -84.419 1635.686
f 3725 3726 3727
f 3727 3728 3725
v 3613.203 -84.400 1635.613
v 3615.061 -84.416 1627.832
v 3605.054 -84.076 1625.441
v 3603.195 -83.957 1633.222
f 3729 3730 3731
f 3731 3732 3729
v 3603.397 -83.966 1633.265
v 3604.851 -84.070 1625.398
v 3594.777 -83.786 1623.536
v 3593.323 -83.575 1631.403
f 3733 3734 3735
f 3735 3736 3733
v 3594.026 -83.602 1631.469
v 3594.073 -83.767 1623.470
v 3580.570 -83.377 1623.390
v 3580.523 -83.061 1631.390
f 3737 3738 3739
f 3739 3740 3737
v 3581.811 -83.120 1631.185
v 3579.283 -83.331 1623.595
v 3569.765 -82.881 1626.765
v 3572.293 -82.587 1634.355
f 3741 3742 3743
f 3743 3744 3741
v 3572.982 -82.631 1634.051
v 3569.077 -82.842 1627.069
v 3564.401 -82.531 1629.684
v 3568.306 -82.296 1636.666
f 3745 3746 3747
f 3747 3748 3745
v 3569.318 -82.384 1635.860
v 3563.389 -82.446 1630.490
v 3560.339 -82.121 1633.858
v 3566.268 -82.063 1639.228
f 3749 3750 3751
f 3751 3752 3749
v 3566.803 -82.129 1638.479
v 3559.804 -82.052 1634.606
v 3557.188 -81.631 1639.334
v 3564.187 -81.733 1643.207
f 3753 3754 3755
f 3755 3756 3753
v 3563.438 -81.637 1644.175
v 3557.937 -81.729 1638.367
v 3555.176 -81.425 1640.982
v 3560.678 -81.331 1646.790
f 3757 3758 3759
f 3759 3760 3757
v 3559.617 -81.228 1647.511
v 3556.237 -81.525 1640.260
v 3550.938 -81.092 1642.730
v 3554.318 -80.763 1649.981
f 3761 3762 3763
f 3763 3764 3761
v 3552.858 -80.653 1650.349
v 3552.398 -81.192 1642.362
v 3545.975 -80.842 1642.732
v 3546.435 -80.249 1650.719
f 3765 3766 3767
f 3767 3768 3765
v 3545.964 -80.221 1650.718
v 3546.446 -80.866 1642.733
v 3540.323 -80.588 1642.363
v 3539.841 -79.891 1650.348
f 3769 3770 3771
f 3771 3772 3769
v 3539.039 -79.856 1650.217
v 3541.126 -80.617 1642.494
v 3530.083 -80.373 1639.509
v 3527.996 -79.575 1647.232
f 3773 3774 3775
f 3775 3776 3773
v 3528.342 -79.582 1647.310
v 3529.736 -80.367 1639.432
v 3519.139 -80.130 1637.557
v 3517.745 -79.313 1645.434
f 3777 3778 3779
f 3779 3780 3777
v 3518.703 -79.348 1645.487
v 3518.181 -80.098 1637.504
v 3507.873 -79.632 1638.177
v 3508.394 -78.849 1646.160
f 3781 3782 3783
f 3783 3784 3781
v 3508.609 -78.860 1646.141
v 3507.658 -79.621 1638.197
v 3495.190 -78.978 1639.690
v 3496.141 -78.179 1647.633
f 3785 3786 3787
f 3787 3788 3785
v 3496.738 -78.217 1647.515
v 3494.594 -78.942 1639.808
v 3481.681 -78.166 1643.400
v 3483.825 -77.430 1651.107
f 3789 3790 3791
f 3791 3792 3789
v 3484.016 -77.441 1651.049
v 3481.489 -78.155 1643.459
v 3471.415 -77.535 1646.813
v 3473.942 -76.866 1654.403
f 3793 3794 3795
f 3795 3796 3793
v 3473.572 -76.848 1654.507
v 3471.785 -77.555 1646.709
v 3462.679 -77.107 1648.796
v 3464.466 -76.447 1656.594
f 3797 3798 3799
f 3799 3800 3797
v 3463.801 -76.423 1656.688
v 3463.343 -77.133 1648.701
v 3458.045 -76.964 1649.005
v 3458.502 -76.272 1656.992
f 3801 3802 3803
f 3803 3804 3801
v 3458.274 -76.266 1656.999
v 3458.274 -76.971 1648.999
v 3448.945 -76.759 1648.999
v 3448.945 -76.093 1656.999
f 3805 3806 3807
f 3807 3808 3805
v 3449.158 -76.094 1656.993
v 3448.732 -76.756 1649.004
v 3436.108 -76.566 1649.678
v 3436.534 -76.008 1657.667
f 3809 3810 3811
f 3811 3812 3809
v 3436.729 -76.010 1657.651
v 3435.913 -76.562 1649.693
v 3413.371 -76.211 1652.004
v 3414.187 -75.845 1659.963
f 3813 3814 3815
f 3815 3816 3813
v 3414.368 -75.846 1659.940
v 3413.190 -76.208 1652.027
v 3405.208 -76.155 1653.216
v 3406.387 -75.849 1661.128
f 3817 3818 3819
f 3819 3820 3817
v 3405.936 -75.854 1661.170
v 3405.659 -76.154 1653.174
v 3399.169 -76.183 1653.399
v 3399.446 -75.948 1661.394
f 3821 3822 3823
f 3823 3824 3821
v 3399.168 -75.953 1661.394
v 3399.447 -76.182 1653.399
v 3394.137 -76.217 1653.214
v 3393.858 -76.040 1661.209
f 3825 3826 3827
f 3827 3828 3825
v 3393.139 -76.053 1661.118
v 3394.856 -76.211 1653.305
v 3388.066 -76.274 1651.813
v 3386.349 -76.177 1659.626
f 3829 3830 3831
f 3831 3832 3829
v 3386.983 -76.167 1659.713
v 3387.432 -76.277 1651.726
v 3382.734 -76.297 1651.462
v 3382.285 -76.234 1659.449
f 3833 3834 3835
f 3835 3836 3833
v 3383.265 -76.221 1659.383
v 3381.754 -76.299 1651.527
v 3376.122 -76.317 1652.610
v 3377.632 -76.294 1660.466
f 3837 3838 3839
f 3839 3840 3837
v 3378.249 -76.285 1660.296
v 3375.505 -76.321 1652.781
v 3366.210 -76.418 1656.175
v 3368.954 -76.448 1663.690
f 3841 3842 3843
f 3843 3844 3841
v 3369.507 -76.436 1663.439
v 3365.657 -76.428 1656.426
v 3356.395 -76.672 1661.511
v 3360.245 -76.730 1668.523
f 3845 3846 3847
f 3847 3848 3845
v 3360.785 -76.708 1668.167
v 3355.855 -76.691 1661.867
v 3323.984 -78.735 1686.801
v 3328.914 -78.807 1693.102
f 3849 3850 3851
f 3851 3852 3849
v 3843.565 -93.718 1661.266
v 3835.565 -93.757 1661.293
v 3835.710 -94.061 1705.708
v 3843.710 -93.639 1705.682
f 3853 3854 3855
f 3855 3856 3853
v 3843.670 -93.640 1706.260
v 3835.750 -94.055 1705.130
v 3835.149 -94.113 1709.343
v 3843.069 -93.668 1710.473
f 3857 3858 3859
f 3859 3860 3857
v 3842.482 -93.701 1712.056
v 3835.735 -94.071 1707.759
v 3833.876 -94.194 1710.677
v 3840.623 -93.812 1714.975
f 3861 3862 3863
f 3863 3864 3861
v 3839.986 -93.851 1715.744
v 3834.513 -94.152 1709.909
v 3831.486 -94.350 1712.748
v 3836.958 -94.041 1718.584
f 3865 3866 3867
f 3867 3868 3865
v 3836.447 -94.073 1718.990
v 3831.997 -94.316 1712.342
v 3818.226 -95.142 1721.560
v 3822.677 -94.987 1728.208
f 3869 3870 3871
f 3871 3872 3869
v 3823.425 -94.940 1727.560
v 3817.478 -95.183 1722.208
v 3813.449 -95.415 1726.685
v 3819.395 -95.177 1732.037
f 3873 3874 3875
f 3875 3876 3873
v 3820.106 -95.133 1730.920
v 3812.738 -95.461 1727.803
v 3809.899 -95.675 1734.512
v 3817.267 -95.333 1737.629
f 3877 3878 3879
f 3879 3880 3877
v 3817.567 -95.307 1736.425
v 3809.599 -95.704 1735.716
v 3808.853 -95.841 1744.089
v 3816.822 -95.413 1744.799
f 3881 3882 3883
f 3883 3884 3881
v 3816.818 -95.416 1744.048
v 3808.857 -95.836 1744.839
v 3816.471 -94.253 1821.492
v 3824.432 -94.157 1820.701
f 3885 3886 3887
f 3887 3888 3885
v 3824.451 -94.150 1821.041
v 3816.452 -94.263 1821.151
v 3816.597 -93.960 1831.677
v 3824.596 -93.932 1831.567
f 3889 3890 3891
f 3891 3892 3889
v 3824.587 -93.925 1831.891
v 3816.605 -93.969 1831.353
v 3815.859 -93.605 1842.407
v 3823.841 -93.668 1842.945
f 3893 3894 3895
f 3895 3896 3893
v 3823.843 -93.668 1842.916
v 3815.858 -93.604 1842.437
v 3815.334 -93.286 1851.167
v 3823.320 -93.438 1851.645
f 3897 3898 3899
f 3899 3900 3897
v 3823.310 -93.454 1851.036
v 3815.344 -93.265 1851.776
v 3816.168 -92.974 1860.651
v 3824.134 -93.244 1859.911
f 3901 3902 3903
f 3903 3904 3901
v 3823.977 -93.260 1859.115
v 3816.325 -92.951 1861.447
v 3819.464 -92.738 1871.748
v 3827.116 -93.126 1869.416
f 3905 3906 3907
f 3907 3908 3905
v 3827.096 -93.127 1869.350
v 3819.485 -92.737 1871.814
v 3823.136 -92.606 1883.093
v 3830.747 -93.095 1880.629
f 3909 3910 3911
f 3911 3912 3909
v 3830.879 -93.094 1881.159
v 3823.003 -92.612 1882.562
v 3825.397 -92.441 1895.994
v 3833.273 -93.065 1894.590
f 3913 3914 3915
f 3915 3916 3913
v 3833.334 -93.062 1895.232
v 3825.335 -92.451 1895.352
v 3825.558 -92.180 1910.209
v 3833.557 -92.930 1910.090
f 3917 3918 3919
f 3919 3920 3917
v 3833.551 -92.927 1910.368
v 3825.563 -92.186 1909.931
v 3824.673 -91.775 1926.202
v 3832.661 -92.666 1926.639
f 3921 3922 3923
f 3923 3924 3921
v 3832.661 -92.671 1926.198
v 3824.673 -91.766 1926.642
v 3825.263 -91.701 1937.247
v 3833.251 -92.667 1936.803
f 3925 3926 3927
f 3927 3928 3925
v 3833.113 -92.656 1935.963
v 3825.400 -91.707 1938.087
v 3828.317 -91.954 1948.679
v 3836.030 -92.957 1946.555
f 3929 3930 3931
f 3931 3932 3929
v 3835.846 -92.936 1946.032
v 3828.501 -91.972 1949.202
v 3831.629 -92.321 1956.452
v 3838.974 -93.317 1953.283
f 3933 3934 3935
f 3935 3936 3933
v 3838.634 -93.274 1952.656
v 3831.969 -92.362 1957.079
v 3836.377 -92.950 1963.722
v 3843.043 -93.858 1959.299
f 3937 3938 3939
f 3939 3940 3937
v 3842.567 -93.794 1958.711
v 3836.853 -93.015 1964.310
v 3842.263 -93.753 1969.831
v 3847.977 -94.533 1964.231
f 3941 3942 3943
f 3943 3944 3941
v 3847.457 -94.461 1963.784
v 3842.783 -93.825 1970.277
v 3850.142 -94.845 1975.573
v 3854.815 -95.477 1969.080
f 3945 3946 3947
f 3947 3948 3945
v 3855.327 -95.548 1969.519
v 3849.629 -94.773 1975.135
v 3860.004 -96.245 1985.660
v 3865.702 -96.992 1980.044
f 3949 3950 3951
f 3951 3952 3949
v 3866.121 -97.044 1980.546
v 3859.585 -96.185 1985.159
v 3865.485 -96.945 1993.519
v 3872.021 -97.764 1988.906
f 3953 3954 3955
f 3955 3956 3953
v 3872.145 -97.777 1989.092
v 3865.361 -96.932 1993.333
v 3871.851 -97.579 2003.713
v 3878.635 -98.409 1999.472
f 3957 3958 3959
f 3959 3960 3957
v 3878.721 -98.417 1999.617
v 3871.765 -97.570 2003.568
v 3882.062 -98.412 2021.700
v 3889.018 -99.301 2017.750
f 3961 3962 3963
f 3963 3964 3961
v 3889.028 -99.302 2017.768
v 3882.052 -98.411 2021.683
v 3892.360 -98.750 2040.053
v 3899.337 -99.579 2036.138
f 3965 3966 3967
f 3967 3968 3965
v 3899.187 -99.576 2035.892
v 3892.510 -98.754 2040.299
v 3897.731 -98.877 2048.210
v 3904.408 -99.677 2043.803
f 3969 3970 3971
f 3971 3972 3969
v 3903.947 -99.665 2043.228
v 3898.191 -98.885 2048.785
v 3904.681 -98.965 2055.507
v 3910.437 -99.696 2049.950
f 3973 3974 3975
f 3975 3976 3973
v 3909.854 -99.702 2049.453
v 3905.264 -98.975 2056.004
v 3915.271 -98.943 2063.017
v 3919.862 -99.676 2056.465
f 3977 3978 3979
f 3979 3980 3977
v 3919.680 -99.677 2056.345
v 3915.454 -98.942 2063.138
v 3927.320 -98.870 2070.520
v 3931.546 -99.631 2063.727
f 3981 3982 3983
f 3983 3984 3981
v 3931.671 -99.630 2063.808
v 3927.196 -98.871 2070.439
v 3944.361 -98.483 2082.022
v 3948.836 -99.267 2075.390
f 3985 3986 3987
f 3987 3988 3985
v 3948.599 -99.277 2075.242
v 3944.599 -98.476 2082.170
v 3965.805 -97.638 2094.412
v 3969.805 -98.420 2087.484
f 3989 3990 3991
f 3991 3992 3989
v 3969.355 -98.434 2087.261
v 3966.255 -97.624 2094.636
v 3979.391 -97.330 2100.156
v 3982.491 -98.127 2092.781
f 3993 3994 3995
f 3995 3996 3993
v 3983.036 -98.109 2093.061
v 3978.845 -97.347 2099.876
v 4031.989 -96.380 2132.562
v 4036.180 -96.936 2125.747
f 3997 3998 3999
f 3999 4000 3997
v 4035.568 -96.925 2125.440
v 4032.601 -96.395 2132.869
v 4047.385 -96.960 2138.773
v 4050.351 -97.374 2131.343
f 4001 4002 4003
f 4003 4004 4001
v 4049.912 -97.356 2131.197
v 4047.824 -96.981 2138.919
v 4071.268 -98.360 2145.258
v 4073.356 -98.507 2137.536
f 4005 4006 4007
f 4007 4008 4005
v 4073.156 -98.496 2137.487
v 4071.468 -98.373 2145.307
v 4106.099 -100.756 2152.782
v 4107.787 -100.618 2144.962
f 4009 4010 4011
f 4011 4012 4009
v 4107.451 -100.595 2144.904
v 4106.436 -100.782 2152.840
v 4234.754 -102.797 2169.255
v 4235.769 -102.242 2161.320
f 4013 4014 4015
f 4015 4016 4013
v 4235.650 -102.246 2161.306
v 4234.872 -102.793 2169.268
v 4246.361 -101.887 2170.391
v 4247.139 -101.380 2162.429
f 4017 4018 4019
f 4019 4020 4017
v 4246.356 -101.446 2162.429
v 4247.143 -101.817 2170.391
v 4263.050 -100.327 2168.819
v 4262.264 -100.050 2160.858
f 4021 4022 4023
f 4023 4024 4021
v 4261.753 -100.096 2160.942
v 4263.561 -100.278 2168.735
v 4275.795 -99.103 2165.895
v 4273.987 -98.993 2158.103
f 4025 4026 4027
f 4027 4028 4025
v 3979.894 -90.225 1758.048
v 3975.420 -89.985 1751.416
v 3956.039 -89.534 1764.491
v 3960.513 -89.775 1771.123
f 4029 4030 4031
f 4031 4032 4029
v 3960.158 -89.767 1771.336
v 3956.394 -89.542 1764.277
v 3925.458 -90.042 1780.772
v 3929.223 -90.338 1787.832
f 4033 4034 4035
f 4035 4036 4033
v 3931.189 -90.191 1785.393
v 3923.492 -90.187 1783.211
v 3902.297 -95.089 1858.002
v 3909.994 -95.433 1860.183
f 4037 4038 4039
f 4039 4040 4037
v 3909.891 -95.457 1860.495
v 3902.399 -95.068 1857.690
v 3883.286 -97.261 1908.747
v 3890.778 -97.993 1911.552
f 4041 4042 4043
f 4043 4044 4041
v 3889.412 -97.973 1913.364
v 3884.652 -97.286 1906.935
v 3862.265 -95.929 1923.509
v 3867.026 -96.554 1929.939
f 4045 4046 4047
f 4047 4048 4045
v 3868.292 -96.648 1928.368
v 3860.999 -95.826 1925.080
v 3852.049 -94.985 1944.929
v 3859.342 -95.947 1948.218
f 4049 4050 4051
f 4051 4052 4049
v 3859.664 -95.974 1947.069
v 3851.726 -94.953 1946.078
v 3848.509 -94.614 1971.831
v 3856.447 -95.711 1972.822
f 4053 4054 4055
f 4055 4056 4053
v 3643.262 -82.272 1512.886
v 3635.497 -82.691 1514.812
v 3649.813 -83.031 1572.527
v 3657.577 -82.728 1570.601
f 4057 4058 4059
f 4059 4060 4057
v 4240.934 -92.304 1563.464
v 4243.592 -92.122 1555.918
v 4195.903 -90.596 1539.119
v 4193.245 -90.954 1546.664
f 4061 4062 4063
f 4063 4064 4061
v 4194.183 -90.931 1546.872
v 4194.966 -90.573 1538.911
v 4149.436 -92.129 1534.433
v 4148.653 -92.469 1542.395
f 4065 4066 4067
f 4067 4068 4065
v 4150.276 -92.342 1542.220
v 4147.813 -92.260 1534.608
v 4107.649 -95.687 1547.604
v 4110.112 -95.610 1555.216
f 4069 4070 4071
f 4071 4072 4069
v 4109.424 -95.673 1555.373
v 4108.337 -95.622 1547.447
v 4069.230 -99.131 1552.809
v 4070.317 -99.024 1560.735
f 4073 4074 4075
f 4075 4076 4073
v 4071.123 -98.963 1560.538
v 4068.425 -99.194 1553.006
v 4042.365 -101.055 1562.344
v 4045.063 -100.633 1569.875
f 4077 4078 4079
f 4079 4080 4077
v 4043.159 -100.751 1570.071
v 4044.269 -100.922 1562.148
v 3995.823 -103.602 1555.360
v 3994.713 -103.299 1563.282
f 4081 4082 4083
f 4083 4084 4081
v 3995.219 -103.277 1563.321
v 3995.317 -103.625 1555.321
v 3958.748 -103.665 1554.872
v 3958.650 -103.284 1562.872
f 4085 4086 4087
f 4087 4088 4085
v 3961.209 -103.376 1561.987
v 3956.190 -103.605 1555.757
v 3946.928 -103.139 1563.219
v 3951.947 -102.713 1569.449
f 4089 4090 4091
f 4091 4092 4089
v 3953.321 -102.893 1567.294
v 3945.554 -102.889 1565.374
v 3936.148 -99.315 1603.437
v 3943.914 -99.457 1605.356
f 4093 4094 4095
f 4095 4096 4093
v 3943.110 -99.268 1606.950
v 3936.952 -99.499 1601.844
v 3893.437 -93.951 1654.329
v 3899.595 -93.646 1659.435
f 4097 4098 4099
f 4099 4100 4097
v 3897.595 -93.565 1660.733
v 3895.437 -94.040 1653.030
v 3862.665 -93.601 1662.209
v 3864.822 -93.368 1669.912
f 4101 4102 4103
f 4103 4104 4101
v 3862.968 -93.394 1669.984
v 3864.520 -93.592 1662.136
v 3840.341 -93.725 1657.355
v 3838.789 -93.758 1665.204
f 4105 4106 4107
f 4107 4108 4105
v 3243.472 -81.707 846.694
v 3240.131 -81.275 853.963
v 3320.526 -78.167 890.919
v 3323.867 -78.450 883.650
f 4109 4110 4111
f 4111 4112 4109
v 2762.464 -81.720 2412.909
v 2755.977 -82.454 2408.227
v 2751.936 -82.429 2413.827
v 2758.423 -81.848 2418.508
f 4113 4114 4115
f 4115 4116 4113
v 2757.665 -81.884 2419.302
v 2752.694 -82.415 2413.033
v 2750.613 -82.505 2414.684
v 2755.583 -81.996 2420.952
f 4117 4118 4119
f 4119 4120 4117
v 2754.985 -82.030 2421.345
v 2751.211 -82.470 2414.291
v 2741.582 -83.372 2419.441
v 2745.355 -82.778 2426.496
f 4121 4122 4123
f 4123 4124 4121
v 2745.887 -82.723 2426.155
v 2741.051 -83.427 2419.782
v 2728.661 -84.704 2429.185
v 2733.497 -84.010 2435.558
f 4125 4126 4127
f 4127 4128 4125
v 2734.656 -83.896 2434.162
v 2727.502 -84.818 2430.581
v 2720.033 -85.518 2445.504
v 2727.186 -84.673 2449.085
f 4129 4130 4131
f 4131 4132 4129
v 2727.288 -84.658 2448.866
v 2719.931 -85.532 2445.723
v 2701.497 -88.348 2488.867
v 2708.853 -87.502 2492.010
f 4133 4134 4135
f 4135 4136 4133
v 2709.055 -87.419 2489.468
v 2701.295 -88.421 2491.410
v 2702.864 -88.346 2497.683
v 2710.625 -87.403 2495.741
f 4137 4138 4139
f 4139 4140 4137
v 2709.593 -87.468 2493.904
v 2703.896 -88.258 2499.520
v 2724.646 -87.022 2520.570
v 2730.343 -86.210 2514.954
f 4141 4142 4143
f 4143 4144 4141
v 2731.320 -86.215 2516.594
v 2723.669 -87.024 2518.930
v 2727.999 -87.413 2533.113
v 2735.650 -86.692 2530.777
f 4145 4146 4147
f 4147 4148 4145
v 2735.545 -86.682 2530.476
v 2728.105 -87.422 2533.415
v 2729.518 -87.531 2536.994
v 2736.959 -86.795 2534.055
f 4149 4150 4151
f 4151 4152 4149
v 2736.658 -86.780 2533.449
v 2729.819 -87.550 2537.599
v 2732.134 -87.650 2541.415
v 2738.974 -86.873 2537.266
f 4153 4154 4155
f 4155 4156 4153
v 2738.187 -86.859 2536.329
v 2732.921 -87.663 2542.352
v 2737.619 -87.661 2546.459
v 2742.885 -86.850 2540.436
f 4157 4158 4159
f 4159 4160 4157
v 2741.858 -86.868 2539.784
v 2738.646 -87.647 2547.111
v 2751.570 -87.386 2552.777
v 2754.782 -86.574 2545.450
f 4161 4162 4163
f 4163 4164 4161
v 2751.258 -93.883 2636.367
v 2759.257 -93.744 2636.231
v 2759.112 -93.343 2627.726
v 2751.113 -93.497 2627.862
f 4165 4166 4167
f 4167 4168 4165
v 2751.113 -93.492 2627.764
v 2759.113 -93.347 2627.824
v 2759.191 -92.586 2617.378
v 2751.191 -92.758 2617.319
f 4169 4170 4171
f 4171 4172 4169
v 2751.458 -92.859 2618.786
v 2758.923 -92.481 2615.910
v 2756.908 -92.135 2610.681
v 2749.443 -92.525 2613.557
f 4173 4174 4175
f 4175 4176 4173
v 2749.181 -92.442 2612.322
v 2757.171 -92.221 2611.915
v 2756.714 -91.564 2602.962
v 2748.725 -91.804 2603.369
f 4177 4178 4179
f 4179 4180 4177
v 2748.756 -91.750 2602.624
v 2756.683 -91.620 2603.706
v 2757.885 -90.904 2594.898
v 2749.958 -91.048 2593.816
f 4181 4182 4183
f 4183 4184 4181
v 2749.976 -91.038 2593.702
v 2757.868 -90.915 2595.011
v 2763.912 -87.335 2558.576
v 2756.020 -87.577 2557.267
f 4185 4186 4187
f 4187 4188 4185
v 2756.042 -87.705 2558.697
v 2763.891 -87.202 2557.146
v 2762.844 -86.757 2551.851
v 2754.996 -87.277 2553.401
f 4189 4190 4191
f 4191 4192 4189
v 2756.833 -87.428 2556.038
v 2761.007 -86.602 2549.213
v 2755.263 -86.572 2545.701
v 2751.089 -87.387 2552.526
f 4193 4194 4195
f 4195 4196 4193
v 2358.772 -99.865 2318.741
v 2357.968 -99.144 2326.700
v 2386.711 -98.758 2329.605
v 2387.515 -99.312 2321.646
f 4197 4198 4199
f 4199 4200 4197
v 2389.626 -99.216 2322.514
v 2384.600 -98.842 2328.738
v 2401.610 -97.921 2342.472
v 2406.635 -98.252 2336.248
f 4201 4202 4203
f 4203 4204 4201
v 2407.147 -98.228 2336.743
v 2401.098 -97.945 2341.978
v 2426.033 -97.402 2370.794
v 2432.083 -97.713 2365.559
f 4205 4206 4207
f 4207 4208 4205
v 2432.198 -97.648 2370.654
v 2425.918 -97.507 2365.698
v 2401.061 -95.383 2397.195
v 2407.340 -95.608 2402.151
f 4209 4210 4211
f 4211 4212 4209
v 2407.995 -95.759 2398.406
v 2400.406 -95.213 2400.940
v 2401.531 -95.168 2404.307
v 2409.119 -95.730 2401.774
f 4213 4214 4215
f 4215 4216 4213
v 2407.643 -95.697 2399.781
v 2403.006 -95.198 2406.300
v 2407.927 -95.419 2409.800
v 2412.564 -95.907 2403.281
f 4217 4218 4219
f 4219 4220 4217
v 2410.360 -95.787 2402.542
v 2410.130 -95.550 2410.539
v 2420.661 -96.293 2410.842
v 2420.891 -96.468 2402.846
f 4221 4222 4223
f 4223 4224 4221
v 2422.333 -96.567 2403.160
v 2419.218 -96.185 2410.528
v 2421.155 -96.322 2411.347
v 2424.270 -96.694 2403.978
f 4225 4226 4227
f 4227 4228 4225
v 2426.631 -96.826 2406.855
v 2418.795 -96.195 2408.470
v 2420.287 -96.188 2415.707
v 2428.122 -96.847 2414.092
f 4229 4230 4231
f 4231 4232 4229
v 2428.137 -96.847 2414.165
v 2420.273 -96.188 2415.634
v 2422.143 -96.266 2425.645
v 2430.007 -96.953 2424.175
f 4233 4234 4235
f 4235 4236 4233
v 2430.014 -96.947 2425.606
v 2422.136 -96.276 2424.213
v 2419.843 -95.968 2437.182
v 2427.720 -96.675 2438.575
f 4237 4238 4239
f 4239 4240 4237
v 2427.752 -96.679 2438.362
v 2419.811 -95.963 2437.395
v 2419.366 -95.891 2441.053
v 2427.307 -96.617 2442.020
f 4241 4242 4243
f 4243 4244 4241
v 2427.060 -96.606 2440.076
v 2419.613 -95.897 2442.997
v 2420.960 -96.023 2446.431
v 2428.407 -96.711 2443.509
f 4245 4246 4247
f 4247 4248 4245
v 2428.115 -96.687 2442.915
v 2421.251 -96.053 2447.025
v 2423.489 -96.276 2450.762
v 2430.353 -96.896 2446.653
f 4249 4250 4251
f 4251 4252 4249
v 2429.827 -96.845 2445.959
v 2424.015 -96.327 2451.456
v 2429.236 -96.822 2456.976
v 2435.048 -97.340 2451.479
f 4253 4254 4255
f 4255 4256 4253
v 2434.288 -97.269 2450.852
v 2429.995 -96.893 2457.603
v 2482.104 -100.626 2490.737
v 2486.397 -101.079 2483.986
f 4257 4258 4259
f 4259 4260 4257
v 2486.938 -101.100 2484.399
v 2481.563 -100.605 2490.324
v 2486.339 -100.754 2494.656
v 2491.713 -101.252 2488.730
f 4261 4262 4263
f 4263 4264 4261
v 2492.760 -101.262 2490.259
v 2485.292 -100.741 2493.128
v 2486.784 -100.707 2497.010
v 2494.251 -101.212 2494.141
f 4265 4266 4267
f 4267 4268 4265
v 2494.436 -101.200 2494.773
v 2486.599 -100.716 2496.379
v 2489.137 -100.391 2508.766
v 2496.974 -100.836 2507.160
f 4269 4270 4271
f 4271 4272 4269
v 2496.581 -100.880 2506.074
v 2489.530 -100.355 2509.853
v 2491.745 -100.235 2513.986
v 2498.797 -100.739 2510.207
f 4273 4274 4275
f 4275 4276 4273
v 2496.155 -100.739 2508.196
v 2494.387 -100.228 2515.998
v 2498.639 -100.330 2516.962
v 2500.408 -100.873 2509.160
f 4277 4278 4279
f 4279 4280 4277
v 2500.686 -100.881 2509.233
v 2498.361 -100.324 2516.888
v 2505.752 -100.310 2519.133
v 2508.077 -100.829 2511.478
f 4281 4282 4283
f 4283 4284 4281
v 2509.102 -100.807 2511.957
v 2504.728 -100.336 2518.655
v 2514.212 -99.958 2524.848
v 2518.586 -100.450 2518.150
f 4285 4286 4287
f 4287 4288 4285
v 2518.496 -100.453 2518.093
v 2514.303 -99.954 2524.906
v 2547.287 -97.961 2545.204
v 2551.480 -98.526 2538.390
f 4289 4290 4291
f 4291 4292 4289
v 2551.730 -98.501 2538.558
v 2547.037 -97.986 2545.036
v 2633.877 -90.899 2607.950
v 2638.570 -91.234 2601.471
f 4293 4294 4295
f 4295 4296 4293
v 2638.291 -91.240 2601.286
v 2634.156 -90.894 2608.135
v 2675.211 -91.499 2632.922
v 2679.346 -91.659 2626.074
f 4297 4298 4299
f 4299 4300 4297
v 2679.724 -91.674 2626.333
v 2674.832 -91.484 2632.663
v 2679.463 -91.686 2636.242
v 2684.355 -91.869 2629.912
f 4301 4302 4303
f 4303 4304 4301
v 2685.224 -91.910 2630.838
v 2678.594 -91.646 2635.315
v 2682.624 -91.850 2641.284
v 2689.254 -92.129 2636.808
f 4305 4306 4307
f 4307 4308 4305
v 2508.607 -96.916 2332.015
v 2511.947 -97.436 2339.284
v 2518.815 -97.029 2336.128
v 2515.475 -96.481 2328.858
f 4309 4310 4311
f 4311 4312 4309
v 2514.382 -96.573 2329.601
v 2519.909 -96.940 2335.385
v 2526.777 -96.180 2328.821
v 2521.250 -95.810 2323.038
f 4313 4314 4315
f 4315 4316 4313
v 2520.779 -95.873 2323.577
v 2527.249 -96.118 2328.282
v 2543.969 -93.374 2305.290
v 2537.499 -93.176 2300.585
f 4317 4318 4319
f 4319 4320 4317
v 2538.534 -93.034 2299.596
v 2542.933 -93.500 2306.278
v 2565.620 -91.437 2291.342
v 2561.221 -91.048 2284.660
f 4321 4322 4323
f 4323 4324 4321
v 2562.640 -90.966 2284.078
v 2564.201 -91.519 2291.924
v 2573.162 -91.145 2290.141
v 2571.601 -90.596 2282.295
f 4325 4326 4327
f 4327 4328 4325
v 2572.496 -90.567 2282.220
v 2572.268 -91.175 2290.217
v 2582.420 -90.926 2290.507
v 2582.649 -90.322 2282.510
f 4329 4330 4331
f 4331 4332 4329
v 2584.058 -90.316 2282.810
v 2581.010 -90.941 2290.207
v 2606.391 -91.623 2300.666
v 2609.439 -91.030 2293.270
f 4333 4334 4335
f 4335 4336 4333
v 2609.236 -91.024 2293.192
v 2606.595 -91.627 2300.744
v 2615.545 -91.767 2303.874
v 2618.186 -91.210 2296.322
f 4337 4338 4339
f 4339 4340 4337
v 2617.601 -91.202 2296.166
v 2616.129 -91.771 2304.030
v 2636.879 -91.833 2307.912
v 2638.351 -91.445 2300.049
f 4341 4342 4343
f 4343 4344 4341
v 2638.692 -91.450 2300.128
v 2636.538 -91.831 2307.833
v 2642.961 -91.863 2309.629
v 2645.115 -91.538 2301.924
f 4345 4346 4347
f 4347 4348 4345
v 2645.693 -91.546 2302.135
v 2642.383 -91.859 2309.418
v 2648.951 -91.906 2312.403
v 2652.261 -91.640 2305.120
f 4349 4350 4351
f 4351 4352 4349
v 2653.878 -91.673 2306.460
v 2647.334 -91.877 2311.063
v 2663.609 -92.102 2334.200
v 2670.153 -91.786 2329.597
f 4353 4354 4355
f 4355 4356 4353
v 2670.057 -91.789 2329.467
v 2663.705 -92.100 2334.331
v 2667.134 -92.018 2338.808
v 2673.485 -91.682 2333.944
f 4357 4358 4359
f 4359 4360 4357
v 2672.435 -91.722 2332.987
v 2668.184 -91.977 2339.764
v 2688.189 -90.750 2352.310
v 2692.439 -90.610 2345.533
f 4361 4362 4363
f 4363 4364 4361
v 2691.100 -90.700 2345.000
v 2689.527 -90.649 2352.843
v 2709.542 -89.105 2356.858
v 2711.116 -89.349 2349.014
f 4365 4366 4367
f 4367 4368 4365
v 2712.462 -89.241 2349.552
v 2708.196 -89.219 2356.320
v 2743.273 -85.220 2378.427
v 2747.539 -85.362 2371.659
f 4369 4370 4371
f 4371 4372 4369
v 2748.893 -85.138 2373.084
v 2741.918 -85.444 2377.002
v 2750.724 -83.694 2392.678
v 2757.699 -83.457 2388.760
f 4373 4374 4375
f 4375 4376 4373
v 2757.962 -83.407 2389.329
v 2750.461 -83.743 2392.110
v 2755.993 -82.522 2407.033
v 2763.494 -82.159 2404.252
f 4377 4378 4379
f 4379 4380 4377
v 2763.721 -82.036 2406.065
v 2755.766 -82.642 2405.220
v 2755.243 -82.397 2410.146
v 2763.198 -81.780 2410.991
f 4381 4382 4383
f 4383 4384 4381
v 2185.698 -95.037 2145.805
v 2186.932 -94.959 2153.709
v 2202.160 -96.381 2151.332
v 2200.926 -96.341 2143.427
f 4385 4386 4387
f 4387 4388 4385
v 2203.525 -96.550 2143.905
v 2199.562 -96.152 2150.854
v 2378.107 -103.921 2252.662
v 2382.070 -103.816 2245.713
f 4389 4390 4391
f 4391 4392 4389
v 2382.040 -103.819 2245.696
v 2378.137 -103.918 2252.679
v 2436.368 -98.568 2285.233
v 2440.272 -98.299 2278.250
f 4393 4394 4395
f 4395 4396 4393
v 2440.932 -98.244 2278.712
v 2435.708 -98.621 2284.770
v 2488.540 -97.230 2330.332
v 2493.764 -96.722 2324.274
f 4397 4398 4399
f 4399 4400 4397
v 2493.118 -96.711 2323.819
v 2489.187 -97.244 2330.787
v 2498.972 -97.447 2336.307
v 2502.902 -96.849 2329.339
f 4401 4402 4403
f 4403 4404 4401
v 2502.096 -96.844 2328.995
v 2499.779 -97.462 2336.652
v 2509.118 -97.506 2339.478
v 2511.435 -96.832 2331.821
f 4405 4406 4407
f 4407 4408 4405
v 1855.987 -76.702 2468.193
v 1863.954 -77.055 2468.920
v 1878.570 -87.281 2308.676
v 1870.603 -87.017 2307.949
f 4409 4410 4411
f 4411 4412 4409
v 2375.485 -92.860 609.750
v 2383.401 -93.407 610.902
v 2385.539 -93.286 596.214
v 2377.622 -92.644 595.062
f 4413 4414 4415
f 4415 4416 4413
v 2377.581 -92.655 595.728
v 2385.579 -93.276 595.548
v 2385.290 -93.149 582.723
v 2377.292 -92.509 582.903
f 4417 4418 4419
f 4419 4420 4417
v 2377.316 -92.506 583.264
v 2385.265 -93.151 582.362
v 2383.774 -93.180 569.207
v 2375.825 -92.604 570.108
f 4421 4422 4423
f 4423 4424 4421
v 2376.612 -92.611 572.075
v 2382.986 -93.141 567.240
v 2361.479 -93.086 538.882
v 2355.105 -92.626 543.717
f 4425 4426 4427
f 4427 4428 4425
v 2354.531 -92.659 542.661
v 2362.054 -93.054 539.938
v 2356.977 -93.600 525.911
v 2349.455 -93.216 528.633
f 4429 4430 4431
f 4431 4432 4429
v 2349.259 -93.250 527.856
v 2357.173 -93.550 526.688
v 2355.982 -94.141 518.618
v 2348.068 -93.836 519.786
f 4433 4434 4435
f 4435 4436 4433
v 2348.025 -93.885 519.166
v 2356.025 -94.093 519.238
v 2356.114 -94.865 509.398
v 2348.114 -94.693 509.326
f 4437 4438 4439
f 4439 4440 4437
v 2348.230 -94.771 508.406
v 2355.998 -94.791 510.318
v 2359.794 -96.074 494.890
v 2352.026 -96.137 492.979
f 4441 4442 4443
f 4443 4444 4441
v 2352.292 -96.212 492.228
v 2359.528 -96.002 495.641
v 2385.354 -100.441 440.893
v 2378.118 -100.974 437.480
f 4445 4446 4447
f 4447 4448 4445
v 2378.188 -100.982 437.340
v 2385.285 -100.434 441.032
v 2389.270 -100.786 433.371
v 2382.173 -101.329 429.679
f 4449 4450 4451
f 4451 4452 4449
v 2382.296 -101.337 429.459
v 2389.147 -100.780 433.591
v 2393.377 -100.958 426.577
v 2386.526 -101.544 422.446
f 4453 4454 4455
f 4455 4456 4453
v 2352.741 -95.569 666.403
v 2360.170 -95.944 669.370
v 2383.158 -93.407 611.809
v 2375.728 -92.850 608.842
f 4457 4458 4459
f 4459 4460 4457
v 2263.265 -100.912 887.304
v 2262.518 -100.433 895.269
v 2295.057 -101.635 898.320
v 2295.804 -102.345 890.355
f 4461 4462 4463
f 4463 4464 4461
v 2296.044 -102.346 890.385
v 2294.817 -101.634 898.290
v 2381.768 -100.221 911.789
v 2382.995 -100.751 903.883
f 4465 4466 4467
f 4467 4468 4465
v 2382.820 -100.759 903.860
v 2381.943 -100.214 911.812
v 2487.441 -96.785 923.448
v 2488.318 -96.310 915.496
f 4469 4470 4471
f 4471 4472 4469
v 1897.077 -84.493 222.093
v 1890.680 -84.618 226.898
v 2012.030 -87.516 388.425
v 2018.426 -87.183 383.620
f 4473 4474 4475
f 4475 4476 4473
v 2018.416 -87.183 383.606
v 2012.040 -87.516 388.439
v 2049.076 -89.526 437.297
v 2055.452 -89.286 432.464
f 4477 4478 4479
f 4479 4480 4477
v 2054.762 -89.220 431.757
v 2049.765 -89.603 438.004
v 2108.865 -96.042 485.276
v 2113.862 -95.574 479.029
f 4481 4482 4483
f 4483 4484 4481
v 2113.778 -95.566 478.964
v 2108.948 -96.051 485.342
v 2164.096 -99.199 527.106
v 2168.926 -98.798 520.729
f 4485 4486 4487
f 4487 4488 4485
v 2168.411 -98.792 520.398
v 2164.611 -99.197 527.437
v 2214.260 -96.735 554.237
v 2218.060 -96.492 547.197
f 4489 4490 4491
f 4491 4492 4489
v 2217.995 -96.497 547.163
v 2214.324 -96.730 554.271
v 2261.601 -93.085 578.693
v 2265.273 -92.955 571.585
f 4493 4494 4495
f 4495 4496 4493
v 2264.002 -93.028 571.179
v 2262.872 -93.010 579.099
v 2301.478 -91.104 584.607
v 2302.607 -91.209 576.687
f 4497 4498 4499
f 4499 4500 4497
v 2302.043 -91.215 576.647
v 2302.043 -91.098 584.647
v 2339.869 -90.932 584.647
v 2339.869 -91.056 576.647
f 4501 4502 4503
f 4503 4504 4501
v 2340.078 -91.064 576.652
v 2339.660 -90.924 584.641
v 2381.082 -92.766 586.808
v 2381.500 -92.892 578.818
f 4505 4506 4507
f 4507 4508 4505
v 2747.196 -94.977 357.570
v 2748.091 -95.095 349.621
v 2684.661 -92.076 342.475
v 2683.766 -92.015 350.425
f 4509 4510 4511
f 4511 4512 4509
v 2683.710 -92.011 350.418
v 2684.717 -92.080 342.482
v 2636.716 -89.227 336.393
v 2635.709 -89.056 344.329
f 4513 4514 4515
f 4515 4516 4513
v 2635.710 -89.056 344.329
v 2636.715 -89.227 336.393
v 2584.818 -87.750 329.815
v 2583.812 -87.497 337.751
f 4517 4518 4519
f 4519 4520 4517
v 2583.777 -87.497 337.746
v 2584.854 -87.751 329.819
v 2575.236 -87.972 328.512
v 2574.158 -87.768 336.439
f 4521 4522 4523
f 4523 4524 4521
v 2574.160 -87.768 336.439
v 2575.235 -87.972 328.512
v 2503.490 -91.836 318.777
v 2502.414 -91.740 326.704
f 4525 4526 4527
f 4527 4528 4525
v 2502.305 -91.749 326.688
v 2503.599 -91.828 318.793
v 2476.281 -94.609 314.316
v 2474.987 -94.644 322.210
f 4529 4530 4531
f 4531 4532 4529
v 2473.935 -94.757 321.884
v 2477.333 -94.499 314.642
v 2468.127 -95.510 310.323
v 2464.729 -95.748 317.565
f 4533 4534 4535
f 4535 4536 4533
v 2464.134 -95.812 317.220
v 2468.722 -95.444 310.667
v 2343.120 -97.524 222.725
v 2338.532 -98.182 229.278
f 4537 4538 4539
f 4539 4540 4537
v 2338.532 -98.182 229.278
v 2343.120 -97.524 222.724
v 2296.989 -94.386 190.429
v 2292.401 -95.006 196.983
f 4541 4542 4543
f 4543 4544 4541
v 1993.384 -88.142 1288.079
v 1988.380 -88.486 1294.321
v 2034.099 -87.299 1330.972
v 2039.103 -86.865 1324.730
f 4545 4546 4547
f 4547 4548 4545
v 2039.415 -86.870 1325.008
v 2033.788 -87.294 1330.694
v 2078.716 -90.797 1375.150
v 2084.343 -90.412 1369.463
f 4549 4550 4551
f 4551 4552 4549
v 2084.371 -90.415 1369.492
v 2078.688 -90.794 1375.122
v 2089.876 -92.260 1386.414
v 2095.559 -91.884 1380.784
f 4553 4554 4555
f 4555 4556 4553
v 2096.021 -91.960 1381.344
v 2089.414 -92.183 1385.854
v 2099.366 -94.060 1400.435
v 2105.973 -93.821 1395.925
f 4557 4558 4559
f 4559 4560 4557
v 2106.333 -93.899 1396.574
v 2099.006 -93.981 1399.786
v 2111.485 -97.131 1428.260
v 2118.812 -97.020 1425.049
f 4561 4562 4563
f 4563 4564 4561
v 2119.041 -97.089 1425.733
v 2111.256 -97.060 1427.577
v 2113.471 -97.993 1436.928
v 2121.256 -98.002 1435.083
f 4565 4566 4567
f 4567 4568 4565
v 2121.139 -97.963 1434.685
v 2113.588 -98.033 1437.326
v 2119.198 -99.357 1453.373
v 2126.750 -99.317 1450.732
f 4569 4570 4571
f 4571 4572 4569
v 2126.342 -99.251 1449.894
v 2119.606 -99.424 1454.211
v 2124.515 -100.057 1461.871
v 2131.251 -99.800 1457.554
f 4573 4574 4575
f 4575 4576 4573
v 2130.389 -99.753 1456.595
v 2125.377 -100.139 1462.830
v 2140.494 -100.530 1474.981
v 2145.506 -100.133 1468.745
f 4577 4578 4579
f 4579 4580 4577
v 2144.558 -100.129 1468.179
v 2141.443 -100.518 1475.548
v 2155.380 -100.219 1481.438
v 2158.495 -99.915 1474.069
f 4581 4582 4583
f 4583 4584 4581
v 3976.968 -97.696 2096.005
v 3984.914 -97.763 2096.932
v 3987.753 -100.150 2072.592
v 3979.806 -100.106 2071.666
f 4585 4586 4587
f 4587 4588 4585
v 3979.905 -100.155 2071.136
v 3987.654 -100.102 2073.121
v 3996.905 -102.704 2037.001
v 3989.155 -103.089 2035.017
f 4589 4590 4591
f 4591 4592 4589
v 3989.115 -102.978 2036.831
v 3996.945 -102.807 2035.187
v 3979.334 -104.242 1951.286
v 3971.505 -104.260 1952.929
f 4593 4594 4595
f 4595 4596 4593
v 3972.211 -104.348 1954.496
v 3978.627 -104.155 1949.718
v 3909.353 -95.135 1856.703
v 3902.937 -95.368 1861.481
f 4597 4598 4599
f 4599 4600 4597
v 4294.747 -95.868 2093.555
v 4295.956 -95.708 2085.647
v 4240.263 -95.490 2077.129
v 4239.054 -96.146 2085.037
f 4601 4602 4603
f 4603 4604 4601
v 4240.377 -96.134 2085.018
v 4238.940 -95.490 2077.148
v 4201.325 -96.434 2084.015
v 4202.762 -97.231 2091.885
f 4605 4606 4607
f 4607 4608 4605
v 4201.745 -97.251 2091.939
v 4202.342 -96.418 2083.961
v 4154.564 -96.788 2080.383
v 4153.966 -97.541 2088.360
f 4609 4610 4611
f 4611 4612 4609
v 4151.959 -97.505 2087.639
v 4156.572 -96.822 2081.103
v 4076.399 -98.522 2024.526
v 4071.787 -98.890 2031.063
f 4613 4614 4615
f 4615 4616 4613
v 4073.071 -98.788 2031.662
v 4075.115 -98.630 2023.927
v 4064.373 -99.508 2021.088
v 4062.328 -99.580 2028.822
f 4617 4618 4619
f 4619 4620 4617
v 4063.972 -99.462 2028.906
v 4062.730 -99.637 2021.004
v 3992.409 -103.154 2032.057
v 3993.651 -102.637 2039.960
f 4621 4622 4623
f 4623 4624 4621
v 2232.434 -99.721 1295.468
v 2224.865 -98.851 1292.877
v 2218.843 -98.084 1310.469
v 2226.412 -98.912 1313.060
f 4625 4626 4627
f 4627 4628 4625
v 2225.977 -98.859 1313.950
v 2219.277 -98.136 1309.579
v 2208.869 -96.961 1325.533
v 2215.569 -97.646 1329.904
f 4629 4630 4631
f 4631 4632 4629
v 2215.313 -97.619 1330.254
v 2209.125 -96.989 1325.184
v 2197.558 -95.875 1339.303
v 2203.747 -96.503 1344.372
f 4633 4634 4635
f 4635 4636 4633
v 2203.553 -96.486 1344.592
v 2197.752 -95.892 1339.083
v 2175.778 -94.606 1362.222
v 2181.579 -95.217 1367.731
f 4637 4638 4639
f 4639 4640 4637
v 2181.348 -95.209 1367.956
v 2176.009 -94.614 1361.998
v 2162.584 -94.373 1374.030
v 2167.923 -94.965 1379.987
f 4641 4642 4643
f 4643 4644 4641
v 2168.146 -94.963 1379.771
v 2162.360 -94.373 1374.247
v 2152.374 -94.560 1384.707
v 2158.161 -95.176 1390.231
f 4645 4646 4647
f 4647 4648 4645
v 2158.168 -95.176 1390.224
v 2152.368 -94.560 1384.714
v 2139.822 -95.130 1397.921
v 2145.622 -95.739 1403.431
f 4649 4650 4651
f 4651 4652 4649
v 2145.544 -95.743 1403.512
v 2139.901 -95.126 1397.841
v 2128.513 -95.851 1409.173
v 2134.156 -96.451 1414.843
f 4653 4654 4655
f 4655 4656 4653
v 2134.018 -96.460 1414.974
v 2128.650 -95.843 1409.042
v 2112.464 -96.726 1423.689
v 2117.832 -97.417 1429.621
f 4657 4658 4659
f 4659 4660 4657
v 1888.436 -78.520 1957.461
v 1891.395 -79.159 1950.029
v 1833.108 -77.694 1926.824
v 1830.149 -77.328 1934.257
f 4661 4662 4663
f 4663 4664 4661
v 2425.635 -98.532 1175.914
v 2418.143 -98.629 1173.110
v 2411.130 -99.530 1191.852
v 2418.622 -99.354 1194.656
f 4665 4666 4667
f 4667 4668 4665
v 2418.876 -99.295 1193.278
v 2410.876 -99.598 1193.230
v 2410.731 -100.501 1217.571
v 2418.731 -100.007 1217.619
f 4669 4670 4671
f 4671 4672 4669
v 2418.723 -100.000 1217.340
v 2410.739 -100.510 1217.851
v 2413.422 -101.304 1259.784
v 2421.406 -100.520 1259.274
f 4673 4674 4675
f 4675 4676 4673
v 2421.274 -100.532 1258.479
v 2413.554 -101.296 1260.579
v 2418.185 -100.968 1277.603
v 2425.905 -100.067 1275.503
f 4677 4678 4679
f 4679 4680 4677
v 2425.588 -100.101 1274.696
v 2418.502 -100.942 1278.411
v 2428.209 -99.781 1296.927
v 2435.295 -98.976 1293.213
f 4681 4682 4683
f 4683 4684 4681
v 2435.156 -98.993 1292.970
v 2428.348 -99.764 1297.171
v 2434.615 -99.010 1307.327
v 2441.423 -98.255 1303.126
f 4685 4686 4687
f 4687 4688 4685
v 2441.544 -98.239 1307.119
v 2434.495 -99.036 1303.335
v 2426.881 -99.808 1317.520
v 2433.929 -99.022 1321.303
f 4689 4690 4691
f 4691 4692 4689
v 2434.094 -99.008 1320.958
v 2426.716 -99.824 1317.865
v 2416.486 -100.303 1342.272
v 2423.864 -99.659 1345.365
f 4693 4694 4695
f 4695 4696 4693
v 2421.913 -99.781 1347.421
v 2418.437 -100.219 1340.216
v 2414.741 -100.426 1341.999
v 2418.217 -100.028 1349.204
f 4697 4698 4699
f 4699 4700 4697
v 2415.939 -100.154 1349.565
v 2417.019 -100.283 1341.638
v 2412.655 -100.589 1341.044
v 2411.575 -100.441 1348.971
f 4701 4702 4703
f 4703 4704 4701
v 2409.104 -100.637 1347.640
v 2415.127 -100.391 1342.375
v 2406.388 -101.277 1332.377
v 2400.365 -101.533 1337.642
f 4705 4706 4707
f 4707 4708 4705
v 2402.468 -101.345 1338.905
v 2404.285 -101.472 1331.114
v 2399.810 -101.842 1330.070
v 2397.993 -101.690 1337.861
f 4709 4710 4711
f 4711 4712 4709
v 2400.095 -101.547 1337.784
v 2397.708 -101.997 1330.148
v 2391.285 -102.395 1332.156
v 2393.672 -101.913 1339.791
f 4713 4714 4715
f 4715 4716 4713
v 2395.088 -101.847 1339.005
v 2389.869 -102.466 1332.942
v 2360.837 -102.239 1357.930
v 2366.056 -101.644 1363.993
f 4717 4718 4719
f 4719 4720 4717
v 2366.459 -101.668 1363.593
v 2360.434 -102.215 1358.330
v 2344.838 -100.950 1376.187
v 2350.863 -100.388 1381.449
f 4721 4722 4723
f 4723 4724 4721
v 2191.391 -98.036 1462.031
v 2190.612 -98.231 1469.993
v 2205.462 -97.344 1471.446
v 2206.241 -97.270 1463.484
f 4725 4726 4727
f 4727 4728 4725
v 2206.060 -97.279 1463.471
v 2205.643 -97.333 1471.460
v 2257.284 -94.012 1474.154
v 2257.701 -94.277 1466.165
f 4729 4730 4731
f 4731 4732 4729
v 2256.847 -94.310 1466.212
v 2258.138 -93.974 1474.107
v 2276.238 -93.244 1471.149
v 2274.948 -93.731 1463.253
f 4733 4734 4735
f 4735 4736 4733
v 2273.204 -93.758 1463.993
v 2277.982 -93.191 1470.410
v 2296.060 -93.398 1456.951
v 2291.283 -93.964 1450.534
f 4737 4738 4739
f 4739 4740 4737
v 2290.563 -93.939 1451.225
v 2296.779 -93.444 1456.261
v 2311.396 -94.738 1438.220
v 2305.180 -95.222 1433.184
f 4741 4742 4743
f 4743 4744 4741
v 2305.100 -95.212 1433.285
v 2311.475 -94.747 1438.119
v 2320.870 -95.933 1425.730
v 2314.496 -96.391 1420.896
f 4745 4746 4747
f 4747 4748 4745
v 2315.770 -96.498 1419.801
v 2319.596 -95.826 1426.826
v 2334.680 -96.653 1418.611
v 2330.854 -97.341 1411.586
f 4749 4750 4751
f 4751 4752 4749
v 2331.547 -97.373 1411.289
v 2333.987 -96.622 1418.908
v 2357.330 -97.517 1411.433
v 2354.891 -98.216 1403.814
f 4753 4754 4755
f 4755 4756 4753
v 2353.340 -98.123 1404.738
v 2358.881 -97.609 1410.508
v 2363.378 -98.022 1406.189
v 2357.837 -98.541 1400.419
f 4757 4758 4759
f 4759 4760 4757
v 2356.612 -98.250 1403.492
v 2364.603 -98.302 1403.117
v 2364.158 -99.156 1393.634
v 2356.167 -99.147 1394.009
f 4761 4762 4763
f 4763 4764 4761
v 2191.598 -98.172 1469.968
v 2190.405 -98.088 1462.057
v 2186.464 -98.307 1462.651
v 2187.657 -98.417 1470.562
f 4765 4766 4767
f 4767 4768 4765
v 2187.188 -98.446 1470.605
v 2186.934 -98.281 1462.609
v 2180.288 -98.636 1462.820
v 2180.542 -98.850 1470.816
f 4769 4770 4771
f 4771 4772 4769
v 2179.616 -98.905 1470.737
v 2181.214 -98.590 1462.899
v 2170.850 -99.054 1460.786
v 2169.252 -99.417 1468.624
f 4773 4774 4775
f 4775 4776 4773
v 2167.721 -99.435 1467.956
v 2172.381 -99.002 1461.453
v 2162.740 -98.973 1454.546
v 2158.081 -99.382 1461.049
f 4777 4778 4779
f 4779 4780 4777
v 2160.360 -99.361 1461.797
v 2160.461 -98.983 1453.798
v 2154.194 -99.100 1453.719
v 2154.093 -99.514 1461.718
f 4781 4782 4783
f 4783 4784 4781
v 2157.002 -99.382 1460.516
v 2151.285 -99.220 1454.920
v 2144.394 -99.769 1461.960
v 2150.111 -99.930 1467.556
f 4785 4786 4787
f 4787 4788 4785
v 2150.685 -99.874 1466.812
v 2143.821 -99.828 1462.704
v 2139.568 -100.377 1469.809
v 2146.433 -100.302 1473.917
f 4789 4790 4791
f 4791 4792 4789
v 2357.217 -97.821 1623.582
v 2354.002 -98.508 1630.908
v 2372.359 -99.211 1638.964
v 2375.574 -98.585 1631.639
f 4793 4794 4795
f 4795 4796 4793
v 2376.378 -98.625 1632.110
v 2371.554 -99.173 1638.492
v 2403.358 -100.004 1662.529
v 2408.182 -99.544 1656.147
f 4797 4798 4799
f 4799 4800 4797
v 2330.202 -105.059 1326.128
v 2333.083 -105.610 1318.665
v 2329.799 -105.607 1317.397
v 2326.918 -105.078 1324.860
f 4801 4802 4803
f 4803 4804 4801
v 2327.997 -105.082 1325.112
v 2328.720 -105.591 1317.145
v 2325.369 -105.531 1316.841
v 2324.647 -105.036 1324.808
f 4805 4806 4807
f 4807 4808 4805
v 2326.366 -105.085 1324.587
v 2323.650 -105.489 1317.062
v 2311.026 -104.970 1321.619
v 2313.742 -104.545 1329.144
f 4809 4810 4811
f 4811 4812 4809
v 2314.786 -104.601 1328.579
v 2309.982 -104.913 1322.183
v 2294.085 -103.843 1334.122
v 2298.890 -103.559 1340.519
f 4813 4814 4815
f 4815 4816 4813
v 2299.495 -103.604 1339.959
v 2293.481 -103.770 1334.683
v 2270.248 -100.784 1361.163
v 2276.262 -100.685 1366.439
f 4817 4818 4819
f 4819 4820 4817
v 2276.124 -100.668 1366.589
v 2270.387 -100.801 1361.013
v 2245.741 -98.369 1386.371
v 2251.478 -98.261 1391.947
f 4821 4822 4823
f 4823 4824 4821
v 2251.471 -98.260 1391.954
v 2245.747 -98.370 1386.365
v 2214.856 -97.053 1418.010
v 2220.580 -96.940 1423.598
f 4825 4826 4827
f 4827 4828 4825
v 2220.645 -96.940 1423.531
v 2214.792 -97.053 1418.077
v 2206.042 -97.126 1427.468
v 2211.895 -97.033 1432.921
f 4829 4830 4831
f 4831 4832 4829
v 2212.429 -97.022 1432.201
v 2205.508 -97.138 1428.188
v 2195.723 -97.568 1445.067
v 2202.644 -97.356 1449.079
f 4833 4834 4835
f 4835 4836 4833
v 2202.855 -97.345 1448.660
v 2195.511 -97.582 1445.487
v 2187.329 -98.301 1464.426
v 2194.673 -97.951 1467.599
f 4837 4838 4839
f 4839 4840 4837
v 1846.548 -84.248 1172.446
v 1838.974 -83.667 1169.870
v 1825.192 -86.518 1210.390
v 1832.766 -87.262 1212.966
f 4841 4842 4843
f 4843 4844 4841
v 1832.295 -87.304 1213.916
v 1825.663 -86.480 1209.441
v 1822.224 -86.613 1214.539
v 1828.855 -87.448 1219.014
f 4845 4846 4847
f 4847 4848 4845
v 2609.312 -96.925 970.931
v 2616.693 -96.670 974.018
v 2635.227 -92.934 929.706
v 2627.847 -92.978 926.619
f 4849 4850 4851
f 4851 4852 4849
v 2627.842 -92.979 926.630
v 2635.232 -92.934 929.695
v 2657.897 -90.969 875.054
v 2650.507 -90.670 871.989
f 4853 4854 4855
f 4855 4856 4853
v 2536.223 -97.526 1152.932
v 2543.708 -97.106 1155.757
v 2562.822 -101.119 1105.106
v 2555.337 -101.522 1102.281
f 4857 4858 4859
f 4859 4860 4857
v 2440.891 -97.967 979.167
v 2434.970 -97.734 973.787
v 2418.973 -96.598 991.393
v 2424.894 -96.873 996.773
f 4861 4862 4863
f 4863 4864 4861
v 2424.893 -96.872 996.774
v 2418.974 -96.598 991.391
v 2370.840 -92.200 1044.315
v 2376.758 -92.504 1049.697
f 4865 4866 4867
f 4867 4868 4865
v 2778.437 -92.519 290.752
v 2778.966 -91.979 282.769
v 2754.019 -92.411 281.118
v 2753.491 -92.934 289.101
f 4869 4870 4871
f 4871 4872 4869
v 2385.477 -101.300 427.533
v 2385.966 -100.802 435.518
v 2396.764 -100.384 434.857
v 2396.275 -100.797 426.872
f 4873 4874 4875
f 4875 4876 4873
v 2393.738 -100.571 433.740
v 2399.300 -100.594 427.990
v 2392.733 -101.250 421.637
v 2387.170 -101.224 427.387
f 4877 4878 4879
f 4879 4880 4877
v 2105.405 -94.624 227.880
v 2098.798 -93.946 232.391
v 2110.454 -92.631 249.457
v 2117.060 -93.327 244.945
f 4881 4882 4883
f 4883 4884 4881
v 2118.169 -93.722 241.319
v 2121.301 -94.547 233.957
v 2103.668 -94.713 226.455
v 2100.536 -93.857 233.816
f 4885 4886 4887
f 4887 4888 4885
v 3367.306 -75.584 515.840
v 3362.180 -75.092 521.983
v 3385.702 -77.394 541.610
v 3390.827 -77.891 535.468
f 4889 4890 4891
f 4891 4892 4889
v 3104.252 -79.656 580.050
v 3106.040 -79.511 587.848
v 3130.063 -76.790 582.340
v 3128.275 -76.979 574.542
f 4893 4894 4895
f 4895 4896 4893
v 3128.596 -76.941 574.482
v 3129.742 -76.828 582.400
v 3210.315 -68.771 570.737
v 3209.169 -68.922 562.819
f 4897 4898 4899
f 4899 4900 4897
v 3209.075 -68.926 562.834
v 3210.409 -68.767 570.722
v 3315.761 -70.198 552.904
v 3314.427 -70.423 545.016
f 4901 4902 4903
f 4903 4904 4901
v 3314.555 -70.432 544.997
v 3315.634 -70.188 552.924
v 3333.289 -71.717 550.520
v 3332.210 -71.848 542.593
f 4905 4906 4907
f 4907 4908 4905
v 3893.553 -94.229 448.802
v 3894.826 -94.766 456.700
v 3914.173 -94.878 453.583
v 3912.901 -94.197 445.685
f 4909 4910 4911
f 4911 4912 4909
v 3909.704 -93.880 442.321
v 3903.923 -93.405 436.791
v 3891.299 -94.280 449.986
v 3897.080 -94.726 455.516
f 4913 4914 4915
f 4915 4916 4913
v 4161.566 -104.772 315.217
v 4159.210 -104.338 307.572
v 4147.121 -104.115 311.297
v 4149.476 -104.520 318.942
f 4917 4918 4919
f 4919 4920 4917
v 4150.530 -104.575 318.439
v 4146.067 -104.078 311.800
v 4100.081 -101.211 342.707
v 4104.544 -101.666 349.347
f 4921 4922 4923
f 4923 4924 4921
v 4104.385 -101.649 349.449
v 4100.240 -101.227 342.606
v 4058.585 -96.876 367.834
v 4062.729 -97.326 374.677
f 4925 4926 4927
f 4927 4928 4925
v 4062.710 -97.324 374.688
v 4058.603 -96.878 367.823
v 4022.925 -93.885 389.168
v 4027.032 -94.399 396.033
f 4929 4930 4931
f 4931 4932 4929
v 4239.071 -91.957 1557.280
v 4245.455 -92.419 1562.101
v 4256.576 -92.505 1547.375
v 4250.192 -92.042 1542.554
f 4933 4934 4935
f 4935 4936 4933
v 4250.925 -92.059 1541.810
v 4255.843 -92.488 1548.120
v 4269.825 -92.965 1537.224
v 4264.907 -92.554 1530.914
f 4937 4938 4939
f 4939 4940 4937
v 4143.617 -93.322 624.112
v 4135.659 -93.827 623.299
v 4134.234 -94.564 637.260
v 4142.192 -94.129 638.073
f 4941 4942 4943
f 4943 4944 4941
v 4142.160 -94.143 638.317
v 4134.266 -94.551 637.015
v 4133.454 -94.823 641.942
v 4141.347 -94.439 643.244
f 4945 4946 4947
f 4947 4948 4945
v 4141.071 -94.501 644.183
v 4133.730 -94.764 641.003
v 4132.082 -95.028 644.807
v 4139.423 -94.779 647.987
f 4949 4950 4951
f 4951 4952 4949
v 4138.116 -94.955 649.625
v 4133.390 -94.882 643.169
v 4130.629 -95.125 645.190
v 4135.355 -95.231 651.646
f 4953 4954 4955
f 4955 4956 4953
v 4133.862 -95.349 652.322
v 4132.122 -95.013 644.514
v 4128.092 -95.273 645.412
v 4129.833 -95.603 653.220
f 4957 4958 4959
f 4959 4960 4957
v 4107.315 -95.777 620.301
v 4107.462 -95.986 628.299
v 4139.712 -93.766 627.705
v 4139.564 -93.382 619.706
f 4961 4962 4963
f 4963 4964 4961
v 4151.412 -92.022 600.246
v 4144.139 -92.652 603.578
v 4147.044 -92.574 609.918
v 4154.317 -91.986 606.585
f 4965 4966 4967
f 4967 4968 4965
v 4154.475 -91.990 606.987
v 4146.886 -92.576 609.517
v 4148.678 -92.566 614.893
v 4156.268 -92.060 612.363
f 4969 4970 4971
f 4971 4972 4969
v 4156.391 -92.067 612.822
v 4148.555 -92.564 614.433
v 4150.648 -92.871 624.616
v 4158.484 -92.425 623.006
f 4973 4974 4975
f 4975 4976 4973
v 4055.855 -96.552 804.393
v 4059.202 -96.939 797.126
v 4025.083 -93.907 781.409
v 4021.736 -93.460 788.675
f 4977 4978 4979
f 4979 4980 4977
v 4021.807 -93.464 788.707
v 4025.012 -93.902 781.377
v 3985.527 -92.033 764.114
v 3982.322 -91.444 771.444
f 4981 4982 4983
f 4983 4984 4981
v 3982.264 -91.444 771.419
v 3985.584 -92.032 764.140
v 3947.067 -92.245 746.573
v 3943.748 -91.686 753.852
f 4985 4986 4987
f 4987 4988 4985
v 3943.812 -91.684 753.880
v 3947.004 -92.246 746.545
v 3933.556 -92.670 740.694
v 3930.364 -92.144 748.029
f 4989 4990 4991
f 4991 4992 4989
v 3930.363 -92.144 748.029
v 3933.558 -92.670 740.694
v 3910.693 -93.388 730.735
v 3907.498 -92.794 738.070
f 4993 4994 4995
f 4995 4996 4993
v 3907.337 -92.799 737.996
v 3910.853 -93.384 730.809
v 3883.235 -94.149 717.298
v 3879.719 -93.773 724.484
f 4997 4998 4999
f 4999 5000 4997
v 3879.940 -93.769 724.584
v 3883.013 -94.152 717.198
v 3825.361 -92.991 693.212
v 3822.288 -93.061 700.598
f 5001 5002 5003
f 5003 5004 5001
v 3822.041 -93.048 700.485
v 3825.608 -93.005 693.324
v 3775.480 -88.775 668.361
v 3771.914 -89.091 675.522
f 5005 5006 5007
f 5007 5008 5005
v 3771.847 -89.085 675.488
v 3775.548 -88.782 668.395
v 3759.852 -87.168 660.206
v 3756.151 -87.518 667.299
f 5009 5010 5011
f 5011 5012 5009
v 3756.456 -87.549 667.442
v 3759.547 -87.136 660.063
v 3718.937 -83.666 643.051
v 3715.846 -84.079 650.430
f 5013 5014 5015
f 5015 5016 5013
v 3715.590 -84.059 650.312
v 3719.194 -83.683 643.169
v 3690.785 -82.112 628.838
v 3687.182 -82.540 635.981
f 5017 5018 5019
f 5019 5020 5017
v 3687.303 -82.543 636.040
v 3690.663 -82.110 628.780
v 3669.802 -81.811 619.124
v 3666.442 -82.182 626.385
f 5021 5022 5023
f 5023 5024 5021
v 3666.553 -82.184 626.434
v 3669.691 -81.810 619.075
v 3622.158 -83.437 598.801
v 3619.019 -83.627 606.159
f 5025 5026 5027
f 5027 5028 5025
v 3619.041 -83.626 606.168
v 3622.136 -83.438 598.791
v 3485.625 -85.878 541.521
v 3482.530 -86.106 548.898
f 5029 5030 5031
f 5031 5032 5029
v 3482.521 -86.106 548.894
v 3485.634 -85.879 541.524
v 3448.954 -82.969 526.031
v 3445.841 -83.051 533.401
f 5033 5034 5035
f 5035 5036 5033
v 4013.889 -97.488 1173.458
v 4013.738 -96.890 1181.457
v 4029.044 -97.300 1181.747
v 4029.196 -97.790 1173.749
f 5037 5038 5039
f 5039 5040 5037
v 4030.152 -97.801 1173.884
v 4028.088 -97.281 1181.613
v 4036.549 -97.408 1183.871
v 4038.612 -97.848 1176.142
f 5041 5042 5043
f 5043 5044 5041
v 4039.525 -97.850 1176.511
v 4035.636 -97.398 1183.502
v 4118.279 -101.867 1229.478
v 4122.168 -101.771 1222.487
f 5045 5046 5047
f 5047 5048 5045
v 4009.795 -92.360 1301.928
v 4015.272 -92.901 1307.759
v 4019.814 -93.167 1303.493
v 4014.337 -92.627 1297.662
f 5049 5050 5051
f 5051 5052 5049
v 4015.600 -92.711 1296.859
v 4018.550 -93.085 1304.296
v 4026.175 -93.621 1301.271
v 4023.226 -93.258 1293.835
f 5053 5054 5055
f 5055 5056 5053
v 4024.237 -93.334 1293.580
v 4025.164 -93.547 1301.526
v 4065.940 -97.638 1296.772
v 4065.014 -97.511 1288.825
f 5057 5058 5059
f 5059 5060 5057
v 4065.142 -97.525 1288.813
v 4065.811 -97.625 1296.784
v 4107.979 -101.990 1293.245
v 4107.310 -101.976 1285.273
f 5061 5062 5063
f 5063 5064 5061
v 4106.731 -101.915 1285.365
v 4108.559 -102.051 1293.153
v 4127.750 -103.593 1288.649
v 4125.922 -103.424 1280.861
f 5065 5066 5067
f 5067 5068 5065
v 4126.221 -103.444 1280.803
v 4127.452 -103.571 1288.708
v 4143.482 -104.721 1286.211
v 4142.251 -104.543 1278.307
f 5069 5070 5071
f 5071 5072 5069
v 4143.095 -104.601 1278.266
v 4142.638 -104.661 1286.252
v 4157.421 -105.501 1287.098
v 4157.878 -105.402 1279.111
f 5073 5074 5075
f 5075 5076 5073
v 4158.498 -105.411 1279.195
v 4156.800 -105.491 1287.013
v 4169.936 -105.621 1289.866
v 4171.634 -105.632 1282.048
f 5077 5078 5079
f 5079 5080 5077
v 4171.698 -105.634 1282.063
v 4169.872 -105.621 1289.851
v 4195.164 -105.784 1295.782
v 4196.990 -105.914 1287.993
f 5081 5082 5083
f 5083 5084 5081
v 4197.221 -105.901 1288.054
v 4194.932 -105.797 1295.720
v 4209.615 -104.958 1300.105
v 4211.905 -105.050 1292.439
f 5085 5086 5087
f 5087 5088 5085
v 4211.003 -105.098 1292.279
v 4210.517 -104.910 1300.265
v 4219.834 -104.442 1300.833
v 4220.321 -104.622 1292.847
f 5089 5090 5091
f 5091 5092 5089
v 4217.951 -104.724 1293.452
v 4222.204 -104.343 1300.228
v 4227.759 -104.158 1296.741
v 4223.506 -104.537 1289.965
f 5093 5094 5095
f 5095 5096 5093
v 4221.960 -104.568 1291.767
v 4229.304 -104.126 1294.939
v 4231.598 -104.141 1289.630
v 4224.253 -104.548 1286.458
f 5097 5098 5099
f 5099 5100 5097
v 4223.933 -104.569 1287.805
v 4231.918 -104.158 1288.283
v 4232.297 -104.088 1281.956
v 4224.311 -104.480 1281.479
f 5101 5102 5103
f 5103 5104 5101
v 4224.872 -104.482 1283.772
v 4231.736 -104.087 1279.663
v 4228.051 -104.191 1273.508
v 4221.187 -104.584 1277.617
f 5105 5106 5107
f 5107 5108 5105
v 4222.070 -104.554 1278.646
v 4227.168 -104.221 1272.480
v 4223.238 -104.372 1269.231
v 4218.141 -104.705 1275.397
f 5109 5110 5111
f 5111 5112 5109
v 4218.656 -104.684 1275.758
v 4222.724 -104.392 1268.870
v 4217.714 -104.597 1265.911
v 4213.646 -104.891 1272.800
f 5113 5114 5115
f 5115 5116 5113
v 4214.378 -104.860 1273.137
v 4216.983 -104.629 1265.573
v 4188.764 -105.439 1255.853
v 4186.158 -105.564 1263.417
f 5117 5118 5119
f 5119 5120 5117
v 4186.602 -105.571 1263.541
v 4188.320 -105.426 1255.728
v 4161.592 -104.796 1249.851
v 4159.874 -105.143 1257.664
f 5121 5122 5123
f 5123 5124 5121
v 4158.554 -105.119 1257.111
v 4162.912 -104.839 1250.403
v 4134.292 -102.794 1231.807
v 4129.933 -102.804 1238.515
f 5125 5126 5127
f 5127 5128 5125
v 4129.668 -102.782 1238.327
v 4134.557 -102.816 1231.995
v 4122.668 -101.812 1222.816
v 4117.779 -101.831 1229.148
f 5129 5130 5131
f 5131 5132 5129
v 4117.210 -101.786 1228.612
v 4123.237 -101.866 1223.352
v 4096.365 -99.411 1192.565
v 4090.338 -99.285 1197.826
f 5133 5134 5135
f 5135 5136 5133
v 4090.427 -99.290 1197.925
v 4096.275 -99.405 1192.466
v 4063.736 -98.675 1157.611
v 4057.889 -98.566 1163.070
f 5137 5138 5139
f 5139 5140 5137
v 4057.336 -98.581 1162.319
v 4064.289 -98.663 1158.363
v 4054.137 -99.182 1140.519
v 4047.184 -99.211 1144.475
f 5141 5142 5143
f 5143 5144 5141
v 4047.483 -99.189 1144.927
v 4053.838 -99.203 1140.067
v 4044.130 -99.923 1127.375
v 4037.776 -99.982 1132.235
f 5145 5146 5147
f 5147 5148 5145
v 3843.484 -93.641 1318.672
v 3841.791 -93.742 1310.853
v 3783.771 -96.309 1323.413
v 3785.464 -95.883 1331.232
f 5149 5150 5151
f 5151 5152 5149
v 3785.391 -95.885 1331.247
v 3783.845 -96.306 1323.398
v 3740.341 -95.853 1331.970
v 3741.887 -95.348 1339.819
f 5153 5154 5155
f 5155 5156 5153
v 3876.111 -93.263 1362.402
v 3877.002 -93.583 1370.352
v 3893.744 -93.428 1368.476
v 3892.854 -92.969 1360.526
f 5157 5158 5159
f 5159 5160 5157
v 4141.607 -102.261 883.044
v 4144.460 -102.836 875.570
v 4046.565 -95.663 838.205
v 4043.712 -95.493 845.679
f 5161 5162 5163
f 5163 5164 5161
v 4043.411 -95.461 845.549
v 4046.867 -95.696 838.334
v 4044.440 -95.427 837.172
v 4040.984 -95.200 844.387
f 5165 5166 5167
f 5167 5168 5165
v 4040.534 -95.150 844.134
v 4044.890 -95.478 837.425
v 4042.653 -95.221 835.972
v 4038.296 -94.898 842.681
f 5169 5170 5171
f 5171 5172 5169
v 4037.557 -94.811 842.063
v 4043.392 -95.309 836.590
v 4041.745 -95.107 834.834
v 4035.909 -94.609 840.306
f 5173 5174 5175
f 5175 5176 5173
v 2997.247 -71.402 823.244
v 2993.990 -71.694 830.552
v 3036.548 -70.520 849.518
v 3039.804 -70.182 842.211
f 5177 5178 5179
f 5179 5180 5177
v 3038.889 -70.155 841.929
v 3037.463 -70.494 849.801
v 3095.082 -72.280 860.235
v 3096.508 -72.173 852.363
f 5181 5182 5183
f 5183 5184 5181
v 3095.569 -72.117 852.305
v 3096.021 -72.332 860.292
v 3122.448 -73.793 858.800
v 3121.997 -73.668 850.813
f 5185 5186 5187
f 5187 5188 5185
v 3120.804 -73.576 851.066
v 3123.641 -73.881 858.546
v 3142.899 -75.337 851.242
v 3140.062 -75.101 843.762
f 5189 5190 5191
f 5191 5192 5189
v 3139.213 -75.031 844.207
v 3143.748 -75.405 850.797
v 3167.181 -77.453 834.671
v 3162.646 -77.130 828.080
f 5193 5194 5195
f 5195 5196 5193
v 3174.403 -76.965 881.404
v 3179.024 -76.967 887.935
v 3182.085 -77.184 885.769
v 3177.464 -77.191 879.238
f 5197 5198 5199
f 5199 5200 5197
v 3179.830 -77.340 878.504
v 3179.719 -77.049 886.503
v 3185.463 -77.306 886.582
v 3185.574 -77.639 878.583
f 5201 5202 5203
f 5203 5204 5201
v 3187.282 -77.711 878.992
v 3183.755 -77.245 886.173
v 3330.875 -73.988 958.433
v 3334.402 -74.530 951.252
f 5205 5206 5207
f 5207 5208 5205
v 1831.550 -89.447 378.349
v 1835.069 -89.414 385.533
v 1849.039 -90.600 378.691
v 1845.521 -90.712 371.507
f 5209 5210 5211
f 5211 5212 5209
v 1846.351 -90.750 371.208
v 1848.209 -90.550 378.990
v 1855.678 -90.958 377.207
v 1853.821 -91.087 369.425
f 5213 5214 5215
f 5215 5216 5213
v 1855.433 -91.156 369.375
v 1854.066 -90.887 377.257
v 1857.873 -91.013 377.917
v 1859.240 -91.309 370.035
f 5217 5218 5219
f 5219 5220 5217
v 1985.992 -90.422 573.949
v 1980.054 -89.557 568.589
v 1937.886 -83.954 615.306
v 1943.825 -84.832 620.666
f 5221 5222 5223
f 5223 5224 5221
v 1943.827 -84.832 620.664
v 1937.884 -83.953 615.309
v 1935.134 -83.652 618.360
v 1941.077 -84.575 623.715
f 5225 5226 5227
f 5227 5228 5225
v 2777.723 -94.732 800.038
v 2770.017 -94.731 797.888
v 2758.429 -94.678 839.414
v 2766.135 -94.503 841.564
f 5229 5230 5231
f 5231 5232 5229
v 2760.757 -92.794 755.974
v 2753.387 -93.156 759.085
v 2756.927 -93.657 767.472
v 2764.297 -93.311 764.361
f 5233 5234 5235
f 5235 5236 5233
v 2764.324 -93.315 764.427
v 2756.900 -93.653 767.406
v 2770.158 -94.832 800.453
v 2777.583 -94.627 797.474
f 5237 5238 5239
f 5239 5240 5237
v 2665.747 -92.374 672.820
v 2673.381 -91.782 675.211
v 2689.656 -89.849 623.250
v 2682.022 -90.825 620.859
f 5241 5242 5243
f 5243 5244 5241
v 2607.019 -97.837 651.256
v 2614.711 -97.150 653.452
v 2640.994 -96.251 561.391
v 2633.301 -97.229 559.195
f 5245 5246 5247
f 5247 5248 5245
v 2633.601 -97.183 558.443
v 2640.694 -96.295 562.143
v 2643.477 -95.897 556.807
v 2636.384 -96.704 553.107
f 5249 5250 5251
f 5251 5252 5249
v 2636.973 -96.606 552.264
v 2642.888 -95.981 557.650
v 2646.629 -95.423 553.542
v 2640.713 -96.033 548.156
f 5253 5254 5255
f 5255 5256 5253
v 2641.472 -95.924 547.508
v 2645.870 -95.533 554.190
v 2656.746 -94.052 547.031
v 2652.348 -94.472 540.349
f 5257 5258 5259
f 5259 5260 5257
v 2548.745 -102.100 629.112
v 2556.300 -101.681 631.745
v 2580.033 -102.219 563.670
v 2572.479 -102.434 561.037
f 5261 5262 5263
f 5263 5264 5261
v 2488.482 -101.446 608.373
v 2495.937 -101.899 611.275
v 2524.301 -102.039 538.418
v 2516.846 -101.773 535.516
f 5265 5266 5267
f 5267 5268 5265
v 2451.002 -97.780 450.099
v 2458.166 -97.599 453.660
v 2477.724 -95.317 414.312
v 2470.561 -95.768 410.751
f 5269 5270 5271
f 5271 5272 5269
v 2471.747 -95.627 409.328
v 2476.538 -95.461 415.735
v 2480.423 -95.046 412.829
v 2475.632 -95.202 406.423
f 5273 5274 5275
f 5275 5276 5273
v 2744.700 -94.198 1320.810
v 2741.926 -93.736 1328.314
v 2751.789 -93.647 1331.959
v 2754.563 -94.029 1324.456
f 5277 5278 5279
f 5279 5280 5277
v 2754.637 -94.026 1324.484
v 2751.714 -93.650 1331.931
v 2762.012 -93.228 1335.972
v 2764.934 -93.622 1328.525
f 5281 5282 5283
f 5283 5284 5281
v 2764.136 -93.649 1328.304
v 2762.810 -93.200 1336.194
v 2880.898 -84.563 1356.044
v 2882.224 -84.696 1348.155
f 5285 5286 5287
f 5287 5288 5285
v 2882.686 -84.644 1348.261
v 2880.436 -84.611 1355.938
v 2955.832 -78.743 1378.034
v 2958.082 -78.185 1370.357
f 5289 5290 5291
f 5291 5292 5289
v 2623.096 -94.259 1155.871
v 2628.846 -94.331 1150.309
v 2626.943 -94.567 1148.341
v 2621.193 -94.476 1153.903
f 5293 5294 5295
f 5295 5296 5293
v 2620.069 -94.712 1151.240
v 2628.066 -94.332 1151.004
v 2627.955 -94.576 1147.227
v 2619.958 -94.984 1147.462
f 5297 5298 5299
f 5299 5300 5297
v 2620.286 -95.089 1145.753
v 2627.626 -94.488 1148.936
v 2642.309 -94.980 1115.071
v 2634.969 -95.842 1111.889
f 5301 5302 5303
f 5303 5304 5301
v 2828.641 -85.585 1170.825
v 2836.252 -85.447 1173.287
v 2850.012 -81.746 1130.745
v 2842.400 -81.639 1128.283
f 5305 5306 5307
f 5307 5308 5305
v 2842.469 -81.626 1128.086
v 2849.942 -81.758 1130.942
v 2866.261 -79.925 1088.242
v 2858.789 -79.659 1085.386
f 5309 5310 5311
f 5311 5312 5309
v 2858.927 -79.652 1085.067
v 2866.123 -79.931 1088.561
v 2892.250 -80.803 1034.740
v 2885.053 -80.405 1031.246
f 5313 5314 5315
f 5315 5316 5313
v 2884.977 -80.399 1031.414
v 2892.327 -80.809 1034.572
v 2916.739 -81.958 977.752
v 2909.389 -81.823 974.594
f 5317 5318 5319
f 5319 5320 5317
v 2909.368 -81.823 974.643
v 2916.760 -81.958 977.703
v 2940.794 -80.061 919.641
v 2933.402 -80.376 916.582
f 5321 5322 5323
f 5323 5324 5321
v 2933.489 -80.364 916.386
v 2940.707 -80.073 919.837
v 2966.310 -75.544 866.279
v 2959.093 -75.996 862.829
f 5325 5326 5327
f 5327 5328 5325
v 2959.894 -75.872 861.705
v 2965.509 -75.670 867.403
v 2968.270 -75.292 864.682
v 2962.654 -75.547 858.984
f 5329 5330 5331
f 5331 5332 5329
v 2794.674 -86.659 1166.575
v 2799.754 -87.068 1172.755
v 2802.292 -86.743 1170.668
v 2797.212 -86.336 1164.489
f 5333 5334 5335
f 5335 5336 5333
v 2799.451 -86.150 1163.590
v 2800.053 -86.934 1171.567
v 2804.082 -86.723 1171.263
v 2803.481 -85.950 1163.286
f 5337 5338 5339
f 5339 5340 5337
v 2805.598 -85.903 1163.711
v 2801.965 -86.775 1170.838
v 2821.891 -86.844 1180.995
v 2825.524 -86.006 1173.867
f 5341 5342 5343
f 5343 5344 5341
v 2823.235 -86.072 1173.459
v 2824.180 -86.772 1181.403
v 2828.288 -86.529 1180.915
v 2827.343 -85.841 1172.971
f 5345 5346 5347
f 5347 5348 5345
v 2824.912 -86.064 1174.191
v 2830.719 -86.301 1179.694
v 2835.350 -85.624 1174.807
v 2829.543 -85.405 1169.304
f 5349 5350 5351
f 5351 5352 5349
v 2572.069 -102.661 1057.590
v 2573.586 -102.714 1049.735
v 2536.116 -103.635 1042.498
v 2534.598 -103.551 1050.352
f 5353 5354 5355
f 5355 5356 5353
v 2535.365 -103.571 1050.425
v 2535.349 -103.612 1042.425
v 2496.231 -102.314 1042.504
v 2496.247 -102.285 1050.504
f 5357 5358 5359
f 5359 5360 5357
v 2496.005 -102.267 1050.497
v 2496.473 -102.332 1042.511
v 2460.194 -99.641 1040.385
v 2459.726 -99.615 1048.371
f 5361 5362 5363
f 5363 5364 5361
v 2456.690 -99.338 1046.681
v 2463.231 -99.876 1042.075
v 2461.706 -99.748 1039.909
v 2455.165 -99.202 1044.514
f 5365 5366 5367
f 5367 5368 5365
v 2454.526 -99.132 1041.364
v 2462.344 -99.818 1043.059
v 2463.135 -99.848 1039.414
v 2455.316 -99.187 1037.719
f 5369 5370 5371
f 5371 5372 5369
v 3023.263 -73.214 883.803
v 3030.959 -73.093 885.985
v 3042.024 -70.411 846.956
v 3034.328 -70.415 844.774
f 5373 5374 5375
f 5375 5376 5373
v 2269.929 -96.465 955.156
v 2263.045 -96.272 959.231
v 2265.672 -95.964 963.669
v 2272.556 -96.141 959.594
f 5377 5378 5379
f 5379 5380 5377
v 2272.051 -96.193 958.915
v 2266.178 -95.914 964.347
v 2270.564 -95.529 969.089
v 2276.437 -95.806 963.657
f 5381 5382 5383
f 5383 5384 5381
v 2275.226 -95.887 962.764
v 2271.774 -95.446 969.981
v 2361.453 -92.617 1012.880
v 2364.905 -93.157 1005.663
f 5385 5386 5387
f 5387 5388 5385
v 2165.157 -95.086 1181.288
v 2172.941 -95.520 1179.439
v 2172.351 -95.621 1176.956
v 2164.568 -95.206 1178.805
f 5389 5390 5391
f 5391 5392 5389
v 2165.312 -95.147 1180.349
v 2171.607 -95.672 1175.412
v 2169.369 -95.743 1172.559
v 2163.074 -95.223 1177.496
f 5393 5394 5395
f 5395 5396 5393
v 2163.456 -95.214 1177.917
v 2168.987 -95.753 1172.138
v 2153.147 -96.259 1156.976
v 2147.615 -95.714 1162.755
f 5397 5398 5399
f 5399 5400 5397
v 2146.579 -95.812 1161.109
v 2154.183 -96.167 1158.622
v 2153.236 -96.348 1155.729
v 2145.633 -96.012 1158.216
f 5401 5402 5403
f 5403 5404 5401
v 2145.437 -96.115 1156.823
v 2153.432 -96.255 1157.122
v 2153.521 -96.422 1154.745
v 2145.527 -96.300 1154.446
f 5405 5406 5407
f 5407 5408 5405
v 2033.638 -87.048 1325.164
v 2039.565 -87.138 1330.537
v 2170.688 -95.083 1185.889
v 2164.761 -95.114 1180.516
f 5409 5410 5411
f 5411 5412 5409
v 2164.099 -95.026 1181.512
v 2171.349 -95.169 1184.894
v 2172.674 -95.377 1182.054
v 2165.424 -95.249 1178.672
f 5413 5414 5415
f 5415 5416 5413
v 2178.573 -99.406 1067.425
v 2186.531 -98.810 1068.244
v 2187.221 -98.785 1061.534
v 2179.263 -99.392 1060.716
f 5417 5418 5419
f 5419 5420 5417
v 2179.455 -99.368 1062.412
v 2187.030 -98.807 1059.838
v 2185.338 -98.957 1054.859
v 2177.763 -99.524 1057.433
f 5421 5422 5423
f 5423 5424 5421
v 2178.183 -99.487 1058.305
v 2184.917 -98.993 1053.986
v 2180.876 -99.337 1047.686
v 2174.142 -99.835 1052.005
f 5425 5426 5427
f 5427 5428 5425
v 2174.589 -99.797 1052.579
v 2180.430 -99.375 1047.112
v 2171.023 -100.029 1037.061
v 2165.182 -100.380 1042.528
f 5429 5430 5431
f 5431 5432 5429
v 2356.580 -98.995 1395.601
v 2363.745 -99.302 1392.042
v 2359.337 -100.144 1383.167
v 2352.172 -99.864 1386.726
f 5433 5434 5435
f 5435 5436 5433
v 2353.303 -99.723 1388.107
v 2358.205 -100.283 1381.785
v 2350.302 -100.927 1375.657
v 2345.400 -100.390 1381.979
f 5437 5438 5439
f 5439 5440 5437
v 2344.951 -100.435 1381.574
v 2350.750 -100.886 1376.063
v 2339.329 -102.144 1364.044
v 2333.530 -101.660 1369.555
f 5441 5442 5443
f 5443 5444 5441
v 2332.796 -101.752 1368.472
v 2340.062 -102.030 1365.126
v 2335.732 -102.990 1355.723
v 2328.466 -102.570 1359.069
f 5445 5446 5447
f 5447 5448 5445
v 2328.230 -102.627 1358.413
v 2335.967 -102.928 1356.378
v 2333.730 -103.682 1347.873
v 2325.993 -103.379 1349.908
f 5449 5450 5451
f 5451 5452 5449
v 2325.870 -103.447 1349.150
v 2333.853 -103.626 1348.630
v 2333.396 -104.092 1341.617
v 2325.413 -103.919 1342.137
f 5453 5454 5455
f 5455 5456 5453
v 2325.415 -103.955 1341.597
v 2333.395 -104.056 1342.158
v 2334.141 -104.775 1331.552
v 2326.161 -104.662 1330.991
f 5457 5458 5459
f 5459 5460 5457
v 2326.336 -104.725 1330.068
v 2333.965 -104.710 1332.475
v 2336.203 -105.208 1325.383
v 2328.574 -105.234 1322.976
f 5461 5462 5463
f 5463 5464 5461
v 2328.698 -105.056 1325.723
v 2336.078 -105.396 1322.636
v 2335.333 -105.511 1320.853
v 2327.952 -105.159 1323.940
f 5465 5466 5467
f 5467 5468 5465
v 2292.913 -93.693 1577.976
v 2293.294 -93.120 1569.985
v 2288.852 -93.276 1569.774
v 2288.472 -93.825 1577.765
f 5469 5470 5471
f 5471 5472 5469
v 2290.548 -93.725 1577.297
v 2286.776 -93.387 1570.242
v 2281.688 -93.750 1572.963
v 2285.461 -94.071 1580.018
f 5473 5474 5475
f 5475 5476 5473
v 2286.580 -93.978 1579.129
v 2280.569 -93.846 1573.851
v 2247.229 -96.759 1611.821
v 2253.240 -96.999 1617.100
f 5477 5478 5479
f 5479 5480 5477
v 2799.492 -78.809 1511.253
v 2794.334 -78.901 1517.369
v 2845.397 -79.608 1560.437
v 2850.555 -79.536 1554.322
f 5481 5482 5483
f 5483 5484 5481
v 2850.971 -79.557 1554.729
v 2844.980 -79.586 1560.030
v 2893.838 -82.082 1615.249
v 2899.829 -81.915 1609.948
f 5485 5486 5487
f 5487 5488 5485
v 3663.856 -86.207 1627.638
v 3671.608 -86.357 1625.663
v 3657.571 -82.727 1570.576
v 3649.819 -83.032 1572.552
f 5489 5490 5491
f 5491 5492 5489
v 4269.601 -93.880 1572.703
v 4272.055 -93.693 1565.089
v 4243.490 -92.116 1555.884
v 4241.036 -92.310 1563.498
f 5493 5494 5495
f 5495 5496 5493
v 3962.284 -103.607 1557.098
v 3955.114 -103.392 1560.646
v 3962.573 -102.356 1575.716
v 3969.743 -102.703 1572.167
f 5497 5498 5499
f 5499 5500 5497
v 3970.122 -102.615 1573.411
v 3962.193 -102.445 1574.471
v 3966.523 -99.747 1606.868
v 3974.453 -99.975 1605.808
f 5501 5502 5503
f 5503 5504 5501
v 3974.481 -99.948 1606.097
v 3966.495 -99.774 1606.580
v 3969.334 -95.151 1653.465
v 3977.319 -95.385 1652.981
f 5505 5506 5507
f 5507 5508 5505
v 3977.277 -95.420 1652.597
v 3969.376 -95.118 1653.849
v 3974.151 -92.550 1684.001
v 3982.053 -92.866 1682.749
f 5509 5510 5511
f 5511 5512 5509
v 3982.087 -92.794 1683.728
v 3974.118 -92.616 1683.021
v 3970.834 -90.384 1720.054
v 3978.803 -90.621 1720.760
f 5513 5514 5515
f 5515 5516 5513
v 3978.805 -90.639 1720.077
v 3970.832 -90.366 1720.737
v 3973.671 -89.979 1755.062
v 3981.643 -90.232 1754.402
f 5517 5518 5519
f 5519 5520 5517
v 3273.448 -73.719 1410.560
v 3265.682 -73.480 1412.479
v 3268.966 -72.224 1425.766
v 3276.732 -72.473 1423.846
f 5521 5522 5523
f 5523 5524 5521
v 3275.888 -72.623 1422.205
v 3269.809 -72.073 1427.406
v 3275.041 -71.534 1433.521
v 3281.120 -72.085 1428.320
f 5525 5526 5527
f 5527 5528 5525
v 3279.331 -72.183 1427.121
v 3276.831 -71.436 1434.720
v 3286.827 -71.248 1438.009
v 3289.327 -72.054 1430.410
f 5529 5530 5531
f 5531 5532 5529
v 4272.856 -94.263 2513.240
v 4268.867 -93.846 2506.305
v 4257.824 -93.792 2512.657
v 4261.813 -94.256 2519.592
f 5533 5534 5535
f 5535 5536 5533
v 4261.953 -94.255 2519.507
v 4257.684 -93.792 2512.742
v 4246.340 -93.911 2519.899
v 4250.610 -94.415 2526.665
f 5537 5538 5539
f 5539 5540 5537
v 4251.020 -94.404 2526.368
v 4245.930 -93.920 2520.196
v 4235.778 -94.306 2528.569
v 4240.868 -94.802 2534.741
f 5541 5542 5543
f 5543 5544 5541
v 4241.259 -94.780 2534.371
v 4235.386 -94.333 2528.939
v 4228.217 -94.948 2536.691
v 4234.090 -95.399 2542.123
f 5545 5546 5547
f 5547 5548 5545
v 4234.438 -95.359 2541.690
v 4227.869 -94.989 2537.124
v 4221.747 -95.837 2545.932
v 4228.316 -96.194 2550.498
f 5549 5550 5551
f 5551 5552 5549
v 4228.494 -96.167 2550.217
v 4221.568 -95.865 2546.213
v 4217.683 -96.536 2552.935
v 4224.609 -96.824 2556.939
f 5553 5554 5555
f 5555 5556 5553
v 4224.590 -96.828 2556.972
v 4217.702 -96.532 2552.902
v 4211.435 -97.640 2563.506
v 4218.322 -97.913 2567.577
f 5557 5558 5559
f 5559 5560 5557
v 4218.178 -97.937 2567.803
v 4211.579 -97.616 2563.280
v 4206.058 -98.507 2571.336
v 4212.657 -98.815 2575.858
f 5561 5562 5563
f 5563 5564 5561
v 4212.946 -98.761 2575.365
v 4205.769 -98.562 2571.829
v 4200.838 -99.678 2581.839
v 4208.014 -99.854 2585.375
f 5565 5566 5567
f 5567 5568 5565
v 4208.161 -99.817 2585.038
v 4200.690 -99.716 2582.177
v 4197.262 -100.725 2591.130
v 4204.733 -100.801 2593.991
f 5569 5570 5571
f 5571 5572 5569
v 4204.683 -100.815 2594.114
v 4197.311 -100.711 2591.007
v 4193.727 -101.612 2599.512
v 4201.099 -101.676 2602.619
f 5573 5574 5575
f 5575 5576 5573
v 4201.038 -101.690 2602.756
v 4193.787 -101.600 2599.375
v 4188.566 -102.549 2610.574
v 4195.817 -102.826 2613.954
f 5577 5578 5579
f 5579 5580 5577
v 4195.858 -102.817 2613.864
v 4188.526 -102.556 2610.664
v 4181.357 -103.885 2627.092
v 4188.689 -104.113 2630.292
f 5581 5582 5583
f 5583 5584 5581
v 3838.809 -93.758 1665.207
v 3840.322 -93.725 1657.352
v 3818.514 -93.565 1653.152
v 3817.001 -93.786 1661.007
f 5585 5586 5587
f 5587 5588 5585
v 3817.000 -93.786 1661.007
v 3818.515 -93.565 1653.152
v 3766.718 -91.817 1643.167
v 3765.204 -92.460 1651.023
f 5589 5590 5591
f 5591 5592 5589
v 3765.253 -92.462 1651.032
v 3766.668 -91.814 1643.158
v 3719.346 -89.145 1634.653
v 3717.931 -89.889 1642.527
f 5593 5594 5595
f 5595 5596 5593
v 3717.739 -89.877 1642.487
v 3719.539 -89.157 1634.692
v 3690.429 -87.274 1627.970
v 3688.629 -87.915 1635.765
f 5597 5598 5599
f 5599 5600 5597
v 3688.598 -87.913 1635.758
v 3690.460 -87.275 1627.977
v 3668.663 -86.031 1622.761
v 3666.801 -86.533 1630.541
f 5601 5602 5603
f 5603 5604 5601
v 3743.091 -95.835 1332.417
v 3739.137 -95.307 1339.372
v 3813.621 -93.380 1381.714
v 3817.575 -93.665 1374.760
f 5605 5606 5607
f 5607 5608 5605
v 4158.458 -104.350 307.891
v 4162.318 -104.772 314.898
v 4181.576 -104.346 304.292
v 4177.716 -103.853 297.284
f 5609 5610 5611
f 5611 5612 5609
v 4177.525 -103.859 297.397
v 4181.767 -104.340 304.179
v 4211.779 -102.523 285.410
v 4207.537 -102.132 278.627
f 5613 5614 5615
f 5615 5616 5613
v 4207.406 -102.144 278.713
v 4211.909 -102.513 285.325
v 4228.629 -100.993 273.939
v 4224.127 -100.590 267.327
f 5617 5618 5619
f 5619 5620 5617
v 4224.100 -100.592 267.345
v 4228.656 -100.991 273.921
v 4241.792 -99.705 264.820
v 4237.236 -99.443 258.244
f 5621 5622 5623
f 5623 5624 5621
v 4237.447 -99.422 258.107
v 4241.580 -99.727 264.957
v 4269.800 -97.354 247.931
v 4265.667 -97.127 241.082
f 5625 5626 5627
f 5627 5628 5625
v 4139.666 -93.375 619.706
v 4139.610 -93.772 627.705
v 4154.538 -92.830 627.811
v 4154.594 -92.363 619.811
f 5629 5630 5631
f 5631 5632 5629
v 4155.120 -92.348 619.850
v 4154.012 -92.844 627.773
v 4166.101 -92.572 629.463
v 4167.209 -92.057 621.540
f 5633 5634 5635
f 5635 5636 5633
v 3745.838 -85.832 1121.385
v 3738.105 -85.202 1119.337
v 3732.004 -87.042 1142.371
v 3739.738 -87.560 1144.419
f 5637 5638 5639
f 5639 5640 5637
v 3771.776 -84.824 1045.433
v 3764.331 -84.177 1042.504
v 3742.234 -83.862 1098.663
v 3749.679 -84.598 1101.592
f 5641 5642 5643
f 5643 5644 5641
v 3749.881 -84.579 1100.900
v 3742.032 -83.883 1099.354
v 3738.047 -85.221 1119.588
v 3745.896 -85.815 1121.134
f 5645 5646 5647
f 5647 5648 5645
v 2037.738 -93.166 1145.947
v 2032.347 -92.425 1151.859
v 2077.232 -90.497 1192.789
v 2082.622 -91.231 1186.877
f 5649 5650 5651
f 5651 5652 5649
v 2035.007 -96.788 597.902
v 2038.752 -97.100 604.971
v 2077.859 -100.686 584.247
v 2074.113 -100.304 577.178
f 5653 5654 5655
f 5655 5656 5653
v 2074.545 -100.333 576.982
v 2077.428 -100.657 584.444
v 2093.257 -101.403 578.329
v 2090.374 -101.249 570.866
f 5657 5658 5659
f 5659 5660 5657
v 2091.816 -101.263 570.597
v 2091.816 -101.389 578.597
v 2101.211 -101.505 578.597
v 2101.211 -101.381 570.597
f 5661 5662 5663
f 5663 5664 5661
v 2102.381 -101.399 570.773
v 2100.041 -101.488 578.422
v 2107.811 -101.619 580.800
v 2110.151 -101.532 573.150
f 5665 5666 5667
f 5667 5668 5665
v 2110.860 -101.546 573.443
v 2107.103 -101.606 580.506
v 2121.429 -101.862 588.128
v 2125.187 -101.834 581.065
f 5669 5670 5671
f 5671 5672 5669
v 2123.534 -101.807 580.602
v 2123.082 -101.870 588.590
v 2128.459 -101.927 588.893
v 2128.910 -101.877 580.906
f 5673 5674 5675
f 5675 5676 5673
v 2128.960 -101.878 580.909
v 2128.410 -101.926 588.890
v 2141.245 -101.396 589.775
v 2141.795 -101.354 581.794
f 5677 5678 5679
f 5679 5680 5677
v 2143.565 -101.284 582.347
v 2139.475 -101.486 589.223
v 2152.021 -100.798 596.685
v 2156.110 -100.747 589.810
f 5681 5682 5683
f 5683 5684 5681
v 2156.089 -100.749 589.797
v 2152.042 -100.797 596.698
v 2188.466 -98.509 618.056
v 2192.513 -98.279 611.155
f 5685 5686 5687
f 5687 5688 5685
v 2193.339 -98.217 611.798
v 2187.639 -98.573 617.412
v 2196.901 -97.840 626.816
v 2202.601 -97.531 621.203
f 5689 5690 5691
f 5691 5692 5689
v 2202.811 -97.516 621.433
v 2196.691 -97.855 626.585
v 2206.242 -97.243 637.931
v 2212.362 -96.919 632.779
f 5693 5694 5695
f 5695 5696 5693
v 2212.291 -96.924 632.696
v 2206.314 -97.239 638.014
v 2213.483 -96.894 646.071
v 2219.460 -96.562 640.753
f 5697 5698 5699
f 5699 5700 5697
v 2219.992 -96.540 641.514
v 2212.950 -96.918 645.310
v 2219.173 -96.733 656.854
v 2226.215 -96.404 653.058
f 5701 5702 5703
f 5703 5704 5701
v 2101.822 -95.168 1154.596
v 2105.832 -95.977 1147.674
v 2073.661 -96.530 1129.038
v 2069.651 -95.750 1135.960
f 5705 5706 5707
f 5707 5708 5705
v 2167.269 -95.432 1176.781
v 2170.829 -95.193 1183.946
v 2179.734 -95.802 1179.521
v 2176.175 -95.978 1172.357
f 5709 5710 5711
f 5711 5712 5709
v 2175.282 -95.921 1172.963
v 2180.628 -95.863 1178.914
v 2186.450 -96.270 1173.684
v 2181.104 -96.318 1167.733
f 5713 5714 5715
f 5715 5716 5713
v 2180.627 -96.285 1168.242
v 2186.926 -96.302 1173.175
v 2224.096 -96.612 1125.707
v 2217.797 -96.777 1120.774
f 5717 5718 5719
f 5719 5720 5717
v 1819.894 -81.952 2558.211
v 1813.730 -82.151 2563.310
v 1836.573 -85.756 2590.924
v 1842.737 -85.563 2585.825
f 5721 5722 5723
f 5723 5724 5721
v 1842.135 -85.479 2585.236
v 1837.175 -85.850 2591.513
v 1867.042 -89.202 2615.112
v 1872.002 -88.886 2608.835
f 5725 5726 5727
f 5727 5728 5725
v 1873.003 -89.025 2610.004
v 1866.040 -89.063 2613.943
v 1874.990 -90.660 2629.764
v 1881.953 -90.694 2625.825
f 5729 5730 5731
f 5731 5732 5729
v 1882.423 -90.859 2628.418
v 1874.521 -90.505 2627.170
v 1870.936 -91.541 2649.858
v 1878.838 -91.934 2651.106
f 5733 5734 5735
f 5735 5736 5733
v 1820.829 -76.893 2486.187
v 1827.734 -77.044 2490.226
v 1833.412 -76.508 2480.520
v 1826.506 -76.374 2476.481
f 5737 5738 5739
f 5739 5740 5737
v 1825.968 -76.465 2478.227
v 1833.950 -76.412 2478.774
v 1834.695 -76.087 2467.879
v 1826.714 -76.179 2467.332
f 5741 5742 5743
f 5743 5744 5741
v 1826.811 -76.194 2468.523
v 1834.598 -76.071 2466.688
v 1832.205 -75.956 2456.532
v 1824.418 -76.087 2458.367
f 5745 5746 5747
f 5747 5748 5745
v 2953.949 -84.395 562.521
v 2961.346 -84.684 565.567
v 2977.610 -83.702 526.075
v 2970.213 -83.414 523.028
f 5749 5750 5751
f 5751 5752 5749
v 2935.972 -83.398 569.390
v 2939.248 -83.635 576.688
v 2959.286 -84.645 567.693
v 2956.009 -84.480 560.395
f 5753 5754 5755
f 5755 5756 5753
v 2957.480 -84.519 560.048
v 2957.816 -84.605 568.041
v 2976.673 -85.151 567.248
v 2976.337 -85.045 559.255
f 5757 5758 5759
f 5759 5760 5757
v 2975.819 -85.031 559.311
v 2977.191 -85.166 567.192
v 3021.830 -85.171 559.426
v 3020.459 -84.864 551.544
f 5761 5762 5763
f 5763 5764 5761
v 3019.375 -84.903 551.898
v 3022.914 -85.146 559.072
v 3033.812 -84.732 553.697
v 3030.273 -84.401 546.522
f 5765 5766 5767
f 5767 5768 5765
v 3028.877 -84.491 547.664
v 3035.208 -84.642 552.555
v 3043.279 -83.680 542.107
v 3036.948 -83.751 537.216
f 5769 5770 5771
f 5771 5772 5769
v 3036.485 -83.803 537.978
v 3043.742 -83.609 541.345
v 3079.486 -76.214 464.301
v 3072.229 -76.105 460.934
f 5773 5774 5775
f 5775 5776 5773
v 3071.882 -76.216 462.176
v 3079.833 -76.112 463.059
v 3080.512 -75.629 456.944
v 3072.561 -75.696 456.061
f 5777 5778 5779
f 5779 5780 5777
v 3073.039 -75.883 458.443
v 3080.034 -75.447 454.561
v 3077.051 -75.063 449.185
v 3070.056 -75.490 453.067
f 5781 5782 5783
f 5783 5784 5781
v 3072.150 -75.605 454.872
v 3074.956 -74.946 447.381
v 3020.755 -74.113 427.079
v 3017.949 -74.834 434.571
f 5785 5786 5787
f 5787 5788 5785
v 2919.572 -82.251 536.153
v 2912.122 -81.934 533.238
v 2902.471 -81.431 557.911
v 2909.921 -81.859 560.826
f 5789 5790 5791
f 5791 5792 5789
v 2910.180 -81.874 559.014
v 2902.211 -81.413 559.722
v 2905.195 -81.571 593.311
v 2913.163 -82.061 592.603
f 5793 5794 5795
f 5795 5796 5793
v 2930.693 -82.796 541.508
v 2932.148 -82.733 533.641
v 2916.574 -82.098 530.762
v 2915.120 -82.077 538.629
f 5797 5798 5799
f 5799 5800 5797
v 2913.549 -82.006 537.969
v 2918.145 -82.161 531.421
v 2881.621 -81.517 505.784
v 2877.025 -81.224 512.332
f 5801 5802 5803
f 5803 5804 5801
v 2941.299 -83.631 605.068
v 2948.860 -84.093 602.454
v 2944.608 -84.000 590.157
v 2937.047 -83.510 592.772
f 5805 5806 5807
f 5807 5808 5805
v 2936.887 -83.506 592.152
v 2944.768 -84.002 590.776
v 2941.550 -83.746 572.351
v 2933.670 -83.284 573.727
f 5809 5810 5811
f 5811 5812 5809
v 2933.670 -83.284 573.727
v 2941.550 -83.746 572.351
v 2935.361 -82.922 536.887
v 2927.480 -82.608 538.262
f 5813 5814 5815
f 5815 5816 5813
v 2928.150 -82.596 535.272
v 2934.691 -82.948 539.878
v 2947.315 -82.950 521.954
v 2940.774 -82.595 517.348
f 5817 5818 5819
f 5819 5820 5817
v 2941.570 -82.584 516.508
v 2946.519 -82.962 522.794
v 2950.025 -82.944 520.034
v 2945.077 -82.557 513.748
f 5821 5822 5823
f 5823 5824 5821
v 2946.933 -82.562 512.939
v 2948.169 -82.928 520.843
v 2953.913 -83.047 519.944
v 2952.677 -82.632 512.041
f 5825 5826 5827
f 5827 5828 5825
v 2954.829 -82.685 512.298
v 2951.761 -82.975 519.687
v 2972.378 -83.731 528.246
v 2975.445 -83.329 520.857
f 5829 5830 5831
f 5831 5832 5829
v 2975.443 -83.329 520.856
v 2972.379 -83.731 528.246
v 2985.059 -84.162 533.503
v 2988.123 -83.846 526.113
f 5833 5834 5835
f 5835 5836 5833
v 2990.037 -83.964 527.778
v 2983.144 -84.052 531.839
v 2984.591 -84.191 534.295
v 2991.484 -84.107 530.235
f 5837 5838 5839
f 5839 5840 5837
v 2992.035 -84.211 532.129
v 2984.040 -84.093 532.401
v 2984.163 -84.262 535.994
v 2992.158 -84.394 535.721
f 5841 5842 5843
f 5843 5844 5841
v 2991.841 -84.473 537.424
v 2984.480 -84.188 534.292
v 2972.824 -84.974 561.686
v 2980.186 -85.224 564.818
f 5845 5846 5847
f 5847 5848 5845
v 3104.548 -77.605 1131.193
v 3107.948 -77.676 1123.952
v 3079.506 -80.442 1110.599
v 3076.106 -80.145 1117.841
f 5849 5850 5851
f 5851 5852 5849
v 3154.304 -74.059 1084.862
v 3146.802 -74.848 1082.083
v 3134.813 -75.932 1114.455
v 3142.315 -75.327 1117.234
f 5853 5854 5855
f 5855 5856 5853
v 3142.519 -75.311 1116.441
v 3134.609 -75.941 1115.248
v 3133.640 -75.952 1121.666
v 3141.551 -75.380 1122.860
f 5857 5858 5859
f 5859 5860 5857
v 3141.394 -75.393 1121.010
v 3133.797 -75.922 1123.516
v 3136.702 -75.659 1132.326
v 3144.300 -75.199 1129.820
f 5861 5862 5863
f 5863 5864 5861
v 3143.080 -75.275 1128.015
v 3137.922 -75.576 1134.131
v 3156.513 -74.804 1149.808
v 3161.670 -74.454 1143.692
f 5865 5866 5867
f 5867 5868 5865
v 3160.296 -74.497 1142.936
v 3157.887 -74.770 1150.564
v 3170.432 -74.554 1154.527
v 3172.842 -74.198 1146.898
f 5869 5870 5871
f 5871 5872 5869
v 3171.411 -74.234 1146.719
v 3171.863 -74.531 1154.706
v 3177.229 -74.405 1154.402
v 3176.777 -74.057 1146.415
f 5873 5874 5875
f 5875 5876 5873
v 3174.127 -74.189 1147.628
v 3179.878 -74.290 1153.189
v 3184.208 -73.951 1148.712
v 3178.458 -73.853 1143.150
f 5877 5878 5879
f 5879 5880 5877
v 3177.741 -73.924 1144.171
v 3184.925 -73.876 1147.692
v 3191.949 -72.790 1133.362
v 3184.765 -72.961 1129.840
f 5881 5882 5883
f 5883 5884 5881
v 3349.911 -77.902 1236.459
v 3348.962 -78.111 1244.403
v 3380.833 -75.982 1248.207
v 3381.781 -75.951 1240.263
f 5885 5886 5887
f 5887 5888 5885
v 3384.049 -75.802 1241.322
v 3378.566 -76.139 1247.147
v 3381.260 -75.947 1249.683
v 3386.743 -75.610 1243.858
f 5889 5890 5891
f 5891 5892 5889
v 3387.979 -75.507 1246.348
v 3380.024 -76.040 1247.194
v 3380.469 -75.996 1251.380
v 3388.424 -75.439 1250.534
f 5893 5894 5895
f 5895 5896 5893
v 3388.073 -75.445 1252.645
v 3380.820 -75.979 1249.269
v 3372.761 -76.562 1266.584
v 3380.013 -76.001 1269.960
f 5897 5898 5899
f 5899 5900 5897
v 3380.349 -75.976 1268.822
v 3372.425 -76.589 1267.723
v 3371.679 -76.651 1273.098
v 3379.603 -76.030 1274.197
f 5901 5902 5903
f 5903 5904 5901
v 3379.336 -76.052 1272.116
v 3371.946 -76.632 1275.180
v 3374.328 -76.446 1280.925
v 3381.718 -75.860 1277.861
f 5905 5906 5907
f 5907 5908 5905
v 3380.816 -75.933 1276.529
v 3375.231 -76.374 1282.257
v 3387.031 -75.444 1293.761
v 3392.615 -74.969 1288.032
f 5909 5910 5911
f 5911 5912 5909
v 3393.799 -74.889 1290.458
v 3385.847 -75.528 1291.336
v 3386.671 -75.493 1298.798
v 3394.623 -74.875 1297.920
f 5913 5914 5915
f 5915 5916 5913
v 3223.365 -76.115 1181.662
v 3220.230 -76.730 1189.023
v 3235.303 -77.558 1195.442
v 3238.437 -76.886 1188.081
f 5917 5918 5919
f 5919 5920 5917
v 3239.476 -76.963 1188.727
v 3234.264 -77.478 1194.796
v 3246.955 -78.622 1205.692
v 3252.166 -78.109 1199.623
f 5921 5922 5923
f 5923 5924 5921
v 3251.709 -78.079 1199.283
v 3247.413 -78.651 1206.032
v 3255.628 -79.104 1211.262
v 3259.924 -78.535 1204.514
f 5925 5926 5927
f 5927 5928 5925
v 3259.226 -78.505 1204.160
v 3256.326 -79.134 1211.616
v 3329.630 -79.263 1240.131
v 3332.530 -78.851 1232.675
f 5929 5930 5931
f 5931 5932 5929
v 3331.937 -78.881 1232.496
v 3330.223 -79.231 1240.310
v 3348.579 -78.136 1244.338
v 3350.294 -77.880 1236.524
f 5933 5934 5935
f 5935 5936 5933
v 3347.849 -78.035 1236.759
v 3351.024 -77.969 1244.103
v 3363.124 -77.116 1238.873
v 3359.950 -77.232 1231.529
f 5937 5938 5939
f 5939 5940 5937
v 3359.823 -77.240 1231.587
v 3363.251 -77.107 1238.815
v 3404.150 -75.060 1219.413
v 3400.721 -75.419 1212.185
f 5941 5942 5943
f 5943 5944 5941
v 3398.972 -75.440 1213.798
v 3405.899 -75.038 1217.801
v 3409.784 -75.133 1211.078
v 3402.857 -75.499 1207.075
f 5945 5946 5947
f 5947 5948 5945
v 3402.390 -75.430 1209.816
v 3410.252 -75.230 1208.337
v 3408.905 -75.538 1201.178
v 3401.043 -75.682 1202.658
f 5949 5950 5951
f 5951 5952 5949
v 3401.933 -75.604 1204.517
v 3408.014 -75.628 1199.319
v 3390.404 -76.406 1178.715
v 3384.322 -76.309 1183.913
f 5953 5954 5955
f 5955 5956 5953
v 3385.799 -76.293 1184.996
v 3388.928 -76.416 1177.633
v 3379.076 -76.360 1173.446
v 3375.947 -76.318 1180.809
f 5957 5958 5959
f 5959 5960 5957
v 3376.787 -76.321 1181.061
v 3378.236 -76.350 1173.194
v 3347.478 -75.826 1167.528
v 3346.029 -76.113 1175.395
f 5961 5962 5963
f 5963 5964 5961
v 2428.076 -99.702 2651.010
v 2436.006 -98.833 2649.954
v 2433.023 -98.994 2627.557
v 2425.093 -99.736 2628.613
f 5965 5966 5967
f 5967 5968 5965
v 2425.073 -99.727 2627.735
v 2433.043 -98.998 2628.434
v 2434.534 -98.700 2611.425
v 2426.565 -99.274 2610.726
f 5969 5970 5971
f 5971 5972 5969
v 2427.166 -99.197 2608.943
v 2433.934 -98.763 2613.208
v 2456.331 -97.670 2577.671
v 2449.563 -97.914 2573.406
f 5973 5974 5975
f 5975 5976 5973
v 2451.159 -97.891 2571.960
v 2454.736 -97.695 2579.116
v 2461.604 -97.554 2575.683
v 2458.027 -97.809 2568.527
f 5977 5978 5979
f 5979 5980 5977
v 2459.816 -97.787 2568.105
v 2459.816 -97.601 2576.105
v 2463.100 -97.495 2576.105
v 2463.100 -97.713 2568.105
f 5981 5982 5983
f 5983 5984 5981
v 2463.100 -97.713 2568.105
v 2463.100 -97.495 2576.105
v 2466.528 -97.384 2576.105
v 2466.528 -97.636 2568.105
f 5985 5986 5987
f 5987 5988 5985
v 2468.545 -97.572 2568.650
v 2464.512 -97.465 2575.559
v 2511.845 -93.831 2603.186
v 2515.878 -94.112 2596.277
f 5989 5990 5991
f 5991 5992 5989
v 2515.036 -94.181 2595.908
v 2512.686 -93.765 2603.555
v 2524.330 -92.922 2607.134
v 2526.680 -93.377 2599.487
f 5993 5994 5995
f 5995 5996 5993
v 3408.663 -79.164 516.173
v 3411.080 -79.055 508.547
v 3386.033 -77.015 500.609
v 3383.616 -76.916 508.235
f 5997 5998 5999
f 5999 6000 5997
v 3383.593 -76.914 508.228
v 3386.057 -77.017 500.616
v 3375.448 -76.287 497.182
v 3372.984 -76.101 504.793
f 6001 6002 6003
f 6003 6004 6001
v 3377.446 -76.428 503.347
v 3370.986 -75.989 498.628
v 3363.673 -75.402 508.640
v 3370.133 -75.833 513.359
f 6005 6006 6007
f 6007 6008 6005
v 3370.761 -75.894 512.053
v 3363.044 -75.339 509.946
v 3360.884 -75.052 517.858
v 3368.602 -75.650 519.965
f 6009 6010 6011
f 6011 6012 6009
v 3537.579 -81.060 702.599
v 3544.500 -81.037 706.612
v 3556.088 -82.918 686.628
v 3549.168 -83.038 682.615
f 6013 6014 6015
f 6015 6016 6013
v 3549.817 -83.113 681.775
v 3555.439 -82.844 687.467
v 3566.927 -83.764 676.122
v 3561.305 -83.989 670.430
f 6017 6018 6019
f 6019 6020 6017
v 3561.602 -84.006 670.164
v 3566.630 -83.746 676.387
v 3591.610 -84.457 656.205
v 3586.582 -84.705 649.982
f 6021 6022 6023
f 6023 6024 6021
v 4277.583 -99.539 1269.227
v 4279.680 -99.225 1261.507
v 4258.774 -101.298 1255.827
v 4256.677 -101.607 1263.548
f 6025 6026 6027
f 6027 6028 6025
v 4257.974 -101.478 1263.680
v 4257.477 -101.422 1255.695
v 4247.926 -102.387 1256.290
v 4248.423 -102.444 1264.274
f 6029 6030 6031
f 6031 6032 6029
v 4250.351 -102.243 1263.638
v 4245.997 -102.604 1256.926
v 4222.442 -104.450 1272.207
v 4226.796 -104.323 1278.919
f 6033 6034 6035
f 6035 6036 6033
v 3576.952 -79.898 1316.497
v 3568.980 -78.964 1315.828
v 3567.744 -79.294 1330.568
v 3575.716 -80.135 1331.236
f 6037 6038 6039
f 6039 6040 6037
v 3575.301 -80.021 1329.099
v 3568.160 -79.409 1332.705
v 3576.375 -80.728 1348.976
v 3583.516 -81.408 1345.370
f 6041 6042 6043
f 6043 6044 6041
v 3583.944 -81.497 1347.277
v 3575.947 -80.620 1347.070
v 3575.346 -81.503 1370.355
v 3583.343 -82.155 1370.561
f 6045 6046 6047
f 6047 6048 6045
v 3583.236 -82.172 1371.383
v 3575.453 -81.478 1369.533
v 3568.139 -82.577 1400.292
v 3575.922 -82.962 1402.143
f 6049 6050 6051
f 6051 6052 6049
v 3575.547 -82.993 1403.125
v 3568.515 -82.538 1399.311
v 3546.574 -84.659 1439.764
v 3553.606 -84.843 1443.579
f 6053 6054 6055
f 6055 6056 6053
v 3087.736 -75.821 1393.189
v 3087.736 -76.384 1401.189
v 3159.837 -75.027 1401.189
v 3159.837 -75.223 1393.189
f 6057 6058 6059
f 6059 6060 6057
v 3016.881 -78.121 1399.754
v 3018.550 -77.273 1391.930
v 2980.033 -77.937 1383.715
v 2978.365 -78.661 1391.539
f 6061 6062 6063
f 6063 6064 6061
v 2977.971 -78.668 1391.434
v 2980.427 -77.927 1383.820
v 2970.720 -78.153 1380.690
v 2968.264 -78.836 1388.304
f 6065 6066 6067
f 6067 6068 6065
v 2966.952 -78.841 1387.587
v 2972.032 -78.142 1381.407
v 2959.497 -78.146 1371.105
v 2954.418 -78.792 1377.286
f 6069 6070 6071
f 6071 6072 6069
v 2361.089 -98.643 1399.333
v 2360.126 -97.909 1407.275
v 2390.962 -97.781 1411.013
v 2391.925 -98.303 1403.071
f 6073 6074 6075
f 6075 6076 6073
v 2391.103 -98.306 1403.057
v 2391.784 -97.785 1411.028
v 2421.484 -98.063 1408.492
v 2420.803 -98.314 1400.521
f 6077 6078 6079
f 6079 6080 6077
v 2420.853 -98.314 1400.517
v 2421.433 -98.063 1408.496
v 2448.161 -98.062 1406.554
v 2447.581 -98.011 1398.575
f 6081 6082 6083
f 6083 6084 6081
v 2445.584 -98.041 1399.283
v 2450.158 -98.050 1405.846
v 2456.582 -97.943 1401.369
v 2452.007 -97.903 1394.806
f 6085 6086 6087
f 6087 6088 6085
v 2450.417 -97.958 1397.104
v 2458.171 -97.878 1399.071
v 2462.947 -97.277 1380.251
v 2455.193 -97.559 1378.283
f 6089 6090 6091
f 6091 6092 6089
v 2455.102 -97.587 1379.771
v 2463.038 -97.232 1378.763
v 2460.500 -96.905 1358.768
v 2452.564 -97.448 1359.775
f 6093 6094 6095
f 6095 6096 6093
v 2453.032 -97.435 1361.208
v 2460.031 -96.906 1357.334
v 2450.770 -97.401 1340.600
v 2443.770 -98.012 1344.475
f 6097 6098 6099
f 6099 6100 6097
v 2443.343 -98.047 1343.299
v 2451.197 -97.372 1341.776
v 2446.421 -97.709 1317.157
v 2438.568 -98.549 1318.681
f 6101 6102 6103
f 6103 6104 6101
v 2438.722 -98.531 1319.249
v 2446.267 -97.725 1316.589
v 2441.792 -98.213 1303.897
v 2434.247 -99.053 1306.557
f 6105 6106 6107
f 6107 6108 6105
v 3199.942 -69.354 1527.696
v 3192.291 -70.093 1530.034
v 3209.768 -71.262 1587.221
v 3217.419 -70.896 1584.883
f 6109 6110 6111
f 6111 6112 6109
v 3063.307 -82.500 1556.400
v 3062.004 -82.868 1548.507
v 3052.964 -83.400 1549.999
v 3054.268 -83.015 1557.892
f 6113 6114 6115
f 6115 6116 6113
v 3057.169 -82.911 1555.783
v 3050.063 -83.506 1552.108
v 3047.748 -83.477 1556.585
v 3054.854 -82.888 1560.260
f 6117 6118 6119
f 6119 6120 6117
v 3055.089 -82.991 1557.138
v 3047.513 -83.367 1559.708
v 3050.952 -82.483 1569.851
v 3058.529 -82.217 1567.281
f 6121 6122 6123
f 6123 6124 6121
v 3057.435 -82.396 1565.610
v 3052.046 -82.301 1571.522
v 3062.042 -81.119 1580.635
v 3067.432 -81.210 1574.723
f 6125 6126 6127
f 6127 6128 6125
v 3062.940 -81.503 1574.105
v 3066.533 -80.839 1581.253
v 3078.856 -80.549 1575.059
v 3075.264 -81.184 1567.911
f 6129 6130 6131
f 6131 6132 6129
v 3073.456 -81.178 1569.748
v 3080.663 -80.524 1573.221
v 3084.838 -80.650 1564.557
v 3077.631 -81.441 1561.085
f 6133 6134 6135
f 6135 6136 6133
v 3077.262 -81.341 1563.292
v 3085.207 -80.735 1562.350
v 3084.906 -80.860 1559.814
v 3076.962 -81.493 1560.756
f 6137 6138 6139
f 6139 6140 6137
v 3079.359 -81.174 1563.962
v 3082.509 -81.182 1556.608
v 3064.231 -82.713 1548.777
v 3061.080 -82.650 1556.130
f 6141 6142 6143
f 6143 6144 6141
v 3053.097 -76.348 1639.853
v 3060.859 -76.012 1641.791
v 3061.304 -76.166 1640.008
v 3053.542 -76.510 1638.070
f 6145 6146 6147
f 6147 6148 6145
v 3053.451 -76.464 1638.565
v 3061.395 -76.210 1639.512
v 3068.709 -80.920 1578.152
v 3060.765 -81.418 1577.205
f 6149 6150 6151
f 6151 6152 6149
v 2804.082 -87.905 1649.104
v 2801.678 -88.761 1656.735
v 2845.271 -87.283 1670.470
v 2847.675 -86.577 1662.840
f 6153 6154 6155
f 6155 6156 6153
v 2846.844 -86.625 1662.672
v 2846.102 -87.229 1670.637
v 2894.181 -83.269 1675.115
v 2894.923 -83.057 1667.149
f 6157 6158 6159
f 6159 6160 6157
v 2894.060 -83.132 1667.162
v 2895.043 -83.186 1675.102
v 2957.739 -77.861 1667.336
v 2956.755 -78.370 1659.397
f 6161 6162 6163
f 6163 6164 6161
v 2956.566 -78.379 1659.425
v 2957.928 -77.851 1667.308
v 3023.617 -75.480 1655.963
v 3022.256 -76.299 1648.080
f 6165 6166 6167
f 6167 6168 6165
v 3021.686 -76.303 1648.222
v 3024.187 -75.474 1655.821
v 3058.228 -75.799 1644.621
v 3055.728 -76.562 1637.022
f 6169 6170 6171
f 6171 6172 6169
v 2499.283 -92.144 321.147
v 2506.621 -91.488 324.334
v 2522.673 -92.126 287.377
v 2515.335 -92.728 284.190
f 6173 6174 6175
f 6175 6176 6173
v 2515.005 -92.664 285.703
v 2523.003 -92.194 285.864
v 2523.081 -92.439 281.994
v 2515.083 -92.897 281.833
f 6177 6178 6179
f 6179 6180 6177
v 2515.561 -92.736 283.811
v 2522.603 -92.625 280.015
v 2519.620 -93.225 274.481
v 2512.578 -93.301 278.277
f 6181 6182 6183
f 6183 6184 6181
v 2513.888 -93.123 279.713
v 2518.309 -93.404 273.045
v 2498.606 -95.274 259.982
v 2494.185 -95.100 266.649
f 6185 6186 6187
f 6187 6188 6185
v 2459.100 -97.710 2572.105
v 2467.100 -97.494 2572.105
v 2467.100 -97.778 2563.296
v 2459.100 -97.907 2563.296
f 6189 6190 6191
f 6191 6192 6189
v 2459.191 -97.925 2562.447
v 2467.008 -97.752 2564.145
v 2467.754 -97.853 2560.712
v 2459.937 -97.998 2559.014
f 6193 6194 6195
f 6195 6196 6193
v 2460.504 -98.024 2557.664
v 2467.187 -97.817 2562.061
v 2498.613 -100.488 2514.295
v 2491.929 -100.457 2509.898
f 6197 6198 6199
f 6199 6200 6197
v 3685.689 -87.334 1630.748
v 3693.369 -87.867 1632.987
v 3704.556 -84.637 1594.621
v 3696.876 -84.193 1592.381
f 6201 6202 6203
f 6203 6204 6201
v 3698.073 -84.058 1590.499
v 3703.360 -84.770 1596.503
v 3720.982 -84.184 1580.985
v 3715.695 -83.539 1574.981
f 6205 6206 6207
f 6207 6208 6205
v 3717.829 -83.545 1574.015
v 3718.847 -84.177 1581.950
v 3738.707 -84.722 1579.401
v 3737.688 -84.078 1571.466
f 6209 6210 6211
f 6211 6212 6209
v 3739.231 -84.142 1571.570
v 3737.164 -84.657 1579.298
v 3762.834 -86.849 1586.165
v 3764.902 -86.490 1578.437
f 6213 6214 6215
f 6215 6216 6213
v 3767.758 -86.884 1581.372
v 3759.977 -86.455 1583.231
v 3766.256 -88.913 1609.513
v 3774.037 -89.197 1607.654
f 6217 6218 6219
f 6219 6220 6217
v 3773.387 -89.050 1606.239
v 3766.906 -89.065 1610.928
v 3771.225 -89.776 1616.898
v 3777.706 -89.749 1612.208
f 6221 6222 6223
f 6223 6224 6221
v 3775.597 -89.521 1610.717
v 3773.334 -90.000 1618.390
v 3817.383 -92.813 1631.385
v 3819.646 -92.663 1623.712
f 6225 6226 6227
f 6227 6228 6225
v 3821.949 -92.826 1625.499
v 3815.080 -92.657 1629.599
v 3820.156 -93.128 1638.104
v 3827.026 -93.237 1634.004
f 6229 6230 6231
f 6231 6232 6229
v 3827.445 -93.315 1637.123
v 3819.736 -93.018 1634.985
v 3813.903 -93.603 1656.010
v 3821.612 -93.733 1658.149
f 6233 6234 6235
f 6235 6236 6233
v 4278.773 -99.169 2246.492
v 4275.195 -99.678 2239.337
v 4218.466 -103.074 2267.704
v 4222.044 -102.424 2274.859
f 6237 6238 6239
f 6239 6240 6237
v 4220.951 -102.442 2275.221
v 4219.560 -103.053 2267.343
v 4189.103 -103.630 2272.718
v 4190.494 -103.027 2280.596
f 6241 6242 6243
f 6243 6244 6241
v 4188.986 -103.021 2280.573
v 4190.611 -103.638 2272.740
v 4151.794 -103.845 2264.684
v 4150.169 -103.238 2272.518
f 6245 6246 6247
f 6247 6248 6245
v 4149.875 -103.228 2272.445
v 4152.087 -103.856 2264.757
v 4003.699 -91.684 2222.061
v 4001.486 -91.513 2229.749
f 6249 6250 6251
f 6251 6252 6249
v 4000.811 -91.459 2229.486
v 4004.374 -91.738 2222.323
v 3890.305 -91.656 2165.589
v 3886.742 -91.540 2172.752
f 6253 6254 6255
f 6255 6256 6253
v 3886.340 -91.563 2172.521
v 3890.707 -91.630 2165.819
v 3864.135 -93.058 2148.505
v 3859.768 -93.067 2155.208
f 6257 6258 6259
f 6259 6260 6257
v 3858.746 -93.122 2154.250
v 3865.156 -93.009 2149.463
v 3829.033 -93.319 2101.088
v 3822.623 -93.249 2105.874
f 6261 6262 6263
f 6263 6264 6261
v 3822.676 -93.252 2105.944
v 3828.980 -93.316 2101.018
v 3804.946 -91.027 2070.260
v 3798.642 -90.825 2075.186
f 6265 6266 6267
f 6267 6268 6265
v 3797.842 -90.677 2073.337
v 3805.747 -91.164 2072.109
v 3799.023 -88.800 2028.818
v 3791.118 -87.976 2030.046
f 6269 6270 6271
f 6271 6272 6269
v 3791.169 -87.918 2028.550
v 3798.972 -88.848 2030.314
v 3801.366 -88.749 2019.722
v 3793.562 -87.760 2017.959
f 6273 6274 6275
f 6275 6276 6273
v 3795.823 -87.983 2015.192
v 3799.105 -88.582 2022.488
v 3825.677 -91.566 2010.536
v 3822.395 -91.084 2003.240
f 6277 6278 6279
f 6279 6280 6277
v 3821.371 -90.962 2003.905
v 3826.701 -91.697 2009.871
v 3842.074 -93.727 1996.136
v 3836.744 -92.982 1990.171
f 6281 6282 6283
f 6283 6284 6281
v 3836.021 -92.883 1991.027
v 3842.797 -93.827 1995.280
v 3855.866 -95.635 1974.453
v 3849.090 -94.692 1970.201
f 6285 6286 6287
f 6287 6288 6285
v 4233.986 -94.914 2536.582
v 4228.322 -95.448 2542.232
v 4275.722 -97.573 2589.747
v 4281.385 -97.037 2584.097
f 6289 6290 6291
f 6291 6292 6289
v 3671.730 -86.426 1626.504
v 3663.735 -86.143 1626.798
v 3665.071 -88.707 1663.078
v 3673.065 -89.229 1662.783
f 6293 6294 6295
f 6295 6296 6293
v 3673.055 -89.216 1662.606
v 3665.081 -88.719 1663.255
v 3671.059 -92.429 1736.699
v 3679.033 -93.245 1736.050
f 6297 6298 6299
f 6299 6300 6297
v 3678.542 -93.158 1734.430
v 3671.550 -92.513 1738.319
v 3673.710 -92.821 1742.201
v 3680.701 -93.470 1738.313
f 6301 6302 6303
f 6303 6304 6301
v 3679.254 -93.285 1736.822
v 3675.157 -93.006 1743.693
v 3679.409 -93.439 1746.228
v 3683.507 -93.788 1739.357
f 6305 6306 6307
f 6307 6308 6305
v 3682.248 -93.645 1738.872
v 3680.668 -93.566 1746.714
v 3722.179 -96.556 1755.074
v 3723.759 -96.748 1747.231
f 6309 6310 6311
f 6311 6312 6309
v 3725.580 -96.827 1748.123
v 3720.358 -96.478 1754.183
v 3731.100 -96.885 1763.441
v 3736.323 -97.234 1757.381
f 6313 6314 6315
f 6315 6316 6313
v 3737.480 -97.268 1759.069
v 3729.943 -96.851 1761.753
v 3743.235 -95.854 1799.075
v 3750.771 -96.013 1796.391
f 6317 6318 6319
f 6319 6320 6317
v 3750.932 -95.906 1798.482
v 3743.074 -95.966 1796.984
v 3739.489 -94.550 1815.791
v 3747.348 -94.545 1817.289
f 6321 6322 6323
f 6323 6324 6321
v 3747.207 -94.499 1817.824
v 3739.630 -94.602 1815.256
v 3727.686 -90.800 1850.492
v 3735.262 -90.870 1853.060
f 6325 6326 6327
f 6327 6328 6325
v 2885.298 -84.296 1350.675
v 2877.823 -84.958 1353.524
v 2883.344 -83.943 1368.013
v 2890.820 -83.396 1365.164
f 6329 6330 6331
f 6331 6332 6329
v 2891.050 -83.356 1366.079
v 2883.115 -83.992 1367.097
v 2883.861 -83.748 1372.908
v 2891.795 -83.168 1371.890
f 6333 6334 6335
f 6335 6336 6333
v 2891.636 -83.142 1373.622
v 2884.019 -83.790 1371.177
v 2877.307 -83.424 1392.084
v 2884.924 -82.959 1394.529
f 6337 6338 6339
f 6339 6340 6337
v 2883.110 -82.962 1396.774
v 2879.121 -83.426 1389.839
v 2862.245 -83.713 1399.547
v 2866.234 -83.149 1406.481
f 6341 6342 6343
f 6343 6344 6341
v 2867.023 -83.155 1405.886
v 2861.456 -83.709 1400.141
v 2856.836 -83.600 1404.619
v 2862.403 -83.048 1410.363
f 6345 6346 6347
f 6347 6348 6345
v 2863.604 -83.201 1407.138
v 2855.635 -83.424 1407.844
v 2856.826 -82.531 1421.276
v 2864.795 -82.408 1420.570
f 6349 6350 6351
f 6351 6352 6349
v 2864.409 -82.494 1419.176
v 2857.212 -82.435 1422.670
v 2864.971 -81.404 1438.651
v 2872.168 -81.548 1435.157
f 6353 6354 6355
f 6355 6356 6353
v 2870.517 -81.647 1433.410
v 2866.623 -81.313 1440.398
v 2873.046 -81.170 1443.977
v 2876.940 -81.496 1436.989
f 6357 6358 6359
f 6359 6360 6357
v 2875.773 -81.503 1436.560
v 2874.213 -81.176 1444.406
v 2958.715 -83.508 1461.206
v 2960.275 -83.148 1453.359
f 6361 6362 6363
f 6363 6364 6361
v 3661.251 -81.347 1043.134
v 3667.045 -81.346 1037.617
v 3622.550 -83.796 990.889
v 3616.757 -83.904 996.405
f 6365 6366 6367
f 6367 6368 6365
v 3616.610 -83.909 996.242
v 3622.697 -83.790 991.052
v 3607.168 -84.208 972.838
v 3601.081 -84.324 978.029
f 6369 6370 6371
f 6371 6372 6369
v 3601.733 -84.318 978.640
v 3606.516 -84.213 972.227
v 3580.100 -83.780 952.521
v 3575.316 -83.979 958.934
f 6373 6374 6375
f 6375 6376 6373
v 3575.134 -83.972 958.789
v 3580.283 -83.789 952.666
v 3547.366 -81.082 924.983
v 3542.216 -81.334 931.105
f 6377 6378 6379
f 6379 6380 6377
v 3543.420 -81.440 931.802
v 3546.162 -80.970 924.286
v 3540.407 -80.513 922.186
v 3537.665 -81.023 929.701
f 6381 6382 6383
f 6383 6384 6381
v 3539.306 -81.114 929.935
v 3538.766 -80.411 921.953
v 3532.120 -80.127 922.402
v 3532.660 -80.876 930.384
f 6385 6386 6387
f 6387 6388 6385
v 3533.630 -80.895 930.196
v 3531.151 -80.105 922.590
v 3523.937 -80.033 924.941
v 3526.416 -80.843 932.547
f 6389 6390 6391
f 6391 6392 6389
v 3526.711 -80.843 932.438
v 3523.642 -80.031 925.050
v 3512.577 -80.046 929.646
v 3515.646 -80.884 937.034
f 6393 6394 6395
f 6395 6396 6393
v 3630.612 -82.951 1053.810
v 3634.587 -82.768 1060.753
v 3653.089 -81.710 1050.160
v 3649.114 -81.895 1043.218
f 6397 6398 6399
f 6399 6400 6397
v 3649.359 -81.883 1043.088
v 3652.844 -81.724 1050.290
v 3665.890 -81.240 1043.976
v 3662.406 -81.447 1036.775
f 6401 6402 6403
f 6403 6404 6401
v 3666.889 -81.352 1037.463
v 3661.406 -81.342 1043.288
v 3692.976 -81.064 1073.006
v 3698.460 -80.898 1067.180
f 6405 6406 6407
f 6407 6408 6405
v 3697.297 -80.908 1066.418
v 3694.139 -81.054 1073.768
v 3699.182 -81.062 1075.934
v 3702.339 -81.016 1068.584
f 6409 6410 6411
f 6411 6412 6409
v 3701.067 -80.968 1068.271
v 3700.455 -81.122 1076.247
v 3706.310 -81.349 1076.696
v 3706.922 -81.176 1068.720
f 6413 6414 6415
f 6415 6416 6413
v 3705.414 -81.127 1068.893
v 3707.818 -81.392 1076.523
v 3719.685 -81.671 1072.786
v 3717.281 -81.487 1065.155
f 6417 6418 6419
f 6419 6420 6417
v 3801.211 -89.239 1103.469
v 3793.717 -88.561 1106.269
v 3795.810 -89.054 1111.869
v 3803.304 -89.674 1109.069
f 6421 6422 6423
f 6423 6424 6421
v 3802.360 -89.517 1107.616
v 3796.753 -89.217 1113.322
v 3800.705 -89.772 1117.205
v 3806.312 -90.073 1111.499
f 6425 6426 6427
f 6427 6428 6425
v 3804.697 -89.874 1110.533
v 3802.320 -89.963 1118.171
v 3842.852 -93.791 1130.784
v 3845.229 -94.016 1123.146
f 6429 6430 6431
f 6431 6432 6429
v 3846.174 -94.100 1123.582
v 3841.906 -93.713 1130.348
v 3848.775 -94.251 1134.680
v 3853.042 -94.672 1127.914
f 6433 6434 6435
f 6435 6436 6433
v 3854.194 -94.755 1129.016
v 3847.623 -94.168 1133.579
v 3870.021 -94.683 1165.832
v 3876.592 -95.093 1161.269
f 6437 6438 6439
f 6439 6440 6437
v 3876.997 -95.073 1162.008
v 3869.615 -94.698 1165.092
v 3881.961 -93.563 1194.638
v 3889.342 -93.729 1191.553
f 6441 6442 6443
f 6443 6444 6441
v 3323.373 -78.472 883.461
v 3321.021 -78.146 891.108
v 3353.782 -76.798 901.185
v 3356.134 -76.937 893.539
f 6445 6446 6447
f 6447 6448 6445
v 3355.076 -76.976 893.364
v 3354.840 -76.769 901.360
v 3370.069 -76.427 901.809
v 3370.304 -76.482 893.813
f 6449 6450 6451
f 6451 6452 6449
v 3368.903 -76.521 894.022
v 3371.469 -76.403 901.600
v 3392.219 -75.860 894.573
v 3389.653 -75.815 886.996
f 6453 6454 6455
f 6455 6456 6453
v 3390.863 -75.768 886.785
v 3391.010 -75.898 894.784
v 3414.599 -75.303 894.348
v 3414.451 -74.972 886.349
f 6457 6458 6459
f 6459 6460 6457
v 3415.746 -74.957 886.540
v 3413.304 -75.307 894.158
v 3464.511 -76.633 910.575
v 3466.953 -75.998 902.957
f 6461 6462 6463
f 6463 6464 6461
v 3467.658 -76.041 903.260
v 3463.806 -76.589 910.272
v 3512.186 -80.744 936.846
v 3516.037 -80.196 929.834
f 6465 6466 6467
f 6467 6468 6465
v 3516.799 -80.277 930.378
v 3511.424 -80.664 936.303
v 3558.000 -84.896 978.555
v 3563.375 -84.552 972.629
f 6469 6470 6471
f 6471 6472 6469
v 3563.538 -84.560 972.786
v 3557.837 -84.888 978.398
v 3595.452 -84.881 1016.608
v 3601.153 -84.557 1010.996
f 6473 6474 6475
f 6475 6476 6473
v 3601.485 -84.544 1011.379
v 3595.120 -84.896 1016.225
v 3620.356 -83.496 1049.376
v 3626.721 -83.132 1044.530
f 6477 6478 6479
f 6479 6480 6477
v 3626.545 -83.141 1044.315
v 3620.532 -83.487 1049.591
v 3629.593 -83.029 1059.920
v 3635.607 -82.686 1054.644
f 6481 6482 6483
f 6483 6484 6481
v 3635.607 -82.686 1054.644
v 3629.593 -83.029 1059.920
v 3634.413 -82.798 1065.414
v 3640.427 -82.456 1060.138
f 6485 6486 6487
f 6487 6488 6485
v 3641.409 -82.418 1062.484
v 3633.431 -82.839 1063.068
v 3633.954 -82.843 1070.226
v 3641.933 -82.432 1069.643
f 6489 6490 6491
f 6491 6492 6489
v 3641.415 -82.471 1071.921
v 3634.471 -82.807 1067.948
v 3630.965 -83.011 1074.076
v 3637.908 -82.736 1078.049
f 6493 6494 6495
f 6495 6496 6493
v 3636.441 -82.835 1079.524
v 3632.432 -82.931 1072.602
v 3613.619 -83.940 1083.498
v 3617.628 -83.788 1090.421
f 6497 6498 6499
f 6499 6500 6497
v 3617.717 -83.785 1090.368
v 3613.531 -83.945 1083.551
v 3581.437 -85.184 1103.256
v 3585.623 -84.868 1110.074
f 6501 6502 6503
f 6503 6504 6501
v 2747.325 -85.389 2371.534
v 2743.487 -85.192 2378.553
v 2773.799 -82.009 2395.127
v 2777.637 -82.195 2388.108
f 6505 6506 6507
f 6507 6508 6505
v 2778.547 -82.093 2388.789
v 2772.890 -82.112 2394.446
v 2813.788 -78.637 2435.345
v 2819.445 -78.677 2429.688
f 6509 6510 6511
f 6511 6512 6509
v 2818.829 -78.701 2429.184
v 2814.404 -78.613 2435.849
v 2849.492 -78.877 2459.145
v 2853.917 -78.949 2452.480
f 6513 6514 6515
f 6515 6516 6513
v 2850.104 -78.820 2452.147
v 2853.305 -79.002 2459.478
v 2864.949 -79.329 2454.394
v 2861.748 -79.157 2447.062
f 6517 6518 6519
f 6519 6520 6517
v 2862.847 -79.192 2446.760
v 2863.851 -79.296 2454.696
v 2896.846 -81.049 2450.523
v 2895.842 -80.976 2442.586
f 6521 6522 6523
f 6523 6524 6521
v 2895.055 -80.926 2442.768
v 2897.633 -81.097 2450.342
v 2939.734 -83.643 2436.013
v 2937.156 -83.415 2428.439
f 6525 6526 6527
f 6527 6528 6525
v 2938.925 -83.514 2428.255
v 2937.965 -83.539 2436.197
v 2942.886 -83.840 2436.792
v 2943.845 -83.802 2428.849
f 6529 6530 6531
f 6531 6532 6529
v 2945.753 -83.920 2429.611
v 2940.978 -83.717 2436.030
v 2966.058 -84.943 2454.690
v 2970.833 -85.161 2448.272
f 6533 6534 6535
f 6535 6536 6533
v 2968.567 -85.098 2447.483
v 2968.324 -85.004 2455.479
v 2973.100 -85.148 2455.624
v 2973.343 -85.247 2447.628
f 6537 6538 6539
f 6539 6540 6537
v 2972.217 -85.210 2447.754
v 2974.225 -85.184 2455.498
v 2997.813 -85.946 2449.384
v 2995.806 -85.942 2441.639
f 6541 6542 6543
f 6543 6544 6541
v 2997.738 -85.958 2441.621
v 2995.881 -85.933 2449.402
v 3003.351 -85.821 2451.185
v 3005.208 -85.872 2443.404
f 6545 6546 6547
f 6547 6548 6545
v 3007.611 -85.836 2445.080
v 3000.948 -85.888 2449.508
v 3016.922 -85.243 2473.544
v 3023.585 -85.188 2469.115
f 6549 6550 6551
f 6551 6552 6549
v 3023.051 -85.208 2468.470
v 3017.456 -85.224 2474.189
v 3037.906 -83.747 2494.196
v 3043.500 -83.724 2488.478
f 6553 6554 6555
f 6555 6556 6553
v 3042.776 -83.800 2487.916
v 3038.630 -83.681 2494.757
v 3073.862 -80.308 2516.112
v 3078.009 -80.550 2509.270
f 6557 6558 6559
f 6559 6560 6557
v 3076.632 -80.661 2508.752
v 3075.239 -80.200 2516.630
v 3098.827 -78.378 2520.803
v 3100.221 -78.643 2512.925
f 6561 6562 6563
f 6563 6564 6561
v 3099.827 -78.676 2512.875
v 3099.222 -78.349 2520.853
v 3116.988 -77.093 2522.200
v 3117.593 -77.281 2514.222
f 6565 6566 6567
f 6567 6568 6565
v 3119.041 -77.162 2514.614
v 3115.540 -77.202 2521.808
v 3155.103 -74.720 2541.062
v 3158.604 -74.401 2533.869
f 6569 6570 6571
f 6571 6572 6569
v 3160.147 -74.341 2535.195
v 3153.560 -74.772 2539.735
v 3182.069 -75.723 2581.097
v 3188.656 -75.534 2576.557
f 6573 6574 6575
f 6575 6576 6573
v 3189.247 -75.616 2577.870
v 3181.479 -75.649 2579.783
v 3183.427 -76.086 2587.693
v 3191.195 -76.121 2585.780
f 6577 6578 6579
f 6579 6580 6577
v 3191.296 -76.204 2587.083
v 3183.326 -76.015 2586.391
v 3181.678 -76.865 2605.355
v 3189.648 -77.211 2606.047
f 6581 6582 6583
f 6583 6584 6581
v 3189.261 -77.092 2603.953
v 3182.065 -76.969 2607.449
v 3184.459 -77.287 2612.375
v 3191.654 -77.437 2608.878
f 6585 6586 6587
f 6587 6588 6585
v 3190.735 -77.336 2607.655
v 3185.378 -77.385 2613.598
v 3229.272 -81.247 2653.163
v 3234.628 -81.183 2647.220
f 6589 6590 6591
f 6591 6592 6589
v 2671.429 -91.626 718.305
v 2676.960 -91.549 724.084
v 2710.468 -89.826 692.015
v 2704.936 -89.875 686.236
f 6593 6594 6595
f 6595 6596 6593
v 4026.500 -94.371 396.300
v 4023.458 -93.913 388.901
v 3960.607 -92.211 414.736
v 3963.649 -92.913 422.135
f 6597 6598 6599
f 6599 6600 6597
v 3963.588 -92.913 422.160
v 3960.668 -92.210 414.712
v 3923.342 -92.967 429.347
v 3926.263 -93.566 436.795
f 6601 6602 6603
f 6603 6604 6601
v 3926.159 -93.569 436.834
v 3923.446 -92.964 429.308
v 3905.457 -93.320 435.793
v 3908.170 -93.943 443.319
f 6605 6606 6607
f 6607 6608 6605
v 3912.329 -94.201 445.821
v 3914.745 -94.876 453.447
v 3935.717 -94.611 446.803
v 3933.302 -93.851 439.177
f 6609 6610 6611
f 6611 6612 6609
v 3933.059 -93.857 439.262
v 3935.960 -94.606 446.718
v 3968.577 -94.028 434.025
v 3965.675 -93.336 426.569
f 6613 6614 6615
f 6615 6616 6613
v 3965.633 -93.336 426.586
v 3968.619 -94.028 434.008
v 4032.227 -95.235 408.410
v 4029.241 -94.704 400.988
f 6617 6618 6619
f 6619 6620 6617
v 2710.156 -89.560 685.967
v 2705.247 -90.101 692.284
v 2725.185 -90.075 707.777
v 2730.094 -89.482 701.460
f 6621 6622 6623
f 6623 6624 6621
v 2730.909 -89.508 702.315
v 2724.369 -90.049 706.922
v 2742.035 -91.385 732.004
v 2748.576 -90.946 727.397
f 6625 6626 6627
f 6627 6628 6625
v 2748.990 -91.003 728.143
v 2741.621 -91.331 731.258
v 2753.388 -93.156 759.087
v 2760.756 -92.793 755.972
f 6629 6630 6631
f 6631 6632 6629
v 3065.485 -83.080 563.988
v 3067.261 -83.061 571.788
v 3100.557 -79.923 564.206
v 3098.781 -80.031 556.406
f 6633 6634 6635
f 6635 6636 6633
v 3582.473 -80.583 789.481
v 3589.819 -81.561 792.649
v 3613.809 -84.663 737.030
v 3606.463 -83.998 733.862
f 6637 6638 6639
f 6639 6640 6637
v 3606.479 -84.000 733.824
v 3613.792 -84.662 737.068
v 3641.967 -84.469 673.537
v 3634.654 -84.302 670.294
f 6641 6642 6643
f 6643 6644 6641
v 3634.890 -84.289 669.841
v 3641.731 -84.484 673.989
v 3671.542 -82.063 624.829
v 3664.702 -81.944 620.680
f 6645 6646 6647
f 6647 6648 6645
v 3742.227 -95.822 867.122
v 3743.408 -95.235 875.035
v 3813.640 -94.989 864.548
v 3812.458 -95.196 856.635
f 6649 6650 6651
f 6651 6652 6649
v 3814.640 -95.106 856.922
v 3811.457 -95.073 864.261
v 3866.638 -93.123 888.194
v 3869.821 -92.857 880.854
f 6653 6654 6655
f 6655 6656 6653
v 3869.659 -92.860 880.788
v 3866.801 -93.121 888.260
v 3921.437 -94.082 909.155
v 3924.294 -93.469 901.683
f 6657 6658 6659
f 6659 6660 6657
v 3924.617 -93.484 901.823
v 3921.113 -94.066 909.015
v 4023.149 -99.854 958.729
v 4026.653 -99.406 951.537
f 6661 6662 6663
f 6663 6664 6661
v 4026.688 -99.407 951.554
v 4023.114 -99.853 958.712
v 4065.338 -99.154 979.791
v 4068.911 -98.917 972.634
f 6665 6666 6667
f 6667 6668 6665
v 4069.476 -98.896 972.977
v 4064.773 -99.178 979.448
v 4072.587 -98.790 985.128
v 4077.291 -98.500 978.656
f 6669 6670 6671
f 6671 6672 6669
v 4078.335 -98.435 979.778
v 4071.543 -98.854 984.006
v 4074.282 -98.683 988.404
v 4081.073 -98.245 984.176
f 6673 6674 6675
f 6675 6676 6673
v 3739.190 -95.584 869.392
v 3746.444 -95.422 872.765
v 3827.451 -93.195 698.592
v 3820.198 -92.819 695.218
f 6677 6678 6679
f 6679 6680 6677
v 3821.489 -92.831 693.657
v 3826.160 -93.183 700.152
v 3882.365 -97.055 659.736
v 3877.694 -96.976 653.241
f 6681 6682 6683
f 6683 6684 6681
v 3877.725 -96.979 653.218
v 3882.334 -97.052 659.758
v 3909.229 -100.213 640.804
v 3904.620 -100.236 634.265
f 6685 6686 6687
f 6687 6688 6685
v 3904.678 -100.244 634.225
v 3909.171 -100.207 640.844
v 3937.458 -103.019 621.639
v 3932.964 -103.032 615.020
f 6689 6690 6691
f 6691 6692 6689
v 3932.867 -103.023 615.088
v 3937.554 -103.030 621.571
v 3971.429 -104.640 597.083
v 3966.742 -104.774 590.600
f 6693 6694 6695
f 6695 6696 6693
v 3966.680 -104.773 590.646
v 3971.491 -104.642 597.038
v 3990.515 -104.835 582.720
v 3985.705 -104.837 576.328
f 6697 6698 6699
f 6699 6700 6697
v 4137.233 -97.459 685.140
v 4138.458 -96.835 677.234
v 4123.976 -97.101 674.989
v 4122.750 -97.598 682.895
f 6701 6702 6703
f 6703 6704 6701
v 4122.953 -97.596 682.921
v 4123.773 -97.105 674.963
v 4115.191 -97.312 674.078
v 4114.370 -97.732 682.036
f 6705 6706 6707
f 6707 6708 6705
v 4114.591 -97.728 682.052
v 4114.969 -97.318 674.061
v 4105.485 -97.605 673.612
v 4105.107 -97.923 681.603
f 6709 6710 6711
f 6711 6712 6709
v 4105.542 -97.913 681.600
v 4105.050 -97.620 673.615
v 4091.769 -98.080 674.434
v 4092.262 -98.239 682.419
f 6713 6714 6715
f 6715 6716 6713
v 4094.400 -98.172 681.638
v 4089.631 -98.163 675.215
v 4048.120 -98.183 706.043
v 4052.889 -98.074 712.466
f 6717 6718 6719
f 6719 6720 6717
v 4052.866 -98.073 712.483
v 4048.143 -98.184 706.026
v 4017.541 -96.086 728.414
v 4022.264 -95.855 734.870
f 6721 6722 6723
f 6723 6724 6721
v 4022.641 -95.891 734.558
v 4017.164 -96.050 728.726
v 3995.223 -93.573 749.331
v 4000.700 -93.497 755.162
f 6725 6726 6727
f 6727 6728 6725
v 4000.929 -93.526 754.929
v 3994.994 -93.544 749.565
v 3980.957 -91.823 765.097
v 3986.892 -91.625 770.461
f 6729 6730 6731
f 6731 6732 6729
v 4020.416 -93.539 782.389
v 4026.403 -93.838 787.695
v 4040.518 -95.469 771.766
v 4034.531 -95.109 766.460
f 6733 6734 6735
f 6735 6736 6733
v 4034.846 -95.149 766.143
v 4040.203 -95.434 772.084
v 4049.387 -96.460 763.802
v 4044.030 -96.197 757.861
f 6737 6738 6739
f 6739 6740 6737
v 4044.030 -96.197 757.861
v 4049.386 -96.460 763.803
v 4059.160 -97.420 754.993
v 4053.804 -97.146 749.051
f 6741 6742 6743
f 6743 6744 6741
v 4054.344 -97.192 748.642
v 4058.621 -97.373 755.402
v 4068.996 -98.196 748.838
v 4064.719 -97.974 742.077
f 6745 6746 6747
f 6747 6748 6745
v 4064.905 -97.987 741.966
v 4068.809 -98.182 748.949
v 4079.629 -98.864 742.900
v 4075.726 -98.632 735.917
f 6749 6750 6751
f 6751 6752 6749
v 4075.725 -98.632 735.917
v 4079.630 -98.864 742.900
v 4095.905 -99.588 733.799
v 4092.000 -99.250 726.817
f 6753 6754 6755
f 6755 6756 6753
v 4091.774 -99.244 726.953
v 4096.131 -99.595 733.663
v 4110.613 -99.842 724.259
v 4106.257 -99.418 717.549
f 6757 6758 6759
f 6759 6760 6757
v 4119.374 -95.209 535.790
v 4111.834 -95.627 538.461
v 4116.910 -94.862 552.792
v 4124.451 -94.399 550.121
f 6761 6762 6763
f 6763 6764 6761
v 4124.233 -94.432 549.618
v 4117.128 -94.831 553.295
v 4125.933 -93.927 570.308
v 4133.038 -93.416 566.630
f 6765 6766 6767
f 6767 6768 6765
v 4132.995 -93.420 566.550
v 4125.976 -93.923 570.388
v 4144.266 -92.648 603.831
v 4151.285 -92.026 599.993
f 6769 6770 6771
f 6771 6772 6769
v 3099.002 -80.006 556.362
v 3100.336 -79.947 564.250
v 3317.821 -71.327 527.465
v 3316.487 -71.712 519.577
f 6773 6774 6775
f 6775 6776 6773
v 2706.373 -89.753 685.353
v 2709.031 -89.938 692.898
v 2774.966 -84.555 669.665
v 2772.307 -84.043 662.120
f 6777 6778 6779
f 6779 6780 6777
v 2772.187 -84.054 662.164
v 2775.085 -84.544 669.621
v 2884.479 -80.716 627.104
v 2881.581 -80.408 619.647
f 6781 6782 6783
f 6783 6784 6781
v 2881.824 -80.419 619.561
v 2884.236 -80.707 627.189
v 2946.285 -83.879 607.575
v 2943.874 -83.837 599.947
f 6785 6786 6787
f 6787 6788 6785
v 2943.873 -83.837 599.947
v 2946.286 -83.879 607.575
v 2954.011 -84.346 605.131
v 2951.599 -84.322 597.504
f 6789 6790 6791
f 6791 6792 6789
v 2951.601 -84.322 597.503
v 2954.009 -84.346 605.132
v 3041.206 -84.945 577.606
v 3038.798 -84.993 569.977
f 6793 6794 6795
f 6795 6796 6793
v 3039.128 -84.969 569.888
v 3040.876 -84.970 577.695
v 3067.247 -83.062 571.791
v 3065.499 -83.079 563.984
f 6797 6798 6799
f 6799 6800 6797
v 3387.674 -77.550 534.583
v 3388.855 -77.750 542.495
v 3447.988 -83.255 533.672
v 3446.807 -82.768 525.760
f 6801 6802 6803
f 6803 6804 6801
v 3332.178 -71.845 542.597
v 3333.321 -71.720 550.515
v 3388.836 -77.748 542.498
v 3387.693 -77.552 534.580
f 6805 6806 6807
f 6807 6808 6805
v 2458.332 -97.586 453.275
v 2450.835 -97.790 450.484
v 2427.402 -97.304 513.448
v 2434.900 -97.643 516.239
f 6809 6810 6811
f 6811 6812 6809
v 2435.129 -97.664 515.262
v 2427.173 -97.275 514.424
v 2426.761 -97.180 518.334
v 2434.717 -97.605 519.172
f 6813 6814 6815
f 6815 6816 6813
v 2434.405 -97.608 517.153
v 2427.073 -97.159 520.353
v 2428.375 -97.182 523.338
v 2435.708 -97.652 520.138
f 6817 6818 6819
f 6819 6820 6817
v 2433.416 -97.546 517.982
v 2430.667 -97.289 525.494
v 2456.793 -99.035 535.057
v 2459.543 -99.136 527.545
f 6821 6822 6823
f 6823 6824 6821
v 3498.472 -86.925 1018.388
v 3495.108 -87.104 1025.646
v 3531.832 -87.871 1042.671
v 3535.197 -87.655 1035.413
f 6825 6826 6827
f 6827 6828 6825
v 3536.788 -87.629 1036.743
v 3530.241 -87.825 1041.341
v 3532.857 -87.898 1045.065
v 3539.404 -87.619 1040.467
f 6829 6830 6831
f 6831 6832 6829
v 3540.080 -87.631 1042.130
v 3532.181 -87.892 1043.402
v 3533.228 -87.844 1049.901
v 3541.126 -87.583 1048.629
f 6833 6834 6835
f 6835 6836 6833
v 3540.947 -87.568 1050.601
v 3533.407 -87.868 1047.928
v 3515.328 -86.163 1098.923
v 3522.869 -86.135 1101.596
f 6837 6838 6839
f 6839 6840 6837
v 3245.557 -70.429 976.458
v 3242.811 -69.800 983.972
v 3276.708 -69.296 996.360
v 3279.454 -69.812 988.847
f 6841 6842 6843
f 6843 6844 6841
v 2964.449 -75.359 857.963
v 2966.475 -75.500 865.703
v 2970.360 -75.111 864.686
v 2968.334 -74.981 856.946
f 6845 6846 6847
f 6847 6848 6845
v 2970.491 -74.788 856.983
v 2968.204 -75.296 864.649
v 2980.249 -74.475 868.242
v 2982.535 -73.825 860.575
f 6849 6850 6851
f 6851 6852 6849
v 2983.028 -73.788 860.758
v 2979.756 -74.505 868.059
v 3025.475 -73.488 888.544
v 3028.747 -72.817 881.244
f 6853 6854 6855
f 6855 6856 6853
v 3028.818 -72.817 881.276
v 3025.404 -73.488 888.511
v 3148.211 -75.124 946.467
v 3151.626 -75.106 939.232
f 6857 6858 6859
f 6859 6860 6857
v 3151.393 -75.113 939.131
v 3148.445 -75.116 946.568
v 3242.710 -69.806 983.933
v 3245.658 -70.426 976.496
f 6861 6862 6863
f 6863 6864 6861
v 4200.121 -90.452 1064.187
v 4208.107 -90.570 1063.716
v 4207.885 -90.517 1059.939
v 4199.898 -90.398 1060.409
f 6865 6866 6867
f 6867 6868 6865
v 4200.181 -90.419 1061.669
v 4207.602 -90.496 1058.680
v 4207.001 -90.467 1057.187
v 4199.580 -90.389 1060.176
f 6869 6870 6871
f 6871 6872 6869
v 4201.240 -90.442 1062.116
v 4205.341 -90.414 1055.247
v 4203.638 -90.374 1054.230
v 4199.537 -90.401 1061.099
f 6873 6874 6875
f 6875 6876 6873
v 4200.241 -90.417 1061.431
v 4202.933 -90.358 1053.898
v 4175.025 -90.796 1043.926
v 4172.333 -90.987 1051.460
f 6877 6878 6879
f 6879 6880 6877
v 4171.747 -91.005 1051.195
v 4175.612 -90.777 1044.191
v 4120.965 -94.663 1014.037
v 4117.100 -94.831 1021.042
f 6881 6882 6883
f 6883 6884 6881
v 3392.760 -75.705 887.224
v 3389.113 -75.944 894.345
v 3420.472 -76.127 910.406
v 3424.119 -75.728 903.285
f 6885 6886 6887
f 6887 6888 6885
v 3425.572 -75.802 904.552
v 3419.018 -76.051 909.139
v 3422.669 -76.365 914.356
v 3429.224 -76.134 909.769
f 6889 6890 6891
f 6891 6892 6889
v 3429.884 -76.239 911.358
v 3422.009 -76.269 912.767
v 3423.278 -76.690 919.860
v 3431.153 -76.713 918.450
f 6893 6894 6895
f 6895 6896 6893
v 3430.866 -76.863 920.790
v 3423.565 -76.558 917.520
v 3402.370 -78.063 964.844
v 3409.671 -78.683 968.114
f 6897 6898 6899
f 6899 6900 6897
v 3232.551 -75.288 705.633
v 3229.857 -75.977 713.166
v 3244.485 -76.607 718.397
v 3247.178 -75.872 710.864
f 6901 6902 6903
f 6903 6904 6901
v 3247.167 -75.871 710.860
v 3244.496 -76.608 718.401
v 3289.580 -78.200 734.369
v 3292.251 -77.479 726.828
f 6905 6906 6907
f 6907 6908 6905
v 3292.786 -77.495 727.063
v 3289.045 -78.187 734.134
v 3348.312 -77.916 765.490
v 3352.053 -77.530 758.419
f 6909 6910 6911
f 6911 6912 6909
v 3352.582 -77.511 758.754
v 3347.783 -77.937 765.155
v 3372.273 -76.571 783.514
v 3377.072 -76.243 777.113
f 6913 6914 6915
f 6915 6916 6913
v 3375.038 -76.376 776.330
v 3374.307 -76.431 784.297
v 3382.511 -75.857 785.050
v 3383.242 -75.839 777.083
f 6917 6918 6919
f 6919 6920 6917
v 3380.367 -76.025 777.952
v 3385.387 -75.660 784.181
v 3390.763 -75.322 779.849
v 3385.744 -75.694 773.619
f 6921 6922 6923
f 6923 6924 6921
v 3384.499 -75.765 775.355
v 3392.008 -75.255 778.113
v 3413.972 -76.291 718.307
v 3406.462 -76.371 715.549
f 6925 6926 6927
f 6927 6928 6925
v 2834.128 -85.122 1168.426
v 2830.765 -85.933 1175.685
v 2843.823 -85.739 1181.734
v 2847.186 -84.998 1174.475
f 6929 6930 6931
f 6931 6932 6929
v 2848.623 -85.009 1175.600
v 2842.385 -85.732 1180.609
v 2845.079 -85.839 1183.964
v 2851.317 -85.108 1178.955
f 6933 6934 6935
f 6935 6936 6933
v 2852.121 -85.185 1180.677
v 2844.276 -85.753 1182.242
v 2845.021 -85.999 1185.980
v 2852.867 -85.403 1184.415
f 6937 6938 6939
f 6939 6940 6937
v 2852.944 -85.455 1185.226
v 2844.944 -85.941 1185.168
v 2844.866 -86.774 1195.840
v 2852.866 -86.203 1195.898
f 6941 6942 6943
f 6943 6944 6941
v 2852.631 -86.301 1197.221
v 2845.102 -86.655 1194.516
v 2836.441 -89.024 1218.620
v 2843.970 -88.517 1221.325
f 6945 6946 6947
f 6947 6948 6945
v 2756.587 -92.716 753.559
v 2757.557 -93.238 761.500
v 2807.550 -91.093 755.398
v 2806.581 -90.558 747.457
f 6949 6950 6951
f 6951 6952 6949
v 2805.238 -90.667 747.869
v 2808.893 -90.982 754.986
v 2814.114 -90.473 752.305
v 2810.459 -90.165 745.188
f 6953 6954 6955
f 6955 6956 6953
v 2809.062 -90.334 746.380
v 2815.512 -90.304 751.113
v 2817.983 -89.916 747.745
v 2811.533 -89.943 743.012
f 6957 6958 6959
f 6959 6960 6957
v 2810.904 -90.074 744.307
v 2818.612 -89.786 746.450
v 2829.276 -85.902 708.080
v 2821.568 -86.050 705.938
f 6961 6962 6963
f 6963 6964 6961
v 3371.241 -76.008 498.314
v 3377.191 -76.410 503.662
v 3388.991 -77.051 490.533
v 3383.041 -76.665 485.185
f 6965 6966 6967
f 6967 6968 6965
v 3383.858 -76.697 484.491
v 3388.174 -77.017 491.227
v 3403.102 -77.512 481.664
v 3398.786 -77.110 474.928
f 6969 6970 6971
f 6971 6972 6969
v 3399.532 -77.124 474.554
v 3402.356 -77.492 482.038
v 3422.516 -77.932 474.430
v 3419.692 -77.403 466.946
f 6973 6974 6975
f 6975 6976 6973
v 3419.045 -77.402 467.258
v 3423.163 -77.936 474.118
v 3441.074 -77.735 463.366
v 3436.957 -77.123 456.507
f 6977 6978 6979
f 6979 6980 6977
v 3436.293 -77.148 457.006
v 3441.737 -77.713 462.867
v 3471.148 -75.938 435.552
v 3465.704 -75.359 429.691
f 6981 6982 6983
f 6983 6984 6981
v 3465.466 -75.373 429.931
v 3471.386 -75.920 435.312
v 3499.894 -74.107 403.956
v 3493.975 -73.469 398.574
f 6985 6986 6987
f 6987 6988 6985
v 3487.226 -85.226 528.172
v 3495.022 -85.652 529.965
v 3505.464 -81.908 484.568
v 3497.668 -81.491 482.775
f 6989 6990 6991
f 6991 6992 6989
v 3497.571 -81.560 483.467
v 3505.560 -81.841 483.876
v 3507.653 -77.858 442.970
v 3499.664 -77.450 442.561
f 6993 6994 6995
f 6995 6996 6993
v 3499.710 -77.538 443.405
v 3507.607 -77.773 442.126
v 3500.883 -73.990 400.625
v 3492.986 -73.590 401.905
f 6997 6998 6999
f 6999 7000 6997
v 3494.450 -73.473 398.130
v 3499.420 -74.102 404.399
v 3507.334 -74.245 398.125
v 3502.365 -73.619 391.856
f 7001 7002 7003
f 7003 7004 7001
v 3502.731 -73.628 391.598
v 3506.969 -74.236 398.383
v 3514.138 -74.442 393.906
v 3509.900 -73.840 387.121
f 7005 7006 7007
f 7007 7008 7005
v 3511.415 -73.906 386.559
v 3512.622 -74.378 394.467
v 3547.855 -76.911 389.092
v 3546.648 -76.473 381.183
f 7009 7010 7011
f 7011 7012 7009
v 3968.376 -98.528 479.372
v 3975.895 -98.394 476.638
v 3969.026 -96.381 457.751
v 3961.508 -96.492 460.485
f 7013 7014 7015
f 7015 7016 7013
v 3962.329 -96.645 461.832
v 3968.205 -96.228 456.403
v 3965.923 -95.931 453.933
v 3960.047 -96.347 459.362
f 7017 7018 7019
f 7019 7020 7017
v 3962.472 -96.526 460.615
v 3963.498 -95.751 452.681
v 3960.025 -95.627 452.232
v 3958.999 -96.406 460.165
f 7021 7022 7023
f 7023 7024 7021
v 3961.190 -96.419 459.830
v 3957.834 -95.611 452.567
v 3933.277 -96.205 463.913
v 3936.632 -96.995 471.176
f 7025 7026 7027
f 7027 7028 7025
v 3935.055 -96.986 471.543
v 3934.854 -96.208 463.546
v 3930.123 -96.106 463.665
v 3930.324 -96.862 471.662
f 7029 7030 7031
f 7031 7032 7029
v 3928.306 -96.759 471.174
v 3932.141 -96.201 464.153
v 3929.336 -95.990 462.621
v 3925.501 -96.539 469.642
f 7033 7034 7035
f 7035 7036 7033
v 3924.274 -96.412 468.604
v 3930.563 -96.116 463.659
v 3922.347 -94.992 453.211
v 3916.059 -95.301 458.156
f 7037 7038 7039
f 7039 7040 7037
v 3916.284 -95.328 458.418
v 3922.122 -94.965 452.949
v 3916.456 -94.348 446.899
v 3910.617 -94.714 452.368
f 7041 7042 7043
f 7043 7044 7041
v 3879.514 -91.335 357.331
v 3877.473 -91.405 349.596
v 3834.059 -94.273 361.048
v 3836.099 -94.125 368.783
f 7045 7046 7047
f 7047 7048 7045
v 3838.165 -93.988 367.460
v 3831.993 -94.412 362.371
v 3828.486 -94.640 366.624
v 3834.659 -94.218 371.713
f 7049 7050 7051
f 7051 7052 7049
v 3835.552 -94.161 369.573
v 3827.593 -94.695 368.764
v 3826.925 -94.715 375.328
v 3834.884 -94.190 376.138
f 7053 7054 7055
f 7055 7056 7053
v 3834.855 -94.198 375.105
v 3826.954 -94.701 376.361
v 3830.761 -94.260 400.321
v 3838.662 -93.889 399.065
f 7057 7058 7059
f 7059 7060 7057
v 3837.794 -93.937 397.144
v 3831.629 -94.205 402.242
v 3834.534 -94.049 405.756
v 3840.700 -93.790 400.657
f 7061 7062 7063
f 7063 7064 7061
v 3838.326 -93.905 399.270
v 3836.908 -93.939 407.143
v 3840.648 -93.783 407.817
v 3842.066 -93.725 399.943
f 7065 7066 7067
f 7067 7068 7065
v 3840.704 -93.790 399.934
v 3842.010 -93.728 407.826
v 3864.998 -92.707 404.022
v 3863.692 -92.637 396.130
f 7069 7070 7071
f 7071 7072 7069
v 3564.265 -85.040 1116.123
v 3560.249 -84.722 1123.041
v 3592.899 -84.056 1141.994
v 3596.915 -84.201 1135.076
f 7073 7074 7075
f 7075 7076 7073
v 3594.887 -84.211 1134.535
v 3594.927 -84.063 1142.535
v 3600.303 -84.113 1142.508
v 3600.264 -84.204 1134.509
f 7077 7078 7079
f 7079 7080 7077
v 3598.819 -84.203 1134.786
v 3601.749 -84.130 1142.231
v 3606.413 -84.177 1140.395
v 3603.483 -84.208 1132.951
f 7081 7082 7083
f 7083 7084 7081
v 3601.613 -84.202 1134.464
v 3608.283 -84.190 1138.882
v 3616.454 -84.109 1126.546
v 3609.784 -84.174 1122.128
f 7085 7086 7087
f 7087 7088 7085
v 2886.857 -80.727 622.211
v 2879.203 -80.414 624.539
v 2891.771 -81.739 665.854
v 2899.425 -81.747 663.526
f 7089 7090 7091
f 7091 7092 7089
v 2657.589 -93.469 517.040
v 2649.590 -94.252 517.190
v 2649.969 -94.696 537.425
v 2657.967 -93.773 537.275
f 7093 7094 7095
f 7095 7096 7093
v 2657.951 -93.771 536.987
v 2649.985 -94.699 537.714
v 2650.563 -94.750 544.054
v 2658.530 -93.787 543.327
f 7097 7098 7099
f 7099 7100 7097
v 2657.968 -93.831 541.617
v 2651.126 -94.714 545.763
v 2653.976 -94.445 550.466
v 2660.817 -93.548 546.319
f 7101 7102 7103
f 7103 7104 7101
v 2659.943 -93.642 545.307
v 2654.850 -94.352 551.477
v 2682.246 -90.732 574.090
v 2687.339 -90.021 567.920
f 7105 7106 7107
f 7107 7108 7105
v 2687.067 -90.060 567.714
v 2682.518 -90.693 574.295
v 2704.760 -87.472 589.670
v 2709.308 -86.854 583.089
f 7109 7110 7111
f 7111 7112 7109
v 2708.339 -86.976 582.598
v 2705.729 -87.338 590.160
v 2722.605 -85.321 595.985
v 2725.215 -84.884 588.423
f 7113 7114 7115
f 7115 7116 7113
v 2724.633 -84.953 588.270
v 2723.187 -85.254 596.138
v 2746.776 -82.505 600.470
v 2748.221 -82.153 592.602
f 7117 7118 7119
f 7119 7120 7117
v 2749.392 -82.039 593.013
v 2745.605 -82.635 600.060
v 2757.550 -81.749 606.479
v 2761.337 -81.300 599.432
f 7121 7122 7123
f 7123 7124 7121
v 2762.458 -81.238 600.326
v 2756.429 -81.811 605.585
v 2767.628 -81.329 618.423
v 2773.656 -80.738 613.164
f 7125 7126 7127
f 7127 7128 7125
v 2578.669 -87.759 332.947
v 2570.725 -87.982 332.003
v 2563.334 -89.233 394.228
v 2571.278 -89.081 395.172
f 7129 7130 7131
f 7131 7132 7129
v 2749.067 -95.125 349.858
v 2746.219 -94.943 357.334
v 2767.125 -94.753 365.298
v 2769.973 -94.809 357.822
f 7133 7134 7135
f 7135 7136 7133
v 2769.258 -94.820 357.624
v 2767.840 -94.743 365.497
v 2805.533 -93.371 372.286
v 2806.951 -93.372 364.413
f 7137 7138 7139
f 7139 7140 7137
v 2804.603 -93.528 364.701
v 2807.881 -93.217 371.998
v 2813.703 -92.855 369.383
v 2810.425 -93.165 362.085
f 7141 7142 7143
f 7143 7144 7141
v 2808.318 -93.281 364.330
v 2815.810 -92.740 367.138
v 2818.270 -92.651 360.573
v 2810.778 -93.193 357.766
f 7145 7146 7147
f 7147 7148 7145
v 2810.623 -93.176 360.055
v 2818.425 -92.667 358.284
v 2813.950 -92.995 338.577
v 2806.148 -93.577 340.348
f 7149 7150 7151
f 7151 7152 7149
v 2640.092 -89.351 341.336
v 2632.333 -88.926 339.386
v 2615.969 -89.606 404.477
v 2623.728 -89.796 406.427
f 7153 7154 7155
f 7155 7156 7153
v 1911.171 -80.619 1033.381
v 1905.685 -80.219 1027.559
v 1885.302 -77.840 1046.763
v 1890.788 -78.458 1052.585
f 7157 7158 7159
f 7159 7160 7157
v 1891.165 -78.490 1052.178
v 1884.926 -77.807 1047.170
v 1870.466 -77.232 1065.185
v 1876.704 -77.567 1070.193
f 7161 7162 7163
f 7163 7164 7161
v 1877.005 -77.574 1069.764
v 1870.165 -77.225 1065.614
v 1857.375 -77.444 1086.694
v 1864.214 -77.958 1090.844
f 7165 7166 7167
f 7167 7168 7165
v 1863.515 -77.973 1091.701
v 1858.073 -77.429 1085.837
v 1845.038 -77.512 1097.935
v 1850.480 -78.056 1103.799
f 7169 7170 7171
f 7171 7172 7169
v 1850.267 -78.057 1103.983
v 1845.251 -77.511 1097.751
v 1829.366 -78.115 1110.536
v 1834.381 -78.632 1116.768
f 7173 7174 7175
f 7175 7176 7173
v 1904.028 -86.738 1174.272
v 1903.878 -86.060 1166.273
v 1879.121 -85.046 1166.736
v 1879.270 -85.858 1174.734
f 7177 7178 7179
f 7179 7180 7177
v 1879.242 -85.856 1174.735
v 1879.149 -85.047 1166.735
v 1842.714 -83.552 1167.158
v 1842.807 -84.364 1175.157
f 7181 7182 7183
f 7183 7184 7181
v 1842.778 -84.363 1175.158
v 1842.743 -83.553 1167.158
v 1815.537 -82.439 1167.277
v 1815.572 -83.106 1175.276
f 7185 7186 7187
f 7187 7188 7185
v 1823.850 -87.069 1347.067
v 1824.423 -86.497 1355.046
v 1903.538 -90.028 1349.367
v 1902.965 -90.479 1341.387
f 7189 7190 7191
f 7191 7192 7189
v 1903.024 -90.480 1341.384
v 1903.479 -90.028 1349.371
v 1919.008 -90.205 1348.486
v 1918.553 -90.578 1340.499
f 7193 7194 7195
f 7195 7196 7193
v 1916.563 -90.540 1341.164
v 1920.999 -90.252 1347.821
v 1933.545 -90.370 1339.461
v 1929.108 -90.745 1332.803
f 7197 7198 7199
f 7199 7200 7197
v 1928.524 -90.743 1333.277
v 1934.128 -90.372 1338.987
v 1986.003 -88.610 1288.072
v 1980.399 -88.969 1282.363
f 7201 7202 7203
f 7203 7204 7201
v 1860.430 -77.474 1084.785
v 1861.159 -77.928 1092.752
v 1895.924 -79.944 1089.569
v 1895.195 -79.499 1081.602
f 7205 7206 7207
f 7207 7208 7205
v 1895.159 -79.496 1081.606
v 1895.960 -79.947 1089.566
v 1920.217 -82.059 1087.122
v 1919.415 -81.682 1079.162
f 7209 7210 7211
f 7211 7212 7209
v 1917.804 -81.550 1079.685
v 1921.827 -82.187 1086.600
v 1940.262 -84.197 1075.875
v 1936.239 -83.585 1068.960
f 7213 7214 7215
f 7215 7216 7213
v 1934.978 -83.424 1070.117
v 1941.523 -84.336 1074.718
v 1947.734 -85.113 1065.882
v 1941.190 -84.202 1061.281
f 7217 7218 7219
f 7219 7220 7217
v 2073.628 -93.131 934.264
v 2080.080 -93.861 938.994
v 2095.186 -92.276 918.390
v 2088.735 -91.559 913.660
f 7221 7222 7223
f 7223 7224 7221
v 2088.543 -91.581 913.945
v 2095.377 -92.255 918.104
v 2104.283 -91.188 903.470
v 2097.449 -90.496 899.311
f 7225 7226 7227
f 7227 7228 7225
v 2097.174 -90.537 899.850
v 2104.558 -91.147 902.931
v 2163.991 -92.675 760.470
v 2156.608 -92.225 757.390
f 7229 7230 7231
f 7231 7232 7229
v 2156.736 -92.249 757.112
v 2163.862 -92.652 760.748
v 2198.917 -96.912 692.039
v 2191.791 -96.906 688.404
f 7233 7234 7235
f 7235 7236 7233
v 3041.763 -84.793 570.200
v 3038.240 -85.148 577.383
v 3077.313 -82.364 596.548
v 3080.836 -82.217 589.366
f 7237 7238 7239
f 7239 7240 7237
v 3080.339 -82.275 589.162
v 3077.811 -82.326 596.752
v 3097.514 -80.202 603.316
v 3100.043 -80.049 595.726
f 7241 7242 7243
f 7243 7244 7241
v 3100.807 -79.963 596.074
v 3096.750 -80.287 602.969
v 3132.283 -76.368 623.877
v 3136.340 -75.985 616.982
f 7245 7246 7247
f 7247 7248 7245
v 2956.699 -84.542 600.403
v 2948.911 -84.099 602.232
v 2958.729 -83.246 644.036
v 2966.518 -83.411 642.207
f 7249 7250 7251
f 7251 7252 7249
v 3052.695 -76.814 1168.809
v 3044.875 -76.828 1170.495
v 3046.199 -76.192 1176.637
v 3054.020 -76.205 1174.950
f 7253 7254 7255
f 7255 7256 7253
v 3052.032 -76.498 1172.286
v 3048.187 -75.895 1179.301
v 3054.165 -75.486 1182.577
v 3058.009 -76.071 1175.561
f 7257 7258 7259
f 7259 7260 7257
v 3057.346 -76.111 1175.272
v 3054.829 -75.449 1182.866
v 3106.180 -74.310 1199.890
v 3108.698 -74.670 1192.297
f 7261 7262 7263
f 7263 7264 7261
