# Roads mesh for tecate_core_z14_x2884_y6623
v 76.883 -84.322 2599.602
v 88.292 -84.381 2603.321
v 92.912 -84.023 2589.151
v 81.503 -83.764 2585.432
f 1 2 3
f 3 4 1
v 81.526 -83.762 2585.363
v 92.889 -84.024 2589.221
v 118.159 -84.876 2514.791
v 106.796 -83.640 2510.934
f 5 6 7
f 7 8 5
v 106.620 -83.624 2511.562
v 118.335 -84.900 2514.163
v 123.444 -85.690 2491.145
v 111.729 -84.186 2488.544
f 9 10 11
f 11 12 9
v 111.747 -84.188 2488.468
v 123.427 -85.687 2491.221
v 134.792 -87.560 2443.006
v 123.113 -85.838 2440.252
f 13 14 15
f 15 16 13
v 123.151 -85.843 2440.098
v 134.754 -87.556 2443.159
v 148.791 -88.410 2389.952
v 137.188 -87.049 2386.891
f 17 18 19
f 19 20 17
v -40.012 -45.252 331.903
v -45.036 -43.837 325.678
v -55.935 -43.594 334.474
v -50.910 -45.007 340.700
f 21 22 23
f 23 24 21
v -51.391 -44.989 341.033
v -55.453 -43.611 334.141
v -62.177 -43.195 338.103
v -58.115 -44.604 344.996
f 25 26 27
f 27 28 25
v -58.883 -44.539 345.345
v -61.409 -43.275 337.754
v -70.815 -42.142 340.885
v -68.289 -43.338 348.475
f 29 30 31
f 31 32 29
v -69.207 -43.207 348.665
v -69.897 -42.268 340.695
v -85.304 -39.928 342.029
v -84.614 -40.841 349.999
f 33 34 35
f 35 36 33
v -384.303 1.663 194.448
v -388.232 0.500 201.418
v -320.160 -9.312 239.789
v -316.231 -8.708 232.819
f 37 38 39
f 39 40 37
v -316.242 -8.707 232.814
v -320.150 -9.313 239.794
v -275.043 -12.560 265.049
v -271.135 -12.232 258.069
f 41 42 43
f 43 44 41
v -271.135 -12.232 258.068
v -275.042 -12.560 265.049
v -250.285 -14.181 278.905
v -246.378 -14.023 271.924
f 45 46 47
f 47 48 45
v -246.281 -14.030 271.980
v -250.382 -14.174 278.849
v -219.624 -16.879 297.209
v -215.524 -16.812 290.340
f 49 50 51
f 51 52 49
v -215.713 -16.788 290.234
v -219.435 -16.903 297.315
v -178.525 -22.639 318.819
v -174.803 -22.514 311.737
f 53 54 55
f 55 56 53
v -174.666 -22.540 311.813
v -178.662 -22.612 318.743
v -162.009 -25.965 328.346
v -158.013 -25.846 321.415
f 57 58 59
f 59 60 57
v -157.979 -25.853 321.435
v -162.043 -25.958 328.326
v -143.163 -29.873 339.461
v -139.099 -29.830 332.570
f 61 62 63
f 63 64 61
v -139.242 -29.797 332.489
v -143.020 -29.902 339.541
v -113.465 -36.622 355.378
v -109.686 -36.548 348.326
f 65 66 67
f 67 68 65
v -109.344 -36.628 348.532
v -113.807 -36.543 355.172
v -86.044 -42.871 373.835
v -81.581 -42.942 367.196
f 69 70 71
f 71 72 69
v -81.341 -42.996 367.370
v -86.284 -42.817 373.661
v -67.471 -46.607 388.441
v -62.528 -46.984 382.151
f 73 74 75
f 75 76 73
v -62.224 -47.044 382.416
v -67.775 -46.547 388.176
v -51.055 -49.462 404.290
v -45.504 -49.790 398.530
f 77 78 79
f 79 80 77
v -39.229 -50.961 442.700
v -33.730 -51.327 448.511
v -25.370 -52.142 440.599
v -30.869 -51.771 434.788
f 81 82 83
f 83 84 81
v -30.521 -51.801 434.495
v -25.718 -52.107 440.893
v -20.052 -52.684 436.640
v -24.854 -52.295 430.241
f 85 86 87
f 87 88 85
v -24.574 -52.320 430.049
v -20.333 -52.655 436.832
v -14.544 -53.124 433.213
v -18.785 -52.854 426.430
f 89 90 91
f 91 92 89
v -18.838 -52.849 426.463
v -14.491 -53.128 433.179
v -12.777 -53.247 432.070
v -17.124 -52.970 425.354
f 93 94 95
f 95 96 93
v -17.131 -52.970 425.358
v -12.770 -53.248 432.065
v -5.111 -53.782 427.086
v -9.472 -53.504 420.379
f 97 98 99
f 99 100 97
v 639.240 -104.265 1993.745
v 640.177 -104.459 1985.800
v 609.375 -101.792 1982.168
v 608.438 -101.713 1990.113
f 101 102 103
f 103 104 101
v 608.870 -101.750 1990.141
v 608.943 -101.755 1982.141
v 593.114 -100.218 1981.996
v 593.040 -100.213 1989.995
f 105 106 107
f 107 108 105
v 593.445 -100.257 1989.979
v 592.709 -100.174 1982.012
v 580.264 -98.815 1983.161
v 580.999 -98.895 1991.128
f 109 110 111
f 111 112 109
v 581.206 -98.917 1991.103
v 580.057 -98.793 1983.186
v 558.405 -96.421 1986.329
v 559.554 -96.583 1994.246
f 113 114 115
f 115 116 113
v 559.529 -96.580 1994.250
v 558.431 -96.423 1986.326
v 493.509 -90.869 1995.319
v 494.607 -91.144 2003.244
f 117 118 119
f 119 120 117
v 494.647 -91.146 2003.238
v 493.470 -90.867 1995.325
v 465.684 -89.741 1999.459
v 466.861 -89.986 2007.372
f 121 122 123
f 123 124 121
v 466.874 -89.986 2007.370
v 465.671 -89.741 1999.461
v 441.192 -89.471 2003.185
v 442.395 -89.711 2011.094
f 125 126 127
f 127 128 125
v 442.372 -89.711 2011.097
v 441.216 -89.471 2003.181
v 388.406 -91.151 2010.894
v 389.562 -91.233 2018.810
f 129 130 131
f 131 132 129
v 291.832 -93.330 1890.267
v 284.625 -92.977 1886.793
v 260.936 -96.091 1935.935
v 268.143 -96.379 1939.409
f 133 134 135
f 135 136 133
v 267.956 -96.392 1939.752
v 261.123 -96.077 1935.592
v 244.369 -96.995 1963.115
v 251.203 -97.134 1967.275
f 137 138 139
f 139 140 137
v 250.776 -97.137 1967.852
v 244.796 -96.992 1962.538
v 227.954 -96.989 1981.489
v 233.933 -97.198 1986.804
f 141 142 143
f 143 144 141
v 233.720 -97.199 1987.026
v 228.167 -97.001 1981.267
v 215.799 -96.059 1993.193
v 221.352 -96.285 1998.952
f 145 146 147
f 147 148 145
v 220.961 -96.248 1999.284
v 216.191 -96.096 1992.861
v 192.680 -94.001 2010.320
v 197.450 -94.161 2016.743
f 149 150 151
f 151 152 149
v 197.296 -94.148 2016.851
v 192.834 -94.014 2010.211
v 164.047 -90.323 2029.559
v 168.509 -90.490 2036.199
f 153 154 155
f 155 156 153
v 167.767 -90.398 2036.591
v 164.789 -90.418 2029.167
v 129.166 -86.114 2043.456
v 132.145 -86.299 2050.881
f 157 158 159
f 159 160 157
v 131.643 -86.243 2051.045
v 129.669 -86.173 2043.292
v 97.765 -82.731 2051.414
v 99.738 -83.044 2059.167
f 161 162 163
f 163 164 161
v 99.519 -83.025 2059.216
v 97.984 -82.752 2051.365
v 67.594 -80.031 2057.308
v 69.129 -80.576 2065.159
f 165 166 167
f 167 168 165
v 68.843 -80.554 2065.204
v 67.879 -80.055 2057.263
v 34.695 -77.896 2061.291
v 35.659 -78.591 2069.232
f 169 170 171
f 171 172 169
v 279.318 -85.354 2208.997
v 283.937 -85.899 2215.529
v 311.878 -89.256 2195.772
v 307.259 -88.850 2189.240
f 173 174 175
f 175 176 173
v 306.873 -88.800 2189.551
v 312.264 -89.314 2195.461
v 336.688 -92.731 2173.182
v 331.296 -92.125 2167.271
f 177 178 179
f 179 180 177
v 330.922 -92.075 2167.662
v 337.062 -92.779 2172.791
v 358.045 -95.003 2147.672
v 351.906 -94.395 2142.544
f 181 182 183
f 183 184 181
v 351.992 -94.402 2142.444
v 357.959 -94.996 2147.772
v 380.813 -96.003 2122.178
v 374.846 -95.429 2116.850
f 185 186 187
f 187 188 185
v 375.106 -95.433 2116.584
v 380.553 -95.999 2122.444
v 398.397 -95.946 2105.856
v 392.951 -95.376 2099.997
f 189 190 191
f 191 192 189
v 393.162 -95.371 2099.813
v 398.186 -95.952 2106.040
v 410.119 -95.590 2096.412
v 405.096 -94.993 2090.186
f 193 194 195
f 195 196 193
v 405.128 -94.992 2090.160
v 410.087 -95.591 2096.438
v 423.278 -94.988 2086.018
v 418.319 -94.363 2079.740
f 197 198 199
f 199 200 197
v 418.578 -94.350 2079.552
v 423.019 -95.001 2086.206
v 438.493 -94.268 2075.879
v 434.052 -93.607 2069.224
f 201 202 203
f 203 204 201
v 434.336 -93.593 2069.051
v 438.209 -94.278 2076.052
v 455.229 -93.759 2066.635
v 451.357 -93.046 2059.635
f 205 206 207
f 207 208 205
v 451.526 -93.041 2059.547
v 455.060 -93.763 2066.724
v 472.838 -93.292 2057.968
v 469.303 -92.561 2050.791
f 209 210 211
f 211 212 209
v 469.586 -92.554 2050.665
v 472.556 -93.298 2058.093
v 493.495 -93.377 2049.720
v 490.525 -92.754 2042.292
f 213 214 215
f 215 216 213
v 490.617 -92.756 2042.257
v 493.403 -93.375 2049.756
v 509.077 -93.776 2043.932
v 506.290 -93.231 2036.433
f 217 218 219
f 219 220 217
v 506.316 -93.232 2036.423
v 509.051 -93.775 2043.941
v 536.859 -95.217 2033.825
v 534.124 -94.723 2026.307
f 221 222 223
f 223 224 221
v 94.288 -82.959 2078.277
v 93.085 -83.078 2086.186
v 115.048 -84.352 2089.528
v 116.251 -84.466 2081.619
f 225 226 227
f 227 228 225
v 116.429 -84.478 2081.650
v 114.871 -84.343 2089.497
v 135.165 -85.335 2093.525
v 136.722 -85.684 2085.678
f 229 230 231
f 231 232 229
v 137.298 -85.713 2085.838
v 134.588 -85.312 2093.365
v 149.739 -85.783 2098.819
v 152.449 -86.309 2091.292
f 233 234 235
f 235 236 233
v 152.929 -86.321 2091.501
v 149.258 -85.773 2098.609
v 160.535 -85.894 2104.433
v 164.206 -86.504 2097.325
f 237 238 239
f 239 240 237
v 164.799 -86.505 2097.701
v 159.942 -85.895 2104.058
v 169.671 -85.731 2111.493
v 174.529 -86.358 2105.137
f 241 242 243
f 243 244 241
v 174.996 -86.343 2105.556
v 169.204 -85.745 2111.074
v 179.935 -85.189 2122.339
v 185.727 -85.763 2116.821
f 245 246 247
f 247 248 245
v 186.267 -85.716 2117.532
v 179.395 -85.234 2121.628
v 187.677 -84.207 2135.521
v 194.549 -84.768 2131.425
f 249 250 251
f 251 252 249
v 194.907 -84.711 2132.206
v 187.319 -84.271 2134.741
v 190.492 -83.619 2144.236
v 198.080 -83.997 2141.701
f 253 254 255
f 255 256 253
v 198.177 -83.976 2142.040
v 190.395 -83.639 2143.897
v 193.123 -82.938 2155.321
v 200.904 -83.252 2153.463
f 257 258 259
f 259 260 257
v 200.978 -83.226 2153.862
v 193.049 -82.963 2154.922
v 194.985 -82.020 2169.410
v 202.915 -82.252 2168.350
f 261 262 263
f 263 264 261
v 202.939 -82.236 2168.587
v 194.961 -82.035 2169.172
v 195.562 -81.712 2177.373
v 203.541 -81.883 2176.788
f 265 266 267
f 267 268 265
v 203.544 -81.863 2177.321
v 195.559 -81.732 2176.840
v 194.813 -81.263 2189.228
v 202.798 -81.379 2189.709
f 269 270 271
f 271 272 269
v 202.794 -81.376 2189.766
v 194.817 -81.265 2189.171
v 193.804 -80.829 2202.760
v 201.781 -80.951 2203.355
f 273 274 275
f 275 276 273
v 296.439 -94.072 2062.321
v 295.469 -93.622 2070.262
v 309.840 -93.689 2072.019
v 310.811 -94.032 2064.078
f 277 278 279
f 279 280 277
v 310.766 -94.032 2064.072
v 309.884 -93.689 2072.024
v 322.742 -93.668 2073.450
v 323.624 -93.877 2065.499
f 281 282 283
f 283 284 281
v 323.952 -93.873 2065.549
v 322.414 -93.669 2073.400
v 335.294 -93.659 2075.922
v 336.831 -93.741 2068.071
f 285 286 287
f 287 288 285
v 337.931 -93.733 2068.460
v 334.193 -93.659 2075.533
v 341.541 -93.675 2079.416
v 345.278 -93.702 2072.343
f 289 290 291
f 291 292 289
v 345.917 -93.702 2072.763
v 340.902 -93.671 2078.996
v 347.125 -93.742 2084.002
v 352.139 -93.754 2077.768
f 293 294 295
f 295 296 293
v 352.824 -93.766 2078.474
v 346.441 -93.729 2083.296
v 351.250 -93.859 2089.662
v 357.633 -93.907 2084.839
f 297 298 299
f 299 300 297
v 358.044 -93.926 2085.513
v 350.838 -93.843 2088.988
v 354.412 -94.021 2096.397
v 361.617 -94.150 2092.922
f 301 302 303
f 303 304 301
v 361.972 -94.187 2094.080
v 354.057 -93.995 2095.239
v 355.248 -94.149 2103.374
v 363.164 -94.423 2102.215
f 305 306 307
f 307 308 305
v 363.196 -94.446 2103.068
v 355.215 -94.135 2102.521
v 354.681 -94.224 2110.313
v 362.662 -94.615 2110.860
f 309 310 311
f 311 312 309
v 362.466 -94.628 2111.851
v 354.876 -94.220 2109.322
v 352.461 -94.182 2116.572
v 360.051 -94.653 2119.101
f 313 314 315
f 315 316 313
v 359.852 -94.651 2119.587
v 352.659 -94.189 2116.086
v 349.253 -94.028 2123.086
v 356.446 -94.559 2126.586
f 317 318 319
f 319 320 317
v 356.173 -94.548 2127.062
v 349.526 -94.044 2122.610
v 342.980 -93.576 2132.383
v 349.627 -94.146 2136.835
f 321 322 323
f 323 324 321
v 349.263 -94.117 2137.300
v 343.345 -93.606 2131.917
v 324.677 -91.636 2152.440
v 330.594 -92.175 2157.823
f 325 326 327
f 327 328 325
v 330.464 -92.159 2157.960
v 324.807 -91.652 2152.304
v 310.179 -89.646 2166.937
v 315.837 -90.160 2172.592
f 329 330 331
f 331 332 329
v 315.544 -90.119 2172.858
v 310.472 -89.685 2166.671
v 289.678 -87.022 2183.721
v 294.750 -87.426 2189.907
f 333 334 335
f 335 336 333
v 294.262 -87.363 2190.249
v 290.165 -87.085 2183.378
v 281.838 -86.018 2188.344
v 285.936 -86.280 2195.215
f 337 338 339
f 339 340 337
v 285.236 -86.190 2195.545
v 282.537 -86.106 2188.014
v 275.647 -85.253 2190.484
v 278.346 -85.318 2198.015
f 341 342 343
f 343 344 341
v 277.768 -85.246 2198.174
v 276.224 -85.324 2190.324
v 267.831 -84.428 2191.975
v 269.375 -84.258 2199.825
f 345 346 347
f 347 348 345
v 268.619 -84.202 2199.900
v 268.587 -84.483 2191.900
v 261.997 -84.023 2191.926
v 262.029 -83.733 2199.926
f 349 350 351
f 351 352 349
v 260.819 -83.653 2199.744
v 263.206 -84.101 2192.109
v 255.815 -83.672 2189.797
v 253.427 -83.216 2197.433
f 353 354 355
f 355 356 353
v 252.681 -83.176 2197.113
v 256.561 -83.711 2190.117
v 251.251 -83.455 2187.172
v 247.371 -82.915 2194.168
f 357 358 359
f 359 360 357
v 246.584 -82.883 2193.596
v 252.038 -83.488 2187.744
v 245.081 -83.262 2181.260
v 239.626 -82.656 2187.112
f 361 362 363
f 363 364 361
v 239.210 -82.645 2186.659
v 245.498 -83.272 2181.713
v 239.898 -83.176 2174.595
v 233.610 -82.552 2179.541
f 365 366 367
f 367 368 365
v 232.982 -82.556 2178.397
v 240.527 -83.173 2175.739
v 238.290 -83.307 2169.386
v 230.744 -82.669 2172.044
f 369 370 371
f 371 372 369
v 230.632 -82.677 2171.669
v 238.401 -83.286 2169.762
v 236.476 -83.750 2161.917
v 228.706 -83.122 2163.824
f 373 374 375
f 375 376 373
v 228.596 -83.178 2163.076
v 236.586 -83.701 2162.666
v 236.129 -84.344 2153.765
v 228.140 -83.856 2154.174
f 377 378 379
f 379 380 377
v 228.154 -83.842 2154.364
v 236.115 -84.357 2153.575
v 234.746 -85.322 2139.761
v 226.785 -84.872 2140.550
f 381 382 383
f 383 384 381
v 226.787 -84.871 2140.571
v 234.744 -85.324 2139.740
v 233.642 -86.303 2129.188
v 225.685 -85.870 2130.019
f 385 386 387
f 387 388 385
v 1322.954 -80.082 783.834
v 1328.877 -80.255 778.457
v 1306.991 -78.455 754.352
v 1301.068 -78.372 759.730
f 389 390 391
f 391 392 389
v 1301.306 -78.390 759.971
v 1306.754 -78.439 754.112
v 1286.382 -77.367 735.171
v 1280.935 -77.284 741.030
f 393 394 395
f 395 396 393
v 1280.935 -77.284 741.030
v 1286.382 -77.367 735.171
v 1280.928 -77.213 730.100
v 1275.480 -77.126 735.958
f 397 398 399
f 399 400 397
v 1275.393 -77.124 735.875
v 1281.015 -77.215 730.183
v 1270.918 -77.127 720.211
v 1265.296 -77.034 725.903
f 401 402 403
f 403 404 401
v 1266.065 -77.034 726.496
v 1270.150 -77.130 719.618
v 1259.764 -77.264 713.449
v 1255.679 -77.138 720.328
f 405 406 407
f 407 408 405
v 1255.369 -77.145 720.124
v 1260.073 -77.255 713.653
v 1241.561 -78.096 700.194
v 1236.856 -77.905 706.665
f 409 410 411
f 411 412 409
v 1236.040 -77.964 705.871
v 1242.377 -78.037 700.988
v 1231.334 -79.182 686.657
v 1224.997 -79.155 691.540
f 413 414 415
f 415 416 413
v 1225.029 -79.151 691.581
v 1231.303 -79.186 686.617
v 1215.473 -81.292 666.607
v 1209.199 -81.297 671.570
f 417 418 419
f 419 420 417
v 441.887 -96.948 1181.397
v 445.819 -97.777 1188.364
v 462.528 -97.225 1178.934
v 458.596 -96.389 1171.967
f 421 422 423
f 423 424 421
v 460.446 -96.381 1171.452
v 460.679 -97.231 1179.448
v 469.284 -97.427 1179.197
v 469.051 -96.571 1171.201
f 425 426 427
f 427 428 425
v 469.061 -96.571 1171.201
v 469.273 -97.427 1179.198
v 471.767 -97.484 1179.132
v 471.555 -96.627 1171.135
f 429 430 431
f 431 432 429
v 472.501 -96.660 1171.222
v 470.821 -97.451 1179.044
v 609.491 -96.218 1208.827
v 611.171 -96.401 1201.005
f 433 434 435
f 435 436 433
v 611.321 -96.394 1201.041
v 609.341 -96.226 1208.792
v 696.304 -91.625 1231.007
v 698.284 -92.123 1223.256
f 437 438 439
f 439 440 437
v 698.210 -92.124 1223.237
v 696.379 -91.624 1231.025
v 701.210 -91.551 1232.161
v 703.041 -92.013 1224.373
f 441 442 443
f 443 444 441
v 703.280 -92.007 1224.437
v 700.971 -91.555 1232.097
v 749.841 -91.742 1246.823
v 752.149 -92.113 1239.163
f 445 446 447
f 447 448 445
v 752.246 -92.115 1239.194
v 749.743 -91.739 1246.793
v 791.010 -93.805 1260.383
v 793.512 -94.034 1252.784
f 449 450 451
f 451 452 449
v 793.210 -94.015 1252.698
v 791.311 -93.826 1260.469
v 801.041 -94.511 1262.847
v 802.940 -94.655 1255.075
f 453 454 455
f 455 456 453
v 801.659 -94.567 1254.975
v 802.322 -94.602 1262.947
v 809.468 -95.104 1262.353
v 808.805 -95.054 1254.380
f 457 458 459
f 459 460 457
v 808.499 -95.033 1254.418
v 809.775 -95.125 1262.316
v 879.205 -98.615 1251.102
v 877.929 -98.225 1243.205
f 461 462 463
f 463 464 461
v 877.739 -98.221 1243.240
v 879.394 -98.620 1251.067
v 914.560 -98.190 1243.631
v 912.905 -97.795 1235.804
f 465 466 467
f 467 468 465
v 912.836 -97.797 1235.820
v 914.629 -98.188 1243.616
v 961.784 -95.267 1232.773
v 959.991 -94.950 1224.976
f 469 470 471
f 471 472 469
v 960.117 -94.940 1224.949
v 961.659 -95.277 1232.799
v 1028.228 -88.229 1219.724
v 1026.686 -88.235 1211.874
f 473 474 475
f 475 476 473
v 1026.647 -88.239 1211.882
v 1028.266 -88.225 1219.716
v 1042.203 -86.666 1216.837
v 1040.585 -86.802 1209.003
f 477 478 479
f 479 480 477
v 1040.792 -86.781 1208.965
v 1041.996 -86.689 1216.874
v 1197.365 -77.864 1193.220
v 1196.160 -78.590 1185.311
f 481 482 483
f 483 484 481
v 1196.129 -78.590 1185.316
v 1197.396 -77.864 1193.215
v 1321.740 -76.931 1173.258
v 1320.472 -76.510 1165.359
f 485 486 487
f 487 488 485
v 1320.536 -76.508 1165.349
v 1321.677 -76.933 1173.268
v 1413.627 -74.391 1160.021
v 1412.486 -73.625 1152.102
f 489 490 491
f 491 492 489
v 1412.409 -73.627 1152.114
v 1413.703 -74.389 1160.009
v 1460.502 -73.793 1152.335
v 1459.208 -73.269 1144.441
f 493 494 495
f 495 496 493
v 1457.827 -73.281 1144.940
v 1461.883 -73.772 1151.836
v 1494.644 -73.959 1132.566
v 1490.588 -73.618 1125.670
f 497 498 499
f 499 500 497
v 1491.135 -73.804 1132.834
v 1494.098 -73.800 1125.402
v 1451.228 -70.857 1108.312
v 1448.266 -71.191 1115.743
f 501 502 503
f 503 504 501
v 1448.274 -71.191 1115.746
v 1451.220 -70.856 1108.309
v 1438.886 -70.005 1103.422
v 1435.940 -70.363 1110.859
f 505 506 507
f 507 508 505
v 1436.528 -70.401 1111.041
v 1438.298 -69.969 1103.240
v 1429.737 -69.465 1101.298
v 1427.968 -69.888 1109.100
f 509 510 511
f 511 512 509
v 1428.353 -69.910 1109.168
v 1429.352 -69.443 1101.230
v 1422.117 -69.274 1100.319
v 1421.117 -69.774 1108.256
f 513 514 515
f 515 516 513
v 1421.799 -69.777 1108.283
v 1421.434 -69.271 1100.292
v 1412.762 -69.269 1100.688
v 1413.127 -69.799 1108.680
f 517 518 519
f 519 520 517
v 1413.615 -69.795 1108.627
v 1412.274 -69.271 1100.740
v 1401.476 -69.342 1102.576
v 1402.817 -69.935 1110.463
f 521 522 523
f 523 524 521
v 1402.826 -69.935 1110.462
v 1401.468 -69.342 1102.578
v 1372.413 -70.277 1107.583
v 1373.772 -70.860 1115.467
f 525 526 527
f 527 528 525
v 1373.167 -70.890 1115.525
v 1373.018 -70.245 1107.526
v 1356.809 -71.006 1107.830
v 1356.959 -71.594 1115.828
f 529 530 531
f 531 532 529
v 1356.787 -71.601 1115.828
v 1356.982 -70.998 1107.830
v 1344.548 -71.541 1107.527
v 1344.352 -72.104 1115.524
f 533 534 535
f 535 536 533
v 1343.512 -72.160 1115.414
v 1345.388 -71.511 1107.637
v 1334.378 -72.235 1104.982
v 1332.503 -72.845 1112.759
f 537 538 539
f 539 540 537
v 1332.069 -72.872 1112.628
v 1334.812 -72.206 1105.113
v 1329.201 -72.611 1103.066
v 1326.459 -73.207 1110.581
f 541 542 543
f 543 544 541
v 1326.092 -73.229 1110.426
v 1329.568 -72.584 1103.221
v 1317.957 -73.437 1097.621
v 1314.482 -73.938 1104.826
f 545 546 547
f 547 548 545
v 1314.281 -73.953 1104.723
v 1318.157 -73.422 1097.724
v 1293.689 -75.656 1084.173
v 1289.813 -76.191 1091.172
f 549 550 551
f 551 552 549
v 1289.735 -76.200 1091.127
v 1293.768 -75.647 1084.218
v 1265.637 -79.130 1067.801
v 1261.605 -79.632 1074.710
f 553 554 555
f 555 556 553
v 1261.592 -79.633 1074.703
v 1265.650 -79.129 1067.808
v 1215.600 -85.174 1038.355
v 1211.543 -85.649 1045.250
f 557 558 559
f 559 560 557
v 1211.573 -85.646 1045.267
v 1215.571 -85.176 1038.337
v 1203.025 -86.096 1031.100
v 1199.027 -86.620 1038.029
f 561 562 563
f 563 564 561
v 1198.396 -86.664 1037.578
v 1203.656 -86.052 1031.551
v 1194.896 -86.605 1023.904
v 1189.635 -87.219 1029.931
f 565 566 567
f 567 568 565
v 1189.128 -87.248 1029.399
v 1195.402 -86.576 1024.435
v 1170.322 -86.547 992.737
v 1164.048 -87.105 997.701
f 569 570 571
f 571 572 569
v 1164.003 -87.103 997.642
v 1170.367 -86.549 992.795
v 1165.781 -86.310 986.773
v 1159.416 -86.864 991.619
f 573 574 575
f 575 576 573
v 1158.704 -86.789 990.110
v 1166.493 -86.386 988.281
v 1165.680 -86.183 984.821
v 1157.892 -86.587 986.650
f 577 578 579
f 579 580 577
v 1157.786 -86.530 985.735
v 1165.786 -86.241 985.735
v 1165.786 -86.104 983.701
v 1157.786 -86.394 983.701
f 581 582 583
f 583 584 581
v 1157.940 -86.302 982.601
v 1165.632 -86.184 984.802
v 1166.043 -86.072 983.362
v 1158.352 -86.153 981.162
f 585 586 587
f 587 588 585
v 1158.476 -86.114 980.795
v 1165.919 -86.101 983.728
v 1166.320 -86.009 982.711
v 1158.877 -86.005 979.778
f 589 590 591
f 591 592 589
v 1159.540 -85.877 978.667
v 1165.657 -86.117 983.823
v 1166.169 -86.058 983.215
v 1160.052 -85.802 978.059
f 593 594 595
f 595 596 593
v 1161.163 -85.676 977.144
v 1165.058 -86.159 984.131
v 1165.982 -86.091 983.616
v 1162.087 -85.594 976.628
f 597 598 599
f 599 600 597
v 1162.390 -85.569 976.476
v 1165.679 -86.113 983.769
v 1166.792 -86.039 983.267
v 1163.504 -85.482 975.974
f 601 602 603
f 603 604 601
v 1164.484 -85.418 975.676
v 1165.811 -86.094 983.565
v 1168.873 -85.948 983.050
v 1167.545 -85.258 975.161
f 605 606 607
f 607 608 605
v 1169.106 -85.206 975.207
v 1167.312 -86.000 983.003
v 1169.549 -85.956 983.518
v 1171.344 -85.172 975.722
f 609 610 611
f 611 612 609
v 1173.456 -85.214 976.985
v 1167.437 -85.925 982.255
v 1178.146 -86.383 994.486
v 1184.165 -85.635 989.216
f 613 614 615
f 615 616 613
v 1184.281 -85.635 989.355
v 1178.029 -86.378 994.346
v 1198.212 -86.213 1019.626
v 1204.464 -85.564 1014.635
f 617 618 619
f 619 620 617
v 1204.032 -85.588 1014.174
v 1198.643 -86.188 1020.087
v 1204.454 -85.831 1025.383
v 1209.843 -85.232 1019.470
f 621 622 623
f 623 624 621
v 1209.237 -85.272 1019.015
v 1205.060 -85.790 1025.838
v 1212.396 -85.269 1030.329
v 1216.573 -84.757 1023.506
f 625 626 627
f 627 628 625
v 1215.984 -84.800 1023.209
v 1212.985 -85.225 1030.625
v 1247.238 -81.503 1044.480
v 1250.237 -81.052 1037.064
f 629 630 631
f 631 632 629
v 1250.372 -81.036 1037.121
v 1247.103 -81.520 1044.423
v 1285.118 -76.603 1061.447
v 1288.388 -76.157 1054.146
f 633 634 635
f 635 636 633
v 1287.726 -76.243 1053.917
v 1285.780 -76.517 1061.677
v 1296.790 -75.095 1064.437
v 1298.735 -74.807 1056.677
f 637 638 639
f 639 640 637
v 1298.140 -74.885 1056.575
v 1297.385 -75.019 1064.539
v 1302.684 -74.334 1065.041
v 1303.439 -74.201 1057.077
f 641 642 643
f 643 644 641
v 1303.488 -74.195 1057.082
v 1302.635 -74.341 1065.036
v 1312.119 -73.336 1066.053
v 1312.972 -73.191 1058.099
f 645 646 647
f 647 648 645
v 1312.333 -73.259 1058.082
v 1312.759 -73.268 1066.070
v 1320.195 -72.482 1065.674
v 1319.769 -72.464 1057.685
f 649 650 651
f 651 652 649
v 1319.066 -72.540 1057.786
v 1320.898 -72.408 1065.574
v 1327.020 -71.750 1064.134
v 1325.189 -71.876 1056.346
f 653 654 655
f 655 656 653
v 1324.236 -71.980 1056.704
v 1327.973 -71.646 1063.777
v 1333.372 -71.048 1060.924
v 1329.635 -71.378 1053.851
f 657 658 659
f 659 660 657
v 1328.475 -71.511 1054.774
v 1334.532 -70.915 1060.001
v 1340.242 -70.237 1053.384
v 1334.186 -70.834 1048.157
f 661 662 663
f 663 664 661
v 1333.881 -70.871 1048.558
v 1340.547 -70.200 1052.982
v 1355.431 -69.376 1030.555
v 1348.765 -69.846 1026.132
f 665 666 667
f 667 668 665
v 1348.331 -69.849 1026.997
v 1355.864 -69.373 1029.690
v 1363.300 -69.650 1008.888
v 1355.767 -70.187 1006.195
f 669 670 671
f 671 672 669
v 1355.550 -70.142 1007.177
v 1363.517 -69.697 1007.906
v 1364.029 -70.005 1002.306
v 1356.062 -70.434 1001.577
f 673 674 675
f 675 676 673
v 1356.110 -70.371 1002.654
v 1363.982 -70.071 1001.229
v 1363.169 -70.377 996.738
v 1355.297 -70.664 998.163
f 677 678 679
f 679 680 677
v 1355.497 -70.614 998.879
v 1362.969 -70.429 996.022
v 1361.333 -70.756 991.743
v 1353.861 -70.932 994.600
f 681 682 683
f 683 684 681
v 1354.618 -70.827 995.841
v 1360.576 -70.862 990.502
v 1357.014 -71.248 986.527
v 1351.056 -71.212 991.865
f 685 686 687
f 687 688 685
v 1351.975 -71.128 992.625
v 1356.094 -71.331 985.767
v 1317.566 -74.973 962.627
v 1313.447 -74.911 969.485
f 689 690 691
f 691 692 689
v 1312.415 -75.012 968.594
v 1318.599 -74.874 963.518
v 1314.413 -75.329 958.420
v 1308.230 -75.456 963.496
f 693 694 695
f 695 696 693
v 1307.537 -75.540 962.253
v 1315.106 -75.239 959.662
v 1313.781 -75.472 955.792
v 1306.212 -75.747 958.383
f 697 698 699
f 699 700 697
v 1306.010 -75.813 956.758
v 1313.983 -75.393 957.418
v 1314.295 -75.540 953.654
v 1306.322 -75.929 952.994
f 701 702 703
f 703 704 701
v 1306.726 -75.966 951.544
v 1313.891 -75.496 955.103
v 1315.616 -75.574 951.629
v 1308.451 -76.035 948.070
f 705 706 707
f 707 708 705
v 1309.682 -76.048 946.614
v 1314.386 -75.560 953.086
v 1317.747 -75.533 950.642
v 1313.044 -76.035 944.171
f 709 710 711
f 711 712 709
v 1314.319 -76.020 943.554
v 1316.472 -75.556 951.259
v 1319.734 -75.464 950.348
v 1317.581 -75.956 942.643
f 713 714 715
f 715 716 713
v 1318.689 -75.927 942.495
v 1318.625 -75.503 950.495
v 1330.147 -75.009 950.588
v 1330.211 -75.539 942.588
f 717 718 719
f 719 720 717
v 1330.857 -75.513 942.646
v 1329.500 -75.040 950.530
v 1361.505 -73.485 956.037
v 1362.862 -74.146 948.153
f 721 722 723
f 723 724 721
v 1361.803 -74.176 948.113
v 1362.564 -73.451 956.077
v 1366.849 -73.362 955.668
v 1366.089 -74.108 947.704
f 725 726 727
f 727 728 725
v 1365.167 -74.112 947.904
v 1367.771 -73.353 955.468
v 1371.033 -73.357 954.345
v 1368.429 -74.139 946.781
f 729 730 731
f 731 732 729
v 1366.315 -74.029 948.482
v 1373.146 -73.447 952.645
v 1375.384 -73.753 948.973
v 1368.552 -74.326 944.810
f 733 734 735
f 735 736 733
v 1367.978 -74.113 947.166
v 1375.959 -73.974 946.617
v 1375.658 -74.418 942.245
v 1367.677 -74.539 942.794
f 737 738 739
f 739 740 737
v 1367.762 -74.480 943.384
v 1375.573 -74.479 941.655
v 1374.760 -74.862 937.983
v 1366.950 -74.848 939.712
f 741 742 743
f 743 744 741
v 1367.315 -74.745 940.711
v 1374.395 -74.968 936.985
v 1372.357 -75.386 933.115
v 1365.278 -75.153 936.841
f 745 746 747
f 747 748 745
v 1365.912 -75.057 937.727
v 1371.724 -75.483 932.229
v 1369.887 -75.701 930.287
v 1364.075 -75.274 935.785
f 749 750 751
f 751 752 749
v 1364.238 -75.256 935.948
v 1369.724 -75.719 930.125
v 1348.161 -77.709 909.811
v 1342.676 -77.275 915.634
f 753 754 755
f 755 756 753
v 1342.592 -77.282 915.553
v 1348.245 -77.702 909.893
v 1339.373 -78.342 901.030
v 1333.719 -77.891 906.690
f 757 758 759
f 759 760 757
v 1333.153 -77.934 905.978
v 1339.940 -78.298 901.743
v 1338.448 -78.450 899.352
v 1331.661 -78.076 903.587
f 761 762 763
f 763 764 761
v 1331.092 -78.169 902.013
v 1339.018 -78.345 900.927
v 1338.494 -78.611 897.109
v 1330.569 -78.403 898.196
f 765 766 767
f 767 768 765
v 1330.730 -78.519 896.408
v 1338.333 -78.481 898.897
v 1339.457 -78.748 895.463
v 1331.854 -78.760 892.974
f 769 770 771
f 771 772 769
v 1334.267 -78.961 890.468
v 1337.045 -78.526 897.970
v 1341.075 -78.704 896.477
v 1338.296 -79.141 888.975
f 773 774 775
f 775 776 773
v 1339.597 -79.189 888.727
v 1339.774 -78.662 896.725
v 1342.757 -78.721 896.659
v 1342.580 -79.270 888.661
f 777 778 779
f 779 780 777
v 1343.511 -79.289 888.750
v 1341.826 -78.711 896.570
v 1346.301 -78.686 897.535
v 1347.986 -79.275 889.714
f 781 782 783
f 783 784 781
v 1348.257 -79.273 889.782
v 1346.031 -78.691 897.466
v 1400.155 -76.991 913.144
v 1402.380 -77.690 905.460
f 785 786 787
f 787 788 785
v 1400.705 -77.730 905.342
v 1401.830 -76.954 913.262
v 1404.435 -76.949 912.892
v 1403.310 -77.721 904.972
f 789 790 791
f 791 792 789
v 1401.710 -77.691 905.567
v 1406.035 -76.981 912.297
v 1407.905 -77.065 911.095
v 1403.580 -77.774 904.365
f 793 794 795
f 795 796 793
v 1402.140 -77.643 905.992
v 1409.345 -77.195 909.468
v 1410.314 -77.368 907.461
v 1403.108 -77.818 903.985
f 797 798 799
f 799 800 797
v 1402.716 -77.640 905.927
v 1410.706 -77.543 905.519
v 1410.639 -77.667 904.211
v 1402.649 -77.766 904.619
f 801 802 803
f 803 804 801
v 1402.974 -77.628 906.006
v 1410.314 -77.802 902.824
v 1409.713 -77.943 901.437
v 1402.373 -77.770 904.619
f 805 806 807
f 807 808 805
v 1403.540 -77.605 906.148
v 1408.546 -78.108 899.908
v 1369.874 -80.854 868.883
v 1364.868 -80.361 875.123
f 809 810 811
f 811 812 809
v 1363.604 -80.466 873.350
v 1371.137 -80.746 870.656
v 1370.169 -80.923 867.948
v 1362.636 -80.636 870.643
f 813 814 815
f 815 816 813
v 1362.421 -80.698 869.679
v 1370.384 -80.859 868.912
v 1370.161 -81.017 866.600
v 1362.198 -80.849 867.367
f 817 818 819
f 819 820 817
v 1362.204 -80.845 867.427
v 1370.155 -81.022 866.541
v 1369.854 -81.206 863.846
v 1361.904 -81.021 864.733
f 821 822 823
f 823 824 821
v 1362.019 -81.122 863.240
v 1369.739 -81.099 865.340
v 1370.306 -81.254 863.253
v 1362.587 -81.266 861.153
f 825 826 827
f 827 828 825
v 1364.001 -81.365 859.038
v 1368.893 -81.085 865.368
v 1370.106 -81.169 864.430
v 1365.214 -81.420 858.100
f 829 830 831
f 831 832 829
v 1366.732 -81.473 857.374
v 1368.588 -81.095 865.156
v 1375.623 -81.323 863.479
v 1373.768 -81.661 855.697
f 833 834 835
f 835 836 833
v 1373.927 -81.665 855.662
v 1375.464 -81.318 863.513
v 1417.565 -81.077 855.271
v 1416.028 -81.413 847.420
f 837 838 839
f 839 840 837
v 1416.297 -81.407 847.377
v 1417.296 -81.082 855.315
v 1422.962 -80.963 854.601
v 1421.963 -81.285 846.664
f 841 842 843
f 843 844 841
v 1420.657 -81.304 847.063
v 1424.268 -80.944 854.202
v 1431.214 -80.727 850.689
v 1427.604 -81.227 843.550
f 845 846 847
f 847 848 845
v 1425.538 -81.210 846.113
v 1433.281 -80.678 848.125
v 1434.694 -80.769 842.683
v 1426.951 -81.373 840.672
f 849 850 851
f 851 852 849
v 1426.931 -81.303 842.602
v 1434.714 -80.833 840.753
v 1432.922 -81.219 833.211
v 1425.139 -81.630 835.061
f 853 854 855
f 855 856 853
v 1425.473 -81.587 835.965
v 1432.588 -81.275 832.307
v 1429.749 -81.525 826.786
v 1422.635 -81.852 830.444
f 857 858 859
f 859 860 857
v 1424.172 -81.767 832.068
v 1428.212 -81.635 825.162
v 1425.006 -81.773 823.287
v 1420.966 -81.898 830.192
f 861 862 863
f 863 864 861
v 1421.470 -81.885 830.441
v 1424.502 -81.787 823.038
v 1416.665 -81.998 819.828
v 1413.633 -82.097 827.232
f 865 866 867
f 867 868 865
v 1414.467 -82.074 827.471
v 1415.831 -82.021 819.588
v 1389.559 -82.741 815.045
v 1388.196 -82.795 822.928
f 869 870 871
f 871 872 869
v 1387.959 -82.802 822.880
v 1389.796 -82.735 815.093
v 1380.668 -82.724 812.940
v 1378.831 -82.697 820.727
f 873 874 875
f 875 876 873
v 1378.185 -82.682 820.515
v 1381.314 -82.739 813.152
v 1369.313 -82.449 808.054
v 1366.185 -82.392 815.417
f 877 878 879
f 879 880 877
v 1365.866 -82.384 815.264
v 1369.632 -82.457 808.206
v 1350.897 -81.922 798.208
v 1347.131 -81.927 805.266
f 881 882 883
f 883 884 881
v 1346.582 -81.914 804.913
v 1351.446 -81.947 798.561
v 1345.702 -81.658 794.163
v 1340.838 -81.629 800.515
f 885 886 887
f 887 888 885
v 1340.864 -81.631 800.534
v 1345.676 -81.657 794.143
v 1340.222 -81.240 790.036
v 1335.409 -81.162 796.426
f 889 890 891
f 891 892 889
v 1335.078 -81.133 796.148
v 1340.553 -81.268 790.314
v 1334.586 -80.749 784.714
v 1329.111 -80.612 790.547
f 893 894 895
f 895 896 893
v 1328.897 -80.593 790.331
v 1334.800 -80.767 784.931
v 1328.867 -80.254 778.446
v 1322.964 -80.083 783.846
f 897 898 899
f 899 900 897
v 1321.971 -79.977 781.808
v 1329.860 -80.365 780.483
v 1324.472 -78.795 748.414
v 1316.583 -78.609 749.739
f 901 902 903
f 903 904 901
v 1316.528 -78.579 749.040
v 1324.527 -78.829 749.113
v 1324.538 -78.772 747.885
v 1316.539 -78.531 747.812
f 905 906 907
f 907 908 905
v 1316.788 -78.484 746.459
v 1324.289 -78.827 749.238
v 1324.735 -78.785 748.036
v 1317.233 -78.448 745.257
f 909 910 911
f 911 912 909
v 1317.772 -78.422 744.262
v 1324.195 -78.815 749.031
v 1325.019 -78.788 747.921
v 1318.596 -78.398 743.152
f 913 914 915
f 915 916 913
v 1320.576 -78.387 741.731
v 1323.039 -78.793 749.343
v 1324.141 -78.811 748.986
v 1321.678 -78.399 741.375
f 917 918 919
f 919 920 917
v 1322.614 -78.413 741.191
v 1323.206 -78.791 749.169
v 1351.158 -79.366 747.096
v 1350.566 -78.827 739.118
f 921 922 923
f 923 924 921
v 1348.558 -78.873 739.837
v 1353.166 -79.333 746.376
v 1357.140 -79.171 743.576
v 1352.532 -78.658 737.037
f 925 926 927
f 927 928 925
v 1351.468 -78.749 738.148
v 1358.204 -79.101 742.465
v 1360.887 -78.798 738.278
v 1354.151 -78.399 733.962
f 929 930 931
f 931 932 929
v 1353.621 -78.506 735.222
v 1361.417 -78.687 737.017
v 1362.463 -78.280 732.474
v 1354.667 -78.117 730.678
f 933 934 935
f 935 936 933
v 1354.685 -78.278 732.548
v 1362.445 -78.112 730.604
v 1361.622 -77.816 727.315
v 1353.861 -77.995 729.259
f 937 938 939
f 939 940 937
v 1354.069 -78.047 729.871
v 1361.414 -77.762 726.703
v 1360.446 -77.563 724.458
v 1353.100 -77.855 727.626
f 941 942 943
f 943 944 941
v 1353.697 -77.938 728.599
v 1359.849 -77.478 723.485
v 1354.172 -76.910 716.656
v 1348.020 -77.377 721.770
f 945 946 947
f 947 948 945
v 1347.760 -77.349 721.420
v 1354.432 -76.938 717.006
v 1347.196 -76.071 706.070
v 1340.524 -76.511 710.484
f 949 950 951
f 951 952 949
v 1340.506 -76.509 710.457
v 1347.214 -76.073 706.097
v 1342.071 -75.484 698.185
v 1335.363 -75.965 702.545
f 953 954 955
f 955 956 953
v 1335.177 -75.945 702.228
v 1342.257 -75.506 698.503
v 1338.372 -75.013 691.119
v 1331.292 -75.495 694.845
f 957 958 959
f 959 960 957
v 1331.011 -75.455 694.165
v 1338.653 -75.058 691.799
v 1337.084 -74.714 686.728
v 1329.441 -75.151 689.093
f 961 962 963
f 963 964 961
v 1329.263 -75.081 687.986
v 1337.262 -74.793 687.834
v 1336.661 -72.583 656.253
v 1328.662 -73.135 656.406
f 965 966 967
f 967 968 965
v 1328.718 -73.086 655.656
v 1336.604 -72.638 657.003
v 1337.127 -72.392 653.939
v 1329.242 -72.864 652.592
f 969 970 971
f 971 972 969
v 1329.455 -72.802 651.819
v 1336.914 -72.460 654.712
v 1337.749 -72.253 652.559
v 1330.290 -72.608 649.666
f 973 974 975
f 975 976 973
v 1330.507 -72.563 649.198
v 1337.532 -72.301 653.026
v 1361.844 -68.655 608.409
v 1354.819 -68.927 604.581
f 977 978 979
f 979 980 977
v 1354.401 -68.979 605.751
v 1362.262 -68.602 607.239
v 1362.607 -68.536 605.417
v 1354.746 -68.914 603.928
f 981 982 983
f 983 984 981
v 1354.887 -68.958 605.953
v 1362.466 -68.491 603.392
v 1361.609 -68.470 600.856
v 1354.030 -68.940 603.417
f 985 986 987
f 987 988 985
v 1354.566 -68.937 604.463
v 1361.073 -68.471 599.810
v 1358.457 -68.517 596.151
v 1351.950 -68.985 600.804
f 989 990 991
f 991 992 989
v 1352.785 -68.962 601.664
v 1357.622 -68.540 595.292
v 1353.203 -68.696 591.937
v 1348.366 -69.116 598.309
f 993 994 995
f 995 996 993
v 1349.496 -69.070 598.910
v 1352.072 -68.743 591.336
v 1331.066 -70.514 584.190
v 1328.490 -70.848 591.764
f 997 998 999
f 999 1000 997
v 1329.525 -70.743 591.969
v 1330.032 -70.625 583.985
v 1327.326 -70.912 583.814
v 1326.820 -71.024 591.798
f 1001 1002 1003
f 1003 1004 1001
v 1328.094 -70.888 591.673
v 1326.052 -71.046 583.938
v 1322.601 -71.406 584.850
v 1324.644 -71.267 592.584
f 1005 1006 1007
f 1007 1008 1005
v 1325.029 -71.224 592.461
v 1322.215 -71.446 584.973
v 1317.295 -71.958 586.822
v 1320.109 -71.772 594.310
f 1009 1010 1011
f 1011 1012 1009
v 1320.503 -71.728 594.137
v 1316.900 -71.999 586.995
v 1310.800 -72.684 590.072
v 1314.403 -72.412 597.215
f 1013 1014 1015
f 1015 1016 1013
v 1315.717 -72.259 596.152
v 1309.486 -72.837 591.135
v 1302.105 -73.745 600.302
v 1308.337 -73.149 605.319
f 1017 1018 1019
f 1019 1020 1017
v 1308.840 -73.087 604.513
v 1301.602 -73.818 601.107
v 1287.831 -75.808 630.377
v 1295.070 -75.079 633.782
f 1021 1022 1023
f 1023 1024 1021
v 1295.169 -75.064 633.553
v 1287.732 -75.822 630.606
v 1273.416 -77.313 666.730
v 1280.854 -76.808 669.677
f 1025 1026 1027
f 1027 1028 1025
v 1280.945 -76.800 669.422
v 1273.325 -77.318 666.985
v 1265.255 -77.530 692.212
v 1272.874 -77.241 694.650
f 1029 1030 1031
f 1031 1032 1029
v 1273.062 -77.239 693.560
v 1265.067 -77.520 693.302
v 1264.109 -77.070 722.928
v 1272.105 -77.114 723.186
f 1033 1034 1035
f 1035 1036 1033
v -42.296 -50.287 401.853
v -54.263 -48.956 400.967
v -55.977 -49.353 424.108
v -44.010 -50.493 424.995
f 1037 1038 1039
f 1039 1040 1037
v -43.998 -50.491 424.772
v -55.990 -49.356 424.330
v -56.958 -49.522 450.615
v -44.966 -50.435 451.057
f 1041 1042 1043
f 1043 1044 1041
v -44.964 -50.438 450.696
v -56.960 -49.523 450.976
v -56.370 -49.548 476.204
v -44.374 -50.248 475.924
f 1045 1046 1047
f 1047 1048 1045
v -44.398 -50.252 475.503
v -56.346 -49.548 476.625
v -53.574 -49.613 506.145
v -41.626 -50.068 505.023
f 1049 1050 1051
f 1051 1052 1049
v -41.747 -50.068 504.265
v -53.453 -49.619 506.904
v -51.071 -49.714 517.471
v -39.365 -50.091 514.831
f 1053 1054 1055
f 1055 1056 1053
v -39.394 -50.091 514.710
v -51.042 -49.715 517.592
v -36.638 -51.403 575.814
v -24.989 -51.385 572.932
f 1057 1058 1059
f 1059 1060 1057
v -25.129 -51.363 572.451
v -36.497 -51.427 576.295
v -30.820 -52.440 593.083
v -19.452 -52.217 589.238
f 1061 1062 1063
f 1063 1064 1061
v -19.394 -52.232 589.419
v -30.878 -52.425 592.902
v -22.818 -54.709 619.477
v -11.335 -54.903 615.994
f 1065 1066 1067
f 1067 1068 1065
v -11.566 -54.836 615.361
v -22.586 -54.784 620.110
v -10.041 -58.767 649.221
v 0.979 -58.882 644.471
f 1069 1070 1071
f 1071 1072 1069
v 0.757 -58.816 644.011
v -9.819 -58.844 649.681
v 2.271 -62.656 672.228
v 12.846 -62.500 666.557
f 1073 1074 1075
f 1075 1076 1073
v 12.588 -62.426 666.120
v 2.530 -62.730 672.665
v 16.712 -66.584 694.458
v 26.770 -66.255 687.913
f 1077 1078 1079
f 1079 1080 1077
v 26.476 -66.178 687.501
v 17.006 -66.658 694.871
v 51.637 -73.577 739.369
v 61.107 -73.044 731.999
f 1081 1082 1083
f 1083 1084 1081
v 61.019 -73.030 731.888
v 51.726 -73.590 739.480
v 76.361 -75.955 769.634
v 85.654 -75.274 762.042
f 1085 1086 1087
f 1087 1088 1085
v 85.573 -75.269 761.945
v 76.441 -75.960 769.730
v 171.397 -77.450 881.100
v 180.528 -76.848 873.314
f 1089 1090 1091
f 1091 1092 1089
v 180.569 -76.851 873.362
v 171.357 -77.446 881.052
v 215.695 -84.271 934.161
v 224.907 -83.808 926.470
f 1093 1094 1095
f 1095 1096 1093
v 224.907 -83.808 926.470
v 215.695 -84.271 934.161
v 222.653 -85.621 942.495
v 231.865 -85.157 934.805
f 1097 1098 1099
f 1099 1100 1097
v 231.975 -85.179 934.941
v 222.543 -85.599 942.359
v 242.892 -89.378 968.233
v 252.324 -88.954 960.815
f 1101 1102 1103
f 1103 1104 1101
v 252.061 -88.913 960.503
v 243.155 -89.419 968.545
v 310.470 -93.442 1043.089
v 319.376 -92.751 1035.047
f 1105 1106 1107
f 1107 1108 1105
v 319.376 -92.751 1035.047
v 310.470 -93.442 1043.090
v 331.320 -92.299 1066.177
v 340.226 -91.698 1058.134
f 1109 1110 1111
f 1111 1112 1109
v 340.448 -91.686 1058.395
v 331.098 -92.311 1065.916
v 358.037 -91.206 1099.410
v 367.388 -90.653 1091.889
f 1113 1114 1115
f 1115 1116 1113
v 367.222 -90.656 1091.693
v 358.202 -91.203 1099.607
v 370.614 -91.147 1113.753
v 379.634 -90.546 1105.838
f 1117 1118 1119
f 1119 1120 1117
v 379.519 -90.544 1105.710
v 370.730 -91.148 1113.881
v 414.701 -94.148 1161.177
v 423.490 -93.610 1153.006
f 1121 1122 1123
f 1123 1124 1121
v 423.489 -93.610 1153.006
v 414.702 -94.148 1161.177
v 424.331 -95.377 1171.532
v 433.119 -94.850 1163.360
f 1125 1126 1127
f 1127 1128 1125
v -217.138 -67.076 1326.845
v -217.788 -66.483 1318.872
v -420.189 -79.012 1335.368
v -419.539 -78.627 1343.341
f 1129 1130 1131
f 1131 1132 1129
v -419.626 -78.633 1343.347
v -420.101 -79.006 1335.362
v -468.770 -81.418 1338.254
v -468.295 -80.935 1346.240
f 1133 1134 1135
f 1135 1136 1133
v -468.193 -80.931 1346.233
v -468.872 -81.423 1338.261
v -519.778 -81.610 1342.593
v -519.100 -81.219 1350.565
f 1137 1138 1139
f 1139 1140 1137
v -519.174 -81.217 1350.570
v -519.704 -81.612 1342.588
v -607.490 -79.358 1348.412
v -606.961 -79.618 1356.395
f 1141 1142 1143
f 1143 1144 1141
v -91.334 -69.378 983.558
v -99.267 -69.568 984.585
v -91.019 -69.462 1048.273
v -83.085 -68.979 1047.245
f 1145 1146 1147
f 1147 1148 1145
v -83.066 -68.982 1047.418
v -91.037 -69.460 1048.099
v -85.583 -71.289 1111.932
v -77.612 -71.017 1111.251
f 1149 1150 1151
f 1151 1152 1149
v -77.624 -71.011 1111.133
v -85.571 -71.295 1112.050
v -78.368 -75.081 1174.521
v -70.421 -75.329 1173.605
f 1153 1154 1155
f 1155 1156 1153
v -70.417 -75.332 1173.641
v -78.372 -75.079 1174.486
v -73.931 -78.012 1216.288
v -65.976 -78.632 1215.442
f 1157 1158 1159
f 1159 1160 1157
v -65.980 -78.629 1215.404
v -73.927 -78.014 1216.326
v -67.147 -80.961 1274.782
v -59.200 -81.842 1273.861
f 1161 1162 1163
f 1163 1164 1161
v -59.199 -81.843 1273.872
v -67.149 -80.960 1274.770
v -65.134 -81.356 1292.600
v -57.184 -82.196 1291.702
f 1165 1166 1167
f 1167 1168 1165
v -57.180 -82.196 1291.742
v -65.138 -81.356 1292.561
v -59.093 -80.129 1351.320
v -51.135 -80.676 1350.502
f 1169 1170 1171
f 1171 1172 1169
v -535.101 -38.171 457.078
v -530.939 -37.811 450.247
v -590.962 -33.233 413.673
v -595.125 -33.978 420.504
f 1173 1174 1175
f 1175 1176 1173
v -594.757 -34.018 420.703
v -591.330 -33.191 413.474
v -617.156 -30.296 401.230
v -620.583 -31.305 408.459
f 1177 1178 1179
f 1179 1180 1177
v -348.504 -49.859 593.356
v -349.335 -49.171 585.399
v -411.195 -43.914 591.858
v -410.365 -44.739 599.815
f 1181 1182 1183
f 1183 1184 1181
v -410.365 -44.739 599.815
v -411.195 -43.914 591.858
v -501.041 -44.276 601.222
v -500.211 -45.082 609.179
f 1185 1186 1187
f 1187 1188 1185
v -496.654 -44.434 604.733
v -504.599 -44.923 605.669
v -494.747 -56.375 689.263
v -486.802 -56.012 688.327
f 1189 1190 1191
f 1191 1192 1189
v -486.795 -56.021 688.383
v -494.753 -56.366 689.207
v -485.792 -68.670 775.799
v -477.834 -68.616 774.975
f 1193 1194 1195
f 1195 1196 1193
v -477.828 -68.622 775.039
v -485.798 -68.664 775.735
v -481.857 -71.930 820.814
v -473.888 -71.947 820.117
f 1197 1198 1199
f 1199 1200 1197
v -473.904 -71.939 819.963
v -481.841 -71.937 820.969
v -476.030 -72.271 866.826
v -468.093 -72.095 865.821
f 1201 1202 1203
f 1203 1204 1201
v -468.093 -72.095 865.822
v -476.030 -72.271 866.825
v -465.365 -67.035 951.197
v -457.429 -66.980 950.194
f 1205 1206 1207
f 1207 1208 1205
v -457.438 -66.985 950.123
v -465.356 -67.030 951.267
v -455.805 -63.773 1017.398
v -447.887 -63.782 1016.255
f 1209 1210 1211
f 1211 1212 1209
v -447.861 -63.781 1016.481
v -455.831 -63.773 1017.172
v -450.220 -65.263 1081.863
v -442.250 -65.214 1081.172
f 1213 1214 1215
f 1215 1216 1213
v -442.244 -65.220 1081.257
v -450.227 -65.257 1081.778
v -446.052 -70.976 1145.743
v -438.069 -70.781 1145.222
f 1217 1218 1219
f 1219 1220 1217
v -438.092 -70.756 1144.983
v -446.030 -71.002 1145.981
v -438.093 -77.429 1209.126
v -430.155 -76.995 1208.129
f 1221 1222 1223
f 1223 1224 1221
v -430.149 -76.999 1208.181
v -438.099 -77.425 1209.074
v -430.896 -80.834 1273.222
v -422.946 -80.062 1272.330
f 1225 1226 1227
f 1227 1228 1225
v -422.944 -80.063 1272.354
v -430.899 -80.834 1273.198
v -423.841 -79.097 1339.776
v -415.886 -78.538 1338.933
f 1229 1230 1231
f 1231 1232 1229
v -415.901 -78.544 1338.808
v -423.826 -79.091 1339.901
v -415.288 -74.730 1401.817
v -407.363 -74.655 1400.724
f 1233 1234 1235
f 1235 1236 1233
v -407.340 -74.642 1400.928
v -415.311 -74.744 1401.613
v -409.455 -70.975 1469.657
v -401.485 -71.335 1468.971
f 1237 1238 1239
f 1239 1240 1237
v -268.082 -78.984 1460.751
v -268.812 -78.348 1452.784
v -405.835 -71.312 1465.331
v -405.105 -71.069 1473.298
f 1241 1242 1243
f 1243 1244 1241
v -405.194 -71.065 1473.305
v -405.746 -71.316 1465.324
v -593.464 -81.449 1478.293
v -592.912 -81.440 1486.274
f 1245 1246 1247
f 1247 1248 1245
v -96.705 -15.423 187.953
v -104.650 -14.993 187.017
v -113.756 -25.734 264.340
v -105.811 -26.807 265.276
f 1249 1250 1251
f 1251 1252 1249
v -86.519 -30.963 276.817
v -83.978 -30.056 269.231
v -108.513 -25.894 261.015
v -111.053 -26.631 268.601
f 1253 1254 1255
f 1255 1256 1253
v -111.780 -26.498 268.274
v -107.786 -26.023 261.342
v -151.090 -18.833 236.391
v -155.084 -19.151 243.323
f 1257 1258 1259
f 1259 1260 1257
v -155.067 -19.153 243.332
v -151.106 -18.831 236.382
v -192.450 -14.347 212.818
v -196.411 -14.582 219.768
f 1261 1262 1263
f 1263 1264 1261
v -190.434 -36.663 433.660
v -186.449 -35.771 426.723
v -263.170 -24.297 382.646
v -267.156 -25.336 389.583
f 1265 1266 1267
f 1267 1268 1265
v -267.100 -25.340 389.614
v -263.226 -24.290 382.615
v -287.327 -22.770 369.275
v -291.201 -23.849 376.274
f 1269 1270 1271
f 1271 1272 1269
v -291.199 -23.849 376.275
v -287.328 -22.770 369.274
v -346.227 -21.850 336.702
v -350.099 -23.061 343.703
f 1273 1274 1275
f 1275 1276 1273
v -350.099 -23.061 343.702
v -346.227 -21.850 336.702
v -435.416 -18.698 287.368
v -439.288 -20.228 294.369
f 1277 1278 1279
f 1279 1280 1277
v -439.231 -20.233 294.400
v -435.473 -18.693 287.337
v -508.009 -8.975 248.742
v -511.767 -10.757 255.804
f 1281 1282 1283
f 1283 1284 1281
v -511.692 -10.767 255.843
v -508.084 -8.965 248.703
v -549.439 -3.850 227.807
v -553.047 -5.498 234.947
f 1285 1286 1287
f 1287 1288 1285
v -552.609 -5.538 235.137
v -549.877 -3.812 227.617
v -579.878 -2.326 216.720
v -582.609 -3.869 224.240
f 1289 1290 1291
f 1291 1292 1289
v -582.103 -3.883 224.387
v -580.384 -2.316 216.573
v -612.333 -2.480 209.546
v -614.052 -3.788 217.360
f 1293 1294 1295
f 1295 1296 1293
v -424.975 -35.360 410.102
v -420.964 -34.755 403.180
v -481.978 -33.055 367.821
v -485.989 -33.813 374.743
f 1297 1298 1299
f 1299 1300 1297
v -485.831 -33.823 374.829
v -482.136 -33.040 367.734
v -574.476 -21.070 319.642
v -578.171 -21.893 326.737
f 1301 1302 1303
f 1303 1304 1301
v -577.598 -21.975 326.981
v -575.048 -20.989 319.398
v -608.789 -16.948 308.052
v -611.339 -17.881 315.635
f 1305 1306 1307
f 1307 1308 1305
v -587.553 -41.586 482.027
v -585.688 -42.347 489.807
v -567.620 -40.934 485.475
v -569.486 -40.361 477.695
f 1309 1310 1311
f 1311 1312 1309
v -570.154 -40.408 477.919
v -566.952 -40.881 485.250
v -550.532 -39.656 478.078
v -553.735 -39.286 470.747
f 1313 1314 1315
f 1315 1316 1313
v -554.674 -39.346 471.323
v -549.593 -39.591 477.503
v -538.250 -38.792 468.178
v -543.330 -38.544 461.998
f 1317 1318 1319
f 1319 1320 1317
v -544.098 -38.606 462.838
v -537.483 -38.736 467.337
v -529.712 -38.069 455.912
v -536.328 -37.881 451.413
f 1321 1322 1323
f 1323 1324 1321
v -536.458 -37.892 451.618
v -529.582 -38.058 455.707
v -525.741 -37.762 449.248
v -532.618 -37.564 445.159
f 1325 1326 1327
f 1327 1328 1325
v -532.617 -37.564 445.158
v -525.742 -37.762 449.250
v -480.547 -33.778 373.328
v -487.421 -33.107 369.236
f 1329 1330 1331
f 1331 1332 1329
v -487.444 -33.112 369.275
v -480.523 -33.773 373.288
v -433.892 -19.841 292.875
v -440.812 -19.076 288.862
f 1333 1334 1335
f 1335 1336 1333
v -440.846 -19.089 288.921
v -433.858 -19.829 292.816
v -406.896 -8.472 244.433
v -413.885 -7.485 240.538
f 1337 1338 1339
f 1339 1340 1337
v -413.907 -7.495 240.580
v -406.874 -8.463 244.391
v -401.742 -6.366 234.921
v -408.775 -5.345 231.109
f 1341 1342 1343
f 1343 1344 1341
v -408.776 -5.345 231.111
v -401.741 -6.365 234.919
v -382.750 0.412 199.837
v -389.785 1.790 196.029
f 1345 1346 1347
f 1347 1348 1345
v -597.170 -81.970 1482.669
v -589.207 -80.921 1481.899
v -595.630 -80.824 1415.466
v -603.593 -81.333 1416.236
f 1349 1350 1351
f 1351 1352 1349
v -605.357 -82.808 2084.260
v -604.908 -82.595 2092.248
v -559.824 -80.337 2089.712
v -560.273 -80.051 2081.725
f 1353 1354 1355
f 1355 1356 1353
v -560.094 -80.040 2081.719
v -560.003 -80.346 2089.718
v -468.932 -76.614 2088.675
v -469.024 -75.772 2080.675
f 1357 1358 1359
f 1359 1360 1357
v -468.974 -75.771 2080.675
v -468.982 -76.615 2088.675
v 28.772 -79.945 2089.203
v 28.780 -79.190 2081.203
f 1361 1362 1363
f 1363 1364 1361
v 28.593 -79.180 2081.208
v 28.959 -79.953 2089.199
v 93.869 -83.124 2086.228
v 93.504 -82.905 2078.236
f 1365 1366 1367
f 1367 1368 1365
v 93.503 -82.905 2078.236
v 93.870 -83.124 2086.228
v 137.218 -85.765 2084.233
v 136.850 -86.009 2076.242
f 1369 1370 1371
f 1371 1372 1369
v 136.822 -86.007 2076.243
v 137.247 -85.767 2084.232
v 205.074 -89.931 2080.627
v 204.649 -90.623 2072.638
f 1373 1374 1375
f 1375 1376 1373
v 280.400 -93.893 2064.321
v 281.452 -93.344 2072.251
v 296.480 -93.632 2070.257
v 295.428 -94.069 2062.326
f 1377 1378 1379
f 1379 1380 1377
v 295.428 -94.069 2062.326
v 296.480 -93.632 2070.257
v 347.220 -93.672 2063.521
v 346.167 -93.667 2055.591
f 1381 1382 1383
f 1383 1384 1381
v 346.060 -93.669 2055.607
v 347.327 -93.671 2063.506
v 439.343 -91.842 2048.754
v 438.077 -91.304 2040.855
f 1385 1386 1387
f 1387 1388 1385
v 438.108 -91.304 2040.850
v 439.312 -91.842 2048.759
v 536.093 -95.163 2034.020
v 534.889 -94.781 2026.112
f 1389 1390 1391
f 1391 1392 1389
v 534.663 -94.763 2026.153
v 536.319 -95.179 2033.979
v 598.536 -100.540 2020.812
v 596.880 -100.465 2012.986
f 1393 1394 1395
f 1395 1396 1393
v 596.970 -100.474 2012.968
v 598.446 -100.531 2020.830
v 678.017 -105.405 2005.894
v 676.541 -105.576 1998.031
f 1397 1398 1399
f 1399 1400 1397
v 676.580 -105.577 1998.024
v 677.978 -105.403 2005.901
v 744.414 -103.076 1994.107
v 743.015 -103.328 1986.230
f 1401 1402 1403
f 1403 1404 1401
v 742.960 -103.333 1986.241
v 744.469 -103.071 1994.097
v 807.464 -96.087 1982.000
v 805.956 -96.268 1974.143
f 1405 1406 1407
f 1407 1408 1405
v 805.703 -96.300 1974.200
v 807.717 -96.053 1981.943
v 865.648 -88.887 1966.874
v 863.634 -89.170 1959.132
f 1409 1410 1411
f 1411 1412 1409
v 863.204 -89.214 1959.270
v 866.078 -88.842 1966.736
v 897.125 -86.077 1954.784
v 894.251 -86.616 1947.318
f 1413 1414 1415
f 1415 1416 1413
v 893.847 -86.631 1947.499
v 897.528 -86.061 1954.602
v 918.501 -85.366 1943.733
v 914.820 -85.954 1936.630
f 1417 1418 1419
f 1419 1420 1417
v 915.010 -85.948 1936.538
v 918.311 -85.373 1943.825
v 929.888 -84.980 1938.582
v 926.587 -85.566 1931.295
f 1421 1422 1423
f 1423 1424 1421
v 926.328 -85.574 1931.424
v 930.147 -84.972 1938.453
v 968.063 -85.627 1917.851
v 964.243 -86.225 1910.821
f 1425 1426 1427
f 1427 1428 1425
v 964.260 -86.225 1910.812
v 968.046 -85.627 1917.860
v 994.184 -86.492 1903.821
v 990.398 -86.894 1896.773
f 1429 1430 1431
f 1431 1432 1429
v 990.181 -86.889 1896.899
v 994.400 -86.498 1903.696
v 1021.106 -86.990 1887.122
v 1016.887 -87.300 1880.324
f 1433 1434 1435
f 1435 1436 1433
v 1016.850 -87.300 1880.348
v 1021.143 -86.990 1887.098
v 1069.378 -85.294 1856.419
v 1065.084 -85.338 1849.668
f 1437 1438 1439
f 1439 1440 1437
v 1065.020 -85.344 1849.710
v 1069.442 -85.289 1856.377
v 1240.897 -75.301 1742.626
v 1236.474 -75.130 1735.960
f 1441 1442 1443
f 1443 1444 1441
v 1236.415 -75.126 1736.000
v 1240.955 -75.305 1742.586
v 1264.466 -76.853 1726.382
v 1259.926 -76.604 1719.795
f 1445 1446 1447
f 1447 1448 1445
v 1260.067 -76.612 1719.702
v 1264.325 -76.843 1726.474
v 1285.454 -78.301 1713.188
v 1281.195 -77.998 1706.416
f 1449 1450 1451
f 1451 1452 1449
v 1281.444 -78.013 1706.272
v 1285.205 -78.286 1713.332
v 1299.087 -79.057 1705.936
v 1295.325 -78.721 1698.876
f 1453 1454 1455
f 1455 1456 1453
v 1295.295 -78.720 1698.892
v 1299.117 -79.059 1705.920
v 1319.277 -79.691 1694.958
v 1315.455 -79.314 1687.930
f 1457 1458 1459
f 1459 1460 1457
v 1315.631 -79.317 1687.840
v 1319.101 -79.687 1695.049
v 1338.804 -80.013 1685.566
v 1335.335 -79.472 1678.357
f 1461 1462 1463
f 1463 1464 1461
v 1335.401 -79.472 1678.326
v 1338.738 -80.013 1685.597
v 1365.911 -79.394 1673.130
v 1362.575 -78.777 1665.859
f 1465 1466 1467
f 1467 1468 1465
v 1362.912 -78.765 1665.722
v 1365.573 -79.404 1673.267
v 1398.791 -78.129 1661.552
v 1396.130 -77.481 1654.007
f 1469 1470 1471
f 1471 1472 1469
v 1396.473 -77.466 1653.904
v 1398.448 -78.144 1661.656
v 1426.590 -77.019 1654.484
v 1424.614 -76.319 1646.732
f 1473 1474 1475
f 1475 1476 1473
v 1424.826 -76.311 1646.684
v 1426.378 -77.027 1654.532
v 1459.963 -75.746 1647.889
v 1458.411 -75.252 1640.041
f 1477 1478 1479
f 1479 1480 1477
v 1458.526 -75.249 1640.020
v 1459.849 -75.750 1647.910
v 1507.026 -74.778 1639.999
v 1505.703 -74.737 1632.109
f 1481 1482 1483
f 1483 1484 1481
v 1505.691 -74.737 1632.111
v 1507.037 -74.777 1639.997
v 1571.313 -75.594 1629.022
v 1569.967 -76.147 1621.136
f 1485 1486 1487
f 1487 1488 1485
v 1569.985 -76.148 1621.133
v 1571.295 -75.593 1629.025
v 1761.117 -79.442 1597.526
v 1759.807 -79.290 1589.634
f 1489 1490 1491
f 1491 1492 1489
v 1759.854 -79.289 1589.627
v 1761.070 -79.443 1597.534
v 1813.546 -78.894 1589.464
v 1812.330 -78.405 1581.557
f 1493 1494 1495
f 1495 1496 1493
v 208.135 -91.880 2060.446
v 207.688 -92.558 2052.459
v 159.465 -88.735 2055.153
v 159.911 -88.331 2063.141
f 1497 1498 1499
f 1499 1500 1497
v 159.922 -88.332 2063.140
v 159.454 -88.734 2055.154
v 103.616 -83.388 2058.429
v 104.084 -83.510 2066.415
f 1501 1502 1503
f 1503 1504 1501
v 104.015 -83.504 2066.419
v 103.685 -83.395 2058.425
v 35.012 -77.916 2061.265
v 35.342 -78.573 2069.258
f 1505 1506 1507
f 1507 1508 1505
v 35.168 -78.562 2069.261
v 35.186 -77.928 2061.261
v -367.601 -74.789 2060.363
v -367.619 -74.918 2068.363
f 1509 1510 1511
f 1511 1512 1509
v -367.639 -74.917 2068.363
v -367.582 -74.790 2060.364
v -472.534 -73.813 2059.624
v -472.591 -74.578 2067.624
f 1513 1514 1515
f 1515 1516 1513
v -472.490 -74.576 2067.623
v -472.635 -73.815 2059.625
v -546.685 -78.252 2060.972
v -546.539 -78.634 2068.970
f 1517 1518 1519
f 1519 1520 1517
v -546.365 -78.622 2068.963
v -546.859 -78.266 2060.979
v -595.083 -82.386 2063.963
v -594.589 -82.277 2071.948
f 1521 1522 1523
f 1523 1524 1521
v 107.474 -80.730 1096.828
v 109.933 -80.951 1089.215
v 105.558 -80.338 1087.802
v 103.099 -80.150 1095.415
f 1525 1526 1527
f 1527 1528 1525
v 104.444 -80.321 1095.607
v 104.213 -80.158 1087.610
v 97.812 -79.328 1087.795
v 98.043 -79.527 1095.792
f 1529 1530 1531
f 1531 1532 1529
v 98.366 -79.567 1095.769
v 97.489 -79.286 1087.817
v -82.036 -70.947 1107.616
v -81.159 -71.366 1115.567
f 1533 1534 1535
f 1535 1536 1533
v -81.212 -71.367 1115.573
v -81.982 -70.945 1107.610
v -286.276 -73.706 1127.369
v -285.506 -73.321 1135.331
f 1537 1538 1539
f 1539 1540 1537
v -285.530 -73.320 1135.334
v -286.251 -73.706 1127.366
v -442.421 -70.447 1141.498
v -441.700 -71.309 1149.466
f 1541 1542 1543
f 1543 1544 1541
v -441.668 -71.308 1149.463
v -442.454 -70.448 1141.502
v -481.761 -71.731 1145.385
v -480.975 -72.637 1153.346
f 1545 1546 1547
f 1547 1548 1545
v -481.158 -72.645 1153.360
v -481.577 -71.722 1145.371
v -626.693 -79.697 1152.978
v -626.274 -79.406 1160.967
f 1549 1550 1551
f 1551 1552 1549
v 71.870 -84.479 2602.858
v 60.266 -84.338 2599.801
v 51.895 -86.065 2631.574
v 63.499 -86.039 2634.632
f 1553 1554 1555
f 1555 1556 1553
v 389.501 -91.237 2018.818
v 388.467 -91.147 2010.886
v 349.750 -93.397 2015.930
v 350.784 -93.376 2023.863
f 1557 1558 1559
f 1559 1560 1557
v 350.417 -93.395 2023.894
v 350.117 -93.376 2015.900
v 330.769 -94.488 2016.626
v 331.070 -94.385 2024.620
f 1561 1562 1563
f 1563 1564 1561
v 331.013 -94.388 2024.622
v 330.826 -94.485 2016.624
v 312.114 -95.554 2017.060
v 312.300 -95.329 2025.058
f 1565 1566 1567
f 1567 1568 1565
v 311.951 -95.347 2025.051
v 312.463 -95.534 2017.067
v 296.399 -96.080 2016.037
v 295.887 -95.823 2024.021
f 1569 1570 1571
f 1571 1572 1569
v 295.641 -95.830 2023.997
v 296.645 -96.072 2016.061
v 281.083 -96.612 2014.093
v 280.079 -96.356 2022.030
f 1573 1574 1575
f 1575 1576 1573
v 279.719 -96.369 2021.967
v 281.442 -96.599 2014.155
v 260.069 -96.935 2009.440
v 258.346 -96.709 2017.253
f 1577 1578 1579
f 1579 1580 1577
v 258.227 -96.708 2017.224
v 260.188 -96.936 2009.469
v 241.754 -96.816 2004.807
v 239.792 -96.573 2012.562
f 1581 1582 1583
f 1583 1584 1581
v 282.543 -94.744 2052.055
v 281.646 -95.217 2044.105
v 207.463 -92.543 2052.478
v 208.360 -91.894 2060.427
f 1585 1586 1587
f 1587 1588 1585
v 204.392 -90.608 2072.660
v 205.330 -89.946 2080.605
v 244.025 -92.058 2076.035
v 243.087 -92.744 2068.090
f 1589 1590 1591
f 1591 1592 1589
v 243.154 -92.746 2068.083
v 243.958 -92.055 2076.043
v 281.328 -93.342 2072.265
v 280.524 -93.894 2064.306
f 1593 1594 1595
f 1595 1596 1593
v -26.647 -30.238 238.498
v -38.564 -28.816 237.095
v -45.277 -39.081 294.116
v -33.359 -40.722 295.519
f 1597 1598 1599
f 1599 1600 1597
v -33.345 -40.700 295.382
v -45.292 -39.102 294.254
v -48.498 -43.730 328.226
v -36.551 -45.358 329.354
f 1601 1602 1603
f 1603 1604 1601
v -36.564 -45.373 329.484
v -48.484 -43.715 328.096
v -51.467 -46.189 353.707
v -39.548 -47.776 355.096
f 1605 1606 1607
f 1607 1608 1605
v -39.533 -47.765 354.950
v -51.482 -46.199 353.852
v -52.907 -47.368 369.359
v -40.957 -48.899 370.457
f 1609 1610 1611
f 1611 1612 1609
v -40.938 -48.877 370.164
v -52.927 -47.391 369.652
v -54.274 -48.964 401.154
v -42.285 -50.280 401.666
f 1613 1614 1615
f 1615 1616 1613
v -36.471 -49.900 377.641
v -24.555 -51.358 379.056
v -22.874 -50.622 364.896
v -34.790 -49.060 363.481
f 1617 1618 1619
f 1619 1620 1617
v -34.790 -49.060 363.482
v -22.874 -50.622 364.896
v -20.224 -49.083 342.560
v -32.141 -47.411 341.147
f 1621 1622 1623
f 1623 1624 1621
v -32.152 -47.423 341.253
v -20.212 -49.071 342.454
v -17.674 -46.093 317.212
v -29.614 -44.516 316.012
f 1625 1626 1627
f 1627 1628 1625
v -29.615 -44.518 316.021
v -17.673 -46.092 317.203
v -15.592 -42.814 296.161
v -27.533 -41.320 294.980
f 1629 1630 1631
f 1631 1632 1629
v -27.525 -41.308 294.903
v -15.600 -42.827 296.239
v -12.605 -38.082 269.518
v -24.531 -36.650 268.182
f 1633 1634 1635
f 1635 1636 1633
v -24.529 -36.647 268.166
v -12.607 -38.085 269.533
v 2.621 -12.800 136.734
v -9.301 -11.127 135.367
f 1637 1638 1639
f 1639 1640 1637
v 195.894 -81.108 2236.889
v 192.232 -81.318 2244.001
v 200.158 -81.614 2248.082
v 203.820 -81.397 2240.969
f 1641 1642 1643
f 1643 1644 1641
v 203.320 -81.381 2240.754
v 200.658 -81.632 2248.298
v 209.943 -81.931 2251.573
v 212.604 -81.670 2244.029
f 1645 1646 1647
f 1647 1648 1645
v 212.056 -81.654 2243.878
v 210.490 -81.947 2251.724
v 215.121 -82.070 2252.648
v 216.687 -81.773 2244.803
f 1649 1650 1651
f 1651 1652 1649
v 215.788 -81.754 2244.727
v 216.020 -82.090 2252.724
v 220.562 -82.169 2252.592
v 220.330 -81.827 2244.595
f 1653 1654 1655
f 1655 1656 1653
v 218.933 -81.815 2244.890
v 221.959 -82.182 2252.296
v 226.000 -82.186 2250.645
v 222.974 -81.815 2243.240
f 1657 1658 1659
f 1659 1660 1657
v 222.641 -81.816 2243.394
v 226.333 -82.185 2250.491
v 233.491 -82.375 2246.767
v 229.798 -81.814 2239.670
f 1661 1662 1663
f 1663 1664 1661
v 229.666 -81.808 2239.742
v 233.623 -82.381 2246.695
v 240.191 -82.675 2242.958
v 236.234 -82.107 2236.004
f 1665 1666 1667
f 1667 1668 1665
v 236.687 -82.129 2235.783
v 239.738 -82.653 2243.179
v 253.119 -83.358 2237.658
v 250.068 -82.881 2230.263
f 1669 1670 1671
f 1671 1672 1669
v 1804.596 -77.744 1570.590
v 1803.358 -77.307 1562.686
v 1531.872 -75.677 1605.226
v 1533.110 -75.501 1613.130
f 1673 1674 1675
f 1675 1676 1673
v 1533.124 -75.502 1613.127
v 1531.858 -75.677 1605.228
v 1461.092 -73.729 1616.573
v 1462.358 -74.220 1624.472
f 1677 1678 1679
f 1679 1680 1677
v 1462.536 -74.218 1624.440
v 1460.914 -73.729 1616.606
v 1426.583 -74.068 1623.711
v 1428.205 -74.813 1631.545
f 1681 1682 1683
f 1683 1684 1681
v 1428.499 -74.805 1631.472
v 1426.289 -74.077 1623.784
v 1394.407 -75.331 1632.949
v 1396.617 -76.102 1640.638
f 1685 1686 1687
f 1687 1688 1685
v 1396.707 -76.098 1640.611
v 1394.318 -75.335 1632.976
v 1373.802 -76.279 1639.395
v 1376.190 -77.018 1647.030
f 1689 1690 1691
f 1691 1692 1689
v 1376.506 -77.003 1646.916
v 1373.486 -76.294 1639.508
v 1353.827 -77.276 1647.525
v 1356.847 -77.897 1654.933
f 1693 1694 1695
f 1695 1696 1693
v 1356.771 -77.900 1654.963
v 1353.903 -77.273 1647.495
v 1334.889 -77.932 1654.798
v 1337.758 -78.446 1662.266
f 1697 1698 1699
f 1699 1700 1697
v 1337.994 -78.441 1662.167
v 1334.654 -77.938 1654.898
v 1305.766 -78.331 1668.171
v 1309.106 -78.664 1675.440
f 1701 1702 1703
f 1703 1704 1701
v 1309.549 -78.666 1675.202
v 1305.323 -78.332 1668.409
v 1273.753 -77.615 1688.048
v 1277.979 -77.801 1694.841
f 1705 1706 1707
f 1707 1708 1705
v 1277.874 -77.796 1694.903
v 1273.858 -77.620 1687.985
v 1249.267 -76.375 1702.262
v 1253.284 -76.399 1709.180
f 1709 1710 1711
f 1711 1712 1709
v 1253.500 -76.412 1709.046
v 1249.052 -76.362 1702.396
v 1058.951 -85.337 1829.565
v 1063.399 -85.096 1836.215
f 1713 1714 1715
f 1715 1716 1713
v 1063.381 -85.098 1836.227
v 1058.970 -85.335 1829.553
v 1029.715 -87.632 1848.888
v 1034.126 -87.249 1855.562
f 1717 1718 1719
f 1719 1720 1717
v 1034.008 -87.255 1855.637
v 1029.833 -87.625 1848.812
v 1009.083 -88.376 1861.504
v 1013.258 -87.892 1868.329
f 1721 1722 1723
f 1723 1724 1721
v 1013.304 -87.892 1868.300
v 1009.037 -88.376 1861.533
v 991.048 -88.464 1872.878
v 995.315 -87.901 1879.644
f 1725 1726 1727
f 1727 1728 1725
v 995.234 -87.900 1879.694
v 991.129 -88.465 1872.828
v 976.502 -88.253 1881.570
v 980.606 -87.619 1888.437
f 1729 1730 1731
f 1731 1732 1729
v 980.475 -87.615 1888.512
v 976.633 -88.256 1881.496
v 960.959 -87.965 1890.080
v 964.802 -87.235 1897.097
f 1733 1734 1735
f 1735 1736 1733
v 964.717 -87.234 1897.141
v 961.043 -87.967 1890.035
v 922.805 -87.459 1909.806
v 926.479 -86.661 1916.912
f 1737 1738 1739
f 1739 1740 1737
v 926.502 -86.661 1916.900
v 922.782 -87.459 1909.818
v 910.236 -87.568 1916.408
v 913.956 -86.786 1923.490
f 1741 1742 1743
f 1743 1744 1741
v 913.746 -86.790 1923.593
v 910.447 -87.565 1916.305
v 902.510 -87.702 1919.897
v 905.808 -86.953 1927.185
f 1745 1746 1747
f 1747 1748 1745
v 905.757 -86.954 1927.208
v 902.561 -87.701 1919.874
v 881.923 -88.494 1928.868
v 885.118 -87.868 1936.202
f 1749 1750 1751
f 1751 1752 1749
v 884.817 -87.892 1936.319
v 882.224 -88.472 1928.751
v 856.476 -90.546 1937.573
v 859.069 -90.055 1945.141
f 1753 1754 1755
f 1755 1756 1753
v 858.986 -90.063 1945.168
v 856.559 -90.539 1937.545
v 809.682 -95.777 1952.469
v 812.109 -95.471 1960.092
f 1757 1758 1759
f 1759 1760 1757
v 811.816 -95.509 1960.173
v 809.976 -95.740 1952.388
v 765.782 -101.144 1962.834
v 767.622 -100.993 1970.620
f 1761 1762 1763
f 1763 1764 1761
v 767.416 -101.019 1970.663
v 765.988 -101.127 1962.791
v 638.994 -104.358 1985.837
v 640.423 -104.365 1993.708
f 1765 1766 1767
f 1767 1768 1765
v 640.421 -104.365 1993.709
v 638.996 -104.358 1985.837
v 529.514 -93.778 2005.646
v 530.938 -94.049 2013.519
f 1769 1770 1771
f 1771 1772 1769
v 530.879 -94.044 2013.529
v 529.573 -93.784 2005.636
v 422.239 -90.475 2023.399
v 423.545 -90.898 2031.292
f 1773 1774 1775
f 1775 1776 1773
v 423.503 -90.899 2031.298
v 422.280 -90.474 2023.392
v 351.804 -93.391 2034.288
v 353.026 -93.400 2042.194
f 1777 1778 1779
f 1779 1780 1777
v 352.970 -93.402 2042.202
v 351.861 -93.389 2034.279
v 281.540 -95.218 2044.118
v 282.649 -94.744 2052.041
f 1781 1782 1783
f 1783 1784 1781
v -89.096 -76.357 1879.907
v -81.178 -76.493 1878.769
v -82.258 -76.858 1871.255
v -90.176 -76.652 1872.393
f 1785 1786 1787
f 1787 1788 1785
v -90.027 -76.629 1873.041
v -82.407 -76.887 1870.606
v -84.255 -77.125 1864.822
v -91.875 -76.819 1867.256
f 1789 1790 1791
f 1791 1792 1789
v -91.391 -76.792 1868.261
v -84.739 -77.159 1863.817
v -91.162 -77.353 1854.202
v -97.814 -76.944 1858.647
f 1793 1794 1795
f 1795 1796 1793
v -97.113 -76.943 1859.443
v -91.863 -77.356 1853.406
v -112.257 -76.759 1835.670
v -117.507 -76.398 1841.706
f 1797 1798 1799
f 1799 1800 1797
v -117.876 -76.379 1841.340
v -111.888 -76.778 1836.035
v -122.908 -76.055 1823.595
v -128.897 -75.642 1828.899
f 1801 1802 1803
f 1803 1804 1801
v -129.355 -75.603 1828.267
v -122.450 -76.092 1824.227
v -129.174 -75.464 1812.737
v -136.078 -74.914 1816.777
f 1805 1806 1807
f 1807 1808 1805
v -136.288 -74.888 1816.365
v -128.964 -75.487 1813.149
v -134.340 -74.833 1800.906
v -141.665 -74.135 1804.123
f 1809 1810 1811
f 1811 1812 1809
v -141.884 -74.103 1803.480
v -134.121 -74.862 1801.549
v -139.030 -74.086 1781.817
v -146.794 -73.303 1783.749
f 1813 1814 1815
f 1815 1816 1813
v -146.827 -73.297 1783.604
v -138.997 -74.092 1781.963
v -142.125 -73.568 1767.039
v -149.955 -72.769 1768.680
f 1817 1818 1819
f 1819 1820 1817
v -149.960 -72.769 1768.658
v -142.120 -73.569 1767.061
v -150.993 -72.695 1723.492
v -158.832 -71.899 1725.088
f 1821 1822 1823
f 1823 1824 1821
v -158.902 -71.898 1724.572
v -150.922 -72.697 1724.007
v -151.846 -72.772 1710.959
v -159.826 -72.006 1711.524
f 1825 1826 1827
f 1827 1828 1825
v -159.746 -72.047 1710.397
v -151.926 -72.737 1712.086
v -149.166 -73.285 1699.301
v -156.985 -72.668 1697.613
f 1829 1830 1831
f 1831 1832 1829
v -156.893 -72.686 1697.263
v -149.258 -73.270 1699.651
v -145.384 -73.843 1687.263
v -153.019 -73.324 1684.875
f 1833 1834 1835
f 1835 1836 1833
v -152.793 -73.355 1684.308
v -145.610 -73.815 1687.830
v -134.734 -75.093 1665.642
v -141.917 -74.697 1662.121
f 1837 1838 1839
f 1839 1840 1837
v -141.957 -74.692 1662.205
v -134.694 -75.097 1665.558
v -128.371 -75.617 1651.862
v -135.634 -75.319 1648.509
f 1841 1842 1843
f 1843 1844 1841
v -135.806 -75.303 1648.947
v -128.199 -75.628 1651.424
v -123.635 -75.868 1637.412
v -131.242 -75.677 1634.934
f 1845 1846 1847
f 1847 1848 1845
v -131.427 -75.661 1635.871
v -123.450 -75.874 1636.475
v -122.682 -75.893 1626.346
v -130.659 -75.795 1625.741
f 1849 1850 1851
f 1851 1852 1849
v -130.661 -75.788 1626.321
v -122.680 -75.893 1625.766
v -123.136 -75.890 1619.202
v -131.117 -75.857 1619.757
f 1853 1854 1855
f 1855 1856 1853
v -131.084 -75.854 1620.061
v -123.169 -75.890 1618.898
v -127.978 -76.078 1586.184
v -135.893 -76.373 1587.347
f 1857 1858 1859
f 1859 1860 1857
v -135.822 -76.366 1587.715
v -128.050 -76.082 1585.816
v -132.826 -76.454 1566.270
v -140.597 -76.886 1568.168
f 1861 1862 1863
f 1863 1864 1861
v -140.506 -76.876 1568.485
v -132.917 -76.463 1565.953
v -146.042 -77.647 1526.622
v -153.630 -78.199 1529.154
f 1865 1866 1867
f 1867 1868 1865
v -153.635 -78.199 1529.141
v -146.037 -77.647 1526.635
v -165.930 -77.990 1466.305
v -173.528 -78.530 1468.810
f 1869 1870 1871
f 1871 1872 1869
v -173.587 -78.522 1468.612
v -165.870 -77.996 1466.504
v -176.412 -76.220 1427.912
v -184.129 -76.515 1430.020
f 1873 1874 1875
f 1875 1876 1873
v -184.115 -76.519 1430.071
v -176.426 -76.216 1427.862
v -188.493 -72.776 1385.862
v -196.182 -72.834 1388.072
f 1877 1878 1879
f 1879 1880 1877
v -196.079 -72.864 1388.383
v -188.597 -72.746 1385.551
v -195.699 -70.985 1366.784
v -203.181 -71.007 1369.615
f 1881 1882 1883
f 1883 1884 1881
v -203.157 -71.013 1369.677
v -195.723 -70.979 1366.722
v -213.746 -66.866 1321.381
v -221.180 -66.699 1324.336
f 1885 1886 1887
f 1887 1888 1885
v -221.280 -66.673 1324.052
v -213.645 -66.891 1321.665
v -234.462 -65.243 1255.073
v -242.097 -65.194 1257.460
f 1889 1890 1891
f 1891 1892 1889
v -419.835 -75.006 2546.315
v -411.988 -75.097 2547.871
v -408.927 -74.075 2532.433
v -416.774 -73.890 2530.877
f 1893 1894 1895
f 1895 1896 1893
v -416.843 -73.954 2531.903
v -408.858 -74.018 2531.407
v -409.749 -73.185 2517.065
v -417.733 -73.024 2517.561
f 1897 1898 1899
f 1899 1900 1897
v -417.497 -73.102 2518.689
v -409.985 -73.114 2515.937
v -416.408 -71.998 2498.400
v -423.920 -71.836 2501.151
f 1901 1902 1903
f 1903 1904 1901
v -423.612 -71.876 2501.803
v -416.716 -71.960 2497.748
v -446.873 -69.868 2446.468
v -453.769 -69.930 2450.524
f 1905 1906 1907
f 1907 1908 1905
v -453.905 -69.926 2450.272
v -446.736 -69.871 2446.721
v -454.796 -70.193 2430.451
v -461.965 -70.108 2434.002
f 1909 1910 1911
f 1911 1912 1909
v -462.357 -70.145 2432.654
v -454.403 -70.157 2431.799
v -456.040 -70.557 2416.572
v -463.994 -70.556 2417.427
f 1913 1914 1915
f 1915 1916 1913
v -463.911 -70.592 2416.087
v -456.122 -70.522 2417.912
v -452.694 -71.270 2403.280
v -460.483 -71.428 2401.454
f 1917 1918 1919
f 1919 1920 1917
v -459.667 -71.527 2399.813
v -453.509 -71.172 2404.921
v -429.475 -72.959 2375.946
v -435.633 -73.375 2370.839
f 1921 1922 1923
f 1923 1924 1921
v -435.493 -73.386 2370.679
v -429.615 -72.943 2376.106
v -402.743 -75.159 2347.000
v -408.621 -75.563 2341.573
f 1925 1926 1927
f 1927 1928 1925
v -409.443 -75.479 2342.926
v -401.920 -75.237 2345.646
v -380.769 -77.194 2287.129
v -388.293 -77.842 2284.409
f 1929 1930 1931
f 1931 1932 1929
v -388.288 -77.843 2284.397
v -380.774 -77.194 2287.142
v -377.011 -77.150 2276.841
v -384.526 -77.868 2274.096
f 1933 1934 1935
f 1935 1936 1933
v -384.406 -77.866 2273.804
v -377.131 -77.153 2277.133
v -372.055 -76.922 2266.039
v -379.329 -77.700 2262.711
f 1937 1938 1939
f 1939 1940 1937
v -378.472 -77.644 2261.499
v -372.912 -76.981 2267.251
v -361.435 -75.958 2256.158
v -366.995 -76.570 2250.406
f 1941 1942 1943
f 1943 1944 1941
v -366.012 -76.470 2249.708
v -362.418 -76.056 2256.855
v -344.117 -74.170 2247.650
v -347.712 -74.493 2240.503
f 1945 1946 1947
f 1947 1948 1945
v -347.742 -74.496 2240.519
v -344.087 -74.167 2247.635
v -320.253 -71.596 2235.393
v -323.908 -71.904 2228.276
f 1949 1950 1951
f 1951 1952 1949
v -323.892 -71.902 2228.268
v -320.270 -71.598 2235.401
v -298.685 -69.570 2224.440
v -302.307 -69.808 2217.307
f 1953 1954 1955
f 1955 1956 1953
v -302.160 -69.799 2217.236
v -298.831 -69.580 2224.511
v -239.175 -67.318 2197.213
v -242.504 -67.635 2189.938
f 1957 1958 1959
f 1959 1960 1957
v -242.633 -67.634 2190.000
v -239.047 -67.319 2197.151
v -230.197 -67.433 2192.714
v -233.783 -67.750 2185.563
f 1961 1962 1963
f 1963 1964 1961
v -233.964 -67.747 2185.659
v -230.015 -67.436 2192.617
v -222.034 -67.759 2188.087
v -225.983 -67.878 2181.130
f 1965 1966 1967
f 1967 1968 1965
v -226.517 -67.867 2181.493
v -221.499 -67.801 2187.724
v -204.657 -69.165 2174.161
v -209.674 -69.227 2167.930
f 1969 1970 1971
f 1971 1972 1969
v -178.191 -73.919 2117.798
v -170.952 -73.990 2121.203
v -156.324 -76.012 2090.102
v -163.564 -76.159 2086.697
f 1973 1974 1975
f 1975 1976 1973
v -163.527 -76.164 2086.621
v -156.361 -76.008 2090.178
v -146.654 -76.709 2070.619
v -153.820 -76.967 2067.062
f 1977 1978 1979
f 1979 1980 1977
v -153.871 -76.964 2067.169
v -146.603 -76.712 2070.512
v -136.272 -76.948 2048.047
v -143.540 -77.340 2044.705
f 1981 1982 1983
f 1983 1984 1981
v 246.211 -96.699 2011.219
v 235.334 -96.694 2006.150
v 223.457 -94.980 2031.639
v 234.334 -95.099 2036.708
f 1985 1986 1987
f 1987 1988 1985
v 234.542 -95.136 2036.200
v 223.248 -94.932 2032.146
v 213.908 -92.411 2058.163
v 225.203 -92.674 2062.217
f 1989 1990 1991
f 1991 1992 1989
v 225.328 -92.718 2061.828
v 213.783 -92.368 2058.553
v 208.407 -90.390 2077.504
v 219.951 -90.651 2080.779
f 1993 1994 1995
f 1995 1996 1993
v 220.002 -90.673 2080.587
v 208.355 -90.370 2077.696
v 204.259 -88.568 2094.205
v 215.906 -88.791 2097.095
f 1997 1998 1999
f 1999 2000 1997
v 216.000 -88.841 2096.641
v 204.165 -88.520 2094.659
v 201.849 -87.083 2108.486
v 213.684 -87.352 2110.468
f 2001 2002 2003
f 2003 2004 2001
v 213.767 -87.448 2109.483
v 201.767 -86.986 2109.471
v 201.756 -85.902 2121.397
v 213.756 -86.314 2121.408
f 2005 2006 2007
f 2007 2008 2005
v 213.749 -86.342 2121.113
v 201.763 -85.875 2121.692
v 202.430 -84.639 2135.519
v 214.416 -85.047 2134.940
f 2009 2010 2011
f 2011 2012 2009
v 214.402 -85.068 2134.719
v 202.445 -84.619 2135.740
v 203.547 -83.656 2148.643
v 215.504 -84.037 2147.622
f 2013 2014 2015
f 2015 2016 2013
v 215.525 -83.992 2148.243
v 203.527 -83.700 2148.021
v 203.315 -82.889 2159.431
v 215.313 -83.144 2159.654
f 2017 2018 2019
f 2019 2020 2017
v 215.286 -83.108 2160.122
v 203.342 -82.923 2158.963
v 202.307 -82.149 2169.634
v 214.251 -82.320 2170.793
f 2021 2022 2023
f 2023 2024 2021
v 214.083 -82.280 2171.732
v 202.474 -82.219 2168.695
v 198.912 -81.590 2182.311
v 210.521 -81.679 2185.348
f 2025 2026 2027
f 2027 2028 2025
v 210.362 -81.656 2185.862
v 199.071 -81.612 2181.796
v 192.147 -80.803 2201.025
v 203.438 -80.977 2205.091
f 2029 2030 2031
f 2031 2032 2029
v 240.126 -96.576 2012.632
v 241.420 -96.814 2004.737
v 236.421 -96.772 2003.918
v 235.128 -96.530 2011.813
f 2033 2034 2035
f 2035 2036 2033
v 235.554 -96.535 2011.860
v 235.995 -96.768 2003.872
v 227.624 -96.592 2003.410
v 227.183 -96.330 2011.397
f 2037 2038 2039
f 2039 2040 2037
v 227.955 -96.383 2011.365
v 226.851 -96.538 2003.442
v 220.217 -96.053 2004.366
v 221.321 -95.904 2012.290
f 2041 2042 2043
f 2043 2044 2041
v 222.122 -95.964 2012.092
v 219.415 -95.992 2004.564
v 210.821 -95.315 2007.654
v 213.528 -95.293 2015.182
f 2045 2046 2047
f 2047 2048 2045
v 213.869 -95.320 2015.042
v 210.481 -95.287 2007.795
v 164.584 -90.392 2029.256
v 167.972 -90.423 2036.502
f 2049 2050 2051
f 2051 2052 2049
v 433.256 -94.869 1163.514
v 424.193 -95.358 1171.379
v 439.321 -97.650 1188.813
v 448.385 -97.070 1180.948
f 2053 2054 2055
f 2055 2056 2053
v 448.385 -97.070 1180.948
v 439.322 -97.650 1188.813
v 468.677 -101.574 1222.637
v 477.739 -101.100 1214.772
f 2057 2058 2059
f 2059 2060 2057
v 477.746 -101.101 1214.780
v 468.670 -101.573 1222.630
v 517.227 -103.085 1278.775
v 526.304 -102.325 1270.925
f 2061 2062 2063
f 2063 2064 2061
v 526.430 -102.317 1271.075
v 517.102 -103.087 1278.624
v 558.947 -99.584 1330.331
v 568.275 -98.915 1322.782
f 2065 2066 2067
f 2067 2068 2065
v 568.320 -98.911 1322.839
v 558.901 -99.588 1330.274
v 593.454 -97.724 1374.056
v 602.874 -97.199 1366.622
f 2069 2070 2071
f 2071 2072 2069
v 603.190 -97.201 1367.061
v 593.139 -97.724 1373.617
v 608.991 -98.272 1397.918
v 619.041 -97.879 1391.362
f 2073 2074 2075
f 2075 2076 2073
v 619.369 -97.907 1391.930
v 608.663 -98.249 1397.351
v 619.506 -99.377 1418.760
v 630.211 -99.251 1413.339
f 2077 2078 2079
f 2079 2080 2077
v 630.652 -99.332 1414.489
v 619.065 -99.307 1417.610
v 626.702 -101.097 1445.966
v 638.289 -101.495 1442.845
f 2081 2082 2083
f 2083 2084 2081
v 638.468 -101.561 1443.840
v 626.522 -101.042 1444.971
v 628.659 -102.253 1467.542
v 640.606 -103.003 1466.411
f 2085 2086 2087
f 2087 2088 2085
v 640.632 -103.042 1467.042
v 628.633 -102.220 1466.911
v 628.421 -102.801 1486.339
v 640.421 -103.744 1486.470
f 2089 2090 2091
f 2091 2092 2089
v 640.255 -103.775 1487.807
v 628.587 -102.777 1485.001
v 623.467 -102.769 1506.291
v 635.134 -103.763 1509.097
f 2093 2094 2095
f 2095 2096 2093
v 634.792 -103.735 1510.112
v 623.809 -102.797 1505.277
v 612.710 -101.878 1530.489
v 623.693 -102.712 1535.324
f 2097 2098 2099
f 2099 2100 2097
v 623.115 -102.641 1536.351
v 613.288 -101.926 1529.463
v 600.976 -100.686 1547.028
v 610.803 -101.331 1553.916
f 2101 2102 2103
f 2103 2104 2101
v 609.990 -101.255 1554.853
v 601.789 -100.761 1546.092
v 577.310 -98.360 1569.006
v 585.511 -98.984 1577.767
f 2105 2106 2107
f 2107 2108 2105
v 584.824 -98.929 1578.321
v 577.997 -98.417 1568.452
v 552.438 -96.765 1586.137
v 559.266 -97.423 1596.005
f 2109 2110 2111
f 2111 2112 2109
v 558.257 -97.384 1596.568
v 553.446 -96.815 1585.574
v 489.983 -95.663 1613.349
v 494.794 -96.784 1624.342
f 2113 2114 2115
f 2115 2116 2113
v 494.626 -96.787 1624.412
v 490.150 -95.662 1613.278
v 460.651 -96.115 1625.138
v 465.127 -97.371 1636.272
f 2117 2118 2119
f 2119 2120 2117
v 465.704 -97.356 1636.003
v 460.073 -96.130 1625.407
v 418.796 -97.140 1647.344
v 424.427 -98.287 1657.940
f 2121 2122 2123
f 2123 2124 2121
v 424.702 -98.288 1657.785
v 418.521 -97.142 1647.499
v 399.841 -97.146 1658.725
v 406.023 -98.150 1669.011
f 2125 2126 2127
f 2127 2128 2125
v 406.707 -98.156 1668.531
v 399.157 -97.142 1659.205
v 382.648 -96.740 1672.570
v 390.199 -97.871 1681.897
f 2129 2130 2131
f 2131 2132 2129
v 390.798 -97.896 1681.340
v 382.049 -96.716 1673.127
v 366.130 -95.796 1690.085
v 374.879 -96.889 1698.298
f 2133 2134 2135
f 2135 2136 2133
v 374.945 -96.894 1698.226
v 366.064 -95.791 1690.156
v 353.140 -94.611 1704.380
v 362.021 -95.733 1712.450
f 2137 2138 2139
f 2139 2140 2137
v 362.660 -95.795 1711.608
v 352.501 -94.541 1705.222
v 339.576 -92.917 1725.786
v 349.736 -94.295 1732.171
f 2141 2142 2143
f 2143 2144 2141
v 349.949 -94.323 1731.804
v 339.363 -92.888 1726.153
v 325.537 -90.951 1752.051
v 336.123 -92.438 1757.703
f 2145 2146 2147
f 2147 2148 2145
v 336.372 -92.471 1757.177
v 325.289 -90.919 1752.578
v 316.750 -89.854 1773.154
v 327.834 -91.399 1777.753
f 2149 2150 2151
f 2151 2152 2149
v 327.991 -91.414 1777.329
v 316.593 -89.835 1773.578
v 302.645 -89.557 1815.958
v 314.043 -90.719 1819.710
f 2153 2154 2155
f 2155 2156 2153
v 314.084 -90.718 1819.582
v 302.604 -89.559 1816.086
v 291.094 -90.880 1853.884
v 302.573 -91.663 1857.380
f 2157 2158 2159
f 2159 2160 2157
v 302.638 -91.653 1857.150
v 291.029 -90.892 1854.114
v 282.424 -92.957 1887.012
v 294.033 -93.346 1890.048
f 2161 2162 2163
f 2163 2164 2161
v 294.026 -93.347 1890.075
v 282.431 -92.955 1886.986
v 267.503 -96.540 1943.022
v 279.098 -96.468 1946.111
f 2165 2166 2167
f 2167 2168 2165
v 278.906 -96.499 1946.706
v 267.695 -96.515 1942.426
v 259.780 -97.187 1963.161
v 270.991 -97.347 1967.440
f 2169 2170 2171
f 2171 2172 2169
v 270.604 -97.371 1968.261
v 260.167 -97.181 1962.340
v 235.554 -96.709 2005.724
v 245.992 -96.684 2011.645
f 2173 2174 2175
f 2175 2176 2173
v 446.257 -95.617 1167.546
v 455.632 -95.061 1160.056
v 414.232 -89.909 1108.242
v 404.857 -90.533 1115.733
f 2177 2178 2179
f 2179 2180 2177
v 405.055 -90.547 1115.968
v 414.034 -89.895 1108.007
v 358.051 -90.465 1044.874
v 349.073 -91.102 1052.836
f 2181 2182 2183
f 2183 2184 2181
v 349.051 -91.103 1052.811
v 358.073 -90.464 1044.899
v 312.142 -91.863 992.530
v 303.121 -92.344 1000.443
f 2185 2186 2187
f 2187 2188 2185
v 303.244 -92.348 1000.579
v 312.019 -91.862 992.394
v 282.776 -89.845 961.039
v 274.000 -90.437 969.224
f 2189 2190 2191
f 2191 2192 2189
v 273.998 -90.436 969.222
v 282.778 -89.845 961.041
v 280.095 -89.559 958.162
v 271.315 -90.147 966.342
f 2193 2194 2195
f 2195 2196 2193
v 271.317 -90.147 966.345
v 280.093 -89.559 958.160
v 265.888 -87.644 942.931
v 257.113 -88.157 951.116
f 2197 2198 2199
f 2199 2200 2197
v 257.150 -88.163 951.155
v 265.852 -87.638 942.892
v 247.039 -84.540 923.080
v 238.337 -85.057 931.343
f 2201 2202 2203
f 2203 2204 2201
v 238.143 -85.022 931.129
v 247.233 -84.575 923.295
v 190.270 -75.633 857.203
v 181.181 -76.174 865.037
f 2205 2206 2207
f 2207 2208 2205
v 181.180 -76.174 865.037
v 190.271 -75.633 857.203
v 133.631 -74.732 791.480
v 124.541 -75.277 799.314
f 2209 2210 2211
f 2211 2212 2209
v 124.534 -75.277 799.306
v 133.638 -74.731 791.488
v 96.457 -74.426 748.192
v 87.353 -74.902 756.010
f 2213 2214 2215
f 2215 2216 2213
v 87.262 -74.897 755.902
v 96.548 -74.431 748.301
v 54.147 -69.032 696.499
v 44.861 -69.404 704.100
f 2217 2218 2219
f 2219 2220 2217
v 44.738 -69.379 703.944
v 54.270 -69.057 696.654
v 30.458 -63.605 665.523
v 20.927 -63.803 672.813
f 2221 2222 2223
f 2223 2224 2221
v 20.137 -63.574 671.435
v 31.248 -63.846 666.901
v 24.457 -61.091 650.259
v 13.347 -60.949 654.792
f 2225 2226 2227
f 2227 2228 2225
v 13.343 -60.948 654.784
v 24.461 -61.092 650.267
v 11.615 -56.655 618.647
v 0.497 -56.436 623.164
f 2229 2230 2231
f 2231 2232 2229
v 0.498 -56.436 623.167
v 11.613 -56.654 618.644
v 5.646 -55.071 603.983
v -5.468 -54.688 608.506
f 2233 2234 2235
f 2235 2236 2233
v -5.521 -54.674 608.373
v 5.699 -55.085 604.115
v -9.374 -51.738 564.398
v -20.593 -51.243 568.656
f 2237 2238 2239
f 2239 2240 2237
v -20.783 -51.215 568.065
v -9.184 -51.777 564.990
v -19.036 -50.537 527.822
v -30.635 -50.289 530.897
f 2241 2242 2243
f 2243 2244 2241
v -30.689 -50.285 530.675
v -18.981 -50.540 528.044
v -26.295 -50.801 495.499
v -38.003 -50.258 498.130
f 2245 2246 2247
f 2247 2248 2245
v -38.096 -50.258 497.611
v -26.202 -50.791 496.017
v -29.642 -51.235 470.340
v -41.536 -50.471 471.934
f 2249 2250 2251
f 2251 2252 2249
v -41.585 -50.477 471.346
v -29.592 -51.224 470.928
v -30.483 -51.633 445.396
v -42.476 -50.669 445.815
f 2253 2254 2255
f 2255 2256 2253
v -42.479 -50.671 445.502
v -30.480 -51.628 445.709
v -30.157 -51.801 427.032
v -42.156 -50.688 426.825
f 2257 2258 2259
f 2259 2260 2257
v -42.145 -50.686 426.556
v -30.168 -51.801 427.302
v -29.300 -51.829 413.353
v -41.277 -50.611 412.608
f 2261 2262 2263
f 2263 2264 2261
v -41.232 -50.611 412.161
v -29.345 -51.826 413.800
v -24.569 -51.360 379.168
v -36.456 -49.897 377.529
f 2265 2266 2267
f 2267 2268 2265
v 137.258 -87.051 2386.646
v 148.721 -88.411 2390.196
v 169.972 -85.935 2321.577
v 158.509 -85.359 2318.027
f 2269 2270 2271
f 2271 2272 2269
v 158.601 -85.346 2317.753
v 169.880 -85.951 2321.850
v 186.355 -82.917 2276.500
v 175.077 -82.779 2272.403
f 2273 2274 2275
f 2275 2276 2273
v 175.131 -82.770 2272.259
v 186.301 -82.927 2276.644
v 194.750 -81.787 2255.117
v 183.580 -81.596 2250.733
f 2277 2278 2279
f 2279 2280 2277
v 183.580 -81.596 2250.733
v 194.750 -81.787 2255.117
v 199.649 -81.393 2242.637
v 188.478 -81.039 2238.253
f 2281 2282 2283
f 2283 2284 2281
v 188.431 -81.043 2238.377
v 199.696 -81.389 2242.513
v 220.913 -81.885 2184.722
v 209.648 -81.849 2180.586
f 2285 2286 2287
f 2287 2288 2285
v 209.476 -81.824 2181.136
v 221.085 -81.910 2184.172
v 224.035 -82.425 2172.894
v 212.426 -82.333 2169.857
f 2289 2290 2291
f 2291 2292 2289
v 212.337 -82.304 2170.249
v 224.124 -82.443 2172.502
v 227.085 -83.612 2157.011
v 215.299 -83.505 2154.758
f 2293 2294 2295
f 2295 2296 2293
v 215.481 -83.562 2154.044
v 226.902 -83.553 2157.725
v 235.374 -86.174 2131.444
v 223.953 -86.038 2127.763
f 2297 2298 2299
f 2299 2300 2297
v 223.682 -85.895 2129.126
v 235.644 -86.322 2130.081
v 237.180 -88.280 2110.826
v 225.218 -87.852 2109.871
f 2301 2302 2303
f 2303 2304 2301
v 225.275 -87.902 2109.397
v 237.124 -88.231 2111.300
v 238.994 -89.502 2099.652
v 227.145 -89.208 2097.749
f 2305 2306 2307
f 2307 2308 2305
v 227.272 -89.276 2097.155
v 238.867 -89.436 2100.246
v 243.565 -91.410 2082.629
v 231.970 -91.332 2079.537
f 2309 2310 2311
f 2311 2312 2309
v 232.006 -91.346 2079.409
v 243.529 -91.395 2082.757
v 248.238 -93.031 2066.553
v 236.714 -93.008 2063.204
f 2313 2314 2315
f 2315 2316 2313
v 236.630 -92.975 2063.528
v 248.322 -93.062 2066.229
v 255.113 -95.492 2036.831
v 243.421 -95.439 2034.130
f 2317 2318 2319
f 2319 2320 2317
v 243.793 -95.517 2033.023
v 254.740 -95.417 2037.939
v 264.681 -96.837 2015.805
v 253.734 -96.811 2010.888
f 2321 2322 2323
f 2323 2324 2321
v 253.844 -96.819 2010.656
v 264.570 -96.829 2016.037
v 273.376 -97.233 1998.485
v 262.650 -97.386 1993.104
f 2325 2326 2327
f 2327 2328 2325
v 262.703 -97.390 1993.000
v 273.322 -97.233 1998.590
v 282.283 -97.071 1981.566
v 271.665 -97.423 1975.977
f 2329 2330 2331
f 2331 2332 2329
v 271.273 -97.450 1976.902
v 282.675 -97.045 1980.641
v 292.138 -96.275 1951.784
v 280.735 -96.499 1948.045
f 2333 2334 2335
f 2335 2336 2333
v 280.555 -96.532 1948.728
v 292.318 -96.245 1951.102
v 299.820 -94.637 1913.939
v 288.058 -94.595 1911.564
f 2337 2338 2339
f 2339 2340 2337
v 288.079 -94.589 1911.463
v 299.799 -94.642 1914.040
v 305.899 -93.314 1886.292
v 294.179 -92.944 1883.716
f 2341 2342 2343
f 2343 2344 2341
v 294.302 -92.916 1883.249
v 305.777 -93.336 1886.758
v 319.269 -91.937 1842.635
v 307.794 -91.004 1839.126
f 2345 2346 2347
f 2347 2348 2345
v 307.831 -91.001 1839.009
v 319.232 -91.938 1842.751
v 334.795 -92.456 1795.339
v 323.393 -91.032 1791.596
f 2349 2350 2351
f 2351 2352 2349
v 323.416 -91.034 1791.529
v 334.772 -92.454 1795.406
v 339.236 -92.930 1782.331
v 327.880 -91.413 1778.454
f 2353 2354 2355
f 2355 2356 2353
v 327.908 -91.416 1778.374
v 339.208 -92.927 1782.412
v 346.121 -93.821 1763.064
v 334.820 -92.261 1759.026
f 2357 2358 2359
f 2359 2360 2357
v 335.039 -92.290 1758.495
v 345.902 -93.791 1763.594
v 358.003 -95.404 1737.814
v 347.140 -93.942 1732.715
f 2361 2362 2363
f 2363 2364 2361
v 347.616 -94.006 1731.881
v 357.526 -95.347 1738.648
v 374.525 -97.251 1713.753
v 364.614 -95.944 1706.986
f 2365 2366 2367
f 2367 2368 2365
v 364.933 -95.973 1706.561
v 374.206 -97.217 1714.178
v 392.985 -98.540 1691.317
v 383.713 -97.345 1683.700
f 2369 2370 2371
f 2371 2372 2369
v 384.493 -97.388 1682.912
v 392.205 -98.493 1692.105
v 407.334 -98.943 1679.413
v 399.621 -97.864 1670.220
f 2373 2374 2375
f 2375 2376 2373
v 400.129 -97.869 1669.838
v 406.826 -98.937 1679.795
v 423.045 -99.104 1668.886
v 416.348 -97.971 1658.929
f 2377 2378 2379
f 2379 2380 2377
v 417.070 -97.974 1658.513
v 422.323 -99.096 1669.302
v 436.973 -99.245 1662.171
v 431.720 -98.054 1651.381
f 2381 2382 2383
f 2383 2384 2381
v 431.585 -98.055 1651.449
v 437.107 -99.242 1662.103
v 471.761 -98.347 1644.141
v 466.239 -97.106 1633.487
f 2385 2386 2387
f 2387 2388 2385
v 466.752 -97.094 1633.252
v 471.249 -98.359 1644.377
v 551.922 -97.570 1611.769
v 547.425 -96.970 1600.643
f 2389 2390 2391
f 2391 2392 2389
v 546.491 -96.944 1601.120
v 552.856 -97.587 1611.293
v 576.689 -98.369 1596.382
v 570.325 -97.928 1586.209
f 2393 2394 2395
f 2395 2396 2393
v 569.940 -97.905 1586.470
v 577.073 -98.389 1596.120
v 591.100 -99.297 1585.753
v 583.967 -98.878 1576.103
f 2397 2398 2399
f 2399 2400 2397
v 583.511 -98.841 1576.476
v 591.555 -99.332 1585.380
v 619.318 -101.828 1560.300
v 611.274 -101.408 1551.395
f 2401 2402 2403
f 2403 2404 2401
v 610.542 -101.340 1552.188
v 620.051 -101.897 1559.507
v 631.639 -103.127 1544.451
v 622.130 -102.542 1537.132
f 2405 2406 2407
f 2407 2408 2405
v 621.358 -102.450 1538.456
v 632.411 -103.224 1543.127
v 643.076 -104.401 1517.888
v 632.022 -103.503 1513.217
f 2409 2410 2411
f 2411 2412 2409
v 631.720 -103.478 1514.132
v 643.378 -104.411 1516.973
v 650.191 -104.226 1489.013
v 638.532 -103.587 1486.173
f 2413 2414 2415
f 2415 2416 2413
v 638.366 -103.612 1487.356
v 650.357 -104.190 1487.830
v 651.303 -103.185 1463.872
v 639.313 -102.740 1463.398
f 2417 2418 2419
f 2419 2420 2417
v 639.368 -102.807 1464.482
v 651.248 -103.114 1462.788
v 647.162 -101.112 1434.141
v 635.283 -100.910 1435.836
f 2421 2422 2423
f 2423 2424 2421
v 635.406 -100.959 1436.462
v 647.039 -101.060 1433.515
v 640.860 -99.087 1409.134
v 629.228 -99.156 1412.082
f 2425 2426 2427
f 2427 2428 2425
v 629.450 -99.203 1412.778
v 640.638 -99.029 1408.438
v 633.102 -97.560 1389.010
v 621.914 -97.965 1393.350
f 2429 2430 2431
f 2431 2432 2429
v 622.481 -98.026 1394.456
v 632.534 -97.488 1387.904
v 617.874 -96.566 1365.412
v 607.821 -97.211 1371.964
f 2433 2434 2435
f 2435 2436 2433
v 607.509 -97.201 1371.426
v 618.186 -96.580 1365.950
v 608.078 -96.245 1346.244
v 597.401 -97.021 1351.721
f 2437 2438 2439
f 2439 2440 2437
v 598.034 -97.011 1352.706
v 607.444 -96.256 1345.259
v 582.308 -97.677 1313.496
v 572.898 -98.527 1320.942
f 2441 2442 2443
f 2443 2444 2441
v 572.977 -98.520 1321.039
v 582.230 -97.684 1313.399
v 473.694 -97.833 1181.932
v 464.440 -98.401 1189.572
f 2445 2446 2447
f 2447 2448 2445
v 464.440 -98.401 1189.572
v 473.694 -97.833 1181.932
v 465.189 -96.520 1171.630
v 455.935 -97.090 1179.270
f 2449 2450 2451
f 2451 2452 2449
v 455.935 -97.090 1179.270
v 465.189 -96.520 1171.630
v 455.571 -95.051 1159.981
v 446.317 -95.626 1167.621
f 2453 2454 2455
f 2455 2456 2453
v 696.247 -86.799 201.531
v 688.256 -86.712 201.151
v 687.666 -85.903 213.540
v 695.657 -85.999 213.921
f 2457 2458 2459
f 2459 2460 2457
v 695.639 -85.984 214.157
v 687.684 -85.919 213.304
v 686.337 -85.054 225.865
v 694.292 -85.122 226.718
f 2461 2462 2463
f 2463 2464 2461
v 694.204 -85.084 227.225
v 686.425 -85.092 225.359
v 672.298 -81.122 284.229
v 680.078 -81.005 286.096
f 2465 2466 2467
f 2467 2468 2465
v 494.365 -85.796 306.983
v 502.190 -86.056 308.647
v 513.244 -80.668 256.685
v 505.419 -80.130 255.020
f 2469 2470 2471
f 2471 2472 2469
v 505.384 -80.151 255.202
v 513.278 -80.648 256.503
v 518.198 -77.195 226.652
v 510.305 -76.509 225.351
f 2473 2474 2475
f 2475 2476 2473
v 510.252 -76.586 225.969
v 518.251 -77.122 226.033
v 518.396 -74.908 207.818
v 510.396 -74.264 207.755
f 2477 2478 2479
f 2479 2480 2477
v 510.397 -74.262 207.738
v 518.396 -74.910 207.835
v 518.697 -72.058 183.056
v 510.697 -71.268 182.959
f 2481 2482 2483
f 2483 2484 2481
v 699.187 -81.165 290.404
v 706.756 -81.237 292.997
v 708.013 -81.404 289.325
v 700.445 -81.333 286.732
f 2485 2486 2487
f 2487 2488 2485
v 700.631 -81.355 286.282
v 707.828 -81.383 289.775
v 709.097 -81.510 287.160
v 701.900 -81.482 283.667
f 2489 2490 2491
f 2491 2492 2489
v 702.666 -81.550 282.589
v 708.330 -81.452 288.238
v 710.412 -81.577 286.151
v 704.748 -81.725 280.502
f 2493 2494 2495
f 2495 2496 2493
v 705.225 -81.761 280.093
v 709.935 -81.551 286.560
v 712.184 -81.662 284.922
v 707.474 -81.911 278.455
f 2497 2498 2499
f 2499 2500 2497
v 708.536 -81.968 277.903
v 711.121 -81.618 285.474
v 713.403 -81.698 284.695
v 710.818 -82.065 277.124
f 2501 2502 2503
f 2503 2504 2501
v 711.570 -82.092 276.946
v 712.651 -81.674 284.873
v 817.870 -86.682 270.528
v 816.790 -86.408 262.601
f 2505 2506 2507
f 2507 2508 2505
v 816.777 -86.408 262.603
v 817.883 -86.682 270.526
v 958.034 -85.525 250.978
v 956.929 -84.679 243.054
f 2509 2510 2511
f 2511 2512 2509
v 957.676 -84.656 243.021
v 957.286 -85.551 251.011
v 973.272 -85.140 251.791
v 973.661 -84.308 243.800
f 2513 2514 2515
f 2515 2516 2513
v 974.972 -84.290 244.089
v 971.962 -85.160 251.501
v 981.524 -85.074 255.385
v 984.534 -84.286 247.973
f 2517 2518 2519
f 2519 2520 2517
v 986.121 -84.323 249.142
v 979.937 -85.052 254.216
v 990.167 -85.497 266.685
v 996.352 -84.771 261.610
f 2521 2522 2523
f 2523 2524 2521
v 813.347 -86.407 266.929
v 821.313 -86.675 266.201
v 816.248 -84.837 210.764
v 808.282 -85.128 211.492
f 2525 2526 2527
f 2527 2528 2525
v 286.213 -59.448 174.099
v 278.288 -59.116 175.193
v 289.643 -60.637 257.443
v 297.568 -61.534 256.349
f 2529 2530 2531
f 2531 2532 2529
v 297.575 -61.536 256.410
v 289.635 -60.635 257.382
v 296.949 -62.738 317.098
v 304.889 -63.921 316.126
f 2533 2534 2535
f 2535 2536 2533
v 304.828 -63.895 315.765
v 297.009 -62.763 317.458
v 302.086 -64.598 340.903
v 309.904 -65.764 339.211
f 2537 2538 2539
f 2539 2540 2537
v 408.314 -89.981 1108.182
v 410.775 -90.491 1115.794
v 522.083 -91.725 1079.816
v 519.623 -91.212 1072.204
f 2541 2542 2543
f 2543 2544 2541
v 519.686 -91.218 1072.184
v 522.019 -91.719 1079.836
v 628.129 -102.099 1047.491
v 625.796 -101.811 1039.838
f 2545 2546 2547
f 2547 2548 2545
v 352.378 -90.818 1045.034
v 354.745 -90.748 1052.676
v 482.696 -88.789 1013.040
v 480.329 -89.074 1005.398
f 2549 2550 2551
f 2551 2552 2549
v 480.320 -89.073 1005.401
v 482.705 -88.790 1013.037
v 523.948 -92.112 1000.160
v 521.564 -92.207 992.523
f 2553 2554 2555
f 2555 2556 2553
v 521.762 -92.225 992.467
v 523.751 -92.093 1000.216
v 546.449 -94.152 994.391
v 544.460 -94.158 986.642
f 2557 2558 2559
f 2559 2560 2557
v 545.099 -94.208 986.533
v 545.810 -94.098 994.501
v 562.530 -95.477 993.008
v 561.819 -95.481 985.040
f 2561 2562 2563
f 2563 2564 2561
v 562.373 -95.524 985.029
v 561.976 -95.431 993.019
v 573.920 -96.432 993.614
v 574.318 -96.440 985.623
f 2565 2566 2567
f 2567 2568 2565
v 574.630 -96.464 985.651
v 573.608 -96.406 993.586
v 600.269 -98.740 997.020
v 601.291 -98.606 989.085
f 2569 2570 2571
f 2571 2572 2569
v 601.527 -98.621 989.123
v 600.034 -98.719 996.982
v 658.510 -102.731 1008.090
v 660.003 -102.276 1000.231
f 2573 2574 2575
f 2575 2576 2573
v 659.954 -102.274 1000.222
v 658.558 -102.733 1008.099
v 700.225 -103.583 1015.482
v 701.621 -103.070 1007.605
f 2577 2578 2579
f 2579 2580 2577
v 701.731 -103.069 1007.626
v 700.115 -103.585 1015.461
v 718.305 -103.269 1019.212
v 719.921 -102.904 1011.377
f 2581 2582 2583
f 2583 2584 2581
v 720.523 -102.902 1011.551
v 717.703 -103.278 1019.038
v 732.152 -102.687 1024.479
v 734.972 -102.246 1016.993
f 2585 2586 2587
f 2587 2588 2585
v 735.274 -102.226 1017.121
v 731.850 -102.707 1024.351
v 752.856 -101.263 1034.297
v 756.280 -100.812 1027.066
f 2589 2590 2591
f 2591 2592 2589
v 756.958 -100.767 1027.474
v 752.178 -101.309 1033.889
v 800.702 -96.108 1070.051
v 805.482 -95.522 1063.637
f 2593 2594 2595
f 2595 2596 2593
v 805.779 -95.487 1063.881
v 800.405 -96.143 1069.807
v 814.710 -94.434 1082.777
v 820.084 -93.732 1076.851
f 2597 2598 2599
f 2599 2600 2597
v 820.403 -93.695 1077.175
v 814.390 -94.471 1082.452
v 821.136 -93.729 1090.139
v 827.149 -92.961 1084.862
f 2601 2602 2603
f 2603 2604 2601
v 827.676 -92.909 1085.626
v 820.609 -93.783 1089.375
v 825.485 -93.335 1098.568
v 832.552 -92.493 1094.819
f 2605 2606 2607
f 2607 2608 2605
v 832.791 -92.476 1095.363
v 825.246 -93.354 1098.024
v 832.193 -93.044 1117.716
v 839.737 -92.268 1115.055
f 2609 2610 2611
f 2611 2612 2609
v 839.798 -92.268 1115.244
v 832.131 -93.044 1117.528
v 843.197 -93.598 1154.668
v 850.863 -93.129 1152.383
f 2613 2614 2615
f 2615 2616 2613
v 850.821 -93.123 1152.249
v 843.239 -93.602 1154.802
v 874.776 -98.353 1248.430
v 882.358 -98.480 1245.877
f 2617 2618 2619
f 2619 2620 2617
v 882.531 -98.520 1246.621
v 874.602 -98.316 1247.686
v 885.779 -98.129 1330.932
v 893.708 -98.226 1329.868
f 2621 2622 2623
f 2623 2624 2621
v 893.726 -98.216 1330.032
v 885.760 -98.137 1330.768
v 895.556 -89.218 1436.809
v 903.522 -88.891 1436.073
f 2625 2626 2627
f 2627 2628 2625
v 449.802 -94.910 1159.967
v 452.086 -95.771 1167.635
v 460.112 -95.718 1165.244
v 457.828 -94.852 1157.577
f 2629 2630 2631
f 2631 2632 2629
v 457.829 -94.852 1157.577
v 460.112 -95.718 1165.244
v 512.109 -95.517 1149.765
v 509.826 -94.794 1142.097
f 2633 2634 2635
f 2635 2636 2633
v 509.808 -94.793 1142.103
v 512.127 -95.517 1149.759
v 556.254 -96.483 1136.393
v 553.935 -96.123 1128.737
f 2637 2638 2639
f 2639 2640 2637
v 554.209 -96.136 1128.664
v 555.980 -96.472 1136.466
v 589.309 -98.138 1128.898
v 587.538 -98.091 1121.096
f 2641 2642 2643
f 2643 2644 2641
v 587.325 -98.076 1121.151
v 589.522 -98.151 1128.843
v 659.831 -102.216 1108.768
v 657.635 -102.599 1101.075
f 2645 2646 2647
f 2647 2648 2645
v 657.180 -102.579 1101.236
v 660.287 -102.239 1108.608
v 674.513 -102.987 1102.611
v 671.406 -103.249 1095.239
f 2649 2650 2651
f 2651 2652 2649
v 551.673 -96.194 1134.637
v 558.516 -96.430 1130.493
v 524.274 -91.707 1073.938
v 517.431 -91.220 1078.082
f 2653 2654 2655
f 2655 2656 2653
v 517.406 -91.217 1078.040
v 524.299 -91.710 1073.980
v 484.959 -89.260 1007.189
v 478.066 -88.594 1011.249
f 2657 2658 2659
f 2659 2660 2657
v 478.982 -88.591 1012.317
v 484.043 -89.262 1006.121
v 473.935 -89.243 997.866
v 468.874 -88.775 1004.062
f 2661 2662 2663
f 2663 2664 2661
v 468.935 -88.774 1004.111
v 473.874 -89.244 997.817
v 461.707 -89.533 988.268
v 456.768 -89.064 994.561
f 2665 2666 2667
f 2667 2668 2665
v 457.083 -89.058 994.785
v 461.391 -89.539 988.044
v 447.131 -89.840 978.931
v 442.823 -89.260 985.672
f 2669 2670 2671
f 2671 2672 2669
v 443.956 -89.257 986.169
v 445.999 -89.854 978.434
v 425.105 -90.043 972.913
v 423.061 -89.494 980.648
f 2673 2674 2675
f 2675 2676 2673
v 423.390 -89.488 980.720
v 424.776 -90.048 972.841
v 411.184 -90.175 970.450
v 409.798 -89.694 978.330
f 2677 2678 2679
f 2679 2680 2677
v 410.202 -89.690 978.380
v 410.780 -90.177 970.400
v 402.575 -90.183 969.806
v 401.997 -89.745 977.785
f 2681 2682 2683
f 2683 2684 2681
v 402.836 -89.745 977.758
v 401.736 -90.178 969.834
v 389.937 -90.115 971.471
v 391.036 -89.750 979.395
f 2685 2686 2687
f 2687 2688 2685
v 391.386 -89.746 979.331
v 389.587 -90.116 971.536
v 368.247 -90.251 976.462
v 370.046 -90.077 984.257
f 2689 2690 2691
f 2691 2692 2689
v 370.144 -90.075 984.234
v 368.149 -90.252 976.486
v 343.214 -90.736 982.905
v 345.208 -90.765 990.653
f 2693 2694 2695
f 2695 2696 2693
v 345.237 -90.764 990.645
v 343.185 -90.737 982.913
v 306.605 -91.941 992.620
v 308.657 -92.246 1000.353
f 2697 2698 2699
f 2699 2700 2697
v 434.003 -93.496 931.859
v 426.341 -93.042 934.161
v 441.146 -89.346 983.452
v 448.808 -89.698 981.151
f 2701 2702 2703
f 2703 2704 2701
v 662.427 -102.628 1103.388
v 655.039 -102.259 1106.455
v 671.247 -99.505 1145.497
v 678.635 -99.844 1142.430
f 2705 2706 2707
f 2707 2708 2705
v 678.722 -99.822 1142.656
v 671.161 -99.525 1145.270
v 679.833 -97.104 1170.352
v 687.393 -97.285 1167.737
f 2709 2710 2711
f 2711 2712 2709
v 687.317 -97.306 1167.534
v 679.909 -97.083 1170.555
v 688.514 -94.875 1191.660
v 695.922 -95.110 1188.640
f 2713 2714 2715
f 2715 2716 2713
v 696.089 -95.059 1189.144
v 688.347 -94.927 1191.156
v 698.254 -91.709 1229.273
v 705.997 -91.788 1227.261
f 2717 2718 2719
f 2719 2720 2717
v 706.074 -91.769 1227.626
v 698.177 -91.729 1228.908
v 717.669 -92.747 1348.911
v 725.566 -92.632 1347.628
f 2721 2722 2723
f 2723 2724 2721
v 725.587 -92.642 1347.777
v 717.648 -92.734 1348.762
v 724.895 -98.167 1407.217
v 732.834 -97.860 1406.233
f 2725 2726 2727
f 2727 2728 2725
v 732.839 -97.864 1406.274
v 724.890 -98.163 1407.176
v 730.768 -102.224 1459.014
v 738.717 -101.628 1458.113
f 2729 2730 2731
f 2731 2732 2729
v 575.505 -98.297 1313.814
v 579.702 -97.937 1320.624
v 589.409 -97.039 1314.641
v 585.212 -97.385 1307.831
f 2733 2734 2735
f 2735 2736 2733
v 585.174 -97.389 1307.854
v 589.447 -97.035 1314.618
v 694.811 -90.741 1248.052
v 690.538 -91.102 1241.289
f 2737 2738 2739
f 2739 2740 2737
v 690.055 -91.085 1241.648
v 695.294 -90.759 1247.694
v 699.257 -90.931 1244.260
v 694.018 -91.256 1238.214
f 2741 2742 2743
f 2743 2744 2741
v 693.365 -91.220 1238.936
v 699.909 -90.967 1243.538
v 702.826 -91.175 1239.391
v 696.282 -91.429 1234.788
f 2745 2746 2747
f 2747 2748 2745
v 695.825 -91.386 1235.643
v 703.283 -91.218 1238.536
v 704.886 -91.426 1234.402
v 697.428 -91.596 1231.509
f 2749 2750 2751
f 2751 2752 2749
v 697.240 -91.563 1232.146
v 705.074 -91.458 1233.765
v 706.043 -91.695 1229.076
v 698.208 -91.804 1227.458
f 2753 2754 2755
f 2755 2756 2753
v 624.813 -95.795 1356.478
v 625.817 -96.195 1364.415
v 722.119 -93.019 1352.238
v 721.116 -92.421 1344.301
f 2757 2758 2759
f 2759 2760 2757
v 721.218 -92.420 1344.290
v 722.017 -93.021 1352.249
v 816.517 -95.544 1342.753
v 815.717 -95.533 1334.793
f 2761 2762 2763
f 2763 2764 2761
v 815.665 -95.531 1334.799
v 816.569 -95.546 1342.748
v 890.195 -98.030 1334.374
v 889.291 -98.473 1326.426
f 2765 2766 2767
f 2767 2768 2765
v 889.339 -98.475 1326.420
v 890.148 -98.031 1334.379
v 956.071 -95.995 1327.683
v 955.262 -96.524 1319.724
f 2769 2770 2771
f 2771 2772 2769
v 955.294 -96.522 1319.721
v 956.039 -95.997 1327.686
v 976.088 -94.596 1325.811
v 975.343 -95.095 1317.846
f 2773 2774 2775
f 2775 2776 2773
v 975.485 -95.079 1317.835
v 975.945 -94.611 1325.822
v 994.514 -92.618 1324.752
v 994.053 -92.960 1316.765
f 2777 2778 2779
f 2779 2780 2777
v 994.485 -92.910 1316.764
v 994.082 -92.666 1324.753
v 1010.591 -90.821 1325.586
v 1010.993 -90.996 1317.596
f 2781 2782 2783
f 2783 2784 2781
v 1011.295 -90.961 1317.622
v 1010.290 -90.855 1325.559
v 1028.858 -88.490 1327.910
v 1029.863 -88.457 1319.973
f 2785 2786 2787
f 2787 2788 2785
v 1029.524 -88.503 1319.945
v 1029.197 -88.446 1327.938
v 1043.078 -86.675 1328.506
v 1043.405 -86.634 1320.513
f 2789 2790 2791
f 2791 2792 2789
v 1043.185 -86.663 1320.510
v 1043.298 -86.648 1328.509
v 1050.801 -85.694 1328.403
v 1050.688 -85.656 1320.404
f 2793 2794 2795
f 2795 2796 2793
v 1050.351 -85.702 1320.423
v 1051.138 -85.651 1328.384
v 1065.298 -83.895 1326.984
v 1064.511 -83.847 1319.023
f 2797 2798 2799
f 2799 2800 2797
v 1062.631 -84.099 1319.713
v 1067.178 -83.654 1326.295
v 1075.895 -82.428 1320.272
v 1071.347 -82.905 1313.690
f 2801 2802 2803
f 2803 2804 2801
v 1072.784 -82.711 1313.070
v 1074.458 -82.626 1320.893
v 1206.127 -73.824 1292.708
v 1204.452 -73.705 1284.885
f 2805 2806 2807
f 2807 2808 2805
v 1204.780 -73.711 1284.829
v 1205.799 -73.820 1292.764
v 1220.916 -74.042 1290.823
v 1219.897 -73.986 1282.888
f 2809 2810 2811
f 2811 2812 2809
v 1219.802 -73.984 1282.901
v 1221.011 -74.047 1290.809
v 1316.145 -80.445 1276.268
v 1314.936 -80.313 1268.360
f 2813 2814 2815
f 2815 2816 2813
v 1314.454 -80.284 1268.464
v 1316.626 -80.474 1276.164
v 1330.719 -81.300 1272.188
v 1328.547 -81.095 1264.489
f 2817 2818 2819
f 2819 2820 2817
v 950.313 -85.926 1118.767
v 947.484 -85.362 1111.284
v 845.616 -93.252 1149.784
v 848.444 -93.499 1157.267
f 2821 2822 2823
f 2823 2824 2821
v 655.376 -102.326 1003.188
v 663.136 -102.685 1005.132
v 695.619 -90.660 875.458
v 687.859 -90.501 873.514
f 2825 2826 2827
f 2827 2828 2825
v -18.141 -36.654 264.873
v -18.996 -38.197 272.827
v 85.066 -46.750 284.015
v 85.921 -45.782 276.060
f 2829 2830 2831
f 2831 2832 2829
v 85.845 -45.778 276.053
v 85.142 -46.753 284.022
v 142.939 -48.806 289.121
v 143.642 -48.399 281.151
f 2833 2834 2835
f 2835 2836 2833
v 143.642 -48.399 281.152
v 142.938 -48.806 289.120
v 227.263 -53.583 296.570
v 227.967 -53.598 288.601
f 2837 2838 2839
f 2839 2840 2837
v 228.236 -53.618 288.634
v 226.994 -53.564 296.537
v 253.566 -56.478 300.711
v 254.808 -56.556 292.808
f 2841 2842 2843
f 2843 2844 2841
v 255.751 -56.663 293.078
v 252.623 -56.370 300.441
v 299.355 -63.251 320.293
v 302.483 -63.414 312.930
f 2845 2846 2847
f 2847 2848 2845
v 7.509 -62.031 665.393
v 7.608 -63.119 673.392
v 25.742 -64.197 673.168
v 25.643 -63.147 665.168
f 2849 2850 2851
f 2851 2852 2849
v 25.478 -63.134 665.174
v 25.908 -64.209 673.162
v 80.877 -68.580 670.203
v 80.447 -67.911 662.215
f 2853 2854 2855
f 2855 2856 2853
v 80.160 -67.882 662.241
v 81.164 -68.606 670.178
v 211.698 -81.441 653.654
v 210.693 -81.722 645.718
f 2857 2858 2859
f 2859 2860 2857
v 210.745 -81.727 645.711
v 211.646 -81.437 653.660
v 348.959 -84.144 638.088
v 348.057 -83.911 630.139
f 2861 2862 2863
f 2863 2864 2861
v 348.028 -83.911 630.142
v 348.988 -84.143 638.085
v 411.649 -82.525 630.516
v 410.690 -81.932 622.574
f 2865 2866 2867
f 2867 2868 2865
v 410.680 -81.932 622.575
v 411.659 -82.525 630.515
v 424.940 -82.323 628.877
v 423.960 -81.681 620.937
f 2869 2870 2871
f 2871 2872 2869
v 424.061 -81.679 620.926
v 424.839 -82.324 628.888
v 445.121 -82.394 626.907
v 444.344 -81.675 618.945
f 2873 2874 2875
f 2875 2876 2873
v 444.249 -81.673 618.955
v 445.216 -82.396 626.897
v 484.088 -83.537 622.168
v 483.122 -82.917 614.227
f 2877 2878 2879
f 2879 2880 2877
v 483.204 -82.923 614.218
v 484.006 -83.532 622.178
v 544.809 -88.583 616.049
v 544.007 -88.235 608.089
f 2881 2882 2883
f 2883 2884 2881
v 544.056 -88.240 608.085
v 544.760 -88.577 616.054
v 555.814 -89.744 615.076
v 555.110 -89.438 607.107
f 2885 2886 2887
f 2887 2888 2885
v 554.994 -89.426 607.119
v 555.930 -89.756 615.064
v 605.345 -95.222 609.239
v 604.408 -95.064 601.294
f 2889 2890 2891
f 2891 2892 2889
v 604.382 -95.062 601.298
v 605.372 -95.225 609.236
v 659.607 -99.473 602.474
v 658.617 -99.486 594.535
f 2893 2894 2895
f 2895 2896 2893
v 562.549 -84.230 299.026
v 554.631 -84.545 300.172
v 574.635 -88.157 438.412
v 582.553 -88.023 437.266
f 2897 2898 2899
f 2899 2900 2897
v 582.546 -88.021 437.217
v 574.643 -88.158 438.461
v 587.333 -91.055 519.084
v 595.236 -91.718 517.840
f 2901 2902 2903
f 2903 2904 2901
v 595.236 -91.718 517.844
v 587.333 -91.055 519.081
v 600.925 -94.778 605.886
v 608.829 -95.512 604.648
f 2905 2906 2907
f 2907 2908 2905
v 620.854 -96.217 643.474
v 623.921 -96.586 636.085
v 601.167 -94.892 626.642
v 598.100 -94.574 634.030
f 2909 2910 2911
f 2911 2912 2909
v 598.036 -94.568 634.003
v 601.231 -94.897 626.669
v 557.060 -89.664 607.425
v 553.864 -89.523 614.759
f 2913 2914 2915
f 2915 2916 2913
v 651.456 -89.853 840.663
v 658.908 -89.400 837.752
v 656.225 -89.220 830.884
v 648.773 -89.682 833.795
f 2917 2918 2919
f 2919 2920 2917
v 648.766 -89.681 833.775
v 656.233 -89.220 830.904
v 652.648 -89.303 821.580
v 645.181 -89.667 824.450
f 2921 2922 2923
f 2923 2924 2921
v 645.256 -89.665 824.633
v 652.573 -89.305 821.397
v 642.866 -89.583 799.446
v 635.549 -90.151 802.681
f 2925 2926 2927
f 2927 2928 2925
v 635.334 -90.163 802.062
v 643.081 -89.559 800.064
v 638.751 -90.230 783.277
v 631.004 -90.759 785.275
f 2929 2930 2931
f 2931 2932 2929
v 630.914 -90.774 784.813
v 638.841 -90.213 783.738
v 636.158 -90.941 763.953
v 628.231 -91.382 765.028
f 2933 2934 2935
f 2935 2936 2933
v 628.196 -91.408 764.384
v 636.193 -90.911 764.597
v 636.638 -91.615 747.876
v 628.641 -91.991 747.663
f 2937 2938 2939
f 2939 2940 2937
v 628.640 -91.987 747.769
v 636.640 -91.619 747.769
v 636.640 -92.667 727.759
v 628.640 -92.866 727.759
f 2941 2942 2943
f 2943 2944 2941
v 628.680 -92.837 728.323
v 636.600 -92.700 727.195
v 634.963 -93.388 715.704
v 627.043 -93.422 716.832
f 2945 2946 2947
f 2947 2948 2945
v 627.155 -93.396 717.359
v 634.852 -93.419 715.177
v 634.028 -93.588 712.271
v 626.331 -93.541 714.453
f 2949 2950 2951
f 2951 2952 2949
v 627.187 -93.459 716.016
v 633.173 -93.679 710.708
v 632.048 -93.752 709.440
v 626.062 -93.530 714.748
f 2953 2954 2955
f 2955 2956 2953
v 627.176 -93.478 715.625
v 630.935 -93.803 708.563
v 602.871 -94.182 693.625
v 599.112 -94.003 700.687
f 2957 2958 2959
f 2959 2960 2957
v 599.558 -94.006 700.890
v 602.425 -94.179 693.421
v 575.998 -93.367 683.278
v 573.131 -93.425 690.746
f 2961 2962 2963
f 2963 2964 2961
v 572.913 -93.416 690.655
v 576.216 -93.377 683.369
v 530.041 -89.900 662.434
v 526.737 -90.245 669.720
f 2965 2966 2967
f 2967 2968 2965
v 526.737 -90.245 669.720
v 530.041 -89.900 662.434
v 491.268 -85.910 644.854
v 487.965 -86.392 652.140
f 2969 2970 2971
f 2971 2972 2969
v 487.636 -86.354 651.973
v 491.597 -85.945 645.022
v 446.713 -81.795 619.451
v 442.752 -82.274 626.402
f 2973 2974 2975
f 2975 2976 2973
v 479.655 -82.918 618.826
v 487.556 -83.424 617.569
v 464.312 -84.444 471.552
v 456.411 -83.991 472.809
f 2977 2978 2979
f 2979 2980 2977
v 456.406 -83.993 472.776
v 464.317 -84.442 471.586
v 441.029 -84.188 316.770
v 433.118 -83.614 317.960
f 2981 2982 2983
f 2983 2984 2981
v 524.545 -99.314 852.406
v 531.676 -98.913 848.780
v 513.687 -99.978 813.409
v 506.556 -100.199 817.035
f 2985 2986 2987
f 2987 2988 2985
v 506.556 -100.199 817.035
v 513.687 -99.978 813.410
v 505.127 -99.811 796.569
v 497.995 -100.156 800.195
f 2989 2990 2991
f 2991 2992 2989
v 498.028 -100.159 800.257
v 505.094 -99.809 796.507
v 453.743 -90.528 699.758
v 446.676 -90.738 703.509
f 2993 2994 2995
f 2995 2996 2993
v 446.660 -90.734 703.479
v 453.758 -90.532 699.788
v 414.719 -82.060 624.700
v 407.621 -82.389 628.390
f 2997 2998 2999
f 2999 3000 2997
v 420.500 -82.082 625.536
v 428.400 -81.918 624.279
v 409.688 -80.487 506.660
v 401.787 -80.298 507.917
f 3001 3002 3003
f 3003 3004 3001
v 401.787 -80.298 507.917
v 409.688 -80.487 506.659
v 389.962 -81.340 382.726
v 382.061 -80.147 383.983
f 3005 3006 3007
f 3007 3008 3005
v 382.057 -80.146 383.956
v 389.966 -81.341 382.753
v 381.450 -77.370 326.775
v 373.541 -76.152 327.978
f 3009 3010 3011
f 3011 3012 3009
v 373.535 -76.148 327.937
v 381.456 -77.374 326.816
v 367.575 -66.977 228.717
v 359.653 -66.467 229.837
f 3013 3014 3015
f 3015 3016 3013
v 359.677 -66.481 229.986
v 367.551 -66.961 228.568
v 362.630 -64.130 201.252
v 354.757 -63.887 202.671
f 3017 3018 3019
f 3019 3020 3017
v 363.527 -66.359 225.278
v 363.701 -67.091 233.276
v 514.338 -77.368 230.000
v 514.165 -76.340 222.002
f 3021 3022 3023
f 3023 3024 3021
v 514.258 -76.346 222.001
v 514.245 -77.362 230.001
v 690.308 -84.797 230.292
v 690.321 -85.378 222.292
f 3025 3026 3027
f 3027 3028 3025
v 835.593 -92.258 1511.308
v 843.528 -91.211 1510.288
v 835.179 -93.278 1445.322
v 827.244 -93.974 1446.342
f 3029 3030 3031
f 3031 3032 3029
v 827.251 -93.973 1446.390
v 835.172 -93.280 1445.273
v 820.077 -95.718 1338.215
v 812.156 -95.366 1339.332
f 3033 3034 3035
f 3035 3036 3033
v 812.178 -95.367 1339.471
v 820.055 -95.718 1338.076
v 805.929 -94.856 1258.264
v 798.051 -94.302 1259.658
f 3037 3038 3039
f 3039 3040 3037
v 1673.045 -71.149 1271.352
v 1669.278 -71.002 1264.294
v 1582.226 -69.605 1310.758
v 1585.993 -69.577 1317.816
f 3041 3042 3043
f 3043 3044 3041
v 1585.698 -69.597 1317.958
v 1582.522 -69.587 1310.616
v 1539.374 -72.603 1329.278
v 1542.550 -72.572 1336.620
f 3045 3046 3047
f 3047 3048 3045
v 1542.408 -72.583 1336.679
v 1539.517 -72.591 1329.219
v 1498.974 -75.494 1344.936
v 1501.866 -75.235 1352.395
f 3049 3050 3051
f 3051 3052 3049
v 1501.938 -75.232 1352.366
v 1498.901 -75.499 1344.965
v 1467.910 -76.941 1357.684
v 1470.947 -76.434 1365.085
f 3053 3054 3055
f 3055 3056 3053
v 1470.870 -76.436 1365.116
v 1467.987 -76.940 1357.653
v 1455.475 -77.166 1362.487
v 1458.358 -76.614 1369.949
f 3057 3058 3059
f 3059 3060 3057
v 1458.210 -76.616 1370.003
v 1455.623 -77.164 1362.433
v 1442.019 -77.341 1367.082
v 1444.606 -76.717 1374.652
f 3061 3062 3063
f 3063 3064 3061
v 1444.097 -76.721 1374.790
v 1442.528 -77.334 1366.945
v 1420.009 -77.602 1371.449
v 1421.577 -76.890 1379.293
f 3065 3066 3067
f 3067 3068 3065
v 1421.248 -76.890 1379.345
v 1420.338 -77.601 1371.397
v 1363.699 -77.734 1377.882
v 1364.609 -76.986 1385.830
f 3069 3070 3071
f 3071 3072 3069
v 1364.458 -76.987 1385.844
v 1363.849 -77.734 1377.867
v 1323.039 -77.639 1380.984
v 1323.648 -77.161 1388.961
f 3073 3074 3075
f 3075 3076 3073
v 1323.606 -77.162 1388.964
v 1323.082 -77.639 1380.981
v 1301.964 -77.633 1382.368
v 1302.489 -77.350 1390.351
f 3077 3078 3079
f 3079 3080 3077
v 1302.433 -77.351 1390.354
v 1302.020 -77.633 1382.365
v 1266.765 -77.810 1384.187
v 1267.178 -77.926 1392.177
f 3081 3082 3083
f 3083 3084 3081
v 1267.179 -77.926 1392.177
v 1266.765 -77.810 1384.187
v 1205.873 -79.052 1387.344
v 1206.287 -79.716 1395.333
f 3085 3086 3087
f 3087 3088 3085
v 1206.605 -79.703 1395.304
v 1205.555 -79.064 1387.373
v 1186.207 -79.856 1389.935
v 1187.258 -80.603 1397.866
f 3089 3090 3091
f 3091 3092 3089
v 1187.133 -80.608 1397.881
v 1186.332 -79.851 1389.921
v 1169.144 -80.640 1391.651
v 1169.945 -81.432 1399.611
f 3093 3094 3095
f 3095 3096 3093
v 1169.830 -81.437 1399.621
v 1169.259 -80.635 1391.641
v 1112.576 -83.406 1395.696
v 1113.146 -84.040 1403.675
f 3097 3098 3099
f 3099 3100 3097
v 1113.338 -84.031 1403.657
v 1112.384 -83.416 1395.714
v 1075.682 -85.282 1400.125
v 1076.636 -85.591 1408.068
f 3101 3102 3103
f 3103 3104 3101
v 1077.067 -85.574 1407.992
v 1075.251 -85.303 1400.201
v 1053.555 -86.267 1405.260
v 1055.371 -86.329 1413.051
f 3105 3106 3107
f 3107 3108 3105
v 1055.270 -86.332 1413.073
v 1053.656 -86.263 1405.237
v 1040.898 -86.689 1407.866
v 1042.513 -86.627 1415.701
f 3109 3110 3111
f 3111 3112 3109
v 1042.748 -86.623 1415.645
v 1040.663 -86.696 1407.922
v 1023.976 -87.084 1412.425
v 1026.061 -86.852 1420.149
f 3113 3114 3115
f 3115 3116 3113
v 1026.130 -86.851 1420.130
v 1023.908 -87.085 1412.444
v 990.145 -87.358 1422.205
v 992.366 -86.843 1429.890
f 3117 3118 3119
f 3119 3120 3117
v 991.868 -86.840 1430.000
v 990.643 -87.356 1422.095
v 966.453 -87.542 1425.845
v 967.679 -86.838 1433.751
f 3121 3122 3123
f 3123 3124 3121
v 967.457 -86.841 1433.779
v 966.674 -87.538 1425.817
v 899.148 -89.433 1432.461
v 899.931 -88.689 1440.422
f 3125 3126 3127
f 3127 3128 3125
v 900.084 -88.683 1440.404
v 898.995 -89.439 1432.479
v 830.667 -93.749 1441.869
v 831.756 -93.495 1449.795
f 3129 3130 3131
f 3131 3132 3129
v 831.735 -93.497 1449.797
v 830.688 -93.747 1441.866
v 734.219 -101.696 1454.598
v 735.265 -102.151 1462.529
f 3133 3134 3135
f 3135 3136 3133
v 735.082 -102.165 1462.549
v 734.402 -101.683 1454.578
v 659.963 -103.203 1460.931
v 660.643 -103.766 1468.902
f 3137 3138 3139
f 3139 3140 3137
v -319.833 -56.081 669.843
v -320.899 -55.852 661.915
v -491.307 -55.559 684.831
v -490.241 -56.831 692.759
f 3141 3142 3143
f 3143 3144 3141
v -644.670 -68.736 879.540
v -643.875 -69.478 887.500
v -471.664 -72.070 870.304
v -472.459 -72.410 862.343
f 3145 3146 3147
f 3147 3148 3145
v 579.824 -97.926 1320.546
v 575.383 -98.308 1313.892
v 561.390 -99.495 1323.229
v 565.831 -99.060 1329.884
f 3149 3150 3151
f 3151 3152 3149
v 564.818 -99.135 1330.370
v 562.404 -99.415 1322.743
v 534.986 -101.001 1331.420
v 537.400 -100.616 1339.047
f 3153 3154 3155
f 3155 3156 3153
v 536.814 -100.643 1339.185
v 535.572 -100.970 1331.282
v 493.048 -102.159 1337.965
v 494.290 -101.693 1345.868
f 3157 3158 3159
f 3159 3160 3157
v 494.308 -101.693 1345.865
v 493.029 -102.159 1337.968
v 428.664 -100.160 1348.389
v 429.943 -99.595 1356.286
f 3161 3162 3163
f 3163 3164 3161
v 429.935 -99.594 1356.287
v 428.672 -100.161 1348.388
v 392.326 -97.318 1354.199
v 393.589 -96.994 1362.098
f 3165 3166 3167
f 3167 3168 3165
v 393.357 -96.974 1362.129
v 392.558 -97.340 1354.169
v 327.949 -91.561 1360.653
v 328.747 -91.812 1368.613
f 3169 3170 3171
f 3171 3172 3169
v 328.805 -91.817 1368.607
v 327.891 -91.556 1360.660
v 271.095 -87.449 1367.197
v 272.010 -88.165 1375.145
f 3173 3174 3175
f 3175 3176 3173
v 272.109 -88.171 1375.132
v 270.997 -87.442 1367.210
v 210.606 -85.304 1375.689
v 211.718 -86.130 1383.611
f 3177 3178 3179
f 3179 3180 3177
v 211.608 -86.127 1383.625
v 210.716 -85.307 1375.675
v 118.209 -83.460 1386.056
v 119.102 -83.593 1394.006
f 3181 3182 3183
f 3183 3184 3181
v 119.149 -83.594 1394.000
v 118.162 -83.459 1386.062
v -56.944 -76.233 1407.840
v -55.956 -75.677 1415.779
f 3185 3186 3187
f 3187 3188 3185
v -55.772 -75.684 1415.752
v -57.129 -76.226 1407.868
v -74.316 -75.734 1410.826
v -72.959 -75.317 1418.710
f 3189 3190 3191
f 3191 3192 3189
v -73.110 -75.315 1418.733
v -74.166 -75.738 1410.803
v -180.799 -76.069 1425.001
v -179.743 -76.652 1432.931
f 3193 3194 3195
f 3195 3196 3193
v 459.329 -96.851 1632.529
v 466.449 -96.631 1628.882
v 410.700 -89.649 1520.055
v 403.580 -89.889 1523.703
f 3197 3198 3199
f 3199 3200 3197
v 403.556 -89.890 1523.655
v 410.724 -89.649 1520.103
v 368.245 -92.957 1434.375
v 361.076 -92.973 1437.927
f 3201 3202 3203
f 3203 3204 3201
v 361.094 -92.972 1437.962
v 368.227 -92.959 1434.340
v 331.915 -91.952 1362.822
v 324.781 -91.441 1366.444
f 3205 3206 3207
f 3207 3208 3205
v 200.316 -92.061 1048.795
v 192.330 -91.460 1049.259
v 197.105 -88.773 1131.542
v 205.092 -89.275 1131.079
f 3209 3210 3211
f 3211 3212 3209
v 205.088 -89.278 1131.024
v 197.109 -88.770 1131.597
v 201.506 -83.767 1192.775
v 209.485 -84.104 1192.201
f 3213 3214 3215
f 3215 3216 3213
v 209.495 -84.084 1192.416
v 201.496 -83.786 1192.559
v 202.610 -80.010 1254.872
v 210.608 -80.168 1254.729
f 3217 3218 3219
f 3219 3220 3217
v 210.607 -80.170 1254.674
v 202.611 -80.008 1254.927
v 204.637 -80.686 1318.865
v 212.633 -80.826 1318.611
f 3221 3222 3223
f 3223 3224 3221
v 212.632 -80.823 1318.572
v 204.638 -80.689 1318.904
v 207.165 -85.570 1379.816
v 215.159 -85.829 1379.484
f 3225 3226 3227
f 3227 3228 3225
v 215.160 -85.834 1379.532
v 207.164 -85.565 1379.769
v 207.743 -87.578 1399.289
v 215.739 -87.904 1399.052
f 3229 3230 3231
f 3231 3232 3229
v 215.731 -87.887 1398.896
v 207.750 -87.594 1399.445
v 209.064 -89.553 1418.517
v 217.045 -89.904 1417.967
f 3233 3234 3235
f 3235 3236 3233
v 217.052 -89.917 1418.099
v 209.057 -89.540 1418.385
v 211.395 -94.623 1483.695
v 219.390 -95.158 1483.408
f 3237 3238 3239
f 3239 3240 3237
v 219.391 -95.160 1483.456
v 211.393 -94.621 1483.647
v 212.929 -94.851 1548.085
v 220.927 -95.405 1547.894
f 3241 3242 3243
f 3243 3244 3241
v 220.925 -95.407 1547.837
v 212.931 -94.849 1548.142
v 215.414 -90.265 1613.174
v 223.408 -90.696 1612.868
f 3245 3246 3247
f 3247 3248 3245
v 223.410 -90.688 1612.947
v 215.411 -90.272 1613.095
v 217.037 -82.510 1701.265
v 225.035 -82.687 1701.117
f 3249 3250 3251
f 3251 3252 3249
v 214.796 -87.605 1396.588
v 208.686 -87.871 1401.753
v 216.723 -89.221 1411.262
v 222.833 -88.973 1406.098
f 3253 3254 3255
f 3255 3256 3253
v 223.240 -89.054 1406.676
v 216.316 -89.144 1410.683
v 221.459 -90.289 1419.572
v 228.383 -90.229 1415.565
f 3257 3258 3259
f 3259 3260 3257
v 228.331 -90.217 1415.477
v 221.511 -90.301 1419.660
v 236.295 -93.277 1443.763
v 243.114 -93.127 1439.580
f 3261 3262 3263
f 3263 3264 3261
v 243.251 -93.152 1439.822
v 236.158 -93.255 1443.521
v 247.212 -95.132 1464.719
v 254.305 -94.996 1461.020
f 3265 3266 3267
f 3267 3268 3265
v 254.420 -95.016 1461.260
v 247.096 -95.112 1464.478
v 295.910 -94.830 1575.551
v 303.234 -94.849 1572.332
f 3269 3270 3271
f 3271 3272 3269
v 303.026 -94.868 1571.924
v 296.118 -94.808 1575.958
v 310.155 -93.716 1599.995
v 317.063 -93.829 1595.961
f 3273 3274 3275
f 3275 3276 3273
v 317.274 -93.812 1596.374
v 309.945 -93.733 1599.582
v 337.062 -92.973 1661.536
v 344.391 -93.526 1658.328
f 3277 3278 3279
f 3279 3280 3277
v 275.161 -87.922 1369.444
v 267.945 -87.742 1372.898
v 300.895 -93.915 1441.760
v 308.112 -93.745 1438.307
f 3281 3282 3283
f 3283 3284 3281
v 308.138 -93.748 1438.363
v 300.869 -93.912 1441.704
v 351.263 -93.059 1551.350
v 358.532 -92.640 1548.009
f 3285 3286 3287
f 3287 3288 3285
v 358.517 -92.640 1547.977
v 351.278 -93.058 1551.383
v 390.240 -95.136 1634.191
v 397.479 -95.133 1630.785
f 3289 3290 3291
f 3291 3292 3289
v 217.110 -95.164 1487.164
v 213.674 -94.619 1479.939
v 22.894 -74.784 1570.699
v 26.331 -75.604 1577.923
f 3293 3294 3295
f 3295 3296 3293
v 26.357 -75.605 1577.911
v 22.869 -74.783 1570.711
v -133.747 -75.433 1646.586
v -130.259 -75.504 1653.785
f 3297 3298 3299
f 3299 3300 3297
v -52.861 -76.174 1410.044
v -60.039 -75.741 1413.576
v -32.532 -72.128 1469.469
v -25.354 -72.332 1465.937
f 3301 3302 3303
f 3303 3304 3301
v -25.390 -72.337 1465.865
v -32.496 -72.123 1469.541
v -4.699 -71.515 1523.281
v 2.406 -71.830 1519.605
f 3305 3306 3307
f 3307 3308 3305
v -632.466 -80.595 1814.203
v -631.834 -81.001 1822.178
v -561.970 -82.212 1816.645
v -562.602 -82.417 1808.670
f 3309 3310 3311
f 3311 3312 3309
v -562.577 -82.418 1808.668
v -561.994 -82.212 1816.646
v -502.895 -83.100 1812.328
v -503.478 -83.695 1804.349
f 3313 3314 3315
f 3315 3316 3313
v -503.489 -83.695 1804.350
v -502.884 -83.100 1812.327
v -315.088 -71.566 1798.077
v -315.693 -71.390 1790.100
f 3317 3318 3319
f 3319 3320 3317
v -315.643 -71.386 1790.096
v -315.137 -71.570 1798.080
v -231.358 -68.237 1792.771
v -231.864 -67.796 1784.787
f 3321 3322 3323
f 3323 3324 3321
v -231.881 -67.796 1784.788
v -231.342 -68.237 1792.770
v -142.642 -73.749 1786.774
v -143.182 -73.561 1778.792
f 3325 3326 3327
f 3327 3328 3325
v -302.337 -79.345 2011.367
v -294.358 -79.808 2010.783
v -297.063 -79.971 1973.857
v -305.042 -79.492 1974.441
f 3329 3330 3331
f 3331 3332 3329
v -305.035 -79.493 1974.519
v -297.070 -79.970 1973.780
v -299.585 -79.270 1946.653
v -307.551 -78.864 1947.392
f 3333 3334 3335
f 3335 3336 3333
v -307.557 -78.861 1947.326
v -299.580 -79.273 1946.720
v -302.352 -77.491 1910.230
v -310.329 -77.224 1910.836
f 3337 3338 3339
f 3339 3340 3337
v -310.335 -77.219 1910.740
v -302.345 -77.496 1910.325
v -305.396 -73.752 1851.568
v -313.385 -73.963 1851.983
f 3341 3342 3343
f 3343 3344 3341
v -313.366 -73.976 1852.218
v -305.415 -73.737 1851.334
v -307.608 -72.569 1831.616
v -315.559 -73.022 1832.500
f 3345 3346 3347
f 3347 3348 3345
v -315.561 -73.021 1832.476
v -307.605 -72.570 1831.640
v -310.967 -71.257 1799.640
v -318.923 -71.962 1800.476
f 3349 3350 3351
f 3351 3352 3349
v -318.934 -71.960 1800.355
v -310.956 -71.260 1799.760
v -311.401 -71.110 1793.791
v -319.379 -71.843 1794.386
f 3353 3354 3355
f 3355 3356 3353
v -319.385 -71.841 1794.300
v -311.396 -71.112 1793.877
v -311.574 -71.022 1790.509
v -319.563 -71.770 1790.932
f 3357 3358 3359
f 3359 3360 3357
v -319.559 -71.771 1790.994
v -311.578 -71.021 1790.447
v -315.318 -70.746 1735.942
v -323.299 -71.587 1736.490
f 3361 3362 3363
f 3363 3364 3361
v -323.291 -71.585 1736.590
v -315.326 -70.749 1735.841
v -320.959 -72.684 1675.974
v -328.924 -73.170 1676.723
f 3365 3366 3367
f 3367 3368 3365
v -328.935 -73.175 1676.585
v -320.949 -72.678 1676.112
v -321.316 -72.938 1669.905
v -329.302 -73.376 1670.378
f 3369 3370 3371
f 3371 3372 3369
v -329.296 -73.373 1670.468
v -321.322 -72.942 1669.815
v -326.321 -75.329 1608.720
v -334.294 -75.141 1609.372
f 3373 3374 3375
f 3375 3376 3373
v -611.163 -74.795 961.981
v -610.413 -75.204 969.946
v -501.743 -67.684 959.710
v -502.493 -68.153 951.745
f 3377 3378 3379
f 3379 3380 3377
v -502.608 -68.156 951.758
v -501.627 -67.680 959.697
v -460.906 -66.737 954.665
v -461.888 -67.296 946.725
f 3381 3382 3383
f 3383 3384 3381
v -461.816 -67.296 946.717
v -460.978 -66.738 954.673
v -373.504 -66.838 945.467
v -374.341 -66.805 937.511
f 3385 3386 3387
f 3387 3388 3385
v 218.010 -92.404 1018.996
v 217.516 -91.951 1011.011
v 142.721 -84.640 1015.634
v 143.214 -84.911 1023.619
f 3389 3390 3391
f 3391 3392 3389
v 143.388 -84.936 1023.604
v 142.548 -84.615 1015.649
v 67.596 -74.224 1023.560
v 68.436 -74.329 1031.516
f 3393 3394 3395
f 3395 3396 3393
v 68.533 -74.342 1031.504
v 67.499 -74.211 1023.572
v -87.569 -69.167 1043.792
v -86.535 -69.279 1051.725
f 3397 3398 3399
f 3399 3400 3397
v -86.669 -69.287 1051.741
v -87.435 -69.159 1043.777
v -310.218 -73.926 1065.200
v -309.453 -74.090 1073.163
f 3401 3402 3403
f 3403 3404 3401
v 127.504 -82.781 1159.271
v 128.931 -82.973 1151.399
v 123.978 -82.652 1150.501
v 122.551 -82.512 1158.373
f 3405 3406 3407
f 3407 3408 3405
v 122.411 -82.505 1158.345
v 124.117 -82.662 1150.529
v 115.946 -82.106 1148.746
v 114.240 -82.033 1156.562
f 3409 3410 3411
f 3411 3412 3409
v 115.093 -82.083 1156.654
v 115.093 -82.046 1148.654
v 105.197 -81.354 1148.654
v 105.197 -81.501 1156.654
f 3413 3414 3415
f 3415 3416 3413
v 105.753 -81.533 1156.615
v 104.640 -81.318 1148.693
v 91.950 -80.528 1150.476
v 93.063 -80.873 1158.398
f 3417 3418 3419
f 3419 3420 3417
v 92.974 -80.868 1158.410
v 92.039 -80.534 1150.464
v -74.862 -74.910 1170.091
v -73.928 -75.509 1178.036
f 3421 3422 3423
f 3423 3424 3421
v -73.959 -75.507 1178.039
v -74.831 -74.911 1170.087
v -262.259 -69.203 1190.638
v -261.387 -68.562 1198.590
f 3425 3426 3427
f 3427 3428 3425
v 655.700 -104.831 1504.233
v 648.876 -104.596 1508.408
v 660.842 -105.032 1527.968
v 667.667 -105.267 1523.793
f 3429 3430 3431
f 3431 3432 3429
v 667.532 -105.263 1523.587
v 660.977 -105.037 1528.174
v 732.021 -97.647 1629.697
v 738.576 -97.888 1625.110
f 3433 3434 3435
f 3435 3436 3433
v 738.930 -97.826 1625.727
v 731.667 -97.711 1629.080
v 753.074 -94.045 1675.437
v 760.337 -94.358 1672.083
f 3437 3438 3439
f 3439 3440 3437
v 760.627 -94.310 1672.970
v 752.784 -94.098 1674.550
v 762.669 -92.372 1723.601
v 770.512 -92.836 1722.020
f 3441 3442 3443
f 3443 3444 3441
v 770.515 -92.836 1722.037
v 762.666 -92.372 1723.585
v 769.501 -92.554 1758.240
v 777.350 -93.110 1756.692
f 3445 3446 3447
f 3447 3448 3445
v 777.274 -93.102 1756.375
v 769.577 -92.562 1758.556
v 774.976 -93.143 1777.613
v 782.673 -93.613 1775.433
f 3449 3450 3451
f 3451 3452 3449
v 782.676 -93.613 1775.445
v 774.973 -93.142 1777.601
v 790.769 -95.265 1834.034
v 798.473 -95.353 1831.878
f 3453 3454 3455
f 3455 3456 3453
v 798.018 -95.329 1830.844
v 791.224 -95.295 1835.068
v 799.584 -95.625 1848.513
v 806.378 -95.574 1844.288
f 3457 3458 3459
f 3459 3460 3457
v 805.372 -95.563 1843.194
v 800.590 -95.637 1849.607
v 828.163 -94.948 1870.170
v 832.946 -94.959 1863.757
f 3461 3462 3463
f 3463 3464 3461
v 834.295 -94.865 1865.546
v 826.814 -95.035 1868.381
v 832.826 -94.365 1884.242
v 840.306 -94.057 1881.407
f 3465 3466 3467
f 3467 3468 3465
v 840.054 -94.092 1880.867
v 833.078 -94.335 1884.783
v 837.186 -93.845 1892.100
v 844.162 -93.554 1888.183
f 3469 3470 3471
f 3471 3472 3469
v 664.858 -105.167 1521.926
v 663.651 -105.132 1529.835
v 698.516 -105.241 1535.157
v 699.723 -105.373 1527.249
f 3473 3474 3475
f 3475 3476 3473
v 701.106 -105.335 1527.731
v 697.134 -105.299 1534.675
v 710.525 -104.627 1542.335
v 714.498 -104.793 1535.391
f 3477 3478 3479
f 3479 3480 3477
v 715.206 -104.753 1535.907
v 709.817 -104.667 1541.820
v 723.254 -103.831 1554.063
v 728.642 -103.710 1548.150
f 3481 3482 3483
f 3483 3484 3481
v 726.893 -103.886 1547.219
v 725.003 -103.739 1554.993
v 730.491 -103.264 1556.327
v 732.381 -103.397 1548.553
f 3485 3486 3487
f 3487 3488 3485
v 731.436 -103.476 1548.440
v 731.436 -103.187 1556.440
v 738.015 -102.680 1556.440
v 738.015 -102.950 1548.440
f 3489 3490 3491
f 3491 3492 3489
v 736.698 -103.048 1548.663
v 739.332 -102.586 1556.217
v 745.733 -102.161 1553.985
v 743.099 -102.608 1546.431
f 3493 3494 3495
f 3495 3496 3493
v 742.219 -102.665 1546.865
v 746.612 -102.106 1553.551
v 788.457 -98.338 1526.054
v 784.064 -98.879 1519.368
f 3497 3498 3499
f 3499 3500 3497
v 785.608 -98.687 1518.764
v 786.914 -98.530 1526.657
v 802.242 -96.624 1524.121
v 800.937 -96.782 1516.229
f 3501 3502 3503
f 3503 3504 3501
v 802.812 -96.549 1516.367
v 800.366 -96.857 1523.984
v 840.096 -91.768 1536.742
v 842.542 -91.351 1529.125
f 3505 3506 3507
f 3507 3508 3505
v 842.440 -91.364 1529.093
v 840.198 -91.756 1536.773
v 920.092 -85.418 1560.097
v 922.334 -84.968 1552.417
f 3509 3510 3511
f 3511 3512 3509
v 921.889 -84.990 1552.314
v 920.538 -85.397 1560.199
v 987.107 -85.207 1571.610
v 988.458 -84.821 1563.725
f 3513 3514 3515
f 3515 3516 3513
v 988.085 -84.810 1563.679
v 987.480 -85.215 1571.656
v 1008.886 -85.633 1573.281
v 1009.492 -85.364 1565.304
f 3517 3518 3519
f 3519 3520 3517
v 1009.138 -85.356 1565.293
v 1009.240 -85.639 1573.292
v 1024.736 -86.043 1573.094
v 1024.634 -85.878 1565.095
f 3521 3522 3523
f 3523 3524 3521
v 1024.171 -85.860 1565.127
v 1025.199 -86.057 1573.061
v 1091.256 -88.304 1564.503
v 1090.228 -88.523 1556.569
f 3525 3526 3527
f 3527 3528 3525
v 1090.140 -88.520 1556.582
v 1091.344 -88.308 1564.491
v 1118.239 -88.819 1560.396
v 1117.035 -89.078 1552.487
f 3529 3530 3531
f 3531 3532 3529
v 1117.035 -89.078 1552.487
v 1118.238 -88.819 1560.396
v 1176.692 -87.899 1551.508
v 1175.489 -88.268 1543.599
f 3533 3534 3535
f 3535 3536 3533
v 1031.381 -87.805 1215.027
v 1023.532 -88.673 1216.571
v 1032.159 -88.198 1260.446
v 1040.009 -87.078 1258.903
f 3537 3538 3539
f 3539 3540 3537
v 1039.952 -87.086 1258.654
v 1032.216 -88.191 1260.695
v 1038.406 -87.353 1284.151
v 1046.141 -86.214 1282.110
f 3541 3542 3543
f 3543 3544 3541
v 1046.017 -86.233 1281.721
v 1038.530 -87.336 1284.541
v 1042.838 -86.706 1295.978
v 1050.325 -85.615 1293.158
f 3545 3546 3547
f 3547 3548 3545
v 1050.227 -85.629 1292.922
v 1042.936 -86.692 1296.215
v 1047.255 -86.086 1305.777
v 1054.546 -85.043 1302.484
f 3549 3550 3551
f 3551 3552 3549
v 1054.113 -85.101 1301.747
v 1047.688 -86.026 1306.514
v 1061.692 -84.307 1325.387
v 1068.117 -83.420 1320.620
f 3553 3554 3555
f 3555 3556 3553
v 1068.861 -83.365 1322.414
v 1060.948 -84.371 1323.593
v 1062.607 -84.349 1334.727
v 1070.520 -83.413 1333.548
f 3557 3558 3559
f 3559 3560 3557
v 1070.509 -83.413 1333.484
v 1062.617 -84.349 1334.791
v 1065.055 -84.350 1349.517
v 1072.947 -83.497 1348.211
f 3561 3562 3563
f 3563 3564 3561
v 1072.968 -83.499 1348.350
v 1065.034 -84.349 1349.378
v 1072.192 -85.597 1404.611
v 1080.126 -85.266 1403.583
f 3565 3566 3567
f 3567 3568 3565
v 474.724 -96.859 1172.562
v 468.597 -97.251 1177.705
v 527.162 -101.730 1247.480
v 533.290 -101.138 1242.337
f 3569 3570 3571
f 3571 3572 3569
v 533.258 -101.138 1242.299
v 527.194 -101.729 1247.518
v 584.279 -97.500 1313.845
v 590.342 -96.913 1308.627
f 3573 3574 3575
f 3575 3576 3573
v 590.476 -96.902 1308.791
v 584.145 -97.511 1313.681
v 622.149 -96.264 1362.892
v 628.481 -95.706 1358.002
f 3577 3578 3579
f 3579 3580 3577
v 628.657 -95.712 1358.248
v 621.973 -96.258 1362.645
v 638.961 -97.438 1388.465
v 645.644 -96.971 1384.068
f 3581 3582 3583
f 3583 3584 3581
v 645.904 -97.005 1384.528
v 638.700 -97.405 1388.006
v 647.094 -98.770 1405.387
v 654.298 -98.427 1401.908
f 3585 3586 3587
f 3587 3588 3585
v 654.576 -98.495 1402.677
v 646.816 -98.706 1404.619
v 653.506 -100.952 1431.350
v 661.266 -100.859 1429.408
f 3589 3590 3591
f 3591 3592 3589
v 661.372 -100.917 1430.043
v 653.400 -100.897 1430.716
v 656.317 -103.404 1465.253
v 664.289 -103.563 1464.580
f 3593 3594 3595
f 3595 3596 3593
v 664.251 -103.631 1465.558
v 656.355 -103.340 1464.274
v 653.761 -104.024 1480.229
v 661.657 -104.312 1481.512
f 3597 3598 3599
f 3599 3600 3597
v 661.621 -104.318 1481.704
v 653.797 -104.018 1480.037
v 648.375 -104.576 1505.487
v 656.200 -104.851 1507.154
f 3601 3602 3603
f 3603 3604 3601
v 655.934 -104.843 1507.966
v 648.642 -104.584 1504.676
v 641.194 -104.289 1521.185
v 648.487 -104.597 1524.475
f 3605 3606 3607
f 3607 3608 3605
v 648.371 -104.593 1524.710
v 641.310 -104.299 1520.949
v 629.098 -102.942 1543.877
v 636.159 -103.390 1547.638
f 3609 3610 3611
f 3611 3612 3609
v 635.922 -103.361 1548.028
v 629.336 -102.971 1543.487
v 620.875 -102.037 1555.756
v 627.461 -102.407 1560.297
f 3613 3614 3615
f 3615 3616 3613
v 627.271 -102.387 1560.551
v 621.066 -102.057 1555.502
v 604.067 -100.343 1576.396
v 610.273 -100.542 1581.445
f 3617 3618 3619
f 3619 3620 3617
v 609.976 -100.516 1581.771
v 604.363 -100.368 1576.070
v 590.749 -99.227 1589.475
v 596.362 -99.454 1595.176
f 3621 3622 3623
f 3623 3624 3621
v 597.111 -99.520 1594.159
v 590.000 -99.169 1590.492
v 566.378 -98.477 1636.308
v 573.489 -98.496 1639.974
f 3625 3626 3627
f 3627 3628 3625
v 573.492 -98.496 1639.967
v 566.375 -98.477 1636.315
v 560.553 -98.772 1647.659
v 567.670 -98.705 1651.312
f 3629 3630 3631
f 3631 3632 3629
v 567.899 -98.692 1650.772
v 560.324 -98.789 1648.199
v 557.942 -99.011 1655.212
v 565.517 -98.862 1657.785
f 3633 3634 3635
f 3635 3636 3633
v 565.691 -98.845 1657.054
v 557.768 -99.033 1655.943
v 556.866 -99.221 1662.375
v 564.789 -98.983 1663.486
f 3637 3638 3639
f 3639 3640 3637
v 564.784 -98.963 1662.340
v 556.871 -99.252 1663.521
v 558.074 -99.426 1671.577
v 565.986 -99.046 1670.396
f 3641 3642 3643
f 3643 3644 3641
v 565.768 -99.043 1669.563
v 558.292 -99.439 1672.411
v 561.275 -99.479 1680.242
v 568.751 -99.002 1677.394
f 3645 3646 3647
f 3647 3648 3645
v 568.355 -99.015 1676.621
v 561.671 -99.472 1681.016
v 566.413 -99.275 1688.227
v 573.097 -98.803 1683.832
f 3649 3650 3651
f 3651 3652 3649
v 572.180 -98.855 1682.848
v 567.331 -99.223 1689.211
v 604.990 -96.070 1717.910
v 609.839 -95.775 1711.547
f 3653 3654 3655
f 3655 3656 3653
v 610.039 -95.755 1711.709
v 604.790 -96.088 1717.747
v 653.326 -92.066 1759.943
v 658.575 -91.720 1753.905
f 3657 3658 3659
f 3659 3660 3657
v 329.159 -93.959 1907.214
v 328.650 -94.116 1915.198
v 450.567 -91.485 1922.964
v 451.076 -92.156 1914.980
f 3661 3662 3663
f 3663 3664 3661
v 451.050 -92.156 1914.978
v 450.594 -91.485 1922.965
v 507.734 -93.292 1926.227
v 508.190 -93.860 1918.240
f 3665 3666 3667
f 3667 3668 3665
v 508.246 -93.862 1918.244
v 507.678 -93.289 1926.224
v 585.334 -99.192 1931.757
v 585.903 -99.183 1923.777
f 3669 3670 3671
f 3671 3672 3669
v 585.836 -99.178 1923.773
v 585.401 -99.197 1931.761
v 696.954 -104.285 1937.836
v 697.389 -103.847 1929.848
f 3673 3674 3675
f 3675 3676 3673
v 697.581 -103.843 1929.863
v 696.762 -104.289 1937.821
v 727.197 -103.540 1940.951
v 728.016 -103.086 1932.993
f 3677 3678 3679
f 3679 3680 3677
v 724.059 -99.230 1882.297
v 724.653 -98.451 1874.319
v 621.326 -98.664 1866.620
v 620.732 -99.103 1874.598
f 3681 3682 3683
f 3683 3684 3681
v 620.848 -99.105 1874.604
v 621.210 -98.664 1866.613
v 513.130 -98.253 1861.713
v 512.768 -97.617 1869.705
f 3685 3686 3687
f 3687 3688 3685
v 755.497 -94.426 1669.947
v 757.914 -93.994 1677.573
v 826.921 -95.548 1655.702
v 824.504 -95.409 1648.076
f 3689 3690 3691
f 3691 3692 3689
v 824.505 -95.409 1648.076
v 826.920 -95.548 1655.703
v 837.807 -95.444 1652.256
v 835.392 -95.195 1644.629
f 3693 3694 3695
f 3695 3696 3693
v 835.371 -95.196 1644.635
v 837.827 -95.444 1652.249
v 872.259 -94.219 1641.142
v 869.802 -93.725 1633.528
f 3697 3698 3699
f 3699 3700 3697
v 869.801 -93.725 1633.529
v 872.260 -94.219 1641.142
v 927.519 -90.550 1623.299
v 925.060 -89.890 1615.686
f 3701 3702 3703
f 3703 3704 3701
v 925.200 -84.947 1555.937
v 917.226 -85.439 1556.577
v 922.302 -90.416 1619.813
v 930.277 -90.015 1619.172
f 3705 3706 3707
f 3707 3708 3705
v 930.245 -89.989 1618.899
v 922.334 -90.441 1620.085
v 926.909 -93.455 1650.607
v 934.821 -93.017 1649.421
f 3709 3710 3711
f 3711 3712 3709
v 934.839 -93.032 1649.564
v 926.890 -93.441 1650.464
v 935.439 -98.548 1725.942
v 943.389 -97.947 1725.042
f 3713 3714 3715
f 3715 3716 3713
v 943.389 -97.947 1725.042
v 935.439 -98.548 1725.942
v 943.120 -97.043 1793.799
v 951.070 -96.546 1792.899
f 3717 3718 3719
f 3719 3720 3717
v 979.499 -93.889 1803.190
v 980.904 -94.067 1795.314
v 947.797 -96.951 1789.411
v 946.393 -96.638 1797.287
f 3721 3722 3723
f 3723 3724 3721
v 946.558 -96.625 1797.313
v 947.632 -96.963 1789.385
v 870.343 -98.678 1778.912
v 869.269 -98.342 1786.839
f 3725 3726 3727
f 3727 3728 3725
v 869.337 -98.344 1786.848
v 870.275 -98.676 1778.903
v 836.167 -97.220 1774.875
v 835.229 -97.020 1782.820
f 3729 3730 3731
f 3731 3732 3729
v -309.679 -73.610 1847.786
v -309.101 -74.078 1855.765
v -204.149 -73.301 1848.158
v -204.727 -72.558 1840.179
f 3733 3734 3735
f 3735 3736 3733
v -204.683 -72.559 1840.176
v -204.194 -73.300 1848.161
v -114.637 -76.546 1842.680
v -115.126 -76.585 1834.695
f 3737 3738 3739
f 3739 3740 3737
v -306.584 -77.154 1906.540
v -306.096 -77.594 1914.525
v -199.708 -78.510 1908.027
v -200.196 -77.927 1900.042
f 3741 3742 3743
f 3743 3744 3741
v -200.196 -77.927 1900.042
v -199.709 -78.510 1908.027
v -104.219 -75.732 1902.203
v -104.706 -75.905 1894.218
f 3745 3746 3747
f 3747 3748 3745
v -195.353 -81.203 1961.074
v -194.265 -81.259 1968.999
v -173.682 -80.141 1966.173
v -174.770 -80.143 1958.248
f 3749 3750 3751
f 3751 3752 3749
v -175.160 -80.171 1958.321
v -173.292 -80.113 1966.100
v -162.895 -79.361 1963.604
v -164.763 -79.402 1955.825
f 3753 3754 3755
f 3755 3756 3753
v -164.758 -79.402 1955.824
v -162.900 -79.362 1963.605
v -153.494 -78.689 1961.360
v -155.351 -78.706 1953.578
f 3757 3758 3759
f 3759 3760 3757
v -155.866 -78.744 1953.739
v -152.979 -78.652 1961.200
v -143.728 -77.991 1957.621
v -146.615 -78.059 1950.160
f 3761 3762 3763
f 3763 3764 3761
v -147.737 -78.144 1950.821
v -142.607 -77.907 1956.960
v -134.436 -77.195 1950.132
v -139.566 -77.489 1943.993
f 3765 3766 3767
f 3767 3768 3765
v -140.213 -77.544 1944.678
v -133.789 -77.141 1949.446
v -116.479 -75.950 1926.123
v -122.903 -76.299 1921.355
f 3769 3770 3771
f 3771 3772 3769
v -123.126 -76.311 1921.690
v -116.255 -75.939 1925.788
v -101.027 -75.692 1900.260
v -107.897 -75.928 1896.161
f 3773 3774 3775
f 3775 3776 3773
v -107.257 -75.930 1895.349
v -101.667 -75.686 1901.072
v -82.342 -76.308 1882.200
v -87.932 -76.517 1876.476
f 3777 3778 3779
f 3779 3780 3777
v -194.467 -81.266 1969.022
v -195.151 -81.196 1961.051
v -301.394 -79.673 1970.164
v -300.711 -79.791 1978.135
f 3781 3782 3783
f 3783 3784 3781
v -83.823 -75.519 1898.759
v -91.104 -75.497 1902.073
v -88.923 -75.295 1906.867
v -81.641 -75.289 1903.553
f 3785 3786 3787
f 3787 3788 3785
v -81.313 -75.234 1904.715
v -89.251 -75.342 1905.706
v -88.583 -75.140 1911.055
v -80.645 -74.990 1910.063
f 3789 3790 3791
f 3791 3792 3789
v -80.616 -74.974 1910.421
v -88.612 -75.153 1910.697
v -88.467 -75.001 1914.884
v -80.472 -74.789 1914.607
f 3793 3794 3795
f 3795 3796 3793
v -80.479 -74.770 1915.030
v -88.459 -75.016 1914.461
v -89.439 -74.586 1928.223
v -81.459 -74.246 1928.791
f 3797 3798 3799
f 3799 3800 3797
v -83.037 -74.421 1925.316
v -87.861 -74.442 1931.698
v -79.913 -73.935 1937.707
v -75.088 -73.906 1931.325
f 3801 3802 3803
f 3803 3804 3801
v -75.841 -73.952 1930.876
v -79.160 -73.887 1938.156
v -71.078 -73.385 1941.840
v -67.759 -73.479 1934.561
f 3805 3806 3807
f 3807 3808 3805
v -68.927 -73.542 1934.231
v -69.911 -73.316 1942.170
v -59.046 -72.767 1943.517
v -58.062 -73.082 1935.578
f 3809 3810 3811
f 3811 3812 3809
v -58.292 -73.085 1935.556
v -58.816 -72.764 1943.539
v 22.002 -73.918 1948.835
v 22.525 -74.349 1940.852
f 3813 3814 3815
f 3815 3816 3813
v 22.476 -74.346 1940.849
v 22.052 -73.920 1948.838
v 74.383 -79.187 1951.611
v 74.807 -79.445 1943.623
f 3817 3818 3819
f 3819 3820 3817
v 74.446 -79.400 1943.620
v 74.744 -79.234 1951.614
v 94.592 -81.846 1950.875
v 94.295 -81.903 1942.880
f 3821 3822 3823
f 3823 3824 3821
v 94.516 -81.930 1942.878
v 94.371 -81.817 1950.877
v 102.431 -82.869 1951.022
v 102.575 -82.938 1943.023
f 3825 3826 3827
f 3827 3828 3825
v 102.795 -82.966 1943.033
v 102.211 -82.841 1951.012
v 113.565 -84.378 1951.844
v 114.150 -84.442 1943.865
f 3829 3830 3831
f 3831 3832 3829
v 18.277 -73.975 1944.522
v 26.251 -74.479 1945.165
v 37.138 -85.424 1810.232
v 29.164 -85.507 1809.588
f 3833 3834 3835
f 3835 3836 3833
v 29.193 -85.438 1810.492
v 37.108 -85.488 1809.328
v 35.071 -86.247 1795.474
v 27.156 -86.286 1796.638
f 3837 3838 3839
f 3839 3840 3837
v 27.145 -86.291 1796.555
v 35.083 -86.244 1795.557
v 34.214 -86.572 1788.650
v 26.277 -86.644 1789.648
f 3841 3842 3843
f 3843 3844 3841
v 26.273 -86.645 1789.620
v 34.218 -86.571 1788.678
v 32.281 -87.291 1772.328
v 24.336 -87.453 1773.269
f 3845 3846 3847
f 3847 3848 3845
v 33.095 -85.759 1805.910
v 33.207 -85.170 1813.910
v 43.648 -85.163 1813.764
v 43.537 -85.693 1805.765
f 3849 3850 3851
f 3851 3852 3849
v 43.938 -85.689 1805.780
v 43.248 -85.165 1813.750
v 133.739 -83.770 1821.582
v 134.429 -83.550 1813.611
f 3853 3854 3855
f 3855 3856 3853
v 134.559 -83.547 1813.625
v 133.610 -83.772 1821.568
v 139.799 -83.706 1822.308
v 140.748 -83.426 1814.364
f 3857 3858 3859
f 3859 3860 3857
v 141.113 -83.420 1814.425
v 139.435 -83.709 1822.247
v 143.620 -83.686 1823.145
v 145.298 -83.360 1815.323
f 3861 3862 3863
f 3863 3864 3861
v 146.174 -83.353 1815.620
v 142.744 -83.686 1822.848
v 147.142 -83.724 1824.935
v 150.571 -83.420 1817.707
f 3865 3866 3867
f 3867 3868 3865
v 152.244 -83.483 1819.193
v 145.469 -83.674 1823.449
v 148.987 -83.905 1829.048
v 155.761 -83.747 1824.793
f 3869 3870 3871
f 3871 3872 3869
v 156.250 -83.804 1825.932
v 148.498 -83.853 1827.909
v 172.287 -90.515 1921.149
v 180.039 -91.123 1919.171
f 3873 3874 3875
f 3875 3876 3873
v -93.337 -79.538 1760.084
v -94.036 -79.424 1768.054
v -21.756 -86.153 1774.393
v -21.057 -86.313 1766.424
f 3877 3878 3879
f 3879 3880 3877
v -21.004 -86.317 1766.429
v -21.809 -86.149 1774.388
v -1.060 -86.745 1776.488
v -0.254 -86.951 1768.529
f 3881 3882 3883
f 3883 3884 3881
v -0.362 -86.948 1768.519
v -0.951 -86.747 1776.497
v 14.622 -87.103 1777.646
v 15.211 -87.345 1769.668
f 3885 3886 3887
f 3887 3888 3885
v 14.661 -87.330 1769.665
v 15.173 -87.118 1777.649
v 28.564 -87.235 1776.791
v 28.053 -87.427 1768.807
f 3889 3890 3891
f 3891 3892 3889
v 27.437 -87.439 1768.895
v 29.180 -87.226 1776.703
v 48.594 -86.935 1772.371
v 46.852 -87.051 1764.563
f 3893 3894 3895
f 3895 3896 3893
v 46.795 -87.053 1764.576
v 48.650 -86.934 1772.358
v 108.106 -84.261 1758.187
v 106.251 -84.372 1750.405
f 3897 3898 3899
f 3899 3900 3897
v 106.107 -84.381 1750.442
v 108.249 -84.253 1758.150
v 197.494 -80.884 1733.347
v 195.352 -81.039 1725.639
f 3901 3902 3903
f 3903 3904 3901
v -156.594 -72.172 1720.661
v -153.230 -72.428 1727.919
v -4.986 -82.022 1659.203
v -8.350 -81.225 1651.945
f 3905 3906 3907
f 3907 3908 3905
v -8.329 -81.224 1651.935
v -5.008 -82.023 1659.213
v 51.287 -81.491 1633.525
v 47.966 -80.787 1626.247
f 3909 3910 3911
f 3911 3912 3909
v 47.868 -80.786 1626.294
v 51.385 -81.491 1633.479
v 218.687 -95.107 1551.582
v 215.170 -95.147 1544.397
f 3913 3914 3915
f 3915 3916 3913
v 214.791 -90.172 1421.845
v 211.318 -89.289 1414.638
v -2.883 -71.583 1517.839
v 0.590 -71.761 1525.047
f 3917 3918 3919
f 3919 3920 3917
v 0.641 -71.763 1525.021
v -2.934 -71.581 1517.864
v -133.723 -76.334 1583.187
v -130.149 -76.136 1590.344
f 3921 3922 3923
f 3923 3924 3921
v -151.619 -78.039 1524.307
v -148.053 -77.799 1531.469
v -27.160 -72.007 1471.284
v -30.726 -72.480 1464.122
f 3925 3926 3927
f 3927 3928 3925
v -30.806 -72.477 1464.163
v -27.080 -72.008 1471.243
v 120.518 -83.637 1393.571
v 116.793 -83.428 1386.491
f 3929 3930 3931
f 3931 3932 3929
v 522.321 -102.734 1278.811
v 521.210 -102.717 1270.888
v 208.080 -80.593 1314.777
v 209.190 -81.031 1322.699
f 3933 3934 3935
f 3935 3936 3933
v 209.105 -81.030 1322.710
v 208.165 -80.595 1314.766
v 72.478 -84.449 1330.812
v 73.417 -84.198 1338.757
f 3937 3938 3939
f 3939 3940 3937
v 73.447 -84.198 1338.753
v 72.448 -84.450 1330.816
v -55.614 -80.606 1346.942
v -54.615 -80.164 1354.880
f 3941 3942 3943
f 3943 3944 3941
v -54.639 -80.162 1354.883
v -55.590 -80.608 1346.939
v -199.916 -70.639 1364.228
v -198.964 -71.345 1372.171
f 3945 3946 3947
f 3947 3948 3945
v -61.731 -81.817 1288.192
v -60.587 -81.841 1296.110
v 80.844 -84.459 1275.678
v 79.701 -84.423 1267.761
f 3949 3950 3951
f 3951 3952 3949
v 79.701 -84.423 1267.760
v 80.844 -84.459 1275.678
v 128.433 -81.799 1268.811
v 127.290 -81.840 1260.893
f 3953 3954 3955
f 3955 3956 3953
v 127.355 -81.837 1260.884
v 128.368 -81.802 1268.819
v 207.115 -79.980 1258.769
v 206.103 -80.261 1250.833
f 3957 3958 3959
f 3959 3960 3957
v 206.072 -80.260 1250.837
v 207.146 -79.981 1258.765
v 473.745 -101.725 1222.669
v 472.671 -100.984 1214.741
f 3961 3962 3963
f 3963 3964 3961
v 429.172 -95.532 1171.421
v 428.277 -94.726 1163.471
v 409.732 -94.382 1165.558
v 410.626 -95.070 1173.508
f 3965 3966 3967
f 3967 3968 3965
v 410.625 -95.070 1173.508
v 409.733 -94.382 1165.558
v 205.050 -84.272 1188.513
v 205.942 -83.601 1196.463
f 3969 3970 3971
f 3971 3972 3969
v 120.512 -82.364 1169.193
v 112.568 -82.041 1170.138
v 123.890 -82.041 1265.324
v 131.834 -81.600 1264.379
f 3973 3974 3975
f 3975 3976 3973
v -268.719 -24.512 384.282
v -261.607 -25.209 387.947
v -214.018 -17.290 295.607
v -221.130 -16.409 291.942
f 3977 3978 3979
f 3979 3980 3977
v 833.593 -93.054 957.629
v 835.509 -92.734 965.396
v 929.942 -89.612 942.097
v 928.025 -90.482 934.330
f 3981 3982 3983
f 3983 3984 3981
v 832.066 -92.095 1059.708
v 840.065 -91.060 1059.584
v 838.551 -92.637 961.451
v 830.552 -93.161 961.574
f 3985 3986 3987
f 3987 3988 3985
v 830.559 -93.157 961.758
v 838.544 -92.643 961.267
v 833.991 -94.822 887.329
v 826.006 -94.561 887.821
f 3989 3990 3991
f 3991 3992 3989
v 954.001 -88.589 1149.990
v 954.950 -89.317 1157.933
v 1031.371 -86.627 1148.807
v 1030.422 -86.485 1140.863
f 3993 3994 3995
f 3995 3996 3993
v 1030.062 -86.489 1140.923
v 1031.731 -86.619 1148.747
v 1160.706 -85.874 1121.236
v 1159.037 -86.584 1113.412
f 3997 3998 3999
f 3999 4000 3997
v 956.902 -95.410 1229.216
v 964.873 -94.855 1228.533
v 958.461 -88.786 1153.620
v 950.490 -89.123 1154.303
f 4001 4002 4003
f 4003 4004 4001
v 950.516 -89.145 1154.529
v 958.435 -88.765 1153.394
v 952.858 -85.529 1114.458
v 944.939 -85.765 1115.593
f 4005 4006 4007
f 4007 4008 4005
v 944.901 -85.731 1115.180
v 952.895 -85.561 1114.871
v 949.801 -82.977 1034.714
v 941.807 -83.017 1035.023
f 4009 4010 4011
f 4011 4012 4009
v 941.845 -83.006 1035.439
v 949.763 -82.988 1034.297
v 943.451 -84.985 990.527
v 935.533 -85.031 991.669
f 4013 4014 4015
f 4015 4016 4013
v 935.569 -85.017 991.877
v 943.415 -84.998 990.318
v 932.907 -89.984 937.434
v 925.060 -90.115 938.993
f 4017 4018 4019
f 4019 4020 4017
v 925.038 -90.128 938.874
v 932.929 -89.971 937.554
v 926.951 -93.703 901.840
v 919.060 -93.781 903.160
f 4021 4022 4023
f 4023 4024 4021
v 1037.441 -87.152 1213.529
v 1045.347 -86.330 1212.310
v 1034.850 -86.500 1144.225
v 1026.943 -86.624 1145.444
f 4025 4026 4027
f 4027 4028 4025
v 1026.906 -86.616 1145.112
v 1034.887 -86.504 1144.558
v 1026.026 -85.245 1016.722
v 1018.045 -84.817 1017.275
f 4029 4030 4031
f 4031 4032 4029
v 1018.130 -84.817 1017.864
v 1025.941 -85.243 1016.133
v 1011.413 -86.614 950.596
v 1003.603 -86.689 952.327
f 4033 4034 4035
f 4035 4036 4033
v 750.568 -101.362 1030.627
v 758.568 -100.710 1030.736
v 760.750 -91.459 870.261
v 752.750 -91.183 870.152
f 4037 4038 4039
f 4039 4040 4037
v 301.341 -92.718 1117.188
v 302.567 -92.411 1125.093
v 375.737 -91.006 1113.748
v 374.512 -90.730 1105.842
f 4041 4042 4043
f 4043 4044 4041
v 496.917 -101.999 1339.583
v 490.420 -101.844 1344.251
v 563.201 -97.314 1445.538
v 569.698 -97.778 1440.869
f 4045 4046 4047
f 4047 4048 4045
v 569.662 -97.776 1440.820
v 563.237 -97.316 1445.587
v 599.605 -100.627 1494.612
v 606.030 -101.105 1489.846
f 4049 4050 4051
f 4051 4052 4049
v 432.614 -100.285 1350.092
v 425.993 -99.485 1354.583
v 452.565 -96.926 1393.756
v 459.186 -97.535 1389.265
f 4053 4054 4055
f 4055 4056 4053
v 459.062 -97.550 1389.092
v 452.689 -96.912 1393.929
v 478.070 -94.200 1427.369
v 484.443 -94.872 1422.533
f 4057 4058 4059
f 4059 4060 4057
v 484.445 -94.872 1422.536
v 478.067 -94.200 1427.366
v 490.168 -93.285 1443.347
v 496.546 -93.910 1438.517
f 4061 4062 4063
f 4063 4064 4061
v 496.652 -93.902 1438.664
v 490.062 -93.291 1443.200
v 510.366 -92.535 1472.704
v 516.957 -93.107 1468.169
f 4065 4066 4067
f 4067 4068 4065
v 516.958 -93.107 1468.171
v 510.365 -92.535 1472.703
v 552.823 -95.750 1534.460
v 559.415 -96.364 1529.927
f 4069 4070 4071
f 4071 4072 4069
v 396.529 -97.512 1356.346
v 389.387 -96.768 1359.951
v 417.528 -94.131 1415.712
v 424.670 -94.541 1412.108
f 4073 4074 4075
f 4075 4076 4073
v 424.666 -94.542 1412.098
v 417.533 -94.130 1415.721
v 458.699 -89.315 1496.761
v 465.832 -89.573 1493.138
f 4077 4078 4079
f 4079 4080 4077
v 465.884 -89.569 1493.245
v 458.647 -89.319 1496.654
v 495.159 -92.712 1574.180
v 502.397 -92.863 1570.771
f 4081 4082 4083
f 4083 4084 4081
v 281.519 -94.453 1586.030
v 273.520 -94.501 1586.075
v 274.065 -86.840 1682.777
v 282.065 -87.558 1682.731
f 4085 4086 4087
f 4087 4088 4085
v -171.451 -78.163 1463.947
v -168.007 -78.315 1471.168
v -104.332 -74.784 1440.805
v -107.776 -74.998 1433.584
f 4089 4090 4091
f 4091 4092 4089
v -107.940 -75.001 1433.667
v -104.168 -74.780 1440.722
v -93.571 -74.700 1435.056
v -97.342 -74.945 1428.001
f 4093 4094 4095
f 4095 4096 4093
v -97.893 -74.939 1428.356
v -93.020 -74.704 1434.700
v -71.201 -75.370 1417.940
v -76.075 -75.670 1411.596
f 4097 4098 4099
f 4099 4100 4097
v 541.508 -100.698 2618.904
v 545.816 -100.719 2625.645
v 565.675 -99.315 2612.954
v 561.368 -99.438 2606.213
f 4101 4102 4103
f 4103 4104 4101
v 561.691 -99.418 2606.027
v 565.352 -99.336 2613.140
v 677.017 -99.228 2555.654
v 673.355 -99.937 2548.541
f 4105 4106 4107
f 4107 4108 4105
v 673.174 -99.927 2548.641
v 677.199 -99.238 2555.555
v 709.593 -100.660 2536.696
v 705.568 -101.339 2529.783
f 4109 4110 4111
f 4111 4112 4109
v 705.568 -101.339 2529.782
v 709.592 -100.660 2536.697
v 745.426 -100.802 2515.844
v 741.402 -101.523 2508.930
f 4113 4114 4115
f 4115 4116 4113
v 740.585 -101.534 2509.559
v 746.242 -100.793 2515.216
v 757.586 -100.711 2503.872
v 751.929 -101.327 2498.215
f 4117 4118 4119
f 4119 4120 4117
v 751.358 -101.340 2498.934
v 758.156 -100.698 2503.152
v 770.847 -100.257 2482.696
v 764.049 -101.105 2478.478
f 4121 4122 4123
f 4123 4124 4121
v 767.173 -100.870 2476.596
v 767.722 -100.556 2484.578
v 791.155 -97.924 2482.966
v 790.606 -98.105 2474.985
f 4125 4126 4127
f 4127 4128 4125
v 790.607 -98.105 2474.985
v 791.154 -97.924 2482.966
v 828.480 -93.464 2480.404
v 827.932 -93.453 2472.423
f 4129 4130 4131
f 4131 4132 4129
v 827.994 -93.445 2472.419
v 828.418 -93.471 2480.408
v 921.280 -84.589 2475.482
v 920.857 -84.458 2467.494
f 4133 4134 4135
f 4135 4136 4133
v 920.895 -84.455 2467.492
v 921.242 -84.591 2475.484
v 983.347 -83.925 2472.790
v 983.000 -83.823 2464.798
f 4137 4138 4139
f 4139 4140 4137
v 982.221 -83.796 2464.909
v 984.127 -83.951 2472.679
v 1024.881 -85.577 2462.682
v 1022.975 -85.431 2454.912
f 4141 4142 4143
f 4143 4144 4141
v 1022.047 -85.377 2455.267
v 1025.809 -85.630 2462.327
v 1046.258 -86.831 2451.432
v 1042.496 -86.600 2444.372
f 4145 4146 4147
f 4147 4148 4145
v 214.197 -81.777 2650.052
v 221.930 -81.803 2652.101
v 229.856 -83.749 2622.189
v 222.123 -83.711 2620.140
f 4149 4150 4151
f 4151 4152 4149
v 405.659 -101.039 1736.488
v 405.214 -101.153 1744.475
v 537.362 -102.143 1751.832
v 537.806 -102.158 1743.844
f 4153 4154 4155
f 4155 4156 4153
v 537.890 -102.152 1743.850
v 537.278 -102.150 1751.826
v 583.609 -97.964 1755.379
v 584.221 -97.890 1747.402
f 4157 4158 4159
f 4159 4160 4157
v 584.222 -97.890 1747.402
v 583.609 -97.964 1755.379
v 655.644 -91.960 1760.912
v 656.256 -91.828 1752.936
f 4161 4162 4163
f 4163 4164 4161
v 329.295 -91.729 1789.473
v 328.893 -91.775 1797.463
v 432.999 -101.813 1802.706
v 433.401 -102.252 1794.716
f 4165 4166 4167
f 4167 4168 4165
v 433.444 -102.255 1794.718
v 432.955 -101.810 1802.703
v 459.705 -102.590 1804.341
v 460.194 -103.030 1796.356
f 4169 4170 4171
f 4171 4172 4169
v 460.259 -103.031 1796.360
v 459.641 -102.588 1804.336
v 517.215 -101.997 1808.800
v 517.834 -102.395 1800.824
f 4173 4174 4175
f 4175 4176 4173
v 517.748 -102.397 1800.819
v 517.301 -101.995 1808.806
v 555.105 -99.986 1810.919
v 555.552 -100.147 1802.932
f 4177 4178 4179
f 4179 4180 4177
v 555.372 -100.157 1802.926
v 555.285 -99.977 1810.925
v 599.890 -97.101 1811.414
v 599.978 -96.902 1803.414
f 4181 4182 4183
f 4183 4184 4181
v 599.606 -96.930 1803.427
v 600.262 -97.076 1811.401
v 613.921 -96.203 1810.278
v 613.265 -95.970 1802.305
f 4185 4186 4187
f 4187 4188 4185
v 613.014 -95.988 1802.334
v 614.172 -96.186 1810.249
v 632.317 -94.917 1807.595
v 631.159 -94.653 1799.679
f 4189 4190 4191
f 4191 4192 4189
v 630.804 -94.680 1799.748
v 632.672 -94.890 1807.526
v 648.780 -93.782 1803.657
v 646.912 -93.514 1795.878
f 4193 4194 4195
f 4195 4196 4193
v 646.528 -93.536 1795.991
v 649.165 -93.761 1803.544
v 699.626 -91.331 1785.926
v 696.989 -90.929 1778.373
f 4197 4198 4199
f 4199 4200 4197
v 697.097 -90.927 1778.337
v 699.517 -91.333 1785.962
v 722.238 -90.897 1778.751
v 719.817 -90.634 1771.126
f 4201 4202 4203
f 4203 4204 4201
v 719.762 -90.634 1771.144
v 722.293 -90.896 1778.733
v 774.691 -92.949 1761.260
v 772.160 -92.711 1753.671
f 4205 4206 4207
f 4207 4208 4205
v 597.236 -99.606 1590.759
v 589.875 -99.114 1593.892
v 614.911 -97.555 1652.716
v 622.272 -97.543 1649.583
f 4209 4210 4211
f 4211 4212 4209
v 622.350 -97.530 1649.780
v 614.833 -97.566 1652.519
v 632.789 -94.385 1701.794
v 640.305 -93.980 1699.055
f 4213 4214 4215
f 4215 4216 4213
v 640.331 -93.974 1699.129
v 632.763 -94.390 1701.721
v 640.188 -93.064 1723.394
v 647.756 -92.681 1720.801
f 4217 4218 4219
f 4219 4220 4217
v 647.755 -92.681 1720.797
v 640.190 -93.064 1723.398
v 652.168 -92.104 1758.225
v 659.733 -91.683 1755.623
f 4221 4222 4223
f 4223 4224 4221
v -128.850 -51.283 534.025
v -128.343 -50.649 526.041
v -140.210 -50.898 525.288
v -140.716 -51.622 533.272
f 4225 4226 4227
f 4227 4228 4225
v -140.854 -51.625 533.261
v -140.072 -50.895 525.299
v -152.985 -51.037 524.031
v -153.767 -51.865 531.993
f 4229 4230 4231
f 4231 4232 4229
v -153.289 -51.855 532.011
v -153.463 -51.044 524.013
v -167.422 -51.358 524.317
v -167.248 -52.253 532.315
f 4233 4234 4235
f 4235 4236 4233
v -166.425 -52.220 532.211
v -168.246 -51.388 524.421
v -177.508 -51.875 526.587
v -175.686 -52.708 534.377
f 4237 4238 4239
f 4239 4240 4237
v -175.434 -52.693 534.309
v -177.761 -51.888 526.655
v -188.058 -52.395 529.785
v -185.731 -53.306 537.439
f 4241 4242 4243
f 4243 4244 4241
v -185.552 -53.299 537.380
v -188.237 -52.402 529.844
v -198.912 -52.864 533.648
v -196.227 -53.789 541.184
f 4245 4246 4247
f 4247 4248 4245
v -196.073 -53.781 541.126
v -199.066 -52.871 533.707
v -212.948 -53.606 539.307
v -209.955 -54.551 546.726
f 4249 4250 4251
f 4251 4252 4249
v -210.918 -54.589 546.981
v -211.985 -53.571 539.052
v -226.122 -53.835 540.954
v -225.056 -54.929 548.883
f 4253 4254 4255
f 4255 4256 4253
v -226.187 -54.898 548.874
v -224.991 -53.864 540.964
v -236.869 -53.200 539.167
v -238.065 -54.220 547.077
f 4257 4258 4259
f 4259 4260 4257
v -238.498 -54.192 546.987
v -236.435 -53.228 539.258
v -245.986 -52.536 536.708
v -248.049 -53.499 544.438
f 4261 4262 4263
f 4263 4264 4261
v -248.702 -53.443 544.201
v -245.333 -52.591 536.945
v -253.783 -51.755 533.022
v -257.152 -52.606 540.278
f 4265 4266 4267
f 4267 4268 4265
v -258.237 -52.467 539.536
v -252.697 -51.895 533.765
v -258.875 -50.872 527.834
v -264.415 -51.444 533.605
f 4269 4270 4271
f 4271 4272 4269
v -212.500 -49.933 514.198
v -220.377 -50.093 515.595
v -215.390 -54.189 543.715
v -207.513 -53.975 542.318
f 4273 4274 4275
f 4275 4276 4273
v -146.899 -48.957 505.749
v -148.876 -48.109 497.997
v -157.370 -48.296 500.163
v -155.393 -49.209 507.915
f 4277 4278 4279
f 4279 4280 4277
v -154.598 -49.173 507.619
v -158.166 -48.327 500.459
v -163.175 -48.610 502.955
v -159.607 -49.485 510.115
f 4281 4282 4283
f 4283 4284 4281
v -158.899 -49.428 509.664
v -163.883 -48.664 503.406
v -168.013 -49.082 506.695
v -163.029 -49.855 512.953
f 4285 4286 4287
f 4287 4288 4285
v -161.894 -49.668 511.511
v -169.148 -49.272 508.138
v -171.230 -49.874 512.616
v -163.975 -50.243 515.988
f 4289 4290 4291
f 4291 4292 4289
v -163.672 -50.122 515.042
v -171.533 -50.003 513.561
v -172.380 -50.614 518.052
v -164.518 -50.696 519.533
f 4293 4294 4295
f 4295 4296 4293
v -164.476 -50.544 518.328
v -172.422 -50.777 519.257
v -171.308 -51.975 528.780
v -163.363 -51.689 527.851
f 4297 4298 4299
f 4299 4300 4297
v -128.571 -50.655 526.033
v -128.621 -51.276 534.033
v -118.091 -50.921 534.099
v -118.040 -50.372 526.099
f 4301 4302 4303
f 4303 4304 4301
v -118.971 -50.405 526.203
v -117.160 -50.882 533.995
v -86.002 -49.783 526.757
v -87.812 -49.519 518.965
f 4305 4306 4307
f 4307 4308 4305
v -87.604 -49.517 518.922
v -86.210 -49.787 526.800
v -63.445 -49.491 522.771
v -64.839 -49.412 514.893
f 4309 4310 4311
f 4311 4312 4309
v -64.680 -49.412 514.869
v -63.605 -49.493 522.796
v -53.375 -49.651 521.409
v -54.449 -49.599 513.482
f 4313 4314 4315
f 4315 4316 4313
v -54.501 -49.598 513.489
v -53.323 -49.652 521.402
v -44.629 -49.903 520.107
v -45.807 -49.889 512.195
f 4317 4318 4319
f 4319 4320 4317
v -46.232 -49.882 509.343
v -48.969 -49.789 501.826
v -57.674 -49.453 504.996
v -54.937 -49.580 512.513
f 4321 4322 4323
f 4323 4324 4321
v -55.045 -49.577 512.551
v -57.566 -49.457 504.958
v -62.976 -49.340 506.754
v -60.455 -49.416 514.347
f 4325 4326 4327
f 4327 4328 4325
v -60.135 -49.416 514.225
v -63.296 -49.338 506.876
v -70.053 -49.317 509.782
v -66.892 -49.439 517.131
f 4329 4330 4331
f 4331 4332 4329
v -67.768 -49.443 517.394
v -69.177 -49.319 509.519
v -92.131 -49.312 513.627
v -90.722 -49.626 521.502
f 4333 4334 4335
f 4335 4336 4333
v -90.501 -49.623 521.456
v -92.352 -49.313 513.673
v -110.564 -49.663 518.005
v -108.713 -50.099 525.788
f 4337 4338 4339
f 4339 4340 4337
v -108.443 -50.087 525.714
v -110.834 -49.672 518.079
v -120.830 -50.081 521.210
v -118.440 -50.573 528.844
f 4341 4342 4343
f 4343 4344 4341
v -117.684 -50.528 528.519
v -121.586 -50.122 521.535
v -130.547 -50.753 526.541
v -126.646 -51.170 533.525
f 4345 4346 4347
f 4347 4348 4345
v 463.930 -102.900 1800.742
v 455.969 -102.720 1799.955
v 450.136 -97.407 1858.963
v 458.097 -97.511 1859.750
f 4349 4350 4351
f 4351 4352 4349
v 458.111 -97.529 1859.577
v 450.123 -97.390 1859.136
v 446.828 -91.768 1918.751
v 454.816 -91.872 1919.192
f 4353 4354 4355
f 4355 4356 4353
v 348.657 -93.887 1849.589
v 348.292 -93.828 1857.581
v 400.457 -95.847 1859.958
v 400.821 -96.417 1851.966
f 4357 4358 4359
f 4359 4360 4357
v 400.892 -96.420 1851.970
v 400.385 -95.845 1859.954
v 453.863 -97.054 1863.348
v 454.370 -97.865 1855.364
f 4361 4362 4363
f 4363 4364 4361
v 41.949 -85.681 1806.118
v 45.236 -85.183 1813.412
v 62.646 -85.563 1805.567
v 59.360 -85.854 1798.273
f 4365 4366 4367
f 4367 4368 4365
v 59.662 -85.855 1798.151
v 62.344 -85.559 1805.689
v 75.780 -85.314 1800.908
v 73.098 -85.604 1793.371
f 4369 4370 4371
f 4371 4372 4369
v 73.433 -85.593 1793.268
v 75.446 -85.322 1801.010
v 82.915 -85.107 1799.069
v 80.903 -85.341 1791.326
f 4373 4374 4375
f 4375 4376 4373
v 81.589 -85.315 1791.211
v 82.229 -85.129 1799.185
v 104.615 -84.350 1797.389
v 103.975 -84.414 1789.414
f 4377 4378 4379
f 4379 4380 4377
v 104.197 -84.404 1789.403
v 104.394 -84.358 1797.400
v 134.406 -83.180 1796.661
v 134.208 -83.052 1788.663
f 4381 4382 4383
f 4383 4384 4381
v 134.575 -83.035 1788.671
v 134.039 -83.194 1796.653
v 180.615 -82.223 1799.783
v 181.151 -81.857 1791.801
f 4385 4386 4387
f 4387 4388 4385
v 181.925 -81.847 1791.930
v 179.841 -82.230 1799.654
v 234.633 -84.452 1814.432
v 236.716 -83.917 1806.708
f 4389 4390 4391
f 4391 4392 4389
v -97.713 -74.333 1984.818
v -98.966 -74.448 1992.720
v -22.278 -71.812 2004.883
v -21.025 -71.568 1996.982
f 4393 4394 4395
f 4395 4396 4393
v -21.021 -71.567 1996.982
v -22.282 -71.812 2004.882
v 15.678 -73.472 2010.944
v 16.939 -73.308 2003.044
f 4397 4398 4399
f 4399 4400 4397
v -81.537 -74.234 1929.344
v -89.360 -74.595 1927.670
v -102.251 -74.631 1987.932
v -94.428 -74.134 1989.606
f 4401 4402 4403
f 4403 4404 4401
v -94.480 -74.140 1989.820
v -102.199 -74.625 1987.718
v -114.678 -75.872 2033.545
v -106.959 -75.447 2035.647
f 4405 4406 4407
f 4407 4408 4405
v -618.338 -81.933 2125.618
v -618.110 -81.626 2133.615
v -544.405 -81.936 2131.515
v -544.633 -81.507 2123.519
f 4409 4410 4411
f 4411 4412 4409
v -543.685 -81.503 2123.605
v -545.354 -81.932 2131.429
v -408.898 -79.941 2160.536
v -407.229 -79.430 2152.712
f 4413 4414 4415
f 4415 4416 4413
v -406.013 -79.366 2153.190
v -410.115 -80.010 2160.058
v -302.547 -69.829 2224.307
v -298.445 -69.549 2217.439
f 4417 4418 4419
f 4419 4420 4417
v -298.548 -69.556 2217.380
v -302.444 -69.822 2224.367
v -219.522 -69.364 2270.602
v -215.626 -69.019 2263.615
f 4421 4422 4423
f 4423 4424 4421
v -215.534 -69.027 2263.668
v -219.614 -69.356 2270.549
v -165.880 -73.845 2302.403
v -161.800 -73.702 2295.521
f 4425 4426 4427
f 4427 4428 4425
v -161.804 -73.702 2295.519
v -165.876 -73.846 2302.405
v -148.543 -75.071 2312.653
v -144.472 -75.016 2305.767
f 4429 4430 4431
f 4431 4432 4429
v -145.243 -74.969 2305.415
v -147.772 -75.113 2313.005
v -120.900 -76.336 2321.959
v -118.371 -76.458 2314.369
f 4433 4434 4435
f 4435 4436 4433
v -118.617 -76.447 2314.296
v -120.653 -76.345 2322.032
v -17.315 -77.393 2349.224
v -15.279 -78.277 2341.488
f 4437 4438 4439
f 4439 4440 4437
v -15.333 -78.277 2341.474
v -17.261 -77.394 2349.238
v 132.586 -86.523 2386.440
v 134.514 -86.548 2378.676
f 4441 4442 4443
f 4443 4444 4441
v 44.223 -84.952 2145.243
v 36.595 -84.787 2142.834
v 22.724 -87.375 2186.758
v 30.353 -87.314 2189.167
f 4445 4446 4447
f 4447 4448 4445
v 30.387 -87.309 2189.054
v 22.690 -87.380 2186.871
v 5.736 -86.822 2246.643
v 13.433 -86.939 2248.826
f 4449 4450 4451
f 4451 4452 4449
v 13.463 -86.945 2248.712
v 5.706 -86.817 2246.757
v -8.498 -82.393 2303.122
v -0.741 -82.450 2305.077
f 4453 4454 4455
f 4455 4456 4453
v -0.771 -82.438 2305.189
v -8.469 -82.405 2303.010
v -20.146 -77.825 2344.266
v -12.448 -77.866 2346.445
f 4457 4458 4459
f 4459 4460 4457
v -74.967 -80.207 2282.286
v -76.918 -79.714 2290.045
v -5.595 -82.010 2307.979
v -3.644 -82.830 2300.220
f 4461 4462 4463
f 4463 4464 4461
v -59.692 -83.635 2223.763
v -61.891 -83.381 2231.454
v 8.485 -86.692 2251.581
v 10.684 -87.068 2243.889
f 4465 4466 4467
f 4467 4468 4465
v -41.399 -83.592 2164.100
v -43.627 -83.893 2171.784
v 25.425 -87.515 2191.805
v 27.652 -87.180 2184.121
f 4469 4470 4471
f 4471 4472 4469
v 593.022 -94.187 841.180
v 593.288 -94.311 849.176
v 604.409 -93.406 848.806
v 604.143 -93.236 840.810
f 4473 4474 4475
f 4475 4476 4473
v 604.040 -93.244 840.815
v 604.511 -93.399 848.801
v 612.125 -92.818 848.352
v 611.654 -92.637 840.366
f 4477 4478 4479
f 4479 4480 4477
v 611.388 -92.658 840.390
v 612.391 -92.798 848.327
v 621.798 -92.056 847.139
v 620.795 -91.884 839.202
f 4481 4482 4483
f 4483 4484 4481
v 620.832 -91.881 839.197
v 621.761 -92.059 847.143
v 655.647 -89.780 843.181
v 654.717 -89.476 835.235
f 4485 4486 4487
f 4487 4488 4485
v 654.762 -89.474 835.230
v 655.602 -89.782 843.186
v 709.225 -88.404 837.519
v 708.384 -88.079 829.564
f 4489 4490 4491
f 4491 4492 4489
v 709.352 -88.084 829.579
v 708.257 -88.399 837.504
v 718.198 -88.502 838.878
v 719.293 -88.141 830.953
f 4493 4494 4495
f 4495 4496 4493
v 90.133 -74.467 748.515
v 93.677 -74.811 755.687
v 111.667 -74.314 746.798
v 108.123 -74.077 739.626
f 4497 4498 4499
f 4499 4500 4497
v 108.525 -74.072 739.454
v 111.264 -74.321 746.970
v 137.469 -74.189 737.421
v 134.730 -74.153 729.905
f 4501 4502 4503
f 4503 4504 4501
v 135.213 -74.161 729.762
v 136.986 -74.186 737.563
v 150.121 -74.372 734.578
v 148.349 -74.454 726.777
f 4505 4506 4507
f 4507 4508 4505
v 148.659 -74.464 726.719
v 149.810 -74.364 734.636
v 165.707 -74.802 732.325
v 164.556 -75.030 724.408
f 4509 4510 4511
f 4511 4512 4509
v 164.564 -75.031 724.407
v 165.698 -74.802 732.326
v 185.068 -75.437 729.552
v 183.934 -75.821 721.633
f 4513 4514 4515
f 4515 4516 4513
v 183.932 -75.821 721.633
v 185.070 -75.437 729.552
v 213.557 -76.983 725.458
v 212.418 -77.454 717.539
f 4517 4518 4519
f 4519 4520 4517
v 212.623 -77.466 717.515
v 213.352 -76.971 725.482
v 237.909 -78.464 723.236
v 237.180 -78.978 715.270
f 4521 4522 4523
f 4523 4524 4521
v 237.699 -79.011 715.256
v 237.391 -78.430 723.250
v 257.951 -79.715 724.042
v 258.259 -80.241 716.048
f 4525 4526 4527
f 4527 4528 4525
v 260.387 -80.329 716.760
v 255.824 -79.622 723.331
v 267.579 -79.896 731.494
v 272.142 -80.613 724.922
f 4529 4530 4531
f 4531 4532 4529
v 271.476 -80.582 724.548
v 268.246 -79.919 731.867
v 279.589 -80.600 736.873
v 282.819 -81.237 729.554
f 4533 4534 4535
f 4535 4536 4533
v 281.655 -81.155 729.239
v 280.753 -80.690 737.188
v 288.668 -81.370 738.086
v 289.570 -81.776 730.137
f 4537 4538 4539
f 4539 4540 4537
v 289.068 -81.735 730.112
v 289.170 -81.415 738.112
v 300.669 -82.473 737.966
v 300.568 -82.704 729.967
f 4541 4542 4543
f 4543 4544 4541
v 299.887 -82.644 730.034
v 301.350 -82.537 737.899
v 327.477 -85.058 733.039
v 326.013 -84.928 725.174
f 4545 4546 4547
f 4547 4548 4545
v 326.346 -84.955 725.126
v 327.144 -85.027 733.086
v 362.822 -88.146 729.507
v 362.024 -87.724 721.547
f 4549 4550 4551
f 4551 4552 4549
v 362.078 -87.728 721.542
v 362.768 -88.141 729.512
v 390.386 -90.231 727.121
v 389.696 -89.554 719.151
f 4553 4554 4555
f 4555 4556 4553
v 1177.696 -80.387 1639.662
v 1185.683 -80.169 1639.208
v 1183.802 -83.450 1606.137
v 1175.815 -83.787 1606.592
f 4557 4558 4559
f 4559 4560 4557
v 1175.816 -83.784 1606.617
v 1183.801 -83.453 1606.112
v 1180.082 -87.906 1547.301
v 1172.098 -88.218 1547.806
f 4561 4562 4563
f 4563 4564 4561
v 1172.094 -88.222 1547.722
v 1180.087 -87.902 1547.385
v 1177.404 -88.002 1483.595
v 1169.411 -88.307 1483.931
f 4565 4566 4567
f 4567 4568 4565
v 1169.411 -88.307 1483.938
v 1177.404 -88.001 1483.588
v 1173.541 -80.860 1395.456
v 1165.549 -81.211 1395.806
f 4569 4570 4571
f 4571 4572 4569
v 1202.080 -79.510 1391.369
v 1210.080 -79.259 1391.308
v 1209.289 -73.787 1288.766
v 1201.290 -73.653 1288.827
f 4573 4574 4575
f 4575 4576 4573
v 1201.304 -73.661 1289.138
v 1209.275 -73.780 1288.455
v 1200.748 -78.176 1188.924
v 1192.777 -78.273 1189.607
f 4577 4578 4579
f 4579 4580 4577
v 1192.784 -78.266 1189.679
v 1200.741 -78.182 1188.852
v 1198.069 -80.493 1163.150
v 1190.112 -80.718 1163.977
f 4581 4582 4583
f 4583 4584 4581
v 1190.875 -80.508 1165.943
v 1197.306 -80.695 1161.184
v 1163.086 -86.309 1114.944
v 1156.656 -86.151 1119.703
f 4585 4586 4587
f 4587 4588 4585
v 1156.367 -86.199 1119.252
v 1163.376 -86.261 1115.395
v 1132.384 -89.717 1059.065
v 1125.375 -89.559 1062.921
f 4589 4590 4591
f 4591 4592 4589
v 1125.884 -89.560 1063.643
v 1131.876 -89.717 1058.343
v 1107.374 -89.126 1030.646
v 1101.382 -89.149 1035.947
f 4593 4594 4595
f 4595 4596 4593
v 1101.726 -89.162 1036.291
v 1107.031 -89.113 1030.302
v 1070.384 -87.064 997.838
v 1065.080 -87.017 1003.826
f 4597 4598 4599
f 4599 4600 4597
v 1416.949 -74.064 1156.981
v 1409.163 -73.952 1155.142
v 1395.226 -79.810 1214.140
v 1403.012 -79.796 1215.979
f 4601 4602 4603
f 4603 4604 4601
v 1403.012 -79.796 1215.979
v 1395.226 -79.810 1214.140
v 1382.079 -82.922 1269.810
v 1389.865 -82.913 1271.648
f 4605 4606 4607
f 4607 4608 4605
v 1389.863 -82.913 1271.656
v 1382.081 -82.922 1269.801
v 1375.313 -82.744 1298.197
v 1383.095 -82.859 1300.052
f 4609 4610 4611
f 4611 4612 4609
v 1383.095 -82.859 1300.051
v 1375.313 -82.744 1298.199
v 1366.251 -80.948 1336.276
v 1374.034 -80.928 1338.128
f 4613 4614 4615
f 4615 4616 4613
v 1374.054 -80.934 1338.037
v 1366.231 -80.942 1336.366
v 1361.745 -79.441 1357.366
v 1369.568 -79.327 1359.037
f 4617 4618 4619
f 4619 4620 4617
v 1369.633 -79.363 1358.629
v 1361.679 -79.407 1357.774
v 1360.299 -78.350 1370.611
v 1368.253 -78.257 1371.467
f 4621 4622 4623
f 4623 4624 4621
v 1368.276 -78.290 1371.084
v 1360.276 -78.318 1370.994
v 1360.154 -77.402 1381.810
v 1368.153 -77.330 1381.901
f 4625 4626 4627
f 4627 4628 4625
v 1504.318 -75.126 1347.770
v 1496.521 -75.595 1349.562
v 1504.358 -74.853 1383.663
v 1512.155 -74.709 1381.871
f 4629 4630 4631
f 4631 4632 4629
v 1512.206 -74.709 1382.131
v 1504.308 -74.856 1383.403
v 1508.181 -74.701 1407.454
v 1516.080 -74.831 1406.181
f 4633 4634 4635
f 4635 4636 4633
v 1516.109 -74.833 1406.405
v 1508.152 -74.701 1407.230
v 1510.389 -74.729 1428.837
v 1518.347 -75.093 1428.013
f 4637 4638 4639
f 4639 4640 4637
v 1518.367 -75.097 1428.330
v 1510.369 -74.729 1428.519
v 1510.981 -74.770 1454.419
v 1518.979 -75.373 1454.229
f 4641 4642 4643
f 4643 4644 4641
v 1518.977 -75.373 1454.170
v 1510.983 -74.771 1454.478
v 1512.943 -74.999 1505.260
v 1520.937 -75.863 1504.951
f 4645 4646 4647
f 4647 4648 4645
v 1635.213 -83.285 1553.136
v 1643.168 -83.189 1553.990
v 1652.764 -82.430 1464.604
v 1644.809 -82.398 1463.750
f 4649 4650 4651
f 4651 4652 4649
v 1644.788 -82.420 1464.051
v 1652.784 -82.408 1464.302
v 1654.788 -77.083 1400.498
v 1646.792 -76.863 1400.247
f 4653 4654 4655
f 4655 4656 4653
v 1646.942 -76.988 1401.466
v 1654.638 -76.963 1399.279
v 1652.345 -76.124 1391.209
v 1644.649 -76.119 1393.396
f 4657 4658 4659
f 4659 4660 4657
v 1645.006 -76.216 1394.255
v 1651.988 -76.030 1390.351
v 1647.625 -75.125 1382.545
v 1640.642 -75.292 1386.449
f 4661 4662 4663
f 4663 4664 4661
v 1641.122 -75.378 1387.131
v 1647.144 -75.041 1381.864
v 1642.858 -74.418 1376.964
v 1636.837 -74.730 1382.231
f 4665 4666 4667
f 4667 4668 4665
v 1637.204 -74.781 1382.599
v 1642.491 -74.371 1376.595
v 1635.667 -73.560 1370.586
v 1630.380 -74.003 1376.590
f 4669 4670 4671
f 4671 4672 4669
v 1630.740 -74.034 1376.872
v 1635.308 -73.519 1370.304
v 1621.237 -72.405 1360.518
v 1616.669 -72.955 1367.085
f 4673 4674 4675
f 4675 4676 4673
v 1616.343 -72.928 1366.833
v 1621.562 -72.431 1360.770
v 1612.801 -71.669 1353.228
v 1607.582 -72.163 1359.291
f 4677 4678 4679
f 4679 4680 4677
v 1607.014 -72.104 1358.689
v 1613.370 -71.727 1353.831
v 1608.071 -71.108 1346.897
v 1601.715 -71.451 1351.755
f 4681 4682 4683
f 4683 4684 4681
v 1601.453 -71.415 1351.367
v 1608.333 -71.134 1347.285
v 1587.550 -69.363 1312.246
v 1580.669 -69.813 1316.328
f 4685 4686 4687
f 4687 4688 4685
v 1676.860 -82.974 1550.805
v 1684.810 -82.597 1551.698
v 1691.757 -82.552 1489.809
v 1683.807 -82.908 1488.917
f 4689 4690 4691
f 4691 4692 4689
v 1683.842 -82.899 1488.669
v 1691.721 -82.561 1490.057
v 1707.851 -78.418 1398.478
v 1699.972 -78.096 1397.090
f 4693 4694 4695
f 4695 4696 4693
v 1643.184 -83.215 1553.340
v 1635.197 -83.258 1553.785
v 1635.653 -82.891 1561.974
v 1643.641 -82.878 1561.529
f 4697 4698 4699
f 4699 4700 4697
v 1643.348 -82.935 1560.233
v 1635.946 -82.790 1563.269
v 1637.371 -82.516 1566.743
v 1644.773 -82.710 1563.706
f 4701 4702 4703
f 4703 4704 4701
v 1642.793 -82.876 1561.614
v 1639.351 -82.350 1568.835
v 1641.900 -82.251 1570.050
v 1645.342 -82.772 1562.829
f 4705 4706 4707
f 4707 4708 4705
v 1644.147 -82.805 1562.474
v 1643.096 -82.221 1570.405
v 1651.567 -82.118 1571.528
v 1652.618 -82.678 1563.597
f 4709 4710 4711
f 4711 4712 4709
v 1651.486 -82.683 1563.609
v 1652.699 -82.117 1571.516
v 1671.457 -82.258 1568.637
v 1670.243 -82.750 1560.729
f 4713 4714 4715
f 4715 4716 4713
v 1669.729 -82.749 1560.843
v 1671.970 -82.264 1568.523
v 1675.410 -82.300 1567.519
v 1673.169 -82.763 1559.840
f 4717 4718 4719
f 4719 4720 4717
v 1672.165 -82.753 1560.290
v 1676.414 -82.293 1567.069
v 1678.184 -82.298 1565.959
v 1673.935 -82.780 1559.181
f 4721 4722 4723
f 4723 4724 4721
v 1673.091 -82.761 1559.889
v 1679.028 -82.310 1565.251
v 1681.032 -82.365 1563.032
v 1675.095 -82.818 1557.670
f 4725 4726 4727
f 4727 4728 4725
v 1674.414 -82.793 1558.713
v 1681.713 -82.399 1561.989
v 1682.258 -82.429 1560.774
v 1674.960 -82.830 1557.498
f 4729 4730 4731
f 4731 4732 4729
v 1674.921 -82.828 1557.588
v 1682.297 -82.430 1560.684
v 1683.744 -82.477 1557.237
v 1676.368 -82.884 1554.141
f 4733 4734 4735
f 4735 4736 4733
v 1676.116 -82.866 1554.997
v 1683.996 -82.492 1556.381
v 1684.775 -82.591 1551.943
v 1676.896 -82.980 1550.560
f 4737 4738 4739
f 4739 4740 4737
v 1704.970 -78.096 1393.926
v 1702.854 -78.435 1401.641
v 1765.449 -79.849 1418.811
v 1767.565 -80.114 1411.096
f 4741 4742 4743
f 4743 4744 4741
v 1768.248 -80.122 1411.352
v 1764.765 -79.847 1418.554
v 1770.008 -79.834 1421.090
v 1773.491 -80.144 1413.888
f 4745 4746 4747
f 4747 4748 4745
v 1649.795 -82.689 1468.047
v 1647.778 -82.136 1460.306
v 1613.514 -82.143 1469.234
v 1615.531 -82.561 1476.975
f 4749 4750 4751
f 4751 4752 4749
v 1615.769 -82.566 1476.906
v 1613.276 -82.140 1469.304
v 1515.693 -75.296 1501.305
v 1518.186 -75.566 1508.907
f 4753 4754 4755
f 4755 4756 4753
v 1518.488 -75.598 1508.794
v 1515.391 -75.263 1501.417
v 1498.716 -73.538 1508.417
v 1501.812 -73.851 1515.794
f 4757 4758 4759
f 4759 4760 4757
v 1501.799 -73.850 1515.799
v 1498.729 -73.539 1508.412
v 1485.003 -72.153 1514.117
v 1488.074 -72.463 1521.505
f 4761 4762 4763
f 4763 4764 4761
v 1487.871 -72.443 1521.582
v 1485.205 -72.173 1514.040
v 1440.700 -68.704 1529.769
v 1443.366 -69.079 1537.312
f 4765 4766 4767
f 4767 4768 4765
v 1443.570 -69.089 1537.234
v 1440.496 -68.691 1529.848
v 1398.673 -68.334 1547.255
v 1401.747 -68.649 1554.641
f 4769 4770 4771
f 4771 4772 4769
v 1401.385 -68.653 1554.771
v 1399.034 -68.330 1547.124
v 1380.477 -68.789 1552.830
v 1382.829 -68.985 1560.477
f 4773 4774 4775
f 4775 4776 4773
v 1382.555 -69.002 1560.550
v 1380.751 -68.771 1552.756
v 1358.732 -70.109 1557.854
v 1360.536 -70.435 1565.648
f 4777 4778 4779
f 4779 4780 4777
v 1360.569 -70.433 1565.640
v 1358.699 -70.111 1557.862
v 1271.825 -78.321 1578.756
v 1273.696 -78.110 1586.534
f 4781 4782 4783
f 4783 4784 4781
v 1273.749 -78.105 1586.521
v 1271.771 -78.326 1578.769
v 1178.819 -84.072 1602.489
v 1180.798 -83.218 1610.240
f 4785 4786 4787
f 4787 4788 4785
v 1433.782 -70.243 1456.664
v 1425.882 -69.863 1457.928
v 1438.083 -68.646 1534.173
v 1445.982 -69.102 1532.909
f 4789 4790 4791
f 4791 4792 4789
v 1504.180 -74.091 1511.291
v 1496.348 -73.299 1512.920
v 1513.090 -74.896 1593.378
v 1520.922 -75.379 1591.748
f 4793 4794 4795
f 4795 4796 4793
v 1530.302 -74.486 1647.813
v 1522.702 -74.547 1650.313
v 1527.767 -74.133 1665.712
v 1535.367 -73.935 1663.213
f 4797 4798 4799
f 4799 4800 4797
v 1534.503 -74.006 1661.746
v 1528.631 -74.070 1667.179
v 1531.135 -73.907 1669.886
v 1537.008 -73.841 1664.453
f 4801 4802 4803
f 4803 4804 4801
v 1535.860 -73.907 1663.592
v 1532.283 -73.837 1670.748
v 1535.611 -73.646 1672.412
v 1539.189 -73.737 1665.256
f 4805 4806 4807
f 4807 4808 4805
v 1537.847 -73.798 1664.859
v 1536.953 -73.574 1672.809
v 1540.593 -73.397 1673.218
v 1541.487 -73.655 1665.268
f 4809 4810 4811
f 4811 4812 4809
v 1540.178 -73.699 1665.337
v 1541.903 -73.340 1673.149
v 1547.524 -73.143 1671.908
v 1545.799 -73.553 1664.096
f 4813 4814 4815
f 4815 4816 4813
v 1544.967 -73.569 1664.379
v 1548.357 -73.119 1671.625
v 1553.043 -73.072 1669.433
v 1549.654 -73.512 1662.186
f 4817 4818 4819
f 4819 4820 4817
v 1549.105 -73.515 1662.498
v 1553.592 -73.077 1669.121
v 1582.936 -74.050 1649.245
v 1578.449 -74.603 1642.621
f 4821 4822 4823
f 4823 4824 4821
v 1578.555 -74.609 1642.552
v 1582.829 -74.044 1649.314
v 1587.928 -74.324 1646.092
v 1583.654 -74.909 1639.329
f 4825 4826 4827
f 4827 4828 4825
v 1584.317 -74.944 1638.992
v 1587.264 -74.293 1646.429
v 1593.298 -74.539 1644.039
v 1590.351 -75.212 1636.601
f 4829 4830 4831
f 4831 4832 4829
v 1591.060 -75.238 1636.394
v 1592.588 -74.507 1644.246
v 1603.309 -74.889 1642.160
v 1601.780 -75.631 1634.307
f 4833 4834 4835
f 4835 4836 4833
v 1602.307 -75.647 1634.240
v 1602.782 -74.873 1642.226
v 1666.790 -76.735 1638.423
v 1666.316 -77.438 1630.437
f 4837 4838 4839
f 4839 4840 4837
v 1666.281 -77.437 1630.439
v 1666.824 -76.736 1638.420
v 1690.313 -77.638 1636.822
v 1689.770 -78.166 1628.841
f 4841 4842 4843
f 4843 4844 4841
v 1690.096 -78.175 1628.832
v 1689.987 -77.626 1636.831
v 1709.334 -78.289 1637.095
v 1709.443 -78.663 1629.096
f 4845 4846 4847
f 4847 4848 4845
v 1709.331 -78.660 1629.096
v 1709.447 -78.293 1637.095
v 1726.690 -78.965 1636.844
v 1726.574 -79.152 1628.845
f 4849 4850 4851
f 4851 4852 4849
v 1725.639 -79.121 1628.970
v 1727.626 -79.005 1636.719
v 1738.390 -79.459 1633.959
v 1736.403 -79.464 1626.210
f 4853 4854 4855
f 4855 4856 4853
v 1735.985 -79.452 1626.342
v 1738.808 -79.475 1633.827
v 1751.031 -79.868 1629.218
v 1748.208 -79.735 1621.733
f 4857 4858 4859
f 4859 4860 4857
v 1748.137 -79.734 1621.760
v 1751.103 -79.870 1629.190
v 1759.374 -80.049 1625.888
v 1756.408 -79.835 1618.459
f 4861 4862 4863
f 4863 4864 4861
v 1757.166 -79.842 1618.240
v 1758.615 -80.031 1626.107
v 1773.955 -80.371 1623.281
v 1772.506 -80.042 1615.413
f 4865 4866 4867
f 4867 4868 4865
v 1772.739 -80.045 1615.377
v 1773.722 -80.366 1623.317
v 1787.280 -80.626 1621.640
v 1786.298 -80.180 1613.700
f 4869 4870 4871
f 4871 4872 4869
v 1786.297 -80.180 1613.700
v 1787.281 -80.626 1621.640
v 1819.141 -81.235 1617.691
v 1818.157 -80.557 1609.751
f 4873 4874 4875
f 4875 4876 4873
v 1520.951 -75.379 1591.900
v 1513.062 -74.895 1593.226
v 1522.557 -74.559 1649.726
v 1530.447 -74.468 1648.400
f 4877 4878 4879
f 4879 4880 4877
v 840.599 -95.278 1648.404
v 832.600 -95.348 1648.481
v 833.134 -96.699 1703.686
v 841.134 -97.120 1703.609
f 4881 4882 4883
f 4883 4884 4881
v 841.133 -97.123 1703.724
v 833.134 -96.697 1703.571
v 831.698 -96.865 1778.771
v 839.697 -97.372 1778.924
f 4885 4886 4887
f 4887 4888 4885
v 717.201 -90.769 1776.105
v 724.854 -90.665 1773.772
v 713.900 -90.426 1737.849
v 706.248 -90.372 1740.182
f 4889 4890 4891
f 4891 4892 4889
v 706.272 -90.370 1740.261
v 713.875 -90.428 1737.770
v 701.285 -92.018 1699.338
v 693.682 -91.886 1701.829
f 4893 4894 4895
f 4895 4896 4893
v 693.571 -91.913 1701.417
v 701.396 -91.991 1699.750
v 696.097 -93.846 1674.881
v 688.272 -93.748 1676.548
f 4897 4898 4899
f 4899 4900 4897
v 688.321 -93.729 1676.749
v 696.049 -93.865 1674.681
v 692.175 -95.227 1660.206
v 684.447 -95.108 1662.274
f 4901 4902 4903
f 4903 4904 4901
v 455.325 -101.280 1679.297
v 455.134 -101.899 1687.294
v 569.660 -99.071 1690.028
v 569.851 -98.992 1682.031
f 4905 4906 4907
f 4907 4908 4905
v 521.513 -102.027 1805.112
v 513.536 -102.332 1804.513
v 508.960 -97.893 1865.409
v 516.938 -97.979 1866.009
f 4909 4910 4911
f 4911 4912 4909
v 516.934 -97.975 1866.060
v 508.965 -97.897 1865.357
v 503.977 -93.399 1921.882
v 511.946 -93.755 1922.585
f 4913 4914 4915
f 4915 4916 4913
v 86.886 -84.034 2591.279
v 87.529 -83.783 2583.305
v 70.653 -83.419 2581.944
v 70.010 -83.843 2589.918
f 4917 4918 4919
f 4919 4920 4917
v 71.471 -83.848 2589.766
v 69.192 -83.399 2582.097
v 59.641 -83.385 2584.937
v 61.920 -83.929 2592.605
f 4921 4922 4923
f 4923 4924 4921
v 62.902 -83.916 2592.162
v 58.659 -83.393 2585.379
v 40.670 -83.927 2596.631
v 44.912 -84.421 2603.413
f 4925 4926 4927
f 4927 4928 4925
v 45.095 -84.414 2603.292
v 40.487 -83.933 2596.752
v -2.961 -85.453 2627.364
v 1.647 -85.923 2633.903
f 4929 4930 4931
f 4931 4932 4929
v 40.780 -85.104 2613.898
v 37.945 -85.628 2621.379
v 45.649 -85.778 2624.298
v 48.483 -85.288 2616.817
f 4933 4934 4935
f 4935 4936 4933
v 49.515 -85.322 2617.395
v 44.617 -85.747 2623.720
v 47.310 -85.862 2625.806
v 52.209 -85.442 2619.482
f 4937 4938 4939
f 4939 4940 4937
v 52.946 -85.483 2620.226
v 46.573 -85.820 2625.062
v 54.511 -86.182 2635.521
v 60.883 -85.937 2630.685
f 4941 4942 4943
f 4943 4944 4941
v -6.042 -86.243 2644.044
v -1.505 -86.711 2650.634
v 41.631 -85.579 2620.934
v 37.094 -85.135 2614.344
f 4945 4946 4947
f 4947 4948 4945
v 36.999 -85.140 2614.412
v 41.726 -85.574 2620.866
v 54.260 -84.976 2611.688
v 49.534 -84.568 2605.233
f 4949 4950 4951
f 4951 4952 4949
v 50.099 -84.550 2604.888
v 53.695 -84.996 2612.034
v 67.866 -84.603 2604.903
v 64.270 -84.267 2597.756
f 4953 4954 4955
f 4955 4956 4953
v 66.100 -84.243 2597.330
v 66.036 -84.641 2605.329
v 82.556 -84.491 2605.461
v 82.620 -84.235 2597.462
f 4957 4958 4959
f 4959 4960 4957
v -409.016 -78.212 1833.082
v -408.604 -77.687 1841.071
v -311.377 -72.984 1836.053
v -311.789 -72.611 1828.063
f 4961 4962 4963
f 4963 4964 4961
v -697.259 -78.659 1760.306
v -696.639 -78.761 1768.282
v -507.407 -85.365 1753.582
v -508.027 -85.455 1745.606
f 4965 4966 4967
f 4967 4968 4965
v -507.973 -85.455 1745.603
v -507.461 -85.365 1753.586
v -497.776 -85.373 1752.965
v -498.288 -85.468 1744.982
f 4969 4970 4971
f 4971 4972 4969
v -498.317 -85.468 1744.984
v -497.747 -85.373 1752.963
v -319.024 -71.091 1740.206
v -319.594 -71.241 1732.226
f 4973 4974 4975
f 4975 4976 4973
v -319.601 -71.242 1732.226
v -319.017 -71.090 1740.205
v -314.508 -70.609 1739.875
v -315.093 -70.775 1731.896
f 4977 4978 4979
f 4979 4980 4977
v -315.090 -70.774 1731.896
v -314.511 -70.610 1739.875
v -159.276 -71.812 1728.623
v -159.855 -71.852 1720.644
f 4981 4982 4983
f 4983 4984 4981
v -159.860 -71.852 1720.644
v -159.271 -71.813 1728.622
v -154.618 -72.285 1728.279
v -155.207 -72.312 1720.301
f 4985 4986 4987
f 4987 4988 4985
v -508.886 -83.187 1688.714
v -516.857 -83.232 1689.393
v -511.703 -85.404 1749.934
v -503.731 -85.415 1749.255
f 4989 4990 4991
f 4991 4992 4989
v -503.740 -85.416 1749.167
v -511.694 -85.404 1750.022
v -508.332 -84.811 1781.296
v -500.378 -84.831 1780.441
f 4993 4994 4995
f 4995 4996 4993
v -500.359 -84.819 1780.698
v -508.352 -84.823 1781.039
v -507.372 -83.741 1804.019
v -499.379 -83.696 1803.678
f 4997 4998 4999
f 4999 5000 4997
v -499.379 -83.696 1803.680
v -507.372 -83.741 1804.017
v -507.183 -83.430 1808.507
v -499.190 -83.383 1808.170
f 5001 5002 5003
f 5003 5004 5001
v -636.526 -79.899 1692.982
v -636.168 -79.600 1700.974
v -575.688 -81.894 1698.267
v -576.046 -81.782 1690.275
f 5005 5006 5007
f 5007 5008 5005
v -576.197 -81.777 1690.284
v -575.537 -81.900 1698.257
v -512.541 -83.475 1693.040
v -513.201 -83.014 1685.067
f 5009 5010 5011
f 5011 5012 5009
v -513.137 -83.013 1685.063
v -512.605 -83.476 1693.045
v -328.349 -73.013 1680.749
v -328.881 -73.282 1672.767
f 5013 5014 5015
f 5015 5016 5013
v -329.058 -73.293 1672.783
v -328.172 -73.001 1680.733
v -324.499 -72.761 1680.324
v -325.385 -73.086 1672.373
f 5017 5018 5019
f 5019 5020 5017
v -325.204 -73.076 1672.357
v -324.679 -72.772 1680.340
v -318.857 -72.387 1679.957
v -319.382 -72.745 1671.974
f 5021 5022 5023
f 5023 5024 5021
v -319.386 -72.745 1671.975
v -318.853 -72.386 1679.957
v -141.922 -74.551 1668.137
v -142.455 -74.712 1660.154
f 5025 5026 5027
f 5027 5028 5025
v -142.461 -74.712 1660.155
v -141.916 -74.552 1668.136
v -138.053 -74.828 1667.872
v -138.598 -74.949 1659.891
f 5029 5030 5031
f 5031 5032 5029
v -144.333 -73.453 1779.044
v -141.491 -73.874 1786.522
v -92.265 -79.626 1767.808
v -95.108 -79.333 1760.330
f 5033 5034 5035
f 5035 5036 5033
v -95.405 -79.299 1760.457
v -91.968 -79.661 1767.681
v 74.377 -84.958 1688.519
v 70.939 -84.762 1681.295
f 5037 5038 5039
f 5039 5040 5037
v 70.899 -84.764 1681.315
v 74.418 -84.956 1688.499
v 221.170 -90.221 1616.613
v 217.651 -90.735 1609.429
f 5041 5042 5043
f 5043 5044 5041
v 217.727 -90.742 1609.393
v 221.095 -90.214 1616.649
v 279.203 -94.257 1589.680
v 275.836 -94.706 1582.424
f 5045 5046 5047
f 5047 5048 5045
v 275.594 -94.701 1582.546
v 279.445 -94.263 1589.558
v 301.497 -94.672 1577.447
v 297.646 -95.026 1570.435
f 5049 5050 5051
f 5051 5052 5049
v 297.965 -95.027 1570.278
v 301.178 -94.670 1577.605
v 356.504 -92.793 1553.343
v 353.291 -92.915 1546.017
f 5053 5054 5055
f 5055 5056 5053
v 353.019 -92.931 1546.149
v 356.777 -92.778 1553.211
v 409.019 -89.712 1525.410
v 405.261 -89.826 1518.348
f 5057 5058 5059
f 5059 5060 5057
v 405.384 -89.822 1518.285
v 408.896 -89.716 1525.473
v 464.021 -89.328 1498.543
v 460.510 -89.559 1491.355
f 5061 5062 5063
f 5063 5064 5061
v 460.543 -89.560 1491.339
v 463.987 -89.327 1498.560
v 515.383 -92.788 1474.047
v 511.940 -92.899 1466.826
f 5065 5066 5067
f 5067 5068 5065
v 511.828 -92.889 1466.882
v 515.495 -92.796 1473.992
v 568.283 -97.639 1446.758
v 564.615 -97.482 1439.649
f 5069 5070 5071
f 5071 5072 5069
v 564.763 -97.492 1439.576
v 568.135 -97.629 1446.831
v 626.545 -99.580 1419.677
v 623.172 -99.093 1412.422
f 5073 5074 5075
f 5075 5076 5073
v 622.974 -99.096 1412.521
v 626.743 -99.578 1419.578
v 636.929 -99.409 1414.136
v 633.160 -98.860 1407.080
f 5077 5078 5079
f 5079 5080 5077
v 655.112 -99.293 598.561
v 663.111 -99.667 598.448
v 662.733 -99.243 571.517
v 654.733 -98.862 571.629
f 5081 5082 5083
f 5083 5084 5081
v 654.768 -98.878 572.098
v 662.699 -99.226 571.048
v 658.980 -97.669 542.954
v 651.050 -97.391 544.004
f 5085 5086 5087
f 5087 5088 5085
v 651.054 -97.394 544.038
v 658.976 -97.666 542.920
v 651.384 -92.716 489.123
v 643.462 -92.656 490.241
f 5089 5090 5091
f 5091 5092 5089
v 643.479 -92.667 490.346
v 651.367 -92.704 489.017
v 641.827 -86.714 432.406
v 633.939 -86.978 433.735
f 5093 5094 5095
f 5095 5096 5093
v 633.929 -86.973 433.677
v 641.837 -86.719 432.464
v 619.974 -81.865 289.998
v 612.066 -82.113 291.211
f 5097 5098 5099
f 5099 5100 5097
v 676.548 -80.920 289.146
v 675.828 -81.252 281.179
v 615.659 -81.990 286.621
v 616.380 -81.981 294.588
f 5101 5102 5103
f 5103 5104 5101
v 616.639 -81.972 294.556
v 615.401 -81.997 286.653
v 557.971 -84.204 295.648
v 559.209 -84.620 303.551
f 5105 5106 5107
f 5107 5108 5105
v 559.119 -84.623 303.564
v 558.061 -84.202 295.634
v 528.951 -85.132 299.518
v 530.009 -85.753 307.448
f 5109 5110 5111
f 5111 5112 5109
v 530.030 -85.752 307.445
v 528.930 -85.133 299.521
v 497.727 -85.515 303.853
v 498.827 -86.338 311.777
f 5113 5114 5115
f 5115 5116 5113
v 498.894 -86.338 311.767
v 497.661 -85.515 303.863
v 436.457 -83.629 313.413
v 437.690 -84.312 321.317
f 5117 5118 5119
f 5119 5120 5117
v 437.674 -84.311 321.320
v 436.474 -83.630 313.410
v 411.839 -80.947 317.148
v 413.039 -81.670 325.058
f 5121 5122 5123
f 5123 5124 5121
v 413.146 -81.682 325.040
v 411.732 -80.935 317.166
v 376.789 -76.388 323.440
v 378.202 -77.137 331.314
f 5125 5126 5127
f 5127 5128 5125
v 378.218 -77.139 331.311
v 376.773 -76.386 323.443
v 339.458 -70.529 330.298
v 340.904 -71.219 338.166
f 5129 5130 5131
f 5131 5132 5129
v 340.853 -71.210 338.175
v 339.509 -70.537 330.289
v 305.323 -64.896 336.114
v 306.667 -65.471 344.000
f 5133 5134 5135
f 5135 5136 5133
v 306.916 -65.508 343.950
v 305.074 -64.859 336.164
v 263.418 -59.027 346.018
v 265.260 -59.800 353.803
f 5137 5138 5139
f 5139 5140 5137
v 265.416 -59.815 353.763
v 263.262 -59.012 346.058
v 216.831 -55.429 359.042
v 218.985 -56.158 366.747
f 5141 5142 5143
f 5143 5144 5141
v 218.972 -56.158 366.750
v 216.844 -55.429 359.038
v 172.472 -54.586 371.283
v 174.600 -55.349 378.994
f 5145 5146 5147
f 5147 5148 5145
v 174.630 -55.348 378.986
v 172.442 -54.586 371.291
v 83.665 -56.649 396.532
v 85.853 -57.103 404.227
f 5149 5150 5151
f 5151 5152 5149
v 85.505 -57.106 404.310
v 84.012 -56.645 396.450
v 68.372 -56.757 399.422
v 69.865 -57.096 407.281
f 5153 5154 5155
f 5155 5156 5153
v 69.862 -57.096 407.282
v 68.375 -56.757 399.422
v 57.276 -56.643 401.522
v 58.763 -56.917 409.382
f 5157 5158 5159
f 5159 5160 5157
v -610.603 -82.056 1636.552
v -608.323 -81.780 1644.220
v -439.029 -72.793 1593.901
v -441.308 -72.223 1586.233
f 5161 5162 5163
f 5163 5164 5161
v -440.392 -72.201 1586.073
v -439.944 -72.820 1594.061
v -392.378 -73.248 1591.393
v -392.826 -72.911 1583.406
f 5165 5166 5167
f 5167 5168 5165
v -389.504 -73.075 1584.869
v -395.699 -73.121 1589.930
v -374.671 -74.605 1615.671
v -368.476 -74.548 1610.609
f 5169 5170 5171
f 5171 5172 5169
v -617.164 -77.490 1285.849
v -609.220 -77.936 1284.903
v -616.690 -77.685 1222.194
v -624.634 -77.450 1223.140
f 5173 5174 5175
f 5175 5176 5173
v -641.074 -81.694 1024.524
v -640.547 -82.001 1032.507
v -493.605 -64.908 1022.799
v -494.133 -64.959 1014.816
f 5177 5178 5179
f 5179 5180 5177
v -494.057 -64.955 1014.812
v -493.681 -64.912 1022.803
v -451.657 -63.764 1020.822
v -452.034 -63.815 1012.831
f 5181 5182 5183
f 5183 5184 5181
v -452.081 -63.815 1012.833
v -451.611 -63.764 1020.820
v -329.772 -70.867 1013.648
v -330.242 -70.465 1005.662
f 5185 5186 5187
f 5187 5188 5185
v -330.440 -70.451 1005.678
v -329.573 -70.883 1013.631
v -94.867 -69.446 988.048
v -95.734 -69.514 980.095
f 5189 5190 5191
f 5191 5192 5189
v -95.784 -69.515 980.101
v -94.818 -69.445 988.042
v 73.130 -75.950 967.610
v 72.164 -76.098 959.668
f 5193 5194 5195
f 5195 5196 5193
v 72.170 -76.099 959.667
v 73.124 -75.949 967.610
v 196.143 -85.349 952.831
v 195.189 -84.421 944.888
f 5197 5198 5199
f 5199 5200 5197
v 195.154 -84.419 944.892
v 196.178 -85.351 952.826
v 208.869 -85.887 951.189
v 207.845 -84.919 943.255
f 5201 5202 5203
f 5203 5204 5201
v 207.144 -84.899 943.410
v 209.570 -85.908 951.033
v 216.583 -86.040 948.801
v 214.157 -85.014 941.178
f 5205 5206 5207
f 5207 5208 5205
v 213.488 -85.012 941.460
v 217.252 -86.044 948.519
v 229.141 -85.928 942.179
v 225.377 -84.875 935.120
f 5209 5210 5211
f 5211 5212 5209
v 224.877 -84.888 935.436
v 229.641 -85.912 941.863
v 245.070 -85.283 930.425
v 240.305 -84.292 923.998
f 5213 5214 5215
f 5215 5216 5213
v -239.213 -65.387 1252.377
v -237.346 -65.154 1260.156
v -69.020 -78.656 1219.755
v -70.887 -77.999 1211.976
f 5217 5218 5219
f 5219 5220 5217
v -70.857 -78.001 1211.968
v -69.050 -78.654 1219.762
v 7.861 -81.351 1201.932
v 6.054 -80.537 1194.138
f 5221 5222 5223
f 5223 5224 5221
v 6.026 -80.537 1194.145
v 7.889 -81.352 1201.925
v 102.688 -81.836 1179.235
v 100.826 -81.605 1171.454
f 5225 5226 5227
f 5227 5228 5225
v 100.400 -81.592 1171.582
v 103.114 -81.845 1179.107
v 108.936 -81.980 1177.007
v 106.222 -81.776 1169.482
f 5229 5230 5231
f 5231 5232 5229
v 106.095 -81.771 1169.530
v 109.063 -81.983 1176.959
v 118.024 -82.260 1173.380
v 115.057 -82.125 1165.951
f 5233 5234 5235
f 5235 5236 5233
v 113.541 -82.062 1167.019
v 119.540 -82.316 1172.312
v 124.015 -82.526 1167.240
v 118.016 -82.259 1161.947
f 5237 5238 5239
f 5239 5240 5237
v 117.858 -82.251 1162.137
v 124.173 -82.535 1167.050
v 131.375 -83.021 1157.791
v 125.061 -82.704 1152.879
f 5241 5242 5243
f 5243 5244 5241
v 124.850 -82.688 1153.177
v 131.586 -83.038 1157.493
v 199.691 -92.011 1051.185
v 192.955 -91.509 1046.869
f 5245 5246 5247
f 5247 5248 5245
v 192.939 -91.508 1046.894
v 199.707 -92.012 1051.159
v 221.147 -92.559 1017.136
v 214.379 -91.868 1012.871
f 5249 5250 5251
f 5251 5252 5249
v 214.320 -91.872 1012.968
v 221.206 -92.560 1017.040
v 244.394 -90.421 977.826
v 237.508 -89.781 973.754
f 5253 5254 5255
f 5255 5256 5253
v 237.507 -89.781 973.755
v 244.395 -90.421 977.825
v 251.052 -89.487 966.559
v 244.164 -88.827 962.489
f 5257 5258 5259
f 5259 5260 5257
v 244.475 -88.791 962.037
v 250.741 -89.522 967.011
v 264.633 -88.292 949.511
v 258.368 -87.488 944.536
f 5261 5262 5263
f 5263 5264 5261
v -611.210 -79.435 1352.758
v -603.241 -79.546 1352.049
v -609.208 -77.938 1285.021
v -617.177 -77.489 1285.731
f 5265 5266 5267
f 5267 5268 5265
v -603.583 -81.335 1416.328
v -595.640 -80.824 1415.375
v -603.254 -79.542 1351.927
v -611.197 -79.440 1352.880
f 5269 5270 5271
f 5271 5272 5269
v -599.988 -81.010 1411.869
v -599.235 -81.138 1419.834
v -529.660 -77.194 1413.256
v -530.413 -77.738 1405.292
f 5273 5274 5275
f 5275 5276 5273
v -530.277 -77.733 1405.281
v -529.797 -77.200 1413.267
v -475.306 -75.314 1409.991
v -475.786 -76.117 1402.006
f 5277 5278 5279
f 5279 5280 5277
v -475.839 -76.119 1402.009
v -475.252 -75.312 1409.988
v -411.032 -74.432 1405.260
v -411.619 -74.959 1397.281
f 5281 5282 5283
f 5283 5284 5281
v -411.597 -74.958 1397.280
v -411.054 -74.433 1405.261
v -300.603 -73.329 1397.746
v -301.146 -72.735 1389.765
f 5285 5286 5287
f 5287 5288 5285
v -301.124 -72.735 1389.763
v -300.625 -73.330 1397.748
v -192.088 -73.166 1390.959
v -192.588 -72.436 1382.975
f 5289 5290 5291
f 5291 5292 5289
v 1126.605 -81.650 201.719
v 1122.717 -82.181 194.728
v 1043.780 -81.527 238.620
v 1047.668 -81.443 245.612
f 5293 5294 5295
f 5295 5296 5293
v 1047.616 -81.446 245.640
v 1043.832 -81.525 238.591
v 1023.238 -82.702 249.647
v 1027.022 -82.759 256.696
f 5297 5298 5299
f 5299 5300 5297
v 1026.943 -82.765 256.737
v 1023.318 -82.696 249.606
v 1006.297 -84.021 258.257
v 1009.922 -84.224 265.389
f 5301 5302 5303
f 5303 5304 5301
v 1008.728 -84.316 265.775
v 1007.491 -83.936 257.871
v 992.641 -84.875 260.196
v 993.878 -85.372 268.100
f 5305 5306 5307
f 5307 5308 5305
v 993.880 -85.372 268.099
v 992.639 -84.875 260.196
v 982.709 -85.543 261.755
v 983.950 -86.118 269.658
f 5309 5310 5311
f 5311 5312 5309
v 983.775 -86.131 269.681
v 982.884 -85.531 261.731
v 919.076 -88.446 268.877
v 919.966 -89.307 276.827
f 5313 5314 5315
f 5315 5316 5313
v 920.016 -89.306 276.821
v 919.026 -88.447 268.883
v 823.080 -87.271 280.850
v 824.070 -87.589 288.788
f 5317 5318 5319
f 5319 5320 5317
v 824.051 -87.588 288.791
v 823.099 -87.272 280.847
v 800.713 -86.076 283.529
v 801.664 -86.240 291.472
f 5321 5322 5323
f 5323 5324 5321
v 801.581 -86.234 291.481
v 800.796 -86.081 283.520
v 793.026 -85.611 284.286
v 793.811 -85.715 292.247
f 5325 5326 5327
f 5327 5328 5325
v 793.813 -85.715 292.247
v 793.024 -85.611 284.286
v 730.151 -82.010 290.520
v 730.940 -81.782 298.481
f 5329 5330 5331
f 5331 5332 5329
v 730.668 -81.766 298.499
v 730.423 -82.024 290.503
v 720.949 -81.639 290.793
v 721.195 -81.348 298.790
f 5333 5334 5335
f 5335 5336 5333
v 720.806 -81.339 298.783
v 721.338 -81.647 290.800
v 714.414 -81.509 290.338
v 713.881 -81.198 298.320
f 5337 5338 5339
f 5339 5340 5337
v 713.232 -81.187 298.223
v 715.064 -81.520 290.435
v 703.887 -81.369 287.807
v 702.056 -81.032 295.594
f 5341 5342 5343
f 5343 5344 5341
v 702.023 -81.032 295.587
v 703.920 -81.370 287.815
v 677.137 -81.241 281.277
v 675.239 -80.934 289.048
f 5345 5346 5347
f 5347 5348 5345
v 1692.362 -79.827 195.132
v 1686.029 -79.559 200.020
v 1712.411 -78.080 234.204
v 1718.745 -78.464 229.316
f 5349 5350 5351
f 5351 5352 5349
v 1718.708 -78.465 229.269
v 1712.448 -78.079 234.251
v 1731.116 -78.376 257.709
v 1737.376 -78.845 252.728
f 5353 5354 5355
f 5355 5356 5353
v 1737.375 -78.845 252.727
v 1731.117 -78.376 257.710
v 1776.302 -83.414 314.454
v 1782.560 -84.034 309.471
f 5357 5358 5359
f 5359 5360 5357
v 1782.531 -84.029 309.435
v 1776.331 -83.418 314.491
v 1823.942 -88.943 372.872
v 1830.142 -89.582 367.816
f 5361 5362 5363
f 5363 5364 5361
v 1736.832 -78.769 258.271
v 1731.661 -78.493 252.166
v 1677.315 -72.420 298.198
v 1682.485 -72.618 304.303
f 5365 5366 5367
f 5367 5368 5365
v 1781.983 -84.123 315.043
v 1776.879 -83.338 308.882
v 1720.229 -76.084 355.812
v 1725.332 -76.819 361.973
f 5369 5370 5371
f 5371 5372 5369
v 1829.551 -89.465 373.459
v 1824.533 -89.058 367.229
v 1765.055 -81.541 415.136
v 1770.073 -81.859 421.366
f 5373 5374 5375
f 5375 5376 5373
v 1691.850 -79.501 200.569
v 1686.541 -79.918 194.584
v 1642.191 -75.965 233.919
v 1647.500 -75.526 239.904
f 5377 5378 5379
f 5379 5380 5377
v 352.326 -83.885 632.921
v 344.690 -84.159 635.306
v 351.135 -84.712 655.950
v 358.772 -84.564 653.566
f 5381 5382 5383
f 5383 5384 5381
v 358.530 -84.541 652.967
v 351.377 -84.732 656.548
v 359.748 -85.432 673.270
v 366.901 -85.339 669.689
f 5385 5386 5387
f 5387 5388 5385
v 366.877 -85.336 669.642
v 359.772 -85.434 673.317
v 386.488 -89.761 724.974
v 393.594 -90.005 721.298
f 5389 5390 5391
f 5391 5392 5389
v 393.611 -90.009 721.332
v 386.471 -89.758 724.941
v 406.921 -94.429 765.397
v 414.060 -94.755 761.788
f 5393 5394 5395
f 5395 5396 5393
v 414.061 -94.756 761.788
v 406.921 -94.429 765.397
v 434.840 -99.317 820.632
v 441.979 -99.578 817.024
f 5397 5398 5399
f 5399 5400 5397
v 441.808 -99.566 816.718
v 435.011 -99.338 820.938
v 451.164 -99.719 846.957
v 457.960 -100.082 842.738
f 5401 5402 5403
f 5403 5404 5401
v 457.960 -100.082 842.737
v 451.164 -99.719 846.958
v 464.868 -99.344 869.016
v 471.663 -99.851 864.794
f 5405 5406 5407
f 5407 5408 5405
v 471.658 -99.851 864.786
v 464.873 -99.343 869.023
v 542.062 -93.837 992.635
v 548.847 -94.456 988.398
f 5409 5410 5411
f 5411 5412 5409
v 623.410 -101.686 1045.502
v 630.515 -102.273 1041.827
v 604.333 -98.855 991.215
v 597.227 -98.425 994.890
f 5413 5414 5415
f 5415 5416 5413
v 597.065 -98.402 994.534
v 604.496 -98.876 991.571
v 561.972 -96.782 884.944
v 554.541 -97.059 887.908
f 5417 5418 5419
f 5419 5420 5417
v 651.528 -93.563 1801.331
v 644.164 -93.734 1798.204
v 631.351 -96.152 1828.382
v 638.715 -96.027 1831.508
f 5421 5422 5423
f 5423 5424 5421
v 638.715 -96.027 1831.508
v 631.351 -96.152 1828.381
v 618.672 -98.224 1858.242
v 626.036 -98.338 1861.369
f 5425 5426 5427
f 5427 5428 5425
v 626.254 -98.295 1860.694
v 618.454 -98.262 1858.917
v 616.829 -98.639 1866.048
v 624.629 -98.733 1867.826
f 5429 5430 5431
f 5431 5432 5429
v 624.715 -98.660 1866.611
v 616.742 -98.700 1867.263
v 617.043 -98.887 1870.935
v 625.016 -98.880 1870.282
f 5433 5434 5435
f 5435 5436 5433
v 930.700 -92.843 1646.017
v 931.029 -93.671 1654.011
v 1019.918 -88.308 1650.352
v 1019.589 -88.053 1642.359
f 5437 5438 5439
f 5439 5440 5437
v 1121.417 -88.934 1557.750
v 1113.856 -88.961 1555.134
v 1099.274 -86.708 1597.278
v 1106.834 -86.405 1599.894
f 5441 5442 5443
f 5443 5444 5441
v 1107.053 -86.503 1598.502
v 1099.055 -86.618 1598.670
v 1099.355 -85.649 1612.999
v 1107.353 -85.449 1612.831
f 5445 5446 5447
f 5447 5448 5445
v 1107.134 -85.544 1611.605
v 1099.575 -85.561 1614.225
v 1108.881 -83.226 1641.075
v 1116.440 -83.083 1638.455
f 5449 5450 5451
f 5451 5452 5449
v 1116.418 -83.089 1638.394
v 1108.903 -83.220 1641.137
v 1112.287 -82.301 1650.408
v 1119.802 -82.123 1647.665
f 5453 5454 5455
f 5455 5456 5453
v 1119.817 -82.118 1647.707
v 1112.272 -82.306 1650.366
v 1114.064 -81.809 1655.451
v 1121.609 -81.571 1652.792
f 5457 5458 5459
f 5459 5460 5457
v 1121.774 -81.513 1653.415
v 1113.900 -81.865 1654.828
v 1116.738 -80.502 1670.650
v 1124.613 -80.066 1669.237
f 5461 5462 5463
f 5463 5464 5461
v 1124.608 -80.068 1669.212
v 1116.743 -80.500 1670.675
v 1122.164 -78.192 1699.810
v 1130.029 -77.595 1698.346
f 5465 5466 5467
f 5467 5468 5465
v 1129.998 -77.607 1698.192
v 1122.196 -78.180 1699.963
v 1124.834 -77.280 1711.585
v 1132.636 -76.664 1709.814
f 5469 5470 5471
f 5471 5472 5469
v 1131.687 -76.862 1708.001
v 1125.783 -77.087 1713.399
v 1128.922 -76.698 1716.833
v 1134.827 -76.361 1711.435
f 5473 5474 5475
f 5475 5476 5473
v 1132.599 -76.644 1710.200
v 1131.150 -76.455 1718.068
v 1137.317 -75.839 1719.203
v 1138.766 -76.046 1711.336
f 5477 5478 5479
f 5479 5480 5477
v 1173.273 -87.993 1479.765
v 1173.542 -88.316 1487.761
v 1310.710 -73.874 1483.138
v 1310.441 -74.043 1475.143
f 5481 5482 5483
f 5483 5484 5481
v 1313.127 -73.769 1476.060
v 1308.024 -74.157 1482.221
v 1314.881 -73.365 1487.900
v 1319.984 -72.983 1481.739
f 5485 5486 5487
f 5487 5488 5485
v 1320.808 -72.881 1482.672
v 1314.058 -73.467 1486.967
v 1323.520 -72.186 1501.838
v 1330.270 -71.541 1497.543
f 5489 5490 5491
f 5491 5492 5489
v 1482.663 -71.916 1518.803
v 1490.413 -72.699 1516.819
v 1485.226 -72.230 1496.546
v 1477.476 -71.428 1498.530
f 5493 5494 5495
f 5495 5496 5493
v 1477.507 -71.429 1498.645
v 1485.194 -72.228 1496.431
v 1480.497 -72.030 1480.120
v 1472.809 -71.294 1482.334
f 5497 5498 5499
f 5499 5500 5497
v 1472.737 -71.293 1482.040
v 1480.570 -72.032 1480.414
v 1473.991 -72.424 1448.730
v 1466.158 -71.915 1450.356
f 5501 5502 5503
f 5503 5504 5501
v 1401.091 -79.466 1211.579
v 1397.147 -80.143 1218.540
v 1443.089 -79.976 1244.572
v 1447.033 -79.435 1237.611
f 5505 5506 5507
f 5507 5508 5505
v 1445.087 -79.533 1237.091
v 1445.034 -79.871 1245.091
v 1456.845 -79.101 1245.171
v 1456.898 -78.810 1237.171
f 5509 5510 5511
f 5511 5512 5509
v 1455.708 -78.889 1237.344
v 1458.036 -79.017 1244.998
v 1499.246 -75.582 1232.464
v 1496.918 -75.676 1224.810
f 5513 5514 5515
f 5515 5516 5513
v 1495.223 -75.814 1225.839
v 1500.941 -75.445 1231.434
v 1514.678 -74.479 1217.395
v 1508.960 -74.796 1211.800
f 5517 5518 5519
f 5519 5520 5517
v 1508.331 -74.834 1212.640
v 1515.307 -74.448 1216.555
v 1526.194 -74.179 1197.153
v 1519.218 -74.458 1193.238
f 5521 5522 5523
f 5523 5524 5521
v 1048.282 -86.958 2447.035
v 1040.472 -86.478 2448.769
v 1057.348 -86.826 2524.757
v 1065.158 -86.915 2523.022
f 5525 5526 5527
f 5527 5528 5525
v 1065.132 -86.917 2522.914
v 1057.374 -86.824 2524.866
v 1059.534 -86.686 2533.449
v 1067.292 -86.713 2531.498
f 5529 5530 5531
f 5531 5532 5529
v 1067.402 -86.680 2532.763
v 1059.423 -86.709 2532.184
v 1058.444 -86.457 2545.667
v 1066.423 -86.294 2546.247
f 5533 5534 5535
f 5535 5536 5533
v 1066.423 -86.294 2546.247
v 1058.444 -86.457 2545.667
v 1054.202 -85.733 2604.064
v 1062.181 -84.993 2604.643
f 5537 5538 5539
f 5539 5540 5537
v 1041.760 -86.555 2444.877
v 1046.995 -86.876 2450.926
v 1192.412 -79.970 2325.071
v 1187.176 -79.561 2319.022
f 5541 5542 5543
f 5543 5544 5541
v 1187.249 -79.554 2318.961
v 1192.339 -79.978 2325.133
v 1304.683 -79.799 2232.477
v 1299.592 -79.459 2226.305
f 5545 5546 5547
f 5547 5548 5545
v 1299.592 -79.459 2226.305
v 1304.682 -79.799 2232.477
v 1410.514 -79.451 2145.196
v 1405.424 -79.090 2139.024
f 5549 5550 5551
f 5551 5552 5549
v 1405.424 -79.090 2139.024
v 1410.514 -79.451 2145.196
v 1437.253 -76.921 2123.141
v 1432.163 -76.529 2116.970
f 5553 5554 5555
f 5555 5556 5553
v 1431.613 -76.589 2117.522
v 1437.803 -76.861 2122.589
v 1595.376 -81.139 1930.076
v 1589.185 -80.530 1925.009
f 5557 5558 5559
f 5559 5560 5557
v 1627.866 -83.423 2416.815
v 1623.198 -83.421 2423.312
v 1643.436 -84.103 2437.852
v 1648.104 -83.880 2431.355
f 5561 5562 5563
f 5563 5564 5561
v 1649.172 -83.897 2432.499
v 1642.368 -84.086 2436.707
v 1666.658 -83.501 2475.982
v 1673.461 -83.531 2471.774
f 5565 5566 5567
f 5567 5568 5565
v 1672.126 -83.562 2470.454
v 1667.993 -83.425 2477.303
v 1687.028 -82.339 2488.792
v 1691.162 -82.412 2481.943
f 5569 5570 5571
f 5571 5572 5569
v 1690.480 -82.455 2481.615
v 1687.710 -82.298 2489.120
v 1695.402 -81.890 2491.959
v 1698.172 -82.017 2484.454
f 5573 5574 5575
f 5575 5576 5573
v 1697.849 -82.034 2484.350
v 1695.726 -81.874 2492.063
v 1707.670 -81.322 2495.352
v 1709.794 -81.431 2487.639
f 5577 5578 5579
f 5579 5580 5577
v 1709.498 -81.445 2487.569
v 1707.966 -81.310 2495.421
v 1720.957 -80.726 2497.957
v 1722.489 -80.777 2490.105
f 5581 5582 5583
f 5583 5584 5581
v 1721.514 -80.830 2490.036
v 1721.932 -80.678 2498.025
v 1739.097 -79.863 2497.127
v 1738.679 -79.913 2489.138
f 5585 5586 5587
f 5587 5588 5585
v 1738.673 -79.913 2489.139
v 1739.104 -79.863 2497.127
v 1764.040 -78.716 2495.780
v 1763.608 -78.615 2487.792
f 5589 5590 5591
f 5591 5592 5589
v 1763.604 -78.616 2487.792
v 1764.044 -78.716 2495.780
v 1783.001 -77.980 2494.736
v 1782.562 -77.778 2486.748
f 5593 5594 5595
f 5595 5596 5593
v 1783.228 -77.750 2486.767
v 1782.335 -78.005 2494.717
v 1795.615 -77.555 2496.210
v 1796.509 -77.229 2488.260
f 5597 5598 5599
f 5599 5600 5597
v 1796.598 -77.226 2488.271
v 1795.526 -77.558 2496.199
v 1811.055 -77.485 2498.298
v 1812.127 -77.137 2490.371
f 5601 5602 5603
f 5603 5604 5601
v 1812.019 -77.137 2490.357
v 1811.163 -77.486 2498.311
v 1819.378 -77.507 2499.196
v 1820.235 -77.133 2491.242
f 5605 5606 5607
f 5607 5608 5605
v 1818.621 -77.149 2491.399
v 1820.992 -77.496 2499.040
v 1833.972 -77.258 2495.012
v 1831.601 -76.876 2487.371
f 5609 5610 5611
f 5611 5612 5609
v 832.003 -92.986 2477.672
v 824.409 -93.917 2475.156
v 816.349 -95.036 2499.481
v 823.943 -94.226 2501.997
f 5613 5614 5615
f 5615 5616 5613
v 824.058 -94.210 2501.574
v 816.234 -95.050 2499.904
v 812.951 -95.436 2515.289
v 820.774 -94.719 2516.959
f 5617 5618 5619
f 5619 5620 5617
v 820.840 -94.699 2515.706
v 812.884 -95.444 2516.543
v 814.376 -95.357 2530.726
v 822.332 -94.739 2529.889
f 5621 5622 5623
f 5623 5624 5621
v 822.321 -94.739 2529.797
v 814.387 -95.356 2530.819
v 816.925 -95.309 2550.522
v 824.859 -94.891 2549.500
f 5625 5626 5627
f 5627 5628 5625
v 824.862 -94.909 2550.498
v 816.922 -95.302 2549.525
v 810.354 -95.578 2603.114
v 818.295 -95.739 2604.088
f 5629 5630 5631
f 5631 5632 5629
v 818.318 -95.738 2603.821
v 810.330 -95.577 2603.381
v 808.538 -95.453 2635.934
v 816.526 -95.873 2636.373
f 5633 5634 5635
f 5635 5636 5633
v 889.631 -96.068 2297.790
v 882.041 -95.877 2300.320
v 910.695 -87.241 2386.266
v 918.284 -86.991 2383.736
f 5637 5638 5639
f 5639 5640 5637
v 918.285 -86.991 2383.738
v 910.694 -87.241 2386.264
v 914.435 -86.328 2397.503
v 922.025 -86.063 2394.976
f 5641 5642 5643
f 5643 5644 5641
v 922.227 -85.979 2396.089
v 914.233 -86.410 2396.390
v 917.071 -84.752 2471.639
v 925.066 -84.259 2471.337
f 5645 5646 5647
f 5647 5648 5645
v 925.040 -84.256 2471.013
v 917.097 -84.755 2471.963
v 922.329 -87.066 2515.702
v 930.272 -86.563 2514.751
f 5649 5650 5651
f 5651 5652 5649
v 930.274 -86.564 2514.762
v 922.328 -87.065 2515.690
v 926.480 -90.193 2551.241
v 934.426 -89.783 2550.313
f 5653 5654 5655
f 5655 5656 5653
v 934.426 -89.783 2550.314
v 926.480 -90.192 2551.240
v 931.734 -94.677 2596.312
v 939.680 -94.149 2595.386
f 5657 5658 5659
f 5659 5660 5657
v 939.660 -94.256 2596.459
v 931.754 -94.564 2595.239
v 922.192 -99.129 2657.188
v 930.098 -99.025 2658.408
f 5661 5662 5663
f 5663 5664 5661
v 1669.445 -71.013 1264.210
v 1672.878 -71.137 1271.436
v 1691.702 -73.229 1262.495
v 1688.269 -72.967 1255.269
f 5665 5666 5667
f 5667 5668 5665
v 1688.261 -72.966 1255.273
v 1691.711 -73.230 1262.491
v 1734.424 -78.512 1242.072
v 1730.974 -78.154 1234.854
f 5669 5670 5671
f 5671 5672 5669
v 1731.751 -78.248 1234.577
v 1733.647 -78.414 1242.349
v 1742.742 -79.535 1240.130
v 1740.846 -79.319 1232.358
f 5673 5674 5675
f 5675 5676 5673
v 1741.245 -79.366 1232.282
v 1742.343 -79.486 1240.206
v 1755.111 -81.022 1238.437
v 1754.013 -80.828 1230.512
f 5677 5678 5679
f 5679 5680 5677
v 1754.622 -80.898 1230.475
v 1754.503 -80.950 1238.474
v 1761.605 -81.783 1238.580
v 1761.724 -81.691 1230.581
f 5681 5682 5683
f 5683 5684 5681
v 1762.205 -81.744 1230.617
v 1761.124 -81.727 1238.543
v 1779.436 -83.895 1241.040
v 1780.517 -83.817 1233.113
f 5685 5686 5687
f 5687 5688 5685
v 1781.497 -83.933 1233.376
v 1778.456 -83.774 1240.776
v 1781.317 -84.138 1241.952
v 1784.357 -84.285 1234.552
f 5689 5690 5691
f 5691 5692 5689
v 1784.882 -84.352 1234.814
v 1780.792 -84.070 1241.689
v 1788.562 -85.123 1246.312
v 1792.653 -85.382 1239.437
f 5693 5694 5695
f 5695 5696 5693
v 1792.651 -85.382 1239.436
v 1788.564 -85.124 1246.313
v 1801.789 -86.927 1254.172
v 1805.876 -87.021 1247.294
f 5697 5698 5699
f 5699 5700 5697
v 1805.490 -86.979 1247.093
v 1802.174 -86.970 1254.373
v 1835.615 -90.350 1269.601
v 1838.930 -90.558 1262.321
f 5701 5702 5703
f 5703 5704 5701
v 1492.266 -73.697 1125.133
v 1492.967 -73.893 1133.103
v 1522.678 -75.351 1130.487
v 1521.977 -75.412 1122.518
f 5705 5706 5707
f 5707 5708 5705
v 1522.893 -75.470 1122.543
v 1521.762 -75.301 1130.463
v 1543.491 -76.374 1133.566
v 1544.623 -76.731 1125.647
f 5709 5710 5711
f 5711 5712 5709
v 1544.593 -76.729 1125.643
v 1543.521 -76.375 1133.571
v 1562.768 -77.130 1136.172
v 1563.840 -77.621 1128.245
f 5713 5714 5715
f 5715 5716 5713
v 1563.848 -77.622 1128.246
v 1562.760 -77.130 1136.171
v 1583.555 -77.766 1139.024
v 1584.642 -78.430 1131.098
f 5717 5718 5719
f 5719 5720 5717
v 1585.287 -78.449 1131.242
v 1582.911 -77.753 1138.881
v 1591.616 -77.848 1141.588
v 1593.992 -78.612 1133.949
f 5721 5722 5723
f 5723 5724 5721
v 1594.204 -78.613 1134.022
v 1591.404 -77.847 1141.516
v 1603.282 -77.742 1145.954
v 1606.082 -78.539 1138.460
f 5725 5726 5727
f 5727 5728 5725
v 1606.830 -78.523 1138.833
v 1602.533 -77.759 1145.581
v 1610.726 -77.454 1150.798
v 1615.023 -78.226 1144.050
f 5729 5730 5731
f 5731 5732 5729
v 1616.303 -78.128 1145.362
v 1609.447 -77.552 1149.485
v 1624.085 -75.431 1173.827
v 1630.941 -75.980 1169.704
f 5733 5734 5735
f 5735 5736 5733
v 1630.950 -75.978 1169.719
v 1624.076 -75.432 1173.811
v 1638.147 -73.340 1197.452
v 1645.021 -74.003 1193.361
f 5737 5738 5739
f 5739 5740 5737
v 1645.145 -73.986 1193.585
v 1638.023 -73.354 1197.228
v 1651.270 -71.823 1223.128
v 1658.392 -72.469 1219.485
f 5741 5742 5743
f 5743 5744 5741
v 1658.559 -72.449 1219.857
v 1651.103 -71.844 1222.757
v 1658.239 -71.201 1241.102
v 1665.695 -71.761 1238.202
f 5745 5746 5747
f 5747 5748 5745
v 1665.769 -71.755 1238.411
v 1658.164 -71.207 1240.893
v 1667.359 -70.825 1269.064
v 1674.964 -71.327 1266.582
f 5749 5750 5751
f 5751 5752 5749
v 993.585 -86.318 2373.470
v 985.608 -86.352 2372.866
v 979.107 -83.607 2458.640
v 987.084 -83.913 2459.244
f 5753 5754 5755
f 5755 5756 5753
v 987.096 -83.910 2458.911
v 979.096 -83.611 2458.974
v 979.174 -83.731 2468.826
v 987.174 -84.017 2468.762
f 5757 5758 5759
f 5759 5760 5757
v 1185.330 -73.924 2191.970
v 1189.270 -73.714 2198.932
v 1199.445 -74.072 2193.174
v 1195.505 -74.268 2186.212
f 5761 5762 5763
f 5763 5764 5761
v 1194.855 -74.244 2186.670
v 1200.095 -74.097 2192.715
v 1210.759 -74.536 2183.471
v 1205.519 -74.679 2177.426
f 5765 5766 5767
f 5767 5768 5765
v 1205.091 -74.660 2177.859
v 1211.188 -74.554 2183.038
v 1219.949 -74.952 2172.724
v 1213.851 -75.133 2167.545
f 5769 5770 5771
f 5771 5772 5769
v 1213.347 -75.087 2168.297
v 1220.453 -74.977 2171.971
v 1224.939 -75.570 2163.295
v 1217.833 -75.595 2159.620
f 5773 5774 5775
f 5775 5776 5773
v 1217.407 -75.515 2161.050
v 1225.366 -75.657 2161.865
v 1226.212 -76.091 2153.598
v 1218.253 -75.972 2152.783
f 5777 5778 5779
f 5779 5780 5777
v 1218.235 -75.957 2153.055
v 1226.230 -76.105 2153.326
v 1226.575 -76.607 2143.157
v 1218.580 -76.515 2142.886
f 5781 5782 5783
f 5783 5784 5781
v 1218.669 -76.460 2143.872
v 1226.486 -76.653 2142.171
v 1216.256 -80.009 2095.169
v 1208.439 -80.173 2096.870
f 5785 5786 5787
f 5787 5788 5785
v 1209.007 -80.040 2098.219
v 1215.688 -80.136 2093.819
v 1208.808 -81.272 2083.373
v 1202.127 -81.205 2087.773
f 5789 5790 5791
f 5791 5792 5789
v 1203.443 -81.039 2089.023
v 1207.493 -81.438 2082.124
v 1198.832 -82.294 2077.039
v 1194.782 -81.884 2083.938
f 5793 5794 5795
f 5795 5796 5793
v 1196.221 -81.770 2084.445
v 1197.393 -82.410 2076.532
v 1188.298 -83.000 2075.185
v 1187.126 -82.326 2083.098
f 5797 5798 5799
f 5799 5800 5797
v 1188.244 -82.272 2083.106
v 1187.180 -83.060 2075.177
v 1133.725 -84.503 2082.348
v 1134.788 -83.685 2090.277
f 5801 5802 5803
f 5803 5804 5801
v 1220.768 -76.696 2139.454
v 1224.386 -76.391 2146.589
v 1250.224 -77.382 2133.488
v 1246.606 -77.627 2126.353
f 5805 5806 5807
f 5807 5808 5805
v 1246.746 -77.629 2126.285
v 1250.083 -77.379 2133.556
v 1319.402 -76.862 2101.742
v 1316.065 -76.555 2094.471
f 5809 5810 5811
f 5811 5812 5809
v 1316.313 -76.543 2094.367
v 1319.154 -76.873 2101.845
v 1349.021 -75.330 2090.501
v 1346.180 -74.757 2083.022
f 5813 5814 5815
f 5815 5816 5813
v 1345.679 -74.790 2083.253
v 1349.522 -75.299 2090.270
v 1365.340 -74.126 2081.607
v 1361.497 -73.619 2074.590
f 5817 5818 5819
f 5819 5820 5817
v 1360.614 -73.699 2075.246
v 1366.224 -74.040 2080.950
v 1389.990 -71.264 2057.574
v 1384.381 -70.790 2051.871
f 5821 5822 5823
f 5823 5824 5821
v 1751.349 -79.734 2082.185
v 1750.607 -79.806 2090.150
v 1798.686 -81.391 2094.627
v 1799.427 -80.838 2086.662
f 5825 5826 5827
f 5827 5828 5825
v 1800.218 -80.874 2086.817
v 1797.896 -81.354 2094.472
v 1806.256 -81.858 2097.008
v 1808.578 -81.340 2089.352
f 5829 5830 5831
f 5831 5832 5829
v 1810.905 -81.570 2091.223
v 1803.928 -81.625 2095.138
v 1806.611 -82.099 2099.918
v 1813.588 -82.062 2096.003
f 5833 5834 5835
f 5835 5836 5833
v 1813.841 -82.353 2099.375
v 1806.358 -81.826 2096.547
v 1800.380 -82.743 2112.368
v 1807.863 -83.331 2115.196
f 5837 5838 5839
f 5839 5840 5837
v 1808.089 -83.275 2114.290
v 1800.154 -82.794 2113.274
v 1797.916 -83.845 2130.746
v 1805.852 -84.434 2131.763
f 5841 5842 5843
f 5843 5844 5841
v 1805.795 -84.455 2132.094
v 1797.973 -83.827 2130.415
v 1795.892 -84.289 2140.108
v 1803.713 -84.981 2141.788
f 5845 5846 5847
f 5847 5848 5845
v 1803.676 -84.987 2141.946
v 1795.929 -84.284 2139.950
v 1794.582 -84.420 2145.180
v 1802.329 -85.177 2147.175
f 5849 5850 5851
f 5851 5852 5849
v 1801.904 -85.201 2148.205
v 1795.007 -84.409 2144.150
v 1782.016 -84.035 2166.245
v 1788.913 -84.983 2170.300
f 5853 5854 5855
f 5855 5856 5853
v 1789.326 -84.989 2169.317
v 1781.603 -84.024 2167.227
v 1755.176 -81.008 2264.862
v 1762.898 -81.842 2266.952
f 5857 5858 5859
f 5859 5860 5857
v 1762.970 -81.856 2266.636
v 1755.104 -80.996 2265.178
v 1746.833 -79.862 2309.802
v 1754.699 -80.348 2311.260
f 5861 5862 5863
f 5863 5864 5861
v 1754.699 -80.348 2311.259
v 1746.833 -79.862 2309.802
v 1719.426 -81.306 2457.765
v 1727.292 -80.760 2459.222
f 5865 5866 5867
f 5867 5868 5865
v 1726.809 -80.789 2460.518
v 1719.910 -81.279 2456.468
v 1712.785 -81.638 2468.605
v 1719.684 -81.214 2472.655
f 5869 5870 5871
f 5871 5872 5869
v 1718.144 -81.307 2474.145
v 1714.326 -81.569 2467.114
v 1687.186 -82.595 2481.852
v 1691.004 -82.172 2488.883
f 5873 5874 5875
f 5875 5876 5873
v -48.991 -48.182 373.337
v -44.873 -48.090 366.479
v -64.432 -44.520 354.736
v -68.550 -44.480 361.595
f 5877 5878 5879
f 5879 5880 5877
v -68.690 -44.450 361.507
v -64.292 -44.551 354.824
v -82.760 -40.419 342.672
v -87.158 -40.369 349.355
f 5881 5882 5883
f 5883 5884 5881
v -86.888 -40.428 349.518
v -83.030 -40.356 342.510
v -148.909 -25.641 306.239
v -152.767 -25.767 313.248
f 5885 5886 5887
f 5887 5888 5885
v -152.715 -25.777 313.276
v -148.961 -25.631 306.211
v -188.824 -18.828 285.025
v -192.579 -18.998 292.089
f 5889 5890 5891
f 5891 5892 5889
v -192.651 -18.988 292.050
v -188.752 -18.837 285.064
v -227.268 -14.558 263.561
v -231.168 -14.674 270.546
f 5893 5894 5895
f 5895 5896 5893
v -231.227 -14.669 270.512
v -227.209 -14.562 263.595
v -327.686 -4.764 205.226
v -331.704 -5.388 212.144
f 5897 5898 5899
f 5899 5900 5897
v -331.632 -5.398 212.185
v -327.758 -4.753 205.185
v -375.526 4.030 178.754
v -379.399 3.009 185.754
f 5901 5902 5903
f 5903 5904 5901
v -45.619 -49.772 398.423
v -50.940 -49.480 404.397
v -37.949 -50.979 415.968
v -32.628 -51.473 409.994
f 5905 5906 5907
f 5907 5908 5905
v -33.147 -51.417 409.602
v -37.429 -51.034 416.360
v -29.403 -51.849 421.445
v -25.121 -52.252 414.687
f 5909 5910 5911
f 5911 5912 5909
v -25.536 -52.210 414.458
v -28.988 -51.890 421.674
v -22.610 -52.500 424.725
v -19.157 -52.842 417.509
f 5913 5914 5915
f 5915 5916 5913
v -19.628 -52.796 417.319
v -22.139 -52.544 424.915
v -15.349 -53.086 427.160
v -12.837 -53.277 419.565
f 5917 5918 5919
f 5919 5920 5917
v -13.876 -53.207 419.368
v -14.310 -53.156 427.357
v -7.509 -53.617 427.726
v -7.074 -53.668 419.738
f 5921 5922 5923
f 5923 5924 5921
v 428.077 -94.723 1163.499
v 429.372 -95.537 1171.394
v 451.592 -95.771 1167.748
v 450.297 -94.910 1159.854
f 5925 5926 5927
f 5927 5928 5925
v 579.147 -88.201 441.800
v 578.041 -87.988 433.877
v 517.138 -88.093 442.384
v 518.245 -87.774 450.307
f 5929 5930 5931
f 5931 5932 5929
v 657.206 -103.575 1467.448
v 663.399 -103.387 1462.384
v 658.713 -102.883 1456.652
v 652.519 -103.075 1461.716
f 5933 5934 5935
f 5935 5936 5933
v 651.954 -103.002 1460.793
v 659.278 -102.958 1457.575
v 658.054 -102.742 1454.788
v 650.730 -102.793 1458.007
f 5937 5938 5939
f 5939 5940 5937
v 650.451 -102.727 1457.083
v 658.333 -102.811 1455.712
v 657.820 -102.601 1452.767
v 649.939 -102.527 1454.138
f 5941 5942 5943
f 5943 5944 5941
v 649.958 -102.534 1454.243
v 657.801 -102.593 1452.662
v 656.454 -102.119 1445.979
v 648.611 -102.082 1447.560
f 5945 5946 5947
f 5947 5948 5945
v 648.563 -102.062 1447.261
v 656.502 -102.140 1446.278
v 654.710 -101.002 1431.790
v 646.771 -100.997 1432.772
f 5949 5950 5951
f 5951 5952 5949
v 646.934 -101.059 1433.512
v 654.546 -100.937 1431.050
v 652.030 -100.262 1423.271
v 644.419 -100.413 1425.733
f 5953 5954 5955
f 5955 5956 5953
v 644.473 -100.426 1425.889
v 651.977 -100.249 1423.115
v 649.082 -99.591 1415.284
v 641.578 -99.786 1418.057
f 5957 5958 5959
f 5959 5960 5957
v 642.625 -99.921 1419.617
v 648.035 -99.462 1413.723
v 643.215 -99.112 1409.299
v 637.805 -99.500 1415.192
f 5961 5962 5963
f 5963 5964 5961
v 639.362 -99.593 1416.077
v 641.658 -99.036 1408.414
v 636.192 -98.861 1406.776
v 633.896 -99.382 1414.440
f 5965 5966 5967
f 5967 5968 5965
v 548.467 -97.087 1602.392
v 550.880 -97.470 1610.020
v 594.762 -99.344 1596.139
v 592.349 -99.341 1588.512
f 5969 5970 5971
f 5971 5972 5969
v 987.299 -87.110 1426.637
v 995.212 -87.077 1425.457
v 979.672 -94.431 1321.238
v 971.759 -95.219 1322.418
f 5973 5974 5975
f 5975 5976 5973
v -498.381 -85.349 1755.015
v -506.366 -85.343 1755.505
v -503.416 -83.729 1803.644
v -495.431 -83.692 1803.154
f 5977 5978 5979
f 5979 5980 5977
v -499.699 -83.906 1799.409
v -499.149 -83.443 1807.390
v -315.293 -71.486 1794.711
v -315.844 -71.308 1786.730
f 5981 5982 5983
f 5983 5984 5981
v -319.513 -71.777 1791.386
v -311.624 -71.013 1790.055
v -320.029 -71.198 1740.239
v -327.917 -72.036 1741.570
f 5985 5986 5987
f 5987 5988 5985
v -323.652 -71.557 1744.891
v -324.294 -71.689 1736.917
v -502.695 -85.392 1751.273
v -502.053 -85.299 1759.247
f 5989 5990 5991
f 5991 5992 5989
v -328.223 -73.005 1680.739
v -329.008 -73.290 1672.777
v -507.865 -83.278 1690.409
v -507.080 -83.750 1698.370
f 5993 5994 5995
f 5995 5996 5993
v -503.477 -83.470 1694.190
v -511.467 -83.557 1694.588
v -508.896 -85.448 1746.188
v -500.906 -85.457 1745.790
f 5997 5998 5999
f 5999 6000 5997
v -505.213 -85.419 1742.001
v -504.589 -85.407 1749.977
v -323.116 -71.575 1735.779
v -323.740 -71.719 1727.804
f 6001 6002 6003
f 6003 6004 6001
v -327.410 -72.060 1732.167
v -319.445 -71.235 1731.416
v -324.633 -72.904 1676.383
v -332.597 -73.398 1677.133
f 6005 6006 6007
f 6007 6008 6005
v -512.274 -85.305 1758.892
v -512.889 -85.393 1750.915
v -691.757 -78.521 1764.703
v -691.142 -78.623 1772.680
f 6009 6010 6011
f 6011 6012 6009
v -688.465 -80.861 1812.655
v -687.912 -81.514 1820.636
v -503.099 -83.444 1807.839
v -503.652 -83.911 1799.858
f 6013 6014 6015
f 6015 6016 6013
v -507.307 -83.714 1804.588
v -499.445 -83.724 1803.109
v -508.651 -85.358 1754.164
v -516.513 -85.254 1755.643
f 6017 6018 6019
f 6019 6020 6017
v -632.079 -80.827 1818.718
v -631.509 -81.226 1826.697
v -314.660 -71.703 1804.048
v -315.230 -71.520 1796.068
f 6021 6022 6023
f 6023 6024 6021
v -314.638 -72.071 1680.530
v -322.622 -72.605 1681.043
v -319.427 -71.241 1730.754
v -311.443 -70.416 1730.241
f 6025 6026 6027
f 6027 6028 6025
v -315.698 -70.906 1726.506
v -315.171 -70.750 1734.488
v -159.291 -71.864 1724.200
v -159.818 -71.910 1716.218
f 6029 6030 6031
f 6031 6032 6029
v -163.519 -71.506 1719.682
v -155.589 -72.270 1720.736
v -153.663 -72.723 1706.248
v -161.594 -72.041 1705.194
f 6033 6034 6035
f 6035 6036 6033
v -161.531 -72.057 1704.844
v -153.726 -72.708 1706.598
v -149.674 -73.488 1688.557
v -157.479 -72.938 1686.804
f 6037 6038 6039
f 6039 6040 6037
v -157.154 -72.988 1685.892
v -149.998 -73.442 1689.469
v -143.431 -74.243 1676.328
v -150.587 -73.894 1672.751
f 6041 6042 6043
f 6043 6044 6041
v -150.675 -73.882 1672.941
v -143.342 -74.254 1676.138
v -140.325 -74.639 1669.217
v -147.659 -74.279 1666.020
f 6045 6046 6047
f 6047 6048 6045
v -143.691 -74.349 1671.608
v -144.292 -74.527 1663.630
v -318.931 -72.521 1676.798
v -318.329 -72.170 1684.775
f 6049 6050 6051
f 6051 6052 6049
v -315.340 -70.752 1735.715
v -323.277 -71.583 1736.717
v -316.531 -71.469 1790.152
v -308.594 -70.702 1789.150
f 6053 6054 6055
f 6055 6056 6053
v -312.802 -70.987 1785.658
v -312.324 -71.188 1793.644
v -148.617 -73.133 1783.844
v -149.095 -72.922 1775.858
f 6057 6058 6059
f 6059 6060 6057
v -152.768 -72.667 1780.688
v -144.945 -73.393 1779.014
v -155.743 -72.169 1728.551
v -163.566 -71.358 1730.225
f 6061 6062 6063
f 6063 6064 6061
v -159.484 -71.733 1733.384
v -159.825 -71.797 1725.391
v -314.960 -70.759 1732.021
v -314.618 -70.619 1740.014
f 6065 6066 6067
f 6067 6068 6065
v -314.614 -70.619 1740.014
v -314.964 -70.760 1732.021
v -319.484 -71.230 1732.220
v -319.134 -71.102 1740.212
f 6069 6070 6071
f 6071 6072 6069
v -325.507 -73.299 1666.146
v -325.111 -73.010 1674.136
v -319.512 -72.677 1673.859
v -319.907 -73.019 1665.869
f 6073 6074 6075
f 6075 6076 6073
v -319.910 -73.019 1665.869
v -319.509 -72.677 1673.859
v -140.084 -74.752 1664.852
v -140.485 -74.904 1656.862
f 6077 6078 6079
f 6079 6080 6077
v -144.055 -74.649 1659.522
v -136.514 -75.033 1662.192
v -131.950 -75.473 1649.302
v -139.491 -75.191 1646.632
f 6081 6082 6083
f 6083 6084 6081
v -139.680 -75.165 1647.396
v -131.762 -75.491 1648.537
v -129.279 -75.761 1631.316
v -137.197 -75.623 1630.174
f 6085 6086 6087
f 6087 6088 6085
v -135.567 -75.702 1627.492
v -130.910 -75.697 1633.997
v -124.342 -75.865 1629.296
v -128.999 -75.841 1622.791
f 6089 6090 6091
f 6091 6092 6089
v 506.701 -92.252 2481.526
v 500.451 -91.637 2476.531
v 495.976 -91.629 2482.131
v 502.226 -92.240 2487.125
f 6093 6094 6095
f 6095 6096 6093
v 502.443 -92.239 2486.825
v 495.759 -91.630 2482.431
v 490.905 -91.709 2489.813
v 497.590 -92.308 2494.208
f 6097 6098 6099
f 6099 6100 6097
v 497.777 -92.304 2493.892
v 490.718 -91.714 2490.128
v 483.994 -91.993 2502.740
v 491.053 -92.601 2506.504
f 6101 6102 6103
f 6103 6104 6101
v 491.069 -92.600 2506.474
v 483.978 -91.994 2502.770
v 473.837 -93.166 2522.183
v 480.928 -93.706 2525.887
f 6105 6106 6107
f 6107 6108 6105
v 230.362 -95.993 2407.965
v 228.453 -96.371 2415.733
v 298.895 -96.331 2433.047
v 300.805 -96.142 2425.278
f 6109 6110 6111
f 6111 6112 6109
v 301.069 -96.134 2425.352
v 298.631 -96.339 2432.972
v 318.613 -95.464 2439.364
v 321.051 -95.235 2431.744
f 6113 6114 6115
f 6115 6116 6113
v 320.753 -95.253 2431.662
v 318.911 -95.445 2439.447
v 502.655 -92.071 2482.921
v 504.497 -91.826 2475.136
f 6117 6118 6119
f 6119 6120 6117
v 786.899 -98.474 2479.364
v 794.862 -97.551 2478.588
v 784.565 -97.697 2372.860
v 776.602 -98.349 2373.635
f 6121 6122 6123
f 6123 6124 6121
v 1263.347 -79.586 2476.376
v 1255.724 -80.470 2478.802
v 1262.715 -79.394 2500.764
v 1270.338 -78.583 2498.338
f 6125 6126 6127
f 6127 6128 6125
v 1270.487 -78.563 2498.994
v 1262.565 -79.418 2500.107
v 1263.467 -79.243 2506.526
v 1271.389 -78.433 2505.413
f 6129 6130 6131
f 6131 6132 6129
v 1271.330 -78.429 2506.848
v 1263.526 -79.261 2505.090
v 1261.878 -79.300 2512.406
v 1269.683 -78.531 2514.164
f 6133 6134 6135
f 6135 6136 6133
v 1269.341 -78.555 2515.107
v 1262.220 -79.284 2511.463
v 1255.652 -79.584 2524.299
v 1262.774 -78.945 2527.943
f 6137 6138 6139
f 6139 6140 6137
v 1262.939 -78.938 2527.576
v 1255.486 -79.589 2524.667
v 1253.327 -79.612 2530.200
v 1260.779 -78.999 2533.109
f 6141 6142 6143
f 6143 6144 6141
v 1261.053 -79.009 2531.600
v 1253.053 -79.591 2531.710
v 1253.120 -79.447 2536.556
v 1261.119 -78.908 2536.446
f 6145 6146 6147
f 6147 6148 6145
v 1260.695 -78.974 2534.708
v 1253.545 -79.363 2538.295
v 1255.493 -79.120 2542.178
v 1262.643 -78.759 2538.590
f 6149 6150 6151
f 6151 6152 6149
v 1260.838 -78.919 2536.797
v 1257.298 -78.960 2543.971
v 1262.597 -78.596 2546.586
v 1266.137 -78.519 2539.412
f 6153 6154 6155
f 6155 6156 6153
v 1265.126 -78.590 2539.072
v 1263.607 -78.535 2546.926
v 1274.806 -77.929 2549.092
v 1276.325 -77.866 2541.237
f 6157 6158 6159
f 6159 6160 6157
v 1277.846 -77.773 2541.878
v 1273.285 -78.009 2548.451
v 1275.968 -77.868 2550.313
v 1280.529 -77.618 2543.741
f 6161 6162 6163
f 6163 6164 6161
v 1281.646 -77.560 2544.916
v 1274.850 -77.927 2549.137
v 1276.565 -77.837 2551.897
v 1283.361 -77.487 2547.676
f 6165 6166 6167
f 6167 6168 6165
v 1283.884 -77.471 2548.997
v 1276.041 -77.864 2550.576
v 1276.943 -77.816 2555.053
v 1284.786 -77.471 2553.474
f 6169 6170 6171
f 6171 6172 6169
v 1284.749 -77.490 2555.218
v 1276.980 -77.816 2553.309
v 1274.887 -77.878 2561.827
v 1282.656 -77.638 2563.736
f 6173 6174 6175
f 6175 6176 6173
v 1282.695 -77.636 2563.560
v 1274.848 -77.879 2562.002
v 1269.471 -77.750 2589.088
v 1277.318 -77.790 2590.646
f 6177 6178 6179
f 6179 6180 6177
v 1277.226 -77.791 2588.716
v 1269.564 -77.729 2591.018
v 1272.258 -77.689 2599.985
v 1279.920 -77.832 2597.683
f 6181 6182 6183
f 6183 6184 6181
v 1279.419 -77.822 2596.618
v 1272.759 -77.693 2601.050
v 1276.933 -77.775 2607.323
v 1283.593 -77.930 2602.890
f 6185 6186 6187
f 6187 6188 6185
v 1281.785 -77.882 2601.407
v 1278.742 -77.828 2608.806
v 1293.225 -78.365 2614.762
v 1296.267 -78.316 2607.363
f 6189 6190 6191
f 6191 6192 6189
v -435.572 -72.946 2376.018
v -429.537 -73.369 2370.767
v -455.507 -76.442 2340.921
v -461.543 -76.045 2346.172
f 6193 6194 6195
f 6195 6196 6193
v -460.015 -75.901 2347.259
v -457.035 -76.587 2339.835
v -503.911 -79.791 2321.016
v -506.892 -79.192 2328.440
f 6197 6198 6199
f 6199 6200 6197
v -504.299 -79.103 2328.573
v -506.504 -79.872 2320.883
v -549.206 -80.275 2333.125
v -547.001 -79.779 2340.815
f 6201 6202 6203
f 6203 6204 6201
v -545.611 -79.756 2340.098
v -550.597 -80.290 2333.842
v -566.471 -80.552 2346.493
v -561.485 -80.029 2352.750
f 6205 6206 6207
f 6207 6208 6205
v -563.452 -80.137 2353.587
v -564.504 -80.463 2345.656
v -609.566 -83.263 2351.639
v -608.514 -83.395 2359.569
f 6209 6210 6211
f 6211 6212 6209
v -489.452 -70.983 2451.988
v -495.993 -71.327 2447.381
v -513.180 -72.735 2471.786
v -506.640 -72.459 2476.393
f 6213 6214 6215
f 6215 6216 6213
v -506.993 -72.502 2476.826
v -512.827 -72.707 2471.353
v -547.069 -77.472 2507.854
v -541.235 -77.213 2513.328
f 6217 6218 6219
f 6219 6220 6217
v -542.455 -77.361 2514.213
v -545.849 -77.320 2506.969
v -553.797 -78.196 2510.693
v -550.403 -78.196 2517.937
f 6221 6222 6223
f 6223 6224 6221
v -551.928 -78.337 2518.312
v -552.272 -78.045 2510.319
v -619.208 -85.084 2513.198
v -618.865 -84.773 2521.190
f 6225 6226 6227
f 6227 6228 6225
v 1830.658 -77.318 1934.421
v 1832.599 -77.703 1926.660
v 1817.393 -77.976 1922.857
v 1815.452 -77.535 1930.618
f 6229 6230 6231
f 6231 6232 6229
v 1816.134 -77.529 1930.727
v 1816.710 -77.982 1922.748
v 1783.047 -78.492 1920.318
v 1782.471 -78.196 1928.297
f 6233 6234 6235
f 6235 6236 6233
v 1781.586 -78.230 1928.131
v 1783.933 -78.462 1920.483
v 1739.661 -79.728 1906.894
v 1737.314 -79.832 1914.541
f 6237 6238 6239
f 6239 6240 6237
v 1738.478 -79.798 1914.717
v 1738.497 -79.751 1906.717
v 1689.483 -80.569 1906.599
v 1689.464 -81.019 1914.599
f 6241 6242 6243
f 6243 6244 6241
v 1689.974 -81.007 1914.567
v 1688.974 -80.578 1906.630
v 1648.832 -81.035 1911.688
v 1649.832 -81.675 1919.625
f 6245 6246 6247
f 6247 6248 6245
v 1650.148 -81.670 1919.573
v 1648.516 -81.038 1911.741
v 1591.465 -80.572 1923.627
v 1593.096 -81.127 1931.459
f 6249 6250 6251
f 6251 6252 6249
v 1589.251 -80.528 1924.931
v 1595.310 -81.140 1930.155
v 1872.239 -82.372 1608.990
v 1866.181 -81.609 1603.766
f 6253 6254 6255
f 6255 6256 6253
v 1828.756 -87.452 1219.155
v 1822.323 -86.610 1214.398
v 1819.774 -86.671 1217.845
v 1826.206 -87.519 1222.602
f 6257 6258 6259
f 6259 6260 6257
v 1826.225 -87.519 1222.576
v 1819.755 -86.672 1217.871
v 1817.095 -86.729 1221.529
v 1823.565 -87.583 1226.235
f 6261 6262 6263
f 6263 6264 6261
v 1823.629 -87.581 1226.143
v 1817.030 -86.730 1221.621
v 1814.369 -86.791 1225.504
v 1820.969 -87.559 1230.026
f 6265 6266 6267
f 6267 6268 6265
v 1821.058 -87.560 1229.890
v 1814.280 -86.793 1225.640
v 1811.497 -86.783 1230.078
v 1818.275 -87.534 1234.328
f 6269 6270 6271
f 6271 6272 6269
v 1818.321 -87.534 1234.252
v 1811.451 -86.783 1230.154
v 1800.397 -86.588 1248.684
v 1807.267 -87.371 1252.782
f 6273 6274 6275
f 6275 6276 6273
v 1806.012 -80.533 1147.405
v 1798.068 -80.263 1146.465
v 1795.318 -81.773 1169.697
v 1803.263 -82.182 1170.637
f 6277 6278 6279
f 6279 6280 6277
v 1803.078 -82.234 1171.452
v 1795.502 -81.726 1168.882
v 1787.966 -82.692 1191.097
v 1795.542 -83.386 1193.667
f 6281 6282 6283
f 6283 6284 6281
v 1795.611 -83.376 1193.442
v 1787.897 -82.700 1191.322
v 1781.029 -83.284 1216.311
v 1788.743 -84.130 1218.431
f 6285 6286 6287
f 6287 6288 6285
v 1788.767 -84.128 1218.338
v 1781.004 -83.285 1216.404
v 1776.095 -83.393 1236.109
v 1783.858 -84.327 1238.043
f 6289 6290 6291
f 6291 6292 6289
v 595.718 -94.332 629.517
v 603.549 -95.067 631.155
v 608.792 -95.519 606.086
v 600.961 -94.767 604.448
f 6293 6294 6295
f 6295 6296 6293
v -210.913 -81.271 1515.297
v -218.557 -81.547 1517.657
v -201.826 -79.331 1571.833
v -194.182 -79.298 1569.472
f 6297 6298 6299
f 6299 6300 6297
v -194.123 -79.284 1569.683
v -201.885 -79.346 1571.622
v -189.795 -75.734 1620.000
v -182.034 -75.888 1618.060
f 6301 6302 6303
f 6303 6304 6301
v -242.016 -65.193 1257.694
v -234.543 -65.254 1254.840
v -258.087 -68.993 1193.187
v -265.560 -68.737 1196.041
f 6305 6306 6307
f 6307 6308 6305
v -265.562 -68.738 1196.036
v -258.085 -68.993 1193.192
v -282.152 -73.701 1129.928
v -289.629 -73.336 1132.772
f 6309 6310 6311
f 6311 6312 6309
v -289.623 -73.336 1132.788
v -282.158 -73.701 1129.912
v -306.103 -74.278 1067.744
v -313.568 -73.692 1070.619
f 6313 6314 6315
f 6315 6316 6313
v -313.624 -73.685 1070.465
v -306.047 -74.283 1067.898
v -326.218 -70.908 1008.371
v -333.795 -70.417 1010.938
f 6317 6318 6319
f 6319 6320 6317
v 1591.845 -81.071 1931.519
v 1592.716 -80.636 1923.567
v 1577.042 -79.527 1921.850
v 1576.171 -79.915 1929.802
f 6321 6322 6323
f 6323 6324 6321
v 1576.753 -79.956 1929.823
v 1576.461 -79.489 1921.829
v 1569.225 -79.049 1922.093
v 1569.517 -79.471 1930.087
f 6325 6326 6327
f 6327 6328 6325
v 1571.246 -79.571 1929.623
v 1567.496 -78.967 1922.557
v 1536.683 -77.145 1938.907
v 1540.433 -77.637 1945.973
f 6329 6330 6331
f 6331 6332 6329
v 1540.505 -77.644 1945.934
v 1536.610 -77.139 1938.946
v 1531.066 -76.676 1942.036
v 1534.962 -77.162 1949.024
f 6333 6334 6335
f 6335 6336 6333
v 1536.008 -77.250 1948.183
v 1530.020 -76.590 1942.878
v 1510.317 -74.728 1965.118
v 1516.305 -75.367 1970.423
f 6337 6338 6339
f 6339 6340 6337
v 1515.432 -75.275 1971.161
v 1511.189 -74.820 1964.379
v 1502.829 -73.977 1969.609
v 1507.072 -74.396 1976.391
f 6341 6342 6343
f 6343 6344 6341
v 1506.270 -74.315 1976.776
v 1503.631 -74.058 1969.224
v 1485.831 -72.257 1975.444
v 1488.470 -72.493 1982.997
f 6345 6346 6347
f 6347 6348 6345
v 1489.959 -72.649 1982.069
v 1484.342 -72.103 1976.372
v 1471.040 -70.710 1989.486
v 1476.656 -71.357 1995.183
f 6349 6350 6351
f 6351 6352 6349
v 1476.185 -71.315 1995.581
v 1471.511 -70.753 1989.088
v 1384.849 -70.733 2051.476
v 1389.523 -71.302 2057.969
f 6353 6354 6355
f 6355 6356 6353
v 782.620 -96.560 1143.975
v 780.394 -96.974 1136.291
v 728.419 -98.224 1151.348
v 730.645 -97.475 1159.032
f 6357 6358 6359
f 6359 6360 6357
v -259.101 -81.311 2412.259
v -257.822 -81.587 2420.156
v -212.348 -81.387 2412.787
v -213.627 -80.943 2404.890
f 6361 6362 6363
f 6363 6364 6361
v -215.417 -81.042 2405.660
v -210.558 -81.285 2412.016
v -207.898 -81.082 2409.982
v -212.756 -80.842 2403.626
f 6365 6366 6367
f 6367 6368 6365
v -214.238 -81.027 2405.963
v -206.416 -80.901 2407.645
v -205.314 -80.571 2402.521
v -213.136 -80.682 2400.839
f 6369 6370 6371
f 6371 6372 6369
v -213.224 -80.742 2401.772
v -205.226 -80.514 2401.589
v -205.415 -80.039 2393.322
v -213.413 -80.241 2393.505
f 6373 6374 6375
f 6375 6376 6373
v -213.413 -80.242 2393.524
v -205.416 -80.038 2393.302
v -205.972 -78.642 2373.295
v -213.969 -78.777 2373.517
f 6377 6378 6379
f 6379 6380 6377
v -213.937 -78.722 2372.890
v -206.004 -78.694 2373.922
v -202.943 -76.717 2350.375
v -210.876 -76.631 2349.343
f 6381 6382 6383
f 6383 6384 6381
v -210.688 -76.555 2348.547
v -203.131 -76.790 2351.172
v -199.246 -75.784 2339.986
v -206.803 -75.503 2337.361
f 6385 6386 6387
f 6387 6388 6385
v -206.453 -75.435 2336.614
v -199.596 -75.849 2340.733
v -193.796 -75.046 2331.080
v -200.654 -74.605 2326.960
f 6389 6390 6391
f 6391 6392 6389
v -200.534 -74.590 2326.773
v -193.916 -75.060 2331.267
v -186.168 -74.224 2319.857
v -192.786 -73.749 2315.362
f 6393 6394 6395
f 6395 6396 6393
v -192.471 -73.722 2314.957
v -186.483 -74.250 2320.262
v -179.158 -73.855 2311.995
v -185.146 -73.237 2306.690
f 6397 6398 6399
f 6399 6400 6397
v -184.495 -73.208 2306.101
v -179.809 -73.872 2312.584
v -171.148 -73.822 2306.324
v -175.835 -73.179 2299.841
f 6401 6402 6403
f 6403 6404 6401
v -175.062 -73.191 2299.404
v -171.921 -73.814 2306.761
v -162.269 -74.037 2302.641
v -165.411 -73.481 2295.283
f 6405 6406 6407
f 6407 6408 6405
v 211.727 -52.248 152.013
v 203.806 -51.235 153.136
v 223.655 -53.305 293.147
v 231.575 -53.971 292.024
f 6409 6410 6411
f 6411 6412 6409
v 467.214 -99.804 863.046
v 469.317 -99.388 870.764
v 529.163 -98.998 854.452
v 527.059 -99.239 846.734
f 6413 6414 6415
f 6415 6416 6413
v 527.779 -99.193 846.607
v 528.443 -99.040 854.579
v 593.487 -94.294 849.164
v 592.823 -94.205 841.192
f 6417 6418 6419
f 6419 6420 6417
v 753.083 -91.291 871.805
v 760.417 -91.359 868.609
v 754.662 -90.532 855.401
v 747.328 -90.344 858.597
f 6421 6422 6423
f 6423 6424 6421
v 748.262 -90.431 859.920
v 753.727 -90.447 854.077
v 742.584 -89.568 843.656
v 737.119 -89.555 849.499
f 6425 6426 6427
f 6427 6428 6425
v 737.917 -89.613 850.079
v 741.786 -89.508 843.077
v 720.680 -88.169 831.414
v 716.811 -88.475 838.416
f 6429 6430 6431
f 6431 6432 6429
v 493.194 -86.183 646.708
v 486.039 -86.077 650.286
v 519.335 -94.100 716.868
v 526.490 -93.821 713.290
f 6433 6434 6435
f 6435 6436 6433
v 526.425 -93.811 713.167
v 519.399 -94.110 716.991
v 570.751 -95.850 811.336
v 577.777 -95.158 807.512
f 6437 6438 6439
f 6439 6440 6437
v 577.801 -95.157 807.555
v 570.727 -95.852 811.293
v 589.618 -94.582 847.046
v 596.691 -93.909 843.309
f 6441 6442 6443
f 6443 6444 6441
v 111.097 -81.809 1152.818
v 119.090 -82.322 1152.490
v 116.975 -81.990 1101.033
v 108.982 -80.985 1101.361
f 6445 6446 6447
f 6447 6448 6445
v 109.089 -81.009 1102.134
v 116.867 -81.970 1100.261
v 115.553 -81.757 1094.806
v 107.776 -80.767 1096.679
f 6449 6450 6451
f 6451 6452 6449
v 108.958 -80.947 1098.688
v 114.371 -81.583 1092.797
v 111.410 -81.160 1090.076
v 105.997 -80.525 1095.967
f 6453 6454 6455
f 6455 6456 6453
v -261.499 -68.561 1198.601
v -262.148 -69.204 1190.627
v -434.448 -76.886 1204.641
v -433.800 -77.572 1212.614
f 6457 6458 6459
f 6459 6460 6457
v -433.766 -77.570 1212.611
v -434.481 -76.888 1204.643
v -481.135 -78.874 1208.830
v -480.420 -79.648 1216.798
f 6461 6462 6463
f 6463 6464 6461
v -480.497 -79.649 1216.804
v -481.059 -78.872 1208.824
v -620.943 -77.653 1218.677
v -620.381 -77.489 1226.657
f 6465 6466 6467
f 6467 6468 6465
v -309.475 -74.088 1073.165
v -310.196 -73.928 1065.198
v -446.596 -64.961 1077.534
v -445.875 -65.516 1085.501
f 6469 6470 6471
f 6471 6472 6469
v -445.965 -65.517 1085.509
v -446.506 -64.960 1077.527
v -480.592 -65.544 1079.838
v -480.051 -66.099 1087.820
f 6473 6474 6475
f 6475 6476 6473
v -480.046 -66.099 1087.820
v -480.596 -65.544 1079.838
v -632.280 -81.776 1090.286
v -631.730 -81.636 1098.267
f 6477 6478 6479
f 6479 6480 6477
v -490.330 -56.835 692.770
v -491.219 -55.555 684.820
v -673.026 -63.634 705.147
v -672.137 -63.394 713.098
f 6481 6482 6483
f 6483 6484 6481
v -482.182 -68.274 771.404
v -481.444 -69.014 779.370
v -409.175 -65.031 772.673
v -409.913 -64.328 764.708
f 6485 6486 6487
f 6487 6488 6485
v -410.032 -64.338 764.720
v -409.057 -65.021 772.661
v -342.577 -58.976 764.498
v -343.552 -58.736 756.558
f 6489 6490 6491
f 6491 6492 6489
v -472.536 -72.412 862.352
v -471.587 -72.068 870.295
v -353.343 -63.820 856.163
v -354.293 -63.595 848.219
f 6493 6494 6495
f 6495 6496 6493
v -500.266 -45.085 609.185
v -500.986 -44.273 601.217
v -679.098 -64.568 617.331
v -678.377 -64.664 625.299
f 6497 6498 6499
f 6499 6500 6497
v 1069.066 -87.180 1004.603
v 1066.398 -86.923 997.061
v 1020.701 -84.991 1013.227
v 1023.369 -85.079 1020.769
f 6501 6502 6503
f 6503 6504 6501
v 1022.948 -85.055 1020.893
v 1021.122 -85.015 1013.104
v 944.891 -83.102 1030.974
v 946.717 -82.893 1038.763
f 6505 6506 6507
f 6507 6508 6505
v 946.685 -82.893 1038.770
v 944.923 -83.102 1030.966
v 835.184 -91.664 1055.744
v 836.946 -91.493 1063.548
f 6509 6510 6511
f 6511 6512 6509
v 836.918 -91.497 1063.554
v 835.212 -91.660 1055.738
v 802.239 -95.913 1062.936
v 803.945 -95.721 1070.752
f 6513 6514 6515
f 6515 6516 6513
v 848.448 -93.499 1157.266
v 845.612 -93.252 1149.785
v 798.379 -95.365 1167.695
v 801.215 -95.217 1175.175
f 6517 6518 6519
f 6519 6520 6517
v 730.688 -97.475 1159.019
v 728.377 -98.224 1151.360
v 682.458 -97.595 1165.215
v 684.768 -96.800 1172.874
f 6521 6522 6523
f 6523 6524 6521
v 971.795 -95.206 1322.622
v 979.636 -94.445 1321.035
v 970.062 -96.099 1273.726
v 962.221 -96.697 1275.313
f 6525 6526 6527
f 6527 6528 6525
v 1650.595 -76.578 1396.377
v 1650.985 -77.368 1404.368
v 1704.106 -78.476 1401.779
v 1703.717 -78.043 1393.788
f 6529 6530 6531
f 6531 6532 6529
v 1465.560 -76.788 1362.404
v 1473.296 -76.545 1360.365
v 1465.226 -78.260 1329.737
v 1457.490 -78.643 1331.776
f 6533 6534 6535
f 6535 6536 6533
v 1457.358 -78.692 1330.823
v 1465.357 -78.216 1330.690
v 1465.168 -78.659 1319.318
v 1457.169 -79.189 1319.452
f 6537 6538 6539
f 6539 6540 6537
v 1457.234 -79.218 1318.663
v 1465.103 -78.634 1320.107
v 1467.674 -78.724 1306.094
v 1459.806 -79.306 1304.650
f 6541 6542 6543
f 6543 6544 6541
v 1459.782 -79.285 1305.953
v 1467.698 -78.743 1304.791
v 1466.206 -79.008 1294.634
v 1458.291 -79.570 1295.797
f 6545 6546 6547
f 6547 6548 6545
v 680.151 -81.060 284.620
v 672.225 -81.073 285.704
v 692.574 -86.722 434.498
v 700.500 -86.688 433.414
f 6549 6550 6551
f 6551 6552 6549
v 700.497 -86.686 433.388
v 692.578 -86.725 434.523
v 698.901 -92.122 478.613
v 706.820 -91.988 477.477
f 6553 6554 6555
f 6555 6556 6553
v 1060.245 -86.930 2520.019
v 1062.261 -86.794 2527.761
v 1109.884 -87.529 2515.360
v 1107.868 -88.039 2507.618
f 6557 6558 6559
f 6559 6560 6557
v 1108.019 -88.042 2507.582
v 1109.732 -87.527 2515.396
v 1249.327 -81.106 2484.798
v 1247.614 -81.467 2476.983
f 6561 6562 6563
f 6563 6564 6561
v 1247.327 -81.500 2477.058
v 1249.614 -81.074 2484.724
v 1260.679 -79.852 2481.422
v 1258.392 -80.218 2473.756
f 6565 6566 6567
f 6567 6568 6565
v 1258.641 -80.188 2473.690
v 1260.430 -79.880 2481.488
v 1503.752 -74.093 2425.679
v 1501.963 -73.944 2417.881
f 6569 6570 6571
f 6571 6572 6569
v 1502.395 -73.985 2417.807
v 1503.321 -74.051 2425.753
v 1562.710 -79.771 2418.833
v 1561.784 -79.494 2410.887
f 6573 6574 6575
f 6575 6576 6573
v 1561.785 -79.494 2410.887
v 1562.708 -79.771 2418.833
v 1576.467 -80.833 2417.235
v 1575.544 -80.469 2409.289
f 6577 6578 6579
f 6579 6580 6577
v 1575.773 -80.485 2409.269
v 1576.239 -80.815 2417.255
v 1603.868 -82.484 2415.644
v 1603.402 -82.046 2407.658
f 6581 6582 6583
f 6583 6584 6581
v 1605.070 -82.123 2407.917
v 1602.201 -82.415 2415.385
v 1624.097 -83.469 2423.797
v 1626.966 -83.375 2416.329
f 6585 6586 6587
f 6587 6588 6585
v 1193.162 -79.474 2319.889
v 1186.426 -80.074 2324.205
v 1231.956 -82.519 2395.267
v 1238.692 -81.692 2390.952
f 6589 6590 6591
f 6591 6592 6589
v 996.851 -92.639 2176.825
v 996.369 -92.887 2184.811
v 1134.539 -75.878 2193.157
v 1135.021 -76.142 2185.172
f 6593 6594 6595
f 6595 6596 6593
v 1135.394 -76.106 2185.212
v 1134.166 -75.915 2193.117
v 1168.775 -74.022 2198.492
v 1170.003 -74.289 2190.587
f 6597 6598 6599
f 6599 6600 6597
v 1169.592 -74.308 2190.545
v 1169.186 -74.002 2198.535
v 1187.097 -73.661 2199.446
v 1187.504 -73.973 2191.456
f 6601 6602 6603
f 6603 6604 6601
v 851.159 -96.126 2298.054
v 851.851 -95.709 2306.024
v 886.182 -95.629 2303.040
v 885.490 -96.304 2295.070
f 6605 6606 6607
f 6607 6608 6605
v 623.585 -98.715 1867.531
v 618.474 -99.037 1873.686
v 694.616 -104.296 1936.920
v 699.727 -103.837 1930.765
f 6609 6610 6611
f 6611 6612 6609
v 829.305 -95.077 1863.164
v 831.805 -94.797 1870.763
v 904.775 -94.231 1846.753
v 902.274 -95.037 1839.154
f 6613 6614 6615
f 6615 6616 6613
v 980.795 -89.661 2102.024
v 973.040 -90.190 2103.987
v 992.732 -93.232 2181.800
v 1000.488 -92.296 2179.837
f 6617 6618 6619
f 6619 6620 6617
v 1000.462 -92.297 2179.740
v 992.758 -93.232 2181.897
v 1026.199 -88.207 2301.335
v 1033.902 -87.585 2299.178
f 6621 6622 6623
f 6623 6624 6621
v 1033.795 -87.598 2298.851
v 1026.306 -88.190 2301.662
v 1033.475 -87.317 2320.759
v 1040.964 -86.890 2317.947
f 6625 6626 6627
f 6627 6628 6625
v 1041.148 -86.876 2318.601
v 1033.291 -87.338 2320.104
v 1036.575 -86.963 2337.272
v 1044.432 -86.683 2335.769
f 6629 6630 6631
f 6631 6632 6629
v 1044.501 -86.681 2336.382
v 1036.506 -86.972 2336.660
v 1040.380 -86.471 2448.041
v 1048.375 -86.963 2447.763
f 6633 6634 6635
f 6635 6636 6633
v 504.246 -91.808 2475.085
v 502.906 -92.088 2482.972
v 517.834 -93.093 2485.508
v 519.174 -92.884 2477.621
f 6637 6638 6639
f 6639 6640 6637
v 519.104 -92.877 2477.609
v 517.904 -93.098 2485.519
v 533.132 -94.525 2487.830
v 534.333 -94.391 2479.921
f 6641 6642 6643
f 6643 6644 6641
v 533.853 -94.345 2479.877
v 533.612 -94.569 2487.873
v 548.473 -95.888 2488.322
v 548.714 -95.742 2480.326
f 6645 6646 6647
f 6647 6648 6645
v 548.860 -95.755 2480.333
v 548.327 -95.875 2488.315
v 572.885 -98.116 2489.953
v 573.417 -98.138 2481.971
f 6649 6650 6651
f 6651 6652 6649
v 573.040 -98.101 2481.963
v 573.262 -98.151 2489.960
v 678.058 -104.809 2487.055
v 677.836 -105.237 2479.058
f 6653 6654 6655
f 6655 6656 6653
v 677.837 -105.237 2479.058
v 678.057 -104.809 2487.055
v 707.400 -104.378 2486.249
v 707.181 -104.814 2478.252
f 6657 6658 6659
f 6659 6660 6657
v 707.180 -104.814 2478.252
v 707.401 -104.378 2486.249
v 767.558 -100.575 2484.585
v 767.337 -100.851 2476.588
f 6661 6662 6663
f 6663 6664 6661
v 1775.098 -80.119 1415.301
v 1768.401 -79.861 1419.677
v 1771.819 -79.716 1424.907
v 1778.516 -79.950 1420.531
f 6665 6666 6667
f 6667 6668 6665
v 1779.043 -79.902 1421.731
v 1771.291 -79.755 1423.707
v 1772.928 -79.529 1430.126
v 1780.680 -79.621 1428.150
f 6669 6670 6671
f 6671 6672 6669
v 1780.744 -79.543 1429.827
v 1772.864 -79.592 1428.449
v 1768.934 -78.938 1450.914
v 1776.814 -78.720 1452.293
f 6673 6674 6675
f 6675 6676 6673
v 1019.842 -88.038 1642.357
v 1019.665 -88.325 1650.355
v 1032.801 -87.434 1650.645
v 1032.977 -87.296 1642.647
f 6677 6678 6679
f 6679 6680 6677
v 1032.691 -87.312 1642.651
v 1033.087 -87.415 1650.641
v 1060.304 -85.591 1649.294
v 1059.909 -85.789 1641.304
f 6681 6682 6683
f 6683 6684 6681
v 1137.545 -76.117 1711.300
v 1138.538 -75.756 1719.239
v 1152.375 -75.216 1717.509
v 1151.382 -75.626 1709.570
f 6685 6686 6687
f 6687 6688 6685
v 1150.907 -75.641 1709.659
v 1152.849 -75.199 1717.420
v 1170.160 -74.605 1713.088
v 1168.218 -75.191 1705.327
f 6689 6690 6691
f 6691 6692 6689
v 1168.007 -75.196 1705.386
v 1170.371 -74.600 1713.029
v 1187.236 -74.634 1707.812
v 1184.871 -75.093 1700.169
f 6693 6694 6695
f 6695 6696 6693
v 835.534 -97.039 1782.844
v 835.861 -97.200 1774.851
v 778.988 -93.327 1772.527
v 778.661 -93.456 1780.520
f 6697 6698 6699
f 6699 6700 6697
v 657.997 -91.745 1753.487
v 653.903 -92.042 1760.361
v 696.260 -91.322 1785.586
v 700.354 -90.940 1778.713
f 6701 6702 6703
f 6703 6704 6701
v 757.973 -98.248 1885.311
v 765.434 -97.791 1882.425
v 758.243 -96.804 1863.830
v 750.782 -97.158 1866.716
f 6705 6706 6707
f 6707 6708 6705
v 750.762 -97.154 1866.663
v 758.263 -96.807 1863.883
v 724.778 -90.660 1773.548
v 717.277 -90.781 1776.329
f 6709 6710 6711
f 6711 6712 6709
v -330.170 -75.351 1605.048
v -330.445 -75.116 1613.043
v -235.322 -75.945 1616.319
v -235.047 -76.711 1608.323
f 6713 6714 6715
f 6715 6716 6713
v -234.645 -76.711 1608.358
v -235.724 -75.946 1616.284
v -186.454 -75.516 1622.994
v -185.375 -76.109 1615.067
f 6717 6718 6719
f 6719 6720 6717
v -185.884 -76.112 1615.030
v -185.945 -75.515 1623.030
v -127.157 -75.852 1623.479
v -127.096 -75.897 1615.479
f 6721 6722 6723
f 6723 6724 6721
v -267.415 -78.413 1452.903
v -269.479 -78.912 1460.632
v -262.799 -79.226 1462.415
v -260.736 -78.651 1454.686
f 6725 6726 6727
f 6727 6728 6725
v -259.828 -78.690 1455.052
v -263.708 -79.186 1462.048
v -258.565 -79.473 1464.901
v -254.685 -78.974 1457.905
f 6729 6730 6731
f 6731 6732 6729
v -253.860 -79.031 1458.513
v -259.390 -79.415 1464.294
v -253.301 -79.950 1470.118
v -247.771 -79.566 1464.337
f 6733 6734 6735
f 6735 6736 6733
v -247.297 -79.616 1464.880
v -253.775 -79.901 1469.575
v -250.090 -80.195 1474.659
v -243.612 -80.068 1469.965
f 6737 6738 6739
f 6739 6740 6737
v -243.546 -80.076 1470.059
v -250.156 -80.190 1474.566
v -246.950 -80.445 1479.267
v -240.340 -80.333 1474.761
f 6741 6742 6743
f 6743 6744 6741
v -240.061 -80.358 1475.239
v -247.229 -80.419 1478.789
v -243.945 -80.763 1485.419
v -236.777 -80.704 1481.869
f 6745 6746 6747
f 6747 6748 6745
v -236.725 -80.709 1481.976
v -243.997 -80.757 1485.312
v -240.167 -81.189 1493.659
v -232.896 -81.144 1490.323
f 6749 6750 6751
f 6751 6752 6749
v -84.909 -76.612 1875.345
v -85.365 -76.234 1883.332
v -22.392 -76.791 1886.924
v -21.936 -77.601 1878.937
f 6753 6754 6755
f 6755 6756 6753
v -214.310 -81.408 1520.454
v -215.160 -81.410 1512.500
v -293.240 -79.533 1520.847
v -292.390 -79.614 1528.801
f 6757 6758 6759
f 6759 6760 6757
v -199.632 -81.355 2000.682
v -191.634 -81.077 2000.866
v -190.810 -81.094 1965.129
v -198.808 -81.369 1964.944
f 6761 6762 6763
f 6763 6764 6761
v -298.747 -79.630 2007.095
v -297.948 -79.522 2015.055
v -195.234 -81.108 2004.754
v -196.032 -81.324 1996.794
f 6765 6766 6767
f 6767 6768 6765
v -486.386 -77.021 1625.836
v -485.232 -77.805 1633.752
v -370.996 -74.667 1617.098
v -372.150 -74.459 1609.182
f 6769 6770 6771
f 6771 6772 6769
v -371.968 -74.462 1609.159
v -371.178 -74.666 1617.120
v -329.912 -75.125 1613.026
v -330.702 -75.337 1605.065
f 6773 6774 6775
f 6775 6776 6773
v -220.772 -68.864 2264.706
v -214.376 -69.506 2269.511
v -175.559 -70.234 2217.848
v -181.955 -69.567 2213.043
f 6777 6778 6779
f 6779 6780 6777
v -181.024 -69.662 2212.150
v -176.490 -70.138 2218.741
v -163.053 -71.526 2209.496
v -167.588 -71.051 2202.906
f 6781 6782 6783
f 6783 6784 6781
v -166.840 -71.129 2202.501
v -163.801 -71.449 2209.901
v -155.441 -72.315 2206.467
v -158.480 -72.026 2199.067
f 6785 6786 6787
f 6787 6788 6785
v -158.048 -72.074 2198.918
v -155.873 -72.270 2206.616
v -147.368 -73.152 2204.213
v -149.544 -72.986 2196.514
f 6789 6790 6791
f 6791 6792 6789
v -148.992 -73.044 2196.400
v -147.919 -73.095 2204.328
v -135.819 -74.502 2202.690
v -136.892 -74.416 2194.762
f 6793 6794 6795
f 6795 6796 6793
v -136.619 -74.450 2194.735
v -136.091 -74.468 2202.717
v -124.904 -75.875 2201.978
v -125.431 -75.823 2193.995
f 6797 6798 6799
f 6799 6800 6797
v 679.160 -99.628 2551.643
v 671.212 -99.547 2552.552
v 677.479 -94.245 2607.344
v 685.427 -94.117 2606.435
f 6801 6802 6803
f 6803 6804 6801
v 412.498 -95.039 767.052
v 408.483 -94.161 760.132
v 375.477 -91.669 779.284
v 379.492 -92.440 786.204
f 6805 6806 6807
f 6807 6808 6805
v 379.491 -92.440 786.204
v 375.478 -91.669 779.283
v 363.700 -90.366 786.112
v 367.713 -91.109 793.033
f 6809 6810 6811
f 6811 6812 6809
v 368.152 -91.159 792.738
v 363.262 -90.317 786.406
v 356.694 -89.586 791.478
v 361.584 -90.419 797.810
f 6813 6814 6815
f 6815 6816 6813
v 362.546 -90.520 796.741
v 355.732 -89.484 792.548
v 352.148 -89.131 798.372
v 358.961 -90.169 802.565
f 6817 6818 6819
f 6819 6820 6817
v 359.551 -90.216 800.627
v 351.558 -89.088 800.311
v 351.257 -89.180 807.932
v 359.251 -90.309 808.248
f 6821 6822 6823
f 6823 6824 6821
v 359.238 -90.298 807.734
v 351.270 -89.191 808.446
v 352.016 -89.450 816.793
v 359.984 -90.548 816.081
f 6825 6826 6827
f 6827 6828 6825
v 359.745 -90.497 815.032
v 352.255 -89.504 817.843
v 357.186 -90.424 830.985
v 364.676 -91.408 828.174
f 6829 6830 6831
f 6831 6832 6829
v 363.645 -91.239 826.641
v 358.217 -90.580 832.517
v 381.650 -93.701 854.165
v 387.078 -94.421 848.289
f 6833 6834 6835
f 6835 6836 6833
v 387.468 -94.468 848.704
v 381.260 -93.654 853.750
v 402.611 -95.187 880.020
v 408.819 -95.871 874.975
f 6837 6838 6839
f 6839 6840 6837
v 57.332 -73.716 739.567
v 55.413 -72.868 731.800
v 40.340 -72.890 735.525
v 42.259 -73.759 743.292
f 6841 6842 6843
f 6843 6844 6841
v 41.408 -73.754 743.407
v 41.191 -72.897 735.410
v 35.815 -72.784 735.555
v 36.031 -73.671 743.552
f 6845 6846 6847
f 6847 6848 6845
v 34.686 -73.627 743.358
v 37.159 -72.840 735.750
v 29.846 -72.363 733.372
v 27.373 -73.243 740.980
f 6849 6850 6851
f 6851 6852 6849
v 25.556 -73.077 739.760
v 31.662 -72.563 734.592
v 23.447 -71.078 724.884
v 17.340 -71.488 730.052
f 6853 6854 6855
f 6855 6856 6853
v 16.904 -71.384 729.423
v 23.883 -71.176 725.513
v -5.817 -62.229 672.496
v -12.796 -62.372 676.406
f 6857 6858 6859
f 6859 6860 6857
v -46.135 -51.732 584.566
v -53.407 -51.853 587.902
v -12.942 -62.324 676.119
v -5.671 -62.277 672.783
f 6861 6862 6863
f 6863 6864 6861
v -56.905 -55.426 630.034
v -60.359 -54.649 622.818
v -88.367 -56.584 636.225
v -84.913 -57.129 643.441
f 6865 6866 6867
f 6867 6868 6865
v -83.762 -57.040 642.611
v -89.518 -56.675 637.054
v -93.547 -57.085 641.228
v -87.792 -57.450 646.785
f 6869 6870 6871
f 6871 6872 6869
v -86.834 -57.300 645.140
v -94.506 -57.230 642.873
v -96.009 -57.647 647.958
v -88.337 -57.757 650.225
f 6873 6874 6875
f 6875 6876 6873
v -88.177 -57.635 648.895
v -96.168 -57.757 649.288
v -95.867 -58.259 655.403
v -87.877 -58.187 655.011
f 6877 6878 6879
f 6879 6880 6877
v -88.198 -58.063 653.626
v -95.546 -58.372 656.788
v -78.971 -62.206 695.303
v -71.622 -62.137 692.140
f 6881 6882 6883
f 6883 6884 6881
v -71.999 -62.048 691.457
v -78.594 -62.291 695.986
v -75.310 -62.929 700.768
v -68.715 -62.706 696.238
f 6885 6886 6887
f 6887 6888 6885
v -71.596 -62.402 694.525
v -72.429 -63.246 702.481
v -66.752 -63.580 703.076
v -65.919 -62.684 695.119
f 6889 6890 6891
f 6891 6892 6889
v -68.061 -62.645 695.489
v -64.610 -63.637 702.706
v -30.279 -63.014 686.288
v -33.730 -61.867 679.071
f 6893 6894 6895
f 6895 6896 6893
v -28.692 -51.565 577.764
v -32.935 -51.218 570.982
v -51.893 -51.603 582.843
v -47.649 -52.032 589.625
f 6897 6898 6899
f 6899 6900 6897
v -47.356 -52.019 589.423
v -52.185 -51.610 583.045
v -63.228 -52.199 591.406
v -58.399 -52.586 597.784
f 6901 6902 6903
f 6903 6904 6901
v -57.473 -52.517 596.795
v -64.154 -52.312 592.395
v -67.895 -52.889 598.074
v -61.214 -52.978 602.474
f 6905 6906 6907
f 6907 6908 6905
v -60.604 -52.833 600.905
v -68.504 -53.031 599.644
v -69.695 -53.638 607.106
v -61.795 -53.455 608.367
f 6909 6910 6911
f 6911 6912 6909
v -61.919 -53.320 606.571
v -69.572 -53.770 608.903
v -66.432 -54.475 619.205
v -58.780 -54.070 616.873
f 6913 6914 6915
f 6915 6916 6913
v -58.991 -54.025 616.326
v -66.221 -54.521 619.752
v -62.247 -55.242 628.139
v -55.017 -54.900 624.714
f 6917 6918 6919
f 6919 6920 6917
v -55.016 -54.900 624.715
v -62.248 -55.241 628.137
v -47.564 -58.869 659.163
v -40.333 -58.617 655.741
f 6921 6922 6923
f 6923 6924 6921
v -40.334 -58.617 655.741
v -47.564 -58.869 659.164
v -35.620 -62.536 684.391
v -28.389 -62.331 680.968
f 6925 6926 6927
f 6927 6928 6925
v -33.368 -61.859 678.919
v -30.641 -63.021 686.440
v -7.943 -62.896 678.212
v -10.670 -61.701 670.691
f 6929 6930 6931
f 6931 6932 6929
v -10.456 -61.703 670.620
v -8.157 -62.893 678.282
v 8.708 -63.159 673.224
v 6.409 -61.990 665.561
f 6933 6934 6935
f 6935 6936 6933
v 76.699 -67.886 666.749
v 84.626 -68.612 665.669
v 81.542 -66.585 643.031
v 73.615 -65.646 644.110
f 6937 6938 6939
f 6939 6940 6937
v 73.851 -65.746 645.022
v 81.306 -66.491 642.119
v 79.213 -65.833 636.744
v 71.758 -65.058 639.646
f 6941 6942 6943
f 6943 6944 6941
v 72.659 -65.284 641.025
v 78.313 -65.612 635.365
v 75.919 -65.108 632.974
v 70.266 -64.780 638.634
f 6945 6946 6947
f 6947 6948 6945
v 72.191 -65.119 639.701
v 73.994 -64.761 631.907
v 68.172 -63.842 630.560
v 66.369 -64.239 638.354
f 6949 6950 6951
f 6951 6952 6949
v 67.698 -64.423 638.434
v 66.843 -63.650 630.480
v 55.655 -62.435 631.682
v 56.510 -63.244 639.636
f 6953 6954 6955
f 6955 6956 6953
v 57.230 -63.307 639.491
v 54.935 -62.370 631.827
v 34.029 -60.730 638.088
v 36.324 -61.754 645.751
f 6957 6958 6959
f 6959 6960 6957
v 37.361 -61.810 645.271
v 32.993 -60.671 638.568
v 16.718 -60.401 649.174
v 21.086 -61.560 655.877
f 6961 6962 6963
f 6963 6964 6961
v 57.437 -56.873 409.409
v 58.603 -56.681 401.495
v 35.827 -55.883 398.140
v 34.661 -56.097 406.054
f 6965 6966 6967
f 6967 6968 6965
v 34.397 -56.088 406.006
v 36.091 -55.892 398.188
v 17.066 -54.998 394.067
v 15.372 -55.139 401.885
f 6969 6970 6971
f 6971 6972 6969
v 15.185 -55.125 401.840
v 17.254 -55.013 394.112
v 1.124 -53.766 389.793
v -0.946 -53.883 397.521
f 6973 6974 6975
f 6975 6976 6973
v -1.493 -53.839 397.331
v 1.671 -53.810 389.983
v -16.029 -52.338 382.362
v -19.193 -52.353 389.709
f 6977 6978 6979
f 6979 6980 6977
v -19.658 -52.293 389.472
v -15.563 -52.378 382.599
v -28.465 -50.739 374.912
v -32.560 -50.528 381.785
f 6981 6982 6983
f 6983 6984 6981
v -32.341 -50.558 381.906
v -28.684 -50.709 374.791
v -45.104 -48.051 366.351
v -48.761 -48.220 373.466
f 6985 6986 6987
f 6987 6988 6985
v -8.368 -53.580 419.880
v -6.214 -53.706 427.585
v 11.407 -54.916 422.658
v 9.253 -54.790 414.953
f 6989 6990 6991
f 6991 6992 6989
v 9.252 -54.790 414.954
v 11.409 -54.916 422.657
v 59.098 -56.927 409.304
v 56.941 -56.636 401.600
f 6993 6994 6995
f 6995 6996 6993
v 221.908 -56.020 362.860
v 213.908 -55.567 362.929
v 214.209 -59.173 397.865
v 222.208 -59.634 397.796
f 6997 6998 6999
f 6999 7000 6997
v 222.207 -59.626 397.728
v 214.210 -59.181 397.933
v 214.956 -63.152 427.044
v 222.953 -63.633 426.840
f 7001 7002 7003
f 7003 7004 7001
v 222.946 -63.611 426.686
v 214.962 -63.174 427.198
v 216.309 -66.413 448.238
v 224.293 -66.885 447.727
f 7005 7006 7007
f 7007 7008 7005
v 224.290 -66.972 448.280
v 216.312 -66.328 447.686
v 214.810 -69.336 467.855
v 222.787 -70.022 468.449
f 7009 7010 7011
f 7011 7012 7009
v 222.798 -69.970 468.105
v 214.799 -69.387 468.199
v 215.099 -73.328 494.021
v 223.099 -73.970 493.928
f 7013 7014 7015
f 7015 7016 7013
v 540.459 -87.999 612.706
v 548.357 -88.822 611.432
v 521.640 -88.007 445.708
v 513.742 -87.789 446.982
f 7017 7018 7019
f 7019 7020 7017
v 513.731 -87.792 446.909
v 521.651 -88.005 445.781
v 512.835 -89.378 383.834
v 504.915 -89.350 384.961
f 7021 7022 7023
f 7023 7024 7021
v 504.913 -89.350 384.946
v 512.837 -89.378 383.849
v 502.239 -85.918 307.267
v 494.315 -85.940 308.363
f 7025 7026 7027
f 7027 7028 7025
v 187.865 -53.388 354.377
v 185.857 -52.739 346.633
v 177.196 -52.833 348.878
v 179.204 -53.476 356.622
f 7029 7030 7031
f 7031 7032 7029
v 179.386 -53.474 356.571
v 177.015 -52.835 348.930
v 170.291 -52.935 351.017
v 172.662 -53.573 358.657
f 7033 7034 7035
f 7035 7036 7033
v 175.152 -53.418 356.416
v 167.801 -53.090 353.259
v 165.742 -53.454 358.053
v 173.092 -53.783 361.211
f 7037 7038 7039
f 7039 7040 7037
v 173.283 -53.575 358.605
v 165.551 -53.661 360.659
v 169.670 -54.993 376.165
v 177.402 -54.864 374.112
f 7041 7042 7043
f 7043 7044 7041
v 249.251 -82.823 2230.718
v 253.936 -83.397 2237.203
v 283.970 -85.903 2215.505
v 279.285 -85.350 2209.020
f 7045 7046 7047
f 7047 7048 7045
v 139.421 -87.293 2386.615
v 146.559 -88.201 2390.228
v 181.391 -86.291 2321.410
v 174.253 -85.797 2317.797
f 7049 7050 7051
f 7051 7052 7049
v 174.447 -85.777 2317.456
v 181.196 -86.312 2321.751
v 196.291 -84.733 2298.033
v 189.542 -84.153 2293.738
f 7053 7054 7055
f 7055 7056 7053
v 189.776 -84.131 2293.408
v 196.057 -84.755 2298.363
v 210.362 -83.722 2280.230
v 204.081 -83.208 2275.275
f 7057 7058 7059
f 7059 7060 7057
v 204.324 -83.194 2274.995
v 210.118 -83.737 2280.511
v 219.335 -83.231 2270.831
v 213.542 -82.689 2265.314
f 7061 7062 7063
f 7063 7064 7061
v 213.580 -82.687 2265.275
v 219.297 -83.233 2270.871
v 230.841 -82.726 2259.077
v 225.124 -82.291 2253.481
f 7065 7066 7067
f 7067 7068 7065
v 225.235 -82.289 2253.373
v 230.730 -82.723 2259.186
v 254.341 -83.413 2236.868
v 248.845 -82.795 2231.054
f 7069 7070 7071
f 7071 7072 7069
v 203.414 -80.977 2205.154
v 192.171 -80.803 2200.962
v 183.844 -80.885 2223.294
v 195.088 -80.869 2227.486
f 7073 7074 7075
f 7075 7076 7073
v 195.087 -80.869 2227.487
v 183.844 -80.885 2223.292
v 179.592 -81.154 2234.689
v 190.835 -81.101 2238.884
f 7077 7078 7079
f 7079 7080 7077
v 190.798 -81.104 2238.980
v 179.629 -81.149 2234.593
v 150.897 -84.624 2307.743
v 162.066 -85.101 2312.130
f 7081 7082 7083
f 7083 7084 7081
v 162.203 -85.081 2311.743
v 150.760 -84.641 2308.130
v 144.526 -85.404 2327.873
v 155.969 -86.056 2331.487
f 7085 7086 7087
f 7087 7088 7085
v 155.970 -86.056 2331.486
v 144.526 -85.405 2327.874
v 137.547 -85.939 2349.981
v 148.990 -86.879 2353.594
f 7089 7090 7091
f 7091 7092 7089
v 148.989 -86.879 2353.596
v 137.547 -85.939 2349.978
v 133.718 -86.017 2362.088
v 145.160 -87.117 2365.706
f 7093 7094 7095
f 7095 7096 7093
v 145.161 -87.117 2365.703
v 133.717 -86.017 2362.092
v 127.828 -85.896 2380.752
v 139.272 -87.223 2384.363
f 7097 7098 7099
f 7099 7100 7097
v 139.323 -87.224 2384.193
v 127.777 -85.894 2380.923
v 98.823 -82.490 2483.138
v 110.369 -84.006 2486.409
f 7101 7102 7103
f 7103 7104 7101
v 110.279 -83.995 2486.698
v 98.913 -82.499 2482.849
v 81.258 -81.730 2534.986
v 92.624 -82.736 2538.835
f 7105 7106 7107
f 7107 7108 7105
v 92.623 -82.736 2538.836
v 81.258 -81.730 2534.985
v 64.649 -83.432 2584.006
v 76.014 -83.799 2587.857
f 7109 7110 7111
f 7111 7112 7109
v 76.114 -83.784 2587.532
v 64.549 -83.450 2584.330
v 60.286 -84.334 2599.728
v 71.851 -84.482 2602.931
f 7113 7114 7115
f 7115 7116 7113
v -210.402 -69.140 2168.694
v -203.929 -69.228 2173.397
v -187.532 -71.274 2150.827
v -194.004 -71.316 2146.125
f 7117 7118 7119
f 7119 7120 7117
v -194.208 -71.289 2146.435
v -187.328 -71.301 2150.517
v -179.948 -72.426 2138.076
v -186.828 -72.397 2133.994
f 7121 7122 7123
f 7123 7124 7121
v -186.895 -72.386 2134.112
v -179.880 -72.439 2137.958
v -173.001 -73.641 2125.412
v -180.016 -73.584 2121.566
f 7125 7126 7127
f 7127 7128 7125
v -180.106 -73.568 2121.742
v -172.910 -73.656 2125.236
v -170.973 -73.987 2121.248
v -178.169 -73.923 2117.753
f 7129 7130 7131
f 7131 7132 7129
v 908.415 -85.164 1965.478
v 910.924 -84.910 1973.074
v 928.234 -83.922 1967.356
v 925.725 -84.180 1959.759
f 7133 7134 7135
f 7135 7136 7133
v 923.320 -84.254 1965.173
v 930.639 -83.850 1961.942
v 920.320 -85.535 1938.566
v 913.001 -85.790 1941.797
f 7137 7138 7139
f 7139 7140 7137
v 911.924 -87.118 1920.812
v 909.240 -87.875 1913.275
v 893.889 -88.258 1918.743
v 896.573 -87.526 1926.279
f 7141 7142 7143
f 7143 7144 7141
v 908.549 -87.221 1921.797
v 915.644 -87.140 1918.101
v 914.130 -87.461 1915.195
v 907.035 -87.538 1918.892
f 7145 7146 7147
f 7147 7148 7145
v 899.053 -87.776 1921.331
v 891.409 -88.012 1923.691
v 905.847 -85.257 1970.456
v 913.491 -84.818 1968.096
f 7149 7150 7151
f 7151 7152 7149
v 388.921 -91.270 2018.851
v 389.047 -91.113 2010.852
v 357.265 -92.944 2010.351
v 357.139 -92.992 2018.350
f 7153 7154 7155
f 7155 7156 7153
v 356.698 -93.016 2018.318
v 357.706 -92.918 2010.382
v 346.985 -93.549 2009.022
v 345.978 -93.615 2016.958
f 7157 7158 7159
f 7159 7160 7157
v 345.482 -93.644 2016.863
v 347.482 -93.519 2009.117
v 338.944 -94.038 2006.911
v 336.943 -94.139 2014.657
f 7161 7162 7163
f 7163 7164 7161
v 336.159 -94.186 2014.364
v 339.729 -93.990 2007.205
v 331.413 -94.518 2003.058
v 327.843 -94.696 2010.217
f 7165 7166 7167
f 7167 7168 7165
v 327.170 -94.739 2009.793
v 332.086 -94.474 2003.482
v 323.626 -95.054 1996.892
v 318.710 -95.312 2003.203
f 7169 7170 7171
f 7171 7172 7169
v 318.266 -95.344 2002.800
v 324.070 -95.022 1997.295
v 314.163 -95.773 1986.848
v 308.358 -96.017 1992.353
f 7173 7174 7175
f 7175 7176 7173
v 307.821 -96.048 1991.643
v 314.700 -95.741 1987.558
v 298.614 -96.255 1960.472
v 291.736 -96.543 1964.557
f 7177 7178 7179
f 7179 7180 7177
v 291.888 -96.539 1964.794
v 298.462 -96.258 1960.234
v 289.723 -96.205 1947.635
v 283.149 -96.589 1952.195
f 7181 7182 7183
f 7183 7184 7181
v -526.455 -37.552 444.275
v -531.904 -37.807 450.132
v -509.151 -38.274 471.305
v -503.701 -38.095 465.448
f 7185 7186 7187
f 7187 7188 7185
v -502.519 -38.114 467.517
v -510.332 -38.252 469.236
v -504.299 -38.621 496.657
v -496.486 -38.383 494.937
f 7189 7190 7191
f 7191 7192 7189
v -496.392 -38.391 495.755
v -504.392 -38.606 495.839
v -504.214 -39.010 512.864
v -496.214 -38.740 512.781
f 7193 7194 7195
f 7195 7196 7193
v -496.215 -38.742 512.884
v -504.214 -39.007 512.761
v -504.536 -39.680 533.828
v -496.537 -39.358 533.951
f 7197 7198 7199
f 7199 7200 7197
v -496.681 -39.407 534.954
v -504.393 -39.629 532.825
v -505.450 -39.845 536.656
v -497.739 -39.616 538.785
f 7201 7202 7203
f 7203 7204 7201
v -498.869 -39.744 540.647
v -504.320 -39.715 534.793
v -507.682 -39.996 537.923
v -502.231 -40.027 543.778
f 7205 7206 7207
f 7207 7208 7205
v -503.592 -40.124 544.611
v -506.321 -39.901 537.090
v -547.386 -44.105 551.989
v -544.658 -44.379 559.510
f 7209 7210 7211
f 7211 7212 7209
v -613.418 -77.676 1281.382
v -612.967 -77.775 1289.370
v -522.943 -82.868 1284.285
v -523.394 -82.673 1276.297
f 7213 7214 7215
f 7215 7216 7213
v -523.448 -82.671 1276.301
v -522.888 -82.871 1284.281
v -473.919 -83.228 1280.847
v -474.479 -83.024 1272.867
f 7217 7218 7219
f 7219 7220 7217
v -474.543 -83.025 1272.872
v -473.855 -83.228 1280.842
v -426.577 -80.505 1276.761
v -427.265 -80.391 1268.791
f 7221 7222 7223
f 7223 7224 7221
v -427.209 -80.385 1268.786
v -426.634 -80.510 1276.766
v -282.342 -66.290 1266.371
v -282.916 -66.348 1258.392
f 7225 7226 7227
f 7227 7228 7225
v -283.175 -66.364 1258.419
v -282.083 -66.274 1266.344
v -237.733 -65.155 1260.229
v -238.826 -65.388 1252.304
f 7229 7230 7231
f 7231 7232 7229
v 663.109 -99.665 598.650
v 655.114 -99.294 598.358
v 654.680 -99.197 610.232
v 662.675 -99.550 610.525
f 7233 7234 7235
f 7235 7236 7233
v 662.655 -99.553 609.959
v 654.700 -99.194 610.798
v 655.601 -99.125 619.344
v 663.557 -99.499 618.504
f 7237 7238 7239
f 7239 7240 7237
v 663.314 -99.521 617.493
v 655.844 -99.095 620.355
v 658.293 -98.932 626.748
v 665.763 -99.354 623.886
f 7241 7242 7243
f 7243 7244 7241
v 665.583 -99.365 623.484
v 658.473 -98.923 627.150
v 662.948 -98.722 635.828
v 670.058 -99.146 632.161
f 7245 7246 7247
f 7247 7248 7245
v 669.070 -99.166 630.926
v 663.937 -98.703 637.063
v 668.200 -98.692 640.629
v 673.333 -99.157 634.493
f 7249 7250 7251
f 7251 7252 7249
v 671.899 -99.141 633.724
v 669.635 -98.705 641.397
v 676.036 -98.828 643.286
v 678.300 -99.282 635.613
f 7253 7254 7255
f 7255 7256 7253
v 675.777 -99.187 635.699
v 678.558 -98.915 643.200
v 681.942 -99.090 641.945
v 679.161 -99.371 634.444
f 7257 7258 7259
f 7259 7260 7257
v 678.123 -99.305 635.016
v 682.980 -99.154 641.373
v 686.420 -99.265 638.745
v 681.563 -99.563 632.388
f 7261 7262 7263
f 7263 7264 7261
v 680.982 -99.514 632.931
v 687.001 -99.285 638.202
v 689.962 -99.416 634.820
v 683.943 -99.774 629.550
f 7265 7266 7267
f 7267 7268 7265
v 683.533 -99.751 630.111
v 690.373 -99.439 634.260
v 692.688 -99.600 630.442
v 685.848 -99.913 626.293
f 7269 7270 7271
f 7271 7272 7269
v 685.596 -99.892 626.782
v 692.940 -99.621 629.954
v 695.233 -99.857 624.644
v 687.889 -100.130 621.472
f 7273 7274 7275
f 7275 7276 7273
v 687.745 -100.112 621.859
v 695.377 -99.874 624.258
v 697.336 -100.159 618.023
v 689.704 -100.315 615.625
f 7277 7278 7279
f 7279 7280 7277
v 689.671 -100.314 615.738
v 697.370 -100.164 617.910
v 700.008 -100.237 608.559
v 692.309 -100.384 606.387
f 7281 7282 7283
f 7283 7284 7281
v 692.850 -100.389 605.225
v 699.468 -100.232 609.720
v 701.917 -100.236 606.114
v 695.299 -100.393 601.619
f 7285 7286 7287
f 7287 7288 7285
v 695.833 -100.392 600.986
v 701.383 -100.236 606.748
v 709.665 -100.199 598.770
v 704.115 -100.355 593.008
f 7289 7290 7291
f 7291 7292 7289
v 703.518 -100.356 593.737
v 710.261 -100.198 598.041
v 715.616 -100.210 589.654
v 708.873 -100.283 585.349
f 7293 7294 7295
f 7295 7296 7293
v 708.655 -100.298 585.737
v 715.834 -100.211 589.267
v 721.400 -99.864 577.947
v 714.221 -99.867 574.417
f 7297 7298 7299
f 7299 7300 7297
v 714.432 -99.853 574.040
v 721.188 -99.878 578.325
v 732.554 -98.737 560.401
v 725.798 -99.064 556.117
f 7301 7302 7303
f 7303 7304 7301
v 725.772 -99.069 556.158
v 732.580 -98.734 560.360
v 740.172 -97.563 548.063
v 733.364 -97.748 543.861
f 7305 7306 7307
f 7307 7308 7305
v -414.717 -44.124 596.542
v -406.843 -44.532 595.131
v -418.465 -39.444 530.291
v -426.339 -39.072 531.703
f 7309 7310 7311
f 7311 7312 7309
v -426.166 -39.110 532.350
v -418.638 -39.403 529.644
v -421.320 -38.976 522.181
v -428.849 -38.664 524.888
f 7313 7314 7315
f 7315 7316 7313
v -428.208 -38.726 526.033
v -421.961 -38.910 521.036
v -426.737 -38.522 515.066
v -432.984 -38.392 520.063
f 7317 7318 7319
f 7319 7320 7317
v -431.567 -38.441 521.182
v -428.154 -38.431 513.946
v -433.531 -38.203 511.411
v -436.943 -38.330 518.646
f 7321 7322 7323
f 7323 7324 7321
v -435.393 -38.350 519.025
v -435.081 -38.185 511.031
v -442.851 -38.131 510.728
v -443.163 -38.281 518.721
f 7325 7326 7327
f 7327 7328 7325
v -442.350 -38.287 518.670
v -443.665 -38.127 510.779
v -458.882 -38.072 513.315
v -457.567 -38.203 521.206
f 7329 7330 7331
f 7331 7332 7329
v -288.094 -35.996 449.283
v -283.798 -34.809 442.535
v -328.137 -30.951 414.309
v -332.433 -32.052 421.057
f 7333 7334 7335
f 7335 7336 7333
v -331.118 -32.079 421.595
v -329.452 -30.932 413.771
v -335.719 -31.024 412.436
v -337.385 -32.125 420.261
f 7337 7338 7339
f 7339 7340 7337
v -335.564 -32.053 420.225
v -337.541 -31.109 412.473
v -343.964 -31.598 414.111
v -341.987 -32.495 421.863
f 7341 7342 7343
f 7343 7344 7341
v -341.047 -32.415 421.491
v -344.904 -31.684 414.482
v -350.881 -32.342 417.771
v -347.025 -33.026 424.780
f 7345 7346 7347
f 7347 7348 7345
v -346.181 -32.923 424.159
v -351.725 -32.456 418.392
v -405.916 -37.656 470.486
v -400.371 -37.937 476.253
f 7349 7350 7351
f 7351 7352 7349
v -401.417 -37.957 476.977
v -404.870 -37.632 469.761
v -411.438 -37.708 472.905
v -407.984 -37.998 480.121
f 7353 7354 7355
f 7355 7356 7353
v -409.069 -37.995 480.461
v -410.353 -37.705 472.565
v -418.558 -37.682 473.899
v -417.274 -37.913 481.795
f 7357 7358 7359
f 7359 7360 7357
v -418.171 -37.900 481.839
v -417.660 -37.689 473.855
v -424.685 -37.621 473.406
v -425.195 -37.779 481.390
f 7361 7362 7363
f 7363 7364 7361
v -426.381 -37.756 481.129
v -423.499 -37.636 473.666
v -430.067 -37.543 471.130
v -432.949 -37.639 478.593
f 7365 7366 7367
f 7367 7368 7365
v -434.104 -37.633 477.905
v -428.911 -37.561 471.819
v -441.157 -37.434 461.371
v -446.349 -37.565 467.457
f 7369 7370 7371
f 7371 7372 7369
v -285.290 -23.110 372.313
v -293.237 -23.463 373.236
v -286.636 -32.576 430.098
v -278.689 -32.391 429.175
f 7373 7374 7375
f 7375 7376 7373
v -278.671 -32.521 429.904
v -286.653 -32.449 429.369
v -287.255 -34.027 438.324
v -279.273 -34.152 438.860
f 7377 7378 7379
f 7379 7380 7377
v -279.508 -34.358 439.969
v -287.019 -33.827 437.215
v -289.702 -35.129 444.532
v -282.191 -35.696 447.286
f 7381 7382 7383
f 7383 7384 7381
v -282.855 -35.903 448.447
v -289.038 -34.926 443.371
v -336.215 -42.296 500.841
v -330.032 -43.263 505.917
f 7385 7386 7387
f 7387 7388 7385
v 828.133 -84.214 206.166
v 835.448 -84.096 209.407
v 841.270 -83.071 196.264
v 833.955 -83.285 193.024
f 7389 7390 7391
f 7391 7392 7389
v 811.590 -84.908 207.186
v 812.940 -85.067 215.071
v 832.465 -84.323 211.729
v 831.116 -83.979 203.844
f 7393 7394 7395
f 7395 7396 7393
v 829.584 -84.074 204.450
v 833.997 -84.240 211.123
v 843.704 -83.490 204.704
v 839.291 -83.280 198.031
f 7397 7398 7399
f 7399 7400 7397
v 183.174 -75.668 858.039
v 188.277 -76.059 864.200
v 202.392 -75.703 852.511
v 197.290 -75.201 846.350
f 7401 7402 7403
f 7403 7404 7401
v 197.273 -75.202 846.364
v 202.409 -75.702 852.498
v 250.187 -76.457 812.491
v 245.051 -75.912 806.357
f 7405 7406 7407
f 7407 7408 7405
v 244.980 -75.907 806.418
v 250.258 -76.462 812.430
v 264.885 -77.436 799.592
v 259.608 -77.098 793.579
f 7409 7410 7411
f 7411 7412 7409
v 258.311 -76.956 795.870
v 266.182 -77.577 797.302
v 267.974 -77.870 787.448
v 260.103 -77.258 786.017
f 7413 7414 7415
f 7415 7416 7413
v 260.039 -77.242 786.733
v 268.039 -77.885 786.733
v 268.039 -78.001 778.966
v 260.039 -77.365 778.966
f 7417 7418 7419
f 7419 7420 7417
v 261.329 -77.421 781.909
v 266.749 -77.942 776.024
v 255.405 -77.349 765.577
v 249.985 -76.694 771.461
f 7421 7422 7423
f 7423 7424 7421
v 578.020 -93.472 684.997
v 571.109 -93.324 689.027
v 608.880 -92.781 753.812
v 615.791 -92.527 749.783
f 7425 7426 7427
f 7427 7428 7425
v 524.966 -89.686 664.008
v 531.812 -90.429 668.146
v 548.577 -90.041 640.409
v 541.731 -89.225 636.271
f 7429 7430 7431
f 7431 7432 7429
v 541.253 -89.240 637.454
v 549.054 -90.031 639.226
v 550.546 -89.887 632.662
v 542.745 -89.056 630.889
f 7433 7434 7435
f 7435 7436 7433
v 542.671 -89.114 632.227
v 550.620 -89.837 631.324
v 548.382 -88.830 611.618
v 540.434 -87.990 612.520
f 7437 7438 7439
f 7439 7440 7437
v 145.288 -74.315 731.327
v 153.182 -74.536 730.029
v 150.789 -74.735 715.474
v 142.895 -74.408 716.772
f 7441 7442 7443
f 7443 7444 7441
v 142.910 -74.421 715.384
v 150.773 -74.709 716.861
v 151.530 -74.817 712.833
v 143.667 -74.489 711.355
f 7445 7446 7447
f 7447 7448 7445
v 144.318 -74.533 709.806
v 150.879 -74.759 714.382
v 152.961 -74.911 711.397
v 146.399 -74.666 706.821
f 7449 7450 7451
f 7451 7452 7449
v 149.088 -74.832 705.153
v 150.272 -74.755 713.065
v 180.284 -76.327 708.574
v 179.100 -76.657 700.662
f 7453 7454 7455
f 7455 7456 7453
v 187.446 -75.878 722.886
v 181.556 -75.401 728.300
v 204.967 -75.031 753.765
v 210.856 -75.509 748.351
f 7457 7458 7459
f 7459 7460 7457
v 210.851 -75.509 748.345
v 204.972 -75.031 753.771
v 219.299 -74.798 769.290
v 225.177 -75.272 763.864
f 7461 7462 7463
f 7463 7464 7461
v -28.285 -49.583 360.226
v -29.378 -50.101 368.151
v -15.976 -51.722 370.000
v -14.882 -51.166 362.076
f 7465 7466 7467
f 7467 7468 7465
v -14.596 -51.190 362.126
v -16.262 -51.698 369.950
v 6.124 -53.609 374.718
v 7.791 -53.136 366.894
f 7469 7470 7471
f 7471 7472 7469
v 7.119 -53.082 366.809
v 6.796 -53.658 374.803
v 43.821 -55.249 376.296
v 44.143 -54.722 368.302
f 7473 7474 7475
f 7475 7476 7473
v 43.639 -54.712 368.314
v 44.326 -55.259 376.284
v 78.968 -55.349 373.299
v 78.282 -54.748 365.328
f 7477 7478 7479
f 7479 7480 7477
v 1379.252 -82.912 1295.125
v 1379.155 -82.692 1303.125
v 1402.043 -82.366 1303.402
v 1402.140 -82.580 1295.402
f 7481 7482 7483
f 7483 7484 7481
v 1401.992 -82.584 1295.403
v 1402.191 -82.361 1303.401
v 1414.425 -82.027 1303.097
v 1414.226 -82.243 1295.100
f 7485 7486 7487
f 7487 7488 7485
v 1538.528 -74.914 1166.191
v 1539.144 -75.223 1158.215
v 1523.771 -74.961 1157.026
v 1523.155 -74.816 1165.002
f 7489 7490 7491
f 7491 7492 7489
v 1523.539 -74.819 1165.014
v 1523.387 -74.954 1157.015
v 1508.158 -74.660 1157.306
v 1508.311 -74.689 1165.304
f 7493 7494 7495
f 7495 7496 7493
v 1548.051 -76.762 1129.830
v 1540.063 -76.335 1129.384
v 1538.727 -75.399 1153.316
v 1546.715 -75.577 1153.762
f 7497 7498 7499
f 7499 7500 7497
v 1546.371 -75.501 1155.175
v 1539.071 -75.461 1151.902
v 1535.186 -75.073 1160.566
v 1542.486 -75.044 1163.840
f 7501 7502 7503
f 7503 7504 7501
v 1542.433 -75.039 1163.954
v 1535.240 -75.077 1160.452
v 1532.256 -74.855 1166.580
v 1539.449 -74.770 1170.082
f 7505 7506 7507
f 7507 7508 7505
v 1539.446 -74.770 1170.089
v 1532.260 -74.855 1166.573
v 1519.113 -74.459 1193.437
v 1526.299 -74.179 1196.954
f 7509 7510 7511
f 7511 7512 7509
v 76.294 -84.658 1272.136
v 84.251 -84.226 1271.303
v 80.510 -83.627 1235.538
v 72.554 -83.935 1236.370
f 7513 7514 7515
f 7515 7516 7513
v -269.513 -12.565 263.351
v -276.665 -12.203 259.767
v -291.315 -14.140 288.997
v -284.163 -14.419 292.581
f 7517 7518 7519
f 7519 7520 7517
v -285.651 -14.561 294.202
v -289.826 -13.997 287.377
v -295.203 -14.299 290.666
v -291.028 -14.878 297.490
f 7521 7522 7523
f 7523 7524 7521
v -293.453 -14.948 298.064
v -292.778 -14.240 290.092
v -299.947 -14.205 289.485
v -300.622 -14.951 297.456
f 7525 7526 7527
f 7527 7528 7525
v -302.473 -14.905 296.818
v -298.095 -14.259 290.123
v -329.142 -12.637 269.821
v -333.520 -13.513 276.517
f 7529 7530 7531
f 7531 7532 7529
v -156.411 -26.606 326.625
v -163.610 -25.211 323.136
v -174.297 -25.843 345.181
v -167.098 -27.322 348.670
f 7533 7534 7535
f 7535 7536 7533
v -166.717 -27.222 347.326
v -174.677 -25.946 346.525
v -174.978 -26.256 349.510
v -167.018 -27.526 350.311
f 7537 7538 7539
f 7539 7540 7537
v -167.264 -27.275 348.476
v -174.732 -26.510 351.345
v -173.530 -27.057 354.475
v -166.062 -27.818 351.607
f 7541 7542 7543
f 7543 7544 7541
v -167.671 -27.352 349.652
v -171.920 -27.524 356.430
v -160.733 -29.965 363.444
v -156.483 -29.805 356.665
f 7545 7546 7547
f 7547 7548 7545
v -158.777 -29.401 356.058
v -158.439 -30.366 364.051
v -154.999 -30.845 363.906
v -155.337 -29.887 355.913
f 7549 7550 7551
f 7551 7552 7549
v -157.865 -29.637 356.955
v -152.471 -31.091 362.863
v -149.043 -31.235 359.733
v -154.437 -29.781 353.825
f 7553 7554 7555
f 7555 7556 7553
v -155.302 -29.783 354.959
v -148.178 -31.234 358.599
v -137.569 -30.648 337.835
v -144.693 -29.097 334.195
f 7557 7558 7559
f 7559 7560 7557
v 322.883 -76.505 463.184
v 322.236 -75.848 455.210
v 316.859 -75.447 455.646
v 317.506 -76.166 463.620
f 7561 7562 7563
f 7563 7564 7561
v 317.394 -76.159 463.627
v 316.972 -75.456 455.638
v 299.962 -74.169 456.536
v 300.384 -75.040 464.525
f 7565 7566 7567
f 7567 7568 7565
v 300.360 -75.039 464.526
v 299.986 -74.171 456.535
v 274.305 -72.269 457.737
v 274.679 -73.367 465.728
f 7569 7570 7571
f 7571 7572 7569
v 328.805 -79.062 496.362
v 327.089 -78.504 488.548
v 321.557 -78.412 489.764
v 323.273 -79.021 497.577
f 7573 7574 7575
f 7575 7576 7573
v 323.286 -79.021 497.574
v 321.544 -78.412 489.766
v 298.100 -78.069 494.997
v 299.842 -78.853 502.805
f 7577 7578 7579
f 7579 7580 7577
v 299.811 -78.853 502.812
v 298.130 -78.069 494.990
v 285.596 -77.901 497.685
v 287.277 -78.761 505.506
f 7581 7582 7583
f 7583 7584 7581
v 285.697 -78.720 505.527
v 287.176 -77.953 497.664
v 282.400 -77.693 496.766
v 280.921 -78.495 504.628
f 7585 7586 7587
f 7587 7588 7585
v 279.876 -78.428 504.277
v 283.445 -77.767 497.117
v 280.450 -77.494 495.625
v 276.882 -78.176 502.785
f 7589 7590 7591
f 7591 7592 7589
v -403.387 -5.097 229.480
v -407.130 -6.643 236.550
v -395.008 -8.247 242.969
v -391.264 -6.769 235.899
f 7593 7594 7595
f 7595 7596 7593
v -392.967 -6.640 235.438
v -393.305 -8.363 243.431
v -389.877 -8.428 243.576
v -389.538 -6.742 235.583
f 7597 7598 7599
f 7599 7600 7597
v -392.077 -6.854 236.357
v -387.338 -8.304 242.802
v -384.499 -7.922 240.715
v -389.238 -6.472 234.270
f 7601 7602 7603
f 7603 7604 7601
v -390.270 -6.680 235.387
v -383.468 -7.715 239.598
v -374.963 -5.282 225.861
v -381.765 -4.158 221.650
f 7605 7606 7607
f 7607 7608 7605
v 91.913 -59.663 459.694
v 89.182 -59.204 452.175
v 60.083 -57.573 462.741
v 62.814 -57.784 470.261
f 7609 7610 7611
f 7611 7612 7609
v 61.782 -57.707 470.487
v 61.115 -57.644 462.515
v 55.749 -57.274 462.964
v 56.416 -57.303 470.936
f 7613 7614 7615
f 7615 7616 7613
v 54.856 -57.186 470.757
v 57.310 -57.382 463.143
v 52.679 -57.063 461.650
v 50.225 -56.850 469.265
f 7617 7618 7619
f 7619 7620 7617
v 48.763 -56.750 468.419
v 54.141 -57.162 462.496
v 49.209 -56.841 458.018
v 43.832 -56.439 463.941
f 7621 7622 7623
f 7623 7624 7621
v 43.420 -56.414 463.508
v 49.620 -56.866 458.452
v 43.654 -56.534 451.135
v 37.454 -56.093 456.190
f 7625 7626 7627
f 7627 7628 7625
v 36.879 -56.068 455.243
v 44.228 -56.561 452.081
v 41.534 -56.459 445.821
v 34.185 -55.994 448.983
f 7629 7630 7631
f 7631 7632 7629
v 33.926 -55.992 448.128
v 41.793 -56.465 446.675
v 39.255 -56.438 432.938
v 31.388 -56.069 434.392
f 7633 7634 7635
f 7635 7636 7633
v 73.007 -56.928 402.415
v 65.230 -56.973 404.289
v 68.614 -57.378 418.330
v 76.391 -57.470 416.455
f 7637 7638 7639
f 7639 7640 7637
v 76.432 -57.477 416.647
v 68.572 -57.372 418.138
v 70.810 -57.755 429.933
v 78.670 -57.947 428.442
f 7641 7642 7643
f 7643 7644 7641
v 78.442 -57.912 427.673
v 71.038 -57.784 430.702
v 75.067 -58.169 440.555
v 82.472 -58.398 437.527
f 7645 7646 7647
f 7647 7648 7645
v 82.051 -58.359 436.753
v 75.488 -58.202 441.328
v 87.266 -59.305 458.222
v 93.829 -59.531 453.647
f 7649 7650 7651
f 7651 7652 7649
v 93.830 -59.531 453.649
v 87.264 -59.305 458.220
v 92.652 -59.968 465.960
v 99.218 -60.227 461.389
f 7653 7654 7655
f 7655 7656 7653
v 99.465 -60.264 461.792
v 92.406 -59.935 465.557
v 97.181 -60.663 474.512
v 104.240 -61.063 470.747
f 7657 7658 7659
f 7659 7660 7657
v 104.682 -61.220 473.109
v 96.740 -60.528 472.150
v 93.010 -61.378 503.045
v 100.953 -62.352 504.003
f 7661 7662 7663
f 7663 7664 7661
v 100.528 -62.363 505.375
v 93.435 -61.376 501.673
v 91.643 -61.292 505.107
v 98.735 -62.297 508.809
f 7665 7666 7667
f 7667 7668 7665
v 97.619 -62.215 510.135
v 92.759 -61.376 503.781
v 84.555 -60.589 510.055
v 89.415 -61.407 516.409
f 7669 7670 7671
f 7671 7672 7669
v 90.709 -61.516 514.693
v 83.261 -60.475 511.771
v 81.914 -60.395 515.206
v 89.362 -61.457 518.127
f 7673 7674 7675
f 7675 7676 7673
v 89.630 -61.434 516.405
v 81.647 -60.405 516.927
v 84.485 -62.290 560.369
v 92.468 -63.546 559.847
f 7677 7678 7679
f 7679 7680 7677
v 338.237 -91.874 1065.306
v 333.309 -92.131 1059.005
v 322.789 -92.820 1067.233
v 327.718 -92.559 1073.534
f 7681 7682 7683
f 7683 7684 7681
v 327.753 -92.557 1073.506
v 322.753 -92.823 1067.261
v 314.538 -93.341 1073.839
v 319.538 -92.991 1080.084
f 7685 7686 7687
f 7687 7688 7685
v 320.856 -92.936 1078.152
v 313.219 -93.401 1075.770
v 312.474 -93.409 1078.160
v 320.111 -92.955 1080.543
f 7689 7690 7691
f 7691 7692 7689
v 320.267 -92.962 1078.906
v 312.317 -93.393 1079.797
v 312.618 -93.336 1082.478
v 320.568 -92.920 1081.587
f 7693 7694 7695
f 7695 7696 7693
v 319.843 -92.978 1079.702
v 313.342 -93.270 1084.364
v 327.368 -92.452 1103.924
v 333.870 -92.203 1099.262
f 7697 7698 7699
f 7699 7700 7697
v 331.553 -92.301 1097.704
v 329.685 -92.354 1105.483
v 333.425 -92.211 1106.381
v 335.293 -92.143 1098.602
f 7701 7702 7703
f 7703 7704 7701
v 334.647 -92.170 1098.502
v 334.072 -92.188 1106.481
v 338.101 -92.043 1106.772
v 338.677 -92.001 1098.792
f 7705 7706 7707
f 7707 7708 7705
v 337.359 -92.057 1098.917
v 339.419 -91.997 1106.647
v 350.618 -91.560 1103.662
v 348.558 -91.558 1095.932
f 7709 7710 7711
f 7711 7712 7709
v 348.383 -91.566 1095.983
v 350.793 -91.552 1103.611
v 363.918 -90.969 1099.464
v 361.507 -90.919 1091.836
f 7713 7714 7715
f 7715 7716 7713
v 273.053 -89.523 959.258
v 278.357 -90.133 965.246
v 290.435 -89.491 954.548
v 285.131 -88.859 948.559
f 7717 7718 7719
f 7719 7720 7717
v 285.835 -88.836 948.060
v 289.732 -89.513 955.047
v 300.174 -89.344 949.222
v 296.276 -88.702 942.236
f 7721 7722 7723
f 7723 7724 7721
v 296.252 -88.702 942.249
v 300.198 -89.344 949.209
v 305.719 -89.295 946.079
v 301.774 -88.681 939.119
f 7725 7726 7727
f 7727 7728 7725
v 303.373 -88.709 938.616
v 304.120 -89.278 946.581
v 308.907 -89.399 946.132
v 308.159 -88.872 938.167
f 7729 7730 7731
f 7731 7732 7729
v 309.491 -88.932 938.266
v 307.576 -89.351 946.034
v 317.271 -89.739 948.424
v 319.187 -89.400 940.657
f 7733 7734 7735
f 7735 7736 7733
v 320.156 -89.449 941.035
v 316.302 -89.699 948.046
v 325.263 -90.086 952.972
v 329.117 -89.899 945.962
f 7737 7738 7739
f 7739 7740 7737
v 216.096 -77.544 718.981
v 209.879 -76.900 724.015
v 225.107 -76.359 742.824
v 231.325 -76.984 737.789
f 7741 7742 7743
f 7743 7744 7741
v 229.702 -76.958 736.593
v 226.730 -76.364 744.020
v 230.459 -76.480 745.513
v 233.432 -77.110 738.085
f 7745 7746 7747
f 7747 7748 7745
v 232.371 -77.054 737.822
v 231.520 -76.543 745.776
v 234.358 -76.732 746.080
v 235.210 -77.231 738.125
f 7749 7750 7751
f 7751 7752 7749
v 232.956 -77.043 738.545
v 236.612 -76.916 745.661
v 248.256 -78.043 739.677
v 244.600 -78.266 732.562
f 7753 7754 7755
f 7755 7756 7753
v 242.736 -78.001 734.581
v 250.120 -78.306 737.658
v 251.612 -78.645 734.079
v 244.227 -78.347 731.001
f 7757 7758 7759
f 7759 7760 7757
v 244.158 -78.145 733.900
v 251.681 -78.839 731.180
v 250.334 -78.994 727.455
v 242.811 -78.308 730.176
f 7761 7762 7763
f 7763 7764 7761
v 243.664 -78.271 731.561
v 249.481 -79.029 726.070
v 240.453 -79.096 716.507
v 234.636 -78.340 721.999
f 7765 7766 7767
f 7767 7768 7765
v 406.130 -80.286 511.269
v 405.345 -80.493 503.308
v 366.216 -79.982 507.164
v 367.001 -80.085 515.126
f 7769 7770 7771
f 7771 7772 7769
v 797.388 -85.914 287.772
v 789.449 -85.406 288.761
v 792.444 -85.742 312.787
v 800.382 -86.403 311.798
f 7773 7774 7775
f 7775 7776 7773
v 800.358 -86.415 312.954
v 792.468 -85.737 311.631
v 791.566 -85.719 317.007
v 799.456 -86.423 318.330
f 7777 7778 7779
f 7779 7780 7777
v 797.910 -86.328 320.869
v 793.112 -85.817 314.468
v 788.337 -85.453 318.047
v 793.135 -85.959 324.449
f 7781 7782 7783
f 7783 7784 7781
v 790.927 -85.773 325.243
v 790.544 -85.634 317.253
v 715.904 -80.659 320.832
v 716.288 -80.644 328.823
f 7785 7786 7787
f 7787 7788 7785
v 932.436 -90.854 294.609
v 925.820 -90.546 290.113
v 910.146 -92.458 313.175
v 916.763 -92.670 317.672
f 7789 7790 7791
f 7791 7792 7789
v 916.619 -92.678 317.869
v 910.289 -92.442 312.977
v 902.675 -92.884 322.831
v 909.005 -93.105 327.722
f 7793 7794 7795
f 7795 7796 7793
v 909.739 -93.037 326.171
v 901.941 -92.951 324.383
v 901.051 -93.118 328.266
v 908.848 -93.207 330.054
f 7797 7798 7799
f 7799 7800 7797
v 908.807 -93.121 328.102
v 901.092 -93.203 330.218
v 906.168 -93.820 348.723
v 913.883 -93.829 346.607
f 7801 7802 7803
f 7803 7804 7801
v 913.810 -93.828 346.370
v 906.241 -93.821 348.960
v 909.970 -93.854 359.857
v 917.539 -93.855 357.267
f 7805 7806 7807
f 7807 7808 7805
v 923.110 -88.657 271.085
v 915.933 -89.092 274.619
v 925.540 -90.881 294.128
v 932.717 -90.504 290.594
f 7809 7810 7811
f 7811 7812 7809
v 932.716 -90.504 290.593
v 925.540 -90.881 294.129
v 932.564 -92.000 308.381
v 939.740 -91.331 304.845
f 7813 7814 7815
f 7815 7816 7813
v 939.594 -91.316 304.574
v 932.711 -92.015 308.652
v 943.153 -92.393 326.272
v 950.035 -91.830 322.194
f 7817 7818 7819
f 7819 7820 7817
v 950.502 -91.853 323.381
v 942.686 -92.369 325.085
v 945.680 -92.782 338.822
v 953.497 -92.249 337.118
f 7821 7822 7823
f 7823 7824 7821
v 953.462 -92.328 338.970
v 945.716 -92.702 336.970
v 944.369 -93.004 342.187
v 952.115 -92.611 344.187
f 7825 7826 7827
f 7827 7828 7825
v -21.245 -41.482 291.583
v -21.881 -42.770 299.558
v 9.923 -45.856 302.094
v 10.559 -44.586 294.119
f 7829 7830 7831
f 7831 7832 7829
v -11.353 -53.358 426.962
v -18.547 -52.860 430.462
v -8.873 -53.124 450.341
v -1.680 -53.703 446.840
f 7833 7834 7835
f 7835 7836 7833
v -2.736 -53.664 445.501
v -7.817 -53.162 451.680
v -5.279 -53.284 453.767
v -0.198 -53.786 447.588
f 7837 7838 7839
f 7839 7840 7837
v -1.463 -53.717 446.886
v -4.014 -53.353 454.469
v -1.777 -53.488 455.221
v 0.775 -53.851 447.639
f 7841 7842 7843
f 7843 7844 7841
v -1.609 -53.690 447.587
v 0.607 -53.650 455.274
v 16.136 -54.825 450.796
v 13.920 -54.861 443.109
f 7845 7846 7847
f 7847 7848 7845
v 11.780 -54.678 444.618
v 18.276 -55.008 449.287
v 20.213 -55.206 446.593
v 13.717 -54.876 441.923
f 7849 7850 7851
f 7851 7852 7849
v 12.970 -54.763 444.457
v 20.960 -55.318 444.059
v 20.804 -55.383 440.929
v 12.814 -54.829 441.327
f 7853 7854 7855
f 7855 7856 7853
v 12.968 -54.817 442.243
v 20.651 -55.395 440.013
v 14.172 -55.117 417.691
v 6.489 -54.589 419.921
f 7857 7858 7859
f 7859 7860 7857
v 317.612 -93.000 1042.029
v 312.234 -93.207 1036.107
v 289.413 -94.220 1056.830
v 294.791 -94.042 1062.752
f 7861 7862 7863
f 7863 7864 7861
v 292.777 -94.110 1063.734
v 291.427 -94.150 1055.848
v 287.108 -94.298 1056.588
v 288.458 -94.254 1064.473
f 7865 7866 7867
f 7867 7868 7865
v 287.021 -94.302 1064.457
v 288.545 -94.249 1056.604
v 283.168 -94.434 1055.561
v 281.644 -94.481 1063.414
f 7869 7870 7871
f 7871 7872 7869
v 279.843 -94.542 1062.558
v 284.970 -94.372 1056.417
v 239.730 -93.406 1018.643
v 234.602 -93.556 1024.784
f 7873 7874 7875
f 7875 7876 7873
v 3.557 -56.029 617.782
v 8.554 -57.057 624.029
v 21.846 -56.892 613.396
v 16.849 -56.072 607.149
f 7877 7878 7879
f 7879 7880 7877
v 15.942 -56.092 608.174
v 22.753 -56.885 612.372
v 25.146 -56.872 608.488
v 18.336 -55.949 604.291
f 7881 7882 7883
f 7883 7884 7881
v 17.750 -56.052 606.124
v 25.732 -56.802 606.655
v 26.478 -56.035 595.455
v 18.495 -55.228 594.923
f 7885 7886 7887
f 7887 7888 7885
v 18.590 -55.326 596.094
v 26.383 -55.934 594.284
v 23.399 -54.785 581.445
v 15.607 -54.270 583.256
f 7889 7890 7891
f 7891 7892 7889
v 219.372 -63.984 430.920
v 218.537 -62.801 422.964
v 187.189 -61.286 426.253
v 188.024 -62.404 434.209
f 7893 7894 7895
f 7895 7896 7893
v 827.552 -87.647 284.392
v 819.598 -87.218 285.246
v 827.668 -89.708 360.481
v 835.623 -90.398 359.628
f 7897 7898 7899
f 7899 7900 7897
v 835.096 -90.385 362.079
v 828.196 -89.717 358.031
v 825.212 -89.533 363.116
v 832.112 -90.196 367.164
f 7901 7902 7903
f 7903 7904 7901
v 830.384 -90.070 368.750
v 826.940 -89.660 361.529
v 820.072 -89.111 364.805
v 823.516 -89.529 372.026
f 7905 7906 7907
f 7907 7908 7905
v 823.107 -89.497 372.194
v 820.480 -89.144 364.637
v 805.853 -87.963 369.723
v 808.480 -88.344 377.279
f 7909 7910 7911
f 7911 7912 7909
v 807.493 -88.266 377.487
v 806.840 -88.048 369.514
v 759.363 -84.066 373.397
v 760.015 -84.516 381.371
f 7913 7914 7915
f 7915 7916 7913
v 377.806 -92.238 786.731
v 377.163 -91.865 778.757
v 355.389 -89.134 780.513
v 356.032 -89.421 788.488
f 7917 7918 7919
f 7919 7920 7917
v 356.075 -89.426 788.484
v 355.346 -89.129 780.517
v 334.139 -86.247 782.459
v 334.869 -86.462 790.425
f 7921 7922 7923
f 7923 7924 7921
v 1596.803 -78.347 1137.821
v 1588.804 -78.092 1137.716
v 1588.582 -76.561 1154.688
v 1596.581 -76.740 1154.793
f 7925 7926 7927
f 7927 7928 7925
v 1596.577 -76.763 1154.551
v 1588.586 -76.539 1154.930
v 1590.233 -73.402 1189.705
v 1598.224 -73.500 1189.327
f 7929 7930 7931
f 7931 7932 7929
v 1598.010 -73.603 1188.212
v 1590.447 -73.298 1190.820
v 1599.097 -71.289 1215.901
v 1606.660 -71.557 1213.293
f 7933 7934 7935
f 7935 7936 7933
v 452.680 -99.924 841.318
v 456.444 -99.875 848.377
v 512.004 -100.091 818.752
v 508.240 -100.084 811.693
f 7937 7938 7939
f 7939 7940 7937
v 1320.664 -78.721 749.370
v 1322.952 -78.444 741.704
v 1306.933 -77.877 736.923
v 1304.645 -78.081 744.588
f 7941 7942 7943
f 7943 7944 7941
v 1304.893 -78.090 744.654
v 1306.684 -77.869 736.857
v 1295.641 -77.550 734.321
v 1293.851 -77.686 742.118
f 7945 7946 7947
f 7947 7948 7945
v 1294.703 -77.714 742.219
v 1294.789 -77.529 734.220
v 1283.701 -77.297 734.101
v 1283.616 -77.372 742.101
f 7949 7950 7951
f 7951 7952 7949
v 731.370 -98.105 1151.637
v 727.695 -97.576 1158.743
v 740.385 -96.730 1165.307
v 744.060 -97.201 1158.201
f 7953 7954 7955
f 7955 7956 7953
v 744.041 -97.202 1158.191
v 740.404 -96.729 1165.317
v 748.609 -96.263 1169.504
v 752.245 -96.700 1162.378
f 7957 7958 7959
f 7959 7960 7957
v 753.169 -96.635 1163.028
v 747.685 -96.325 1168.853
v 752.917 -95.898 1173.779
v 758.401 -96.206 1167.955
f 7961 7962 7963
f 7963 7964 7961
v 758.986 -96.151 1168.646
v 752.332 -95.953 1173.088
v 759.201 -95.211 1183.377
v 765.854 -95.442 1178.935
f 7965 7966 7967
f 7967 7968 7965
v 20.671 -55.969 602.535
v 22.811 -56.727 610.244
v 33.564 -57.794 607.259
v 31.424 -56.957 599.550
f 7969 7970 7971
f 7971 7972 7969
v 31.931 -57.011 599.444
v 33.057 -57.741 607.365
v 41.417 -58.665 606.176
v 40.291 -57.954 598.256
f 7973 7974 7975
f 7975 7976 7973
v 42.416 -58.236 598.533
v 39.292 -58.387 605.898
v 50.190 -60.030 610.521
v 53.314 -59.898 603.156
f 7977 7978 7979
f 7979 7980 7977
v 53.297 -59.895 603.149
v 50.208 -60.032 610.529
v 55.574 -60.828 612.774
v 58.662 -60.701 605.394
f 7981 7982 7983
f 7983 7984 7981
v 57.759 -60.574 605.136
v 56.477 -60.954 613.032
v 62.900 -61.788 614.076
v 64.183 -61.434 606.179
f 7985 7986 7987
f 7987 7988 7985
v 62.839 -61.260 606.190
v 64.244 -61.961 614.065
v 147.099 -74.403 599.285
v 145.694 -73.940 591.410
f 7989 7990 7991
f 7991 7992 7989
v 1127.577 -82.131 195.485
v 1121.745 -81.722 200.962
v 1139.556 -80.004 219.929
v 1145.388 -80.320 214.453
f 7993 7994 7995
f 7995 7996 7993
v 1144.225 -80.424 213.596
v 1140.719 -79.899 220.787
v 1146.842 -79.465 223.772
v 1150.348 -80.004 216.581
f 7997 7998 7999
f 7999 8000 7997
v 1149.086 -80.070 216.207
v 1148.103 -79.396 224.146
v 1163.777 -78.787 226.088
v 1164.760 -79.483 218.148
f 8001 8002 8003
f 8003 8004 8001
v 1164.369 -79.496 218.119
v 1164.167 -78.773 226.117
v 1175.655 -78.432 226.407
v 1175.858 -79.163 218.410
f 8005 8006 8007
f 8007 8008 8005
v 1175.507 -79.172 218.416
v 1176.006 -78.423 226.401
v 1190.188 -78.073 225.516
v 1189.689 -78.765 217.531
f 8009 8010 8011
f 8011 8012 8009
v 1192.023 -80.838 190.316
v 1184.871 -80.952 193.900
v 1187.565 -80.364 199.276
v 1194.717 -80.297 195.692
f 8013 8014 8015
f 8015 8016 8013
v 1282.858 -78.051 2160.406
v 1275.286 -77.675 2162.985
v 1288.822 -78.648 2202.723
v 1296.395 -79.218 2200.144
f 8017 8018 8019
f 8019 8020 8017
v 1296.395 -79.217 2200.143
v 1288.822 -78.648 2202.724
v 1298.351 -79.364 2230.682
v 1305.924 -79.897 2228.101
f 8021 8022 8023
f 8023 8024 8021
v 660.667 -103.133 2388.257
v 652.680 -102.936 2387.793
v 651.189 -104.294 2413.479
v 659.175 -104.558 2413.943
f 8025 8026 8027
f 8027 8028 8025
v 659.157 -104.527 2413.265
v 651.207 -104.318 2414.158
v 653.890 -104.949 2438.047
v 661.840 -105.201 2437.155
f 8029 8030 8031
f 8031 8032 8029
v 661.524 -105.162 2435.985
v 654.206 -104.986 2439.218
v 674.288 -104.827 2484.673
v 681.606 -105.223 2481.440
f 8033 8034 8035
f 8035 8036 8033
v 71.525 -86.486 2202.796
v 69.294 -86.609 2210.478
v 89.932 -85.448 2216.474
v 92.164 -85.323 2208.791
f 8037 8038 8039
f 8039 8040 8037
v 92.164 -85.323 2208.791
v 89.932 -85.448 2216.474
v 164.394 -81.728 2238.106
v 166.626 -81.462 2230.423
f 8041 8042 8043
f 8043 8044 8041
v 166.018 -81.482 2230.297
v 165.002 -81.714 2238.232
v 184.705 -81.210 2240.755
v 185.721 -80.891 2232.819
f 8045 8046 8047
f 8047 8048 8045
v 826.677 -94.394 1601.028
v 818.692 -94.977 1601.506
v 821.719 -95.494 1652.128
v 829.705 -95.455 1651.650
f 8049 8050 8051
f 8051 8052 8049
v 979.640 -83.497 1527.938
v 979.850 -83.503 1519.940
v 934.165 -83.494 1518.739
v 933.954 -83.498 1526.736
f 8053 8054 8055
f 8055 8056 8053
v 935.776 -83.485 1526.350
v 932.343 -83.507 1519.124
v 926.365 -83.822 1521.964
v 929.798 -83.612 1529.190
f 8057 8058 8059
f 8059 8060 8057
v 931.147 -83.529 1528.146
v 925.016 -83.905 1523.008
v 921.142 -84.145 1527.630
v 927.274 -83.844 1532.769
f 8061 8062 8063
f 8063 8064 8061
v 928.182 -83.712 1530.656
v 920.234 -84.202 1529.743
v 917.239 -85.407 1555.800
v 925.187 -84.981 1556.714
f 8065 8066 8067
f 8067 8068 8065
v 148.909 -85.854 2333.449
v 151.587 -85.570 2325.911
v 122.955 -84.425 2315.742
v 120.278 -84.455 2323.281
f 8069 8070 8071
f 8071 8072 8069
v 121.067 -84.482 2323.473
v 122.166 -84.407 2315.549
v 112.459 -84.209 2314.202
v 111.360 -84.184 2322.126
f 8073 8074 8075
f 8075 8076 8073
v 113.374 -84.242 2321.887
v 110.445 -84.171 2314.442
v 102.085 -83.974 2317.730
v 105.014 -83.972 2325.175
f 8077 8078 8079
f 8079 8080 8077
v 107.381 -84.066 2322.601
v 99.718 -83.880 2320.304
v 97.035 -83.633 2329.258
v 104.698 -83.898 2331.554
f 8081 8082 8083
f 8083 8084 8081
v 104.721 -83.921 2329.336
v 97.012 -83.588 2331.477
v 99.250 -83.540 2339.533
v 106.958 -83.953 2337.392
f 8085 8086 8087
f 8087 8088 8085
v 104.364 -83.852 2334.666
v 101.845 -83.636 2342.259
v 142.009 -86.464 2355.584
v 144.528 -86.321 2347.991
f 8089 8090 8091
f 8091 8092 8089
v 48.508 -79.147 2531.735
v 40.793 -78.490 2529.620
v 22.492 -83.685 2596.376
v 30.207 -83.940 2598.491
f 8093 8094 8095
f 8095 8096 8093
v 86.357 -82.334 2540.868
v 87.524 -82.177 2532.954
v 45.234 -78.599 2526.720
v 44.067 -79.047 2534.635
f 8097 8098 8099
f 8099 8100 8097
v 44.066 -79.047 2534.635
v 45.234 -78.599 2526.720
v 20.455 -76.630 2523.062
v 19.286 -77.236 2530.977
f 8101 8102 8103
f 8103 8104 8101
v 21.359 -77.298 2530.732
v 18.382 -76.566 2523.307
v 10.178 -76.508 2526.595
v 13.154 -77.246 2534.021
f 8105 8106 8107
f 8107 8108 8105
v 15.514 -77.121 2531.402
v 7.819 -76.633 2529.213
v -8.534 -81.726 2586.686
v -0.839 -82.197 2588.875
f 8109 8110 8111
f 8111 8112 8109
v -1.445 -81.832 2585.437
v -7.928 -82.094 2590.123
v -4.043 -82.761 2595.498
v 2.440 -82.497 2590.812
f 8113 8114 8115
f 8115 8116 8113
v -0.179 -82.252 2589.204
v -1.424 -82.993 2597.106
v 25.727 -84.119 2601.385
v 26.972 -83.470 2593.483
f 8117 8118 8119
f 8119 8120 8117
v 26.971 -83.470 2593.482
v 25.727 -84.119 2601.385
v 42.169 -84.438 2603.974
v 43.413 -83.919 2596.071
f 8121 8122 8123
f 8123 8124 8121
v 49.799 -84.116 2298.572
v 44.734 -84.531 2292.380
v 28.314 -83.227 2305.810
v 33.379 -82.784 2312.003
f 8125 8126 8127
f 8127 8128 8125
v 34.773 -83.011 2309.671
v 26.920 -82.991 2308.143
v 24.538 -81.812 2320.385
v 32.391 -81.907 2321.913
f 8129 8130 8131
f 8131 8132 8129
v 32.165 -82.098 2319.631
v 24.764 -81.606 2322.667
v 28.192 -80.921 2331.026
v 35.594 -81.469 2327.990
f 8133 8134 8135
f 8135 8136 8133
v 33.111 -81.589 2325.698
v 30.675 -80.803 2333.318
v 138.221 -86.574 2367.707
v 140.657 -86.523 2360.087
f 8137 8138 8139
f 8139 8140 8137
v 87.170 -85.604 2211.652
v 94.926 -85.167 2213.612
v 101.761 -84.705 2186.566
v 94.005 -85.067 2184.606
f 8141 8142 8143
f 8143 8144 8141
v 160.600 -83.169 2153.261
v 158.175 -82.854 2160.885
v 184.001 -81.973 2169.099
v 186.426 -82.422 2161.476
f 8145 8146 8147
f 8147 8148 8145
v 186.225 -82.429 2161.418
v 184.201 -81.965 2169.157
v 197.938 -81.929 2172.749
v 199.962 -82.425 2165.010
f 8149 8150 8151
f 8151 8152 8149
v 1327.334 -77.393 1384.699
v 1319.353 -77.413 1385.246
v 1323.004 -74.340 1438.511
v 1330.986 -73.845 1437.964
f 8153 8154 8155
f 8155 8156 8153
v 1298.266 -77.549 1385.801
v 1306.187 -77.437 1386.917
v 1308.258 -78.005 1372.218
v 1300.336 -77.974 1371.102
f 8157 8158 8159
f 8159 8160 8157
v 1300.299 -77.955 1371.768
v 1308.296 -78.030 1371.551
v 1307.995 -78.437 1360.496
v 1299.998 -78.262 1360.714
f 8161 8162 8163
f 8163 8164 8161
v 1300.034 -78.251 1361.155
v 1307.959 -78.453 1360.055
v 1306.177 -78.857 1347.218
v 1298.253 -78.541 1348.317
f 8165 8166 8167
f 8167 8168 8165
v 1298.885 -78.522 1349.982
v 1305.546 -78.877 1345.553
v 1291.654 -78.574 1324.659
v 1284.992 -78.144 1329.088
f 8169 8170 8171
f 8171 8172 8169
v 1270.971 -77.820 1388.278
v 1262.973 -77.917 1388.086
v 1261.336 -79.379 1456.513
v 1269.334 -78.577 1456.704
f 8173 8174 8175
f 8175 8176 8173
v 703.684 -101.012 2534.143
v 711.477 -101.004 2532.336
v 708.649 -102.078 2520.146
v 700.856 -102.100 2521.954
f 8177 8178 8179
f 8179 8180 8177
v 700.757 -102.162 2521.248
v 708.748 -102.017 2520.853
v 707.701 -103.650 2499.657
v 699.711 -103.830 2500.052
f 8181 8182 8183
f 8183 8184 8181
v 699.787 -103.882 2499.056
v 707.626 -103.599 2500.653
v 711.210 -104.448 2483.049
v 703.371 -104.744 2481.453
f 8185 8186 8187
f 8187 8188 8185
v 979.547 -94.009 2629.554
v 983.527 -93.860 2636.494
v 1008.006 -90.785 2622.456
v 1004.027 -90.881 2615.516
f 8189 8190 8191
f 8191 8192 8189
v 1005.002 -90.773 2615.117
v 1007.031 -90.899 2622.855
v 1028.082 -88.460 2617.335
v 1026.052 -88.525 2609.597
f 8193 8194 8195
f 8195 8196 8193
v 1025.943 -88.536 2609.627
v 1028.191 -88.447 2617.305
v 1059.316 -85.194 2608.193
v 1057.068 -85.520 2600.515
f 8197 8198 8199
f 8199 8200 8197
v 1063.393 -86.782 2528.474
v 1063.433 -86.604 2536.473
v 1079.185 -86.505 2536.394
v 1079.144 -86.820 2528.394
f 8201 8202 8203
f 8203 8204 8201
v 1080.324 -86.816 2528.566
v 1078.005 -86.520 2536.223
v 1096.228 -86.033 2541.743
v 1098.547 -86.499 2534.086
f 8205 8206 8207
f 8207 8208 8205
v 1099.016 -86.481 2534.261
v 1095.759 -86.051 2541.568
v 1125.915 -84.130 2555.012
v 1129.173 -84.702 2547.705
f 8209 8210 8211
f 8211 8212 8209
v 1130.755 -84.537 2548.973
v 1124.333 -84.298 2553.743
v 1135.977 -82.370 2569.419
v 1142.399 -82.582 2564.648
f 8213 8214 8215
f 8215 8216 8213
v 1544.119 -73.917 2307.293
v 1536.248 -74.162 2308.724
v 1546.990 -76.739 2367.848
v 1554.861 -77.062 2366.418
f 8217 8218 8219
f 8219 8220 8217
v 1554.817 -77.050 2366.210
v 1547.033 -76.750 2368.056
v 1558.355 -79.375 2415.783
v 1566.139 -79.955 2413.937
f 8221 8222 8223
f 8223 8224 8221
v 1799.977 -77.245 2491.413
v 1792.147 -77.576 2493.056
v 1797.379 -78.572 2517.989
v 1805.209 -78.494 2516.346
f 8225 8226 8227
f 8227 8228 8225
v 1805.291 -78.537 2517.021
v 1797.297 -78.534 2517.315
v 1797.742 -79.234 2529.412
v 1805.737 -79.313 2529.117
f 8229 8230 8231
f 8231 8232 8229
v 1805.739 -79.318 2529.198
v 1797.740 -79.229 2529.331
v 1797.885 -79.764 2537.981
v 1805.884 -79.903 2537.848
f 8233 8234 8235
f 8235 8236 8233
v 1805.233 -79.729 2535.726
v 1798.536 -79.916 2540.102
v 1813.463 -82.111 2562.949
v 1820.161 -81.993 2558.573
f 8237 8238 8239
f 8239 8240 8237
v 1809.852 -77.165 2490.732
v 1813.330 -77.464 2497.937
v 1826.021 -77.131 2491.809
v 1822.542 -76.805 2484.605
f 8241 8242 8243
f 8243 8244 8241
v 1825.415 -76.099 2460.208
v 1831.208 -75.943 2454.691
v 1816.280 -76.133 2439.016
v 1810.487 -76.111 2444.533
f 8245 8246 8247
f 8247 8248 8245
v 1809.905 -76.124 2443.749
v 1816.862 -76.107 2439.799
v 1810.595 -76.429 2428.759
v 1803.637 -76.435 2432.709
f 8249 8250 8251
f 8251 8252 8249
v 1803.247 -76.459 2431.748
v 1810.985 -76.404 2429.720
v 1806.210 -76.894 2411.495
v 1798.471 -76.881 2413.523
f 8253 8254 8255
f 8255 8256 8253
v 1798.436 -76.889 2413.380
v 1806.245 -76.887 2411.639
v 1803.250 -77.545 2398.208
v 1795.442 -77.599 2399.949
f 8257 8258 8259
f 8259 8260 8257
v 1795.375 -77.659 2398.594
v 1803.317 -77.481 2399.563
v 1804.519 -77.948 2389.711
v 1796.578 -78.043 2388.742
f 8261 8262 8263
f 8263 8264 8261
v 1797.069 -77.922 2391.200
v 1804.028 -78.064 2387.254
v 1797.003 -78.791 2374.866
v 1790.044 -78.672 2378.813
f 8265 8266 8267
f 8267 8268 8265
v 1386.300 -67.679 1972.149
v 1394.283 -67.717 1972.663
v 1395.474 -68.097 1954.147
v 1387.491 -68.085 1953.633
f 8269 8270 8271
f 8271 8272 8269
v 1389.403 -68.267 1950.473
v 1393.562 -67.924 1957.307
v 1407.299 -68.426 1948.947
v 1403.140 -68.769 1942.113
f 8273 8274 8275
f 8275 8276 8273
v 1405.095 -68.806 1941.532
v 1405.344 -68.387 1949.528
v 1424.457 -68.500 1948.934
v 1424.209 -68.900 1940.938
f 8277 8278 8279
f 8279 8280 8277
v 1426.249 -68.883 1941.425
v 1422.417 -68.516 1948.447
v 1485.234 -72.164 1982.732
v 1489.067 -72.582 1975.709
f 8281 8282 8283
f 8283 8284 8281
v 1534.798 -77.056 1943.804
v 1542.318 -77.709 1941.076
v 1531.253 -76.096 1910.581
v 1523.733 -75.649 1913.310
f 8285 8286 8287
f 8287 8288 8285
v 1524.223 -75.697 1914.250
v 1530.762 -76.043 1909.641
v 1514.343 -74.890 1886.345
v 1507.804 -74.653 1890.953
f 8289 8290 8291
f 8291 8292 8289
v 1507.496 -74.644 1890.439
v 1514.650 -74.903 1886.859
v 1510.765 -74.761 1879.094
v 1503.611 -74.583 1882.673
f 8293 8294 8295
f 8295 8296 8293
v 1503.322 -74.603 1879.855
v 1511.054 -74.770 1881.912
v 1512.245 -74.795 1877.435
v 1504.514 -74.663 1875.378
f 8297 8298 8299
f 8299 8300 8297
v 1506.817 -74.710 1872.724
v 1509.941 -74.739 1880.089
v 1515.919 -74.883 1877.553
v 1512.795 -74.787 1870.188
f 8301 8302 8303
f 8303 8304 8301
v 1516.161 -74.834 1870.301
v 1512.553 -74.802 1877.441
v 1541.217 -76.073 1891.928
v 1544.826 -75.900 1884.789
f 8305 8306 8307
f 8307 8308 8305
v 1545.941 -75.977 1885.624
v 1540.102 -75.992 1891.093
v 1551.001 -77.022 1902.728
v 1556.839 -77.029 1897.259
f 8309 8310 8311
f 8311 8312 8309
v 1557.362 -77.087 1897.956
v 1550.478 -76.961 1902.031
v 1565.929 -79.155 1928.128
v 1572.813 -79.398 1924.052
f 8313 8314 8315
f 8315 8316 8313
v 53.316 -81.181 1628.342
v 45.936 -81.116 1631.431
v 68.968 -85.020 1686.451
v 76.348 -84.746 1683.362
f 8317 8318 8319
f 8319 8320 8317
v 76.240 -84.740 1683.125
v 69.077 -85.027 1686.688
v 103.597 -84.522 1756.078
v 110.760 -84.102 1752.514
f 8321 8322 8323
f 8323 8324 8321
v 2.449 -71.832 1519.691
v -4.742 -71.512 1523.195
v 21.017 -75.090 1576.063
v 28.209 -75.374 1572.559
f 8325 8326 8327
f 8327 8328 8325
v 28.260 -75.386 1572.669
v 20.965 -75.080 1575.953
v 45.979 -81.126 1631.528
v 53.274 -81.172 1628.245
f 8329 8330 8331
f 8331 8332 8329
v 1670.125 -71.932 2259.246
v 1662.246 -71.539 2260.629
v 1669.114 -74.594 2299.746
v 1676.994 -74.857 2298.363
f 8333 8334 8335
f 8335 8336 8333
v 1675.577 -74.569 2295.951
v 1670.531 -74.852 2302.158
v 1680.082 -75.934 2309.924
v 1685.129 -75.773 2303.716
f 8337 8338 8339
f 8339 8340 8337
v 1683.972 -75.656 2303.061
v 1681.238 -76.045 2310.579
v 1704.226 -77.687 2318.939
v 1706.960 -77.458 2311.420
f 8341 8342 8343
f 8343 8344 8341
v 1705.183 -77.354 2311.201
v 1706.002 -77.776 2319.159
v 1751.176 -80.094 2314.510
v 1750.357 -80.119 2306.552
f 8345 8346 8347
f 8347 8348 8345
v 939.112 -98.158 1721.503
v 939.716 -98.336 1729.480
v 995.120 -93.161 1725.280
v 994.515 -93.095 1717.303
f 8349 8350 8351
f 8351 8352 8349
v 1383.340 -70.996 2053.622
v 1391.031 -71.098 2055.824
v 1398.612 -69.150 2029.344
v 1390.921 -68.983 2027.143
f 8353 8354 8355
f 8355 8356 8353
v 1390.955 -68.975 2027.029
v 1398.577 -69.157 2029.458
v 1401.861 -68.494 2019.157
v 1394.239 -68.350 2016.727
f 8357 8358 8359
f 8359 8360 8357
v 1394.076 -68.411 2018.393
v 1402.025 -68.405 2017.492
v 1401.279 -68.216 2010.915
v 1393.330 -68.205 2011.816
f 8361 8362 8363
f 8363 8364 8361
v 1393.368 -68.212 2012.074
v 1401.241 -68.209 2010.657
v 1394.228 -67.730 1971.697
v 1386.355 -67.665 1973.115
f 8365 8366 8367
f 8367 8368 8365
v 1137.679 -75.842 2186.409
v 1131.881 -76.183 2191.921
v 1144.950 -74.956 2205.668
v 1150.748 -74.724 2200.157
f 8369 8370 8371
f 8371 8372 8369
v 1150.236 -74.764 2199.703
v 1145.461 -74.934 2206.122
v 1164.118 -74.149 2220.002
v 1168.893 -73.940 2213.583
f 8373 8374 8375
f 8375 8376 8373
v 1168.557 -73.954 2213.358
v 1164.455 -74.135 2220.226
v 1186.696 -73.729 2233.512
v 1190.799 -73.693 2226.644
f 8377 8378 8379
f 8379 8380 8377
v 1288.487 -76.754 2048.661
v 1281.902 -77.402 2053.204
v 1314.441 -76.892 2100.377
v 1321.026 -76.494 2095.835
f 8381 8382 8383
f 8383 8384 8381
v 1411.347 -79.052 2139.968
v 1404.591 -79.510 2144.252
v 1407.363 -79.772 2148.624
v 1414.119 -79.311 2144.339
f 8385 8386 8387
f 8387 8388 8385
v 1414.056 -79.305 2144.243
v 1407.426 -79.777 2148.720
v 1435.044 -81.018 2189.620
v 1441.674 -80.407 2185.143
f 8389 8390 8391
f 8391 8392 8389
v 1105.051 -87.725 2512.662
v 1112.700 -87.854 2510.317
v 1104.785 -89.027 2484.499
v 1097.137 -88.867 2486.844
f 8393 8394 8395
f 8395 8396 8393
v 1096.970 -88.899 2485.948
v 1104.951 -88.993 2485.395
v 1104.061 -89.438 2472.545
v 1096.080 -89.303 2473.098
f 8397 8398 8399
f 8399 8400 8397
v 1096.470 -89.343 2471.079
v 1103.671 -89.410 2474.565
v 1108.146 -89.578 2465.320
v 1100.945 -89.509 2461.835
f 8401 8402 8403
f 8403 8404 8401
v 1101.918 -89.537 2460.561
v 1107.173 -89.549 2466.594
v 1125.685 -90.040 2450.469
v 1120.431 -90.031 2444.437
f 8405 8406 8407
f 8407 8408 8405
v 1009.546 -86.960 2538.703
v 1009.055 -87.342 2546.687
v 1062.188 -86.284 2549.949
v 1062.678 -86.472 2541.964
f 8409 8410 8411
f 8411 8412 8409
v 916.056 -96.085 2607.854
v 923.989 -95.797 2606.823
v 922.942 -95.144 2598.767
v 915.009 -95.449 2599.798
f 8413 8414 8415
f 8415 8416 8413
v 914.981 -95.424 2599.488
v 922.971 -95.170 2599.077
v 922.080 -93.483 2581.751
v 914.091 -93.787 2582.162
f 8417 8418 8419
f 8419 8420 8417
v 914.156 -93.690 2581.206
v 922.014 -93.583 2582.707
v 924.552 -92.141 2569.422
v 916.694 -92.281 2567.921
f 8421 8422 8423
f 8423 8424 8421
v 917.117 -92.148 2566.745
v 924.129 -92.277 2570.597
v 933.959 -90.047 2552.703
v 926.947 -89.925 2548.851
f 8425 8426 8427
f 8427 8428 8425
v 878.198 -89.663 2381.265
v 876.754 -89.345 2389.133
v 902.736 -87.208 2393.901
v 904.180 -87.609 2386.032
f 8429 8430 8431
f 8431 8432 8429
v 902.768 -87.686 2386.026
v 904.148 -87.129 2393.906
v 911.762 -86.788 2392.573
v 910.382 -87.356 2384.693
f 8433 8434 8435
f 8435 8436 8433
v 908.159 -87.402 2385.891
v 913.985 -86.740 2391.374
v 917.403 -86.783 2387.742
v 911.577 -87.471 2382.260
f 8437 8438 8439
f 8439 8440 8437
v 910.936 -87.425 2383.165
v 918.044 -86.806 2386.837
v 926.270 -87.742 2370.910
v 919.162 -88.432 2367.239
f 8441 8442 8443
f 8443 8444 8441
v 920.411 -88.502 2365.805
v 925.021 -87.672 2372.343
v 934.350 -87.896 2365.767
v 929.740 -88.666 2359.228
f 8445 8446 8447
f 8447 8448 8445
v 232.840 -81.632 2202.856
v 225.373 -81.333 2199.985
v 207.540 -81.677 2246.365
v 215.007 -81.927 2249.237
f 8449 8450 8451
f 8451 8452 8449
v 867.031 -94.089 1637.377
v 875.030 -93.845 1637.293
v 874.463 -89.959 1583.316
v 866.463 -90.604 1583.400
f 8453 8454 8455
f 8455 8456 8453
v 104.245 -83.547 1889.645
v 96.286 -82.986 1888.841
v 90.464 -81.371 1946.475
v 98.423 -82.379 1947.279
f 8457 8458 8459
f 8459 8460 8457
v 635.851 -95.811 1826.029
v 634.215 -96.351 1833.860
v 651.158 -96.084 1837.400
v 652.794 -95.451 1829.569
f 8461 8462 8463
f 8463 8464 8461
v 652.324 -95.460 1829.499
v 651.628 -96.079 1837.469
v 669.617 -95.785 1839.041
v 670.313 -95.069 1831.071
f 8465 8466 8467
f 8467 8468 8465
v 669.595 -95.089 1831.073
v 670.335 -95.768 1839.039
v 694.369 -95.120 1836.807
v 693.629 -94.423 1828.841
f 8469 8470 8471
f 8471 8472 8469
v 837.332 -92.072 1533.250
v 845.307 -91.018 1532.616
v 843.548 -91.209 1510.481
v 835.573 -92.261 1511.115
f 8473 8474 8475
f 8475 8476 8473
v 1266.105 -76.926 2212.775
v 1270.243 -77.240 2219.622
v 1294.677 -79.092 2204.857
v 1290.540 -78.759 2198.010
f 8477 8478 8479
f 8479 8480 8477
v -294.355 -79.807 2010.820
v -302.339 -79.345 2011.330
v -300.692 -78.477 2037.148
v -292.708 -78.855 2036.639
f 8481 8482 8483
f 8483 8484 8481
v -393.074 -72.906 1583.427
v -392.129 -73.252 1591.371
v -348.025 -74.987 1586.128
v -348.969 -74.965 1578.184
f 8485 8486 8487
f 8487 8488 8485
v -341.432 -75.673 1533.644
v -346.722 -75.203 1539.645
v -328.533 -76.564 1555.679
v -323.243 -77.047 1549.677
f 8489 8490 8491
f 8491 8492 8489
v -324.456 -76.961 1548.943
v -327.320 -76.647 1556.413
v -280.810 -78.605 1574.242
v -277.947 -79.194 1566.772
f 8493 8494 8495
f 8495 8496 8493
v -278.798 -79.167 1566.550
v -279.959 -78.627 1574.465
v -259.509 -79.066 1577.463
v -258.349 -79.638 1569.548
f 8497 8498 8499
f 8499 8500 8497
v -259.116 -79.632 1569.510
v -258.742 -79.072 1577.501
v -197.817 -79.064 1574.648
v -198.191 -79.569 1566.657
f 8501 8502 8503
f 8503 8504 8501
v -198.228 -79.570 1566.659
v -197.780 -79.063 1574.646
v -136.488 -76.608 1571.213
v -136.935 -76.742 1563.225
f 8505 8506 8507
f 8507 8508 8505
v -614.782 -75.334 966.173
v -606.793 -74.670 965.754
v -608.307 -73.078 936.856
v -616.296 -73.457 937.274
f 8509 8510 8511
f 8511 8512 8509
v -61.867 -81.640 1278.102
v -64.480 -81.198 1270.541
v -111.991 -75.716 1286.957
v -109.379 -76.077 1294.519
f 8513 8514 8515
f 8515 8516 8513
v -481.371 -69.013 779.362
v -482.255 -68.274 771.411
v -666.333 -62.755 791.871
v -665.449 -62.906 799.822
f 8517 8518 8519
f 8519 8520 8517
v 1802.000 -80.683 1150.935
v 1802.080 -80.100 1142.935
v 1757.029 -79.644 1142.486
v 1756.949 -79.794 1150.486
f 8521 8522 8523
f 8523 8524 8521
v 1833.687 -78.663 1117.217
v 1830.060 -78.082 1110.087
v 1815.132 -78.563 1117.681
v 1818.759 -79.096 1124.811
f 8525 8526 8527
f 8527 8528 8525
v 1818.928 -79.092 1124.720
v 1814.963 -78.568 1117.772
v 1805.011 -78.850 1123.451
v 1808.976 -79.345 1130.400
f 8529 8530 8531
f 8531 8532 8529
v 1810.571 -79.258 1128.715
v 1803.416 -78.936 1125.136
v 1799.386 -79.366 1133.193
v 1806.541 -79.733 1136.771
f 8533 8534 8535
f 8535 8536 8533
v 1806.952 -79.628 1135.290
v 1798.976 -79.447 1134.674
v 1798.052 -80.274 1146.627
v 1806.028 -80.521 1147.243
f 8537 8538 8539
f 8539 8540 8537
v 1815.422 -83.099 1175.274
v 1815.686 -82.445 1167.279
v 1805.701 -82.008 1166.949
v 1805.437 -82.603 1174.944
f 8541 8542 8543
f 8543 8544 8541
v 1805.076 -82.584 1174.916
v 1806.061 -82.025 1166.977
v 1799.783 -81.711 1166.198
v 1798.798 -82.235 1174.137
f 8545 8546 8547
f 8547 8548 8545
v 1744.789 -79.777 1233.593
v 1738.799 -79.060 1238.896
v 1756.643 -81.394 1259.050
v 1762.633 -82.111 1253.747
f 8549 8550 8551
f 8551 8552 8549
v 1762.193 -82.051 1253.321
v 1757.084 -81.454 1259.477
v 1771.121 -83.311 1271.126
v 1776.230 -83.936 1264.970
f 8553 8554 8555
f 8555 8556 8553
v 1776.876 -84.024 1265.648
v 1770.475 -83.224 1270.447
v 1782.119 -84.846 1285.979
v 1788.520 -85.653 1281.180
f 8557 8558 8559
f 8559 8560 8557
v 1788.947 -85.715 1281.894
v 1781.692 -84.784 1285.266
v 1791.544 -85.789 1306.463
v 1798.799 -86.769 1303.092
f 8561 8562 8563
f 8563 8564 8561
v 1798.787 -86.768 1303.067
v 1791.556 -85.790 1306.488
v 1804.692 -86.227 1334.250
v 1811.923 -86.998 1330.829
f 8565 8566 8567
f 8567 8568 8565
v 1811.903 -86.999 1330.787
v 1804.711 -86.227 1334.292
v 1810.678 -86.093 1346.535
v 1817.870 -86.833 1343.030
f 8569 8570 8571
f 8571 8572 8569
v 1816.907 -86.826 1341.772
v 1811.641 -86.101 1347.794
v 1816.427 -86.160 1351.980
v 1821.694 -86.967 1345.959
f 8573 8574 8575
f 8575 8576 8573
v 1820.582 -86.920 1345.270
v 1817.540 -86.189 1352.669
v 1822.616 -86.391 1354.756
v 1825.658 -87.190 1347.357
f 8577 8578 8579
f 8579 8580 8577
v 1693.866 -73.509 1257.911
v 1686.105 -72.636 1259.852
v 1698.684 -74.154 1310.146
v 1706.445 -74.965 1308.205
f 8581 8582 8583
f 8583 8584 8581
v -322.609 -72.599 1681.191
v -314.650 -72.079 1680.382
v -315.140 -72.332 1675.561
v -323.099 -72.806 1676.370
f 8585 8586 8587
f 8587 8588 8585
v -323.101 -72.807 1676.351
v -315.138 -72.331 1675.581
v -315.728 -72.641 1669.479
v -323.691 -73.060 1670.249
f 8589 8590 8591
f 8591 8592 8589
v -147.542 -74.293 1665.776
v -140.442 -74.626 1669.462
v -138.638 -74.825 1665.989
v -145.738 -74.490 1662.302
f 8593 8594 8595
f 8595 8596 8593
v -145.650 -74.499 1662.142
v -138.727 -74.815 1666.149
v -136.823 -75.002 1662.861
v -143.747 -74.681 1658.853
f 8597 8598 8599
f 8599 8600 8597
v -155.554 -72.279 1720.219
v -163.554 -71.495 1720.199
v -163.565 -71.434 1724.623
v -155.565 -72.229 1724.643
f 8601 8602 8603
f 8603 8604 8601
v -155.566 -72.229 1724.708
v -163.565 -71.435 1724.558
v -163.654 -71.362 1729.313
v -155.655 -72.167 1729.463
f 8605 8606 8607
f 8607 8608 8605
v -311.462 -70.421 1730.029
v -319.407 -71.236 1730.965
v -318.773 -71.108 1736.353
v -310.828 -70.278 1735.418
f 8609 8610 8611
f 8611 8612 8609
v -310.815 -70.275 1735.550
v -318.786 -71.111 1736.222
v -318.775 -71.108 1736.354
v -310.803 -70.272 1735.682
f 8613 8614 8615
f 8615 8616 8613
v -498.313 -83.117 2616.268
v -492.186 -83.459 2621.413
v -460.204 -79.318 2583.327
v -466.330 -78.994 2578.182
f 8617 8618 8619
f 8619 8620 8617
v -465.333 -78.876 2577.330
v -461.201 -79.436 2584.180
v -429.898 -76.714 2565.295
v -434.030 -76.188 2558.445
f 8621 8622 8623
f 8623 8624 8621
v -434.673 -76.248 2558.927
v -429.255 -76.658 2564.813
v -413.203 -75.257 2550.035
v -418.621 -74.836 2544.150
f 8625 8626 8627
f 8627 8628 8625
v -143.620 -77.340 2044.889
v -136.193 -76.947 2047.863
v -112.192 -75.471 1987.918
v -119.619 -76.098 1984.945
f 8629 8630 8631
f 8631 8632 8629
v -119.665 -76.101 1985.063
v -112.147 -75.467 1987.800
v -102.585 -74.739 1961.532
v -110.102 -75.343 1958.795
f 8633 8634 8635
f 8635 8636 8633
v -110.188 -75.349 1959.058
v -102.499 -74.733 1961.269
v -97.134 -74.655 1942.608
v -104.822 -75.127 1940.397
f 8637 8638 8639
f 8639 8640 8637
v -104.843 -75.127 1940.471
v -97.113 -74.655 1942.534
v -93.529 -74.736 1929.102
v -101.258 -75.084 1927.040
f 8641 8642 8643
f 8643 8644 8641
v -101.158 -75.085 1926.719
v -93.629 -74.733 1929.423
v -83.699 -75.396 1901.768
v -91.228 -75.598 1899.064
f 8645 8646 8647
f 8647 8648 8645
v -91.434 -75.573 1899.927
v -83.494 -75.428 1900.905
v -82.303 -75.856 1891.238
v -90.243 -75.925 1890.260
f 8649 8650 8651
f 8651 8652 8649
v -90.253 -75.921 1890.353
v -82.292 -75.861 1891.145
v -81.157 -76.444 1879.734
v -89.117 -76.397 1878.942
f 8653 8654 8655
f 8655 8656 8653
v 186.741 -80.868 2233.090
v 183.685 -81.230 2240.484
v 192.535 -81.329 2244.142
v 195.591 -81.097 2236.748
f 8657 8658 8659
f 8659 8660 8657
v 309.954 -65.785 339.489
v 302.036 -64.578 340.625
v 303.171 -65.203 348.537
v 311.090 -66.389 347.401
f 8661 8662 8663
f 8663 8664 8661
v 311.093 -66.391 347.419
v 303.168 -65.201 348.518
v 318.597 -75.924 459.746
v 326.521 -76.440 458.647
f 8665 8666 8667
f 8667 8668 8665
v 326.508 -76.432 458.557
v 318.611 -75.932 459.836
v 323.999 -78.726 493.095
v 331.896 -78.858 491.816
f 8669 8670 8671
f 8671 8672 8669
v 331.906 -78.862 491.881
v 323.989 -78.722 493.030
v 344.549 -84.144 634.688
v 352.466 -83.903 633.539
f 8673 8674 8675
f 8675 8676 8673
v 1080.133 -85.268 1403.641
v 1072.185 -85.595 1404.553
v 1079.632 -87.969 1469.453
v 1087.580 -88.215 1468.541
f 8677 8678 8679
f 8679 8680 8677
v 1087.598 -88.224 1468.740
v 1079.614 -87.962 1469.255
v 1081.652 -88.683 1500.859
v 1089.635 -89.095 1500.345
f 8681 8682 8683
f 8683 8684 8681
v 1089.629 -89.093 1500.263
v 1081.658 -88.684 1500.941
v 1086.756 -88.292 1560.875
v 1094.727 -88.603 1560.197
f 8685 8686 8687
f 8687 8688 8685
