# Roads mesh for tecate_core_z14_x2882_y6623
v -4872.228 -87.848 2196.729
v -4877.979 -87.850 2186.197
v -4921.728 -85.706 2210.087
v -4915.976 -85.817 2220.619
f 1 2 3
f 3 4 1
v -4915.751 -85.821 2220.489
v -4921.954 -85.702 2210.217
v -4952.856 -86.044 2228.877
v -4946.653 -86.134 2239.150
f 5 6 7
f 7 8 5
v -4946.549 -86.129 2239.085
v -4952.960 -86.047 2228.942
v -4978.931 0.050 2245.357
v -4972.519 -87.240 2255.501
f 9 10 11
f 11 12 9
v -4972.278 -87.231 2255.340
v -4979.172 0.050 2245.518
v -4998.742 0.050 2259.252
v -4991.848 0.050 2269.075
f 13 14 15
f 15 16 13
v -4991.953 0.050 2269.147
v -4998.637 0.050 2259.180
v -5026.701 0.050 2277.999
v -5020.017 0.050 2287.966
f 17 18 19
f 19 20 17
v -5020.043 0.050 2287.983
v -5026.674 0.050 2277.982
v -5040.856 0.050 2287.385
v -5034.225 0.050 2297.386
f 21 22 23
f 23 24 21
v -5034.016 0.050 2297.241
v -5041.066 0.050 2287.530
v -5047.723 0.050 2292.364
v -5040.673 0.050 2302.074
f 25 26 27
f 27 28 25
v -5040.437 0.050 2301.894
v -5047.959 0.050 2292.544
v -5066.082 0.050 2307.124
v -5058.560 0.050 2316.474
f 29 30 31
f 31 32 29
v -5058.709 0.050 2316.590
v -5065.932 0.050 2307.008
v -5082.697 0.050 2319.646
v -5075.473 0.050 2329.228
f 33 34 35
f 35 36 33
v -5075.202 0.050 2329.011
v -5082.968 0.050 2319.863
v -5096.861 0.050 2331.656
v -5089.095 0.050 2340.805
f 37 38 39
f 39 40 37
v -5088.928 0.050 2340.657
v -5097.028 0.050 2331.804
v -5114.494 0.050 2347.783
v -5106.394 0.050 2356.637
f 41 42 43
f 43 44 41
v -5106.455 0.050 2356.692
v -5114.433 0.050 2347.728
v -5142.942 0.050 2373.097
v -5134.964 0.050 2382.061
f 45 46 47
f 47 48 45
v -5134.909 0.050 2382.012
v -5142.997 0.050 2373.147
v -5147.238 0.050 2377.016
v -5139.150 0.050 2385.881
f 49 50 51
f 51 52 49
v -5139.154 0.050 2385.885
v -5147.234 0.050 2377.012
v -5183.936 0.050 2410.437
v -5175.856 0.050 2419.309
f 53 54 55
f 55 56 53
v -5175.887 0.050 2419.337
v -5183.906 0.050 2410.410
v -5203.810 0.050 2428.291
v -5195.790 0.050 2437.218
f 57 58 59
f 59 60 57
v -5195.789 0.050 2437.217
v -5203.811 0.050 2428.292
v -5235.871 0.050 2457.108
v -5227.849 0.050 2466.033
f 61 62 63
f 63 64 61
v -5227.701 0.050 2465.895
v -5236.019 0.050 2457.246
v -5246.016 0.050 2466.860
v -5237.698 0.050 2475.509
f 65 66 67
f 67 68 65
v -5237.697 0.050 2475.508
v -5246.016 0.050 2466.860
v -5268.214 0.050 2488.214
v -5259.894 0.050 2496.862
f 69 70 71
f 71 72 69
v -5259.962 0.050 2496.927
v -5268.145 0.050 2488.150
v -5347.616 0.050 2562.236
v -5339.433 0.050 2571.013
f 73 74 75
f 75 76 73
v -5339.389 0.050 2570.971
v -5347.661 0.050 2562.277
v -5365.316 0.050 2579.075
v -5357.044 0.050 2587.769
f 77 78 79
f 79 80 77
v -5357.083 0.050 2587.805
v -5365.277 0.050 2579.039
v -5374.517 0.050 2587.676
v -5366.322 0.050 2596.442
f 81 82 83
f 83 84 81
v -5366.322 0.050 2596.442
v -5374.517 0.050 2587.676
v -5414.013 0.050 2624.600
v -5405.818 0.050 2633.366
f 85 86 87
f 87 88 85
v -4876.229 -87.622 2195.301
v -4873.978 -88.068 2187.624
v -4892.167 -87.048 2182.289
v -4894.419 -86.628 2189.965
f 89 90 91
f 91 92 89
v -4894.910 -86.627 2189.786
v -4891.676 -87.074 2182.468
v -4914.809 -86.946 2172.247
v -4918.042 -86.592 2179.564
f 93 94 95
f 95 96 93
v -4916.790 -86.604 2179.889
v -4916.060 -86.933 2171.922
v -4925.712 -86.769 2171.037
v -4926.442 -86.447 2179.004
f 97 98 99
f 99 100 97
v -4925.802 -86.460 2179.011
v -4926.351 -86.756 2171.030
v -4936.526 -86.594 2171.730
v -4935.977 -86.287 2179.711
f 101 102 103
f 103 104 101
v -4936.009 -86.288 2179.713
v -4936.493 -86.594 2171.728
v -4959.603 -87.014 2173.128
v -4959.119 -86.776 2181.113
f 105 106 107
f 107 108 105
v -4958.653 -86.766 2181.057
v -4960.069 -87.021 2173.184
v -4987.754 0.050 2178.162
v -4986.338 0.050 2186.036
f 109 110 111
f 111 112 109
v -4986.743 0.050 2186.088
v -4987.350 0.050 2178.111
v -5003.502 0.050 2179.339
v -5002.896 0.050 2187.316
f 113 114 115
f 115 116 113
v -5003.215 0.050 2187.327
v -5003.183 0.050 2179.327
v -5023.087 0.050 2179.248
v -5023.119 0.050 2187.248
f 117 118 119
f 119 120 117
v -5023.172 0.050 2187.248
v -5023.034 0.050 2179.249
v -5103.518 0.050 2177.862
v -5103.656 0.050 2185.861
f 121 122 123
f 123 124 121
v -5103.587 0.050 2185.862
v -5103.587 0.050 2177.862
v -5110.299 0.050 2177.862
v -5110.299 0.050 2185.862
f 125 126 127
f 127 128 125
v -5109.848 0.050 2185.836
v -5110.751 0.050 2177.887
v -5115.983 0.050 2178.481
v -5115.080 0.050 2186.430
f 129 130 131
f 131 132 129
v -5114.595 0.050 2186.345
v -5116.468 0.050 2178.567
v -5123.926 0.050 2180.363
v -5122.053 0.050 2188.141
f 133 134 135
f 135 136 133
v -5121.849 0.050 2188.086
v -5124.130 0.050 2180.418
v -5167.278 0.050 2193.255
v -5164.997 0.050 2200.922
f 137 138 139
f 139 140 137
v -5166.418 0.050 2201.079
v -5165.856 0.050 2193.098
v -5176.554 0.050 2192.346
v -5177.116 0.050 2200.326
f 141 142 143
f 143 144 141
v -5177.847 0.050 2200.206
v -5175.823 0.050 2192.466
v -5181.935 0.050 2190.868
v -5183.958 0.050 2198.608
f 145 146 147
f 147 148 145
v -5185.310 0.050 2197.965
v -5180.583 0.050 2191.510
v -5188.988 0.050 2185.356
v -5193.714 0.050 2191.811
f 149 150 151
f 151 152 149
v -5193.996 0.050 2191.584
v -5188.706 0.050 2185.583
v -5193.037 0.050 2181.766
v -5198.326 0.050 2187.768
f 153 154 155
f 155 156 153
v -5198.699 0.050 2187.393
v -5192.664 0.050 2182.141
v -5205.132 0.050 2167.812
v -5211.167 0.050 2173.064
f 157 158 159
f 159 160 157
v -5211.095 0.050 2173.144
v -5205.203 0.050 2167.732
v -5207.096 0.050 2165.672
v -5212.987 0.050 2171.084
f 161 162 163
f 163 164 161
v -5212.995 0.050 2171.075
v -5207.088 0.050 2165.680
v -5216.317 0.050 2155.577
v -5222.223 0.050 2160.973
f 165 166 167
f 167 168 165
v -5222.474 0.050 2160.670
v -5216.066 0.050 2155.880
v -5248.315 0.050 2112.735
v -5254.723 0.050 2117.524
f 169 170 171
f 171 172 169
v -5254.722 0.050 2117.526
v -5248.317 0.050 2112.733
v -5287.134 0.050 2060.858
v -5293.539 0.050 2065.651
f 173 174 175
f 175 176 173
v -5293.365 0.050 2065.867
v -5287.307 0.050 2060.641
v -5337.090 0.050 2002.929
v -5343.147 0.050 2008.154
f 177 178 179
f 179 180 177
v -5343.193 0.050 2008.100
v -5337.044 0.050 2002.983
v -5340.495 0.050 1998.836
v -5346.644 0.050 2003.953
f 181 182 183
f 183 184 181
v -5054.565 0.050 2087.109
v -5062.551 0.050 2087.576
v -5062.184 0.050 2093.862
v -5054.197 0.050 2093.396
f 185 186 187
f 187 188 185
v -5054.328 0.050 2092.592
v -5062.054 0.050 2094.667
v -5060.852 0.050 2099.144
v -5053.125 0.050 2097.069
f 189 190 191
f 191 192 189
v -5053.941 0.050 2095.515
v -5060.036 0.050 2100.697
v -5057.498 0.050 2103.682
v -5051.403 0.050 2098.500
f 193 194 195
f 195 196 193
v -5051.569 0.050 2098.317
v -5057.332 0.050 2103.865
v -5050.887 0.050 2110.561
v -5045.123 0.050 2105.012
f 197 198 199
f 199 200 197
v -5045.526 0.050 2104.647
v -5050.484 0.050 2110.926
v -4993.755 0.050 2155.722
v -4988.798 0.050 2149.444
f 201 202 203
f 203 204 201
v -4988.838 0.050 2149.412
v -4993.715 0.050 2155.754
v -4961.799 -86.861 2180.292
v -4956.923 -86.935 2173.949
f 205 206 207
f 207 208 205
v -5023.342 0.050 903.248
v -5029.499 0.050 908.356
v -5027.395 0.050 910.892
v -5021.238 0.050 905.784
f 209 210 211
f 211 212 209
v -5020.593 0.050 906.876
v -5028.039 0.050 909.800
v -5026.514 0.050 913.683
v -5019.068 0.050 910.759
f 213 214 215
f 215 216 213
v -5018.793 0.050 912.345
v -5026.789 0.050 912.097
v -5026.900 0.050 915.676
v -5018.904 0.050 915.925
f 217 218 219
f 219 220 217
v -5019.033 0.050 916.813
v -5026.772 0.050 914.788
v -5027.729 0.050 918.446
v -5019.990 0.050 920.471
f 221 222 223
f 223 224 221
v -5020.407 0.050 921.478
v -5027.313 0.050 917.440
v -5046.560 0.050 950.353
v -5039.654 0.050 954.392
f 225 226 227
f 227 228 225
v -5039.139 0.050 952.876
v -5047.075 0.050 951.870
v -5047.899 0.050 958.368
v -5039.962 0.050 959.374
f 229 230 231
f 231 232 229
v -5039.942 0.050 958.568
v -5047.919 0.050 959.173
v -5047.541 0.050 964.166
v -5039.564 0.050 963.561
f 233 234 235
f 235 236 233
v -5039.682 0.050 962.852
v -5047.422 0.050 964.875
v -5046.387 0.050 968.837
v -5038.647 0.050 966.815
f 237 238 239
f 239 240 237
v -5039.165 0.050 965.643
v -5045.869 0.050 970.008
v -5042.129 0.050 975.753
v -5035.424 0.050 971.389
f 241 242 243
f 243 244 241
v -5036.217 0.050 970.497
v -5041.336 0.050 976.645
v -5037.306 0.050 980.000
v -5032.188 0.050 973.852
f 245 246 247
f 247 248 245
v -5033.140 0.050 973.263
v -5036.354 0.050 980.589
v -5031.055 0.050 982.913
v -5027.841 0.050 975.587
f 249 250 251
f 251 252 249
v -5028.504 0.050 975.363
v -5030.392 0.050 983.137
v -5025.171 0.050 984.405
v -5023.283 0.050 976.631
f 253 254 255
f 255 256 253
v -5023.082 0.050 976.686
v -5025.373 0.050 984.351
v -5018.126 0.050 986.517
v -5015.835 0.050 978.852
f 257 258 259
f 259 260 257
v -5016.343 0.050 978.736
v -5017.618 0.050 986.633
v -5006.575 0.050 988.416
v -5005.300 0.050 980.519
f 261 262 263
f 263 264 261
v -5005.660 0.050 980.477
v -5006.214 0.050 988.458
v -4994.414 0.050 989.277
v -4993.861 0.050 981.296
f 265 266 267
f 267 268 265
v -4994.114 0.050 981.286
v -4994.161 0.050 989.286
v -4980.725 0.050 989.366
v -4980.678 0.050 981.366
f 269 270 271
f 271 272 269
v -4980.952 0.050 981.373
v -4980.451 0.050 989.358
v -4967.393 -94.507 988.539
v -4967.894 -94.093 980.555
f 273 274 275
f 275 276 273
v -4968.206 -94.070 980.587
v -4967.080 -94.533 988.507
v -4953.422 -95.622 986.565
v -4954.547 -95.048 978.645
f 277 278 279
f 279 280 277
v -4954.828 -95.029 978.695
v -4953.141 -95.644 986.515
v -4943.768 -96.334 984.495
v -4945.454 -95.623 976.674
f 281 282 283
f 283 284 281
v -4945.457 -95.623 976.675
v -4943.765 -96.334 984.494
v -4936.563 -96.845 982.935
v -4938.255 -96.057 975.116
f 285 286 287
f 287 288 285
v -4937.993 -96.073 975.069
v -4936.825 -96.827 982.983
v -4929.033 -97.175 981.834
v -4930.200 -96.433 973.920
f 289 290 291
f 291 292 289
v -4930.041 -96.439 973.899
v -4929.193 -97.169 981.854
v -4921.757 -97.451 981.062
v -4922.604 -96.707 973.107
f 293 294 295
f 295 296 293
v -4922.210 -96.723 973.084
v -4922.151 -97.434 981.084
v -4861.237 -99.023 980.635
v -4861.296 -98.384 972.635
f 297 298 299
f 299 300 297
v -4860.637 -98.396 972.685
v -4861.896 -99.013 980.585
v -4858.167 -99.092 981.180
v -4856.908 -98.488 973.280
f 301 302 303
f 303 304 301
v -4855.563 -98.541 973.751
v -4859.512 -99.044 980.708
v -4856.673 -99.193 982.320
v -4852.724 -98.696 975.362
f 305 306 307
f 307 308 305
v -4468.322 -101.761 1101.509
v -4460.993 -101.607 1104.715
v -4447.779 -103.202 1074.509
v -4455.108 -103.195 1071.303
f 309 310 311
f 311 312 309
v -4454.925 -103.201 1070.936
v -4447.963 -103.182 1074.877
v -4396.333 -98.782 983.678
v -4403.295 -98.824 979.736
f 313 314 315
f 315 316 313
v -4403.233 -98.812 979.631
v -4396.395 -98.793 983.783
v -4388.368 -97.152 970.562
v -4395.207 -97.294 966.410
f 317 318 319
f 319 320 317
v -4395.206 -97.294 966.409
v -4388.369 -97.152 970.564
v -4344.142 -91.351 897.788
v -4350.979 -91.116 893.634
f 321 322 323
f 323 324 321
v -4350.950 -91.114 893.587
v -4344.171 -91.352 897.836
v -4308.048 -92.133 840.210
v -4314.826 -91.778 835.961
f 325 326 327
f 327 328 325
v -4314.830 -91.778 835.966
v -4308.045 -92.133 840.204
v -4260.867 -93.302 764.668
v -4267.653 -93.034 760.430
f 329 330 331
f 331 332 329
v -4267.640 -93.033 760.410
v -4260.880 -93.303 764.688
v -4218.278 -87.170 697.366
v -4225.038 -87.040 693.088
f 333 334 335
f 335 336 333
v -4225.038 -87.040 693.088
v -4218.278 -87.170 697.367
v -4195.491 -82.614 661.375
v -4202.251 -82.561 657.096
f 337 338 339
f 339 340 337
v -4202.237 -82.558 657.074
v -4195.505 -82.617 661.397
v -4176.748 -79.975 632.194
v -4183.479 -79.764 627.870
f 341 342 343
f 343 344 341
v -4183.479 -79.764 627.871
v -4176.748 -79.975 632.194
v -4136.829 -79.119 570.036
v -4143.560 -78.875 565.713
f 345 346 347
f 347 348 345
v -4142.693 -78.923 564.751
v -4137.696 -79.072 570.998
v -4133.221 -79.300 567.419
v -4138.218 -79.149 561.171
f 349 350 351
f 351 352 349
v -4136.806 -79.215 560.445
v -4134.633 -79.232 568.145
v -4129.858 -79.449 566.798
v -4132.030 -79.426 559.098
f 353 354 355
f 355 356 353
v -4131.251 -79.460 558.960
v -4130.636 -79.415 566.936
v -4124.814 -79.667 566.487
v -4125.429 -79.704 558.511
f 357 358 359
f 359 360 357
v -4124.052 -79.760 558.644
v -4126.192 -79.609 566.353
v -4120.815 -79.828 567.846
v -4118.675 -79.972 560.137
f 361 362 363
f 363 364 361
v -4116.981 -80.036 561.100
v -4122.509 -79.762 566.882
v -4119.070 -79.887 570.171
v -4113.541 -80.160 564.389
f 365 366 367
f 367 368 365
v -4112.528 -80.194 565.963
v -4120.082 -79.854 568.597
v -4118.001 -79.904 574.567
v -4110.447 -80.251 571.933
f 369 370 371
f 371 372 369
v -4110.264 -80.255 572.682
v -4118.183 -79.901 573.818
v -4116.235 -79.902 587.396
v -4108.316 -80.277 586.260
f 373 374 375
f 375 376 373
v -4108.306 -80.277 586.337
v -4116.245 -79.901 587.319
v -4111.269 -80.641 627.538
v -4103.330 -80.950 626.556
f 377 378 379
f 379 380 377
v -4103.341 -80.948 626.474
v -4111.258 -80.643 627.620
v -4102.498 -82.226 688.179
v -4094.580 -82.027 687.034
f 381 382 383
f 383 384 381
v -4094.559 -82.029 687.203
v -4102.518 -82.222 688.009
v -4096.574 -82.990 746.719
v -4088.615 -82.181 745.913
f 385 386 387
f 387 388 385
v -4088.615 -82.181 745.914
v -4096.574 -82.990 746.719
v -4095.505 -82.998 757.285
v -4087.546 -82.101 756.480
f 389 390 391
f 391 392 389
v -4087.543 -82.101 756.511
v -4095.508 -82.998 757.255
v -4094.017 -82.967 773.223
v -4086.051 -81.950 772.479
f 393 394 395
f 395 396 393
v -4086.037 -81.949 772.683
v -4094.030 -82.968 773.019
v -4093.585 -82.964 783.625
v -4085.592 -81.895 783.289
f 397 398 399
f 399 400 397
v -4085.611 -81.898 783.876
v -4093.567 -82.958 783.038
v -4094.602 -83.151 792.878
v -4086.646 -82.046 793.716
f 401 402 403
f 403 404 401
v -4086.920 -82.085 794.806
v -4094.328 -83.107 791.788
v -4096.276 -83.408 796.569
v -4088.868 -82.369 799.588
f 405 406 407
f 407 408 405
v -4088.993 -82.387 799.865
v -4096.151 -83.388 796.291
v -4100.926 -84.101 805.854
v -4093.769 -83.075 809.428
f 409 410 411
f 411 412 409
v -4093.900 -83.093 809.669
v -4100.795 -84.083 805.613
v -4105.270 -84.727 813.221
v -4098.375 -83.737 817.277
f 413 414 415
f 415 416 413
v -4098.210 -83.714 816.966
v -4105.435 -84.751 813.531
v -4108.274 -85.160 819.501
v -4101.049 -84.123 822.936
f 417 418 419
f 419 420 417
v -4100.760 -84.081 822.103
v -4108.562 -85.200 820.334
v -4110.054 -85.394 826.911
v -4102.252 -84.297 828.681
f 421 422 423
f 423 424 421
v -4102.189 -84.288 827.261
v -4110.117 -85.402 828.332
v -4109.371 -85.268 833.853
v -4101.443 -84.164 832.782
f 425 426 427
f 427 428 425
v -4101.985 -84.256 831.246
v -4108.829 -85.179 835.388
v -4105.401 -84.636 841.054
v -4098.556 -83.721 836.912
f 429 430 431
f 431 432 429
v -4098.882 -83.770 836.451
v -4105.075 -84.586 841.516
v -4097.015 -83.409 851.369
v -4090.823 -82.604 846.304
f 433 434 435
f 435 436 433
v -4090.822 -82.604 846.305
v -4097.016 -83.409 851.368
v -4091.639 -82.672 857.945
v -4085.445 -81.875 852.882
f 437 438 439
f 439 440 437
v -4085.023 -81.820 853.513
v -4092.062 -82.729 857.314
v -4088.032 -82.191 864.777
v -4080.993 -81.307 860.976
f 441 442 443
f 443 444 441
v -4080.751 -81.278 861.515
v -4088.274 -82.223 864.238
v -4085.736 -81.903 871.251
v -4078.213 -81.006 868.529
f 445 446 447
f 447 448 445
v -4078.091 -80.994 868.930
v -4085.858 -81.918 870.849
v -4083.019 -81.610 882.340
v -4075.252 -80.772 880.421
f 449 450 451
f 451 452 449
v -4075.157 -80.768 880.966
v -4083.114 -81.619 881.795
v -4081.623 -81.516 896.125
v -4073.666 -80.789 895.297
f 453 454 455
f 455 456 453
v -4073.655 -80.790 895.412
v -4081.633 -81.516 896.010
v -4079.841 -81.522 919.903
v -4071.863 -81.049 919.305
f 457 458 459
f 459 460 457
v -4071.874 -81.047 919.188
v -4079.830 -81.522 920.021
v -4065.793 -83.054 1054.079
v -4057.836 -83.488 1053.246
f 461 462 463
f 463 464 461
v -4057.839 -83.488 1053.224
v -4065.790 -83.054 1054.101
v -4050.272 -79.200 1194.736
v -4042.321 -78.682 1193.859
f 465 466 467
f 467 468 465
v -4042.319 -78.681 1193.872
v -4050.274 -79.201 1194.723
v -4049.829 -78.998 1198.883
v -4041.874 -78.435 1198.032
f 469 470 471
f 471 472 469
v -4041.874 -78.435 1198.035
v -4049.829 -78.998 1198.880
v -4040.456 -75.782 1287.106
v -4032.501 -74.766 1286.261
f 473 474 475
f 475 476 473
v -4032.534 -74.760 1287.347
v -4040.423 -75.787 1286.020
v -4043.284 -76.371 1303.017
v -4035.395 -75.418 1304.345
f 477 478 479
f 479 480 477
v -4036.350 -75.570 1306.340
v -4042.328 -76.223 1301.023
v -4048.083 -77.023 1307.495
v -4042.105 -76.373 1312.811
f 481 482 483
f 483 484 481
v -4043.642 -76.573 1313.880
v -4046.547 -76.821 1306.426
v -4082.191 -81.447 1320.320
v -4079.286 -81.102 1327.774
f 485 486 487
f 487 488 485
v -4077.338 -80.847 1326.153
v -4084.140 -81.706 1321.942
v -4135.258 -83.521 1404.514
v -4128.456 -83.042 1408.725
f 489 490 491
f 491 492 489
v -3873.213 -74.718 264.975
v -3865.251 -74.904 264.192
v -3877.641 -78.135 138.274
v -3885.602 -79.001 139.057
f 493 494 495
f 495 496 493
v -3341.784 -89.882 332.238
v -3349.631 -88.900 333.796
v -3335.538 -89.700 404.791
v -3327.691 -90.614 403.233
f 497 498 499
f 499 500 497
v -3327.691 -90.614 403.233
v -3335.538 -89.700 404.791
v -3319.530 -85.322 485.441
v -3311.683 -85.693 483.884
f 501 502 503
f 503 504 501
v -3311.659 -85.683 484.017
v -3319.554 -85.332 485.308
v -3309.480 -81.570 546.938
v -3301.584 -81.644 545.647
f 505 506 507
f 507 508 505
v -3301.585 -81.644 545.645
v -3309.479 -81.570 546.939
v -3291.602 -84.011 656.012
v -3283.707 -84.022 654.718
f 509 510 511
f 511 512 509
v -3283.725 -84.013 654.617
v -3291.583 -84.020 656.114
v -3279.917 -90.403 717.334
v -3272.059 -90.561 715.836
f 513 514 515
f 515 516 513
v -3272.059 -90.561 715.836
v -3279.917 -90.403 717.334
v -3269.731 -95.355 770.760
v -3261.873 -95.525 769.262
f 517 518 519
f 519 520 517
v -3251.963 -96.549 847.810
v -3259.916 -96.259 848.674
v -3245.433 -85.531 981.967
v -3237.480 -86.097 981.103
f 521 522 523
f 523 524 521
v -3237.479 -86.096 981.116
v -3245.435 -85.532 981.955
v -3224.707 -92.016 1178.590
v -3216.751 -92.184 1177.752
f 525 526 527
f 527 528 525
v -3216.751 -92.184 1177.752
v -3224.707 -92.016 1178.589
v -3220.688 -94.934 1216.799
v -3212.732 -94.879 1215.962
f 529 530 531
f 531 532 529
v -3212.735 -94.878 1215.933
v -3220.685 -94.936 1216.827
v -3210.076 -96.531 1311.128
v -3202.127 -96.393 1310.234
f 533 534 535
f 535 536 533
v -3087.914 -89.782 823.504
v -3088.781 -89.825 815.551
v -3174.119 -94.994 824.850
v -3173.252 -94.925 832.803
f 537 538 539
f 539 540 537
v -3173.303 -94.928 832.808
v -3174.067 -94.991 824.845
v -3248.663 -97.271 832.003
v -3247.898 -96.985 839.967
f 541 542 543
f 543 544 541
v -3245.917 -97.077 839.212
v -3250.644 -97.180 832.758
v -3256.288 -96.840 836.892
v -3251.561 -96.737 843.346
f 545 546 547
f 547 548 545
v -3250.042 -96.874 841.082
v -3257.807 -96.703 839.156
v -3259.822 -96.318 847.279
v -3252.057 -96.492 849.205
f 549 550 551
f 551 552 549
v -3228.881 -94.744 2146.158
v -3223.286 -95.103 2151.876
v -3167.604 -93.164 2097.386
v -3173.199 -92.785 2091.668
f 553 554 555
f 555 556 553
v -3173.131 -92.786 2091.603
v -3167.672 -93.163 2097.451
v -3120.640 -96.658 2053.553
v -3126.098 -96.336 2047.704
f 557 558 559
f 559 560 557
v -3126.095 -96.336 2047.701
v -3120.643 -96.657 2053.556
v -3070.783 -102.719 2007.135
v -3076.235 -102.571 2001.280
f 561 562 563
f 563 564 561
v -3128.679 -96.825 1956.111
v -3133.599 -96.211 1962.419
v -3075.969 -102.445 2007.362
v -3071.049 -102.862 2001.053
f 565 566 567
f 567 568 565
v -3306.058 -93.277 2173.909
v -3300.264 -93.495 2168.393
v -3325.600 -89.894 2141.782
v -3331.394 -89.640 2147.298
f 569 570 571
f 571 572 569
v -3331.446 -89.632 2147.243
v -3325.549 -89.902 2141.837
v -3370.666 -84.701 2092.617
v -3376.564 -84.572 2098.022
f 573 574 575
f 575 576 573
v -3376.350 -84.507 2092.400
v -3370.881 -84.811 2098.239
v -3279.075 -81.649 2012.251
v -3284.544 -81.317 2006.412
f 577 578 579
f 579 580 577
v -3284.621 -81.319 2006.486
v -3278.999 -81.651 2012.177
v -3193.717 -89.128 1927.919
v -3199.339 -88.774 1922.228
f 581 582 583
f 583 584 581
v -3199.285 -88.782 1922.175
v -3193.771 -89.121 1927.971
v -3120.022 -94.475 1857.817
v -3125.536 -94.137 1852.021
f 585 586 587
f 587 588 585
v -3125.597 -94.138 1852.080
v -3119.961 -94.473 1857.758
v -3103.318 -93.805 1841.236
v -3108.955 -93.461 1835.559
f 589 590 591
f 591 592 589
v -3057.014 -99.339 1894.241
v -3062.530 -98.602 1888.446
v -3133.897 -96.143 1956.368
v -3128.381 -96.903 1962.163
f 593 594 595
f 595 596 593
v -3128.384 -96.903 1962.165
v -3133.894 -96.144 1956.365
v -3238.546 -86.524 2055.798
v -3233.035 -87.415 2061.598
f 597 598 599
f 599 600 597
v -3233.073 -87.415 2061.633
v -3238.508 -86.524 2055.763
v -3331.215 -89.367 2141.605
v -3325.780 -90.195 2147.475
f 601 602 603
f 603 604 601
v -3067.282 -89.612 1729.086
v -3073.168 -89.757 1723.668
v -3111.095 -91.125 1764.873
v -3105.208 -90.905 1770.291
f 605 606 607
f 607 608 605
v -3105.227 -90.906 1770.311
v -3111.076 -91.124 1764.853
v -3144.516 -93.386 1800.683
v -3138.668 -93.180 1806.142
f 609 610 611
f 611 612 609
v -3138.916 -93.194 1806.385
v -3144.268 -93.374 1800.439
v -3153.218 -93.777 1808.496
v -3147.866 -93.600 1814.442
f 613 614 615
f 615 616 613
v -3148.424 -93.620 1814.862
v -3152.660 -93.755 1808.075
v -3162.223 -94.035 1814.045
v -3157.986 -93.879 1820.831
f 617 618 619
f 619 620 617
v -3157.826 -93.876 1820.726
v -3162.383 -94.037 1814.150
v -3174.027 -94.139 1822.220
v -3169.470 -93.937 1828.795
f 621 622 623
f 623 624 621
v -3169.000 -93.940 1828.414
v -3174.496 -94.138 1822.601
v -3305.865 -81.707 1946.810
v -3300.368 -81.436 1952.623
f 625 626 627
f 627 628 625
v -3300.347 -81.437 1952.603
v -3305.885 -81.706 1946.830
v -3513.118 -74.842 2145.615
v -3507.580 -74.567 2151.389
f 629 630 631
f 631 632 629
v -3506.778 -74.670 2150.305
v -3513.919 -74.740 2146.699
v -3516.647 -74.266 2152.101
v -3509.506 -74.193 2155.706
f 633 634 635
f 635 636 633
v -3509.187 -74.266 2154.839
v -3516.965 -74.193 2152.968
v -3519.815 -73.248 2164.814
v -3512.037 -73.312 2166.685
f 637 638 639
f 639 640 637
v -3512.895 -73.166 2168.360
v -3518.957 -73.393 2163.139
v -3527.840 -72.521 2173.454
v -3521.778 -72.469 2178.674
f 641 642 643
f 643 644 641
v -3522.026 -72.452 2178.937
v -3527.592 -72.537 2173.191
v -3550.346 -72.259 2195.232
v -3544.780 -71.898 2200.978
f 645 646 647
f 647 648 645
v -3181.912 -92.515 700.611
v -3174.609 -92.672 697.346
v -3181.043 -91.852 682.950
v -3188.347 -91.583 686.214
f 649 650 651
f 651 652 649
v -3188.555 -91.543 685.630
v -3180.835 -91.887 683.533
v -3188.126 -90.278 656.694
v -3195.846 -89.692 658.792
f 653 654 655
f 655 656 653
v -3195.939 -89.661 658.357
v -3188.034 -90.305 657.128
v -3195.047 -88.023 612.009
v -3202.952 -87.135 613.238
f 657 658 659
f 659 660 657
v -3202.952 -87.135 613.239
v -3195.047 -88.023 612.009
v -3213.426 -89.143 493.861
v -3221.331 -88.555 495.091
f 661 662 663
f 663 664 661
v -3221.331 -88.555 495.092
v -3213.426 -89.143 493.861
v -3218.335 -91.284 462.333
v -3226.240 -90.904 463.563
f 665 666 667
f 667 668 665
v -3226.240 -90.904 463.562
v -3218.335 -91.284 462.333
v -3221.240 -92.669 443.644
v -3229.145 -92.412 444.873
f 669 670 671
f 671 672 669
v -3229.152 -92.416 444.828
v -3221.234 -92.665 443.688
v -3226.777 -95.365 405.173
v -3234.696 -95.353 406.312
f 673 674 675
f 675 676 673
v -3234.696 -95.353 406.312
v -3226.777 -95.365 405.173
v -3248.540 -91.585 253.830
v -3256.459 -91.395 254.969
f 677 678 679
f 679 680 677
v -3256.459 -91.395 254.969
v -3248.540 -91.585 253.830
v -3256.767 -85.574 196.611
v -3264.685 -85.331 197.749
f 681 682 683
f 683 684 681
v -4717.633 -103.297 389.850
v -4712.887 -103.840 383.410
v -4719.466 -103.652 378.562
v -4724.212 -103.116 385.003
f 685 686 687
f 687 688 685
v -4724.232 -103.116 384.987
v -4719.445 -103.652 378.578
v -4725.334 -103.462 374.179
v -4730.121 -102.851 380.589
f 689 690 691
f 691 692 689
v -4729.478 -102.902 380.981
v -4725.977 -103.426 373.788
v -4730.753 -103.034 371.463
v -4734.254 -102.494 378.656
f 693 694 695
f 695 696 693
v -4733.676 -102.546 378.884
v -4731.331 -102.974 371.235
v -4736.930 -102.391 369.518
v -4739.275 -102.020 377.166
f 697 698 699
f 699 700 697
v -4738.583 -102.088 377.313
v -4737.622 -102.319 369.371
v -4743.076 -101.741 368.711
v -4744.038 -101.538 376.653
f 701 702 703
f 703 704 701
v -4743.557 -101.588 376.682
v -4743.557 -101.689 368.682
v -4749.157 -101.091 368.682
v -4749.157 -101.003 376.682
f 705 706 707
f 707 708 705
v -4748.852 -101.035 376.670
v -4749.461 -101.059 368.693
v -4759.157 -100.020 369.433
v -4758.548 -100.008 377.410
f 709 710 711
f 711 712 709
v -4758.408 -100.023 377.397
v -4759.298 -100.004 369.446
v -4771.921 -98.612 370.860
v -4771.031 -98.670 378.810
f 713 714 715
f 715 716 713
v -4770.913 -98.684 378.795
v -4772.040 -98.597 370.875
v -4788.381 -96.583 373.199
v -4787.255 -96.735 381.120
f 717 718 719
f 719 720 717
v -4787.335 -96.725 381.130
v -4788.301 -96.592 373.189
v -4796.883 -95.539 374.232
v -4795.918 -95.722 382.174
f 721 722 723
f 723 724 721
v -4795.961 -95.717 382.179
v -4796.840 -95.544 374.227
v -4807.594 -94.242 375.416
v -4806.715 -94.476 383.368
f 725 726 727
f 727 728 725
v -4806.618 -94.487 383.356
v -4807.690 -94.231 375.428
v -4827.616 -92.111 378.122
v -4826.544 -92.448 386.050
f 729 730 731
f 731 732 729
v -4826.478 -92.454 386.041
v -4827.682 -92.104 378.132
v -4838.959 -90.964 379.849
v -4837.755 -91.364 387.758
f 733 734 735
f 735 736 733
v -4837.749 -91.364 387.757
v -4838.965 -90.963 379.850
v -4852.023 -89.671 381.857
v -4850.807 -90.131 389.765
f 737 738 739
f 739 740 737
v -4850.484 -90.161 389.701
v -4852.346 -89.651 381.921
v -4865.481 -88.909 385.064
v -4863.619 -89.391 392.845
f 741 742 743
f 743 744 741
v -4863.633 -89.390 392.848
v -4865.467 -88.910 385.061
v -4878.759 -88.180 388.192
v -4876.925 -88.687 395.978
f 745 746 747
f 747 748 745
v -4877.232 -88.670 396.038
v -4878.451 -88.197 388.132
v -4887.190 -87.692 389.479
v -4885.971 -88.183 397.386
f 749 750 751
f 751 752 749
v -4886.581 -88.147 397.432
v -4886.581 -87.729 389.432
v -4891.946 -87.378 389.432
v -4891.946 -87.806 397.432
f 753 754 755
f 755 756 753
v -4892.580 -87.764 397.382
v -4891.312 -87.422 389.483
v -4897.813 -87.142 388.439
v -4899.081 -87.537 396.338
f 757 758 759
f 759 760 757
v -4899.301 -87.530 396.297
v -4897.593 -87.148 388.481
v -4906.176 -86.877 386.605
v -4907.884 -87.250 394.421
f 761 762 763
f 763 764 761
v -4908.440 -87.230 394.256
v -4905.619 -86.897 386.770
v -4913.156 -86.600 383.930
v -4915.977 -86.927 391.416
f 765 766 767
f 767 768 765
v -4916.399 -86.909 391.229
v -4912.734 -86.618 384.118
v -4926.293 -86.004 377.131
v -4929.957 -86.286 384.242
f 769 770 771
f 771 772 769
v -4929.957 -86.286 384.242
v -4926.293 -86.004 377.131
v -4931.547 -85.772 374.423
v -4935.212 -86.075 381.534
f 773 774 775
f 775 776 773
v -4935.390 -86.074 381.437
v -4931.369 -85.780 374.520
v -4942.412 -85.861 368.101
v -4946.432 -86.072 375.017
f 777 778 779
f 779 780 777
v -4946.672 -86.072 374.866
v -4942.172 -85.856 368.252
v -4952.480 -86.087 361.238
v -4956.980 -86.281 367.853
f 781 782 783
f 783 784 781
v -4957.376 -86.290 367.545
v -4952.084 -86.078 361.546
v -4960.890 -86.273 353.779
v -4966.182 -86.484 359.779
f 785 786 787
f 787 788 785
v -4966.641 -86.494 359.300
v -4960.430 -86.263 354.258
v -4966.853 -86.397 346.346
v -4973.064 -86.629 351.388
f 789 790 791
f 791 792 789
v -4973.162 -86.631 351.263
v -4966.756 -86.395 346.471
v -4971.676 -86.600 339.893
v -4978.082 0.050 344.685
f 793 794 795
f 795 796 793
v -4978.200 0.050 344.520
v -4971.559 -86.593 340.059
v -4979.774 0.050 327.828
v -4986.415 0.050 332.288
f 797 798 799
f 799 800 797
v -4986.673 0.050 331.845
v -4979.516 0.050 328.271
v -4985.783 0.050 315.723
v -4992.940 0.050 319.297
f 801 802 803
f 803 804 801
v -4993.029 0.050 319.107
v -4985.695 0.050 315.913
v -5000.778 0.050 281.280
v -5008.113 0.050 284.475
f 805 806 807
f 807 808 805
v -3286.547 -84.386 659.209
v -3288.761 -83.655 651.522
v -3353.671 -84.234 670.211
v -3351.458 -84.564 677.899
f 809 810 811
f 811 812 809
v -3351.367 -84.565 677.872
v -3353.762 -84.234 670.238
v -3367.910 -84.239 674.676
v -3365.516 -84.461 682.309
f 813 814 815
f 815 816 813
v -3366.933 -84.442 682.487
v -3366.493 -84.245 674.499
v -3374.408 -84.186 674.063
v -3374.848 -84.298 682.051
f 817 818 819
f 819 820 817
v -3376.331 -84.269 681.676
v -3372.925 -84.201 674.438
v -3386.484 -84.118 668.058
v -3389.890 -84.085 675.297
f 821 822 823
f 823 824 821
v -3389.545 -84.087 675.440
v -3386.829 -84.119 667.915
v -3395.356 -84.170 664.837
v -3398.072 -84.068 672.362
f 825 826 827
f 827 828 825
v -3395.873 -84.075 672.511
v -3397.555 -84.184 664.689
v -3404.189 -84.189 666.116
v -3402.508 -84.018 673.937
f 829 830 831
f 831 832 829
v -3400.736 -84.045 673.055
v -3405.961 -84.174 666.998
v -3411.182 -84.023 671.502
v -3405.957 -83.905 677.559
f 833 834 835
f 835 836 833
v -3405.284 -83.931 676.811
v -3411.855 -83.995 672.249
v -3419.915 -83.436 683.859
v -3413.343 -83.402 688.421
f 837 838 839
f 839 840 837
v -3151.355 -93.004 184.550
v -3159.280 -92.275 185.638
v -3103.075 -99.606 594.914
v -3095.150 -100.443 593.826
f 841 842 843
f 843 844 841
v -3304.759 -81.420 550.217
v -3306.305 -81.791 542.368
v -3422.668 -86.087 565.297
v -3421.121 -86.073 573.146
f 845 846 847
f 847 848 845
v -4220.864 -94.726 2666.824
v -4219.870 -94.795 2674.762
v -3388.168 -84.071 2570.554
v -3389.163 -84.061 2562.616
f 849 850 851
f 851 852 849
v -3389.153 -84.062 2562.614
v -3388.178 -84.070 2570.555
v -3333.387 -86.352 2563.833
v -3334.361 -85.794 2555.893
f 853 854 855
f 855 856 853
v -3334.301 -85.796 2555.886
v -3333.447 -86.350 2563.840
v -3293.138 -87.627 2559.508
v -3293.993 -86.829 2551.554
f 857 858 859
f 859 860 857
v -3293.929 -86.830 2551.548
v -3293.202 -87.625 2559.515
v -3260.507 -88.686 2556.530
v -3261.234 -87.854 2548.563
f 861 862 863
f 863 864 861
v -3261.104 -87.859 2548.554
v -3260.637 -88.681 2556.540
v -3224.959 -90.107 2554.453
v -3225.426 -89.410 2546.467
f 865 866 867
f 867 868 865
v -3225.368 -89.413 2546.464
v -3225.018 -90.104 2554.456
v -3184.264 -92.052 2552.673
v -3184.614 -91.691 2544.681
f 869 870 871
f 871 872 869
v -3145.388 -94.270 2532.062
v -3145.544 -94.319 2524.063
v -3198.988 -89.673 2525.107
v -3198.832 -90.099 2533.105
f 873 874 875
f 875 876 873
v -3198.728 -90.107 2533.102
v -3199.092 -89.664 2525.110
v -3248.362 -86.458 2527.355
v -3247.998 -87.137 2535.347
f 877 878 879
f 879 880 877
v -3247.821 -87.144 2535.335
v -3248.540 -86.451 2527.367
v -3291.532 -84.997 2531.250
v -3290.812 -85.728 2539.217
f 881 882 883
f 883 884 881
v -3290.829 -85.728 2539.219
v -3291.515 -84.997 2531.248
v -3336.611 -84.429 2535.131
v -3335.924 -84.935 2543.101
f 885 886 887
f 887 888 885
v -3335.803 -84.936 2543.089
v -3336.732 -84.429 2535.143
v -3382.707 -84.224 2540.518
v -3381.778 -84.274 2548.464
f 889 890 891
f 891 892 889
v -3381.743 -84.274 2548.460
v -3382.742 -84.224 2540.522
v -4338.509 -90.349 2660.842
v -4337.510 -90.383 2668.779
f 893 894 895
f 895 896 893
v -3993.092 -74.367 278.358
v -3985.577 -74.161 275.614
v -3990.130 -75.557 263.145
v -3997.645 -75.713 265.889
f 897 898 899
f 899 900 897
v -3997.662 -75.719 265.840
v -3990.112 -75.551 263.195
v -4007.578 -80.742 213.333
v -4015.128 -80.682 215.977
f 901 902 903
f 903 904 901
v -4015.129 -80.682 215.975
v -4007.577 -80.742 213.335
v -4019.377 -83.316 179.587
v -4026.929 -83.147 182.227
f 905 906 907
f 907 908 905
v -3857.182 -75.492 1416.530
v -3850.379 -75.259 1412.320
v -3858.784 -75.374 1398.742
v -3865.586 -75.559 1402.953
f 909 910 911
f 911 912 909
v -3865.777 -75.556 1402.608
v -3858.593 -75.375 1399.087
v -3862.801 -75.303 1390.503
v -3869.985 -75.435 1394.024
f 913 914 915
f 915 916 913
v -3870.077 -75.431 1393.822
v -3862.709 -75.306 1390.704
v -3866.750 -75.135 1381.155
v -3874.118 -75.185 1384.273
f 917 918 919
f 919 920 917
v -3874.193 -75.179 1384.083
v -3866.675 -75.139 1381.346
v -3869.503 -74.948 1373.580
v -3877.020 -74.917 1376.317
f 921 922 923
f 923 924 921
v -3877.185 -74.897 1375.726
v -3869.338 -74.964 1374.170
v -3871.019 -74.741 1365.691
v -3878.866 -74.600 1367.247
f 925 926 927
f 927 928 925
v -3878.928 -74.585 1366.810
v -3870.957 -74.753 1366.128
v -3871.970 -74.440 1354.294
v -3879.941 -74.162 1354.977
f 929 930 931
f 931 932 929
v -3879.949 -74.143 1354.403
v -3871.962 -74.454 1354.868
v -3871.539 -74.301 1347.590
v -3879.526 -73.929 1347.126
f 933 934 935
f 935 936 933
v -3879.504 -73.924 1346.881
v -3871.561 -74.304 1347.836
v -3869.624 -74.143 1331.723
v -3877.567 -73.659 1330.768
f 937 938 939
f 939 940 937
v -3877.290 -73.653 1329.711
v -3869.901 -74.144 1332.779
v -3862.899 -74.391 1315.913
v -3870.288 -73.850 1312.846
f 941 942 943
f 943 944 941
v -3963.762 -72.717 285.789
v -3956.531 -72.317 289.212
v -3953.993 -72.608 283.849
v -3961.224 -73.075 280.427
f 945 946 947
f 947 948 945
v -3961.236 -73.073 280.452
v -3953.981 -72.609 283.823
v -3952.489 -72.844 280.614
v -3959.744 -73.331 277.242
f 949 950 951
f 951 952 949
v -3959.856 -73.309 277.509
v -3952.377 -72.865 280.347
v -3950.362 -73.298 275.037
v -3957.842 -73.745 272.199
f 953 954 955
f 955 956 953
v -4195.639 -91.746 410.691
v -4191.349 -92.156 403.938
v -4207.691 -93.222 393.556
v -4211.981 -93.007 400.309
f 957 958 959
f 959 960 957
v -4212.300 -93.029 400.084
v -4207.372 -93.200 393.781
v -4213.573 -93.643 388.934
v -4218.500 -93.473 395.236
f 961 962 963
f 963 964 961
v -4219.023 -93.515 394.746
v -4213.050 -93.602 389.424
v -4215.510 -93.819 386.663
v -4221.483 -93.732 391.986
f 965 966 967
f 967 968 965
v -4222.112 -93.799 391.037
v -4214.882 -93.751 387.612
v -4216.897 -94.031 383.359
v -4224.126 -94.076 386.784
f 969 970 971
f 971 972 969
v -4224.406 -94.125 385.986
v -4216.617 -93.981 384.157
v -4218.109 -94.351 377.804
v -4225.897 -94.489 379.632
f 973 974 975
f 975 976 973
v -4225.971 -94.512 379.223
v -4218.035 -94.328 378.213
v -4221.319 -94.888 352.391
v -4229.255 -95.104 353.400
f 977 978 979
f 979 980 977
v -4229.271 -95.106 353.259
v -4221.304 -94.886 352.532
v -4225.634 -93.718 305.061
v -4233.601 -93.960 305.788
f 981 982 983
f 983 984 981
v -4069.087 -80.478 434.593
v -4063.514 -79.903 428.854
v -4114.866 -85.807 378.992
v -4120.439 -86.351 384.731
f 985 986 987
f 987 988 985
v -4120.635 -86.380 384.527
v -4114.670 -85.779 379.196
v -4122.284 -86.854 370.677
v -4128.249 -87.530 376.008
f 989 990 991
f 991 992 989
v -4128.583 -87.584 375.579
v -4121.951 -86.810 371.105
v -4126.281 -87.396 364.686
v -4132.913 -88.201 369.160
f 993 994 995
f 995 996 993
v -4133.317 -88.258 368.392
v -4125.876 -87.340 365.454
v -4128.114 -87.661 359.787
v -4135.555 -88.585 362.726
f 997 998 999
f 999 1000 997
v -4135.764 -88.617 362.004
v -4127.905 -87.630 360.509
v -4129.552 -87.900 351.845
v -4137.412 -88.896 353.339
f 1001 1002 1003
f 1003 1004 1001
v -4137.446 -88.903 353.124
v -4129.517 -87.894 352.060
v -4132.200 -88.092 332.062
v -4140.129 -89.109 333.126
f 1005 1006 1007
f 1007 1008 1005
v -4140.138 -89.109 333.053
v -4132.191 -88.092 332.135
v -4133.794 -88.044 318.253
v -4141.741 -89.023 319.171
f 1009 1010 1011
f 1011 1012 1009
v -4141.740 -89.023 319.184
v -4133.796 -88.044 318.240
v -4136.634 -87.478 294.346
v -4144.578 -88.356 295.290
f 1013 1014 1015
f 1015 1016 1013
v -3415.009 -85.488 1009.114
v -3413.574 -85.581 1016.984
v -3307.208 -82.495 997.595
v -3308.643 -82.927 989.725
f 1017 1018 1019
f 1019 1020 1017
v -3308.643 -82.927 989.725
v -3307.208 -82.495 997.595
v -3240.739 -85.515 985.470
v -3242.174 -86.075 977.600
f 1021 1022 1023
f 1023 1024 1021
v -3242.031 -86.084 977.577
v -3240.882 -85.501 985.494
v -3156.424 -93.295 973.237
v -3157.573 -93.247 965.320
f 1025 1026 1027
f 1027 1028 1025
v -3157.561 -93.248 965.318
v -3156.436 -93.294 973.239
v -3071.866 -98.639 961.220
v -3072.992 -97.942 953.299
f 1029 1030 1031
f 1031 1032 1029
v -3160.971 -92.937 969.751
v -3153.026 -93.591 968.807
v -3169.713 -94.728 828.354
v -3177.657 -95.213 829.298
f 1033 1034 1035
f 1035 1036 1033
v -3177.666 -95.214 829.220
v -3169.705 -94.727 828.433
v -3179.245 -93.719 731.856
v -3187.206 -93.791 732.643
f 1037 1038 1039
f 1039 1040 1037
v -3037.230 -104.402 580.863
v -3043.085 -104.021 575.412
v -3109.521 -97.629 646.775
v -3103.665 -97.815 652.227
f 1041 1042 1043
f 1043 1044 1041
v -3103.658 -97.816 652.219
v -3109.528 -97.628 646.783
v -3186.160 -93.649 729.532
v -3180.291 -93.837 734.967
f 1045 1046 1047
f 1047 1048 1045
v -3214.743 -93.789 734.107
v -3215.204 -94.330 742.094
v -3206.499 -94.396 742.596
v -3206.038 -93.915 734.609
f 1049 1050 1051
f 1051 1052 1049
v -3206.509 -93.910 734.610
v -3206.028 -94.398 742.595
v -3194.640 -94.310 741.909
v -3195.121 -93.907 733.923
f 1053 1054 1055
f 1055 1056 1053
v -3196.168 -93.926 734.129
v -3193.593 -94.284 741.703
v -3187.026 -94.096 739.471
v -3189.600 -93.769 731.896
f 1057 1058 1059
f 1059 1060 1057
v -3190.551 -93.797 732.368
v -3186.075 -94.062 738.999
v -3180.987 -93.865 735.565
v -3185.463 -93.623 728.934
f 1061 1062 1063
f 1063 1064 1061
v -3843.099 -74.776 1435.904
v -3848.188 -75.060 1442.077
v -3840.306 -74.445 1448.575
v -3835.217 -74.167 1442.402
f 1065 1066 1067
f 1067 1068 1065
v -3835.217 -74.167 1442.402
v -3840.306 -74.445 1448.575
v -3833.705 -73.849 1454.016
v -3828.616 -73.584 1447.843
f 1069 1070 1071
f 1071 1072 1069
v -3828.522 -73.575 1447.923
v -3833.799 -73.858 1453.936
v -3819.172 -72.253 1466.774
v -3813.895 -72.119 1460.761
f 1073 1074 1075
f 1075 1076 1073
v -3814.013 -72.130 1460.661
v -3819.054 -72.242 1466.873
v -3800.842 -70.544 1481.652
v -3795.801 -70.337 1475.440
f 1077 1078 1079
f 1079 1080 1077
v -3795.871 -70.344 1475.384
v -3800.772 -70.537 1481.708
v -3787.480 -69.202 1492.009
v -3782.579 -69.024 1485.686
f 1081 1082 1083
f 1083 1084 1081
v -3783.105 -69.076 1485.341
v -3786.955 -69.149 1492.354
v -3773.073 -68.012 1499.975
v -3769.223 -68.161 1492.962
f 1085 1086 1087
f 1087 1088 1085
v -3769.819 -68.187 1492.696
v -3772.477 -67.984 1500.241
v -3754.711 -67.449 1506.501
v -3752.052 -67.436 1498.956
f 1089 1090 1091
f 1091 1092 1089
v -3752.493 -67.454 1498.828
v -3754.270 -67.436 1506.628
v -3739.197 -66.992 1510.062
v -3737.420 -66.941 1502.262
f 1093 1094 1095
f 1095 1096 1093
v -3737.910 -66.955 1502.182
v -3738.708 -66.978 1510.142
v -3725.272 -67.308 1511.489
v -3724.474 -67.336 1503.529
f 1097 1098 1099
f 1099 1100 1097
v -3724.912 -67.321 1503.510
v -3724.833 -67.323 1511.509
v -3710.194 -67.823 1511.364
v -3710.274 -67.820 1503.364
f 1101 1102 1103
f 1103 1104 1101
v -3710.620 -67.809 1503.383
v -3709.848 -67.834 1511.345
v -3695.966 -68.308 1509.998
v -3696.739 -68.283 1502.036
f 1105 1106 1107
f 1107 1108 1105
v -3697.356 -68.262 1502.145
v -3695.349 -68.331 1509.889
v -3682.659 -69.467 1506.601
v -3684.666 -69.342 1498.856
f 1109 1110 1111
f 1111 1112 1109
v -3685.119 -69.297 1499.003
v -3682.205 -69.507 1506.454
v -3671.908 -70.429 1502.425
v -3674.822 -70.326 1494.975
f 1113 1114 1115
f 1115 1116 1113
v -3675.135 -70.295 1495.113
v -3671.595 -70.457 1502.287
v -3658.905 -71.691 1496.027
v -3662.444 -71.546 1488.853
f 1117 1118 1119
f 1119 1120 1117
v -3662.688 -71.523 1488.984
v -3658.661 -71.715 1495.896
v -3650.023 -72.686 1490.864
v -3654.050 -72.354 1483.952
f 1121 1122 1123
f 1123 1124 1121
v -3654.048 -72.354 1483.951
v -3650.024 -72.686 1490.865
v -3592.862 -78.741 1457.596
v -3596.886 -78.212 1450.682
f 1125 1126 1127
f 1127 1128 1125
v -3596.848 -78.215 1450.661
v -3592.899 -78.739 1457.618
v -3576.591 -79.889 1448.359
v -3580.540 -79.291 1441.402
f 1129 1130 1131
f 1131 1132 1129
v -3580.281 -79.306 1441.267
v -3576.850 -79.872 1448.494
v -3563.191 -80.568 1442.010
v -3566.622 -79.916 1434.783
f 1133 1134 1135
f 1135 1136 1133
v -3566.354 -79.924 1434.667
v -3563.459 -80.556 1442.125
v -3548.453 -81.117 1436.301
v -3551.348 -80.371 1428.843
f 1137 1138 1139
f 1139 1140 1137
v -3550.591 -80.396 1428.632
v -3549.211 -81.087 1436.512
v -3533.826 -81.780 1433.817
v -3535.206 -80.993 1425.937
f 1141 1142 1143
f 1143 1144 1141
v -3534.960 -81.002 1425.902
v -3534.072 -81.769 1433.853
v -3520.714 -82.225 1432.360
v -3521.602 -81.435 1424.410
f 1145 1146 1147
f 1147 1148 1145
v -3521.321 -81.444 1424.388
v -3520.995 -82.216 1432.382
v -3502.861 -82.844 1431.642
v -3503.187 -82.053 1423.649
f 1149 1150 1151
f 1151 1152 1149
v -3502.603 -82.077 1423.668
v -3503.445 -82.820 1431.623
v -3484.488 -83.656 1433.631
v -3483.645 -82.905 1425.675
f 1153 1154 1155
f 1155 1156 1153
v -3483.583 -82.907 1425.682
v -3484.549 -83.655 1433.624
v -3471.625 -84.013 1435.195
v -3470.659 -83.325 1427.254
f 1157 1158 1159
f 1159 1160 1157
v -3469.876 -83.357 1427.430
v -3472.408 -83.985 1435.019
v -3446.437 -84.956 1443.683
v -3443.905 -84.457 1436.094
f 1161 1162 1163
f 1163 1164 1161
v -3443.988 -84.455 1436.068
v -3446.355 -84.956 1443.709
v -3436.503 -85.005 1446.760
v -3434.136 -84.614 1439.118
f 1165 1166 1167
f 1167 1168 1165
v -3433.758 -84.620 1439.257
v -3436.881 -85.003 1446.622
v -3425.604 -85.046 1451.403
v -3422.481 -84.728 1444.038
f 1169 1170 1171
f 1171 1172 1169
v -3422.624 -84.728 1443.981
v -3425.462 -85.046 1451.460
v -3411.502 -84.949 1456.756
v -3408.664 -84.710 1449.277
f 1173 1174 1175
f 1175 1176 1173
v -3408.280 -84.708 1449.446
v -3411.887 -84.952 1456.587
v -3394.577 -84.557 1465.330
v -3390.970 -84.373 1458.189
f 1177 1178 1179
f 1179 1180 1177
v -3391.152 -84.378 1458.103
v -3394.394 -84.550 1465.416
v -3192.171 -88.858 1555.067
v -3188.929 -89.110 1547.753
f 1181 1182 1183
f 1183 1184 1181
v -3189.165 -89.078 1547.657
v -3191.935 -88.889 1555.162
v -3175.371 -90.984 1561.277
v -3172.601 -91.229 1553.772
f 1185 1186 1187
f 1187 1188 1185
v -3172.893 -91.193 1553.677
v -3175.078 -91.019 1561.373
v -3155.074 -93.408 1567.052
v -3152.889 -93.650 1559.356
f 1189 1190 1191
f 1191 1192 1189
v -3153.584 -93.566 1559.224
v -3154.379 -93.487 1567.184
v -3133.473 -95.805 1569.271
v -3132.679 -96.051 1561.310
f 1193 1194 1195
f 1195 1196 1193
v -3133.218 -95.987 1561.293
v -3132.934 -95.865 1569.288
v -3111.739 -98.112 1568.535
v -3112.023 -98.388 1560.540
f 1197 1198 1199
f 1199 1200 1197
v -3112.233 -98.368 1560.553
v -3111.528 -98.131 1568.522
v -3096.445 -99.512 1567.188
v -3097.149 -99.804 1559.219
f 1201 1202 1203
f 1203 1204 1201
v -3097.989 -99.721 1559.386
v -3095.605 -99.595 1567.022
v -3076.948 -101.618 1561.198
v -3079.332 -101.665 1553.561
f 1205 1206 1207
f 1207 1208 1205
v -3079.689 -101.626 1553.692
v -3076.590 -101.656 1561.067
v -3056.508 -102.959 1552.628
v -3059.607 -103.098 1545.253
f 1209 1210 1211
f 1211 1212 1209
v -3386.665 -84.239 2391.594
v -3378.732 -83.982 2390.558
v -3393.961 -83.229 2273.907
v -3401.894 -82.330 2274.943
f 1213 1214 1215
f 1215 1216 1213
v -3278.884 -81.496 2006.604
v -3284.736 -81.478 2012.059
v -3238.716 -87.000 2061.425
v -3232.865 -86.963 2055.970
f 1217 1218 1219
f 1219 1220 1217
v -3082.736 -101.951 1496.288
v -3087.837 -101.229 1490.124
v -3117.648 -98.415 1514.795
v -3112.548 -98.970 1520.959
f 1221 1222 1223
f 1223 1224 1221
v -3118.518 -98.297 1519.951
v -3111.678 -99.060 1515.803
v -3130.702 -96.450 1484.436
v -3137.542 -95.619 1488.584
f 1225 1226 1227
f 1227 1228 1225
v -3137.729 -95.592 1488.241
v -3130.516 -96.478 1484.779
v -3136.683 -95.584 1471.929
v -3143.896 -94.738 1475.390
f 1229 1230 1231
f 1231 1232 1229
v -3140.743 -95.136 1477.634
v -3139.836 -95.189 1469.685
v -3175.825 -91.036 1465.578
v -3176.733 -90.778 1473.526
f 1233 1234 1235
f 1235 1236 1233
v -3179.585 -90.460 1471.804
v -3172.973 -91.326 1467.300
v -3204.855 -90.375 1420.506
v -3211.467 -89.679 1425.011
f 1237 1238 1239
f 1239 1240 1237
v -3209.949 -89.681 1426.337
v -3206.373 -90.374 1419.181
v -3230.841 -90.043 1406.951
v -3234.417 -89.231 1414.107
f 1241 1242 1243
f 1243 1244 1241
v -3234.413 -89.231 1414.109
v -3230.845 -90.043 1406.949
v -3236.200 -90.047 1404.281
v -3239.767 -89.198 1411.441
f 1245 1246 1247
f 1247 1248 1245
v -3239.729 -89.198 1411.460
v -3236.238 -90.047 1404.262
v -3253.203 -90.147 1396.034
v -3256.694 -89.273 1403.232
f 1249 1250 1251
f 1251 1252 1249
v -3252.282 -89.522 1402.614
v -3257.615 -89.902 1396.651
v -3267.378 -88.598 1405.381
v -3262.045 -88.228 1411.344
f 1253 1254 1255
f 1255 1256 1253
v -3263.495 -88.085 1412.174
v -3265.927 -88.745 1404.552
v -3301.405 -86.274 1415.871
v -3298.973 -85.672 1423.492
f 1257 1258 1259
f 1259 1260 1257
v -3297.878 -85.752 1422.947
v -3302.499 -86.190 1416.416
v -3323.572 -84.394 1431.327
v -3318.951 -83.996 1437.858
f 1261 1262 1263
f 1263 1264 1261
v -3323.121 -83.894 1438.134
v -3319.402 -84.514 1431.051
v -3339.974 -84.923 1420.248
v -3343.693 -84.487 1427.330
f 1265 1266 1267
f 1267 1268 1265
v -3345.537 -84.569 1425.299
v -3338.129 -84.838 1422.279
v -3365.380 -86.222 1355.450
v -3372.788 -85.428 1358.470
f 1269 1270 1271
f 1271 1272 1269
v -3369.084 -85.735 1360.960
v -3369.084 -85.901 1352.960
v -3392.217 -83.502 1352.960
v -3392.217 -83.570 1360.960
f 1273 1274 1275
f 1275 1276 1273
v -3390.492 -83.729 1360.569
v -3393.941 -83.328 1353.351
v -3431.344 -80.693 1371.220
v -3427.896 -81.301 1378.439
f 1277 1278 1279
f 1279 1280 1277
v -3236.619 -89.464 1410.243
v -3228.639 -89.811 1410.814
v -3226.279 -92.767 1377.809
v -3234.259 -92.643 1377.238
f 1281 1282 1283
f 1283 1284 1281
v -3234.157 -92.699 1376.583
v -3226.381 -92.714 1378.464
v -3222.774 -93.899 1363.553
v -3230.550 -93.969 1361.672
f 1285 1286 1287
f 1287 1288 1285
v -3228.266 -94.203 1358.948
v -3225.058 -93.669 1366.277
v -3208.616 -94.331 1359.079
v -3211.824 -94.790 1351.750
f 1289 1290 1291
f 1291 1292 1289
v -3210.901 -94.810 1351.473
v -3209.540 -94.307 1359.356
v -3194.623 -94.443 1356.781
v -3195.984 -94.875 1348.898
f 1293 1294 1295
f 1295 1296 1293
v -3199.273 -94.766 1352.342
v -3191.335 -94.550 1353.336
v -3189.275 -95.086 1336.893
v -3197.213 -95.407 1335.899
f 1297 1298 1299
f 1299 1300 1297
v -3197.064 -95.338 1337.582
v -3189.424 -95.144 1335.210
v -3194.055 -95.842 1320.299
v -3201.695 -96.056 1322.671
f 1301 1302 1303
f 1303 1304 1301
v -3201.057 -95.996 1323.908
v -3194.693 -95.918 1319.062
v -3202.919 -96.443 1308.258
v -3209.284 -96.478 1313.105
f 1305 1306 1307
f 1307 1308 1305
v -3227.759 -93.620 1366.459
v -3225.565 -94.235 1358.766
v -3239.970 -94.496 1354.659
v -3242.164 -93.770 1362.352
f 1309 1310 1311
f 1311 1312 1309
v -3244.111 -93.809 1361.100
v -3238.023 -94.396 1355.910
v -3252.929 -95.259 1338.424
v -3259.017 -94.717 1343.614
f 1313 1314 1315
f 1315 1316 1313
v -3255.791 -94.740 1345.015
v -3256.155 -95.238 1337.023
v -3267.465 -94.818 1337.538
v -3267.101 -94.312 1345.530
f 1317 1318 1319
f 1319 1320 1317
v -3263.661 -94.581 1343.232
v -3270.905 -94.550 1339.836
v -3278.619 -92.987 1356.292
v -3271.375 -92.936 1359.688
f 1321 1322 1323
f 1323 1324 1321
v -3271.267 -92.964 1359.434
v -3278.727 -92.959 1356.546
v -3284.894 -91.189 1372.474
v -3277.434 -91.261 1375.362
f 1325 1326 1327
f 1327 1328 1325
v -3277.471 -91.251 1375.454
v -3284.858 -91.200 1372.383
v -3303.882 -85.996 1418.146
v -3296.495 -85.948 1421.217
f 1329 1330 1331
f 1331 1332 1329
v -3064.900 -91.632 1345.347
v -3062.481 -91.182 1337.721
v -3083.554 -90.984 1331.038
v -3085.972 -91.451 1338.664
f 1333 1334 1335
f 1335 1336 1333
v -3087.806 -91.439 1337.447
v -3081.720 -90.993 1332.255
v -3096.637 -90.755 1314.768
v -3102.723 -91.140 1319.960
f 1337 1338 1339
f 1339 1340 1337
v -3103.672 -91.090 1317.613
v -3095.688 -90.761 1317.116
v -3096.200 -90.626 1308.888
v -3104.184 -90.973 1309.385
f 1341 1342 1343
f 1343 1344 1341
v -3112.002 -99.027 1520.410
v -3118.194 -98.341 1515.344
v -3127.455 -97.086 1526.662
v -3121.264 -97.913 1531.729
f 1345 1346 1347
f 1347 1348 1345
v -3123.369 -97.607 1533.071
v -3125.350 -97.372 1525.320
v -3147.459 -94.374 1530.973
v -3145.477 -94.614 1538.724
f 1349 1350 1351
f 1351 1352 1349
v -3147.827 -94.306 1538.610
v -3145.109 -94.692 1531.086
v -3163.610 -92.189 1524.403
v -3166.328 -91.830 1531.927
f 1353 1354 1355
f 1355 1356 1353
v -3168.786 -91.492 1529.362
v -3161.152 -92.520 1526.969
v -3171.950 -91.151 1492.512
v -3179.584 -90.121 1494.904
f 1357 1358 1359
f 1359 1360 1357
v -3179.766 -90.114 1493.793
v -3171.768 -91.163 1493.623
v -3172.280 -91.363 1469.467
v -3180.278 -90.416 1469.637
f 1361 1362 1363
f 1363 1364 1361
v -3229.727 -93.103 2305.285
v -3229.920 -93.780 2297.288
v -3236.488 -93.693 2297.446
v -3236.295 -92.973 2305.444
f 1365 1366 1367
f 1367 1368 1365
v -3236.933 -92.965 2305.408
v -3235.850 -93.697 2297.482
v -3242.418 -93.670 2296.584
v -3243.501 -92.881 2304.510
f 1369 1370 1371
f 1371 1372 1369
v -3243.699 -92.877 2304.478
v -3242.220 -93.674 2296.616
v -3251.771 -93.491 2294.820
v -3253.250 -92.684 2302.682
f 1373 1374 1375
f 1375 1376 1373
v -3253.411 -92.681 2302.648
v -3251.610 -93.494 2294.854
v -3267.729 -93.245 2291.129
v -3269.530 -92.434 2298.924
f 1377 1378 1379
f 1379 1380 1377
v -3269.750 -92.432 2298.867
v -3267.509 -93.248 2291.187
v -3285.432 -92.896 2285.957
v -3287.673 -92.127 2293.637
f 1381 1382 1383
f 1383 1384 1381
v -3287.656 -92.128 2293.642
v -3285.448 -92.895 2285.952
v -3299.474 -92.197 2281.925
v -3301.682 -91.511 2289.614
f 1385 1386 1387
f 1387 1388 1385
v -3301.929 -91.500 2289.534
v -3299.228 -92.209 2282.004
v -3312.965 -91.538 2277.078
v -3315.665 -90.871 2284.608
f 1389 1390 1391
f 1391 1392 1389
v -3316.177 -90.848 2284.384
v -3312.454 -91.561 2277.303
v -3320.970 -91.200 2272.826
v -3324.692 -90.477 2279.907
f 1393 1394 1395
f 1395 1396 1393
v -3324.622 -90.482 2279.943
v -3321.040 -91.197 2272.790
v -3331.482 -90.433 2267.560
v -3335.064 -89.691 2274.713
f 1397 1398 1399
f 1399 1400 1397
v -3333.890 -89.795 2275.089
v -3332.656 -90.322 2267.184
v -3340.270 -89.526 2265.996
v -3341.504 -89.051 2273.900
f 1401 1402 1403
f 1403 1404 1401
v -3341.014 -89.101 2273.946
v -3340.760 -89.473 2265.950
v -3350.323 -88.408 2265.646
v -3350.577 -88.105 2273.642
f 1405 1406 1407
f 1407 1408 1405
v -3350.205 -88.144 2273.637
v -3350.694 -88.366 2265.652
v -3367.715 -86.396 2266.695
v -3367.226 -86.303 2274.680
f 1409 1410 1411
f 1411 1412 1409
v -3366.987 -86.331 2274.658
v -3367.953 -86.367 2266.717
v -3382.725 -84.543 2268.513
v -3381.760 -84.628 2276.454
f 1413 1414 1415
f 1415 1416 1413
v -3381.751 -84.629 2276.453
v -3382.734 -84.542 2268.514
v -3398.419 -82.667 2270.455
v -3397.436 -82.883 2278.395
f 1417 1418 1419
f 1419 1420 1417
v -3397.405 -82.887 2278.391
v -3398.450 -82.663 2270.459
v -3448.165 -77.709 2277.010
v -3447.120 -78.254 2284.941
f 1421 1422 1423
f 1423 1424 1421
v -3447.120 -78.254 2284.941
v -3448.165 -77.709 2277.010
v -3468.614 -76.489 2279.704
v -3467.569 -77.097 2287.635
f 1425 1426 1427
f 1427 1428 1425
v -3467.585 -77.096 2287.637
v -3468.599 -76.490 2279.702
v -3502.629 -75.078 2284.046
v -3501.616 -75.712 2291.982
f 1429 1430 1431
f 1431 1432 1429
v -3501.449 -75.715 2291.957
v -3502.795 -75.075 2284.071
v -3538.629 -74.797 2290.186
v -3537.283 -75.452 2298.072
f 1433 1434 1435
f 1435 1436 1433
v -3536.861 -75.444 2297.976
v -3539.051 -74.806 2290.282
v -3557.419 -75.234 2295.511
v -3555.228 -75.799 2303.206
f 1437 1438 1439
f 1439 1440 1437
v -3555.285 -75.799 2303.221
v -3557.362 -75.233 2295.496
v -3576.765 -75.632 2300.712
v -3574.688 -76.034 2308.438
f 1441 1442 1443
f 1443 1444 1441
v -3574.462 -76.029 2308.370
v -3576.992 -75.639 2300.780
v -3602.072 -76.193 2309.140
v -3599.542 -76.370 2316.729
f 1445 1446 1447
f 1447 1448 1445
v -3599.685 -76.370 2316.774
v -3601.929 -76.192 2309.095
v -3616.256 -76.293 2313.281
v -3614.012 -76.330 2320.960
f 1449 1450 1451
f 1451 1452 1449
v -3612.826 -76.330 2320.388
v -3617.442 -76.301 2313.854
v -3620.937 -76.312 2316.324
v -3616.321 -76.326 2322.857
f 1453 1454 1455
f 1455 1456 1453
v -3615.992 -76.327 2322.598
v -3621.267 -76.312 2316.583
v -3628.825 -76.234 2323.213
v -3623.550 -76.234 2329.227
f 1457 1458 1459
f 1459 1460 1457
v -3623.333 -76.239 2329.022
v -3629.043 -76.230 2323.418
v -3637.247 -75.953 2331.778
v -3631.537 -75.965 2337.381
f 1461 1462 1463
f 1463 1464 1461
v -3631.758 -75.955 2337.590
v -3637.026 -75.962 2331.569
v -3680.029 -72.582 2369.194
v -3674.761 -72.471 2375.215
f 1465 1466 1467
f 1467 1468 1465
v -3464.137 -77.014 2283.070
v -3472.047 -76.577 2284.269
v -3450.996 -87.172 2423.119
v -3443.087 -86.938 2421.920
f 1469 1470 1471
f 1471 1472 1469
v -3350.294 -82.781 2489.872
v -3355.681 -83.080 2495.786
v -3349.113 -83.048 2501.768
v -3343.726 -82.744 2495.854
f 1473 1474 1475
f 1475 1476 1473
v -3344.520 -82.751 2495.291
v -3348.320 -83.043 2502.331
v -3341.151 -83.010 2506.201
v -3337.351 -82.674 2499.161
f 1477 1478 1479
f 1479 1480 1477
v -3338.496 -82.691 2498.752
v -3340.005 -83.006 2506.609
v -3332.235 -82.929 2508.101
v -3330.726 -82.542 2500.245
f 1481 1482 1483
f 1483 1484 1481
v -3332.265 -82.582 2500.251
v -3330.696 -82.899 2508.095
v -3323.237 -82.668 2506.603
v -3324.807 -82.331 2498.758
f 1485 1486 1487
f 1487 1488 1485
v -3325.780 -82.370 2499.088
v -3322.264 -82.656 2506.274
v -3307.637 -82.425 2499.116
v -3311.153 -82.069 2491.930
f 1489 1490 1491
f 1491 1492 1489
v -3311.354 -82.073 2492.035
v -3307.436 -82.421 2499.011
v -3285.640 -81.903 2486.769
v -3289.557 -81.520 2479.793
f 1493 1494 1495
f 1495 1496 1493
v -3289.274 -81.512 2479.649
v -3285.923 -81.910 2486.913
v -3262.624 -82.336 2476.163
v -3265.975 -81.991 2468.899
f 1497 1498 1499
f 1499 1500 1497
v -3265.626 -82.007 2468.758
v -3262.973 -82.326 2476.305
v -3240.887 -83.291 2468.540
v -3243.540 -83.039 2460.992
f 1501 1502 1503
f 1503 1504 1501
v -3243.354 -83.048 2460.932
v -3241.073 -83.279 2468.600
v -3230.019 -84.352 2465.312
v -3232.300 -84.016 2457.644
f 1505 1506 1507
f 1507 1508 1505
v -3231.988 -84.047 2457.565
v -3230.331 -84.322 2465.391
v -3220.479 -85.301 2463.304
v -3222.137 -85.036 2455.478
f 1509 1510 1511
f 1511 1512 1509
v -3221.840 -85.066 2455.427
v -3220.775 -85.272 2463.356
v -3205.246 -86.839 2461.269
v -3206.311 -86.648 2453.340
f 1513 1514 1515
f 1515 1516 1513
v -3206.302 -86.649 2453.339
v -3205.256 -86.838 2461.270
v -3189.437 -88.758 2459.184
v -3190.483 -88.558 2451.252
f 1517 1518 1519
f 1519 1520 1517
v -3190.327 -88.579 2451.235
v -3189.593 -88.737 2459.201
v -3157.044 -93.085 2456.203
v -3157.777 -92.977 2448.237
f 1521 1522 1523
f 1523 1524 1521
v -3131.067 -96.189 2495.542
v -3127.627 -96.719 2488.320
v -3133.894 -95.999 2485.335
v -3137.334 -95.495 2492.558
f 1525 1526 1527
f 1527 1528 1525
v -3138.825 -95.331 2491.332
v -3132.403 -96.165 2486.561
v -3139.272 -95.412 2477.317
v -3145.693 -94.559 2482.088
f 1529 1530 1531
f 1531 1532 1529
v -3145.880 -94.536 2481.813
v -3139.085 -95.434 2477.591
v -3145.953 -94.571 2466.537
v -3152.748 -93.667 2470.760
f 1533 1534 1535
f 1535 1536 1533
v -3152.942 -93.642 2470.410
v -3145.760 -94.596 2466.887
v -3153.819 -93.519 2450.458
v -3161.002 -92.549 2453.982
f 1537 1538 1539
f 1539 1540 1537
v -3161.016 -92.547 2453.952
v -3153.805 -93.521 2450.488
v -3181.646 -90.548 2392.527
v -3188.857 -89.659 2395.990
f 1541 1542 1543
f 1543 1544 1541
v -3188.824 -89.661 2396.057
v -3181.678 -90.546 2392.460
v -3188.046 -90.279 2379.809
v -3195.192 -89.407 2383.405
f 1545 1546 1547
f 1547 1548 1545
v -3195.246 -89.405 2383.293
v -3187.992 -90.280 2379.921
v -3212.905 -91.890 2326.330
v -3220.159 -91.362 2329.702
f 1549 1550 1551
f 1551 1552 1549
v -3220.114 -91.356 2329.797
v -3212.950 -91.896 2326.235
v -3217.704 -92.462 2316.674
v -3224.867 -91.980 2320.235
f 1553 1554 1555
f 1555 1556 1553
v -3224.867 -91.980 2320.236
v -3217.704 -92.462 2316.674
v -3226.242 -93.639 2299.505
v -3233.405 -93.233 2303.068
f 1557 1558 1559
f 1559 1560 1557
v -3233.437 -93.239 2303.003
v -3226.211 -93.634 2299.570
v -3258.638 -97.052 2231.307
v -3265.864 -96.680 2234.739
f 1561 1562 1563
f 1563 1564 1561
v -3265.834 -96.679 2234.802
v -3258.668 -97.054 2231.244
v -3261.318 -96.981 2225.909
v -3268.483 -96.752 2229.467
f 1565 1566 1567
f 1567 1568 1565
v -3129.211 -96.533 2487.933
v -3129.482 -96.366 2495.929
v -3120.521 -97.395 2496.232
v -3120.250 -97.615 2488.237
f 1569 1570 1571
f 1571 1572 1569
v -3120.565 -97.577 2488.239
v -3120.206 -97.431 2496.231
v -3100.202 -99.343 2495.333
v -3100.561 -99.591 2487.341
f 1573 1574 1575
f 1575 1576 1573
v -3100.792 -99.568 2487.358
v -3099.971 -99.365 2495.316
v -3074.000 -101.768 2492.635
v -3074.821 -102.119 2484.677
f 1577 1578 1579
f 1579 1580 1577
v -3168.608 -94.388 2268.619
v -3174.577 -94.489 2273.945
v -3136.217 -93.948 2316.944
v -3130.247 -93.871 2311.619
f 1581 1582 1583
f 1583 1584 1581
v -3130.528 -93.861 2311.334
v -3135.935 -93.958 2317.230
v -3078.305 -99.265 2370.081
v -3072.898 -99.057 2364.185
f 1585 1586 1587
f 1587 1588 1585
v -3024.925 -94.538 2304.210
v -3025.958 -93.731 2296.277
v -3133.748 -93.819 2310.315
v -3132.715 -94.027 2318.248
f 1589 1590 1591
f 1591 1592 1589
v -3074.283 -89.961 2246.072
v -3067.970 -89.770 2241.158
v -3090.134 -90.064 2212.685
v -3096.447 -90.362 2217.599
f 1593 1594 1595
f 1595 1596 1593
v -3228.694 -94.558 2610.151
v -3235.718 -94.238 2606.322
v -3251.993 -95.959 2636.181
v -3244.969 -96.389 2640.009
f 1597 1598 1599
f 1599 1600 1597
v -3178.722 -94.966 2638.474
v -3171.632 -94.700 2642.180
v -3163.127 -94.173 2625.910
v -3170.217 -94.352 2622.204
f 1601 1602 1603
f 1603 1604 1601
v -3170.352 -94.362 2622.488
v -3162.993 -94.165 2625.626
v -3156.124 -93.835 2609.514
v -3163.483 -93.942 2606.377
f 1605 1606 1607
f 1607 1608 1605
v -3881.189 -77.238 2525.424
v -3888.934 -77.670 2527.426
v -3880.273 -75.898 2560.930
v -3872.528 -75.777 2558.928
f 1609 1610 1611
f 1611 1612 1609
v -3850.111 -75.128 2470.822
v -3857.405 -75.933 2474.108
v -3842.577 -74.525 2507.018
v -3835.284 -73.851 2503.732
f 1613 1614 1615
f 1615 1616 1613
v -3835.080 -73.840 2504.293
v -3842.781 -74.537 2506.457
v -3833.186 -74.463 2540.608
v -3825.484 -74.038 2538.444
f 1617 1618 1619
f 1619 1620 1617
v -3825.390 -74.048 2538.861
v -3833.279 -74.457 2540.191
v -3829.995 -74.888 2559.669
v -3822.107 -74.685 2558.339
f 1621 1622 1623
f 1623 1624 1621
v -3738.917 -67.122 2462.787
v -3746.851 -67.367 2463.813
v -3739.660 -70.286 2519.424
v -3731.726 -70.261 2518.398
f 1625 1626 1627
f 1627 1628 1625
v -3731.726 -70.261 2518.398
v -3739.660 -70.286 2519.424
v -3738.101 -71.317 2531.481
v -3730.167 -71.336 2530.455
f 1629 1630 1631
f 1631 1632 1629
v -3673.398 -72.741 2372.047
v -3681.392 -72.296 2372.362
v -3680.345 -70.871 2398.932
v -3672.352 -71.470 2398.618
f 1633 1634 1635
f 1635 1636 1633
v -3672.367 -71.478 2398.394
v -3680.330 -70.861 2399.155
v -3677.648 -70.133 2427.232
v -3669.684 -70.834 2426.471
f 1637 1638 1639
f 1639 1640 1637
v -3669.703 -70.835 2426.308
v -3677.629 -70.131 2427.394
v -3673.744 -70.284 2455.761
v -3665.818 -70.981 2454.675
f 1641 1642 1643
f 1643 1644 1641
v -3665.828 -70.980 2454.604
v -3673.733 -70.285 2455.832
v -3668.958 -71.299 2486.576
v -3661.052 -71.893 2485.348
f 1645 1646 1647
f 1647 1648 1645
v -3661.107 -71.880 2485.066
v -3668.903 -71.313 2486.857
v -3663.827 -72.478 2508.951
v -3656.030 -72.920 2507.160
f 1649 1650 1651
f 1651 1652 1649
v -3614.754 -76.314 2318.599
v -3622.504 -76.294 2320.582
v -3613.933 -76.556 2354.086
v -3606.183 -76.941 2352.103
f 1653 1654 1655
f 1655 1656 1653
v -3606.091 -76.954 2352.576
v -3614.024 -76.549 2353.613
v -3606.566 -77.671 2410.651
v -3598.633 -78.537 2409.614
f 1657 1658 1659
f 1659 1660 1657
v -3598.626 -78.539 2409.668
v -3606.572 -77.670 2410.596
v -3602.387 -78.349 2446.425
v -3594.441 -79.339 2445.496
f 1661 1662 1663
f 1663 1664 1661
v -3594.451 -79.338 2445.418
v -3602.377 -78.350 2446.503
v -3596.410 -78.715 2490.096
v -3588.484 -79.592 2489.011
f 1665 1666 1667
f 1667 1668 1665
v -3533.957 -75.092 2294.045
v -3541.955 -75.119 2294.212
v -3541.510 -76.926 2315.554
v -3533.512 -77.039 2315.387
f 1669 1670 1671
f 1671 1672 1669
v -3533.512 -77.037 2315.358
v -3541.509 -76.928 2315.582
v -3540.908 -78.839 2337.082
v -3532.911 -79.092 2336.858
f 1673 1674 1675
f 1675 1676 1673
v -3532.915 -79.083 2336.764
v -3540.904 -78.847 2337.176
v -3539.413 -81.401 2366.137
v -3531.423 -81.830 2365.725
f 1677 1678 1679
f 1679 1680 1677
v -3531.426 -81.827 2365.686
v -3539.410 -81.404 2366.177
v -3537.318 -83.919 2400.222
v -3529.333 -84.502 2399.731
f 1681 1682 1683
f 1683 1684 1681
v -3529.373 -84.477 2399.360
v -3537.277 -83.944 2400.594
v -3534.294 -85.118 2419.703
v -3526.390 -85.621 2418.469
f 1685 1686 1687
f 1687 1688 1685
v -3526.449 -85.611 2418.165
v -3534.234 -85.131 2420.007
v -3530.349 -85.901 2436.423
v -3522.564 -86.209 2434.580
f 1689 1690 1691
f 1691 1692 1689
v -3522.647 -86.198 2434.283
v -3530.267 -85.916 2436.719
v -3525.491 -86.218 2451.656
v -3517.871 -86.593 2449.219
f 1693 1694 1695
f 1695 1696 1693
v -3517.873 -86.593 2449.213
v -3525.489 -86.218 2451.662
v -3519.823 -86.208 2469.279
v -3512.207 -86.582 2466.830
f 1697 1698 1699
f 1699 1700 1697
v -3446.396 -87.172 2426.467
v -3447.687 -87.059 2418.572
v -3527.102 -85.929 2431.554
v -3525.811 -86.192 2439.449
f 1701 1702 1703
f 1703 1704 1701
v -3525.881 -86.189 2439.460
v -3527.032 -85.932 2431.543
v -3598.989 -78.764 2442.002
v -3597.838 -78.898 2449.919
f 1705 1706 1707
f 1707 1708 1705
v -3597.899 -78.891 2449.927
v -3598.928 -78.772 2441.994
v -3670.295 -70.548 2451.251
v -3669.266 -70.716 2459.185
f 1709 1710 1711
f 1711 1712 1709
v -3669.341 -70.709 2459.194
v -3670.220 -70.554 2451.242
v -3743.324 -67.196 2459.324
v -3742.445 -67.293 2467.276
f 1713 1714 1715
f 1715 1716 1713
v -3742.425 -67.293 2467.274
v -3743.343 -67.197 2459.327
v -3781.904 -68.586 2463.777
v -3780.987 -68.612 2471.724
f 1717 1718 1719
f 1719 1720 1717
v -3830.660 -74.209 2535.751
v -3828.010 -74.317 2543.300
v -3796.484 -72.591 2532.233
v -3799.134 -72.278 2524.685
f 1721 1722 1723
f 1723 1724 1721
v -3798.581 -72.244 2524.534
v -3797.037 -72.621 2532.384
v -3769.909 -71.370 2527.048
v -3771.452 -70.793 2519.199
f 1725 1726 1727
f 1727 1728 1725
v -3771.159 -70.785 2519.152
v -3770.202 -71.378 2527.095
v -3735.215 -70.573 2522.882
v -3736.171 -69.853 2514.940
f 1729 1730 1731
f 1731 1732 1729
v -3318.861 -91.175 2275.875
v -3326.801 -90.436 2276.858
v -3312.318 -82.633 2393.891
v -3304.379 -82.758 2392.909
f 1733 1734 1735
f 1735 1736 1733
v -3076.403 -98.184 957.719
v -3068.456 -98.379 956.800
v -3084.374 -89.615 819.069
v -3092.321 -89.992 819.987
f 1737 1738 1739
f 1739 1740 1737
v -3092.325 -89.992 819.955
v -3084.371 -89.615 819.101
v -3102.616 -98.068 649.074
v -3110.570 -97.415 649.928
f 1741 1742 1743
f 1743 1744 1741
v -3110.540 -97.407 650.151
v -3102.646 -98.078 648.851
v -3105.986 -98.575 628.576
v -3113.879 -97.822 629.877
f 1745 1746 1747
f 1747 1748 1745
v -3113.904 -97.825 629.704
v -3105.961 -98.571 628.749
v -3108.466 -98.868 607.920
v -3116.409 -98.065 608.875
f 1749 1750 1751
f 1751 1752 1749
v -3221.489 -91.758 1174.244
v -3219.969 -92.435 1182.098
v -3135.956 -94.248 1165.839
v -3137.476 -94.353 1157.985
f 1753 1754 1755
f 1755 1756 1753
v -3138.831 -94.283 1158.517
v -3134.601 -94.306 1165.307
v -3106.326 -96.263 1147.688
v -3110.556 -96.431 1140.899
f 1757 1758 1759
f 1759 1760 1757
v -3110.125 -96.467 1140.665
v -3106.757 -96.229 1147.922
v -3094.746 -97.190 1142.348
v -3098.113 -97.496 1135.091
f 1761 1762 1763
f 1763 1764 1761
v -3098.115 -97.495 1135.092
v -3094.744 -97.190 1142.348
v -3084.225 -98.144 1137.461
v -3087.595 -98.445 1130.205
f 1765 1766 1767
f 1767 1768 1765
v -3086.548 -98.534 1129.884
v -3085.272 -98.057 1137.782
v -3060.336 -99.489 1133.754
v -3061.612 -100.066 1125.856
f 1769 1770 1771
f 1771 1772 1769
v -3418.738 -83.326 944.931
v -3426.676 -83.174 945.919
v -3418.261 -85.730 1013.543
v -3410.322 -85.394 1012.555
f 1773 1774 1775
f 1775 1776 1773
v -3410.333 -85.393 1012.472
v -3418.249 -85.731 1013.626
v -3403.321 -84.596 1116.051
v -3395.405 -84.425 1114.898
f 1777 1778 1779
f 1779 1780 1777
v -3395.401 -84.425 1114.925
v -3403.325 -84.596 1116.024
v -3399.730 -84.066 1141.938
v -3391.806 -84.142 1140.838
f 1781 1782 1783
f 1783 1784 1781
v -3391.780 -84.140 1141.079
v -3399.756 -84.071 1141.697
v -3398.910 -83.875 1152.607
v -3390.934 -84.065 1151.988
f 1785 1786 1787
f 1787 1788 1785
v -3391.516 -84.032 1154.395
v -3398.327 -83.931 1150.200
v -3400.654 -83.806 1153.977
v -3393.842 -83.929 1158.172
f 1789 1790 1791
f 1791 1792 1789
v -3394.954 -83.879 1159.352
v -3399.542 -83.857 1152.798
v -3402.882 -83.722 1155.135
v -3398.294 -83.729 1161.689
f 1793 1794 1795
f 1795 1796 1793
v -3984.665 -78.162 1398.286
v -3992.623 -77.540 1389.304
v -3995.217 -77.866 1391.602
v -3987.259 -78.484 1400.584
f 1797 1798 1799
f 1799 1800 1797
v -3987.261 -78.484 1400.586
v -3995.215 -77.866 1391.601
v -4006.225 -79.157 1401.348
v -3998.270 -79.755 1410.333
f 1801 1802 1803
f 1803 1804 1801
v -3998.251 -79.753 1410.316
v -4006.243 -79.159 1401.364
v -4021.628 -80.703 1415.100
v -4013.636 -81.241 1424.051
f 1805 1806 1807
f 1807 1808 1805
v -4013.376 -81.217 1423.805
v -4021.888 -80.727 1415.346
v -4046.367 -82.350 1439.978
v -4037.855 -82.831 1448.437
f 1809 1810 1811
f 1811 1812 1809
v -4037.808 -82.829 1448.388
v -4046.414 -82.351 1440.026
v -4067.164 -82.508 1461.382
v -4058.558 -82.995 1469.744
f 1813 1814 1815
f 1815 1816 1813
v -4058.460 -82.996 1469.642
v -4067.261 -82.506 1461.485
v -4101.303 -80.797 1498.214
v -4092.502 -81.344 1506.371
f 1817 1818 1819
f 1819 1820 1817
v -4092.417 -81.349 1506.278
v -4101.387 -80.791 1498.307
v -4139.459 -79.211 1541.151
v -4130.489 -79.757 1549.122
f 1821 1822 1823
f 1823 1824 1821
v -4130.315 -79.758 1548.917
v -4139.633 -79.209 1541.356
v -4178.149 -81.643 1588.822
v -4168.831 -82.069 1596.383
f 1825 1826 1827
f 1827 1828 1825
v -4168.928 -82.081 1596.500
v -4178.052 -81.632 1588.706
v -4316.433 -91.688 1750.689
v -4307.309 -92.216 1758.484
f 1829 1830 1831
f 1831 1832 1829
v -4307.360 -92.213 1758.542
v -4316.383 -91.691 1750.631
v -4407.609 -93.736 1854.688
v -4398.586 -94.220 1862.599
f 1833 1834 1835
f 1835 1836 1833
v -4398.536 -94.213 1862.540
v -4407.660 -93.743 1854.746
v -4453.190 -100.070 1908.049
v -4444.065 -100.667 1915.843
f 1837 1838 1839
f 1839 1840 1837
v -4444.258 -100.687 1916.058
v -4452.997 -100.051 1907.834
v -4474.348 -101.773 1930.523
v -4465.609 -102.180 1938.747
f 1841 1842 1843
f 1843 1844 1841
v -4465.774 -102.188 1938.916
v -4474.183 -101.765 1930.354
v -4499.263 -101.799 1954.984
v -4490.855 -102.421 1963.546
f 1845 1846 1847
f 1847 1848 1845
v -4491.145 -102.407 1963.813
v -4498.973 -101.806 1954.718
v -4528.985 -100.050 1980.550
v -4521.156 -100.753 1989.645
f 1849 1850 1851
f 1851 1852 1849
v -4521.368 -100.738 1989.819
v -4528.773 -100.068 1980.376
v -4557.137 -97.561 2002.616
v -4549.733 -98.184 2012.059
f 1853 1854 1855
f 1855 1856 1853
v -4550.189 -98.147 2012.384
v -4556.680 -97.599 2002.291
v -4592.659 -95.112 2025.429
v -4586.168 -95.872 2035.522
f 1857 1858 1859
f 1859 1860 1857
v -4586.370 -95.863 2035.646
v -4592.456 -95.122 2025.304
v -4598.067 -94.854 2028.606
v -4591.981 -95.626 2038.948
f 1861 1862 1863
f 1863 1864 1861
v -4591.983 -95.626 2038.949
v -4598.065 -94.854 2028.605
v -4627.242 -94.377 2045.760
v -4621.159 -95.304 2056.105
f 1865 1866 1867
f 1867 1868 1865
v -4621.339 -95.306 2056.206
v -4627.062 -94.378 2045.659
v -4688.566 -96.491 2079.032
v -4682.843 -97.593 2089.579
f 1869 1870 1871
f 1871 1872 1869
v -4682.843 -97.593 2089.579
v -4688.566 -96.491 2079.032
v -4765.454 -98.023 2120.751
v -4759.731 -98.607 2131.298
f 1873 1874 1875
f 1875 1876 1873
v -4759.576 -98.613 2131.211
v -4765.609 -98.019 2120.838
v -4878.120 -87.838 2186.276
v -4872.087 -87.861 2196.649
f 1877 1878 1879
f 1879 1880 1877
v -3062.435 -103.225 1538.383
v -3066.371 -103.293 1531.419
v -3079.061 -102.217 1538.590
v -3075.125 -102.332 1545.555
f 1881 1882 1883
f 1883 1884 1881
v -3075.838 -102.280 1545.871
v -3078.348 -102.301 1538.274
v -3095.736 -100.366 1544.020
v -3093.227 -100.393 1551.616
f 1885 1886 1887
f 1887 1888 1885
v -3093.757 -100.338 1551.752
v -3095.206 -100.423 1543.884
v -3115.510 -98.325 1547.621
v -3114.062 -98.304 1555.489
f 1889 1890 1891
f 1891 1892 1889
v -3114.636 -98.248 1555.552
v -3114.936 -98.382 1547.558
v -3132.925 -96.161 1548.232
v -3132.626 -96.112 1556.226
f 1893 1894 1895
f 1895 1896 1893
v -3133.235 -96.038 1556.202
v -3132.316 -96.237 1548.255
v -3152.999 -93.630 1545.865
v -3153.918 -93.521 1553.812
f 1897 1898 1899
f 1899 1900 1897
v -3154.537 -93.445 1553.690
v -3152.380 -93.709 1545.986
v -3171.861 -91.180 1540.532
v -3174.018 -90.991 1548.236
f 1901 1902 1903
f 1903 1904 1901
v -3174.387 -90.943 1548.113
v -3171.492 -91.229 1540.655
v -3194.179 -88.092 1531.846
v -3197.074 -87.883 1539.303
f 1905 1906 1907
f 1907 1908 1905
v -3197.299 -87.851 1539.208
v -3193.954 -88.125 1531.941
v -3262.705 -81.941 1500.297
v -3266.050 -81.756 1507.564
f 1909 1910 1911
f 1911 1912 1909
v -3266.075 -81.754 1507.552
v -3262.680 -81.942 1500.308
v -3311.571 -81.805 1477.394
v -3314.966 -81.551 1484.638
f 1913 1914 1915
f 1915 1916 1913
v -3314.869 -81.549 1484.682
v -3311.669 -81.806 1477.350
v -3358.701 -83.442 1456.826
v -3361.901 -83.326 1464.158
f 1917 1918 1919
f 1919 1920 1917
v -3361.966 -83.328 1464.129
v -3358.636 -83.440 1456.855
v -3431.038 -83.731 1423.705
v -3434.369 -84.128 1430.979
f 1921 1922 1923
f 1923 1924 1921
v -3433.937 -84.139 1431.147
v -3431.470 -83.717 1423.537
v -3458.198 -82.578 1414.873
v -3460.665 -83.138 1422.483
f 1925 1926 1927
f 1927 1928 1925
v -3460.170 -83.160 1422.609
v -3458.693 -82.554 1414.746
v -3479.287 -81.613 1410.877
v -3480.764 -82.311 1418.739
f 1929 1930 1931
f 1931 1932 1929
v -3480.333 -82.328 1418.796
v -3479.718 -81.594 1410.820
v -3498.231 -80.841 1409.393
v -3498.845 -81.601 1417.370
f 1933 1934 1935
f 1935 1936 1933
v -3498.378 -81.619 1417.378
v -3498.698 -80.823 1409.385
v -3519.158 -80.173 1410.204
v -3518.838 -80.947 1418.197
f 1937 1938 1939
f 1939 1940 1937
v -3518.573 -80.955 1418.178
v -3519.424 -80.166 1410.223
v -3543.235 -79.479 1412.772
v -3542.384 -80.181 1420.727
f 1941 1942 1943
f 1943 1944 1941
v -3541.593 -80.205 1420.560
v -3544.027 -79.460 1412.939
v -3558.955 -79.173 1417.707
v -3556.521 -79.834 1425.328
f 1945 1946 1947
f 1947 1948 1945
v -3556.740 -79.827 1425.391
v -3558.735 -79.179 1417.644
v -3571.504 -78.795 1420.932
v -3569.508 -79.368 1428.679
f 1949 1950 1951
f 1951 1952 1949
v -3568.943 -79.387 1428.488
v -3572.068 -78.776 1421.124
v -3585.794 -78.289 1426.948
v -3582.669 -78.816 1434.312
f 1953 1954 1955
f 1955 1956 1953
v -3582.167 -78.839 1434.056
v -3586.296 -78.269 1427.204
v -3602.649 -77.477 1437.057
v -3598.520 -77.933 1443.909
f 1957 1958 1959
f 1959 1960 1957
v -3598.511 -77.934 1443.903
v -3602.658 -77.476 1437.062
v -3667.669 -71.417 1476.473
v -3663.521 -71.586 1483.314
f 1961 1962 1963
f 1963 1964 1961
v -3663.891 -71.551 1483.512
v -3667.299 -71.451 1476.274
v -3682.528 -70.016 1483.446
v -3679.119 -70.080 1490.683
f 1965 1966 1967
f 1967 1968 1965
v -3679.907 -70.004 1490.958
v -3681.740 -70.090 1483.171
v -3697.569 -68.760 1486.895
v -3695.737 -68.533 1494.683
f 1969 1970 1971
f 1971 1972 1969
v -3696.191 -68.515 1494.762
v -3697.116 -68.778 1486.816
v -3711.298 -68.258 1488.467
v -3710.373 -67.978 1496.413
f 1973 1974 1975
f 1975 1976 1973
v -3710.763 -67.964 1496.439
v -3710.907 -68.271 1488.441
v -3727.026 -67.737 1488.731
v -3726.882 -67.412 1496.730
f 1977 1978 1979
f 1979 1980 1977
v -3727.607 -67.389 1496.677
v -3726.302 -67.759 1488.784
v -3745.716 -67.803 1485.575
v -3747.021 -67.514 1493.468
f 1981 1982 1983
f 1983 1984 1981
v -3747.692 -67.540 1493.296
v -3745.045 -67.778 1485.746
v -3761.019 -68.425 1480.147
v -3763.666 -68.205 1487.696
f 1985 1986 1987
f 1987 1988 1985
v -3764.198 -68.229 1487.465
v -3760.488 -68.402 1480.377
v -3776.462 -69.121 1472.017
v -3780.172 -69.067 1479.105
f 1989 1990 1991
f 1991 1992 1989
v -3780.722 -69.120 1478.757
v -3775.912 -69.095 1472.365
v -3790.094 -70.557 1461.694
v -3794.904 -70.530 1468.086
f 1993 1994 1995
f 1995 1996 1993
v -3795.088 -70.551 1467.939
v -3789.910 -70.537 1461.840
v -3830.887 -74.274 1427.053
v -3836.065 -74.403 1433.151
f 1997 1998 1999
f 1999 2000 1997
v -3835.935 -74.394 1433.257
v -3831.017 -74.283 1426.947
v -3836.761 -74.654 1422.470
v -3841.679 -74.783 1428.780
f 2001 2002 2003
f 2003 2004 2001
v -3841.699 -74.784 1428.764
v -3836.741 -74.653 1422.485
v -3842.797 -74.970 1417.704
v -3847.754 -75.121 1423.983
f 2005 2006 2007
f 2007 2008 2005
v -3847.685 -75.117 1424.036
v -3842.866 -74.973 1417.651
v -3851.371 -75.288 1411.232
v -3856.190 -75.463 1417.618
f 2009 2010 2011
f 2011 2012 2009
v -3848.003 -75.075 1435.760
v -3843.284 -74.723 1442.220
v -3831.116 -74.115 1433.332
v -3835.835 -74.522 1426.872
f 2013 2014 2015
f 2015 2016 2013
v -3836.013 -74.528 1427.009
v -3830.939 -74.108 1433.195
v -3787.191 -74.902 1397.310
v -3792.264 -75.378 1391.125
f 2017 2018 2019
f 2019 2020 2017
v -3792.264 -75.378 1391.125
v -3787.191 -74.902 1397.311
v -3718.451 -80.102 1340.942
v -3723.524 -80.558 1334.756
f 2021 2022 2023
f 2023 2024 2021
v -3723.616 -80.555 1334.833
v -3718.359 -80.106 1340.864
v -3714.920 -80.253 1337.866
v -3720.176 -80.701 1331.835
f 2025 2026 2027
f 2027 2028 2025
v -3720.638 -80.354 1337.390
v -3714.457 -80.593 1332.311
v -3784.789 -80.093 1246.714
v -3790.970 -79.897 1251.793
f 2029 2030 2031
f 2031 2032 2029
v -4075.268 -81.550 1407.244
v -4075.745 -81.458 1399.259
v -4132.095 -83.524 1402.627
v -4131.618 -83.028 1410.612
f 2033 2034 2035
f 2035 2036 2033
v -4131.479 -83.025 1410.602
v -4132.235 -83.529 1402.637
v -4185.390 -85.125 1407.682
v -4184.634 -84.320 1415.647
f 2037 2038 2039
f 2039 2040 2037
v -4184.591 -84.319 1415.642
v -4185.433 -85.126 1407.687
v -4322.022 -91.831 1422.136
v -4321.180 -91.803 1430.091
f 2041 2042 2043
f 2043 2044 2041
v -4321.180 -91.803 1430.091
v -4322.021 -91.831 1422.136
v -4470.432 -99.949 1437.826
v -4469.591 -100.516 1445.781
f 2045 2046 2047
f 2047 2048 2045
v -4469.645 -100.517 1445.787
v -4470.378 -99.948 1437.820
v -4658.174 -93.500 1455.095
v -4657.441 -92.906 1463.062
f 2049 2050 2051
f 2051 2052 2049
v -4657.379 -92.907 1463.056
v -4658.236 -93.499 1455.102
v -4851.287 -100.655 1475.903
v -4850.430 -100.879 1483.857
f 2053 2054 2055
f 2055 2056 2053
v -4850.528 -100.884 1483.866
v -4851.188 -100.650 1475.894
v -4891.375 -100.885 1479.222
v -4890.714 -101.218 1487.195
f 2057 2058 2059
f 2059 2060 2057
v -4890.860 -101.219 1487.204
v -4891.229 -100.885 1479.212
v -4933.664 -98.866 1481.167
v -4933.295 -99.194 1489.159
f 2061 2062 2063
f 2063 2064 2061
v -4933.138 -99.201 1489.148
v -4933.821 -98.858 1481.177
v -5051.664 0.050 1491.281
v -5050.981 0.050 1499.252
f 2065 2066 2067
f 2067 2068 2065
v -5051.096 0.050 1499.260
v -5051.549 0.050 1491.273
v -5064.829 0.050 1492.026
v -5064.376 0.050 1500.013
f 2069 2070 2071
f 2071 2072 2069
v -5064.964 0.050 1500.003
v -5064.241 0.050 1492.036
v -5075.741 0.050 1490.992
v -5076.463 0.050 1498.959
f 2073 2074 2075
f 2075 2076 2073
v -5077.133 0.050 1498.841
v -5075.071 0.050 1491.111
v -5084.032 0.050 1488.720
v -5086.094 0.050 1496.450
f 2077 2078 2079
f 2079 2080 2077
v -5085.904 0.050 1496.496
v -5084.223 0.050 1488.675
v -5090.490 0.050 1487.327
v -5092.171 0.050 1495.149
f 2081 2082 2083
f 2083 2084 2081
v -5092.810 0.050 1494.954
v -5089.851 0.050 1487.522
v -5096.486 0.050 1484.880
v -5099.445 0.050 1492.313
f 2085 2086 2087
f 2087 2088 2085
v -5099.756 0.050 1492.173
v -5096.174 0.050 1485.020
v -5102.820 0.050 1481.692
v -5106.402 0.050 1488.845
f 2089 2090 2091
f 2091 2092 2089
v -5106.596 0.050 1488.741
v -5102.626 0.050 1481.796
v -5112.033 0.050 1476.420
v -5116.002 0.050 1483.366
f 2093 2094 2095
f 2095 2096 2093
v -5116.175 0.050 1483.261
v -5111.860 0.050 1476.525
v -5116.046 0.050 1473.844
v -5120.361 0.050 1480.580
f 2097 2098 2099
f 2099 2100 2097
v -5120.636 0.050 1480.387
v -5115.770 0.050 1474.037
v -5122.783 0.050 1468.662
v -5127.649 0.050 1475.012
f 2101 2102 2103
f 2103 2104 2101
v -5127.984 0.050 1474.725
v -5122.449 0.050 1468.949
v -5128.293 0.050 1463.349
v -5133.828 0.050 1469.125
f 2105 2106 2107
f 2107 2108 2105
v -5134.493 0.050 1468.290
v -5127.627 0.050 1464.184
v -5130.889 0.050 1458.729
v -5137.755 0.050 1462.835
f 2109 2110 2111
f 2111 2112 2109
v -5137.821 0.050 1462.720
v -5130.823 0.050 1458.844
v -5136.200 0.050 1449.137
v -5143.198 0.050 1453.013
f 2113 2114 2115
f 2115 2116 2113
v -5143.526 0.050 1452.237
v -5135.871 0.050 1449.913
v -5138.409 0.050 1441.553
v -5146.064 0.050 1443.877
f 2117 2118 2119
f 2119 2120 2117
v -5146.236 0.050 1442.634
v -5138.238 0.050 1442.796
v -5138.093 0.050 1435.637
v -5146.091 0.050 1435.476
f 2121 2122 2123
f 2123 2124 2121
v -5146.065 0.050 1435.095
v -5138.119 0.050 1436.018
v -5137.217 0.050 1428.252
v -5145.164 0.050 1427.329
f 2125 2126 2127
f 2127 2128 2125
v -5145.169 0.050 1427.381
v -5137.211 0.050 1428.200
v -5132.436 0.050 1381.776
v -5140.394 0.050 1380.958
f 2129 2130 2131
f 2131 2132 2129
v -5140.392 0.050 1380.939
v -5132.438 0.050 1381.795
v -5129.900 0.050 1358.207
v -5137.854 0.050 1357.351
f 2133 2134 2135
f 2135 2136 2133
v -5137.863 0.050 1357.447
v -5129.891 0.050 1358.110
v -5124.881 0.050 1297.845
v -5132.854 0.050 1297.182
f 2137 2138 2139
f 2139 2140 2137
v -5132.854 0.050 1297.183
v -5124.881 0.050 1297.844
v -5119.883 0.050 1237.632
v -5127.855 0.050 1236.970
f 2141 2142 2143
f 2143 2144 2141
v -5127.850 0.050 1236.909
v -5119.888 0.050 1237.693
v -5107.654 0.050 1113.476
v -5115.616 0.050 1112.692
f 2145 2146 2147
f 2147 2148 2145
v -5115.624 0.050 1112.786
v -5107.646 0.050 1113.381
v -5102.270 0.050 1041.281
v -5110.247 0.050 1040.686
f 2149 2150 2151
f 2151 2152 2149
v -5110.225 0.050 1040.468
v -5102.292 0.050 1041.498
v -5100.644 0.050 1028.806
v -5108.578 0.050 1027.776
f 2153 2154 2155
f 2155 2156 2153
v -5108.487 0.050 1027.303
v -5100.735 0.050 1029.279
v -5097.351 0.050 1016.005
v -5105.103 0.050 1014.029
f 2157 2158 2159
f 2159 2160 2157
v -5105.003 0.050 1013.698
v -5097.451 0.050 1016.336
v -5093.298 0.050 1004.449
v -5100.851 0.050 1001.811
f 2161 2162 2163
f 2163 2164 2161
v -5100.631 0.050 1001.298
v -5093.519 0.050 1004.962
v -5078.068 0.050 974.967
v -5085.179 0.050 971.304
f 2165 2166 2167
f 2167 2168 2165
v -5084.968 0.050 970.942
v -5078.279 0.050 975.329
v -5030.745 0.050 902.844
v -5037.435 0.050 898.457
f 2169 2170 2171
f 2171 2172 2169
v -5037.493 0.050 898.548
v -5030.687 0.050 902.754
v -4975.228 -86.720 813.006
v -4982.033 0.050 808.800
f 2173 2174 2175
f 2175 2176 2173
v -4982.032 0.050 808.798
v -4975.229 -86.720 813.008
v -4889.257 -96.750 674.099
v -4896.060 -96.952 669.889
f 2177 2178 2179
f 2179 2180 2177
v -4895.999 -96.964 669.794
v -4889.318 -96.740 674.195
v -4875.403 -98.810 653.075
v -4882.084 -99.141 648.674
f 2181 2182 2183
f 2183 2184 2181
v -4882.136 -99.133 648.755
v -4875.351 -98.818 652.994
v -4833.796 -100.576 586.491
v -4840.580 -100.924 582.252
f 2185 2186 2187
f 2187 2188 2185
v -4840.580 -100.924 582.252
v -4833.796 -100.576 586.491
v -4818.913 -99.547 562.677
v -4825.697 -99.879 558.437
f 2189 2190 2191
f 2191 2192 2189
v -4825.701 -99.879 558.445
v -4818.908 -99.547 562.670
v -4813.988 -99.199 554.758
v -4820.781 -99.441 550.533
f 2193 2194 2195
f 2195 2196 2193
v -4820.774 -99.440 550.521
v -4813.995 -99.200 554.769
v -4809.509 -98.804 547.611
v -4816.288 -99.055 543.362
f 2197 2198 2199
f 2199 2200 2197
v -4816.315 -99.057 543.406
v -4809.482 -98.801 547.567
v -4801.567 -98.080 534.570
v -4808.400 -98.417 530.409
f 2201 2202 2203
f 2203 2204 2201
v -4808.375 -98.415 530.370
v -4801.591 -98.082 534.609
v -4792.842 -97.445 520.609
v -4799.626 -97.692 516.369
f 2205 2206 2207
f 2207 2208 2205
v -4799.627 -97.692 516.372
v -4792.840 -97.445 520.606
v -4787.608 -97.168 512.219
v -4794.395 -97.374 507.985
f 2209 2210 2211
f 2211 2212 2209
v -4794.394 -97.374 507.983
v -4787.609 -97.168 512.221
v -4766.069 -97.167 477.734
v -4772.854 -97.203 473.496
f 2213 2214 2215
f 2215 2216 2213
v -4772.880 -97.202 473.538
v -4766.043 -97.168 477.692
v -4725.133 -101.961 410.355
v -4731.970 -101.739 406.202
f 2217 2218 2219
f 2219 2220 2217
v -4731.960 -101.741 406.186
v -4725.143 -101.959 410.371
v -4711.851 -103.671 388.723
v -4718.669 -103.456 384.537
f 2221 2222 2223
f 2223 2224 2221
v -3833.060 -76.968 1271.547
v -3834.337 -76.826 1263.650
v -3859.161 -74.621 1267.665
v -3857.884 -74.726 1275.562
f 2225 2226 2227
f 2227 2228 2225
v -3856.721 -74.832 1275.185
v -3860.324 -74.517 1268.042
v -3869.252 -73.812 1272.546
v -3865.649 -74.073 1279.689
f 2229 2230 2231
f 2231 2232 2229
v -3865.271 -74.103 1279.472
v -3869.630 -73.782 1272.763
v -3876.643 -73.216 1277.320
v -3872.284 -73.532 1284.028
f 2233 2234 2235
f 2235 2236 2233
v -3871.931 -73.561 1283.770
v -3876.997 -73.187 1277.578
v -3887.294 -72.322 1286.005
v -3882.228 -72.771 1292.196
f 2237 2238 2239
f 2239 2240 2237
v -3881.912 -72.793 1291.908
v -3887.610 -72.295 1286.293
v -3897.762 -71.620 1296.595
v -3892.064 -72.140 1302.210
f 2241 2242 2243
f 2243 2244 2241
v -3891.487 -72.173 1301.466
v -3898.340 -71.588 1297.338
v -3902.325 -71.416 1303.955
v -3895.472 -71.976 1308.083
f 2245 2246 2247
f 2247 2248 2245
v -3894.959 -71.992 1306.712
v -3902.838 -71.423 1305.327
v -3905.721 -71.727 1321.730
v -3897.842 -72.164 1323.115
f 2249 2250 2251
f 2251 2252 2249
v -5404.042 0.050 2635.258
v -5395.930 0.050 2644.101
v -5345.101 0.050 2597.471
v -5353.214 0.050 2588.628
f 2253 2254 2255
f 2255 2256 2253
v -5353.195 0.050 2588.611
v -5345.120 0.050 2597.488
v -5336.148 0.050 2589.327
v -5344.222 0.050 2580.450
f 2257 2258 2259
f 2259 2260 2257
v -5344.251 0.050 2580.476
v -5336.119 0.050 2589.300
v -5326.991 0.050 2580.888
v -5335.123 0.050 2572.064
f 2261 2262 2263
f 2263 2264 2261
v -5335.123 0.050 2572.064
v -5326.991 0.050 2580.888
v -5244.603 0.050 2504.953
v -5252.736 0.050 2496.129
f 2265 2266 2267
f 2267 2268 2265
v -5252.698 0.050 2496.095
v -5244.641 0.050 2504.988
v -5217.034 0.050 2479.975
v -5225.091 0.050 2471.083
f 2269 2270 2271
f 2271 2272 2269
v -5225.142 0.050 2471.129
v -5216.983 0.050 2479.929
v -5152.028 0.050 2419.695
v -5160.187 0.050 2410.896
f 2273 2274 2275
f 2275 2276 2273
v -5160.125 0.050 2410.839
v -5152.090 0.050 2419.752
v -5089.228 0.050 2363.085
v -5097.263 0.050 2354.172
f 2277 2278 2279
f 2279 2280 2277
v -5097.177 0.050 2354.096
v -5089.313 0.050 2363.160
v -5047.835 0.050 2327.173
v -5055.700 0.050 2318.109
f 2281 2282 2283
f 2283 2284 2281
v -5055.324 0.050 2317.809
v -5048.211 0.050 2327.473
v -5035.220 0.050 2317.912
v -5042.333 0.050 2308.247
f 2285 2286 2287
f 2287 2288 2285
v -5042.310 0.050 2308.230
v -5035.243 0.050 2317.929
v -5013.747 0.050 2302.266
v -5020.814 0.050 2292.568
f 2289 2290 2291
f 2291 2292 2289
v -5020.751 0.050 2292.522
v -5013.811 0.050 2302.312
v -4999.261 0.050 2291.998
v -5006.201 0.050 2282.208
f 2293 2294 2295
f 2295 2296 2293
v -5006.198 0.050 2282.206
v -4999.264 0.050 2292.000
v -4979.026 0.050 2277.671
v -4985.961 0.050 2267.877
f 2297 2298 2299
f 2299 2300 2297
v -4985.694 0.050 2267.699
v -4979.293 0.050 2277.849
v -4958.098 -87.280 2264.485
v -4964.498 -87.040 2254.334
f 2301 2302 2303
f 2303 2304 2301
v -4964.499 -87.040 2254.335
v -4958.097 -87.280 2264.484
v -4923.911 -86.159 2242.918
v -4930.313 -85.636 2232.769
f 2305 2306 2307
f 2307 2308 2305
v -4930.113 -85.635 2232.648
v -4924.111 -86.160 2243.039
v -4873.193 -87.644 2213.628
v -4879.195 -87.210 2203.237
f 2309 2310 2311
f 2311 2312 2309
v -4879.049 -87.220 2203.155
v -4873.340 -87.633 2213.710
v -4866.015 -88.149 2209.748
v -4871.724 -87.792 2199.193
f 2313 2314 2315
f 2315 2316 2313
v -4871.727 -87.792 2199.195
v -4866.012 -88.150 2209.747
v -4810.486 -94.079 2179.676
v -4816.201 -93.687 2169.124
f 2317 2318 2319
f 2319 2320 2317
v -4816.268 -93.679 2169.161
v -4810.419 -94.087 2179.639
v -4751.309 -99.655 2146.649
v -4757.157 -98.921 2136.171
f 2321 2322 2323
f 2323 2324 2321
v -4757.199 -98.920 2136.194
v -4751.267 -99.657 2146.626
v -4718.984 -100.457 2128.269
v -4724.916 -99.528 2117.837
f 2325 2326 2327
f 2327 2328 2325
v -4724.916 -99.528 2117.837
v -4718.985 -100.457 2128.269
v -4621.536 -96.540 2072.868
v -4627.466 -95.618 2062.436
f 2329 2330 2331
f 2331 2332 2329
v -4627.557 -95.620 2062.488
v -4621.445 -96.538 2072.815
v -4577.552 -96.668 2046.838
v -4583.664 -96.056 2036.511
f 2333 2334 2335
f 2335 2336 2333
v -4583.882 -96.046 2036.647
v -4577.334 -96.676 2046.703
v -4541.801 -98.760 2023.565
v -4548.349 -98.295 2013.509
f 2337 2338 2339
f 2339 2340 2337
v -4548.728 -98.264 2013.777
v -4541.421 -98.791 2023.296
v -4507.980 -101.439 1997.622
v -4515.288 -101.135 1988.104
f 2341 2342 2343
f 2343 2344 2341
v -4515.606 -101.112 1988.365
v -4507.663 -101.462 1997.361
v -4479.588 -103.152 1972.572
v -4487.531 -102.617 1963.576
f 2345 2346 2347
f 2347 2348 2345
v -4487.761 -102.605 1963.791
v -4479.358 -103.151 1972.358
v -4456.226 -102.763 1949.668
v -4464.629 -102.298 1941.102
f 2349 2350 2351
f 2351 2352 2349
v -4464.755 -102.304 1941.229
v -4456.100 -102.757 1949.541
v -4434.448 -101.392 1926.997
v -4443.103 -100.906 1918.685
f 2353 2354 2355
f 2355 2356 2353
v -4443.175 -100.913 1918.761
v -4434.376 -101.384 1926.921
v -4360.171 -92.126 1846.901
v -4368.970 -91.749 1838.742
f 2357 2358 2359
f 2359 2360 2357
v -4369.168 -91.766 1838.967
v -4359.972 -92.110 1846.676
v -4294.895 -92.882 1769.046
v -4304.091 -92.393 1761.337
f 2361 2362 2363
f 2363 2364 2361
v -4304.146 -92.389 1761.404
v -4294.840 -92.885 1768.980
v -4194.808 -87.831 1646.102
v -4204.114 -87.425 1638.526
f 2365 2366 2367
f 2367 2368 2365
v -4204.051 -87.414 1638.450
v -4194.871 -87.841 1646.178
v -4151.000 -81.482 1594.063
v -4160.180 -81.141 1586.335
f 2369 2370 2371
f 2371 2372 2369
v -4160.179 -81.141 1586.334
v -4151.001 -81.482 1594.064
v -4125.753 -80.295 1564.084
v -4134.932 -79.782 1556.354
f 2373 2374 2375
f 2375 2376 2373
v -4134.875 -79.782 1556.288
v -4125.810 -80.296 1564.151
v -4081.772 -82.037 1513.382
v -4090.837 -81.451 1505.519
f 2377 2378 2379
f 2379 2380 2377
v -4090.699 -81.460 1505.366
v -4081.910 -82.028 1513.536
v -4046.377 -83.585 1475.315
v -4055.166 -83.049 1467.144
f 2381 2382 2383
f 2383 2384 2381
v -4054.865 -83.051 1466.842
v -4046.678 -83.578 1475.616
v -4013.060 -82.772 1444.249
v -4021.246 -82.225 1435.475
f 2385 2386 2387
f 2387 2388 2385
v -4675.921 -105.677 790.544
v -4680.260 -105.952 797.265
v -4642.344 -105.985 821.740
v -4638.006 -105.722 815.018
f 2389 2390 2391
f 2391 2392 2389
v -4638.066 -105.725 814.980
v -4642.284 -105.981 821.778
v -4554.942 -98.408 875.970
v -4550.725 -98.041 869.172
f 2393 2394 2395
f 2395 2396 2393
v -4550.726 -98.041 869.171
v -4554.941 -98.408 875.971
v -4458.349 -96.506 935.842
v -4454.134 -95.726 929.042
f 2397 2398 2399
f 2399 2400 2397
v -4453.300 -95.772 929.731
v -4459.183 -96.460 935.153
v -4455.532 -96.761 939.115
v -4449.649 -96.074 933.694
f 2401 2402 2403
f 2403 2404 2401
v -4448.866 -96.182 934.944
v -4456.314 -96.656 937.865
v -4454.823 -96.998 941.669
v -4447.375 -96.536 938.748
f 2405 2406 2407
f 2407 2408 2405
v -4447.105 -96.657 939.989
v -4455.093 -96.881 940.428
v -4454.859 -97.298 944.681
v -4446.871 -97.090 944.242
f 2409 2410 2411
f 2411 2412 2409
v -4447.016 -97.227 945.549
v -4454.714 -97.165 943.373
v -4455.916 -97.610 947.626
v -4448.218 -97.686 949.802
f 2413 2414 2415
f 2415 2416 2413
v -4448.793 -97.820 951.012
v -4455.342 -97.479 946.417
v -4459.215 -98.092 951.937
v -4452.667 -98.399 956.532
f 2417 2418 2419
f 2419 2420 2417
v -4452.683 -98.402 956.555
v -4459.200 -98.089 951.915
v -4473.983 -100.022 972.678
v -4467.466 -100.354 977.318
f 2421 2422 2423
f 2423 2424 2421
v -4617.168 -98.266 695.245
v -4621.370 -98.827 702.052
v -4561.035 -98.753 739.299
v -4556.833 -98.414 732.491
f 2425 2426 2427
f 2427 2428 2425
v -4556.833 -98.414 732.491
v -4561.035 -98.753 739.299
v -4405.644 -87.798 835.215
v -4401.442 -87.605 828.408
f 2429 2430 2431
f 2431 2432 2429
v -4754.533 -98.289 916.492
v -4758.697 -97.907 923.323
v -4680.217 -94.808 971.162
v -4676.053 -95.459 964.331
f 2433 2434 2435
f 2435 2436 2433
v -4676.008 -95.457 964.359
v -4680.262 -94.811 971.134
v -4572.427 -96.208 1038.837
v -4568.173 -96.618 1032.062
f 2437 2438 2439
f 2439 2440 2437
v -4568.257 -96.611 1032.010
v -4572.342 -96.215 1038.888
v -4553.240 -97.881 1050.234
v -4549.155 -98.249 1043.356
f 2441 2442 2443
f 2443 2444 2441
v -4549.274 -98.238 1043.287
v -4553.120 -97.892 1050.302
v -4536.645 -99.343 1059.336
v -4532.799 -99.705 1052.321
f 2445 2446 2447
f 2447 2448 2445
v -4534.070 -99.593 1051.882
v -4535.374 -99.454 1059.775
v -4524.976 -100.358 1061.492
v -4523.673 -100.512 1053.599
f 2449 2450 2451
f 2451 2452 2449
v -4524.291 -100.457 1053.546
v -4524.359 -100.412 1061.546
v -4511.969 -101.228 1061.651
v -4511.901 -101.286 1053.652
f 2453 2454 2455
f 2455 2456 2453
v -4511.552 -101.307 1053.670
v -4512.318 -101.207 1061.633
v -4501.464 -101.845 1062.677
v -4500.698 -101.958 1054.713
f 2457 2458 2459
f 2459 2460 2457
v -4499.034 -102.054 1055.258
v -4503.128 -101.751 1062.132
v -4488.935 -102.510 1070.584
v -4484.841 -102.822 1063.711
f 2461 2462 2463
f 2463 2464 2461
v -4484.254 -102.852 1064.138
v -4489.522 -102.480 1070.158
v -4477.477 -102.705 1080.698
v -4472.209 -103.018 1074.677
f 2465 2466 2467
f 2467 2468 2465
v -4470.954 -102.929 1076.751
v -4478.732 -102.792 1078.624
v -4476.105 -102.307 1089.533
v -4468.327 -102.424 1087.661
f 2469 2470 2471
f 2471 2472 2469
v -4468.668 -102.466 1086.750
v -4475.764 -102.266 1090.444
v -4468.205 -101.593 1104.960
v -4461.110 -101.779 1101.265
f 2473 2474 2475
f 2475 2476 2473
v -4674.813 -94.947 969.975
v -4681.456 -95.322 965.518
v -4712.281 -92.728 1011.454
v -4705.638 -92.308 1015.912
f 2477 2478 2479
f 2479 2480 2477
v -4704.979 -92.329 1014.079
v -4712.940 -92.653 1013.287
v -4713.841 -92.469 1022.347
v -4705.881 -92.138 1023.140
f 2481 2482 2483
f 2483 2484 2481
v -4707.472 -92.289 1019.535
v -4712.250 -92.322 1025.952
v -4705.793 -91.946 1030.759
v -4701.015 -91.916 1024.343
f 2485 2486 2487
f 2487 2488 2485
v -4702.917 -92.011 1023.581
v -4703.891 -91.849 1031.521
v -4694.307 -91.424 1032.697
v -4693.333 -91.601 1024.756
f 2489 2490 2491
f 2491 2492 2489
v -4695.181 -91.669 1024.965
v -4692.459 -91.354 1032.488
v -4664.640 -91.553 1022.424
v -4667.362 -91.749 1014.901
f 2493 2494 2495
f 2495 2496 2493
v -4664.933 -91.768 1014.808
v -4667.069 -91.535 1022.517
v -4659.488 -91.524 1024.617
v -4657.352 -91.756 1016.908
f 2497 2498 2499
f 2499 2500 2497
v -4656.438 -91.752 1017.288
v -4660.402 -91.529 1024.237
v -4629.522 -92.014 1041.856
v -4625.558 -92.401 1034.907
f 2501 2502 2503
f 2503 2504 2501
v -4625.403 -92.407 1035.000
v -4629.677 -92.008 1041.763
v -4621.985 -92.413 1046.623
v -4617.711 -92.714 1039.860
f 2505 2506 2507
f 2507 2508 2505
v -4616.758 -92.748 1040.702
v -4622.938 -92.350 1045.782
v -4617.272 -92.738 1052.676
v -4611.091 -93.029 1047.597
f 2509 2510 2511
f 2511 2512 2509
v -4610.887 -93.043 1047.868
v -4617.477 -92.724 1052.404
v -4582.634 -96.059 1103.029
v -4576.044 -96.400 1098.493
f 2513 2514 2515
f 2515 2516 2513
v -4576.876 -96.328 1097.609
v -4581.801 -96.130 1103.913
v -4539.277 -98.375 1137.131
v -4534.352 -98.629 1130.826
f 2517 2518 2519
f 2519 2520 2517
v -4714.262 -103.685 851.466
v -4718.662 -103.221 858.147
v -4633.859 -100.386 913.990
v -4629.459 -100.876 907.308
f 2521 2522 2523
f 2523 2524 2521
v -4629.486 -100.878 907.291
v -4633.832 -100.384 914.008
v -4626.218 -99.854 918.934
v -4621.872 -100.327 912.217
f 2525 2526 2527
f 2527 2528 2525
v -4621.565 -100.304 912.437
v -4626.525 -99.876 918.714
v -4620.859 -99.448 923.192
v -4615.899 -99.871 916.915
f 2529 2530 2531
f 2531 2532 2529
v -4615.212 -99.809 917.609
v -4621.545 -99.513 922.497
v -4619.007 -99.219 925.786
v -4612.674 -99.537 920.898
f 2533 2534 2535
f 2535 2536 2533
v -4612.172 -99.471 921.748
v -4619.509 -99.292 924.936
v -4618.018 -99.002 928.370
v -4610.680 -99.199 925.182
f 2537 2538 2539
f 2539 2540 2537
v -4610.350 -99.085 926.669
v -4618.347 -99.125 926.883
v -4618.191 -98.654 932.695
v -4610.194 -98.651 932.480
f 2541 2542 2543
f 2543 2544 2541
v -4610.331 -98.565 933.630
v -4618.055 -98.746 931.545
v -4620.593 -97.977 940.949
v -4612.869 -97.849 943.034
f 2545 2546 2547
f 2547 2548 2545
v -4612.853 -97.854 942.972
v -4620.609 -97.972 941.010
v -4623.592 -96.959 952.805
v -4615.836 -96.923 954.767
f 2549 2550 2551
f 2551 2552 2549
v -4615.755 -96.954 954.355
v -4623.674 -96.927 953.217
v -4624.575 -96.434 959.491
v -4616.657 -96.495 960.629
f 2553 2554 2555
f 2555 2556 2553
v -4616.775 -96.613 958.944
v -4624.457 -96.307 961.176
v -4623.110 -95.983 965.812
v -4615.428 -96.311 963.579
f 2557 2558 2559
f 2559 2560 2557
v -4616.368 -96.407 961.942
v -4622.170 -95.881 967.449
v -4616.504 -95.590 973.419
v -4610.702 -96.119 967.912
f 2561 2562 2563
f 2563 2564 2561
v -4611.412 -96.142 967.319
v -4615.794 -95.568 974.012
v -4602.803 -95.433 982.518
v -4598.421 -96.030 975.825
f 2565 2566 2567
f 2567 2568 2565
v -4598.705 -96.027 975.655
v -4602.519 -95.437 982.688
v -4576.091 -96.484 997.018
v -4572.278 -96.854 989.985
f 2569 2570 2571
f 2571 2572 2569
v -4718.023 -103.526 383.738
v -4712.497 -103.600 389.522
v -4704.215 -104.430 381.610
v -4709.741 -104.358 375.826
f 2573 2574 2575
f 2575 2576 2573
v -4708.608 -104.462 375.065
v -4705.347 -104.329 382.371
v -4700.494 -104.717 380.205
v -4703.754 -104.811 372.899
f 2577 2578 2579
f 2579 2580 2577
v -4703.583 -104.822 372.827
v -4700.666 -104.703 380.277
v -4694.020 -105.229 377.675
v -4696.937 -105.264 370.225
f 2581 2582 2583
f 2583 2584 2581
v -4696.544 -105.290 370.094
v -4694.413 -105.199 377.805
v -4685.763 -105.787 375.415
v -4687.895 -105.858 367.704
f 2585 2586 2587
f 2587 2588 2585
v -4687.606 -105.877 367.635
v -4686.052 -105.783 375.483
v -4679.584 -105.858 374.202
v -4681.138 -105.953 366.354
f 2589 2590 2591
f 2591 2592 2589
v -4681.145 -105.953 366.355
v -4679.578 -105.858 374.200
v -4674.023 -105.883 373.091
v -4675.590 -105.978 365.246
f 2593 2594 2595
f 2595 2596 2593
v -4675.429 -105.978 365.217
v -4674.184 -105.882 373.120
v -4653.802 -105.962 369.910
v -4655.046 -106.057 362.007
f 2597 2598 2599
f 2599 2600 2597
v -4655.000 -106.057 362.000
v -4653.847 -105.961 369.917
v -4625.639 -104.873 365.809
v -4626.792 -105.024 357.893
f 2601 2602 2603
f 2603 2604 2601
v -4626.925 -105.032 357.914
v -4625.506 -104.866 365.787
v -4551.011 -98.066 352.354
v -4552.430 -98.236 344.481
f 2605 2606 2607
f 2607 2608 2605
v -4552.315 -98.222 344.462
v -4551.126 -98.079 352.373
v -4539.181 -96.661 350.577
v -4540.371 -96.795 342.666
f 2609 2610 2611
f 2611 2612 2609
v -4540.344 -96.792 342.662
v -4539.207 -96.664 350.581
v -4522.554 -94.675 348.190
v -4523.691 -94.830 340.271
f 2613 2614 2615
f 2615 2616 2613
v -4523.748 -94.837 340.280
v -4522.497 -94.668 348.182
v -4488.612 -91.164 342.819
v -4489.862 -91.465 334.917
f 2617 2618 2619
f 2619 2620 2617
v -4489.850 -91.464 334.915
v -4488.624 -91.165 342.821
v -4433.688 -88.017 334.301
v -4434.914 -88.265 326.396
f 2621 2622 2623
f 2623 2624 2621
v -4434.834 -88.265 326.384
v -4433.768 -88.018 334.313
v -4382.182 -88.444 327.379
v -4383.248 -88.587 319.450
f 2625 2626 2627
f 2627 2628 2625
v -4383.244 -88.587 319.449
v -4382.187 -88.444 327.379
v -4358.598 -89.316 324.236
v -4359.655 -89.407 316.306
f 2629 2630 2631
f 2631 2632 2629
v -4359.630 -89.408 316.302
v -4358.623 -89.315 324.239
v -4321.532 -91.389 319.537
v -4322.538 -91.350 311.600
f 2633 2634 2635
f 2635 2636 2633
v -4322.452 -91.355 311.590
v -4321.618 -91.384 319.547
v -4286.697 -93.136 315.888
v -4287.531 -92.919 307.931
f 2637 2638 2639
f 2639 2640 2637
v -4287.530 -92.919 307.931
v -4286.697 -93.136 315.888
v -4274.586 -93.710 314.620
v -4275.419 -93.397 306.663
f 2641 2642 2643
f 2643 2644 2641
v -4275.459 -93.396 306.668
v -4274.546 -93.712 314.615
v -4229.161 -94.104 309.398
v -4230.074 -93.629 301.450
f 2645 2646 2647
f 2647 2648 2645
v -4230.058 -93.628 301.449
v -4229.177 -94.105 309.400
v -4204.253 -93.154 306.639
v -4205.133 -92.653 298.688
f 2649 2650 2651
f 2651 2652 2649
v -4205.175 -92.655 298.693
v -4204.212 -93.153 306.635
v -4164.125 -90.347 301.774
v -4165.088 -89.956 293.832
f 2653 2654 2655
f 2655 2656 2653
v -4165.101 -89.957 293.834
v -4164.113 -90.346 301.772
v -4140.113 -88.044 298.787
v -4141.100 -87.784 290.848
f 2657 2658 2659
f 2659 2660 2657
v -4141.074 -87.781 290.845
v -4140.138 -88.047 298.790
v -4005.286 -74.747 282.901
v -4006.222 -75.446 274.955
f 2661 2662 2663
f 2663 2664 2661
v -4006.224 -75.446 274.956
v -4005.284 -74.747 282.900
v -3988.865 -73.871 280.959
v -3989.804 -74.648 273.014
f 2665 2666 2667
f 2667 2668 2665
v -3989.726 -74.644 273.006
v -3988.943 -73.875 280.967
v -3977.522 -73.530 279.844
v -3978.304 -74.290 271.883
f 2669 2670 2671
f 2671 2672 2669
v -3978.288 -74.290 271.881
v -3977.537 -73.530 279.846
v -3953.726 -73.149 277.600
v -3954.477 -73.894 269.636
f 2673 2674 2675
f 2675 2676 2673
v -3954.535 -73.895 269.642
v -3953.668 -73.148 277.595
v -3907.170 -73.603 272.522
v -3908.037 -74.108 264.570
f 2677 2678 2679
f 2679 2680 2677
v -3908.014 -74.108 264.567
v -3907.193 -73.602 272.525
v -3879.552 -74.422 269.672
v -3880.374 -74.674 261.714
f 2681 2682 2683
f 2683 2684 2681
v -3880.374 -74.674 261.714
v -3879.552 -74.422 269.672
v -3868.820 -74.738 268.562
v -3869.643 -74.891 260.605
f 2685 2686 2687
f 2687 2688 2685
v -3869.541 -74.893 260.596
v -3868.922 -74.735 268.572
v -3852.581 -75.235 267.304
v -3853.199 -75.230 259.327
f 2689 2690 2691
f 2691 2692 2689
v -3853.161 -75.231 259.325
v -3852.619 -75.234 267.306
v -3832.982 -75.861 265.972
v -3833.524 -75.661 257.991
f 2693 2694 2695
f 2695 2696 2693
v -3833.606 -75.659 257.997
v -3832.901 -75.863 265.966
v -3812.596 -76.397 264.170
v -3813.301 -76.008 256.201
f 2697 2698 2699
f 2699 2700 2697
v -3813.335 -76.008 256.204
v -3812.562 -76.398 264.166
v -3792.558 -76.790 262.225
v -3793.331 -76.248 254.262
f 2701 2702 2703
f 2703 2704 2701
v -3793.405 -76.247 254.270
v -3792.484 -76.791 262.217
v -3728.141 -76.933 254.754
v -3729.063 -76.129 246.807
f 2705 2706 2707
f 2707 2708 2705
v -3729.007 -76.128 246.801
v -3728.197 -76.933 254.760
v -3697.562 -76.651 251.643
v -3698.372 -75.910 243.684
f 2709 2710 2711
f 2711 2712 2709
v -3698.370 -75.910 243.684
v -3697.563 -76.651 251.643
v -3644.441 -76.177 246.254
v -3645.249 -75.882 238.295
f 2713 2714 2715
f 2715 2716 2713
v -3645.297 -75.881 238.300
v -3644.394 -76.177 246.249
v -3576.021 -76.947 238.482
v -3576.924 -77.375 230.533
f 2717 2718 2719
f 2719 2720 2717
v -3576.943 -77.375 230.535
v -3576.003 -76.947 238.480
v -3534.146 -78.437 233.527
v -3535.087 -79.162 225.582
f 2721 2722 2723
f 2723 2724 2721
v -3535.087 -79.162 225.582
v -3534.146 -78.437 233.527
v -3505.693 -79.717 230.158
v -3506.633 -80.498 222.214
f 2725 2726 2727
f 2727 2728 2725
v -3506.632 -80.498 222.214
v -3505.694 -79.717 230.159
v -3455.689 -81.933 224.254
v -3456.628 -82.545 216.310
f 2729 2730 2731
f 2731 2732 2729
v -3456.629 -82.545 216.310
v -3455.688 -81.933 224.254
v -3370.306 -84.123 214.150
v -3371.247 -83.953 206.205
f 2733 2734 2735
f 2735 2736 2733
v -3371.250 -83.953 206.206
v -3370.303 -84.123 214.149
v -3321.578 -84.585 208.337
v -3322.526 -83.959 200.394
f 2737 2738 2739
f 2739 2740 2737
v -3322.517 -83.959 200.393
v -3321.586 -84.585 208.338
v -3260.261 -85.858 201.153
v -3261.191 -85.046 193.207
f 2741 2742 2743
f 2743 2744 2741
v -4151.161 -82.832 487.528
v -4157.303 -82.587 492.654
v -4152.817 -82.045 498.030
v -4146.675 -82.321 492.904
f 2745 2746 2747
f 2747 2748 2745
v -4145.823 -82.176 494.687
v -4153.669 -82.190 496.247
v -4152.778 -81.858 500.725
v -4144.932 -81.870 499.164
f 2749 2750 2751
f 2751 2752 2749
v -4144.857 -81.813 500.055
v -4152.854 -81.921 499.834
v -4152.998 -81.563 505.064
v -4145.001 -81.484 505.286
f 2753 2754 2755
f 2755 2756 2753
v -4145.193 -81.413 506.403
v -4152.807 -81.636 503.946
v -4154.154 -81.375 508.120
v -4146.540 -81.141 510.577
f 2757 2758 2759
f 2759 2760 2757
v -4146.819 -81.097 511.234
v -4153.875 -81.415 507.463
v -4156.268 -81.148 511.941
v -4149.213 -80.779 515.712
f 2761 2762 2763
f 2763 2764 2761
v -4150.148 -80.700 516.873
v -4155.333 -81.212 510.780
v -4160.253 -81.002 514.967
v -4155.068 -80.486 521.060
f 2765 2766 2767
f 2767 2768 2765
v -4155.698 -80.464 521.499
v -4159.623 -81.023 514.528
v -4187.987 -80.264 530.497
v -4184.062 -79.846 537.468
f 2769 2770 2771
f 2771 2772 2769
v -4184.272 -79.842 537.577
v -4187.778 -80.267 530.387
v -4217.790 -80.960 545.022
v -4214.283 -80.379 552.212
f 2773 2774 2775
f 2775 2776 2773
v -4214.306 -80.379 552.223
v -4217.767 -80.960 545.011
v -4236.124 -81.704 553.821
v -4232.662 -81.120 561.033
f 2777 2778 2779
f 2779 2780 2777
v -4232.318 -81.090 560.847
v -4236.468 -81.730 554.007
v -4244.828 -82.444 559.079
v -4240.678 -81.910 565.919
f 2781 2782 2783
f 2783 2784 2781
v -4240.495 -81.892 565.800
v -4245.011 -82.462 559.197
v -4253.527 -83.300 565.022
v -4249.011 -82.735 571.625
f 2785 2786 2787
f 2787 2788 2785
v -4248.396 -82.675 571.107
v -4254.142 -83.360 565.540
v -4263.548 -84.270 575.248
v -4257.803 -83.584 580.815
f 2789 2790 2791
f 2791 2792 2789
v -4257.553 -83.559 580.532
v -4263.798 -84.294 575.531
v -4270.366 -84.931 583.734
v -4264.121 -84.232 588.734
f 2793 2794 2795
f 2795 2796 2793
v -4264.120 -84.231 588.732
v -4270.367 -84.931 583.735
v -4280.520 -86.348 596.428
v -4274.272 -85.560 601.425
f 2797 2798 2799
f 2799 2800 2797
v -4274.332 -85.570 601.498
v -4280.460 -86.339 596.356
v -4290.612 -87.862 608.454
v -4284.484 -87.100 613.597
f 2801 2802 2803
f 2803 2804 2801
v -4284.619 -87.119 613.749
v -4290.478 -87.842 608.302
v -4302.266 -89.521 620.982
v -4296.407 -88.870 626.429
f 2805 2806 2807
f 2807 2808 2805
v -4296.478 -88.880 626.503
v -4302.195 -89.511 620.907
v -4322.945 -92.085 642.107
v -4317.228 -91.463 647.703
f 2809 2810 2811
f 2811 2812 2809
v -4317.341 -91.475 647.813
v -4322.832 -92.073 641.996
v -4344.339 -93.847 662.297
v -4338.848 -93.221 668.114
f 2813 2814 2815
f 2815 2816 2813
v -4338.496 -93.202 667.737
v -4344.691 -93.865 662.674
v -4350.725 -94.096 670.058
v -4344.530 -93.452 675.120
f 2817 2818 2819
f 2819 2820 2817
v -3026.583 -101.942 2050.320
v -3032.092 -102.385 2044.519
v -3113.143 -93.855 2121.486
v -3107.635 -93.568 2127.288
f 2821 2822 2823
f 2823 2824 2821
v -3108.188 -93.544 2127.727
v -3112.590 -93.881 2121.047
v -3119.603 -93.646 2125.669
v -3115.201 -93.322 2132.349
f 2825 2826 2827
f 2827 2828 2825
v -3116.211 -93.304 2132.828
v -3118.593 -93.664 2125.191
v -3127.699 -93.593 2128.030
v -3125.317 -93.310 2135.667
f 2829 2830 2831
f 2831 2832 2829
v -3125.828 -93.313 2135.791
v -3127.188 -93.594 2127.907
v -3226.763 -94.679 2145.075
v -3225.404 -95.175 2152.959
f 2833 2834 2835
f 2835 2836 2833
v -4199.226 -82.901 196.654
v -4207.087 -83.151 195.170
v -4211.061 -85.362 216.211
v -4203.200 -85.141 217.696
f 2837 2838 2839
f 2839 2840 2837
v -4388.939 -97.417 193.517
v -4396.529 -98.177 190.989
v -4399.089 -97.658 198.677
v -4391.499 -96.972 201.205
f 2841 2842 2843
f 2843 2844 2841
v -4391.384 -96.999 200.782
v -4399.205 -97.625 199.099
v -4404.559 -95.594 223.984
v -4396.738 -95.164 225.667
f 2845 2846 2847
f 2847 2848 2845
v -4396.652 -95.223 224.992
v -4404.645 -95.532 224.659
v -4405.046 -94.619 234.288
v -4397.053 -94.343 234.621
f 2849 2850 2851
f 2851 2852 2849
v -4223.360 -83.575 190.739
v -4225.211 -84.373 198.522
v -4220.324 -84.239 199.685
v -4218.473 -83.414 191.902
f 2853 2854 2855
f 2855 2856 2853
v -4220.504 -83.522 191.949
v -4218.293 -84.135 199.637
v -4215.031 -83.884 198.700
v -4217.242 -83.282 191.011
f 2857 2858 2859
f 2859 2860 2857
v -4217.309 -83.287 191.031
v -4214.965 -83.879 198.680
v -4211.948 -83.641 197.755
v -4214.292 -83.066 190.106
f 2861 2862 2863
f 2863 2864 2861
v -4212.340 -82.959 190.008
v -4213.900 -83.748 197.854
v -4203.937 -83.444 199.835
v -4202.377 -82.605 191.989
f 2865 2866 2867
f 2867 2868 2865
v -4815.466 -97.851 196.421
v -4822.620 -98.117 192.840
v -4823.711 -98.029 195.020
v -4816.557 -97.776 198.601
f 2869 2870 2871
f 2871 2872 2869
v -4816.353 -97.794 198.117
v -4823.915 -98.008 195.504
v -4826.831 -97.610 203.944
v -4819.270 -97.456 206.557
f 2873 2874 2875
f 2875 2876 2873
v -4819.051 -97.513 205.251
v -4827.051 -97.543 205.251
v -4827.051 -97.220 211.419
v -4819.051 -97.243 211.419
f 2877 2878 2879
f 2879 2880 2877
v -4819.381 -97.312 209.826
v -4826.720 -97.138 213.012
v -4823.480 -96.791 220.475
v -4816.142 -97.013 217.289
f 2881 2882 2883
f 2883 2884 2881
v -4815.813 -96.957 218.757
v -4823.809 -96.859 219.007
v -4823.475 -96.319 229.706
v -4815.479 -96.514 229.456
f 2885 2886 2887
f 2887 2888 2885
v -4815.644 -96.554 228.438
v -4823.311 -96.270 230.723
v -4821.374 -95.997 237.222
v -4813.707 -96.332 234.937
f 2889 2890 2891
f 2891 2892 2889
v -4813.962 -96.351 234.291
v -4821.118 -95.973 237.868
v -4816.899 -95.737 246.308
v -4809.743 -96.164 242.731
f 2893 2894 2895
f 2895 2896 2893
v -4809.780 -96.166 242.660
v -4816.862 -95.735 246.380
v -4813.289 -95.616 253.182
v -4806.207 -96.082 249.462
f 2897 2898 2899
f 2899 2900 2897
v -4806.644 -96.084 248.799
v -4812.852 -95.615 253.845
v -4808.633 -95.670 259.036
v -4802.425 -96.141 253.990
f 2901 2902 2903
f 2903 2904 2901
v -4802.346 -96.143 254.091
v -4808.712 -95.668 258.936
v -4803.524 -95.801 265.751
v -4797.158 -96.299 260.906
f 2905 2906 2907
f 2907 2908 2905
v -4796.530 -96.318 262.116
v -4804.153 -95.790 264.541
v -4799.611 -95.809 278.820
v -4791.988 -96.462 276.395
f 2909 2910 2911
f 2911 2912 2909
v -4793.033 -96.397 274.718
v -4798.566 -95.866 280.496
v -4790.774 -96.478 287.959
v -4785.240 -96.994 282.181
f 2913 2914 2915
f 2915 2916 2913
v -4784.772 -97.034 282.717
v -4791.242 -96.438 287.423
v -4788.648 -96.663 290.989
v -4782.178 -97.269 286.284
f 2917 2918 2919
f 2919 2920 2917
v -4781.435 -97.342 288.220
v -4789.392 -96.601 289.053
v -4788.746 -96.638 295.221
v -4780.789 -97.423 294.388
f 2921 2922 2923
f 2923 2924 2921
v -4781.023 -97.397 293.399
v -4788.513 -96.657 296.210
v -4786.565 -96.843 301.401
v -4779.075 -97.613 298.590
f 2925 2926 2927
f 2927 2928 2925
v -4779.578 -97.557 297.653
v -4786.062 -96.894 302.338
v -4781.843 -97.354 308.177
v -4775.359 -98.034 303.491
f 2929 2930 2931
f 2931 2932 2929
v -4774.850 -98.096 304.444
v -4782.351 -97.296 307.224
v -4779.101 -97.690 315.994
v -4771.599 -98.550 313.214
f 2933 2934 2935
f 2935 2936 2933
v -4771.612 -98.548 313.182
v -4779.089 -97.691 316.027
v -4776.495 -98.016 322.842
v -4769.018 -98.885 319.997
f 2937 2938 2939
f 2939 2940 2937
v -4769.713 -98.803 318.824
v -4775.800 -98.104 324.016
v -4758.924 -100.151 343.802
v -4752.837 -100.762 338.610
f 2941 2942 2943
f 2943 2944 2941
v -4752.971 -100.745 338.461
v -4758.789 -100.166 343.952
v -4753.279 -100.746 349.790
v -4747.461 -101.418 344.299
f 2945 2946 2947
f 2947 2948 2945
v -4746.558 -101.508 345.833
v -4754.182 -100.655 348.256
v -4751.911 -100.867 355.402
v -4744.287 -101.713 352.979
f 2949 2950 2951
f 2951 2952 2949
v -4744.978 -101.645 351.688
v -4751.220 -100.935 356.692
v -4747.324 -101.330 361.552
v -4741.082 -102.038 356.549
f 2953 2954 2955
f 2955 2956 2953
v -4743.541 -101.780 355.106
v -4744.865 -101.586 362.996
v -4737.073 -102.415 364.303
v -4735.749 -102.619 356.414
f 2957 2958 2959
f 2959 2960 2957
v -4739.240 -102.231 357.531
v -4733.582 -102.800 363.186
v -4729.040 -103.329 358.643
v -4734.698 -102.760 352.987
f 2961 2962 2963
f 2963 2964 2961
v -4733.928 -102.849 352.385
v -4729.810 -103.240 359.244
v -4723.320 -103.762 355.348
v -4727.438 -103.562 348.489
f 2965 2966 2967
f 2967 2968 2965
v -4725.674 -103.681 347.929
v -4725.084 -103.645 355.907
v -4716.323 -104.207 355.260
v -4716.913 -104.249 347.282
f 2969 2970 2971
f 2971 2972 2969
v -4716.618 -104.268 347.271
v -4716.618 -104.189 355.271
v -4704.941 -104.930 355.271
v -4704.941 -105.018 347.271
f 2973 2974 2975
f 2975 2976 2973
v -4704.356 -105.055 347.314
v -4705.525 -104.893 355.228
v -4696.764 -105.435 356.522
v -4695.595 -105.602 348.608
f 2977 2978 2979
f 2979 2980 2977
v -4692.885 -105.755 350.297
v -4699.475 -105.282 354.833
v -4695.901 -105.448 360.024
v -4689.312 -105.920 355.488
f 2981 2982 2983
f 2983 2984 2981
v -4688.613 -105.933 357.985
v -4696.600 -105.433 357.528
v -4696.934 -105.344 363.366
v -4688.947 -105.840 363.823
f 2985 2986 2987
f 2987 2988 2985
v -4689.055 -105.824 364.547
v -4696.825 -105.360 362.642
v -4699.363 -105.082 372.998
v -4691.593 -105.517 374.902
f 2989 2990 2991
f 2991 2992 2989
v -4849.421 -89.660 329.686
v -4845.327 -89.953 336.559
v -4834.595 -91.257 330.166
v -4838.690 -90.949 323.293
f 2993 2994 2995
f 2995 2996 2993
v -4839.384 -90.865 323.817
v -4833.901 -91.342 329.643
v -4826.209 -92.289 322.404
v -4831.692 -91.809 316.578
f 2997 2998 2999
f 2999 3000 2997
v -4831.243 -91.863 316.213
v -4826.658 -92.236 322.769
v -4813.077 -93.787 313.272
v -4817.662 -93.505 306.716
f 3001 3002 3003
f 3003 3004 3001
v -4817.047 -93.575 306.363
v -4813.692 -93.717 313.626
v -4796.048 -95.807 305.476
v -4799.403 -95.541 298.213
f 3005 3006 3007
f 3007 3008 3005
v -4798.218 -95.666 297.875
v -4797.233 -95.674 305.814
v -4782.327 -97.292 303.965
v -4783.312 -97.177 296.026
f 3009 3010 3011
f 3011 3012 3009
v -4899.950 -94.491 226.681
v -4892.670 -94.408 229.997
v -4888.217 -95.543 220.223
v -4895.497 -95.659 216.907
f 3013 3014 3015
f 3015 3016 3013
v -4895.788 -95.556 217.827
v -4887.926 -95.639 219.302
v -4886.568 -96.370 212.064
v -4894.430 -96.330 210.589
f 3017 3018 3019
f 3019 3020 3017
v -4892.459 -96.665 207.840
v -4888.539 -96.061 214.813
v -4881.303 -96.605 210.745
v -4885.224 -97.192 203.772
f 3021 3022 3023
f 3023 3024 3021
v -4884.476 -97.235 203.447
v -4882.050 -96.559 211.070
v -4872.087 -97.046 207.900
v -4874.513 -97.689 200.276
f 3025 3026 3027
f 3027 3028 3025
v -4875.013 -97.664 200.473
v -4871.587 -97.073 207.703
v -4854.388 -98.053 199.553
v -4857.814 -98.596 192.324
f 3029 3030 3031
f 3031 3032 3029
v -3970.569 -76.201 1383.120
v -3972.722 -75.502 1375.415
v -3991.157 -76.610 1380.565
v -3989.004 -77.293 1388.270
f 3033 3034 3035
f 3035 3036 3033
v -3988.931 -77.288 1388.249
v -3991.229 -76.616 1380.586
v -4004.443 -77.575 1384.549
v -4002.145 -78.185 1392.212
f 3037 3038 3039
f 3039 3040 3037
v -4001.979 -78.174 1392.158
v -4004.609 -77.587 1384.602
v -4016.409 -78.430 1388.710
v -4013.779 -78.964 1396.265
f 3041 3042 3043
f 3043 3044 3041
v -4013.802 -78.965 1396.273
v -4016.386 -78.429 1388.702
v -4032.137 -79.486 1394.077
v -4029.553 -79.919 1401.649
f 3045 3046 3047
f 3047 3048 3045
v -4181.041 -84.621 1411.182
v -4188.983 -84.811 1412.147
v -4182.237 -79.888 1467.683
v -4174.295 -79.888 1466.719
f 3049 3050 3051
f 3051 3052 3049
v -4174.268 -79.844 1467.338
v -4182.263 -79.934 1467.064
v -4182.720 -79.298 1480.350
v -4174.725 -79.247 1480.625
f 3053 3054 3055
f 3055 3056 3053
v -4174.823 -79.218 1481.380
v -4182.621 -79.328 1479.595
v -4186.039 -78.731 1494.533
v -4178.240 -78.647 1496.317
f 3057 3058 3059
f 3059 3060 3057
v -4179.105 -78.580 1498.030
v -4185.175 -78.800 1492.819
v -4196.830 -78.814 1506.396
v -4190.760 -78.485 1511.607
f 3061 3062 3063
f 3063 3064 3061
v -4191.107 -78.486 1511.964
v -4196.482 -78.794 1506.039
v -4233.897 -81.359 1539.982
v -4228.522 -81.214 1545.907
f 3065 3066 3067
f 3067 3068 3065
v -4228.616 -81.223 1545.990
v -4233.803 -81.346 1539.899
v -4278.175 -87.279 1577.684
v -4272.988 -87.009 1583.775
f 3069 3070 3071
f 3071 3072 3069
v -4274.188 -87.148 1584.479
v -4276.974 -87.121 1576.980
v -4287.783 -88.408 1580.995
v -4284.998 -88.366 1588.494
f 3073 3074 3075
f 3075 3076 3073
v -4287.085 -88.573 1588.684
v -4285.696 -88.185 1580.805
v -4296.483 -89.267 1578.904
v -4297.872 -89.574 1586.782
f 3077 3078 3079
f 3079 3080 3077
v -4299.865 -89.752 1585.805
v -4294.490 -89.079 1579.880
v -4310.386 -90.635 1565.458
v -4315.761 -91.291 1571.383
f 3081 3082 3083
f 3083 3084 3081
v -4316.394 -91.361 1570.651
v -4309.753 -90.566 1566.190
v -4323.791 -92.300 1545.296
v -4330.431 -93.144 1549.758
f 3085 3086 3087
f 3087 3088 3085
v -4346.071 -90.045 1716.678
v -4353.146 -89.608 1720.412
v -4346.022 -89.870 1733.910
v -4338.947 -90.332 1730.175
f 3089 3090 3091
f 3091 3092 3089
v -4339.871 -90.286 1729.014
v -4345.097 -89.915 1735.071
v -4333.141 -90.607 1745.386
v -4327.916 -90.960 1739.328
f 3093 3094 3095
f 3095 3096 3093
v -4328.336 -90.935 1739.012
v -4332.721 -90.635 1745.702
v -4314.064 -91.829 1757.932
v -4309.679 -92.091 1751.241
f 3097 3098 3099
f 3099 3100 3097
v -4309.269 -92.115 1751.549
v -4314.474 -91.805 1757.624
v -4302.095 -92.485 1768.229
v -4296.890 -92.799 1762.154
f 3101 3102 3103
f 3103 3104 3101
v -4297.069 -92.789 1762.009
v -4301.916 -92.495 1768.374
v -4260.817 -93.344 1799.674
v -4255.970 -93.645 1793.310
f 3105 3106 3107
f 3107 3108 3105
v -3452.173 -82.383 219.947
v -3460.144 -82.103 220.617
v -3451.918 -75.804 318.598
v -3443.946 -76.599 317.928
f 3109 3110 3111
f 3111 3112 3109
v -3502.175 -80.277 225.874
v -3510.151 -79.939 226.498
v -3501.780 -72.132 333.501
v -3493.804 -72.338 332.877
f 3113 3114 3115
f 3115 3116 3113
v -3426.073 -80.409 2140.313
v -3420.521 -80.704 2146.073
v -3370.840 -84.812 2098.200
v -3376.391 -84.507 2092.439
f 3117 3118 3119
f 3119 3120 3117
v -3512.505 -71.852 2231.163
v -3512.356 -72.187 2239.162
v -3415.909 -80.038 2237.366
v -3416.058 -79.914 2229.367
f 3121 3122 3123
f 3123 3124 3121
v -3417.001 -79.792 2229.498
v -3414.965 -80.155 2237.235
v -3403.622 -81.592 2234.250
v -3405.658 -81.261 2226.513
f 3125 3126 3127
f 3127 3128 3125
v -3406.163 -81.187 2226.683
v -3403.117 -81.663 2234.080
v -3385.350 -84.229 2226.764
v -3388.396 -83.784 2219.367
f 3129 3130 3131
f 3131 3132 3129
v -3390.747 -83.440 2222.068
v -3383.000 -84.573 2224.063
v -3380.016 -85.010 2212.481
v -3387.763 -83.876 2210.486
f 3133 3134 3135
f 3135 3136 3133
v -3387.154 -83.965 2209.172
v -3380.626 -84.921 2213.795
v -3373.601 -85.950 2203.877
v -3380.130 -84.990 2199.254
f 3137 3138 3139
f 3139 3140 3137
v -3380.330 -84.962 2199.566
v -3373.401 -85.979 2203.565
v -3368.926 -86.591 2195.813
v -3375.855 -85.573 2191.814
f 3141 3142 3143
f 3143 3144 3141
v -3375.399 -85.634 2191.177
v -3369.382 -86.531 2196.450
v -3362.959 -87.338 2189.120
v -3368.976 -86.473 2183.847
f 3145 3146 3147
f 3147 3148 3145
v -3368.001 -86.599 2183.039
v -3363.934 -87.224 2189.928
v -3356.665 -88.078 2185.636
v -3360.732 -87.479 2178.747
f 3149 3150 3151
f 3151 3152 3149
v -3359.478 -87.624 2178.268
v -3357.918 -87.929 2186.115
v -3302.381 -93.623 2175.074
v -3303.941 -93.121 2167.228
f 3153 3154 3155
f 3155 3156 3153
v -3304.313 -93.097 2167.321
v -3302.009 -93.650 2174.982
v -3294.150 -94.209 2172.618
v -3296.454 -93.562 2164.957
f 3157 3158 3159
f 3159 3160 3157
v -3296.400 -93.565 2164.941
v -3294.203 -94.206 2172.633
v -3224.985 -95.168 2152.863
v -3227.182 -94.684 2145.171
f 3161 3162 3163
f 3163 3164 3161
v -3268.287 -96.758 2229.817
v -3261.514 -96.975 2225.559
v -3280.917 -96.138 2194.695
v -3287.690 -95.790 2198.953
f 3165 3166 3167
f 3167 3168 3165
v -3287.529 -95.814 2199.191
v -3281.078 -96.123 2194.458
v -3283.171 -95.890 2191.606
v -3289.621 -95.516 2196.338
f 3169 3170 3171
f 3171 3172 3169
v -3289.620 -95.516 2196.340
v -3283.173 -95.889 2191.604
v -3299.937 -93.548 2168.783
v -3306.385 -93.237 2173.519
f 3173 3174 3175
f 3175 3176 3173
v -3721.349 -75.777 1175.341
v -3727.817 -76.230 1180.049
v -3722.952 -76.910 1186.732
v -3716.485 -76.450 1182.024
f 3177 3178 3179
f 3179 3180 3177
v -3716.485 -76.450 1182.024
v -3722.952 -76.910 1186.733
v -3718.989 -77.447 1192.175
v -3712.522 -76.981 1187.465
f 3181 3182 3183
f 3183 3184 3181
v -3132.757 -94.474 1161.343
v -3140.675 -94.141 1162.481
v -3124.946 -91.869 1271.906
v -3117.027 -91.340 1270.767
f 3185 3186 3187
f 3187 3188 3185
v -3359.873 -87.866 1293.528
v -3355.943 -88.307 1300.496
v -3323.393 -92.711 1282.137
v -3327.323 -92.126 1275.169
f 3189 3190 3191
f 3191 3192 3189
v -3327.136 -92.149 1275.070
v -3323.581 -92.695 1282.237
v -3306.727 -94.095 1273.876
v -3310.282 -93.691 1266.710
f 3193 3194 3195
f 3195 3196 3193
v -3310.530 -93.671 1266.844
v -3306.479 -94.115 1273.742
v -3214.685 -95.123 1219.829
v -3218.736 -94.679 1212.931
f 3197 3198 3199
f 3199 3200 3197
v -4327.391 -92.025 1407.515
v -4327.566 -91.931 1399.517
v -4338.387 -92.356 1399.754
v -4338.211 -92.569 1407.752
f 3201 3202 3203
f 3203 3204 3201
v -4338.770 -92.597 1407.726
v -4337.827 -92.335 1399.781
v -4349.182 -92.720 1398.434
v -4350.125 -93.104 1406.378
f 3205 3206 3207
f 3207 3208 3205
v -4349.653 -93.083 1406.406
v -4349.653 -92.736 1398.406
v -4368.166 -93.386 1398.406
v -4368.166 -93.901 1406.406
f 3209 3210 3211
f 3211 3212 3209
v -4368.061 -93.897 1406.405
v -4368.270 -93.390 1398.408
v -4402.601 -94.626 1399.306
v -4402.392 -95.381 1407.303
f 3213 3214 3215
f 3215 3216 3213
v -4402.148 -95.371 1407.289
v -4402.846 -94.635 1399.320
v -4433.603 -95.862 1402.014
v -4432.905 -96.670 1409.983
f 3217 3218 3219
f 3219 3220 3217
v -4433.448 -96.689 1409.994
v -4433.060 -95.843 1402.003
v -4451.573 -96.248 1401.105
v -4451.960 -97.061 1409.096
f 3221 3222 3223
f 3223 3224 3221
v -4452.831 -97.066 1408.956
v -4450.702 -96.241 1401.245
v -4468.024 -96.227 1396.464
v -4470.152 -96.995 1404.175
f 3225 3226 3227
f 3227 3228 3225
v -4471.146 -96.979 1403.749
v -4467.030 -96.240 1396.890
v -4552.122 -98.162 1345.830
v -4556.239 -98.467 1352.690
f 3229 3230 3231
f 3231 3232 3229
v -4556.673 -98.502 1352.389
v -4551.688 -98.125 1346.132
v -4572.293 -100.030 1329.715
v -4577.278 -100.313 1335.972
f 3233 3234 3235
f 3235 3236 3233
v -4578.627 -100.468 1333.958
v -4570.944 -99.881 1331.728
v -4573.026 -100.188 1324.557
v -4580.709 -100.816 1326.787
f 3237 3238 3239
f 3239 3240 3237
v -4580.795 -100.870 1324.911
v -4572.940 -100.146 1326.432
v -4571.148 -100.141 1317.174
v -4579.002 -100.899 1315.653
f 3241 3242 3243
f 3243 3244 3241
v -4578.766 -100.884 1314.870
v -4571.385 -100.157 1317.957
v -4559.151 -99.039 1288.702
v -4566.532 -99.868 1285.616
f 3245 3246 3247
f 3247 3248 3245
v -4566.052 -99.815 1284.773
v -4559.631 -99.094 1289.545
v -4543.211 -97.161 1267.449
v -4549.632 -97.908 1262.677
f 3249 3250 3251
f 3251 3252 3249
v -4550.079 -97.959 1263.444
v -4542.764 -97.110 1266.682
v -4527.825 -95.837 1232.937
v -4535.140 -96.579 1229.699
f 3253 3254 3255
f 3255 3256 3253
v -4535.428 -96.595 1230.660
v -4527.537 -95.826 1231.975
v -4524.253 -96.065 1212.270
v -4532.144 -96.685 1210.955
f 3257 3258 3259
f 3259 3260 3257
v -4531.924 -96.686 1210.157
v -4524.473 -96.057 1213.068
v -4519.107 -96.168 1199.332
v -4526.559 -96.688 1196.421
f 3261 3262 3263
f 3263 3264 3261
v -4525.699 -96.685 1195.086
v -4519.967 -96.169 1200.667
v -4509.514 -96.111 1189.929
v -4515.246 -96.643 1184.349
f 3265 3266 3267
f 3267 3268 3265
v -4514.690 -96.643 1183.873
v -4510.070 -96.111 1190.404
v -4497.825 -96.115 1181.740
v -4502.445 -96.691 1175.209
f 3269 3270 3271
f 3271 3272 3269
v -4502.898 -96.682 1175.582
v -4497.372 -96.123 1181.367
v -4490.804 -96.346 1175.094
v -4496.330 -96.908 1169.309
f 3273 3274 3275
f 3275 3276 3273
v -4497.004 -96.867 1170.154
v -4490.131 -96.389 1174.248
v -4483.663 -97.090 1163.392
v -4490.536 -97.515 1159.297
f 3277 3278 3279
f 3279 3280 3277
v -4031.229 -79.434 1393.881
v -4030.462 -79.963 1401.845
v -3988.260 -78.230 1397.777
v -3989.028 -77.450 1389.814
f 3281 3282 3283
f 3283 3284 3281
v -4030.388 -79.960 1401.837
v -4031.303 -79.437 1393.889
v -4048.168 -80.259 1395.831
v -4047.253 -80.619 1403.778
f 3285 3286 3287
f 3287 3288 3285
v -4047.218 -80.617 1403.774
v -4048.203 -80.261 1395.835
v -4075.999 -81.468 1399.282
v -4075.014 -81.542 1407.221
f 3289 3290 3291
f 3291 3292 3289
v -4452.980 -103.127 1538.621
v -4457.366 -102.834 1545.312
v -4452.590 -102.737 1548.442
v -4448.205 -103.033 1541.752
f 3293 3294 3295
f 3295 3296 3293
v -4450.235 -103.046 1541.100
v -4450.560 -102.721 1549.094
v -4441.154 -102.753 1549.477
v -4440.828 -103.092 1541.483
f 3297 3298 3299
f 3299 3300 3297
v -4441.776 -103.082 1541.558
v -4440.206 -102.761 1549.402
v -4432.681 -102.509 1547.897
v -4434.250 -102.918 1540.052
f 3301 3302 3303
f 3303 3304 3301
v -4434.100 -102.912 1540.025
v -4432.831 -102.515 1547.924
v -4380.144 -99.194 1539.458
v -4381.413 -99.571 1531.559
f 3305 3306 3307
f 3307 3308 3305
v -4380.703 -99.496 1531.509
v -4380.853 -99.267 1539.508
v -4349.205 -95.733 1540.102
v -4349.055 -95.848 1532.104
f 3309 3310 3311
f 3311 3312 3309
v -4347.958 -95.693 1532.279
v -4350.303 -95.883 1539.927
v -4341.041 -94.602 1542.767
v -4338.696 -94.376 1535.118
f 3313 3314 3315
f 3315 3316 3313
v -4338.364 -94.329 1535.236
v -4341.373 -94.647 1542.649
v -4334.215 -93.669 1545.554
v -4331.206 -93.327 1538.142
f 3317 3318 3319
f 3319 3320 3317
v -4329.862 -93.139 1539.040
v -4335.559 -93.855 1544.656
v -4329.959 -93.079 1550.335
v -4324.263 -92.364 1544.719
f 3321 3322 3323
f 3323 3324 3321
v -4620.916 -96.034 2065.879
v -4628.087 -96.154 2069.425
v -4615.240 -98.368 2095.402
v -4608.069 -98.112 2091.856
f 3325 3326 3327
f 3327 3328 3325
v -4607.763 -98.174 2092.704
v -4615.546 -98.301 2094.554
v -4612.563 -99.262 2107.101
v -4604.780 -99.064 2105.250
f 3329 3330 3331
f 3331 3332 3329
v -4604.675 -99.117 2106.014
v -4612.668 -99.205 2106.336
v -4611.622 -101.061 2132.313
v -4603.628 -100.809 2131.991
f 3333 3334 3335
f 3335 3336 3333
v -4603.626 -100.815 2132.087
v -4611.625 -101.054 2132.218
v -4610.901 -103.422 2176.697
v -4602.902 -102.953 2176.567
f 3337 3338 3339
f 3339 3340 3337
v -4602.902 -102.954 2176.606
v -4610.901 -103.421 2176.658
v -4610.879 -103.521 2180.091
v -4602.879 -103.043 2180.040
f 3341 3342 3343
f 3343 3344 3341
v -4602.880 -103.042 2179.968
v -4610.878 -103.523 2180.163
v -4610.756 -103.664 2185.181
v -4602.758 -103.164 2184.986
f 3345 3346 3347
f 3347 3348 3345
v -4602.758 -103.164 2184.985
v -4610.756 -103.664 2185.183
v -4609.531 -103.916 2234.812
v -4601.533 -103.344 2234.615
f 3349 3350 3351
f 3351 3352 3349
v -4601.534 -103.344 2234.610
v -4609.531 -103.916 2234.817
v -4608.807 -103.001 2262.893
v -4600.810 -102.497 2262.687
f 3353 3354 3355
f 3355 3356 3353
v -4600.810 -102.497 2262.687
v -4608.807 -103.001 2262.893
v -4607.449 -99.750 2315.731
v -4599.452 -99.579 2315.526
f 3357 3358 3359
f 3359 3360 3357
v -4599.451 -99.571 2315.649
v -4607.451 -99.759 2315.608
v -4607.896 -94.217 2403.245
v -4599.896 -94.679 2403.285
f 3361 3362 3363
f 3363 3364 3361
v -4759.078 -98.411 2124.115
v -4766.108 -98.168 2127.934
v -4757.747 -99.101 2143.320
v -4750.718 -99.461 2139.500
f 3365 3366 3367
f 3367 3368 3365
v -4750.233 -99.561 2141.450
v -4758.233 -99.017 2141.371
v -4758.377 -99.383 2155.990
v -4750.378 -100.034 2156.069
f 3369 3370 3371
f 3371 3372 3369
v -4750.545 -100.057 2157.176
v -4758.210 -99.368 2154.884
v -4761.650 -99.354 2166.387
v -4753.985 -100.116 2168.679
f 3373 3374 3375
f 3375 3376 3373
v -4755.719 -100.010 2170.938
v -4759.916 -99.456 2164.127
v -4772.751 -98.357 2172.038
v -4768.554 -98.867 2178.848
f 3377 3378 3379
f 3379 3380 3377
v -4768.627 -98.860 2178.892
v -4772.678 -98.365 2171.994
v -4800.898 -95.098 2188.568
v -4796.846 -95.536 2195.466
f 3381 3382 3383
f 3383 3384 3381
v -4795.111 -95.762 2193.379
v -4802.633 -94.870 2190.656
v -4806.362 -94.298 2200.957
v -4798.840 -95.249 2203.680
f 3385 3386 3387
f 3387 3388 3385
v -4798.608 -95.278 2202.089
v -4806.595 -94.269 2202.548
v -4806.149 -94.327 2210.300
v -4798.162 -95.335 2209.841
f 3389 3390 3391
f 3391 3392 3389
v -4798.194 -95.331 2209.521
v -4806.118 -94.331 2210.620
v -4803.068 -94.737 2232.609
v -4795.144 -95.722 2231.509
f 3393 3394 3395
f 3395 3396 3393
v -4795.360 -95.692 2230.655
v -4802.851 -94.773 2233.463
v -4789.326 -96.576 2269.556
v -4781.835 -97.333 2266.748
f 3397 3398 3399
f 3399 3400 3397
v -4782.534 -97.264 2265.559
v -4788.626 -96.651 2270.745
v -4785.198 -96.992 2274.773
v -4779.106 -97.598 2269.587
f 3401 3402 3403
f 3403 3404 3401
v -4781.254 -97.388 2268.282
v -4783.049 -97.194 2276.078
v -4777.828 -97.672 2277.280
v -4776.034 -97.906 2269.484
f 3405 3406 3407
f 3407 3408 3405
v -4778.608 -97.647 2269.750
v -4775.253 -97.911 2277.013
v -4743.895 -101.034 2262.526
v -4747.250 -100.887 2255.263
f 3409 3410 3411
f 3411 3412 3409
v -4748.555 -100.742 2256.229
v -4742.589 -101.194 2261.559
v -4737.658 -101.793 2256.039
v -4743.624 -101.337 2250.709
f 3413 3414 3415
f 3415 3416 3413
v -4744.471 -101.171 2254.526
v -4736.810 -101.971 2252.222
v -4745.025 -101.618 2224.898
v -4752.687 -100.782 2227.202
f 3417 3418 3419
f 3419 3420 3417
v -4751.499 -100.911 2229.053
v -4746.214 -101.489 2223.047
v -4753.672 -100.679 2216.484
v -4758.957 -100.101 2222.489
f 3421 3422 3423
f 3423 3424 3421
v -4756.593 -100.358 2223.477
v -4756.036 -100.421 2215.496
v -4762.459 -99.722 2215.047
v -4763.017 -99.659 2223.028
f 3425 3426 3427
f 3427 3428 3425
v -3091.728 -90.142 2218.824
v -3094.852 -90.284 2211.459
v -3104.036 -90.716 2215.355
v -3100.912 -90.574 2222.720
f 3429 3430 3431
f 3431 3432 3429
v -3100.449 -90.552 2222.487
v -3104.499 -90.738 2215.588
v -3116.444 -91.300 2222.601
v -3112.394 -91.113 2229.500
f 3433 3434 3435
f 3435 3436 3433
v -3112.415 -91.114 2229.512
v -3116.422 -91.299 2222.588
v -3127.766 -92.065 2229.151
v -3123.759 -91.872 2236.076
f 3437 3438 3439
f 3439 3440 3437
v -3123.361 -91.841 2235.813
v -3128.164 -92.093 2229.415
v -3140.108 -92.961 2238.382
v -3135.305 -92.713 2244.780
f 3441 3442 3443
f 3443 3444 3441
v -3135.018 -92.694 2244.542
v -3140.396 -92.981 2238.620
v -3151.739 -93.713 2248.921
v -3146.361 -93.418 2254.843
f 3445 3446 3447
f 3447 3448 3445
v -3146.441 -93.423 2254.914
v -3151.660 -93.708 2248.850
v -3174.202 -94.602 2268.250
v -3168.983 -94.306 2274.314
f 3449 3450 3451
f 3451 3452 3449
v -3169.440 -94.314 2274.653
v -3173.745 -94.592 2267.910
v -3191.512 -94.817 2279.255
v -3187.206 -94.470 2285.997
f 3453 3454 3455
f 3455 3456 3453
v -3187.337 -94.470 2286.077
v -3191.381 -94.817 2279.175
v -3206.165 -94.603 2287.838
v -3202.120 -94.247 2294.740
f 3457 3458 3459
f 3459 3460 3457
v -3202.456 -94.233 2294.917
v -3205.828 -94.613 2287.662
v -3216.426 -94.277 2292.588
v -3213.054 -93.785 2299.843
f 3461 3462 3463
f 3463 3464 3461
v -3213.387 -93.771 2299.979
v -3216.093 -94.290 2292.451
v -3225.644 -93.942 2295.885
v -3222.938 -93.372 2303.413
f 3465 3466 3467
f 3467 3468 3465
v -3223.156 -93.363 2303.484
v -3225.426 -93.950 2295.813
v -3230.959 -93.754 2297.451
v -3228.688 -93.136 2305.122
f 3469 3470 3471
f 3471 3472 3469
v -3447.100 -87.040 2418.520
v -3446.983 -87.199 2426.519
v -3437.120 -86.759 2426.374
v -3437.237 -86.625 2418.375
f 3473 3474 3475
f 3475 3476 3473
v -3436.495 -86.595 2418.433
v -3437.862 -86.791 2426.316
v -3431.004 -86.506 2427.504
v -3429.638 -86.327 2419.622
f 3477 3478 3479
f 3479 3480 3477
v -3429.089 -86.306 2419.758
v -3431.554 -86.528 2427.368
v -3421.401 -86.117 2430.657
v -3418.936 -85.916 2423.046
f 3481 3482 3483
f 3483 3484 3481
v -3418.276 -85.890 2423.327
v -3422.062 -86.143 2430.375
v -3414.291 -85.832 2434.548
v -3410.506 -85.591 2427.500
f 3485 3486 3487
f 3487 3488 3485
v -3409.884 -85.567 2427.914
v -3414.914 -85.857 2434.135
v -3407.155 -85.544 2440.408
v -3402.125 -85.204 2434.187
f 3489 3490 3491
f 3491 3492 3489
v -3402.007 -85.197 2434.286
v -3407.273 -85.549 2440.308
v -3395.328 -84.816 2450.754
v -3390.062 -84.491 2444.732
f 3493 3494 3495
f 3495 3496 3493
v -3389.971 -84.485 2444.815
v -3395.420 -84.822 2450.672
v -3378.399 -83.778 2466.506
v -3372.950 -83.438 2460.649
f 3497 3498 3499
f 3499 3500 3497
v -3372.581 -83.417 2461.042
v -3378.768 -83.799 2466.113
v -3363.840 -83.124 2484.324
v -3357.653 -82.802 2479.253
f 3501 3502 3503
f 3503 3504 3501
v -3357.474 -82.800 2479.489
v -3364.019 -83.127 2484.089
v -3356.260 -83.082 2495.129
v -3349.715 -82.779 2490.529
f 3505 3506 3507
f 3507 3508 3505
v -3061.406 -89.347 2207.863
v -3064.127 -89.360 2200.340
v -3094.651 -90.274 2211.380
v -3091.930 -90.151 2218.903
f 3509 3510 3511
f 3511 3512 3509
v -3075.084 -99.543 2371.099
v -3076.119 -98.851 2363.167
v -3152.128 -93.746 2373.084
v -3151.093 -93.847 2381.017
f 3513 3514 3515
f 3515 3516 3513
v -4051.747 -79.876 2580.560
v -4046.256 -79.863 2574.742
v -4050.776 -80.272 2570.477
v -4056.267 -80.289 2576.295
f 3517 3518 3519
f 3519 3520 3517
v -4057.094 -80.371 2575.184
v -4049.948 -80.186 2571.588
v -4058.175 -81.138 2555.239
v -4065.321 -81.217 2558.835
f 3521 3522 3523
f 3523 3524 3521
v -4065.130 -81.203 2559.172
v -4058.365 -81.155 2554.902
v -4060.157 -81.294 2552.062
v -4066.922 -81.327 2556.333
f 3525 3526 3527
f 3527 3528 3525
v -4065.903 -81.272 2557.425
v -4061.177 -81.350 2550.970
v -4062.602 -81.410 2549.927
v -4067.328 -81.337 2556.382
f 3529 3530 3531
f 3531 3532 3529
v -4066.501 -81.303 2556.848
v -4063.429 -81.439 2549.461
v -4065.589 -81.501 2548.563
v -4068.660 -81.383 2555.950
f 3533 3534 3535
f 3535 3536 3533
v -4066.588 -81.321 2556.220
v -4067.661 -81.542 2548.292
v -4073.616 -81.626 2549.098
v -4072.544 -81.469 2557.026
f 3537 3538 3539
f 3539 3540 3537
v -4072.629 -81.472 2557.036
v -4073.531 -81.625 2549.087
v -4098.811 -82.119 2551.953
v -4097.910 -82.242 2559.902
f 3541 3542 3543
f 3543 3544 3541
v -4097.576 -82.231 2559.850
v -4099.145 -82.127 2552.005
v -4106.604 -82.332 2553.497
v -4105.034 -82.514 2561.342
f 3545 3546 3547
f 3547 3548 3545
v -4104.149 -82.476 2561.054
v -4107.489 -82.362 2553.785
v -4113.323 -82.627 2556.466
v -4109.982 -82.771 2563.735
f 3549 3550 3551
f 3551 3552 3549
v -4109.958 -82.770 2563.724
v -4113.346 -82.628 2556.477
v -4143.202 -84.594 2570.436
v -4139.814 -84.929 2577.683
f 3553 3554 3555
f 3555 3556 3553
v -3077.936 -91.092 2626.919
v -3070.284 -90.939 2629.251
v -3069.237 -91.135 2625.817
v -3076.890 -91.311 2623.485
f 3557 3558 3559
f 3559 3560 3557
v -3077.042 -91.259 2624.240
v -3069.085 -91.193 2625.063
v -3068.784 -91.416 2622.158
v -3076.742 -91.465 2621.334
f 3561 3562 3563
f 3563 3564 3561
v -3076.761 -91.426 2621.872
v -3068.765 -91.458 2621.620
v -3068.843 -91.646 2619.150
v -3076.839 -91.610 2619.403
f 3565 3566 3567
f 3567 3568 3565
v -3076.726 -91.546 2620.229
v -3068.956 -91.708 2618.324
v -3069.925 -92.003 2614.375
v -3077.694 -91.856 2616.281
f 3569 3570 3571
f 3571 3572 3569
v -3077.189 -91.759 2617.467
v -3070.430 -92.089 2613.189
v -3072.745 -92.346 2609.530
v -3079.505 -92.067 2613.809
f 3573 3574 3575
f 3575 3576 3573
v -3078.750 -91.991 2614.688
v -3073.500 -92.406 2608.652
v -3078.131 -92.708 2604.624
v -3083.381 -92.348 2610.660
f 3577 3578 3579
f 3579 3580 3577
v -3082.488 -92.295 2611.248
v -3079.024 -92.759 2604.036
v -3084.467 -92.984 2601.422
v -3087.931 -92.545 2608.633
f 3581 3582 3583
f 3583 3584 3581
v -3086.817 -92.508 2608.979
v -3085.582 -93.015 2601.075
v -3093.274 -93.138 2599.873
v -3094.509 -92.681 2607.778
f 3585 3586 3587
f 3587 3588 3585
v -3093.809 -92.670 2607.825
v -3093.974 -93.144 2599.826
v -3104.872 -93.194 2600.051
v -3104.707 -92.793 2608.049
f 3589 3590 3591
f 3591 3592 3589
v -3104.499 -92.791 2608.039
v -3105.080 -93.195 2600.061
v -3131.730 -93.418 2602.002
v -3131.149 -93.219 2609.981
f 3593 3594 3595
f 3595 3596 3593
v -3131.036 -93.217 2609.971
v -3131.843 -93.420 2602.012
v -3155.431 -93.799 2604.402
v -3154.625 -93.806 2612.361
f 3597 3598 3599
f 3599 3600 3597
v -3155.392 -93.827 2612.365
v -3154.665 -93.785 2604.398
v -3159.440 -93.863 2603.962
v -3160.167 -93.943 2611.929
f 3601 3602 3603
f 3603 3604 3601
v -3159.927 -93.938 2611.944
v -3159.680 -93.866 2603.948
v -3189.236 -94.182 2603.036
v -3189.482 -94.509 2611.033
f 3605 3606 3607
f 3607 3608 3605
v -3189.433 -94.508 2611.034
v -3189.285 -94.183 2603.035
v -3204.959 -94.235 2602.745
v -3205.107 -94.676 2610.743
f 3609 3610 3611
f 3611 3612 3609
v -3204.814 -94.677 2610.738
v -3205.252 -94.232 2602.750
v -3232.425 -94.104 2604.242
v -3231.987 -94.700 2612.230
f 3613 3614 3615
f 3615 3616 3613
v -3232.246 -94.700 2612.236
v -3232.166 -94.105 2604.236
v -3246.794 -93.811 2604.091
v -3246.873 -94.458 2612.091
f 3617 3618 3619
f 3619 3620 3617
v -3246.987 -94.453 2612.088
v -3246.680 -93.815 2604.094
v -3262.510 -93.184 2603.486
v -3262.816 -93.837 2611.481
f 3621 3622 3623
f 3623 3624 3621
v -3262.481 -93.849 2611.479
v -3262.844 -93.172 2603.488
v -3279.420 -92.627 2604.240
v -3279.057 -93.318 2612.232
f 3625 3626 3627
f 3627 3628 3625
v -3278.773 -93.326 2612.209
v -3279.704 -92.618 2604.263
v -3375.250 -85.311 2615.462
v -3374.318 -85.514 2623.408
f 3629 3630 3631
f 3631 3632 3629
v -3374.235 -85.524 2623.397
v -3375.333 -85.302 2615.473
v -3594.866 -74.769 2645.912
v -3593.768 -74.565 2653.837
f 3633 3634 3635
f 3635 3636 3633
v -3086.541 -90.862 2638.461
v -3080.492 -90.423 2643.698
v -3076.685 -90.484 2639.300
v -3082.734 -90.920 2634.064
f 3637 3638 3639
f 3639 3640 3637
v -3082.920 -90.916 2634.296
v -3076.498 -90.489 2639.067
v -3072.613 -90.714 2633.838
v -3079.035 -91.026 2629.067
f 3641 3642 3643
f 3643 3644 3641
v -3079.389 -91.011 2629.638
v -3072.260 -90.742 2633.267
v -3070.545 -90.907 2629.899
v -3077.675 -91.128 2626.270
f 3645 3646 3647
f 3647 3648 3645
v -4227.217 -94.888 1764.852
v -4233.398 -95.084 1759.773
v -4261.484 -93.550 1793.952
v -4255.303 -93.423 1799.031
f 3649 3650 3651
f 3651 3652 3649
v -4223.428 -94.459 1778.055
v -4215.925 -94.090 1780.829
v -4213.175 -94.359 1773.394
v -4220.679 -94.617 1770.619
f 3653 3654 3655
f 3655 3656 3653
v -4220.147 -94.550 1774.379
v -4213.707 -94.428 1769.634
v -4221.043 -94.780 1759.676
v -4227.483 -94.901 1764.421
f 3657 3658 3659
f 3659 3660 3657
v -4224.088 -94.780 1766.045
v -4224.438 -94.900 1758.052
v -4230.482 -95.071 1758.316
v -4230.133 -94.953 1766.309
f 3661 3662 3663
f 3663 3664 3661
v -4249.073 -93.436 1800.200
v -4248.233 -93.017 1808.156
v -4235.220 -93.188 1806.783
v -4236.060 -93.627 1798.827
f 3665 3666 3667
f 3667 3668 3665
v -4238.943 -93.515 1800.548
v -4232.337 -93.340 1805.061
v -4216.374 -94.058 1781.699
v -4222.979 -94.491 1777.185
f 3669 3670 3671
f 3671 3672 3669
v -4255.916 -93.644 1793.352
v -4260.871 -93.345 1799.632
v -4251.131 -93.058 1807.318
v -4246.175 -93.426 1801.038
f 3673 3674 3675
f 3675 3676 3673
v -3078.199 -101.588 2489.939
v -3070.622 -102.185 2487.372
v -3083.168 -102.109 2450.342
v -3090.745 -101.280 2452.909
f 3677 3678 3679
f 3679 3680 3677
v -4389.469 -88.030 333.934
v -4394.039 -87.693 340.500
v -4360.142 -89.086 364.091
v -4355.573 -89.233 357.524
f 3681 3682 3683
f 3683 3684 3681
v -4355.691 -89.225 357.445
v -4360.024 -89.091 364.170
v -4290.093 -92.406 409.237
v -4285.760 -92.743 402.512
f 3685 3686 3687
f 3687 3688 3685
v -4285.760 -92.743 402.512
v -4290.093 -92.406 409.237
v -4279.863 -92.428 415.828
v -4275.530 -92.838 409.103
f 3689 3690 3691
f 3691 3692 3689
v -4275.570 -92.838 409.078
v -4279.823 -92.428 415.853
v -4274.836 -92.389 418.984
v -4270.583 -92.748 412.208
f 3693 3694 3695
f 3695 3696 3693
v -4270.590 -92.748 412.203
v -4274.828 -92.389 418.989
v -4263.874 -92.003 425.830
v -4259.636 -92.372 419.045
f 3697 3698 3699
f 3699 3700 3697
v -4259.633 -92.372 419.048
v -4263.878 -92.003 425.828
v -4230.694 -89.869 446.605
v -4226.448 -90.358 439.824
f 3701 3702 3703
f 3703 3704 3701
v -4226.469 -90.360 439.811
v -4230.673 -89.867 446.618
v -4186.190 -85.277 474.091
v -4181.986 -85.788 467.285
f 3705 3706 3707
f 3707 3708 3705
v -4181.908 -85.780 467.334
v -4186.267 -85.285 474.042
v -4156.412 -82.496 493.445
v -4152.052 -82.924 486.737
f 3709 3710 3711
f 3711 3712 3709
v -3147.761 -94.220 1090.788
v -3139.808 -95.182 1089.920
v -3153.022 -93.592 968.845
v -3160.975 -92.937 969.713
f 3713 3714 3715
f 3715 3716 3713
v -4851.823 -98.752 976.060
v -4857.574 -99.131 981.622
v -4852.898 -99.462 986.456
v -4847.148 -99.004 980.894
f 3717 3718 3719
f 3719 3720 3717
v -4846.988 -99.012 981.070
v -4853.059 -99.452 986.280
v -4849.352 -99.605 990.599
v -4843.281 -99.166 985.389
f 3721 3722 3723
f 3723 3724 3721
v -4843.784 -99.157 984.898
v -4848.849 -99.615 991.090
v -4845.587 -99.642 993.758
v -4840.522 -99.188 987.566
f 3725 3726 3727
f 3727 3728 3725
v -4841.152 -99.187 987.144
v -4844.957 -99.641 994.180
v -4840.928 -99.602 996.360
v -4837.122 -99.164 989.323
f 3729 3730 3731
f 3731 3732 3729
v -4838.031 -99.176 988.967
v -4840.018 -99.586 996.716
v -4836.568 -99.499 997.601
v -4834.580 -99.107 989.852
f 3733 3734 3735
f 3735 3736 3733
v -4834.572 -99.107 989.854
v -4836.576 -99.499 997.599
v -4833.515 -99.419 998.391
v -4831.510 -99.043 990.646
f 3737 3738 3739
f 3739 3740 3737
v -4832.762 -99.078 990.526
v -4832.263 -99.377 998.511
v -4826.764 -99.159 998.167
v -4827.263 -98.892 990.183
f 3741 3742 3743
f 3743 3744 3741
v -4828.070 -98.922 990.317
v -4825.957 -99.124 998.033
v -4817.519 -98.745 995.722
v -4819.632 -98.587 988.006
f 3745 3746 3747
f 3747 3748 3745
v -4819.735 -98.591 988.036
v -4817.416 -98.741 995.692
v -4812.228 -98.518 994.120
v -4814.548 -98.395 986.464
f 3749 3750 3751
f 3751 3752 3749
v -4814.607 -98.397 986.482
v -4812.169 -98.516 994.102
v -4806.225 -98.186 992.200
v -4808.662 -98.147 984.580
f 3753 3754 3755
f 3755 3756 3753
v -4809.145 -98.173 984.770
v -4805.742 -98.157 992.010
v -4795.066 -97.553 986.991
v -4798.470 -97.607 979.751
f 3757 3758 3759
f 3759 3760 3757
v -4800.164 -97.704 981.258
v -4793.372 -97.460 985.484
v -4768.748 -97.114 945.900
v -4775.541 -97.143 941.675
f 3761 3762 3763
f 3763 3764 3761
v -4775.497 -97.145 941.607
v -4768.791 -97.113 945.968
v -4753.262 -98.115 922.089
v -4759.968 -98.049 917.727
f 3765 3766 3767
f 3767 3768 3765
v -4760.058 -98.041 917.871
v -4753.172 -98.124 921.944
v -4731.977 -101.002 886.111
v -4738.863 -100.687 882.039
f 3769 3770 3771
f 3771 3772 3769
v -4738.777 -100.700 881.900
v -4732.063 -100.989 886.250
v -4713.105 -103.571 856.981
v -4719.819 -103.328 852.632
f 3773 3774 3775
f 3775 3776 3773
v -4719.846 -103.325 852.674
v -4713.078 -103.573 856.939
v -4674.706 -105.911 796.037
v -4681.475 -105.718 791.772
f 3777 3778 3779
f 3779 3780 3777
v -4681.494 -105.719 791.803
v -4674.687 -105.909 796.006
v -4658.044 -104.781 769.048
v -4664.852 -104.446 764.846
f 3781 3782 3783
f 3783 3784 3781
v -4664.851 -104.446 764.845
v -4658.045 -104.781 769.049
v -4643.328 -102.936 745.222
v -4650.135 -102.682 741.018
f 3785 3786 3787
f 3787 3788 3785
v -4650.134 -102.682 741.016
v -4643.330 -102.936 745.224
v -4639.433 -102.333 738.923
v -4646.237 -102.114 734.716
f 3789 3790 3791
f 3791 3792 3789
v -4646.239 -102.115 734.719
v -4639.431 -102.333 738.920
v -4631.517 -100.976 726.095
v -4638.325 -100.742 721.894
f 3793 3794 3795
f 3795 3796 3793
v -4638.324 -100.742 721.893
v -4631.517 -100.976 726.096
v -4615.866 -98.702 700.750
v -4622.672 -98.368 696.547
f 3797 3798 3799
f 3799 3800 3797
v -4622.659 -98.366 696.525
v -4615.879 -98.704 700.771
v -4517.350 -100.474 543.422
v -4524.130 -99.991 539.177
f 3801 3802 3803
f 3803 3804 3801
v -4524.146 -99.990 539.201
v -4517.335 -100.475 543.398
v -4513.550 -100.496 537.256
v -4520.361 -100.089 533.059
f 3805 3806 3807
f 3807 3808 3805
v -4520.362 -100.089 533.061
v -4513.549 -100.496 537.255
v -4470.457 -96.595 467.264
v -4477.270 -96.404 463.070
f 3809 3810 3811
f 3811 3812 3809
v -4477.263 -96.403 463.060
v -4470.464 -96.596 467.274
v -4430.300 -89.576 402.474
v -4437.099 -89.437 398.259
f 3813 3814 3815
f 3815 3816 3813
v -4437.067 -89.434 398.208
v -4430.332 -89.579 402.525
v -4426.692 -89.235 396.845
v -4433.427 -89.086 392.529
f 3817 3818 3819
f 3819 3820 3817
v -4433.426 -89.086 392.527
v -4426.693 -89.235 396.847
v -4413.769 -88.067 376.704
v -4420.502 -87.981 372.384
f 3821 3822 3823
f 3823 3824 3821
v -4420.443 -87.980 372.295
v -4413.827 -88.072 376.793
v -4388.447 -87.934 339.466
v -4395.062 -87.797 334.968
f 3825 3826 3827
f 3827 3828 3825
v -4395.101 -87.794 335.026
v -4388.408 -87.936 339.409
v -4379.369 -88.581 325.606
v -4386.061 -88.453 321.223
f 3829 3830 3831
f 3831 3832 3829
v -4466.336 -100.333 1443.380
v -4473.688 -100.171 1440.227
v -4485.778 -101.774 1468.425
v -4478.425 -102.191 1471.577
f 3833 3834 3835
f 3835 3836 3833
v -4480.157 -101.903 1466.505
v -4484.045 -102.069 1473.497
v -4474.093 -102.473 1479.031
v -4470.205 -102.233 1472.039
f 3837 3838 3839
f 3839 3840 3837
v -4468.468 -102.310 1473.970
v -4475.831 -102.397 1477.099
v -4473.114 -102.640 1483.491
v -4465.752 -102.560 1480.363
f 3841 3842 3843
f 3843 3844 3841
v -4465.489 -102.595 1481.260
v -4473.377 -102.606 1482.594
v -4471.596 -103.000 1493.121
v -4463.708 -103.005 1491.786
f 3845 3846 3847
f 3847 3848 3845
v -4463.653 -103.034 1492.547
v -4471.651 -102.972 1492.360
v -4471.885 -103.269 1502.344
v -4463.887 -103.337 1502.531
f 3849 3850 3851
f 3851 3852 3849
v -4464.586 -103.331 1504.699
v -4471.185 -103.261 1500.176
v -4494.885 -102.207 1534.753
v -4488.286 -102.454 1539.276
f 3853 3854 3855
f 3855 3856 3853
v -4491.087 -102.482 1533.045
v -4492.084 -102.187 1540.983
v -4460.670 -102.830 1544.932
v -4459.672 -103.143 1536.994
f 3857 3858 3859
f 3859 3860 3857
v -4459.384 -103.143 1537.041
v -4460.959 -102.830 1544.885
v -4455.961 -102.820 1545.889
v -4454.385 -103.140 1538.045
f 3861 3862 3863
f 3863 3864 3861
v -4914.316 -86.974 391.666
v -4914.816 -86.555 383.681
v -4924.523 -86.395 384.289
v -4924.023 -86.805 392.273
f 3865 3866 3867
f 3867 3868 3865
v -4924.273 -86.800 392.281
v -4924.273 -86.399 384.281
v -4932.934 -86.229 384.281
v -4932.934 -86.621 392.281
f 3869 3870 3871
f 3871 3872 3869
v -4933.618 -86.604 392.222
v -4932.250 -86.246 384.340
v -4940.009 -86.261 382.993
v -4941.377 -86.653 390.875
f 3873 3874 3875
f 3875 3876 3873
v -4941.650 -86.655 390.818
v -4939.736 -86.257 383.050
v -4950.033 -86.400 380.514
v -4951.947 -86.762 388.282
f 3877 3878 3879
f 3879 3880 3877
v -4952.302 -86.766 388.177
v -4949.678 -86.395 380.619
v -4963.872 -86.582 375.692
v -4966.495 -86.907 383.250
f 3881 3882 3883
f 3883 3884 3881
v -4966.924 -86.912 383.072
v -4963.442 -86.577 375.870
v -4976.122 0.050 369.741
v -4979.603 0.050 376.944
f 3885 3886 3887
f 3887 3888 3885
v -4979.694 0.050 376.898
v -4976.031 0.050 369.786
v -4999.775 0.050 357.555
v -5003.439 0.050 364.667
f 3889 3890 3891
f 3891 3892 3889
v -5003.526 0.050 364.621
v -4999.688 0.050 357.602
v -5047.199 0.050 331.621
v -5051.037 0.050 338.640
f 3893 3894 3895
f 3895 3896 3893
v -5051.000 0.050 338.660
v -5047.236 0.050 331.601
v -5055.040 0.050 327.440
v -5058.804 0.050 334.499
f 3897 3898 3899
f 3899 3900 3897
v -5060.905 0.050 330.605
v -5052.938 0.050 331.334
v -5052.359 0.050 325.007
v -5060.326 0.050 324.278
f 3901 3902 3903
f 3903 3904 3901
v -5060.293 0.050 325.270
v -5052.392 0.050 324.016
v -5053.940 0.050 314.268
v -5061.841 0.050 315.522
f 3905 3906 3907
f 3907 3908 3905
v -5061.850 0.050 315.463
v -5053.931 0.050 314.327
v -5054.454 0.050 310.681
v -5062.373 0.050 311.818
f 3909 3910 3911
f 3911 3912 3909
v -5062.381 0.050 311.754
v -5054.445 0.050 310.744
v -5055.035 0.050 306.108
v -5062.971 0.050 307.118
f 3913 3914 3915
f 3915 3916 3913
v -5062.891 0.050 307.554
v -5055.116 0.050 305.672
v -5056.017 0.050 301.947
v -5063.793 0.050 303.829
f 3917 3918 3919
f 3919 3920 3917
v -5063.697 0.050 304.161
v -5056.113 0.050 301.616
v -5059.920 0.050 290.270
v -5067.504 0.050 292.815
f 3921 3922 3923
f 3923 3924 3921
v -5067.223 0.050 293.458
v -5060.201 0.050 289.626
v -5065.578 0.050 279.773
v -5072.600 0.050 283.605
f 3925 3926 3927
f 3927 3928 3925
v -5072.283 0.050 284.097
v -5065.895 0.050 279.280
v -5071.194 0.050 272.253
v -5077.581 0.050 277.070
f 3929 3930 3931
f 3931 3932 3929
v -5077.659 0.050 276.964
v -5071.117 0.050 272.359
v -5076.415 0.050 264.831
v -5082.958 0.050 269.435
f 3933 3934 3935
f 3935 3936 3933
v -5082.641 0.050 269.829
v -5076.732 0.050 264.436
v -5082.253 0.050 258.387
v -5088.162 0.050 263.780
f 3937 3938 3939
f 3939 3940 3937
v -5087.649 0.050 264.252
v -5082.767 0.050 257.914
v -5091.873 0.050 250.901
v -5096.755 0.050 257.238
f 3941 3942 3943
f 3943 3944 3941
v -5095.096 0.050 257.992
v -5093.532 0.050 250.147
v -5100.423 0.050 248.773
v -5101.987 0.050 256.619
f 3945 3946 3947
f 3947 3948 3945
v -5100.071 0.050 256.532
v -5102.338 0.050 248.860
v -5110.609 0.050 251.303
v -5108.342 0.050 258.975
f 3949 3950 3951
f 3951 3952 3949
v -5010.804 0.050 227.689
v -5005.701 0.050 233.850
v -5003.453 0.050 231.988
v -5008.556 0.050 225.827
f 3953 3954 3955
f 3955 3956 3953
v -5007.942 0.050 225.408
v -5004.066 0.050 232.407
v -5000.560 0.050 230.465
v -5004.435 0.050 223.466
f 3957 3958 3959
f 3959 3960 3957
v -5003.606 0.050 223.122
v -5001.389 0.050 230.809
v -4998.550 0.050 229.990
v -5000.768 0.050 222.303
f 3961 3962 3963
f 3963 3964 3961
v -5000.488 0.050 222.233
v -4998.830 0.050 230.060
v -4994.277 0.050 229.096
v -4995.935 0.050 221.269
f 3965 3966 3967
f 3967 3968 3965
v -4996.000 0.050 221.283
v -4994.212 0.050 229.081
v -4990.928 0.050 228.328
v -4992.716 0.050 220.531
f 3969 3970 3971
f 3971 3972 3969
v -4993.231 0.050 220.686
v -4990.413 0.050 228.173
v -4987.430 0.050 227.050
v -4990.248 0.050 219.563
f 3973 3974 3975
f 3975 3976 3973
v -4991.172 0.050 220.058
v -4986.505 0.050 226.555
v -4983.600 0.050 224.469
v -4988.267 0.050 217.971
f 3977 3978 3979
f 3979 3980 3977
v -4988.792 0.050 218.422
v -4983.075 0.050 224.018
v -4979.713 0.050 220.584
v -4985.430 0.050 214.987
f 3981 3982 3983
f 3983 3984 3981
v -4985.790 0.050 215.410
v -4979.353 0.050 220.161
v -4976.214 0.050 215.908
v -4982.650 0.050 211.157
f 3985 3986 3987
f 3987 3988 3985
v -4983.033 0.050 211.790
v -4975.831 -91.928 215.274
v -4971.212 -92.737 205.724
v -4978.413 0.050 202.241
f 3989 3990 3991
f 3991 3992 3989
v -4978.562 0.050 202.589
v -4971.063 -92.766 205.376
v -4968.814 -93.273 199.327
v -4976.313 0.050 196.539
f 3993 3994 3995
f 3995 3996 3993
v -4824.138 -99.840 564.112
v -4820.471 -99.591 557.002
v -4830.022 -99.943 552.076
v -4833.690 -100.311 559.185
f 3997 3998 3999
f 3999 4000 3997
v -4833.190 -100.287 559.401
v -4830.522 -99.961 551.859
v -4840.229 -100.316 548.425
v -4842.897 -100.740 555.967
f 4001 4002 4003
f 4003 4004 4001
v -4842.739 -100.733 556.020
v -4840.387 -100.321 548.373
v -4850.094 -100.654 545.388
v -4852.446 -101.089 553.035
f 4005 4006 4007
f 4007 4008 4005
v -4851.996 -101.089 553.145
v -4850.544 -100.670 545.278
v -4864.281 -100.638 542.742
v -4865.733 -101.023 550.609
f 4009 4010 4011
f 4011 4012 4009
v -4865.595 -101.023 550.632
v -4864.419 -100.637 542.719
v -4890.545 -100.447 538.836
v -4891.722 -100.891 546.749
f 4013 4014 4015
f 4015 4016 4013
v -4891.682 -100.891 546.754
v -4890.585 -100.447 538.830
v -4920.742 -98.829 534.656
v -4921.838 -99.191 542.580
f 4017 4018 4019
f 4019 4020 4017
v -4921.743 -99.197 542.593
v -4920.837 -98.823 534.644
v -4950.994 -96.435 531.210
v -4951.899 -96.687 539.158
f 4021 4022 4023
f 4023 4024 4021
v -4951.775 -96.700 539.171
v -4951.118 -96.423 531.198
v -4962.016 -95.378 530.299
v -4962.673 -95.611 538.272
f 4025 4026 4027
f 4027 4028 4025
v -4962.121 -95.665 538.280
v -4962.569 -95.326 530.292
v -4973.166 -94.366 530.887
v -4972.718 -94.662 538.874
f 4029 4030 4031
f 4031 4032 4029
v -4972.470 -94.686 538.852
v -4973.415 -94.344 530.908
v -4983.411 0.050 532.097
v -4982.466 0.050 540.041
f 4033 4034 4035
f 4035 4036 4033
v -4982.238 0.050 540.007
v -4983.640 0.050 532.131
v -4995.439 0.050 534.231
v -4994.038 0.050 542.107
f 4037 4038 4039
f 4039 4040 4037
v -4994.083 0.050 542.115
v -4995.395 0.050 534.223
v -5015.098 0.050 537.499
v -5013.786 0.050 545.391
f 4041 4042 4043
f 4043 4044 4041
v -5013.766 0.050 545.387
v -5015.118 0.050 537.502
v -5042.147 0.050 542.138
v -5040.794 0.050 550.023
f 4045 4046 4047
f 4047 4048 4045
v -5040.799 0.050 550.024
v -5042.142 0.050 542.138
v -5055.400 0.050 544.396
v -5054.057 0.050 552.283
f 4049 4050 4051
f 4051 4052 4049
v -4813.036 -99.039 549.484
v -4812.760 -98.858 541.489
v -4825.751 -99.411 541.040
v -4826.027 -99.655 549.035
f 4053 4054 4055
f 4055 4056 4053
v -4826.316 -99.668 549.015
v -4825.462 -99.399 541.060
v -4842.182 -100.053 539.264
v -4843.037 -100.402 547.218
f 4057 4058 4059
f 4059 4060 4057
v -4843.100 -100.405 547.211
v -4842.119 -100.050 539.271
v -4865.106 -100.332 536.432
v -4866.087 -100.719 544.371
f 4061 4062 4063
f 4063 4064 4061
v -4866.128 -100.719 544.366
v -4865.066 -100.332 536.437
v -4898.506 -99.801 531.959
v -4899.568 -100.189 539.888
f 4065 4066 4067
f 4067 4068 4065
v -4899.528 -100.191 539.894
v -4898.547 -99.798 531.954
v -4928.703 -98.094 528.229
v -4929.684 -98.456 536.169
f 4069 4070 4071
f 4071 4072 4069
v -4929.646 -98.458 536.173
v -4928.741 -98.091 528.225
v -4948.456 -96.427 525.979
v -4949.361 -96.705 533.928
f 4073 4074 4075
f 4075 4076 4073
v -4949.482 -96.693 533.912
v -4948.335 -96.439 525.995
v -4958.632 -95.421 524.502
v -4959.779 -95.666 532.420
f 4077 4078 4079
f 4079 4080 4077
v -4960.357 -95.607 532.292
v -4958.054 -95.480 524.630
v -4965.523 -94.692 522.385
v -4967.826 -94.832 530.046
f 4081 4082 4083
f 4083 4084 4081
v -4967.888 -94.826 530.027
v -4965.462 -94.698 522.404
v -4972.475 -93.976 520.172
v -4974.901 -94.111 527.795
f 4085 4086 4087
f 4087 4088 4085
v -4975.103 -94.090 527.725
v -4972.273 -93.997 520.242
v -4976.603 0.050 518.604
v -4979.433 0.050 526.087
f 4089 4090 4091
f 4091 4092 4089
v -4979.637 0.050 526.003
v -4976.399 0.050 518.688
v -4984.158 0.050 515.254
v -4987.396 0.050 522.569
f 4093 4094 4095
f 4095 4096 4093
v -4987.781 0.050 522.374
v -4983.774 0.050 515.450
v -4993.336 0.050 509.915
v -4997.343 0.050 516.839
f 4097 4098 4099
f 4099 4100 4097
v -4997.423 0.050 516.792
v -4993.257 0.050 509.962
v -5005.491 0.050 502.500
v -5009.657 0.050 509.329
f 4101 4102 4103
f 4103 4104 4101
v -5009.952 0.050 509.131
v -5005.196 0.050 502.698
v -5016.094 0.050 494.641
v -5020.850 0.050 501.074
f 4105 4106 4107
f 4107 4108 4105
v -5021.333 0.050 500.653
v -5015.611 0.050 495.062
v -5022.178 0.050 488.339
v -5027.901 0.050 493.930
f 4109 4110 4111
f 4111 4112 4109
v -5028.437 0.050 493.246
v -5021.643 0.050 489.023
v -5025.305 0.050 483.132
v -5032.099 0.050 487.356
f 4113 4114 4115
f 4115 4116 4113
v -5031.956 0.050 487.570
v -5025.448 0.050 482.918
v -5027.685 0.050 479.787
v -5034.194 0.050 484.439
f 4117 4118 4119
f 4119 4120 4117
v -5034.692 0.050 483.500
v -5027.188 0.050 480.727
v -5028.379 0.050 477.504
v -5035.883 0.050 480.277
f 4121 4122 4123
f 4123 4124 4121
v -5036.131 0.050 478.890
v -5028.131 0.050 478.890
v -5028.131 0.050 475.311
v -5036.131 0.050 475.311
f 4125 4126 4127
f 4127 4128 4125
v -5036.089 0.050 474.733
v -5028.173 0.050 475.889
v -5027.727 0.050 472.837
v -5035.644 0.050 471.682
f 4129 4130 4131
f 4131 4132 4129
v -5035.520 0.050 471.120
v -5027.851 0.050 473.400
v -5017.109 0.050 437.262
v -5024.777 0.050 434.982
f 4133 4134 4135
f 4135 4136 4133
v -5024.934 0.050 435.844
v -5016.953 0.050 436.400
v -5016.719 0.050 433.045
v -5024.700 0.050 432.489
f 4137 4138 4139
f 4139 4140 4137
v -5024.663 0.050 433.371
v -5016.755 0.050 432.162
v -5017.212 0.050 429.177
v -5025.120 0.050 430.386
f 4141 4142 4143
f 4143 4144 4141
v -5024.785 0.050 431.486
v -5017.547 0.050 428.077
v -5018.816 0.050 425.383
v -5026.054 0.050 428.792
f 4145 4146 4147
f 4147 4148 4145
v -5025.493 0.050 429.665
v -5019.376 0.050 424.509
v -5021.013 0.050 422.568
v -5027.130 0.050 427.723
f 4149 4150 4151
f 4151 4152 4149
v -5026.346 0.050 428.436
v -5021.797 0.050 421.855
v -5025.237 0.050 419.478
v -5029.785 0.050 426.059
f 4153 4154 4155
f 4155 4156 4153
v -5029.446 0.050 426.269
v -5025.576 0.050 419.267
v -5061.777 0.050 399.257
v -5065.647 0.050 406.258
f 4157 4158 4159
f 4159 4160 4157
v -5065.605 0.050 406.281
v -5061.819 0.050 399.234
v -5081.000 0.050 388.931
v -5084.785 0.050 395.979
f 4161 4162 4163
f 4163 4164 4161
v -5084.134 0.050 396.257
v -5081.651 0.050 388.652
v -5085.536 0.050 387.384
v -5088.019 0.050 394.989
f 4165 4166 4167
f 4167 4168 4165
v -5087.122 0.050 395.172
v -5086.433 0.050 387.202
v -5089.795 0.050 386.911
v -5090.484 0.050 394.881
f 4169 4170 4171
f 4171 4172 4169
v -5088.185 0.050 394.386
v -5092.094 0.050 387.406
v -5094.476 0.050 388.740
v -5090.567 0.050 395.720
f 4173 4174 4175
f 4175 4176 4173
v -5089.363 0.050 394.684
v -5095.681 0.050 389.777
v -5098.297 0.050 393.145
v -5091.979 0.050 398.052
f 4177 4178 4179
f 4179 4180 4177
v -5091.363 0.050 396.923
v -5098.912 0.050 394.274
v -5099.881 0.050 397.035
v -5092.332 0.050 399.683
f 4181 4182 4183
f 4183 4184 4181
v -5092.204 0.050 399.240
v -5100.008 0.050 397.478
v -5104.561 0.050 417.634
v -5096.757 0.050 419.396
f 4185 4186 4187
f 4187 4188 4185
v -5096.816 0.050 419.625
v -5104.502 0.050 417.405
v -5107.897 0.050 429.161
v -5100.211 0.050 431.380
f 4189 4190 4191
f 4191 4192 4189
v -5100.502 0.050 432.110
v -5107.606 0.050 428.431
v -5109.398 0.050 431.892
v -5102.295 0.050 435.571
f 4193 4194 4195
f 4195 4196 4193
v -5102.713 0.050 436.217
v -5108.980 0.050 431.245
v -5110.583 0.050 433.266
v -5104.316 0.050 438.238
f 4197 4198 4199
f 4199 4200 4197
v -5104.973 0.050 438.893
v -5109.926 0.050 432.611
v -5111.685 0.050 433.998
v -5106.732 0.050 440.280
f 4201 4202 4203
f 4203 4204 4201
v -5107.501 0.050 440.756
v -5110.916 0.050 433.522
v -5113.042 0.050 434.526
v -5109.627 0.050 441.760
f 4205 4206 4207
f 4207 4208 4205
v -5110.019 0.050 441.920
v -5112.650 0.050 434.365
v -5114.888 0.050 435.145
v -5112.257 0.050 442.699
f 4209 4210 4211
f 4211 4212 4209
v -5113.456 0.050 442.920
v -5113.688 0.050 434.924
v -5116.416 0.050 435.003
v -5116.183 0.050 443.000
f 4213 4214 4215
f 4215 4216 4213
v -5116.745 0.050 442.976
v -5115.854 0.050 435.026
v -5120.218 0.050 434.537
v -5121.108 0.050 442.488
f 4217 4218 4219
f 4219 4220 4217
v -5121.648 0.050 442.389
v -5119.678 0.050 434.636
v -5123.786 0.050 433.592
v -5125.756 0.050 441.346
f 4221 4222 4223
f 4223 4224 4221
v -5126.479 0.050 441.086
v -5123.063 0.050 433.852
v -5182.029 0.050 406.009
v -5185.445 0.050 413.243
f 4225 4226 4227
f 4227 4228 4225
v -5185.630 0.050 413.149
v -5181.843 0.050 406.102
v -5201.847 0.050 395.351
v -5205.635 0.050 402.397
f 4229 4230 4231
f 4231 4232 4229
v -5205.729 0.050 402.345
v -5201.753 0.050 395.403
v -5209.823 0.050 390.780
v -5213.800 0.050 397.722
f 4233 4234 4235
f 4235 4236 4233
v -5214.313 0.050 397.373
v -5209.310 0.050 391.130
v -5215.277 0.050 386.348
v -5220.280 0.050 392.591
f 4237 4238 4239
f 4239 4240 4237
v -5220.526 0.050 392.376
v -5215.030 0.050 386.563
v -5225.929 0.050 376.260
v -5231.424 0.050 382.074
f 4241 4242 4243
f 4243 4244 4241
v -5231.517 0.050 381.983
v -5225.836 0.050 376.351
v -5242.556 0.050 359.484
v -5248.237 0.050 365.116
f 4245 4246 4247
f 4247 4248 4245
v -4981.480 0.050 813.710
v -4975.781 -86.740 808.096
v -4981.024 0.050 802.773
v -4986.723 0.050 808.387
f 4249 4250 4251
f 4251 4252 4249
v -4987.395 0.050 807.478
v -4980.352 0.050 803.683
v -4981.477 0.050 801.596
v -4988.520 0.050 805.391
f 4253 4254 4255
f 4255 4256 4253
v -4988.991 0.050 803.730
v -4981.005 0.050 803.257
v -4981.228 0.050 799.493
v -4989.214 0.050 799.965
f 4257 4258 4259
f 4259 4260 4257
v -4988.877 0.050 798.107
v -4981.565 0.050 801.352
v -4956.451 -88.499 744.769
v -4963.763 -88.670 741.524
f 4261 4262 4263
f 4263 4264 4261
v -4963.943 -88.530 744.280
v -4956.271 -88.653 742.012
v -4957.908 -89.001 736.478
v -4965.579 -88.815 738.746
f 4265 4266 4267
f 4267 4268 4265
v -4964.266 -88.709 740.716
v -4959.220 -89.130 734.508
v -4963.250 -89.314 731.233
v -4968.296 -88.885 737.440
f 4269 4270 4271
f 4271 4272 4269
v -4967.830 -88.867 737.767
v -4963.716 -89.330 730.906
v -5036.419 0.050 687.306
v -5040.533 0.050 694.167
f 4273 4274 4275
f 4275 4276 4273
v -5040.591 0.050 694.132
v -5036.361 0.050 687.341
v -5064.881 0.050 669.577
v -5069.111 0.050 676.367
f 4277 4278 4279
f 4279 4280 4277
v -5069.038 0.050 676.412
v -5064.954 0.050 669.532
v -5089.589 0.050 654.911
v -5093.673 0.050 661.790
f 4281 4282 4283
f 4283 4284 4281
v -5093.826 0.050 661.694
v -5089.436 0.050 655.007
v -5138.105 0.050 623.056
v -5142.495 0.050 629.744
f 4285 4286 4287
f 4287 4288 4285
v -5142.281 0.050 629.875
v -5138.319 0.050 622.925
v -5144.898 0.050 619.174
v -5148.860 0.050 626.124
f 4289 4290 4291
f 4291 4292 4289
v -5148.858 0.050 626.125
v -5144.900 0.050 619.172
v -5168.478 0.050 605.753
v -5172.435 0.050 612.706
f 4293 4294 4295
f 4295 4296 4293
v -5172.671 0.050 612.560
v -5168.242 0.050 605.898
v -5189.582 0.050 591.713
v -5194.011 0.050 598.375
f 4297 4298 4299
f 4299 4300 4297
v -5194.049 0.050 598.349
v -5189.543 0.050 591.739
v -5219.110 0.050 571.583
v -5223.616 0.050 578.193
f 4301 4302 4303
f 4303 4304 4301
v -5223.691 0.050 578.140
v -5219.034 0.050 571.636
v -5240.085 0.050 556.565
v -5244.742 0.050 563.070
f 4305 4306 4307
f 4307 4308 4305
v -5244.692 0.050 563.105
v -5240.135 0.050 556.530
v -5300.448 0.050 514.726
v -5305.005 0.050 521.301
f 4309 4310 4311
f 4311 4312 4309
v -5301.678 0.050 521.874
v -5303.774 0.050 514.153
v -5310.342 0.050 515.936
v -5308.246 0.050 523.657
f 4313 4314 4315
f 4315 4316 4313
v -5306.009 0.050 522.079
v -5312.579 0.050 517.514
v -5344.528 0.050 563.505
v -5337.958 0.050 568.070
f 4317 4318 4319
f 4319 4320 4317
v -5338.709 0.050 568.883
v -5343.776 0.050 562.692
v -5350.344 0.050 568.068
v -5345.277 0.050 574.259
f 4321 4322 4323
f 4323 4324 4321
v -5347.961 0.050 575.160
v -5347.660 0.050 567.166
v -5355.719 0.050 566.862
v -5356.021 0.050 574.857
f 4325 4326 4327
f 4327 4328 4325
v -5357.532 0.050 574.498
v -5354.208 0.050 567.221
v -5375.114 0.050 557.672
v -5378.438 0.050 564.948
f 4329 4330 4331
f 4331 4332 4329
v -4698.431 -104.134 2636.808
v -4693.149 -104.722 2642.816
v -4690.611 -104.752 2640.584
v -4695.893 -104.161 2634.576
f 4333 4334 4335
f 4335 4336 4333
v -4695.204 -104.174 2634.088
v -4691.300 -104.738 2641.071
v -4674.291 -104.518 2631.563
v -4678.194 -104.073 2624.580
f 4337 4338 4339
f 4339 4340 4337
v -4677.526 -104.050 2624.283
v -4674.959 -104.532 2631.860
v -4647.830 -103.991 2622.669
v -4650.397 -103.357 2615.092
f 4341 4342 4343
f 4343 4344 4341
v -4649.632 -103.344 2614.914
v -4648.595 -104.004 2622.846
v -4645.768 -103.981 2622.477
v -4646.805 -103.321 2614.544
f 4345 4346 4347
f 4347 4348 4345
v -4646.163 -103.321 2614.512
v -4646.410 -103.982 2622.509
v -4641.701 -103.834 2622.654
v -4641.454 -103.182 2614.658
f 4349 4350 4351
f 4351 4352 4349
v -4641.738 -103.193 2614.659
v -4641.417 -103.822 2622.653
v -4635.818 -103.566 2622.428
v -4636.138 -102.965 2614.434
f 4353 4354 4355
f 4355 4356 4353
v -4636.188 -102.967 2614.437
v -4635.768 -103.564 2622.426
v -4633.007 -103.435 2622.280
v -4633.428 -102.853 2614.292
f 4357 4358 4359
f 4359 4360 4357
v -4634.626 -102.917 2614.542
v -4631.809 -103.366 2622.030
v -4625.631 -102.942 2619.706
v -4628.448 -102.518 2612.218
f 4361 4362 4363
f 4363 4364 4361
v -4628.618 -102.529 2612.287
v -4625.460 -102.930 2619.637
v -4585.808 -100.095 2602.601
v -4588.966 -99.958 2595.251
f 4365 4366 4367
f 4367 4368 4365
v -4588.614 -99.935 2595.119
v -4586.160 -100.119 2602.733
v -4573.459 -99.323 2598.639
v -4575.913 -99.211 2591.025
f 4369 4370 4371
f 4371 4372 4369
v -4574.984 -99.166 2590.843
v -4574.387 -99.375 2598.821
v -4570.502 -99.172 2598.531
v -4571.099 -98.999 2590.553
f 4373 4374 4375
f 4375 4376 4373
v -4571.018 -98.996 2590.548
v -4570.584 -99.176 2598.536
v -4567.667 -99.026 2598.377
v -4568.101 -98.873 2590.389
f 4377 4378 4379
f 4379 4380 4377
v -4567.407 -98.845 2590.412
v -4568.361 -99.060 2598.355
v -4563.964 -98.848 2598.883
v -4563.010 -98.676 2590.940
f 4381 4382 4383
f 4383 4384 4381
v -4561.664 -98.615 2591.351
v -4565.309 -98.909 2598.472
v -4562.549 -98.786 2599.885
v -4558.904 -98.489 2592.764
f 4385 4386 4387
f 4387 4388 4385
v -4558.426 -98.467 2593.052
v -4563.026 -98.810 2599.597
v -4553.497 -98.242 2606.293
v -4548.898 -97.940 2599.747
f 4389 4390 4391
f 4391 4392 4389
v -4548.722 -97.928 2599.878
v -4553.672 -98.254 2606.162
v -4548.073 -97.851 2610.573
v -4543.123 -97.541 2604.289
f 4393 4394 4395
f 4395 4396 4393
v -4544.435 -97.634 2603.603
v -4546.760 -97.750 2611.258
v -4532.411 -96.581 2615.616
v -4530.086 -96.579 2607.961
f 4397 4398 4399
f 4399 4400 4397
v -4531.692 -96.697 2607.813
v -4530.806 -96.449 2615.764
v -4517.770 -95.490 2614.311
v -4518.656 -95.842 2606.361
f 4401 4402 4403
f 4403 4404 4401
v -4518.476 -95.831 2606.345
v -4517.950 -95.502 2614.327
v -4498.503 -94.199 2613.046
v -4499.029 -94.667 2605.064
f 4405 4406 4407
f 4407 4408 4405
v -4499.210 -94.677 2605.080
v -4498.321 -94.188 2613.030
v -4490.997 -93.729 2612.212
v -4491.885 -94.271 2604.261
f 4409 4410 4411
f 4411 4412 4409
v -4492.019 -94.278 2604.278
v -4490.863 -93.721 2612.194
v -4485.798 -93.422 2611.455
v -4486.954 -94.014 2603.539
f 4413 4414 4415
f 4415 4416 4413
v -4487.806 -94.052 2603.761
v -4484.946 -93.379 2611.232
v -4481.807 -93.250 2610.031
v -4484.667 -93.940 2602.559
f 4417 4418 4419
f 4419 4420 4417
v -4484.790 -93.944 2602.609
v -4481.683 -93.245 2609.981
v -4477.798 -93.156 2608.343
v -4480.905 -93.826 2600.972
f 4421 4422 4423
f 4423 4424 4421
v -4481.504 -93.839 2601.286
v -4477.199 -93.152 2608.029
v -4466.713 -93.192 2601.333
v -4471.018 -93.902 2594.591
f 4425 4426 4427
f 4427 4428 4425
v -4471.753 -93.877 2595.194
v -4465.978 -93.207 2600.730
v -4458.686 -93.555 2593.123
v -4464.461 -94.292 2587.587
f 4429 4430 4431
f 4431 4432 4429
v -4464.595 -94.283 2587.734
v -4458.553 -93.564 2592.977
v -4450.026 -94.210 2583.152
v -4456.068 -94.922 2577.908
f 4433 4434 4435
f 4435 4436 4433
v -4456.512 -94.876 2578.532
v -4449.582 -94.257 2582.529
v -4447.266 -94.582 2578.514
v -4454.196 -95.193 2574.517
f 4437 4438 4439
f 4439 4440 4437
v -4453.390 -95.265 2573.527
v -4448.072 -94.508 2579.504
v -4445.980 -94.629 2577.642
v -4451.297 -95.387 2571.665
f 4441 4442 4443
f 4443 4444 4441
v -4450.038 -95.426 2570.906
v -4447.239 -94.592 2578.401
v -4445.224 -94.604 2577.648
v -4448.024 -95.444 2570.154
f 4445 4446 4447
f 4447 4448 4445
v -4447.431 -95.444 2569.983
v -4445.817 -94.606 2577.818
v -4373.704 -93.768 2562.962
v -4375.318 -94.378 2555.126
f 4449 4450 4451
f 4451 4452 4449
v -4374.974 -94.367 2555.071
v -4374.048 -93.776 2563.017
v -4367.703 -93.590 2562.278
v -4368.629 -94.131 2554.331
f 4453 4454 4455
f 4455 4456 4453
v -4368.416 -94.123 2554.312
v -4367.916 -93.597 2562.297
v -4363.062 -93.433 2561.993
v -4363.562 -93.921 2554.009
f 4457 4458 4459
f 4459 4460 4457
v -4363.312 -93.910 2554.001
v -4363.312 -93.442 2562.001
v -4357.112 -93.208 2562.001
v -4357.112 -93.628 2554.001
f 4461 4462 4463
f 4463 4464 4461
v -4357.085 -93.627 2554.001
v -4357.139 -93.209 2562.001
v -4347.354 -92.797 2562.067
v -4347.300 -93.110 2554.067
f 4465 4466 4467
f 4467 4468 4465
v -4347.240 -93.107 2554.068
v -4347.414 -92.800 2562.066
v -4343.161 -92.617 2562.158
v -4342.987 -92.879 2554.160
f 4469 4470 4471
f 4471 4472 4469
v -4340.133 -92.690 2555.448
v -4346.015 -92.786 2560.871
v -4343.677 -92.596 2563.406
v -4337.796 -92.503 2557.983
f 4473 4474 4475
f 4475 4476 4473
v -4339.847 -92.636 2556.795
v -4341.626 -92.476 2564.595
v -4328.891 -91.941 2567.500
v -4327.112 -91.973 2559.700
f 4477 4478 4479
f 4479 4480 4477
v -4327.178 -91.976 2559.686
v -4328.825 -91.939 2567.514
v -4318.528 -91.580 2569.680
v -4316.881 -91.513 2561.852
f 4481 4482 4483
f 4483 4484 4481
v -4317.327 -91.532 2561.784
v -4318.082 -91.566 2569.748
v -4311.815 -91.364 2570.342
v -4311.060 -91.262 2562.378
f 4485 4486 4487
f 4487 4488 4485
v -4311.468 -91.280 2562.360
v -4311.407 -91.350 2570.360
v -4300.954 -90.998 2570.281
v -4301.015 -90.816 2562.281
f 4489 4490 4491
f 4491 4492 4489
v -4301.178 -90.824 2562.286
v -4300.791 -90.992 2570.276
v -4196.206 -86.484 2565.205
v -4196.593 -85.678 2557.215
f 4493 4494 4495
f 4495 4496 4493
v -4196.819 -85.690 2557.232
v -4195.980 -86.472 2565.188
v -4192.474 -86.283 2564.818
v -4193.313 -85.495 2556.862
f 4497 4498 4499
f 4499 4500 4497
v -4193.981 -85.538 2556.991
v -4191.805 -86.241 2564.689
v -4189.423 -86.070 2564.016
v -4191.599 -85.362 2556.317
f 4501 4502 4503
f 4503 4504 4501
v -4191.614 -85.363 2556.322
v -4189.408 -86.069 2564.011
v -4181.860 -85.536 2561.846
v -4184.067 -84.857 2554.156
f 4505 4506 4507
f 4507 4508 4505
v -4183.513 -84.825 2554.039
v -4182.414 -85.570 2561.963
v -4159.382 -84.348 2558.767
v -4160.481 -83.705 2550.843
f 4509 4510 4511
f 4511 4512 4509
v -4160.567 -83.709 2550.856
v -4159.296 -84.344 2558.754
v -4152.317 -83.978 2557.632
v -4153.587 -83.374 2549.733
f 4513 4514 4515
f 4515 4516 4513
v -4155.656 -83.529 2550.735
v -4150.247 -83.817 2556.630
v -4142.878 -83.088 2549.868
v -4148.287 -82.754 2543.974
f 4517 4518 4519
f 4519 4520 4517
v -4147.309 -82.686 2543.313
v -4143.856 -83.160 2550.529
v -4126.301 -82.275 2542.130
v -4129.754 -81.919 2534.914
f 4521 4522 4523
f 4523 4524 4521
v -4129.361 -81.908 2534.751
v -4126.693 -82.290 2542.293
v -4120.348 -82.088 2540.048
v -4123.016 -81.772 2532.506
f 4525 4526 4527
f 4527 4528 4525
v -4122.255 -81.761 2532.318
v -4121.109 -82.106 2540.236
v -4117.002 -82.028 2539.641
v -4118.147 -81.721 2531.724
f 4529 4530 4531
f 4531 4532 4529
v -4118.133 -81.720 2531.722
v -4117.016 -82.028 2539.643
v -4112.240 -81.944 2538.970
v -4113.357 -81.680 2531.048
f 4533 4534 4535
f 4535 4536 4533
v -4113.076 -81.679 2531.019
v -4112.522 -81.948 2539.000
v -4101.668 -81.862 2538.247
v -4102.222 -81.692 2530.266
f 4537 4538 4539
f 4539 4540 4537
v -4102.224 -81.692 2530.266
v -4101.667 -81.862 2538.247
v -4051.539 -81.869 2534.747
v -4052.097 -82.159 2526.766
f 4541 4542 4543
f 4543 4544 4541
v -4051.974 -82.161 2526.760
v -4051.662 -81.869 2534.754
v -4045.907 -81.879 2534.529
v -4046.219 -82.217 2526.535
f 4545 4546 4547
f 4547 4548 4545
v -4046.471 -82.214 2526.553
v -4045.654 -81.879 2534.511
v -4040.511 -81.906 2533.983
v -4041.328 -82.282 2526.025
f 4549 4550 4551
f 4551 4552 4549
v -4041.643 -82.277 2526.070
v -4040.196 -81.908 2533.938
v -4036.534 -81.946 2533.265
v -4037.981 -82.343 2525.396
f 4553 4554 4555
f 4555 4556 4553
v -4038.369 -82.335 2525.488
v -4036.146 -81.952 2533.173
v -4032.038 -82.026 2531.984
v -4034.261 -82.438 2524.300
f 4557 4558 4559
f 4559 4560 4557
v -4034.394 -82.435 2524.340
v -4031.906 -82.028 2531.944
v -4028.032 -82.117 2530.676
v -4030.520 -82.550 2523.073
f 4561 4562 4563
f 4563 4564 4561
v -4030.445 -82.552 2523.049
v -4028.107 -82.115 2530.699
v -3965.066 -82.715 2511.432
v -3967.405 -83.402 2503.781
f 4565 4566 4567
f 4567 4568 4565
v -3967.777 -83.407 2503.916
v -3964.694 -82.714 2511.298
v -3920.489 -81.527 2492.835
v -3923.572 -82.083 2485.453
f 4569 4570 4571
f 4571 4572 4569
v -3923.831 -82.098 2485.573
v -3920.230 -81.513 2492.716
v -3881.379 -78.572 2473.132
v -3884.981 -79.015 2465.988
f 4573 4574 4575
f 4575 4576 4573
v -3885.076 -79.025 2466.038
v -3881.285 -78.562 2473.082
v -3868.082 -77.134 2465.977
v -3871.873 -77.584 2458.933
f 4577 4578 4579
f 4579 4580 4577
v -3870.732 -77.457 2458.527
v -3869.223 -77.259 2466.383
v -3865.717 -76.871 2465.710
v -3867.226 -77.064 2457.853
f 4581 4582 4583
f 4583 4584 4581
v -3866.845 -77.021 2457.799
v -3866.097 -76.913 2465.764
v -3863.704 -76.647 2465.539
v -3864.451 -76.751 2457.574
f 4585 4586 4587
f 4587 4588 4585
v -3863.381 -76.630 2457.618
v -3864.774 -76.767 2465.496
v -3862.236 -76.483 2465.945
v -3860.843 -76.343 2458.067
f 4589 4590 4591
f 4591 4592 4589
v -3859.707 -76.213 2458.450
v -3863.372 -76.610 2465.562
v -3860.912 -76.334 2466.829
v -3857.247 -75.933 2459.718
f 4593 4594 4595
f 4595 4596 4593
v -3855.813 -75.769 2460.965
v -3862.346 -76.496 2465.582
v -3861.077 -76.351 2467.378
v -3854.544 -75.625 2462.762
f 4597 4598 4599
f 4599 4600 4597
v -3854.302 -75.597 2463.148
v -3861.318 -76.379 2466.992
v -3857.266 -75.918 2474.387
v -3850.250 -75.144 2470.543
f 4601 4602 4603
f 4603 4604 4601
v -4788.876 -97.187 506.713
v -4793.127 -97.388 513.490
v -4758.151 -95.482 535.429
v -4753.900 -95.385 528.652
f 4605 4606 4607
f 4607 4608 4605
v -4753.720 -95.373 528.772
v -4758.330 -95.494 535.309
v -4704.296 -91.733 573.415
v -4699.685 -91.631 566.877
f 4609 4610 4611
f 4611 4612 4609
v -4699.909 -91.642 566.731
v -4704.072 -91.721 573.562
v -4689.356 -90.967 582.530
v -4685.193 -90.974 575.699
f 4613 4614 4615
f 4615 4616 4613
v -4684.775 -90.972 575.991
v -4689.773 -90.989 582.238
v -4667.086 -91.260 600.386
v -4662.089 -91.127 594.139
f 4617 4618 4619
f 4619 4620 4617
v -4662.795 -91.110 593.687
v -4666.379 -91.276 600.839
v -4660.212 -91.398 603.929
v -4656.628 -91.233 596.777
f 4621 4622 4623
f 4623 4624 4621
v -4660.600 -91.212 596.999
v -4656.241 -91.418 603.708
v -4647.480 -91.325 598.015
v -4651.839 -91.120 591.307
f 4625 4626 4627
f 4627 4628 4625
v -4648.471 -91.130 590.841
v -4650.847 -91.316 598.480
v -4643.968 -91.489 600.620
v -4641.592 -91.420 592.981
f 4629 4630 4631
f 4631 4632 4629
v -4640.817 -91.471 593.315
v -4644.742 -91.439 600.286
v -4616.545 -93.272 616.162
v -4612.620 -93.331 609.191
f 4633 4634 4635
f 4635 4636 4633
v -3185.144 -90.010 2398.257
v -3185.359 -90.208 2390.260
v -3203.504 -88.336 2390.749
v -3203.289 -88.022 2398.746
f 4637 4638 4639
f 4639 4640 4637
v -3202.888 -88.059 2398.715
v -3203.905 -88.301 2390.780
v -3215.549 -87.234 2392.272
v -3214.532 -86.943 2400.207
f 4641 4642 4643
f 4643 4644 4641
v -3214.389 -86.957 2400.186
v -3215.692 -87.221 2392.293
v -3230.175 -85.837 2394.683
v -3228.872 -85.513 2402.576
f 4645 4646 4647
f 4647 4648 4645
v -3228.794 -85.521 2402.563
v -3230.253 -85.829 2394.697
v -3248.765 -84.289 2398.130
v -3247.306 -83.870 2405.996
f 4649 4650 4651
f 4651 4652 4649
v -3247.350 -83.867 2406.004
v -3248.721 -84.292 2398.122
v -3265.886 -83.244 2401.107
v -3264.516 -82.808 2408.989
f 4653 4654 4655
f 4655 4656 4653
v -3264.861 -82.787 2409.033
v -3265.541 -83.264 2401.062
v -3277.786 -82.582 2402.106
v -3277.107 -82.096 2410.077
f 4657 4658 4659
f 4659 4660 4657
v -3277.338 -82.084 2410.090
v -3277.555 -82.594 2402.093
v -3288.742 -82.302 2402.396
v -3288.525 -81.798 2410.393
f 4661 4662 4663
f 4663 4664 4661
v -3289.187 -81.799 2410.356
v -3288.080 -82.303 2402.433
v -3295.550 -82.326 2401.390
v -3296.657 -81.845 2409.313
f 4665 4666 4667
f 4667 4668 4665
v -3297.610 -81.857 2409.057
v -3294.597 -82.316 2401.646
v -3300.118 -82.417 2399.401
v -3303.131 -81.971 2406.812
f 4669 4670 4671
f 4671 4672 4669
v -3304.403 -82.014 2405.984
v -3298.846 -82.376 2400.229
v -3303.333 -82.597 2395.897
v -3308.889 -82.235 2401.653
f 4673 4674 4675
f 4675 4676 4673
v -3309.804 -82.303 2400.312
v -3302.418 -82.526 2397.238
v -3304.656 -82.815 2391.863
v -3312.041 -82.579 2394.937
f 4677 4678 4679
f 4679 4680 4677
v -3874.082 -76.103 1414.955
v -3878.363 -76.494 1421.714
v -3859.427 -75.749 1433.706
v -3855.147 -75.469 1426.947
f 4681 4682 4683
f 4683 4684 4681
v -3854.899 -75.457 1427.117
v -3859.675 -75.761 1433.536
v -3848.031 -75.049 1442.200
v -3843.255 -74.787 1435.781
f 4685 4686 4687
f 4687 4688 4685
v -3988.848 -77.442 1389.800
v -3988.440 -78.238 1397.790
v -3966.978 -77.499 1396.694
v -3967.386 -76.689 1388.704
f 4689 4690 4691
f 4691 4692 4689
v -3966.622 -76.671 1388.738
v -3967.742 -77.517 1396.660
v -3941.582 -77.161 1400.358
v -3940.462 -76.354 1392.436
f 4693 4694 4695
f 4695 4696 4693
v -3940.133 -76.354 1392.497
v -3941.910 -77.163 1400.297
v -3926.136 -77.094 1403.889
v -3924.359 -76.381 1396.089
f 4697 4698 4699
f 4699 4700 4697
v -3924.194 -76.381 1396.131
v -3926.302 -77.095 1403.848
v -3910.639 -76.988 1408.127
v -3908.531 -76.366 1400.410
f 4701 4702 4703
f 4703 4704 4701
v -3908.133 -76.366 1400.541
v -3911.037 -76.990 1407.996
v -3891.712 -76.799 1415.524
v -3888.808 -76.335 1408.069
f 4705 4706 4707
f 4707 4708 4705
v -3888.571 -76.333 1408.171
v -3891.949 -76.803 1415.423
v -3877.911 -76.482 1421.960
v -3874.534 -76.113 1414.708
f 4709 4710 4711
f 4711 4712 4709
v -3897.997 -72.308 1327.079
v -3905.566 -71.561 1317.767
v -3912.423 -71.605 1323.340
v -3904.854 -72.228 1332.652
f 4713 4714 4715
f 4715 4716 4713
v -3904.852 -72.228 1332.650
v -3912.426 -71.605 1323.342
v -3975.433 -75.499 1374.613
v -3967.859 -76.210 1383.921
f 4717 4718 4719
f 4719 4720 4717
v -3967.747 -76.197 1383.828
v -3975.544 -75.511 1374.706
v -3992.542 -77.530 1389.234
v -3984.746 -78.172 1398.356
f 4721 4722 4723
f 4723 4724 4721
v -3855.627 -75.445 1417.973
v -3851.934 -75.304 1410.877
v -3868.276 -75.606 1402.371
v -3871.969 -75.881 1409.468
f 4725 4726 4727
f 4727 4728 4725
v -3871.800 -75.878 1409.550
v -3868.444 -75.608 1402.288
v -3883.305 -75.638 1395.421
v -3886.661 -76.020 1402.683
f 4729 4730 4731
f 4731 4732 4729
v -3886.345 -76.019 1402.813
v -3883.622 -75.637 1395.290
v -3905.407 -75.386 1387.406
v -3908.130 -75.963 1394.928
f 4733 4734 4735
f 4735 4736 4733
v -3907.962 -75.964 1394.985
v -3905.575 -75.384 1387.349
v -3926.915 -75.089 1380.679
v -3929.302 -75.789 1388.315
f 4737 4738 4739
f 4739 4740 4737
v -3928.847 -75.793 1388.429
v -3927.371 -75.083 1380.566
v -3950.169 -74.988 1376.287
v -3951.645 -75.796 1384.149
f 4741 4742 4743
f 4743 4744 4741
v -3951.090 -75.787 1384.214
v -3950.724 -74.996 1376.222
v -3971.462 -75.456 1375.271
v -3971.829 -76.249 1383.263
f 4745 4746 4747
f 4747 4748 4745
v -4021.360 -82.234 1435.584
v -4012.946 -82.765 1444.140
v -4005.599 -82.203 1436.916
v -4014.013 -81.591 1428.359
f 4749 4750 4751
f 4751 4752 4749
v -4014.011 -81.591 1428.358
v -4005.601 -82.203 1436.918
v -3987.144 -80.292 1418.784
v -3995.554 -79.676 1410.224
f 4753 4754 4755
f 4755 4756 4753
v -3995.369 -79.656 1410.049
v -3987.330 -80.313 1418.959
v -3963.162 -77.439 1397.154
v -3971.201 -76.746 1388.244
f 4757 4758 4759
f 4759 4760 4757
v -3970.833 -76.704 1387.938
v -3963.531 -77.480 1397.460
v -3947.256 -75.761 1384.979
v -3954.558 -75.028 1375.457
f 4761 4762 4763
f 4763 4764 4761
v -3513.914 -85.978 1013.987
v -3506.427 -86.570 1023.364
v -3480.323 -86.319 1002.523
v -3487.810 -85.691 993.145
f 4765 4766 4767
f 4767 4768 4765
v -3487.968 -85.699 993.276
v -3480.165 -86.311 1002.392
v -3437.607 -84.159 965.965
v -3445.410 -83.517 956.849
f 4769 4770 4771
f 4771 4772 4769
v -3445.395 -83.516 956.835
v -3437.623 -84.160 965.978
v -3418.821 -83.550 949.997
v -3426.593 -82.902 940.854
f 4773 4774 4775
f 4775 4776 4773
v -3426.746 -82.905 940.988
v -3418.668 -83.547 949.862
v -3365.213 -85.898 901.205
v -3373.290 -85.353 892.331
f 4777 4778 4779
f 4779 4780 4777
v -3373.463 -85.333 892.495
v -3365.039 -85.918 901.041
v -3335.495 -89.773 871.917
v -3343.919 -89.203 863.371
f 4781 4782 4783
f 4783 4784 4781
v -3343.863 -89.212 863.317
v -3335.551 -89.765 871.972
v -3330.297 -90.590 866.927
v -3338.609 -89.978 858.271
f 4785 4786 4787
f 4787 4788 4785
v -3338.611 -89.977 858.273
v -3330.295 -90.591 866.924
v -3308.064 -93.470 845.554
v -3316.381 -93.043 836.903
f 4789 4790 4791
f 4791 4792 4789
v -3316.582 -93.019 837.107
v -3307.862 -93.494 845.351
v -3253.706 -96.602 788.068
v -3262.425 -95.977 779.824
f 4793 4794 4795
f 4795 4796 4793
v -3262.437 -95.977 779.836
v -3253.694 -96.602 788.055
v -3210.602 -94.357 742.210
v -3219.346 -93.730 733.991
f 4797 4798 4799
f 4799 4800 4797
v -3150.265 -93.674 660.886
v -3141.802 -94.280 669.393
v -3105.701 -98.420 633.480
v -3114.164 -97.951 624.973
f 4801 4802 4803
f 4803 4804 4801
v -3182.605 -92.252 694.841
v -3173.916 -92.871 703.116
v -3141.689 -94.290 669.277
v -3150.378 -93.664 661.002
f 4805 4806 4807
f 4807 4808 4805
v -3954.331 -75.007 1375.291
v -3947.482 -75.784 1385.145
v -3941.649 -75.247 1381.090
v -3948.498 -74.490 1371.237
f 4809 4810 4811
f 4811 4812 4809
v -3948.502 -74.490 1371.239
v -3941.646 -75.247 1381.088
v -3925.861 -74.250 1370.099
v -3932.717 -73.445 1360.251
f 4813 4814 4815
f 4815 4816 4813
v -3933.087 -73.465 1360.531
v -3925.490 -74.228 1369.819
v -3902.803 -73.119 1351.263
v -3910.400 -72.528 1341.974
f 4817 4818 4819
f 4819 4820 4817
v -3910.400 -72.528 1341.974
v -3902.803 -73.119 1351.263
v -3882.309 -73.475 1334.503
v -3889.906 -72.751 1325.214
f 4821 4822 4823
f 4823 4824 4821
v -3889.836 -72.754 1325.158
v -3882.379 -73.473 1334.559
v -3862.865 -74.414 1319.080
v -3870.322 -73.827 1309.679
f 4825 4826 4827
f 4827 4828 4825
v -3870.418 -73.820 1309.757
v -3862.769 -74.419 1319.002
v -3784.055 -80.453 1253.876
v -3791.704 -79.566 1244.631
f 4829 4830 4831
f 4831 4832 4829
v -3791.695 -79.566 1244.623
v -3784.064 -80.452 1253.884
v -3711.940 -77.652 1194.450
v -3719.571 -76.758 1185.189
f 4833 4834 4835
f 4835 4836 4833
v -3719.697 -76.768 1185.296
v -3711.814 -77.641 1194.344
v -3694.504 -76.238 1179.261
v -3702.387 -75.381 1170.213
f 4837 4838 4839
f 4839 4840 4837
v -3702.133 -75.363 1170.004
v -3694.758 -76.257 1179.470
v -3644.998 -74.887 1140.706
v -3652.373 -74.085 1131.239
f 4841 4842 4843
f 4843 4844 4841
v -3652.570 -74.078 1131.400
v -3644.801 -74.892 1140.546
v -3537.155 -85.373 1049.109
v -3544.924 -84.605 1039.963
f 4845 4846 4847
f 4847 4848 4845
v -3219.314 -93.728 733.958
v -3210.633 -94.359 742.243
v -3182.358 -92.985 712.618
v -3191.039 -92.389 704.333
f 4849 4850 4851
f 4851 4852 4849
v -3191.184 -92.393 704.490
v -3182.213 -92.981 712.460
v -3173.775 -92.871 702.964
v -3182.746 -92.252 694.993
f 4853 4854 4855
f 4855 4856 4853
v -3114.316 -97.932 625.130
v -3105.549 -98.439 633.323
v -3088.539 -100.716 615.122
v -3097.307 -99.998 606.929
f 4857 4858 4859
f 4859 4860 4857
v -3097.244 -100.005 606.863
v -3088.602 -100.709 615.188
v -3046.846 -103.778 571.839
v -3055.488 -103.222 563.514
f 4861 4862 4863
f 4863 4864 4861
v -3293.181 -95.270 808.416
v -3302.009 -94.472 800.288
v -3320.978 -92.820 820.893
v -3312.150 -93.612 829.020
f 4865 4866 4867
f 4867 4868 4865
v -3312.481 -93.583 829.353
v -3320.646 -92.849 820.559
v -3339.381 -90.359 837.954
v -3331.216 -91.166 846.748
f 4869 4870 4871
f 4871 4872 4869
v -3546.996 -84.311 1035.726
v -3554.743 -83.395 1026.562
v -3711.258 -74.243 1158.876
v -3703.511 -75.172 1168.040
f 4873 4874 4875
f 4875 4876 4873
v -3703.558 -75.175 1168.079
v -3711.210 -74.240 1158.836
v -3728.409 -75.517 1173.074
v -3720.757 -76.472 1182.317
f 4877 4878 4879
f 4879 4880 4877
v -3720.763 -76.472 1182.322
v -3728.404 -75.517 1173.069
v -3824.083 -77.598 1252.076
v -3816.442 -78.346 1261.329
f 4881 4882 4883
f 4883 4884 4881
v -3816.483 -78.343 1261.363
v -3824.041 -77.601 1252.042
v -3837.478 -76.546 1262.939
v -3829.919 -77.255 1272.259
f 4885 4886 4887
f 4887 4888 4885
v -3829.935 -77.253 1272.272
v -3837.462 -76.548 1262.926
v -3905.545 -71.561 1317.749
v -3898.018 -72.307 1327.096
f 4889 4890 4891
f 4891 4892 4889
v -3293.832 -95.209 805.709
v -3301.358 -94.539 802.996
v -3306.067 -94.137 816.058
v -3298.541 -94.807 818.771
f 4893 4894 4895
f 4895 4896 4893
v -3298.914 -94.775 819.538
v -3305.694 -94.169 815.291
v -3309.946 -93.800 822.080
v -3303.166 -94.406 826.327
f 4897 4898 4899
f 4899 4900 4897
v -3303.558 -94.372 826.851
v -3309.555 -93.834 821.556
v -3329.369 -91.472 843.996
v -3323.373 -92.052 849.291
f 4901 4902 4903
f 4903 4904 4901
v -3323.665 -92.015 849.590
v -3329.077 -91.517 843.698
v -3335.044 -90.630 849.179
v -3329.632 -91.130 855.071
f 4905 4906 4907
f 4907 4908 4905
v -3329.299 -91.180 854.726
v -3335.376 -90.581 849.524
v -3338.961 -90.043 853.711
v -3332.884 -90.639 858.913
f 4909 4910 4911
f 4911 4912 4909
v -3331.933 -90.813 856.604
v -3339.912 -89.875 856.020
v -3340.067 -89.808 858.146
v -3332.089 -90.738 858.731
f 4913 4914 4915
f 4915 4916 4913
v -3332.352 -90.753 856.983
v -3339.804 -89.798 859.894
v -3338.179 -89.834 864.054
v -3330.727 -90.833 861.144
f 4917 4918 4919
f 4919 4920 4917
v -3075.625 -102.475 578.775
v -3084.239 -101.474 570.420
v -3103.419 -99.643 590.192
v -3094.806 -100.395 598.548
f 4921 4922 4923
f 4923 4924 4921
v -3094.762 -100.400 598.502
v -3103.462 -99.638 590.238
v -3116.787 -98.081 604.265
v -3108.087 -98.841 612.530
f 4925 4926 4927
f 4927 4928 4925
v -3108.062 -98.844 612.503
v -3116.813 -98.079 604.292
v -3130.928 -96.126 619.336
v -3122.177 -97.006 627.547
f 4929 4930 4931
f 4931 4932 4929
v -3122.205 -97.002 627.576
v -3130.901 -96.130 619.307
v -3189.043 -91.257 680.447
v -3180.347 -92.114 688.716
f 4933 4934 4935
f 4935 4936 4933
v -3180.377 -92.113 688.748
v -3189.013 -91.258 680.416
v -3197.117 -91.264 688.816
v -3188.481 -92.113 697.148
f 4937 4938 4939
f 4939 4940 4937
v -3188.394 -92.112 697.056
v -3197.204 -91.265 688.908
v -3213.768 -91.818 706.818
v -3204.958 -92.649 714.966
f 4941 4942 4943
f 4943 4944 4941
v -3205.023 -92.652 715.035
v -3213.703 -91.815 706.749
v -3270.142 -94.991 765.868
v -3261.462 -95.770 774.154
f 4945 4946 4947
f 4947 4948 4945
v -3261.399 -95.769 774.087
v -3270.205 -94.994 765.935
v -3301.998 -94.473 800.276
v -3293.192 -95.269 808.428
f 4949 4950 4951
f 4951 4952 4949
v -3212.242 -92.364 713.670
v -3206.485 -92.151 708.115
v -3222.682 -90.223 691.327
v -3228.439 -90.448 696.882
f 4953 4954 4955
f 4955 4956 4953
v -3229.097 -90.339 695.973
v -3222.024 -90.329 692.236
v -3223.370 -90.052 689.687
v -3230.444 -90.051 693.424
f 4957 4958 4959
f 4959 4960 4957
v -3230.886 -89.824 691.144
v -3222.928 -90.265 691.967
v -3222.628 -90.036 689.061
v -3230.585 -89.575 688.238
f 4961 4962 4963
f 4963 4964 4961
v -3229.507 -89.417 685.895
v -3223.706 -90.182 691.404
v -3220.834 -90.066 688.379
v -3226.635 -89.301 682.871
f 4965 4966 4967
f 4967 4968 4965
v -3226.631 -89.301 682.867
v -3220.838 -90.067 688.384
v -3214.058 -89.856 681.264
v -3219.852 -89.113 675.748
f 4969 4970 4971
f 4971 4972 4969
v -3060.628 -94.200 1189.470
v -3067.688 -94.440 1185.706
v -3072.174 -93.597 1194.119
v -3065.115 -93.369 1197.883
f 4973 4974 4975
f 4975 4976 4973
v -3064.732 -93.456 1196.836
v -3072.556 -93.497 1195.166
v -3073.881 -92.994 1201.374
v -3066.057 -92.954 1203.043
f 4977 4978 4979
f 4979 4980 4977
v -3065.971 -93.010 1202.335
v -3073.967 -92.939 1202.082
v -3074.902 -90.839 1231.601
v -3066.906 -90.851 1231.854
f 4981 4982 4983
f 4983 4984 4981
v -3066.906 -90.863 1231.605
v -3074.902 -90.827 1231.850
v -3073.477 -89.339 1278.327
v -3065.481 -89.320 1278.082
f 4985 4986 4987
f 4987 4988 4985
v -3092.999 -97.693 1136.663
v -3099.860 -97.021 1140.777
v -3089.763 -96.302 1157.616
v -3082.902 -96.898 1153.503
f 4989 4990 4991
f 4991 4992 4989
v -3082.997 -96.907 1153.352
v -3089.669 -96.294 1157.767
v -3073.115 -94.614 1182.782
v -3066.444 -95.145 1178.367
f 4993 4994 4995
f 4995 4996 4993
v -3066.659 -95.168 1178.073
v -3072.901 -94.591 1183.076
v -3067.279 -94.040 1190.090
v -3061.037 -94.611 1185.086
f 4997 4998 4999
f 4999 5000 4997
v -3749.872 -67.307 1500.809
v -3756.891 -67.514 1504.648
v -3735.083 -67.545 1544.520
v -3728.065 -67.612 1540.681
f 5001 5002 5003
f 5003 5004 5001
v -3729.065 -67.529 1539.486
v -3734.083 -67.627 1545.716
v -3725.556 -68.182 1552.584
v -3720.538 -68.086 1546.353
f 5005 5006 5007
f 5007 5008 5005
v -3725.265 -67.927 1546.140
v -3720.829 -68.337 1552.797
v -3709.452 -68.396 1545.216
v -3713.888 -67.992 1538.559
f 5009 5010 5011
f 5011 5012 5009
v -4180.755 -79.420 1477.043
v -4176.689 -79.128 1483.932
v -4146.076 -79.820 1465.865
v -4150.142 -80.139 1458.975
f 5013 5014 5015
f 5015 5016 5013
v -4149.593 -80.155 1458.705
v -4146.626 -79.790 1466.135
v -4137.664 -80.208 1462.556
v -4140.632 -80.525 1455.126
f 5017 5018 5019
f 5019 5020 5017
v -4137.463 -80.576 1455.213
v -4140.833 -80.137 1462.469
v -4132.473 -80.160 1466.352
v -4129.103 -80.558 1459.096
f 5021 5022 5023
f 5023 5024 5021
v -4126.928 -80.499 1461.676
v -4134.648 -80.223 1463.772
v -4130.919 -79.861 1477.507
v -4123.199 -80.165 1475.411
f 5025 5026 5027
f 5027 5028 5025
v -4653.944 -93.304 1458.043
v -4661.671 -93.102 1460.115
v -4658.020 -92.224 1473.731
v -4650.293 -92.358 1471.659
f 5029 5030 5031
f 5031 5032 5029
v -4650.415 -92.372 1471.280
v -4657.898 -92.210 1474.110
v -4654.581 -91.871 1482.880
v -4647.098 -92.035 1480.050
f 5033 5034 5035
f 5035 5036 5033
v -4649.102 -92.111 1477.862
v -4652.577 -91.795 1485.068
v -4638.829 -91.917 1491.698
v -4635.354 -92.370 1484.492
f 5037 5038 5039
f 5039 5040 5037
v -4634.875 -92.383 1484.765
v -4639.308 -91.903 1491.424
v -4635.757 -91.998 1493.789
v -4631.324 -92.475 1487.129
f 5041 5042 5043
f 5043 5044 5041
v -4630.834 -92.486 1487.513
v -4636.246 -91.987 1493.405
v -4627.719 -92.184 1501.237
v -4622.307 -92.656 1495.345
f 5045 5046 5047
f 5047 5048 5045
v -4624.887 -92.555 1494.293
v -4625.139 -92.325 1502.289
v -4618.026 -92.716 1502.513
v -4617.774 -92.924 1494.517
f 5049 5050 5051
f 5051 5052 5049
v -4618.526 -92.883 1494.565
v -4617.274 -92.757 1502.466
v -4564.185 -96.963 1494.053
v -4565.438 -96.923 1486.152
f 5053 5054 5055
f 5055 5056 5053
v -4566.768 -96.814 1486.613
v -4562.855 -97.076 1493.591
v -4542.361 -98.758 1482.101
v -4546.274 -98.432 1475.123
f 5057 5058 5059
f 5059 5060 5057
v -4546.437 -98.421 1475.220
v -4542.198 -98.770 1482.004
v -4533.660 -99.386 1476.668
v -4537.899 -99.015 1469.884
f 5061 5062 5063
f 5063 5064 5061
v -4537.083 -99.068 1469.495
v -4534.476 -99.328 1477.058
v -4527.963 -99.791 1474.813
v -4530.571 -99.482 1467.250
f 5065 5066 5067
f 5067 5068 5065
v -4529.998 -99.518 1467.098
v -4528.537 -99.750 1474.964
v -4522.136 -100.206 1473.775
v -4523.597 -99.922 1465.910
f 5069 5070 5071
f 5071 5072 5069
v -4522.851 -99.971 1465.843
v -4522.882 -100.152 1473.842
v -4482.117 -102.180 1474.001
v -4482.086 -101.791 1466.001
f 5073 5074 5075
f 5075 5076 5073
v -4478.502 -102.197 1471.746
v -4485.701 -101.767 1468.256
v -4504.781 -101.712 1507.613
v -4497.582 -102.149 1511.103
f 5077 5078 5079
f 5079 5080 5077
v -4488.263 -102.457 1539.241
v -4494.908 -102.204 1534.787
v -4508.267 -100.969 1554.717
v -4501.621 -101.189 1559.171
f 5081 5082 5083
f 5083 5084 5081
v -4501.358 -101.213 1558.717
v -4508.530 -100.945 1555.171
v -4525.829 -99.135 1590.156
v -4518.657 -99.250 1593.702
f 5085 5086 5087
f 5087 5088 5085
v -4518.523 -99.265 1593.401
v -4525.963 -99.122 1590.458
v -4535.503 -98.230 1614.574
v -4528.064 -98.214 1617.517
f 5089 5090 5091
f 5091 5092 5089
v -4527.814 -98.277 1615.552
v -4535.753 -98.188 1616.538
v -4534.862 -98.038 1623.710
v -4526.923 -98.053 1622.724
f 5093 5094 5095
f 5095 5096 5093
v -4528.909 -98.143 1619.743
v -4532.876 -97.956 1626.690
v -4526.609 -97.792 1630.269
v -4522.642 -98.025 1623.322
f 5097 5098 5099
f 5099 5100 5097
v -4523.541 -98.041 1622.946
v -4525.709 -97.768 1630.646
v -4504.503 -97.042 1636.616
v -4502.335 -97.472 1628.915
f 5101 5102 5103
f 5103 5104 5101
v -3660.583 -76.732 1188.107
v -3667.513 -76.545 1184.110
v -3676.029 -77.595 1198.876
v -3669.099 -77.673 1202.873
f 5105 5106 5107
f 5107 5108 5105
v -3669.907 -77.745 1203.865
v -3675.221 -77.521 1197.885
v -3696.549 -79.331 1216.837
v -3691.235 -79.607 1222.817
f 5109 5110 5111
f 5111 5112 5109
v -3691.849 -79.664 1223.266
v -3695.935 -79.291 1216.388
v -3736.222 -81.330 1240.320
v -3732.136 -81.648 1247.198
f 5113 5114 5115
f 5115 5116 5113
v -3730.901 -81.565 1246.052
v -3737.456 -81.380 1241.466
v -3744.091 -81.716 1250.949
v -3737.536 -82.163 1255.535
f 5117 5118 5119
f 5119 5120 5117
v -3736.985 -82.116 1254.399
v -3744.643 -81.762 1252.085
v -3748.439 -82.024 1264.645
v -3740.781 -82.295 1266.960
f 5121 5122 5123
f 5123 5124 5121
v -3740.629 -82.277 1265.406
v -3748.590 -82.042 1266.199
v -3747.410 -82.248 1278.046
v -3739.449 -82.489 1277.253
f 5125 5126 5127
f 5127 5128 5125
v -3739.903 -82.452 1275.763
v -3746.957 -82.284 1279.536
v -3741.502 -82.511 1289.733
v -3734.448 -82.663 1285.959
f 5129 5130 5131
f 5131 5132 5129
v -3737.470 -82.650 1283.878
v -3738.480 -82.549 1291.814
v -3729.240 -82.429 1292.989
v -3728.231 -82.527 1285.053
f 5133 5134 5135
f 5135 5136 5133
v -3730.290 -82.572 1285.336
v -3727.181 -82.397 1292.707
v -3721.013 -82.349 1290.105
v -3724.123 -82.413 1282.734
f 5137 5138 5139
f 5139 5140 5137
v -3725.806 -82.465 1284.070
v -3719.331 -82.352 1288.768
v -3715.546 -82.257 1283.551
v -3722.021 -82.317 1278.853
f 5141 5142 5143
f 5143 5144 5141
v -3722.587 -82.344 1279.963
v -3714.980 -82.230 1282.441
v -3711.663 -82.026 1272.258
v -3719.269 -82.136 1269.780
f 5145 5146 5147
f 5147 5148 5145
v -3719.401 -82.146 1270.302
v -3711.531 -82.016 1271.737
v -3709.628 -81.838 1261.303
v -3717.498 -81.963 1259.868
f 5149 5150 5151
f 5151 5152 5149
v -3717.544 -81.969 1260.198
v -3709.581 -81.833 1260.974
v -3708.635 -81.470 1251.266
v -3716.597 -81.566 1250.490
f 5153 5154 5155
f 5155 5156 5153
v -3715.884 -81.454 1248.571
v -3709.349 -81.580 1253.185
v -3706.822 -81.355 1249.606
v -3713.357 -81.227 1244.992
f 5157 5158 5159
f 5159 5160 5157
v -3712.425 -81.164 1244.052
v -3707.754 -81.418 1250.546
v -3687.004 -80.091 1235.622
v -3691.675 -80.014 1229.127
f 5161 5162 5163
f 5163 5164 5161
v -3690.125 -79.915 1228.452
v -3688.554 -80.195 1236.297
v -3685.059 -79.997 1235.597
v -3686.629 -79.732 1227.752
f 5165 5166 5167
f 5167 5168 5165
v -3685.234 -79.670 1227.721
v -3686.454 -80.065 1235.628
v -3674.131 -79.547 1237.530
v -3672.911 -79.204 1229.623
f 5169 5170 5171
f 5171 5172 5169
v -3673.684 -79.237 1229.580
v -3673.357 -79.511 1237.573
v -3661.736 -78.931 1237.098
v -3662.063 -78.706 1229.104
f 5173 5174 5175
f 5175 5176 5173
v -3664.880 -78.873 1230.434
v -3658.918 -78.757 1235.768
v -3652.762 -78.272 1228.887
v -3658.724 -78.354 1223.553
f 5177 5178 5179
f 5179 5180 5177
v -3659.689 -78.483 1225.563
v -3651.797 -78.168 1226.876
v -3649.905 -77.660 1215.505
v -3657.797 -77.910 1214.191
f 5181 5182 5183
f 5183 5184 5181
v -3657.735 -77.978 1215.802
v -3649.966 -77.606 1213.894
v -3653.283 -77.213 1200.383
v -3661.053 -77.465 1202.291
f 5185 5186 5187
f 5187 5188 5185
v -3660.813 -77.491 1202.984
v -3653.523 -77.191 1199.690
v -3660.402 -76.532 1184.462
v -3667.693 -76.772 1187.755
f 5189 5190 5191
f 5191 5192 5189
v -3663.960 -77.883 1356.179
v -3663.111 -77.446 1364.134
v -3639.344 -76.923 1361.598
v -3640.193 -77.159 1353.643
f 5193 5194 5195
f 5195 5196 5193
v -3638.442 -77.084 1353.847
v -3641.096 -76.982 1361.394
v -3635.574 -76.774 1363.335
v -3632.921 -76.830 1355.788
f 5197 5198 5199
f 5199 5200 5197
v -3630.962 -76.735 1357.279
v -3637.532 -76.863 1361.844
v -3630.063 -76.491 1372.595
v -3623.493 -76.408 1368.030
f 5201 5202 5203
f 5203 5204 5201
v -3622.947 -76.379 1371.465
v -3630.608 -76.550 1369.160
v -3631.955 -76.506 1373.637
v -3624.294 -76.373 1375.942
f 5205 5206 5207
f 5207 5208 5205
v -3626.198 -76.376 1378.295
v -3630.052 -76.509 1371.285
v -3639.013 -76.549 1376.211
v -3635.159 -76.350 1383.221
f 5209 5210 5211
f 5211 5212 5209
v -3638.033 -76.348 1383.602
v -3636.139 -76.523 1375.830
v -3642.261 -76.643 1374.338
v -3644.156 -76.414 1382.110
f 5213 5214 5215
f 5215 5216 5213
v -3644.638 -76.421 1381.960
v -3641.780 -76.631 1374.488
v -3651.932 -76.934 1370.605
v -3654.790 -76.655 1378.077
f 5217 5218 5219
f 5219 5220 5217
v -3758.211 -71.789 1430.370
v -3763.313 -72.404 1424.208
v -3786.089 -71.405 1443.068
v -3780.987 -70.762 1449.230
f 5221 5222 5223
f 5223 5224 5221
v -3774.539 -73.570 1411.827
v -3779.735 -74.138 1405.744
v -3805.839 -73.189 1428.038
v -3800.644 -72.631 1434.121
f 5225 5226 5227
f 5227 5228 5225
v -3786.701 -75.358 1391.602
v -3792.754 -74.955 1396.833
v -3780.163 -73.660 1411.401
v -3774.111 -74.071 1406.170
f 5229 5230 5231
f 5231 5232 5229
v -3774.142 -74.075 1406.134
v -3780.133 -73.657 1411.436
v -3763.757 -71.891 1429.940
v -3757.767 -72.315 1424.638
f 5233 5234 5235
f 5235 5236 5233
v -3757.711 -72.308 1424.702
v -3763.813 -71.897 1429.876
v -3751.145 -70.443 1444.813
v -3745.043 -70.734 1439.639
f 5237 5238 5239
f 5239 5240 5237
v -3716.747 -80.711 1330.932
v -3718.349 -80.238 1338.770
v -3679.242 -78.912 1346.760
v -3677.640 -79.216 1338.922
f 5241 5242 5243
f 5243 5244 5241
v -3676.274 -79.133 1339.479
v -3680.608 -78.988 1346.203
v -3675.977 -78.667 1349.188
v -3671.643 -78.816 1342.464
f 5245 5246 5247
f 5247 5248 5245
v -3670.560 -78.731 1343.495
v -3677.061 -78.768 1348.157
v -3666.786 -77.614 1362.487
v -3660.285 -77.698 1357.825
f 5249 5250 5251
f 5251 5252 5249
v -3660.285 -77.698 1357.825
v -3666.786 -77.614 1362.488
v -3656.611 -76.735 1376.672
v -3650.111 -76.845 1372.009
f 5253 5254 5255
f 5255 5256 5253
v -3649.367 -76.736 1374.568
v -3657.355 -76.861 1374.113
v -3657.644 -76.624 1379.198
v -3649.657 -76.542 1379.653
f 5257 5258 5259
f 5259 5260 5257
v -3650.103 -76.475 1381.273
v -3657.198 -76.698 1377.578
v -3659.447 -76.489 1381.897
v -3652.351 -76.286 1385.592
f 5261 5262 5263
f 5263 5264 5261
v -3653.464 -76.222 1386.918
v -3658.334 -76.555 1380.571
v -3662.809 -76.381 1384.005
v -3657.939 -76.035 1390.352
f 5265 5266 5267
f 5267 5268 5265
v -3658.248 -76.022 1390.566
v -3662.500 -76.393 1383.790
v -3750.220 -70.888 1438.838
v -3745.968 -70.296 1445.614
f 5269 5270 5271
f 5271 5272 5269
v -3745.947 -70.297 1445.601
v -3750.241 -70.887 1438.851
v -3772.850 -70.237 1453.234
v -3768.556 -69.692 1459.984
f 5273 5274 5275
f 5275 5276 5273
v -3771.575 -69.720 1460.513
v -3769.830 -70.215 1452.705
v -3775.207 -70.398 1451.503
v -3776.952 -69.915 1459.311
f 5277 5278 5279
f 5279 5280 5277
v -3778.629 -70.030 1458.490
v -3773.531 -70.311 1452.324
v -3778.674 -70.712 1448.072
v -3783.772 -70.607 1454.237
f 5281 5282 5283
f 5283 5284 5281
v -3784.853 -70.755 1452.834
v -3777.592 -70.576 1449.475
v -3779.908 -71.009 1444.469
v -3787.168 -71.180 1447.828
f 5285 5286 5287
f 5287 5288 5285
v -3849.205 -75.103 1452.773
v -3854.549 -75.546 1458.727
v -3814.295 -71.294 1494.849
v -3808.952 -70.994 1488.895
f 5289 5290 5291
f 5291 5292 5289
v -3807.633 -70.827 1491.604
v -3815.615 -71.455 1492.140
v -3814.858 -71.226 1503.419
v -3806.876 -70.557 1502.883
f 5293 5294 5295
f 5295 5296 5293
v -3808.779 -70.716 1506.563
v -3812.954 -71.083 1499.739
v -3862.391 -76.526 1529.983
v -3858.216 -76.029 1536.808
f 5297 5298 5299
f 5299 5300 5297
v -3858.217 -76.029 1536.808
v -3862.391 -76.526 1529.983
v -3883.686 -78.742 1543.005
v -3879.513 -78.192 1549.830
f 5301 5302 5303
f 5303 5304 5301
v -3835.410 -74.075 1448.724
v -3840.114 -74.506 1442.253
v -3854.229 -75.502 1452.515
v -3849.525 -75.115 1458.986
f 5305 5306 5307
f 5307 5308 5305
v -3853.584 -75.465 1459.368
v -3850.171 -75.181 1452.133
v -3903.593 -77.987 1426.933
v -3907.006 -78.626 1434.169
f 5309 5310 5311
f 5311 5312 5309
v -3116.250 -98.072 609.608
v -3108.625 -98.862 607.186
v -3111.675 -98.684 597.584
v -3119.300 -97.808 600.006
f 5313 5314 5315
f 5315 5316 5313
v -3118.655 -97.879 601.237
v -3112.319 -98.634 596.353
v -3134.505 -95.779 567.572
v -3140.841 -94.957 572.456
f 5317 5318 5319
f 5319 5320 5317
v -3141.483 -94.868 571.233
v -3133.864 -95.870 568.795
v -3136.691 -95.459 559.959
v -3144.311 -94.469 562.397
f 5321 5322 5323
f 5323 5324 5321
v -3144.497 -94.442 561.361
v -3136.505 -95.487 560.995
v -3136.884 -95.369 552.714
v -3144.875 -94.357 553.079
f 5325 5326 5327
f 5327 5328 5325
v -3144.700 -94.371 551.712
v -3137.059 -95.363 554.081
v -3134.610 -95.566 546.182
v -3142.251 -94.614 543.813
f 5329 5330 5331
f 5331 5332 5329
v -3141.119 -94.734 542.037
v -3135.741 -95.451 547.959
v -3125.589 -96.512 538.740
v -3130.967 -95.787 532.817
f 5333 5334 5335
f 5335 5336 5333
v -3131.264 -95.758 533.116
v -3125.293 -96.540 538.441
v -3117.578 -97.206 529.789
v -3123.549 -96.408 524.465
f 5337 5338 5339
f 5339 5340 5337
v -3124.463 -96.370 526.236
v -3116.664 -97.249 528.018
v -3115.161 -97.114 521.440
v -3122.960 -96.302 519.658
f 5341 5342 5343
f 5343 5344 5341
v -3123.012 -96.350 521.170
v -3115.109 -97.053 519.928
v -3121.878 -94.739 476.856
v -3129.781 -94.416 478.098
f 5345 5346 5347
f 5347 5348 5345
v -3129.032 -94.510 479.873
v -3122.626 -94.630 475.081
v -3125.443 -94.366 471.316
v -3131.848 -94.260 476.109
f 5349 5350 5351
f 5351 5352 5349
v -3128.645 -94.457 477.713
v -3128.645 -94.190 469.713
v -3133.543 -94.014 469.713
v -3133.543 -94.227 477.713
f 5353 5354 5355
f 5355 5356 5353
v -3132.913 -94.256 477.663
v -3134.174 -93.992 469.763
v -3142.445 -93.713 471.084
v -3141.184 -93.889 478.984
f 5357 5358 5359
f 5359 5360 5357
v -3215.724 -88.705 498.118
v -3219.033 -89.032 490.834
v -3245.516 -86.462 502.867
v -3242.206 -86.019 510.151
f 5361 5362 5363
f 5363 5364 5361
v -3273.243 -90.876 719.494
v -3278.733 -90.085 713.675
v -3341.695 -89.549 773.072
v -3336.205 -90.347 778.891
f 5365 5366 5367
f 5367 5368 5365
v -3335.820 -90.382 778.472
v -3342.080 -89.514 773.491
v -3353.724 -88.402 788.125
v -3347.464 -89.288 793.106
f 5369 5370 5371
f 5371 5372 5369
v -3347.286 -89.305 792.865
v -3353.902 -88.384 788.367
v -3390.036 -83.522 841.516
v -3383.421 -84.446 846.013
f 5373 5374 5375
f 5375 5376 5373
v -3226.833 -89.752 688.155
v -3220.636 -89.642 683.095
v -3225.835 -88.831 676.729
v -3232.031 -88.910 681.789
f 5377 5378 5379
f 5379 5380 5377
v -3232.925 -88.603 678.996
v -3224.942 -89.104 679.521
v -3224.708 -88.840 675.968
v -3232.691 -88.322 675.443
f 5381 5382 5383
f 5383 5384 5381
v -3231.586 -88.184 672.937
v -3225.812 -88.967 678.475
v -3214.792 -88.817 666.984
v -3220.566 -88.031 661.446
f 5385 5386 5387
f 5387 5388 5385
v -3218.226 -88.111 660.252
v -3217.131 -88.745 668.177
v -3213.691 -88.939 667.702
v -3214.787 -88.325 659.777
f 5389 5390 5391
f 5391 5392 5389
v -3212.732 -88.490 660.034
v -3215.746 -88.785 667.445
v -3207.887 -89.506 670.641
v -3204.873 -89.248 663.230
f 5393 5394 5395
f 5395 5396 5393
v -3212.934 -89.028 668.296
v -3206.950 -89.751 673.606
v -3203.388 -89.730 669.590
v -3209.372 -89.004 664.281
f 5397 5398 5399
f 5399 5400 5397
v -3203.816 -89.359 663.865
v -3208.944 -89.399 670.006
v -3203.945 -89.970 674.180
v -3198.818 -89.947 668.039
f 5401 5402 5403
f 5403 5404 5401
v -3197.936 -90.071 669.077
v -3204.827 -89.853 673.142
v -3201.086 -90.456 679.482
v -3194.196 -90.673 675.417
f 5405 5406 5407
f 5407 5408 5405
v -3193.823 -90.741 676.259
v -3201.460 -90.380 678.640
v -3196.618 -91.611 694.173
v -3188.980 -91.826 691.792
f 5409 5410 5411
f 5411 5412 5409
v -3189.077 -91.808 691.517
v -3196.521 -91.631 694.448
v -3190.420 -92.696 709.941
v -3182.977 -92.745 707.010
f 5413 5414 5415
f 5415 5416 5413
v -3219.887 -89.114 675.785
v -3214.024 -89.855 681.227
v -3207.010 -89.751 673.672
v -3212.874 -89.028 668.230
f 5417 5418 5419
f 5419 5420 5417
v -3209.125 -89.004 664.026
v -3203.635 -89.729 669.845
v -3198.637 -89.799 665.130
v -3204.126 -89.064 659.311
f 5421 5422 5423
f 5423 5424 5421
v -3203.102 -89.096 658.609
v -3199.661 -89.757 665.831
v -3190.265 -90.298 661.354
v -3193.707 -89.647 654.132
f 5425 5426 5427
f 5427 5428 5425
v -3513.719 -86.207 1021.822
v -3520.270 -86.049 1026.413
v -3510.942 -86.836 1039.726
v -3504.390 -86.996 1035.135
f 5429 5430 5431
f 5431 5432 5429
v -3503.898 -87.045 1036.088
v -3511.434 -86.787 1038.773
v -3507.482 -87.032 1049.867
v -3499.946 -87.403 1047.183
f 5433 5434 5435
f 5435 5436 5433
v -3499.749 -87.401 1047.999
v -3507.679 -87.034 1049.051
v -3505.609 -86.919 1064.662
v -3497.678 -87.284 1063.611
f 5437 5438 5439
f 5439 5440 5437
v -3497.969 -87.285 1062.556
v -3505.318 -86.917 1065.717
v -3497.793 -86.662 1083.217
v -3490.444 -87.152 1080.056
f 5441 5442 5443
f 5443 5444 5441
v -3730.759 -75.298 1171.057
v -3735.951 -74.632 1164.971
v -3750.289 -75.833 1177.201
v -3745.097 -76.479 1183.288
f 5445 5446 5447
f 5447 5448 5445
v -3745.603 -76.512 1183.655
v -3749.784 -75.799 1176.834
v -3771.825 -76.902 1190.345
v -3767.644 -77.562 1197.166
f 5449 5450 5451
f 5451 5452 5449
v -3767.259 -77.546 1196.898
v -3772.210 -76.922 1190.614
v -3798.982 -77.650 1211.706
v -3794.031 -78.222 1217.990
f 5453 5454 5455
f 5455 5456 5453
v -3793.756 -78.220 1217.752
v -3799.257 -77.652 1211.944
v -3826.853 -77.112 1238.082
v -3821.352 -77.644 1243.890
f 5457 5458 5459
f 5459 5460 5457
v -3820.824 -77.672 1243.277
v -3827.382 -77.084 1238.695
v -3829.809 -76.960 1242.168
v -3823.251 -77.557 1246.750
f 5461 5462 5463
f 5463 5464 5461
v -3822.535 -77.569 1244.660
v -3830.525 -76.938 1244.259
v -3830.747 -76.989 1248.697
v -3822.757 -77.646 1249.097
f 5465 5466 5467
f 5467 5468 5465
v -3823.676 -77.514 1246.340
v -3829.828 -77.108 1251.454
v -3823.338 -77.776 1259.260
v -3817.187 -78.192 1254.145
f 5469 5470 5471
f 5471 5472 5469
v -3713.814 -73.876 1155.335
v -3719.256 -73.237 1149.471
v -3736.076 -74.643 1165.082
v -3730.634 -75.287 1170.946
f 5473 5474 5475
f 5475 5476 5473
v -3730.391 -74.712 1165.328
v -3736.319 -75.229 1170.700
v -3727.547 -76.264 1180.381
v -3721.619 -75.743 1175.010
f 5477 5478 5479
f 5479 5480 5477
v -3710.466 -74.931 1166.008
v -3704.303 -74.502 1160.907
v -3713.453 -73.351 1149.852
v -3719.616 -73.772 1154.953
f 5481 5482 5483
f 5483 5484 5481
v -3719.589 -73.776 1154.986
v -3713.481 -73.348 1149.820
v -3722.598 -72.153 1139.042
v -3728.706 -72.575 1144.209
f 5485 5486 5487
f 5487 5488 5485
v -3726.972 -72.722 1145.402
v -3724.332 -72.004 1137.850
v -3733.816 -71.507 1134.534
v -3736.456 -72.234 1142.086
f 5489 5490 5491
f 5491 5492 5489
v -3736.657 -72.223 1142.010
v -3733.615 -71.517 1134.611
v -3746.885 -71.124 1129.156
v -3749.926 -71.797 1136.555
f 5493 5494 5495
f 5495 5496 5493
v -3751.683 -71.680 1135.149
v -3745.128 -71.218 1130.563
v -3755.080 -70.199 1116.338
v -3761.635 -70.677 1120.924
f 5497 5498 5499
f 5499 5500 5497
v -3762.255 -70.578 1119.529
v -3754.460 -70.301 1117.733
v -3756.586 -69.596 1108.501
v -3764.382 -69.896 1110.297
f 5501 5502 5503
f 5503 5504 5501
v -3764.483 -69.822 1109.313
v -3756.485 -69.673 1109.485
v -3756.251 -68.976 1098.575
v -3764.249 -69.153 1098.404
f 5505 5506 5507
f 5507 5508 5505
v -3764.024 -69.087 1097.163
v -3756.476 -69.045 1099.816
v -3751.979 -68.279 1087.017
v -3759.526 -68.340 1084.365
f 5509 5510 5511
f 5511 5512 5509
v -3222.834 -91.397 458.985
v -3221.741 -90.798 466.910
v -3182.768 -92.475 461.535
v -3183.861 -92.765 453.610
f 5513 5514 5515
f 5515 5516 5513
v -3254.923 -91.093 251.218
v -3250.076 -91.870 257.582
v -3222.903 -90.805 236.884
v -3227.750 -90.069 230.520
f 5517 5518 5519
f 5519 5520 5517
v -3229.086 -90.179 232.335
v -3221.567 -90.699 235.068
v -3220.064 -90.413 230.934
v -3227.583 -89.869 228.201
f 5521 5522 5523
f 5523 5524 5521
v -3227.819 -89.965 229.385
v -3219.828 -90.325 229.750
v -3219.638 -89.992 225.602
v -3227.630 -89.603 225.238
f 5525 5526 5527
f 5527 5528 5525
v -3226.755 -89.879 227.923
v -3220.514 -89.730 222.918
v -3227.293 -88.703 214.464
v -3233.534 -88.810 219.469
f 5529 5530 5531
f 5531 5532 5529
v -3276.451 -93.811 411.353
v -3274.790 -93.213 419.179
v -3229.906 -95.072 409.655
v -3231.567 -95.572 401.830
f 5533 5534 5535
f 5535 5536 5533
v -3332.044 -89.904 407.989
v -3331.185 -90.342 400.035
v -3338.888 -89.505 399.203
v -3339.747 -89.128 407.157
f 5537 5538 5539
f 5539 5540 5537
v -3342.710 -88.896 405.299
v -3335.925 -89.778 401.061
v -3339.688 -89.539 395.038
v -3346.473 -88.650 399.276
f 5541 5542 5543
f 5543 5544 5541
v -3346.996 -88.625 397.973
v -3339.164 -89.560 396.341
v -3350.263 -88.950 343.111
v -3358.094 -87.924 344.743
f 5545 5546 5547
f 5547 5548 5545
v -3357.070 -88.051 346.691
v -3351.288 -88.788 341.163
v -3355.607 -88.167 336.645
v -3361.389 -87.475 342.174
f 5549 5550 5551
f 5551 5552 5549
v -3359.981 -87.670 343.125
v -3357.015 -87.974 335.695
v -3365.486 -86.841 332.313
v -3368.452 -86.475 339.743
f 5553 5554 5555
f 5555 5556 5553
v -3366.431 -86.771 339.992
v -3367.507 -86.551 332.065
v -3375.778 -85.378 333.187
v -3374.702 -85.572 341.115
f 5557 5558 5559
f 5559 5560 5557
v -3372.412 -85.900 339.979
v -3378.069 -85.055 334.323
v -3383.524 -84.281 339.778
v -3377.866 -85.118 345.435
f 5561 5562 5563
f 5563 5564 5561
v -3380.241 -84.769 346.580
v -3381.149 -84.624 338.632
v -3387.739 -83.667 339.385
v -3386.831 -83.802 347.333
f 5565 5566 5567
f 5567 5568 5565
v -3387.572 -83.693 347.349
v -3386.998 -83.775 339.369
v -3394.891 -82.629 338.801
v -3395.465 -82.534 346.781
f 5569 5570 5571
f 5571 5572 5569
v -3393.893 -82.764 346.579
v -3396.462 -82.400 339.003
v -3408.696 -80.630 343.150
v -3406.127 -80.985 350.727
f 5573 5574 5575
f 5575 5576 5573
v -3406.112 -80.987 350.722
v -3408.711 -80.628 343.156
v -3432.779 -77.562 351.424
v -3430.179 -77.953 358.990
f 5577 5578 5579
f 5579 5580 5577
v -3366.808 -84.057 209.677
v -3374.745 -84.009 210.678
v -3366.040 -85.955 279.719
v -3358.103 -86.677 278.718
f 5581 5582 5583
f 5583 5584 5581
v -3445.432 -84.669 508.835
v -3443.730 -85.140 516.652
v -3314.756 -85.209 488.571
v -3316.457 -85.799 480.754
f 5585 5586 5587
f 5587 5588 5585
v -4663.418 -101.525 437.659
v -4659.211 -100.857 444.464
v -4632.995 -102.022 428.257
v -4637.202 -102.677 421.453
f 5589 5590 5591
f 5591 5592 5589
v -4636.604 -102.680 421.149
v -4633.594 -102.018 428.561
v -4624.031 -101.996 424.678
v -4627.041 -102.621 417.266
f 5593 5594 5595
f 5595 5596 5593
v -4627.399 -102.623 417.432
v -4623.673 -101.996 424.511
v -4612.330 -101.992 418.541
v -4616.056 -102.582 411.462
f 5597 5598 5599
f 5599 5600 5597
v -4617.956 -102.517 413.646
v -4610.430 -102.054 416.358
v -4609.083 -102.226 412.620
v -4616.609 -102.705 409.908
f 5601 5602 5603
f 5603 5604 5601
v -4616.797 -102.585 411.887
v -4608.895 -102.337 410.641
v -4610.542 -102.935 400.193
v -4618.445 -103.256 401.439
f 5605 5606 5607
f 5607 5608 5605
v -4618.116 -103.336 399.119
v -4610.871 -102.862 402.513
v -4607.443 -102.973 395.195
v -4614.687 -103.463 391.801
f 5609 5610 5611
f 5611 5612 5609
v -4612.846 -103.444 389.917
v -4609.283 -102.993 397.080
v -4605.699 -102.884 395.297
v -4609.262 -103.327 388.134
f 5613 5614 5615
f 5615 5616 5613
v -4608.608 -103.303 387.877
v -4606.353 -102.907 395.553
v -4578.879 -100.777 387.483
v -4581.134 -101.139 379.807
f 5617 5618 5619
f 5619 5620 5617
v -4580.369 -101.068 379.661
v -4579.644 -100.844 387.628
v -4574.712 -100.401 387.179
v -4575.438 -100.600 379.212
f 5621 5622 5623
f 5623 5624 5621
v -4577.905 -100.818 380.368
v -4572.246 -100.192 386.023
v -4569.118 -99.943 382.893
v -4574.777 -100.568 377.238
f 5625 5626 5627
f 5627 5628 5625
v -4575.715 -100.635 378.722
v -4568.179 -99.872 381.408
v -4562.803 -99.434 366.324
v -4570.338 -100.206 363.638
f 5629 5630 5631
f 5631 5632 5629
v -4568.806 -100.057 361.664
v -4564.335 -99.586 368.298
v -4559.259 -99.025 364.877
v -4563.730 -99.547 358.243
f 5633 5634 5635
f 5635 5636 5633
v -4562.101 -99.369 357.607
v -4560.888 -99.214 365.514
v -4531.622 -95.798 361.023
v -4532.835 -95.915 353.116
f 5637 5638 5639
f 5639 5640 5637
v -4683.291 -103.369 415.331
v -4689.477 -102.824 420.404
v -4683.866 -102.371 427.246
v -4677.680 -102.813 422.173
f 5641 5642 5643
f 5643 5644 5641
v -4677.774 -102.822 422.063
v -4683.773 -102.362 427.356
v -4677.060 -101.747 434.964
v -4671.061 -102.207 429.671
f 5645 5646 5647
f 5647 5648 5645
v -4672.083 -102.273 428.841
v -4676.038 -101.670 435.795
v -4668.813 -101.281 439.903
v -4664.859 -101.954 432.948
f 5649 5650 5651
f 5651 5652 5649
v -4664.264 -101.922 433.362
v -4669.408 -101.321 439.489
v -4663.887 -100.874 444.125
v -4658.742 -101.506 437.998
f 5653 5654 5655
f 5655 5656 5653
v -4658.404 -101.475 438.318
v -4664.225 -100.905 443.806
v -4652.470 -99.699 456.274
v -4646.649 -100.270 450.786
f 5657 5658 5659
f 5659 5660 5657
v -4647.377 -100.328 450.178
v -4651.741 -99.641 456.883
v -4645.107 -99.232 461.202
v -4640.742 -99.850 454.497
f 5661 5662 5663
f 5663 5664 5661
v -4642.340 -99.927 453.893
v -4643.509 -99.163 461.807
v -4633.413 -98.968 463.299
v -4632.243 -99.673 455.385
f 5665 5666 5667
f 5667 5668 5665
v -4676.394 -105.920 369.766
v -4684.328 -105.892 370.790
v -4683.093 -105.533 380.366
v -4675.158 -105.602 379.342
f 5669 5670 5671
f 5671 5672 5669
v -4675.150 -105.599 379.415
v -4683.101 -105.536 380.293
v -4681.599 -104.827 393.898
v -4673.647 -104.891 393.020
f 5673 5674 5675
f 5675 5676 5673
v -4674.618 -104.727 396.099
v -4680.628 -104.990 390.819
v -4685.838 -104.667 396.749
v -4679.827 -104.405 402.029
f 5677 5678 5679
f 5679 5680 5677
v -4678.983 -104.488 400.475
v -4686.682 -104.584 398.303
v -4689.287 -103.891 407.536
v -4681.588 -103.844 409.708
f 5681 5682 5683
f 5683 5684 5681
v -4681.458 -103.901 409.029
v -4689.417 -103.829 408.215
v -4690.363 -103.028 417.461
v -4682.404 -103.125 418.275
f 5685 5686 5687
f 5687 5688 5685
v -4683.100 -102.966 420.151
v -4689.668 -103.212 415.584
v -4695.601 -102.278 424.117
v -4689.033 -102.160 428.684
f 5689 5690 5691
f 5691 5692 5689
v -4688.898 -102.182 428.477
v -4695.736 -102.257 424.324
v -4715.796 -98.959 457.358
v -4708.958 -98.721 461.511
f 5693 5694 5695
f 5695 5696 5693
v -4797.486 -97.691 522.288
v -4794.982 -97.475 514.690
v -4811.212 -97.957 509.341
v -4813.716 -98.257 516.938
f 5697 5698 5699
f 5699 5700 5697
v -4813.397 -98.251 517.029
v -4811.531 -97.960 509.250
v -4842.868 -98.067 501.734
v -4844.733 -98.577 509.514
f 5701 5702 5703
f 5703 5704 5701
v -4844.225 -98.573 509.601
v -4843.376 -98.068 501.647
v -4861.588 -97.881 499.705
v -4862.436 -98.459 507.660
f 5705 5706 5707
f 5707 5708 5705
v -4653.096 -91.146 592.613
v -4646.223 -91.299 596.708
v -4640.290 -91.359 586.749
v -4647.162 -91.119 582.654
f 5709 5710 5711
f 5711 5712 5709
v -4645.511 -91.153 581.122
v -4641.941 -91.281 588.281
v -4637.677 -91.514 586.155
v -4641.248 -91.420 578.996
f 5713 5714 5715
f 5715 5716 5713
v -4641.038 -91.433 578.899
v -4637.886 -91.501 586.252
v -4627.934 -92.113 581.985
v -4631.086 -92.038 574.633
f 5717 5718 5719
f 5719 5720 5717
v -4632.649 -91.937 575.829
v -4626.372 -92.216 580.789
v -4621.874 -92.535 575.096
v -4628.152 -92.258 570.137
f 5721 5722 5723
f 5723 5724 5721
v -4628.344 -92.244 570.401
v -4621.682 -92.549 574.831
v -4593.953 -95.247 533.133
v -4600.614 -94.963 528.703
f 5725 5726 5727
f 5727 5728 5725
v -4599.243 -95.092 527.431
v -4595.324 -95.118 534.405
v -4589.401 -95.602 531.076
v -4593.321 -95.597 524.102
f 5729 5730 5731
f 5731 5732 5729
v -4591.495 -95.726 523.592
v -4591.228 -95.470 531.587
v -4584.114 -95.935 531.349
v -4584.382 -96.148 523.354
f 5733 5734 5735
f 5735 5736 5733
v -4583.390 -96.202 523.445
v -4585.106 -95.874 531.259
v -4577.525 -96.331 532.923
v -4575.809 -96.595 525.109
f 5737 5738 5739
f 5739 5740 5737
v -4576.048 -96.582 525.064
v -4577.287 -96.346 532.968
v -4574.170 -96.542 533.456
v -4572.931 -96.756 525.553
f 5741 5742 5743
f 5743 5744 5741
v -4654.894 -91.389 602.241
v -4661.947 -91.242 598.466
v -4676.407 -92.154 625.476
v -4669.354 -92.440 629.252
f 5745 5746 5747
f 5747 5748 5745
v -4637.281 -101.205 727.224
v -4632.561 -100.535 720.765
v -4680.550 -97.090 685.698
v -4685.270 -97.735 692.157
f 5749 5750 5751
f 5751 5752 5749
v -4685.360 -97.727 692.090
v -4680.461 -97.098 685.765
v -4685.237 -96.694 682.066
v -4690.135 -97.331 688.391
f 5753 5754 5755
f 5755 5756 5753
v -4648.822 -103.102 746.530
v -4644.641 -102.569 739.710
v -4695.436 -99.276 708.565
v -4699.618 -99.816 715.385
f 5757 5758 5759
f 5759 5760 5757
v -4701.337 -99.586 713.191
v -4693.716 -99.513 710.759
v -4695.608 -98.911 704.829
v -4703.230 -99.025 707.261
f 5761 5762 5763
f 5763 5764 5761
v -4702.886 -98.736 704.049
v -4695.953 -99.217 708.041
v -4692.401 -98.663 701.872
v -4699.335 -98.204 697.881
f 5765 5766 5767
f 5767 5768 5765
v -4703.053 -105.046 803.455
v -4696.275 -105.480 807.705
v -4674.668 -104.952 773.246
v -4681.446 -104.723 768.996
f 5769 5770 5771
f 5771 5772 5769
v -4681.481 -104.727 769.054
v -4674.632 -104.950 773.188
v -4668.087 -104.249 762.344
v -4674.936 -103.917 758.210
f 5773 5774 5775
f 5775 5776 5773
v -4669.301 -103.835 756.943
v -4673.721 -104.331 763.611
v -4663.658 -104.853 770.281
v -4659.238 -104.366 763.613
f 5777 5778 5779
f 5779 5780 5777
v -4846.964 -100.556 1478.964
v -4854.752 -100.861 1480.796
v -4851.423 -101.299 1494.941
v -4843.636 -100.824 1493.109
f 5781 5782 5783
f 5783 5784 5781
v -4844.640 -100.821 1491.259
v -4850.419 -101.306 1496.791
v -4845.209 -101.136 1502.233
v -4839.431 -100.701 1496.700
f 5785 5786 5787
f 5787 5788 5785
v -4841.697 -100.791 1495.515
v -4842.943 -101.008 1503.417
v -4808.345 -98.994 1508.872
v -4807.099 -98.892 1500.970
f 5789 5790 5791
f 5791 5792 5789
v -4804.895 -98.712 1502.091
v -4810.549 -99.173 1507.751
v -4806.040 -98.806 1512.254
v -4800.386 -98.344 1506.595
f 5793 5794 5795
f 5795 5796 5793
v -4799.351 -98.260 1508.386
v -4807.076 -98.890 1510.463
v -4805.417 -98.755 1516.631
v -4797.692 -98.125 1514.553
f 5797 5798 5799
f 5799 5800 5797
v -4797.724 -98.127 1516.744
v -4805.385 -98.752 1514.440
v -4807.523 -98.927 1521.545
v -4799.862 -98.302 1523.850
f 5801 5802 5803
f 5803 5804 5801
v -4800.814 -98.380 1525.476
v -4806.570 -98.849 1519.920
v -4845.910 -100.261 1560.677
v -4840.154 -99.743 1566.233
f 5805 5806 5807
f 5807 5808 5805
v -4839.145 -99.798 1564.396
v -4846.920 -100.218 1562.514
v -4848.813 -99.835 1570.332
v -4841.037 -99.463 1572.214
f 5809 5810 5811
f 5811 5812 5809
v -4841.005 -99.553 1570.478
v -4848.845 -99.733 1572.068
v -4841.732 -97.394 1607.146
v -4833.891 -97.485 1605.556
f 5813 5814 5815
f 5815 5816 5813
v -4835.159 -97.623 1603.358
v -4840.464 -97.245 1609.345
v -4834.308 -96.926 1614.800
v -4829.003 -97.296 1608.812
f 5817 5818 5819
f 5819 5820 5817
v -4830.391 -97.339 1608.011
v -4832.920 -96.890 1615.601
v -4822.255 -96.813 1619.154
v -4819.727 -97.184 1611.564
f 5821 5822 5823
f 5823 5824 5821
v -4177.039 -91.150 402.753
v -4171.723 -90.348 408.732
v -4132.616 -88.128 373.954
v -4137.932 -88.843 367.976
f 5825 5826 5827
f 5827 5828 5825
v -4137.594 -88.802 367.706
v -4132.954 -88.168 374.223
v -4127.277 -87.485 370.182
v -4131.917 -88.116 363.664
f 5829 5830 5831
f 5831 5832 5829
v -4258.157 -92.059 424.185
v -4265.354 -92.296 420.691
v -4281.740 -90.683 454.452
v -4274.543 -90.305 457.945
f 5833 5834 5835
f 5835 5836 5833
v -4275.532 -90.261 459.230
v -4280.751 -90.722 453.167
v -4288.209 -90.638 459.586
v -4282.991 -90.192 465.649
f 5837 5838 5839
f 5839 5840 5837
v -4285.268 -90.239 466.604
v -4285.932 -90.607 458.632
v -4298.622 -90.962 459.688
v -4297.959 -90.726 467.661
f 5841 5842 5843
f 5843 5844 5841
v -4300.064 -90.824 467.260
v -4296.517 -90.884 460.089
v -4310.109 -91.392 453.366
v -4313.656 -91.429 460.537
f 5845 5846 5847
f 5847 5848 5845
v -4315.817 -91.507 457.675
v -4307.949 -91.302 456.228
v -4309.540 -91.445 447.576
v -4317.408 -91.558 449.024
f 5849 5850 5851
f 5851 5852 5849
v -4316.901 -91.556 446.236
v -4310.048 -91.423 450.363
v -4284.500 -92.618 407.938
v -4291.353 -92.519 403.811
f 5853 5854 5855
f 5855 5856 5853
v -4283.159 -93.212 311.314
v -4291.069 -92.873 312.505
v -4279.425 -93.306 389.854
v -4271.515 -93.629 388.663
f 5857 5858 5859
f 5859 5860 5857
v -4427.003 -88.991 392.106
v -4433.115 -89.335 397.268
v -4422.607 -90.001 409.710
v -4416.495 -89.501 404.548
f 5861 5862 5863
f 5863 5864 5861
v -4416.628 -89.495 404.399
v -4422.474 -90.011 409.860
v -4401.212 -91.449 432.618
v -4395.366 -90.967 427.157
f 5865 5866 5867
f 5867 5868 5865
v -4676.678 -105.064 389.572
v -4678.567 -104.653 397.346
v -4670.742 -104.572 399.248
v -4668.852 -104.982 391.474
f 5869 5870 5871
f 5871 5872 5869
v -4667.485 -104.953 392.096
v -4672.109 -104.601 398.625
v -4666.420 -104.404 402.654
v -4661.797 -104.756 396.125
f 5873 5874 5875
f 5875 5876 5873
v -4660.386 -104.665 397.926
v -4667.831 -104.495 400.852
v -4664.759 -103.973 408.671
v -4657.313 -104.235 405.746
f 5877 5878 5879
f 5879 5880 5877
v -4657.038 -104.105 407.318
v -4665.035 -104.103 407.099
v -4665.502 -102.683 424.164
v -4657.505 -102.688 424.383
f 5881 5882 5883
f 5883 5884 5881
v -4657.619 -102.618 425.228
v -4665.388 -102.753 423.319
v -4666.969 -102.213 429.752
v -4659.200 -102.079 431.661
f 5885 5886 5887
f 5887 5888 5885
v -4659.740 -101.974 432.900
v -4666.429 -102.318 428.512
v -4670.181 -101.830 434.232
v -4663.491 -101.428 438.619
f 5889 5890 5891
f 5891 5892 5889
v -4679.584 -105.775 375.880
v -4678.667 -105.360 383.828
v -4656.581 -105.539 381.278
v -4657.498 -105.912 373.331
f 5893 5894 5895
f 5895 5896 5893
v -4657.338 -105.912 373.316
v -4656.742 -105.538 381.294
v -4643.829 -105.519 380.329
v -4644.425 -105.885 372.352
f 5897 5898 5899
f 5899 5900 5897
v -4643.851 -105.852 372.350
v -4644.403 -105.551 380.331
v -4628.362 -104.619 381.441
v -4627.810 -104.918 373.460
f 5901 5902 5903
f 5903 5904 5901
v -4626.748 -104.855 373.680
v -4629.423 -104.687 381.220
v -4621.419 -104.130 384.060
v -4618.744 -104.298 376.520
f 5905 5906 5907
f 5907 5908 5905
v -4616.778 -104.126 378.035
v -4623.385 -104.300 382.545
v -4614.368 -103.291 395.754
v -4607.761 -103.135 391.243
f 5909 5910 5911
f 5911 5912 5909
v -5043.871 0.050 948.446
v -5042.343 0.050 956.299
v -5024.755 0.050 952.878
v -5026.282 0.050 945.025
f 5913 5914 5915
f 5915 5916 5913
v -5026.821 0.050 945.170
v -5024.215 0.050 952.734
v -4989.139 0.050 940.649
v -4991.745 0.050 933.085
f 5917 5918 5919
f 5919 5920 5917
v -4991.409 0.050 932.985
v -4989.474 0.050 940.748
v -4979.990 0.050 938.384
v -4981.925 0.050 930.621
f 5921 5922 5923
f 5923 5924 5921
v -4980.611 0.050 930.517
v -4981.303 0.050 938.487
v -4973.244 -91.378 939.188
v -4972.552 -90.931 931.218
f 5925 5926 5927
f 5927 5928 5925
v -4972.008 -90.956 931.303
v -4973.787 -91.349 939.102
v -4963.368 -91.980 941.480
v -4961.588 -91.514 933.680
f 5929 5930 5931
f 5931 5932 5929
v -4962.934 -91.455 933.606
v -4962.023 -92.048 941.554
v -4953.729 -92.366 940.603
v -4954.641 -91.711 932.655
f 5933 5934 5935
f 5935 5936 5933
v -4956.038 -91.689 933.084
v -4952.331 -92.396 940.174
v -4947.355 -92.406 937.572
v -4951.062 -91.675 930.482
f 5937 5938 5939
f 5939 5940 5937
v -4947.926 -95.554 978.346
v -4941.296 -96.441 982.823
v -4935.463 -96.192 974.185
v -4942.093 -95.332 969.708
f 5941 5942 5943
f 5943 5944 5941
v -4942.542 -95.369 970.591
v -4935.015 -96.150 973.302
v -4929.805 -95.142 958.840
v -4937.332 -94.542 956.128
f 5945 5946 5947
f 5947 5948 5945
v -4937.114 -94.514 955.632
v -4930.023 -95.175 959.336
v -4927.173 -94.819 953.881
v -4934.264 -94.184 950.177
f 5949 5950 5951
f 5951 5952 5949
v -4931.497 -94.095 948.106
v -4929.940 -94.885 955.953
v -4924.018 -95.028 954.777
v -4925.575 -94.215 946.930
f 5953 5954 5955
f 5955 5956 5953
v -4924.691 -94.242 946.855
v -4924.902 -94.998 954.852
v -4897.885 -96.182 955.566
v -4897.674 -95.383 947.568
f 5957 5958 5959
f 5959 5960 5957
v -4932.065 -86.036 379.993
v -4924.185 -86.256 381.379
v -4922.516 -85.904 371.882
v -4930.395 -85.743 370.497
f 5961 5962 5963
f 5963 5964 5961
v -4929.807 -85.736 369.007
v -4923.103 -85.911 373.372
v -4919.552 -85.910 367.916
v -4926.256 -85.736 363.552
f 5965 5966 5967
f 5967 5968 5965
v -4925.191 -85.742 362.453
v -4920.617 -85.904 369.016
v -4912.791 -85.979 363.561
v -4917.366 -85.817 356.998
f 5969 5970 5971
f 5971 5972 5969
v -4915.902 -85.835 356.365
v -4914.255 -85.961 364.193
v -4900.752 -86.169 361.354
v -4902.399 -86.041 353.525
f 5973 5974 5975
f 5975 5976 5973
v -4902.310 -86.042 353.507
v -4900.840 -86.168 361.371
v -4889.463 -86.550 359.245
v -4890.933 -86.346 351.381
f 5977 5978 5979
f 5979 5980 5977
v -4893.121 -86.206 352.581
v -4887.276 -86.690 358.044
v -4877.079 -87.281 347.134
v -4882.924 -86.887 341.671
f 5981 5982 5983
f 5983 5984 5981
v -4883.838 -86.776 343.271
v -4876.165 -87.327 345.535
v -4871.902 -87.959 331.084
v -4879.575 -87.489 328.821
f 5985 5986 5987
f 5987 5988 5985
v -4879.539 -87.495 328.705
v -4871.937 -87.954 331.200
v -4866.728 -88.734 315.323
v -4874.329 -88.312 312.829
f 5989 5990 5991
f 5991 5992 5989
v -4874.505 -88.234 314.506
v -4866.551 -88.790 313.646
v -4868.678 -89.823 293.966
v -4876.631 -89.290 294.825
f 5993 5994 5995
f 5995 5996 5993
v -4711.630 -97.533 2090.244
v -4709.049 -96.883 2082.672
v -4722.185 -96.554 2078.195
v -4724.766 -97.134 2085.767
f 5997 5998 5999
f 5999 6000 5997
v -4725.679 -97.099 2085.319
v -4721.272 -96.582 2078.642
v -4736.200 -96.121 2068.790
v -4740.606 -96.552 2075.467
f 6001 6002 6003
f 6003 6004 6001
v -4741.998 -96.489 2073.884
v -4734.809 -96.185 2070.374
v -4741.076 -95.643 2057.537
v -4748.265 -96.025 2061.047
f 6005 6006 6007
f 6007 6008 6005
v -4748.378 -95.889 2057.792
v -4740.962 -95.805 2060.792
v -4735.886 -94.950 2048.246
v -4743.302 -95.163 2045.246
f 6009 6010 6011
f 6011 6012 6009
v -4743.110 -95.140 2044.837
v -4736.079 -94.978 2048.655
v -4717.277 -92.709 2014.027
v -4724.308 -92.897 2010.210
f 6013 6014 6015
f 6015 6016 6013
v -4724.612 -92.924 2010.929
v -4716.973 -92.681 2013.307
v -4713.856 -92.330 2003.297
v -4721.495 -92.587 2000.918
f 6017 6018 6019
f 6019 6020 6017
v -4721.631 -92.606 2001.512
v -4713.720 -92.311 2002.703
v -4708.265 -91.968 1966.451
v -4716.176 -92.309 1965.260
f 6021 6022 6023
f 6023 6024 6021
v -4715.770 -92.306 1964.011
v -4708.671 -91.971 1967.700
v -4696.114 -92.262 1943.531
v -4703.214 -92.689 1939.843
f 6025 6026 6027
f 6027 6028 6025
v -4791.187 -96.890 2100.215
v -4783.381 -97.085 2101.966
v -4778.694 -97.038 2081.074
v -4786.500 -97.063 2079.323
f 6029 6030 6031
f 6031 6032 6029
v -4786.585 -97.062 2079.887
v -4778.609 -97.033 2080.509
v -4777.117 -96.846 2061.399
v -4785.093 -97.068 2060.777
f 6033 6034 6035
f 6035 6036 6033
v -4784.644 -97.056 2059.223
v -4777.567 -96.872 2062.953
v -4771.589 -96.532 2051.608
v -4778.666 -96.790 2047.879
f 6037 6038 6039
f 6039 6040 6037
v -4779.060 -96.814 2049.015
v -4771.194 -96.497 2050.473
v -4768.812 -96.205 2037.623
v -4776.678 -96.618 2036.165
f 6041 6042 6043
f 6043 6044 6041
v -4776.729 -96.623 2036.529
v -4768.762 -96.198 2037.259
v -4764.576 -95.444 1991.577
v -4772.543 -96.065 1990.847
f 6045 6046 6047
f 6047 6048 6045
v -4784.255 -97.066 2113.279
v -4777.510 -97.313 2108.977
v -4783.911 -97.068 2098.940
v -4790.656 -96.877 2103.242
f 6049 6050 6051
f 6051 6052 6049
v -4790.655 -96.877 2103.243
v -4783.912 -97.068 2098.939
v -4793.252 -97.036 2084.306
v -4799.995 -96.928 2088.610
f 6053 6054 6055
f 6055 6056 6053
v -4799.568 -96.920 2089.165
v -4793.679 -97.042 2083.750
v -4803.831 -97.313 2072.710
v -4809.720 -97.220 2078.125
f 6057 6058 6059
f 6059 6060 6057
v -4806.952 -97.164 2079.413
v -4806.599 -97.387 2071.421
v -4813.467 -97.468 2071.117
v -4813.821 -97.178 2079.110
f 6061 6062 6063
f 6063 6064 6061
v -4812.801 -97.187 2079.024
v -4814.487 -97.468 2071.203
v -4833.901 -97.288 2075.390
v -4832.215 -96.831 2083.210
f 6065 6066 6067
f 6067 6068 6065
v -4833.217 -96.815 2083.297
v -4832.899 -97.294 2075.303
v -4847.827 -97.318 2074.709
v -4848.145 -96.715 2082.703
f 6069 6070 6071
f 6071 6072 6069
v -4849.898 -96.738 2082.219
v -4846.074 -97.286 2075.192
v -4859.811 -97.715 2067.717
v -4863.635 -97.085 2074.744
f 6073 6074 6075
f 6075 6076 6073
v -4685.356 -97.448 2088.290
v -4686.053 -96.621 2080.320
v -4710.688 -96.868 2082.473
v -4709.991 -97.557 2090.443
f 6077 6078 6079
f 6079 6080 6077
v -4709.112 -97.546 2090.265
v -4711.567 -96.884 2082.651
v -4729.178 -97.314 2088.330
v -4726.723 -97.890 2095.944
f 6081 6082 6083
f 6083 6084 6081
v -4726.805 -97.891 2095.969
v -4729.096 -97.313 2088.304
v -4755.078 -97.527 2096.070
v -4752.787 -97.883 2103.735
f 6085 6086 6087
f 6087 6088 6085
v -4752.394 -97.886 2103.595
v -4755.470 -97.527 2096.210
v -4782.421 -97.127 2107.435
v -4779.345 -97.286 2114.820
f 6089 6090 6091
f 6091 6092 6089
v -4779.344 -97.286 2114.820
v -4782.421 -97.127 2107.435
v -4837.881 -93.631 2130.547
v -4834.803 -93.374 2137.931
f 6093 6094 6095
f 6095 6096 6093
v -4907.534 -95.527 2351.692
v -4907.016 -96.288 2359.675
v -4885.643 -96.884 2358.288
v -4886.160 -96.121 2350.305
f 6097 6098 6099
f 6099 6100 6097
v -4882.521 -96.388 2352.158
v -4889.282 -96.646 2356.435
v -4885.697 -97.228 2362.101
v -4878.937 -96.967 2357.823
f 6101 6102 6103
f 6103 6104 6101
v -4878.348 -97.121 2359.466
v -4886.286 -97.069 2360.457
v -4877.637 -101.468 2429.737
v -4869.698 -101.400 2428.746
f 6105 6106 6107
f 6107 6108 6105
v -4923.174 -85.941 2237.140
v -4931.050 -85.851 2238.546
v -4916.712 -91.875 2318.867
v -4908.836 -91.997 2317.461
f 6109 6110 6111
f 6111 6112 6109
v -4908.816 -92.010 2317.584
v -4916.732 -91.863 2318.744
v -4911.233 -95.801 2356.263
v -4903.317 -96.026 2355.103
f 6113 6114 6115
f 6115 6116 6113
v -4903.317 -96.026 2355.101
v -4911.232 -95.801 2356.265
v -4908.672 -97.488 2373.684
v -4900.757 -97.743 2372.520
f 6117 6118 6119
f 6119 6120 6117
v -4967.060 -94.112 2517.549
v -4974.950 -93.412 2518.873
v -4973.447 -93.094 2527.827
v -4965.558 -93.740 2526.503
f 6121 6122 6123
f 6123 6124 6121
v -4980.604 0.050 2471.402
v -4988.279 0.050 2473.660
v -4974.843 -93.398 2519.340
v -4967.168 -94.128 2517.082
f 6125 6126 6127
f 6127 6128 6125
v -4996.649 0.050 2394.624
v -4995.612 0.050 2402.556
v -4984.702 0.050 2401.130
v -4985.739 0.050 2393.198
f 6129 6130 6131
f 6131 6132 6129
v -4983.341 0.050 2393.633
v -4987.100 0.050 2400.695
v -4983.082 0.050 2402.834
v -4979.322 0.050 2395.772
f 6133 6134 6135
f 6135 6136 6133
v -4977.269 0.050 2398.574
v -4985.135 0.050 2400.033
v -4976.831 0.050 2444.815
v -4968.965 -95.909 2443.356
f 6137 6138 6139
f 6139 6140 6137
v -4969.267 -95.874 2445.763
v -4976.529 0.050 2442.407
v -4979.379 0.050 2448.575
v -4972.116 -95.506 2451.930
f 6141 6142 6143
f 6143 6144 6141
v -4974.855 -95.188 2454.152
v -4976.640 0.050 2446.353
v -4990.087 0.050 2449.430
v -4988.303 0.050 2457.229
f 6145 6146 6147
f 6147 6148 6145
v -5026.612 0.050 2285.310
v -5020.105 0.050 2280.655
v -5040.009 0.050 2252.830
v -5046.516 0.050 2257.484
f 6149 6150 6151
f 6151 6152 6149
v -5047.262 0.050 2255.251
v -5039.264 0.050 2255.062
v -5039.553 0.050 2242.820
v -5047.551 0.050 2243.009
f 6153 6154 6155
f 6155 6156 6153
v -5046.929 0.050 2240.771
v -5040.175 0.050 2245.059
v -5030.323 0.050 2229.541
v -5037.077 0.050 2225.253
f 6157 6158 6159
f 6159 6160 6157
v -5035.489 0.050 2223.819
v -5031.912 0.050 2230.975
v -5012.208 0.050 2221.123
v -5015.786 0.050 2213.968
f 6161 6162 6163
f 6163 6164 6161
v -5014.270 0.050 2213.555
v -5013.724 0.050 2221.536
v -4991.927 0.050 2220.044
v -4992.474 0.050 2212.062
f 6165 6166 6167
f 6167 6168 6165
v -4991.674 0.050 2212.088
v -4992.727 0.050 2220.018
v -4974.815 -86.709 2222.395
v -4973.763 -86.673 2214.465
f 6169 6170 6171
f 6171 6172 6169
v -4972.143 -86.624 2215.054
v -4976.435 0.050 2221.806
v -4964.012 -86.384 2229.703
v -4959.720 -86.249 2222.952
f 6173 6174 6175
f 6175 6176 6173
v -4959.723 -86.250 2222.950
v -4964.009 -86.384 2229.705
v -4951.898 -86.221 2237.391
v -4947.611 -85.886 2230.636
f 6177 6178 6179
f 6179 6180 6177
v -4865.094 -88.210 2203.149
v -4872.645 -87.676 2205.793
v -4814.436 -97.934 2372.034
v -4806.885 -97.680 2369.390
f 6181 6182 6183
f 6183 6184 6181
v -4957.362 -87.019 2258.699
v -4965.235 -87.213 2260.120
v -4961.205 -88.270 2282.439
v -4953.332 -88.156 2281.017
f 6185 6186 6187
f 6187 6188 6185
v -4953.332 -88.156 2281.018
v -4961.205 -88.270 2282.438
v -4954.637 -90.750 2318.874
v -4946.764 -90.848 2317.455
f 6189 6190 6191
f 6191 6192 6189
v -3386.119 -84.117 2219.137
v -3387.628 -83.896 2226.994
v -3375.249 -85.706 2229.371
v -3373.740 -85.927 2221.514
f 6193 6194 6195
f 6195 6196 6193
v -3375.407 -85.684 2221.548
v -3373.582 -85.949 2229.337
v -3355.893 -88.403 2225.190
v -3357.719 -88.165 2217.401
f 6197 6198 6199
f 6199 6200 6197
v -3358.204 -88.101 2217.548
v -3355.408 -88.467 2225.043
v -3289.395 -95.697 2200.414
v -3292.192 -95.158 2192.918
f 6201 6202 6203
f 6203 6204 6201
v -3292.883 -95.110 2193.255
v -3288.704 -95.745 2200.077
v -3284.307 -96.026 2197.383
v -3288.486 -95.387 2190.561
f 6205 6206 6207
f 6207 6208 6205
v -3103.275 -93.456 1835.603
v -3108.999 -93.778 1841.192
v -3059.907 -98.975 1891.470
v -3054.183 -98.620 1885.881
f 6209 6210 6211
f 6211 6212 6209
v -3218.014 -92.146 2320.756
v -3224.557 -92.319 2316.153
v -3234.431 -90.773 2330.192
v -3227.888 -90.620 2334.794
f 6213 6214 6215
f 6215 6216 6213
v -3227.301 -90.754 2333.546
v -3235.019 -90.633 2331.440
v -3238.603 -89.215 2344.580
v -3230.885 -89.417 2346.686
f 6217 6218 6219
f 6219 6220 6217
v -3230.828 -89.441 2346.449
v -3238.660 -89.189 2344.818
v -3241.643 -87.690 2359.147
v -3233.811 -88.036 2360.777
f 6221 6222 6223
f 6223 6224 6221
v -3564.895 -81.124 1920.776
v -3572.643 -80.634 1922.767
v -3568.380 -81.621 1939.355
v -3560.632 -82.190 1937.363
f 6225 6226 6227
f 6227 6228 6225
v -3560.573 -82.260 1939.089
v -3568.439 -81.557 1937.629
v -3572.223 -81.863 1958.020
v -3564.358 -82.617 1959.480
f 6229 6230 6231
f 6231 6232 6229
v -3564.461 -82.611 1959.905
v -3572.120 -81.872 1957.596
v -3582.551 -80.760 1992.197
v -3574.891 -81.662 1994.506
f 6233 6234 6235
f 6235 6236 6233
v -3574.816 -81.676 1994.219
v -3582.626 -80.747 1992.484
v -3595.895 -78.198 2052.204
v -3588.086 -78.782 2053.939
f 6237 6238 6239
f 6239 6240 6237
v -3588.494 -78.710 2055.015
v -3595.487 -78.262 2051.129
v -3623.929 -76.235 2102.318
v -3616.936 -76.326 2106.203
f 6241 6242 6243
f 6243 6244 6241
v -3618.113 -76.314 2107.519
v -3622.752 -76.245 2101.001
v -3650.716 -76.644 2120.904
v -3646.077 -76.828 2127.421
f 6245 6246 6247
f 6247 6248 6245
v -3646.659 -76.851 2127.766
v -3650.134 -76.624 2120.560
v -3676.672 -77.725 2133.357
v -3673.197 -78.108 2140.563
f 6249 6250 6251
f 6251 6252 6249
v -3674.760 -78.172 2140.956
v -3675.109 -77.667 2132.963
v -3696.916 -78.171 2133.914
v -3696.568 -78.821 2141.907
f 6253 6254 6255
f 6255 6256 6253
v -3698.800 -78.799 2141.340
v -3694.684 -78.197 2134.480
v -3716.013 -77.120 2121.683
v -3720.129 -77.774 2128.543
f 6257 6258 6259
f 6259 6260 6257
v -3720.022 -77.780 2128.605
v -3716.120 -77.115 2121.622
v -3752.610 -74.992 2101.231
v -3756.513 -75.672 2108.214
f 6261 6262 6263
f 6263 6264 6261
v -3758.562 -75.320 2104.723
v -3750.562 -75.349 2104.723
v -3750.562 -74.056 2091.925
v -3758.562 -74.070 2091.925
f 6265 6266 6267
f 6267 6268 6265
v -3757.554 -73.807 2089.271
v -3751.569 -74.325 2094.580
v -3747.785 -73.887 2090.315
v -3753.769 -73.372 2085.005
f 6269 6270 6271
f 6271 6272 6269
v -3648.463 -72.954 1485.611
v -3655.610 -72.118 1489.206
v -3619.743 -76.216 1560.511
v -3612.596 -76.981 1556.916
f 6273 6274 6275
f 6275 6276 6273
v -3612.397 -77.001 1557.382
v -3619.941 -76.195 1560.045
v -3600.026 -77.145 1616.453
v -3592.482 -77.580 1613.789
f 6277 6278 6279
f 6279 6280 6277
v -3592.314 -77.567 1614.433
v -3600.194 -77.152 1615.809
v -3591.667 -75.826 1664.622
v -3583.787 -75.758 1663.246
f 6281 6282 6283
f 6283 6284 6281
v -3583.754 -75.747 1663.474
v -3591.700 -75.834 1664.394
v -3577.485 -73.766 1787.153
v -3569.538 -73.324 1786.232
f 6285 6286 6287
f 6287 6288 6285
v -3569.518 -73.331 1786.457
v -3577.505 -73.761 1786.928
v -3576.080 -74.505 1811.096
v -3568.094 -74.246 1810.626
f 6289 6290 6291
f 6291 6292 6289
v -3568.089 -74.266 1811.004
v -3576.084 -74.487 1810.718
v -3577.509 -76.492 1850.536
v -3569.514 -76.576 1850.823
f 6293 6294 6295
f 6295 6296 6293
v -3569.515 -76.578 1850.845
v -3577.508 -76.491 1850.514
v -3578.922 -78.276 1884.640
v -3570.929 -78.694 1884.971
f 6297 6298 6299
f 6299 6300 6297
v -3570.980 -78.640 1884.149
v -3578.871 -78.322 1885.463
v -3572.715 -80.610 1922.429
v -3564.824 -81.148 1921.114
f 6301 6302 6303
f 6303 6304 6301
v -3856.706 -75.875 1531.648
v -3863.902 -76.670 1535.143
v -3805.559 -76.202 1655.261
v -3798.363 -76.119 1651.766
f 6305 6306 6307
f 6307 6308 6305
v -3798.863 -76.059 1650.984
v -3805.060 -76.253 1656.044
v -3786.102 -78.295 1679.262
v -3779.905 -78.159 1674.202
f 6309 6310 6311
f 6311 6312 6309
v -3779.517 -78.218 1674.770
v -3786.490 -78.238 1678.693
v -3773.688 -80.089 1701.449
v -3766.716 -80.034 1697.526
f 6313 6314 6315
f 6315 6316 6313
v -3766.567 -80.055 1697.819
v -3773.837 -80.068 1701.156
v -3760.568 -81.597 1730.066
v -3753.297 -81.730 1726.729
f 6317 6318 6319
f 6319 6320 6317
v -3753.451 -81.717 1726.427
v -3760.414 -81.609 1730.367
v -3746.198 -82.261 1755.487
v -3739.236 -82.538 1751.547
f 6321 6322 6323
f 6323 6324 6321
v -3740.766 -82.512 1750.025
v -3744.668 -82.287 1757.009
v -3728.549 -82.253 1766.016
v -3724.647 -82.280 1759.032
f 6325 6326 6327
f 6327 6328 6325
v -3724.142 -82.265 1759.366
v -3729.054 -82.268 1765.681
v -3648.002 -77.162 1828.718
v -3643.091 -77.193 1822.403
f 6329 6330 6331
f 6331 6332 6329
v -3642.717 -77.170 1822.733
v -3648.376 -77.184 1828.388
v -3631.321 -76.407 1845.451
v -3625.663 -76.414 1839.796
f 6333 6334 6335
f 6335 6336 6333
v -3624.989 -76.396 1840.692
v -3631.995 -76.428 1844.554
v -3606.392 -77.011 1891.003
v -3599.386 -77.319 1887.141
f 6337 6338 6339
f 6339 6340 6337
v -3599.731 -77.287 1886.616
v -3606.046 -77.040 1891.527
v -3592.777 -78.338 1908.590
v -3586.462 -78.659 1903.679
f 6341 6342 6343
f 6343 6344 6341
v -3587.220 -78.578 1902.935
v -3592.019 -78.419 1909.335
v -3571.169 -80.882 1924.972
v -3566.369 -80.893 1918.571
f 6345 6346 6347
f 6347 6348 6345
v -4344.661 -92.956 2554.487
v -4341.488 -92.557 2561.831
v -4318.567 -91.589 2551.927
v -4321.740 -91.801 2544.583
f 6349 6350 6351
f 6351 6352 6349
v -4322.287 -91.836 2544.871
v -4318.021 -91.558 2551.639
v -4309.850 -91.030 2546.488
v -4314.116 -91.270 2539.721
f 6353 6354 6355
f 6355 6356 6353
v -4313.720 -91.239 2539.501
v -4310.246 -91.058 2546.708
v -4305.370 -90.701 2544.357
v -4308.844 -90.847 2537.151
f 6357 6358 6359
f 6359 6360 6357
v -4307.345 -90.725 2536.761
v -4306.869 -90.809 2544.747
v -4301.548 -90.443 2544.430
v -4302.024 -90.302 2536.444
f 6361 6362 6363
f 6363 6364 6361
v -4302.012 -90.301 2536.443
v -4301.559 -90.443 2544.430
v -4224.036 -85.221 2540.033
v -4224.490 -84.517 2532.046
f 6365 6366 6367
f 6367 6368 6365
v -4224.401 -84.512 2532.042
v -4224.125 -85.226 2540.037
v -4169.389 -82.851 2538.148
v -4169.665 -82.203 2530.153
f 6369 6370 6371
f 6371 6372 6369
v -4169.777 -82.206 2530.159
v -4169.277 -82.848 2538.143
v -4157.900 -82.474 2537.430
v -4158.401 -81.888 2529.445
f 6373 6374 6375
f 6375 6376 6373
v -4159.171 -81.915 2529.570
v -4157.129 -82.442 2537.305
v -4148.124 -82.047 2534.928
v -4150.165 -81.545 2527.193
f 6377 6378 6379
f 6379 6380 6377
v -4150.179 -81.545 2527.197
v -4148.110 -82.047 2534.924
v -4138.392 -81.832 2532.323
v -4140.461 -81.389 2524.595
f 6381 6382 6383
f 6383 6384 6381
v -4139.581 -81.384 2524.462
v -4139.272 -81.844 2532.456
v -4114.626 -81.700 2531.505
v -4114.934 -81.431 2523.511
f 6385 6386 6387
f 6387 6388 6385
v -4113.716 -81.441 2523.652
v -4115.845 -81.699 2531.364
v -4106.371 -81.752 2533.979
v -4104.243 -81.586 2526.267
f 6389 6390 6391
f 6391 6392 6389
v -4102.204 -81.638 2527.599
v -4108.410 -81.709 2532.647
v -4105.048 -81.828 2536.780
v -4098.842 -81.742 2531.732
f 6393 6394 6395
f 6395 6396 6393
v -4718.649 -99.902 2120.794
v -4725.251 -100.052 2125.312
v -4710.546 -102.095 2146.799
v -4703.944 -102.078 2142.281
f 6397 6398 6399
f 6399 6400 6397
v -4707.145 -101.836 2140.541
v -4707.345 -102.343 2148.539
v -4697.861 -102.773 2148.777
v -4697.660 -102.227 2140.779
f 6401 6402 6403
f 6403 6404 6401
v -4699.416 -102.182 2141.136
v -4696.105 -102.825 2148.419
v -4677.860 -102.633 2140.126
v -4681.170 -101.923 2132.843
f 6405 6406 6407
f 6407 6408 6405
v -4607.723 -103.385 2181.202
v -4605.791 -103.499 2188.966
v -4556.699 -98.664 2176.750
v -4558.631 -98.830 2168.986
f 6409 6410 6411
f 6411 6412 6409
v -4604.499 -102.940 2258.802
v -4605.118 -102.619 2266.778
v -4595.934 -101.869 2267.491
v -4595.315 -102.124 2259.515
f 6413 6414 6415
f 6415 6416 6413
v -4593.562 -101.957 2260.077
v -4597.688 -102.037 2266.930
v -4591.766 -101.411 2270.496
v -4587.639 -101.334 2263.642
f 6417 6418 6419
f 6419 6420 6417
v -4586.400 -101.188 2264.812
v -4593.005 -101.556 2269.326
v -4586.370 -100.693 2279.033
v -4579.766 -100.357 2274.518
f 6421 6422 6423
f 6423 6424 6421
v -4581.030 -100.486 2273.334
v -4585.106 -100.565 2280.218
v -4578.705 -100.019 2284.008
v -4574.629 -99.914 2277.124
f 6425 6426 6427
f 6427 6428 6425
v -4576.906 -100.092 2276.573
v -4576.428 -99.856 2284.559
v -4540.873 -97.272 2282.433
v -4541.350 -97.229 2274.447
f 6429 6430 6431
f 6431 6432 6429
v -4544.296 -97.496 2276.019
v -4537.927 -97.019 2280.860
v -4534.142 -96.627 2275.882
v -4540.511 -97.118 2271.040
f 6433 6434 6435
f 6435 6436 6433
v -4541.315 -97.212 2273.154
v -4533.339 -96.519 2273.768
v -4532.626 -96.279 2264.524
v -4540.603 -97.049 2263.909
f 6437 6438 6439
f 6439 6440 6437
v -4540.594 -97.055 2264.621
v -4532.635 -96.267 2263.812
v -4533.815 -96.249 2252.204
v -4541.774 -97.095 2253.013
f 6441 6442 6443
f 6443 6444 6441
v -4553.681 -98.236 2599.885
v -4548.713 -97.911 2606.155
v -4530.045 -97.000 2591.364
v -4535.013 -97.393 2585.094
f 6445 6446 6447
f 6447 6448 6445
v -4534.751 -97.386 2584.904
v -4530.306 -97.008 2591.555
v -4525.386 -96.872 2588.267
v -4529.831 -97.275 2581.615
f 6449 6450 6451
f 6451 6452 6449
v -4529.104 -97.260 2581.231
v -4526.113 -96.893 2588.651
v -4517.597 -96.649 2585.217
v -4520.588 -97.086 2577.798
f 6453 6454 6455
f 6455 6456 6453
v -4520.310 -97.081 2577.697
v -4517.875 -96.657 2585.318
v -4506.676 -96.384 2581.739
v -4509.112 -96.891 2574.118
f 6457 6458 6459
f 6459 6460 6457
v -4563.964 -99.200 2622.983
v -4560.516 -98.973 2630.202
v -4529.525 -96.356 2615.398
v -4532.973 -96.780 2608.179
f 6461 6462 6463
f 6463 6464 6461
v -4271.404 -85.889 1093.878
v -4270.162 -86.026 1101.781
v -4223.776 -81.644 1094.490
v -4225.018 -81.309 1086.587
f 6465 6466 6467
f 6467 6468 6465
v -4224.770 -81.293 1086.556
v -4224.023 -81.660 1094.521
v -4158.779 -79.325 1088.406
v -4159.525 -78.971 1080.441
f 6469 6470 6471
f 6471 6472 6469
v -4159.420 -78.970 1080.432
v -4158.884 -79.326 1088.414
v -4127.837 -79.937 1086.328
v -4128.373 -79.686 1078.346
f 6473 6474 6475
f 6475 6476 6473
v -4129.924 -79.638 1078.774
v -4126.286 -79.979 1085.899
v -4118.371 -80.159 1081.857
v -4122.009 -79.844 1074.733
f 6477 6478 6479
f 6479 6480 6477
v -4122.617 -79.828 1075.115
v -4117.764 -80.173 1081.475
v -4098.205 -81.004 1066.550
v -4103.058 -80.681 1060.190
f 6481 6482 6483
f 6483 6484 6481
v -4102.074 -80.742 1059.640
v -4099.189 -80.945 1067.101
v -4090.684 -81.470 1063.812
v -4093.569 -81.277 1056.351
f 6485 6486 6487
f 6487 6488 6485
v -4092.955 -81.316 1056.168
v -4091.298 -81.432 1063.995
v -4060.986 -83.299 1057.576
v -4062.643 -83.242 1049.750
f 6489 6490 6491
f 6491 6492 6489
v -4259.832 -92.496 883.366
v -4259.137 -92.070 891.335
v -4142.686 -87.640 881.192
v -4143.380 -88.138 873.222
f 6493 6494 6495
f 6495 6496 6493
v -4143.509 -88.151 873.235
v -4142.557 -87.629 881.178
v -4081.498 -81.418 873.861
v -4082.450 -81.506 865.918
f 6497 6498 6499
f 6499 6500 6497
v -4248.210 -94.804 823.253
v -4246.936 -94.833 831.151
v -4173.744 -92.517 819.343
v -4175.018 -92.619 811.445
f 6501 6502 6503
f 6503 6504 6501
v -4174.965 -92.614 811.437
v -4173.797 -92.522 819.351
v -4137.373 -88.883 813.975
v -4138.541 -89.027 806.061
f 6505 6506 6507
f 6507 6508 6505
v -4138.191 -88.983 806.025
v -4137.723 -88.928 814.011
v -4097.114 -83.555 811.634
v -4097.581 -83.621 803.648
f 6509 6510 6511
f 6511 6512 6509
v -4227.182 -92.647 754.375
v -4227.288 -93.235 762.375
v -4182.493 -91.466 762.969
v -4182.387 -90.863 754.970
f 6513 6514 6515
f 6515 6516 6513
v -4182.933 -90.904 755.000
v -4181.948 -91.423 762.939
v -4127.757 -86.379 756.216
v -4128.742 -86.144 748.277
f 6517 6518 6519
f 6519 6520 6517
v -4128.906 -86.160 748.301
v -4127.594 -86.362 756.192
v -4091.938 -82.546 750.262
v -4093.251 -82.616 742.370
f 6521 6522 6523
f 6523 6524 6521
v -4221.644 -86.704 691.227
v -4221.672 -87.503 699.227
v -4180.373 -85.742 699.373
v -4180.345 -84.945 691.373
f 6525 6526 6527
f 6527 6528 6525
v -4180.737 -84.962 691.391
v -4179.981 -85.723 699.355
v -4098.161 -82.189 691.588
v -4098.917 -82.054 683.624
f 6529 6530 6531
f 6531 6532 6529
v -4180.278 -79.626 626.036
v -4179.950 -80.118 634.029
v -4107.136 -80.856 631.044
v -4107.463 -80.683 623.050
f 6533 6534 6535
f 6535 6536 6533
v -4177.323 -85.476 697.978
v -4183.394 -85.202 692.767
v -4214.140 -90.048 728.588
v -4208.070 -90.325 733.798
f 6537 6538 6539
f 6539 6540 6537
v -4207.665 -90.255 733.234
v -4214.545 -90.117 729.152
v -4230.675 -92.906 756.334
v -4223.795 -92.978 760.416
f 6541 6542 6543
f 6543 6544 6541
v -4223.443 -92.910 759.649
v -4231.027 -92.974 757.102
v -4244.463 -94.757 797.109
v -4236.880 -95.029 799.656
f 6545 6546 6547
f 6547 6548 6545
v -4236.781 -95.018 799.314
v -4244.561 -94.767 797.450
v -4251.463 -94.727 826.270
v -4243.683 -94.918 828.133
f 6549 6550 6551
f 6551 6552 6549
v -4243.683 -94.918 828.132
v -4251.464 -94.727 826.271
v -4257.998 -93.911 853.585
v -4250.218 -93.979 855.446
f 6553 6554 6555
f 6555 6556 6553
v -4250.160 -93.989 855.162
v -4258.055 -93.902 853.869
v -4263.432 -92.331 886.704
v -4255.537 -92.234 887.997
f 6557 6558 6559
f 6559 6560 6557
v -4255.488 -92.279 887.183
v -4263.481 -92.290 887.518
v -4260.787 -87.873 951.721
v -4252.794 -87.426 951.386
f 6561 6562 6563
f 6563 6564 6561
v -4252.806 -87.385 951.906
v -4260.775 -87.910 951.201
v -4262.489 -86.781 970.590
v -4254.520 -86.137 971.295
f 6565 6566 6567
f 6567 6568 6565
v -4254.520 -86.137 971.294
v -4262.489 -86.781 970.591
v -4267.944 -84.846 1032.417
v -4259.975 -83.976 1033.120
f 6569 6570 6571
f 6571 6572 6569
v -4259.981 -83.976 1033.185
v -4267.938 -84.846 1032.351
v -4274.762 -86.350 1097.412
v -4266.805 -85.590 1098.246
f 6573 6574 6575
f 6575 6576 6573
v -4266.805 -85.590 1098.246
v -4274.762 -86.350 1097.412
v -4277.489 -87.723 1123.418
v -4269.533 -87.081 1124.252
f 6577 6578 6579
f 6579 6580 6577
v -4269.511 -87.059 1123.868
v -4277.511 -87.742 1123.802
v -4277.811 -89.618 1160.228
v -4269.811 -89.238 1160.294
f 6581 6582 6583
f 6583 6584 6581
v -4269.874 -89.194 1159.556
v -4277.749 -89.654 1160.967
v -4260.728 -94.247 1255.916
v -4252.853 -94.355 1254.504
f 6585 6586 6587
f 6587 6588 6585
v -4252.840 -94.410 1255.835
v -4260.741 -94.196 1254.585
v -4263.435 -94.372 1271.609
v -4255.534 -94.572 1272.860
f 6589 6590 6591
f 6591 6592 6589
v -4256.518 -94.570 1274.917
v -4262.451 -94.375 1269.552
v -4270.811 -94.262 1278.797
v -4264.878 -94.458 1284.163
f 6593 6594 6595
f 6595 6596 6593
v -4267.460 -94.405 1285.461
v -4268.229 -94.313 1277.498
v -4296.560 -92.862 1280.232
v -4295.791 -92.932 1288.195
f 6597 6598 6599
f 6599 6600 6597
v -4295.791 -92.932 1288.195
v -4296.559 -92.862 1280.232
v -4317.788 -91.602 1282.279
v -4317.020 -91.651 1290.242
f 6601 6602 6603
f 6603 6604 6601
v -4315.707 -91.735 1289.883
v -4319.101 -91.517 1282.639
v -4333.139 -90.613 1289.216
v -4329.744 -90.862 1296.460
f 6605 6606 6607
f 6607 6608 6605
v -4327.557 -90.988 1293.791
v -4335.326 -90.489 1291.885
v -4337.118 -90.426 1299.189
v -4329.349 -90.906 1301.095
f 6609 6610 6611
f 6611 6612 6609
v -4329.234 -90.909 1300.142
v -4337.234 -90.426 1300.142
v -4337.234 -90.547 1317.470
v -4329.234 -90.979 1317.470
f 6613 6614 6615
f 6615 6616 6613
v -4329.238 -90.978 1317.275
v -4337.229 -90.548 1317.665
v -4333.388 -92.091 1396.381
v -4325.398 -91.813 1395.991
f 6617 6618 6619
f 6619 6620 6617
v -4325.523 -91.809 1395.175
v -4333.263 -92.103 1397.197
v -4331.349 -92.168 1404.527
v -4323.608 -91.800 1402.505
f 6621 6622 6623
f 6623 6624 6621
v -4323.607 -91.800 1402.509
v -4331.350 -92.168 1404.523
v -4325.472 -92.116 1427.120
v -4317.730 -91.533 1425.106
f 6625 6626 6627
f 6627 6628 6625
v -4458.117 -95.823 928.909
v -4454.366 -96.422 935.975
v -4444.514 -95.636 930.745
v -4448.266 -95.014 923.679
f 6629 6630 6631
f 6631 6632 6629
v -4446.554 -94.915 923.215
v -4446.226 -95.730 931.208
v -4435.628 -95.390 930.773
v -4435.957 -94.555 922.779
f 6633 6634 6635
f 6635 6636 6633
v -4433.862 -94.549 923.272
v -4437.722 -95.400 930.280
v -4430.408 -95.601 934.308
v -4426.549 -94.761 927.301
f 6637 6638 6639
f 6639 6640 6637
v -4425.019 -94.870 928.796
v -4431.938 -95.493 932.813
v -4423.878 -96.662 946.694
v -4416.960 -96.019 942.677
f 6641 6642 6643
f 6643 6644 6641
v -4416.949 -96.020 942.696
v -4423.889 -96.660 946.676
v -4417.466 -97.500 957.876
v -4410.526 -96.887 953.896
f 6645 6646 6647
f 6647 6648 6645
v -4411.883 -96.812 952.489
v -4416.108 -97.573 959.283
v -4410.587 -97.660 962.717
v -4406.362 -96.907 955.923
f 6649 6650 6651
f 6651 6652 6649
v -4406.549 -96.904 955.814
v -4410.400 -97.662 962.826
v -4393.713 -97.643 971.992
v -4389.862 -96.828 964.980
f 6653 6654 6655
f 6655 6656 6653
v -4373.992 -88.499 805.793
v -4367.104 -88.765 801.723
v -4384.570 -89.032 772.163
v -4391.458 -88.703 776.233
f 6657 6658 6659
f 6659 6660 6657
v -4391.826 -88.722 775.410
v -4384.202 -89.015 772.986
v -4386.150 -89.254 766.858
v -4393.774 -88.915 769.281
f 6661 6662 6663
f 6663 6664 6661
v -4393.773 -89.076 766.854
v -4386.151 -89.107 769.285
v -4383.914 -89.578 762.272
v -4391.535 -89.583 759.841
f 6665 6666 6667
f 6667 6668 6665
v -4390.789 -89.684 758.485
v -4384.660 -89.482 763.627
v -4344.196 -92.012 715.405
v -4350.324 -92.332 710.263
f 6669 6670 6671
f 6671 6672 6669
v -4350.427 -92.329 710.390
v -4344.093 -92.015 715.278
v -4329.466 -92.052 696.324
v -4335.799 -92.442 691.436
f 6673 6674 6675
f 6675 6676 6673
v -4336.245 -92.446 692.163
v -4329.020 -92.044 695.597
v -4318.868 -91.615 674.240
v -4326.093 -92.173 670.805
f 6677 6678 6679
f 6679 6680 6677
v -4326.465 -92.188 672.177
v -4318.495 -91.589 672.868
v -4316.102 -91.340 645.250
v -4324.072 -92.197 644.559
f 6681 6682 6683
f 6683 6684 6681
v -4766.653 -95.671 1073.759
v -4774.651 -96.280 1073.586
v -4775.698 -96.733 1121.807
v -4767.700 -96.449 1121.980
f 6685 6686 6687
f 6687 6688 6685
v -4767.813 -96.434 1120.944
v -4775.584 -96.740 1122.843
v -4774.616 -96.752 1126.805
v -4766.845 -96.478 1124.906
f 6689 6690 6691
f 6691 6692 6689
v -4767.868 -96.476 1123.062
v -4773.593 -96.744 1128.650
v -4770.821 -96.711 1131.489
v -4765.096 -96.444 1125.901
f 6693 6694 6695
f 6695 6696 6693
v -4766.691 -96.473 1124.902
v -4769.226 -96.689 1132.489
v -4744.447 -96.490 1140.770
v -4741.911 -96.055 1133.183
f 6697 6698 6699
f 6699 6700 6697
v -4741.563 -96.053 1133.317
v -4744.794 -96.489 1140.636
v -4733.306 -96.651 1145.707
v -4730.075 -96.113 1138.389
f 6701 6702 6703
f 6703 6704 6701
v -4730.518 -96.110 1138.224
v -4732.863 -96.658 1145.872
v -4723.601 -96.814 1148.712
v -4721.256 -96.222 1141.064
f 6705 6706 6707
f 6707 6708 6705
v -4726.209 -96.442 1143.580
v -4718.649 -96.607 1146.196
v -4703.053 -93.123 1101.132
v -4710.613 -93.238 1098.515
f 6709 6710 6711
f 6711 6712 6709
v -4793.322 -97.457 985.402
v -4800.214 -97.708 981.341
v -4809.365 -98.455 996.873
v -4802.472 -98.131 1000.934
f 6713 6714 6715
f 6715 6716 6713
v -4802.117 -98.097 1000.149
v -4809.720 -98.493 997.658
v -4811.178 -98.674 1002.109
v -4803.576 -98.261 1004.600
f 6717 6718 6719
f 6719 6720 6717
v -4803.384 -98.223 1003.115
v -4811.370 -98.718 1003.595
v -4810.768 -98.929 1013.593
v -4802.783 -98.350 1013.113
f 6721 6722 6723
f 6723 6724 6721
v -4802.941 -98.347 1012.216
v -4810.611 -98.927 1014.490
v -4804.944 -98.673 1033.601
v -4797.274 -98.052 1031.327
f 6725 6726 6727
f 6727 6728 6725
v -4797.452 -98.063 1030.845
v -4804.767 -98.662 1034.083
v -4798.489 -98.205 1048.268
v -4791.173 -97.604 1045.031
f 6729 6730 6731
f 6731 6732 6729
v -4791.694 -97.649 1044.168
v -4797.968 -98.160 1049.131
v -4780.959 -96.770 1070.633
v -4774.684 -96.268 1065.670
f 6733 6734 6735
f 6735 6736 6733
v -4775.381 -96.322 1064.982
v -4780.262 -96.716 1071.321
v -4773.093 -96.180 1076.842
v -4768.212 -95.775 1070.503
f 6737 6738 6739
f 6739 6740 6737
v -4769.054 -95.835 1070.006
v -4772.251 -96.121 1077.339
v -4751.345 -94.838 1086.452
v -4748.148 -94.448 1079.119
f 6741 6742 6743
f 6743 6744 6741
v -4748.271 -94.456 1079.068
v -4751.223 -94.831 1086.503
v -4708.309 -93.393 1103.541
v -4705.357 -92.960 1096.106
f 6745 6746 6747
f 6747 6748 6745
v -4705.356 -92.960 1096.106
v -4708.310 -93.393 1103.541
v -4677.185 -93.810 1115.903
v -4674.232 -93.203 1108.468
f 6749 6750 6751
f 6751 6752 6749
v -3287.115 -95.484 2190.037
v -3285.678 -95.926 2197.907
v -3257.759 -96.802 2192.809
v -3259.196 -96.441 2184.939
f 6753 6754 6755
f 6755 6756 6753
v -3259.400 -96.436 2184.982
v -3257.555 -96.807 2192.766
v -3234.267 -96.994 2187.246
v -3236.112 -96.739 2179.462
f 6757 6758 6759
f 6759 6760 6757
v -3236.184 -96.741 2179.479
v -3234.195 -96.992 2187.228
v -3205.686 -96.250 2179.912
v -3207.675 -96.069 2172.163
f 6761 6762 6763
f 6763 6764 6761
v -3207.465 -96.065 2172.115
v -3205.896 -96.255 2179.960
v -3156.626 -93.970 2170.108
v -3158.195 -94.004 2162.263
f 6765 6766 6767
f 6767 6768 6765
v -3158.646 -94.023 2162.381
v -3156.175 -93.946 2169.990
v -3122.134 -92.513 2158.936
v -3124.604 -92.826 2151.327
f 6769 6770 6771
f 6771 6772 6769
v -3124.780 -92.831 2151.389
v -3121.958 -92.508 2158.874
v -3076.428 -92.386 2141.706
v -3079.251 -93.008 2134.221
f 6773 6774 6775
f 6775 6776 6773
v -3263.455 -96.911 2229.208
v -3261.047 -96.746 2236.838
v -3233.841 -97.455 2228.254
v -3236.248 -97.518 2220.624
f 6777 6778 6779
f 6779 6780 6777
v -3236.130 -97.515 2220.589
v -3233.959 -97.458 2228.289
v -3206.942 -96.828 2220.669
v -3209.113 -96.883 2212.969
f 6781 6782 6783
f 6783 6784 6781
v -3209.061 -96.882 2212.955
v -3206.993 -96.829 2220.683
v -3154.139 -93.873 2206.539
v -3156.207 -94.011 2198.811
f 6785 6786 6787
f 6787 6788 6785
v -3155.879 -93.989 2198.738
v -3154.467 -93.895 2206.612
v -3128.184 -92.086 2201.897
v -3129.597 -92.265 2194.023
f 6789 6790 6791
f 6791 6792 6789
v -3129.849 -92.281 2194.077
v -3127.932 -92.069 2201.844
v -3103.642 -90.808 2195.848
v -3105.559 -91.080 2188.081
f 6793 6794 6795
f 6795 6796 6793
v -3105.777 -91.088 2188.142
v -3103.423 -90.800 2195.787
v -3077.130 -89.905 2187.692
v -3079.484 -90.266 2180.046
f 6797 6798 6799
f 6799 6800 6797
v -3079.961 -90.278 2180.227
v -3076.653 -89.891 2187.511
v -3058.563 -90.154 2179.297
v -3061.871 -90.429 2172.012
f 6801 6802 6803
f 6803 6804 6801
v -4761.389 -99.836 2222.803
v -4764.086 -99.544 2215.272
v -4800.454 -95.050 2228.293
v -4797.757 -95.426 2235.825
f 6805 6806 6807
f 6807 6808 6805
v -3859.709 -76.208 2461.549
v -3855.912 -75.774 2468.591
v -3835.830 -73.502 2457.762
v -3839.627 -73.916 2450.720
f 6809 6810 6811
f 6811 6812 6809
v -3839.791 -73.935 2450.813
v -3835.666 -73.483 2457.668
v -3828.731 -72.675 2453.495
v -3832.855 -73.121 2446.640
f 6813 6814 6815
f 6815 6816 6813
v -3833.940 -73.250 2447.598
v -3827.647 -72.546 2452.537
v -3818.908 -71.532 2441.405
v -3825.201 -72.294 2436.465
f 6817 6818 6819
f 6819 6820 6817
v -3825.602 -72.333 2437.087
v -3818.507 -71.506 2440.783
v -3815.824 -71.345 2435.632
v -3822.919 -72.082 2431.937
f 6821 6822 6823
f 6823 6824 6821
v -3822.816 -72.072 2431.751
v -3815.927 -71.351 2435.818
v -3811.741 -71.102 2428.726
v -3818.631 -71.709 2424.660
f 6825 6826 6827
f 6827 6828 6825
v -3817.761 -71.652 2423.632
v -3812.611 -71.158 2429.754
v -3806.489 -70.739 2424.603
v -3811.638 -71.236 2418.481
f 6829 6830 6831
f 6831 6832 6829
v -3811.755 -71.244 2418.583
v -3806.372 -70.731 2424.502
v -3695.153 -75.843 2323.355
v -3700.535 -76.349 2317.437
f 6833 6834 6835
f 6835 6836 6833
v -3700.869 -76.318 2317.778
v -3694.820 -75.876 2323.014
v -3686.682 -76.652 2313.611
v -3692.731 -77.122 2308.376
f 6837 6838 6839
f 6839 6840 6837
v -4648.313 -91.196 1976.568
v -4653.232 -91.079 1982.877
v -4624.712 -92.645 2005.117
v -4619.793 -92.760 1998.808
f 6841 6842 6843
f 6843 6844 6841
v -4619.085 -92.813 1999.519
v -4625.420 -92.591 2004.405
v -4610.792 -93.894 2023.370
v -4604.458 -93.973 2018.484
f 6845 6846 6847
f 6847 6848 6845
v -4604.769 -93.941 2018.126
v -4610.481 -93.926 2023.728
v -4597.880 -95.181 2036.578
v -4592.168 -95.339 2030.976
f 6849 6850 6851
f 6851 6852 6849
v -3075.091 -89.850 2243.085
v -3067.162 -89.884 2244.145
v -3064.245 -89.366 2222.328
v -3072.175 -89.386 2221.268
f 6853 6854 6855
f 6855 6856 6853
v -3072.033 -89.385 2220.622
v -3064.387 -89.366 2222.974
v -3058.943 -89.338 2205.277
v -3066.590 -89.357 2202.925
f 6857 6858 6859
f 6859 6860 6857
v -4604.857 -103.201 2180.070
v -4608.946 -103.219 2173.194
v -4659.530 -106.150 2203.278
v -4655.440 -106.152 2210.154
f 6861 6862 6863
f 6863 6864 6861
v -4654.914 -106.154 2209.781
v -4660.056 -106.149 2203.651
v -4668.872 -106.126 2211.047
v -4663.731 -106.131 2217.176
f 6865 6866 6867
f 6867 6868 6865
v -4663.001 -106.133 2216.371
v -4669.602 -106.124 2211.852
v -4675.424 -106.106 2220.357
v -4668.823 -106.115 2224.876
f 6869 6870 6871
f 6871 6872 6869
v -4668.125 -106.118 2222.725
v -4676.122 -106.103 2222.508
v -4676.412 -106.008 2233.179
v -4668.414 -106.014 2233.396
f 6873 6874 6875
f 6875 6876 6873
v -4668.661 -106.076 2231.900
v -4676.165 -105.946 2234.675
v -4672.213 -105.506 2245.359
v -4664.710 -105.637 2242.583
f 6877 6878 6879
f 6879 6880 6877
v -3886.629 -73.021 304.619
v -3884.072 -72.966 312.200
v -3867.942 -74.136 306.758
v -3870.499 -74.099 299.177
f 6881 6882 6883
f 6883 6884 6881
v -3870.501 -74.099 299.178
v -3867.940 -74.136 306.757
v -3849.138 -75.441 300.404
v -3851.699 -75.264 292.825
f 6885 6886 6887
f 6887 6888 6885
v -3853.646 -75.141 294.251
v -3847.191 -75.570 298.977
v -3841.369 -75.890 291.026
v -3847.824 -75.482 286.300
f 6889 6890 6891
f 6891 6892 6889
v -3847.822 -75.482 286.297
v -3841.371 -75.890 291.028
v -3835.705 -76.121 283.301
v -3842.156 -75.720 278.570
f 6893 6894 6895
f 6895 6896 6893
v -3842.762 -75.704 279.788
v -3835.099 -76.129 282.083
v -3829.421 -75.894 263.129
v -3837.085 -75.636 260.834
f 6897 6898 6899
f 6899 6900 6897
v -3875.970 -74.629 265.936
v -3883.956 -74.465 265.450
v -3884.646 -74.000 276.810
v -3876.660 -74.271 277.295
f 6901 6902 6903
f 6903 6904 6901
v -3876.706 -74.257 277.701
v -3884.600 -74.018 276.404
v -3888.107 -73.145 297.749
v -3880.213 -73.551 299.046
f 6905 6906 6907
f 6907 6908 6905
v -3880.188 -73.557 298.870
v -3888.132 -73.138 297.925
v -3889.323 -72.748 307.937
v -3881.379 -73.233 308.882
f 6909 6910 6911
f 6911 6912 6909
v -3883.737 -72.992 312.069
v -3886.965 -72.996 304.750
v -3907.270 -71.533 313.705
v -3904.041 -71.491 321.025
f 6913 6914 6915
f 6915 6916 6913
v -3903.196 -71.528 320.519
v -3908.115 -71.497 314.210
v -3930.512 -70.350 331.672
v -3925.594 -70.368 337.981
f 6917 6918 6919
f 6919 6920 6917
v -3924.958 -70.407 337.361
v -3931.147 -70.311 332.292
v -3984.592 -72.077 397.541
v -3978.403 -72.198 402.611
f 6921 6922 6923
f 6923 6924 6921
v -3978.103 -72.169 402.193
v -3984.891 -72.121 397.959
v -4005.330 -75.818 430.729
v -3998.542 -75.762 434.963
f 6925 6926 6927
f 6927 6928 6925
v -3998.542 -75.762 434.964
v -4005.329 -75.818 430.728
v -4025.500 -79.315 463.049
v -4018.713 -79.413 467.285
f 6929 6930 6931
f 6931 6932 6929
v -4018.977 -79.451 467.657
v -4025.237 -79.278 462.676
v -4067.527 -82.253 515.827
v -4061.267 -82.510 520.808
f 6933 6934 6935
f 6935 6936 6933
v -4061.267 -82.510 520.808
v -4067.527 -82.253 515.827
v -4101.969 -80.795 559.110
v -4095.709 -81.164 564.091
f 6937 6938 6939
f 6939 6940 6937
v -4094.921 -81.216 562.406
v -4102.757 -80.741 560.796
v -4105.151 -80.546 572.445
v -4097.315 -81.039 574.055
f 6941 6942 6943
f 6943 6944 6941
v -4097.245 -81.046 572.935
v -4105.220 -80.537 573.565
v -4103.428 -80.657 596.257
v -4095.453 -81.160 595.627
f 6945 6946 6947
f 6947 6948 6945
v -4095.461 -81.159 595.536
v -4103.420 -80.658 596.348
v -4089.984 -82.209 728.020
v -4082.025 -81.589 727.208
f 6949 6950 6951
f 6951 6952 6949
v -4082.052 -81.592 726.995
v -4089.956 -82.208 728.232
v -4082.342 -81.471 776.903
v -4074.438 -80.453 775.667
f 6953 6954 6955
f 6955 6956 6953
v -4074.390 -80.443 776.333
v -4082.390 -81.479 776.237
v -4082.545 -81.480 789.234
v -4074.546 -80.384 789.330
f 6957 6958 6959
f 6959 6960 6957
v -4077.025 -80.707 792.981
v -4080.067 -81.151 785.582
v -4085.143 -81.836 787.669
v -4082.101 -81.409 795.068
f 6961 6962 6963
f 6963 6964 6961
v -4082.560 -81.473 795.225
v -4084.684 -81.773 787.512
v -4091.686 -82.732 789.441
v -4089.562 -82.461 797.153
f 6965 6966 6967
f 6967 6968 6965
v -4490.832 -97.474 1159.906
v -4483.367 -97.135 1162.783
v -4460.925 -101.615 1104.551
v -4468.390 -101.753 1101.674
f 6969 6970 6971
f 6971 6972 6969
v -3644.362 -75.291 1151.335
v -3652.208 -74.908 1149.772
v -3654.278 -75.326 1160.167
v -3646.432 -75.600 1161.730
f 6973 6974 6975
f 6975 6976 6973
v -3646.791 -75.630 1162.765
v -3653.919 -75.285 1159.132
v -3660.253 -75.828 1171.560
v -3653.126 -76.060 1175.193
f 6977 6978 6979
f 6979 6980 6977
v -3653.226 -76.068 1175.378
v -3660.153 -75.819 1171.375
v -3667.511 -76.545 1184.107
v -3660.584 -76.732 1188.110
f 6981 6982 6983
f 6983 6984 6981
v -3398.943 -83.699 1162.058
v -3402.233 -83.748 1154.766
v -3411.806 -83.340 1159.085
v -3408.516 -83.216 1166.377
f 6985 6986 6987
f 6987 6988 6985
v -3407.895 -83.252 1166.027
v -3412.427 -83.308 1159.435
v -3419.151 -82.887 1164.058
v -3414.619 -82.803 1170.650
f 6989 6990 6991
f 6991 6992 6989
v -3413.077 -82.950 1168.577
v -3420.693 -82.733 1166.130
v -3422.853 -82.320 1172.853
v -3415.236 -82.591 1175.300
f 6993 6994 6995
f 6995 6996 6993
v -3415.053 -82.659 1173.819
v -3423.036 -82.239 1174.334
v -3422.146 -81.625 1188.136
v -3414.162 -82.175 1187.621
f 6997 6998 6999
f 6999 7000 6997
v -3414.169 -82.178 1187.532
v -3422.139 -81.622 1188.225
v -3419.078 -80.470 1223.462
v -3411.108 -81.311 1222.770
f 7001 7002 7003
f 7003 7004 7001
v -3411.232 -81.257 1224.163
v -3418.953 -80.534 1222.069
v -3424.174 -79.421 1241.326
v -3416.453 -80.266 1243.419
f 7005 7006 7007
f 7007 7008 7005
v -3416.354 -80.312 1241.805
v -3424.273 -79.366 1242.940
v -3422.926 -79.279 1252.343
v -3415.007 -80.271 1251.209
f 7009 7010 7011
f 7011 7012 7009
v -3415.342 -80.254 1250.085
v -3422.591 -79.291 1253.468
v -3416.324 -79.927 1266.900
v -3409.075 -80.863 1263.517
f 7013 7014 7015
f 7015 7016 7013
v -3409.306 -80.836 1263.090
v -3416.092 -79.954 1267.327
v -3409.380 -80.757 1278.078
v -3402.594 -81.709 1273.841
f 7017 7018 7019
f 7019 7020 7017
v -3402.007 -81.789 1275.561
v -3409.967 -80.690 1276.357
v -3409.221 -80.751 1283.819
v -3401.261 -81.875 1283.023
f 7021 7022 7023
f 7023 7024 7021
v -3401.511 -81.832 1284.867
v -3408.971 -80.792 1281.976
v -3412.099 -80.384 1290.045
v -3404.639 -81.400 1292.937
f 7025 7026 7027
f 7027 7028 7025
v -3404.871 -81.370 1293.431
v -3411.867 -80.410 1289.551
v -3424.702 -79.064 1312.690
v -3417.706 -79.964 1316.571
f 7029 7030 7031
f 7031 7032 7029
v -3417.246 -80.005 1315.210
v -3425.162 -79.026 1314.051
v -3426.364 -79.082 1322.266
v -3418.449 -80.044 1323.425
f 7033 7034 7035
f 7035 7036 7033
v -3419.272 -79.860 1320.360
v -3425.540 -79.281 1325.331
v -3422.702 -79.719 1328.910
v -3416.434 -80.292 1323.939
f 7037 7038 7039
f 7039 7040 7037
v -3418.923 -79.962 1322.477
v -3420.213 -80.041 1330.372
v -3415.849 -80.545 1331.085
v -3414.559 -80.491 1323.190
f 7041 7042 7043
f 7043 7044 7041
v -3416.231 -80.298 1323.272
v -3414.177 -80.728 1331.004
v -3404.581 -81.770 1328.455
v -3406.635 -81.369 1320.723
f 7045 7046 7047
f 7047 7048 7045
v -3407.151 -81.311 1320.898
v -3404.065 -81.832 1328.279
v -3381.668 -84.720 1318.915
v -3384.754 -84.303 1311.534
f 7049 7050 7051
f 7051 7052 7049
v -3385.548 -84.192 1311.978
v -3380.874 -84.829 1318.471
v -3355.571 -88.357 1300.258
v -3360.245 -87.815 1293.765
f 7053 7054 7055
f 7055 7056 7053
v -3261.511 -96.727 2236.954
v -3262.991 -96.926 2229.092
v -3295.552 -94.972 2235.220
v -3294.072 -94.789 2243.082
f 7057 7058 7059
f 7059 7060 7057
v -3293.922 -94.803 2243.051
v -3295.702 -94.957 2235.251
v -3358.052 -87.836 2249.474
v -3356.272 -87.928 2257.274
f 7061 7062 7063
f 7063 7064 7061
v -3355.740 -87.993 2257.113
v -3358.584 -87.769 2249.635
v -3378.588 -85.113 2257.242
v -3375.744 -85.428 2264.720
f 7065 7066 7067
f 7067 7068 7065
v -3374.992 -85.526 2264.338
v -3379.340 -85.013 2257.623
v -3400.101 -82.476 2271.067
v -3395.753 -83.063 2277.782
f 7069 7070 7071
f 7071 7072 7069
v -4838.514 -100.309 1015.527
v -4842.052 -100.201 1008.352
v -4935.148 -99.510 1054.262
v -4931.610 -99.637 1061.437
f 7073 7074 7075
f 7075 7076 7073
v -4932.857 -99.565 1061.815
v -4933.901 -99.608 1053.884
v -4953.160 -97.529 1056.420
v -4952.115 -97.560 1064.351
f 7077 7078 7079
f 7079 7080 7077
v -4953.308 -97.432 1064.329
v -4951.967 -97.658 1056.442
v -4991.530 0.050 1049.719
v -4992.871 0.050 1057.606
f 7081 7082 7083
f 7083 7084 7081
v -4831.701 -99.208 994.727
v -4839.447 -99.387 992.725
v -4844.155 -100.419 1010.938
v -4836.410 -100.144 1012.941
f 7085 7086 7087
f 7087 7088 7085
v -4836.410 -100.144 1012.942
v -4844.155 -100.419 1010.938
v -4856.033 -101.522 1056.848
v -4848.288 -101.264 1058.851
f 7089 7090 7091
f 7091 7092 7089
v -4848.911 -101.285 1060.182
v -4855.410 -101.533 1055.517
v -4897.210 -98.901 1113.736
v -4890.712 -98.704 1118.402
f 7093 7094 7095
f 7095 7096 7093
v -4861.179 -98.469 507.595
v -4862.846 -97.867 499.770
v -4871.217 -97.879 501.553
v -4869.550 -98.509 509.378
f 7097 7098 7099
f 7099 7100 7097
v -4868.632 -98.494 509.062
v -4872.135 -97.890 501.869
v -4882.577 -98.164 506.954
v -4879.074 -98.793 514.147
f 7101 7102 7103
f 7103 7104 7101
v -4879.968 -98.810 514.458
v -4881.683 -98.149 506.644
v -4896.611 -98.144 509.919
v -4894.896 -98.907 517.733
f 7105 7106 7107
f 7107 7108 7105
v -4897.239 -98.779 517.540
v -4894.267 -98.269 510.113
v -4907.704 -97.194 504.737
v -4910.675 -97.687 512.164
f 7109 7110 7111
f 7111 7112 7109
v -4911.374 -97.624 511.801
v -4907.005 -97.257 505.100
v -4934.479 -94.464 487.189
v -4938.848 -94.819 493.891
f 7113 7114 7115
f 7115 7116 7113
v -4940.052 -94.632 492.665
v -4933.274 -94.629 488.415
v -4946.566 -92.098 467.216
v -4953.344 -92.157 471.466
f 7117 7118 7119
f 7119 7120 7117
v -4080.511 -81.210 785.798
v -4076.580 -80.646 792.766
v -4064.781 -79.121 786.109
v -4068.711 -79.681 779.141
f 7121 7122 7123
f 7123 7124 7121
v -4069.542 -79.785 779.765
v -4063.949 -79.029 785.485
v -4046.929 -77.360 768.843
v -4052.522 -78.161 763.123
f 7125 7126 7127
f 7127 7128 7125
v -4053.157 -78.203 763.928
v -4046.293 -77.320 768.037
v -4027.903 -77.014 737.315
v -4034.767 -77.825 733.207
f 7129 7130 7131
f 7131 7132 7129
v -4034.768 -77.825 733.207
v -4027.903 -77.014 737.315
v -4014.043 -78.024 714.148
v -4020.909 -78.625 710.041
f 7133 7134 7135
f 7135 7136 7133
v -4020.619 -78.646 709.620
v -4014.333 -78.003 714.568
v -3992.236 -79.812 686.501
v -3998.522 -80.430 681.553
f 7137 7138 7139
f 7139 7140 7137
v -3998.202 -80.458 681.193
v -3992.556 -79.784 686.861
v -3956.277 -82.108 650.724
v -3961.923 -82.718 645.056
f 7141 7142 7143
f 7143 7144 7141
v -3961.617 -82.725 644.781
v -3956.583 -82.093 650.999
v -3935.388 -82.262 633.841
v -3940.421 -82.995 627.623
f 7145 7146 7147
f 7147 7148 7145
v -3939.271 -82.951 626.973
v -3936.539 -82.304 634.492
v -3925.307 -81.739 630.410
v -3928.039 -82.348 622.891
f 7149 7150 7151
f 7151 7152 7149
v -3928.039 -82.349 622.892
v -3925.306 -81.739 630.410
v -3921.310 -81.527 628.957
v -3924.043 -82.123 621.439
f 7153 7154 7155
f 7155 7156 7153
v -3924.585 -82.151 621.683
v -3920.767 -81.500 628.713
v -3908.678 -80.917 622.149
v -3912.496 -81.463 615.118
f 7157 7158 7159
f 7159 7160 7157
v -3913.272 -81.514 615.669
v -3907.902 -80.882 621.598
v -3887.296 -79.225 602.935
v -3892.667 -79.902 597.006
f 7161 7162 7163
f 7163 7164 7161
v -3892.392 -79.874 596.778
v -3887.571 -79.253 603.163
v -3879.367 -78.408 596.968
v -3884.188 -79.021 590.584
f 7165 7166 7167
f 7167 7168 7165
v -3884.192 -79.021 590.586
v -3879.363 -78.407 596.965
v -3869.801 -77.379 589.727
v -3874.629 -77.933 583.348
f 7169 7170 7171
f 7171 7172 7169
v -3872.968 -77.739 582.609
v -3871.462 -77.564 590.466
v -3847.283 -74.780 585.830
v -3848.790 -74.959 577.973
f 7173 7174 7175
f 7175 7176 7173
v -3847.730 -74.838 577.913
v -3848.343 -74.903 585.890
v -3821.014 -71.724 587.990
v -3820.401 -71.694 580.013
f 7177 7178 7179
f 7179 7180 7177
v -3819.622 -71.604 580.152
v -3821.793 -71.814 587.851
v -3791.637 -69.328 596.358
v -3789.465 -68.993 588.658
f 7181 7182 7183
f 7183 7184 7181
v -3788.466 -68.917 589.094
v -3792.636 -69.402 595.921
v -3775.771 -68.362 606.224
v -3771.601 -68.082 599.397
f 7185 7186 7187
f 7187 7188 7185
v -3770.719 -68.074 600.128
v -3776.654 -68.370 605.492
v -3754.256 -68.828 630.271
v -3748.321 -68.347 624.906
f 7189 7190 7191
f 7191 7192 7189
v -3747.655 -68.395 625.916
v -3754.922 -68.782 629.261
v -3751.494 -69.167 636.710
v -3744.226 -68.791 633.366
f 7193 7194 7195
f 7195 7196 7193
v -3744.228 -68.791 633.363
v -3751.492 -69.167 636.713
v -3749.555 -69.391 640.913
v -3742.291 -69.021 637.563
f 7197 7198 7199
f 7199 7200 7197
v -3742.368 -69.251 641.071
v -3749.479 -69.167 637.405
v -3750.881 -69.369 640.126
v -3743.770 -69.456 643.792
f 7201 7202 7203
f 7203 7204 7201
v -3743.774 -69.457 643.799
v -3750.877 -69.368 640.119
v -3753.950 -69.801 646.050
v -3746.847 -69.937 649.730
f 7205 7206 7207
f 7207 7208 7205
v -3748.035 -70.085 651.117
v -3752.761 -69.692 644.662
v -3769.482 -70.946 656.906
v -3764.755 -71.414 663.361
f 7209 7210 7211
f 7211 7212 7209
v -3764.556 -71.399 663.205
v -3769.680 -70.962 657.062
v -3797.599 -73.467 680.348
v -3792.475 -73.788 686.491
f 7213 7214 7215
f 7215 7216 7213
v -3791.832 -73.725 685.812
v -3798.243 -73.530 681.026
v -3809.731 -74.676 696.414
v -3803.320 -74.918 701.200
f 7217 7218 7219
f 7219 7220 7217
v -3802.708 -74.840 700.002
v -3810.343 -74.748 697.612
v -3817.957 -75.913 721.941
v -3810.322 -76.172 724.331
f 7221 7222 7223
f 7223 7224 7221
v -3810.342 -76.175 724.391
v -3817.938 -75.910 721.881
v -3829.582 -76.617 757.120
v -3821.986 -77.151 759.630
f 7225 7226 7227
f 7227 7228 7225
v -3821.789 -77.119 758.175
v -3829.779 -76.638 758.575
v -3829.189 -76.945 770.370
v -3821.199 -77.527 769.970
f 7229 7230 7231
f 7231 7232 7229
v -3821.848 -77.418 767.977
v -3828.539 -77.020 772.363
v -3819.734 -77.925 785.795
v -3813.043 -78.285 781.409
f 7233 7234 7235
f 7235 7236 7233
v -3812.682 -78.323 782.098
v -3820.095 -77.883 785.107
v -3813.371 -78.667 801.670
v -3805.958 -79.164 798.661
f 7237 7238 7239
f 7239 7240 7237
v -3805.799 -79.187 799.136
v -3813.530 -78.655 801.195
v -3810.146 -78.909 813.901
v -3802.415 -79.474 811.842
f 7241 7242 7243
f 7243 7244 7241
v -3802.415 -79.474 811.843
v -3810.146 -78.909 813.900
v -3806.216 -79.206 828.666
v -3798.486 -79.772 826.609
f 7245 7246 7247
f 7247 7248 7245
v -3798.362 -79.781 827.342
v -3806.340 -79.196 827.933
v -3805.828 -79.144 834.841
v -3797.850 -79.732 834.250
f 7249 7250 7251
f 7251 7252 7249
v -3797.841 -79.721 834.686
v -3805.836 -79.153 834.405
v -3806.749 -78.491 860.398
v -3798.754 -78.972 860.679
f 7253 7254 7255
f 7255 7256 7253
v -3798.754 -78.972 860.658
v -3806.750 -78.490 860.419
v -3807.841 -76.850 896.939
v -3799.844 -77.089 897.178
f 7257 7258 7259
f 7259 7260 7257
v -3799.905 -77.051 897.761
v -3807.780 -76.884 896.355
v -3815.695 -74.521 940.694
v -3807.820 -74.334 942.100
f 7261 7262 7263
f 7263 7264 7261
v -3807.757 -74.373 941.397
v -3815.757 -74.488 941.397
v -3815.757 -73.966 952.003
v -3807.757 -73.761 952.003
f 7265 7266 7267
f 7267 7268 7265
v -3808.660 -73.928 949.472
v -3814.855 -73.827 954.534
v -3810.224 -73.418 960.200
v -3804.029 -73.489 955.138
f 7269 7270 7271
f 7271 7272 7269
v -3806.002 -73.615 953.830
v -3808.252 -73.285 961.508
v -3755.252 -70.620 977.040
v -3753.002 -71.269 969.363
f 7273 7274 7275
f 7275 7276 7273
v -3751.560 -71.181 970.134
v -3756.695 -70.711 976.268
v -3751.174 -70.207 980.891
v -3746.038 -70.681 974.757
f 7277 7278 7279
f 7279 7280 7277
v -3744.621 -70.408 977.475
v -3752.591 -70.476 978.173
v -3752.145 -70.017 983.258
v -3744.176 -69.930 982.560
f 7281 7282 7283
f 7283 7284 7281
v -3744.732 -69.767 984.968
v -3751.590 -70.219 980.850
v -3757.412 -69.658 990.544
v -3750.554 -69.252 994.663
f 7285 7286 7287
f 7287 7288 7285
v -3750.163 -69.300 993.791
v -3757.802 -69.611 991.416
v -3764.070 -68.514 1011.571
v -3756.430 -68.181 1013.946
f 7289 7290 7291
f 7291 7292 7289
v -3756.252 -68.244 1012.632
v -3764.248 -68.439 1012.885
v -3763.202 -67.589 1045.878
v -3755.206 -67.346 1045.625
f 7293 7294 7295
f 7295 7296 7293
v -3755.212 -67.345 1045.489
v -3763.195 -67.590 1046.014
v -3761.703 -67.830 1068.705
v -3753.720 -67.595 1068.180
f 7297 7298 7299
f 7299 7300 7297
v -3753.728 -67.593 1068.078
v -3761.695 -67.831 1068.806
v -3761.094 -67.933 1075.384
v -3753.127 -67.671 1074.655
f 7301 7302 7303
f 7303 7304 7301
v -3753.143 -67.664 1074.515
v -3761.079 -67.940 1075.525
v -3759.721 -68.436 1086.196
v -3751.785 -68.179 1085.186
f 7305 7306 7307
f 7307 7308 7305
v -4834.059 -100.547 581.879
v -4840.317 -100.958 586.864
v -4831.701 -100.299 597.681
v -4825.443 -100.024 592.697
f 7309 7310 7311
f 7311 7312 7309
v -4824.664 -99.957 594.338
v -4832.480 -100.369 596.040
v -4830.399 -100.106 605.603
v -4822.582 -99.715 603.901
f 7313 7314 7315
f 7315 7316 7313
v -4822.722 -99.694 606.093
v -4830.259 -100.132 603.410
v -4835.624 -100.147 618.481
v -4828.088 -99.685 621.164
f 7317 7318 7319
f 7319 7320 7317
v -4828.649 -99.674 622.212
v -4835.063 -100.153 617.432
v -4857.761 -99.362 647.890
v -4851.347 -99.035 652.670
f 7321 7322 7323
f 7323 7324 7321
v -4850.772 -99.102 651.583
v -4858.336 -99.282 648.978
v -4861.475 -98.539 658.091
v -4853.911 -98.429 660.697
f 7325 7326 7327
f 7327 7328 7325
v -4853.931 -98.629 658.036
v -4861.456 -98.329 660.752
v -4858.762 -97.783 668.215
v -4851.237 -98.085 665.498
f 7329 7330 7331
f 7331 7332 7329
v -4852.735 -98.229 663.559
v -4857.264 -97.657 670.154
v -4818.146 -96.390 697.019
v -4813.617 -96.766 690.424
f 7333 7334 7335
f 7335 7336 7333
v -4813.457 -96.764 690.540
v -4818.306 -96.391 696.903
v -4786.959 -96.930 720.796
v -4782.109 -97.157 714.434
f 7337 7338 7339
f 7339 7340 7337
v -4782.500 -97.140 714.171
v -4786.567 -96.949 721.060
v -4777.462 -97.470 726.435
v -4773.395 -97.606 719.546
f 7341 7342 7343
f 7343 7344 7341
v -4775.708 -97.485 719.001
v -4775.148 -97.613 726.981
v -4770.818 -97.866 726.677
v -4771.378 -97.691 718.697
f 7345 7346 7347
f 7347 7348 7345
v -4774.018 -97.581 719.954
v -4768.177 -97.982 725.420
v -4763.702 -98.066 720.639
v -4769.543 -97.709 715.172
f 7349 7350 7351
f 7351 7352 7349
v -4770.032 -97.700 715.813
v -4763.214 -98.069 719.998
v -4754.197 -97.869 705.311
v -4761.015 -97.574 701.126
f 7353 7354 7355
f 7355 7356 7353
v -4761.016 -97.574 701.127
v -4754.196 -97.869 705.310
v -4730.518 -95.807 666.702
v -4737.338 -95.737 662.520
f 7357 7358 7359
f 7359 7360 7357
v -4737.341 -95.737 662.524
v -4730.516 -95.807 666.698
v -4717.825 -94.188 645.948
v -4724.650 -94.162 641.774
f 7361 7362 7363
f 7363 7364 7361
v -4725.236 -94.281 643.963
v -4717.239 -94.062 643.759
v -4717.384 -93.779 638.093
v -4725.381 -94.018 638.297
f 7365 7366 7367
f 7367 7368 7365
v -4724.583 -94.104 640.594
v -4718.182 -93.687 635.795
v -4721.766 -93.561 631.014
v -4728.167 -93.985 635.813
f 7369 7370 7371
f 7371 7372 7369
v -4727.042 -93.998 636.833
v -4722.892 -93.547 629.994
v -4749.464 -94.557 613.867
v -4753.614 -94.960 620.706
f 7373 7374 7375
f 7375 7376 7373
v -4641.853 -101.847 732.942
v -4643.818 -102.617 740.697
v -4626.519 -102.337 745.082
v -4624.553 -101.736 737.327
f 7377 7378 7379
f 7379 7380 7377
v -4625.180 -101.746 737.221
v -4625.892 -102.321 745.189
v -4610.964 -101.871 746.523
v -4610.252 -101.390 738.555
f 7381 7382 7383
f 7383 7384 7381
v -4610.089 -101.387 738.572
v -4611.127 -101.876 746.505
v -4590.533 -100.852 749.199
v -4589.495 -100.484 741.267
f 7385 7386 7387
f 7387 7388 7385
v -4589.170 -100.467 741.323
v -4590.859 -100.872 749.143
v -4577.712 -100.068 751.983
v -4576.023 -99.756 744.163
f 7389 7390 7391
f 7391 7392 7389
v -4578.038 -99.884 744.248
v -4575.697 -99.926 751.898
v -4566.892 -99.270 749.203
v -4569.233 -99.287 741.553
f 7393 7394 7395
f 7395 7396 7393
v -4570.944 -99.410 742.604
v -4565.180 -99.141 748.152
v -4556.052 -98.409 738.669
v -4561.816 -98.718 733.121
f 7397 7398 7399
f 7399 7400 7397
v -4572.185 -96.859 990.038
v -4576.185 -96.479 996.966
v -4548.644 -98.265 1012.868
v -4544.644 -98.538 1005.940
f 7401 7402 7403
f 7403 7404 7401
v -4544.019 -98.586 1006.386
v -4549.270 -98.216 1012.422
v -4538.294 -99.125 1021.971
v -4533.043 -99.513 1015.935
f 7405 7406 7407
f 7407 7408 7405
v -4533.492 -99.475 1015.597
v -4537.844 -99.163 1022.309
v -4528.738 -99.963 1028.213
v -4524.386 -100.261 1021.500
f 7409 7410 7411
f 7411 7412 7409
v -4525.409 -100.173 1021.027
v -4527.716 -100.054 1028.687
v -4507.411 -101.485 1034.802
v -4505.104 -101.495 1027.142
f 7413 7414 7415
f 7415 7416 7413
v -4858.688 -98.139 1130.241
v -4866.539 -97.914 1131.773
v -4861.764 -95.888 1156.246
v -4853.912 -96.228 1154.714
f 7417 7418 7419
f 7419 7420 7417
v -4854.325 -96.314 1153.567
v -4861.351 -95.799 1157.394
v -4856.875 -95.222 1165.609
v -4849.850 -95.742 1161.782
f 7421 7422 7423
f 7423 7424 7421
v -4850.808 -95.815 1160.617
v -4855.917 -95.153 1166.774
v -4841.880 -94.734 1178.423
v -4836.771 -95.349 1172.266
f 7425 7426 7427
f 7427 7428 7425
v -4837.690 -95.356 1171.694
v -4840.961 -94.731 1178.995
v -4824.987 -95.026 1186.153
v -4821.715 -95.546 1178.853
f 7429 7430 7431
f 7431 7432 7429
v -4823.550 -95.487 1178.508
v -4823.152 -95.101 1186.498
v -4811.208 -95.725 1185.904
v -4811.605 -96.004 1177.914
f 7433 7434 7435
f 7435 7436 7433
v -4810.863 -96.033 1177.946
v -4811.950 -95.689 1185.871
v -4803.290 -96.090 1187.060
v -4802.202 -96.340 1179.134
f 7437 7438 7439
f 7439 7440 7437
v -4799.838 -96.410 1180.350
v -4805.653 -96.004 1185.844
v -4802.971 -96.064 1188.684
v -4797.155 -96.473 1183.190
f 7441 7442 7443
f 7443 7444 7441
v -4796.849 -96.481 1183.556
v -4803.277 -96.057 1188.318
v -4797.299 -96.233 1196.388
v -4790.871 -96.688 1191.626
f 7445 7446 7447
f 7447 7448 7445
v -4791.998 -96.634 1190.594
v -4796.173 -96.291 1197.419
v -4786.176 -96.935 1203.534
v -4782.001 -97.218 1196.710
f 7449 7450 7451
f 7451 7452 7449
v -4783.849 -97.098 1196.129
v -4784.328 -97.070 1204.115
v -4771.783 -98.001 1204.867
v -4771.303 -97.914 1196.882
f 7453 7454 7455
f 7455 7456 7453
v -4773.745 -97.763 1197.536
v -4769.341 -98.170 1204.214
v -4750.539 -98.845 1191.812
v -4754.944 -98.372 1185.134
f 7457 7458 7459
f 7459 7460 7457
v -4755.527 -98.366 1185.602
v -4749.955 -98.852 1191.343
v -4734.727 -98.635 1176.564
v -4740.298 -98.142 1170.823
f 7461 7462 7463
f 7463 7464 7461
v -4741.056 -98.182 1171.838
v -4733.969 -98.591 1175.549
v -4718.885 -96.651 1146.743
v -4725.972 -96.401 1143.032
f 7465 7466 7467
f 7467 7468 7465
v -4334.823 -93.863 1498.529
v -4329.240 -93.103 1504.260
v -4312.375 -90.792 1487.830
v -4317.958 -91.533 1482.100
f 7469 7470 7471
f 7471 7472 7469
v -4317.042 -91.415 1481.432
v -4313.291 -90.912 1488.498
v -4305.977 -89.965 1484.615
v -4309.728 -90.489 1477.549
f 7473 7474 7475
f 7475 7476 7473
v -4307.853 -90.253 1477.082
v -4307.853 -90.208 1485.082
v -4301.285 -89.346 1485.082
v -4301.285 -89.419 1477.082
f 7477 7478 7479
f 7479 7480 7477
v -4297.968 -88.979 1478.846
v -4304.602 -89.794 1483.317
v -4299.670 -89.078 1490.634
v -4293.037 -88.249 1486.163
f 7481 7482 7483
f 7483 7484 7481
v -4292.690 -88.194 1486.792
v -4300.017 -89.131 1490.005
v -4286.135 -87.088 1521.663
v -4278.809 -86.065 1518.450
f 7485 7486 7487
f 7487 7488 7485
v -4279.164 -86.115 1517.807
v -4285.780 -87.038 1522.305
v -4278.166 -86.029 1533.505
v -4271.550 -85.118 1529.007
f 7489 7490 7491
f 7491 7492 7489
v -4273.098 -85.287 1527.664
v -4276.618 -85.846 1534.848
v -4261.389 -84.333 1542.310
v -4257.869 -83.750 1535.126
f 7493 7494 7495
f 7495 7496 7493
v -4259.135 -83.875 1534.749
v -4260.124 -84.211 1542.687
v -4242.213 -82.414 1544.919
v -4241.223 -82.027 1536.981
f 7497 7498 7499
f 7499 7500 7497
v -4240.972 -82.001 1537.020
v -4242.464 -82.438 1544.880
v -4231.955 -81.445 1546.874
v -4230.464 -81.054 1539.014
f 7501 7502 7503
f 7503 7504 7501
v -4182.410 -78.850 1491.434
v -4181.870 -78.527 1499.416
v -4164.114 -78.559 1498.214
v -4164.654 -78.849 1490.232
f 7505 7506 7507
f 7507 7508 7505
v -4165.255 -78.847 1490.319
v -4163.513 -78.562 1498.127
v -4144.099 -78.926 1493.795
v -4145.841 -79.095 1485.987
f 7509 7510 7511
f 7511 7512 7509
v -4146.850 -79.045 1486.360
v -4143.090 -78.979 1493.422
v -4127.116 -79.826 1484.916
v -4130.876 -79.854 1477.855
f 7513 7514 7515
f 7515 7516 7513
v -4132.718 -79.741 1479.922
v -4125.273 -79.939 1482.849
v -4123.336 -80.109 1477.923
v -4130.781 -79.926 1474.996
f 7517 7518 7519
f 7519 7520 7517
v -3449.142 -78.097 2284.684
v -3446.143 -77.906 2277.267
v -3469.720 -75.591 2267.732
v -3472.720 -75.893 2275.149
f 7521 7522 7523
f 7523 7524 7521
v -3471.085 -76.027 2275.438
v -3471.355 -75.452 2267.443
v -3488.977 -74.217 2268.037
v -3488.707 -74.850 2276.032
f 7525 7526 7527
f 7527 7528 7525
v -3488.405 -74.869 2276.011
v -3489.279 -74.211 2268.059
v -3540.787 -73.712 2273.724
v -3539.912 -74.232 2281.676
f 7529 7530 7531
f 7531 7532 7529
v -3539.369 -74.220 2281.578
v -3541.330 -73.727 2273.822
v -3568.492 -74.467 2280.689
v -3566.531 -74.834 2288.445
f 7533 7534 7535
f 7535 7536 7533
v -3565.684 -74.813 2288.125
v -3569.339 -74.491 2281.009
v -3601.889 -75.944 2297.728
v -3598.234 -76.063 2304.845
f 7537 7538 7539
f 7539 7540 7537
v -3597.164 -76.030 2304.044
v -3602.958 -75.980 2298.529
v -3618.031 -76.305 2314.363
v -3612.237 -76.331 2319.879
f 7541 7542 7543
f 7543 7544 7541
v -4606.483 -100.651 2128.319
v -4608.767 -101.237 2135.986
v -4566.221 -99.236 2148.664
v -4563.936 -98.981 2140.997
f 7545 7546 7547
f 7547 7548 7545
v -4563.686 -98.967 2141.081
v -4566.471 -99.251 2148.580
v -4554.382 -98.351 2153.071
v -4551.597 -98.114 2145.571
f 7549 7550 7551
f 7551 7552 7549
v -4549.234 -97.930 2147.944
v -4556.745 -98.535 2150.698
v -4553.461 -98.290 2159.652
v -4545.950 -97.624 2156.898
f 7553 7554 7555
f 7555 7556 7553
v -4545.787 -97.598 2159.076
v -4553.624 -98.299 2157.473
v -4556.007 -98.568 2169.121
v -4548.169 -97.778 2170.724
f 7557 7558 7559
f 7559 7560 7557
v -4550.220 -97.986 2173.460
v -4553.956 -98.355 2166.386
v -4559.533 -98.924 2169.331
v -4555.797 -98.569 2176.405
f 7561 7562 7563
f 7563 7564 7561
v -3635.987 -75.823 2338.248
v -3632.797 -76.056 2330.911
v -3642.059 -76.018 2326.884
v -3645.249 -75.708 2334.220
f 7565 7566 7567
f 7567 7568 7565
v -3645.268 -75.708 2334.212
v -3642.040 -76.018 2326.892
v -3650.845 -76.080 2323.009
v -3654.073 -75.698 2330.329
f 7569 7570 7571
f 7571 7572 7569
v -3654.694 -75.708 2329.986
v -3650.224 -76.069 2323.352
v -3656.870 -76.249 2318.875
v -3661.340 -75.883 2325.510
f 7573 7574 7575
f 7575 7576 7573
v -3661.797 -75.901 2325.151
v -3656.413 -76.232 2319.233
v -3672.165 -77.141 2304.904
v -3677.548 -76.801 2310.822
f 7577 7578 7579
f 7579 7580 7577
v -3674.797 -76.711 2311.863
v -3674.917 -77.247 2303.864
v -3684.624 -77.375 2304.009
v -3684.504 -76.763 2312.008
f 7581 7582 7583
f 7583 7584 7581
v -3682.556 -76.791 2311.468
v -3686.572 -77.361 2304.549
v -3691.715 -77.182 2307.534
v -3687.699 -76.590 2314.453
f 7585 7586 7587
f 7587 7588 7585
v -3382.356 -84.668 2215.178
v -3385.424 -84.219 2207.789
v -3406.475 -81.143 2216.532
v -3403.406 -81.589 2223.920
f 7589 7590 7591
f 7591 7592 7589
v -3403.299 -81.605 2223.874
v -3406.582 -81.130 2216.578
v -3415.532 -79.978 2220.606
v -3412.249 -80.403 2227.902
f 7593 7594 7595
f 7595 7596 7593
v -3413.501 -80.242 2228.235
v -3414.280 -80.139 2220.273
v -3434.139 -77.584 2222.214
v -3433.361 -77.688 2230.176
f 7597 7598 7599
f 7599 7600 7597
v -3434.035 -77.601 2230.185
v -3433.464 -77.670 2222.206
v -3464.667 -74.425 2219.974
v -3465.238 -74.383 2227.953
f 7601 7602 7603
f 7603 7604 7601
v -3465.194 -74.387 2227.956
v -3464.711 -74.422 2219.971
v -3484.571 -72.759 2218.769
v -3485.054 -72.725 2226.754
f 7605 7606 7607
f 7607 7608 7605
v -3486.455 -72.608 2226.409
v -3483.169 -72.877 2219.115
v -3495.103 -72.250 2213.740
v -3498.388 -72.177 2221.034
f 7609 7610 7611
f 7611 7612 7609
v -3500.049 -72.137 2219.643
v -3493.443 -72.290 2215.130
v -3499.866 -72.129 2205.728
v -3506.472 -71.976 2210.240
f 7613 7614 7615
f 7615 7616 7613
v -3506.901 -71.965 2209.423
v -3499.436 -72.140 2206.545
v -3504.212 -72.283 2194.157
v -3511.677 -71.988 2197.035
f 7617 7618 7619
f 7619 7620 7617
v -3511.916 -72.021 2196.073
v -3503.973 -72.250 2195.120
v -3505.620 -72.764 2181.385
v -3513.563 -72.528 2182.338
f 7621 7622 7623
f 7623 7624 7621
v -3513.108 -72.635 2179.955
v -3506.075 -72.657 2183.768
v -3501.300 -73.132 2174.959
v -3508.333 -73.108 2171.146
f 7625 7626 7627
f 7627 7628 7625
v -3507.455 -73.180 2170.046
v -3502.178 -73.065 2176.059
v -3494.864 -73.532 2169.641
v -3500.141 -73.850 2163.628
f 7629 7630 7631
f 7631 7632 7629
v -3318.579 -89.677 899.279
v -3326.482 -89.036 900.517
v -3312.445 -82.867 990.093
v -3304.541 -83.022 988.854
f 7633 7634 7635
f 7635 7636 7633
v -3304.529 -83.017 988.936
v -3312.457 -82.871 990.011
v -3311.889 -82.646 994.198
v -3303.962 -82.780 993.123
f 7637 7638 7639
f 7639 7640 7637
v -3233.506 -84.207 616.073
v -3231.797 -84.764 623.888
v -3198.145 -87.704 616.532
v -3199.854 -87.361 608.716
f 7641 7642 7643
f 7643 7644 7641
v -4152.981 -81.063 1587.167
v -4158.199 -81.568 1593.231
v -4130.413 -82.776 1617.136
v -4125.196 -82.348 1611.072
f 7645 7646 7647
f 7647 7648 7645
v -4126.727 -82.332 1610.252
v -4128.882 -82.783 1617.956
v -4101.119 -82.306 1625.722
v -4098.964 -82.094 1618.018
f 7649 7650 7651
f 7651 7652 7649
v -4100.042 -82.112 1617.870
v -4100.042 -82.277 1625.870
v -4072.568 -81.448 1625.870
v -4072.568 -81.586 1617.870
f 7653 7654 7655
f 7655 7656 7653
v -3530.636 -78.970 229.161
v -3538.597 -78.634 229.947
v -3527.454 -71.266 342.841
v -3519.493 -71.472 342.055
f 7657 7658 7659
f 7659 7660 7657
v -4753.919 -97.726 701.666
v -4761.293 -97.684 704.770
v -4756.428 -98.219 716.327
v -4749.054 -98.353 713.224
f 7661 7662 7663
f 7663 7664 7661
v -4748.812 -98.397 714.024
v -4756.670 -98.181 715.527
v -4753.386 -98.977 732.697
v -4745.528 -99.348 731.194
f 7665 7666 7667
f 7667 7668 7665
v -4746.191 -99.237 729.637
v -4752.724 -99.077 734.254
v -4749.139 -99.513 739.326
v -4742.606 -99.692 734.709
f 7669 7670 7671
f 7671 7672 7669
v -4745.716 -99.427 733.021
v -4746.029 -99.780 741.015
v -4738.259 -100.307 741.318
v -4737.946 -99.887 733.325
f 7673 7674 7675
f 7675 7676 7673
v -4740.029 -99.795 733.816
v -4736.176 -100.422 740.827
v -4722.595 -100.640 733.365
v -4726.448 -100.013 726.353
f 7677 7678 7679
f 7679 7680 7677
v -4725.051 -100.021 725.894
v -4723.992 -100.626 733.824
v -4717.268 -100.787 732.926
v -4718.328 -100.146 724.996
f 7681 7682 7683
f 7683 7684 7681
v -4716.147 -100.232 725.317
v -4719.449 -100.689 732.604
v -4713.182 -101.126 735.444
v -4709.880 -100.644 728.157
f 7685 7686 7687
f 7687 7688 7685
v -4709.212 -100.696 728.541
v -4713.850 -101.071 735.060
v -4673.830 -104.325 763.536
v -4669.192 -103.841 757.018
f 7689 7690 7691
f 7691 7692 7689
v -4261.086 -86.849 967.887
v -4255.924 -86.058 973.998
v -4232.268 -85.973 954.015
v -4237.431 -86.843 947.904
f 7693 7694 7695
f 7695 7696 7693
v -4237.369 -86.844 947.853
v -4232.330 -85.971 954.066
v -4215.754 -86.533 940.620
v -4220.794 -87.378 934.407
f 7697 7698 7699
f 7699 7700 7697
v -4220.226 -87.392 934.023
v -4216.322 -86.519 941.005
v -4200.047 -86.740 931.905
v -4203.951 -87.628 924.922
f 7701 7702 7703
f 7703 7704 7701
v -4202.167 -87.607 924.417
v -4201.832 -86.764 932.410
v -4187.649 -86.216 931.816
v -4187.984 -87.062 923.823
f 7705 7706 7707
f 7707 7708 7705
v -4186.241 -86.945 924.143
v -4189.393 -86.325 931.496
v -4168.498 -84.582 940.451
v -4165.347 -85.129 933.098
f 7709 7710 7711
f 7711 7712 7709
v -4164.212 -85.014 933.832
v -4169.633 -84.694 939.716
v -4160.070 -83.548 948.526
v -4154.650 -83.863 942.642
f 7713 7714 7715
f 7715 7716 7713
v -4154.971 -83.898 942.376
v -4159.749 -83.514 948.792
v -4145.723 -82.333 959.239
v -4140.944 -82.687 952.823
f 7717 7718 7719
f 7719 7720 7717
v -4141.260 -82.707 952.611
v -4145.408 -82.315 959.451
v -4132.862 -81.751 967.059
v -4128.714 -82.086 960.219
f 7721 7722 7723
f 7723 7724 7721
v -4130.685 -82.138 959.640
v -4130.891 -81.714 967.638
v -4119.102 -81.669 967.941
v -4118.896 -81.993 959.944
f 7725 7726 7727
f 7727 7728 7725
v -4121.856 -81.973 961.143
v -4116.142 -81.707 966.742
v -4108.973 -81.901 959.425
v -4114.687 -82.169 953.826
f 7729 7730 7731
f 7731 7732 7729
v -4115.770 -82.109 955.935
v -4107.890 -81.955 957.316
v -4106.399 -82.189 948.811
v -4114.278 -82.414 947.429
f 7733 7734 7735
f 7735 7736 7733
v -4114.127 -82.331 949.403
v -4106.550 -82.252 946.837
v -4109.533 -82.621 938.027
v -4117.111 -82.781 940.593
f 7737 7738 7739
f 7739 7740 7737
v -4116.003 -82.673 942.279
v -4110.641 -82.721 936.341
v -4124.523 -83.899 923.807
v -4129.884 -83.833 929.745
f 7741 7742 7743
f 7743 7744 7741
v -4300.027 -92.668 1283.136
v -4292.323 -93.135 1285.292
v -4286.379 -93.361 1264.054
v -4294.083 -92.923 1261.898
f 7745 7746 7747
f 7747 7748 7745
v -4294.227 -92.919 1262.789
v -4286.235 -93.364 1263.164
v -4285.044 -92.938 1237.779
v -4293.035 -92.606 1237.404
f 7749 7750 7751
f 7751 7752 7749
v -4292.644 -92.657 1239.326
v -4285.435 -92.878 1235.857
v -4300.664 -91.724 1204.212
v -4307.873 -91.707 1207.681
f 7753 7754 7755
f 7755 7756 7753
v -4307.979 -91.703 1207.439
v -4300.557 -91.730 1204.453
v -4320.862 -91.714 1153.987
v -4328.284 -92.079 1156.973
f 7757 7758 7759
f 7759 7760 7757
v -4328.536 -92.104 1156.025
v -4320.610 -91.697 1154.935
v -4325.085 -92.217 1122.392
v -4333.011 -92.947 1123.482
f 7761 7762 7763
f 7763 7764 7761
v -4332.994 -92.965 1122.279
v -4325.102 -92.209 1123.595
v -4316.442 -91.324 1071.649
v -4324.333 -92.402 1070.333
f 7765 7766 7767
f 7767 7768 7765
v -4324.325 -92.401 1070.286
v -4316.450 -91.325 1071.696
v -4297.047 -89.879 963.300
v -4304.922 -90.532 961.891
f 7769 7770 7771
f 7771 7772 7769
v -4304.958 -90.531 962.141
v -4297.010 -89.883 963.050
v -4290.142 -91.533 903.034
v -4298.090 -91.570 902.124
f 7773 7774 7775
f 7775 7776 7773
v -4297.104 -91.629 899.920
v -4291.128 -91.458 905.238
v -4283.959 -91.777 897.181
v -4289.935 -91.935 891.863
f 7777 7778 7779
f 7779 7780 7777
v -4288.118 -91.993 890.698
v -4285.776 -91.718 898.347
v -4271.149 -92.001 893.870
v -4273.490 -92.383 886.220
f 7781 7782 7783
f 7783 7784 7781
v -4273.141 -92.386 886.130
v -4271.498 -91.999 893.960
v -4258.663 -92.071 891.265
v -4260.306 -92.492 883.436
f 7785 7786 7787
f 7787 7788 7785
v -4329.487 -90.959 1316.068
v -4336.980 -90.579 1318.872
v -4328.319 -91.241 1342.011
v -4320.827 -91.481 1339.207
f 7789 7790 7791
f 7791 7792 7789
v -4320.690 -91.487 1339.649
v -4328.456 -91.232 1341.569
v -4322.478 -91.546 1365.752
v -4314.712 -91.600 1363.832
f 7793 7794 7795
f 7795 7796 7793
v -4314.608 -91.598 1364.466
v -4322.582 -91.542 1365.118
v -4320.945 -91.622 1385.127
v -4312.972 -91.471 1384.475
f 7797 7798 7799
f 7799 7800 7797
v -4313.133 -91.464 1385.968
v -4320.785 -91.614 1383.634
v -4324.514 -91.782 1395.864
v -4316.862 -91.520 1398.198
f 7801 7802 7803
f 7803 7804 7801
v -4317.925 -91.559 1399.924
v -4323.450 -91.734 1394.138
v -4330.241 -92.053 1400.623
v -4324.716 -91.883 1406.408
f 7805 7806 7807
f 7807 7808 7805
v -4079.708 -81.156 1327.912
v -4081.769 -81.391 1320.182
v -4258.122 -91.388 1367.200
v -4256.061 -90.835 1374.930
f 7809 7810 7811
f 7811 7812 7809
v -4256.197 -90.835 1374.964
v -4257.986 -91.388 1367.167
v -4317.853 -91.566 1380.902
v -4316.064 -91.520 1388.700
f 7813 7814 7815
f 7815 7816 7813
v -4560.618 -97.480 527.556
v -4557.606 -97.631 534.967
v -4542.366 -98.626 528.772
v -4545.379 -98.392 521.361
f 7817 7818 7819
f 7819 7820 7817
v -4543.872 -98.473 521.067
v -4543.872 -98.532 529.067
v -4538.050 -98.902 529.067
v -4538.050 -98.794 521.067
f 7821 7822 7823
f 7823 7824 7821
v -4536.324 -98.897 521.458
v -4539.776 -98.789 528.675
v -4518.681 -100.298 538.766
v -4515.229 -100.272 531.549
f 7825 7826 7827
f 7827 7828 7825
v -3904.714 -72.063 1328.768
v -3912.564 -71.785 1327.224
v -3914.133 -72.129 1335.201
v -3906.284 -72.375 1336.746
f 7829 7830 7831
f 7831 7832 7829
v -3906.678 -72.416 1337.853
v -3913.739 -72.085 1334.094
v -3917.480 -72.350 1341.120
v -3910.418 -72.663 1344.879
f 7833 7834 7835
f 7835 7836 7833
v -3911.468 -72.704 1346.138
v -3916.429 -72.308 1339.862
v -3945.317 -73.641 1362.697
v -3940.356 -74.152 1368.973
f 7837 7838 7839
f 7839 7840 7837
v -3939.427 -74.062 1367.927
v -3946.246 -73.759 1363.743
v -3948.628 -74.168 1367.626
v -3941.809 -74.402 1371.810
f 7841 7842 7843
f 7843 7844 7841
v -3941.231 -74.246 1370.040
v -3949.205 -74.342 1369.396
v -3949.506 -74.685 1373.121
v -3941.532 -74.574 1373.764
f 7845 7846 7847
f 7847 7848 7845
v -3941.571 -74.489 1372.797
v -3949.466 -74.771 1374.089
v -3949.021 -75.004 1376.809
v -3941.126 -74.727 1375.517
f 7849 7850 7851
f 7851 7852 7849
v -4013.799 -81.948 1432.869
v -4005.813 -81.822 1432.407
v -4005.946 -81.627 1430.096
v -4013.933 -81.765 1430.557
f 7853 7854 7855
f 7855 7856 7853
v -4013.847 -81.677 1429.471
v -4006.032 -81.720 1431.182
v -4005.509 -81.510 1428.791
v -4013.324 -81.479 1427.081
f 7857 7858 7859
f 7859 7860 7857
v -4012.608 -81.343 1425.525
v -4006.225 -81.652 1430.347
v -4002.563 -81.184 1425.500
v -4008.945 -80.884 1420.677
f 7861 7862 7863
f 7863 7864 7861
v -4008.429 -80.827 1420.115
v -4003.079 -81.241 1426.063
v -3980.916 -78.871 1406.133
v -3986.265 -78.411 1400.185
f 7865 7866 7867
f 7867 7868 7865
v -3987.584 -78.734 1402.928
v -3979.597 -78.548 1403.390
v -3979.441 -78.264 1400.696
v -3987.428 -78.454 1400.234
f 7869 7870 7871
f 7871 7872 7869
v -3986.915 -78.663 1402.437
v -3979.954 -78.050 1398.493
v -3981.301 -77.841 1396.116
v -3988.262 -78.463 1400.059
f 7873 7874 7875
f 7875 7876 7873
v -3985.962 -78.580 1401.909
v -3983.601 -77.713 1394.266
v -3990.057 -77.737 1392.271
v -3992.418 -78.582 1399.915
f 7877 7878 7879
f 7879 7880 7877
v -3970.084 -83.962 536.653
v -3963.256 -83.961 540.822
v -3954.796 -82.926 526.966
v -3961.623 -82.813 522.797
f 7881 7882 7883
f 7883 7884 7881
v -3961.615 -82.811 522.784
v -3954.804 -82.927 526.980
v -3946.065 -81.468 512.794
v -3952.876 -81.334 508.598
f 7885 7886 7887
f 7887 7888 7885
v -3953.062 -81.368 508.935
v -3945.879 -81.434 512.457
v -3943.107 -80.872 506.804
v -3950.290 -80.807 503.282
f 7889 7890 7891
f 7891 7892 7889
v -4035.824 -82.699 512.703
v -4043.723 -82.515 511.437
v -4046.662 -83.192 529.770
v -4038.762 -83.487 531.036
f 7893 7894 7895
f 7895 7896 7893
v -4038.724 -83.458 530.091
v -4046.700 -83.216 530.714
v -4045.954 -83.502 540.264
v -4037.978 -83.794 539.641
f 7897 7898 7899
f 7899 7900 7897
v -4038.286 -83.741 538.384
v -4045.646 -83.549 541.520
v -4042.651 -83.877 548.547
v -4035.292 -84.097 545.411
f 7901 7902 7903
f 7903 7904 7901
v -4037.651 -83.924 543.203
v -4040.292 -84.051 550.755
v -4031.342 -84.579 553.885
v -4028.701 -84.413 546.334
f 7905 7906 7907
f 7907 7908 7905
v -4030.966 -84.311 546.223
v -4029.077 -84.692 553.996
v -4013.102 -84.845 550.113
v -4014.992 -84.476 542.339
f 7909 7910 7911
f 7911 7912 7909
v -4014.717 -84.476 542.283
v -4013.377 -84.844 550.170
v -4000.241 -84.893 547.937
v -4001.582 -84.489 540.051
f 7913 7914 7915
f 7915 7916 7913
v -4001.290 -84.489 540.012
v -4000.533 -84.892 547.976
v -3986.351 -84.980 546.629
v -3987.108 -84.537 538.665
f 7917 7918 7919
f 7919 7920 7917
v -3986.561 -84.541 538.650
v -3986.897 -84.975 546.643
v -3972.760 -84.633 547.238
v -3972.424 -84.183 539.245
f 7921 7922 7923
f 7923 7924 7921
v -4079.638 -82.180 588.550
v -4072.667 -82.623 592.476
v -4061.769 -83.245 573.126
v -4068.739 -82.845 569.200
f 7925 7926 7927
f 7927 7928 7925
v -4069.071 -82.827 569.967
v -4061.437 -83.259 572.359
v -4055.916 -83.415 554.740
v -4063.550 -83.006 552.347
f 7929 7930 7931
f 7931 7932 7929
v -4063.687 -83.008 552.940
v -4055.779 -83.409 554.147
v -4050.279 -82.674 518.128
v -4058.188 -82.467 516.921
f 7933 7934 7935
f 7935 7936 7933
v -4064.708 -82.274 514.329
v -4064.086 -82.477 522.305
v -4053.923 -82.712 521.513
v -4054.545 -82.427 513.537
f 7937 7938 7939
f 7939 7940 7937
v -4055.645 -82.416 513.782
v -4052.822 -82.731 521.267
v -4038.361 -82.815 515.812
v -4041.185 -82.405 508.327
f 7941 7942 7943
f 7943 7944 7941
v -4041.053 -82.404 508.280
v -4038.494 -82.815 515.860
v -4021.317 -82.667 510.061
v -4023.876 -82.194 502.481
f 7945 7946 7947
f 7947 7948 7945
v -4023.880 -82.194 502.483
v -4021.314 -82.667 510.060
v -4005.907 -82.195 504.843
v -4008.473 -81.664 497.265
f 7949 7950 7951
f 7951 7952 7949
v -4007.323 -81.635 497.056
v -4007.057 -82.220 505.052
v -3989.168 -82.022 504.457
v -3989.434 -81.357 496.462
f 7953 7954 7955
f 7955 7956 7953
v -3989.086 -81.353 496.465
v -3989.516 -82.025 504.454
v -3967.475 -81.546 505.642
v -3967.044 -80.854 497.654
f 7957 7958 7959
f 7959 7960 7957
v -3967.622 -80.873 497.665
v -3966.897 -81.527 505.632
v -3949.320 -80.839 504.034
v -3950.045 -80.195 496.067
f 7961 7962 7963
f 7963 7964 7961
v -3952.344 -80.349 497.064
v -3947.021 -80.684 503.036
v -3939.240 -79.800 496.102
v -3944.562 -79.436 490.129
f 7965 7966 7967
f 7967 7968 7965
v -3945.365 -79.559 491.115
v -3938.437 -79.669 495.116
v -3927.895 -77.598 476.862
v -3934.823 -77.447 472.861
f 7969 7970 7971
f 7971 7972 7969
v -3934.550 -77.401 472.450
v -3928.168 -77.642 477.274
v -3916.435 -76.069 461.754
v -3922.817 -75.796 456.930
f 7973 7974 7975
f 7975 7976 7973
v -3922.609 -75.772 456.677
v -3916.643 -76.092 462.007
v -3887.845 -74.162 429.779
v -3893.810 -73.750 424.448
f 7977 7978 7979
f 7979 7980 7977
v -3894.041 -73.755 424.731
v -3887.615 -74.158 429.496
v -3867.232 -74.287 402.010
v -3873.658 -73.849 397.244
f 7981 7982 7983
f 7983 7984 7981
v -3874.222 -73.832 398.310
v -3866.668 -74.308 400.944
v -3857.907 -74.729 375.822
v -3865.461 -74.117 373.187
f 7985 7986 7987
f 7987 7988 7985
v -3864.907 -74.156 372.135
v -3858.462 -74.686 376.874
v -3849.924 -75.426 365.264
v -3856.368 -74.845 360.525
f 7989 7990 7991
f 7991 7992 7989
v -3856.634 -74.822 360.937
v -3849.658 -75.449 364.852
v -3843.268 -76.036 353.466
v -3850.245 -75.400 349.551
f 7993 7994 7995
f 7995 7996 7993
v -3850.391 -75.386 349.840
v -3843.121 -76.050 353.178
v -3835.741 -76.706 337.103
v -3843.011 -76.038 333.765
f 7997 7998 7999
f 7999 8000 7997
v -3843.340 -76.012 334.901
v -3835.412 -76.728 335.967
v -3834.065 -76.778 325.955
v -3841.993 -76.094 324.889
f 8001 8002 8003
f 8003 8004 8001
v -3840.572 -76.203 322.334
v -3835.486 -76.673 328.510
v -3825.334 -77.466 320.149
v -3830.419 -76.988 313.973
f 8005 8006 8007
f 8007 8008 8005
v -3828.673 -77.119 313.141
v -3827.080 -77.328 320.981
v -3807.977 -78.681 317.098
v -3809.571 -78.366 309.258
f 8009 8010 8011
f 8011 8012 8009
v -3809.313 -78.380 309.214
v -3808.235 -78.664 317.141
v -3782.999 -80.255 313.707
v -3784.077 -79.768 305.780
f 8013 8014 8015
f 8015 8016 8013
v -3783.891 -79.778 305.759
v -3783.185 -80.244 313.728
v -3768.113 -80.792 312.394
v -3768.818 -80.292 304.425
f 8017 8018 8019
f 8019 8020 8017
v -3767.421 -80.335 304.548
v -3769.510 -80.746 312.271
v -3755.205 -81.298 316.141
v -3753.116 -80.957 308.418
f 8021 8022 8023
f 8023 8024 8021
v -3750.255 -81.343 313.143
v -3758.066 -81.012 311.416
v -3759.603 -81.234 318.364
v -3751.791 -81.510 320.091
f 8025 8026 8027
f 8027 8028 8025
v -3752.279 -81.530 321.306
v -3759.115 -81.214 317.149
v -3763.067 -81.279 323.647
v -3756.231 -81.598 327.804
f 8029 8030 8031
f 8031 8032 8029
v -3755.770 -81.581 326.703
v -3763.528 -81.295 324.748
v -3773.836 -81.250 365.655
v -3766.078 -81.468 367.610
f 8033 8034 8035
f 8035 8036 8033
v -3766.233 -81.457 368.092
v -3773.681 -81.260 365.173
v -3782.631 -80.113 388.010
v -3775.183 -80.349 390.929
f 8037 8038 8039
f 8039 8040 8037
v -3776.267 -80.249 392.474
v -3781.548 -80.249 386.465
v -3789.017 -79.512 393.030
v -3783.736 -79.577 399.039
f 8041 8042 8043
f 8043 8044 8041
v -3786.044 -79.405 400.020
v -3786.710 -79.692 392.048
v -3797.463 -79.005 392.946
v -3796.797 -78.765 400.919
f 8045 8046 8047
f 8047 8048 8045
v -3798.182 -78.692 400.792
v -3796.078 -79.084 393.073
v -3807.567 -78.483 389.943
v -3809.670 -78.135 397.661
f 8049 8050 8051
f 8051 8052 8049
v -3809.374 -78.150 397.730
v -3807.863 -78.466 389.874
v -3816.379 -77.978 388.236
v -3817.890 -77.696 396.092
f 8053 8054 8055
f 8055 8056 8053
v -3816.590 -77.772 396.127
v -3817.678 -77.897 388.201
v -3829.612 -76.965 389.839
v -3828.524 -76.919 397.765
f 8057 8058 8059
f 8059 8060 8057
v -3826.928 -77.042 397.182
v -3831.207 -76.834 390.422
v -3849.130 -75.446 401.768
v -3844.851 -75.695 408.528
f 8061 8062 8063
f 8063 8064 8061
v -3844.057 -75.750 407.868
v -3849.923 -75.391 402.429
v -3868.881 -74.571 422.875
v -3863.015 -74.851 428.314
f 8065 8066 8067
f 8067 8068 8065
v -3862.948 -74.852 428.240
v -3868.948 -74.570 422.949
v -3909.045 -76.402 468.426
v -3903.045 -76.606 473.716
f 8069 8070 8071
f 8071 8072 8069
v -3903.268 -76.628 473.950
v -3908.822 -76.379 468.192
v -3923.939 -77.967 482.774
v -3918.385 -78.221 488.532
f 8073 8074 8075
f 8075 8076 8073
v -3918.750 -78.260 488.843
v -3923.575 -77.928 482.463
v -3932.814 -78.895 489.450
v -3927.989 -79.247 495.831
f 8077 8078 8079
f 8079 8080 8077
v -3927.193 -79.141 495.028
v -3933.611 -79.001 490.252
v -3937.051 -79.582 494.875
v -3930.632 -79.660 499.651
f 8081 8082 8083
f 8083 8084 8081
v -3930.177 -79.335 495.660
v -3937.506 -79.938 498.867
v -3935.847 -80.153 502.657
v -3928.518 -79.541 499.450
f 8085 8086 8087
f 8087 8088 8085
v -3930.974 -79.496 497.241
v -3933.392 -80.196 504.867
v -3928.895 -80.062 506.293
v -3926.476 -79.384 498.668
f 8089 8090 8091
f 8091 8092 8089
v -3927.918 -79.441 498.487
v -3927.453 -79.998 506.474
v -3917.256 -79.407 505.879
v -3917.721 -78.905 497.893
f 8093 8094 8095
f 8095 8096 8093
v -3917.724 -78.906 497.893
v -3917.253 -79.407 505.879
v -3907.179 -78.831 505.285
v -3907.650 -78.384 497.299
f 8097 8098 8099
f 8099 8100 8097
v -3907.081 -78.357 497.306
v -3907.748 -78.861 505.278
v -3896.382 -78.235 506.229
v -3895.715 -77.804 498.257
f 8101 8102 8103
f 8103 8104 8101
v -3894.984 -77.768 498.387
v -3897.113 -78.277 506.098
v -3885.970 -77.654 509.176
v -3883.841 -77.231 501.465
f 8105 8106 8107
f 8107 8108 8105
v -3884.585 -77.272 501.333
v -3885.226 -77.607 509.307
v -3876.342 -77.006 510.021
v -3875.702 -76.747 502.046
f 8109 8110 8111
f 8111 8112 8109
v -3875.325 -76.725 502.095
v -3876.720 -77.031 509.972
v -3868.070 -76.449 511.504
v -3866.675 -76.214 503.627
f 8113 8114 8115
f 8115 8116 8113
v -3864.190 -76.078 505.143
v -3870.556 -76.597 509.988
v -3866.403 -76.395 515.443
v -3860.038 -75.862 510.598
f 8117 8118 8119
f 8119 8120 8117
v -3859.256 -75.824 512.487
v -3867.185 -76.421 513.554
v -3866.116 -76.472 521.492
v -3858.188 -75.809 520.425
f 8121 8122 8123
f 8123 8124 8121
v -3858.188 -75.809 520.425
v -3866.116 -76.472 521.492
v -3864.346 -76.474 534.648
v -3856.418 -75.726 533.581
f 8125 8126 8127
f 8127 8128 8125
v -3856.482 -75.731 533.224
v -3864.281 -76.471 535.005
v -3863.090 -76.403 540.222
v -3855.291 -75.635 538.441
f 8129 8130 8131
f 8131 8132 8129
v -3855.876 -75.687 537.092
v -3862.505 -76.357 541.571
v -3859.310 -76.068 546.299
v -3852.681 -75.387 541.821
f 8133 8134 8135
f 8135 8136 8133
v -3855.576 -75.668 540.082
v -3856.415 -75.778 548.038
v -3851.907 -75.312 548.513
v -3851.068 -75.228 540.558
f 8137 8138 8139
f 8139 8140 8137
v -3854.610 -75.578 542.036
v -3848.365 -74.947 547.035
v -3846.472 -74.762 544.671
v -3852.718 -75.389 539.672
f 8141 8142 8143
f 8143 8144 8141
v -3853.308 -75.447 540.684
v -3845.882 -74.707 543.659
v -3843.744 -74.524 538.322
v -3851.171 -75.239 535.348
f 8145 8146 8147
f 8147 8148 8145
v -3851.310 -75.252 535.760
v -3843.605 -74.513 537.910
v -3839.341 -74.263 522.628
v -3847.047 -74.913 520.478
f 8149 8150 8151
f 8151 8152 8149
v -3846.515 -74.877 519.323
v -3839.874 -74.291 523.784
v -3834.541 -73.998 515.845
v -3841.182 -74.551 511.385
f 8153 8154 8155
f 8155 8156 8153
v -3841.038 -74.543 511.183
v -3834.686 -74.005 516.047
v -3829.599 -73.791 509.403
v -3835.950 -74.309 504.539
f 8157 8158 8159
f 8159 8160 8157
v -3836.721 -74.326 506.321
v -3828.828 -73.786 507.622
v -3827.637 -73.909 500.397
v -3835.530 -74.384 499.096
f 8161 8162 8163
f 8163 8164 8161
v -3835.248 -74.326 501.350
v -3827.919 -73.987 498.143
v -3830.769 -74.320 491.631
v -3838.098 -74.597 494.838
f 8165 8166 8167
f 8167 8168 8165
v -3836.699 -74.494 496.531
v -3832.167 -74.429 489.938
v -3838.201 -74.770 485.791
v -3842.733 -74.861 492.384
f 8169 8170 8171
f 8171 8172 8169
v -3844.432 -74.969 489.613
v -3836.502 -74.648 488.561
v -3837.570 -74.848 480.504
v -3845.501 -75.083 481.556
f 8173 8174 8175
f 8175 8176 8173
v -3845.517 -75.085 481.410
v -3837.554 -74.845 480.650
v -3838.266 -75.004 473.187
v -3846.230 -75.162 473.948
f 8177 8178 8179
f 8179 8180 8177
v -3845.787 -75.141 475.431
v -3838.708 -75.039 471.704
v -3841.079 -75.149 467.200
v -3848.158 -75.219 470.927
f 8181 8182 8183
f 8183 8184 8181
v -3847.846 -75.210 471.427
v -3841.392 -75.160 466.699
v -3847.904 -75.281 457.810
v -3854.358 -75.295 462.538
f 8185 8186 8187
f 8187 8188 8185
v -3854.881 -75.294 461.565
v -3847.381 -75.275 458.783
v -3850.943 -75.287 449.180
v -3858.444 -75.220 451.963
f 8189 8190 8191
f 8191 8192 8189
v -3858.503 -75.218 451.792
v -3850.884 -75.287 449.352
v -3853.845 -75.222 440.106
v -3861.464 -75.073 442.546
f 8193 8194 8195
f 8195 8196 8193
v -3861.590 -75.045 440.609
v -3853.719 -75.231 442.043
v -3852.294 -75.255 434.224
v -3860.165 -74.984 432.789
f 8197 8198 8199
f 8199 8200 8197
v -3858.663 -75.016 430.332
v -3853.796 -75.213 436.681
v -3847.162 -75.436 431.596
v -3852.028 -75.260 425.247
f 8201 8202 8203
f 8203 8204 8201
v -3850.393 -75.331 424.502
v -3848.797 -75.376 432.341
v -3840.626 -75.681 430.677
v -3842.222 -75.706 422.838
f 8205 8206 8207
f 8207 8208 8205
v -3841.830 -75.724 422.778
v -3841.018 -75.666 430.736
v -3834.027 -75.936 430.023
v -3834.839 -76.057 422.064
f 8209 8210 8211
f 8211 8212 8209
v -3833.229 -76.129 422.229
v -3835.637 -75.879 429.858
v -3826.977 -76.128 432.592
v -3824.568 -76.446 424.963
f 8213 8214 8215
f 8215 8216 8213
v -3824.028 -76.462 425.179
v -3827.518 -76.116 432.377
v -3823.377 -76.195 434.385
v -3819.887 -76.568 427.186
f 8217 8218 8219
f 8219 8220 8217
v -3821.406 -76.520 426.792
v -3821.857 -76.231 434.779
v -3813.441 -76.457 435.255
v -3812.990 -76.806 427.267
f 8221 8222 8223
f 8223 8224 8221
v -3812.733 -76.814 427.290
v -3813.699 -76.451 435.232
v -3805.884 -76.611 436.183
v -3804.918 -77.037 428.241
f 8225 8226 8227
f 8227 8228 8225
v -3802.658 -77.059 429.301
v -3808.145 -76.609 435.123
v -3803.870 -76.485 439.152
v -3798.383 -76.978 433.330
f 8229 8230 8231
f 8231 8232 8229
v -3798.019 -76.967 433.722
v -3804.234 -76.500 438.759
v -3801.162 -76.333 442.550
v -3794.947 -76.808 437.513
f 8233 8234 8235
f 8235 8236 8233
v -3794.055 -76.646 440.127
v -3802.053 -76.478 439.936
v -3802.287 -75.863 449.763
v -3794.289 -75.948 449.954
f 8237 8238 8239
f 8239 8240 8237
v -3794.484 -75.865 451.095
v -3802.092 -75.936 448.622
v -3805.175 -75.334 458.105
v -3797.567 -75.196 460.579
f 8241 8242 8243
f 8243 8244 8241
v -3797.935 -75.141 461.389
v -3804.808 -75.384 457.295
v -3808.482 -75.024 463.464
v -3801.608 -74.752 467.557
f 8245 8246 8247
f 8247 8248 8245
v -3801.047 -74.888 465.377
v -3809.043 -74.905 465.644
v -3808.798 -74.496 472.988
v -3800.802 -74.417 472.721
f 8249 8250 8251
f 8251 8252 8249
v -3802.622 -74.638 469.499
v -3806.978 -74.289 476.209
v -3802.603 -74.045 479.049
v -3798.247 -74.412 472.339
f 8253 8254 8255
f 8255 8256 8253
v -3801.393 -74.481 471.813
v -3799.458 -73.952 479.575
v -3789.495 -73.952 477.092
v -3791.429 -74.557 469.330
f 8257 8258 8259
f 8259 8260 8257
v -3792.097 -74.546 469.560
v -3788.827 -73.959 476.861
v -3782.192 -74.100 473.889
v -3785.463 -74.728 466.588
f 8261 8262 8263
f 8263 8264 8261
v -3783.369 -74.744 466.265
v -3784.286 -74.101 474.213
v -3773.977 -73.902 475.401
v -3773.061 -74.616 467.454
f 8265 8266 8267
f 8267 8268 8265
v -3770.273 -74.468 469.090
v -3776.765 -74.054 473.765
v -3773.693 -73.665 478.032
v -3767.201 -74.074 473.356
f 8269 8270 8271
f 8271 8272 8269
v -3766.960 -74.038 473.733
v -3773.933 -73.700 477.655
v -3770.137 -73.070 484.404
v -3763.164 -73.395 480.483
f 8273 8274 8275
f 8275 8276 8273
v -3762.651 -73.212 482.403
v -3770.651 -73.248 482.484
v -3770.172 -69.529 529.413
v -3762.172 -69.355 529.332
f 8277 8278 8279
f 8279 8280 8277
v -3762.208 -69.382 528.836
v -3770.136 -69.503 529.909
v -3769.190 -69.136 536.896
v -3761.262 -69.002 535.823
f 8281 8282 8283
f 8283 8284 8281
v -3762.622 -69.162 533.323
v -3767.829 -68.979 539.396
v -3762.854 -68.641 543.663
v -3757.646 -68.825 537.589
f 8285 8286 8287
f 8287 8288 8285
v -3760.406 -68.941 536.629
v -3760.094 -68.521 544.623
v -3750.977 -68.307 544.266
v -3751.289 -68.743 536.272
f 8289 8290 8291
f 8291 8292 8289
v -3755.025 -68.670 539.345
v -3747.241 -68.379 541.194
v -3745.694 -68.697 534.682
v -3753.477 -68.977 532.833
f 8293 8294 8295
f 8295 8296 8293
v -3753.568 -68.950 533.383
v -3745.603 -68.726 534.132
v -3744.534 -69.440 522.760
v -3752.499 -69.663 522.011
f 8297 8298 8299
f 8299 8300 8297
v -3750.596 -69.879 518.968
v -3746.438 -69.221 525.802
v -3742.530 -69.342 523.425
v -3746.689 -70.007 516.591
f 8301 8302 8303
f 8303 8304 8301
v -3744.610 -70.019 516.008
v -3744.610 -69.335 524.008
v -3733.711 -69.249 524.008
v -3733.711 -69.947 516.008
f 8305 8306 8307
f 8307 8308 8305
v -3734.489 -69.922 516.084
v -3732.934 -69.276 523.932
v -3718.596 -69.887 521.092
v -3720.151 -70.501 513.244
f 8309 8310 8311
f 8311 8312 8309
v -3721.218 -70.445 513.619
v -3717.529 -69.945 520.717
v -3702.712 -70.919 513.017
v -3706.401 -71.396 505.918
f 8313 8314 8315
f 8315 8316 8313
v -3706.657 -71.379 506.063
v -3702.456 -70.936 512.872
v -3691.325 -71.829 506.003
v -3695.525 -72.132 499.195
f 8317 8318 8319
f 8319 8320 8317
v -3697.127 -71.957 501.085
v -3689.723 -72.046 504.114
v -3686.762 -72.689 496.876
v -3694.166 -72.621 493.847
f 8321 8322 8323
f 8323 8324 8321
v -3694.454 -72.449 495.637
v -3686.473 -72.837 495.085
v -3687.063 -73.509 486.553
v -3695.044 -73.191 487.105
f 8325 8326 8327
f 8327 8328 8325
v -3694.390 -73.041 489.035
v -3687.718 -73.646 484.622
v -3692.104 -74.083 477.991
v -3698.776 -73.559 482.405
f 8329 8330 8331
f 8331 8332 8329
v -3698.553 -73.534 482.709
v -3692.326 -74.104 477.687
v -3697.770 -74.616 470.937
v -3703.997 -74.093 475.960
f 8333 8334 8335
f 8335 8336 8333
v -3704.688 -74.205 474.684
v -3697.079 -74.507 472.213
v -3699.695 -75.221 464.156
v -3707.304 -74.940 466.627
f 8337 8338 8339
f 8339 8340 8337
v -3707.470 -75.010 465.872
v -3699.528 -75.153 464.911
v -3700.474 -75.862 457.092
v -3708.417 -75.741 458.053
f 8341 8342 8343
f 8343 8344 8341
v -3708.442 -75.769 457.749
v -3700.449 -75.834 457.395
v -3700.917 -76.799 446.842
v -3708.909 -76.764 447.196
f 8345 8346 8347
f 8347 8348 8345
v -3708.303 -76.981 444.895
v -3701.524 -76.588 449.143
v -3698.329 -77.054 444.044
v -3705.108 -77.454 439.796
f 8349 8350 8351
f 8351 8352 8349
v -3703.936 -77.563 438.592
v -3699.500 -76.945 445.249
v -3693.455 -77.281 441.220
v -3697.892 -77.902 434.563
f 8353 8354 8355
f 8355 8356 8353
v -3696.554 -77.939 433.990
v -3694.793 -77.246 441.794
v -3689.583 -77.283 440.618
v -3691.344 -77.939 432.814
f 8357 8358 8359
f 8359 8360 8357
v -3688.768 -77.867 433.093
v -3692.159 -77.341 440.339
v -3684.567 -76.961 443.892
v -3681.176 -77.473 436.646
f 8361 8362 8363
f 8363 8364 8361
v -3679.410 -77.324 438.265
v -3686.334 -77.108 442.273
v -3682.426 -76.547 449.023
v -3675.503 -76.795 445.015
f 8365 8366 8367
f 8367 8368 8365
v -3677.145 -76.920 443.456
v -3680.784 -76.423 450.581
v -3669.173 -76.016 456.511
v -3665.534 -76.450 449.387
f 8369 8370 8371
f 8371 8372 8369
v -3666.135 -76.468 449.140
v -3668.573 -76.002 456.759
v -3656.729 -75.850 460.550
v -3654.290 -76.234 452.930
f 8373 8374 8375
f 8375 8376 8373
v -3655.061 -76.243 452.765
v -3655.957 -75.848 460.715
v -3645.527 -75.914 461.890
v -3644.631 -76.204 453.941
f 8377 8378 8379
f 8379 8380 8377
v -3643.206 -76.192 454.381
v -3646.952 -75.913 461.450
v -3639.126 -75.894 465.597
v -3635.380 -76.119 458.529
f 8381 8382 8383
f 8383 8384 8381
v -3635.932 -76.120 458.288
v -3638.574 -75.898 465.838
v -3628.801 -76.029 469.259
v -3626.158 -76.163 461.709
f 8385 8386 8387
f 8387 8388 8385
v -3623.499 -76.171 465.877
v -3631.460 -76.039 465.091
v -3632.117 -75.908 471.748
v -3624.155 -76.111 472.534
f 8389 8390 8391
f 8391 8392 8389
v -3624.348 -76.119 470.856
v -3631.924 -75.883 473.426
v -3629.553 -75.850 480.414
v -3621.977 -76.149 477.843
f 8393 8394 8395
f 8395 8396 8393
v -3622.513 -76.136 476.799
v -3629.017 -75.856 481.457
v -3625.555 -75.949 486.291
v -3619.051 -76.250 481.633
f 8397 8398 8399
f 8399 8400 8397
v -3620.536 -76.194 480.374
v -3624.070 -76.009 487.551
v -3617.391 -76.336 490.840
v -3613.857 -76.471 483.663
f 8401 8402 8403
f 8403 8404 8401
v -3614.905 -76.424 483.316
v -3616.342 -76.392 491.186
v -3609.106 -76.807 492.507
v -3607.670 -76.771 484.637
f 8405 8406 8407
f 8407 8408 8405
v -3605.969 -76.866 485.386
v -3610.807 -76.699 491.758
v -3604.128 -77.182 496.830
v -3599.290 -77.328 490.458
f 8409 8410 8411
f 8411 8412 8409
v -3598.364 -77.407 491.450
v -3605.053 -77.106 495.838
v -3601.101 -77.476 501.861
v -3594.413 -77.821 497.473
f 8413 8414 8415
f 8415 8416 8413
v -3593.876 -77.890 498.699
v -3601.638 -77.415 500.635
v -3598.822 -77.861 511.928
v -3591.059 -78.427 509.992
f 8417 8418 8419
f 8419 8420 8417
v -3590.953 -78.456 510.644
v -3598.928 -77.838 511.277
v -3593.451 -79.389 580.290
v -3585.476 -80.365 579.657
f 8421 8422 8423
f 8423 8424 8421
v -3585.464 -80.368 579.922
v -3593.463 -79.386 580.025
v -3592.918 -79.123 622.357
v -3584.918 -80.007 622.254
f 8425 8426 8427
f 8427 8428 8425
v -3584.920 -80.002 622.425
v -3592.916 -79.127 622.186
v -3593.261 -78.841 633.770
v -3585.265 -79.639 634.008
f 8429 8430 8431
f 8431 8432 8429
v -3585.463 -79.588 635.136
v -3593.064 -78.886 632.642
v -3595.435 -78.503 639.867
v -3587.834 -79.165 642.361
f 8433 8434 8435
f 8435 8436 8433
v -3588.993 -79.013 644.118
v -3594.275 -78.650 638.110
v -3603.170 -77.684 645.929
v -3597.888 -78.030 651.937
f 8437 8438 8439
f 8439 8440 8437
v -3598.461 -77.972 652.357
v -3602.596 -77.742 645.509
v -3616.333 -76.479 653.804
v -3612.198 -76.753 660.652
f 8441 8442 8443
f 8443 8444 8441
v -3612.065 -76.764 660.568
v -3616.466 -76.468 653.887
v -3627.253 -75.687 660.993
v -3622.852 -76.031 667.674
f 8445 8446 8447
f 8447 8448 8445
v -3621.741 -76.096 666.577
v -3628.364 -75.622 662.090
v -3636.067 -75.331 673.463
v -3629.444 -75.755 677.949
f 8449 8450 8451
f 8451 8452 8449
v -3628.769 -75.757 675.375
v -3636.742 -75.351 676.037
v -3635.796 -75.662 687.423
v -3627.823 -75.945 686.760
f 8453 8454 8455
f 8455 8456 8453
v -3627.924 -75.933 686.143
v -3635.695 -75.680 688.040
v -3633.558 -75.936 696.797
v -3625.786 -76.100 694.900
f 8457 8458 8459
f 8459 8460 8457
v -3625.803 -76.099 694.834
v -3633.542 -75.937 696.862
v -3624.770 -76.411 730.344
v -3617.031 -76.249 728.317
f 8461 8462 8463
f 8463 8464 8461
v -3947.767 -84.468 567.640
v -3950.262 -84.669 575.241
v -3940.198 -84.221 578.543
v -3937.704 -83.904 570.942
f 8465 8466 8467
f 8467 8468 8465
v -3935.793 -83.765 572.288
v -3942.109 -84.361 577.197
v -3935.386 -83.922 585.849
v -3929.069 -83.322 580.940
f 8469 8470 8471
f 8471 8472 8469
v -3928.316 -83.280 582.555
v -3936.139 -83.962 584.233
v -3934.057 -83.673 593.941
v -3926.235 -83.058 592.263
f 8473 8474 8475
f 8475 8476 8473
v -3926.151 -83.037 592.906
v -3934.141 -83.695 593.298
v -3933.395 -83.269 608.527
v -3925.405 -82.636 608.136
f 8477 8478 8479
f 8479 8480 8477
v -3925.444 -82.648 607.742
v -3933.356 -83.256 608.920
v -3930.629 -82.300 627.240
v -3922.716 -81.780 626.062
f 8481 8482 8483
f 8483 8484 8481
v -4046.824 -83.818 612.493
v -4054.051 -83.437 615.925
v -4047.182 -83.341 630.388
v -4039.956 -83.729 626.956
f 8485 8486 8487
f 8487 8488 8485
v -4040.526 -83.739 626.076
v -4046.613 -83.334 631.267
v -4031.562 -83.096 648.914
v -4025.475 -83.482 643.722
f 8489 8490 8491
f 8491 8492 8489
v -4025.371 -83.476 643.850
v -4031.667 -83.102 648.786
v -4018.754 -82.042 665.256
v -4012.458 -82.349 660.320
f 8493 8494 8495
f 8495 8496 8493
v -4012.709 -82.372 660.030
v -4018.502 -82.019 665.547
v -3998.276 -79.929 686.786
v -3992.482 -80.335 681.268
f 8497 8498 8499
f 8499 8500 8497
v -3992.769 -80.367 680.996
v -3997.989 -79.896 687.058
v -3984.798 -78.395 698.417
v -3979.578 -78.874 692.355
f 8501 8502 8503
f 8503 8504 8501
v -3980.371 -78.953 691.822
v -3984.004 -78.316 698.950
v -3972.861 -77.413 704.629
v -3969.228 -78.045 697.502
f 8505 8506 8507
f 8507 8508 8505
v -3970.535 -78.124 697.098
v -3971.554 -77.335 705.033
v -3961.368 -76.918 706.340
v -3960.349 -77.700 698.406
f 8509 8510 8511
f 8511 8512 8509
v -3960.859 -77.717 698.373
v -3960.859 -76.900 706.373
v -3948.057 -76.545 706.373
v -3948.057 -77.353 698.373
f 8513 8514 8515
f 8515 8516 8513
v -3946.953 -77.306 698.528
v -3949.161 -76.591 706.218
v -3940.511 -76.134 708.701
v -3938.304 -76.841 701.011
f 8517 8518 8519
f 8519 8520 8517
v -3937.492 -76.791 701.345
v -3941.323 -76.180 708.367
v -3934.811 -75.755 711.920
v -3930.980 -76.327 704.898
f 8521 8522 8523
f 8523 8524 8521
v -3933.403 -76.415 704.441
v -3932.388 -75.683 712.377
v -3925.987 -75.667 711.558
v -3927.002 -76.363 703.623
f 8525 8526 8527
f 8527 8528 8525
v -3928.797 -76.337 704.319
v -3924.192 -75.699 710.861
v -3916.611 -76.005 705.525
v -3921.216 -76.630 698.983
f 8529 8530 8531
f 8531 8532 8529
v -3921.150 -76.632 698.938
v -3916.677 -76.002 705.571
v -3906.492 -76.298 698.702
v -3910.964 -76.897 692.069
f 8533 8534 8535
f 8535 8536 8533
v -3911.380 -76.886 692.391
v -3906.076 -76.311 698.381
v -3900.855 -76.491 693.758
v -3906.159 -77.057 687.768
f 8537 8538 8539
f 8539 8540 8537
v -3907.503 -76.900 690.593
v -3899.511 -76.636 690.933
v -3898.921 -77.477 677.065
v -3906.913 -77.847 676.725
f 8541 8542 8543
f 8543 8544 8541
v -3906.917 -77.837 676.895
v -3898.917 -77.486 676.895
v -3898.917 -78.091 665.998
v -3906.917 -78.520 665.998
f 8545 8546 8547
f 8547 8548 8545
v -3906.917 -78.523 665.935
v -3898.918 -78.088 666.061
v -3898.828 -78.395 660.421
v -3906.827 -78.872 660.295
f 8549 8550 8551
f 8551 8552 8549
v -3906.448 -78.742 662.059
v -3899.207 -78.518 658.658
v -3900.399 -78.745 656.122
v -3907.640 -78.965 659.523
f 8553 8554 8555
f 8555 8556 8553
v -3906.638 -78.827 660.845
v -3901.400 -78.894 654.799
v -3906.476 -79.470 650.401
v -3911.715 -79.390 656.447
f 8557 8558 8559
f 8559 8560 8557
v -3910.613 -79.283 657.124
v -3907.577 -79.580 649.723
v -3914.145 -80.142 647.029
v -3917.181 -79.841 654.430
f 8561 8562 8563
f 8563 8564 8561
v -3919.077 -80.067 652.814
v -3912.249 -79.939 648.645
v -3914.709 -80.294 644.616
v -3921.537 -80.508 648.786
f 8565 8566 8567
f 8567 8568 8565
v -3922.018 -80.705 645.791
v -3914.228 -80.120 647.611
v -3913.182 -80.266 643.134
v -3920.972 -80.868 641.313
f 8569 8570 8571
f 8571 8572 8569
v -3920.432 -80.897 640.045
v -3913.722 -80.241 644.401
v -3909.169 -80.264 637.388
v -3915.879 -80.934 633.032
f 8573 8574 8575
f 8575 8576 8573
v -3914.216 -80.886 631.585
v -3910.832 -80.311 638.834
v -3902.995 -79.936 635.176
v -3906.379 -80.489 627.927
f 8577 8578 8579
f 8579 8580 8577
v -3905.384 -80.429 627.612
v -3903.990 -79.992 635.490
v -3895.107 -79.286 633.918
v -3896.501 -79.707 626.041
f 8581 8582 8583
f 8583 8584 8581
v -3896.213 -79.680 626.000
v -3895.394 -79.311 633.958
v -3886.667 -78.533 633.060
v -3887.486 -78.846 625.102
f 8585 8586 8587
f 8587 8588 8585
v -3888.720 -78.958 625.434
v -3885.433 -78.428 632.728
v -3878.486 -77.851 629.598
v -3881.773 -78.349 622.304
f 8589 8590 8591
f 8591 8592 8589
v -3881.808 -78.352 622.320
v -3878.452 -77.848 629.582
v -3874.422 -77.498 627.720
v -3877.778 -77.983 620.458
f 8593 8594 8595
f 8595 8596 8593
v -3875.766 -77.783 620.103
v -3876.435 -77.686 628.075
v -3872.026 -77.253 628.444
v -3871.357 -77.320 620.472
f 8597 8598 8599
f 8599 8600 8597
v -3869.844 -77.158 620.911
v -3873.540 -77.407 628.006
v -3868.241 -76.854 630.766
v -3864.545 -76.583 623.671
f 8601 8602 8603
f 8603 8604 8601
v -3863.043 -76.418 625.034
v -3869.743 -77.017 629.404
v -3864.144 -76.389 637.989
v -3857.443 -75.819 633.619
f 8605 8606 8607
f 8607 8608 8605
v -3857.098 -75.784 634.274
v -3864.489 -76.427 637.335
v -3859.101 -75.856 650.345
v -3851.710 -75.293 647.284
f 8609 8610 8611
f 8611 8612 8609
v -3851.621 -75.286 647.520
v -3859.191 -75.865 650.108
v -3854.448 -75.454 663.977
v -3846.879 -74.989 661.388
f 8613 8614 8615
f 8615 8616 8613
v -3847.028 -74.997 661.014
v -3854.299 -75.444 664.351
v -3849.679 -75.197 674.416
v -3842.409 -74.821 671.079
f 8617 8618 8619
f 8619 8620 8617
v -3842.784 -74.833 670.429
v -3849.304 -75.181 675.065
v -3844.918 -75.035 681.233
v -3838.398 -74.709 676.597
f 8621 8622 8623
f 8623 8624 8621
v -3838.048 -74.704 677.192
v -3845.268 -75.043 680.639
v -3841.705 -75.010 688.101
v -3834.486 -74.726 684.655
f 8625 8626 8627
f 8627 8628 8625
v -3834.162 -74.740 685.655
v -3842.030 -75.006 687.101
v -3839.547 -75.162 700.600
v -3831.679 -75.040 699.153
f 8629 8630 8631
f 8631 8632 8629
v -3831.638 -75.047 699.431
v -3839.588 -75.158 700.322
v -3838.286 -75.358 711.945
v -3830.336 -75.375 711.054
f 8633 8634 8635
f 8635 8636 8633
v -3830.459 -75.357 710.420
v -3838.162 -75.370 712.580
v -3836.270 -75.520 719.329
v -3828.567 -75.570 717.169
f 8637 8638 8639
f 8639 8640 8637
v -3828.425 -75.612 718.480
v -3836.412 -75.491 718.018
v -3836.768 -75.609 724.187
v -3828.781 -75.795 724.648
f 8641 8642 8643
f 8643 8644 8641
v -3829.386 -75.838 726.542
v -3836.163 -75.583 722.292
v -3839.948 -75.604 728.328
v -3833.171 -75.892 732.578
f 8645 8646 8647
f 8647 8648 8645
v -3832.987 -75.890 732.253
v -3840.132 -75.604 728.653
v -3847.479 -75.479 743.235
v -3840.334 -75.848 746.835
f 8649 8650 8651
f 8651 8652 8649
v -3840.171 -75.852 746.466
v -3847.642 -75.473 743.603
v -3854.632 -75.093 761.844
v -3847.162 -75.593 764.707
f 8653 8654 8655
f 8655 8656 8653
v -3846.924 -75.604 763.738
v -3854.871 -75.074 762.812
v -3856.652 -74.896 778.094
v -3848.705 -75.519 779.020
f 8657 8658 8659
f 8659 8660 8657
v -3848.679 -75.521 778.621
v -3856.678 -74.893 778.493
v -3856.867 -74.843 790.367
v -3848.868 -75.525 790.495
f 8661 8662 8663
f 8663 8664 8661
v -3849.249 -75.490 788.727
v -3856.487 -74.870 792.135
v -3852.145 -75.242 801.354
v -3844.907 -75.892 797.946
f 8665 8666 8667
f 8667 8668 8665
v -3845.410 -75.844 797.142
v -3851.642 -75.288 802.158
v -3846.199 -75.785 808.921
v -3839.967 -76.352 803.904
f 8669 8670 8671
f 8671 8672 8669
v -3839.904 -76.358 803.985
v -3846.262 -75.779 808.840
v -3843.579 -76.024 812.353
v -3837.221 -76.603 807.498
f 8673 8674 8675
f 8675 8676 8673
v -3836.450 -76.673 809.293
v -3844.350 -75.953 810.558
v -3843.415 -76.039 816.396
v -3835.515 -76.760 815.131
f 8677 8678 8679
f 8679 8680 8677
v -3835.579 -76.754 814.816
v -3843.351 -76.045 816.711
v -3841.837 -76.184 822.919
v -3834.065 -76.894 821.024
f 8681 8682 8683
f 8683 8684 8681
v -3835.701 -76.744 818.664
v -3840.201 -76.334 825.279
v -3835.503 -76.764 828.475
v -3831.003 -77.174 821.861
f 8685 8686 8687
f 8687 8688 8685
v -3833.593 -76.937 821.182
v -3832.914 -77.001 829.153
v -3824.075 -77.809 828.400
v -3824.754 -77.744 820.429
f 8689 8690 8691
f 8691 8692 8689
v -3825.826 -77.646 820.672
v -3823.003 -77.907 828.158
v -3812.283 -78.758 824.116
v -3815.106 -78.548 816.630
f 8693 8694 8695
f 8695 8696 8693
v -3816.540 -78.443 817.562
v -3810.849 -78.863 823.185
v -3803.435 -79.402 815.683
v -3809.126 -78.982 810.060
f 8697 8698 8699
f 8699 8700 8697
v -3809.351 -78.966 810.308
v -3803.210 -79.418 815.434
v -3792.968 -80.159 803.164
v -3799.110 -79.642 798.038
f 8701 8702 8703
f 8703 8704 8701
v -3799.577 -79.627 798.734
v -3792.502 -80.193 802.468
v -3788.939 -80.301 795.719
v -3796.014 -79.691 791.985
f 8705 8706 8707
f 8707 8708 8705
v -3796.443 -79.729 794.370
v -3788.511 -80.255 793.334
v -3789.936 -79.812 782.424
v -3797.868 -79.324 783.460
f 8709 8710 8711
f 8711 8712 8709
v -3797.897 -79.303 782.754
v -3789.906 -79.837 783.130
v -3789.672 -79.695 778.164
v -3797.664 -79.179 777.788
f 8713 8714 8715
f 8715 8716 8713
v -3796.450 -79.179 775.101
v -3790.887 -79.702 780.850
v -3787.447 -79.815 777.522
v -3793.010 -79.292 771.773
f 8717 8718 8719
f 8719 8720 8717
v -3793.157 -79.288 771.923
v -3787.299 -79.820 777.372
v -3784.216 -79.902 774.056
v -3790.074 -79.335 768.608
f 8721 8722 8723
f 8723 8724 8721
v -3790.726 -79.349 769.549
v -3783.564 -79.910 773.115
v -3782.150 -79.897 770.275
v -3789.312 -79.271 766.710
f 8725 8726 8727
f 8727 8728 8725
v -3789.731 -79.351 768.540
v -3781.731 -79.814 768.445
v -3781.843 -79.215 759.080
v -3789.842 -78.812 759.175
f 8729 8730 8731
f 8731 8732 8729
v -3789.720 -78.871 760.109
v -3781.964 -79.150 758.147
v -3786.940 -77.717 738.480
v -3794.696 -77.570 740.442
f 8733 8734 8735
f 8735 8736 8733
v -3794.128 -77.658 741.708
v -3787.509 -77.602 737.215
v -3792.251 -76.952 730.228
v -3798.870 -77.065 734.720
f 8737 8738 8739
f 8739 8740 8737
v -3799.456 -76.963 733.384
v -3791.665 -77.062 731.564
v -3792.856 -76.673 726.466
v -3800.647 -76.612 728.286
f 8741 8742 8743
f 8743 8744 8741
v -3800.731 -76.529 726.974
v -3792.772 -76.767 727.778
v -3792.293 -76.444 723.036
v -3800.253 -76.244 722.232
f 8745 8746 8747
f 8747 8748 8745
v -3799.110 -76.111 719.814
v -3793.436 -76.590 725.454
v -3773.532 -75.216 705.431
v -3779.206 -74.702 699.791
f 8749 8750 8751
f 8751 8752 8749
v -3779.734 -74.763 700.448
v -3773.004 -75.158 704.773
v -3766.603 -74.239 694.815
v -3773.333 -73.850 690.489
f 8753 8754 8755
f 8755 8756 8753
v -3773.574 -73.890 690.920
v -3766.362 -74.198 694.383
v -3763.635 -73.652 688.704
v -3770.847 -73.357 685.241
f 8757 8758 8759
f 8759 8760 8757
v -3769.447 -73.201 683.636
v -3765.034 -73.809 690.309
v -3760.181 -73.484 687.099
v -3764.594 -72.868 680.426
f 8761 8762 8763
f 8763 8764 8761
v -3762.501 -72.790 679.764
v -3762.274 -73.557 687.761
v -3733.364 -73.408 686.942
v -3733.591 -72.560 678.946
f 8765 8766 8767
f 8767 8768 8765
v -3731.411 -72.653 679.519
v -3735.545 -73.320 686.368
v -3730.446 -73.704 689.446
v -3726.312 -73.045 682.597
f 8769 8770 8771
f 8771 8772 8769
v -3725.434 -73.131 683.314
v -3731.324 -73.619 688.728
v -3726.103 -74.263 694.408
v -3720.213 -73.772 688.994
f 8773 8774 8775
f 8775 8776 8773
v -3719.658 -73.856 689.765
v -3726.659 -74.178 693.637
v -3711.976 -76.859 720.185
v -3704.975 -76.510 716.313
f 8777 8778 8779
f 8779 8780 8777
v -3704.836 -76.536 716.590
v -3712.115 -76.833 719.909
v -3708.441 -77.572 727.965
v -3701.162 -77.258 724.647
f 8781 8782 8783
f 8783 8784 8781
v -3700.829 -77.447 726.777
v -3708.774 -77.377 725.835
v -3709.364 -77.836 730.815
v -3701.419 -77.892 731.756
f 8785 8786 8787
f 8787 8788 8785
v -3701.653 -77.977 732.706
v -3709.131 -77.748 729.864
v -3711.023 -78.214 734.844
v -3703.545 -78.433 737.686
f 8789 8790 8791
f 8791 8792 8789
v -3703.662 -78.458 737.962
v -3710.906 -78.188 734.568
v -3713.511 -78.708 740.129
v -3706.267 -78.900 743.522
f 8793 8794 8795
f 8795 8796 8793
v -3705.924 -78.740 741.298
v -3713.854 -78.872 742.352
v -3712.908 -79.382 749.472
v -3704.978 -79.235 748.418
f 8797 8798 8799
f 8799 8800 8797
v -3706.345 -79.069 745.903
v -3711.540 -79.551 751.986
v -3704.193 -79.920 758.260
v -3698.998 -79.441 752.176
f 8801 8802 8803
f 8803 8804 8801
v -3698.720 -79.456 752.438
v -3704.472 -79.905 757.999
v -3700.130 -80.165 762.489
v -3694.378 -79.688 756.929
f 8805 8806 8807
f 8807 8808 8805
v -3693.278 -79.858 760.145
v -3701.230 -79.956 759.273
v -3701.820 -80.337 764.648
v -3693.868 -80.242 765.521
f 8809 8810 8811
f 8811 8812 8809
v -3694.739 -80.422 767.606
v -3700.950 -80.181 762.564
v -3706.772 -80.764 769.736
v -3700.561 -80.875 774.778
f 8813 8814 8815
f 8815 8816 8813
v -3699.943 -80.825 773.719
v -3707.389 -80.824 770.794
v -3710.673 -81.205 779.155
v -3703.227 -81.198 782.080
f 8817 8818 8819
f 8819 8820 8817
v -3703.203 -81.087 779.219
v -3710.698 -81.319 782.016
v -3709.362 -81.439 785.595
v -3701.867 -81.204 782.798
f 8821 8822 8823
f 8823 8824 8821
v -3705.048 -81.157 780.237
v -3706.181 -81.485 788.156
v -3699.902 -81.410 789.055
v -3698.769 -81.089 781.135
f 8825 8826 8827
f 8827 8828 8825
v -3700.475 -81.122 781.260
v -3698.197 -81.375 788.929
v -3683.124 -80.479 784.452
v -3685.402 -80.350 776.783
f 8829 8830 8831
f 8831 8832 8829
v -3686.268 -80.408 777.156
v -3682.258 -80.419 784.079
v -3676.581 -80.008 780.790
v -3680.591 -80.008 773.867
f 8833 8834 8835
f 8835 8836 8833
v -3678.955 -79.909 773.346
v -3678.217 -80.112 781.312
v -3671.794 -79.749 780.717
v -3672.531 -79.566 772.751
f 8837 8838 8839
f 8839 8840 8837
v -3671.052 -79.496 772.891
v -3673.274 -79.824 780.577
v -3667.607 -79.562 782.215
v -3665.386 -79.250 774.529
f 8841 8842 8843
f 8843 8844 8841
v -3665.230 -79.243 774.578
v -3667.764 -79.569 782.166
v -3661.040 -79.255 784.411
v -3658.506 -78.948 776.823
f 8845 8846 8847
f 8847 8848 8845
v -3659.942 -79.019 776.621
v -3659.604 -79.180 784.614
v -3649.006 -78.494 784.165
v -3649.345 -78.379 776.172
f 8849 8850 8851
f 8851 8852 8849
v -3650.062 -78.430 776.268
v -3648.289 -78.440 784.069
v -3641.721 -77.940 782.576
v -3643.494 -77.958 774.775
f 8853 8854 8855
f 8855 8856 8853
v -3641.707 -77.837 774.779
v -3643.508 -78.069 782.573
v -3639.623 -77.798 783.471
v -3637.822 -77.583 775.677
f 8857 8858 8859
f 8859 8860 8857
v -3634.785 -77.404 778.870
v -3642.660 -77.976 780.278
v -3641.914 -77.978 784.451
v -3634.039 -77.388 783.044
f 8861 8862 8863
f 8863 8864 8861
v -3634.128 -77.410 784.836
v -3641.826 -77.948 782.659
v -3643.473 -78.149 788.484
v -3635.775 -77.588 790.661
f 8865 8866 8867
f 8867 8868 8865
v -3635.731 -77.583 790.490
v -3643.517 -78.155 788.654
v -3645.454 -78.426 796.870
v -3637.668 -77.820 798.706
f 8869 8870 8871
f 8871 8872 8869
v -3637.712 -77.825 798.875
v -3645.410 -78.420 796.700
v -3646.757 -78.589 801.468
v -3639.059 -77.954 803.643
f 8873 8874 8875
f 8875 8876 8873
v -3639.333 -77.977 804.350
v -3646.483 -78.566 800.762
v -3649.366 -78.806 806.507
v -3642.216 -78.217 810.095
f 8877 8878 8879
f 8879 8880 8877
v -3642.823 -78.268 810.982
v -3648.760 -78.756 805.620
v -3653.257 -79.130 810.600
v -3647.320 -78.642 815.962
f 8881 8882 8883
f 8883 8884 8881
v -3646.308 -78.557 813.670
v -3654.270 -79.210 812.891
v -3654.860 -79.250 818.928
v -3646.898 -78.608 819.706
f 8885 8886 8887
f 8887 8888 8885
v -3647.082 -78.623 818.057
v -3654.675 -79.240 820.576
v -3653.729 -79.175 823.429
v -3646.136 -78.546 820.910
f 8889 8890 8891
f 8891 8892 8889
v -3649.668 -78.837 818.178
v -3650.197 -78.884 826.161
v -3639.421 -77.992 826.874
v -3638.892 -77.946 818.892
f 8893 8894 8895
f 8895 8896 8893
v -3636.714 -77.766 819.715
v -3641.600 -78.172 826.050
v -3633.774 -77.516 832.086
v -3628.888 -77.119 825.751
f 8897 8898 8899
f 8899 8900 8897
v -3629.004 -77.129 825.665
v -3633.658 -77.506 832.173
v -3625.364 -76.803 838.103
v -3620.711 -76.442 831.595
f 8901 8902 8903
f 8903 8904 8901
v -3622.211 -76.567 830.935
v -3623.864 -76.683 838.763
v -3613.789 -75.897 840.889
v -3612.137 -75.746 833.062
f 8905 8906 8907
f 8907 8908 8905
v -3613.696 -75.868 833.043
v -3612.230 -75.782 840.908
v -3599.551 -74.900 838.544
v -3601.017 -74.928 830.679
f 8909 8910 8911
f 8911 8912 8909
v -3602.171 -75.014 831.085
v -3598.397 -74.816 838.138
v -3579.562 -73.366 828.061
v -3583.336 -73.644 821.007
f 8913 8914 8915
f 8915 8916 8913
v -3584.358 -73.718 821.789
v -3578.539 -73.292 827.279
v -3570.602 -72.752 818.865
v -3576.421 -73.145 813.375
f 8917 8918 8919
f 8919 8920 8917
v -3577.088 -73.193 814.330
v -3569.935 -72.730 817.911
v -3565.782 -72.594 809.616
v -3572.936 -72.895 806.035
f 8921 8922 8923
f 8923 8924 8921
v -3573.355 -72.925 808.013
v -3565.364 -72.581 807.638
v -3565.720 -72.609 800.057
v -3573.711 -72.955 800.432
f 8925 8926 8927
f 8927 8928 8925
v -3572.995 -72.901 802.534
v -3566.436 -72.691 797.955
v -3571.645 -73.061 790.492
v -3578.205 -73.399 795.072
f 8929 8930 8931
f 8931 8932 8929
v -3578.161 -73.395 795.134
v -3571.690 -73.066 790.430
v -3578.324 -73.712 781.303
v -3584.795 -74.026 786.007
f 8933 8934 8935
f 8935 8936 8933
v -3584.166 -73.973 786.690
v -3578.954 -73.766 780.621
v -3596.609 -75.085 765.458
v -3601.821 -75.262 771.527
f 8937 8938 8939
f 8939 8940 8937
v -3601.592 -75.247 771.709
v -3596.838 -75.101 765.276
v -3610.474 -75.886 755.198
v -3615.229 -76.080 761.632
f 8941 8942 8943
f 8943 8944 8941
v -3616.188 -76.137 760.621
v -3609.515 -75.837 756.209
v -3614.135 -76.078 749.222
v -3620.808 -76.379 753.634
f 8945 8946 8947
f 8947 8948 8945
v -3621.388 -76.403 752.239
v -3613.555 -76.045 750.616
v -3615.570 -76.168 740.895
v -3623.403 -76.452 742.518
f 8949 8950 8951
f 8951 8952 8949
v -3623.461 -76.452 742.161
v -3615.512 -76.165 741.253
v -3616.926 -76.245 728.877
v -3624.874 -76.409 729.785
f 8953 8954 8955
f 8955 8956 8953
v -4114.224 -80.103 569.250
v -4114.224 -80.055 577.250
v -4101.233 -80.778 577.250
v -4101.233 -80.805 569.250
f 8957 8958 8959
f 8959 8960 8957
v -4097.820 -81.015 571.164
v -4104.646 -80.566 575.336
v -4096.631 -81.055 588.452
v -4089.805 -81.508 584.280
f 8961 8962 8963
f 8963 8964 8961
v -4091.161 -81.420 582.935
v -4095.274 -81.150 589.797
v -4088.751 -81.584 593.707
v -4084.638 -81.849 586.845
f 8965 8966 8967
f 8967 8968 8965
v -4086.604 -81.718 586.277
v -4086.785 -81.710 594.275
v -4076.243 -82.385 594.512
v -4076.062 -82.419 586.514
f 8969 8970 8971
f 8971 8972 8969
v -4075.379 -82.464 586.589
v -4076.926 -82.342 594.438
v -4070.291 -82.760 595.745
v -4068.744 -82.905 587.896
f 8973 8974 8975
f 8975 8976 8973
v -4066.143 -83.054 589.673
v -4072.892 -82.602 593.968
v -4067.916 -82.873 601.788
v -4061.167 -83.262 597.493
f 8977 8978 8979
f 8979 8980 8977
v -4061.036 -83.266 597.714
v -4068.047 -82.866 601.566
v -4062.125 -83.090 612.344
v -4055.114 -83.465 608.492
f 8981 8982 8983
f 8983 8984 8981
v -4056.938 -83.392 606.789
v -4060.301 -83.162 614.047
v -4052.119 -83.505 617.838
v -4048.756 -83.750 610.579
f 8985 8986 8987
f 8987 8988 8985
v -4052.347 -83.575 610.694
v -4048.529 -83.672 617.724
v -4040.235 -84.122 613.220
v -4044.053 -84.038 606.190
f 8989 8990 8991
f 8991 8992 8989
v -4044.855 -83.991 606.763
v -4039.434 -84.169 612.647
v -4019.764 -85.273 594.525
v -4025.184 -85.301 588.641
f 8993 8994 8995
f 8995 8996 8993
v -4025.136 -85.303 588.598
v -4019.812 -85.272 594.569
v -3988.053 -85.662 566.250
v -3993.377 -85.492 560.279
f 8997 8998 8999
f 8999 9000 8997
v -3993.680 -85.492 560.581
v -3987.749 -85.662 565.949
v -3969.626 -84.455 545.925
v -3975.558 -84.360 540.557
f 9001 9002 9003
f 9003 9004 9001
v -3975.013 -84.315 540.057
v -3970.170 -84.501 546.425
v -3964.248 -84.054 541.921
v -3969.091 -83.869 535.553
f 9005 9006 9007
f 9007 9008 9005
v -3966.277 -83.731 534.756
v -3967.062 -84.193 542.718
v -3959.826 -83.987 543.431
v -3959.042 -83.528 535.470
f 9009 9010 9011
f 9011 9012 9009
v -3956.994 -83.504 536.281
v -3961.874 -84.012 542.620
v -3954.649 -84.069 548.181
v -3949.770 -83.562 541.841
f 9013 9014 9015
f 9015 9016 9013
v -3948.267 -83.645 544.334
v -3956.152 -83.985 545.688
v -3954.849 -84.351 553.270
v -3946.965 -84.009 551.915
f 9017 9018 9019
f 9019 9020 9017
v -3946.974 -84.006 551.864
v -3954.840 -84.354 553.321
v -3952.469 -84.607 566.120
v -3944.603 -84.314 564.663
f 9021 9022 9023
f 9023 9024 9021
v -3944.548 -84.328 565.707
v -3952.523 -84.594 565.076
v -3953.002 -84.702 571.125
v -3945.027 -84.435 571.756
f 9025 9026 9027
f 9027 9028 9025
v -3945.897 -84.498 573.946
v -3952.132 -84.639 568.935
v -3955.561 -84.822 573.201
v -3949.325 -84.682 578.213
f 9029 9030 9031
f 9031 9032 9029
v -3951.873 -84.792 579.666
v -3953.013 -84.712 571.748
v -3958.701 -84.921 572.567
v -3957.562 -85.002 580.485
f 9033 9034 9035
f 9035 9036 9033
v -3959.785 -85.074 580.168
v -3956.478 -84.849 572.884
v -3964.304 -85.065 569.331
v -3967.611 -85.291 576.615
f 9037 9038 9039
f 9039 9040 9037
v -3967.658 -85.293 576.593
v -3964.256 -85.064 569.353
v -3972.071 -85.278 565.681
v -3975.473 -85.507 572.921
f 9041 9042 9043
f 9043 9044 9041
v -3972.503 -85.407 573.094
v -3975.041 -85.378 565.508
v -3979.305 -85.547 566.934
v -3976.766 -85.576 574.521
f 9045 9046 9047
f 9047 9048 9045
v -3974.288 -85.454 572.126
v -3981.783 -85.670 569.329
v -3983.330 -85.788 573.477
v -3975.835 -85.571 576.273
f 9049 9050 9051
f 9051 9052 9049
v -3976.004 -85.528 573.088
v -3983.162 -85.831 576.661
v -3981.269 -85.824 580.452
v -3974.111 -85.521 576.879
f 9053 9054 9055
f 9055 9056 9053
v -3973.715 -85.528 578.218
v -3981.665 -85.817 579.113
v -3981.064 -85.879 584.449
v -3973.114 -85.589 583.554
f 9057 9058 9059
f 9059 9060 9057
v -3973.274 -85.620 585.205
v -3980.904 -85.848 582.799
v -3982.808 -85.947 588.835
v -3975.178 -85.617 591.241
f 9061 9062 9063
f 9063 9064 9061
v -3975.413 -85.610 591.822
v -3982.573 -85.954 588.253
v -3985.055 -85.880 593.233
v -3977.895 -85.562 596.802
f 9065 9066 9067
f 9067 9068 9065
v -3977.477 -85.599 594.905
v -3985.474 -85.822 595.130
v -3985.240 -85.603 603.425
v -3977.243 -85.368 603.199
f 9069 9070 9071
f 9071 9072 9069
v -3977.739 -85.434 601.380
v -3984.744 -85.562 605.244
v -3981.538 -85.305 611.056
v -3974.533 -85.168 607.192
f 9073 9074 9075
f 9075 9076 9073
v -3974.162 -85.131 608.126
v -3981.909 -85.343 610.122
v -3980.963 -85.212 613.794
v -3973.216 -85.000 611.797
f 9077 9078 9079
f 9079 9080 9077
v -3973.160 -84.952 613.544
v -3981.019 -85.261 612.047
v -3981.853 -85.171 616.433
v -3973.995 -84.859 617.929
f 9081 9082 9083
f 9083 9084 9081
v -3975.395 -84.755 620.279
v -3980.454 -85.187 614.082
v -3983.059 -85.219 616.209
v -3977.999 -84.706 622.406
f 9085 9086 9087
f 9087 9088 9085
v -3980.529 -84.734 623.307
v -3980.529 -85.156 615.307
v -3985.627 -85.280 615.307
v -3985.627 -84.858 623.307
f 9089 9090 9091
f 9091 9092 9089
v -3987.982 -84.883 622.541
v -3983.273 -85.230 616.074
v -3989.785 -85.330 611.332
v -3994.494 -85.103 617.799
f 9093 9094 9095
f 9095 9096 9093
v -3994.009 -85.091 618.101
v -3990.270 -85.331 611.029
v -3996.314 -85.328 607.833
v -4000.054 -85.104 614.905
f 9097 9098 9099
f 9099 9100 9097
v -3997.276 -85.131 615.265
v -3999.092 -85.298 607.474
v -4004.191 -85.197 608.662
v -4002.374 -85.037 616.453
f 9101 9102 9103
f 9103 9104 9101
v -4001.020 -85.069 615.856
v -4005.546 -85.165 609.260
v -4011.590 -84.988 613.407
v -4007.064 -84.825 620.003
f 9105 9106 9107
f 9107 9108 9105
v -4005.714 -84.930 618.421
v -4012.940 -84.936 614.989
v -4020.877 -84.086 631.697
v -4013.651 -83.952 635.130
f 9109 9110 9111
f 9111 9112 9109
v -4013.951 -83.923 635.654
v -4020.578 -84.114 631.173
v -4026.267 -83.666 639.587
v -4019.639 -83.473 644.067
f 9113 9114 9115
f 9115 9116 9113
v -4020.441 -83.428 644.940
v -4025.465 -83.721 638.714
v -4031.031 -83.369 643.205
v -4026.007 -83.183 649.431
f 9117 9118 9119
f 9119 9120 9117
v -4028.292 -83.077 650.311
v -4028.746 -83.469 642.324
v -4053.870 -82.750 643.751
v -4053.417 -82.512 651.738
f 9121 9122 9123
f 9123 9124 9121
v -4051.601 -82.568 651.184
v -4055.686 -82.689 644.305
v -4067.653 -82.249 651.411
v -4063.568 -82.149 658.290
f 9125 9126 9127
f 9127 9128 9125
v -4062.707 -82.178 657.602
v -4068.514 -82.214 652.099
v -4075.148 -81.970 659.099
v -4069.342 -81.948 664.602
f 9129 9130 9131
f 9131 9132 9129
v -4068.254 -82.009 662.123
v -4076.236 -81.926 661.578
v -4076.948 -81.812 671.999
v -4068.967 -81.791 672.545
f 9133 9134 9135
f 9135 9136 9133
v -4070.050 -81.850 669.525
v -4075.865 -81.776 675.018
v -4071.836 -81.683 679.285
v -4066.020 -81.753 673.791
f 9137 9138 9139
f 9139 9140 9137
v -4065.100 -81.709 675.376
v -4072.755 -81.718 677.700
v -4071.208 -81.608 682.798
v -4063.553 -81.557 680.475
f 9141 9142 9143
f 9143 9144 9141
v -4063.382 -81.517 681.744
v -4071.379 -81.635 681.529
v -4071.735 -81.389 694.803
v -4063.738 -81.130 695.018
f 9145 9146 9147
f 9147 9148 9145
v -4064.383 -81.090 697.090
v -4071.091 -81.409 692.731
v -4075.477 -81.447 699.480
v -4068.769 -81.084 703.839
f 9149 9150 9151
f 9151 9152 9149
v -4068.255 -81.088 702.681
v -4075.990 -81.453 700.638
v -4079.307 -81.487 713.199
v -4071.573 -80.999 715.242
f 9153 9154 9155
f 9155 9156 9153
v -4071.442 -81.012 714.108
v -4079.438 -81.487 714.333
v -4079.082 -81.363 727.013
v -4071.085 -80.753 726.788
f 9157 9158 9159
f 9159 9160 9157
v -4071.153 -80.769 726.161
v -4079.015 -81.353 727.639
v -4075.586 -80.872 745.880
v -4067.724 -80.109 744.402
f 9161 9162 9163
f 9163 9164 9161
v -4067.775 -80.118 744.169
v -4075.535 -80.865 746.112
v -4071.617 -80.249 761.764
v -4063.856 -79.426 759.821
f 9165 9166 9167
f 9167 9168 9165
v -4063.796 -79.414 760.108
v -4071.678 -80.261 761.477
v -4069.785 -79.882 772.373
v -4061.903 -78.973 771.004
f 9169 9170 9171
f 9171 9172 9169
v -4061.858 -78.955 772.017
v -4069.831 -79.897 771.360
v -4070.732 -79.920 782.296
v -4062.759 -78.919 782.954
f 9173 9174 9175
f 9175 9176 9173
v -4062.869 -78.924 783.611
v -4070.622 -79.911 781.639
v -4073.606 -80.228 793.368
v -4065.853 -79.147 795.340
f 9177 9178 9179
f 9179 9180 9177
v -4065.874 -79.173 793.289
v -4073.585 -80.212 795.418
v -4070.001 -79.663 808.402
v -4062.289 -78.637 806.273
f 9181 9182 9183
f 9183 9184 9181
v -4062.798 -78.702 805.147
v -4069.492 -79.589 809.528
v -4064.115 -78.866 817.743
v -4057.421 -78.017 813.362
f 9185 9186 9187
f 9187 9188 9185
v -4057.359 -78.009 813.460
v -4064.177 -78.874 817.645
v -4056.117 -77.845 830.774
v -4049.300 -76.979 826.588
f 9189 9190 9191
f 9191 9192 9189
v -4048.961 -76.936 827.281
v -4056.456 -77.888 830.081
v -4050.934 -77.433 844.861
v -4043.440 -76.470 842.061
f 9193 9194 9195
f 9195 9196 9193
v -4043.243 -76.462 842.797
v -4051.132 -77.444 844.125
v -4049.195 -77.424 855.629
v -4041.306 -76.484 854.301
f 9197 9198 9199
f 9199 9200 9197
v -4041.544 -76.493 853.459
v -4048.956 -77.412 856.470
v -4044.770 -77.241 866.773
v -4037.359 -76.307 863.761
f 9201 9202 9203
f 9203 9204 9201
v -4039.032 -76.407 861.822
v -4043.097 -77.139 868.712
v -4037.275 -76.677 872.146
v -4033.210 -75.922 865.256
f 9205 9206 9207
f 9207 9208 9205
v -4036.371 -76.249 864.863
v -4034.114 -76.371 872.539
v -4029.038 -75.772 871.046
v -4031.295 -75.618 863.371
f 9209 9210 9211
f 9211 9212 9209
v -4032.560 -75.789 864.004
v -4027.773 -75.606 870.413
v -4019.568 -74.607 864.285
v -4024.356 -74.686 857.875
f 9213 9214 9215
f 9215 9216 9213
v -4023.707 -74.625 857.481
v -4020.217 -74.678 864.680
v -4014.985 -74.143 862.144
v -4018.475 -74.150 854.945
f 9217 9218 9219
f 9219 9220 9217
v -4016.197 -73.965 854.580
v -4017.263 -74.333 862.508
v -4009.504 -73.826 863.552
v -4008.438 -73.409 855.623
f 9221 9222 9223
f 9223 9224 9221
v -4005.894 -73.266 857.032
v -4012.048 -73.925 862.143
v -4009.811 -73.930 864.837
v -4003.656 -73.193 859.727
f 9225 9226 9227
f 9227 9228 9225
v -4002.745 -73.226 861.984
v -4010.722 -73.855 862.580
v -4010.422 -74.086 866.608
v -4002.444 -73.473 866.013
f 9229 9230 9231
f 9231 9232 9229
v -4002.902 -73.652 868.189
v -4009.964 -73.916 864.432
v -4012.347 -74.368 868.909
v -4005.284 -74.115 872.667
f 9233 9234 9235
f 9235 9236 9233
v -4007.352 -74.376 874.510
v -4010.279 -74.105 867.065
v -4015.956 -74.646 869.297
v -4013.029 -74.900 876.743
f 9237 9238 9239
f 9239 9240 9237
v -4012.964 -74.894 876.717
v -4016.021 -74.652 869.323
v -4022.889 -75.298 872.163
v -4019.833 -75.519 879.556
f 9241 9242 9243
f 9243 9244 9241
v -4018.103 -75.324 878.181
v -4024.619 -75.495 873.539
v -4027.903 -76.035 878.148
v -4021.387 -75.807 882.790
f 9245 9246 9247
f 9247 9248 9245
v -4020.646 -75.632 880.581
v -4028.643 -76.224 880.358
v -4028.821 -76.579 886.750
v -4020.825 -76.014 886.973
f 9249 9250 9251
f 9251 9252 9249
v -4020.888 -75.970 886.145
v -4028.758 -76.617 887.579
v -4026.599 -77.198 899.427
v -4018.728 -76.643 897.992
f 9253 9254 9255
f 9255 9256 9253
v -4019.251 -76.568 896.623
v -4026.076 -77.257 900.796
v -4022.224 -77.513 907.096
v -4015.399 -76.845 902.923
f 9257 9258 9259
f 9259 9260 9257
v -4015.179 -76.866 903.335
v -4022.445 -77.493 906.684
v -4019.060 -77.884 914.027
v -4011.795 -77.284 910.679
f 9261 9262 9263
f 9263 9264 9261
v -4015.865 -77.297 908.377
v -4014.991 -77.881 916.329
v -4011.506 -77.697 915.946
v -4012.380 -77.095 907.994
f 9265 9266 9267
f 9267 9268 9265
v -4014.966 -77.329 909.350
v -4008.920 -77.471 914.589
v -4004.033 -76.767 908.950
v -4010.079 -76.631 903.711
f 9269 9270 9271
f 9271 9272 9269
v -4010.278 -76.662 903.960
v -4003.834 -76.736 908.701
v -3996.498 -75.475 898.729
v -4002.942 -75.420 893.988
f 9273 9274 9275
f 9275 9276 9273
v -4002.994 -75.429 894.059
v -3996.447 -75.466 898.657
v -3985.816 -73.590 883.521
v -3992.363 -73.675 878.923
f 9277 9278 9279
f 9279 9280 9277
v -3992.574 -73.713 879.258
v -3985.605 -73.551 883.186
v -3976.488 -72.069 867.006
v -3983.457 -71.935 863.079
f 9281 9282 9283
f 9283 9284 9281
v -3983.884 -72.030 864.206
v -3976.061 -71.975 865.879
v -3973.990 -71.378 856.198
v -3981.813 -71.488 854.524
f 9285 9286 9287
f 9287 9288 9285
v -3981.892 -71.535 855.640
v -3973.912 -71.331 855.083
v -3975.225 -70.599 836.261
v -3983.206 -70.799 836.818
f 9289 9290 9291
f 9291 9292 9289
v -3983.215 -70.789 836.580
v -3975.216 -70.609 836.500
v -3975.405 -70.399 817.691
v -3983.404 -70.575 817.772
f 9293 9294 9295
f 9295 9296 9293
v -3983.387 -70.575 817.357
v -3975.422 -70.399 818.106
v -3974.754 -70.391 811.000
v -3982.719 -70.567 810.251
f 9297 9298 9299
f 9299 9300 9297
v -3982.690 -70.567 810.015
v -3974.784 -70.392 811.236
v -3973.515 -70.372 803.021
v -3981.421 -70.547 801.800
f 9301 9302 9303
f 9303 9304 9301
v -3981.466 -70.548 802.298
v -3973.469 -70.372 802.523
v -3973.169 -70.730 791.851
v -3981.166 -70.918 791.626
f 9305 9306 9307
f 9307 9308 9305
v -3979.857 -70.758 794.699
v -3974.477 -70.889 788.778
v -3978.662 -71.144 784.974
v -3984.043 -71.013 790.895
f 9309 9310 9311
f 9311 9312 9309
v -3980.931 -70.900 791.912
v -3981.775 -71.257 783.957
v -3987.374 -71.515 784.551
v -3986.530 -71.115 792.507
f 9313 9314 9315
f 9315 9316 9313
v -3984.531 -70.989 791.713
v -3989.373 -71.638 785.345
v -3995.262 -71.920 789.822
v -3990.420 -71.275 796.191
f 9317 9318 9319
f 9319 9320 9317
v -3990.275 -71.268 796.075
v -3995.406 -71.927 789.938
v -3999.514 -72.121 793.372
v -3994.383 -71.464 799.509
f 9321 9322 9323
f 9323 9324 9321
v -3994.924 -71.494 799.890
v -3998.973 -72.093 792.991
v -4005.319 -72.464 796.716
v -4001.269 -71.990 803.615
f 9325 9326 9327
f 9327 9328 9325
v -4003.492 -72.173 804.160
v -4003.096 -72.304 796.170
v -4010.566 -72.923 795.800
v -4010.961 -72.788 803.790
f 9329 9330 9331
f 9331 9332 9329
v -4012.918 -72.949 803.166
v -4008.609 -72.742 796.425
v -4014.208 -73.319 792.846
v -4018.517 -73.441 799.586
f 9333 9334 9335
f 9335 9336 9333
v -4019.350 -73.533 798.876
v -4013.375 -73.228 793.556
v -4016.503 -73.598 790.043
v -4022.478 -73.902 795.363
f 9337 9338 9339
f 9339 9340 9337
v -4023.367 -74.090 791.715
v -4015.615 -73.403 793.690
v -4014.568 -73.460 789.582
v -4022.321 -74.138 787.607
f 9341 9342 9343
f 9343 9344 9341
v -4021.113 -74.108 785.615
v -4015.776 -73.488 791.575
v -4012.870 -73.347 788.973
v -4018.207 -73.967 783.013
f 9345 9346 9347
f 9347 9348 9345
v -4019.413 -73.995 784.999
v -4011.665 -73.321 786.987
v -4010.841 -73.370 783.778
v -4018.590 -74.038 781.789
f 9349 9350 9351
f 9351 9352 9349
v -4018.709 -74.021 782.567
v -4010.721 -73.388 783.000
v -4010.420 -73.561 777.466
v -4018.409 -74.182 777.032
f 9353 9354 9355
f 9355 9356 9353
v -4018.219 -74.119 778.485
v -4010.610 -73.627 776.014
v -4013.226 -74.162 767.957
v -4020.835 -74.581 770.428
f 9357 9358 9359
f 9359 9360 9357
v -4020.585 -74.543 771.028
v -4013.477 -74.217 767.357
v -4018.408 -75.150 757.808
v -4025.516 -75.424 761.478
f 9361 9362 9363
f 9363 9364 9361
v -4025.388 -75.402 761.707
v -4018.536 -75.172 757.579
v -4023.979 -76.059 748.544
v -4030.832 -76.421 752.673
f 9365 9366 9367
f 9367 9368 9365
v -4031.281 -76.519 751.601
v -4023.531 -75.969 749.617
v -4027.460 -77.193 734.269
v -4035.210 -77.672 736.253
f 9369 9370 9371
f 9371 9372 9369
v -3999.143 -75.413 429.983
v -4004.729 -76.158 435.709
v -3985.203 -77.052 454.756
v -3979.617 -76.308 449.029
f 9373 9374 9375
f 9375 9376 9373
v -3979.292 -76.336 449.387
v -3985.528 -77.029 454.398
v -3967.094 -78.826 477.341
v -3960.858 -78.140 472.330
f 9377 9378 9379
f 9379 9380 9377
v -3960.496 -78.183 472.863
v -3967.456 -78.783 476.808
v -3953.162 -80.791 502.023
v -3946.203 -80.244 498.078
f 9381 9382 9383
f 9383 9384 9381
v -3946.249 -80.239 497.998
v -3953.116 -80.796 502.102
v -3950.133 -81.121 507.095
v -3943.265 -80.562 502.991
f 9385 9386 9387
f 9387 9388 9385
v -3943.263 -80.562 502.995
v -3950.135 -81.121 507.090
v -3935.630 -82.252 531.433
v -3928.758 -81.579 527.338
f 9389 9390 9391
f 9391 9392 9389
v -3928.808 -81.578 527.256
v -3935.580 -82.253 531.516
v -3917.713 -82.118 559.914
v -3910.942 -81.483 555.653
f 9393 9394 9395
f 9395 9396 9393
v -3911.284 -81.492 555.187
v -3917.370 -82.096 560.379
v -3899.871 -80.808 580.892
v -3893.785 -80.068 575.700
f 9397 9398 9399
f 9399 9400 9397
v -3893.960 -80.087 575.507
v -3899.696 -80.790 581.084
v -3884.645 -79.005 596.564
v -3878.909 -78.413 590.987
f 9401 9402 9403
f 9403 9404 9401
v -3780.263 -80.365 385.707
v -3777.551 -80.181 393.233
v -3757.246 -81.083 385.915
v -3759.959 -81.377 378.389
f 9405 9406 9407
f 9407 9408 9405
v -3759.418 -81.401 378.236
v -3757.787 -81.060 386.068
v -3739.130 -81.790 382.185
v -3740.760 -82.161 374.353
f 9409 9410 9411
f 9411 9412 9409
v -3739.716 -82.195 374.276
v -3740.174 -81.756 382.262
v -3729.577 -81.703 382.870
v -3729.119 -82.116 374.883
f 9413 9414 9415
f 9415 9416 9413
v -3727.171 -82.047 375.521
v -3731.524 -81.770 382.233
v -3722.563 -81.317 388.044
v -3718.210 -81.588 381.332
f 9417 9418 9419
f 9419 9420 9417
v -3718.439 -81.599 381.194
v -3722.334 -81.306 388.182
v -3707.851 -80.681 396.253
v -3703.957 -80.960 389.265
f 9421 9422 9423
f 9423 9424 9421
v -3704.956 -80.995 388.873
v -3706.852 -80.647 396.645
v -3688.495 -79.957 401.122
v -3686.599 -80.196 393.350
f 9425 9426 9427
f 9427 9428 9425
v -3687.780 -80.259 393.243
v -3687.314 -79.899 401.229
v -3654.965 -78.463 399.341
v -3655.431 -78.688 391.354
f 9429 9430 9431
f 9431 9432 9429
v -3752.809 -80.971 308.515
v -3755.512 -81.286 316.044
v -3747.564 -81.598 318.897
v -3744.861 -81.376 311.368
f 9433 9434 9435
f 9435 9436 9433
v -3744.373 -81.404 311.581
v -3748.052 -81.578 318.684
v -3741.473 -81.871 322.092
v -3737.794 -81.762 314.989
f 9437 9438 9439
f 9439 9440 9437
v -3737.796 -81.762 314.988
v -3741.472 -81.871 322.093
v -3732.945 -82.078 326.505
v -3729.268 -81.800 319.399
f 9441 9442 9443
f 9443 9444 9441
v -3729.553 -81.801 319.266
v -3732.660 -82.077 326.638
v -3711.565 -81.943 335.527
v -3708.458 -81.680 328.155
f 9445 9446 9447
f 9447 9448 9445
v -3707.894 -81.677 328.447
v -3712.129 -81.946 335.235
v -3694.830 -81.796 346.026
v -3690.595 -81.433 339.239
f 9449 9450 9451
f 9451 9452 9449
v -3690.175 -81.414 339.541
v -3695.250 -81.826 345.725
v -3684.708 -81.072 354.376
v -3679.633 -80.810 348.192
f 9453 9454 9455
f 9455 9456 9453
v -3678.930 -80.759 348.939
v -3685.411 -81.123 353.629
v -3676.161 -80.434 366.415
v -3669.679 -80.075 361.725
f 9457 9458 9459
f 9459 9460 9457
v -3669.159 -80.035 362.708
v -3676.681 -80.474 365.432
v -3672.774 -80.097 376.223
v -3665.251 -79.717 373.499
f 9461 9462 9463
f 9463 9464 9461
v -3665.529 -79.738 372.895
v -3672.496 -80.060 376.827
v -3663.134 -79.021 393.417
v -3656.167 -78.774 389.485
f 9465 9466 9467
f 9467 9468 9465
v -3657.016 -78.846 388.441
v -3662.285 -78.948 394.461
v -3657.832 -78.624 398.358
v -3652.564 -78.494 392.337
f 9469 9470 9471
f 9471 9472 9469
v -3652.558 -78.493 392.342
v -3657.837 -78.624 398.353
v -3651.626 -78.167 403.808
v -3646.347 -77.973 397.797
f 9473 9474 9475
f 9475 9476 9473
v -3645.590 -77.909 398.690
v -3652.383 -78.233 402.915
v -3641.841 -77.188 419.862
v -3635.048 -76.986 415.636
f 9477 9478 9479
f 9479 9480 9477
v -3635.375 -77.010 415.184
v -3641.514 -77.163 420.314
v -3631.317 -76.581 432.518
v -3625.178 -76.453 427.389
f 9481 9482 9483
f 9483 9484 9481
v -3625.114 -76.451 427.467
v -3631.380 -76.584 432.440
v -3627.239 -76.420 437.658
v -3620.973 -76.305 432.684
f 9485 9486 9487
f 9487 9488 9485
v -3620.146 -76.281 434.611
v -3628.067 -76.461 435.731
v -3626.642 -76.323 445.809
v -3618.721 -76.250 444.689
f 9489 9490 9491
f 9491 9492 9489
v -3618.692 -76.250 445.539
v -3626.671 -76.332 444.959
v -3627.506 -76.207 456.450
v -3619.527 -76.249 457.030
f 9493 9494 9495
f 9495 9496 9493
v -3619.873 -76.246 458.391
v -3627.159 -76.224 455.089
v -3631.122 -76.066 463.833
v -3623.836 -76.156 467.135
f 9497 9498 9499
f 9499 9500 9497
v -3737.438 -73.006 683.508
v -3729.518 -72.979 682.380
v -3732.256 -71.107 663.149
v -3740.176 -71.171 664.277
f 9501 9502 9503
f 9503 9504 9501
v -3739.936 -71.252 665.183
v -3732.496 -71.018 662.243
v -3737.272 -69.801 650.157
v -3744.712 -70.206 653.097
f 9505 9506 9507
f 9507 9508 9505
v -3744.338 -70.266 653.820
v -3737.646 -69.740 649.435
v -3743.980 -69.200 639.767
v -3750.672 -69.618 644.151
f 9509 9510 9511
f 9511 9512 9509
v -3622.748 -76.102 481.755
v -3628.782 -75.932 476.501
v -3640.938 -75.113 490.463
v -3634.904 -75.312 495.716
f 9513 9514 9515
f 9515 9516 9513
v -3635.467 -75.267 496.248
v -3640.375 -75.158 489.931
v -3652.598 -74.120 499.427
v -3647.690 -74.223 505.745
f 9517 9518 9519
f 9519 9520 9517
v -3646.942 -74.300 504.984
v -3653.345 -74.042 500.188
v -3664.822 -72.732 515.510
v -3658.419 -72.904 520.306
f 9521 9522 9523
f 9523 9524 9521
v -3658.056 -72.953 519.722
v -3665.186 -72.681 516.094
v -3672.800 -71.468 531.059
v -3665.670 -71.863 534.687
f 9525 9526 9527
f 9527 9528 9525
v -3665.743 -71.853 534.823
v -3672.728 -71.478 530.923
v -3680.442 -70.364 544.738
v -3673.457 -70.776 548.639
f 9529 9530 9531
f 9531 9532 9529
v -3673.205 -70.817 548.094
v -3680.695 -70.322 545.283
v -3687.084 -69.231 562.308
v -3679.594 -69.852 565.119
f 9533 9534 9535
f 9535 9536 9533
v -3679.423 -69.873 564.527
v -3687.256 -69.209 562.901
v -3689.794 -68.832 575.132
v -3681.961 -69.511 576.757
f 9537 9538 9539
f 9539 9540 9537
v -3682.239 -69.476 577.607
v -3689.516 -68.868 574.282
v -3696.952 -68.191 590.555
v -3689.675 -68.832 593.880
f 9541 9542 9543
f 9543 9544 9541
v -3690.332 -68.796 594.883
v -3696.295 -68.189 589.551
v -3705.791 -68.126 600.170
v -3699.827 -68.454 605.503
f 9545 9546 9547
f 9547 9548 9545
v -3699.936 -68.454 605.619
v -3705.682 -68.127 600.054
v -3717.438 -68.049 612.192
v -3711.691 -68.375 617.758
f 9549 9550 9551
f 9551 9552 9549
v -3712.140 -68.383 618.157
v -3716.989 -68.053 611.793
v -3732.417 -68.095 623.548
v -3727.569 -68.653 629.912
f 9553 9554 9555
f 9555 9556 9553
v -3728.086 -68.660 630.246
v -3731.900 -68.089 623.214
v -3742.810 -68.484 629.131
v -3738.995 -68.857 636.163
f 9557 9558 9559
f 9559 9560 9557
v -3739.603 -68.888 636.430
v -3742.202 -68.452 628.864
v -3749.160 -68.770 631.255
v -3746.560 -69.194 638.821
f 9561 9562 9563
f 9563 9564 9561
v -3845.020 -75.630 284.685
v -3844.173 -75.731 292.640
v -3828.789 -76.651 291.002
v -3829.636 -76.441 283.047
f 9565 9566 9567
f 9567 9568 9565
v -3830.232 -76.411 283.157
v -3828.193 -76.684 290.893
v -3814.266 -77.351 287.221
v -3816.306 -76.969 279.485
f 9569 9570 9571
f 9571 9572 9569
v -3815.679 -76.989 279.372
v -3814.893 -77.325 287.333
v -3795.902 -78.135 285.458
v -3796.688 -77.644 277.497
f 9573 9574 9575
f 9575 9576 9573
v -3795.828 -77.678 277.505
v -3796.763 -78.095 285.450
v -3779.931 -78.979 287.431
v -3778.996 -78.490 279.486
f 9577 9578 9579
f 9579 9580 9577
v -3778.719 -78.505 279.529
v -3780.209 -78.963 287.389
v -3771.014 -79.321 289.132
v -3769.524 -78.840 281.272
f 9581 9582 9583
f 9583 9584 9581
v -3768.139 -78.913 281.816
v -3772.398 -79.258 288.588
v -3764.818 -79.716 293.356
v -3760.558 -79.390 286.584
f 9585 9586 9587
f 9587 9588 9585
v -3759.869 -79.439 287.133
v -3765.507 -79.666 292.808
v -3759.284 -80.197 298.990
v -3753.646 -79.969 293.314
f 9589 9590 9591
f 9591 9592 9589
v -3752.801 -80.068 294.547
v -3760.129 -80.099 297.757
v -3756.901 -80.645 305.127
v -3749.573 -80.626 301.917
f 9593 9594 9595
f 9595 9596 9593
v -3749.259 -80.767 303.942
v -3757.215 -80.509 303.103
v -3758.139 -81.038 311.860
v -3750.183 -81.316 312.699
f 9597 9598 9599
f 9599 9600 9597
v -3840.909 -76.201 328.198
v -3835.149 -76.663 322.646
v -3848.373 -75.520 308.923
v -3854.134 -75.067 314.474
f 9601 9602 9603
f 9603 9604 9601
v -3853.425 -75.124 315.058
v -3849.082 -75.464 308.339
v -3856.785 -74.900 303.359
v -3861.128 -74.537 310.078
f 9605 9606 9607
f 9607 9608 9605
v -3860.330 -74.590 310.476
v -3857.584 -74.845 302.962
v -3867.847 -74.249 299.211
v -3870.594 -73.969 306.724
f 9609 9610 9611
f 9611 9612 9609
v -3658.306 -78.693 304.048
v -3651.755 -78.202 299.456
v -3666.895 -77.974 277.860
v -3673.446 -78.455 282.453
f 9613 9614 9615
f 9615 9616 9613
v -3673.369 -78.459 282.558
v -3666.971 -77.970 277.755
v -3677.135 -77.385 264.216
v -3683.533 -77.838 269.019
f 9617 9618 9619
f 9619 9620 9617
v -3683.262 -77.855 269.342
v -3677.405 -77.368 263.893
v -3695.038 -76.036 244.939
v -3700.895 -76.531 250.388
f 9621 9622 9623
f 9623 9624 9621
v -3646.878 -78.281 315.016
v -3639.005 -77.716 316.438
v -3634.341 -77.030 290.602
v -3642.214 -77.411 289.180
f 9625 9626 9627
f 9627 9628 9625
v -3642.252 -77.438 290.340
v -3634.303 -77.012 289.442
v -3637.442 -76.565 261.677
v -3645.391 -76.744 262.576
f 9629 9630 9631
f 9631 9632 9629
v -3645.358 -76.751 262.807
v -3637.475 -76.560 261.446
v -3640.903 -76.038 241.594
v -3648.787 -76.033 242.955
f 9633 9634 9635
f 9635 9636 9633
v -3632.184 -76.653 429.244
v -3624.311 -76.406 430.663
v -3621.706 -76.374 416.213
v -3629.579 -76.746 414.794
f 9637 9638 9639
f 9639 9640 9637
v -3629.622 -76.735 415.907
v -3621.663 -76.376 415.100
v -3625.459 -76.749 377.654
v -3633.418 -77.355 378.461
f 9641 9642 9643
f 9643 9644 9641
v -3633.350 -77.345 378.895
v -3625.527 -76.756 377.220
v -3633.342 -77.441 340.725
v -3641.164 -78.110 342.400
f 9645 9646 9647
f 9647 9648 9645
v -3641.159 -78.110 342.423
v -3633.347 -77.442 340.703
v -3639.035 -77.705 314.867
v -3646.848 -78.297 316.587
f 9649 9650 9651
f 9651 9652 9649
v -3645.967 -78.251 318.344
v -3639.916 -77.751 313.110
v -3652.006 -78.208 299.135
v -3658.056 -78.692 304.369
f 9653 9654 9655
f 9655 9656 9653
v -3655.938 -78.631 305.648
v -3654.124 -78.293 297.857
v -3671.423 -78.888 293.828
v -3673.237 -79.311 301.619
f 9657 9658 9659
f 9659 9660 9657
v -3671.881 -79.251 301.698
v -3672.779 -78.941 293.749
v -3697.904 -80.086 296.589
v -3697.005 -80.549 304.538
f 9661 9662 9663
f 9663 9664 9661
v -3696.628 -80.539 304.477
v -3698.281 -80.094 296.650
v -3724.107 -80.787 302.105
v -3722.454 -81.277 309.932
f 9665 9666 9667
f 9667 9668 9665
v -3720.849 -81.204 309.195
v -3725.713 -80.859 302.843
v -3742.065 -81.652 315.364
v -3737.202 -81.985 321.716
f 9669 9670 9671
f 9671 9672 9669
v -3712.060 -72.346 960.187
v -3714.397 -72.982 952.536
v -3729.181 -72.346 957.053
v -3726.843 -71.678 964.704
f 9673 9674 9675
f 9675 9676 9673
v -3725.687 -71.752 964.134
v -3730.336 -72.274 957.623
v -3743.505 -71.359 967.027
v -3738.856 -70.686 973.538
f 9677 9678 9679
f 9679 9680 9677
v -3738.331 -70.721 973.089
v -3744.031 -71.324 967.476
v -3751.456 -70.740 975.018
v -3745.756 -70.136 980.630
f 9681 9682 9683
f 9683 9684 9681
v -3585.440 -74.129 782.684
v -3577.680 -73.598 784.626
v -3575.052 -73.681 774.126
v -3582.813 -74.170 772.184
f 9685 9686 9687
f 9687 9688 9685
v -3582.392 -74.167 771.146
v -3575.474 -73.681 775.164
v -3570.097 -73.742 765.905
v -3577.015 -74.225 761.887
f 9689 9690 9691
f 9691 9692 9689
v -3577.499 -74.194 763.222
v -3569.613 -73.797 764.570
v -3568.055 -74.213 755.457
v -3575.940 -74.504 754.108
f 9693 9694 9695
f 9695 9696 9693
v -3575.991 -74.467 755.010
v -3568.004 -74.257 754.555
v -3568.672 -74.835 742.839
v -3576.659 -74.984 743.295
f 9697 9698 9699
f 9699 9700 9697
v -3576.555 -74.951 744.002
v -3568.776 -74.870 742.132
v -3571.092 -75.429 732.503
v -3578.870 -75.460 734.374
f 9701 9702 9703
f 9703 9704 9701
v -3577.702 -75.333 736.370
v -3572.260 -75.560 730.507
v -3579.573 -76.005 723.718
v -3585.016 -75.786 729.581
f 9705 9706 9707
f 9707 9708 9705
v -3582.347 -75.701 730.649
v -3582.242 -76.071 722.650
v -3594.331 -76.132 722.491
v -3594.436 -75.884 730.491
f 9709 9710 9711
f 9711 9712 9709
v -3594.328 -75.882 730.491
v -3594.440 -76.132 722.491
v -3610.492 -76.202 722.716
v -3610.380 -76.113 730.715
f 9713 9714 9715
f 9715 9716 9713
v -3609.466 -76.101 730.596
v -3611.406 -76.205 722.835
v -3621.870 -76.329 725.450
v -3619.930 -76.311 733.211
f 9717 9718 9719
f 9719 9720 9717
v -3620.282 -76.320 733.282
v -3621.519 -76.323 725.379
v -3640.165 -76.687 728.298
v -3638.928 -76.873 736.201
f 9721 9722 9723
f 9723 9724 9721
v -3639.449 -76.890 736.248
v -3639.644 -76.676 728.251
v -3654.794 -76.976 728.621
v -3654.599 -77.350 736.618
f 9725 9726 9727
f 9727 9728 9725
v -3654.569 -77.349 736.617
v -3654.825 -76.977 728.621
v -3678.391 -77.389 729.374
v -3678.135 -77.946 737.370
f 9729 9730 9731
f 9731 9732 9729
v -3677.894 -77.939 737.355
v -3678.633 -77.394 729.389
v -3693.872 -77.759 730.803
v -3693.133 -78.422 738.768
f 9733 9734 9735
f 9735 9736 9733
v -3694.632 -78.447 738.623
v -3692.373 -77.746 730.948
v -3704.262 -77.515 727.448
v -3706.521 -78.217 735.123
f 9737 9738 9739
f 9739 9740 9737
v -3993.021 -81.869 968.604
v -3990.813 -82.535 976.293
v -3980.371 -82.091 973.295
v -3982.579 -81.445 965.606
f 9741 9742 9743
f 9743 9744 9741
v -3981.804 -81.408 965.464
v -3981.146 -82.128 973.437
v -3971.072 -81.733 972.605
v -3971.730 -81.019 964.632
f 9745 9746 9747
f 9747 9748 9745
v -3969.180 -81.001 965.291
v -3973.622 -81.753 971.945
v -3962.957 -82.068 979.064
v -3958.516 -81.319 972.410
f 9749 9750 9751
f 9751 9752 9749
v -3957.949 -81.343 972.869
v -3963.524 -82.044 978.606
v -3950.967 -82.548 990.810
v -3945.392 -81.996 985.073
f 9753 9754 9755
f 9755 9756 9753
v -3945.281 -82.000 985.184
v -3951.078 -82.545 990.698
v -3937.218 -82.783 1005.266
v -3931.422 -82.037 999.752
f 9757 9758 9759
f 9759 9760 9757
v -3930.934 -82.039 1000.379
v -3937.706 -82.780 1004.639
v -3929.056 -82.774 1018.388
v -3922.285 -82.141 1014.129
f 9761 9762 9763
f 9763 9764 9761
v -3922.585 -82.155 1013.713
v -3928.756 -82.760 1018.804
v -3914.774 -82.020 1035.750
v -3908.604 -81.407 1030.658
f 9765 9766 9767
f 9767 9768 9765
v -3909.387 -81.457 1029.933
v -3913.991 -81.971 1036.475
v -3901.245 -81.017 1045.443
v -3896.641 -80.415 1038.901
f 9769 9770 9771
f 9771 9772 9769
v -3897.805 -80.537 1038.337
v -3900.081 -80.879 1046.007
v -3876.938 -78.184 1052.875
v -3874.662 -77.956 1045.205
f 9773 9774 9775
f 9775 9776 9773
v -3874.772 -77.969 1045.174
v -3876.827 -78.172 1052.906
v -3843.687 -74.396 1061.715
v -3841.632 -74.150 1053.984
f 9777 9778 9779
f 9779 9780 9777
v -3841.795 -74.168 1053.944
v -3843.524 -74.378 1061.755
v -3815.906 -71.396 1067.870
v -3814.177 -71.203 1060.059
f 9781 9782 9783
f 9783 9784 9781
v -3814.561 -71.234 1059.994
v -3815.522 -71.365 1067.936
v -3778.497 -68.382 1072.413
v -3777.536 -68.235 1064.471
f 9785 9786 9787
f 9787 9788 9785
v -3778.017 -68.250 1064.442
v -3778.017 -68.343 1072.442
v -3757.712 -67.764 1072.442
v -3757.712 -67.661 1064.442
f 9789 9790 9791
f 9791 9792 9789
v -3759.236 -67.709 1064.744
v -3756.187 -67.716 1072.140
v -3741.705 -67.222 1066.170
v -3744.754 -67.210 1058.774
f 9793 9794 9795
f 9795 9796 9793
v -3746.440 -67.277 1060.087
v -3740.018 -67.155 1064.857
v -3728.374 -67.127 1049.180
v -3734.796 -66.840 1044.410
f 9797 9798 9799
f 9799 9800 9797
v -3735.085 -66.836 1044.858
v -3728.085 -67.131 1048.731
v -3719.580 -67.656 1033.357
v -3726.580 -67.532 1029.485
f 9801 9802 9803
f 9803 9804 9801
v -3726.955 -67.493 1030.428
v -3719.206 -67.695 1032.414
v -3712.927 -68.769 1007.927
v -3720.677 -68.662 1005.940
f 9805 9806 9807
f 9807 9808 9805
v -3720.786 -68.572 1007.288
v -3712.818 -68.856 1006.580
v -3713.719 -69.466 996.436
v -3721.688 -69.201 997.145
f 9809 9810 9811
f 9811 9812 9809
v -3721.701 -69.232 996.658
v -3713.706 -69.436 996.923
v -3712.804 -71.495 969.755
v -3720.800 -71.358 969.489
f 9813 9814 9815
f 9815 9816 9813
v -3720.664 -71.443 968.581
v -3712.940 -71.413 970.663
v -3709.366 -72.633 957.402
v -3717.091 -72.693 955.321
f 9817 9818 9819
f 9819 9820 9817
v -3713.158 -73.017 952.362
v -3713.299 -72.310 960.361
v -3706.576 -72.414 960.480
v -3706.434 -73.102 952.481
f 9821 9822 9823
f 9823 9824 9821
v -3706.277 -73.104 952.487
v -3706.733 -72.412 960.474
v -3680.606 -73.112 961.966
v -3680.150 -73.674 953.979
f 9825 9826 9827
f 9827 9828 9825
v -3680.177 -73.673 953.978
v -3680.580 -73.113 961.968
v -3656.991 -74.061 963.156
v -3656.588 -74.447 955.167
f 9829 9830 9831
f 9831 9832 9829
v -3657.988 -74.388 955.345
v -3655.592 -74.130 962.978
v -3635.142 -75.456 956.559
v -3637.538 -75.519 948.926
f 9833 9834 9835
f 9835 9836 9833
v -3638.953 -75.438 949.714
v -3633.727 -75.544 955.771
v -3592.372 -76.466 920.097
v -3597.598 -76.261 914.039
f 9837 9838 9839
f 9839 9840 9837
v -3598.292 -76.281 914.818
v -3591.678 -76.445 919.318
v -3581.525 -75.811 904.393
v -3588.140 -75.714 899.894
f 9841 9842 9843
f 9843 9844 9841
v -3588.709 -75.772 901.155
v -3580.957 -75.744 903.132
v -3577.528 -75.021 889.686
v -3585.280 -75.185 887.709
f 9845 9846 9847
f 9847 9848 9845
v -3585.395 -75.230 888.971
v -3577.413 -74.966 888.425
v -3578.159 -74.557 877.528
v -3586.141 -74.904 878.074
f 9849 9850 9851
f 9851 9852 9849
v -3585.808 -74.934 879.420
v -3578.492 -74.518 876.182
v -3583.713 -74.336 864.388
v -3591.028 -74.819 867.626
f 9853 9854 9855
f 9855 9856 9853
v -3591.134 -74.817 867.361
v -3583.607 -74.339 864.652
v -3589.730 -74.363 847.640
v -3597.257 -74.877 850.349
f 9857 9858 9859
f 9859 9860 9857
v -3597.111 -74.872 850.703
v -3589.876 -74.367 847.287
v -3596.667 -74.635 832.904
v -3603.901 -75.182 836.319
f 9861 9862 9863
f 9863 9864 9861
v -4008.799 -77.044 909.497
v -4015.087 -77.736 914.443
v -4008.876 -78.110 922.341
v -4002.588 -77.429 917.396
f 9865 9866 9867
f 9867 9868 9865
v -4001.767 -77.563 919.335
v -4009.696 -77.983 920.401
v -4008.672 -78.602 928.022
v -4000.743 -78.216 926.956
f 9869 9870 9871
f 9871 9872 9869
v -4000.708 -78.261 927.452
v -4008.707 -78.560 927.526
v -4008.607 -79.509 938.343
v -4000.608 -79.268 938.269
f 9873 9874 9875
f 9875 9876 9873
v -4000.762 -79.174 937.206
v -4008.453 -79.598 939.406
v -4006.572 -80.133 945.984
v -3998.880 -79.740 943.784
f 9877 9878 9879
f 9879 9880 9877
v -3999.256 -79.665 942.894
v -4006.196 -80.204 946.874
v -4000.741 -80.927 956.384
v -3993.802 -80.456 952.403
f 9881 9882 9883
f 9883 9884 9881
v -3993.749 -80.464 952.499
v -4000.794 -80.920 956.288
v -3996.653 -81.509 963.988
v -3989.607 -81.078 960.199
f 9885 9886 9887
f 9887 9888 9885
v -3989.158 -81.201 961.628
v -3997.103 -81.392 962.559
v -3995.890 -82.270 972.914
v -3987.944 -82.127 971.983
f 9889 9890 9891
f 9891 9892 9889
v -3987.935 -82.204 972.827
v -3995.899 -82.197 972.070
v -3997.302 -83.379 986.836
v -3989.337 -83.431 987.593
f 9893 9894 9895
f 9895 9896 9893
v -3989.679 -83.513 988.872
v -3996.960 -83.301 985.557
v -4010.318 -84.885 1014.891
v -4003.038 -85.059 1018.207
f 9897 9898 9899
f 9899 9900 9897
v -4002.840 -85.048 1017.676
v -4010.516 -84.896 1015.422
v -4014.468 -85.160 1028.881
v -4006.792 -85.330 1031.135
f 9901 9902 9903
f 9903 9904 9901
v -4006.630 -85.307 1030.079
v -4014.629 -85.183 1029.937
v -4015.097 -85.367 1056.260
v -4007.098 -85.498 1056.402
f 9905 9906 9907
f 9907 9908 9905
v -4007.115 -85.495 1056.703
v -4015.080 -85.371 1055.958
v -4017.340 -84.894 1080.128
v -4009.374 -84.964 1080.873
f 9909 9910 9911
f 9911 9912 9909
v -4009.413 -84.950 1081.167
v -4017.301 -84.907 1079.835
v -4018.526 -84.587 1087.086
v -4010.637 -84.611 1088.418
f 9913 9914 9915
f 9915 9916 9913
v -4010.635 -84.670 1087.103
v -4018.529 -84.532 1088.400
v -4017.493 -84.276 1094.700
v -4009.599 -84.397 1093.403
f 9917 9918 9919
f 9919 9920 9917
v -4009.848 -84.434 1092.528
v -4017.245 -84.241 1095.575
v -4012.636 -83.735 1106.762
v -4005.239 -83.954 1103.715
f 9921 9922 9923
f 9923 9924 9921
v -4005.393 -83.968 1103.385
v -4012.482 -83.713 1107.092
v -4008.152 -83.130 1115.373
v -4001.063 -83.402 1111.666
f 9925 9926 9927
f 9927 9928 9925
v -4000.627 -83.290 1113.128
v -4008.588 -83.236 1113.912
v -4007.931 -82.754 1120.582
v -3999.970 -82.780 1119.798
f 9929 9930 9931
f 9931 9932 9929
v -4001.193 -82.535 1123.087
v -4006.708 -82.988 1117.292
v -4016.493 -82.384 1126.603
v -4010.978 -81.934 1132.399
f 9933 9934 9935
f 9935 9936 9933
v -4010.976 -81.934 1132.396
v -4016.495 -82.384 1126.605
v -4034.551 -81.360 1143.815
v -4029.032 -80.896 1149.606
f 9937 9938 9939
f 9939 9940 9937
v -4028.245 -80.958 1148.561
v -4035.338 -81.301 1144.860
v -4038.432 -80.981 1150.790
v -4031.340 -80.601 1154.491
f 9941 9942 9943
f 9943 9944 9941
v -4030.895 -80.700 1152.898
v -4038.878 -80.895 1152.384
v -4039.635 -80.226 1164.138
v -4031.652 -79.918 1164.652
f 9945 9946 9947
f 9947 9948 9945
v -4031.643 -79.937 1164.376
v -4039.643 -80.210 1164.415
v -4039.554 -79.130 1182.852
v -4031.554 -78.678 1182.814
f 9949 9950 9951
f 9951 9952 9949
v -4031.636 -78.627 1183.640
v -4039.472 -79.174 1182.026
v -4041.253 -78.786 1190.677
v -4033.417 -78.160 1192.291
f 9953 9954 9955
f 9955 9956 9953
v -4034.801 -78.108 1194.579
v -4039.870 -78.827 1188.389
v -4048.385 -79.036 1195.363
v -4043.317 -78.385 1201.552
f 9957 9958 9959
f 9959 9960 9957
v -3851.486 -75.302 794.185
v -3854.250 -75.071 786.677
v -3868.744 -73.915 792.013
v -3865.980 -74.059 799.521
f 9961 9962 9963
f 9963 9964 9961
v -3866.919 -73.984 799.742
v -3867.804 -73.986 791.791
v -3880.495 -73.029 793.205
v -3879.609 -72.984 801.156
f 9965 9966 9967
f 9967 9968 9965
v -3878.763 -73.050 800.967
v -3881.341 -72.963 793.394
v -3889.256 -72.318 796.088
v -3886.678 -72.429 803.661
f 9969 9970 9971
f 9971 9972 9969
v -3885.546 -72.518 803.059
v -3890.388 -72.219 796.691
v -3894.418 -71.841 799.755
v -3889.575 -72.201 806.123
f 9973 9974 9975
f 9975 9976 9973
v -3888.585 -72.279 805.028
v -3895.408 -71.746 800.850
v -3898.692 -71.486 806.212
v -3891.869 -72.019 810.390
f 9977 9978 9979
f 9979 9980 9977
v -3891.294 -72.065 808.625
v -3899.267 -71.440 807.978
v -3900.013 -71.376 817.170
v -3892.039 -72.002 817.817
f 9981 9982 9983
f 9983 9984 9981
v -3892.146 -71.994 816.521
v -3899.906 -71.384 818.467
v -3898.860 -71.463 822.640
v -3891.100 -72.074 820.695
f 9985 9986 9987
f 9987 9988 9985
v -3891.357 -72.054 819.971
v -3898.602 -71.483 823.364
v -3895.319 -71.737 830.377
v -3888.073 -72.309 826.985
f 9989 9990 9991
f 9991 9992 9989
v -3887.771 -72.332 827.909
v -3895.621 -71.714 829.453
v -3893.829 -72.023 838.566
v -3885.979 -72.582 837.023
f 9993 9994 9995
f 9995 9996 9993
v -3885.904 -72.601 837.766
v -3893.904 -72.001 837.823
v -3893.837 -72.211 847.148
v -3885.837 -72.773 847.091
f 9997 9998 9999
f 9999 10000 9997
v -3885.839 -72.771 847.008
v -3893.835 -72.213 847.231
v -3893.613 -72.403 855.221
v -3885.616 -72.928 854.999
f 10001 10002 10003
f 10003 10004 10001
v -3885.924 -72.882 853.566
v -3893.304 -72.454 856.654
v -3891.056 -72.724 862.029
v -3883.676 -73.123 858.942
f 10005 10006 10007
f 10007 10008 10005
v -3884.098 -73.083 858.178
v -3890.633 -72.779 862.793
v -3886.314 -73.252 868.909
v -3879.779 -73.490 864.293
f 10009 10010 10011
f 10011 10012 10009
v -3880.600 -73.417 863.436
v -3885.493 -73.326 869.765
v -3876.610 -73.983 876.634
v -3871.717 -74.095 870.305
f 10013 10014 10015
f 10015 10016 10013
v -3873.398 -73.987 869.543
v -3874.928 -74.082 877.395
v -3864.553 -74.604 879.416
v -3863.023 -74.584 871.564
f 10017 10018 10019
f 10019 10020 10017
v -3864.386 -74.511 871.535
v -3863.191 -74.667 879.445
v -3849.376 -75.423 877.358
v -3850.571 -75.361 869.448
f 10021 10022 10023
f 10023 10024 10021
v -3851.475 -75.301 869.695
v -3848.472 -75.476 877.111
v -3836.305 -76.268 872.184
v -3839.307 -76.169 864.769
f 10025 10026 10027
f 10027 10028 10025
v -3839.997 -76.116 865.130
v -3835.616 -76.317 871.823
v -3822.257 -77.435 863.080
v -3826.639 -77.227 856.386
f 10029 10030 10031
f 10031 10032 10029
v -3827.442 -77.156 857.081
v -3821.453 -77.515 862.385
v -3810.622 -78.473 850.154
v -3816.611 -78.182 844.850
f 10033 10034 10035
f 10035 10036 10033
v -3816.867 -78.158 845.171
v -3810.366 -78.497 849.833
v -3804.844 -79.041 842.133
v -3811.346 -78.692 837.471
f 10037 10038 10039
f 10039 10040 10037
v -3810.668 -78.756 836.740
v -3805.522 -78.977 842.865
v -3799.266 -79.542 837.608
v -3804.412 -79.325 831.483
f 10041 10042 10043
f 10043 10044 10041
v -3702.666 -81.375 786.899
v -3708.563 -81.263 781.494
v -3719.361 -81.925 793.276
v -3713.464 -82.035 798.681
f 10045 10046 10047
f 10047 10048 10045
v -3712.907 -81.993 797.904
v -3719.918 -81.967 794.052
v -3725.128 -82.334 803.536
v -3718.116 -82.203 807.387
f 10049 10050 10051
f 10051 10052 10049
v -3717.625 -82.192 805.605
v -3725.620 -82.345 805.318
v -3725.976 -82.362 815.264
v -3717.981 -82.208 815.550
f 10053 10054 10055
f 10055 10056 10053
v -3717.988 -82.208 815.130
v -3725.969 -82.363 815.684
v -3725.145 -82.359 827.545
v -3717.164 -82.204 826.991
f 10057 10058 10059
f 10059 10060 10057
v -3717.181 -82.204 826.808
v -3725.128 -82.359 827.727
v -3723.703 -81.970 840.050
v -3715.756 -81.862 839.131
f 10061 10062 10063
f 10063 10064 10061
v -3718.986 -82.057 835.661
v -3720.473 -81.775 843.521
v -3713.004 -81.589 844.934
v -3711.517 -81.863 837.074
f 10065 10066 10067
f 10067 10068 10065
v -3712.875 -81.889 837.052
v -3711.645 -81.565 844.957
v -3691.864 -81.189 841.879
v -3693.094 -81.537 833.974
f 10069 10070 10071
f 10071 10072 10069
v -3695.770 -81.623 835.653
v -3689.188 -81.090 840.200
v -3685.748 -81.047 835.221
v -3692.330 -81.596 830.674
f 10073 10074 10075
f 10075 10076 10073
v -3693.026 -81.580 832.622
v -3685.052 -81.067 833.272
v -3684.106 -81.075 821.662
v -3692.079 -81.572 821.013
f 10077 10078 10079
f 10079 10080 10077
v -3691.810 -81.554 819.860
v -3684.376 -81.093 822.815
v -3680.936 -80.872 814.164
v -3688.370 -81.332 811.208
f 10081 10082 10083
f 10083 10084 10081
v -3688.115 -81.316 810.683
v -3681.191 -80.888 814.690
v -3674.679 -80.474 803.437
v -3681.603 -80.870 799.430
f 10085 10086 10087
f 10087 10088 10085
v -3680.766 -80.786 798.415
v -3675.515 -80.527 804.451
v -3659.986 -79.344 790.939
v -3665.237 -79.500 784.904
f 10089 10090 10091
f 10091 10092 10089
v -3666.340 -79.601 786.472
v -3658.883 -79.245 789.370
v -3656.045 -78.930 782.066
v -3663.501 -79.265 779.168
f 10093 10094 10095
f 10095 10096 10093
v -3644.687 -74.733 1135.863
v -3652.684 -74.256 1136.083
v -3652.283 -74.946 1150.664
v -3644.286 -75.263 1150.444
f 10097 10098 10099
f 10099 10100 10097
v -4887.447 -101.114 1484.956
v -4894.642 -100.918 1481.460
v -4896.702 -100.989 1485.700
v -4889.506 -101.297 1489.195
f 10101 10102 10103
f 10103 10104 10101
v -4889.487 -101.296 1489.156
v -4896.721 -100.990 1485.739
v -4899.403 -101.086 1491.418
v -4892.170 -101.547 1494.835
f 10105 10106 10107
f 10107 10108 10105
v -4891.824 -101.496 1493.671
v -4899.749 -101.117 1492.582
v -4900.651 -101.343 1499.146
v -4892.726 -101.779 1500.235
f 10109 10110 10111
f 10111 10112 10109
v -4892.693 -101.764 1499.875
v -4900.684 -101.356 1499.506
v -4900.974 -101.385 1505.780
v -4892.982 -101.795 1506.149
f 10113 10114 10115
f 10115 10116 10113
v -4893.067 -101.795 1506.803
v -4900.889 -101.389 1505.126
v -4902.681 -101.293 1513.486
v -4894.859 -101.717 1515.163
f 10117 10118 10119
f 10119 10120 10117
v -4894.966 -101.711 1515.562
v -4902.574 -101.299 1513.087
v -4906.459 -101.089 1525.026
v -4898.851 -101.501 1527.501
f 10121 10122 10123
f 10123 10124 10121
v -4898.978 -101.495 1527.837
v -4906.333 -101.096 1524.690
v -4910.808 -100.685 1535.150
v -4903.453 -100.950 1538.297
f 10125 10126 10127
f 10127 10128 10125
v -4904.948 -100.797 1540.076
v -4909.312 -100.838 1533.371
v -4922.158 -99.814 1541.731
v -4917.795 -99.778 1548.436
f 10129 10130 10131
f 10131 10132 10129
v -4918.853 -99.703 1548.923
v -4921.100 -99.890 1541.245
v -4933.334 -99.102 1544.824
v -4931.087 -98.923 1552.502
f 10133 10134 10135
f 10135 10136 10133
v -4932.026 -98.869 1552.659
v -4932.395 -99.157 1544.667
v -4945.242 -97.922 1545.261
v -4944.872 -97.685 1553.253
f 10137 10138 10139
f 10139 10140 10137
v -4946.451 -97.788 1545.508
v -4943.662 -97.815 1553.006
v -4928.433 -99.263 1547.340
v -4931.223 -99.406 1539.842
f 10141 10142 10143
f 10143 10144 10141
v -4933.014 -99.259 1541.172
v -4926.643 -99.409 1546.011
v -4920.965 -100.004 1538.535
v -4927.336 -99.853 1533.697
f 10145 10146 10147
f 10147 10148 10145
v -4928.084 -99.746 1535.388
v -4920.218 -100.111 1536.844
v -4918.726 -100.425 1528.788
v -4926.592 -99.998 1527.331
f 10149 10150 10151
f 10151 10152 10149
v -4926.657 -99.995 1528.198
v -4918.662 -100.428 1527.921
v -4918.962 -100.411 1519.257
v -4926.957 -99.978 1519.535
f 10153 10154 10155
f 10155 10156 10153
v -4926.940 -99.979 1519.797
v -4918.980 -100.410 1518.995
v -4919.581 -100.377 1513.025
v -4927.541 -99.946 1513.827
f 10157 10158 10159
f 10159 10160 10157
v -4927.111 -99.969 1515.269
v -4920.011 -100.354 1511.583
v -4923.885 -100.143 1504.121
v -4930.985 -99.759 1507.807
f 10161 10162 10163
f 10163 10164 10161
v -4931.038 -99.756 1507.702
v -4923.832 -100.146 1504.227
v -4927.717 -99.764 1496.170
v -4934.923 -99.496 1499.645
f 10165 10166 10167
f 10167 10168 10165
v -4935.264 -99.419 1498.576
v -4927.376 -99.824 1497.240
v -4929.536 -99.211 1484.495
v -4937.423 -98.709 1485.831
f 10169 10170 10171
f 10171 10172 10169
v -4944.584 -97.715 1553.229
v -4945.530 -97.891 1545.285
v -4958.064 -96.552 1546.778
v -4957.118 -96.413 1554.722
f 10173 10174 10175
f 10175 10176 10173
v -4958.005 -96.324 1554.728
v -4957.177 -96.643 1546.771
v -4971.515 -95.206 1545.279
v -4972.343 -94.929 1553.236
f 10177 10178 10179
f 10179 10180 10177
v -4973.010 -94.865 1553.108
v -4970.848 -95.272 1545.406
v -4980.399 0.050 1542.725
v -4982.561 0.050 1550.427
f 10181 10182 10183
f 10183 10184 10181
v -4983.112 0.050 1550.228
v -4979.849 0.050 1542.924
v -4993.363 0.050 1536.888
v -4996.626 0.050 1544.193
f 10185 10186 10187
f 10187 10188 10185
v -4894.739 -96.492 675.411
v -4890.578 -97.237 668.578
v -4976.172 0.050 616.459
v -4980.332 0.050 623.292
f 10189 10190 10191
f 10191 10192 10189
v -4042.383 -76.222 372.750
v -4036.540 -75.632 378.214
v -3995.597 -71.638 334.428
v -4001.440 -72.259 328.964
f 10193 10194 10195
f 10195 10196 10193
v -4001.504 -72.262 329.034
v -3995.533 -71.635 334.358
v -3967.313 -71.682 302.711
v -3973.284 -72.175 297.386
f 10197 10198 10199
f 10199 10200 10197
v -3973.408 -72.169 297.532
v -3967.189 -71.689 302.564
v -3957.037 -72.276 290.016
v -3963.256 -72.758 284.984
f 10201 10202 10203
f 10203 10204 10201
v -3778.836 -68.426 2470.782
v -3784.054 -68.775 2464.719
v -3795.854 -69.857 2474.874
v -3790.636 -69.682 2480.938
f 10205 10206 10207
f 10207 10208 10205
v -3790.804 -69.701 2481.075
v -3795.686 -69.839 2474.737
v -3804.792 -70.798 2481.749
v -3799.910 -70.647 2488.088
f 10209 10210 10211
f 10211 10212 10209
v -3800.191 -70.674 2488.285
v -3804.511 -70.770 2481.552
v -3814.062 -71.668 2487.679
v -3809.742 -71.550 2494.413
f 10213 10214 10215
f 10215 10216 10213
v -3809.948 -71.568 2494.536
v -3813.856 -71.649 2487.556
v -3822.372 -72.460 2492.323
v -3818.464 -72.275 2499.304
f 10217 10218 10219
f 10219 10220 10217
v -3818.450 -72.274 2499.296
v -3822.387 -72.462 2492.331
v -3831.637 -73.436 2497.561
v -3827.700 -73.194 2504.525
f 10221 10222 10223
f 10223 10224 10221
v -3827.974 -73.221 2504.666
v -3831.363 -73.409 2497.420
v -3840.625 -74.307 2501.751
v -3837.236 -74.103 2508.998
f 10225 10226 10227
f 10227 10228 10225
v -3837.235 -74.103 2508.998
v -3840.626 -74.307 2501.752
v -3859.138 -75.907 2510.415
v -3855.748 -75.597 2517.661
f 10229 10230 10231
f 10231 10232 10229
v -3855.769 -75.598 2517.671
v -3859.117 -75.905 2510.405
v -3872.698 -76.879 2516.665
v -3869.350 -76.481 2523.930
f 10233 10234 10235
f 10235 10236 10233
v -3869.424 -76.485 2523.964
v -3872.624 -76.874 2516.632
v -3886.662 -77.704 2522.759
v -3883.461 -77.225 2530.091
f 10237 10238 10239
f 10239 10240 10237
v -3883.600 -77.231 2530.149
v -3886.522 -77.697 2522.702
v -3971.170 -78.792 2555.915
v -3968.248 -77.954 2563.362
f 10241 10242 10243
f 10243 10244 10241
v -3968.583 -77.952 2563.477
v -3970.835 -78.794 2555.800
v -3996.227 -78.799 2563.248
v -3993.975 -77.990 2570.925
f 10245 10246 10247
f 10247 10248 10245
v -3994.071 -77.991 2570.952
v -3996.130 -78.798 2563.221
v -4022.067 -79.084 2570.128
v -4020.009 -78.402 2577.859
f 10249 10250 10251
f 10251 10252 10249
v -4020.250 -78.407 2577.915
v -4021.826 -79.080 2570.072
v -4045.103 -79.807 2574.746
v -4043.527 -79.312 2582.590
f 10253 10254 10255
f 10255 10256 10253
v -4045.163 -79.408 2582.577
v -4043.467 -79.728 2574.759
v -4048.153 -80.003 2573.742
v -4049.850 -79.725 2581.560
f 10257 10258 10259
f 10259 10260 10257
v -3674.787 -72.468 2375.237
v -3680.002 -72.585 2369.171
v -3728.560 -68.049 2410.916
v -3723.345 -67.947 2416.982
f 10261 10262 10263
f 10263 10264 10261
v -3723.207 -67.955 2416.858
v -3728.698 -68.037 2411.040
v -3764.343 -67.603 2444.689
v -3758.851 -67.522 2450.507
f 10265 10266 10267
f 10267 10268 10265
v -3758.747 -67.517 2450.405
v -3764.447 -67.607 2444.791
v -3784.295 -68.798 2464.944
v -3778.595 -68.403 2470.557
f 10269 10270 10271
f 10271 10272 10269
v -3544.923 -84.605 1039.963
v -3537.156 -85.373 1049.110
v -3513.111 -86.428 1028.691
v -3520.878 -85.831 1019.544
f 10273 10274 10275
f 10275 10276 10273
v -3520.735 -85.834 1019.426
v -3513.254 -86.425 1028.808
v -3506.430 -86.570 1023.367
v -3513.912 -85.978 1013.984
f 10277 10278 10279
f 10279 10280 10277
v -3330.893 -91.215 846.424
v -3339.705 -90.310 838.279
v -3352.462 -88.442 852.081
v -3343.650 -89.339 860.226
f 10281 10282 10283
f 10283 10284 10281
v -3344.242 -89.257 860.785
v -3351.870 -88.524 851.522
v -3382.327 -84.524 876.604
v -3374.699 -85.289 885.867
f 10285 10286 10287
f 10287 10288 10285
v -3374.534 -85.307 885.726
v -3382.492 -84.504 876.744
v -3485.952 -83.679 968.407
v -3477.995 -84.599 977.388
f 10289 10290 10291
f 10291 10292 10289
v -3478.100 -84.606 977.479
v -3485.847 -83.672 968.316
v -3554.743 -83.395 1026.562
v -3546.995 -84.311 1035.726
f 10293 10294 10295
f 10295 10296 10293
