# Roads and Streetscape mesh for tecate_core_z14_x2882_y6620
v -3982.659 0.050 -4707.807
v -3974.681 0.050 -4707.219
v -3973.902 0.050 -4717.790
v -3981.880 0.050 -4718.378
v -3984.654 0.200 -4707.954
v -3982.659 0.200 -4707.807
v -3981.880 0.200 -4718.378
v -3983.874 0.200 -4718.525
v -3974.681 0.200 -4707.219
v -3972.686 0.200 -4707.072
v -3971.907 0.200 -4717.643
v -3973.902 0.200 -4717.790
v -3981.451 0.050 -4719.908
v -3974.331 0.050 -4716.260
v -3914.886 0.050 -4832.280
v -3922.006 0.050 -4835.928
v -3983.231 0.200 -4720.820
v -3981.451 0.200 -4719.908
v -3922.006 0.200 -4835.928
v -3923.786 0.200 -4836.840
v -3974.331 0.200 -4716.260
v -3972.551 0.200 -4715.348
v -3913.106 0.200 -4831.369
v -3914.886 0.200 -4832.280
v -3983.203 0.200 -4720.879
v -3982.903 0.200 -4720.879
v -3982.903 0.200 -4720.579
v -3983.203 0.200 -4720.579
v -3983.203 8.200 -4720.879
v -3982.903 8.200 -4720.879
v -3982.903 8.200 -4720.579
v -3983.203 8.200 -4720.579
v -3972.879 0.200 -4715.589
v -3972.579 0.200 -4715.589
v -3972.579 0.200 -4715.289
v -3972.879 0.200 -4715.289
v -3972.879 8.200 -4715.589
v -3972.579 8.200 -4715.589
v -3972.579 8.200 -4715.289
v -3972.879 8.200 -4715.289
v -3921.564 0.050 -4836.611
v -3915.329 0.050 -4831.598
v -3871.135 0.050 -4886.570
v -3877.370 0.050 -4891.582
v -3923.122 0.200 -4837.864
v -3921.564 0.200 -4836.611
v -3877.370 0.200 -4891.582
v -3878.928 0.200 -4892.835
v -3915.329 0.200 -4831.598
v -3913.770 0.200 -4830.345
v -3869.576 0.200 -4885.316
v -3871.135 0.200 -4886.570
v -3923.116 0.200 -4837.889
v -3922.816 0.200 -4837.889
v -3922.816 0.200 -4837.589
v -3923.116 0.200 -4837.589
v -3923.116 8.200 -4837.889
v -3922.816 8.200 -4837.889
v -3922.816 8.200 -4837.589
v -3923.116 8.200 -4837.589
v -3914.076 0.200 -4830.620
v -3913.776 0.200 -4830.620
v -3913.776 0.200 -4830.320
v -3914.076 0.200 -4830.320
v -3914.076 8.200 -4830.620
v -3913.776 8.200 -4830.620
v -3913.776 8.200 -4830.320
v -3914.076 8.200 -4830.320
v -3877.816 0.050 -4890.893
v -3870.689 0.050 -4887.259
v -3865.568 0.050 -4897.302
v -3872.695 0.050 -4900.936
v -3879.598 0.200 -4891.801
v -3877.816 0.200 -4890.893
v -3872.695 0.200 -4900.936
v -3874.477 0.200 -4901.844
v -3870.689 0.200 -4887.259
v -3868.907 0.200 -4886.350
v -3863.786 0.200 -4896.393
v -3865.568 0.200 -4897.302
v -3873.130 0.050 -4899.243
v -3865.133 0.050 -4898.995
v -3863.464 0.050 -4952.909
v -3871.460 0.050 -4953.157
v -3875.129 0.200 -4899.304
v -3873.130 0.200 -4899.243
v -3871.460 0.200 -4953.157
v -3873.459 0.200 -4953.219
v -3865.133 0.200 -4898.995
v -3863.134 0.200 -4898.933
v -3861.465 0.200 -4952.848
v -3863.464 0.200 -4952.909
v -3875.079 0.200 -4899.448
v -3874.779 0.200 -4899.448
v -3874.779 0.200 -4899.148
v -3875.079 0.200 -4899.148
v -3875.079 8.200 -4899.448
v -3874.779 8.200 -4899.448
v -3874.779 8.200 -4899.148
v -3875.079 8.200 -4899.148
v -3863.484 0.200 -4899.089
v -3863.184 0.200 -4899.089
v -3863.184 0.200 -4898.789
v -3863.484 0.200 -4898.789
v -3863.484 8.200 -4899.089
v -3863.184 8.200 -4899.089
v -3863.184 8.200 -4898.789
v -3863.484 8.200 -4898.789
v -3871.173 0.050 -4954.524
v -3863.750 0.050 -4951.542
v -3860.299 0.050 -4960.131
v -3867.722 0.050 -4963.114
v -3873.029 0.200 -4955.270
v -3871.173 0.200 -4954.524
v -3867.722 0.200 -4963.114
v -3869.578 0.200 -4963.859
v -3863.750 0.200 -4951.542
v -3861.894 0.200 -4950.796
v -3858.443 0.200 -4959.386
v -3860.299 0.200 -4960.131
v -3867.070 0.050 -4964.200
v -3860.952 0.050 -4959.046
v -3856.722 0.050 -4964.067
v -3862.840 0.050 -4969.221
v -3868.600 0.200 -4965.488
v -3867.070 0.200 -4964.200
v -3862.840 0.200 -4969.221
v -3864.369 0.200 -4970.510
v -3860.952 0.200 -4959.046
v -3859.422 0.200 -4957.757
v -3855.192 0.200 -4962.778
v -3856.722 0.200 -4964.067
v -3861.919 0.050 -4970.025
v -3857.643 0.050 -4963.263
v -3845.732 0.050 -4970.796
v -3850.007 0.050 -4977.557
v -3862.988 0.200 -4971.715
v -3861.919 0.200 -4970.025
v -3850.007 0.200 -4977.557
v -3851.076 0.200 -4979.247
v -3857.643 0.200 -4963.263
v -3856.574 0.200 -4961.573
v -3844.663 0.200 -4969.105
v -3845.732 0.200 -4970.796
v -3851.419 0.050 -4976.020
v -3844.320 0.050 -4972.333
v -3839.310 0.050 -4981.979
v -3846.410 0.050 -4985.666
v -3853.194 0.200 -4976.941
v -3851.419 0.200 -4976.020
v -3846.410 0.200 -4985.666
v -3848.185 0.200 -4986.588
v -3844.320 0.200 -4972.333
v -3842.545 0.200 -4971.411
v -3837.535 0.200 -4981.058
v -3839.310 0.200 -4981.979
v -3853.167 0.200 -4976.999
v -3852.867 0.200 -4976.999
v -3852.867 0.200 -4976.699
v -3853.167 0.200 -4976.699
v -3853.167 8.200 -4976.999
v -3852.867 8.200 -4976.999
v -3852.867 8.200 -4976.699
v -3853.167 8.200 -4976.699
v -3842.872 0.200 -4971.653
v -3842.572 0.200 -4971.653
v -3842.572 0.200 -4971.353
v -3842.872 0.200 -4971.353
v -3842.872 8.200 -4971.653
v -3842.572 8.200 -4971.653
v -3842.572 8.200 -4971.353
v -3842.872 8.200 -4971.353
v -3846.835 0.050 -4983.376
v -3838.885 0.050 -4984.269
v -3842.225 0.050 -5014.002
v -3850.175 0.050 -5013.109
v -3848.823 0.200 -4983.153
v -3846.835 0.200 -4983.376
v -3850.175 0.200 -5013.109
v -3852.162 0.200 -5012.886
v -3838.885 0.200 -4984.269
v -3836.898 0.200 -4984.493
v -3840.237 0.200 -5014.225
v -3842.225 0.200 -5014.002
v -3848.631 0.050 -5010.379
v -3843.769 0.050 -5016.732
v -3852.229 0.050 -5023.207
v -3857.091 0.050 -5016.854
v -3849.846 0.200 -5008.791
v -3848.631 0.200 -5010.379
v -3857.091 0.200 -5016.854
v -3858.307 0.200 -5015.266
v -3843.769 0.200 -5016.732
v -3842.553 0.200 -5018.320
v -3851.013 0.200 -5024.795
v -3852.229 0.200 -5023.207
v -3849.875 0.200 -5009.099
v -3849.575 0.200 -5009.099
v -3849.575 0.200 -5008.799
v -3849.875 0.200 -5008.799
v -3849.875 8.200 -5009.099
v -3849.575 8.200 -5009.099
v -3849.575 8.200 -5008.799
v -3849.875 8.200 -5008.799
v -3842.825 0.200 -5018.311
v -3842.525 0.200 -5018.311
v -3842.525 0.200 -5018.011
v -3842.825 0.200 -5018.011
v -3842.825 8.200 -5018.311
v -3842.525 8.200 -5018.311
v -3842.525 8.200 -5018.011
v -3842.825 8.200 -5018.011
v -3853.991 0.050 -5016.087
v -3855.329 0.050 -5023.974
v -3863.900 0.050 -5022.520
v -3862.563 0.050 -5014.633
v -3853.657 0.200 -5014.115
v -3853.991 0.200 -5016.087
v -3862.563 0.200 -5014.633
v -3862.228 0.200 -5012.661
v -3855.329 0.200 -5023.974
v -3855.663 0.200 -5025.946
v -3864.235 0.200 -5024.492
v -3863.900 0.200 -5022.520
v -3861.164 0.050 -5015.153
v -3865.299 0.050 -5022.001
v -4013.020 0.050 -4932.804
v -4008.885 0.050 -4925.955
v -3860.130 0.200 -5013.440
v -3861.164 0.200 -5015.153
v -4008.885 0.200 -4925.955
v -4007.851 0.200 -4924.243
v -3865.299 0.200 -5022.001
v -3866.333 0.200 -5023.713
v -4014.054 0.200 -4934.516
v -4013.020 0.200 -4932.804
v -3860.384 0.200 -5013.762
v -3860.084 0.200 -5013.762
v -3860.084 0.200 -5013.462
v -3860.384 0.200 -5013.462
v -3860.384 8.200 -5013.762
v -3860.084 8.200 -5013.762
v -3860.084 8.200 -5013.462
v -3860.384 8.200 -5013.462
v -3866.380 0.200 -5023.692
v -3866.080 0.200 -5023.692
v -3866.080 0.200 -5023.392
v -3866.380 0.200 -5023.392
v -3866.380 8.200 -5023.692
v -3866.080 8.200 -5023.692
v -3866.080 8.200 -5023.392
v -3866.380 8.200 -5023.392
v -4009.867 0.050 -4925.530
v -4012.038 0.050 -4933.229
v -4029.849 0.050 -4928.208
v -4027.678 0.050 -4920.508
v -4009.324 0.200 -4923.605
v -4009.867 0.200 -4925.530
v -4027.678 0.200 -4920.508
v -4027.136 0.200 -4918.583
v -4012.038 0.200 -4933.229
v -4012.581 0.200 -4935.154
v -4030.392 0.200 -4930.133
v -4029.849 0.200 -4928.208
v -4028.408 0.050 -4920.374
v -4029.119 0.050 -4928.342
v -4063.183 0.050 -4925.303
v -4062.472 0.050 -4917.335
v -4028.230 0.200 -4918.382
v -4028.408 0.200 -4920.374
v -4062.472 0.200 -4917.335
v -4062.294 0.200 -4915.343
v -4029.119 0.200 -4928.342
v -4029.297 0.200 -4930.334
v -4063.361 0.200 -4927.295
v -4063.183 0.200 -4925.303
v -4028.398 0.200 -4918.731
v -4028.098 0.200 -4918.731
v -4028.098 0.200 -4918.431
v -4028.398 0.200 -4918.431
v -4028.398 8.200 -4918.731
v -4028.098 8.200 -4918.731
v -4028.098 8.200 -4918.431
v -4028.398 8.200 -4918.431
v -4029.429 0.200 -4930.285
v -4029.129 0.200 -4930.285
v -4029.129 0.200 -4929.985
v -4029.429 0.200 -4929.985
v -4029.429 8.200 -4930.285
v -4029.129 8.200 -4930.285
v -4029.129 8.200 -4929.985
v -4029.429 8.200 -4929.985
v -4061.672 0.050 -4917.489
v -4063.983 0.050 -4925.148
v -4077.564 0.050 -4921.052
v -4075.253 0.050 -4913.393
v -4061.095 0.200 -4915.574
v -4061.672 0.200 -4917.489
v -4075.253 0.200 -4913.393
v -4074.676 0.200 -4911.478
v -4063.983 0.200 -4925.148
v -4064.560 0.200 -4927.063
v -4078.141 0.200 -4922.967
v -4077.564 0.200 -4921.052
v -4073.732 0.050 -4914.250
v -4079.085 0.050 -4920.195
v -4095.226 0.050 -4905.659
v -4089.873 0.050 -4899.714
v -4072.393 0.200 -4912.764
v -4073.732 0.200 -4914.250
v -4089.873 0.200 -4899.714
v -4088.535 0.200 -4898.228
v -4079.085 0.200 -4920.195
v -4080.424 0.200 -4921.681
v -4096.565 0.200 -4907.145
v -4095.226 0.200 -4905.659
v -4072.677 0.200 -4913.062
v -4072.377 0.200 -4913.062
v -4072.377 0.200 -4912.762
v -4072.677 0.200 -4912.762
v -4072.677 8.200 -4913.062
v -4072.377 8.200 -4913.062
v -4072.377 8.200 -4912.762
v -4072.677 8.200 -4912.762
v -4080.440 0.200 -4921.682
v -4080.140 0.200 -4921.682
v -4080.140 0.200 -4921.382
v -4080.440 0.200 -4921.382
v -4080.440 8.200 -4921.682
v -4080.140 8.200 -4921.682
v -4080.140 8.200 -4921.382
v -4080.440 8.200 -4921.382
v -4088.821 0.050 -4901.238
v -4096.278 0.050 -4904.136
v -4098.204 0.050 -4899.180
v -4090.747 0.050 -4896.282
v -4086.957 0.200 -4900.513
v -4088.821 0.200 -4901.238
v -4090.747 0.200 -4896.282
v -4088.883 0.200 -4895.558
v -4096.278 0.200 -4904.136
v -4098.142 0.200 -4904.860
v -4100.068 0.200 -4899.905
v -4098.204 0.200 -4899.180
v -4090.747 0.050 -4896.283
v -4098.204 0.050 -4899.179
v -4221.958 0.050 -4580.520
v -4214.501 0.050 -4577.624
v -4088.883 0.200 -4895.559
v -4090.747 0.200 -4896.283
v -4214.501 0.200 -4577.624
v -4212.636 0.200 -4576.900
v -4098.204 0.200 -4899.179
v -4100.069 0.200 -4899.903
v -4223.822 0.200 -4581.244
v -4221.958 0.200 -4580.520
v -4089.219 0.200 -4895.782
v -4088.919 0.200 -4895.782
v -4088.919 0.200 -4895.482
v -4089.219 0.200 -4895.482
v -4089.219 8.200 -4895.782
v -4088.919 8.200 -4895.782
v -4088.919 8.200 -4895.482
v -4089.219 8.200 -4895.482
v -4100.032 0.200 -4899.981
v -4099.732 0.200 -4899.981
v -4099.732 0.200 -4899.681
v -4100.032 0.200 -4899.681
v -4100.032 8.200 -4899.981
v -4099.732 8.200 -4899.981
v -4099.732 8.200 -4899.681
v -4100.032 8.200 -4899.681
v -3710.614 0.050 -5354.558
v -3718.337 0.050 -5356.648
v -3740.266 0.050 -5275.601
v -3732.544 0.050 -5273.512
v -3708.684 0.200 -5354.036
v -3710.614 0.200 -5354.558
v -3732.544 0.200 -5273.512
v -3730.614 0.200 -5272.989
v -3718.337 0.200 -5356.648
v -3720.267 0.200 -5357.170
v -3742.197 0.200 -5276.124
v -3740.266 0.200 -5275.601
v -3709.027 0.200 -5354.238
v -3708.727 0.200 -5354.238
v -3708.727 0.200 -5353.938
v -3709.027 0.200 -5353.938
v -3709.027 8.200 -5354.238
v -3708.727 8.200 -5354.238
v -3708.727 8.200 -5353.938
v -3709.027 8.200 -5353.938
v -3720.224 0.200 -5357.268
v -3719.924 0.200 -5357.268
v -3719.924 0.200 -5356.968
v -3720.224 0.200 -5356.968
v -3720.224 8.200 -5357.268
v -3719.924 8.200 -5357.268
v -3719.924 8.200 -5356.968
v -3720.224 8.200 -5356.968
v -3732.602 0.050 -5273.317
v -3740.208 0.050 -5275.796
v -3754.068 0.050 -5233.285
v -3746.462 0.050 -5230.805
v -3730.701 0.200 -5272.697
v -3732.602 0.200 -5273.317
v -3746.462 0.200 -5230.805
v -3744.560 0.200 -5230.185
v -3740.208 0.200 -5275.796
v -3742.110 0.200 -5276.416
v -3755.969 0.200 -5233.905
v -3754.068 0.200 -5233.285
v -3731.041 0.200 -5272.909
v -3730.741 0.200 -5272.909
v -3730.741 0.200 -5272.609
v -3731.041 0.200 -5272.609
v -3731.041 8.200 -5272.909
v -3730.741 8.200 -5272.909
v -3730.741 8.200 -5272.609
v -3731.041 8.200 -5272.609
v -3742.070 0.200 -5276.504
v -3741.770 0.200 -5276.504
v -3741.770 0.200 -5276.204
v -3742.070 0.200 -5276.204
v -3742.070 8.200 -5276.504
v -3741.770 8.200 -5276.504
v -3741.770 8.200 -5276.204
v -3742.070 8.200 -5276.204
v -3746.844 0.050 -5229.972
v -3753.686 0.050 -5234.118
v -3772.165 0.050 -5203.618
v -3765.323 0.050 -5199.473
v -3745.133 0.200 -5228.936
v -3746.844 0.200 -5229.972
v -3765.323 0.200 -5199.473
v -3763.612 0.200 -5198.436
v -3753.686 0.200 -5234.118
v -3755.396 0.200 -5235.154
v -3773.875 0.200 -5204.655
v -3772.165 0.200 -5203.618
v -3745.454 0.200 -5229.189
v -3745.154 0.200 -5229.189
v -3745.154 0.200 -5228.889
v -3745.454 0.200 -5228.889
v -3745.454 8.200 -5229.189
v -3745.154 8.200 -5229.189
v -3745.154 8.200 -5228.889
v -3745.454 8.200 -5228.889
v -3755.375 0.200 -5235.200
v -3755.075 0.200 -5235.200
v -3755.075 0.200 -5234.900
v -3755.375 0.200 -5234.900
v -3755.375 8.200 -5235.200
v -3755.075 8.200 -5235.200
v -3755.075 8.200 -5234.900
v -3755.375 8.200 -5234.900
v -3765.099 0.050 -5199.896
v -3772.388 0.050 -5203.195
v -3789.954 0.050 -5164.383
v -3782.666 0.050 -5161.085
v -3763.277 0.200 -5199.071
v -3765.099 0.200 -5199.896
v -3782.666 0.200 -5161.085
v -3780.844 0.200 -5160.260
v -3772.388 0.200 -5203.195
v -3774.210 0.200 -5204.019
v -3791.776 0.200 -5165.208
v -3789.954 0.200 -5164.383
v -3763.610 0.200 -5199.304
v -3763.310 0.200 -5199.304
v -3763.310 0.200 -5199.004
v -3763.610 0.200 -5199.004
v -3763.610 8.200 -5199.304
v -3763.310 8.200 -5199.304
v -3763.310 8.200 -5199.004
v -3763.610 8.200 -5199.004
v -3774.178 0.200 -5204.087
v -3773.878 0.200 -5204.087
v -3773.878 0.200 -5203.787
v -3774.178 0.200 -5203.787
v -3774.178 8.200 -5204.087
v -3773.878 8.200 -5204.087
v -3773.878 8.200 -5203.787
v -3774.178 8.200 -5203.787
v -3782.962 0.050 -5160.545
v -3789.658 0.050 -5164.923
v -3821.072 0.050 -5116.875
v -3814.376 0.050 -5112.497
v -3781.288 0.200 -5159.451
v -3782.962 0.200 -5160.545
v -3814.376 0.200 -5112.497
v -3812.702 0.200 -5111.402
v -3789.658 0.200 -5164.923
v -3791.332 0.200 -5166.017
v -3822.746 0.200 -5117.969
v -3821.072 0.200 -5116.875
v -3781.605 0.200 -5159.710
v -3781.305 0.200 -5159.710
v -3781.305 0.200 -5159.410
v -3781.605 0.200 -5159.410
v -3781.605 8.200 -5159.710
v -3781.305 8.200 -5159.710
v -3781.305 8.200 -5159.410
v -3781.605 8.200 -5159.410
v -3791.314 0.200 -5166.058
v -3791.014 0.200 -5166.058
v -3791.014 0.200 -5165.758
v -3791.314 0.200 -5165.758
v -3791.314 8.200 -5166.058
v -3791.014 8.200 -5166.058
v -3791.014 8.200 -5165.758
v -3791.314 8.200 -5165.758
v -3814.099 0.050 -5112.995
v -3821.349 0.050 -5116.377
v -3827.817 0.050 -5102.515
v -3820.567 0.050 -5099.132
v -3812.287 0.200 -5112.149
v -3814.099 0.200 -5112.995
v -3820.567 0.200 -5099.132
v -3818.755 0.200 -5098.287
v -3821.349 0.200 -5116.377
v -3823.161 0.200 -5117.223
v -3829.629 0.200 -5103.361
v -3827.817 0.200 -5102.515
v -3820.238 0.050 -5100.216
v -3828.145 0.050 -5101.432
v -3831.841 0.050 -5077.394
v -3823.934 0.050 -5076.179
v -3818.262 0.200 -5099.912
v -3820.238 0.200 -5100.216
v -3823.934 0.200 -5076.179
v -3821.957 0.200 -5075.875
v -3828.145 0.200 -5101.432
v -3830.122 0.200 -5101.736
v -3833.818 0.200 -5077.698
v -3831.841 0.200 -5077.394
v -3818.609 0.200 -5100.092
v -3818.309 0.200 -5100.092
v -3818.309 0.200 -5099.792
v -3818.609 0.200 -5099.792
v -3818.609 8.200 -5100.092
v -3818.309 8.200 -5100.092
v -3818.309 8.200 -5099.792
v -3818.609 8.200 -5099.792
v -3830.074 0.200 -5101.855
v -3829.774 0.200 -5101.855
v -3829.774 0.200 -5101.555
v -3830.074 0.200 -5101.555
v -3830.074 8.200 -5101.855
v -3829.774 8.200 -5101.855
v -3829.774 8.200 -5101.555
v -3830.074 8.200 -5101.555
v -3824.116 0.050 -5075.453
v -3831.659 0.050 -5078.120
v -3837.214 0.050 -5062.408
v -3829.671 0.050 -5059.741
v -3822.231 0.200 -5074.787
v -3824.116 0.200 -5075.453
v -3829.671 0.200 -5059.741
v -3827.786 0.200 -5059.075
v -3831.659 0.200 -5078.120
v -3833.545 0.200 -5078.786
v -3839.099 0.200 -5063.074
v -3837.214 0.200 -5062.408
v -3829.903 0.050 -5059.211
v -3836.982 0.050 -5062.938
v -3846.221 0.050 -5045.389
v -3839.143 0.050 -5041.662
v -3828.133 0.200 -5058.279
v -3829.903 0.200 -5059.211
v -3839.143 0.200 -5041.662
v -3837.373 0.200 -5040.730
v -3836.982 0.200 -5062.938
v -3838.752 0.200 -5063.870
v -3847.991 0.200 -5046.321
v -3846.221 0.200 -5045.389
v -3828.460 0.200 -5058.522
v -3828.160 0.200 -5058.522
v -3828.160 0.200 -5058.222
v -3828.460 0.200 -5058.222
v -3828.460 8.200 -5058.522
v -3828.160 8.200 -5058.522
v -3828.160 8.200 -5058.222
v -3828.460 8.200 -5058.222
v -3838.725 0.200 -5063.927
v -3838.425 0.200 -5063.927
v -3838.425 0.200 -5063.627
v -3838.725 0.200 -5063.627
v -3838.725 8.200 -5063.927
v -3838.425 8.200 -5063.927
v -3838.425 8.200 -5063.627
v -3838.725 8.200 -5063.627
v -3839.595 0.050 -5040.983
v -3845.770 0.050 -5046.069
v -3866.319 0.050 -5021.120
v -3860.144 0.050 -5016.034
v -3838.051 0.200 -5039.711
v -3839.595 0.200 -5040.983
v -3860.144 0.200 -5016.034
v -3858.600 0.200 -5014.762
v -3845.770 0.200 -5046.069
v -3847.313 0.200 -5047.340
v -3867.863 0.200 -5022.391
v -3866.319 0.200 -5021.120
v -3838.355 0.200 -5039.988
v -3838.055 0.200 -5039.988
v -3838.055 0.200 -5039.688
v -3838.355 0.200 -5039.688
v -3838.355 8.200 -5039.988
v -3838.055 8.200 -5039.988
v -3838.055 8.200 -5039.688
v -3838.355 8.200 -5039.688
v -3847.309 0.200 -5047.363
v -3847.009 0.200 -5047.363
v -3847.009 0.200 -5047.063
v -3847.309 0.200 -5047.063
v -3847.309 8.200 -5047.363
v -3847.009 8.200 -5047.363
v -3847.009 8.200 -5047.063
v -3847.309 8.200 -5047.063
v -5499.079 0.050 -5663.242
v -5506.122 0.050 -5659.448
v -5496.248 0.050 -5641.118
v -5489.205 0.050 -5644.913
v -5497.318 0.200 -5664.191
v -5499.079 0.200 -5663.242
v -5489.205 0.200 -5644.913
v -5487.444 0.200 -5645.861
v -5506.122 0.200 -5659.448
v -5507.883 0.200 -5658.499
v -5498.009 0.200 -5640.170
v -5496.248 0.200 -5641.118
v -5488.742 0.050 -5643.371
v -5496.710 0.050 -5642.660
v -5493.182 0.050 -5603.160
v -5485.213 0.050 -5603.871
v -5486.750 0.200 -5643.549
v -5488.742 0.200 -5643.371
v -5485.213 0.200 -5603.871
v -5483.221 0.200 -5604.049
v -5496.710 0.200 -5642.660
v -5498.703 0.200 -5642.482
v -5495.174 0.200 -5602.982
v -5493.182 0.200 -5603.160
v -5487.099 0.200 -5643.682
v -5486.799 0.200 -5643.682
v -5486.799 0.200 -5643.382
v -5487.099 0.200 -5643.382
v -5487.099 8.200 -5643.682
v -5486.799 8.200 -5643.682
v -5486.799 8.200 -5643.382
v -5487.099 8.200 -5643.382
v -5498.653 0.200 -5642.649
v -5498.353 0.200 -5642.649
v -5498.353 0.200 -5642.349
v -5498.653 0.200 -5642.349
v -5498.653 8.200 -5642.649
v -5498.353 8.200 -5642.649
v -5498.353 8.200 -5642.349
v -5498.653 8.200 -5642.349
v -5485.199 0.050 -5603.625
v -5493.196 0.050 -5603.406
v -5490.368 0.050 -5499.734
v -5482.371 0.050 -5499.953
v -5483.200 0.200 -5603.679
v -5485.199 0.200 -5603.625
v -5482.371 0.200 -5499.953
v -5480.372 0.200 -5500.007
v -5493.196 0.200 -5603.406
v -5495.195 0.200 -5603.352
v -5492.368 0.200 -5499.680
v -5490.368 0.200 -5499.734
v -5483.550 0.200 -5603.824
v -5483.250 0.200 -5603.824
v -5483.250 0.200 -5603.524
v -5483.550 0.200 -5603.524
v -5483.550 8.200 -5603.824
v -5483.250 8.200 -5603.824
v -5483.250 8.200 -5603.524
v -5483.550 8.200 -5603.524
v -5495.145 0.200 -5603.507
v -5494.845 0.200 -5603.507
v -5494.845 0.200 -5603.207
v -5495.145 0.200 -5603.207
v -5495.145 8.200 -5603.507
v -5494.845 8.200 -5603.507
v -5494.845 8.200 -5603.207
v -5495.145 8.200 -5603.207
v -5482.606 0.050 -5498.489
v -5490.134 0.050 -5501.198
v -5517.296 0.050 -5425.741
v -5509.768 0.050 -5423.031
v -5480.725 0.200 -5497.811
v -5482.606 0.200 -5498.489
v -5509.768 0.200 -5423.031
v -5507.887 0.200 -5422.354
v -5490.134 0.200 -5501.198
v -5492.015 0.200 -5501.876
v -5519.177 0.200 -5426.418
v -5517.296 0.200 -5425.741
v -5481.063 0.200 -5498.029
v -5480.763 0.200 -5498.029
v -5480.763 0.200 -5497.729
v -5481.063 0.200 -5497.729
v -5481.063 8.200 -5498.029
v -5480.763 8.200 -5498.029
v -5480.763 8.200 -5497.729
v -5481.063 8.200 -5497.729
v -5491.977 0.200 -5501.958
v -5491.677 0.200 -5501.958
v -5491.677 0.200 -5501.658
v -5491.977 0.200 -5501.658
v -5491.977 8.200 -5501.958
v -5491.677 8.200 -5501.958
v -5491.677 8.200 -5501.658
v -5491.977 8.200 -5501.658
v -5509.570 0.050 -5424.939
v -5517.494 0.050 -5423.834
v -5511.493 0.050 -5380.819
v -5503.570 0.050 -5381.924
v -5507.589 0.200 -5425.215
v -5509.570 0.200 -5424.939
v -5503.570 0.200 -5381.924
v -5501.589 0.200 -5382.201
v -5517.494 0.200 -5423.834
v -5519.474 0.200 -5423.557
v -5513.474 0.200 -5380.543
v -5511.493 0.200 -5380.819
v -5507.938 0.200 -5425.337
v -5507.638 0.200 -5425.337
v -5507.638 0.200 -5425.037
v -5507.938 0.200 -5425.037
v -5507.938 8.200 -5425.337
v -5507.638 8.200 -5425.337
v -5507.638 8.200 -5425.037
v -5507.938 8.200 -5425.037
v -5519.426 0.200 -5423.735
v -5519.126 0.200 -5423.735
v -5519.126 0.200 -5423.435
v -5519.426 0.200 -5423.435
v -5519.426 8.200 -5423.735
v -5519.126 8.200 -5423.735
v -5519.126 8.200 -5423.435
v -5519.426 8.200 -5423.435
v -5503.532 0.050 -5381.303
v -5511.531 0.050 -5381.440
v -5512.945 0.050 -5298.927
v -5504.946 0.050 -5298.790
v -5501.533 0.200 -5381.269
v -5503.532 0.200 -5381.303
v -5504.946 0.200 -5298.790
v -5502.946 0.200 -5298.756
v -5511.531 0.200 -5381.440
v -5513.531 0.200 -5381.475
v -5514.945 0.200 -5298.961
v -5512.945 0.200 -5298.927
v -5501.883 0.200 -5381.422
v -5501.583 0.200 -5381.422
v -5501.583 0.200 -5381.122
v -5501.883 0.200 -5381.122
v -5501.883 8.200 -5381.422
v -5501.583 8.200 -5381.422
v -5501.583 8.200 -5381.122
v -5501.883 8.200 -5381.122
v -5513.481 0.200 -5381.621
v -5513.181 0.200 -5381.621
v -5513.181 0.200 -5381.321
v -5513.481 0.200 -5381.321
v -5513.481 8.200 -5381.621
v -5513.181 8.200 -5381.621
v -5513.181 8.200 -5381.321
v -5513.481 8.200 -5381.321
v -5506.330 0.050 -5301.885
v -5511.561 0.050 -5295.832
v -5482.996 0.050 -5271.147
v -5477.766 0.050 -5277.200
v -5505.022 0.200 -5303.398
v -5506.330 0.200 -5301.885
v -5477.766 0.200 -5277.200
v -5476.458 0.200 -5278.713
v -5511.561 0.200 -5295.832
v -5512.869 0.200 -5294.319
v -5484.304 0.200 -5269.634
v -5482.996 0.200 -5271.147
v -5505.303 0.200 -5303.397
v -5505.003 0.200 -5303.397
v -5505.003 0.200 -5303.097
v -5505.303 0.200 -5303.097
v -5505.303 8.200 -5303.397
v -5505.003 8.200 -5303.397
v -5505.003 8.200 -5303.097
v -5505.303 8.200 -5303.097
v -5512.888 0.200 -5294.620
v -5512.588 0.200 -5294.620
v -5512.588 0.200 -5294.320
v -5512.888 0.200 -5294.320
v -5512.888 8.200 -5294.620
v -5512.588 8.200 -5294.620
v -5512.588 8.200 -5294.320
v -5512.888 8.200 -5294.320
v -5479.469 0.050 -5278.068
v -5481.293 0.050 -5270.279
v -5454.142 0.050 -5263.922
v -5452.318 0.050 -5271.712
v -5479.013 0.200 -5280.015
v -5479.469 0.200 -5278.068
v -5452.318 0.200 -5271.712
v -5451.862 0.200 -5273.659
v -5481.293 0.200 -5270.279
v -5481.749 0.200 -5268.331
v -5454.598 0.200 -5261.975
v -5454.142 0.200 -5263.922
v -5456.142 0.050 -5270.560
v -5450.318 0.050 -5265.074
v -5433.042 0.050 -5283.417
v -5438.865 0.050 -5288.902
v -5457.598 0.200 -5271.931
v -5456.142 0.200 -5270.560
v -5438.865 0.200 -5288.902
v -5440.321 0.200 -5290.273
v -5450.318 0.200 -5265.074
v -5448.863 0.200 -5263.703
v -5431.586 0.200 -5282.045
v -5433.042 0.200 -5283.417
v -5457.602 0.200 -5271.944
v -5457.302 0.200 -5271.944
v -5457.302 0.200 -5271.644
v -5457.602 0.200 -5271.644
v -5457.602 8.200 -5271.944
v -5457.302 8.200 -5271.944
v -5457.302 8.200 -5271.644
v -5457.602 8.200 -5271.644
v -5449.158 0.200 -5263.990
v -5448.858 0.200 -5263.990
v -5448.858 0.200 -5263.690
v -5449.158 0.200 -5263.690
v -5449.158 8.200 -5263.990
v -5448.858 8.200 -5263.990
v -5448.858 8.200 -5263.690
v -5449.158 8.200 -5263.690
v -5439.456 0.050 -5288.091
v -5432.451 0.050 -5284.227
v -5400.357 0.050 -5342.412
v -5407.362 0.050 -5346.276
v -5441.207 0.200 -5289.057
v -5439.456 0.200 -5288.091
v -5407.362 0.200 -5346.276
v -5409.114 0.200 -5347.242
v -5432.451 0.200 -5284.227
v -5430.700 0.200 -5283.261
v -5398.606 0.200 -5341.446
v -5400.357 0.200 -5342.412
v -5441.182 0.200 -5289.110
v -5440.882 0.200 -5289.110
v -5440.882 0.200 -5288.810
v -5441.182 0.200 -5288.810
v -5441.182 8.200 -5289.110
v -5440.882 8.200 -5289.110
v -5440.882 8.200 -5288.810
v -5441.182 8.200 -5288.810
v -5431.025 0.200 -5283.508
v -5430.725 0.200 -5283.508
v -5430.725 0.200 -5283.208
v -5431.025 0.200 -5283.208
v -5431.025 8.200 -5283.508
v -5430.725 8.200 -5283.508
v -5430.725 8.200 -5283.208
v -5431.025 8.200 -5283.208
v -5406.180 0.050 -5347.602
v -5401.540 0.050 -5341.086
v -5375.803 0.050 -5359.415
v -5380.443 0.050 -5365.931
v -5407.341 0.200 -5349.231
v -5406.180 0.200 -5347.602
v -5380.443 0.200 -5365.931
v -5381.603 0.200 -5367.560
v -5401.540 0.200 -5341.086
v -5400.379 0.200 -5339.456
v -5374.642 0.200 -5357.785
v -5375.803 0.200 -5359.415
v -5407.374 0.200 -5349.218
v -5407.074 0.200 -5349.218
v -5407.074 0.200 -5348.918
v -5407.374 0.200 -5348.918
v -5407.374 8.200 -5349.218
v -5407.074 8.200 -5349.218
v -5407.074 8.200 -5348.918
v -5407.374 8.200 -5348.918
v -5400.645 0.200 -5339.769
v -5400.345 0.200 -5339.769
v -5400.345 0.200 -5339.469
v -5400.645 0.200 -5339.469
v -5400.645 8.200 -5339.769
v -5400.345 8.200 -5339.769
v -5400.345 8.200 -5339.469
v -5400.645 8.200 -5339.469
v -5381.748 0.050 -5364.364
v -5374.498 0.050 -5360.981
v -5357.221 0.050 -5398.009
v -5364.471 0.050 -5401.392
v -5383.560 0.200 -5365.210
v -5381.748 0.200 -5364.364
v -5364.471 0.200 -5401.392
v -5366.283 0.200 -5402.238
v -5374.498 0.200 -5360.981
v -5372.686 0.200 -5360.136
v -5355.409 0.200 -5397.164
v -5357.221 0.200 -5398.009
v -5383.529 0.200 -5365.275
v -5383.229 0.200 -5365.275
v -5383.229 0.200 -5364.975
v -5383.529 0.200 -5364.975
v -5383.529 8.200 -5365.275
v -5383.229 8.200 -5365.275
v -5383.229 8.200 -5364.975
v -5383.529 8.200 -5364.975
v -5373.017 0.200 -5360.370
v -5372.717 0.200 -5360.370
v -5372.717 0.200 -5360.070
v -5373.017 0.200 -5360.070
v -5373.017 8.200 -5360.370
v -5372.717 8.200 -5360.370
v -5372.717 8.200 -5360.070
v -5373.017 8.200 -5360.070
v -5363.517 0.050 -5402.678
v -5358.175 0.050 -5396.723
v -5344.416 0.050 -5409.066
v -5349.758 0.050 -5415.021
v -5364.853 0.200 -5404.167
v -5363.517 0.200 -5402.678
v -5349.758 0.200 -5415.021
v -5351.094 0.200 -5416.510
v -5358.175 0.200 -5396.723
v -5356.840 0.200 -5395.234
v -5343.081 0.200 -5407.577
v -5344.416 0.200 -5409.066
v -5348.714 0.050 -5415.697
v -5345.460 0.050 -5408.389
v -5303.503 0.050 -5427.075
v -5306.758 0.050 -5434.383
v -5349.528 0.200 -5417.524
v -5348.714 0.200 -5415.697
v -5306.758 0.200 -5434.383
v -5307.572 0.200 -5436.210
v -5345.460 0.200 -5408.389
v -5344.646 0.200 -5406.562
v -5302.690 0.200 -5425.248
v -5303.503 0.200 -5427.075
v -5349.597 0.200 -5417.492
v -5349.297 0.200 -5417.492
v -5349.297 0.200 -5417.192
v -5349.597 0.200 -5417.192
v -5349.597 8.200 -5417.492
v -5349.297 8.200 -5417.492
v -5349.297 8.200 -5417.192
v -5349.597 8.200 -5417.192
v -5344.877 0.200 -5406.895
v -5344.577 0.200 -5406.895
v -5344.577 0.200 -5406.595
v -5344.877 0.200 -5406.595
v -5344.877 8.200 -5406.895
v -5344.577 8.200 -5406.895
v -5344.577 8.200 -5406.595
v -5344.877 8.200 -5406.595
v -5307.691 0.050 -5433.802
v -5302.570 0.050 -5427.656
v -5272.948 0.050 -5452.342
v -5278.069 0.050 -5458.488
v -5308.972 0.200 -5435.339
v -5307.691 0.200 -5433.802
v -5278.069 0.200 -5458.488
v -5279.350 0.200 -5460.024
v -5302.570 0.200 -5427.656
v -5301.290 0.200 -5426.120
v -5271.667 0.200 -5450.806
v -5272.948 0.200 -5452.342
v -5308.994 0.200 -5435.335
v -5308.694 0.200 -5435.335
v -5308.694 0.200 -5435.035
v -5308.994 0.200 -5435.035
v -5308.994 8.200 -5435.335
v -5308.694 8.200 -5435.335
v -5308.694 8.200 -5435.035
v -5308.994 8.200 -5435.035
v -5301.568 0.200 -5426.424
v -5301.268 0.200 -5426.424
v -5301.268 0.200 -5426.124
v -5301.568 0.200 -5426.124
v -5301.568 8.200 -5426.424
v -5301.268 8.200 -5426.424
v -5301.268 8.200 -5426.124
v -5301.568 8.200 -5426.124
v -5277.599 0.050 -5458.825
v -5273.419 0.050 -5452.004
v -5245.210 0.050 -5469.289
v -5249.390 0.050 -5476.111
v -5278.643 0.200 -5460.531
v -5277.599 0.200 -5458.825
v -5249.390 0.200 -5476.111
v -5250.435 0.200 -5477.816
v -5273.419 0.200 -5452.004
v -5272.374 0.200 -5450.299
v -5244.165 0.200 -5467.584
v -5245.210 0.200 -5469.289
v -5278.689 0.200 -5460.510
v -5278.389 0.200 -5460.510
v -5278.389 0.200 -5460.210
v -5278.689 0.200 -5460.210
v -5278.689 8.200 -5460.510
v -5278.389 8.200 -5460.510
v -5278.389 8.200 -5460.210
v -5278.689 8.200 -5460.210
v -5272.628 0.200 -5450.619
v -5272.328 0.200 -5450.619
v -5272.328 0.200 -5450.319
v -5272.628 0.200 -5450.319
v -5272.628 8.200 -5450.619
v -5272.328 8.200 -5450.619
v -5272.328 8.200 -5450.319
v -5272.628 8.200 -5450.319
v -5246.595 0.050 -5476.637
v -5248.005 0.050 -5468.763
v -5214.498 0.050 -5462.763
v -5213.088 0.050 -5470.638
v -5246.243 0.200 -5478.606
v -5246.595 0.200 -5476.637
v -5213.088 0.200 -5470.638
v -5212.736 0.200 -5472.606
v -5248.005 0.200 -5468.763
v -5248.358 0.200 -5466.794
v -5214.851 0.200 -5460.794
v -5214.498 0.200 -5462.763
v -5246.428 0.200 -5478.559
v -5246.128 0.200 -5478.559
v -5246.128 0.200 -5478.259
v -5246.428 0.200 -5478.259
v -5246.428 8.200 -5478.559
v -5246.128 8.200 -5478.559
v -5246.128 8.200 -5478.259
v -5246.428 8.200 -5478.259
v -5248.472 0.200 -5467.141
v -5248.172 0.200 -5467.141
v -5248.172 0.200 -5466.841
v -5248.472 0.200 -5466.841
v -5248.472 8.200 -5467.141
v -5248.172 8.200 -5467.141
v -5248.172 8.200 -5466.841
v -5248.472 8.200 -5466.841
v -5213.793 0.050 -5470.700
v -5213.793 0.050 -5462.700
v -5178.182 0.050 -5462.700
v -5178.182 0.050 -5470.700
v -5213.793 0.200 -5472.700
v -5213.793 0.200 -5470.700
v -5178.182 0.200 -5470.700
v -5178.182 0.200 -5472.700
v -5213.793 0.200 -5462.700
v -5213.793 0.200 -5460.700
v -5178.182 0.200 -5460.700
v -5178.182 0.200 -5462.700
v -5213.943 0.200 -5472.650
v -5213.643 0.200 -5472.650
v -5213.643 0.200 -5472.350
v -5213.943 0.200 -5472.350
v -5213.943 8.200 -5472.650
v -5213.643 8.200 -5472.650
v -5213.643 8.200 -5472.350
v -5213.943 8.200 -5472.350
v -5213.943 0.200 -5461.050
v -5213.643 0.200 -5461.050
v -5213.643 0.200 -5460.750
v -5213.943 0.200 -5460.750
v -5213.943 8.200 -5461.050
v -5213.643 8.200 -5461.050
v -5213.643 8.200 -5460.750
v -5213.943 8.200 -5460.750
v -5175.752 0.050 -5469.878
v -5180.612 0.050 -5463.523
v -5144.644 0.050 -5436.022
v -5139.785 0.050 -5442.378
v -5174.538 0.200 -5471.467
v -5175.752 0.200 -5469.878
v -5139.785 0.200 -5442.378
v -5138.570 0.200 -5443.967
v -5180.612 0.200 -5463.523
v -5181.826 0.200 -5461.934
v -5145.859 0.200 -5434.434
v -5144.644 0.200 -5436.022
v -5174.809 0.200 -5471.458
v -5174.509 0.200 -5471.458
v -5174.509 0.200 -5471.158
v -5174.809 0.200 -5471.158
v -5174.809 8.200 -5471.458
v -5174.509 8.200 -5471.458
v -5174.509 8.200 -5471.158
v -5174.809 8.200 -5471.158
v -5181.855 0.200 -5462.243
v -5181.555 0.200 -5462.243
v -5181.555 0.200 -5461.943
v -5181.855 0.200 -5461.943
v -5181.855 8.200 -5462.243
v -5181.555 8.200 -5462.243
v -5181.555 8.200 -5461.943
v -5181.855 8.200 -5461.943
v -5139.644 0.050 -5442.264
v -5144.786 0.050 -5436.136
v -5114.106 0.050 -5410.393
v -5108.964 0.050 -5416.522
v -5138.358 0.200 -5443.796
v -5139.644 0.200 -5442.264
v -5108.964 0.200 -5416.522
v -5107.678 0.200 -5418.054
v -5144.786 0.200 -5436.136
v -5146.071 0.200 -5434.604
v -5115.392 0.200 -5408.861
v -5114.106 0.200 -5410.393
v -5138.637 0.200 -5443.793
v -5138.337 0.200 -5443.793
v -5138.337 0.200 -5443.493
v -5138.637 0.200 -5443.493
v -5138.637 8.200 -5443.793
v -5138.337 8.200 -5443.793
v -5138.337 8.200 -5443.493
v -5138.637 8.200 -5443.493
v -5146.093 0.200 -5434.907
v -5145.793 0.200 -5434.907
v -5145.793 0.200 -5434.607
v -5146.093 0.200 -5434.607
v -5146.093 8.200 -5434.907
v -5145.793 8.200 -5434.907
v -5145.793 8.200 -5434.607
v -5146.093 8.200 -5434.607
v -5108.119 0.050 -5415.538
v -5114.951 0.050 -5411.377
v -5096.261 0.050 -5380.692
v -5089.428 0.050 -5384.853
v -5106.411 0.200 -5416.579
v -5108.119 0.200 -5415.538
v -5089.428 0.200 -5384.853
v -5087.720 0.200 -5385.894
v -5114.951 0.200 -5411.377
v -5116.659 0.200 -5410.336
v -5097.969 0.200 -5379.651
v -5096.261 0.200 -5380.692
v -5106.732 0.200 -5416.625
v -5106.432 0.200 -5416.625
v -5106.432 0.200 -5416.325
v -5106.732 0.200 -5416.325
v -5106.732 8.200 -5416.625
v -5106.432 8.200 -5416.625
v -5106.432 8.200 -5416.325
v -5106.732 8.200 -5416.325
v -5116.638 0.200 -5410.590
v -5116.338 0.200 -5410.590
v -5116.338 0.200 -5410.290
v -5116.638 0.200 -5410.290
v -5116.638 8.200 -5410.590
v -5116.338 8.200 -5410.590
v -5116.338 8.200 -5410.290
v -5116.638 8.200 -5410.290
v -5092.454 0.050 -5386.753
v -5093.235 0.050 -5378.792
v -5053.739 0.050 -5374.920
v -5052.958 0.050 -5382.882
v -5092.259 0.200 -5388.744
v -5092.454 0.200 -5386.753
v -5052.958 0.200 -5382.882
v -5052.763 0.200 -5384.872
v -5093.235 0.200 -5378.792
v -5093.430 0.200 -5376.801
v -5053.934 0.200 -5372.929
v -5053.739 0.200 -5374.920
v -5092.429 0.200 -5388.695
v -5092.129 0.200 -5388.695
v -5092.129 0.200 -5388.395
v -5092.429 0.200 -5388.395
v -5092.429 8.200 -5388.695
v -5092.129 8.200 -5388.695
v -5092.129 8.200 -5388.395
v -5092.429 8.200 -5388.395
v -5093.560 0.200 -5377.150
v -5093.260 0.200 -5377.150
v -5093.260 0.200 -5376.850
v -5093.560 0.200 -5376.850
v -5093.560 8.200 -5377.150
v -5093.260 8.200 -5377.150
v -5093.260 8.200 -5376.850
v -5093.560 8.200 -5376.850
v -5053.348 0.050 -5382.901
v -5053.348 0.050 -5374.901
v -5030.083 0.050 -5374.901
v -5030.083 0.050 -5382.901
v -5053.348 0.200 -5384.901
v -5053.348 0.200 -5382.901
v -5030.083 0.200 -5382.901
v -5030.083 0.200 -5384.901
v -5053.348 0.200 -5374.901
v -5053.348 0.200 -5372.901
v -5030.083 0.200 -5372.901
v -5030.083 0.200 -5374.901
v -5028.231 0.050 -5382.446
v -5031.934 0.050 -5375.355
v -5015.715 0.050 -5366.884
v -5012.012 0.050 -5373.975
v -5027.305 0.200 -5384.219
v -5028.231 0.200 -5382.446
v -5012.012 0.200 -5373.975
v -5011.086 0.200 -5375.748
v -5031.934 0.200 -5375.355
v -5032.860 0.200 -5373.582
v -5016.641 0.200 -5365.112
v -5015.715 0.200 -5366.884
v -5027.548 0.200 -5384.192
v -5027.248 0.200 -5384.192
v -5027.248 0.200 -5383.892
v -5027.548 0.200 -5383.892
v -5027.548 8.200 -5384.192
v -5027.248 8.200 -5384.192
v -5027.248 8.200 -5383.892
v -5027.548 8.200 -5383.892
v -5032.918 0.200 -5373.910
v -5032.618 0.200 -5373.910
v -5032.618 0.200 -5373.610
v -5032.918 0.200 -5373.610
v -5032.918 8.200 -5373.910
v -5032.618 8.200 -5373.910
v -5032.618 8.200 -5373.610
v -5032.918 8.200 -5373.610
v -5013.665 0.050 -5374.425
v -5014.062 0.050 -5366.435
v -4985.853 0.050 -5365.034
v -4985.457 0.050 -5373.024
v -5013.566 0.200 -5376.422
v -5013.665 0.200 -5374.425
v -4985.457 0.200 -5373.024
v -4985.357 0.200 -5375.022
v -5014.062 0.200 -5366.435
v -5014.161 0.200 -5364.437
v -4985.952 0.200 -5363.036
v -4985.853 0.200 -5365.034
v -4983.819 0.050 -5372.583
v -4987.490 0.050 -5365.475
v -4966.328 0.050 -5354.546
v -4962.658 0.050 -5361.654
v -4982.902 0.200 -5374.360
v -4983.819 0.200 -5372.583
v -4962.658 0.200 -5361.654
v -4961.740 0.200 -5363.431
v -4987.490 0.200 -5365.475
v -4988.408 0.200 -5363.698
v -4967.246 0.200 -5352.769
v -4966.328 0.200 -5354.546
v -4983.144 0.200 -5374.332
v -4982.844 0.200 -5374.332
v -4982.844 0.200 -5374.032
v -4983.144 0.200 -5374.032
v -4983.144 8.200 -5374.332
v -4982.844 8.200 -5374.332
v -4982.844 8.200 -5374.032
v -4983.144 8.200 -5374.032
v -4988.466 0.200 -5364.026
v -4988.166 0.200 -5364.026
v -4988.166 0.200 -5363.726
v -4988.466 0.200 -5363.726
v -4988.466 8.200 -5364.026
v -4988.166 8.200 -5364.026
v -4988.166 8.200 -5363.726
v -4988.466 8.200 -5363.726
v -4965.116 0.050 -5362.052
v -4963.870 0.050 -5354.149
v -4950.467 0.050 -5356.264
v -4951.714 0.050 -5364.166
v -4965.428 0.200 -5364.027
v -4965.116 0.200 -5362.052
v -4951.714 0.200 -5364.166
v -4952.025 0.200 -5366.142
v -4963.870 0.200 -5354.149
v -4963.558 0.200 -5352.174
v -4950.155 0.200 -5354.288
v -4950.467 0.200 -5356.264
v -4955.033 0.050 -5359.539
v -4947.148 0.050 -5360.890
v -4949.263 0.050 -5373.233
v -4957.148 0.050 -5371.882
v -4957.004 0.200 -5359.201
v -4955.033 0.200 -5359.539
v -4957.148 0.200 -5371.882
v -4959.119 0.200 -5371.544
v -4947.148 0.200 -5360.890
v -4945.176 0.200 -5361.228
v -4947.291 0.200 -5373.571
v -4949.263 0.200 -5373.233
v -4955.961 0.050 -5369.658
v -4950.450 0.050 -5375.457
v -4979.014 0.050 -5402.600
v -4984.525 0.050 -5396.801
v -4957.338 0.200 -5368.208
v -4955.961 0.200 -5369.658
v -4984.525 0.200 -5396.801
v -4985.903 0.200 -5395.351
v -4950.450 0.200 -5375.457
v -4949.072 0.200 -5376.907
v -4977.637 0.200 -5404.050
v -4979.014 0.200 -5402.600
v -4957.351 0.200 -5368.503
v -4957.051 0.200 -5368.503
v -4957.051 0.200 -5368.203
v -4957.351 0.200 -5368.203
v -4957.351 8.200 -5368.503
v -4957.051 8.200 -5368.503
v -4957.051 8.200 -5368.203
v -4957.351 8.200 -5368.203
v -4949.360 0.200 -5376.912
v -4949.060 0.200 -5376.912
v -4949.060 0.200 -5376.612
v -4949.360 0.200 -5376.612
v -4949.360 8.200 -5376.912
v -4949.060 8.200 -5376.912
v -4949.060 8.200 -5376.612
v -4949.360 8.200 -5376.612
v -4985.677 0.050 -5398.845
v -4977.862 0.050 -5400.556
v -4980.334 0.050 -5411.842
v -4988.149 0.050 -5410.131
v -4987.631 0.200 -5398.417
v -4985.677 0.200 -5398.845
v -4988.149 0.200 -5410.131
v -4990.102 0.200 -5409.703
v -4977.862 0.200 -5400.556
v -4975.909 0.200 -5400.984
v -4978.380 0.200 -5412.270
v -4980.334 0.200 -5411.842
v -4987.896 0.050 -5412.611
v -4980.586 0.050 -5409.362
v -4970.712 0.050 -5431.576
v -4978.022 0.050 -5434.825
v -4989.724 0.200 -5413.423
v -4987.896 0.200 -5412.611
v -4978.022 0.200 -5434.825
v -4979.850 0.200 -5435.638
v -4980.586 0.200 -5409.362
v -4978.758 0.200 -5408.549
v -4968.884 0.200 -5430.763
v -4970.712 0.200 -5431.576
v -4989.691 0.200 -5413.492
v -4989.391 0.200 -5413.492
v -4989.391 0.200 -5413.192
v -4989.691 0.200 -5413.192
v -4989.691 8.200 -5413.492
v -4989.391 8.200 -5413.492
v -4989.391 8.200 -5413.192
v -4989.691 8.200 -5413.192
v -4979.091 0.200 -5408.780
v -4978.791 0.200 -5408.780
v -4978.791 0.200 -5408.480
v -4979.091 0.200 -5408.480
v -4979.091 8.200 -5408.780
v -4978.791 8.200 -5408.780
v -4978.791 8.200 -5408.480
v -4979.091 8.200 -5408.480
v -4977.334 0.050 -5435.883
v -4971.400 0.050 -5430.518
v -4948.123 0.050 -5456.260
v -4954.057 0.050 -5461.626
v -4978.818 0.200 -5437.225
v -4977.334 0.200 -5435.883
v -4954.057 0.200 -5461.626
v -4955.541 0.200 -5462.967
v -4971.400 0.200 -5430.518
v -4969.917 0.200 -5429.176
v -4946.640 0.200 -5454.919
v -4948.123 0.200 -5456.260
v -4978.819 0.200 -5437.241
v -4978.519 0.200 -5437.241
v -4978.519 0.200 -5436.941
v -4978.819 0.200 -5436.941
v -4978.819 8.200 -5437.241
v -4978.519 8.200 -5437.241
v -4978.519 8.200 -5436.941
v -4978.819 8.200 -5436.941
v -4970.215 0.200 -5429.461
v -4969.915 0.200 -5429.461
v -4969.915 0.200 -5429.161
v -4970.215 0.200 -5429.161
v -4970.215 8.200 -5429.461
v -4969.915 8.200 -5429.461
v -4969.915 8.200 -5429.161
v -4970.215 8.200 -5429.161
v -4950.664 0.050 -5462.920
v -4951.516 0.050 -5454.966
v -4941.642 0.050 -5453.909
v -4940.790 0.050 -5461.863
v -4950.451 0.200 -5464.909
v -4950.664 0.200 -5462.920
v -4940.790 0.200 -5461.863
v -4940.577 0.200 -5463.852
v -4951.516 0.200 -5454.966
v -4951.729 0.200 -5452.977
v -4941.855 0.200 -5451.920
v -4941.642 0.200 -5453.909
v -4938.326 0.050 -5460.652
v -4944.106 0.050 -5455.121
v -4920.484 0.050 -5430.435
v -4914.704 0.050 -5435.966
v -4936.881 0.200 -5462.034
v -4938.326 0.200 -5460.652
v -4914.704 0.200 -5435.966
v -4913.259 0.200 -5437.349
v -4944.106 0.200 -5455.121
v -4945.551 0.200 -5453.738
v -4921.929 0.200 -5429.052
v -4920.484 0.200 -5430.435
v -4937.176 0.200 -5462.046
v -4936.876 0.200 -5462.046
v -4936.876 0.200 -5461.746
v -4937.176 0.200 -5461.746
v -4937.176 8.200 -5462.046
v -4936.876 8.200 -5462.046
v -4936.876 8.200 -5461.746
v -4937.176 8.200 -5461.746
v -4945.557 0.200 -5454.026
v -4945.257 0.200 -5454.026
v -4945.257 0.200 -5453.726
v -4945.557 0.200 -5453.726
v -4945.557 8.200 -5454.026
v -4945.257 8.200 -5454.026
v -4945.257 8.200 -5453.726
v -4945.557 8.200 -5453.726
v -4915.269 0.050 -5436.455
v -4919.919 0.050 -5429.946
v -4897.700 0.050 -5414.075
v -4893.050 0.050 -5420.584
v -4914.107 0.200 -5438.083
v -4915.269 0.200 -5436.455
v -4893.050 0.200 -5420.584
v -4891.887 0.200 -5422.212
v -4919.919 0.200 -5429.946
v -4921.082 0.200 -5428.318
v -4898.862 0.200 -5412.447
v -4897.700 0.200 -5414.075
v -4894.379 0.050 -5421.204
v -4896.371 0.050 -5413.455
v -4871.691 0.050 -5407.112
v -4869.700 0.050 -5414.860
v -4893.881 0.200 -5423.141
v -4894.379 0.200 -5421.204
v -4869.700 0.200 -5414.860
v -4869.202 0.200 -5416.797
v -4896.371 0.200 -5413.455
v -4896.868 0.200 -5411.518
v -4872.189 0.200 -5405.175
v -4871.691 0.200 -5407.112
v -4894.081 0.200 -5423.097
v -4893.781 0.200 -5423.097
v -4893.781 0.200 -5422.797
v -4894.081 0.200 -5422.797
v -4894.081 8.200 -5423.097
v -4893.781 8.200 -5423.097
v -4893.781 8.200 -5422.797
v -4894.081 8.200 -5422.797
v -4896.969 0.200 -5411.862
v -4896.669 0.200 -5411.862
v -4896.669 0.200 -5411.562
v -4896.969 0.200 -5411.562
v -4896.969 8.200 -5411.862
v -4896.669 8.200 -5411.862
v -4896.669 8.200 -5411.562
v -4896.969 8.200 -5411.562
v -4867.347 0.050 -5413.175
v -4874.044 0.050 -5408.798
v -4850.767 0.050 -5373.184
v -4844.070 0.050 -5377.561
v -4865.673 0.200 -5414.269
v -4867.347 0.200 -5413.175
v -4844.070 0.200 -5377.561
v -4842.396 0.200 -5378.655
v -4874.044 0.200 -5408.798
v -4875.718 0.200 -5407.704
v -4852.441 0.200 -5372.090
v -4850.767 0.200 -5373.184
v -4865.990 0.200 -5414.309
v -4865.690 0.200 -5414.309
v -4865.690 0.200 -5414.009
v -4865.990 0.200 -5414.009
v -4865.990 8.200 -5414.309
v -4865.690 8.200 -5414.309
v -4865.690 8.200 -5414.009
v -4865.990 8.200 -5414.009
v -4875.700 0.200 -5407.963
v -4875.400 0.200 -5407.963
v -4875.400 0.200 -5407.663
v -4875.700 0.200 -5407.663
v -4875.700 8.200 -5407.963
v -4875.400 8.200 -5407.963
v -4875.400 8.200 -5407.663
v -4875.700 8.200 -5407.663
v -4843.825 0.050 -5377.129
v -4851.012 0.050 -5373.615
v -4827.390 0.050 -5325.302
v -4820.203 0.050 -5328.816
v -4842.028 0.200 -5378.008
v -4843.825 0.200 -5377.129
v -4820.203 0.200 -5328.816
v -4818.406 0.200 -5329.694
v -4851.012 0.200 -5373.615
v -4852.809 0.200 -5372.737
v -4829.187 0.200 -5324.423
v -4827.390 0.200 -5325.302
v -4842.358 0.200 -5378.070
v -4842.058 0.200 -5378.070
v -4842.058 0.200 -5377.770
v -4842.358 0.200 -5377.770
v -4842.358 8.200 -5378.070
v -4842.058 8.200 -5378.070
v -4842.058 8.200 -5377.770
v -4842.358 8.200 -5377.770
v -4852.779 0.200 -5372.975
v -4852.479 0.200 -5372.975
v -4852.479 0.200 -5372.675
v -4852.779 0.200 -5372.675
v -4852.779 8.200 -5372.975
v -4852.479 8.200 -5372.975
v -4852.479 8.200 -5372.675
v -4852.779 8.200 -5372.675
v -4819.859 0.050 -5327.763
v -4827.734 0.050 -5326.355
v -4824.205 0.050 -5306.612
v -4816.330 0.050 -5308.020
v -4817.890 0.200 -5328.115
v -4819.859 0.200 -5327.763
v -4816.330 0.200 -5308.020
v -4814.361 0.200 -5308.372
v -4827.734 0.200 -5326.355
v -4829.703 0.200 -5326.003
v -4826.174 0.200 -5306.260
v -4824.205 0.200 -5306.612
v -4817.272 0.050 -5309.967
v -4823.263 0.050 -5304.665
v -4796.112 0.050 -5273.993
v -4790.122 0.050 -5279.296
v -4815.775 0.200 -5311.293
v -4817.272 0.200 -5309.967
v -4790.122 0.200 -5279.296
v -4788.624 0.200 -5280.621
v -4823.263 0.200 -5304.665
v -4824.760 0.200 -5303.339
v -4797.609 0.200 -5272.668
v -4796.112 0.200 -5273.993
v -4816.075 0.200 -5311.310
v -4815.775 0.200 -5311.310
v -4815.775 0.200 -5311.010
v -4816.075 0.200 -5311.010
v -4816.075 8.200 -5311.310
v -4815.775 8.200 -5311.310
v -4815.775 8.200 -5311.010
v -4816.075 8.200 -5311.010
v -4824.760 0.200 -5303.622
v -4824.460 0.200 -5303.622
v -4824.460 0.200 -5303.322
v -4824.760 0.200 -5303.322
v -4824.760 8.200 -5303.622
v -4824.460 8.200 -5303.622
v -4824.460 8.200 -5303.322
v -4824.760 8.200 -5303.322
v -4789.166 0.050 -5276.017
v -4797.067 0.050 -5277.272
v -4809.056 0.050 -5201.803
v -4801.155 0.050 -5200.548
v -4787.191 0.200 -5275.703
v -4789.166 0.200 -5276.017
v -4801.155 0.200 -5200.548
v -4799.180 0.200 -5200.234
v -4797.067 0.200 -5277.272
v -4799.042 0.200 -5277.586
v -4811.032 0.200 -5202.117
v -4809.056 0.200 -5201.803
v -4787.539 0.200 -5275.885
v -4787.239 0.200 -5275.885
v -4787.239 0.200 -5275.585
v -4787.539 0.200 -5275.585
v -4787.539 8.200 -5275.885
v -4787.239 8.200 -5275.885
v -4787.239 8.200 -5275.585
v -4787.539 8.200 -5275.585
v -4798.995 0.200 -5277.704
v -4798.695 0.200 -5277.704
v -4798.695 0.200 -5277.404
v -4798.995 0.200 -5277.404
v -4798.995 8.200 -5277.704
v -4798.695 8.200 -5277.704
v -4798.695 8.200 -5277.404
v -4798.995 8.200 -5277.404
v -4801.339 0.050 -5199.830
v -4808.873 0.050 -5202.521
v -4817.689 0.050 -5177.836
v -4810.155 0.050 -5175.145
v -4799.455 0.200 -5199.157
v -4801.339 0.200 -5199.830
v -4810.155 0.200 -5175.145
v -4808.272 0.200 -5174.472
v -4808.873 0.200 -5202.521
v -4810.756 0.200 -5203.194
v -4819.573 0.200 -5178.509
v -4817.689 0.200 -5177.836
v -4810.416 0.050 -5178.416
v -4817.429 0.050 -5174.565
v -4811.428 0.050 -5163.637
v -4804.416 0.050 -5167.487
v -4808.663 0.200 -5179.378
v -4810.416 0.200 -5178.416
v -4804.416 0.200 -5167.487
v -4802.663 0.200 -5168.450
v -4817.429 0.200 -5174.565
v -4819.182 0.200 -5173.603
v -4813.182 0.200 -5162.674
v -4811.428 0.200 -5163.637
v -4808.988 0.200 -5179.432
v -4808.688 0.200 -5179.432
v -4808.688 0.200 -5179.132
v -4808.988 0.200 -5179.132
v -4808.988 8.200 -5179.432
v -4808.688 8.200 -5179.432
v -4808.688 8.200 -5179.132
v -4808.988 8.200 -5179.132
v -4819.156 0.200 -5173.849
v -4818.856 0.200 -5173.849
v -4818.856 0.200 -5173.549
v -4819.156 0.200 -5173.549
v -4819.156 8.200 -5173.849
v -4818.856 8.200 -5173.849
v -4818.856 8.200 -5173.549
v -4819.156 8.200 -5173.549
v -4807.577 0.050 -5169.547
v -4808.267 0.050 -5161.577
v -4751.149 0.050 -5156.635
v -4750.459 0.050 -5164.605
v -4807.405 0.200 -5171.540
v -4807.577 0.200 -5169.547
v -4750.459 0.200 -5164.605
v -4750.287 0.200 -5166.597
v -4808.267 0.200 -5161.577
v -4808.439 0.200 -5159.584
v -4751.321 0.200 -5154.642
v -4751.149 0.200 -5156.635
v -4807.572 0.200 -5171.490
v -4807.272 0.200 -5171.490
v -4807.272 0.200 -5171.190
v -4807.572 0.200 -5171.190
v -4807.572 8.200 -5171.490
v -4807.272 8.200 -5171.490
v -4807.272 8.200 -5171.190
v -4807.572 8.200 -5171.190
v -4808.572 0.200 -5159.934
v -4808.272 0.200 -5159.934
v -4808.272 0.200 -5159.634
v -4808.572 0.200 -5159.634
v -4808.572 8.200 -5159.934
v -4808.272 8.200 -5159.934
v -4808.272 8.200 -5159.634
v -4808.572 8.200 -5159.634
v -4747.412 0.050 -5162.740
v -4754.196 0.050 -5158.500
v -4734.804 0.050 -5127.472
v -4728.020 0.050 -5131.712
v -4745.716 0.200 -5163.800
v -4747.412 0.200 -5162.740
v -4728.020 0.200 -5131.712
v -4726.324 0.200 -5132.772
v -4754.196 0.200 -5158.500
v -4755.892 0.200 -5157.440
v -4736.500 0.200 -5126.412
v -4734.804 0.200 -5127.472
v -4746.036 0.200 -5163.844
v -4745.736 0.200 -5163.844
v -4745.736 0.200 -5163.544
v -4746.036 0.200 -5163.544
v -4746.036 8.200 -5163.844
v -4745.736 8.200 -5163.844
v -4745.736 8.200 -5163.544
v -4746.036 8.200 -5163.544
v -4755.873 0.200 -5157.696
v -4755.573 0.200 -5157.696
v -4755.573 0.200 -5157.396
v -4755.873 0.200 -5157.396
v -4755.873 8.200 -5157.696
v -4755.573 8.200 -5157.696
v -4755.573 8.200 -5157.396
v -4755.873 8.200 -5157.396
v -4730.596 0.050 -5133.508
v -4732.229 0.050 -5125.676
v -4708.596 0.050 -5120.747
v -4706.963 0.050 -5128.579
v -4730.187 0.200 -5135.465
v -4730.596 0.200 -5133.508
v -4706.963 0.200 -5128.579
v -4706.554 0.200 -5130.536
v -4732.229 0.200 -5125.676
v -4732.637 0.200 -5123.718
v -4709.004 0.200 -5118.789
v -4708.596 0.200 -5120.747
v -4705.153 0.050 -5127.680
v -4710.405 0.050 -5121.645
v -4683.254 0.050 -5098.018
v -4678.002 0.050 -5104.053
v -4703.840 0.200 -5129.189
v -4705.153 0.200 -5127.680
v -4678.002 0.200 -5104.053
v -4676.690 0.200 -5105.561
v -4710.405 0.200 -5121.645
v -4711.718 0.200 -5120.137
v -4684.567 0.200 -5096.509
v -4683.254 0.200 -5098.018
v -4704.122 0.200 -5129.188
v -4703.822 0.200 -5129.188
v -4703.822 0.200 -5128.888
v -4704.122 0.200 -5128.888
v -4704.122 8.200 -5129.188
v -4703.822 8.200 -5129.188
v -4703.822 8.200 -5128.888
v -4704.122 8.200 -5128.888
v -4711.737 0.200 -5120.438
v -4711.437 0.200 -5120.438
v -4711.437 0.200 -5120.138
v -4711.737 0.200 -5120.138
v -4711.737 8.200 -5120.438
v -4711.437 8.200 -5120.438
v -4711.437 8.200 -5120.138
v -4711.737 8.200 -5120.138
v -4677.217 0.050 -5103.123
v -4684.040 0.050 -5098.947
v -4662.889 0.050 -5064.391
v -4656.066 0.050 -5068.567
v -4675.511 0.200 -5104.167
v -4677.217 0.200 -5103.123
v -4656.066 0.200 -5068.567
v -4654.360 0.200 -5069.611
v -4684.040 0.200 -5098.947
v -4685.746 0.200 -5097.903
v -4664.595 0.200 -5063.347
v -4662.889 0.200 -5064.391
v -4675.831 0.200 -5104.213
v -4675.531 0.200 -5104.213
v -4675.531 0.200 -5103.913
v -4675.831 0.200 -5103.913
v -4675.831 8.200 -5104.213
v -4675.531 8.200 -5104.213
v -4675.531 8.200 -5103.913
v -4675.831 8.200 -5103.913
v -4685.725 0.200 -5098.157
v -4685.425 0.200 -5098.157
v -4685.425 0.200 -5097.857
v -4685.725 0.200 -5097.857
v -4685.725 8.200 -5098.157
v -4685.425 8.200 -5098.157
v -4685.425 8.200 -5097.857
v -4685.725 8.200 -5097.857
v -4660.323 0.050 -5070.389
v -4658.632 0.050 -5062.570
v -4624.423 0.050 -5069.970
v -4626.115 0.050 -5077.789
v -4660.746 0.200 -5072.344
v -4660.323 0.200 -5070.389
v -4626.115 0.200 -5077.789
v -4626.538 0.200 -5079.744
v -4658.632 0.200 -5062.570
v -4658.209 0.200 -5060.615
v -4624.001 0.200 -5068.015
v -4624.423 0.200 -5069.970
v -4660.854 0.200 -5072.298
v -4660.554 0.200 -5072.298
v -4660.554 0.200 -5071.998
v -4660.854 0.200 -5071.998
v -4660.854 8.200 -5072.298
v -4660.554 8.200 -5072.298
v -4660.554 8.200 -5071.998
v -4660.854 8.200 -5071.998
v -4658.401 0.200 -5060.960
v -4658.101 0.200 -5060.960
v -4658.101 0.200 -5060.660
v -4658.401 0.200 -5060.660
v -4658.401 8.200 -5060.960
v -4658.101 8.200 -5060.960
v -4658.101 8.200 -5060.660
v -4658.401 8.200 -5060.660
v -4625.269 0.050 -5077.879
v -4625.269 0.050 -5069.879
v -4606.579 0.050 -5069.879
v -4606.579 0.050 -5077.879
v -4625.269 0.200 -5079.879
v -4625.269 0.200 -5077.879
v -4606.579 0.200 -5077.879
v -4606.579 0.200 -5079.879
v -4625.269 0.200 -5069.879
v -4625.269 0.200 -5067.879
v -4606.579 0.200 -5067.879
v -4606.579 0.200 -5069.879
v -4605.608 0.050 -5077.760
v -4607.550 0.050 -5069.999
v -4597.676 0.050 -5067.528
v -4595.733 0.050 -5075.289
v -4605.122 0.200 -5079.700
v -4605.608 0.200 -5077.760
v -4595.733 0.200 -5075.289
v -4595.248 0.200 -5077.229
v -4607.550 0.200 -5069.999
v -4608.035 0.200 -5068.059
v -4598.161 0.200 -5065.588
v -4597.676 0.200 -5067.528
v -4594.329 0.050 -5074.626
v -4599.080 0.050 -5068.190
v -4584.275 0.050 -5057.262
v -4579.524 0.050 -5063.698
v -4593.141 0.200 -5076.236
v -4594.329 0.200 -5074.626
v -4579.524 0.200 -5063.698
v -4578.336 0.200 -5065.307
v -4599.080 0.200 -5068.190
v -4600.268 0.200 -5066.581
v -4585.462 0.200 -5055.652
v -4584.275 0.200 -5057.262
v -4593.410 0.200 -5076.225
v -4593.110 0.200 -5076.225
v -4593.110 0.200 -5075.925
v -4593.410 0.200 -5075.925
v -4593.410 8.200 -5076.225
v -4593.110 8.200 -5076.225
v -4593.110 8.200 -5075.925
v -4593.410 8.200 -5075.925
v -4600.299 0.200 -5066.892
v -4599.999 0.200 -5066.892
v -4599.999 0.200 -5066.592
v -4600.299 0.200 -5066.592
v -4600.299 8.200 -5066.892
v -4599.999 8.200 -5066.892
v -4599.999 8.200 -5066.592
v -4600.299 8.200 -5066.592
v -4582.884 0.050 -5064.357
v -4580.914 0.050 -5056.603
v -4537.889 0.050 -5067.531
v -4539.859 0.050 -5075.285
v -4583.376 0.200 -5066.295
v -4582.884 0.200 -5064.357
v -4539.859 0.200 -5075.285
v -4540.351 0.200 -5077.224
v -4580.914 0.200 -5056.603
v -4580.422 0.200 -5054.664
v -4537.397 0.200 -5065.593
v -4537.889 0.200 -5067.531
v -4583.477 0.200 -5066.251
v -4583.177 0.200 -5066.251
v -4583.177 0.200 -5065.951
v -4583.477 0.200 -5065.951
v -4583.477 8.200 -5066.251
v -4583.177 8.200 -5066.251
v -4583.177 8.200 -5065.951
v -4583.477 8.200 -5065.951
v -4580.621 0.200 -5055.008
v -4580.321 0.200 -5055.008
v -4580.321 0.200 -5054.708
v -4580.621 0.200 -5054.708
v -4580.621 8.200 -5055.008
v -4580.321 8.200 -5055.008
v -4580.321 8.200 -5054.708
v -4580.621 8.200 -5054.708
v -4538.874 0.050 -5075.408
v -4538.874 0.050 -5067.408
v -4527.586 0.050 -5067.408
v -4527.586 0.050 -5075.408
v -4538.874 0.200 -5077.408
v -4538.874 0.200 -5075.408
v -4527.586 0.200 -5075.408
v -4527.586 0.200 -5077.408
v -4538.874 0.200 -5067.408
v -4538.874 0.200 -5065.408
v -4527.586 0.200 -5065.408
v -4527.586 0.200 -5067.408
v -4526.023 0.050 -5075.090
v -4529.150 0.050 -5067.726
v -4503.413 0.050 -5056.798
v -4500.286 0.050 -5064.162
v -4525.241 0.200 -5076.931
v -4526.023 0.200 -5075.090
v -4500.286 0.200 -5064.162
v -4499.504 0.200 -5066.003
v -4529.150 0.200 -5067.726
v -4529.931 0.200 -5065.885
v -4504.194 0.200 -5054.957
v -4503.413 0.200 -5056.798
v -4525.469 0.200 -5076.897
v -4525.169 0.200 -5076.897
v -4525.169 0.200 -5076.597
v -4525.469 0.200 -5076.597
v -4525.469 8.200 -5076.897
v -4525.169 8.200 -5076.897
v -4525.169 8.200 -5076.597
v -4525.469 8.200 -5076.597
v -4530.003 0.200 -5066.220
v -4529.703 0.200 -5066.220
v -4529.703 0.200 -5065.920
v -4530.003 0.200 -5065.920
v -4530.003 8.200 -5066.220
v -4529.703 8.200 -5066.220
v -4529.703 8.200 -5065.920
v -4530.003 8.200 -5065.920
v -4499.973 0.050 -5064.013
v -4503.725 0.050 -5056.947
v -4493.996 0.050 -5051.780
v -4490.244 0.050 -5058.846
v -4499.035 0.200 -5065.779
v -4499.973 0.200 -5064.013
v -4490.244 0.200 -5058.846
v -4489.306 0.200 -5060.612
v -4503.725 0.200 -5056.947
v -4504.663 0.200 -5055.181
v -4494.934 0.200 -5050.014
v -4493.996 0.200 -5051.780
v -4490.246 0.050 -5058.847
v -4493.994 0.050 -5051.779
v -4475.159 0.050 -5041.789
v -4471.410 0.050 -5048.857
v -4489.309 0.200 -5060.614
v -4490.246 0.200 -5058.847
v -4471.410 0.200 -5048.857
v -4470.473 0.200 -5050.623
v -4493.994 0.200 -5051.779
v -4494.931 0.200 -5050.012
v -4476.096 0.200 -5040.022
v -4475.159 0.200 -5041.789
v -4489.552 0.200 -5060.587
v -4489.252 0.200 -5060.587
v -4489.252 0.200 -5060.287
v -4489.552 0.200 -5060.287
v -4489.552 8.200 -5060.587
v -4489.252 8.200 -5060.587
v -4489.252 8.200 -5060.287
v -4489.552 8.200 -5060.287
v -4494.988 0.200 -5050.339
v -4494.688 0.200 -5050.339
v -4494.688 0.200 -5050.039
v -4494.988 0.200 -5050.039
v -4494.988 8.200 -5050.339
v -4494.688 8.200 -5050.339
v -4494.688 8.200 -5050.039
v -4494.988 8.200 -5050.039
v -4470.588 0.050 -5048.277
v -4475.981 0.050 -5042.369
v -4431.554 0.050 -5001.813
v -4426.160 0.050 -5007.722
v -4469.240 0.200 -5049.754
v -4470.588 0.200 -5048.277
v -4426.160 0.200 -5007.722
v -4424.812 0.200 -5009.199
v -4475.981 0.200 -5042.369
v -4477.330 0.200 -5040.891
v -4432.902 0.200 -5000.336
v -4431.554 0.200 -5001.813
v -4469.524 0.200 -5049.756
v -4469.224 0.200 -5049.756
v -4469.224 0.200 -5049.456
v -4469.524 0.200 -5049.456
v -4469.524 8.200 -5049.756
v -4469.224 8.200 -5049.756
v -4469.224 8.200 -5049.456
v -4469.524 8.200 -5049.456
v -4477.345 0.200 -5041.189
v -4477.045 0.200 -5041.189
v -4477.045 0.200 -5040.889
v -4477.345 0.200 -5040.889
v -4477.345 8.200 -5041.189
v -4477.045 8.200 -5041.189
v -4477.045 8.200 -5040.889
v -4477.345 8.200 -5040.889
v -4426.359 0.050 -5007.892
v -4431.355 0.050 -5001.644
v -4419.010 0.050 -4991.772
v -4414.014 0.050 -4998.021
v -4425.110 0.200 -5009.454
v -4426.359 0.200 -5007.892
v -4414.014 0.200 -4998.021
v -4412.765 0.200 -4999.583
v -4431.355 0.200 -5001.644
v -4432.604 0.200 -5000.081
v -4420.259 0.200 -4990.210
v -4419.010 0.200 -4991.772
v -4417.646 0.050 -4998.732
v -4415.378 0.050 -4991.061
v -4374.835 0.050 -5003.046
v -4377.103 0.050 -5010.718
v -4418.213 0.200 -5000.650
v -4417.646 0.200 -4998.732
v -4377.103 0.200 -5010.718
v -4377.670 0.200 -5012.636
v -4415.378 0.200 -4991.061
v -4414.811 0.200 -4989.143
v -4374.268 0.200 -5001.128
v -4374.835 0.200 -5003.046
v -4418.306 0.200 -5000.609
v -4418.006 0.200 -5000.609
v -4418.006 0.200 -5000.309
v -4418.306 0.200 -5000.309
v -4418.306 8.200 -5000.609
v -4418.006 8.200 -5000.609
v -4418.006 8.200 -5000.309
v -4418.306 8.200 -5000.309
v -4415.017 0.200 -4989.484
v -4414.717 0.200 -4989.484
v -4414.717 0.200 -4989.184
v -4415.017 0.200 -4989.184
v -4415.017 8.200 -4989.484
v -4414.717 8.200 -4989.484
v -4414.717 8.200 -4989.184
v -4415.017 8.200 -4989.184
v -4375.288 0.050 -5010.824
v -4376.650 0.050 -5002.940
v -4319.521 0.050 -4993.069
v -4318.159 0.050 -5000.952
v -4374.948 0.200 -5012.794
v -4375.288 0.200 -5010.824
v -4318.159 0.200 -5000.952
v -4317.818 0.200 -5002.923
v -4376.650 0.200 -5002.940
v -4376.991 0.200 -5000.970
v -4319.862 0.200 -4991.098
v -4319.521 0.200 -4993.069
v -4375.132 0.200 -5012.747
v -4374.832 0.200 -5012.747
v -4374.832 0.200 -5012.447
v -4375.132 0.200 -5012.447
v -4375.132 8.200 -5012.747
v -4374.832 8.200 -5012.747
v -4374.832 8.200 -5012.447
v -4375.132 8.200 -5012.447
v -4377.107 0.200 -5001.317
v -4376.807 0.200 -5001.317
v -4376.807 0.200 -5001.017
v -4377.107 0.200 -5001.017
v -4377.107 8.200 -5001.317
v -4376.807 8.200 -5001.317
v -4376.807 8.200 -5001.017
v -4377.107 8.200 -5001.017
v -4318.127 0.050 -5000.947
v -4319.553 0.050 -4993.075
v -4226.111 0.050 -4976.147
v -4224.685 0.050 -4984.019
v -4317.770 0.200 -5002.915
v -4318.127 0.200 -5000.947
v -4224.685 0.200 -4984.019
v -4224.329 0.200 -4985.987
v -4319.553 0.200 -4993.075
v -4319.910 0.200 -4991.107
v -4226.468 0.200 -4974.179
v -4226.111 0.200 -4976.147
v -4317.956 0.200 -5002.868
v -4317.656 0.200 -5002.868
v -4317.656 0.200 -5002.568
v -4317.956 0.200 -5002.568
v -4317.956 8.200 -5002.868
v -4317.656 8.200 -5002.868
v -4317.656 8.200 -5002.568
v -4317.956 8.200 -5002.568
v -4320.024 0.200 -4991.454
v -4319.724 0.200 -4991.454
v -4319.724 0.200 -4991.154
v -4320.024 0.200 -4991.154
v -4320.024 8.200 -4991.454
v -4319.724 8.200 -4991.454
v -4319.724 8.200 -4991.154
v -4320.024 8.200 -4991.154
v -4223.774 0.050 -4983.739
v -4227.022 0.050 -4976.428
v -4182.584 0.050 -4956.685
v -4179.336 0.050 -4963.996
v -4222.962 0.200 -4985.566
v -4223.774 0.200 -4983.739
v -4179.336 0.200 -4963.996
v -4178.524 0.200 -4965.824
v -4227.022 0.200 -4976.428
v -4227.834 0.200 -4974.600
v -4183.396 0.200 -4954.858
v -4182.584 0.200 -4956.685
v -4223.194 0.200 -4985.534
v -4222.894 0.200 -4985.534
v -4222.894 0.200 -4985.234
v -4223.194 0.200 -4985.234
v -4223.194 8.200 -4985.534
v -4222.894 8.200 -4985.534
v -4222.894 8.200 -4985.234
v -4223.194 8.200 -4985.234
v -4227.903 0.200 -4974.933
v -4227.603 0.200 -4974.933
v -4227.603 0.200 -4974.633
v -4227.903 0.200 -4974.633
v -4227.903 8.200 -4974.933
v -4227.603 8.200 -4974.933
v -4227.603 8.200 -4974.633
v -4227.903 8.200 -4974.633
v -4178.535 0.050 -4963.522
v -4183.385 0.050 -4957.160
v -4168.579 0.050 -4945.874
v -4163.729 0.050 -4952.237
v -4177.322 0.200 -4965.113
v -4178.535 0.200 -4963.522
v -4163.729 0.200 -4952.237
v -4162.517 0.200 -4953.828
v -4183.385 0.200 -4957.160
v -4184.597 0.200 -4955.569
v -4169.791 0.200 -4944.284
v -4168.579 0.200 -4945.874
v -4162.509 0.050 -4950.702
v -4169.800 0.050 -4947.409
v -4164.857 0.050 -4936.468
v -4157.566 0.050 -4939.761
v -4160.686 0.200 -4951.526
v -4162.509 0.200 -4950.702
v -4157.566 0.200 -4939.761
v -4155.744 0.200 -4940.584
v -4169.800 0.200 -4947.409
v -4171.622 0.200 -4946.586
v -4166.680 0.200 -4935.644
v -4164.857 0.200 -4936.468
v -4161.018 0.200 -4951.593
v -4160.718 0.200 -4951.593
v -4160.718 0.200 -4951.293
v -4161.018 0.200 -4951.293
v -4161.018 8.200 -4951.593
v -4160.718 8.200 -4951.593
v -4160.718 8.200 -4951.293
v -4161.018 8.200 -4951.293
v -4171.590 0.200 -4946.818
v -4171.290 0.200 -4946.818
v -4171.290 0.200 -4946.518
v -4171.590 0.200 -4946.518
v -4171.590 8.200 -4946.818
v -4171.290 8.200 -4946.818
v -4171.290 8.200 -4946.518
v -4171.590 8.200 -4946.518
v -4158.384 0.050 -4940.943
v -4164.040 0.050 -4935.285
v -4156.637 0.050 -4927.885
v -4150.981 0.050 -4933.543
v -4156.970 0.200 -4942.358
v -4158.384 0.200 -4940.943
v -4150.981 0.200 -4933.543
v -4149.567 0.200 -4934.958
v -4164.040 0.200 -4935.285
v -4165.453 0.200 -4933.871
v -4158.051 0.200 -4926.471
v -4156.637 0.200 -4927.885
v -4151.865 0.050 -4934.210
v -4155.752 0.050 -4927.218
v -4096.419 0.050 -4894.235
v -4092.532 0.050 -4901.227
v -4150.894 0.200 -4935.958
v -4151.865 0.200 -4934.210
v -4092.532 0.200 -4901.227
v -4091.560 0.200 -4902.975
v -4155.752 0.200 -4927.218
v -4156.724 0.200 -4925.470
v -4097.391 0.200 -4892.487
v -4096.419 0.200 -4894.235
v -4151.141 0.200 -4935.934
v -4150.841 0.200 -4935.934
v -4150.841 0.200 -4935.634
v -4151.141 0.200 -4935.634
v -4151.141 8.200 -4935.934
v -4150.841 8.200 -4935.934
v -4150.841 8.200 -4935.634
v -4151.141 8.200 -4935.634
v -4156.777 0.200 -4925.795
v -4156.477 0.200 -4925.795
v -4156.477 0.200 -4925.495
v -4156.777 0.200 -4925.495
v -4156.777 8.200 -4925.795
v -4156.477 8.200 -4925.795
v -4156.477 8.200 -4925.495
v -4156.777 8.200 -4925.495
v -4491.901 0.050 -5051.319
v -4492.339 0.050 -5059.307
v -4546.151 0.050 -5056.360
v -4545.713 0.050 -5048.372
v -4491.792 0.200 -5049.322
v -4491.901 0.200 -5051.319
v -4545.713 0.200 -5048.372
v -4545.604 0.200 -5046.375
v -4492.339 0.200 -5059.307
v -4492.448 0.200 -5061.304
v -4546.260 0.200 -5058.357
v -4546.151 0.200 -5056.360
v -4491.953 0.200 -5049.672
v -4491.653 0.200 -5049.672
v -4491.653 0.200 -5049.372
v -4491.953 0.200 -5049.372
v -4491.953 8.200 -5049.672
v -4491.653 8.200 -5049.672
v -4491.653 8.200 -5049.372
v -4491.953 8.200 -5049.372
v -4492.587 0.200 -5061.254
v -4492.287 0.200 -5061.254
v -4492.287 0.200 -5060.954
v -4492.587 0.200 -5060.954
v -4492.587 8.200 -5061.254
v -4492.287 8.200 -5061.254
v -4492.287 8.200 -5060.954
v -4492.587 8.200 -5060.954
v -4543.948 0.050 -5048.893
v -4547.916 0.050 -5055.839
v -4579.998 0.050 -5037.511
v -4576.030 0.050 -5030.564
v -4542.955 0.200 -5047.156
v -4543.948 0.200 -5048.893
v -4576.030 0.200 -5030.564
v -4575.038 0.200 -5028.828
v -4547.916 0.200 -5055.839
v -4548.908 0.200 -5057.576
v -4580.990 0.200 -5039.247
v -4579.998 0.200 -5037.511
v -4543.205 0.200 -5047.480
v -4542.905 0.200 -5047.480
v -4542.905 0.200 -5047.180
v -4543.205 0.200 -5047.180
v -4543.205 8.200 -5047.480
v -4542.905 8.200 -5047.480
v -4542.905 8.200 -5047.180
v -4543.205 8.200 -5047.180
v -4548.959 0.200 -5057.552
v -4548.659 0.200 -5057.552
v -4548.659 0.200 -5057.252
v -4548.959 0.200 -5057.252
v -4548.959 8.200 -5057.552
v -4548.659 8.200 -5057.552
v -4548.659 8.200 -5057.252
v -4548.959 8.200 -5057.252
v -4578.349 0.050 -5030.052
v -4577.679 0.050 -5038.024
v -4619.646 0.050 -5041.552
v -4620.317 0.050 -5033.580
v -4578.517 0.200 -5028.059
v -4578.349 0.200 -5030.052
v -4620.317 0.200 -5033.580
v -4620.484 0.200 -5031.587
v -4577.679 0.200 -5038.024
v -4577.511 0.200 -5040.017
v -4619.479 0.200 -5043.545
v -4619.646 0.200 -5041.552
v -4578.650 0.200 -5028.408
v -4578.350 0.200 -5028.408
v -4578.350 0.200 -5028.108
v -4578.650 0.200 -5028.108
v -4578.650 8.200 -5028.408
v -4578.350 8.200 -5028.408
v -4578.350 8.200 -5028.108
v -4578.650 8.200 -5028.108
v -4577.678 0.200 -5039.967
v -4577.378 0.200 -5039.967
v -4577.378 0.200 -5039.667
v -4577.678 0.200 -5039.667
v -4577.678 8.200 -5039.967
v -4577.378 8.200 -5039.967
v -4577.378 8.200 -5039.667
v -4577.678 8.200 -5039.667
v -4617.169 0.050 -5034.722
v -4622.794 0.050 -5040.410
v -4653.819 0.050 -5009.726
v -4648.193 0.050 -5004.038
v -4615.762 0.200 -5033.300
v -4617.169 0.200 -5034.722
v -4648.193 0.200 -5004.038
v -4646.787 0.200 -5002.616
v -4622.794 0.200 -5040.410
v -4624.201 0.200 -5041.832
v -4655.225 0.200 -5011.148
v -4653.819 0.200 -5009.726
v -4616.053 0.200 -5033.592
v -4615.753 0.200 -5033.592
v -4615.753 0.200 -5033.292
v -4616.053 0.200 -5033.292
v -4616.053 8.200 -5033.592
v -4615.753 8.200 -5033.592
v -4615.753 8.200 -5033.292
v -4616.053 8.200 -5033.292
v -4624.210 0.200 -5041.840
v -4623.910 0.200 -5041.840
v -4623.910 0.200 -5041.540
v -4624.210 0.200 -5041.540
v -4624.210 8.200 -5041.840
v -4623.910 8.200 -5041.840
v -4623.910 8.200 -5041.540
v -4624.210 8.200 -5041.540
v -4652.776 0.050 -5003.295
v -4649.236 0.050 -5010.469
v -4676.387 0.050 -5023.868
v -4679.927 0.050 -5016.694
v -4653.662 0.200 -5001.502
v -4652.776 0.200 -5003.295
v -4679.927 0.200 -5016.694
v -4680.812 0.200 -5014.901
v -4649.236 0.200 -5010.469
v -4648.351 0.200 -5012.262
v -4675.502 0.200 -5025.662
v -4676.387 0.200 -5023.868
v -4653.723 0.200 -5001.831
v -4653.423 0.200 -5001.831
v -4653.423 0.200 -5001.531
v -4653.723 0.200 -5001.531
v -4653.723 8.200 -5001.831
v -4653.423 8.200 -5001.831
v -4653.423 8.200 -5001.531
v -4653.723 8.200 -5001.531
v -4648.589 0.200 -5012.233
v -4648.289 0.200 -5012.233
v -4648.289 0.200 -5011.933
v -4648.589 0.200 -5011.933
v -4648.589 8.200 -5012.233
v -4648.289 8.200 -5012.233
v -4648.289 8.200 -5011.933
v -4648.589 8.200 -5011.933
v -4678.641 0.050 -5016.311
v -4677.673 0.050 -5024.252
v -4718.227 0.050 -5029.194
v -4719.195 0.050 -5021.253
v -4678.883 0.200 -5014.325
v -4678.641 0.200 -5016.311
v -4719.195 0.200 -5021.253
v -4719.437 0.200 -5019.268
v -4677.673 0.200 -5024.252
v -4677.431 0.200 -5026.237
v -4717.985 0.200 -5031.180
v -4718.227 0.200 -5029.194
v -4679.009 0.200 -5014.674
v -4678.709 0.200 -5014.674
v -4678.709 0.200 -5014.374
v -4679.009 0.200 -5014.374
v -4679.009 8.200 -5014.674
v -4678.709 8.200 -5014.674
v -4678.709 8.200 -5014.374
v -4679.009 8.200 -5014.374
v -4677.605 0.200 -5026.189
v -4677.305 0.200 -5026.189
v -4677.305 0.200 -5025.889
v -4677.605 0.200 -5025.889
v -4677.605 8.200 -5026.189
v -4677.305 8.200 -5026.189
v -4677.305 8.200 -5025.889
v -4677.605 8.200 -5025.889
v -4719.618 0.050 -5021.328
v -4717.803 0.050 -5029.119
v -4738.965 0.050 -5034.048
v -4740.780 0.050 -5026.257
v -4720.072 0.200 -5019.380
v -4719.618 0.200 -5021.328
v -4740.780 0.200 -5026.257
v -4741.234 0.200 -5024.309
v -4717.803 0.200 -5029.119
v -4717.350 0.200 -5031.067
v -4738.512 0.200 -5035.996
v -4738.965 0.200 -5034.048
v -4738.689 0.050 -5026.332
v -4741.056 0.050 -5033.974
v -4755.861 0.050 -5029.388
v -4753.495 0.050 -5021.746
v -4738.098 0.200 -5024.421
v -4738.689 0.200 -5026.332
v -4753.495 0.200 -5021.746
v -4752.903 0.200 -5019.836
v -4741.056 0.200 -5033.974
v -4741.648 0.200 -5035.884
v -4756.453 0.200 -5031.299
v -4755.861 0.200 -5029.388
v -4738.307 0.200 -5024.762
v -4738.007 0.200 -5024.762
v -4738.007 0.200 -5024.462
v -4738.307 0.200 -5024.462
v -4738.307 8.200 -5024.762
v -4738.007 8.200 -5024.762
v -4738.007 8.200 -5024.462
v -4738.307 8.200 -5024.462
v -4741.739 0.200 -5035.843
v -4741.439 0.200 -5035.843
v -4741.439 0.200 -5035.543
v -4741.739 0.200 -5035.543
v -4741.739 8.200 -5035.843
v -4741.439 8.200 -5035.843
v -4741.439 8.200 -5035.543
v -4741.739 8.200 -5035.543
v -4756.297 0.050 -5021.909
v -4753.059 0.050 -5029.225
v -4777.750 0.050 -5040.153
v -4780.988 0.050 -5032.838
v -4757.107 0.200 -5020.081
v -4756.297 0.200 -5021.909
v -4780.988 0.200 -5032.838
v -4781.797 0.200 -5031.009
v -4753.059 0.200 -5029.225
v -4752.250 0.200 -5031.054
v -4776.940 0.200 -5041.982
v -4777.750 0.200 -5040.153
v -4780.410 0.050 -5032.633
v -4778.328 0.050 -5040.358
v -4796.662 0.050 -5045.300
v -4798.744 0.050 -5037.576
v -4780.930 0.200 -5030.702
v -4780.410 0.200 -5032.633
v -4798.744 0.200 -5037.576
v -4799.265 0.200 -5035.645
v -4778.328 0.200 -5040.358
v -4777.807 0.200 -5042.289
v -4796.141 0.200 -5047.231
v -4796.662 0.200 -5045.300
v -4781.028 0.200 -5031.045
v -4780.728 0.200 -5031.045
v -4780.728 0.200 -5030.745
v -4781.028 0.200 -5030.745
v -4781.028 8.200 -5031.045
v -4780.728 8.200 -5031.045
v -4780.728 8.200 -5030.745
v -4781.028 8.200 -5030.745
v -4778.009 0.200 -5042.246
v -4777.709 0.200 -5042.246
v -4777.709 0.200 -5041.946
v -4778.009 0.200 -5041.946
v -4778.009 8.200 -5042.246
v -4777.709 8.200 -5042.246
v -4777.709 8.200 -5041.946
v -4778.009 8.200 -5041.946
v -4795.182 0.050 -5038.333
v -4800.225 0.050 -5044.543
v -4847.123 0.050 -5006.459
v -4842.080 0.050 -5000.249
v -4793.921 0.200 -5036.780
v -4795.182 0.200 -5038.333
v -4842.080 0.200 -5000.249
v -4840.820 0.200 -4998.696
v -4800.225 0.200 -5044.543
v -4801.485 0.200 -5046.095
v -4848.384 0.200 -5008.011
v -4847.123 0.200 -5006.459
v -4794.197 0.200 -5037.085
v -4793.897 0.200 -5037.085
v -4793.897 0.200 -5036.785
v -4794.197 0.200 -5036.785
v -4794.197 8.200 -5037.085
v -4793.897 8.200 -5037.085
v -4793.897 8.200 -5036.785
v -4794.197 8.200 -5036.785
v -4801.509 0.200 -5046.090
v -4801.209 0.200 -5046.090
v -4801.209 0.200 -5045.790
v -4801.509 0.200 -5045.790
v -4801.509 8.200 -5046.090
v -4801.209 8.200 -5046.090
v -4801.209 8.200 -5045.790
v -4801.509 8.200 -5045.790
v -4841.292 0.050 -5001.107
v -4847.912 0.050 -5005.600
v -4874.005 0.050 -4967.159
v -4867.386 0.050 -4962.666
v -4839.638 0.200 -4999.984
v -4841.292 0.200 -5001.107
v -4867.386 0.200 -4962.666
v -4865.731 0.200 -4961.543
v -4847.912 0.200 -5005.600
v -4849.566 0.200 -5006.723
v -4875.660 0.200 -4968.283
v -4874.005 0.200 -4967.159
v -4839.953 0.200 -5000.246
v -4839.653 0.200 -5000.246
v -4839.653 0.200 -4999.946
v -4839.953 0.200 -4999.946
v -4839.953 8.200 -5000.246
v -4839.653 8.200 -5000.246
v -4839.653 8.200 -4999.946
v -4839.953 8.200 -4999.946
v -4849.551 0.200 -5006.761
v -4849.251 0.200 -5006.761
v -4849.251 0.200 -5006.461
v -4849.551 0.200 -5006.461
v -4849.551 8.200 -5006.761
v -4849.251 8.200 -5006.761
v -4849.251 8.200 -5006.461
v -4849.551 8.200 -5006.461
v -4867.202 0.050 -4962.964
v -4874.188 0.050 -4966.862
v -4892.879 0.050 -4933.364
v -4885.893 0.050 -4929.466
v -4865.456 0.200 -4961.990
v -4867.202 0.200 -4962.964
v -4885.893 0.200 -4929.466
v -4884.146 0.200 -4928.491
v -4874.188 0.200 -4966.862
v -4875.935 0.200 -4967.836
v -4894.625 0.200 -4934.338
v -4892.879 0.200 -4933.364
v -4865.780 0.200 -4962.237
v -4865.480 0.200 -4962.237
v -4865.480 0.200 -4961.937
v -4865.780 0.200 -4961.937
v -4865.780 8.200 -4962.237
v -4865.480 8.200 -4962.237
v -4865.480 8.200 -4961.937
v -4865.780 8.200 -4961.937
v -4875.910 0.200 -4967.889
v -4875.610 0.200 -4967.889
v -4875.610 0.200 -4967.589
v -4875.910 0.200 -4967.589
v -4875.910 8.200 -4967.889
v -4875.610 8.200 -4967.889
v -4875.610 8.200 -4967.589
v -4875.910 8.200 -4967.589
v -4888.193 0.050 -4927.597
v -4890.579 0.050 -4935.233
v -4918.787 0.050 -4926.419
v -4916.401 0.050 -4918.783
v -4887.596 0.200 -4925.688
v -4888.193 0.200 -4927.597
v -4916.401 0.200 -4918.783
v -4915.805 0.200 -4916.874
v -4890.579 0.200 -4935.233
v -4891.175 0.200 -4937.142
v -4919.384 0.200 -4928.328
v -4918.787 0.200 -4926.419
v -4918.174 0.050 -4918.643
v -4917.014 0.050 -4926.558
v -4960.384 0.050 -4932.914
v -4961.544 0.050 -4924.999
v -4918.464 0.200 -4916.664
v -4918.174 0.200 -4918.643
v -4961.544 0.200 -4924.999
v -4961.834 0.200 -4923.020
v -4917.014 0.200 -4926.558
v -4916.724 0.200 -4928.537
v -4960.094 0.200 -4934.893
v -4960.384 0.200 -4932.914
v -4918.585 0.200 -4917.012
v -4918.285 0.200 -4917.012
v -4918.285 0.200 -4916.712
v -4918.585 0.200 -4916.712
v -4918.585 8.200 -4917.012
v -4918.285 8.200 -4917.012
v -4918.285 8.200 -4916.712
v -4918.585 8.200 -4916.712
v -4916.903 0.200 -4928.489
v -4916.603 0.200 -4928.489
v -4916.603 0.200 -4928.189
v -4916.903 0.200 -4928.189
v -4916.903 8.200 -4928.489
v -4916.603 8.200 -4928.489
v -4916.603 8.200 -4928.189
v -4916.903 8.200 -4928.189
v -4963.308 0.050 -4925.715
v -4958.621 0.050 -4932.198
v -4994.232 0.050 -4957.940
v -4998.919 0.050 -4951.457
v -4964.479 0.200 -4924.094
v -4963.308 0.200 -4925.715
v -4998.919 0.200 -4951.457
v -5000.090 0.200 -4949.836
v -4958.621 0.200 -4932.198
v -4957.449 0.200 -4933.819
v -4993.060 0.200 -4959.561
v -4994.232 0.200 -4957.940
v -4964.512 0.200 -4924.406
v -4964.212 0.200 -4924.406
v -4964.212 0.200 -4924.106
v -4964.512 0.200 -4924.106
v -4964.512 8.200 -4924.406
v -4964.212 8.200 -4924.406
v -4964.212 8.200 -4924.106
v -4964.512 8.200 -4924.106
v -4957.716 0.200 -4933.807
v -4957.416 0.200 -4933.807
v -4957.416 0.200 -4933.507
v -4957.716 0.200 -4933.507
v -4957.716 8.200 -4933.807
v -4957.416 8.200 -4933.807
v -4957.416 8.200 -4933.507
v -4957.716 8.200 -4933.507
v -4997.359 0.050 -4950.776
v -4995.792 0.050 -4958.621
v -5032.828 0.050 -4966.021
v -5034.395 0.050 -4958.176
v -4997.751 0.200 -4948.815
v -4997.359 0.200 -4950.776
v -5034.395 0.200 -4958.176
v -5034.787 0.200 -4956.215
v -4995.792 0.200 -4958.621
v -4995.400 0.200 -4960.582
v -5032.436 0.200 -4967.982
v -5032.828 0.200 -4966.021
v -4997.862 0.200 -4949.161
v -4997.562 0.200 -4949.161
v -4997.562 0.200 -4948.861
v -4997.862 0.200 -4948.861
v -4997.862 8.200 -4949.161
v -4997.562 8.200 -4949.161
v -4997.562 8.200 -4948.861
v -4997.862 8.200 -4948.861
v -4995.589 0.200 -4960.536
v -4995.289 0.200 -4960.536
v -4995.289 0.200 -4960.236
v -4995.589 0.200 -4960.236
v -4995.589 8.200 -4960.536
v -4995.289 8.200 -4960.536
v -4995.289 8.200 -4960.236
v -4995.589 8.200 -4960.236
v -5034.974 0.050 -4958.337
v -5032.249 0.050 -4965.859
v -5073.148 0.050 -4980.673
v -5075.872 0.050 -4973.151
v -5035.655 0.200 -4956.457
v -5034.974 0.200 -4958.337
v -5075.872 0.200 -4973.151
v -5076.553 0.200 -4971.270
v -5032.249 0.200 -4965.859
v -5031.568 0.200 -4967.740
v -5072.467 0.200 -4982.553
v -5073.148 0.200 -4980.673
v -5035.737 0.200 -4956.795
v -5035.437 0.200 -4956.795
v -5035.437 0.200 -4956.495
v -5035.737 0.200 -4956.495
v -5035.737 8.200 -4956.795
v -5035.437 8.200 -4956.795
v -5035.437 8.200 -4956.495
v -5035.737 8.200 -4956.495
v -5031.786 0.200 -4967.702
v -5031.486 0.200 -4967.702
v -5031.486 0.200 -4967.402
v -5031.786 0.200 -4967.402
v -5031.786 8.200 -4967.702
v -5031.486 8.200 -4967.702
v -5031.486 8.200 -4967.402
v -5031.786 8.200 -4967.402
v -5077.481 0.050 -4974.234
v -5071.539 0.050 -4979.590
v -5097.276 0.050 -5008.146
v -5103.218 0.050 -5002.790
v -5078.967 0.200 -4972.895
v -5077.481 0.200 -4974.234
v -5103.218 0.200 -5002.790
v -5104.704 0.200 -5001.451
v -5071.539 0.200 -4979.590
v -5070.053 0.200 -4980.929
v -5095.790 0.200 -5009.485
v -5097.276 0.200 -5008.146
v -5078.968 0.200 -4973.179
v -5078.668 0.200 -4973.179
v -5078.668 0.200 -4972.879
v -5078.968 0.200 -4972.879
v -5078.968 8.200 -4973.179
v -5078.668 8.200 -4973.179
v -5078.668 8.200 -4972.879
v -5078.968 8.200 -4972.879
v -5070.352 0.200 -4980.945
v -5070.052 0.200 -4980.945
v -5070.052 0.200 -4980.645
v -5070.352 0.200 -4980.645
v -5070.352 8.200 -4980.945
v -5070.052 8.200 -4980.945
v -5070.052 8.200 -4980.645
v -5070.352 8.200 -4980.645
v -5102.982 0.050 -5002.549
v -5097.513 0.050 -5008.387
v -5119.732 0.050 -5029.200
v -5125.201 0.050 -5023.361
v -5104.349 0.200 -5001.089
v -5102.982 0.200 -5002.549
v -5125.201 0.200 -5023.361
v -5126.568 0.200 -5021.902
v -5097.513 0.200 -5008.387
v -5096.145 0.200 -5009.847
v -5118.365 0.200 -5030.660
v -5119.732 0.200 -5029.200
v -5104.362 0.200 -5001.385
v -5104.062 0.200 -5001.385
v -5104.062 0.200 -5001.085
v -5104.362 0.200 -5001.085
v -5104.362 8.200 -5001.385
v -5104.062 8.200 -5001.385
v -5104.062 8.200 -5001.085
v -5104.362 8.200 -5001.085
v -5096.432 0.200 -5009.851
v -5096.132 0.200 -5009.851
v -5096.132 0.200 -5009.551
v -5096.432 0.200 -5009.551
v -5096.432 8.200 -5009.851
v -5096.132 8.200 -5009.851
v -5096.132 8.200 -5009.551
v -5096.432 8.200 -5009.551
v -5125.942 0.050 -5024.301
v -5118.991 0.050 -5028.260
v -5146.498 0.050 -5076.559
v -5153.449 0.050 -5072.600
v -5127.680 0.200 -5023.311
v -5125.942 0.200 -5024.301
v -5153.449 0.200 -5072.600
v -5155.187 0.200 -5071.610
v -5118.991 0.200 -5028.260
v -5117.253 0.200 -5029.250
v -5144.760 0.200 -5077.549
v -5146.498 0.200 -5076.559
v -5127.657 0.200 -5023.560
v -5127.357 0.200 -5023.560
v -5127.357 0.200 -5023.260
v -5127.657 0.200 -5023.260
v -5127.657 8.200 -5023.560
v -5127.357 8.200 -5023.560
v -5127.357 8.200 -5023.260
v -5127.657 8.200 -5023.260
v -5117.577 0.200 -5029.301
v -5117.277 0.200 -5029.301
v -5117.277 0.200 -5029.001
v -5117.577 0.200 -5029.001
v -5117.577 8.200 -5029.301
v -5117.277 8.200 -5029.301
v -5117.277 8.200 -5029.001
v -5117.577 8.200 -5029.001
v -5151.330 0.050 -5070.817
v -5148.617 0.050 -5078.343
v -5196.574 0.050 -5095.627
v -5199.286 0.050 -5088.101
v -5152.008 0.200 -5068.935
v -5151.330 0.200 -5070.817
v -5199.286 0.200 -5088.101
v -5199.964 0.200 -5086.220
v -5148.617 0.200 -5078.343
v -5147.939 0.200 -5080.224
v -5195.896 0.200 -5097.509
v -5196.574 0.200 -5095.627
v -5152.090 0.200 -5069.273
v -5151.790 0.200 -5069.273
v -5151.790 0.200 -5068.973
v -5152.090 0.200 -5068.973
v -5152.090 8.200 -5069.273
v -5151.790 8.200 -5069.273
v -5151.790 8.200 -5068.973
v -5152.090 8.200 -5068.973
v -5148.157 0.200 -5080.186
v -5147.857 0.200 -5080.186
v -5147.857 0.200 -5079.886
v -5148.157 0.200 -5079.886
v -5148.157 8.200 -5080.186
v -5147.857 8.200 -5080.186
v -5147.857 8.200 -5079.886
v -5148.157 8.200 -5079.886
v -5197.195 0.050 -5087.932
v -5198.665 0.050 -5095.796
v -5230.748 0.050 -5089.797
v -5229.277 0.050 -5081.933
v -5196.827 0.200 -5085.967
v -5197.195 0.200 -5087.932
v -5229.277 0.200 -5081.933
v -5228.909 0.200 -5079.967
v -5198.665 0.200 -5095.796
v -5199.033 0.200 -5097.762
v -5231.115 0.200 -5091.763
v -5230.748 0.200 -5089.797
v -5197.014 0.200 -5086.313
v -5196.714 0.200 -5086.313
v -5196.714 0.200 -5086.013
v -5197.014 0.200 -5086.013
v -5197.014 8.200 -5086.313
v -5196.714 8.200 -5086.313
v -5196.714 8.200 -5086.013
v -5197.014 8.200 -5086.013
v -5199.146 0.200 -5097.715
v -5198.846 0.200 -5097.715
v -5198.846 0.200 -5097.415
v -5199.146 0.200 -5097.415
v -5199.146 8.200 -5097.715
v -5198.846 8.200 -5097.715
v -5198.846 8.200 -5097.415
v -5199.146 8.200 -5097.415
v -5226.065 0.050 -5085.216
v -5233.959 0.050 -5086.514
v -5237.844 0.050 -5062.886
v -5229.950 0.050 -5061.588
v -5224.092 0.200 -5084.891
v -5226.065 0.200 -5085.216
v -5229.950 0.200 -5061.588
v -5227.977 0.200 -5061.264
v -5233.959 0.200 -5086.514
v -5235.933 0.200 -5086.838
v -5239.818 0.200 -5063.211
v -5237.844 0.200 -5062.886
v -3074.599 0.050 -5034.486
v -3080.256 0.050 -5040.143
v -3091.911 0.050 -5028.488
v -3086.254 0.050 -5022.831
v -3073.185 0.200 -5033.072
v -3074.599 0.200 -5034.486
v -3086.254 0.200 -5022.831
v -3084.840 0.200 -5021.417
v -3080.256 0.200 -5040.143
v -3081.670 0.200 -5041.557
v -3093.325 0.200 -5029.902
v -3091.911 0.200 -5028.488
v -3085.905 0.050 -5023.230
v -3092.260 0.050 -5028.089
v -3130.153 0.050 -4978.535
v -3123.798 0.050 -4973.676
v -3084.316 0.200 -5022.015
v -3085.905 0.200 -5023.230
v -3123.798 0.200 -4973.676
v -3122.209 0.200 -4972.461
v -3092.260 0.200 -5028.089
v -3093.849 0.200 -5029.304
v -3131.742 0.200 -4979.750
v -3130.153 0.200 -4978.535
v -3084.625 0.200 -5022.287
v -3084.325 0.200 -5022.287
v -3084.325 0.200 -5021.987
v -3084.625 0.200 -5021.987
v -3084.625 8.200 -5022.287
v -3084.325 8.200 -5022.287
v -3084.325 8.200 -5021.987
v -3084.625 8.200 -5021.987
v -3093.840 0.200 -5029.333
v -3093.540 0.200 -5029.333
v -3093.540 0.200 -5029.033
v -3093.840 0.200 -5029.033
v -3093.840 8.200 -5029.333
v -3093.540 8.200 -5029.333
v -3093.540 8.200 -5029.033
v -3093.840 8.200 -5029.033
v -3123.030 0.050 -4975.448
v -3130.921 0.050 -4976.763
v -3135.085 0.050 -4951.775
v -3127.193 0.050 -4950.460
v -3121.057 0.200 -4975.120
v -3123.030 0.200 -4975.448
v -3127.193 0.200 -4950.460
v -3125.221 0.200 -4950.131
v -3130.921 0.200 -4976.763
v -3132.894 0.200 -4977.092
v -3137.057 0.200 -4952.103
v -3135.085 0.200 -4951.775
v -3127.355 0.050 -4949.820
v -3134.923 0.050 -4952.414
v -3145.342 0.050 -4922.008
v -3137.774 0.050 -4919.414
v -3125.463 0.200 -4949.172
v -3127.355 0.200 -4949.820
v -3137.774 0.200 -4919.414
v -3135.882 0.200 -4918.766
v -3134.923 0.200 -4952.414
v -3136.815 0.200 -4953.062
v -3147.234 0.200 -4922.656
v -3145.342 0.200 -4922.008
v -3125.802 0.200 -4949.387
v -3125.502 0.200 -4949.387
v -3125.502 0.200 -4949.087
v -3125.802 0.200 -4949.087
v -3125.802 8.200 -4949.387
v -3125.502 8.200 -4949.387
v -3125.502 8.200 -4949.087
v -3125.802 8.200 -4949.087
v -3136.776 0.200 -4953.147
v -3136.476 0.200 -4953.147
v -3136.476 0.200 -4952.847
v -3136.776 0.200 -4952.847
v -3136.776 8.200 -4953.147
v -3136.476 8.200 -4953.147
v -3136.476 8.200 -4952.847
v -3136.776 8.200 -4952.847
v -3138.358 0.050 -4918.312
v -3144.759 0.050 -4923.110
v -3154.744 0.050 -4909.790
v -3148.343 0.050 -4904.992
v -3136.758 0.200 -4917.112
v -3138.358 0.200 -4918.312
v -3148.343 0.200 -4904.992
v -3146.743 0.200 -4903.792
v -3144.759 0.200 -4923.110
v -3146.359 0.200 -4924.310
v -3156.345 0.200 -4910.990
v -3154.744 0.200 -4909.790
v -3147.681 0.050 -4906.351
v -3155.406 0.050 -4908.431
v -3161.239 0.050 -4886.773
v -3153.515 0.050 -4884.692
v -3145.750 0.200 -4905.831
v -3147.681 0.200 -4906.351
v -3153.515 0.200 -4884.692
v -3151.583 0.200 -4884.172
v -3155.406 0.200 -4908.431
v -3157.337 0.200 -4908.951
v -3163.171 0.200 -4887.293
v -3161.239 0.200 -4886.773
v -3146.093 0.200 -4906.033
v -3145.793 0.200 -4906.033
v -3145.793 0.200 -4905.733
v -3146.093 0.200 -4905.733
v -3146.093 8.200 -4906.033
v -3145.793 8.200 -4906.033
v -3145.793 8.200 -4905.733
v -3146.093 8.200 -4905.733
v -3157.294 0.200 -4909.049
v -3156.994 0.200 -4909.049
v -3156.994 0.200 -4908.749
v -3157.294 0.200 -4908.749
v -3157.294 8.200 -4909.049
v -3156.994 8.200 -4909.049
v -3156.994 8.200 -4908.749
v -3157.294 8.200 -4908.749
v -3153.461 0.050 -4884.919
v -3161.293 0.050 -4886.547
v -3165.880 0.050 -4864.479
v -3158.047 0.050 -4862.851
v -3151.503 0.200 -4884.512
v -3153.461 0.200 -4884.919
v -3158.047 0.200 -4862.851
v -3156.089 0.200 -4862.444
v -3161.293 0.200 -4886.547
v -3163.251 0.200 -4886.954
v -3167.838 0.200 -4864.886
v -3165.880 0.200 -4864.479
v -3157.999 0.050 -4864.199
v -3165.928 0.050 -4863.131
v -3163.011 0.050 -4841.473
v -3155.083 0.050 -4842.540
v -3156.017 0.200 -4864.466
v -3157.999 0.200 -4864.199
v -3155.083 0.200 -4842.540
v -3153.100 0.200 -4842.807
v -3165.928 0.200 -4863.131
v -3167.910 0.200 -4862.864
v -3164.993 0.200 -4841.206
v -3163.011 0.200 -4841.473
v -3156.365 0.200 -4864.589
v -3156.065 0.200 -4864.589
v -3156.065 0.200 -4864.289
v -3156.365 0.200 -4864.289
v -3156.365 8.200 -4864.589
v -3156.065 8.200 -4864.589
v -3156.065 8.200 -4864.289
v -3156.365 8.200 -4864.289
v -3167.861 0.200 -4863.041
v -3167.561 0.200 -4863.041
v -3167.561 0.200 -4862.741
v -3167.861 0.200 -4862.741
v -3167.861 8.200 -4863.041
v -3167.561 8.200 -4863.041
v -3167.561 8.200 -4862.741
v -3167.861 8.200 -4862.741
v -3155.101 0.050 -4841.349
v -3162.992 0.050 -4842.664
v -3165.909 0.050 -4825.169
v -3158.018 0.050 -4823.853
v -3153.128 0.200 -4841.020
v -3155.101 0.200 -4841.349
v -3158.018 0.200 -4823.853
v -3156.045 0.200 -4823.524
v -3162.992 0.200 -4842.664
v -3164.965 0.200 -4842.993
v -3167.882 0.200 -4825.498
v -3165.909 0.200 -4825.169
v -3158.901 0.050 -4821.938
v -3165.026 0.050 -4827.084
v -3173.764 0.050 -4816.685
v -3167.640 0.050 -4811.538
v -3157.370 0.200 -4820.651
v -3158.901 0.200 -4821.938
v -3167.640 0.200 -4811.538
v -3166.108 0.200 -4810.251
v -3165.026 0.200 -4827.084
v -3166.557 0.200 -4828.371
v -3175.296 0.200 -4817.971
v -3173.764 0.200 -4816.685
v -3157.673 0.200 -4820.930
v -3157.373 0.200 -4820.930
v -3157.373 0.200 -4820.630
v -3157.673 0.200 -4820.630
v -3157.673 8.200 -4820.930
v -3157.373 8.200 -4820.930
v -3157.373 8.200 -4820.630
v -3157.673 8.200 -4820.630
v -3166.554 0.200 -4828.392
v -3166.254 0.200 -4828.392
v -3166.254 0.200 -4828.092
v -3166.554 0.200 -4828.092
v -3166.554 8.200 -4828.392
v -3166.254 8.200 -4828.392
v -3166.254 8.200 -4828.092
v -3166.554 8.200 -4828.092
v -3169.601 0.050 -4810.266
v -3171.803 0.050 -4817.957
v -3186.386 0.050 -4813.781
v -3184.184 0.050 -4806.090
v -3169.050 0.200 -4808.343
v -3169.601 0.200 -4810.266
v -3184.184 0.200 -4806.090
v -3183.633 0.200 -4804.167
v -3171.803 0.200 -4817.957
v -3172.354 0.200 -4819.880
v -3186.936 0.200 -4815.704
v -3186.386 0.200 -4813.781
v -3181.285 0.050 -4809.936
v -3189.285 0.050 -4809.936
v -3189.285 0.050 -4784.961
v -3181.285 0.050 -4784.961
v -3179.285 0.200 -4809.936
v -3181.285 0.200 -4809.936
v -3181.285 0.200 -4784.961
v -3179.285 0.200 -4784.961
v -3189.285 0.200 -4809.936
v -3191.285 0.200 -4809.936
v -3191.285 0.200 -4784.961
v -3189.285 0.200 -4784.961
v -3179.635 0.200 -4810.086
v -3179.335 0.200 -4810.086
v -3179.335 0.200 -4809.786
v -3179.635 0.200 -4809.786
v -3179.635 8.200 -4810.086
v -3179.335 8.200 -4810.086
v -3179.335 8.200 -4809.786
v -3179.635 8.200 -4809.786
v -3191.235 0.200 -4810.086
v -3190.935 0.200 -4810.086
v -3190.935 0.200 -4809.786
v -3191.235 0.200 -4809.786
v -3191.235 8.200 -4810.086
v -3190.935 8.200 -4810.086
v -3190.935 8.200 -4809.786
v -3191.235 8.200 -4809.786
v -3181.332 0.050 -4784.346
v -3189.237 0.050 -4785.576
v -3192.154 0.050 -4766.825
v -3184.249 0.050 -4765.595
v -3179.356 0.200 -4784.039
v -3181.332 0.200 -4784.346
v -3184.249 0.200 -4765.595
v -3182.273 0.200 -4765.288
v -3189.237 0.200 -4785.576
v -3191.213 0.200 -4785.883
v -3194.130 0.200 -4767.132
v -3192.154 0.200 -4766.825
v -3185.454 0.050 -4769.117
v -3190.948 0.050 -4763.302
v -3168.039 0.050 -4741.658
v -3162.545 0.050 -4747.473
v -3184.081 0.200 -4770.571
v -3185.454 0.200 -4769.117
v -3162.545 0.200 -4747.473
v -3161.171 0.200 -4748.926
v -3190.948 0.200 -4763.302
v -3192.322 0.200 -4761.849
v -3169.412 0.200 -4740.204
v -3168.039 0.200 -4741.658
v -3184.368 0.200 -4770.576
v -3184.068 0.200 -4770.576
v -3184.068 0.200 -4770.276
v -3184.368 0.200 -4770.276
v -3184.368 8.200 -4770.576
v -3184.068 8.200 -4770.576
v -3184.068 8.200 -4770.276
v -3184.368 8.200 -4770.276
v -3192.335 0.200 -4762.144
v -3192.035 0.200 -4762.144
v -3192.035 0.200 -4761.844
v -3192.335 0.200 -4761.844
v -3192.335 8.200 -4762.144
v -3192.035 8.200 -4762.144
v -3192.035 8.200 -4761.844
v -3192.335 8.200 -4761.844
v -3161.342 0.050 -4745.194
v -3169.242 0.050 -4743.936
v -3158.834 0.050 -4678.553
v -3150.933 0.050 -4679.811
v -3159.366 0.200 -4745.508
v -3161.342 0.200 -4745.194
v -3150.933 0.200 -4679.811
v -3148.958 0.200 -4680.125
v -3169.242 0.200 -4743.936
v -3171.217 0.200 -4743.622
v -3160.809 0.200 -4678.238
v -3158.834 0.200 -4678.553
v -3159.714 0.200 -4745.627
v -3159.414 0.200 -4745.627
v -3159.414 0.200 -4745.327
v -3159.714 0.200 -4745.327
v -3159.714 8.200 -4745.627
v -3159.414 8.200 -4745.627
v -3159.414 8.200 -4745.327
v -3159.714 8.200 -4745.327
v -3171.170 0.200 -4743.803
v -3170.870 0.200 -4743.803
v -3170.870 0.200 -4743.503
v -3171.170 0.200 -4743.503
v -3171.170 8.200 -4743.803
v -3170.870 8.200 -4743.803
v -3170.870 8.200 -4743.503
v -3171.170 8.200 -4743.503
v 0.000 -100.000 0.000
v 0.001 -100.000 0.000
v 0.000 -100.000 0.001
g asphalt
f 1 2 3
f 3 4 1
f 13 14 15
f 15 16 13
f 41 42 43
f 43 44 41
f 69 70 71
f 71 72 69
f 81 82 83
f 83 84 81
f 109 110 111
f 111 112 109
f 121 122 123
f 123 124 121
f 133 134 135
f 135 136 133
f 145 146 147
f 147 148 145
f 173 174 175
f 175 176 173
f 185 186 187
f 187 188 185
f 213 214 215
f 215 216 213
f 225 226 227
f 227 228 225
f 253 254 255
f 255 256 253
f 265 266 267
f 267 268 265
f 293 294 295
f 295 296 293
f 305 306 307
f 307 308 305
f 333 334 335
f 335 336 333
f 345 346 347
f 347 348 345
f 373 374 375
f 375 376 373
f 401 402 403
f 403 404 401
f 429 430 431
f 431 432 429
f 457 458 459
f 459 460 457
f 485 486 487
f 487 488 485
f 513 514 515
f 515 516 513
f 525 526 527
f 527 528 525
f 553 554 555
f 555 556 553
f 565 566 567
f 567 568 565
f 593 594 595
f 595 596 593
f 621 622 623
f 623 624 621
f 633 634 635
f 635 636 633
f 661 662 663
f 663 664 661
f 689 690 691
f 691 692 689
f 717 718 719
f 719 720 717
f 745 746 747
f 747 748 745
f 773 774 775
f 775 776 773
f 801 802 803
f 803 804 801
f 813 814 815
f 815 816 813
f 841 842 843
f 843 844 841
f 869 870 871
f 871 872 869
f 897 898 899
f 899 900 897
f 925 926 927
f 927 928 925
f 937 938 939
f 939 940 937
f 965 966 967
f 967 968 965
f 993 994 995
f 995 996 993
f 1021 1022 1023
f 1023 1024 1021
f 1049 1050 1051
f 1051 1052 1049
f 1077 1078 1079
f 1079 1080 1077
f 1105 1106 1107
f 1107 1108 1105
f 1133 1134 1135
f 1135 1136 1133
f 1161 1162 1163
f 1163 1164 1161
f 1189 1190 1191
f 1191 1192 1189
f 1201 1202 1203
f 1203 1204 1201
f 1229 1230 1231
f 1231 1232 1229
f 1241 1242 1243
f 1243 1244 1241
f 1269 1270 1271
f 1271 1272 1269
f 1281 1282 1283
f 1283 1284 1281
f 1293 1294 1295
f 1295 1296 1293
f 1321 1322 1323
f 1323 1324 1321
f 1333 1334 1335
f 1335 1336 1333
f 1361 1362 1363
f 1363 1364 1361
f 1389 1390 1391
f 1391 1392 1389
f 1401 1402 1403
f 1403 1404 1401
f 1429 1430 1431
f 1431 1432 1429
f 1441 1442 1443
f 1443 1444 1441
f 1469 1470 1471
f 1471 1472 1469
f 1497 1498 1499
f 1499 1500 1497
f 1525 1526 1527
f 1527 1528 1525
f 1537 1538 1539
f 1539 1540 1537
f 1565 1566 1567
f 1567 1568 1565
f 1593 1594 1595
f 1595 1596 1593
f 1605 1606 1607
f 1607 1608 1605
f 1633 1634 1635
f 1635 1636 1633
f 1661 1662 1663
f 1663 1664 1661
f 1689 1690 1691
f 1691 1692 1689
f 1701 1702 1703
f 1703 1704 1701
f 1729 1730 1731
f 1731 1732 1729
f 1757 1758 1759
f 1759 1760 1757
f 1785 1786 1787
f 1787 1788 1785
f 1797 1798 1799
f 1799 1800 1797
f 1809 1810 1811
f 1811 1812 1809
f 1837 1838 1839
f 1839 1840 1837
f 1865 1866 1867
f 1867 1868 1865
f 1877 1878 1879
f 1879 1880 1877
f 1905 1906 1907
f 1907 1908 1905
f 1917 1918 1919
f 1919 1920 1917
f 1945 1946 1947
f 1947 1948 1945
f 1973 1974 1975
f 1975 1976 1973
f 1985 1986 1987
f 1987 1988 1985
f 2013 2014 2015
f 2015 2016 2013
f 2041 2042 2043
f 2043 2044 2041
f 2069 2070 2071
f 2071 2072 2069
f 2097 2098 2099
f 2099 2100 2097
f 2109 2110 2111
f 2111 2112 2109
f 2137 2138 2139
f 2139 2140 2137
f 2149 2150 2151
f 2151 2152 2149
f 2177 2178 2179
f 2179 2180 2177
f 2205 2206 2207
f 2207 2208 2205
f 2233 2234 2235
f 2235 2236 2233
f 2261 2262 2263
f 2263 2264 2261
f 2289 2290 2291
f 2291 2292 2289
f 2317 2318 2319
f 2319 2320 2317
f 2345 2346 2347
f 2347 2348 2345
f 2357 2358 2359
f 2359 2360 2357
f 2385 2386 2387
f 2387 2388 2385
f 2397 2398 2399
f 2399 2400 2397
f 2425 2426 2427
f 2427 2428 2425
f 2453 2454 2455
f 2455 2456 2453
f 2481 2482 2483
f 2483 2484 2481
f 2509 2510 2511
f 2511 2512 2509
f 2521 2522 2523
f 2523 2524 2521
f 2549 2550 2551
f 2551 2552 2549
f 2577 2578 2579
f 2579 2580 2577
f 2605 2606 2607
f 2607 2608 2605
f 2633 2634 2635
f 2635 2636 2633
f 2661 2662 2663
f 2663 2664 2661
f 2689 2690 2691
f 2691 2692 2689
f 2717 2718 2719
f 2719 2720 2717
f 2745 2746 2747
f 2747 2748 2745
f 2773 2774 2775
f 2775 2776 2773
f 2785 2786 2787
f 2787 2788 2785
f 2797 2798 2799
f 2799 2800 2797
f 2825 2826 2827
f 2827 2828 2825
f 2837 2838 2839
f 2839 2840 2837
f 2865 2866 2867
f 2867 2868 2865
f 2877 2878 2879
f 2879 2880 2877
f 2905 2906 2907
f 2907 2908 2905
f 2917 2918 2919
f 2919 2920 2917
f 2945 2946 2947
f 2947 2948 2945
f 2957 2958 2959
f 2959 2960 2957
f 2985 2986 2987
f 2987 2988 2985
f 2997 2998 2999
f 2999 3000 2997
f 3025 3026 3027
f 3027 3028 3025
f 3037 3038 3039
f 3039 3040 3037
f 3065 3066 3067
f 3067 3068 3065
g sidewalks
f 5 6 7
f 7 8 5
f 9 10 11
f 11 12 9
f 17 18 19
f 19 20 17
f 21 22 23
f 23 24 21
f 45 46 47
f 47 48 45
f 49 50 51
f 51 52 49
f 73 74 75
f 75 76 73
f 77 78 79
f 79 80 77
f 85 86 87
f 87 88 85
f 89 90 91
f 91 92 89
f 113 114 115
f 115 116 113
f 117 118 119
f 119 120 117
f 125 126 127
f 127 128 125
f 129 130 131
f 131 132 129
f 137 138 139
f 139 140 137
f 141 142 143
f 143 144 141
f 149 150 151
f 151 152 149
f 153 154 155
f 155 156 153
f 177 178 179
f 179 180 177
f 181 182 183
f 183 184 181
f 189 190 191
f 191 192 189
f 193 194 195
f 195 196 193
f 217 218 219
f 219 220 217
f 221 222 223
f 223 224 221
f 229 230 231
f 231 232 229
f 233 234 235
f 235 236 233
f 257 258 259
f 259 260 257
f 261 262 263
f 263 264 261
f 269 270 271
f 271 272 269
f 273 274 275
f 275 276 273
f 297 298 299
f 299 300 297
f 301 302 303
f 303 304 301
f 309 310 311
f 311 312 309
f 313 314 315
f 315 316 313
f 337 338 339
f 339 340 337
f 341 342 343
f 343 344 341
f 349 350 351
f 351 352 349
f 353 354 355
f 355 356 353
f 377 378 379
f 379 380 377
f 381 382 383
f 383 384 381
f 405 406 407
f 407 408 405
f 409 410 411
f 411 412 409
f 433 434 435
f 435 436 433
f 437 438 439
f 439 440 437
f 461 462 463
f 463 464 461
f 465 466 467
f 467 468 465
f 489 490 491
f 491 492 489
f 493 494 495
f 495 496 493
f 517 518 519
f 519 520 517
f 521 522 523
f 523 524 521
f 529 530 531
f 531 532 529
f 533 534 535
f 535 536 533
f 557 558 559
f 559 560 557
f 561 562 563
f 563 564 561
f 569 570 571
f 571 572 569
f 573 574 575
f 575 576 573
f 597 598 599
f 599 600 597
f 601 602 603
f 603 604 601
f 625 626 627
f 627 628 625
f 629 630 631
f 631 632 629
f 637 638 639
f 639 640 637
f 641 642 643
f 643 644 641
f 665 666 667
f 667 668 665
f 669 670 671
f 671 672 669
f 693 694 695
f 695 696 693
f 697 698 699
f 699 700 697
f 721 722 723
f 723 724 721
f 725 726 727
f 727 728 725
f 749 750 751
f 751 752 749
f 753 754 755
f 755 756 753
f 777 778 779
f 779 780 777
f 781 782 783
f 783 784 781
f 805 806 807
f 807 808 805
f 809 810 811
f 811 812 809
f 817 818 819
f 819 820 817
f 821 822 823
f 823 824 821
f 845 846 847
f 847 848 845
f 849 850 851
f 851 852 849
f 873 874 875
f 875 876 873
f 877 878 879
f 879 880 877
f 901 902 903
f 903 904 901
f 905 906 907
f 907 908 905
f 929 930 931
f 931 932 929
f 933 934 935
f 935 936 933
f 941 942 943
f 943 944 941
f 945 946 947
f 947 948 945
f 969 970 971
f 971 972 969
f 973 974 975
f 975 976 973
f 997 998 999
f 999 1000 997
f 1001 1002 1003
f 1003 1004 1001
f 1025 1026 1027
f 1027 1028 1025
f 1029 1030 1031
f 1031 1032 1029
f 1053 1054 1055
f 1055 1056 1053
f 1057 1058 1059
f 1059 1060 1057
f 1081 1082 1083
f 1083 1084 1081
f 1085 1086 1087
f 1087 1088 1085
f 1109 1110 1111
f 1111 1112 1109
f 1113 1114 1115
f 1115 1116 1113
f 1137 1138 1139
f 1139 1140 1137
f 1141 1142 1143
f 1143 1144 1141
f 1165 1166 1167
f 1167 1168 1165
f 1169 1170 1171
f 1171 1172 1169
f 1193 1194 1195
f 1195 1196 1193
f 1197 1198 1199
f 1199 1200 1197
f 1205 1206 1207
f 1207 1208 1205
f 1209 1210 1211
f 1211 1212 1209
f 1233 1234 1235
f 1235 1236 1233
f 1237 1238 1239
f 1239 1240 1237
f 1245 1246 1247
f 1247 1248 1245
f 1249 1250 1251
f 1251 1252 1249
f 1273 1274 1275
f 1275 1276 1273
f 1277 1278 1279
f 1279 1280 1277
f 1285 1286 1287
f 1287 1288 1285
f 1289 1290 1291
f 1291 1292 1289
f 1297 1298 1299
f 1299 1300 1297
f 1301 1302 1303
f 1303 1304 1301
f 1325 1326 1327
f 1327 1328 1325
f 1329 1330 1331
f 1331 1332 1329
f 1337 1338 1339
f 1339 1340 1337
f 1341 1342 1343
f 1343 1344 1341
f 1365 1366 1367
f 1367 1368 1365
f 1369 1370 1371
f 1371 1372 1369
f 1393 1394 1395
f 1395 1396 1393
f 1397 1398 1399
f 1399 1400 1397
f 1405 1406 1407
f 1407 1408 1405
f 1409 1410 1411
f 1411 1412 1409
f 1433 1434 1435
f 1435 1436 1433
f 1437 1438 1439
f 1439 1440 1437
f 1445 1446 1447
f 1447 1448 1445
f 1449 1450 1451
f 1451 1452 1449
f 1473 1474 1475
f 1475 1476 1473
f 1477 1478 1479
f 1479 1480 1477
f 1501 1502 1503
f 1503 1504 1501
f 1505 1506 1507
f 1507 1508 1505
f 1529 1530 1531
f 1531 1532 1529
f 1533 1534 1535
f 1535 1536 1533
f 1541 1542 1543
f 1543 1544 1541
f 1545 1546 1547
f 1547 1548 1545
f 1569 1570 1571
f 1571 1572 1569
f 1573 1574 1575
f 1575 1576 1573
f 1597 1598 1599
f 1599 1600 1597
f 1601 1602 1603
f 1603 1604 1601
f 1609 1610 1611
f 1611 1612 1609
f 1613 1614 1615
f 1615 1616 1613
f 1637 1638 1639
f 1639 1640 1637
f 1641 1642 1643
f 1643 1644 1641
f 1665 1666 1667
f 1667 1668 1665
f 1669 1670 1671
f 1671 1672 1669
f 1693 1694 1695
f 1695 1696 1693
f 1697 1698 1699
f 1699 1700 1697
f 1705 1706 1707
f 1707 1708 1705
f 1709 1710 1711
f 1711 1712 1709
f 1733 1734 1735
f 1735 1736 1733
f 1737 1738 1739
f 1739 1740 1737
f 1761 1762 1763
f 1763 1764 1761
f 1765 1766 1767
f 1767 1768 1765
f 1789 1790 1791
f 1791 1792 1789
f 1793 1794 1795
f 1795 1796 1793
f 1801 1802 1803
f 1803 1804 1801
f 1805 1806 1807
f 1807 1808 1805
f 1813 1814 1815
f 1815 1816 1813
f 1817 1818 1819
f 1819 1820 1817
f 1841 1842 1843
f 1843 1844 1841
f 1845 1846 1847
f 1847 1848 1845
f 1869 1870 1871
f 1871 1872 1869
f 1873 1874 1875
f 1875 1876 1873
f 1881 1882 1883
f 1883 1884 1881
f 1885 1886 1887
f 1887 1888 1885
f 1909 1910 1911
f 1911 1912 1909
f 1913 1914 1915
f 1915 1916 1913
f 1921 1922 1923
f 1923 1924 1921
f 1925 1926 1927
f 1927 1928 1925
f 1949 1950 1951
f 1951 1952 1949
f 1953 1954 1955
f 1955 1956 1953
f 1977 1978 1979
f 1979 1980 1977
f 1981 1982 1983
f 1983 1984 1981
f 1989 1990 1991
f 1991 1992 1989
f 1993 1994 1995
f 1995 1996 1993
f 2017 2018 2019
f 2019 2020 2017
f 2021 2022 2023
f 2023 2024 2021
f 2045 2046 2047
f 2047 2048 2045
f 2049 2050 2051
f 2051 2052 2049
f 2073 2074 2075
f 2075 2076 2073
f 2077 2078 2079
f 2079 2080 2077
f 2101 2102 2103
f 2103 2104 2101
f 2105 2106 2107
f 2107 2108 2105
f 2113 2114 2115
f 2115 2116 2113
f 2117 2118 2119
f 2119 2120 2117
f 2141 2142 2143
f 2143 2144 2141
f 2145 2146 2147
f 2147 2148 2145
f 2153 2154 2155
f 2155 2156 2153
f 2157 2158 2159
f 2159 2160 2157
f 2181 2182 2183
f 2183 2184 2181
f 2185 2186 2187
f 2187 2188 2185
f 2209 2210 2211
f 2211 2212 2209
f 2213 2214 2215
f 2215 2216 2213
f 2237 2238 2239
f 2239 2240 2237
f 2241 2242 2243
f 2243 2244 2241
f 2265 2266 2267
f 2267 2268 2265
f 2269 2270 2271
f 2271 2272 2269
f 2293 2294 2295
f 2295 2296 2293
f 2297 2298 2299
f 2299 2300 2297
f 2321 2322 2323
f 2323 2324 2321
f 2325 2326 2327
f 2327 2328 2325
f 2349 2350 2351
f 2351 2352 2349
f 2353 2354 2355
f 2355 2356 2353
f 2361 2362 2363
f 2363 2364 2361
f 2365 2366 2367
f 2367 2368 2365
f 2389 2390 2391
f 2391 2392 2389
f 2393 2394 2395
f 2395 2396 2393
f 2401 2402 2403
f 2403 2404 2401
f 2405 2406 2407
f 2407 2408 2405
f 2429 2430 2431
f 2431 2432 2429
f 2433 2434 2435
f 2435 2436 2433
f 2457 2458 2459
f 2459 2460 2457
f 2461 2462 2463
f 2463 2464 2461
f 2485 2486 2487
f 2487 2488 2485
f 2489 2490 2491
f 2491 2492 2489
f 2513 2514 2515
f 2515 2516 2513
f 2517 2518 2519
f 2519 2520 2517
f 2525 2526 2527
f 2527 2528 2525
f 2529 2530 2531
f 2531 2532 2529
f 2553 2554 2555
f 2555 2556 2553
f 2557 2558 2559
f 2559 2560 2557
f 2581 2582 2583
f 2583 2584 2581
f 2585 2586 2587
f 2587 2588 2585
f 2609 2610 2611
f 2611 2612 2609
f 2613 2614 2615
f 2615 2616 2613
f 2637 2638 2639
f 2639 2640 2637
f 2641 2642 2643
f 2643 2644 2641
f 2665 2666 2667
f 2667 2668 2665
f 2669 2670 2671
f 2671 2672 2669
f 2693 2694 2695
f 2695 2696 2693
f 2697 2698 2699
f 2699 2700 2697
f 2721 2722 2723
f 2723 2724 2721
f 2725 2726 2727
f 2727 2728 2725
f 2749 2750 2751
f 2751 2752 2749
f 2753 2754 2755
f 2755 2756 2753
f 2777 2778 2779
f 2779 2780 2777
f 2781 2782 2783
f 2783 2784 2781
f 2789 2790 2791
f 2791 2792 2789
f 2793 2794 2795
f 2795 2796 2793
f 2801 2802 2803
f 2803 2804 2801
f 2805 2806 2807
f 2807 2808 2805
f 2829 2830 2831
f 2831 2832 2829
f 2833 2834 2835
f 2835 2836 2833
f 2841 2842 2843
f 2843 2844 2841
f 2845 2846 2847
f 2847 2848 2845
f 2869 2870 2871
f 2871 2872 2869
f 2873 2874 2875
f 2875 2876 2873
f 2881 2882 2883
f 2883 2884 2881
f 2885 2886 2887
f 2887 2888 2885
f 2909 2910 2911
f 2911 2912 2909
f 2913 2914 2915
f 2915 2916 2913
f 2921 2922 2923
f 2923 2924 2921
f 2925 2926 2927
f 2927 2928 2925
f 2949 2950 2951
f 2951 2952 2949
f 2953 2954 2955
f 2955 2956 2953
f 2961 2962 2963
f 2963 2964 2961
f 2965 2966 2967
f 2967 2968 2965
f 2989 2990 2991
f 2991 2992 2989
f 2993 2994 2995
f 2995 2996 2993
f 3001 3002 3003
f 3003 3004 3001
f 3005 3006 3007
f 3007 3008 3005
f 3029 3030 3031
f 3031 3032 3029
f 3033 3034 3035
f 3035 3036 3033
f 3041 3042 3043
f 3043 3044 3041
f 3045 3046 3047
f 3047 3048 3045
f 3069 3070 3071
f 3071 3072 3069
f 3073 3074 3075
f 3075 3076 3073
g yellow_divider
f 3093 3094 3095
g utility_poles
f 25 28 27
f 27 26 25
f 29 30 31
f 31 32 29
f 25 26 30
f 30 29 25
f 27 28 32
f 32 31 27
f 28 25 29
f 29 32 28
f 26 27 31
f 31 30 26
f 33 36 35
f 35 34 33
f 37 38 39
f 39 40 37
f 33 34 38
f 38 37 33
f 35 36 40
f 40 39 35
f 36 33 37
f 37 40 36
f 34 35 39
f 39 38 34
f 53 56 55
f 55 54 53
f 57 58 59
f 59 60 57
f 53 54 58
f 58 57 53
f 55 56 60
f 60 59 55
f 56 53 57
f 57 60 56
f 54 55 59
f 59 58 54
f 61 64 63
f 63 62 61
f 65 66 67
f 67 68 65
f 61 62 66
f 66 65 61
f 63 64 68
f 68 67 63
f 64 61 65
f 65 68 64
f 62 63 67
f 67 66 62
f 93 96 95
f 95 94 93
f 97 98 99
f 99 100 97
f 93 94 98
f 98 97 93
f 95 96 100
f 100 99 95
f 96 93 97
f 97 100 96
f 94 95 99
f 99 98 94
f 101 104 103
f 103 102 101
f 105 106 107
f 107 108 105
f 101 102 106
f 106 105 101
f 103 104 108
f 108 107 103
f 104 101 105
f 105 108 104
f 102 103 107
f 107 106 102
f 157 160 159
f 159 158 157
f 161 162 163
f 163 164 161
f 157 158 162
f 162 161 157
f 159 160 164
f 164 163 159
f 160 157 161
f 161 164 160
f 158 159 163
f 163 162 158
f 165 168 167
f 167 166 165
f 169 170 171
f 171 172 169
f 165 166 170
f 170 169 165
f 167 168 172
f 172 171 167
f 168 165 169
f 169 172 168
f 166 167 171
f 171 170 166
f 197 200 199
f 199 198 197
f 201 202 203
f 203 204 201
f 197 198 202
f 202 201 197
f 199 200 204
f 204 203 199
f 200 197 201
f 201 204 200
f 198 199 203
f 203 202 198
f 205 208 207
f 207 206 205
f 209 210 211
f 211 212 209
f 205 206 210
f 210 209 205
f 207 208 212
f 212 211 207
f 208 205 209
f 209 212 208
f 206 207 211
f 211 210 206
f 237 240 239
f 239 238 237
f 241 242 243
f 243 244 241
f 237 238 242
f 242 241 237
f 239 240 244
f 244 243 239
f 240 237 241
f 241 244 240
f 238 239 243
f 243 242 238
f 245 248 247
f 247 246 245
f 249 250 251
f 251 252 249
f 245 246 250
f 250 249 245
f 247 248 252
f 252 251 247
f 248 245 249
f 249 252 248
f 246 247 251
f 251 250 246
f 277 280 279
f 279 278 277
f 281 282 283
f 283 284 281
f 277 278 282
f 282 281 277
f 279 280 284
f 284 283 279
f 280 277 281
f 281 284 280
f 278 279 283
f 283 282 278
f 285 288 287
f 287 286 285
f 289 290 291
f 291 292 289
f 285 286 290
f 290 289 285
f 287 288 292
f 292 291 287
f 288 285 289
f 289 292 288
f 286 287 291
f 291 290 286
f 317 320 319
f 319 318 317
f 321 322 323
f 323 324 321
f 317 318 322
f 322 321 317
f 319 320 324
f 324 323 319
f 320 317 321
f 321 324 320
f 318 319 323
f 323 322 318
f 325 328 327
f 327 326 325
f 329 330 331
f 331 332 329
f 325 326 330
f 330 329 325
f 327 328 332
f 332 331 327
f 328 325 329
f 329 332 328
f 326 327 331
f 331 330 326
f 357 360 359
f 359 358 357
f 361 362 363
f 363 364 361
f 357 358 362
f 362 361 357
f 359 360 364
f 364 363 359
f 360 357 361
f 361 364 360
f 358 359 363
f 363 362 358
f 365 368 367
f 367 366 365
f 369 370 371
f 371 372 369
f 365 366 370
f 370 369 365
f 367 368 372
f 372 371 367
f 368 365 369
f 369 372 368
f 366 367 371
f 371 370 366
f 385 388 387
f 387 386 385
f 389 390 391
f 391 392 389
f 385 386 390
f 390 389 385
f 387 388 392
f 392 391 387
f 388 385 389
f 389 392 388
f 386 387 391
f 391 390 386
f 393 396 395
f 395 394 393
f 397 398 399
f 399 400 397
f 393 394 398
f 398 397 393
f 395 396 400
f 400 399 395
f 396 393 397
f 397 400 396
f 394 395 399
f 399 398 394
f 413 416 415
f 415 414 413
f 417 418 419
f 419 420 417
f 413 414 418
f 418 417 413
f 415 416 420
f 420 419 415
f 416 413 417
f 417 420 416
f 414 415 419
f 419 418 414
f 421 424 423
f 423 422 421
f 425 426 427
f 427 428 425
f 421 422 426
f 426 425 421
f 423 424 428
f 428 427 423
f 424 421 425
f 425 428 424
f 422 423 427
f 427 426 422
f 441 444 443
f 443 442 441
f 445 446 447
f 447 448 445
f 441 442 446
f 446 445 441
f 443 444 448
f 448 447 443
f 444 441 445
f 445 448 444
f 442 443 447
f 447 446 442
f 449 452 451
f 451 450 449
f 453 454 455
f 455 456 453
f 449 450 454
f 454 453 449
f 451 452 456
f 456 455 451
f 452 449 453
f 453 456 452
f 450 451 455
f 455 454 450
f 469 472 471
f 471 470 469
f 473 474 475
f 475 476 473
f 469 470 474
f 474 473 469
f 471 472 476
f 476 475 471
f 472 469 473
f 473 476 472
f 470 471 475
f 475 474 470
f 477 480 479
f 479 478 477
f 481 482 483
f 483 484 481
f 477 478 482
f 482 481 477
f 479 480 484
f 484 483 479
f 480 477 481
f 481 484 480
f 478 479 483
f 483 482 478
f 497 500 499
f 499 498 497
f 501 502 503
f 503 504 501
f 497 498 502
f 502 501 497
f 499 500 504
f 504 503 499
f 500 497 501
f 501 504 500
f 498 499 503
f 503 502 498
f 505 508 507
f 507 506 505
f 509 510 511
f 511 512 509
f 505 506 510
f 510 509 505
f 507 508 512
f 512 511 507
f 508 505 509
f 509 512 508
f 506 507 511
f 511 510 506
f 537 540 539
f 539 538 537
f 541 542 543
f 543 544 541
f 537 538 542
f 542 541 537
f 539 540 544
f 544 543 539
f 540 537 541
f 541 544 540
f 538 539 543
f 543 542 538
f 545 548 547
f 547 546 545
f 549 550 551
f 551 552 549
f 545 546 550
f 550 549 545
f 547 548 552
f 552 551 547
f 548 545 549
f 549 552 548
f 546 547 551
f 551 550 546
f 577 580 579
f 579 578 577
f 581 582 583
f 583 584 581
f 577 578 582
f 582 581 577
f 579 580 584
f 584 583 579
f 580 577 581
f 581 584 580
f 578 579 583
f 583 582 578
f 585 588 587
f 587 586 585
f 589 590 591
f 591 592 589
f 585 586 590
f 590 589 585
f 587 588 592
f 592 591 587
f 588 585 589
f 589 592 588
f 586 587 591
f 591 590 586
f 605 608 607
f 607 606 605
f 609 610 611
f 611 612 609
f 605 606 610
f 610 609 605
f 607 608 612
f 612 611 607
f 608 605 609
f 609 612 608
f 606 607 611
f 611 610 606
f 613 616 615
f 615 614 613
f 617 618 619
f 619 620 617
f 613 614 618
f 618 617 613
f 615 616 620
f 620 619 615
f 616 613 617
f 617 620 616
f 614 615 619
f 619 618 614
f 645 648 647
f 647 646 645
f 649 650 651
f 651 652 649
f 645 646 650
f 650 649 645
f 647 648 652
f 652 651 647
f 648 645 649
f 649 652 648
f 646 647 651
f 651 650 646
f 653 656 655
f 655 654 653
f 657 658 659
f 659 660 657
f 653 654 658
f 658 657 653
f 655 656 660
f 660 659 655
f 656 653 657
f 657 660 656
f 654 655 659
f 659 658 654
f 673 676 675
f 675 674 673
f 677 678 679
f 679 680 677
f 673 674 678
f 678 677 673
f 675 676 680
f 680 679 675
f 676 673 677
f 677 680 676
f 674 675 679
f 679 678 674
f 681 684 683
f 683 682 681
f 685 686 687
f 687 688 685
f 681 682 686
f 686 685 681
f 683 684 688
f 688 687 683
f 684 681 685
f 685 688 684
f 682 683 687
f 687 686 682
f 701 704 703
f 703 702 701
f 705 706 707
f 707 708 705
f 701 702 706
f 706 705 701
f 703 704 708
f 708 707 703
f 704 701 705
f 705 708 704
f 702 703 707
f 707 706 702
f 709 712 711
f 711 710 709
f 713 714 715
f 715 716 713
f 709 710 714
f 714 713 709
f 711 712 716
f 716 715 711
f 712 709 713
f 713 716 712
f 710 711 715
f 715 714 710
f 729 732 731
f 731 730 729
f 733 734 735
f 735 736 733
f 729 730 734
f 734 733 729
f 731 732 736
f 736 735 731
f 732 729 733
f 733 736 732
f 730 731 735
f 735 734 730
f 737 740 739
f 739 738 737
f 741 742 743
f 743 744 741
f 737 738 742
f 742 741 737
f 739 740 744
f 744 743 739
f 740 737 741
f 741 744 740
f 738 739 743
f 743 742 738
f 757 760 759
f 759 758 757
f 761 762 763
f 763 764 761
f 757 758 762
f 762 761 757
f 759 760 764
f 764 763 759
f 760 757 761
f 761 764 760
f 758 759 763
f 763 762 758
f 765 768 767
f 767 766 765
f 769 770 771
f 771 772 769
f 765 766 770
f 770 769 765
f 767 768 772
f 772 771 767
f 768 765 769
f 769 772 768
f 766 767 771
f 771 770 766
f 785 788 787
f 787 786 785
f 789 790 791
f 791 792 789
f 785 786 790
f 790 789 785
f 787 788 792
f 792 791 787
f 788 785 789
f 789 792 788
f 786 787 791
f 791 790 786
f 793 796 795
f 795 794 793
f 797 798 799
f 799 800 797
f 793 794 798
f 798 797 793
f 795 796 800
f 800 799 795
f 796 793 797
f 797 800 796
f 794 795 799
f 799 798 794
f 825 828 827
f 827 826 825
f 829 830 831
f 831 832 829
f 825 826 830
f 830 829 825
f 827 828 832
f 832 831 827
f 828 825 829
f 829 832 828
f 826 827 831
f 831 830 826
f 833 836 835
f 835 834 833
f 837 838 839
f 839 840 837
f 833 834 838
f 838 837 833
f 835 836 840
f 840 839 835
f 836 833 837
f 837 840 836
f 834 835 839
f 839 838 834
f 853 856 855
f 855 854 853
f 857 858 859
f 859 860 857
f 853 854 858
f 858 857 853
f 855 856 860
f 860 859 855
f 856 853 857
f 857 860 856
f 854 855 859
f 859 858 854
f 861 864 863
f 863 862 861
f 865 866 867
f 867 868 865
f 861 862 866
f 866 865 861
f 863 864 868
f 868 867 863
f 864 861 865
f 865 868 864
f 862 863 867
f 867 866 862
f 881 884 883
f 883 882 881
f 885 886 887
f 887 888 885
f 881 882 886
f 886 885 881
f 883 884 888
f 888 887 883
f 884 881 885
f 885 888 884
f 882 883 887
f 887 886 882
f 889 892 891
f 891 890 889
f 893 894 895
f 895 896 893
f 889 890 894
f 894 893 889
f 891 892 896
f 896 895 891
f 892 889 893
f 893 896 892
f 890 891 895
f 895 894 890
f 909 912 911
f 911 910 909
f 913 914 915
f 915 916 913
f 909 910 914
f 914 913 909
f 911 912 916
f 916 915 911
f 912 909 913
f 913 916 912
f 910 911 915
f 915 914 910
f 917 920 919
f 919 918 917
f 921 922 923
f 923 924 921
f 917 918 922
f 922 921 917
f 919 920 924
f 924 923 919
f 920 917 921
f 921 924 920
f 918 919 923
f 923 922 918
f 949 952 951
f 951 950 949
f 953 954 955
f 955 956 953
f 949 950 954
f 954 953 949
f 951 952 956
f 956 955 951
f 952 949 953
f 953 956 952
f 950 951 955
f 955 954 950
f 957 960 959
f 959 958 957
f 961 962 963
f 963 964 961
f 957 958 962
f 962 961 957
f 959 960 964
f 964 963 959
f 960 957 961
f 961 964 960
f 958 959 963
f 963 962 958
f 977 980 979
f 979 978 977
f 981 982 983
f 983 984 981
f 977 978 982
f 982 981 977
f 979 980 984
f 984 983 979
f 980 977 981
f 981 984 980
f 978 979 983
f 983 982 978
f 985 988 987
f 987 986 985
f 989 990 991
f 991 992 989
f 985 986 990
f 990 989 985
f 987 988 992
f 992 991 987
f 988 985 989
f 989 992 988
f 986 987 991
f 991 990 986
f 1005 1008 1007
f 1007 1006 1005
f 1009 1010 1011
f 1011 1012 1009
f 1005 1006 1010
f 1010 1009 1005
f 1007 1008 1012
f 1012 1011 1007
f 1008 1005 1009
f 1009 1012 1008
f 1006 1007 1011
f 1011 1010 1006
f 1013 1016 1015
f 1015 1014 1013
f 1017 1018 1019
f 1019 1020 1017
f 1013 1014 1018
f 1018 1017 1013
f 1015 1016 1020
f 1020 1019 1015
f 1016 1013 1017
f 1017 1020 1016
f 1014 1015 1019
f 1019 1018 1014
f 1033 1036 1035
f 1035 1034 1033
f 1037 1038 1039
f 1039 1040 1037
f 1033 1034 1038
f 1038 1037 1033
f 1035 1036 1040
f 1040 1039 1035
f 1036 1033 1037
f 1037 1040 1036
f 1034 1035 1039
f 1039 1038 1034
f 1041 1044 1043
f 1043 1042 1041
f 1045 1046 1047
f 1047 1048 1045
f 1041 1042 1046
f 1046 1045 1041
f 1043 1044 1048
f 1048 1047 1043
f 1044 1041 1045
f 1045 1048 1044
f 1042 1043 1047
f 1047 1046 1042
f 1061 1064 1063
f 1063 1062 1061
f 1065 1066 1067
f 1067 1068 1065
f 1061 1062 1066
f 1066 1065 1061
f 1063 1064 1068
f 1068 1067 1063
f 1064 1061 1065
f 1065 1068 1064
f 1062 1063 1067
f 1067 1066 1062
f 1069 1072 1071
f 1071 1070 1069
f 1073 1074 1075
f 1075 1076 1073
f 1069 1070 1074
f 1074 1073 1069
f 1071 1072 1076
f 1076 1075 1071
f 1072 1069 1073
f 1073 1076 1072
f 1070 1071 1075
f 1075 1074 1070
f 1089 1092 1091
f 1091 1090 1089
f 1093 1094 1095
f 1095 1096 1093
f 1089 1090 1094
f 1094 1093 1089
f 1091 1092 1096
f 1096 1095 1091
f 1092 1089 1093
f 1093 1096 1092
f 1090 1091 1095
f 1095 1094 1090
f 1097 1100 1099
f 1099 1098 1097
f 1101 1102 1103
f 1103 1104 1101
f 1097 1098 1102
f 1102 1101 1097
f 1099 1100 1104
f 1104 1103 1099
f 1100 1097 1101
f 1101 1104 1100
f 1098 1099 1103
f 1103 1102 1098
f 1117 1120 1119
f 1119 1118 1117
f 1121 1122 1123
f 1123 1124 1121
f 1117 1118 1122
f 1122 1121 1117
f 1119 1120 1124
f 1124 1123 1119
f 1120 1117 1121
f 1121 1124 1120
f 1118 1119 1123
f 1123 1122 1118
f 1125 1128 1127
f 1127 1126 1125
f 1129 1130 1131
f 1131 1132 1129
f 1125 1126 1130
f 1130 1129 1125
f 1127 1128 1132
f 1132 1131 1127
f 1128 1125 1129
f 1129 1132 1128
f 1126 1127 1131
f 1131 1130 1126
f 1145 1148 1147
f 1147 1146 1145
f 1149 1150 1151
f 1151 1152 1149
f 1145 1146 1150
f 1150 1149 1145
f 1147 1148 1152
f 1152 1151 1147
f 1148 1145 1149
f 1149 1152 1148
f 1146 1147 1151
f 1151 1150 1146
f 1153 1156 1155
f 1155 1154 1153
f 1157 1158 1159
f 1159 1160 1157
f 1153 1154 1158
f 1158 1157 1153
f 1155 1156 1160
f 1160 1159 1155
f 1156 1153 1157
f 1157 1160 1156
f 1154 1155 1159
f 1159 1158 1154
f 1173 1176 1175
f 1175 1174 1173
f 1177 1178 1179
f 1179 1180 1177
f 1173 1174 1178
f 1178 1177 1173
f 1175 1176 1180
f 1180 1179 1175
f 1176 1173 1177
f 1177 1180 1176
f 1174 1175 1179
f 1179 1178 1174
f 1181 1184 1183
f 1183 1182 1181
f 1185 1186 1187
f 1187 1188 1185
f 1181 1182 1186
f 1186 1185 1181
f 1183 1184 1188
f 1188 1187 1183
f 1184 1181 1185
f 1185 1188 1184
f 1182 1183 1187
f 1187 1186 1182
f 1213 1216 1215
f 1215 1214 1213
f 1217 1218 1219
f 1219 1220 1217
f 1213 1214 1218
f 1218 1217 1213
f 1215 1216 1220
f 1220 1219 1215
f 1216 1213 1217
f 1217 1220 1216
f 1214 1215 1219
f 1219 1218 1214
f 1221 1224 1223
f 1223 1222 1221
f 1225 1226 1227
f 1227 1228 1225
f 1221 1222 1226
f 1226 1225 1221
f 1223 1224 1228
f 1228 1227 1223
f 1224 1221 1225
f 1225 1228 1224
f 1222 1223 1227
f 1227 1226 1222
f 1253 1256 1255
f 1255 1254 1253
f 1257 1258 1259
f 1259 1260 1257
f 1253 1254 1258
f 1258 1257 1253
f 1255 1256 1260
f 1260 1259 1255
f 1256 1253 1257
f 1257 1260 1256
f 1254 1255 1259
f 1259 1258 1254
f 1261 1264 1263
f 1263 1262 1261
f 1265 1266 1267
f 1267 1268 1265
f 1261 1262 1266
f 1266 1265 1261
f 1263 1264 1268
f 1268 1267 1263
f 1264 1261 1265
f 1265 1268 1264
f 1262 1263 1267
f 1267 1266 1262
f 1305 1308 1307
f 1307 1306 1305
f 1309 1310 1311
f 1311 1312 1309
f 1305 1306 1310
f 1310 1309 1305
f 1307 1308 1312
f 1312 1311 1307
f 1308 1305 1309
f 1309 1312 1308
f 1306 1307 1311
f 1311 1310 1306
f 1313 1316 1315
f 1315 1314 1313
f 1317 1318 1319
f 1319 1320 1317
f 1313 1314 1318
f 1318 1317 1313
f 1315 1316 1320
f 1320 1319 1315
f 1316 1313 1317
f 1317 1320 1316
f 1314 1315 1319
f 1319 1318 1314
f 1345 1348 1347
f 1347 1346 1345
f 1349 1350 1351
f 1351 1352 1349
f 1345 1346 1350
f 1350 1349 1345
f 1347 1348 1352
f 1352 1351 1347
f 1348 1345 1349
f 1349 1352 1348
f 1346 1347 1351
f 1351 1350 1346
f 1353 1356 1355
f 1355 1354 1353
f 1357 1358 1359
f 1359 1360 1357
f 1353 1354 1358
f 1358 1357 1353
f 1355 1356 1360
f 1360 1359 1355
f 1356 1353 1357
f 1357 1360 1356
f 1354 1355 1359
f 1359 1358 1354
f 1373 1376 1375
f 1375 1374 1373
f 1377 1378 1379
f 1379 1380 1377
f 1373 1374 1378
f 1378 1377 1373
f 1375 1376 1380
f 1380 1379 1375
f 1376 1373 1377
f 1377 1380 1376
f 1374 1375 1379
f 1379 1378 1374
f 1381 1384 1383
f 1383 1382 1381
f 1385 1386 1387
f 1387 1388 1385
f 1381 1382 1386
f 1386 1385 1381
f 1383 1384 1388
f 1388 1387 1383
f 1384 1381 1385
f 1385 1388 1384
f 1382 1383 1387
f 1387 1386 1382
f 1413 1416 1415
f 1415 1414 1413
f 1417 1418 1419
f 1419 1420 1417
f 1413 1414 1418
f 1418 1417 1413
f 1415 1416 1420
f 1420 1419 1415
f 1416 1413 1417
f 1417 1420 1416
f 1414 1415 1419
f 1419 1418 1414
f 1421 1424 1423
f 1423 1422 1421
f 1425 1426 1427
f 1427 1428 1425
f 1421 1422 1426
f 1426 1425 1421
f 1423 1424 1428
f 1428 1427 1423
f 1424 1421 1425
f 1425 1428 1424
f 1422 1423 1427
f 1427 1426 1422
f 1453 1456 1455
f 1455 1454 1453
f 1457 1458 1459
f 1459 1460 1457
f 1453 1454 1458
f 1458 1457 1453
f 1455 1456 1460
f 1460 1459 1455
f 1456 1453 1457
f 1457 1460 1456
f 1454 1455 1459
f 1459 1458 1454
f 1461 1464 1463
f 1463 1462 1461
f 1465 1466 1467
f 1467 1468 1465
f 1461 1462 1466
f 1466 1465 1461
f 1463 1464 1468
f 1468 1467 1463
f 1464 1461 1465
f 1465 1468 1464
f 1462 1463 1467
f 1467 1466 1462
f 1481 1484 1483
f 1483 1482 1481
f 1485 1486 1487
f 1487 1488 1485
f 1481 1482 1486
f 1486 1485 1481
f 1483 1484 1488
f 1488 1487 1483
f 1484 1481 1485
f 1485 1488 1484
f 1482 1483 1487
f 1487 1486 1482
f 1489 1492 1491
f 1491 1490 1489
f 1493 1494 1495
f 1495 1496 1493
f 1489 1490 1494
f 1494 1493 1489
f 1491 1492 1496
f 1496 1495 1491
f 1492 1489 1493
f 1493 1496 1492
f 1490 1491 1495
f 1495 1494 1490
f 1509 1512 1511
f 1511 1510 1509
f 1513 1514 1515
f 1515 1516 1513
f 1509 1510 1514
f 1514 1513 1509
f 1511 1512 1516
f 1516 1515 1511
f 1512 1509 1513
f 1513 1516 1512
f 1510 1511 1515
f 1515 1514 1510
f 1517 1520 1519
f 1519 1518 1517
f 1521 1522 1523
f 1523 1524 1521
f 1517 1518 1522
f 1522 1521 1517
f 1519 1520 1524
f 1524 1523 1519
f 1520 1517 1521
f 1521 1524 1520
f 1518 1519 1523
f 1523 1522 1518
f 1549 1552 1551
f 1551 1550 1549
f 1553 1554 1555
f 1555 1556 1553
f 1549 1550 1554
f 1554 1553 1549
f 1551 1552 1556
f 1556 1555 1551
f 1552 1549 1553
f 1553 1556 1552
f 1550 1551 1555
f 1555 1554 1550
f 1557 1560 1559
f 1559 1558 1557
f 1561 1562 1563
f 1563 1564 1561
f 1557 1558 1562
f 1562 1561 1557
f 1559 1560 1564
f 1564 1563 1559
f 1560 1557 1561
f 1561 1564 1560
f 1558 1559 1563
f 1563 1562 1558
f 1577 1580 1579
f 1579 1578 1577
f 1581 1582 1583
f 1583 1584 1581
f 1577 1578 1582
f 1582 1581 1577
f 1579 1580 1584
f 1584 1583 1579
f 1580 1577 1581
f 1581 1584 1580
f 1578 1579 1583
f 1583 1582 1578
f 1585 1588 1587
f 1587 1586 1585
f 1589 1590 1591
f 1591 1592 1589
f 1585 1586 1590
f 1590 1589 1585
f 1587 1588 1592
f 1592 1591 1587
f 1588 1585 1589
f 1589 1592 1588
f 1586 1587 1591
f 1591 1590 1586
f 1617 1620 1619
f 1619 1618 1617
f 1621 1622 1623
f 1623 1624 1621
f 1617 1618 1622
f 1622 1621 1617
f 1619 1620 1624
f 1624 1623 1619
f 1620 1617 1621
f 1621 1624 1620
f 1618 1619 1623
f 1623 1622 1618
f 1625 1628 1627
f 1627 1626 1625
f 1629 1630 1631
f 1631 1632 1629
f 1625 1626 1630
f 1630 1629 1625
f 1627 1628 1632
f 1632 1631 1627
f 1628 1625 1629
f 1629 1632 1628
f 1626 1627 1631
f 1631 1630 1626
f 1645 1648 1647
f 1647 1646 1645
f 1649 1650 1651
f 1651 1652 1649
f 1645 1646 1650
f 1650 1649 1645
f 1647 1648 1652
f 1652 1651 1647
f 1648 1645 1649
f 1649 1652 1648
f 1646 1647 1651
f 1651 1650 1646
f 1653 1656 1655
f 1655 1654 1653
f 1657 1658 1659
f 1659 1660 1657
f 1653 1654 1658
f 1658 1657 1653
f 1655 1656 1660
f 1660 1659 1655
f 1656 1653 1657
f 1657 1660 1656
f 1654 1655 1659
f 1659 1658 1654
f 1673 1676 1675
f 1675 1674 1673
f 1677 1678 1679
f 1679 1680 1677
f 1673 1674 1678
f 1678 1677 1673
f 1675 1676 1680
f 1680 1679 1675
f 1676 1673 1677
f 1677 1680 1676
f 1674 1675 1679
f 1679 1678 1674
f 1681 1684 1683
f 1683 1682 1681
f 1685 1686 1687
f 1687 1688 1685
f 1681 1682 1686
f 1686 1685 1681
f 1683 1684 1688
f 1688 1687 1683
f 1684 1681 1685
f 1685 1688 1684
f 1682 1683 1687
f 1687 1686 1682
f 1713 1716 1715
f 1715 1714 1713
f 1717 1718 1719
f 1719 1720 1717
f 1713 1714 1718
f 1718 1717 1713
f 1715 1716 1720
f 1720 1719 1715
f 1716 1713 1717
f 1717 1720 1716
f 1714 1715 1719
f 1719 1718 1714
f 1721 1724 1723
f 1723 1722 1721
f 1725 1726 1727
f 1727 1728 1725
f 1721 1722 1726
f 1726 1725 1721
f 1723 1724 1728
f 1728 1727 1723
f 1724 1721 1725
f 1725 1728 1724
f 1722 1723 1727
f 1727 1726 1722
f 1741 1744 1743
f 1743 1742 1741
f 1745 1746 1747
f 1747 1748 1745
f 1741 1742 1746
f 1746 1745 1741
f 1743 1744 1748
f 1748 1747 1743
f 1744 1741 1745
f 1745 1748 1744
f 1742 1743 1747
f 1747 1746 1742
f 1749 1752 1751
f 1751 1750 1749
f 1753 1754 1755
f 1755 1756 1753
f 1749 1750 1754
f 1754 1753 1749
f 1751 1752 1756
f 1756 1755 1751
f 1752 1749 1753
f 1753 1756 1752
f 1750 1751 1755
f 1755 1754 1750
f 1769 1772 1771
f 1771 1770 1769
f 1773 1774 1775
f 1775 1776 1773
f 1769 1770 1774
f 1774 1773 1769
f 1771 1772 1776
f 1776 1775 1771
f 1772 1769 1773
f 1773 1776 1772
f 1770 1771 1775
f 1775 1774 1770
f 1777 1780 1779
f 1779 1778 1777
f 1781 1782 1783
f 1783 1784 1781
f 1777 1778 1782
f 1782 1781 1777
f 1779 1780 1784
f 1784 1783 1779
f 1780 1777 1781
f 1781 1784 1780
f 1778 1779 1783
f 1783 1782 1778
f 1821 1824 1823
f 1823 1822 1821
f 1825 1826 1827
f 1827 1828 1825
f 1821 1822 1826
f 1826 1825 1821
f 1823 1824 1828
f 1828 1827 1823
f 1824 1821 1825
f 1825 1828 1824
f 1822 1823 1827
f 1827 1826 1822
f 1829 1832 1831
f 1831 1830 1829
f 1833 1834 1835
f 1835 1836 1833
f 1829 1830 1834
f 1834 1833 1829
f 1831 1832 1836
f 1836 1835 1831
f 1832 1829 1833
f 1833 1836 1832
f 1830 1831 1835
f 1835 1834 1830
f 1849 1852 1851
f 1851 1850 1849
f 1853 1854 1855
f 1855 1856 1853
f 1849 1850 1854
f 1854 1853 1849
f 1851 1852 1856
f 1856 1855 1851
f 1852 1849 1853
f 1853 1856 1852
f 1850 1851 1855
f 1855 1854 1850
f 1857 1860 1859
f 1859 1858 1857
f 1861 1862 1863
f 1863 1864 1861
f 1857 1858 1862
f 1862 1861 1857
f 1859 1860 1864
f 1864 1863 1859
f 1860 1857 1861
f 1861 1864 1860
f 1858 1859 1863
f 1863 1862 1858
f 1889 1892 1891
f 1891 1890 1889
f 1893 1894 1895
f 1895 1896 1893
f 1889 1890 1894
f 1894 1893 1889
f 1891 1892 1896
f 1896 1895 1891
f 1892 1889 1893
f 1893 1896 1892
f 1890 1891 1895
f 1895 1894 1890
f 1897 1900 1899
f 1899 1898 1897
f 1901 1902 1903
f 1903 1904 1901
f 1897 1898 1902
f 1902 1901 1897
f 1899 1900 1904
f 1904 1903 1899
f 1900 1897 1901
f 1901 1904 1900
f 1898 1899 1903
f 1903 1902 1898
f 1929 1932 1931
f 1931 1930 1929
f 1933 1934 1935
f 1935 1936 1933
f 1929 1930 1934
f 1934 1933 1929
f 1931 1932 1936
f 1936 1935 1931
f 1932 1929 1933
f 1933 1936 1932
f 1930 1931 1935
f 1935 1934 1930
f 1937 1940 1939
f 1939 1938 1937
f 1941 1942 1943
f 1943 1944 1941
f 1937 1938 1942
f 1942 1941 1937
f 1939 1940 1944
f 1944 1943 1939
f 1940 1937 1941
f 1941 1944 1940
f 1938 1939 1943
f 1943 1942 1938
f 1957 1960 1959
f 1959 1958 1957
f 1961 1962 1963
f 1963 1964 1961
f 1957 1958 1962
f 1962 1961 1957
f 1959 1960 1964
f 1964 1963 1959
f 1960 1957 1961
f 1961 1964 1960
f 1958 1959 1963
f 1963 1962 1958
f 1965 1968 1967
f 1967 1966 1965
f 1969 1970 1971
f 1971 1972 1969
f 1965 1966 1970
f 1970 1969 1965
f 1967 1968 1972
f 1972 1971 1967
f 1968 1965 1969
f 1969 1972 1968
f 1966 1967 1971
f 1971 1970 1966
f 1997 2000 1999
f 1999 1998 1997
f 2001 2002 2003
f 2003 2004 2001
f 1997 1998 2002
f 2002 2001 1997
f 1999 2000 2004
f 2004 2003 1999
f 2000 1997 2001
f 2001 2004 2000
f 1998 1999 2003
f 2003 2002 1998
f 2005 2008 2007
f 2007 2006 2005
f 2009 2010 2011
f 2011 2012 2009
f 2005 2006 2010
f 2010 2009 2005
f 2007 2008 2012
f 2012 2011 2007
f 2008 2005 2009
f 2009 2012 2008
f 2006 2007 2011
f 2011 2010 2006
f 2025 2028 2027
f 2027 2026 2025
f 2029 2030 2031
f 2031 2032 2029
f 2025 2026 2030
f 2030 2029 2025
f 2027 2028 2032
f 2032 2031 2027
f 2028 2025 2029
f 2029 2032 2028
f 2026 2027 2031
f 2031 2030 2026
f 2033 2036 2035
f 2035 2034 2033
f 2037 2038 2039
f 2039 2040 2037
f 2033 2034 2038
f 2038 2037 2033
f 2035 2036 2040
f 2040 2039 2035
f 2036 2033 2037
f 2037 2040 2036
f 2034 2035 2039
f 2039 2038 2034
f 2053 2056 2055
f 2055 2054 2053
f 2057 2058 2059
f 2059 2060 2057
f 2053 2054 2058
f 2058 2057 2053
f 2055 2056 2060
f 2060 2059 2055
f 2056 2053 2057
f 2057 2060 2056
f 2054 2055 2059
f 2059 2058 2054
f 2061 2064 2063
f 2063 2062 2061
f 2065 2066 2067
f 2067 2068 2065
f 2061 2062 2066
f 2066 2065 2061
f 2063 2064 2068
f 2068 2067 2063
f 2064 2061 2065
f 2065 2068 2064
f 2062 2063 2067
f 2067 2066 2062
f 2081 2084 2083
f 2083 2082 2081
f 2085 2086 2087
f 2087 2088 2085
f 2081 2082 2086
f 2086 2085 2081
f 2083 2084 2088
f 2088 2087 2083
f 2084 2081 2085
f 2085 2088 2084
f 2082 2083 2087
f 2087 2086 2082
f 2089 2092 2091
f 2091 2090 2089
f 2093 2094 2095
f 2095 2096 2093
f 2089 2090 2094
f 2094 2093 2089
f 2091 2092 2096
f 2096 2095 2091
f 2092 2089 2093
f 2093 2096 2092
f 2090 2091 2095
f 2095 2094 2090
f 2121 2124 2123
f 2123 2122 2121
f 2125 2126 2127
f 2127 2128 2125
f 2121 2122 2126
f 2126 2125 2121
f 2123 2124 2128
f 2128 2127 2123
f 2124 2121 2125
f 2125 2128 2124
f 2122 2123 2127
f 2127 2126 2122
f 2129 2132 2131
f 2131 2130 2129
f 2133 2134 2135
f 2135 2136 2133
f 2129 2130 2134
f 2134 2133 2129
f 2131 2132 2136
f 2136 2135 2131
f 2132 2129 2133
f 2133 2136 2132
f 2130 2131 2135
f 2135 2134 2130
f 2161 2164 2163
f 2163 2162 2161
f 2165 2166 2167
f 2167 2168 2165
f 2161 2162 2166
f 2166 2165 2161
f 2163 2164 2168
f 2168 2167 2163
f 2164 2161 2165
f 2165 2168 2164
f 2162 2163 2167
f 2167 2166 2162
f 2169 2172 2171
f 2171 2170 2169
f 2173 2174 2175
f 2175 2176 2173
f 2169 2170 2174
f 2174 2173 2169
f 2171 2172 2176
f 2176 2175 2171
f 2172 2169 2173
f 2173 2176 2172
f 2170 2171 2175
f 2175 2174 2170
f 2189 2192 2191
f 2191 2190 2189
f 2193 2194 2195
f 2195 2196 2193
f 2189 2190 2194
f 2194 2193 2189
f 2191 2192 2196
f 2196 2195 2191
f 2192 2189 2193
f 2193 2196 2192
f 2190 2191 2195
f 2195 2194 2190
f 2197 2200 2199
f 2199 2198 2197
f 2201 2202 2203
f 2203 2204 2201
f 2197 2198 2202
f 2202 2201 2197
f 2199 2200 2204
f 2204 2203 2199
f 2200 2197 2201
f 2201 2204 2200
f 2198 2199 2203
f 2203 2202 2198
f 2217 2220 2219
f 2219 2218 2217
f 2221 2222 2223
f 2223 2224 2221
f 2217 2218 2222
f 2222 2221 2217
f 2219 2220 2224
f 2224 2223 2219
f 2220 2217 2221
f 2221 2224 2220
f 2218 2219 2223
f 2223 2222 2218
f 2225 2228 2227
f 2227 2226 2225
f 2229 2230 2231
f 2231 2232 2229
f 2225 2226 2230
f 2230 2229 2225
f 2227 2228 2232
f 2232 2231 2227
f 2228 2225 2229
f 2229 2232 2228
f 2226 2227 2231
f 2231 2230 2226
f 2245 2248 2247
f 2247 2246 2245
f 2249 2250 2251
f 2251 2252 2249
f 2245 2246 2250
f 2250 2249 2245
f 2247 2248 2252
f 2252 2251 2247
f 2248 2245 2249
f 2249 2252 2248
f 2246 2247 2251
f 2251 2250 2246
f 2253 2256 2255
f 2255 2254 2253
f 2257 2258 2259
f 2259 2260 2257
f 2253 2254 2258
f 2258 2257 2253
f 2255 2256 2260
f 2260 2259 2255
f 2256 2253 2257
f 2257 2260 2256
f 2254 2255 2259
f 2259 2258 2254
f 2273 2276 2275
f 2275 2274 2273
f 2277 2278 2279
f 2279 2280 2277
f 2273 2274 2278
f 2278 2277 2273
f 2275 2276 2280
f 2280 2279 2275
f 2276 2273 2277
f 2277 2280 2276
f 2274 2275 2279
f 2279 2278 2274
f 2281 2284 2283
f 2283 2282 2281
f 2285 2286 2287
f 2287 2288 2285
f 2281 2282 2286
f 2286 2285 2281
f 2283 2284 2288
f 2288 2287 2283
f 2284 2281 2285
f 2285 2288 2284
f 2282 2283 2287
f 2287 2286 2282
f 2301 2304 2303
f 2303 2302 2301
f 2305 2306 2307
f 2307 2308 2305
f 2301 2302 2306
f 2306 2305 2301
f 2303 2304 2308
f 2308 2307 2303
f 2304 2301 2305
f 2305 2308 2304
f 2302 2303 2307
f 2307 2306 2302
f 2309 2312 2311
f 2311 2310 2309
f 2313 2314 2315
f 2315 2316 2313
f 2309 2310 2314
f 2314 2313 2309
f 2311 2312 2316
f 2316 2315 2311
f 2312 2309 2313
f 2313 2316 2312
f 2310 2311 2315
f 2315 2314 2310
f 2329 2332 2331
f 2331 2330 2329
f 2333 2334 2335
f 2335 2336 2333
f 2329 2330 2334
f 2334 2333 2329
f 2331 2332 2336
f 2336 2335 2331
f 2332 2329 2333
f 2333 2336 2332
f 2330 2331 2335
f 2335 2334 2330
f 2337 2340 2339
f 2339 2338 2337
f 2341 2342 2343
f 2343 2344 2341
f 2337 2338 2342
f 2342 2341 2337
f 2339 2340 2344
f 2344 2343 2339
f 2340 2337 2341
f 2341 2344 2340
f 2338 2339 2343
f 2343 2342 2338
f 2369 2372 2371
f 2371 2370 2369
f 2373 2374 2375
f 2375 2376 2373
f 2369 2370 2374
f 2374 2373 2369
f 2371 2372 2376
f 2376 2375 2371
f 2372 2369 2373
f 2373 2376 2372
f 2370 2371 2375
f 2375 2374 2370
f 2377 2380 2379
f 2379 2378 2377
f 2381 2382 2383
f 2383 2384 2381
f 2377 2378 2382
f 2382 2381 2377
f 2379 2380 2384
f 2384 2383 2379
f 2380 2377 2381
f 2381 2384 2380
f 2378 2379 2383
f 2383 2382 2378
f 2409 2412 2411
f 2411 2410 2409
f 2413 2414 2415
f 2415 2416 2413
f 2409 2410 2414
f 2414 2413 2409
f 2411 2412 2416
f 2416 2415 2411
f 2412 2409 2413
f 2413 2416 2412
f 2410 2411 2415
f 2415 2414 2410
f 2417 2420 2419
f 2419 2418 2417
f 2421 2422 2423
f 2423 2424 2421
f 2417 2418 2422
f 2422 2421 2417
f 2419 2420 2424
f 2424 2423 2419
f 2420 2417 2421
f 2421 2424 2420
f 2418 2419 2423
f 2423 2422 2418
f 2437 2440 2439
f 2439 2438 2437
f 2441 2442 2443
f 2443 2444 2441
f 2437 2438 2442
f 2442 2441 2437
f 2439 2440 2444
f 2444 2443 2439
f 2440 2437 2441
f 2441 2444 2440
f 2438 2439 2443
f 2443 2442 2438
f 2445 2448 2447
f 2447 2446 2445
f 2449 2450 2451
f 2451 2452 2449
f 2445 2446 2450
f 2450 2449 2445
f 2447 2448 2452
f 2452 2451 2447
f 2448 2445 2449
f 2449 2452 2448
f 2446 2447 2451
f 2451 2450 2446
f 2465 2468 2467
f 2467 2466 2465
f 2469 2470 2471
f 2471 2472 2469
f 2465 2466 2470
f 2470 2469 2465
f 2467 2468 2472
f 2472 2471 2467
f 2468 2465 2469
f 2469 2472 2468
f 2466 2467 2471
f 2471 2470 2466
f 2473 2476 2475
f 2475 2474 2473
f 2477 2478 2479
f 2479 2480 2477
f 2473 2474 2478
f 2478 2477 2473
f 2475 2476 2480
f 2480 2479 2475
f 2476 2473 2477
f 2477 2480 2476
f 2474 2475 2479
f 2479 2478 2474
f 2493 2496 2495
f 2495 2494 2493
f 2497 2498 2499
f 2499 2500 2497
f 2493 2494 2498
f 2498 2497 2493
f 2495 2496 2500
f 2500 2499 2495
f 2496 2493 2497
f 2497 2500 2496
f 2494 2495 2499
f 2499 2498 2494
f 2501 2504 2503
f 2503 2502 2501
f 2505 2506 2507
f 2507 2508 2505
f 2501 2502 2506
f 2506 2505 2501
f 2503 2504 2508
f 2508 2507 2503
f 2504 2501 2505
f 2505 2508 2504
f 2502 2503 2507
f 2507 2506 2502
f 2533 2536 2535
f 2535 2534 2533
f 2537 2538 2539
f 2539 2540 2537
f 2533 2534 2538
f 2538 2537 2533
f 2535 2536 2540
f 2540 2539 2535
f 2536 2533 2537
f 2537 2540 2536
f 2534 2535 2539
f 2539 2538 2534
f 2541 2544 2543
f 2543 2542 2541
f 2545 2546 2547
f 2547 2548 2545
f 2541 2542 2546
f 2546 2545 2541
f 2543 2544 2548
f 2548 2547 2543
f 2544 2541 2545
f 2545 2548 2544
f 2542 2543 2547
f 2547 2546 2542
f 2561 2564 2563
f 2563 2562 2561
f 2565 2566 2567
f 2567 2568 2565
f 2561 2562 2566
f 2566 2565 2561
f 2563 2564 2568
f 2568 2567 2563
f 2564 2561 2565
f 2565 2568 2564
f 2562 2563 2567
f 2567 2566 2562
f 2569 2572 2571
f 2571 2570 2569
f 2573 2574 2575
f 2575 2576 2573
f 2569 2570 2574
f 2574 2573 2569
f 2571 2572 2576
f 2576 2575 2571
f 2572 2569 2573
f 2573 2576 2572
f 2570 2571 2575
f 2575 2574 2570
f 2589 2592 2591
f 2591 2590 2589
f 2593 2594 2595
f 2595 2596 2593
f 2589 2590 2594
f 2594 2593 2589
f 2591 2592 2596
f 2596 2595 2591
f 2592 2589 2593
f 2593 2596 2592
f 2590 2591 2595
f 2595 2594 2590
f 2597 2600 2599
f 2599 2598 2597
f 2601 2602 2603
f 2603 2604 2601
f 2597 2598 2602
f 2602 2601 2597
f 2599 2600 2604
f 2604 2603 2599
f 2600 2597 2601
f 2601 2604 2600
f 2598 2599 2603
f 2603 2602 2598
f 2617 2620 2619
f 2619 2618 2617
f 2621 2622 2623
f 2623 2624 2621
f 2617 2618 2622
f 2622 2621 2617
f 2619 2620 2624
f 2624 2623 2619
f 2620 2617 2621
f 2621 2624 2620
f 2618 2619 2623
f 2623 2622 2618
f 2625 2628 2627
f 2627 2626 2625
f 2629 2630 2631
f 2631 2632 2629
f 2625 2626 2630
f 2630 2629 2625
f 2627 2628 2632
f 2632 2631 2627
f 2628 2625 2629
f 2629 2632 2628
f 2626 2627 2631
f 2631 2630 2626
f 2645 2648 2647
f 2647 2646 2645
f 2649 2650 2651
f 2651 2652 2649
f 2645 2646 2650
f 2650 2649 2645
f 2647 2648 2652
f 2652 2651 2647
f 2648 2645 2649
f 2649 2652 2648
f 2646 2647 2651
f 2651 2650 2646
f 2653 2656 2655
f 2655 2654 2653
f 2657 2658 2659
f 2659 2660 2657
f 2653 2654 2658
f 2658 2657 2653
f 2655 2656 2660
f 2660 2659 2655
f 2656 2653 2657
f 2657 2660 2656
f 2654 2655 2659
f 2659 2658 2654
f 2673 2676 2675
f 2675 2674 2673
f 2677 2678 2679
f 2679 2680 2677
f 2673 2674 2678
f 2678 2677 2673
f 2675 2676 2680
f 2680 2679 2675
f 2676 2673 2677
f 2677 2680 2676
f 2674 2675 2679
f 2679 2678 2674
f 2681 2684 2683
f 2683 2682 2681
f 2685 2686 2687
f 2687 2688 2685
f 2681 2682 2686
f 2686 2685 2681
f 2683 2684 2688
f 2688 2687 2683
f 2684 2681 2685
f 2685 2688 2684
f 2682 2683 2687
f 2687 2686 2682
f 2701 2704 2703
f 2703 2702 2701
f 2705 2706 2707
f 2707 2708 2705
f 2701 2702 2706
f 2706 2705 2701
f 2703 2704 2708
f 2708 2707 2703
f 2704 2701 2705
f 2705 2708 2704
f 2702 2703 2707
f 2707 2706 2702
f 2709 2712 2711
f 2711 2710 2709
f 2713 2714 2715
f 2715 2716 2713
f 2709 2710 2714
f 2714 2713 2709
f 2711 2712 2716
f 2716 2715 2711
f 2712 2709 2713
f 2713 2716 2712
f 2710 2711 2715
f 2715 2714 2710
f 2729 2732 2731
f 2731 2730 2729
f 2733 2734 2735
f 2735 2736 2733
f 2729 2730 2734
f 2734 2733 2729
f 2731 2732 2736
f 2736 2735 2731
f 2732 2729 2733
f 2733 2736 2732
f 2730 2731 2735
f 2735 2734 2730
f 2737 2740 2739
f 2739 2738 2737
f 2741 2742 2743
f 2743 2744 2741
f 2737 2738 2742
f 2742 2741 2737
f 2739 2740 2744
f 2744 2743 2739
f 2740 2737 2741
f 2741 2744 2740
f 2738 2739 2743
f 2743 2742 2738
f 2757 2760 2759
f 2759 2758 2757
f 2761 2762 2763
f 2763 2764 2761
f 2757 2758 2762
f 2762 2761 2757
f 2759 2760 2764
f 2764 2763 2759
f 2760 2757 2761
f 2761 2764 2760
f 2758 2759 2763
f 2763 2762 2758
f 2765 2768 2767
f 2767 2766 2765
f 2769 2770 2771
f 2771 2772 2769
f 2765 2766 2770
f 2770 2769 2765
f 2767 2768 2772
f 2772 2771 2767
f 2768 2765 2769
f 2769 2772 2768
f 2766 2767 2771
f 2771 2770 2766
f 2809 2812 2811
f 2811 2810 2809
f 2813 2814 2815
f 2815 2816 2813
f 2809 2810 2814
f 2814 2813 2809
f 2811 2812 2816
f 2816 2815 2811
f 2812 2809 2813
f 2813 2816 2812
f 2810 2811 2815
f 2815 2814 2810
f 2817 2820 2819
f 2819 2818 2817
f 2821 2822 2823
f 2823 2824 2821
f 2817 2818 2822
f 2822 2821 2817
f 2819 2820 2824
f 2824 2823 2819
f 2820 2817 2821
f 2821 2824 2820
f 2818 2819 2823
f 2823 2822 2818
f 2849 2852 2851
f 2851 2850 2849
f 2853 2854 2855
f 2855 2856 2853
f 2849 2850 2854
f 2854 2853 2849
f 2851 2852 2856
f 2856 2855 2851
f 2852 2849 2853
f 2853 2856 2852
f 2850 2851 2855
f 2855 2854 2850
f 2857 2860 2859
f 2859 2858 2857
f 2861 2862 2863
f 2863 2864 2861
f 2857 2858 2862
f 2862 2861 2857
f 2859 2860 2864
f 2864 2863 2859
f 2860 2857 2861
f 2861 2864 2860
f 2858 2859 2863
f 2863 2862 2858
f 2889 2892 2891
f 2891 2890 2889
f 2893 2894 2895
f 2895 2896 2893
f 2889 2890 2894
f 2894 2893 2889
f 2891 2892 2896
f 2896 2895 2891
f 2892 2889 2893
f 2893 2896 2892
f 2890 2891 2895
f 2895 2894 2890
f 2897 2900 2899
f 2899 2898 2897
f 2901 2902 2903
f 2903 2904 2901
f 2897 2898 2902
f 2902 2901 2897
f 2899 2900 2904
f 2904 2903 2899
f 2900 2897 2901
f 2901 2904 2900
f 2898 2899 2903
f 2903 2902 2898
f 2929 2932 2931
f 2931 2930 2929
f 2933 2934 2935
f 2935 2936 2933
f 2929 2930 2934
f 2934 2933 2929
f 2931 2932 2936
f 2936 2935 2931
f 2932 2929 2933
f 2933 2936 2932
f 2930 2931 2935
f 2935 2934 2930
f 2937 2940 2939
f 2939 2938 2937
f 2941 2942 2943
f 2943 2944 2941
f 2937 2938 2942
f 2942 2941 2937
f 2939 2940 2944
f 2944 2943 2939
f 2940 2937 2941
f 2941 2944 2940
f 2938 2939 2943
f 2943 2942 2938
f 2969 2972 2971
f 2971 2970 2969
f 2973 2974 2975
f 2975 2976 2973
f 2969 2970 2974
f 2974 2973 2969
f 2971 2972 2976
f 2976 2975 2971
f 2972 2969 2973
f 2973 2976 2972
f 2970 2971 2975
f 2975 2974 2970
f 2977 2980 2979
f 2979 2978 2977
f 2981 2982 2983
f 2983 2984 2981
f 2977 2978 2982
f 2982 2981 2977
f 2979 2980 2984
f 2984 2983 2979
f 2980 2977 2981
f 2981 2984 2980
f 2978 2979 2983
f 2983 2982 2978
f 3009 3012 3011
f 3011 3010 3009
f 3013 3014 3015
f 3015 3016 3013
f 3009 3010 3014
f 3014 3013 3009
f 3011 3012 3016
f 3016 3015 3011
f 3012 3009 3013
f 3013 3016 3012
f 3010 3011 3015
f 3015 3014 3010
f 3017 3020 3019
f 3019 3018 3017
f 3021 3022 3023
f 3023 3024 3021
f 3017 3018 3022
f 3022 3021 3017
f 3019 3020 3024
f 3024 3023 3019
f 3020 3017 3021
f 3021 3024 3020
f 3018 3019 3023
f 3023 3022 3018
f 3049 3052 3051
f 3051 3050 3049
f 3053 3054 3055
f 3055 3056 3053
f 3049 3050 3054
f 3054 3053 3049
f 3051 3052 3056
f 3056 3055 3051
f 3052 3049 3053
f 3053 3056 3052
f 3050 3051 3055
f 3055 3054 3050
f 3057 3060 3059
f 3059 3058 3057
f 3061 3062 3063
f 3063 3064 3061
f 3057 3058 3062
f 3062 3061 3057
f 3059 3060 3064
f 3064 3063 3059
f 3060 3057 3061
f 3061 3064 3060
f 3058 3059 3063
f 3063 3062 3058
f 3077 3080 3079
f 3079 3078 3077
f 3081 3082 3083
f 3083 3084 3081
f 3077 3078 3082
f 3082 3081 3077
f 3079 3080 3084
f 3084 3083 3079
f 3080 3077 3081
f 3081 3084 3080
f 3078 3079 3083
f 3083 3082 3078
f 3085 3088 3087
f 3087 3086 3085
f 3089 3090 3091
f 3091 3092 3089
f 3085 3086 3090
f 3090 3089 3085
f 3087 3088 3092
f 3092 3091 3087
f 3088 3085 3089
f 3089 3092 3088
f 3086 3087 3091
f 3091 3090 3086
