# Roads mesh for tecate_core_z14_x2885_y6622
v 4280.529 -93.652 -1771.765
v 4278.448 -93.606 -1779.489
v 4258.889 -92.488 -1774.218
v 4260.971 -92.451 -1766.494
f 1 2 3
f 3 4 1
v 4261.015 -92.454 -1766.506
v 4258.845 -92.486 -1774.206
v 4244.173 -91.609 -1770.071
v 4246.343 -91.542 -1762.371
f 5 6 7
f 7 8 5
v 4246.199 -91.533 -1762.333
v 4244.316 -91.617 -1770.109
v 4233.407 -91.061 -1767.466
v 4235.290 -90.875 -1759.691
f 9 10 11
f 11 12 9
v 4235.431 -90.878 -1759.728
v 4233.266 -91.058 -1767.430
v 4221.233 -90.778 -1764.048
v 4223.397 -90.589 -1756.346
f 13 14 15
f 15 16 13
v 4223.620 -90.592 -1756.416
v 4221.010 -90.772 -1763.978
v 4210.101 -90.486 -1760.213
v 4212.711 -90.447 -1752.651
f 17 18 19
f 19 20 17
v 4213.131 -90.452 -1752.823
v 4209.680 -90.474 -1760.041
v 4201.031 -90.224 -1755.906
v 4204.481 -90.351 -1748.688
f 21 22 23
f 23 24 21
v 4204.886 -90.355 -1748.911
v 4200.626 -90.219 -1755.682
v 4190.463 -90.343 -1749.288
v 4194.723 -90.261 -1742.517
f 25 26 27
f 27 28 25
v 4194.703 -90.262 -1742.505
v 4190.482 -90.342 -1749.300
v 4179.573 -90.792 -1742.523
v 4183.794 -90.710 -1735.728
f 29 30 31
f 31 32 29
v 4183.668 -90.715 -1735.653
v 4179.698 -90.787 -1742.598
v 4153.371 -91.849 -1727.551
v 4157.341 -91.964 -1720.606
f 33 34 35
f 35 36 33
v 4157.574 -91.950 -1720.749
v 4153.139 -91.868 -1727.408
v 4137.331 -93.433 -1716.879
v 4141.766 -93.374 -1710.220
f 37 38 39
f 39 40 37
v 4141.473 -93.401 -1710.043
v 4137.625 -93.405 -1717.056
v 4125.970 -94.452 -1710.662
v 4129.818 -94.420 -1703.649
f 41 42 43
f 43 44 41
v 4129.731 -94.427 -1703.602
v 4126.056 -94.444 -1710.709
v 4115.147 -95.349 -1705.068
v 4118.822 -95.304 -1697.961
f 45 46 47
f 47 48 45
v 4118.774 -95.307 -1697.937
v 4115.195 -95.345 -1705.092
v 4109.173 -95.865 -1702.080
v 4112.751 -95.773 -1694.925
f 49 50 51
f 51 52 49
v 4111.963 -95.837 -1694.630
v 4109.961 -95.794 -1702.375
v 4100.299 -96.623 -1699.878
v 4102.300 -96.643 -1692.133
f 53 54 55
f 55 56 53
v 4102.147 -96.655 -1692.096
v 4100.452 -96.610 -1699.915
v 4089.420 -97.512 -1697.524
v 4091.115 -97.502 -1689.705
f 57 58 59
f 59 60 57
v 4090.546 -97.543 -1689.624
v 4089.989 -97.466 -1697.605
v 4062.905 -99.496 -1695.716
v 4063.462 -99.357 -1687.735
f 61 62 63
f 63 64 61
v 4063.267 -99.369 -1687.726
v 4063.100 -99.483 -1695.724
v 4045.422 -100.676 -1695.355
v 4045.590 -100.410 -1687.356
f 65 66 67
f 67 68 65
v 4044.791 -100.459 -1687.420
v 4046.222 -100.620 -1695.291
v 4037.940 -101.220 -1696.797
v 4036.508 -101.012 -1688.926
f 69 70 71
f 71 72 69
v 4034.882 -101.141 -1689.619
v 4039.566 -101.092 -1696.104
v 4032.798 -101.690 -1700.992
v 4028.114 -101.758 -1694.507
f 73 74 75
f 75 76 73
v 4027.693 -101.790 -1694.857
v 4033.219 -101.650 -1700.642
v 4024.948 -102.338 -1708.542
v 4019.422 -102.371 -1702.757
f 77 78 79
f 79 80 77
v 4019.444 -102.369 -1702.736
v 4024.926 -102.340 -1708.563
v 4012.135 -103.324 -1720.598
v 4006.653 -103.350 -1714.771
f 81 82 83
f 83 84 81
v 4006.861 -103.334 -1714.588
v 4011.927 -103.341 -1720.781
v 3995.374 -104.425 -1734.322
v 3990.308 -104.621 -1728.129
f 85 86 87
f 87 88 85
v 3990.537 -104.608 -1727.956
v 3995.145 -104.438 -1734.495
v 3978.592 -104.816 -1746.160
v 3973.984 -104.718 -1739.621
f 89 90 91
f 91 92 89
v 3974.150 -104.718 -1739.510
v 3978.426 -104.816 -1746.271
v 3961.338 -104.763 -1757.078
v 3957.062 -104.692 -1750.316
f 93 94 95
f 95 96 93
v 3957.007 -104.692 -1750.352
v 3961.394 -104.765 -1757.042
v 3943.182 -104.007 -1768.985
v 3938.795 -103.918 -1762.295
f 97 98 99
f 99 100 97
v 3938.414 -103.883 -1762.578
v 3943.562 -104.042 -1768.701
v 3928.634 -102.658 -1781.252
v 3923.486 -102.495 -1775.128
f 101 102 103
f 103 104 101
v 3923.612 -102.506 -1775.027
v 3928.509 -102.647 -1781.353
v 3916.564 -101.496 -1790.600
v 3911.667 -101.465 -1784.275
f 105 106 107
f 107 108 105
v 3912.737 -101.551 -1783.683
v 3915.494 -101.395 -1791.193
v 3906.533 -100.653 -1794.482
v 3903.776 -100.800 -1786.972
f 109 110 111
f 111 112 109
v 3905.155 -100.958 -1786.727
v 3905.155 -100.535 -1794.727
v 3896.794 -99.686 -1794.727
v 3896.794 -100.056 -1786.727
f 113 114 115
f 115 116 113
v 3897.222 -100.102 -1786.750
v 3896.367 -99.644 -1794.704
v 3888.007 -98.830 -1793.806
v 3888.862 -99.217 -1785.852
f 117 118 119
f 119 120 117
v 3889.169 -99.250 -1785.897
v 3887.700 -98.800 -1793.761
v 3870.089 -97.082 -1790.471
v 3871.558 -97.386 -1782.607
f 121 122 123
f 123 124 121
v 3872.154 -97.449 -1782.767
v 3869.493 -97.024 -1790.311
v 3859.341 -95.921 -1786.731
v 3862.002 -96.325 -1779.187
f 125 126 127
f 127 128 125
v 3862.458 -96.383 -1779.380
v 3858.885 -95.864 -1786.538
v 3846.339 -94.281 -1780.276
v 3849.912 -94.770 -1773.118
f 129 130 131
f 131 132 129
v 3850.549 -94.853 -1773.515
v 3845.702 -94.199 -1779.879
v 3838.243 -93.219 -1774.199
v 3843.091 -93.865 -1767.834
f 133 134 135
f 135 136 133
v 3843.398 -93.906 -1768.094
v 3837.936 -93.178 -1773.939
v 3828.675 -91.898 -1765.286
v 3834.136 -92.623 -1759.441
f 137 138 139
f 139 140 137
v 3834.701 -92.704 -1760.096
v 3828.110 -91.817 -1764.631
v 3815.575 -90.125 -1746.413
v 3822.166 -90.980 -1741.878
f 141 142 143
f 143 144 141
v 3822.410 -91.010 -1742.281
v 3815.332 -90.095 -1746.010
v 3809.354 -89.377 -1734.662
v 3816.432 -90.286 -1730.933
f 145 146 147
f 147 148 145
v 3816.506 -90.295 -1731.081
v 3809.280 -89.368 -1734.514
v 3800.630 -88.573 -1716.310
v 3807.856 -89.515 -1712.877
f 149 150 151
f 151 152 149
v 3807.434 -89.480 -1712.181
v 3801.053 -88.605 -1717.006
v 3792.693 -87.943 -1705.948
v 3799.074 -88.801 -1701.123
f 153 154 155
f 155 156 153
v 3798.599 -88.763 -1700.599
v 3793.167 -87.981 -1706.472
v 3785.097 -87.326 -1699.008
v 3790.529 -88.162 -1693.135
f 157 158 159
f 159 160 157
v 3790.121 -88.136 -1692.805
v 3785.505 -87.359 -1699.339
v 3781.709 -87.044 -1696.657
v 3786.325 -87.891 -1690.123
f 161 162 163
f 163 164 161
v 3786.321 -87.891 -1690.120
v 3781.713 -87.044 -1696.660
v 3775.356 -86.809 -1692.181
v 3779.964 -87.569 -1685.642
f 165 166 167
f 167 168 165
v 3779.609 -87.557 -1685.418
v 3775.712 -86.822 -1692.405
v 3757.500 -86.186 -1682.246
v 3761.397 -86.967 -1675.259
f 169 170 171
f 171 172 169
v 3760.419 -86.930 -1674.872
v 3758.478 -86.227 -1682.633
v 3692.800 -84.615 -1666.212
v 3694.740 -85.353 -1658.451
f 173 174 175
f 175 176 173
v 3694.252 -85.351 -1658.361
v 3693.287 -84.615 -1666.302
v 3609.675 -84.199 -1656.143
v 3610.640 -84.229 -1648.202
f 177 178 179
f 179 180 177
v 3609.966 -84.216 -1648.177
v 3610.350 -84.205 -1656.168
v 3423.745 -79.528 -1665.125
v 3423.361 -79.026 -1657.134
f 181 182 183
f 183 184 181
v 3423.508 -79.034 -1657.130
v 3423.598 -79.519 -1665.129
v 3208.317 -71.932 -1667.533
v 3208.228 -72.530 -1659.534
f 185 186 187
f 187 188 185
v 3207.860 -72.536 -1659.555
v 3208.684 -71.925 -1667.512
v 3200.135 -72.157 -1668.398
v 3199.311 -72.721 -1660.440
f 189 190 191
f 191 192 189
v 3199.313 -72.720 -1660.440
v 3200.133 -72.157 -1668.398
v 3182.700 -72.956 -1670.194
v 3181.880 -73.353 -1662.237
f 193 194 195
f 195 196 193
v 3181.997 -73.349 -1662.226
v 3182.584 -72.962 -1670.205
v 3162.279 -73.983 -1671.697
v 3161.692 -74.199 -1663.719
f 197 198 199
f 199 200 197
v 3161.555 -74.207 -1663.732
v 3162.416 -73.976 -1671.685
v 3156.683 -74.347 -1672.306
v 3155.822 -74.527 -1664.352
f 201 202 203
f 203 204 201
v 3155.829 -74.527 -1664.352
v 3156.676 -74.348 -1672.307
v 3137.329 -75.675 -1674.368
v 3136.482 -75.680 -1666.413
f 205 206 207
f 207 208 205
v 3136.063 -75.706 -1666.480
v 3137.748 -75.645 -1674.300
v 3111.388 -77.656 -1679.981
v 3109.702 -77.504 -1672.160
f 209 210 211
f 211 212 209
v 3109.635 -77.509 -1672.176
v 3111.455 -77.651 -1679.966
v 3090.872 -79.396 -1684.774
v 3089.052 -79.111 -1676.984
f 213 214 215
f 215 216 213
v 3088.561 -79.153 -1677.133
v 3091.363 -79.351 -1684.626
v 3085.641 -79.915 -1686.766
v 3082.839 -79.682 -1679.273
f 217 218 219
f 219 220 217
v 3082.835 -79.682 -1679.274
v 3085.645 -79.914 -1686.765
v 3047.462 -83.129 -1701.085
v 3044.653 -82.871 -1693.595
f 221 222 223
f 223 224 221
v 3044.442 -82.891 -1693.681
v 3047.673 -83.112 -1700.999
v 2999.984 -85.473 -1722.057
v 2996.752 -85.179 -1714.739
f 225 226 227
f 227 228 225
v 2996.752 -85.179 -1714.739
v 2999.985 -85.473 -1722.057
v 2965.365 -84.876 -1737.355
v 2962.131 -84.732 -1730.037
f 229 230 231
f 231 232 229
v 2962.165 -84.733 -1730.022
v 2965.331 -84.875 -1737.369
v 2920.747 -82.534 -1756.578
v 2917.582 -82.330 -1749.231
f 233 234 235
f 235 236 233
v 2917.496 -82.325 -1749.269
v 2920.833 -82.539 -1756.540
v 2878.988 -80.159 -1775.748
v 2875.651 -79.871 -1768.478
f 237 238 239
f 239 240 237
v 2875.598 -79.868 -1768.503
v 2879.041 -80.161 -1775.723
v 2858.737 -79.628 -1785.407
v 2855.293 -79.390 -1778.186
f 241 242 243
f 243 244 241
v 2855.292 -79.390 -1778.186
v 2858.737 -79.628 -1785.407
v 2848.852 -79.582 -1790.123
v 2845.407 -79.239 -1782.903
f 245 246 247
f 247 248 245
v 2845.624 -79.242 -1782.807
v 2848.635 -79.582 -1790.219
v 2826.683 -79.873 -1799.136
v 2823.672 -79.474 -1791.724
f 249 250 251
f 251 252 249
v 2822.803 -79.524 -1792.211
v 2827.551 -79.822 -1798.649
v 2814.527 -80.755 -1808.254
v 2809.779 -80.448 -1801.815
f 253 254 255
f 255 256 253
v 2809.974 -80.434 -1801.680
v 2814.332 -80.769 -1808.389
v 2800.606 -81.732 -1817.306
v 2796.248 -81.385 -1810.597
f 257 258 259
f 259 260 257
v 2797.206 -81.328 -1810.143
v 2799.648 -81.801 -1817.761
v 2788.438 -82.522 -1821.354
v 2785.996 -82.036 -1813.736
f 261 262 263
f 263 264 261
v 2786.916 -81.965 -1813.556
v 2787.519 -82.595 -1821.534
v 2762.372 -84.287 -1823.436
v 2761.769 -83.681 -1815.459
f 265 266 267
f 267 268 265
v 2761.756 -83.682 -1815.460
v 2762.385 -84.286 -1823.435
v 2710.254 -88.531 -1827.544
v 2709.625 -88.248 -1819.568
f 269 270 271
f 271 272 269
v 2709.939 -88.220 -1819.556
v 2709.939 -88.557 -1827.556
v 2687.987 -90.504 -1827.556
v 2687.987 -90.387 -1819.556
f 273 274 275
f 275 276 273
v 2687.270 -90.459 -1819.621
v 2688.704 -90.439 -1827.491
v 2673.620 -91.783 -1830.239
v 2672.187 -91.950 -1822.369
f 277 278 279
f 279 280 277
v 2671.521 -92.013 -1822.550
v 2674.286 -91.726 -1830.057
v 2648.215 -93.537 -1839.662
v 2645.450 -94.010 -1832.155
f 281 282 283
f 283 284 281
v 2645.615 -94.000 -1832.098
v 2648.050 -93.547 -1839.718
v 2630.896 -94.426 -1845.201
v 2628.460 -95.018 -1837.581
f 285 286 287
f 287 288 285
v 2628.790 -94.999 -1837.491
v 2630.566 -94.441 -1845.291
v 2615.482 -95.009 -1848.726
v 2613.706 -95.646 -1840.925
f 289 290 291
f 291 292 289
v 2614.050 -95.632 -1840.863
v 2615.139 -95.021 -1848.788
v 2595.246 -95.690 -1851.523
v 2594.157 -96.440 -1843.597
f 293 294 295
f 295 296 293
v 2594.303 -96.434 -1843.580
v 2595.100 -95.695 -1851.540
v 2581.374 -96.127 -1852.914
v 2580.577 -96.934 -1844.954
f 297 298 299
f 299 300 297
v 2579.254 -96.940 -1845.324
v 2582.698 -96.125 -1852.545
v 2568.293 -95.851 -1859.414
v 2564.849 -96.694 -1852.193
f 301 302 303
f 303 304 301
v 2564.700 -96.690 -1852.269
v 2568.442 -95.855 -1859.339
v 2556.787 -95.561 -1865.509
v 2553.045 -96.400 -1858.438
f 305 306 307
f 307 308 305
v 2553.725 -96.409 -1858.155
v 2556.106 -95.551 -1865.792
v 2545.130 -95.514 -1869.214
v 2542.749 -96.377 -1861.576
f 309 310 311
f 311 312 309
v 2544.673 -96.332 -1861.463
v 2543.206 -95.557 -1869.327
v 2532.230 -96.055 -1867.279
v 2533.697 -96.788 -1859.415
f 313 314 315
f 315 316 313
v 2534.408 -96.754 -1859.617
v 2531.520 -96.093 -1867.078
v 2510.258 -97.309 -1858.847
v 2513.146 -97.876 -1851.387
f 317 318 319
f 319 320 317
v 2514.101 -97.817 -1851.917
v 2509.302 -97.371 -1858.317
v 2495.576 -98.292 -1848.026
v 2500.376 -98.738 -1841.625
f 321 322 323
f 323 324 321
v 2500.620 -98.726 -1841.824
v 2495.332 -98.305 -1847.827
v 2478.189 -98.898 -1832.727
v 2483.477 -99.293 -1826.724
f 325 326 327
f 327 328 325
v 2482.317 -99.296 -1826.011
v 2479.349 -98.890 -1833.440
v 2451.908 -98.403 -1822.475
v 2454.877 -98.639 -1815.046
f 329 330 331
f 331 332 329
v 2454.197 -98.605 -1814.842
v 2452.588 -98.431 -1822.679
v 2425.837 -97.128 -1817.183
v 2427.447 -97.095 -1809.347
f 333 334 335
f 335 336 333
v 2427.740 -97.113 -1809.418
v 2425.545 -97.112 -1817.111
v 2411.141 -96.293 -1813.003
v 2413.335 -96.191 -1805.310
f 337 338 339
f 339 340 337
v 2413.622 -96.210 -1805.403
v 2410.853 -96.276 -1812.909
v 2397.818 -95.443 -1808.100
v 2400.587 -95.312 -1800.595
f 341 342 343
f 343 344 341
v 2401.932 -95.421 -1801.424
v 2396.472 -95.338 -1807.271
v 2386.186 -94.321 -1797.667
v 2391.646 -94.398 -1791.819
f 345 346 347
f 347 348 345
v 2391.499 -94.383 -1791.689
v 2386.334 -94.337 -1797.798
v 2368.489 -92.741 -1782.711
v 2373.654 -92.772 -1776.602
f 349 350 351
f 351 352 349
v 2372.738 -92.722 -1776.020
v 2369.406 -92.791 -1783.293
v 2352.941 -91.950 -1775.749
v 2356.274 -91.864 -1768.476
f 353 354 355
f 355 356 353
v 2356.343 -91.868 -1768.509
v 2352.872 -91.946 -1775.717
v 2334.359 -91.008 -1766.799
v 2337.831 -90.838 -1759.592
f 357 358 359
f 359 360 357
v 2337.106 -90.799 -1759.325
v 2335.085 -91.011 -1767.066
v 2319.299 -91.013 -1762.944
v 2321.321 -90.797 -1755.204
f 361 362 363
f 363 364 361
v 2318.822 -90.819 -1755.361
v 2321.798 -90.986 -1762.787
v 2314.941 -91.133 -1765.535
v 2311.965 -90.925 -1758.109
f 365 366 367
f 367 368 365
v 2310.023 -90.994 -1759.764
v 2316.883 -91.064 -1763.879
v 2306.597 -91.686 -1781.027
v 2299.737 -91.612 -1776.912
f 369 370 371
f 371 372 369
v 2299.589 -91.621 -1777.180
v 2306.744 -91.677 -1780.759
v 2300.566 -92.321 -1793.111
v 2293.411 -92.179 -1789.532
f 373 374 375
f 375 376 373
v 2293.951 -92.102 -1788.719
v 2300.027 -92.377 -1793.924
v 2291.800 -93.133 -1803.528
v 2285.724 -93.047 -1798.324
f 377 378 379
f 379 380 377
v 2287.420 -92.910 -1797.158
v 2290.104 -93.267 -1804.694
v 2280.497 -93.804 -1808.116
v 2277.813 -93.485 -1800.579
f 381 382 383
f 383 384 381
v 2278.626 -93.443 -1800.383
v 2279.685 -93.842 -1808.312
v 2269.399 -94.256 -1809.686
v 2268.340 -93.906 -1801.757
f 385 386 387
f 387 388 385
v 2269.410 -93.866 -1801.758
v 2268.328 -94.291 -1809.685
v 2253.233 -94.707 -1807.624
v 2254.316 -94.353 -1799.697
f 389 390 391
f 391 392 389
v 2254.872 -94.336 -1799.814
v 2252.677 -94.730 -1807.507
v 2238.273 -95.345 -1803.398
v 2240.467 -95.014 -1795.705
f 393 394 395
f 395 396 393
v 2241.588 -94.960 -1796.224
v 2237.151 -95.393 -1802.880
v 2224.806 -95.950 -1794.650
v 2229.243 -95.559 -1787.993
f 397 398 399
f 399 400 397
v 2229.937 -95.522 -1788.580
v 2224.112 -95.985 -1794.063
v 2218.902 -96.263 -1788.528
v 2224.727 -95.824 -1783.045
f 401 402 403
f 403 404 401
v 2224.719 -95.825 -1783.036
v 2218.910 -96.262 -1788.537
v 2212.454 -96.685 -1781.720
v 2218.262 -96.253 -1776.219
f 405 406 407
f 407 408 405
v 2217.942 -96.275 -1775.916
v 2212.775 -96.663 -1782.023
v 2203.858 -97.275 -1774.480
v 2209.025 -96.917 -1768.372
f 409 410 411
f 411 412 409
v 2207.619 -97.019 -1767.603
v 2205.263 -97.176 -1775.249
v 2187.430 -98.462 -1769.753
v 2189.786 -98.357 -1762.108
f 413 414 415
f 415 416 413
v 2189.422 -98.385 -1762.014
v 2187.794 -98.435 -1769.847
v 2172.922 -99.547 -1766.755
v 2174.550 -99.545 -1758.923
f 417 418 419
f 419 420 417
v 2174.452 -99.552 -1758.904
v 2173.020 -99.539 -1766.774
v 2157.914 -100.270 -1764.027
v 2159.346 -100.363 -1756.156
f 421 422 423
f 423 424 421
v 2157.792 -100.429 -1756.180
v 2159.468 -100.208 -1764.002
v 2140.232 -100.877 -1768.124
v 2138.556 -101.148 -1760.302
f 425 426 427
f 427 428 425
v 2137.717 -101.175 -1760.581
v 2141.070 -100.851 -1767.845
v 2123.215 -100.977 -1776.088
v 2119.861 -101.143 -1768.825
f 429 430 431
f 431 432 429
v 2119.114 -101.118 -1769.275
v 2123.962 -101.002 -1775.638
v 2109.535 -100.443 -1786.630
v 2104.687 -100.563 -1780.266
f 433 434 435
f 435 436 433
v 2104.253 -100.544 -1780.649
v 2109.968 -100.462 -1786.247
v 2076.996 -97.031 -1819.908
v 2071.281 -97.116 -1814.310
f 437 438 439
f 439 440 437
v 2071.714 -97.168 -1813.927
v 2076.562 -96.970 -1820.291
v 2062.135 -95.178 -1831.282
v 2057.287 -95.440 -1824.919
f 441 442 443
f 443 444 441
v 2057.874 -95.505 -1824.548
v 2061.549 -95.115 -1831.654
v 2041.622 -93.161 -1841.958
v 2037.948 -93.405 -1834.852
f 445 446 447
f 447 448 445
v 2037.888 -93.399 -1834.883
v 2041.682 -93.168 -1841.927
v 2014.898 -90.670 -1856.353
v 2011.105 -90.798 -1849.310
f 449 450 451
f 451 452 449
v 2011.298 -90.814 -1849.212
v 2014.705 -90.655 -1856.451
v 1967.995 -88.365 -1878.434
v 1964.589 -88.148 -1871.195
f 453 454 455
f 455 456 453
v 1963.962 -88.132 -1871.563
v 1968.622 -88.377 -1878.066
v 1955.330 -88.275 -1887.591
v 1950.670 -87.974 -1881.088
f 457 458 459
f 459 460 457
v 1950.466 -87.974 -1881.244
v 1955.534 -88.274 -1887.435
v 1942.398 -88.508 -1898.188
v 1937.331 -88.176 -1891.998
f 461 462 463
f 463 464 461
v 1937.037 -88.186 -1892.264
v 1942.692 -88.498 -1897.923
v 1928.955 -89.199 -1911.649
v 1923.300 -88.930 -1905.990
f 465 466 467
f 467 468 465
v 1923.188 -88.939 -1906.107
v 1929.068 -89.193 -1911.532
v 1914.674 -90.008 -1927.134
v 1908.794 -89.663 -1921.709
f 469 470 471
f 471 472 469
v 1908.677 -89.670 -1921.842
v 1914.791 -90.001 -1927.001
v 1898.728 -90.918 -1946.038
v 1892.614 -90.760 -1940.879
f 473 474 475
f 475 476 473
v 1892.271 -90.777 -1941.350
v 1899.070 -90.902 -1945.567
v 1888.328 -91.557 -1962.887
v 1881.529 -91.453 -1958.670
f 477 478 479
f 479 480 477
v 1881.574 -91.450 -1958.599
v 1888.283 -91.560 -1962.957
v 1842.898 -88.480 -2032.830
v 1836.189 -88.277 -2028.473
f 481 482 483
f 483 484 481
v 1971.100 -88.422 191.281
v 1978.560 -89.168 188.391
v 1966.994 -87.678 158.527
v 1959.534 -86.758 161.416
f 485 486 487
f 487 488 485
v 1959.429 -86.740 161.110
v 1967.099 -87.693 158.833
v 1957.469 -86.175 126.393
v 1949.800 -85.116 128.669
f 489 490 491
f 491 492 489
v 1949.772 -85.112 128.568
v 1957.498 -86.179 126.493
v 1953.045 -85.566 109.916
v 1945.319 -84.502 111.991
f 493 494 495
f 495 496 493
v 1945.314 -84.501 111.974
v 1953.050 -85.566 109.933
v 1936.663 -84.840 47.839
v 1928.928 -83.969 49.880
f 497 498 499
f 499 500 497
v 1928.907 -83.970 49.797
v 1936.684 -84.838 47.922
v 1910.012 -90.381 -62.742
v 1902.235 -90.259 -60.867
f 501 502 503
f 503 504 501
v 2850.164 -87.244 -976.046
v 2847.012 -87.056 -968.693
v 3042.934 -81.810 -884.705
v 3046.086 -81.029 -892.058
f 505 506 507
f 507 508 505
v 3045.574 -81.038 -892.237
v 3043.446 -81.799 -884.525
v 3045.985 -81.726 -883.825
v 3048.112 -80.975 -891.537
f 509 510 511
f 511 512 509
v 3047.171 -81.009 -891.679
v 3046.926 -81.689 -883.683
v 3049.508 -81.561 -883.604
v 3049.754 -80.891 -891.600
f 513 514 515
f 515 516 513
v 3048.664 -80.953 -891.483
v 3050.598 -81.495 -883.720
v 3053.303 -81.300 -884.394
v 3051.369 -80.768 -892.157
f 517 518 519
f 519 520 517
v 2642.455 -95.562 -770.734
v 2647.336 -94.847 -764.395
v 2686.264 -90.175 -794.368
v 2681.384 -90.842 -800.707
f 521 522 523
f 523 524 521
v 2681.856 -90.775 -801.020
v 2685.792 -90.241 -794.055
v 2712.887 -86.406 -809.365
v 2708.951 -86.876 -816.330
f 525 526 527
f 527 528 525
v 2709.042 -86.865 -816.380
v 2712.796 -86.418 -809.315
v 2744.822 -82.624 -826.329
v 2741.069 -83.171 -833.394
f 529 530 531
f 531 532 529
v 2740.766 -83.205 -833.216
v 2745.125 -82.590 -826.508
v 2765.352 -81.113 -839.652
v 2760.993 -81.650 -846.360
f 533 534 535
f 535 536 533
v 2760.744 -81.659 -846.184
v 2765.601 -81.098 -839.827
v 2779.861 -80.524 -850.726
v 2775.004 -81.219 -857.082
f 537 538 539
f 539 540 537
v 3049.820 -80.906 -891.385
v 3054.852 -81.159 -885.166
v 3056.811 -80.933 -886.751
v 3051.779 -80.683 -892.970
f 541 542 543
f 543 544 541
v 3050.744 -80.835 -891.702
v 3057.846 -80.782 -888.019
v 3058.826 -80.587 -889.908
v 3051.724 -80.635 -893.591
f 545 546 547
f 547 548 545
v 3051.472 -80.695 -892.991
v 3059.077 -80.528 -890.509
v 3074.150 -76.161 -936.704
v 3066.545 -76.117 -939.185
f 549 550 551
f 551 552 549
v 3066.616 -76.098 -939.387
v 3074.078 -76.179 -936.503
v 3094.606 -72.893 -989.606
v 3087.144 -72.412 -992.491
f 553 554 555
f 555 556 553
v 3087.214 -72.406 -992.661
v 3094.536 -72.898 -989.437
v 3116.365 -73.054 -1039.014
v 3109.044 -72.545 -1042.238
f 557 558 559
f 559 560 557
v 3109.095 -72.548 -1042.351
v 3116.313 -73.051 -1038.901
v 3132.388 -74.440 -1072.534
v 3125.170 -73.849 -1075.983
f 561 562 563
f 563 564 561
v 3125.263 -73.858 -1076.166
v 3132.295 -74.431 -1072.351
v 3163.642 -76.028 -1130.132
v 3156.611 -75.720 -1133.947
f 565 566 567
f 567 568 565
v 3156.478 -75.721 -1133.679
v 3163.775 -76.025 -1130.399
v 3192.774 -72.967 -1194.918
v 3185.477 -73.101 -1198.198
f 569 570 571
f 571 572 569
v 3185.518 -73.095 -1198.287
v 3192.732 -72.974 -1194.829
v 3261.806 -69.352 -1338.926
v 3254.592 -69.538 -1342.384
f 573 574 575
f 575 576 573
v 3254.617 -69.543 -1342.436
v 3261.781 -69.347 -1338.874
v 3307.355 -77.693 -1430.528
v 3300.192 -78.069 -1434.090
f 577 578 579
f 579 580 577
v 3300.220 -78.073 -1434.145
v 3307.327 -77.690 -1430.472
v 3339.019 -79.076 -1491.796
v 3331.912 -79.658 -1495.469
f 581 582 583
f 583 584 581
v 3331.624 -79.670 -1494.744
v 3339.308 -79.062 -1492.520
v 3345.275 -78.808 -1513.128
v 3337.590 -79.412 -1515.353
f 585 586 587
f 587 588 585
v 3337.696 -79.401 -1515.667
v 3345.170 -78.817 -1512.814
v 3350.045 -78.345 -1525.589
v 3342.571 -78.908 -1528.441
f 589 590 591
f 591 592 589
v 2938.423 -80.117 -1150.337
v 2941.539 -80.257 -1157.705
v 2928.515 -81.023 -1163.214
v 2925.399 -80.988 -1155.846
f 593 594 595
f 595 596 593
v 2925.400 -80.988 -1155.845
v 2928.513 -81.023 -1163.214
v 2771.842 -82.060 -1229.397
v 2768.729 -82.777 -1222.028
f 597 598 599
f 599 600 597
v 3106.410 -78.828 -1237.036
v 3113.633 -78.063 -1233.597
v 3133.515 -76.374 -1275.354
v 3126.292 -77.224 -1278.794
f 601 602 603
f 603 604 601
v 3126.292 -77.224 -1278.794
v 3133.515 -76.374 -1275.354
v 3182.317 -73.842 -1377.840
v 3175.094 -74.215 -1381.279
f 605 606 607
f 607 608 605
v 3175.118 -74.216 -1381.329
v 3182.293 -73.840 -1377.791
v 3227.433 -80.326 -1469.326
v 3220.258 -80.245 -1472.864
f 609 610 611
f 611 612 609
v 3220.262 -80.245 -1472.870
v 3227.430 -80.326 -1469.319
v 3272.759 -80.931 -1560.829
v 3265.591 -80.742 -1564.380
f 613 614 615
f 615 616 613
v 3265.579 -80.743 -1564.356
v 3272.771 -80.930 -1560.852
v 3278.448 -80.270 -1572.504
v 3271.257 -80.014 -1576.008
f 617 618 619
f 619 620 617
v 3271.641 -79.959 -1576.641
v 3278.064 -80.306 -1571.871
v 3285.823 -79.475 -1582.321
v 3279.400 -79.071 -1587.090
f 621 622 623
f 623 624 621
v 3280.281 -78.998 -1587.957
v 3284.942 -79.548 -1581.454
v 3291.153 -79.049 -1585.906
v 3286.493 -78.618 -1592.409
f 625 626 627
f 627 628 625
v 3287.127 -78.575 -1592.780
v 3290.519 -79.094 -1585.535
v 3298.813 -78.599 -1589.419
v 3295.420 -78.113 -1596.664
f 629 630 631
f 631 632 629
v 3295.964 -78.088 -1596.872
v 3298.268 -78.627 -1589.211
v 3308.944 -78.175 -1592.421
v 3306.640 -77.690 -1600.082
f 633 634 635
f 635 636 633
v 3306.923 -77.681 -1600.156
v 3308.660 -78.186 -1592.347
v 3317.688 -77.884 -1594.355
v 3315.951 -77.427 -1602.164
f 637 638 639
f 639 640 637
v 3316.381 -77.417 -1602.236
v 3317.259 -77.897 -1594.284
v 3325.396 -77.697 -1595.182
v 3324.518 -77.263 -1603.134
f 641 642 643
f 643 644 641
v 3324.704 -77.260 -1603.150
v 3325.211 -77.701 -1595.166
v 3347.675 -77.046 -1596.593
v 3347.168 -76.798 -1604.577
f 645 646 647
f 647 648 645
v 3346.972 -76.802 -1604.559
v 3347.871 -77.040 -1596.610
v 3387.000 -76.116 -1601.036
v 3386.101 -76.238 -1608.985
f 649 650 651
f 651 652 649
v 3385.931 -76.239 -1608.962
v 3387.170 -76.114 -1601.059
v 3396.688 -75.977 -1602.552
v 3395.448 -76.204 -1610.455
f 653 654 655
f 655 656 653
v 3395.506 -76.204 -1610.464
v 3396.630 -75.978 -1602.543
v 3410.222 -75.838 -1604.472
v 3409.098 -76.212 -1612.392
f 657 658 659
f 659 660 657
v 3409.083 -76.212 -1612.390
v 3410.238 -75.838 -1604.474
v 3425.622 -75.984 -1606.720
v 3424.467 -76.472 -1614.636
f 661 662 663
f 663 664 661
v 3424.486 -76.473 -1614.639
v 3425.603 -75.984 -1606.717
v 3445.752 -76.276 -1609.557
v 3444.635 -76.927 -1617.479
f 665 666 667
f 667 668 665
v 3444.798 -76.931 -1617.498
v 3445.589 -76.273 -1609.538
v 3482.179 -77.432 -1613.171
v 3481.389 -78.218 -1621.131
f 669 670 671
f 671 672 669
v 3481.425 -78.219 -1621.135
v 3482.144 -77.430 -1613.167
v 3542.746 -80.472 -1618.636
v 3542.027 -81.079 -1626.604
f 673 674 675
f 675 676 673
v 3542.018 -81.079 -1626.603
v 3542.755 -80.473 -1618.637
v 3640.850 -85.726 -1627.713
v 3640.113 -85.360 -1635.679
f 677 678 679
f 679 680 677
v 3640.200 -85.363 -1635.686
v 3640.763 -85.722 -1627.706
v 3654.622 -86.327 -1628.683
v 3654.059 -85.825 -1636.664
f 681 682 683
f 683 684 681
v 3654.279 -85.833 -1636.673
v 3654.402 -86.317 -1628.674
v 3664.655 -86.776 -1628.833
v 3664.531 -86.211 -1636.832
f 685 686 687
f 687 688 685
v 3664.404 -86.206 -1636.828
v 3664.782 -86.781 -1628.836
v 3729.937 -89.336 -1631.915
v 3729.560 -88.512 -1639.906
f 689 690 691
f 691 692 689
v 3729.310 -88.503 -1639.886
v 3730.187 -89.345 -1631.934
v 3754.510 -90.100 -1634.616
v 3753.633 -89.321 -1642.568
f 693 694 695
f 695 696 693
v 3753.648 -89.322 -1642.569
v 3754.496 -90.100 -1634.614
v 3881.166 -95.845 -1648.116
v 3880.318 -96.194 -1656.071
f 697 698 699
f 699 700 697
v 3880.460 -96.203 -1656.083
v 3881.025 -95.837 -1648.103
v 3947.827 -99.021 -1652.833
v 3947.263 -99.829 -1660.813
f 701 702 703
f 703 704 701
v 3947.188 -99.828 -1660.807
v 3947.902 -99.023 -1652.839
v 3976.667 -99.756 -1655.415
v 3975.953 -100.523 -1663.383
f 705 706 707
f 707 708 705
v 3581.969 -80.735 -1008.406
v 3589.232 -81.720 -1005.052
v 3653.530 -87.346 -1144.259
v 3646.268 -86.683 -1147.614
f 709 710 711
f 711 712 709
v 3732.205 -94.519 -1111.963
v 3724.287 -94.220 -1110.821
v 3724.776 -94.473 -1107.426
v 3732.694 -94.774 -1108.568
f 713 714 715
f 715 716 713
v 3732.667 -94.862 -1107.262
v 3724.803 -94.386 -1108.732
v 3724.258 -94.557 -1105.812
v 3732.122 -95.036 -1104.343
f 717 718 719
f 719 720 717
v 3731.806 -95.087 -1103.368
v 3724.574 -94.507 -1106.787
v 3662.613 -89.316 -975.757
v 3669.846 -89.668 -972.337
f 721 722 723
f 723 724 721
v 3669.111 -89.549 -971.273
v 3663.348 -89.433 -976.822
v 3662.013 -89.252 -975.435
v 3667.775 -89.368 -969.886
f 725 726 727
f 727 728 725
v 3666.845 -89.258 -969.169
v 3662.942 -89.364 -976.152
v 3661.028 -89.157 -975.082
v 3664.930 -89.058 -968.099
f 729 730 731
f 731 732 729
v 3663.659 -88.941 -967.649
v 3662.299 -89.279 -975.532
v 3659.850 -89.068 -975.109
v 3661.210 -88.742 -967.226
f 733 734 735
f 735 736 733
v 3660.248 -88.671 -967.178
v 3660.811 -89.144 -975.158
v 3658.752 -88.994 -975.303
v 3658.189 -88.531 -967.323
f 737 738 739
f 739 740 737
v 3656.722 -88.429 -967.715
v 3660.219 -89.086 -974.911
v 3587.349 -81.403 -1010.326
v 3583.852 -81.069 -1003.131
f 741 742 743
f 743 744 741
v 3583.895 -81.075 -1003.111
v 3587.307 -81.398 -1010.347
v 3509.216 -72.883 -1047.163
v 3505.804 -72.735 -1039.927
f 745 746 747
f 747 748 745
v 3505.778 -72.733 -1039.940
v 3509.243 -72.885 -1047.150
v 3430.685 -73.137 -1084.905
v 3427.219 -73.135 -1077.694
f 749 750 751
f 751 752 749
v 3427.219 -73.135 -1077.694
v 3430.685 -73.137 -1084.904
v 3350.357 -77.183 -1123.518
v 3346.891 -77.548 -1116.307
f 753 754 755
f 755 756 753
v 3346.869 -77.549 -1116.318
v 3350.379 -77.183 -1123.507
v 3274.047 -75.327 -1160.786
v 3270.537 -76.042 -1153.597
f 757 758 759
f 759 760 757
v 3270.581 -76.045 -1153.576
v 3274.003 -75.325 -1160.807
v 3190.837 -72.741 -1200.173
v 3187.414 -73.300 -1192.942
f 761 762 763
f 763 764 761
v 3187.366 -73.301 -1192.965
v 3190.885 -72.740 -1200.150
v 3150.376 -74.654 -1219.992
v 3146.857 -74.979 -1212.807
f 765 766 767
f 767 768 765
v 3146.856 -74.979 -1212.808
v 3150.377 -74.654 -1219.991
v 3111.782 -78.386 -1238.908
v 3108.261 -78.484 -1231.725
f 769 770 771
f 771 772 769
v 3108.296 -78.481 -1231.708
v 3111.747 -78.390 -1238.925
v 2980.590 -85.277 -1301.634
v 2977.140 -85.254 -1294.417
f 773 774 775
f 775 776 773
v 2977.148 -85.254 -1294.413
v 2980.582 -85.276 -1301.638
v 2903.582 -81.622 -1338.231
v 2900.148 -81.435 -1331.005
f 777 778 779
f 779 780 777
v 2900.180 -81.436 -1330.990
v 2903.551 -81.621 -1338.246
v 2859.501 -81.402 -1358.709
v 2856.131 -81.042 -1351.453
f 781 782 783
f 783 784 781
v 2856.132 -81.042 -1351.453
v 2859.501 -81.402 -1358.709
v 2819.248 -83.555 -1377.402
v 2815.878 -82.996 -1370.146
f 785 786 787
f 787 788 785
v 2861.621 -81.167 -1353.847
v 2854.011 -81.294 -1356.315
v 2848.212 -80.278 -1338.428
v 2855.821 -80.245 -1335.960
f 789 790 791
f 791 792 789
v 2855.685 -80.225 -1335.599
v 2848.348 -80.300 -1338.789
v 2824.448 -78.355 -1283.807
v 2831.785 -78.223 -1280.618
f 793 794 795
f 795 796 793
v 2832.011 -78.233 -1281.300
v 2824.222 -78.357 -1283.125
v 2823.699 -78.358 -1280.893
v 2831.487 -78.214 -1279.068
f 797 798 799
f 799 800 797
v 2831.565 -78.217 -1280.451
v 2823.621 -78.355 -1279.510
v 2823.910 -78.341 -1277.066
v 2831.855 -78.217 -1278.007
f 801 802 803
f 803 804 801
v 2831.302 -78.219 -1279.612
v 2824.463 -78.326 -1275.461
v 2825.810 -78.295 -1273.242
v 2832.649 -78.241 -1277.392
f 805 806 807
f 807 808 805
v 2832.415 -78.234 -1277.737
v 2826.044 -78.289 -1272.898
v 2827.469 -78.258 -1271.022
v 2833.840 -78.275 -1275.861
f 809 810 811
f 811 812 809
v 2832.326 -78.229 -1277.075
v 2828.982 -78.227 -1269.807
v 2951.089 -82.747 -1213.624
v 2954.433 -83.134 -1220.892
f 813 814 815
f 815 816 813
v 3056.001 -71.771 -1461.489
v 3048.693 -71.513 -1464.742
v 2975.211 -85.180 -1299.652
v 2982.519 -85.412 -1296.399
f 817 818 819
f 819 820 817
v 2229.012 -98.476 -1109.951
v 2226.618 -98.381 -1102.318
v 2246.622 -100.474 -1096.043
v 2249.016 -100.446 -1103.676
f 821 822 823
f 823 824 821
v 2248.399 -100.384 -1103.817
v 2247.238 -100.540 -1095.902
v 2259.483 -101.645 -1094.105
v 2260.645 -101.383 -1102.021
f 825 826 827
f 827 828 825
v 2259.192 -101.291 -1101.967
v 2260.936 -101.743 -1094.159
v 2278.324 -102.741 -1098.043
v 2276.580 -102.211 -1105.851
f 829 830 831
f 831 832 829
v 1925.725 -83.457 -740.645
v 1933.677 -84.270 -739.769
v 1936.638 -83.488 -766.651
v 1928.686 -82.493 -767.527
f 833 834 835
f 835 836 833
v 1928.675 -82.496 -767.410
v 1936.649 -83.486 -766.768
v 1941.202 -83.285 -823.346
v 1933.228 -82.171 -823.987
f 837 838 839
f 839 840 837
v 1933.230 -82.165 -823.321
v 1941.200 -83.289 -824.012
v 1939.642 -83.209 -842.003
v 1931.672 -82.115 -841.313
f 841 842 843
f 843 844 841
v 1931.689 -82.116 -841.152
v 1939.625 -83.208 -842.164
v 1937.532 -83.361 -858.584
v 1929.596 -82.331 -857.572
f 845 846 847
f 847 848 845
v 1929.625 -82.329 -857.381
v 1937.503 -83.363 -858.775
v 1934.809 -83.486 -874.006
v 1926.931 -82.528 -872.612
f 849 850 851
f 851 852 849
v 1927.014 -82.524 -872.246
v 1934.726 -83.494 -874.372
v 1929.950 -83.836 -891.690
v 1922.238 -82.982 -889.564
f 853 854 855
f 855 856 853
v 1922.388 -82.968 -889.122
v 1929.800 -83.845 -892.132
v 1923.010 -84.230 -908.855
v 1915.598 -83.517 -905.846
f 857 858 859
f 859 860 857
v 1915.772 -83.500 -905.472
v 1922.835 -84.243 -909.229
v 1914.698 -84.871 -924.526
v 1907.635 -84.187 -920.769
f 861 862 863
f 863 864 861
v 1907.887 -84.168 -920.357
v 1914.446 -84.889 -924.938
v 1904.750 -85.521 -938.822
v 1898.191 -84.840 -934.241
f 865 866 867
f 867 868 865
v 1898.216 -84.838 -934.206
v 1904.725 -85.523 -938.857
v 1900.317 -85.861 -945.026
v 1893.808 -85.190 -940.375
f 869 870 871
f 871 872 869
v 1893.944 -85.180 -940.195
v 1900.180 -85.871 -945.206
v 1891.520 -86.529 -955.985
v 1885.283 -85.856 -950.974
f 873 874 875
f 875 876 873
v 1885.428 -85.845 -950.805
v 1891.376 -86.540 -956.154
v 1887.491 -86.833 -960.474
v 1881.542 -86.141 -955.124
f 877 878 879
f 879 880 877
v 1881.801 -86.123 -954.862
v 1887.232 -86.851 -960.736
v 1877.458 -87.316 -969.772
v 1872.027 -86.558 -963.898
f 881 882 883
f 883 884 881
v 1872.324 -86.548 -963.649
v 1877.161 -87.323 -970.021
v 1865.361 -87.490 -978.977
v 1860.524 -86.739 -972.605
f 885 886 887
f 887 888 885
v 1860.938 -86.736 -972.330
v 1864.948 -87.493 -979.252
v 1849.352 -87.487 -988.288
v 1845.342 -86.730 -981.366
f 889 890 891
f 891 892 889
v 2776.448 -80.730 -850.027
v 2778.417 -81.019 -857.781
v 2609.490 -96.445 -900.686
v 2607.520 -97.092 -892.932
f 893 894 895
f 895 896 893
v 2607.520 -97.092 -892.932
v 2609.490 -96.445 -900.686
v 2562.714 -97.437 -912.575
v 2560.743 -98.283 -904.821
f 897 898 899
f 899 900 897
v 2560.705 -98.284 -904.831
v 2562.752 -97.437 -912.565
v 2428.924 -98.473 -947.994
v 2426.877 -98.370 -940.260
f 901 902 903
f 903 904 901
v 2426.620 -98.378 -940.337
v 2429.181 -98.462 -947.916
v 2327.980 -103.223 -982.117
v 2325.419 -102.551 -974.538
f 905 906 907
f 907 908 905
v 2325.438 -102.551 -974.532
v 2327.961 -103.223 -982.123
v 2197.918 -95.317 -1025.346
v 2195.395 -95.081 -1017.755
f 909 910 911
f 911 912 909
v 2195.349 -95.076 -1017.770
v 2197.964 -95.323 -1025.331
v 2136.326 -88.288 -1046.652
v 2133.711 -88.090 -1039.091
f 913 914 915
f 915 916 913
v 2133.711 -88.090 -1039.091
v 2136.327 -88.288 -1046.652
v 2068.555 -85.447 -1070.099
v 2065.940 -85.215 -1062.539
f 917 918 919
f 919 920 917
v 2065.696 -85.217 -1062.632
v 2068.799 -85.446 -1070.006
v 1973.543 -88.414 -1110.098
v 1970.440 -88.537 -1102.725
f 921 922 923
f 923 924 921
v 1969.773 -88.556 -1103.083
v 1974.209 -88.398 -1109.741
v 1952.201 -88.469 -1124.404
v 1947.766 -88.716 -1117.746
f 925 926 927
f 927 928 925
v 1947.377 -88.709 -1118.040
v 1952.590 -88.477 -1124.109
v 1942.838 -88.157 -1132.485
v 1937.626 -88.406 -1126.416
f 929 930 931
f 931 932 929
v 1923.398 -85.167 -711.023
v 1931.373 -85.697 -710.397
v 1933.689 -84.264 -739.894
v 1925.713 -83.463 -740.520
f 933 934 935
f 935 936 933
v 1919.118 -82.813 -741.821
v 1911.163 -82.133 -742.662
v 1908.235 -83.984 -714.961
v 1916.191 -84.520 -714.121
f 937 938 939
f 939 940 937
v 1916.186 -84.523 -714.076
v 1908.240 -83.980 -715.006
v 1904.065 -86.754 -679.327
v 1912.011 -87.084 -678.397
f 941 942 943
f 943 944 941
v 1912.018 -87.079 -678.458
v 1904.059 -86.758 -679.266
v 1898.048 -90.654 -620.061
v 1906.007 -90.670 -619.253
f 945 946 947
f 947 948 945
v 1906.025 -90.660 -619.522
v 1898.029 -90.665 -619.791
v 1897.540 -91.238 -605.208
v 1905.535 -91.195 -604.939
f 949 950 951
f 951 952 949
v 1905.537 -91.188 -605.115
v 1897.537 -91.245 -605.031
v 1897.649 -91.470 -594.385
v 1905.648 -91.401 -594.468
f 953 954 955
f 955 956 953
v 1905.647 -91.401 -594.545
v 1897.650 -91.470 -594.307
v 1898.107 -91.518 -578.971
v 1906.103 -91.445 -579.209
f 957 958 959
f 959 960 957
v 1906.063 -91.444 -579.667
v 1898.147 -91.519 -578.514
v 1899.972 -91.426 -565.978
v 1907.889 -91.396 -567.131
f 961 962 963
f 963 964 961
v 1907.765 -91.414 -567.695
v 1900.097 -91.407 -565.414
v 1905.073 -90.852 -548.690
v 1912.741 -90.892 -550.972
f 965 966 967
f 967 968 965
v 1912.500 -90.910 -551.589
v 1905.313 -90.833 -548.074
v 1916.724 -89.792 -524.746
v 1923.910 -89.982 -528.261
f 969 970 971
f 971 972 969
v 1923.690 -90.007 -528.653
v 1916.943 -89.773 -524.354
v 1928.810 -88.825 -505.729
v 1935.557 -89.004 -510.027
f 973 974 975
f 975 976 973
v 1935.202 -89.025 -510.503
v 1929.165 -88.797 -505.253
v 1937.080 -88.337 -496.152
v 1943.117 -88.606 -501.402
f 977 978 979
f 979 980 977
v 1942.907 -88.615 -501.625
v 1937.290 -88.328 -495.929
v 1950.013 -88.025 -483.380
v 1955.631 -88.310 -489.076
f 981 982 983
f 983 984 981
v 1955.141 -88.313 -489.487
v 1950.503 -88.023 -482.969
v 1962.403 -88.153 -474.501
v 1967.041 -88.391 -481.020
f 985 986 987
f 987 988 985
v 1966.682 -88.386 -481.248
v 1962.762 -88.161 -474.274
v 1976.911 -88.627 -466.321
v 1980.831 -88.756 -473.295
f 989 990 991
f 991 992 989
v 1980.368 -88.740 -473.518
v 1977.374 -88.648 -466.099
v 1989.285 -89.258 -461.291
v 1992.279 -89.245 -468.709
f 993 994 995
f 995 996 993
v 1991.862 -89.225 -468.852
v 1989.703 -89.282 -461.149
v 2000.779 -89.953 -458.044
v 2002.938 -89.785 -465.748
f 997 998 999
f 999 1000 997
v 2002.651 -89.770 -465.817
v 2001.066 -89.971 -457.975
v 2014.914 -90.838 -455.175
v 2016.499 -90.507 -463.016
f 1001 1002 1003
f 1003 1004 1001
v 2016.082 -90.485 -463.078
v 2015.331 -90.864 -455.113
v 2031.161 -91.822 -453.621
v 2031.912 -91.303 -461.585
f 1005 1006 1007
f 1007 1008 1005
v 2031.561 -91.286 -461.603
v 2031.511 -91.843 -453.603
v 2041.997 -92.432 -453.537
v 2042.048 -91.781 -461.537
f 1009 1010 1011
f 1011 1012 1009
v 2041.787 -91.769 -461.530
v 2042.258 -92.446 -453.544
v 2066.214 -93.431 -454.957
v 2065.743 -92.642 -462.943
f 1013 1014 1015
f 1015 1016 1013
v 2065.315 -92.629 -462.895
v 2066.642 -93.445 -455.006
v 2127.411 -94.657 -465.230
v 2126.084 -93.855 -473.119
f 1017 1018 1019
f 1019 1020 1017
v 2125.994 -93.853 -473.103
v 2127.501 -94.659 -465.246
v 2206.549 -96.738 -480.410
v 2205.042 -96.619 -488.267
f 1021 1022 1023
f 1023 1024 1021
v 2205.169 -96.626 -488.289
v 2206.423 -96.732 -480.388
v 2253.377 -98.992 -487.838
v 2252.123 -99.355 -495.739
f 1025 1026 1027
f 1027 1028 1025
v 2252.001 -99.347 -495.718
v 2253.499 -98.997 -487.860
v 2354.533 -102.325 -507.119
v 2353.035 -102.925 -514.977
f 1029 1030 1031
f 1031 1032 1029
v 2353.177 -102.924 -515.002
v 2354.391 -102.326 -507.095
v 2374.873 -102.097 -510.238
v 2373.660 -102.603 -518.146
f 1033 1034 1035
f 1035 1036 1033
v 2373.918 -102.598 -518.177
v 2374.615 -102.101 -510.207
v 2381.406 -101.843 -510.802
v 2380.708 -102.330 -518.771
f 1037 1038 1039
f 1039 1040 1037
v 2380.813 -102.324 -518.779
v 2381.302 -101.849 -510.794
v 2438.486 -98.359 -514.294
v 2437.998 -98.437 -522.280
f 1041 1042 1043
f 1043 1044 1041
v 2438.132 -98.426 -522.285
v 2438.352 -98.370 -514.289
v 2468.509 -96.075 -515.121
v 2468.288 -95.895 -523.118
f 1045 1046 1047
f 1047 1048 1045
v 2467.775 -95.938 -523.070
v 2469.022 -96.035 -515.168
v 2491.709 -94.173 -518.748
v 2490.462 -93.920 -526.650
f 1049 1050 1051
f 1051 1052 1049
v 2490.416 -93.924 -526.643
v 2491.755 -94.169 -518.755
v 2568.721 -89.433 -531.819
v 2567.382 -88.920 -539.707
f 1053 1054 1055
f 1055 1056 1053
v 2567.423 -88.918 -539.713
v 2568.680 -89.434 -531.813
v 2625.854 -89.217 -540.914
v 2624.596 -88.971 -548.815
f 1057 1058 1059
f 1059 1060 1057
v 2624.994 -88.978 -548.858
v 2625.456 -89.200 -540.871
v 2655.613 -90.540 -542.615
v 2655.151 -90.432 -550.601
f 1061 1062 1063
f 1063 1064 1061
v 2655.152 -90.432 -550.601
v 2655.611 -90.540 -542.615
v 2673.300 -91.376 -543.632
v 2672.841 -91.338 -551.619
f 1065 1066 1067
f 1067 1068 1065
v 2673.103 -91.352 -551.625
v 2673.037 -91.363 -543.625
v 2727.606 -93.644 -543.176
v 2727.672 -93.842 -551.176
f 1069 1070 1071
f 1071 1072 1069
v 2727.926 -93.850 -551.166
v 2727.352 -93.637 -543.186
v 2758.411 -94.015 -540.954
v 2758.984 -94.284 -548.933
f 1073 1074 1075
f 1075 1076 1073
v 2759.295 -94.279 -548.899
v 2758.100 -94.021 -540.989
v 2814.383 -91.447 -532.482
v 2815.578 -91.874 -540.392
f 1077 1078 1079
f 1079 1080 1077
v 2815.665 -91.868 -540.378
v 2814.296 -91.453 -532.496
v 2902.416 -82.537 -517.186
v 2903.786 -82.436 -525.068
f 1081 1082 1083
f 1083 1084 1081
v 2903.821 -82.432 -525.062
v 2902.381 -82.541 -517.192
v 2921.650 -80.592 -513.665
v 2923.091 -80.347 -521.535
f 1085 1086 1087
f 1087 1088 1085
v 2984.442 -74.957 -517.418
v 2985.889 -74.348 -525.286
v 2901.832 -82.766 -540.741
v 2900.385 -82.889 -532.873
f 1089 1090 1091
f 1091 1092 1089
v 2900.404 -82.887 -532.869
v 2901.812 -82.768 -540.744
v 2878.836 -85.769 -544.852
v 2877.428 -85.793 -536.977
f 1093 1094 1095
f 1095 1096 1093
v 2877.418 -85.794 -536.979
v 2878.846 -85.767 -544.851
v 2803.148 -93.373 -558.575
v 2801.721 -93.165 -550.704
f 1097 1098 1099
f 1099 1100 1097
v 2801.813 -93.159 -550.688
v 2803.057 -93.380 -558.591
v 2763.193 -94.791 -564.865
v 2761.949 -94.526 -556.963
f 1101 1102 1103
f 1103 1104 1101
v 2762.363 -94.520 -556.919
v 2762.780 -94.798 -564.908
v 2704.115 -93.277 -567.973
v 2703.697 -93.137 -559.984
f 1105 1106 1107
f 1107 1108 1105
v 2703.859 -93.146 -559.979
v 2703.953 -93.267 -567.978
v 2684.694 -92.054 -568.203
v 2684.601 -92.014 -560.203
f 1109 1110 1111
f 1111 1112 1109
v 2684.812 -92.027 -560.206
v 2684.483 -92.041 -568.200
v 2654.694 -90.229 -566.971
v 2655.023 -90.335 -558.978
f 1113 1114 1115
f 1115 1116 1113
v 2655.154 -90.342 -558.986
v 2654.563 -90.221 -566.964
v 2633.367 -89.031 -565.392
v 2633.959 -89.233 -557.414
f 1117 1118 1119
f 1119 1120 1117
v 2634.141 -89.243 -557.431
v 2633.185 -89.021 -565.374
v 2606.836 -88.206 -562.204
v 2607.792 -88.472 -554.261
f 1121 1122 1123
f 1123 1124 1121
v 2607.820 -88.473 -554.265
v 2606.808 -88.205 -562.200
v 2557.950 -88.528 -555.965
v 2558.962 -88.809 -548.030
f 1125 1126 1127
f 1127 1128 1125
v 2558.935 -88.810 -548.026
v 2557.977 -88.527 -555.969
v 2518.648 -90.772 -551.227
v 2519.606 -90.966 -543.284
f 1129 1130 1131
f 1131 1132 1129
v 2519.605 -90.966 -543.284
v 2518.648 -90.771 -551.227
v 2474.343 -94.816 -545.890
v 2475.300 -94.863 -537.947
f 1133 1134 1135
f 1135 1136 1133
v 2475.335 -94.859 -537.952
v 2474.309 -94.819 -545.886
v 2438.252 -98.500 -541.223
v 2439.278 -98.370 -533.289
f 1137 1138 1139
f 1139 1140 1137
v 2439.260 -98.372 -533.286
v 2438.271 -98.499 -541.225
v 2357.353 -103.901 -531.146
v 2358.341 -103.341 -523.208
f 1141 1142 1143
f 1143 1144 1141
v 2358.424 -103.340 -523.219
v 2357.270 -103.903 -531.135
v 2320.279 -103.881 -525.746
v 2321.432 -103.322 -517.829
f 1145 1146 1147
f 1147 1148 1145
v 2321.575 -103.326 -517.853
v 2320.136 -103.877 -525.722
v 2263.074 -100.946 -515.287
v 2264.513 -100.623 -507.417
f 1149 1150 1151
f 1151 1152 1149
v 2264.568 -100.626 -507.428
v 2263.019 -100.943 -515.276
v 2203.441 -96.401 -503.520
v 2204.989 -96.568 -495.671
f 1153 1154 1155
f 1155 1156 1153
v 2204.940 -96.565 -495.662
v 2203.490 -96.404 -503.529
v 2071.977 -91.279 -479.290
v 2073.427 -92.103 -471.423
f 1157 1158 1159
f 1159 1160 1157
v 2073.211 -92.099 -471.389
v 2072.194 -91.283 -479.324
v 2051.889 -90.852 -476.722
v 2052.906 -91.600 -468.787
f 1161 1162 1163
f 1163 1164 1161
v 2052.459 -91.586 -468.755
v 2052.335 -90.864 -476.754
v 2033.600 -90.307 -476.463
v 2033.724 -90.890 -468.464
f 1165 1166 1167
f 1167 1168 1165
v 2033.241 -90.869 -468.486
v 2034.084 -90.323 -476.441
v 2017.887 -89.742 -478.158
v 2017.044 -90.145 -470.203
f 1169 1170 1171
f 1171 1172 1169
v 2016.407 -90.115 -470.323
v 2018.523 -89.766 -478.038
v 1995.937 -88.979 -484.234
v 1993.821 -89.117 -476.518
f 1173 1174 1175
f 1175 1176 1173
v 1993.056 -89.088 -476.815
v 1996.701 -89.001 -483.937
v 1979.457 -88.633 -492.761
v 1975.813 -88.599 -485.639
f 1177 1178 1179
f 1179 1180 1177
v 1975.436 -88.592 -485.859
v 1979.835 -88.637 -492.541
v 1968.758 -88.623 -499.832
v 1964.360 -88.523 -493.150
f 1181 1182 1183
f 1183 1184 1181
v 1964.030 -88.524 -493.392
v 1969.088 -88.620 -499.590
v 1957.288 -88.827 -509.220
v 1952.230 -88.677 -503.022
f 1185 1186 1187
f 1187 1188 1185
v 1951.883 -88.687 -503.341
v 1957.635 -88.819 -508.901
v 1949.988 -89.067 -516.813
v 1944.235 -88.976 -511.254
f 1189 1190 1191
f 1191 1192 1189
v 1944.038 -88.985 -511.473
v 1950.185 -89.059 -516.594
v 1940.444 -89.586 -528.284
v 1934.298 -89.531 -523.163
f 1193 1194 1195
f 1195 1196 1193
v 1933.861 -89.565 -523.805
v 1940.881 -89.554 -527.643
v 1930.984 -90.413 -545.740
v 1923.965 -90.576 -541.902
f 1197 1198 1199
f 1199 1200 1197
v 1923.763 -90.594 -542.331
v 1931.187 -90.396 -545.311
v 1926.155 -90.884 -557.847
v 1918.731 -90.972 -554.867
f 1201 1202 1203
f 1203 1204 1201
v 1918.619 -90.981 -555.184
v 1926.267 -90.872 -557.529
v 1922.238 -91.325 -570.673
v 1914.589 -91.372 -568.328
f 1205 1206 1207
f 1207 1208 1205
v 1914.495 -91.383 -568.695
v 1922.331 -91.325 -570.305
v 1920.239 -91.316 -580.490
v 1912.402 -91.390 -578.879
f 1209 1210 1211
f 1211 1212 1209
v 1912.324 -91.389 -579.506
v 1920.317 -91.317 -579.863
v 1919.871 -91.292 -589.836
v 1911.879 -91.363 -589.479
f 1213 1214 1215
f 1215 1216 1213
v 1911.875 -91.362 -589.699
v 1919.875 -91.293 -589.617
v 1920.164 -90.684 -617.872
v 1912.165 -90.702 -617.954
f 1217 1218 1219
f 1219 1220 1217
v 1912.194 -90.686 -618.393
v 1920.136 -90.699 -617.433
v 1931.357 -85.707 -710.230
v 1923.415 -85.156 -711.190
f 1221 1222 1223
f 1223 1224 1221
v 2052.758 -87.408 -1449.999
v 2045.179 -87.150 -1452.560
v 1963.014 -86.860 -1209.384
v 1970.593 -87.669 -1206.823
f 1225 1226 1227
f 1227 1228 1225
v 1970.593 -87.669 -1206.823
v 1963.014 -86.860 -1209.384
v 1939.470 -87.807 -1139.700
v 1947.049 -88.017 -1137.139
f 1229 1230 1231
f 1231 1232 1229
v 1947.050 -88.017 -1137.140
v 1939.470 -87.807 -1139.699
v 1936.442 -88.196 -1130.729
v 1944.022 -88.337 -1128.171
f 1233 1234 1235
f 1235 1236 1233
v 1944.022 -88.337 -1128.170
v 1936.442 -88.196 -1130.730
v 1912.932 -91.058 -1061.126
v 1920.511 -91.060 -1058.566
f 1237 1238 1239
f 1239 1240 1237
v 1920.511 -91.060 -1058.565
v 1912.932 -91.058 -1061.127
v 1903.492 -91.054 -1033.201
v 1911.071 -90.984 -1030.639
f 1241 1242 1243
f 1243 1244 1241
v 3572.464 -83.471 -1181.275
v 3565.141 -83.475 -1184.496
v 3503.849 -72.551 -1045.156
v 3511.172 -73.065 -1041.935
f 1245 1246 1247
f 1247 1248 1245
v 3487.749 -83.226 -1202.596
v 3480.450 -83.197 -1205.870
v 3425.302 -73.318 -1082.937
v 3432.602 -72.946 -1079.662
f 1249 1250 1251
f 1251 1252 1249
v 3385.622 -76.622 -1392.833
v 3378.350 -76.383 -1396.168
v 3335.092 -71.633 -1301.833
v 3342.364 -72.412 -1298.498
f 1253 1254 1255
f 1255 1256 1253
v 3342.355 -72.411 -1298.480
v 3335.100 -71.634 -1301.851
v 3268.665 -75.496 -1158.877
v 3275.920 -75.871 -1155.506
f 1257 1258 1259
f 1259 1260 1257
v 3566.020 -83.257 -1180.011
v 3571.585 -83.663 -1185.759
v 3536.597 -85.561 -1219.630
v 3531.033 -85.172 -1213.882
f 1261 1262 1263
f 1263 1264 1261
v 3532.554 -85.142 -1212.960
v 3535.076 -85.638 -1220.552
v 3500.890 -85.924 -1231.913
v 3498.367 -85.327 -1224.321
f 1265 1266 1267
f 1267 1268 1265
v 3498.127 -85.330 -1224.410
v 3501.131 -85.921 -1231.824
v 3418.142 -81.408 -1265.444
v 3415.138 -80.950 -1258.030
f 1269 1270 1271
f 1271 1272 1269
v 3225.592 -80.556 -1474.694
v 3222.100 -80.025 -1467.496
v 3302.027 -77.633 -1428.710
v 3305.520 -78.110 -1435.908
f 1273 1274 1275
f 1275 1276 1273
v 3305.514 -78.111 -1435.910
v 3302.032 -77.633 -1428.708
v 3380.245 -76.465 -1390.899
v 3383.727 -76.505 -1398.102
f 1277 1278 1279
f 1279 1280 1277
v 3383.739 -76.506 -1398.096
v 3380.234 -76.465 -1390.905
v 3453.716 -82.112 -1355.092
v 3457.221 -81.746 -1362.283
f 1281 1282 1283
f 1283 1284 1281
v 3458.327 -81.868 -1361.485
v 3452.609 -82.003 -1355.890
v 3453.812 -82.146 -1354.661
v 3459.529 -82.027 -1360.256
f 1285 1286 1287
f 1287 1288 1285
v 3459.905 -82.076 -1359.813
v 3453.436 -82.097 -1355.105
v 3454.494 -82.250 -1353.652
v 3460.962 -82.230 -1358.359
f 1289 1290 1291
f 1291 1292 1289
v 1812.952 -85.106 -1101.300
v 1810.252 -85.268 -1093.769
v 1915.371 -91.151 -1056.081
v 1918.071 -90.964 -1063.612
f 1293 1294 1295
f 1295 1296 1293
v 3111.129 -72.710 -1036.949
v 3114.280 -72.892 -1044.302
v 2925.237 -80.381 -1125.320
v 2922.086 -80.544 -1117.966
f 1297 1298 1299
f 1299 1300 1297
v 3068.777 -76.487 -934.266
v 3071.918 -75.804 -941.623
v 2876.497 -86.361 -1025.057
v 2873.355 -86.616 -1017.700
f 1301 1302 1303
f 1303 1304 1301
v 3089.327 -72.792 -987.360
v 3092.423 -72.534 -994.737
v 2900.408 -83.016 -1075.331
v 2897.312 -83.473 -1067.955
f 1305 1306 1307
f 1307 1308 1305
v 2107.661 -99.332 -761.519
v 2110.235 -99.842 -769.093
v 1938.502 -82.938 -827.454
v 1935.928 -82.515 -819.879
f 1309 1310 1311
f 1311 1312 1309
v 2106.292 -92.825 -1156.801
v 2098.824 -92.837 -1159.669
v 2063.514 -85.354 -1067.754
v 2070.981 -85.306 -1064.885
f 1313 1314 1315
f 1315 1316 1313
v 2071.035 -85.311 -1065.034
v 2063.460 -85.349 -1067.604
v 2034.884 -87.497 -983.377
v 2042.460 -87.594 -980.807
f 1317 1318 1319
f 1319 1320 1317
v 2042.448 -87.597 -980.772
v 2034.896 -87.495 -983.413
v 2032.614 -87.886 -976.887
v 2040.165 -88.027 -974.246
f 1321 1322 1323
f 1323 1324 1321
v 2168.156 -95.617 -934.156
v 2170.722 -95.302 -941.733
v 2159.879 -94.637 -945.406
v 2157.313 -95.022 -937.828
f 1325 1326 1327
f 1327 1328 1325
v 2157.317 -95.022 -937.827
v 2159.875 -94.637 -945.407
v 2039.951 -87.291 -985.882
v 2037.393 -87.783 -978.302
f 1329 1330 1331
f 1331 1332 1329
v 2037.253 -87.780 -978.352
v 2040.090 -87.293 -985.832
v 1908.700 -91.040 -1035.660
v 1905.863 -90.996 -1028.180
f 1333 1334 1335
f 1335 1336 1333
v 2320.193 -103.302 -517.843
v 2321.518 -103.903 -525.732
v 2311.443 -103.840 -527.423
v 2310.119 -103.251 -519.533
f 1337 1338 1339
f 1339 1340 1337
v 2309.335 -103.253 -519.749
v 2312.227 -103.839 -527.208
v 2304.802 -103.905 -530.087
v 2301.910 -103.326 -522.629
f 1341 1342 1343
f 1343 1344 1341
v 2300.870 -103.349 -523.225
v 2305.842 -103.883 -529.491
v 2300.399 -104.083 -533.811
v 2295.426 -103.551 -527.544
f 1345 1346 1347
f 1347 1348 1345
v 2294.824 -103.581 -528.135
v 2301.001 -104.053 -533.220
v 2296.325 -104.355 -538.900
v 2290.149 -103.670 -533.815
f 1349 1350 1351
f 1351 1352 1349
v 2289.658 -103.687 -534.572
v 2296.816 -104.314 -538.143
v 2293.165 -104.454 -545.461
v 2286.007 -103.811 -541.890
f 1353 1354 1355
f 1355 1356 1353
v 2285.823 -103.812 -542.318
v 2293.348 -104.452 -545.033
v 2288.640 -104.553 -558.084
v 2281.114 -103.884 -555.369
f 1357 1358 1359
f 1359 1360 1357
v 2242.266 -96.524 -720.962
v 2239.790 -96.275 -728.569
v 2236.584 -96.370 -727.525
v 2239.060 -96.598 -719.918
f 1361 1362 1363
f 1363 1364 1361
v 2238.134 -96.613 -719.734
v 2237.510 -96.347 -727.710
v 2233.625 -96.426 -727.406
v 2234.249 -96.655 -719.430
f 1365 1366 1367
f 1367 1368 1365
v 2233.332 -96.662 -719.464
v 2234.543 -96.411 -727.372
v 2201.581 -96.989 -732.418
v 2200.370 -96.923 -724.510
f 1369 1370 1371
f 1371 1372 1369
v 2200.812 -96.918 -724.467
v 2201.139 -96.998 -732.461
v 2132.021 -97.821 -735.288
v 2131.694 -97.178 -727.294
f 1373 1374 1375
f 1375 1376 1373
v 2131.475 -97.178 -727.309
v 2132.239 -97.819 -735.273
v 2113.092 -97.576 -737.109
v 2112.329 -96.866 -729.145
f 1377 1378 1379
f 1379 1380 1377
v 2111.361 -96.858 -729.361
v 2114.059 -97.581 -736.893
v 2110.519 -97.604 -738.161
v 2107.821 -96.875 -730.630
f 1381 1382 1383
f 1383 1384 1381
v 2107.003 -96.889 -731.033
v 2111.338 -97.589 -737.757
v 2109.022 -97.663 -739.250
v 2104.688 -96.960 -732.526
f 1385 1386 1387
f 1387 1388 1385
v 2070.388 -97.687 -871.837
v 2067.803 -97.919 -864.266
v 2135.340 -100.953 -841.202
v 2137.926 -100.563 -848.772
f 1389 1390 1391
f 1391 1392 1389
v 2137.977 -100.562 -848.754
v 2135.288 -100.955 -841.220
v 2264.720 -92.940 -795.025
v 2267.409 -92.669 -802.560
f 1393 1394 1395
f 1395 1396 1393
v 2267.384 -92.670 -802.568
v 2264.744 -92.939 -795.017
v 2365.455 -93.735 -759.813
v 2368.095 -93.410 -767.365
f 1397 1398 1399
f 1399 1400 1397
v 2367.920 -93.401 -767.421
v 2365.630 -93.743 -759.756
v 2498.479 -98.586 -720.074
v 2500.768 -99.118 -727.739
f 1401 1402 1403
f 1403 1404 1401
v 2495.809 -98.880 -725.111
v 2503.438 -98.774 -722.702
v 2530.989 -103.435 -809.966
v 2523.361 -103.277 -812.374
f 1405 1406 1407
f 1407 1408 1405
v 2523.405 -103.281 -812.506
v 2530.945 -103.431 -809.834
v 2565.499 -97.880 -907.362
v 2557.958 -97.839 -910.034
f 1409 1410 1411
f 1411 1412 1409
v 2557.996 -97.828 -910.136
v 2565.461 -97.892 -907.260
v 2595.629 -90.002 -985.555
v 2588.164 -89.736 -988.431
f 1413 1414 1415
f 1415 1416 1413
v 2361.037 -105.051 -1067.898
v 2353.454 -105.273 -1070.447
v 2322.908 -102.929 -979.602
v 2330.491 -102.841 -977.053
f 1417 1418 1419
f 1419 1420 1417
v 2330.490 -102.841 -977.048
v 2322.910 -102.930 -979.607
v 2313.314 -100.232 -951.193
v 2320.894 -100.060 -948.633
f 1421 1422 1423
f 1423 1424 1421
v 2320.894 -100.060 -948.633
v 2313.314 -100.232 -951.193
v 2292.609 -94.431 -889.872
v 2300.188 -94.166 -887.313
f 1425 1426 1427
f 1427 1428 1425
v 2300.188 -94.166 -887.313
v 2292.609 -94.431 -889.873
v 2262.274 -92.984 -800.073
v 2269.854 -92.629 -797.512
f 1429 1430 1431
f 1431 1432 1429
v 2269.893 -92.624 -797.635
v 2262.235 -92.988 -799.950
v 2241.452 -96.144 -731.220
v 2249.110 -96.081 -728.905
f 1433 1434 1435
f 1435 1436 1433
v 2248.623 -96.139 -727.865
v 2241.938 -96.093 -732.260
v 2239.924 -96.250 -729.195
v 2246.608 -96.310 -724.800
f 1437 1438 1439
f 1439 1440 1437
v 2246.091 -96.345 -724.166
v 2240.441 -96.217 -729.829
v 2238.203 -96.338 -727.597
v 2243.854 -96.466 -721.934
f 1441 1442 1443
f 1443 1444 1441
v 2643.506 -95.255 -763.814
v 2646.284 -95.134 -771.316
v 2595.055 -100.865 -790.285
v 2592.277 -100.942 -782.783
f 1445 1446 1447
f 1447 1448 1445
v 2592.276 -100.942 -782.783
v 2595.056 -100.865 -790.285
v 2528.565 -103.399 -814.921
v 2525.785 -103.234 -807.419
f 1449 1450 1451
f 1451 1452 1449
v 2525.895 -103.237 -807.380
v 2528.455 -103.395 -814.960
v 2398.255 -94.843 -858.922
v 2395.696 -94.422 -851.342
f 1453 1454 1455
f 1455 1456 1453
v 2395.713 -94.423 -851.337
v 2398.238 -94.842 -858.928
v 2297.661 -94.586 -892.388
v 2295.136 -93.972 -884.797
f 1457 1458 1459
f 1459 1460 1457
v 2295.110 -93.973 -884.806
v 2297.687 -94.585 -892.379
v 2234.614 -96.697 -913.845
v 2232.036 -96.486 -906.272
f 1461 1462 1463
f 1463 1464 1461
v 2232.037 -96.486 -906.272
v 2234.613 -96.697 -913.846
v 2182.894 -96.143 -931.441
v 2180.318 -96.386 -923.867
f 1465 1466 1467
f 1467 1468 1465
v 2463.396 -95.674 -1034.670
v 2455.834 -96.513 -1037.281
v 2424.119 -98.570 -945.432
v 2431.681 -98.297 -942.821
f 1469 1470 1471
f 1471 1472 1469
v 2431.679 -98.297 -942.814
v 2424.122 -98.570 -945.440
v 2393.197 -94.426 -856.445
v 2400.754 -94.852 -853.819
f 1473 1474 1475
f 1475 1476 1473
v 2400.774 -94.855 -853.879
v 2393.177 -94.422 -856.385
v 2362.976 -93.380 -764.842
v 2370.573 -93.757 -762.335
f 1477 1478 1479
f 1479 1480 1477
v 2370.490 -93.767 -762.106
v 2363.060 -93.370 -765.071
v 2327.059 -100.926 -674.836
v 2334.489 -101.314 -671.871
f 1481 1482 1483
f 1483 1484 1481
v 2334.496 -101.313 -671.888
v 2327.052 -100.927 -674.819
v 2314.629 -103.477 -643.261
v 2322.073 -103.836 -640.331
f 1485 1486 1487
f 1487 1488 1485
v 2322.073 -103.836 -640.331
v 2314.629 -103.477 -643.261
v 2296.684 -105.388 -597.661
v 2304.128 -105.565 -594.732
f 1489 1490 1491
f 1491 1492 1489
v 2304.129 -105.565 -594.733
v 2296.683 -105.388 -597.660
v 2290.962 -105.088 -583.103
v 2298.407 -105.476 -580.176
f 1493 1494 1495
f 1495 1496 1493
v 2298.406 -105.476 -580.174
v 2290.962 -105.088 -583.105
v 2281.155 -103.976 -558.192
v 2288.599 -104.454 -555.261
f 1497 1498 1499
f 1499 1500 1497
v 2288.533 -104.444 -555.103
v 2281.221 -103.986 -558.350
v 2270.290 -102.324 -533.727
v 2277.601 -102.630 -530.481
f 1501 1502 1503
f 1503 1504 1501
v 2277.539 -102.618 -530.346
v 2270.352 -102.336 -533.862
v 2260.200 -100.686 -513.110
v 2267.386 -100.894 -509.594
f 1505 1506 1507
f 1507 1508 1505
v 2267.277 -100.877 -509.386
v 2260.310 -100.702 -513.318
v 2249.267 -99.090 -493.755
v 2256.234 -99.200 -489.823
f 1509 1510 1511
f 1511 1512 1509
v 2231.568 -98.801 -1104.752
v 2224.061 -98.074 -1107.517
v 2192.903 -94.727 -1022.933
v 2200.410 -95.658 -1020.168
f 1513 1514 1515
f 1515 1516 1513
v 2200.460 -95.663 -1020.312
v 2192.853 -94.722 -1022.789
v 2165.635 -95.245 -939.183
v 2173.242 -95.646 -936.706
f 1517 1518 1519
f 1519 1520 1517
v 2173.229 -95.647 -936.666
v 2165.649 -95.243 -939.223
v 2162.721 -95.660 -930.544
v 2170.301 -96.019 -927.987
f 1521 1522 1523
f 1523 1524 1521
v 2170.281 -96.022 -927.929
v 2162.741 -95.657 -930.602
v 2132.863 -100.862 -846.324
v 2140.403 -100.712 -843.650
f 1525 1526 1527
f 1527 1528 1525
v 2140.411 -100.711 -843.674
v 2132.854 -100.863 -846.300
v 2105.169 -99.598 -766.619
v 2112.726 -99.579 -763.993
f 1529 1530 1531
f 1531 1532 1529
v 2112.882 -99.618 -764.582
v 2105.014 -99.559 -766.029
v 2100.639 -97.727 -742.239
v 2108.507 -97.786 -740.792
f 1533 1534 1535
f 1535 1536 1533
v 2108.494 -97.918 -742.304
v 2100.652 -97.592 -740.726
v 2101.364 -97.292 -737.186
v 2109.207 -97.625 -738.764
f 1537 1538 1539
f 1539 1540 1537
v 2108.482 -97.749 -740.379
v 2102.088 -97.165 -735.571
v 2103.658 -97.019 -733.484
v 2110.052 -97.604 -738.292
f 1541 1542 1543
f 1543 1544 1541
v 2256.427 -99.229 -490.213
v 2249.074 -99.060 -493.365
v 2243.474 -98.197 -480.301
v 2250.827 -98.315 -477.149
f 1545 1546 1547
f 1547 1548 1545
v 2250.924 -98.332 -477.398
v 2243.377 -98.183 -480.051
v 2237.155 -97.297 -462.351
v 2244.702 -97.282 -459.698
f 1549 1550 1551
f 1551 1552 1549
v 2244.903 -97.326 -460.580
v 2236.953 -97.262 -461.468
v 2234.415 -96.506 -438.748
v 2242.365 -96.340 -437.860
f 1553 1554 1555
f 1555 1556 1553
v 2242.389 -96.353 -438.196
v 2234.392 -96.496 -438.412
v 2233.891 -95.964 -419.853
v 2241.888 -95.639 -419.637
f 1557 1558 1559
f 1559 1560 1557
v 2241.853 -95.624 -419.207
v 2233.925 -95.975 -420.283
v 2232.567 -95.805 -410.270
v 2240.495 -95.388 -409.195
f 1561 1562 1563
f 1563 1564 1561
v 2240.294 -95.376 -408.377
v 2232.768 -95.811 -411.088
v 2228.705 -95.822 -399.807
v 2236.231 -95.321 -397.096
f 1565 1566 1567
f 1567 1568 1565
v 2236.114 -95.322 -396.807
v 2228.822 -95.819 -400.096
v 2220.272 -96.172 -381.141
v 2227.565 -95.625 -377.852
f 1569 1570 1571
f 1571 1572 1569
v 2227.511 -95.628 -377.737
v 2220.326 -96.169 -381.255
v 2146.688 -95.114 -230.855
v 2153.873 -95.098 -227.338
f 1573 1574 1575
f 1575 1576 1573
v 2154.272 -95.215 -228.837
v 2146.289 -94.987 -229.356
v 2145.688 -94.254 -220.110
v 2153.671 -94.554 -219.591
f 1577 1578 1579
f 1579 1580 1577
v 2153.678 -94.580 -219.961
v 2145.681 -94.225 -219.740
v 2145.859 -93.737 -213.294
v 2153.856 -94.141 -213.515
f 1581 1582 1583
f 1583 1584 1581
v 2153.831 -94.164 -213.866
v 2145.884 -93.711 -212.942
v 2147.009 -93.042 -203.273
v 2154.955 -93.560 -204.197
f 1585 1586 1587
f 1587 1588 1585
v 2154.865 -93.588 -204.695
v 2147.099 -93.016 -202.775
v 2149.359 -92.582 -193.634
v 2157.125 -93.201 -195.554
f 1589 1590 1591
f 1591 1592 1589
v 2157.121 -93.202 -195.571
v 2149.363 -92.581 -193.618
v 2155.307 -91.697 -170.013
v 2163.065 -92.415 -171.967
f 1593 1594 1595
f 1595 1596 1593
v 2163.075 -92.414 -171.925
v 2155.297 -91.697 -170.055
v 2165.104 -91.541 -129.252
v 2172.883 -92.390 -131.122
f 1597 1598 1599
f 1599 1600 1597
v 4183.442 -101.803 -36.757
v 4176.451 -102.141 -40.647
v 4172.188 -101.463 -32.986
v 4179.178 -101.115 -29.096
f 1601 1602 1603
f 1603 1604 1601
v 4179.178 -101.114 -29.095
v 4172.188 -101.463 -32.986
v 4107.478 -95.738 83.265
v 4114.468 -95.068 87.155
f 1605 1606 1607
f 1607 1608 1605
v 4114.399 -95.070 87.275
v 4107.547 -95.734 83.145
v 4087.833 -97.366 115.850
v 4094.684 -96.681 119.980
f 1609 1610 1611
f 1611 1612 1609
v 4094.660 -96.683 120.020
v 4087.857 -97.363 115.810
v 4074.621 -98.681 137.195
v 4081.424 -98.037 141.405
f 1613 1614 1615
f 1615 1616 1613
v 4081.183 -98.060 141.751
v 4074.862 -98.657 136.848
v 4059.144 -99.898 157.110
v 4065.465 -99.383 162.014
f 1617 1618 1619
f 1619 1620 1617
v 4065.244 -99.397 162.275
v 4059.365 -99.883 156.849
v 4048.612 -100.462 168.499
v 4054.490 -99.954 173.925
f 1621 1622 1623
f 1623 1624 1621
v 4054.229 -99.965 174.183
v 4048.873 -100.451 168.241
v 4032.152 -100.958 183.312
v 4037.509 -100.453 189.254
f 1625 1626 1627
f 1627 1628 1625
v 2351.322 -93.459 -406.763
v 2349.611 -93.908 -414.578
v 2301.354 -92.985 -404.010
v 2303.065 -92.474 -396.195
f 1629 1630 1631
f 1631 1632 1629
v 2303.228 -92.475 -396.235
v 2301.191 -92.983 -403.971
v 2222.900 -95.994 -383.365
v 2224.937 -95.804 -375.628
f 1633 1634 1635
f 1635 1636 1633
v 2224.902 -95.807 -375.619
v 2222.935 -95.992 -383.373
v 2073.655 -100.019 -345.489
v 2075.623 -100.081 -337.735
f 1637 1638 1639
f 1639 1640 1637
v 2075.599 -100.080 -337.729
v 2073.679 -100.021 -345.495
v 2049.957 -98.202 -339.630
v 2051.877 -98.270 -331.864
f 1641 1642 1643
f 1643 1644 1641
v 2051.941 -98.275 -331.881
v 2049.893 -98.197 -339.614
v 1969.665 -87.708 -318.374
v 1971.713 -88.027 -310.640
f 1645 1646 1647
f 1647 1648 1645
v 1971.713 -88.027 -310.640
v 1969.665 -87.708 -318.374
v 1918.658 -81.612 -304.860
v 1920.707 -82.088 -297.127
f 1649 1650 1651
f 1651 1652 1649
v 2305.834 -92.600 -398.410
v 2298.585 -92.857 -401.795
v 2196.127 -95.736 -182.364
v 2203.375 -96.352 -178.980
f 1653 1654 1655
f 1655 1656 1653
v 2135.299 -100.868 83.827
v 2142.064 -100.776 88.098
v 2158.650 -99.259 61.826
v 2151.885 -99.188 57.555
f 1657 1658 1659
f 1659 1660 1657
v 2151.637 -99.401 61.369
v 2158.899 -99.066 58.013
v 2141.210 -96.727 19.734
v 2133.948 -96.935 23.089
f 1661 1662 1663
f 1663 1664 1661
v 2133.680 -96.866 22.305
v 2141.478 -96.792 20.518
v 2136.769 -94.997 -0.022
v 2128.971 -94.932 1.766
f 1665 1666 1667
f 1667 1668 1665
v 2128.876 -94.824 0.665
v 2136.865 -95.096 1.079
v 2137.722 -93.689 -15.485
v 2129.733 -93.290 -15.899
f 1669 1670 1671
f 1671 1672 1669
v 2129.948 -93.196 -17.001
v 2137.507 -93.775 -14.383
v 2139.533 -93.369 -20.235
v 2131.974 -92.768 -22.852
f 1673 1674 1675
f 1675 1676 1673
v 2132.171 -92.740 -23.323
v 2139.336 -93.399 -19.764
v 2144.034 -92.946 -29.222
v 2136.869 -92.259 -32.781
f 1677 1678 1679
f 1679 1680 1677
v 2137.373 -92.230 -33.556
v 2143.529 -92.972 -28.446
v 2157.444 -92.772 -45.208
v 2151.288 -92.003 -50.318
f 1681 1682 1683
f 1683 1684 1681
v 2151.163 -92.004 -50.159
v 2157.569 -92.772 -45.368
v 2183.796 -93.959 -80.437
v 2177.390 -93.135 -85.229
f 1685 1686 1687
f 1687 1688 1685
v 2177.311 -93.127 -85.120
v 2183.875 -93.966 -80.546
v 2227.813 -99.008 -143.606
v 2221.249 -98.225 -148.179
f 1689 1690 1691
f 1691 1692 1689
v 2220.888 -98.190 -147.544
v 2228.174 -99.041 -144.241
v 2248.501 -99.828 -189.086
v 2241.215 -99.170 -192.389
f 1693 1694 1695
f 1695 1696 1693
v 2241.252 -99.170 -192.469
v 2248.463 -99.828 -189.006
v 2254.408 -99.625 -201.382
v 2247.196 -99.059 -204.846
f 1697 1698 1699
f 1699 1700 1697
v 2247.196 -99.059 -204.846
v 2254.408 -99.625 -201.383
v 2354.072 -93.677 -408.939
v 2346.861 -93.694 -412.402
f 1701 1702 1703
f 1703 1704 1701
v 2347.008 -93.716 -412.680
v 2353.925 -93.655 -408.661
v 2358.990 -94.336 -417.379
v 2352.073 -94.508 -421.398
f 1705 1706 1707
f 1707 1708 1705
v 2351.979 -94.491 -421.227
v 2359.084 -94.352 -417.549
v 2389.051 -99.163 -475.433
v 2381.947 -99.564 -479.111
f 1709 1710 1711
f 1711 1712 1709
v 2381.805 -99.545 -478.806
v 2389.193 -99.181 -475.737
v 2390.729 -99.396 -479.436
v 2383.341 -99.774 -482.505
f 1713 1714 1715
f 1715 1716 1713
v 2383.063 -99.706 -481.444
v 2391.007 -99.456 -480.497
v 2391.452 -99.677 -484.236
v 2383.508 -99.959 -485.182
f 1717 1718 1719
f 1719 1720 1717
v 2383.551 -99.872 -483.959
v 2391.409 -99.754 -485.458
v 2390.586 -100.049 -489.777
v 2382.727 -100.202 -488.279
f 1721 1722 1723
f 1723 1724 1721
v 2382.748 -100.194 -488.178
v 2390.565 -100.056 -489.878
v 2384.966 -101.901 -515.636
v 2377.148 -102.263 -513.937
f 1725 1726 1727
f 1727 1728 1725
v 1771.799 -81.137 -31.361
v 1773.793 -81.029 -23.614
v 1907.121 -90.130 -57.931
v 1905.127 -90.517 -65.678
f 1729 1730 1731
f 1731 1732 1729
v 1905.065 -90.516 -65.662
v 1907.182 -90.131 -57.947
v 1975.911 -88.933 -76.809
v 1973.794 -89.046 -84.524
f 1733 1734 1735
f 1735 1736 1733
v 1973.806 -89.045 -84.527
v 1975.899 -88.934 -76.806
v 1984.426 -88.517 -79.118
v 1982.333 -88.592 -86.839
f 1737 1738 1739
f 1739 1740 1737
v 1982.393 -88.589 -86.855
v 1984.365 -88.520 -79.102
v 2169.979 -92.007 -126.311
v 2168.008 -91.875 -134.064
f 1741 1742 1743
f 1743 1744 1741
v 2167.905 -91.864 -134.036
v 2170.082 -92.017 -126.338
v 2225.619 -98.769 -142.044
v 2223.442 -98.450 -149.742
f 1745 1746 1747
f 1747 1748 1745
v 2223.626 -98.470 -149.789
v 2225.436 -98.748 -141.996
v 2335.319 -104.612 -167.516
v 2333.509 -104.081 -175.309
f 1749 1750 1751
f 1751 1752 1749
v 2333.443 -104.081 -175.293
v 2335.385 -104.613 -167.532
v 2379.568 -102.549 -178.588
v 2377.626 -102.141 -186.349
f 1753 1754 1755
f 1755 1756 1753
v 2377.546 -102.147 -186.328
v 2379.648 -102.543 -178.609
v 2427.348 -99.092 -191.593
v 2425.247 -99.071 -199.313
f 1757 1758 1759
f 1759 1760 1757
v 2425.246 -99.071 -199.312
v 2427.348 -99.092 -191.594
v 2663.602 -92.453 -255.935
v 2661.500 -92.748 -263.654
f 1761 1762 1763
f 1763 1764 1761
v 2661.388 -92.756 -263.622
v 2663.714 -92.446 -255.967
v 2727.389 -86.873 -275.319
v 2725.062 -86.685 -282.973
f 1765 1766 1767
f 1767 1768 1765
v 2725.062 -86.685 -282.973
v 2727.389 -86.873 -275.319
v 2850.252 -79.483 -312.661
v 2847.926 -79.137 -320.315
f 1769 1770 1771
f 1771 1772 1769
v 2847.927 -79.137 -320.316
v 2850.251 -79.483 -312.661
v 2863.431 -79.676 -316.663
v 2861.107 -79.377 -324.318
f 1773 1774 1775
f 1775 1776 1773
v 2860.926 -79.373 -324.258
v 2863.612 -79.679 -316.723
v 2902.040 -81.390 -330.421
v 2899.353 -81.219 -337.956
f 1777 1778 1779
f 1779 1780 1777
v 2899.026 -81.200 -337.823
v 2902.367 -81.409 -330.554
v 2912.341 -82.003 -335.138
v 2909.000 -81.802 -342.407
f 1781 1782 1783
f 1783 1784 1781
v 2908.585 -81.777 -342.185
v 2912.757 -82.028 -335.359
v 2921.250 -82.540 -340.550
v 2917.078 -82.299 -347.376
f 1785 1786 1787
f 1787 1788 1785
v 2916.557 -82.267 -346.997
v 2921.772 -82.572 -340.930
v 2935.509 -83.442 -352.739
v 2930.294 -83.110 -358.806
f 1789 1790 1791
f 1791 1792 1789
v 2930.076 -83.098 -358.604
v 2935.727 -83.457 -352.941
v 2950.788 -84.214 -367.973
v 2945.137 -83.808 -373.636
f 1793 1794 1795
f 1795 1796 1793
v 2944.705 -83.791 -373.126
v 2951.220 -84.230 -368.484
v 2963.276 -84.356 -385.405
v 2956.761 -84.035 -390.047
f 1797 1798 1799
f 1799 1800 1797
v 2956.411 -84.052 -389.453
v 2963.627 -84.353 -385.999
v 2970.562 -83.825 -400.489
v 2963.346 -83.555 -403.943
f 1801 1802 1803
f 1803 1804 1801
v 2963.175 -83.571 -403.527
v 2970.733 -83.808 -400.906
v 2973.427 -83.455 -408.673
v 2965.869 -83.248 -411.294
f 1805 1806 1807
f 1807 1808 1805
v 2965.803 -83.257 -411.086
v 2973.493 -83.445 -408.881
v 2976.432 -82.899 -419.131
v 2968.742 -82.715 -421.336
f 1809 1810 1811
f 1811 1812 1809
v 2968.650 -82.741 -420.945
v 2976.523 -82.871 -419.523
v 2986.954 -77.970 -477.261
v 2979.081 -78.203 -478.683
f 1813 1814 1815
f 1815 1816 1813
v 2979.081 -78.203 -478.683
v 2986.953 -77.970 -477.260
v 2988.601 -77.114 -486.375
v 2980.729 -77.409 -487.798
f 1817 1818 1819
f 1819 1820 1817
v 1736.690 -77.984 -70.289
v 1738.571 -78.260 -62.513
v 1964.071 -89.653 -117.066
v 1962.190 -89.717 -124.842
f 1821 1822 1823
f 1823 1824 1821
v 1962.141 -89.720 -124.830
v 1964.119 -89.650 -117.078
v 2160.175 -92.007 -167.114
v 2158.197 -92.137 -174.866
f 1825 1826 1827
f 1827 1828 1825
v 2158.258 -92.143 -174.881
v 2160.115 -92.002 -167.099
v 2200.680 -96.081 -176.781
v 2198.822 -96.001 -184.563
f 1829 1830 1831
f 1831 1832 1829
v 2198.880 -96.007 -184.576
v 2200.622 -96.075 -176.768
v 2245.729 -99.713 -186.833
v 2243.987 -99.278 -194.641
f 1833 1834 1835
f 1835 1836 1833
v 1911.228 -90.998 -1032.574
v 1903.335 -91.039 -1031.267
v 1904.459 -90.927 -1024.477
v 1912.352 -90.934 -1025.784
f 1837 1838 1839
f 1839 1840 1837
v 1912.283 -90.940 -1026.115
v 1904.529 -90.913 -1024.146
v 1905.542 -90.744 -1020.156
v 1913.296 -90.789 -1022.125
f 1841 1842 1843
f 1843 1844 1841
v 1912.398 -90.858 -1023.811
v 1906.440 -90.672 -1018.471
v 1908.677 -90.564 -1015.975
v 1914.635 -90.752 -1021.314
f 1845 1846 1847
f 1847 1848 1845
v 1913.305 -90.795 -1022.289
v 1910.008 -90.523 -1015.000
v 1914.037 -90.446 -1013.177
v 1917.335 -90.709 -1020.466
f 1849 1850 1851
f 1851 1852 1849
v 1916.980 -90.716 -1020.606
v 1914.392 -90.440 -1013.036
v 1933.061 -89.880 -1006.656
v 1935.648 -89.999 -1014.226
f 1853 1854 1855
f 1855 1856 1853
v 1935.648 -89.999 -1014.226
v 1933.061 -89.880 -1006.656
v 2035.096 -88.178 -971.782
v 2037.683 -87.717 -979.352
f 1857 1858 1859
f 1859 1860 1857
v 2037.747 -87.718 -979.329
v 2035.033 -88.176 -971.804
v 2077.412 -90.234 -956.520
v 2080.126 -89.556 -964.045
f 1861 1862 1863
f 1863 1864 1861
v 2080.126 -89.556 -964.045
v 2077.412 -90.234 -956.520
v 2153.454 -95.491 -929.096
v 2156.168 -95.061 -936.622
f 1865 1866 1867
f 1867 1868 1865
v 2155.986 -95.050 -936.683
v 2153.637 -95.501 -929.035
v 2165.337 -96.036 -925.442
v 2167.685 -95.662 -933.090
f 1869 1870 1871
f 1871 1872 1869
v 4045.231 -95.469 -1529.162
v 4053.218 -96.309 -1529.624
v 4049.722 -97.080 -1590.023
v 4041.735 -96.578 -1589.561
f 1873 1874 1875
f 1875 1876 1873
v 4041.741 -96.575 -1589.477
v 4049.716 -97.082 -1590.107
v 4044.740 -99.249 -1653.082
v 4036.765 -99.375 -1652.452
f 1877 1878 1879
f 1879 1880 1877
v 4182.227 -90.666 -1280.004
v 4190.224 -90.385 -1280.220
v 4186.929 -98.529 -1402.284
v 4178.932 -98.582 -1402.068
f 1881 1882 1883
f 1883 1884 1881
v 4178.940 -98.565 -1401.895
v 4186.920 -98.547 -1402.457
v 4178.037 -105.530 -1528.788
v 4170.057 -105.433 -1528.227
f 1885 1886 1887
f 1887 1888 1885
v 4170.055 -105.433 -1528.246
v 4178.038 -105.530 -1528.770
v 4173.519 -101.538 -1597.623
v 4165.536 -101.579 -1597.099
f 1889 1890 1891
f 1891 1892 1889
v 4165.528 -101.563 -1597.293
v 4173.527 -101.554 -1597.430
v 4172.803 -97.486 -1639.928
v 4164.804 -97.606 -1639.792
f 1893 1894 1895
f 1895 1896 1893
v 2505.291 -95.850 -1412.428
v 2508.694 -96.316 -1405.188
v 2518.390 -95.644 -1409.745
v 2514.987 -95.140 -1416.985
f 1897 1898 1899
f 1899 1900 1897
v 2514.044 -95.226 -1416.366
v 2519.334 -95.560 -1410.364
v 2521.237 -95.350 -1412.042
v 2515.948 -95.014 -1418.044
f 1901 1902 1903
f 1903 1904 1901
v 2514.820 -95.198 -1416.372
v 2522.365 -95.163 -1413.714
v 2522.933 -94.998 -1415.326
v 2515.387 -95.040 -1417.984
f 1905 1906 1907
f 1907 1908 1905
v 2515.213 -95.215 -1416.005
v 2523.107 -94.813 -1417.304
v 2522.918 -94.717 -1418.454
v 2515.024 -95.124 -1417.154
f 1909 1910 1911
f 1911 1912 1909
v 2516.503 -95.284 -1414.656
v 2521.439 -94.550 -1420.952
v 2520.225 -94.518 -1421.903
v 2515.290 -95.246 -1415.607
f 1913 1914 1915
f 1915 1916 1913
v 2516.620 -95.257 -1414.920
v 2518.895 -94.519 -1422.590
v 2514.398 -94.602 -1423.924
v 2512.122 -95.305 -1416.255
f 1917 1918 1919
f 1919 1920 1917
v 2512.167 -95.305 -1416.242
v 2514.353 -94.603 -1423.937
v 2506.216 -94.780 -1426.249
v 2504.030 -95.421 -1418.553
f 1921 1922 1923
f 1923 1924 1921
v 2504.686 -95.406 -1418.425
v 2505.560 -94.799 -1426.377
v 2491.979 -95.382 -1427.870
v 2491.105 -95.877 -1419.918
f 1925 1926 1927
f 1927 1928 1925
v 2491.860 -95.843 -1419.907
v 2491.224 -95.422 -1427.881
v 2475.316 -96.323 -1426.613
v 2475.952 -96.611 -1418.638
f 1929 1930 1931
f 1931 1932 1929
v 2476.489 -96.584 -1418.718
v 2474.779 -96.354 -1426.533
v 2457.391 -97.326 -1422.729
v 2459.101 -97.421 -1414.914
f 1933 1934 1935
f 1935 1936 1933
v 2459.104 -97.421 -1414.914
v 2457.388 -97.326 -1422.728
v 2444.096 -97.944 -1419.808
v 2445.813 -97.902 -1411.995
f 1937 1938 1939
f 1939 1940 1937
v 2444.113 -97.955 -1411.991
v 2445.796 -97.872 -1419.812
v 2443.525 -97.968 -1420.301
v 2441.842 -98.027 -1412.480
f 1941 1942 1943
f 1943 1944 1941
v 2439.822 -98.096 -1413.596
v 2445.545 -97.885 -1419.185
v 2444.165 -97.940 -1420.599
v 2438.441 -98.152 -1415.009
f 1945 1946 1947
f 1947 1948 1945
v 2437.758 -98.183 -1415.951
v 2444.848 -97.913 -1419.657
v 2444.102 -97.942 -1421.084
v 2437.013 -98.223 -1417.378
f 1949 1950 1951
f 1951 1952 1949
v 2436.645 -98.261 -1420.065
v 2444.469 -97.931 -1418.396
v 2444.915 -97.908 -1420.483
v 2437.091 -98.259 -1422.152
f 1953 1954 1955
f 1955 1956 1953
v 2437.814 -98.237 -1423.732
v 2444.192 -97.941 -1418.903
v 2445.572 -97.878 -1420.726
v 2439.194 -98.180 -1425.556
f 1957 1958 1959
f 1959 1960 1957
v 2440.365 -98.125 -1426.595
v 2444.401 -97.931 -1419.687
v 2451.570 -97.583 -1423.875
v 2447.534 -97.737 -1430.783
f 1961 1962 1963
f 1963 1964 1961
v 2447.922 -97.714 -1430.982
v 2451.182 -97.603 -1423.676
v 2536.163 -90.693 -1461.590
v 2532.904 -90.468 -1468.896
f 1965 1966 1967
f 1967 1968 1965
v 2532.851 -90.473 -1468.872
v 2536.215 -90.688 -1461.614
v 2552.490 -89.576 -1469.157
v 2549.126 -89.208 -1476.415
f 1969 1970 1971
f 1971 1972 1969
v 2548.590 -89.240 -1476.114
v 2553.026 -89.544 -1469.457
v 2558.181 -89.202 -1472.892
v 2553.744 -88.899 -1479.549
f 1973 1974 1975
f 1975 1976 1973
v 2552.765 -88.981 -1478.624
v 2559.159 -89.120 -1473.817
v 2561.464 -88.873 -1476.882
v 2555.069 -88.733 -1481.689
f 1977 1978 1979
f 1979 1980 1977
v 2554.271 -88.914 -1479.092
v 2562.262 -88.693 -1479.479
v 2562.117 -88.512 -1482.465
v 2554.127 -88.733 -1482.077
f 1981 1982 1983
f 1983 1984 1981
v 2555.070 -88.858 -1479.685
v 2561.174 -88.478 -1484.857
v 2559.159 -88.471 -1487.235
v 2553.055 -88.760 -1482.063
f 1985 1986 1987
f 1987 1988 1985
v 2554.589 -88.791 -1480.948
v 2557.625 -88.482 -1488.349
v 2554.342 -88.530 -1489.697
v 2551.305 -88.788 -1482.296
f 1989 1990 1991
f 1991 1992 1989
v 2552.518 -88.776 -1482.008
v 2553.129 -88.553 -1489.985
v 2545.370 -88.728 -1490.579
v 2544.759 -88.936 -1482.603
f 1993 1994 1995
f 1995 1996 1993
v 2544.535 -88.941 -1482.626
v 2545.593 -88.723 -1490.556
v 2513.121 -90.837 -1494.889
v 2512.063 -91.067 -1486.959
f 1997 1998 1999
f 1999 2000 1997
v 2512.358 -91.046 -1486.931
v 2512.827 -90.858 -1494.917
v 2495.060 -92.340 -1495.961
v 2494.591 -92.515 -1487.974
f 2001 2002 2003
f 2003 2004 2001
v 2494.681 -92.506 -1487.970
v 2494.970 -92.350 -1495.965
v 2472.272 -94.762 -1496.784
v 2471.983 -94.865 -1488.789
f 2005 2006 2007
f 2007 2008 2005
v 2472.310 -94.831 -1488.791
v 2471.945 -94.797 -1496.782
v 2406.634 -101.788 -1493.797
v 2406.999 -101.665 -1485.805
f 2009 2010 2011
f 2011 2012 2009
v 2407.497 -101.623 -1485.859
v 2406.136 -101.831 -1493.743
v 2394.047 -102.863 -1491.655
v 2395.408 -102.630 -1483.772
f 2013 2014 2015
f 2015 2016 2013
v 2395.687 -102.607 -1483.831
v 2393.767 -102.886 -1491.597
v 2373.830 -104.366 -1486.669
v 2375.750 -104.032 -1478.903
f 2017 2018 2019
f 2019 2020 2017
v 2376.375 -104.020 -1479.114
v 2373.205 -104.386 -1486.459
v 2362.307 -104.674 -1481.756
v 2365.477 -104.160 -1474.411
f 2021 2022 2023
f 2023 2024 2021
v 2365.958 -104.157 -1474.658
v 2361.826 -104.678 -1481.508
v 2347.721 -104.690 -1473.001
v 2351.853 -104.149 -1466.151
f 2025 2026 2027
f 2027 2028 2025
v 2352.215 -104.151 -1466.397
v 2347.360 -104.688 -1472.755
v 2336.306 -104.526 -1464.313
v 2341.161 -103.980 -1457.955
f 2029 2030 2031
f 2031 2032 2029
v 2341.304 -103.983 -1458.069
v 2336.163 -104.523 -1464.199
v 2323.183 -103.609 -1453.314
v 2328.324 -103.180 -1447.184
f 2033 2034 2035
f 2035 2036 2033
v 2328.635 -103.211 -1447.474
v 2322.872 -103.585 -1453.023
v 2315.036 -102.752 -1444.886
v 2320.798 -102.350 -1439.336
f 2037 2038 2039
f 2039 2040 2037
v 2321.230 -102.404 -1439.871
v 2314.603 -102.698 -1444.352
v 2307.278 -101.636 -1433.519
v 2313.905 -101.335 -1429.038
f 2041 2042 2043
f 2043 2044 2041
v 2314.115 -101.368 -1429.385
v 2307.068 -101.602 -1433.172
v 2295.881 -99.564 -1412.352
v 2302.928 -99.261 -1408.566
f 2045 2046 2047
f 2047 2048 2045
v 2303.126 -99.305 -1408.992
v 2295.683 -99.520 -1411.925
v 2289.816 -98.011 -1397.037
v 2297.259 -97.801 -1394.104
f 2049 2050 2051
f 2051 2052 2049
v 2297.435 -97.857 -1394.671
v 2289.640 -97.957 -1396.471
v 2288.338 -97.429 -1390.830
v 2296.133 -97.310 -1389.030
f 2053 2054 2055
f 2055 2056 2053
v 2296.175 -97.329 -1389.237
v 2288.296 -97.411 -1390.623
v 2286.537 -96.543 -1380.623
v 2294.416 -96.393 -1379.237
f 2057 2058 2059
f 2059 2060 2057
v 2294.467 -96.432 -1379.660
v 2286.486 -96.507 -1380.200
v 2286.263 -96.226 -1376.910
v 2294.245 -96.129 -1376.370
f 2061 2062 2063
f 2063 2064 2061
v 2294.253 -96.163 -1376.737
v 2286.255 -96.195 -1376.543
v 2286.333 -95.920 -1373.333
v 2294.331 -95.865 -1373.527
f 2065 2066 2067
f 2067 2068 2065
v 2294.233 -95.939 -1374.314
v 2286.431 -95.852 -1372.546
v 2287.065 -95.604 -1369.746
v 2294.867 -95.676 -1371.513
f 2069 2070 2071
f 2071 2072 2069
v 2294.683 -95.731 -1372.107
v 2287.249 -95.550 -1369.152
v 2292.103 -94.453 -1356.945
v 2299.537 -94.609 -1359.901
f 2073 2074 2075
f 2075 2076 2073
v 2299.708 -94.569 -1359.364
v 2291.932 -94.495 -1357.483
v 2292.600 -94.281 -1354.722
v 2300.376 -94.362 -1356.603
f 2077 2078 2079
f 2079 2080 2077
v 2300.477 -94.313 -1355.948
v 2292.498 -94.331 -1355.376
v 2292.687 -94.135 -1352.734
v 2300.667 -94.116 -1353.306
f 2081 2082 2083
f 2083 2084 2081
v 2300.677 -94.091 -1352.973
v 2292.677 -94.160 -1353.068
v 2292.521 -93.216 -1339.923
v 2300.521 -93.113 -1339.828
f 2085 2086 2087
f 2087 2088 2085
v 2300.515 -93.100 -1339.656
v 2292.527 -93.228 -1340.096
v 2291.893 -92.477 -1328.563
v 2299.881 -92.313 -1328.123
f 2089 2090 2091
f 2091 2092 2089
v 2299.885 -92.318 -1328.232
v 2291.888 -92.472 -1328.455
v 2291.665 -92.156 -1320.476
v 2299.662 -91.980 -1320.253
f 2093 2094 2095
f 2095 2096 2093
v 2299.629 -92.008 -1320.894
v 2291.699 -92.128 -1319.835
v 2292.378 -91.888 -1314.749
v 2300.308 -91.787 -1315.808
f 2097 2098 2099
f 2099 2100 2097
v 2300.148 -91.818 -1316.513
v 2292.538 -91.851 -1314.043
v 2294.331 -91.534 -1308.521
v 2301.940 -91.569 -1310.991
f 2101 2102 2103
f 2103 2104 2101
v 2301.802 -91.586 -1311.354
v 2294.468 -91.512 -1308.159
v 2306.112 -90.990 -1281.434
v 2313.446 -90.938 -1284.630
f 2105 2106 2107
f 2107 2108 2105
v 2313.202 -90.942 -1285.102
v 2306.356 -90.987 -1280.962
v 2322.108 -91.351 -1254.912
v 2328.954 -91.140 -1259.051
f 2109 2110 2111
f 2111 2112 2109
v 2328.592 -91.124 -1259.556
v 2322.470 -91.367 -1254.407
v 2328.058 -91.578 -1247.762
v 2334.181 -91.335 -1252.911
f 2113 2114 2115
f 2115 2116 2113
v 2333.665 -91.320 -1253.422
v 2328.574 -91.594 -1247.251
v 2335.220 -91.759 -1241.769
v 2340.310 -91.681 -1247.940
f 2117 2118 2119
f 2119 2120 2117
v 2341.414 -91.777 -1246.492
v 2334.116 -91.711 -1243.216
v 2335.207 -91.797 -1240.786
v 2342.505 -91.908 -1244.061
f 2121 2122 2123
f 2123 2124 2121
v 2342.753 -92.012 -1241.523
v 2334.959 -91.701 -1243.324
v 2334.391 -91.800 -1240.867
v 2342.185 -92.084 -1239.066
f 2125 2126 2127
f 2127 2128 2125
v 2341.118 -92.183 -1237.139
v 2335.458 -91.718 -1242.794
v 2333.254 -91.818 -1240.587
v 2338.914 -92.269 -1234.933
f 2129 2130 2131
f 2131 2132 2129
v 2337.966 -92.288 -1234.230
v 2334.202 -91.785 -1241.290
v 2332.121 -91.841 -1240.180
v 2335.884 -92.302 -1233.121
f 2133 2134 2135
f 2135 2136 2133
v 2333.783 -92.348 -1232.657
v 2334.221 -91.809 -1240.645
v 2331.572 -91.821 -1240.790
v 2331.134 -92.352 -1232.802
f 2137 2138 2139
f 2139 2140 2137
v 2329.916 -92.339 -1233.063
v 2332.789 -91.823 -1240.529
v 2323.383 -91.748 -1244.149
v 2320.510 -92.128 -1236.682
f 2141 2142 2143
f 2143 2144 2141
v 2320.351 -92.124 -1236.748
v 2323.542 -91.750 -1244.084
v 2303.983 -91.575 -1252.591
v 2300.792 -91.863 -1245.255
f 2145 2146 2147
f 2147 2148 2145
v 2300.185 -91.856 -1245.584
v 2304.590 -91.582 -1252.262
v 2246.181 -93.920 -1290.783
v 2241.776 -94.259 -1284.105
f 2149 2150 2151
f 2151 2152 2149
v 2241.539 -94.278 -1284.274
v 2246.417 -93.901 -1290.615
v 2239.771 -94.436 -1295.727
v 2234.894 -94.814 -1289.386
f 2153 2154 2155
f 2155 2156 2153
v 2234.620 -94.836 -1289.617
v 2240.045 -94.414 -1295.496
v 2235.191 -94.806 -1299.975
v 2229.766 -95.226 -1294.095
f 2157 2158 2159
f 2159 2160 2157
v 2229.231 -95.269 -1294.701
v 2235.727 -94.761 -1299.369
v 2231.731 -95.142 -1304.930
v 2225.234 -95.593 -1300.262
f 2161 2162 2163
f 2163 2164 2161
v 2224.853 -95.629 -1300.915
v 2232.112 -95.105 -1304.277
v 2229.953 -95.324 -1308.940
v 2222.693 -95.833 -1305.579
f 2165 2166 2167
f 2167 2168 2165
v 2222.539 -95.847 -1305.963
v 2230.107 -95.308 -1308.556
v 2228.727 -95.455 -1312.585
v 2221.159 -95.978 -1309.992
f 2169 2170 2171
f 2171 2172 2169
v 2221.000 -95.994 -1310.612
v 2228.885 -95.437 -1311.966
v 2227.916 -95.566 -1317.606
v 2220.032 -96.098 -1316.253
f 2173 2174 2175
f 2175 2176 2173
v 2220.044 -96.097 -1316.185
v 2227.904 -95.568 -1317.674
v 2226.223 -95.768 -1326.551
v 2218.363 -96.258 -1325.063
f 2177 2178 2179
f 2179 2180 2177
v 2218.419 -96.253 -1324.811
v 2226.167 -95.774 -1326.803
v 2224.486 -95.956 -1333.342
v 2216.738 -96.391 -1331.350
f 2181 2182 2183
f 2183 2184 2181
v 2216.830 -96.383 -1331.046
v 2224.395 -95.966 -1333.646
v 2222.792 -96.121 -1338.310
v 2215.227 -96.506 -1335.709
f 2185 2186 2187
f 2187 2188 2185
v 2215.361 -96.496 -1335.369
v 2222.658 -96.132 -1338.649
v 2219.908 -96.340 -1344.766
v 2212.611 -96.667 -1341.485
f 2189 2190 2191
f 2191 2192 2189
v 2212.630 -96.666 -1341.444
v 2219.889 -96.341 -1344.807
v 2217.674 -96.482 -1349.589
v 2210.415 -96.772 -1346.226
f 2193 2194 2195
f 2195 2196 2193
v 2210.330 -96.775 -1346.423
v 2217.759 -96.477 -1349.392
v 2215.699 -96.593 -1354.544
v 2208.271 -96.848 -1351.575
f 2197 2198 2199
f 2199 2200 2197
v 2208.111 -96.853 -1352.063
v 2215.859 -96.584 -1354.056
v 2213.922 -96.688 -1361.586
v 2206.174 -96.889 -1359.593
f 2201 2202 2203
f 2203 2204 2201
v 2206.094 -96.890 -1359.985
v 2214.002 -96.684 -1361.194
v 2212.210 -96.773 -1372.912
v 2204.302 -96.852 -1371.702
f 2205 2206 2207
f 2207 2208 2205
v 2204.301 -96.851 -1371.710
v 2212.211 -96.773 -1372.904
v 2209.528 -96.790 -1390.672
v 2201.618 -96.687 -1389.478
f 2209 2210 2211
f 2211 2212 2209
v 2201.574 -96.681 -1389.994
v 2209.572 -96.791 -1390.157
v 2209.049 -96.756 -1415.759
v 2201.051 -96.366 -1415.595
f 2213 2214 2215
f 2215 2216 2213
v 2201.051 -96.364 -1415.783
v 2209.048 -96.756 -1415.571
v 2210.017 -96.813 -1452.230
v 2202.020 -96.062 -1452.442
f 2217 2218 2219
f 2219 2220 2217
v 2202.140 -96.082 -1451.356
v 2209.896 -96.801 -1453.316
v 2206.011 -96.386 -1468.693
v 2198.255 -95.573 -1466.733
f 2221 2222 2223
f 2223 2224 2221
v 2198.750 -95.636 -1465.580
v 2205.517 -96.329 -1469.847
v 2199.394 -95.583 -1479.556
v 2192.627 -94.857 -1475.289
f 2225 2226 2227
f 2227 2228 2225
v 2194.074 -95.038 -1473.923
v 2197.948 -95.402 -1480.923
v 2184.890 -93.792 -1488.149
v 2181.016 -93.408 -1481.149
f 2229 2230 2231
f 2231 2232 2229
v 2182.613 -93.607 -1480.663
v 2183.292 -93.595 -1488.634
v 2153.359 -90.322 -1491.184
v 2152.680 -90.386 -1483.213
f 2233 2234 2235
f 2235 2236 2233
v 2153.035 -90.421 -1483.199
v 2153.003 -90.286 -1491.198
v 2129.559 -87.962 -1491.106
v 2129.591 -88.139 -1483.106
f 2237 2238 2239
f 2239 2240 2237
v 2130.109 -88.189 -1483.142
v 2129.042 -87.924 -1491.070
v 2106.956 -86.762 -1488.098
v 2108.023 -87.091 -1480.169
f 2241 2242 2243
f 2243 2244 2241
v 2107.586 -87.069 -1480.135
v 2107.392 -86.786 -1488.132
v 2079.618 -85.677 -1487.459
v 2079.812 -85.981 -1479.461
f 2245 2246 2247
f 2247 2248 2245
v 2080.953 -85.977 -1479.656
v 2078.477 -85.675 -1487.264
v 2072.511 -85.684 -1485.322
v 2074.986 -86.050 -1477.714
f 2249 2250 2251
f 2251 2252 2249
v 2076.153 -86.023 -1478.321
v 2071.345 -85.691 -1484.715
v 2060.224 -86.010 -1476.353
v 2065.032 -86.415 -1469.959
f 2253 2254 2255
f 2255 2256 2253
v 4122.742 -94.285 -1305.104
v 4130.730 -93.694 -1305.558
v 4118.006 -102.764 -1529.237
v 4110.019 -102.147 -1528.783
f 2257 2258 2259
f 2259 2260 2257
v 4110.013 -102.144 -1529.071
v 4118.012 -102.767 -1528.949
v 4118.245 -102.610 -1544.233
v 4110.246 -102.020 -1544.356
f 2261 2262 2263
f 2263 2264 2261
v 4110.246 -102.022 -1544.277
v 4118.246 -102.608 -1544.312
v 4118.168 -102.045 -1561.935
v 4110.168 -101.543 -1561.900
f 2265 2266 2267
f 2267 2268 2265
v 4110.168 -101.543 -1561.897
v 4118.168 -102.045 -1561.937
v 4118.012 -100.732 -1593.180
v 4110.012 -100.430 -1593.141
f 2269 2270 2271
f 2271 2272 2269
v 3937.056 -89.202 -1051.122
v 3944.809 -89.080 -1049.152
v 3956.721 -90.875 -1096.034
v 3948.967 -90.774 -1098.004
f 2273 2274 2275
f 2275 2276 2273
v 3949.088 -90.805 -1098.395
v 3956.600 -90.844 -1095.644
v 3960.852 -91.762 -1107.255
v 3953.340 -91.732 -1110.007
f 2277 2278 2279
f 2279 2280 2277
v 3953.426 -91.749 -1110.221
v 3960.767 -91.745 -1107.041
v 3967.446 -93.108 -1122.457
v 3960.105 -93.205 -1125.637
f 2281 2282 2283
f 2283 2284 2281
v 3960.179 -93.222 -1125.798
v 3967.372 -93.091 -1122.297
v 3971.224 -93.922 -1130.209
v 3964.030 -94.059 -1133.711
f 2285 2286 2287
f 2287 2288 2285
v 3963.845 -94.013 -1133.262
v 3971.409 -93.968 -1130.658
v 3973.825 -94.671 -1137.672
v 3966.261 -94.724 -1140.277
f 2289 2290 2291
f 2291 2292 2289
v 3966.107 -94.666 -1139.690
v 3973.978 -94.729 -1138.259
v 3975.481 -95.519 -1146.529
v 3967.610 -95.469 -1147.959
f 2293 2294 2295
f 2295 2296 2293
v 3967.549 -95.414 -1147.421
v 3975.542 -95.569 -1147.067
v 3975.965 -96.534 -1156.605
v 3967.972 -96.396 -1156.959
f 2297 2298 2299
f 2299 2300 2297
v 3967.969 -96.369 -1156.697
v 3975.968 -96.560 -1156.867
v 3975.767 -97.504 -1166.286
v 3967.769 -97.326 -1166.116
f 2301 2302 2303
f 2303 2304 2301
v 3967.794 -97.288 -1165.744
v 3975.742 -97.541 -1166.658
v 3974.618 -98.505 -1176.433
v 3966.670 -98.265 -1175.519
f 2305 2306 2307
f 2307 2308 2305
v 3966.725 -98.231 -1175.173
v 3974.562 -98.539 -1176.779
v 3973.059 -99.211 -1184.111
v 3965.222 -98.923 -1182.505
f 2309 2310 2311
f 2311 2312 2309
v 3965.335 -98.884 -1182.078
v 3972.947 -99.249 -1184.538
v 3968.172 -100.571 -1199.320
v 3960.559 -100.222 -1196.860
f 2313 2314 2315
f 2315 2316 2313
v 3960.588 -100.214 -1196.774
v 3968.143 -100.578 -1199.406
v 3949.786 -103.969 -1252.101
v 3942.231 -103.532 -1249.470
f 2317 2318 2319
f 2319 2320 2317
v 3942.198 -103.533 -1249.570
v 3949.820 -103.965 -1252.001
v 3933.244 -103.372 -1303.957
v 3925.623 -102.950 -1301.526
f 2321 2322 2323
f 2323 2324 2321
v 3925.545 -102.933 -1301.803
v 3933.322 -103.389 -1303.681
v 3931.229 -102.886 -1312.347
v 3923.452 -102.447 -1310.469
f 2325 2326 2327
f 2327 2328 2325
v 3923.364 -102.421 -1310.975
v 3931.317 -102.913 -1311.840
v 3930.571 -102.580 -1318.696
v 3922.618 -102.102 -1317.831
f 2329 2330 2331
f 2331 2332 2329
v 3922.602 -102.093 -1318.029
v 3930.588 -102.589 -1318.498
v 3930.298 -102.367 -1323.426
v 3922.312 -101.881 -1322.957
f 2333 2334 2335
f 2335 2336 2333
v 3922.307 -101.867 -1323.296
v 3930.304 -102.381 -1323.087
v 3930.593 -101.822 -1334.144
v 3922.596 -101.330 -1334.353
f 2337 2338 2339
f 2339 2340 2337
v 3922.637 -101.300 -1334.826
v 3930.553 -101.853 -1333.670
v 3936.675 -98.770 -1375.613
v 3928.759 -98.357 -1376.769
f 2341 2342 2343
f 2343 2344 2341
v 3928.781 -98.345 -1376.903
v 3936.653 -98.782 -1375.479
v 3941.730 -96.182 -1403.551
v 3933.857 -95.864 -1404.975
f 2345 2346 2347
f 2347 2348 2345
v 3933.897 -95.846 -1405.168
v 3941.690 -96.201 -1403.358
v 3943.181 -95.574 -1409.778
v 3935.389 -95.248 -1411.589
f 2349 2350 2351
f 2351 2352 2349
v 3935.565 -95.196 -1412.154
v 3943.005 -95.629 -1409.213
v 3945.543 -95.009 -1415.633
v 3938.103 -94.599 -1418.574
f 2353 2354 2355
f 2355 2356 2353
v 3938.450 -94.536 -1419.254
v 3945.196 -95.074 -1414.953
v 3949.281 -94.485 -1421.360
v 3942.536 -93.986 -1425.661
f 2357 2358 2359
f 2359 2360 2357
v 3942.702 -93.966 -1425.902
v 3949.115 -94.506 -1421.119
v 3952.800 -94.139 -1426.060
v 3946.387 -93.549 -1430.843
f 2361 2362 2363
f 2363 2364 2361
v 3946.416 -93.546 -1430.882
v 3952.770 -94.142 -1426.021
v 3958.592 -93.600 -1433.630
v 3952.238 -92.991 -1438.491
f 2365 2366 2367
f 2367 2368 2365
v 3952.450 -92.974 -1438.746
v 3958.380 -93.618 -1433.376
v 3962.711 -93.302 -1438.158
v 3956.781 -92.657 -1443.528
f 2369 2370 2371
f 2371 2372 2369
v 3956.338 -92.699 -1442.938
v 3963.153 -93.261 -1438.748
v 3966.727 -92.840 -1444.561
v 3959.911 -92.274 -1448.750
f 2373 2374 2375
f 2375 2376 2373
v 3959.592 -92.323 -1448.108
v 3967.046 -92.791 -1445.204
v 3971.143 -92.078 -1455.719
v 3963.688 -91.680 -1458.623
f 2377 2378 2379
f 2379 2380 2377
v 3963.492 -91.716 -1457.949
v 3971.339 -92.042 -1456.393
v 3982.137 -90.141 -1510.820
v 3974.290 -89.844 -1512.377
f 2381 2382 2383
f 2383 2384 2381
v 3974.347 -89.840 -1512.623
v 3982.080 -90.145 -1510.574
v 3987.902 -90.623 -1532.543
v 3980.169 -90.406 -1534.592
f 2385 2386 2387
f 2387 2388 2385
v 3980.042 -90.380 -1533.334
v 3988.029 -90.649 -1533.801
v 3983.799 -95.077 -1606.155
v 3975.812 -94.834 -1605.688
f 2389 2390 2391
f 2391 2392 2389
v 3975.814 -94.831 -1605.661
v 3983.797 -95.080 -1606.183
v 3980.301 -100.227 -1659.660
v 3972.318 -100.051 -1659.138
f 2393 2394 2395
f 2395 2396 2393
v 2313.658 -105.178 -1079.538
v 2317.211 -105.034 -1086.706
v 2279.228 -102.393 -1105.531
v 2275.676 -102.547 -1098.363
f 2397 2398 2399
f 2399 2400 2397
v 2275.553 -102.535 -1098.426
v 2279.351 -102.404 -1105.467
v 2264.123 -101.079 -1113.684
v 2260.324 -101.163 -1106.643
f 2401 2402 2403
f 2403 2404 2401
v 2260.011 -101.136 -1106.831
v 2264.436 -101.105 -1113.496
v 2249.954 -99.758 -1123.113
v 2245.528 -99.715 -1116.448
f 2405 2406 2407
f 2407 2408 2405
v 2245.038 -99.662 -1116.831
v 2250.444 -99.814 -1122.729
v 2231.864 -97.974 -1139.757
v 2226.459 -97.805 -1133.859
f 2409 2410 2411
f 2411 2412 2409
v 2226.062 -97.773 -1134.280
v 2232.261 -98.007 -1139.337
v 2216.732 -96.999 -1158.372
v 2210.533 -96.814 -1153.315
f 2413 2414 2415
f 2415 2416 2413
v 2210.185 -96.800 -1153.815
v 2217.080 -97.014 -1157.873
v 2204.167 -96.754 -1179.815
v 2197.272 -96.646 -1175.757
f 2417 2418 2419
f 2419 2420 2417
v 2197.056 -96.652 -1176.181
v 2204.383 -96.753 -1179.391
v 2194.376 -97.144 -1202.232
v 2187.048 -97.219 -1199.021
f 2421 2422 2423
f 2423 2424 2421
v 2186.911 -97.232 -1199.381
v 2194.513 -97.134 -1201.872
v 2187.199 -97.839 -1224.197
v 2179.597 -98.118 -1221.706
f 2425 2426 2427
f 2427 2428 2425
v 2179.460 -98.140 -1222.252
v 2187.337 -97.821 -1223.651
v 2183.229 -98.512 -1246.782
v 2175.352 -98.997 -1245.383
f 2429 2430 2431
f 2431 2432 2429
v 2175.323 -99.002 -1245.575
v 2183.258 -98.508 -1246.590
v 2179.084 -99.117 -1279.220
v 2171.148 -99.719 -1278.204
f 2433 2434 2435
f 2435 2436 2433
v 2171.159 -99.718 -1278.130
v 2179.073 -99.118 -1279.294
v 2173.396 -99.120 -1317.882
v 2165.481 -99.495 -1316.717
f 2437 2438 2439
f 2439 2440 2437
v 2165.471 -99.493 -1316.793
v 2173.407 -99.121 -1317.805
v 2169.076 -98.148 -1351.769
v 2161.141 -98.288 -1350.757
f 2441 2442 2443
f 2443 2444 2441
v 2161.147 -98.291 -1350.706
v 2169.069 -98.146 -1351.820
v 2166.799 -97.383 -1367.976
v 2158.876 -97.438 -1366.863
f 2445 2446 2447
f 2447 2448 2445
v 2158.921 -97.454 -1366.607
v 2166.754 -97.369 -1368.231
v 2164.517 -96.746 -1379.024
v 2156.683 -96.755 -1377.400
f 2449 2450 2451
f 2451 2452 2449
v 2156.770 -96.778 -1377.058
v 2164.430 -96.725 -1379.366
v 2160.055 -95.771 -1393.885
v 2152.395 -95.735 -1391.576
f 2453 2454 2455
f 2455 2456 2453
v 2152.460 -95.751 -1391.381
v 2159.991 -95.757 -1394.080
v 2155.738 -94.834 -1405.943
v 2148.207 -94.752 -1403.244
f 2457 2458 2459
f 2459 2460 2457
v 2148.495 -94.810 -1402.616
v 2155.450 -94.780 -1406.571
v 2150.485 -93.948 -1415.303
v 2143.531 -93.937 -1411.348
f 2461 2462 2463
f 2463 2464 2461
v 2143.616 -93.952 -1411.205
v 2150.400 -93.933 -1415.446
v 2142.118 -92.533 -1428.696
v 2135.334 -92.458 -1424.455
f 2465 2466 2467
f 2467 2468 2465
v 2135.576 -92.498 -1424.111
v 2141.876 -92.494 -1429.041
v 2134.339 -91.294 -1438.671
v 2128.039 -91.301 -1433.741
f 2469 2470 2471
f 2471 2472 2469
v 2128.543 -91.368 -1433.207
v 2133.836 -91.218 -1439.205
v 2122.370 -89.735 -1449.324
v 2117.077 -89.987 -1443.326
f 2473 2474 2475
f 2475 2476 2473
v 2117.460 -90.030 -1443.027
v 2121.987 -89.691 -1449.623
v 2109.530 -88.498 -1458.171
v 2105.004 -88.682 -1451.574
f 2477 2478 2479
f 2479 2480 2477
v 2105.258 -88.709 -1451.414
v 2109.276 -88.475 -1458.331
v 2098.111 -87.503 -1464.817
v 2094.092 -87.729 -1457.900
f 2481 2482 2483
f 2483 2484 2481
v 2094.495 -87.762 -1457.696
v 2097.708 -87.469 -1465.022
v 2086.476 -86.634 -1469.949
v 2083.262 -87.059 -1462.623
f 2485 2486 2487
f 2487 2488 2485
v 2083.689 -87.074 -1462.464
v 2086.050 -86.619 -1470.108
v 2063.808 -86.004 -1476.978
v 2061.447 -86.414 -1469.334
f 2489 2490 2491
f 2491 2492 2489
v 2061.980 -86.427 -1469.208
v 2063.275 -85.993 -1477.103
v 2050.952 -85.787 -1479.124
v 2049.657 -86.193 -1471.230
f 2493 2494 2495
f 2495 2496 2493
v 2050.380 -86.202 -1471.178
v 2050.230 -85.779 -1479.176
v 2034.033 -86.156 -1478.872
v 2034.183 -86.498 -1470.874
f 2497 2498 2499
f 2499 2500 2497
v 2034.463 -86.490 -1470.889
v 2033.752 -86.165 -1478.857
v 1896.284 -89.874 -1466.585
v 1896.995 -89.438 -1458.616
f 2501 2502 2503
f 2503 2504 2501
v 1897.030 -89.438 -1458.620
v 1896.248 -89.874 -1466.581
v 1768.954 -80.269 -1454.071
v 1769.737 -80.124 -1446.109
f 2505 2506 2507
f 2507 2508 2505
v 2991.986 -74.213 -519.994
v 2999.852 -73.828 -518.535
v 3002.234 -72.826 -531.374
v 2994.369 -73.145 -532.834
f 2509 2510 2511
f 2511 2512 2509
v 2994.339 -73.160 -532.651
v 3002.264 -72.812 -531.557
v 3009.856 -70.889 -586.521
v 3001.931 -71.222 -587.616
f 2513 2514 2515
f 2515 2516 2513
v 3001.947 -71.222 -587.723
v 3009.839 -70.889 -586.414
v 3014.704 -71.413 -615.739
v 3006.812 -71.789 -617.048
f 2517 2518 2519
f 2519 2520 2517
v 3006.812 -71.789 -617.047
v 3014.704 -71.413 -615.740
v 3020.359 -73.330 -649.887
v 3012.467 -73.722 -651.194
f 2521 2522 2523
f 2523 2524 2521
v 3012.439 -73.708 -650.993
v 3020.387 -73.344 -650.088
v 3025.709 -77.559 -696.824
v 3017.760 -77.891 -697.729
f 2525 2526 2527
f 2527 2528 2525
v 3017.738 -77.827 -697.092
v 3025.730 -77.624 -697.460
v 3024.416 -80.548 -726.045
v 3016.425 -80.719 -725.678
f 2529 2530 2531
f 2531 2532 2529
v 3016.481 -80.672 -725.169
v 3024.360 -80.595 -726.555
v 3021.432 -82.166 -743.199
v 3013.553 -82.225 -741.813
f 2533 2534 2535
f 2535 2536 2533
v 3013.660 -82.183 -741.363
v 3021.326 -82.209 -743.649
v 3016.205 -83.617 -760.822
v 3008.539 -83.638 -758.535
f 2537 2538 2539
f 2539 2540 2537
v 3008.713 -83.605 -758.063
v 3016.032 -83.650 -761.294
v 3002.039 -85.475 -792.997
v 2994.720 -85.436 -789.767
f 2541 2542 2543
f 2543 2544 2541
v 2995.000 -85.432 -789.242
v 3001.759 -85.493 -793.522
v 2985.795 -85.601 -818.726
v 2979.037 -85.449 -814.446
f 2545 2546 2547
f 2547 2548 2545
v 2979.295 -85.462 -814.084
v 2985.537 -85.587 -819.088
v 2974.193 -85.048 -833.236
v 2967.952 -84.928 -828.232
f 2549 2550 2551
f 2551 2552 2549
v 2968.236 -84.940 -827.914
v 2973.910 -85.036 -833.553
v 2961.464 -84.461 -846.076
v 2955.790 -84.438 -840.437
f 2553 2554 2555
f 2555 2556 2553
v 2956.260 -84.455 -840.032
v 2960.994 -84.434 -846.481
v 2940.445 -83.139 -861.567
v 2935.711 -83.064 -855.118
f 2557 2558 2559
f 2559 2560 2557
v 2936.139 -83.090 -854.843
v 2940.016 -83.115 -861.841
v 2916.751 -82.058 -874.734
v 2912.873 -81.953 -867.736
f 2561 2562 2563
f 2563 2564 2561
v 2913.332 -81.971 -867.519
v 2916.291 -82.041 -874.951
v 2845.459 -82.198 -903.154
v 2842.500 -81.730 -895.722
f 2565 2566 2567
f 2567 2568 2565
v 2842.335 -81.736 -895.791
v 2845.623 -82.191 -903.085
v 2816.903 -84.092 -916.030
v 2813.615 -83.504 -908.737
f 2569 2570 2571
f 2571 2572 2569
v 2811.738 -83.370 -906.703
v 2808.115 -82.855 -899.570
v 2836.546 -80.994 -885.132
v 2840.169 -81.503 -892.265
f 2573 2574 2575
f 2575 2576 2573
v 2839.921 -81.512 -892.380
v 2836.794 -80.986 -885.016
v 2899.924 -81.393 -858.214
v 2903.050 -81.569 -865.577
f 2577 2578 2579
f 2579 2580 2577
v 2903.437 -81.584 -865.388
v 2899.537 -81.377 -858.403
v 2924.495 -82.656 -844.467
v 2928.395 -82.771 -851.452
f 2581 2582 2583
f 2583 2584 2581
v 2928.854 -82.799 -851.152
v 2924.035 -82.628 -844.767
v 2946.822 -84.048 -827.567
v 2951.642 -84.273 -833.953
f 2585 2586 2587
f 2587 2588 2585
v 2951.956 -84.294 -833.689
v 2946.507 -84.027 -827.832
v 2956.815 -84.701 -818.241
v 2962.265 -84.805 -824.098
f 2589 2590 2591
f 2591 2592 2589
v 2962.630 -84.820 -823.710
v 2956.450 -84.685 -818.630
v 2970.120 -84.989 -801.999
v 2976.300 -85.272 -807.079
f 2593 2594 2595
f 2595 2596 2593
v 2976.741 -85.273 -806.418
v 2969.679 -84.988 -802.660
v 2986.577 -84.429 -770.904
v 2993.639 -84.786 -774.662
f 2597 2598 2599
f 2599 2600 2597
v 2993.890 -84.758 -774.087
v 2986.327 -84.456 -771.479
v 2996.936 -82.516 -740.713
v 3004.499 -82.568 -743.321
f 2601 2602 2603
f 2603 2604 2601
v 3004.621 -82.527 -742.886
v 2996.813 -82.556 -741.148
v 3000.965 -80.837 -722.496
v 3008.774 -80.787 -724.234
f 2605 2606 2607
f 2607 2608 2605
v 3008.867 -80.719 -723.489
v 3000.871 -80.904 -723.241
v 3001.595 -78.589 -699.873
v 3009.591 -78.376 -700.121
f 2609 2610 2611
f 2611 2612 2609
v 3009.578 -78.330 -699.657
v 3001.607 -78.634 -700.337
v 2997.166 -74.069 -648.252
v 3005.137 -73.721 -647.572
f 2613 2614 2615
f 2615 2616 2613
v 3005.130 -73.716 -647.500
v 2997.172 -74.075 -648.324
v 2994.156 -72.527 -619.197
v 3002.113 -72.035 -618.373
f 2617 2618 2619
f 2619 2620 2617
v 3002.108 -72.033 -618.326
v 2994.161 -72.528 -619.243
v 2990.543 -72.057 -587.870
v 2998.490 -71.364 -586.954
f 2621 2622 2623
f 2623 2624 2621
v 2998.471 -71.364 -586.812
v 2990.562 -72.055 -588.012
v 2982.491 -74.038 -534.791
v 2990.401 -73.433 -533.591
f 2625 2626 2627
f 2627 2628 2625
v 2990.426 -73.417 -533.794
v 2982.466 -74.053 -534.588
v 2981.185 -74.941 -521.748
v 2989.146 -74.370 -520.955
f 2629 2630 2631
f 2631 2632 2629
v 1960.038 -89.223 -1488.761
v 1960.835 -89.132 -1480.801
v 1982.743 -88.086 -1482.994
v 1981.946 -88.117 -1490.954
f 2633 2634 2635
f 2635 2636 2633
v 1981.944 -88.117 -1490.954
v 1982.744 -88.086 -1482.994
v 1987.342 -87.852 -1483.456
v 1986.541 -87.871 -1491.416
f 2637 2638 2639
f 2639 2640 2637
v 1986.265 -87.886 -1491.379
v 1987.619 -87.838 -1483.494
v 2011.619 -86.686 -1487.616
v 2010.265 -86.652 -1495.500
f 2641 2642 2643
f 2643 2644 2641
v 2009.382 -86.687 -1495.241
v 2012.502 -86.653 -1487.875
v 2035.145 -85.713 -1497.466
v 2032.024 -85.710 -1504.832
f 2645 2646 2647
f 2647 2648 2645
v 2031.108 -85.754 -1504.290
v 2036.061 -85.670 -1498.008
v 2058.693 -85.063 -1515.855
v 2053.739 -85.148 -1522.137
f 2649 2650 2651
f 2651 2652 2649
v 2053.093 -85.136 -1521.496
v 2059.338 -85.076 -1516.497
v 2078.552 -85.573 -1540.500
v 2072.307 -85.709 -1545.499
f 2653 2654 2655
f 2655 2656 2653
v 2071.805 -85.662 -1544.691
v 2079.054 -85.591 -1541.309
v 2093.459 -87.664 -1572.182
v 2086.209 -87.616 -1575.564
f 2657 2658 2659
f 2659 2660 2657
v 2086.060 -87.582 -1575.199
v 2093.608 -87.693 -1572.547
v 2102.525 -90.302 -1597.925
v 2094.977 -90.198 -1600.577
f 2661 2662 2663
f 2663 2664 2661
v 2095.152 -90.243 -1600.996
v 2102.350 -90.258 -1597.505
v 2113.326 -92.877 -1620.135
v 2106.128 -92.950 -1623.626
f 2665 2666 2667
f 2667 2668 2665
v 2106.748 -93.066 -1624.550
v 2112.706 -92.762 -1619.211
v 2130.539 -95.295 -1639.106
v 2124.582 -95.608 -1644.446
f 2669 2670 2671
f 2671 2672 2669
v 2125.199 -95.680 -1645.005
v 2129.921 -95.229 -1638.547
v 2147.755 -96.628 -1651.586
v 2143.033 -97.085 -1658.044
f 2673 2674 2675
f 2675 2676 2673
v 2143.655 -97.117 -1658.417
v 2147.133 -96.593 -1651.212
v 2167.026 -97.368 -1660.817
v 2163.547 -97.756 -1668.021
f 2677 2678 2679
f 2679 2680 2677
v 2164.593 -97.768 -1668.358
v 2165.981 -97.346 -1660.479
v 2189.302 -97.223 -1664.588
v 2187.914 -97.443 -1672.467
f 2681 2682 2683
f 2683 2684 2681
v 2188.157 -97.437 -1672.502
v 2189.059 -97.227 -1664.553
v 2225.416 -96.402 -1668.675
v 2224.514 -96.303 -1676.624
f 2685 2686 2687
f 2687 2688 2685
v 2224.567 -96.301 -1676.629
v 2225.362 -96.403 -1668.669
v 2273.386 -94.921 -1673.464
v 2272.591 -94.455 -1681.425
f 2689 2690 2691
f 2691 2692 2689
v 2272.445 -94.461 -1681.408
v 2273.531 -94.917 -1673.482
v 2323.602 -93.826 -1680.338
v 2322.517 -93.181 -1688.264
f 2693 2694 2695
f 2695 2696 2693
v 2322.069 -93.190 -1688.176
v 2324.051 -93.818 -1680.426
v 2356.289 -93.687 -1688.669
v 2354.307 -93.067 -1696.420
f 2697 2698 2699
f 2699 2700 2697
v 2353.851 -93.059 -1696.274
v 2356.745 -93.689 -1688.815
v 2402.709 -95.092 -1706.650
v 2399.815 -94.696 -1714.108
f 2701 2702 2703
f 2703 2704 2701
v 2399.759 -94.693 -1714.086
v 2402.764 -95.095 -1706.672
v 2453.525 -98.940 -1727.241
v 2450.521 -98.680 -1734.655
f 2705 2706 2707
f 2707 2708 2705
v 2450.924 -98.716 -1734.794
v 2453.123 -98.904 -1727.102
v 2480.663 -101.016 -1734.976
v 2478.464 -100.893 -1742.668
f 2709 2710 2711
f 2711 2712 2709
v 2478.465 -100.893 -1742.668
v 2480.663 -101.016 -1734.976
v 2496.336 -102.171 -1739.454
v 2494.139 -102.061 -1747.146
f 2713 2714 2715
f 2715 2716 2713
v 2494.898 -102.117 -1747.286
v 2495.577 -102.115 -1739.315
v 2527.815 -103.252 -1742.062
v 2527.136 -103.304 -1750.034
f 2717 2718 2719
f 2719 2720 2717
v 2527.251 -103.307 -1750.042
v 2527.700 -103.248 -1742.054
v 2576.402 -102.524 -1744.789
v 2575.954 -102.617 -1752.776
f 2721 2722 2723
f 2723 2724 2721
v 2576.255 -102.606 -1752.782
v 2576.101 -102.534 -1744.783
v 2611.768 -99.681 -1744.096
v 2611.922 -99.726 -1752.095
f 2725 2726 2727
f 2727 2728 2725
v 2612.065 -99.713 -1752.090
v 2611.624 -99.694 -1744.102
v 2648.671 -95.318 -1742.054
v 2649.113 -95.287 -1750.042
f 2729 2730 2731
f 2731 2732 2729
v 2648.770 -95.333 -1750.046
v 2649.013 -95.272 -1742.050
v 2671.644 -92.226 -1742.737
v 2671.402 -92.266 -1750.733
f 2733 2734 2735
f 2735 2736 2733
v 2671.049 -92.316 -1750.707
v 2671.997 -92.175 -1742.763
v 2717.961 -85.807 -1748.246
v 2717.013 -85.882 -1756.189
f 2737 2738 2739
f 2739 2740 2737
v 2716.990 -85.885 -1756.186
v 2717.984 -85.804 -1748.248
v 2733.602 -83.888 -1750.204
v 2732.608 -84.006 -1758.142
f 2741 2742 2743
f 2743 2744 2741
v 2732.609 -84.006 -1758.142
v 2733.601 -83.889 -1750.203
v 2778.351 -79.751 -1755.792
v 2777.360 -80.049 -1763.730
f 2745 2746 2747
f 2747 2748 2745
v 2777.488 -80.040 -1763.744
v 2778.223 -79.760 -1755.778
v 2830.354 -78.267 -1760.586
v 2829.619 -78.511 -1768.553
f 2749 2750 2751
f 2751 2752 2749
v 2829.590 -78.512 -1768.550
v 2830.383 -78.267 -1760.589
v 2857.823 -79.154 -1763.324
v 2857.030 -79.294 -1771.284
f 2753 2754 2755
f 2755 2756 2753
v 2856.487 -79.276 -1771.192
v 2858.366 -79.173 -1763.416
v 2878.259 -80.018 -1768.225
v 2876.380 -80.020 -1776.001
f 2757 2758 2759
f 2759 2760 2757
v 2725.804 -93.058 -1568.580
v 2733.371 -93.301 -1565.982
v 2737.044 -92.862 -1576.683
v 2729.478 -92.619 -1579.280
f 2761 2762 2763
f 2763 2764 2761
v 2729.261 -92.690 -1577.981
v 2737.261 -92.782 -1577.981
v 2737.261 -92.037 -1589.646
v 2729.261 -92.030 -1589.646
f 2765 2766 2767
f 2767 2768 2765
v 2729.613 -92.124 -1588.006
v 2736.909 -91.932 -1591.287
v 2730.742 -91.134 -1605.000
v 2723.446 -91.406 -1601.718
f 2769 2770 2771
f 2771 2772 2769
v 2723.619 -91.422 -1601.378
v 2730.568 -91.113 -1605.341
v 2683.235 -90.780 -1688.343
v 2676.286 -91.555 -1684.380
f 2773 2774 2775
f 2775 2776 2773
v 2676.299 -91.554 -1684.358
v 2683.223 -90.781 -1688.366
v 2675.675 -91.634 -1701.405
v 2668.751 -92.470 -1697.397
f 2777 2778 2779
f 2779 2780 2777
v 2668.278 -92.534 -1698.686
v 2676.149 -91.575 -1700.115
v 2674.780 -91.752 -1707.659
v 2666.908 -92.751 -1706.230
f 2781 2782 2783
f 2783 2784 2781
v 2666.898 -92.761 -1707.601
v 2674.790 -91.749 -1706.288
v 2676.159 -91.577 -1714.518
v 2668.267 -92.632 -1715.831
f 2785 2786 2787
f 2787 2788 2785
v 2669.242 -92.512 -1717.852
v 2675.185 -91.705 -1712.497
v 2681.363 -90.871 -1719.353
v 2675.420 -91.683 -1724.708
f 2789 2790 2791
f 2791 2792 2789
v 2676.836 -91.485 -1725.716
v 2679.947 -91.066 -1718.345
v 2692.971 -89.242 -1723.841
v 2689.861 -89.646 -1731.212
f 2793 2794 2795
f 2795 2796 2793
v 2691.033 -89.480 -1731.508
v 2691.799 -89.408 -1723.545
v 2713.072 -86.516 -1725.593
v 2712.306 -86.564 -1733.556
f 2797 2798 2799
f 2799 2800 2797
v 2711.422 -86.671 -1733.368
v 2713.956 -86.406 -1725.780
v 2724.242 -85.153 -1729.215
v 2721.708 -85.415 -1736.803
f 2801 2802 2803
f 2803 2804 2801
v 2720.443 -85.571 -1736.106
v 2725.506 -84.998 -1729.912
v 2733.054 -84.051 -1736.081
v 2727.991 -84.623 -1742.275
f 2805 2806 2807
f 2807 2808 2805
v 2727.265 -84.715 -1741.501
v 2733.779 -83.958 -1736.856
v 2737.208 -83.510 -1741.665
v 2730.694 -84.269 -1746.309
f 2809 2810 2811
f 2811 2812 2809
v 2729.965 -84.374 -1743.656
v 2737.937 -83.402 -1744.318
v 2737.091 -83.432 -1754.504
v 2729.119 -84.412 -1753.842
f 2813 2814 2815
f 2815 2816 2813
v 2475.570 -100.666 -1738.598
v 2483.557 -101.245 -1739.046
v 2482.767 -101.258 -1753.129
v 2474.780 -100.666 -1752.680
f 2817 2818 2819
f 2819 2820 2817
v 2474.773 -100.667 -1752.904
v 2482.773 -101.258 -1752.904
v 2482.773 -101.121 -1765.930
v 2474.773 -100.556 -1765.930
f 2821 2822 2823
f 2823 2824 2821
v 2474.851 -100.551 -1766.713
v 2482.696 -101.128 -1765.148
v 2485.435 -101.085 -1778.874
v 2477.589 -100.548 -1780.439
f 2825 2826 2827
f 2827 2828 2825
v 2477.552 -100.549 -1780.223
v 2485.472 -101.084 -1779.090
v 2487.531 -100.822 -1793.490
v 2479.612 -100.334 -1794.622
f 2829 2830 2831
f 2831 2832 2829
v 2479.599 -100.336 -1794.522
v 2487.544 -100.819 -1793.590
v 2488.913 -100.431 -1805.255
v 2480.968 -100.025 -1806.188
f 2833 2834 2835
f 2835 2836 2833
v 2481.001 -100.065 -1805.030
v 2488.880 -100.384 -1806.413
v 2486.832 -99.833 -1818.078
v 2478.952 -99.599 -1816.695
f 2837 2838 2839
f 2839 2840 2837
v 2478.947 -99.598 -1816.728
v 2486.838 -99.835 -1818.045
v 2484.778 -99.145 -1830.384
v 2476.887 -99.022 -1829.067
f 2841 2842 2843
f 2843 2844 2841
v 4305.444 -95.428 -1710.054
v 4304.741 -95.366 -1718.023
v 4240.186 -91.833 -1712.329
v 4240.889 -92.188 -1704.360
f 2845 2846 2847
f 2847 2848 2845
v 4240.802 -92.185 -1704.353
v 4240.274 -91.837 -1712.336
v 4196.303 -91.298 -1709.429
v 4196.831 -91.713 -1701.447
f 2849 2850 2851
f 2851 2852 2849
v 4197.143 -91.715 -1701.480
v 4195.990 -91.296 -1709.396
v 4145.629 -93.443 -1702.064
v 4146.782 -93.735 -1694.148
f 2853 2854 2855
f 2855 2856 2853
v 4146.827 -93.732 -1694.155
v 4145.585 -93.446 -1702.058
v 4108.593 -96.043 -1696.245
v 4109.835 -96.237 -1688.342
f 2857 2858 2859
f 2859 2860 2857
v 4107.516 -96.385 -1688.672
v 4110.913 -95.872 -1695.915
v 4102.998 -96.412 -1699.627
v 4099.601 -96.833 -1692.384
f 2861 2862 2863
f 2863 2864 2861
v 3738.984 -97.411 -1983.610
v 3732.157 -97.049 -1987.779
v 3721.403 -96.589 -1970.169
v 3728.231 -96.807 -1965.999
f 2865 2866 2867
f 2867 2868 2865
v 3728.424 -96.830 -1966.355
v 3721.210 -96.581 -1969.812
v 3714.341 -95.726 -1955.478
v 3721.556 -95.959 -1952.021
f 2869 2870 2871
f 2871 2872 2869
v 3721.878 -96.011 -1953.000
v 3714.019 -95.675 -1954.500
v 3711.626 -95.100 -1941.963
v 3719.484 -95.432 -1940.463
f 2873 2874 2875
f 2875 2876 2873
v 3719.518 -95.441 -1940.668
v 3711.592 -95.091 -1941.757
v 3710.401 -94.510 -1933.091
v 3718.327 -94.818 -1932.002
f 2877 2878 2879
f 2879 2880 2877
v 3717.853 -94.974 -1934.503
v 3710.875 -94.355 -1930.590
v 3715.061 -94.025 -1923.126
v 3722.039 -94.641 -1927.039
f 2881 2882 2883
f 2883 2884 2881
v 3721.119 -94.677 -1928.147
v 3715.980 -93.990 -1922.017
v 3725.231 -93.872 -1914.262
v 3730.370 -94.560 -1920.393
f 2885 2886 2887
f 2887 2888 2885
v 3729.987 -94.563 -1920.677
v 3725.614 -93.870 -1913.978
v 3733.384 -93.867 -1908.905
v 3737.757 -94.562 -1915.604
f 2889 2890 2891
f 2891 2892 2889
v 3737.547 -94.562 -1915.732
v 3733.594 -93.867 -1908.777
v 3742.544 -93.732 -1903.690
v 3746.497 -94.400 -1910.646
f 2893 2894 2895
f 2895 2896 2893
v 3747.349 -94.365 -1909.997
v 3741.693 -93.780 -1904.339
v 3748.260 -93.278 -1897.773
v 3753.916 -93.894 -1903.431
f 2897 2898 2899
f 2899 2900 2897
v 3754.417 -93.848 -1902.821
v 3747.760 -93.325 -1898.383
v 3751.345 -92.908 -1893.007
v 3758.001 -93.443 -1897.444
f 2901 2902 2903
f 2903 2904 2901
v 3758.642 -93.308 -1895.720
v 3750.704 -93.050 -1894.730
v 3751.895 -92.214 -1885.179
v 3759.833 -92.518 -1886.169
f 2905 2906 2907
f 2907 2908 2905
v 3759.864 -92.476 -1885.674
v 3751.864 -92.258 -1885.674
v 3751.864 -91.498 -1877.311
v 3759.864 -91.757 -1877.311
f 2909 2910 2911
f 2911 2912 2909
v 3759.864 -91.757 -1877.311
v 3751.864 -91.498 -1877.311
v 3751.864 -90.598 -1868.064
v 3759.864 -90.906 -1868.064
f 2913 2914 2915
f 2915 2916 2913
v 3759.827 -90.954 -1868.607
v 3751.901 -90.546 -1867.520
v 3752.803 -89.945 -1860.941
v 3760.729 -90.387 -1862.028
f 2917 2918 2919
f 2919 2920 2917
v 3760.680 -90.410 -1862.307
v 3752.851 -89.920 -1860.662
v 3755.233 -88.945 -1849.327
v 3763.062 -89.491 -1850.972
f 2921 2922 2923
f 2923 2924 2921
v 3763.139 -89.446 -1850.423
v 3755.157 -88.994 -1849.876
v 3756.059 -87.893 -1836.731
v 3764.040 -88.404 -1837.278
f 2925 2926 2927
f 2927 2928 2925
v 3764.050 -88.382 -1837.005
v 3756.050 -87.916 -1837.005
v 3756.050 -87.046 -1826.859
v 3764.050 -87.560 -1826.859
f 2929 2930 2931
f 2931 2932 2929
v 3764.034 -87.530 -1826.506
v 3756.065 -87.077 -1827.212
v 3754.874 -85.920 -1813.777
v 3762.843 -86.448 -1813.070
f 2933 2934 2935
f 2935 2936 2933
v 3762.858 -86.470 -1813.423
v 3754.858 -85.897 -1813.423
v 3754.858 -85.462 -1806.554
v 3762.858 -86.060 -1806.554
f 2937 2938 2939
f 2939 2940 2937
v 3762.722 -85.987 -1805.517
v 3754.995 -85.538 -1807.591
v 3753.793 -85.163 -1803.112
v 3761.519 -85.627 -1801.038
f 2941 2942 2943
f 2943 2944 2941
v 3760.681 -85.466 -1799.458
v 3754.631 -85.327 -1804.692
v 3750.757 -84.743 -1800.214
v 3756.808 -84.885 -1794.980
f 2945 2946 2947
f 2947 2948 2945
v 3755.660 -84.736 -1794.065
v 3751.904 -84.891 -1801.128
v 3737.867 -83.395 -1793.664
v 3741.623 -83.105 -1786.601
f 2949 2950 2951
f 2951 2952 2949
v 3741.792 -83.122 -1786.696
v 3737.698 -83.383 -1793.569
v 3726.655 -82.537 -1786.990
v 3730.749 -82.455 -1780.117
f 2953 2954 2955
f 2955 2956 2953
v 3730.629 -82.448 -1780.048
v 3726.775 -82.546 -1787.059
v 3714.831 -81.909 -1780.493
v 3718.684 -81.821 -1773.482
f 2957 2958 2959
f 2959 2960 2957
v 3717.796 -81.779 -1773.125
v 3715.719 -81.952 -1780.851
v 3710.609 -81.729 -1779.477
v 3712.687 -81.558 -1771.751
f 2961 2962 2963
f 2963 2964 2961
v 3712.695 -81.558 -1771.753
v 3710.601 -81.729 -1779.474
v 3704.657 -81.470 -1777.863
v 3706.750 -81.301 -1770.141
f 2965 2966 2967
f 2967 2968 2965
v 3706.416 -81.287 -1770.066
v 3704.991 -81.484 -1777.938
v 3695.139 -81.280 -1776.155
v 3696.564 -81.020 -1768.283
f 2969 2970 2971
f 2971 2972 2969
v 3695.572 -81.035 -1768.228
v 3696.131 -81.268 -1776.209
v 3692.357 -81.330 -1776.473
v 3691.799 -81.105 -1768.493
f 2973 2974 2975
f 2975 2976 2973
v 3691.785 -81.105 -1768.494
v 3692.370 -81.330 -1776.472
v 3683.899 -81.468 -1777.093
v 3683.314 -81.260 -1769.114
f 2977 2978 2979
f 2979 2980 2977
v 3683.329 -81.260 -1769.113
v 3683.884 -81.468 -1777.094
v 3662.388 -81.804 -1778.587
v 3661.834 -81.641 -1770.606
f 2981 2982 2983
f 2983 2984 2981
v 3661.914 -81.639 -1770.601
v 3662.308 -81.805 -1778.592
v 3644.096 -82.514 -1779.490
v 3643.702 -82.416 -1771.500
f 2985 2986 2987
f 2987 2988 2985
v 3644.147 -82.394 -1771.503
v 3643.650 -82.534 -1779.487
v 3624.548 -83.403 -1778.298
v 3625.045 -83.325 -1770.314
f 2989 2990 2991
f 2991 2992 2989
v 3625.283 -83.313 -1770.336
v 3624.310 -83.414 -1778.276
v 3607.289 -84.265 -1776.189
v 3608.263 -84.214 -1768.248
f 2993 2994 2995
f 2995 2996 2993
v 3608.828 -84.182 -1768.359
v 3606.724 -84.296 -1776.078
v 3590.293 -85.217 -1771.599
v 3592.397 -85.155 -1763.881
f 2997 2998 2999
f 2999 3000 2997
v 3591.661 -85.199 -1763.753
v 3591.029 -85.175 -1771.728
v 3579.686 -85.820 -1770.829
v 3580.317 -85.883 -1762.854
f 3001 3002 3003
f 3003 3004 3001
v 3579.657 -85.922 -1762.857
v 3580.346 -85.783 -1770.827
v 3566.610 -86.346 -1772.016
v 3565.920 -86.510 -1764.046
f 3005 3006 3007
f 3007 3008 3005
v 3565.593 -86.521 -1764.088
v 3566.936 -86.336 -1771.974
v 3551.118 -86.812 -1774.669
v 3549.774 -87.037 -1766.783
f 3009 3010 3011
f 3011 3012 3009
v 3549.426 -87.048 -1766.858
v 3551.466 -86.803 -1774.594
v 3529.970 -87.186 -1780.261
v 3527.931 -87.388 -1772.525
f 3013 3014 3015
f 3015 3016 3013
v 3528.457 -87.396 -1772.424
v 3529.444 -87.177 -1780.363
v 3519.882 -87.045 -1781.552
v 3518.894 -87.272 -1773.613
f 3017 3018 3019
f 3019 3020 3017
v 3519.490 -87.279 -1773.584
v 3519.286 -87.037 -1781.581
v 3507.942 -86.929 -1781.290
v 3508.147 -87.182 -1773.293
f 3021 3022 3023
f 3023 3024 3021
v 3508.366 -87.183 -1773.305
v 3507.723 -86.928 -1781.279
v 3492.795 -86.814 -1780.077
v 3493.438 -87.084 -1772.102
f 3025 3026 3027
f 3027 3028 3025
v 3493.297 -87.083 -1772.094
v 3492.936 -86.815 -1780.085
v 3479.800 -86.080 -1779.491
v 3480.162 -86.355 -1771.499
f 3029 3030 3031
f 3031 3032 3029
v 3480.519 -86.375 -1771.531
v 3479.443 -86.060 -1779.459
v 3466.307 -85.341 -1777.675
v 3467.383 -85.644 -1769.748
f 3033 3034 3035
f 3035 3036 3033
v 3467.764 -85.664 -1769.819
v 3465.926 -85.320 -1777.604
v 3457.254 -84.867 -1775.557
v 3459.093 -85.204 -1767.771
f 3037 3038 3039
f 3039 3040 3037
v 3459.082 -85.203 -1767.768
v 3457.264 -84.868 -1775.559
v 3453.301 -84.659 -1774.634
v 3455.119 -84.991 -1766.844
f 3041 3042 3043
f 3043 3044 3041
v 3456.093 -85.039 -1767.210
v 3452.328 -84.612 -1774.268
v 3431.745 -82.823 -1763.290
v 3435.510 -83.373 -1756.231
f 3045 3046 3047
f 3047 3048 3045
v 3435.847 -83.410 -1756.433
v 3431.408 -82.792 -1763.089
v 3414.944 -81.161 -1752.111
v 3419.382 -81.596 -1745.455
f 3049 3050 3051
f 3051 3052 3049
v 3419.904 -81.653 -1745.869
v 3414.422 -81.104 -1751.696
v 3402.767 -79.680 -1740.731
v 3408.249 -80.342 -1734.904
f 3053 3054 3055
f 3055 3056 3053
v 3407.186 -80.206 -1734.187
v 3403.830 -79.816 -1741.449
v 3385.996 -77.569 -1733.205
v 3389.353 -77.973 -1725.943
f 3057 3058 3059
f 3059 3060 3057
v 3388.401 -77.853 -1725.641
v 3386.948 -77.688 -1733.508
v 3368.425 -75.391 -1730.086
v 3369.878 -75.588 -1722.219
f 3061 3062 3063
f 3063 3064 3061
v 3369.151 -75.500 -1722.153
v 3369.151 -75.479 -1730.153
v 3346.509 -72.917 -1730.153
v 3346.509 -73.006 -1722.153
f 3065 3066 3067
f 3067 3068 3065
v 3346.413 -72.995 -1722.154
v 3346.604 -72.928 -1730.151
v 3317.795 -70.053 -1730.838
v 3317.604 -70.184 -1722.841
f 3069 3070 3071
f 3071 3072 3069
v 3317.802 -70.198 -1722.841
v 3317.597 -70.039 -1730.838
v 3290.847 -68.096 -1730.151
v 3291.052 -68.326 -1722.154
f 3073 3074 3075
f 3075 3076 3073
v 3291.699 -68.369 -1722.223
v 3290.200 -68.050 -1730.082
v 3275.795 -67.628 -1727.334
v 3277.294 -67.980 -1719.476
f 3077 3078 3079
f 3079 3080 3077
v 3278.664 -67.973 -1720.012
v 3274.425 -67.614 -1726.797
v 3263.449 -67.769 -1719.941
v 3267.688 -68.163 -1713.156
f 3081 3082 3083
f 3083 3084 3081
v 3268.189 -68.151 -1713.526
v 3262.948 -67.781 -1719.571
v 3252.662 -68.090 -1710.653
v 3257.903 -68.461 -1704.609
f 3085 3086 3087
f 3087 3088 3085
v 3258.033 -68.457 -1704.727
v 3252.532 -68.094 -1710.535
v 3226.461 -70.157 -1685.844
v 3231.962 -70.423 -1680.036
f 3089 3090 3091
f 3091 3092 3089
v 3231.339 -70.478 -1679.553
v 3227.084 -70.101 -1686.327
v 3197.595 -72.318 -1667.806
v 3201.850 -72.571 -1661.032
f 3093 3094 3095
f 3095 3096 3093
v 4045.401 -96.946 -1593.778
v 4046.057 -96.718 -1585.805
v 4056.654 -97.429 -1586.677
v 4055.998 -97.562 -1594.650
f 3097 3098 3099
f 3099 3100 3097
v 4056.158 -97.571 -1594.660
v 4056.495 -97.419 -1586.667
v 4076.544 -98.684 -1587.513
v 4076.207 -98.656 -1595.506
f 3101 3102 3103
f 3103 3104 3101
v 4076.186 -98.655 -1595.505
v 4076.564 -98.685 -1587.514
v 4108.167 -100.492 -1589.006
v 4107.790 -100.168 -1596.997
f 3105 3106 3107
f 3107 3108 3105
v 4107.874 -100.172 -1597.001
v 4108.084 -100.487 -1589.003
v 4114.117 -100.785 -1589.162
v 4113.907 -100.422 -1597.159
f 3109 3110 3111
f 3111 3112 3109
v 4113.847 -100.420 -1597.157
v 4114.177 -100.787 -1589.164
v 4132.712 -101.404 -1589.930
v 4132.382 -100.912 -1597.923
f 3113 3114 3115
f 3115 3116 3113
v 4132.380 -100.912 -1597.923
v 4132.713 -101.404 -1589.930
v 4141.597 -101.691 -1590.300
v 4141.264 -101.138 -1598.293
f 3117 3118 3119
f 3119 3120 3117
v 4140.826 -101.129 -1598.251
v 4142.035 -101.704 -1590.343
v 4151.886 -101.931 -1591.849
v 4150.677 -101.291 -1599.757
f 3121 3122 3123
f 3123 3124 3121
v 4150.922 -101.296 -1599.786
v 4151.641 -101.925 -1591.819
v 4157.497 -101.953 -1592.347
v 4156.778 -101.322 -1600.315
f 3125 3126 3127
f 3127 3128 3125
v 4156.806 -101.322 -1600.317
v 4157.469 -101.954 -1592.345
v 4169.859 -101.889 -1593.375
v 4169.196 -101.229 -1601.348
f 3129 3130 3131
f 3131 3132 3129
v 3934.118 -98.266 -1379.938
v 3931.316 -98.852 -1372.444
v 3954.460 -100.474 -1363.792
v 3957.261 -99.771 -1371.285
f 3133 3134 3135
f 3135 3136 3133
v 3957.221 -99.769 -1371.300
v 3954.500 -100.476 -1363.777
v 4065.163 -99.419 -1323.749
v 4067.884 -99.177 -1331.272
f 3137 3138 3139
f 3139 3140 3137
v 4067.906 -99.176 -1331.264
v 4065.141 -99.420 -1323.758
v 4125.353 -93.989 -1301.577
v 4128.119 -93.994 -1309.084
f 3141 3142 3143
f 3143 3144 3141
v 4128.297 -93.979 -1309.014
v 4125.175 -94.005 -1301.648
v 4184.664 -90.567 -1276.430
v 4187.786 -90.485 -1283.795
f 3145 3146 3147
f 3147 3148 3145
v 4187.468 -90.496 -1283.914
v 4184.982 -90.555 -1276.311
v 4252.441 -92.192 -1254.249
v 4254.928 -92.133 -1261.853
f 3149 3150 3151
f 3151 3152 3149
v 3972.772 -96.879 -1160.700
v 3971.165 -96.049 -1152.863
v 3985.781 -96.081 -1149.865
v 3987.389 -96.891 -1157.702
f 3153 3154 3155
f 3155 3156 3153
v 3987.279 -96.891 -1157.723
v 3985.891 -96.081 -1149.844
v 4019.186 -96.620 -1143.979
v 4020.574 -97.191 -1151.857
f 3157 3158 3159
f 3159 3160 3157
v 4020.447 -97.189 -1151.878
v 4019.314 -96.623 -1143.958
v 4044.049 -97.358 -1140.418
v 4045.182 -97.698 -1148.337
f 3161 3162 3163
f 3163 3164 3161
v 4045.257 -97.700 -1148.326
v 4043.974 -97.355 -1140.429
v 4088.290 -99.191 -1133.230
v 4089.573 -99.107 -1141.126
f 3165 3166 3167
f 3167 3168 3165
v 4089.663 -99.110 -1141.111
v 4088.201 -99.186 -1133.245
v 4133.052 -101.359 -1124.910
v 4134.513 -100.884 -1132.775
f 3169 3170 3171
f 3171 3172 3169
v 4134.455 -100.882 -1132.786
v 4133.110 -101.361 -1124.899
v 4153.092 -102.334 -1121.491
v 4154.437 -101.687 -1129.377
f 3173 3174 3175
f 3175 3176 3173
v 4154.220 -101.684 -1129.408
v 4153.309 -102.344 -1121.460
v 4196.200 -102.887 -1116.546
v 4197.111 -102.109 -1124.494
f 3177 3178 3179
f 3179 3180 3177
v 4197.179 -102.108 -1124.486
v 4196.132 -102.889 -1116.554
v 4215.847 -102.322 -1113.952
v 4216.894 -101.665 -1121.883
f 3181 3182 3183
f 3183 3184 3181
v 3953.477 -91.115 -1100.969
v 3952.211 -90.533 -1093.070
v 4156.170 -105.352 -1060.375
v 4157.436 -105.144 -1068.274
f 3185 3186 3187
f 3187 3188 3185
v 4157.499 -105.145 -1068.263
v 4156.107 -105.351 -1060.385
v 4226.239 -104.361 -1047.994
v 4227.631 -104.367 -1055.872
f 3189 3190 3191
f 3191 3192 3189
v 3944.933 -89.067 -1050.137
v 3936.933 -89.215 -1050.137
v 3936.933 -89.262 -1045.513
v 3944.933 -89.117 -1045.513
f 3193 3194 3195
f 3195 3196 3193
v 3944.534 -89.105 -1047.253
v 3937.331 -89.273 -1043.774
v 3939.424 -89.281 -1039.441
v 3946.627 -89.114 -1042.920
f 3197 3198 3199
f 3199 3200 3197
v 3945.969 -89.115 -1043.889
v 3940.082 -89.279 -1038.472
v 3943.511 -89.258 -1034.746
v 3949.397 -89.218 -1040.164
f 3201 3202 3203
f 3203 3204 3201
v 3948.518 -89.181 -1040.882
v 3944.391 -89.250 -1034.029
v 3948.866 -89.297 -1031.334
v 3952.993 -89.357 -1038.187
f 3205 3206 3207
f 3207 3208 3205
v 3952.686 -89.345 -1038.354
v 3949.172 -89.308 -1031.167
v 3956.196 -89.575 -1027.732
v 3959.710 -89.613 -1034.919
f 3209 3210 3211
f 3211 3212 3209
v 3959.108 -89.591 -1035.155
v 3956.798 -89.597 -1027.496
v 3965.470 -89.948 -1024.881
v 3967.780 -89.903 -1032.540
f 3213 3214 3215
f 3215 3216 3213
v 3967.267 -89.885 -1032.658
v 3965.983 -89.971 -1024.762
v 4050.909 -96.328 -1010.958
v 4052.193 -96.328 -1018.854
f 3217 3218 3219
f 3219 3220 3217
v 4052.078 -96.316 -1018.871
v 4051.023 -96.339 -1010.941
v 4108.208 -101.424 -1003.332
v 4109.263 -101.698 -1011.262
f 3221 3222 3223
f 3223 3224 3221
v 4109.375 -101.707 -1011.245
v 4108.096 -101.414 -1003.348
v 4214.985 -102.495 -986.030
v 4216.264 -103.060 -993.927
f 3225 3226 3227
f 3227 3228 3225
v 4216.295 -103.058 -993.922
v 4214.954 -102.497 -986.035
v 4269.445 -98.772 -976.775
v 4270.786 -98.999 -984.662
f 3229 3230 3231
f 3231 3232 3229
v 4039.968 -100.840 -1689.951
v 4034.480 -101.430 -1695.772
v 4029.014 -101.534 -1690.620
v 4034.502 -100.954 -1684.799
f 3233 3234 3235
f 3235 3236 3233
v 4032.887 -101.003 -1683.872
v 4030.630 -101.495 -1691.547
v 4025.553 -101.618 -1690.054
v 4027.811 -101.160 -1682.379
f 3237 3238 3239
f 3239 3240 3237
v 4027.044 -101.174 -1682.233
v 4026.320 -101.601 -1690.200
v 4009.900 -102.039 -1688.707
v 4010.625 -101.520 -1680.740
f 3241 3242 3243
f 3243 3244 3241
v 4010.619 -101.520 -1680.740
v 4009.906 -102.039 -1688.708
v 3966.614 -102.154 -1684.837
v 3967.326 -101.517 -1676.869
f 3245 3246 3247
f 3247 3248 3245
v 3966.886 -101.510 -1676.854
v 3967.055 -102.161 -1684.852
v 3953.318 -102.020 -1685.143
v 3953.149 -101.355 -1677.144
f 3249 3250 3251
f 3251 3252 3249
v 3953.651 -101.363 -1677.165
v 3952.816 -102.012 -1685.122
v 3898.771 -98.746 -1679.454
v 3899.605 -98.350 -1671.498
f 3253 3254 3255
f 3255 3256 3253
v 3899.801 -98.366 -1671.523
v 3898.574 -98.728 -1679.429
v 3877.379 -96.848 -1676.139
v 3878.606 -96.641 -1668.234
f 3257 3258 3259
f 3259 3260 3257
v 3878.435 -96.628 -1668.211
v 3877.550 -96.863 -1676.162
v 3861.420 -95.497 -1674.365
v 3862.305 -95.396 -1666.415
f 3261 3262 3263
f 3263 3264 3261
v 3862.253 -95.392 -1666.409
v 3861.472 -95.501 -1674.371
v 3846.244 -94.101 -1672.878
v 3847.024 -94.126 -1664.916
f 3265 3266 3267
f 3267 3268 3265
v 3846.634 -94.095 -1664.897
v 3846.634 -94.136 -1672.897
v 3838.274 -93.385 -1672.897
v 3838.274 -93.420 -1664.897
f 3269 3270 3271
f 3271 3272 3269
v 3837.549 -93.361 -1664.963
v 3838.999 -93.451 -1672.831
v 3824.371 -92.084 -1675.526
v 3822.922 -92.120 -1667.658
f 3273 3274 3275
f 3275 3276 3273
v 3821.845 -92.025 -1668.021
v 3825.448 -92.191 -1675.163
v 3792.898 -88.490 -1691.584
v 3789.295 -88.503 -1684.442
f 3277 3278 3279
f 3279 3280 3277
v 3788.677 -88.422 -1684.828
v 3793.516 -88.573 -1691.199
v 3786.436 -87.558 -1696.575
v 3781.597 -87.406 -1690.204
f 3281 3282 3283
f 3283 3284 3281
v 3270.851 -80.630 -1566.236
v 3267.499 -81.045 -1558.972
v 3344.633 -78.785 -1523.383
v 3347.984 -78.473 -1530.647
f 3285 3286 3287
f 3287 3288 3285
v 3342.642 -78.901 -1528.614
v 3349.975 -78.351 -1525.416
v 3354.595 -77.936 -1536.011
v 3347.262 -78.471 -1539.209
f 3289 3290 3291
f 3291 3292 3289
v 3347.613 -78.440 -1539.848
v 3354.243 -77.966 -1535.372
v 3358.685 -77.601 -1541.951
v 3352.055 -78.032 -1546.427
f 3293 3294 3295
f 3295 3296 3293
v 3352.476 -77.993 -1546.950
v 3358.264 -77.634 -1541.427
v 3362.928 -77.251 -1546.315
v 3357.140 -77.590 -1551.838
f 3297 3298 3299
f 3299 3300 3297
v 3357.754 -77.541 -1552.363
v 3362.315 -77.300 -1545.790
v 3365.532 -77.050 -1548.023
v 3360.971 -77.299 -1554.595
f 3301 3302 3303
f 3303 3304 3301
v 3361.776 -77.241 -1555.027
v 3364.726 -77.110 -1547.591
v 3368.789 -76.813 -1549.203
v 3365.840 -76.962 -1556.639
f 3305 3306 3307
f 3307 3308 3305
v 3348.054 -77.383 -1585.567
v 3351.086 -77.473 -1578.164
v 3360.570 -76.958 -1582.048
v 3357.539 -76.933 -1589.451
f 3309 3310 3311
f 3311 3312 3309
v 3357.588 -76.931 -1589.471
v 3360.521 -76.961 -1582.028
v 3366.187 -76.693 -1584.260
v 3363.254 -76.703 -1591.703
f 3313 3314 3315
f 3315 3316 3313
v 3363.057 -76.711 -1591.619
v 3366.385 -76.684 -1584.344
v 3376.838 -76.289 -1589.127
v 3373.509 -76.375 -1596.402
f 3317 3318 3319
f 3319 3320 3317
v 3373.040 -76.387 -1596.148
v 3377.307 -76.274 -1589.381
v 3382.984 -76.123 -1592.961
v 3378.717 -76.263 -1599.728
f 3321 3322 3323
f 3323 3324 3321
v 3377.509 -76.285 -1598.542
v 3384.193 -76.101 -1594.146
v 3389.892 -76.093 -1602.812
v 3383.208 -76.243 -1607.208
f 3325 3326 3327
f 3327 3328 3325
v 3201.961 -78.260 -1581.786
v 3203.229 -78.839 -1573.887
v 3227.419 -79.338 -1577.771
v 3226.151 -78.682 -1585.669
f 3329 3330 3331
f 3331 3332 3329
v 3226.391 -78.686 -1585.701
v 3227.178 -79.333 -1577.739
v 3260.318 -79.586 -1581.016
v 3259.531 -78.896 -1588.977
f 3333 3334 3335
f 3335 3336 3333
v 3259.976 -78.895 -1588.996
v 3259.873 -79.588 -1580.997
v 3282.560 -79.611 -1580.706
v 3282.663 -78.936 -1588.705
f 3337 3338 3339
f 3339 3340 3337
v 2591.874 -88.735 -1557.578
v 2592.609 -88.331 -1549.612
v 2666.948 -91.077 -1556.468
v 2666.213 -91.106 -1564.434
f 3341 3342 3343
f 3343 3344 3341
v 2666.136 -91.103 -1564.426
v 2667.025 -91.080 -1556.476
v 2717.787 -93.105 -1562.156
v 2716.897 -92.848 -1570.107
f 3345 3346 3347
f 3347 3348 3345
v 2716.968 -92.849 -1570.114
v 2717.716 -93.104 -1562.149
v 2729.961 -93.334 -1563.298
v 2729.214 -93.021 -1571.263
f 3349 3350 3351
f 3351 3352 3349
v 2729.213 -93.021 -1571.263
v 2729.962 -93.334 -1563.298
v 2793.859 -92.455 -1569.309
v 2793.110 -91.929 -1577.274
f 3353 3354 3355
f 3355 3356 3353
v 2793.118 -91.928 -1577.275
v 2793.852 -92.456 -1569.309
v 2860.788 -87.008 -1575.478
v 2860.054 -86.651 -1583.444
f 3357 3358 3359
f 3359 3360 3357
v 2860.082 -86.648 -1583.447
v 2860.760 -87.010 -1575.475
v 2893.544 -83.515 -1578.263
v 2892.866 -83.436 -1586.234
f 3361 3362 3363
f 3363 3364 3361
v 2892.817 -83.441 -1586.230
v 2893.592 -83.510 -1578.267
v 3026.218 -73.849 -1591.174
v 3025.443 -74.568 -1599.136
f 3365 3366 3367
f 3367 3368 3365
v 3025.369 -74.570 -1599.129
v 3026.292 -73.847 -1591.182
v 3080.338 -73.790 -1597.457
v 3079.415 -74.323 -1605.404
f 3369 3370 3371
f 3371 3372 3369
v 3078.907 -74.321 -1605.311
v 3080.846 -73.806 -1597.550
v 3101.151 -74.437 -1602.622
v 3099.211 -74.830 -1610.384
f 3373 3374 3375
f 3375 3376 3373
v 3098.697 -74.818 -1610.218
v 3101.665 -74.452 -1602.789
v 3121.079 -74.962 -1610.543
v 3118.111 -75.193 -1617.972
f 3377 3378 3379
f 3379 3380 3377
v 3117.548 -75.186 -1617.694
v 3121.642 -74.980 -1610.821
v 3132.685 -75.244 -1617.400
v 3128.591 -75.352 -1624.273
f 3381 3382 3383
f 3383 3384 3381
v 3128.140 -75.347 -1623.961
v 3133.136 -75.251 -1617.713
v 3145.081 -75.289 -1627.264
v 3140.085 -75.348 -1633.512
f 3385 3386 3387
f 3387 3388 3385
v 3139.306 -75.356 -1632.682
v 3145.859 -75.279 -1628.094
v 3149.800 -75.188 -1633.721
v 3143.247 -75.292 -1638.310
f 3389 3390 3391
f 3391 3392 3389
v 3143.245 -75.292 -1638.307
v 3149.802 -75.188 -1633.724
v 3152.129 -75.106 -1637.054
v 3145.571 -75.225 -1641.636
f 3393 3394 3395
f 3395 3396 3393
v 3145.068 -75.242 -1640.649
v 3152.631 -75.081 -1638.041
v 3155.615 -74.858 -1646.694
v 3148.052 -75.099 -1649.302
f 3397 3398 3399
f 3399 3400 3397
v 3147.945 -75.105 -1648.937
v 3155.722 -74.848 -1647.059
v 3157.814 -74.592 -1655.725
v 3150.038 -74.937 -1657.603
f 3401 3402 3403
f 3403 3404 3401
v 3150.003 -74.941 -1657.446
v 3157.849 -74.587 -1655.882
v 3160.175 -74.205 -1667.547
v 3152.330 -74.678 -1669.112
f 3405 3406 3407
f 3407 3408 3405
v 3145.545 -75.265 -1632.137
v 3147.501 -75.184 -1639.894
v 3134.299 -75.552 -1643.223
v 3132.343 -75.501 -1635.466
f 3409 3410 3411
f 3411 3412 3409
v 3131.961 -75.510 -1635.583
v 3134.681 -75.539 -1643.107
v 3123.939 -75.956 -1646.991
v 3121.218 -75.829 -1639.467
f 3413 3414 3415
f 3415 3416 3413
v 3120.406 -75.862 -1639.870
v 3124.751 -75.917 -1646.588
v 3114.598 -76.526 -1653.153
v 3110.254 -76.435 -1646.436
f 3417 3418 3419
f 3419 3420 3417
v 3109.929 -76.457 -1646.670
v 3114.924 -76.503 -1652.919
v 3107.454 -77.105 -1658.890
v 3102.459 -77.039 -1652.641
f 3421 3422 3423
f 3423 3424 3421
v 3102.129 -77.069 -1652.937
v 3107.784 -77.074 -1658.595
v 3096.140 -78.293 -1670.233
v 3090.485 -78.343 -1664.575
f 3425 3426 3427
f 3427 3428 3425
v 3089.854 -78.430 -1665.395
v 3096.771 -78.215 -1669.414
v 3087.699 -79.655 -1685.029
v 3080.781 -79.938 -1681.010
f 3429 3430 3431
f 3431 3432 3429
v 2961.380 -84.754 -1736.920
v 2966.116 -84.852 -1730.472
v 2975.055 -85.166 -1737.038
v 2970.319 -85.069 -1743.486
f 3433 3434 3435
f 3435 3436 3433
v 2969.581 -85.042 -1742.782
v 2975.793 -85.194 -1737.741
v 2984.754 -85.556 -1748.786
v 2978.542 -85.403 -1753.826
f 3437 3438 3439
f 3439 3440 3437
v 2977.881 -85.373 -1752.650
v 2985.415 -85.587 -1749.962
v 2988.399 -85.681 -1758.324
v 2980.864 -85.376 -1761.012
f 3441 3442 3443
f 3443 3444 3441
v 2980.897 -85.374 -1761.102
v 2988.365 -85.683 -1758.234
v 2991.349 -85.550 -1766.002
v 2983.881 -85.255 -1768.870
f 3445 3446 3447
f 3447 3448 3445
v 2996.306 -85.505 -1721.825
v 3000.431 -85.124 -1714.971
v 3011.473 -85.240 -1721.616
v 3007.349 -85.552 -1728.470
f 3449 3450 3451
f 3451 3452 3449
v 3008.215 -85.540 -1728.860
v 3010.607 -85.236 -1721.226
v 3021.060 -85.206 -1724.502
v 3018.668 -85.382 -1732.136
f 3453 3454 3455
f 3455 3456 3453
v 3019.986 -85.360 -1732.317
v 3019.742 -85.221 -1724.321
v 3029.294 -85.032 -1724.030
v 3029.537 -85.185 -1732.027
f 3457 3458 3459
f 3459 3460 3457
v 3029.624 -85.183 -1732.023
v 3029.207 -85.034 -1724.034
v 3040.851 -84.656 -1723.426
v 3041.268 -84.809 -1731.415
f 3461 3462 3463
f 3463 3464 3461
v 3040.735 -84.846 -1731.408
v 3041.383 -84.621 -1723.434
v 3052.437 -83.916 -1724.332
v 3051.789 -84.095 -1732.306
f 3465 3466 3467
f 3467 3468 3465
v 3050.913 -84.154 -1732.135
v 3053.314 -83.864 -1724.504
v 3063.767 -83.234 -1727.793
v 3061.365 -83.464 -1735.424
f 3469 3470 3471
f 3471 3472 3469
v 3061.166 -83.478 -1735.356
v 3063.966 -83.221 -1727.862
v 3086.352 -81.494 -1736.224
v 3083.553 -81.844 -1743.718
f 3473 3474 3475
f 3475 3476 3473
v 3026.254 -85.229 -1730.479
v 3032.577 -85.050 -1725.578
v 3039.746 -84.948 -1734.825
v 3033.423 -85.191 -1739.727
f 3477 3478 3479
f 3479 3480 3477
v 3033.451 -85.191 -1739.762
v 3039.718 -84.949 -1734.790
v 3047.777 -84.490 -1744.949
v 3041.510 -84.974 -1749.921
f 3481 3482 3483
f 3483 3484 3481
v 3041.390 -84.981 -1749.761
v 3047.898 -84.484 -1745.109
v 3053.876 -84.144 -1753.471
v 3047.368 -84.574 -1758.124
f 3485 3486 3487
f 3487 3488 3485
v 3048.062 -84.503 -1758.871
v 3053.182 -84.186 -1752.724
v 3056.766 -83.962 -1755.710
v 3051.646 -84.163 -1761.857
f 3489 3490 3491
f 3491 3492 3489
v 3054.206 -83.959 -1762.783
v 3054.206 -84.133 -1754.783
v 3058.381 -83.841 -1754.783
v 3058.381 -83.671 -1762.783
f 3493 3494 3495
f 3495 3496 3493
v 3059.587 -83.593 -1762.597
v 3057.174 -83.927 -1754.970
v 3062.851 -83.514 -1753.173
v 3065.265 -83.252 -1760.800
f 3497 3498 3499
f 3499 3500 3497
v 3065.942 -83.213 -1760.515
v 3062.174 -83.564 -1753.458
v 3075.610 -82.568 -1746.284
v 3079.378 -82.360 -1753.342
f 3501 3502 3503
f 3503 3504 3501
v 3080.223 -82.268 -1752.738
v 3074.766 -82.632 -1746.888
v 3079.241 -82.289 -1742.714
v 3084.698 -81.756 -1748.563
f 3505 3506 3507
f 3507 3508 3505
v 3085.509 -81.661 -1747.502
v 3078.430 -82.353 -1743.775
v 3081.413 -82.031 -1738.108
v 3088.492 -81.304 -1741.834
f 3509 3510 3511
f 3511 3512 3509
v 3088.474 -81.306 -1741.868
v 3081.431 -82.029 -1738.074
v 3085.617 -81.531 -1730.306
v 3092.659 -80.812 -1734.101
f 3513 3514 3515
f 3515 3516 3513
v 3092.532 -80.827 -1734.320
v 3085.744 -81.516 -1730.086
v 3088.728 -81.152 -1725.304
v 3095.515 -80.484 -1729.538
f 3517 3518 3519
f 3519 3520 3517
v 3095.484 -80.487 -1729.587
v 3088.759 -81.147 -1725.255
v 3100.102 -79.488 -1707.645
v 3106.828 -78.954 -1711.977
f 3521 3522 3523
f 3523 3524 3521
v 3106.578 -78.986 -1712.322
v 3100.351 -79.455 -1707.300
v 3107.821 -78.544 -1698.039
v 3114.048 -78.087 -1703.061
f 3525 3526 3527
f 3527 3528 3525
v 3114.149 -78.075 -1702.930
v 3107.720 -78.556 -1698.170
v 3113.686 -77.806 -1690.111
v 3120.116 -77.399 -1694.872
f 3529 3530 3531
f 3531 3532 3529
v 3119.187 -77.500 -1695.774
v 3114.616 -77.703 -1689.209
v 3121.484 -77.027 -1684.427
v 3126.055 -76.776 -1690.992
f 3533 3534 3535
f 3535 3536 3533
v 3125.003 -76.880 -1691.514
v 3122.536 -76.929 -1683.904
v 3133.579 -75.998 -1680.324
v 3136.046 -75.864 -1687.934
f 3537 3538 3539
f 3539 3540 3537
v 3136.225 -75.849 -1687.872
v 3133.400 -76.013 -1680.387
v 3180.878 -73.385 -1662.473
v 3183.702 -72.914 -1669.958
f 3541 3542 3543
f 3543 3544 3541
v 3713.505 -81.820 -1779.156
v 3709.790 -81.467 -1772.071
v 3713.998 -81.544 -1769.865
v 3717.713 -81.898 -1776.950
f 3545 3546 3547
f 3547 3548 3545
v 3719.856 -81.860 -1773.408
v 3711.856 -81.581 -1773.408
v 3711.856 -81.450 -1769.233
v 3719.856 -81.727 -1769.233
f 3549 3550 3551
f 3551 3552 3549
v 3719.333 -81.646 -1767.255
v 3712.379 -81.530 -1771.211
v 3709.997 -81.315 -1767.023
v 3716.950 -81.430 -1763.067
f 3553 3554 3555
f 3555 3556 3553
v 3713.834 -81.260 -1761.061
v 3713.113 -81.487 -1769.029
v 3706.545 -81.240 -1768.434
v 3707.266 -81.015 -1760.467
f 3557 3558 3559
f 3559 3560 3557
v 3705.537 -80.963 -1760.692
v 3708.274 -81.293 -1768.209
v 3701.706 -81.140 -1770.600
v 3698.969 -80.819 -1763.083
f 3561 3562 3563
f 3563 3564 3561
v 3698.082 -80.849 -1763.539
v 3702.594 -81.157 -1770.145
v 3694.334 -81.281 -1775.786
v 3689.822 -81.157 -1769.180
f 3565 3566 3567
f 3567 3568 3565
v 3363.613 -74.825 -1759.969
v 3371.105 -75.717 -1762.776
v 3368.422 -75.409 -1769.936
v 3360.930 -74.562 -1767.129
f 3569 3570 3571
f 3571 3572 3569
v 3360.713 -74.544 -1767.988
v 3368.639 -75.430 -1769.077
v 3367.448 -75.330 -1777.744
v 3359.522 -74.471 -1776.654
f 3573 3574 3575
f 3575 3576 3573
v 3359.943 -74.532 -1779.057
v 3367.027 -75.275 -1775.341
v 3370.311 -75.664 -1781.603
v 3363.227 -74.917 -1785.319
f 3577 3578 3579
f 3579 3580 3577
v 3364.036 -75.007 -1786.382
v 3369.502 -75.567 -1780.540
v 3388.014 -77.574 -1797.859
v 3382.549 -76.970 -1803.701
f 3581 3582 3583
f 3583 3584 3581
v 3383.121 -77.023 -1804.147
v 3387.442 -77.519 -1797.414
v 3407.446 -79.230 -1810.255
v 3403.125 -78.660 -1816.988
f 3585 3586 3587
f 3587 3588 3585
v 3403.905 -78.717 -1817.376
v 3406.666 -79.169 -1809.867
v 3426.970 -80.520 -1817.331
v 3424.210 -79.885 -1824.840
f 3589 3590 3591
f 3591 3592 3589
v 3424.714 -79.911 -1824.988
v 3426.466 -80.489 -1817.183
v 3438.411 -81.203 -1819.865
v 3436.658 -80.540 -1827.670
f 3593 3594 3595
f 3595 3596 3593
v 3437.535 -80.590 -1827.767
v 3437.535 -81.146 -1819.767
v 3443.802 -81.604 -1819.767
v 3443.802 -81.000 -1827.767
f 3597 3598 3599
f 3599 3600 3597
v 3445.804 -81.173 -1827.230
v 3441.800 -81.418 -1820.305
v 3447.466 -82.082 -1817.028
v 3451.470 -81.813 -1823.954
f 3601 3602 3603
f 3603 3604 3601
v 3452.853 -81.990 -1822.622
v 3446.083 -81.880 -1818.360
v 3452.662 -82.994 -1807.910
v 3459.432 -83.083 -1812.172
f 3605 3606 3607
f 3607 3608 3605
v 3459.861 -83.163 -1811.248
v 3452.233 -82.915 -1808.835
v 3456.107 -83.873 -1796.588
v 3463.735 -84.143 -1799.001
f 3609 3610 3611
f 3611 3612 3609
v 3463.911 -84.211 -1798.075
v 3455.931 -83.806 -1797.515
v 3456.833 -84.579 -1784.674
v 3464.813 -85.027 -1785.234
f 3613 3614 3615
f 3615 3616 3613
v 3464.823 -85.036 -1784.954
v 3456.823 -84.570 -1784.954
v 3456.823 -84.717 -1779.881
v 3464.823 -85.187 -1779.881
f 3617 3618 3619
f 3619 3620 3617
v 3464.630 -85.212 -1778.653
v 3457.016 -84.693 -1781.108
v 3454.366 -84.772 -1772.891
v 3461.980 -85.299 -1770.436
f 3621 3622 3623
f 3623 3624 3621
v 3439.816 -81.050 -1823.433
v 3447.788 -81.552 -1824.102
v 3446.886 -80.646 -1834.855
v 3438.914 -80.226 -1834.187
f 3625 3626 3627
f 3627 3628 3625
v 3438.900 -80.201 -1834.521
v 3446.900 -80.673 -1834.521
v 3446.900 -80.111 -1841.681
v 3438.900 -79.694 -1841.681
f 3629 3630 3631
f 3631 3632 3629
v 3438.932 -79.660 -1842.186
v 3446.868 -80.149 -1841.177
v 3449.262 -78.656 -1859.989
v 3441.326 -78.309 -1860.999
f 3633 3634 3635
f 3635 3636 3633
v 3441.319 -78.313 -1860.947
v 3449.268 -78.651 -1860.041
v 3450.459 -77.748 -1870.491
v 3442.511 -77.496 -1871.397
f 3637 3638 3639
f 3639 3640 3637
v 3442.590 -77.609 -1870.031
v 3450.379 -77.623 -1871.856
v 3449.188 -77.146 -1876.942
v 3441.399 -77.172 -1875.118
f 3641 3642 3643
f 3643 3644 3641
v 3441.522 -77.208 -1874.697
v 3449.065 -77.107 -1877.362
v 3445.481 -76.248 -1887.508
v 3437.938 -76.399 -1884.843
f 3645 3646 3647
f 3647 3648 3645
v 3438.290 -76.455 -1884.100
v 3445.129 -76.188 -1888.251
v 3440.052 -75.551 -1896.614
v 3433.214 -75.853 -1892.463
f 3649 3650 3651
f 3651 3652 3649
v 3433.501 -75.881 -1892.050
v 3439.765 -75.522 -1897.026
v 3431.706 -74.891 -1907.172
v 3425.441 -75.273 -1902.196
f 3653 3654 3655
f 3655 3656 3653
v 3425.640 -75.285 -1901.965
v 3431.507 -74.879 -1907.403
v 3428.201 -74.740 -1910.970
v 3422.334 -75.114 -1905.532
f 3657 3658 3659
f 3659 3660 3657
v 3422.330 -75.114 -1905.536
v 3428.205 -74.741 -1910.966
v 3424.042 -74.615 -1915.471
v 3418.166 -74.948 -1910.041
f 3661 3662 3663
f 3663 3664 3661
v 3418.390 -74.953 -1909.818
v 3423.818 -74.609 -1915.694
v 3404.115 -74.636 -1933.899
v 3398.686 -75.091 -1928.023
f 3665 3666 3667
f 3667 3668 3665
v 3398.641 -75.092 -1928.065
v 3404.160 -74.634 -1933.857
v 3397.892 -74.888 -1939.828
v 3392.374 -75.334 -1934.036
f 3669 3670 3671
f 3671 3672 3669
v 3392.733 -75.318 -1933.732
v 3397.533 -74.908 -1940.132
v 3390.364 -75.337 -1945.509
v 3385.564 -75.694 -1939.109
f 3673 3674 3675
f 3675 3676 3673
v 3385.905 -75.674 -1938.880
v 3390.023 -75.358 -1945.739
v 3382.565 -75.851 -1950.217
v 3378.447 -76.150 -1943.359
f 3677 3678 3679
f 3679 3680 3677
v 3377.946 -76.183 -1943.714
v 3383.066 -75.817 -1949.861
v 3379.481 -76.064 -1952.847
v 3374.361 -76.426 -1946.700
f 3681 3682 3683
f 3683 3684 3681
v 3373.667 -76.474 -1947.448
v 3380.176 -76.015 -1952.099
v 3377.192 -76.225 -1956.274
v 3370.684 -76.691 -1951.622
f 3685 3686 3687
f 3687 3688 3685
v 3370.273 -76.722 -1952.345
v 3377.602 -76.196 -1955.552
v 3375.510 -76.350 -1960.334
v 3368.181 -76.890 -1957.127
f 3689 3690 3691
f 3691 3692 3689
v 3368.017 -76.904 -1957.572
v 3375.674 -76.337 -1959.889
v 3372.690 -76.577 -1969.745
v 3365.033 -77.179 -1967.427
f 3693 3694 3695
f 3695 3696 3693
v 3365.013 -77.181 -1967.498
v 3372.711 -76.575 -1969.674
v 3368.826 -76.880 -1983.414
v 3361.128 -77.492 -1981.237
f 3697 3698 3699
f 3699 3700 3697
v 3361.256 -77.482 -1980.857
v 3368.697 -76.890 -1983.794
v 3364.222 -77.236 -1995.129
v 3356.781 -77.824 -1992.192
f 3701 3702 3703
f 3703 3704 3701
v 3356.713 -77.829 -1992.376
v 3364.290 -77.231 -1994.945
v 3358.012 -77.574 -2013.467
v 3350.435 -78.146 -2010.898
f 3705 3706 3707
f 3707 3708 3705
v 3350.470 -78.145 -2010.800
v 3357.977 -77.576 -2013.565
v 3353.802 -77.720 -2024.900
v 3346.295 -78.247 -2022.135
f 3709 3710 3711
f 3711 3712 3709
v 3346.393 -78.245 -2021.894
v 3353.704 -77.723 -2025.141
v 3348.929 -77.791 -2035.895
v 3341.617 -78.306 -2032.648
f 3713 3714 3715
f 3715 3716 3713
v 3341.813 -78.308 -2032.265
v 3348.734 -77.791 -2036.278
v 3342.155 -77.758 -2047.626
v 3335.234 -78.223 -2043.614
f 3717 3718 3719
f 3719 3720 3717
v 3335.306 -78.225 -2043.493
v 3342.082 -77.757 -2047.746
v 3337.240 -77.661 -2055.462
v 3330.464 -78.097 -2051.209
f 3721 3722 3723
f 3723 3724 3721
v 3330.469 -78.097 -2051.201
v 3337.235 -77.661 -2055.470
v 3335.509 -77.609 -2058.204
v 3328.743 -78.034 -2053.935
f 3725 3726 3727
f 3727 3728 3725
v 3328.582 -78.026 -2054.215
v 3335.670 -77.615 -2057.924
v 3332.386 -77.406 -2064.200
v 3325.298 -77.800 -2060.491
f 3729 3730 3731
f 3731 3732 3729
v 3325.062 -77.774 -2061.037
v 3332.623 -77.430 -2063.653
v 3329.940 -77.044 -2071.408
v 3322.379 -77.310 -2068.792
f 3733 3734 3735
f 3735 3736 3733
v 3322.164 -77.239 -2069.909
v 3330.155 -77.106 -2070.291
v 3329.854 -76.741 -2076.567
v 3321.864 -76.824 -2076.184
f 3737 3738 3739
f 3739 3740 3737
v 3322.196 -76.703 -2077.983
v 3329.522 -76.852 -2074.768
v 3331.615 -76.556 -2079.537
v 3324.289 -76.385 -2082.752
f 3741 3742 3743
f 3743 3744 3741
v 3324.739 -76.334 -2083.527
v 3331.165 -76.603 -2078.762
v 3338.033 -76.105 -2088.023
v 3331.607 -75.801 -2092.788
f 3745 3746 3747
f 3747 3748 3745
v 3332.461 -75.761 -2093.636
v 3337.180 -76.143 -2087.176
v 3344.939 -75.943 -2092.843
v 3340.220 -75.584 -2099.303
f 3749 3750 3751
f 3751 3752 3749
v 3340.869 -75.579 -2099.689
v 3344.290 -75.952 -2092.457
v 3360.709 -75.962 -2100.226
v 3357.288 -75.711 -2107.457
f 3753 3754 3755
f 3755 3756 3753
v 3357.575 -75.716 -2107.579
v 3360.423 -75.959 -2100.103
v 3366.701 -76.057 -2102.495
v 3363.854 -75.867 -2109.971
f 3757 3758 3759
f 3759 3760 3757
v 3364.222 -75.877 -2110.091
v 3366.333 -76.050 -2102.374
v 3372.901 -76.222 -2104.171
v 3370.790 -76.099 -2111.888
f 3761 3762 3763
f 3763 3764 3761
v 3372.585 -76.175 -2111.960
v 3371.106 -76.165 -2104.098
v 3375.881 -76.317 -2103.200
v 3377.360 -76.378 -2111.062
f 3765 3766 3767
f 3767 3768 3765
v 3380.030 -76.478 -2109.222
v 3373.211 -76.228 -2105.040
v 3375.593 -76.309 -2101.156
v 3382.413 -76.535 -2105.338
f 3769 3770 3771
f 3771 3772 3769
v 3383.003 -76.535 -2103.247
v 3375.003 -76.290 -2103.247
v 3375.003 -76.295 -2099.363
v 3383.003 -76.496 -2099.363
f 3773 3774 3775
f 3775 3776 3773
v 3382.718 -76.475 -2097.881
v 3375.288 -76.301 -2100.845
v 3374.097 -76.276 -2097.859
v 3381.527 -76.424 -2094.895
f 3777 3778 3779
f 3779 3780 3777
v 3379.393 -76.373 -2092.703
v 3376.230 -76.326 -2100.051
v 3372.056 -76.227 -2098.255
v 3375.219 -76.309 -2090.906
f 3781 3782 3783
f 3783 3784 3781
v 3373.367 -76.285 -2090.590
v 3373.908 -76.270 -2098.571
v 3369.421 -76.159 -2098.875
v 3368.881 -76.224 -2090.893
f 3785 3786 3787
f 3787 3788 3785
v 3367.163 -76.202 -2091.413
v 3371.139 -76.204 -2098.355
v 3366.965 -76.085 -2100.746
v 3362.989 -76.122 -2093.805
f 3789 3790 3791
f 3791 3792 3789
v 3362.019 -76.096 -2094.583
v 3367.934 -76.114 -2099.968
v 3361.957 -75.869 -2106.534
v 3356.041 -75.842 -2101.149
f 3793 3794 3795
f 3795 3796 3793
v 3442.591 -77.460 -1871.861
v 3450.378 -77.788 -1870.026
v 3452.772 -76.938 -1880.186
v 3444.985 -76.675 -1882.020
f 3797 3798 3799
f 3799 3800 3797
v 3445.107 -76.644 -1882.435
v 3452.650 -76.970 -1879.770
v 3454.442 -76.584 -1884.843
v 3446.899 -76.256 -1887.508
f 3801 3802 3803
f 3803 3804 3801
v 3446.711 -76.407 -1885.606
v 3454.630 -76.426 -1886.746
v 3454.028 -76.055 -1890.921
v 3446.110 -76.071 -1889.780
f 3805 3806 3807
f 3807 3808 3805
v 3446.640 -76.192 -1888.292
v 3453.499 -75.916 -1892.409
v 3451.707 -75.623 -1895.395
v 3444.848 -75.950 -1891.277
f 3809 3810 3811
f 3811 3812 3809
v 3446.055 -76.053 -1890.010
v 3450.499 -75.509 -1896.662
v 3444.232 -75.207 -1900.850
v 3439.787 -75.729 -1894.198
f 3813 3814 3815
f 3815 3816 3813
v 3439.825 -75.730 -1894.173
v 3444.195 -75.205 -1900.875
v 3437.326 -74.942 -1905.353
v 3432.957 -75.441 -1898.652
f 3817 3818 3819
f 3819 3820 3817
v 3433.002 -75.443 -1898.622
v 3437.280 -74.940 -1905.383
v 3427.406 -74.723 -1911.631
v 3423.128 -75.142 -1904.871
f 3821 3822 3823
f 3823 3824 3821
v 3437.713 -76.315 -1886.001
v 3445.705 -76.341 -1886.351
v 3445.405 -75.798 -1893.220
v 3437.412 -75.826 -1892.871
f 3825 3826 3827
f 3827 3828 3825
v 3437.444 -75.776 -1893.578
v 3445.373 -75.854 -1892.513
v 3445.974 -75.499 -1896.992
v 3438.045 -75.455 -1898.056
f 3829 3830 3831
f 3831 3832 3829
v 3438.068 -75.444 -1898.204
v 3445.952 -75.511 -1896.844
v 3447.443 -74.807 -1905.498
v 3439.560 -74.805 -1906.857
f 3833 3834 3835
f 3835 3836 3833
v 3439.572 -74.799 -1906.926
v 3447.431 -74.813 -1905.428
v 3449.824 -73.932 -1917.978
v 3441.966 -74.021 -1919.477
f 3837 3838 3839
f 3839 3840 3837
v 3442.211 -73.969 -1920.287
v 3449.578 -73.988 -1917.168
v 3452.862 -73.477 -1924.923
v 3445.495 -73.429 -1928.042
f 3841 3842 3843
f 3843 3844 3841
v 3446.095 -73.352 -1929.030
v 3452.263 -73.533 -1923.935
v 3459.421 -73.052 -1932.602
v 3453.253 -72.661 -1937.696
f 3845 3846 3847
f 3847 3848 3845
v 3452.939 -72.686 -1937.260
v 3459.734 -73.027 -1933.038
v 3465.111 -72.585 -1941.691
v 3458.316 -72.387 -1945.913
f 3849 3850 3851
f 3851 3852 3849
v 3458.018 -72.404 -1945.334
v 3465.408 -72.567 -1942.270
v 3470.485 -72.178 -1954.517
v 3463.094 -72.025 -1957.580
f 3853 3854 3855
f 3855 3856 3853
v 3462.959 -72.037 -1957.200
v 3470.620 -72.165 -1954.898
v 3475.106 -71.673 -1969.826
v 3467.445 -71.649 -1972.128
f 3857 3858 3859
f 3859 3860 3857
v 3467.444 -71.649 -1972.125
v 3475.107 -71.673 -1969.829
v 3477.790 -71.725 -1978.787
v 3470.127 -71.701 -1981.082
f 3861 3862 3863
f 3863 3864 3861
v 3470.487 -71.706 -1981.921
v 3477.430 -71.720 -1977.947
v 3481.014 -71.765 -1984.209
v 3474.071 -71.751 -1988.183
f 3865 3866 3867
f 3867 3868 3865
v 3474.795 -71.758 -1989.103
v 3480.291 -71.758 -1983.290
v 3491.034 -71.856 -1993.449
v 3485.537 -71.857 -1999.262
f 3869 3870 3871
f 3871 3872 3869
v 3485.162 -71.853 -1998.855
v 3491.408 -71.860 -1993.856
v 3498.577 -72.420 -2002.813
v 3492.331 -72.264 -2007.812
f 3873 3874 3875
f 3875 3876 3873
v 3492.025 -72.241 -2007.371
v 3498.884 -72.460 -2003.254
v 3504.261 -73.212 -2012.211
v 3497.401 -72.968 -2016.329
f 3877 3878 3879
f 3879 3880 3877
v 3497.073 -72.916 -2015.640
v 3504.589 -73.263 -2012.900
v 3505.803 -73.489 -2016.229
v 3498.286 -73.145 -2018.969
f 3881 3882 3883
f 3883 3884 3881
v 3498.285 -73.145 -2018.965
v 3505.804 -73.489 -2016.233
v 3508.175 -73.927 -2022.759
v 3500.656 -73.590 -2025.491
f 3885 3886 3887
f 3887 3888 3885
v 3500.535 -73.564 -2025.095
v 3508.296 -73.952 -2023.156
v 3510.979 -74.700 -2033.897
v 3503.218 -74.394 -2035.835
f 3889 3890 3891
f 3891 3892 3889
v 3503.103 -74.297 -2034.675
v 3511.094 -74.795 -2035.057
v 3510.793 -75.254 -2041.333
v 3502.802 -74.771 -2040.950
f 3893 3894 3895
f 3895 3896 3893
v 3503.807 -74.636 -2038.485
v 3509.788 -75.385 -2043.798
v 3507.406 -75.459 -2046.480
v 3501.425 -74.710 -2041.167
f 3897 3898 3899
f 3899 3900 3897
v 3502.736 -74.708 -2040.193
v 3506.095 -75.462 -2047.454
v 3502.209 -75.389 -2049.250
v 3498.851 -74.629 -2041.989
f 3901 3902 3903
f 3903 3904 3901
v 3500.004 -74.668 -2041.655
v 3501.057 -75.353 -2049.585
v 3496.582 -75.158 -2050.180
v 3495.529 -74.462 -2042.249
f 3905 3906 3907
f 3907 3908 3905
v 3496.660 -74.527 -2042.260
v 3495.450 -75.096 -2050.168
v 3491.565 -74.876 -2049.574
v 3492.775 -74.259 -2041.666
f 3909 3910 3911
f 3911 3912 3909
v 3495.425 -74.541 -2043.294
v 3488.916 -74.703 -2047.946
v 3485.933 -74.326 -2043.771
v 3492.441 -74.038 -2039.119
f 3913 3914 3915
f 3915 3916 3913
v 3493.187 -74.265 -2041.445
v 3485.187 -74.131 -2041.445
v 3485.187 -73.751 -2036.663
v 3493.187 -73.876 -2036.663
f 3917 3918 3919
f 3919 3920 3917
v 3492.388 -74.033 -2039.061
v 3485.986 -73.570 -2034.264
v 3490.461 -73.208 -2028.292
v 3496.863 -73.803 -2033.090
f 3921 3922 3923
f 3923 3924 3921
v 3496.299 -73.819 -2033.699
v 3491.025 -73.185 -2027.684
v 3495.800 -73.201 -2023.496
v 3501.075 -73.799 -2029.511
f 3925 3926 3927
f 3927 3928 3925
v 3501.809 -73.804 -2028.657
v 3495.067 -73.196 -2024.350
v 3497.159 -73.173 -2021.074
v 3503.901 -73.782 -2025.380
f 3929 3930 3931
f 3931 3932 3929
v 3504.393 -73.762 -2024.266
v 3496.668 -73.194 -2022.188
v 3498.182 -73.028 -2016.560
v 3505.907 -73.603 -2018.638
f 3933 3934 3935
f 3935 3936 3933
v 2853.284 -79.446 -1783.240
v 2860.745 -79.579 -1780.353
v 2862.315 -79.698 -1784.409
v 2854.854 -79.584 -1787.296
f 3937 3938 3939
f 3939 3940 3937
v 2854.602 -79.544 -1786.227
v 2862.567 -79.724 -1785.478
v 2863.157 -79.961 -1791.753
v 2855.192 -79.829 -1792.502
f 3941 3942 3943
f 3943 3944 3941
v 2855.174 -79.812 -1792.127
v 2863.174 -79.977 -1792.127
v 2863.174 -80.288 -1799.882
v 2855.174 -80.165 -1799.882
f 3945 3946 3947
f 3947 3948 3945
v 2855.183 -80.154 -1799.626
v 2863.166 -80.298 -1800.138
v 2861.674 -81.328 -1823.429
v 2853.691 -81.312 -1822.917
f 3949 3950 3951
f 3951 3952 3949
v 2853.683 -81.328 -1823.173
v 2861.683 -81.313 -1823.173
v 2861.683 -81.599 -1828.246
v 2853.683 -81.651 -1828.246
f 3953 3954 3955
f 3955 3956 3953
v 2853.786 -81.708 -1829.150
v 2861.579 -81.548 -1827.341
v 2862.481 -81.759 -1831.225
v 2854.688 -81.945 -1833.034
f 3957 3958 3959
f 3959 3960 3957
v 2854.799 -81.968 -1833.424
v 2862.369 -81.738 -1830.836
v 2870.128 -82.797 -1853.532
v 2862.558 -83.186 -1856.120
f 3961 3962 3963
f 3963 3964 3961
v 2862.638 -83.197 -1856.333
v 2870.049 -82.788 -1853.319
v 2873.934 -83.145 -1862.871
v 2866.523 -83.612 -1865.885
f 3965 3966 3967
f 3967 3968 3965
v 2866.924 -83.637 -1866.631
v 2873.533 -83.123 -1862.124
v 2877.407 -83.233 -1867.805
v 2870.798 -83.766 -1872.312
f 3969 3970 3971
f 3971 3972 3969
v 2871.346 -83.773 -1872.957
v 2876.859 -83.229 -1867.160
v 2883.137 -83.172 -1873.131
v 2877.624 -83.711 -1878.928
f 3973 3974 3975
f 3975 3976 3973
v 2876.979 -83.716 -1878.134
v 2883.782 -83.167 -1873.925
v 2887.656 -83.145 -1880.187
v 2880.853 -83.718 -1884.396
f 3977 3978 3979
f 3979 3980 3977
v 2880.708 -83.718 -1884.142
v 2887.801 -83.143 -1880.441
v 2891.385 -83.080 -1887.311
v 2884.293 -83.701 -1891.012
f 3981 3982 3983
f 3983 3984 3981
v 2884.002 -83.699 -1890.290
v 2891.677 -83.076 -1888.033
v 2893.168 -83.074 -1893.106
v 2885.493 -83.743 -1895.363
f 3985 3986 3987
f 3987 3988 3985
v 2885.577 -83.744 -1895.617
v 2893.084 -83.076 -1892.852
v 2895.177 -83.016 -1898.532
v 2887.670 -83.732 -1901.298
f 3989 3990 3991
f 3991 3992 3989
v 2888.139 -83.715 -1902.198
v 2894.708 -83.039 -1897.632
v 2899.484 -82.725 -1904.502
v 2892.915 -83.428 -1909.068
f 3993 3994 3995
f 3995 3996 3993
v 2893.680 -83.365 -1909.892
v 2898.718 -82.784 -1903.677
v 2903.493 -82.375 -1907.548
v 2898.456 -82.931 -1913.763
f 3997 3998 3999
f 3999 4000 3997
v 2899.182 -82.861 -1914.232
v 2902.767 -82.441 -1907.080
v 2908.144 -81.928 -1909.775
v 2904.559 -82.316 -1916.927
f 4001 4002 4003
f 4003 4004 4001
v 2903.871 -82.387 -1916.489
v 2908.832 -81.860 -1910.213
v 2916.001 -81.117 -1915.880
v 2911.040 -81.619 -1922.156
f 4005 4006 4007
f 4007 4008 4005
v 2910.960 -81.628 -1922.092
v 2916.081 -81.108 -1915.945
v 2919.665 -80.719 -1918.930
v 2914.545 -81.215 -1925.077
f 4009 4010 4011
f 4011 4012 4009
v 2914.203 -81.254 -1924.757
v 2920.007 -80.681 -1919.251
v 2925.673 -80.002 -1925.222
v 2919.870 -80.579 -1930.729
f 4013 4014 4015
f 4015 4016 4013
v 2920.855 -80.458 -1931.486
v 2924.687 -80.121 -1924.464
v 2934.539 -78.926 -1929.841
v 2930.707 -79.217 -1936.863
f 4017 4018 4019
f 4019 4020 4017
v 2931.361 -79.133 -1937.148
v 2933.885 -79.007 -1929.556
v 2940.163 -78.236 -1931.644
v 2937.639 -78.325 -1939.235
f 4021 4022 4023
f 4023 4024 4021
v 2938.047 -78.274 -1939.347
v 2939.755 -78.286 -1931.532
v 2949.307 -77.110 -1933.619
v 2947.599 -77.069 -1941.435
f 4025 4026 4027
f 4027 4028 4025
v 2947.637 -77.065 -1941.443
v 2949.268 -77.115 -1933.611
v 2956.437 -76.239 -1935.104
v 2954.806 -76.150 -1942.936
f 4029 4030 4031
f 4031 4032 4029
v 2953.827 -76.278 -1942.595
v 2957.416 -76.138 -1935.445
v 2964.574 -75.335 -1939.038
v 2960.985 -75.486 -1946.188
f 4033 4034 4035
f 4035 4036 4033
v 2960.839 -75.501 -1946.111
v 2964.720 -75.320 -1939.116
v 2972.791 -74.471 -1943.594
v 2968.909 -74.640 -1950.589
f 4037 4038 4039
f 4039 4040 4037
v 2968.430 -74.693 -1950.276
v 2973.270 -74.419 -1943.907
v 2980.729 -73.566 -1949.574
v 2975.888 -73.834 -1955.944
f 4041 4042 4043
f 4043 4044 4041
v 2975.407 -73.892 -1955.512
v 2981.210 -73.508 -1950.006
v 2986.587 -72.825 -1955.674
v 2980.783 -73.210 -1961.180
f 4045 4046 4047
f 4047 4048 4045
v 2980.356 -73.268 -1960.644
v 2987.014 -72.768 -1956.209
v 2992.391 -71.982 -1964.281
v 2985.733 -72.492 -1968.716
f 4049 4050 4051
f 4051 4052 4049
v 2985.456 -72.535 -1968.230
v 2992.668 -71.939 -1964.767
v 2996.252 -71.434 -1972.231
v 2989.041 -72.164 -1975.694
f 4053 4054 4055
f 4055 4056 4053
v 2988.892 -72.178 -1975.342
v 2996.401 -71.421 -1972.584
v 2998.483 -71.334 -1978.251
v 2990.973 -71.995 -1981.010
f 4057 4058 4059
f 4059 4060 4057
v 2990.732 -72.014 -1979.813
v 2998.724 -71.329 -1979.448
v 2999.024 -71.346 -1986.013
v 2991.033 -72.012 -1986.379
f 4061 4062 4063
f 4063 4064 4061
v 2991.033 -72.010 -1986.014
v 2999.024 -71.347 -1986.379
v 2998.724 -71.389 -1992.958
v 2990.732 -72.067 -1992.593
f 4065 4066 4067
f 4067 4068 4065
v 2991.013 -72.034 -1991.292
v 2998.443 -71.406 -1994.259
v 2994.268 -71.954 -2004.709
v 2986.839 -72.552 -2001.742
f 4069 4070 4071
f 4071 4072 4069
v 2986.966 -72.529 -2001.456
v 2994.141 -71.978 -2004.995
v 2983.688 -73.797 -2026.186
v 2976.513 -74.302 -2022.646
f 4073 4074 4075
f 4075 4076 4073
v 2976.621 -74.285 -2022.444
v 2983.581 -73.814 -2026.388
v 2977.313 -74.947 -2037.446
v 2970.353 -75.288 -2033.501
f 4077 4078 4079
f 4079 4080 4077
v 2970.064 -75.349 -2034.135
v 2977.603 -74.884 -2036.812
v 2974.319 -75.709 -2046.060
v 2966.780 -76.133 -2043.383
f 4081 4082 4083
f 4083 4084 4081
v 2966.611 -76.181 -2044.021
v 2974.488 -75.658 -2045.421
v 2973.586 -76.029 -2050.495
v 2965.710 -76.526 -2049.095
f 4085 4086 4087
f 4087 4088 4085
v 2965.803 -76.617 -2050.898
v 2973.493 -75.928 -2048.691
v 2974.695 -76.092 -2052.879
v 2967.005 -76.761 -2055.086
f 4089 4090 4091
f 4091 4092 4089
v 2967.723 -76.788 -2056.477
v 2973.977 -76.060 -2051.488
v 2976.359 -76.071 -2054.473
v 2970.106 -76.795 -2059.463
f 4093 4094 4095
f 4095 4096 4093
v 2971.798 -76.755 -2060.702
v 2974.667 -76.115 -2053.234
v 2978.552 -75.934 -2054.727
v 2975.683 -76.612 -2062.195
f 4097 4098 4099
f 4099 4100 4097
v 2976.874 -76.555 -2062.454
v 2977.360 -76.001 -2054.468
v 2982.136 -75.685 -2054.759
v 2981.650 -76.271 -2062.744
f 4101 4102 4103
f 4103 4104 4101
v 2982.757 -76.193 -2062.657
v 2981.029 -75.768 -2054.846
v 2986.406 -75.312 -2053.657
v 2988.133 -75.744 -2061.468
f 4105 4106 4107
f 4107 4108 4105
v 2988.760 -75.686 -2061.275
v 2985.779 -75.369 -2053.851
v 2990.254 -74.926 -2052.054
v 2993.235 -75.253 -2059.478
f 4109 4110 4111
f 4111 4112 4109
v 2994.845 -75.058 -2058.293
v 2988.644 -75.124 -2053.239
v 2995.212 -74.061 -2045.180
v 3001.413 -74.148 -2050.234
f 4113 4114 4115
f 4115 4116 4113
v 3001.404 -74.149 -2050.246
v 2995.221 -74.059 -2045.168
v 3002.090 -73.104 -2036.806
v 3008.272 -73.254 -2041.883
f 4117 4118 4119
f 4119 4120 4117
v 3007.794 -73.310 -2042.373
v 3002.568 -73.048 -2036.316
v 3009.136 -72.359 -2030.649
v 3014.362 -72.622 -2036.705
f 4121 4122 4123
f 4123 4124 4121
v 3013.677 -72.685 -2037.181
v 3009.820 -72.301 -2030.173
v 3015.798 -71.918 -2026.883
v 3019.655 -72.198 -2033.892
f 4125 4126 4127
f 4127 4128 4125
v 3018.657 -72.267 -2034.278
v 3016.796 -71.861 -2026.497
v 3024.255 -71.485 -2024.714
v 3026.115 -71.836 -2032.494
f 4129 4130 4131
f 4131 4132 4129
v 3025.185 -71.881 -2032.604
v 3025.185 -71.443 -2024.604
v 3033.846 -71.098 -2024.604
v 3033.846 -71.542 -2032.604
f 4133 4134 4135
f 4135 4136 4133
v 3033.846 -71.542 -2032.604
v 3033.846 -71.098 -2024.604
v 3046.681 -71.034 -2024.604
v 3046.681 -71.460 -2032.604
f 4137 4138 4139
f 4139 4140 4137
v 3046.887 -71.461 -2032.599
v 3046.475 -71.032 -2024.609
v 3069.774 -71.281 -2023.407
v 3070.186 -71.617 -2031.396
f 4141 4142 4143
f 4143 4144 4141
v 3069.902 -71.614 -2031.401
v 3070.058 -71.284 -2023.402
v 3085.576 -71.752 -2023.706
v 3085.420 -72.033 -2031.705
f 4145 4146 4147
f 4147 4148 4145
v 3085.840 -72.053 -2031.691
v 3085.155 -71.730 -2023.720
v 3095.608 -72.278 -2022.822
v 3096.293 -72.536 -2030.793
f 4149 4150 4151
f 4151 4152 4149
v 3096.888 -72.561 -2030.696
v 3095.014 -72.248 -2022.919
v 3103.674 -72.679 -2020.831
v 3105.549 -72.953 -2028.608
f 4153 4154 4155
f 4155 4156 4153
v 3106.235 -72.984 -2028.375
v 3102.988 -72.645 -2021.064
v 3111.047 -73.031 -2017.484
v 3114.295 -73.344 -2024.795
f 4157 4158 4159
f 4159 4160 4157
v 3114.412 -73.350 -2024.741
v 3110.930 -73.025 -2017.539
v 3119.590 -73.468 -2013.351
v 3123.073 -73.814 -2020.553
f 4161 4162 4163
f 4163 4164 4161
v 3123.283 -73.829 -2020.443
v 3119.380 -73.457 -2013.460
v 3126.850 -73.993 -2009.285
v 3130.753 -74.372 -2016.269
f 4165 4166 4167
f 4167 4168 4165
v 3130.013 -74.316 -2016.589
v 3127.590 -74.052 -2008.965
v 3134.158 -74.593 -2006.878
v 3136.581 -74.828 -2014.502
f 4169 4170 4171
f 4171 4172 4169
v 3136.183 -74.796 -2014.606
v 3134.556 -74.626 -2006.773
v 3143.205 -75.365 -2004.977
v 3144.832 -75.494 -2012.809
f 4173 4174 4175
f 4175 4176 4173
v 3144.660 -75.480 -2012.841
v 3143.377 -75.380 -2004.945
v 3154.431 -76.349 -2003.148
v 3155.714 -76.397 -2011.044
f 4177 4178 4179
f 4179 4180 4177
v 3155.431 -76.373 -2011.080
v 3154.715 -76.374 -2003.112
v 3164.567 -77.229 -2002.227
v 3165.282 -77.175 -2010.195
f 4181 4182 4183
f 4183 4184 4181
v 3164.998 -77.153 -2010.210
v 3164.850 -77.252 -2002.212
v 3181.270 -78.570 -2001.908
v 3181.418 -78.401 -2009.907
f 4185 4186 4187
f 4187 4188 4185
v 3182.024 -78.448 -2009.849
v 3180.665 -78.520 -2001.965
v 3189.325 -79.253 -2000.473
v 3190.684 -79.146 -2008.356
f 4189 4190 4191
f 4191 4192 4189
v 3190.948 -79.168 -2008.302
v 3189.062 -79.231 -2000.527
v 3200.116 -80.150 -1997.845
v 3202.002 -80.105 -2005.620
f 4193 4194 4195
f 4195 4196 4193
v 3202.377 -80.138 -2005.509
v 3199.741 -80.119 -1997.956
v 3212.576 -80.856 -1993.477
v 3215.212 -80.911 -2001.031
f 4197 4198 4199
f 4199 4200 4197
v 3215.405 -80.923 -2000.957
v 3212.382 -80.847 -1993.551
v 3220.442 -81.233 -1990.261
v 3223.465 -81.342 -1997.668
f 4201 4202 4203
f 4203 4204 4201
v 3223.793 -81.358 -1997.516
v 3220.114 -81.217 -1990.413
v 3228.173 -81.608 -1986.238
v 3231.853 -81.748 -1993.342
f 4205 4206 4207
f 4207 4208 4205
v 3232.637 -81.787 -1992.808
v 3227.389 -81.569 -1986.771
v 3241.125 -82.262 -1974.828
v 3246.374 -82.396 -1980.866
f 4209 4210 4211
f 4211 4212 4209
v 3246.104 -82.395 -1981.081
v 3241.395 -82.276 -1974.613
v 3247.963 -82.442 -1969.831
v 3252.672 -82.396 -1976.298
f 4213 4214 4215
f 4215 4216 4213
v 3252.038 -82.397 -1976.676
v 3248.597 -82.440 -1969.453
v 3254.865 -82.309 -1966.468
v 3258.305 -82.390 -1973.690
f 4217 4218 4219
f 4219 4220 4217
v 3257.434 -82.392 -1973.988
v 3255.735 -82.295 -1966.170
v 3262.604 -82.219 -1964.677
v 3264.303 -82.376 -1972.495
f 4221 4222 4223
f 4223 4224 4221
v 3262.828 -82.380 -1972.537
v 3264.078 -82.212 -1964.635
v 3269.756 -82.228 -1965.533
v 3268.505 -82.358 -1973.435
f 4225 4226 4227
f 4227 4228 4225
v 3266.776 -82.367 -1972.718
v 3271.485 -82.248 -1966.251
v 3274.769 -82.324 -1968.642
v 3270.060 -82.345 -1975.109
f 4229 4230 4231
f 4231 4232 4229
v 3269.089 -82.353 -1974.098
v 3275.740 -82.351 -1969.653
v 3277.532 -82.333 -1972.335
v 3270.881 -82.334 -1976.780
f 4233 4234 4235
f 4235 4236 4233
v 3270.284 -82.343 -1975.338
v 3278.130 -82.324 -1973.777
v 3279.021 -82.301 -1978.256
v 3271.174 -82.320 -1979.816
f 4237 4238 4239
f 4239 4240 4237
v 3271.114 -82.322 -1979.401
v 3279.081 -82.299 -1978.671
v 3279.682 -82.267 -1985.237
v 3271.715 -82.290 -1985.967
f 4241 4242 4243
f 4243 4244 4241
v 3271.761 -82.288 -1986.309
v 3279.635 -82.269 -1984.895
v 3281.728 -82.210 -1996.547
v 3273.854 -82.228 -1997.961
f 4245 4246 4247
f 4247 4248 4245
v 3273.996 -82.225 -1998.518
v 3281.586 -82.213 -1995.990
v 3284.570 -81.964 -2004.947
v 3276.980 -81.874 -2007.475
f 4249 4250 4251
f 4251 4252 4249
v 3276.968 -81.875 -2007.439
v 3284.581 -81.963 -2004.983
v 3287.565 -81.483 -2014.231
v 3279.951 -81.457 -2016.687
f 4253 4254 4255
f 4255 4256 4253
v 3279.849 -81.474 -2016.308
v 3287.667 -81.462 -2014.610
v 3289.159 -81.101 -2021.480
v 3281.341 -81.167 -2023.177
f 4257 4258 4259
f 4259 4260 4257
v 3281.284 -81.182 -2022.849
v 3289.216 -81.085 -2021.808
v 3290.117 -80.755 -2028.678
v 3282.185 -80.876 -2029.719
f 4261 4262 4263
f 4263 4264 4261
v 3282.191 -80.875 -2029.760
v 3290.112 -80.757 -2028.636
v 3291.002 -80.318 -2034.912
v 3283.082 -80.413 -2036.036
f 4265 4266 4267
f 4267 4268 4265
v 3283.775 -80.279 -2037.782
v 3290.309 -80.471 -2033.165
v 3293.893 -79.979 -2038.239
v 3287.360 -79.849 -2042.855
f 4269 4270 4271
f 4271 4272 4269
v 3287.409 -79.842 -2042.924
v 3293.844 -79.985 -2038.170
v 3303.106 -78.859 -2050.707
v 3296.671 -78.692 -2055.461
f 4273 4274 4275
f 4275 4276 4273
v 3296.919 -78.666 -2055.764
v 3302.857 -78.885 -2050.404
v 3311.217 -78.117 -2059.665
v 3305.279 -77.822 -2065.025
f 4277 4278 4279
f 4279 4280 4277
v 3306.989 -77.708 -2066.142
v 3309.508 -78.218 -2058.549
v 3313.092 -78.076 -2059.738
v 3310.573 -77.566 -2067.331
f 4281 4282 4283
f 4283 4284 4281
v 3312.516 -77.529 -2067.475
v 3311.149 -78.123 -2059.593
v 3318.007 -78.054 -2058.404
v 3319.373 -77.519 -2066.286
f 4285 4286 4287
f 4287 4288 4285
v 3320.431 -77.527 -2065.946
v 3316.949 -78.057 -2058.744
v 3325.609 -78.094 -2054.556
v 3329.092 -77.636 -2061.758
f 4289 4290 4291
f 4291 4292 4289
v 3329.734 -77.641 -2061.370
v 3324.968 -78.089 -2054.945
v 3331.469 -78.106 -2050.122
v 3336.235 -77.653 -2056.548
f 4293 4294 4295
f 4295 4296 4293
v 3305.175 -77.833 -2064.906
v 3311.321 -78.108 -2059.784
v 3317.288 -77.503 -2066.945
v 3311.142 -77.202 -2072.066
f 4297 4298 4299
f 4299 4300 4297
v 3311.674 -77.157 -2072.595
v 3316.756 -77.548 -2066.416
v 3321.832 -77.197 -2070.591
v 3316.750 -76.815 -2076.770
f 4301 4302 4303
f 4303 4304 4301
v 3317.773 -76.766 -2077.381
v 3320.810 -77.249 -2069.980
v 3327.378 -77.007 -2072.675
v 3324.341 -76.558 -2080.076
f 4305 4306 4307
f 4307 4308 4305
v 2973.253 -76.465 -2057.428
v 2980.982 -76.072 -2059.494
v 2978.588 -76.919 -2068.451
v 2970.860 -77.228 -2066.386
f 4309 4310 4311
f 4311 4312 4309
v 2970.764 -77.267 -2066.852
v 2978.684 -76.876 -2067.984
v 2976.891 -77.958 -2080.522
v 2968.972 -78.266 -2079.390
f 4313 4314 4315
f 4315 4316 4313
v 2968.977 -78.264 -2079.356
v 2976.887 -77.960 -2080.555
v 2974.805 -79.115 -2094.294
v 2966.895 -79.324 -2093.096
f 4317 4318 4319
f 4319 4320 4317
v 2966.920 -79.313 -2092.952
v 2974.780 -79.127 -2094.439
v 2971.786 -80.445 -2110.266
v 2963.925 -80.525 -2108.779
f 4321 4322 4323
f 4323 4324 4321
v 2964.012 -80.497 -2108.414
v 2971.699 -80.474 -2110.630
v 2966.623 -81.792 -2128.241
v 2958.936 -81.730 -2126.025
f 4325 4326 4327
f 4327 4328 4325
v 2959.023 -81.714 -2125.758
v 2966.536 -81.810 -2128.508
v 2955.493 -83.412 -2158.669
v 2947.980 -83.068 -2155.919
f 4329 4330 4331
f 4331 4332 4329
v 2947.998 -83.067 -2155.872
v 2955.475 -83.413 -2158.716
v 2949.798 -83.701 -2173.645
v 2942.320 -83.279 -2170.801
f 4333 4334 4335
f 4335 4336 4333
v 2942.461 -83.370 -2173.971
v 2949.657 -83.592 -2170.475
v 2954.733 -84.195 -2180.925
v 2947.537 -83.891 -2184.421
f 4337 4338 4339
f 4339 4340 4337
v 2947.483 -83.887 -2184.303
v 2954.788 -84.202 -2181.043
v 2963.449 -84.781 -2200.450
v 2956.143 -84.610 -2203.710
f 4341 4342 4343
f 4343 4344 4341
v 2955.982 -84.600 -2203.285
v 2963.610 -84.792 -2200.876
v 2967.195 -85.083 -2212.224
v 2959.566 -84.831 -2214.634
f 4345 4346 4347
f 4347 4348 4345
v 2960.764 -84.847 -2216.454
v 2965.997 -85.016 -2210.404
v 2970.472 -85.184 -2214.274
v 2965.239 -84.938 -2220.325
f 4349 4350 4351
f 4351 4352 4349
v 2967.101 -84.983 -2221.228
v 2968.610 -85.136 -2213.372
v 2976.380 -85.363 -2214.864
v 2974.871 -85.201 -2222.721
f 4353 4354 4355
f 4355 4356 4353
v 2974.096 -85.181 -2222.489
v 2977.155 -85.385 -2215.097
v 2982.231 -85.513 -2217.197
v 2979.172 -85.304 -2224.589
f 4357 4358 4359
f 4359 4360 4357
v 2977.295 -85.271 -2222.990
v 2984.108 -85.546 -2218.797
v 2986.491 -85.557 -2222.668
v 2979.677 -85.284 -2226.861
f 4361 4362 4363
f 4363 4364 4361
v 2979.096 -85.294 -2225.073
v 2987.072 -85.545 -2224.456
v 2987.373 -85.489 -2228.340
v 2979.397 -85.244 -2228.957
f 4365 4366 4367
f 4367 4368 4365
v 2979.452 -85.261 -2227.919
v 2987.318 -85.470 -2229.378
v 2984.935 -85.192 -2242.219
v 2977.069 -84.999 -2240.760
f 4369 4370 4371
f 4371 4372 4369
v 2977.302 -85.017 -2239.971
v 2984.703 -85.173 -2243.008
v 2982.009 -84.798 -2249.574
v 2974.608 -84.754 -2246.537
f 4373 4374 4375
f 4375 4376 4373
v 2975.369 -84.827 -2245.343
v 2981.248 -84.723 -2250.768
v 2977.664 -84.460 -2254.653
v 2971.784 -84.566 -2249.227
f 4377 4378 4379
f 4379 4380 4377
v 2956.412 -82.940 -1215.626
v 2949.109 -82.902 -1218.890
v 2923.305 -81.195 -1161.162
v 2930.609 -80.785 -1157.897
f 4381 4382 4383
f 4383 4384 4381
v 2898.243 -81.417 -1336.316
v 2905.487 -81.665 -1332.920
v 2917.432 -81.923 -1358.403
v 2910.188 -81.823 -1361.799
f 4385 4386 4387
f 4387 4388 4385
v 2910.208 -81.824 -1361.840
v 2917.412 -81.923 -1358.362
v 2933.609 -81.105 -1391.916
v 2926.405 -81.232 -1395.394
f 4389 4390 4391
f 4391 4392 4389
v 2926.332 -81.238 -1395.234
v 2933.682 -81.098 -1392.077
v 2940.996 -80.162 -1409.105
v 2933.645 -80.438 -1412.262
f 4393 4394 4395
f 4395 4396 4393
v 2933.824 -80.416 -1412.626
v 2940.817 -80.187 -1408.741
v 2944.046 -79.751 -1414.554
v 2937.052 -80.017 -1418.438
f 4397 4398 4399
f 4399 4400 4397
v 2936.962 -80.029 -1418.266
v 2944.136 -79.737 -1414.726
v 2946.418 -79.372 -1419.349
v 2939.244 -79.704 -1422.890
f 4401 4402 4403
f 4403 4404 4401
v 2939.243 -79.705 -1422.887
v 2946.419 -79.372 -1419.352
v 2948.612 -79.009 -1423.804
v 2941.436 -79.384 -1427.339
f 4405 4406 4407
f 4407 4408 4405
v 2941.435 -79.384 -1427.339
v 2948.612 -79.009 -1423.804
v 2950.115 -78.756 -1426.856
v 2942.938 -79.151 -1430.390
f 4409 4410 4411
f 4411 4412 4409
v 2747.756 -93.185 -1456.889
v 2752.918 -93.458 -1463.001
v 2751.683 -93.537 -1464.045
v 2746.521 -93.221 -1457.933
f 4413 4414 4415
f 4415 4416 4413
v 2745.174 -93.317 -1460.230
v 2753.029 -93.388 -1461.747
v 2752.662 -93.498 -1463.650
v 2744.807 -93.407 -1462.133
f 4417 4418 4419
f 4419 4420 4417
v 2744.739 -93.454 -1463.095
v 2752.729 -93.445 -1462.687
v 2752.796 -93.514 -1463.995
v 2744.806 -93.522 -1464.403
f 4421 4422 4423
f 4423 4424 4421
v 2745.028 -93.584 -1465.528
v 2752.574 -93.457 -1462.870
v 2759.030 -94.366 -1481.193
v 2751.485 -94.566 -1483.851
f 4425 4426 4427
f 4427 4428 4425
v 2751.270 -94.526 -1482.209
v 2759.245 -94.442 -1482.835
v 2758.355 -94.699 -1494.183
v 2750.379 -94.782 -1493.557
f 4429 4430 4431
f 4431 4432 4429
v 2750.367 -94.789 -1493.870
v 2758.367 -94.692 -1493.870
v 2758.367 -94.873 -1502.232
v 2750.367 -94.963 -1502.232
f 4433 4434 4435
f 4435 4436 4433
v 2750.710 -94.993 -1503.852
v 2758.024 -94.842 -1500.612
v 2760.406 -94.932 -1505.988
v 2753.092 -95.080 -1509.229
f 4437 4438 4439
f 4439 4440 4437
v 2754.278 -95.099 -1510.754
v 2759.221 -94.912 -1504.464
v 2763.407 -94.939 -1507.753
v 2758.463 -95.084 -1514.043
f 4441 4442 4443
f 4443 4444 4441
v 2759.840 -95.058 -1514.745
v 2762.030 -94.938 -1507.051
v 2768.297 -94.911 -1508.834
v 2766.107 -94.964 -1516.529
f 4445 4446 4447
f 4447 4448 4445
v 2767.202 -94.950 -1516.682
v 2767.202 -94.919 -1508.682
v 2783.332 -94.749 -1508.682
v 2783.332 -94.782 -1516.682
f 4449 4450 4451
f 4451 4452 4449
v 2780.671 -94.828 -1515.668
v 2785.994 -94.746 -1509.695
v 2788.677 -94.777 -1512.087
v 2783.354 -94.757 -1518.059
f 4453 4454 4455
f 4455 4456 4453
v 2782.015 -94.825 -1515.073
v 2790.015 -94.743 -1515.073
v 2790.015 -94.592 -1523.131
v 2782.015 -94.680 -1523.131
f 4457 4458 4459
f 4459 4460 4457
v 3048.634 -71.521 -1464.604
v 3056.060 -71.763 -1461.628
v 3060.847 -71.146 -1473.570
v 3053.421 -70.877 -1476.546
f 4461 4462 4463
f 4463 4464 4461
v 3053.466 -70.871 -1476.654
v 3060.802 -71.152 -1473.462
v 3068.861 -70.595 -1491.983
v 3061.526 -70.397 -1495.175
f 4465 4466 4467
f 4467 4468 4465
v 3061.631 -70.394 -1495.398
v 3068.756 -70.597 -1491.761
v 3072.485 -70.519 -1499.066
v 3065.360 -70.311 -1502.703
f 4469 4470 4471
f 4471 4472 4469
v 3065.290 -70.313 -1502.558
v 3072.556 -70.518 -1499.211
v 3078.678 -70.383 -1512.501
v 3071.412 -70.269 -1515.848
f 4473 4474 4475
f 4475 4476 4473
v 1956.552 -89.334 -1483.826
v 1964.321 -89.029 -1485.736
v 1961.315 -89.221 -1497.956
v 1953.547 -89.550 -1496.045
f 4477 4478 4479
f 4479 4480 4477
v 1953.559 -89.549 -1495.995
v 1961.302 -89.222 -1498.007
v 1959.788 -89.324 -1503.833
v 1952.045 -89.663 -1501.820
f 4481 4482 4483
f 4483 4484 4481
v 1951.921 -89.676 -1502.640
v 1959.912 -89.313 -1503.013
v 1959.512 -89.383 -1511.600
v 1951.520 -89.766 -1511.227
f 4485 4486 4487
f 4487 4488 4485
v 1951.521 -89.766 -1511.226
v 1959.512 -89.383 -1511.601
v 1958.933 -89.376 -1523.913
v 1950.942 -89.748 -1523.538
f 4489 4490 4491
f 4491 4492 4489
v 1950.952 -89.745 -1524.068
v 1958.923 -89.379 -1523.383
v 1960.036 -89.280 -1536.329
v 1952.065 -89.623 -1537.015
f 4493 4494 4495
f 4495 4496 4493
v 1952.065 -89.623 -1537.015
v 1960.036 -89.280 -1536.329
v 1960.403 -89.249 -1540.596
v 1952.433 -89.584 -1541.282
f 4497 4498 4499
f 4499 4500 4497
v 1952.424 -89.585 -1541.163
v 1960.411 -89.248 -1540.714
v 1962.872 -88.643 -1584.481
v 1954.884 -88.704 -1584.930
f 4501 4502 4503
f 4503 4504 4501
v 1954.879 -88.707 -1584.787
v 1962.877 -88.641 -1584.624
v 1963.122 -88.447 -1596.672
v 1955.124 -88.410 -1596.835
f 4505 4506 4507
f 4507 4508 4505
v 1955.167 -88.398 -1597.348
v 1963.078 -88.455 -1596.159
v 1965.038 -88.265 -1609.198
v 1957.126 -88.092 -1610.387
f 4509 4510 4511
f 4511 4512 4509
v 1957.695 -88.064 -1611.921
v 1964.469 -88.283 -1607.665
v 1969.200 -88.260 -1615.195
v 1962.426 -88.020 -1619.451
f 4513 4514 4515
f 4515 4516 4513
v 1962.424 -88.020 -1619.448
v 1969.202 -88.260 -1615.198
v 1972.341 -88.300 -1620.205
v 1965.563 -88.036 -1624.454
f 4517 4518 4519
f 4519 4520 4517
v 1965.667 -88.038 -1624.611
v 1972.238 -88.298 -1620.048
v 1984.539 -88.849 -1637.764
v 1977.968 -88.505 -1642.326
f 4521 4522 4523
f 4523 4524 4521
v 1978.168 -88.518 -1642.591
v 1984.339 -88.836 -1637.499
v 2005.233 -90.942 -1662.824
v 1999.062 -90.541 -1667.916
f 4525 4526 4527
f 4527 4528 4525
v 1998.707 -90.495 -1667.410
v 2005.588 -90.992 -1663.329
v 2007.414 -91.251 -1666.408
v 2000.533 -90.748 -1670.489
f 4529 4530 4531
f 4531 4532 4529
v 2000.529 -90.748 -1670.482
v 2007.418 -91.251 -1666.414
v 2020.843 -93.376 -1689.150
v 2013.954 -92.846 -1693.218
f 4533 4534 4535
f 4535 4536 4533
v 2014.038 -92.860 -1693.353
v 2020.759 -93.361 -1689.014
v 2035.520 -95.819 -1711.882
v 2028.799 -95.188 -1716.221
f 4537 4538 4539
f 4539 4540 4537
v 2028.642 -95.161 -1715.956
v 2035.677 -95.847 -1712.147
v 2051.652 -98.207 -1741.660
v 2044.616 -97.609 -1745.468
f 4541 4542 4543
f 4543 4544 4541
v 2044.458 -97.586 -1745.141
v 2051.810 -98.221 -1741.988
v 2059.191 -98.827 -1759.202
v 2051.838 -98.190 -1762.354
f 4545 4546 4547
f 4547 4548 4545
v 2051.716 -98.189 -1762.031
v 2059.313 -98.828 -1759.525
v 2066.694 -98.722 -1781.904
v 2059.096 -98.107 -1784.410
f 4549 4550 4551
f 4551 4552 4549
v 2059.117 -98.107 -1784.471
v 2066.673 -98.722 -1781.843
v 2072.573 -98.211 -1798.806
v 2065.017 -97.540 -1801.434
f 4553 4554 4555
f 4555 4556 4553
v 2064.979 -97.544 -1801.320
v 2072.611 -98.206 -1798.920
v 2077.954 -97.422 -1815.909
v 2070.322 -96.774 -1818.309
f 4557 4558 4559
f 4559 4560 4557
v 1958.924 -89.417 -1513.508
v 1952.108 -89.722 -1509.319
v 1956.940 -89.438 -1501.459
v 1963.755 -89.150 -1505.648
f 4561 4562 4563
f 4563 4564 4561
v 1963.674 -89.154 -1505.774
v 1957.020 -89.434 -1501.332
v 1960.839 -89.229 -1495.612
v 1967.493 -88.917 -1500.054
f 4565 4566 4567
f 4567 4568 4565
v 1967.568 -88.912 -1499.936
v 1960.763 -89.233 -1495.730
v 1962.845 -89.125 -1492.362
v 1969.650 -88.786 -1496.567
f 4569 4570 4571
f 4571 4572 4569
v 1968.824 -88.834 -1497.524
v 1963.671 -89.085 -1491.404
v 1968.346 -88.828 -1487.468
v 1973.499 -88.570 -1493.587
f 4573 4574 4575
f 4575 4576 4573
v 1973.021 -88.596 -1493.933
v 1968.825 -88.802 -1487.122
v 1972.019 -88.632 -1485.154
v 1976.216 -88.422 -1491.965
f 4577 4578 4579
f 4579 4580 4577
v 1974.874 -88.494 -1492.487
v 1973.361 -88.563 -1484.631
v 1981.587 -88.144 -1483.046
v 1983.101 -88.055 -1490.902
f 4581 4582 4583
f 4583 4584 4581
v 1980.998 -88.167 -1490.741
v 1983.690 -88.038 -1483.207
v 1992.930 -87.554 -1486.510
v 1990.237 -87.664 -1494.043
f 4585 4586 4587
f 4587 4588 4585
v 1988.525 -87.760 -1492.854
v 1994.642 -87.459 -1487.699
v 2001.277 -87.054 -1495.572
v 1995.159 -87.359 -1500.728
f 4589 4590 4591
f 4591 4592 4589
v 1994.479 -87.404 -1499.570
v 2001.958 -87.008 -1496.730
v 2003.483 -86.890 -1500.746
v 1996.004 -87.295 -1503.586
f 4593 4594 4595
f 4595 4596 4593
v 1995.960 -87.298 -1503.465
v 2003.526 -86.887 -1500.867
v 2005.441 -86.729 -1506.442
v 1997.875 -87.152 -1509.040
f 4597 4598 4599
f 4599 4600 4597
v 1997.675 -87.175 -1507.369
v 2005.641 -86.706 -1508.112
v 2004.906 -86.725 -1515.986
v 1996.941 -87.196 -1515.243
f 4601 4602 4603
f 4603 4604 4601
v 1997.409 -87.160 -1513.705
v 2004.438 -86.764 -1517.524
v 1998.293 -87.192 -1528.832
v 1991.264 -87.574 -1525.013
f 4605 4606 4607
f 4607 4608 4605
v 1992.842 -87.477 -1523.423
v 1996.715 -87.289 -1530.422
v 1985.160 -87.953 -1536.816
v 1981.287 -88.154 -1529.817
f 4609 4610 4611
f 4611 4612 4609
v 1982.624 -88.078 -1529.362
v 1983.823 -88.027 -1537.271
v 1972.502 -88.642 -1538.989
v 1971.302 -88.715 -1531.079
f 4613 4614 4615
f 4615 4616 4613
v 1971.669 -88.694 -1531.041
v 1972.136 -88.662 -1539.027
v 1963.776 -89.108 -1539.516
v 1963.309 -89.152 -1531.529
f 4617 4618 4619
f 4619 4620 4617
v 1962.936 -89.168 -1531.569
v 1964.149 -89.092 -1539.476
v 1956.657 -89.408 -1540.626
v 1955.444 -89.497 -1532.718
f 4621 4622 4623
f 4623 4624 4621
v 1833.011 -84.984 -1595.564
v 1833.897 -85.698 -1587.613
v 1860.458 -86.888 -1590.572
v 1859.572 -86.166 -1598.523
f 4625 4626 4627
f 4627 4628 4625
v 1859.458 -86.162 -1598.509
v 1860.572 -86.893 -1590.587
v 1878.038 -87.508 -1593.044
v 1876.924 -86.778 -1600.966
f 4629 4630 4631
f 4631 4632 4629
v 1876.669 -86.770 -1600.921
v 1878.293 -87.516 -1593.088
v 1918.613 -87.893 -1601.450
v 1916.989 -87.303 -1609.284
f 4633 4634 4635
f 4635 4636 4633
v 1916.784 -87.300 -1609.236
v 1918.818 -87.895 -1601.499
v 1942.184 -87.917 -1607.641
v 1940.150 -87.514 -1615.379
f 4637 4638 4639
f 4639 4640 4637
v 1940.249 -87.515 -1615.403
v 1942.085 -87.916 -1607.617
v 1966.731 -88.230 -1613.430
v 1964.895 -88.066 -1621.216
f 4641 4642 4643
f 4643 4644 4641
v 1966.884 -88.065 -1625.753
v 1971.020 -88.272 -1618.906
v 1982.831 -88.657 -1626.039
v 1978.695 -88.522 -1632.887
f 4645 4646 4647
f 4647 4648 4645
v 1978.973 -88.536 -1633.040
v 1982.554 -88.646 -1625.886
v 1993.374 -89.174 -1631.303
v 1989.793 -89.144 -1638.457
f 4649 4650 4651
f 4651 4652 4649
v 1990.388 -89.181 -1638.697
v 1992.779 -89.142 -1631.063
v 2001.384 -89.617 -1633.757
v 1998.993 -89.736 -1641.392
f 4653 4654 4655
f 4655 4656 4653
v 1997.782 -89.647 -1640.770
v 2002.595 -89.697 -1634.379
v 2006.524 -90.007 -1637.339
v 2001.712 -89.976 -1643.729
f 4657 4658 4659
f 4659 4660 4657
v 2000.852 -89.893 -1642.842
v 2007.385 -90.086 -1638.225
v 2010.335 -90.420 -1642.400
v 2003.801 -90.228 -1647.017
f 4661 4662 4663
f 4663 4664 4661
v 2003.078 -90.106 -1644.992
v 2011.058 -90.552 -1644.425
v 2011.303 -90.724 -1647.873
v 2003.323 -90.248 -1648.440
f 4665 4666 4667
f 4667 4668 4665
v 2003.534 -90.203 -1646.847
v 2011.093 -90.784 -1649.466
v 2009.133 -90.908 -1655.120
v 2001.574 -90.267 -1652.501
f 4669 4670 4671
f 4671 4672 4669
v 2001.623 -90.266 -1652.369
v 2009.085 -90.911 -1655.253
v 2007.849 -90.961 -1658.450
v 2000.387 -90.280 -1655.566
f 4673 4674 4675
f 4675 4676 4673
v 2000.118 -90.305 -1657.008
v 2008.118 -90.919 -1657.008
v 2008.118 -91.127 -1661.922
v 2000.118 -90.463 -1661.922
f 4677 4678 4679
f 4679 4680 4677
v 2000.119 -90.461 -1661.833
v 2008.117 -91.131 -1662.011
v 2007.972 -91.369 -1668.537
v 1999.974 -90.638 -1668.359
f 4681 4682 4683
f 4683 4684 4681
v 2247.024 -99.354 -34.268
v 2245.252 -98.913 -26.467
v 2257.230 -99.345 -23.746
v 2259.002 -99.846 -31.547
f 4685 4686 4687
f 4687 4688 4685
v 2258.431 -99.828 -31.634
v 2257.800 -99.360 -23.659
v 2269.155 -99.696 -22.760
v 2269.786 -100.237 -30.735
f 4689 4690 4691
f 4691 4692 4689
v 2268.741 -100.191 -30.681
v 2270.200 -99.735 -22.815
v 2290.349 -100.727 -26.553
v 2288.890 -101.307 -34.419
f 4693 4694 4695
f 4695 4696 4693
v 2288.716 -101.297 -34.383
v 2290.523 -100.736 -26.589
v 2397.423 -101.336 -51.369
v 2395.616 -101.751 -59.163
f 4697 4698 4699
f 4699 4700 4697
v 2395.485 -101.759 -59.130
v 2397.553 -101.330 -51.402
v 2446.668 -97.708 -64.545
v 2444.600 -97.888 -72.273
f 4701 4702 4703
f 4703 4704 4701
v 2444.573 -97.890 -72.266
v 2446.694 -97.705 -64.552
v 2510.736 -91.336 -82.159
v 2508.615 -91.327 -89.873
f 4705 4706 4707
f 4707 4708 4705
v 2508.417 -91.342 -89.813
v 2510.934 -91.319 -82.220
v 2549.228 -88.590 -94.913
v 2546.711 -88.455 -102.507
f 4709 4710 4711
f 4711 4712 4709
v 2194.871 -95.307 -75.126
v 2196.727 -95.601 -67.345
v 2392.661 -103.352 -114.078
v 2390.805 -103.442 -121.860
f 4713 4714 4715
f 4715 4716 4713
v 2390.862 -103.436 -121.873
v 2392.604 -103.357 -114.065
v 2421.736 -100.531 -120.564
v 2419.994 -100.694 -128.372
f 4717 4718 4719
f 4719 4720 4717
v 2419.889 -100.706 -128.347
v 2421.841 -100.518 -120.589
v 2487.675 -93.163 -137.153
v 2485.723 -93.477 -144.911
f 4721 4722 4723
f 4723 4724 4721
v 2485.652 -93.484 -144.892
v 2487.747 -93.155 -137.171
v 2545.522 -89.258 -152.850
v 2543.426 -89.743 -160.571
f 4725 4726 4727
f 4727 4728 4725
v 2424.524 -100.181 -126.084
v 2417.206 -101.015 -122.851
v 2441.975 -98.143 -66.792
v 2449.292 -97.435 -70.025
f 4729 4730 4731
f 4731 4732 4729
v 2490.390 -92.925 -142.573
v 2483.008 -93.681 -139.490
v 2505.985 -91.623 -84.475
v 2513.367 -91.033 -87.558
f 4733 4734 4735
f 4735 4736 4733
v 2152.732 -99.120 56.598
v 2157.804 -99.327 62.784
v 2180.936 -97.917 43.816
v 2175.864 -97.844 37.630
f 4737 4738 4739
f 4739 4740 4737
v 2179.310 -97.726 36.828
v 2177.490 -98.054 44.618
v 2195.412 -97.531 48.805
v 2197.232 -97.361 41.015
f 4741 4742 4743
f 4743 4744 4741
v 2198.569 -97.330 41.600
v 2194.076 -97.571 48.220
v 2288.865 -91.561 112.559
v 2293.357 -91.325 105.940
f 4745 4746 4747
f 4747 4748 4745
v 2293.357 -91.325 105.940
v 2288.865 -91.561 112.560
v 2330.665 -91.282 140.932
v 2335.158 -90.974 134.313
f 4749 4750 4751
f 4751 4752 4749
v 2335.333 -90.978 134.438
v 2330.490 -91.278 140.806
v 2422.028 -97.653 210.429
v 2426.871 -97.609 204.061
f 4753 4754 4755
f 4755 4756 4753
v 2394.120 -93.887 112.812
v 2398.941 -94.274 106.428
v 2367.894 -92.825 82.982
v 2363.073 -92.407 89.366
f 4757 4758 4759
f 4759 4760 4757
v 2363.080 -92.407 89.372
v 2367.887 -92.825 82.977
v 2329.370 -93.504 54.023
v 2324.563 -93.030 60.418
f 4761 4762 4763
f 4763 4764 4761
v 2324.572 -93.029 60.424
v 2329.362 -93.504 54.017
v 2276.062 -97.022 14.166
v 2271.272 -96.562 20.573
f 4765 4766 4767
f 4767 4768 4765
v 2368.863 -92.667 88.314
v 2362.104 -92.572 84.035
v 2329.532 -91.073 135.483
v 2336.291 -91.205 139.762
f 4769 4770 4771
f 4771 4772 4769
v 2154.501 -99.081 177.787
v 2161.044 -98.742 182.390
v 2199.783 -97.785 127.323
v 2193.240 -98.285 122.720
f 4773 4774 4775
f 4775 4776 4773
v 2151.092 -94.846 -225.180
v 2149.469 -95.361 -233.013
v 2106.678 -93.106 -224.150
v 2108.301 -92.391 -216.316
f 4777 4778 4779
f 4779 4780 4777
v 2108.546 -92.407 -216.375
v 2106.433 -93.091 -224.091
v 2088.054 -91.886 -219.059
v 2090.167 -91.165 -211.343
f 4781 4782 4783
f 4783 4784 4781
v 2090.109 -91.161 -211.327
v 2088.113 -91.890 -219.074
v 1982.047 -88.758 -191.744
v 1984.043 -88.677 -183.997
f 4785 4786 4787
f 4787 4788 4785
v 1983.965 -88.678 -183.978
v 1982.126 -88.757 -191.764
v 1964.115 -89.020 -187.511
v 1965.953 -89.097 -179.725
f 4789 4790 4791
f 4791 4792 4789
v 1966.022 -89.095 -179.741
v 1964.046 -89.021 -187.494
v 1948.027 -89.299 -183.412
v 1950.003 -89.512 -175.660
f 4793 4794 4795
f 4795 4796 4793
v 1950.000 -89.512 -175.659
v 1948.030 -89.299 -183.413
v 1723.410 -75.897 -126.363
v 1725.379 -76.157 -118.609
f 4797 4798 4799
f 4799 4800 4797
v 1933.590 -86.163 -244.852
v 1935.631 -86.705 -237.117
v 2010.627 -91.313 -256.904
v 2008.586 -91.500 -264.640
f 4801 4802 4803
f 4803 4804 4801
v 2008.586 -91.500 -264.640
v 2010.627 -91.313 -256.904
v 2067.990 -96.128 -272.042
v 2065.949 -96.605 -279.777
f 4805 4806 4807
f 4807 4808 4805
v 2065.950 -96.605 -279.778
v 2067.989 -96.128 -272.042
v 2091.789 -97.880 -278.316
v 2089.750 -98.492 -286.052
f 4809 4810 4811
f 4811 4812 4809
v 2078.499 -100.348 -342.660
v 2070.779 -99.753 -340.564
v 2086.909 -97.970 -281.136
v 2094.630 -98.355 -283.232
f 4813 4814 4815
f 4815 4816 4813
v 2094.631 -98.355 -283.226
v 2086.907 -97.970 -281.142
v 2103.628 -92.496 -219.191
v 2111.351 -92.996 -221.275
f 4817 4818 4819
f 4819 4820 4817
v 2208.128 -96.790 -487.588
v 2203.463 -96.594 -481.089
v 2214.283 -97.030 -473.322
v 2218.949 -97.244 -479.821
f 4821 4822 4823
f 4823 4824 4821
v 2219.135 -97.250 -479.679
v 2214.097 -97.025 -473.465
v 2220.142 -97.137 -468.564
v 2225.180 -97.380 -474.778
f 4825 4826 4827
f 4827 4828 4825
v 2225.817 -97.386 -474.128
v 2219.504 -97.130 -469.214
v 2223.946 -97.128 -463.508
v 2230.259 -97.364 -468.421
f 4829 4830 4831
f 4831 4832 4829
v 2230.765 -97.352 -467.573
v 2223.440 -97.136 -464.356
v 2226.323 -97.040 -457.791
v 2233.648 -97.204 -461.008
f 4833 4834 4835
f 4835 4836 4833
v 2233.701 -97.200 -460.880
v 2226.269 -97.042 -457.919
v 2234.674 -96.443 -436.824
v 2242.106 -96.420 -439.785
f 4837 4838 4839
f 4839 4840 4837
v 2634.388 -90.160 -525.941
v 2626.505 -89.843 -527.304
v 2625.091 -90.193 -519.127
v 2632.974 -90.452 -517.764
f 4841 4842 4843
f 4843 4844 4841
v 2633.012 -90.408 -518.851
v 2625.053 -90.245 -518.040
v 2625.710 -90.571 -511.594
v 2633.669 -90.687 -512.405
f 4845 4846 4847
f 4847 4848 4845
v 3004.235 -81.173 -727.315
v 3005.503 -80.424 -719.416
v 3021.055 -80.262 -721.912
v 3019.787 -81.003 -729.811
f 4849 4850 4851
f 4851 4852 4849
v 1978.736 -88.790 -81.623
v 1970.968 -89.179 -79.711
v 2017.834 -94.652 110.655
v 2025.602 -95.602 108.743
f 4853 4854 4855
f 4855 4856 4853
v 2025.515 -95.591 108.442
v 2017.920 -94.663 110.956
v 2027.850 -95.662 140.966
v 2035.445 -96.633 138.453
f 4857 4858 4859
f 4859 4860 4857
v 2035.292 -96.626 138.060
v 2028.003 -95.670 141.358
v 2042.185 -96.071 172.702
v 2049.474 -96.911 169.404
f 4861 4862 4863
f 4863 4864 4861
v 2049.253 -96.923 168.984
v 2042.406 -96.069 173.123
v 2050.622 -95.890 186.714
v 2057.468 -96.565 182.576
f 4865 4866 4867
f 4867 4868 4865
v 2057.250 -96.573 182.252
v 2050.840 -95.882 187.038
v 2060.536 -95.416 200.023
v 2066.946 -96.189 195.236
f 4869 4870 4871
f 4871 4872 4869
v 2588.109 -89.747 -988.281
v 2595.683 -89.992 -985.705
v 2642.972 -91.081 -1124.727
v 2635.398 -91.109 -1127.304
f 4873 4874 4875
f 4875 4876 4873
v 2635.953 -91.167 -1128.372
v 2642.417 -91.030 -1123.659
v 2645.634 -91.240 -1128.071
v 2639.170 -91.393 -1132.784
f 4877 4878 4879
f 4879 4880 4877
v 2639.743 -91.423 -1133.416
v 2645.061 -91.211 -1127.440
v 2649.425 -91.381 -1131.323
v 2644.106 -91.587 -1137.299
f 4881 4882 4883
f 4883 4884 4881
v 2645.025 -91.609 -1137.913
v 2648.506 -91.356 -1130.710
v 2653.426 -91.452 -1133.088
v 2649.945 -91.673 -1140.291
f 4885 4886 4887
f 4887 4888 4885
v 2651.620 -91.676 -1140.689
v 2651.752 -91.435 -1132.690
v 2656.572 -91.454 -1132.769
v 2656.440 -91.650 -1140.768
f 4889 4890 4891
f 4891 4892 4889
v 2657.992 -91.635 -1140.482
v 2655.021 -91.456 -1133.055
v 2703.634 -92.264 -1113.609
v 2706.605 -92.098 -1121.037
f 4893 4894 4895
f 4895 4896 4893
v 2706.823 -92.106 -1120.942
v 2703.416 -92.256 -1113.704
v 2761.770 -94.182 -1086.240
v 2765.176 -93.695 -1093.479
f 4897 4898 4899
f 4899 4900 4897
v 2764.699 -93.690 -1093.667
v 2762.247 -94.180 -1086.052
v 2816.025 -92.613 -1068.734
v 2818.478 -92.224 -1076.349
f 4901 4902 4903
f 4903 4904 4901
v 2818.753 -92.209 -1076.249
v 2815.750 -92.628 -1068.834
v 2883.955 -85.396 -1041.211
v 2886.958 -84.995 -1048.626
f 4905 4906 4907
f 4907 4908 4905
v 2708.897 -92.315 -1116.008
v 2701.342 -92.074 -1118.639
v 2648.487 -91.339 -966.869
v 2656.042 -91.451 -964.238
f 4909 4910 4911
f 4911 4912 4909
v 2767.051 -94.008 -1088.071
v 2759.895 -93.893 -1091.648
v 2749.142 -94.793 -1070.142
v 2756.297 -94.806 -1066.565
f 4913 4914 4915
f 4915 4916 4913
v 2756.504 -94.790 -1067.059
v 2748.935 -94.807 -1069.648
v 2706.889 -90.926 -946.729
v 2714.459 -90.602 -944.140
f 4917 4918 4919
f 4919 4920 4917
v 3461.697 -82.398 -1356.506
v 3453.760 -82.085 -1355.505
v 3454.004 -82.232 -1353.563
v 3461.942 -82.550 -1354.564
f 4921 4922 4923
f 4923 4924 4921
v 3461.878 -82.645 -1353.199
v 3454.068 -82.140 -1354.929
v 3453.611 -82.261 -1352.868
v 3461.422 -82.770 -1351.138
f 4925 4926 4927
f 4927 4928 4925
v 3461.160 -82.814 -1350.353
v 3453.873 -82.220 -1353.653
v 3412.996 -80.832 -1263.387
v 3420.284 -81.517 -1260.087
f 4929 4930 4931
f 4931 4932 4929
v 3420.247 -81.511 -1260.007
v 3413.033 -80.838 -1263.467
v 3345.017 -77.438 -1121.642
v 3352.231 -77.272 -1118.183
f 4933 4934 4935
f 4935 4936 4933
v 1961.579 -87.149 -907.327
v 1964.638 -87.515 -914.719
v 1906.573 -85.594 -938.748
v 1903.514 -84.845 -931.356
f 4937 4938 4939
f 4939 4940 4937
v 1903.514 -84.845 -931.356
v 1906.574 -85.594 -938.748
v 1903.001 -85.563 -940.227
v 1899.940 -84.800 -932.836
f 4941 4942 4943
f 4943 4944 4941
v 1941.942 -88.059 -1134.643
v 1944.578 -87.788 -1142.196
v 1840.628 -80.450 -1178.471
v 1837.992 -81.109 -1170.918
f 4945 4946 4947
f 4947 4948 4945
v 2911.245 -81.571 -1095.881
v 2914.215 -81.241 -1103.309
v 2797.909 -88.078 -1149.822
v 2794.938 -88.951 -1142.394
f 4949 4950 4951
f 4951 4952 4949
v 2794.781 -88.952 -1142.461
v 2798.066 -88.078 -1149.755
v 2715.512 -88.857 -1186.942
v 2712.226 -89.401 -1179.648
f 4953 4954 4955
f 4955 4956 4953
v 2760.211 -93.855 -1092.175
v 2766.734 -94.046 -1087.544
v 2780.616 -92.525 -1107.095
v 2774.093 -92.353 -1111.726
f 4957 4958 4959
f 4959 4960 4957
v 2773.805 -92.390 -1111.255
v 2780.904 -92.488 -1107.566
v 2799.973 -88.521 -1144.264
v 2792.874 -88.519 -1147.952
f 4961 4962 4963
f 4963 4964 4961
v 2760.787 -87.556 -926.797
v 2768.318 -86.957 -924.099
v 2786.942 -91.237 -976.094
v 2779.411 -91.646 -978.791
f 4965 4966 4967
f 4967 4968 4965
v 2779.411 -91.646 -978.792
v 2786.942 -91.237 -976.093
v 2804.197 -93.386 -1024.243
v 2796.666 -93.988 -1026.942
f 4969 4970 4971
f 4971 4972 4969
v 2796.665 -93.988 -1026.942
v 2804.197 -93.386 -1024.244
v 2821.017 -92.206 -1071.192
v 2813.486 -92.629 -1073.890
f 4973 4974 4975
f 4975 4976 4973
v 1902.923 -82.025 -425.937
v 1894.942 -81.381 -425.388
v 1898.816 -78.827 -369.103
v 1906.797 -79.636 -369.653
f 4977 4978 4979
f 4979 4980 4977
v 1906.757 -79.641 -370.003
v 1898.855 -78.822 -368.753
v 1899.969 -78.757 -361.713
v 1907.870 -79.587 -362.962
f 4981 4982 4983
f 4983 4984 4981
v 1907.794 -79.588 -363.333
v 1900.045 -78.755 -361.342
v 1915.808 -81.540 -299.998
v 1923.556 -82.189 -301.989
f 4985 4986 4987
f 4987 4988 4985
v 1923.564 -82.191 -301.960
v 1915.801 -81.538 -300.028
v 1919.753 -82.741 -284.150
v 1927.516 -83.382 -286.083
f 4989 4990 4991
f 4991 4992 4989
v 1927.516 -83.382 -286.082
v 1919.752 -82.741 -284.151
v 1930.729 -86.283 -240.019
v 1938.492 -86.605 -241.950
f 4993 4994 4995
f 4995 4996 4993
v 1938.505 -86.608 -241.898
v 1930.716 -86.279 -240.072
v 1945.121 -89.511 -178.623
v 1952.909 -89.317 -180.449
f 4997 4998 4999
f 4999 5000 4997
v 1952.904 -89.316 -180.473
v 1945.126 -89.511 -178.599
v 1959.242 -89.882 -120.017
v 1967.019 -89.458 -121.891
f 5001 5002 5003
f 5003 5004 5001
v 1966.971 -89.461 -122.072
v 1959.290 -89.881 -119.837
v 1971.012 -89.176 -79.549
v 1978.693 -88.792 -81.784
f 5005 5006 5007
f 5007 5008 5005
v 4188.626 -103.276 -53.049
v 4195.758 -102.970 -49.425
v 4202.470 -103.625 -62.634
v 4195.338 -104.158 -66.258
f 5009 5010 5011
f 5011 5012 5009
v 4195.234 -104.148 -66.036
v 4202.575 -103.635 -62.856
v 4207.651 -104.154 -74.572
v 4200.310 -104.686 -77.753
f 5013 5014 5015
f 5015 5016 5013
v 4200.131 -104.662 -77.250
v 4207.830 -104.177 -75.075
v 4211.270 -104.588 -87.254
v 4203.571 -105.008 -89.428
f 5017 5018 5019
f 5019 5020 5017
v 4203.462 -105.000 -88.917
v 4211.379 -104.595 -87.765
v 4212.714 -104.758 -96.945
v 4204.798 -105.171 -98.097
f 5021 5022 5023
f 5023 5024 5021
v 4204.806 -105.172 -98.149
v 4212.707 -104.757 -96.894
v 4214.354 -104.932 -107.263
v 4206.453 -105.355 -108.518
f 5025 5026 5027
f 5027 5028 5025
v 4206.441 -105.354 -108.435
v 4214.366 -104.933 -107.346
v 4216.448 -104.810 -122.497
v 4208.523 -105.185 -123.586
f 5029 5030 5031
f 5031 5032 5029
v 4208.563 -105.179 -123.824
v 4216.408 -104.816 -122.258
v 4223.955 -103.279 -160.049
v 4216.110 -103.542 -161.615
f 5033 5034 5035
f 5035 5036 5033
v 4216.094 -103.547 -161.531
v 4223.971 -103.274 -160.133
v 4228.257 -101.604 -184.279
v 4220.380 -101.783 -185.677
f 5037 5038 5039
f 5039 5040 5037
v 4220.371 -101.788 -185.621
v 4228.267 -101.600 -184.336
v 4234.100 -98.507 -220.172
v 4226.204 -98.565 -221.457
f 5041 5042 5043
f 5043 5044 5041
v 4226.204 -98.565 -221.456
v 4234.100 -98.507 -220.173
v 4242.583 -94.184 -272.362
v 4234.686 -93.974 -273.645
f 5045 5046 5047
f 5047 5048 5045
v 4234.686 -93.973 -273.647
v 4242.582 -94.184 -272.361
v 4246.033 -92.927 -293.548
v 4238.137 -92.545 -294.834
f 5049 5050 5051
f 5051 5052 5049
v 4238.137 -92.545 -294.832
v 4246.034 -92.926 -293.551
v 4264.746 -93.812 -408.934
v 4256.850 -93.603 -410.214
f 5053 5054 5055
f 5055 5056 5053
v 4283.422 -98.733 -138.767
v 4285.596 -98.378 -146.466
v 4247.002 -101.888 -157.364
v 4244.828 -102.412 -149.665
f 5057 5058 5059
f 5059 5060 5057
v 4244.826 -102.412 -149.665
v 4247.003 -101.888 -157.363
v 4221.121 -103.167 -164.681
v 4218.945 -103.658 -156.983
f 5061 5062 5063
f 5063 5064 5061
v 4219.236 -103.649 -156.912
v 4220.830 -103.176 -164.752
v 4203.286 -103.729 -168.318
v 4201.692 -104.234 -160.479
f 5065 5066 5067
f 5067 5068 5065
v 4201.841 -104.229 -160.451
v 4203.137 -103.734 -168.346
v 4172.234 -103.628 -173.418
v 4170.939 -104.039 -165.524
f 5069 5070 5071
f 5071 5072 5069
v 4170.593 -104.033 -165.596
v 4172.580 -103.635 -173.345
v 4126.004 -101.480 -185.286
v 4124.017 -101.807 -177.537
f 5073 5074 5075
f 5075 5076 5073
v 4123.835 -101.796 -177.588
v 4126.186 -101.490 -185.235
v 4099.458 -99.901 -193.451
v 4097.107 -99.967 -185.804
f 5077 5078 5079
f 5079 5080 5077
v 4097.346 -99.984 -185.739
v 4099.219 -99.886 -193.517
v 4042.792 -97.263 -207.109
v 4040.918 -96.862 -199.331
f 5081 5082 5083
f 5083 5084 5081
v 4040.630 -96.850 -199.412
v 4043.079 -97.271 -207.028
v 4025.458 -96.912 -212.695
v 4023.008 -96.327 -205.079
f 5085 5086 5087
f 5087 5088 5085
v 4022.820 -96.324 -205.144
v 4025.645 -96.914 -212.629
v 4009.827 -96.871 -218.599
v 4007.002 -96.193 -211.115
f 5089 5090 5091
f 5091 5092 5089
v 4006.770 -96.193 -211.211
v 4010.059 -96.870 -218.503
v 3987.216 -97.259 -228.806
v 3983.927 -96.478 -221.514
f 5093 5094 5095
f 5095 5096 5093
v 3983.708 -96.483 -221.621
v 3987.436 -97.253 -228.699
v 3973.844 -97.678 -235.859
v 3970.115 -96.898 -228.780
f 5097 5098 5099
f 5099 5100 5097
v 3970.104 -96.898 -228.787
v 3973.855 -97.678 -235.852
v 3956.690 -98.262 -244.967
v 3952.938 -97.473 -237.901
f 5101 5102 5103
f 5103 5104 5101
v 3952.861 -97.476 -237.943
v 3956.767 -98.259 -244.925
v 3926.610 -98.948 -261.793
v 3922.705 -98.161 -254.811
f 5105 5106 5107
f 5107 5108 5105
v 3922.762 -98.161 -254.779
v 3926.553 -98.949 -261.824
v 3846.080 -94.212 -305.124
v 3842.290 -93.752 -298.079
f 5109 5110 5111
f 5111 5112 5109
v 3842.212 -93.743 -298.122
v 3846.157 -94.221 -305.081
v 3821.990 -91.111 -318.779
v 3818.045 -90.750 -311.820
f 5113 5114 5115
f 5115 5116 5113
v 3818.045 -90.750 -311.820
v 3821.990 -91.111 -318.779
v 3786.891 -86.517 -338.672
v 3782.946 -86.076 -331.713
f 5117 5118 5119
f 5119 5120 5117
v 3782.802 -86.057 -331.798
v 3787.035 -86.536 -338.587
v 3776.738 -85.364 -345.007
v 3772.505 -85.052 -338.218
f 5121 5122 5123
f 5123 5124 5121
v 3772.279 -85.031 -338.370
v 3776.964 -85.386 -344.854
v 3767.257 -84.455 -351.868
v 3762.572 -84.103 -345.384
f 5125 5126 5127
f 5127 5128 5125
v 3761.759 -84.023 -346.167
v 3768.069 -84.536 -351.085
v 3761.501 -83.985 -359.513
v 3755.191 -83.349 -354.595
f 5129 5130 5131
f 5131 5132 5129
v 3755.597 -96.637 -617.002
v 3763.589 -96.604 -617.371
v 3762.654 -95.614 -637.595
v 3754.662 -95.601 -637.225
f 5133 5134 5135
f 5135 5136 5133
v 3754.663 -95.574 -637.604
v 3762.653 -95.640 -637.217
v 3763.945 -93.800 -663.887
v 3755.954 -93.618 -664.274
f 5137 5138 5139
f 5139 5140 5137
v 3756.013 -93.573 -664.789
v 3763.886 -93.842 -663.372
v 3793.853 -87.438 -829.867
v 3785.980 -86.462 -831.284
f 5141 5142 5143
f 5143 5144 5141
v 3887.020 -91.018 -603.723
v 3894.947 -90.558 -602.645
v 3897.574 -90.999 -621.971
v 3889.647 -91.383 -623.049
f 5145 5146 5147
f 5147 5148 5145
v 3889.672 -91.386 -623.207
v 3897.549 -90.995 -621.812
v 3930.188 -103.383 -806.166
v 3922.311 -102.865 -807.561
f 5149 5150 5151
f 5151 5152 5149
v 4142.482 -94.367 -408.854
v 4134.612 -94.879 -410.294
v 4094.348 -99.696 -190.348
v 4102.217 -100.189 -188.907
f 5153 5154 5155
f 5155 5156 5153
v 3863.652 -94.848 12.678
v 3859.694 -94.808 19.631
v 4076.044 -98.545 142.776
v 4080.001 -98.157 135.823
f 5157 5158 5159
f 5159 5160 5157
v 4032.831 -100.656 189.747
v 4036.830 -100.726 182.818
v 3833.772 -92.765 65.631
v 3829.773 -92.226 72.560
f 5161 5162 5163
f 5163 5164 5161
v 3967.831 -98.412 222.141
v 3971.854 -99.143 215.226
v 3783.301 -86.022 105.541
v 3779.278 -85.594 112.456
f 5165 5166 5167
f 5167 5168 5165
v 2060.420 -95.812 195.400
v 2067.062 -95.779 199.858
v 2142.003 -100.781 88.192
v 2135.360 -100.863 83.734
f 5169 5170 5171
f 5171 5172 5169
v 2022.731 -95.257 113.568
v 2020.704 -94.997 105.830
v 1952.621 -85.506 123.661
v 1954.648 -85.792 131.400
f 5173 5174 5175
f 5175 5176 5173
v 1899.334 -78.936 -371.363
v 1906.279 -79.531 -367.393
v 1914.639 -80.688 -382.015
v 1907.694 -80.107 -385.986
f 5177 5178 5179
f 5179 5180 5177
v 1907.807 -80.122 -386.172
v 1914.526 -80.673 -381.830
v 1926.126 -82.563 -399.781
v 1919.406 -82.069 -404.123
f 5181 5182 5183
f 5183 5184 5181
v 1919.997 -82.155 -404.838
v 1925.535 -82.462 -399.066
v 1934.842 -83.888 -407.995
v 1929.303 -83.500 -413.768
f 5185 5186 5187
f 5187 5188 5185
v 1929.612 -83.544 -414.036
v 1934.532 -83.844 -407.728
v 1943.338 -85.025 -414.597
v 1938.417 -84.756 -420.904
f 5189 5190 5191
f 5191 5192 5189
v 1938.759 -84.801 -421.144
v 1942.996 -84.982 -414.357
v 1958.124 -86.788 -423.802
v 1953.888 -86.566 -430.588
f 5193 5194 5195
f 5195 5196 5193
v 2551.895 -88.446 -97.942
v 2544.044 -88.599 -99.478
v 2542.920 -88.776 -93.732
v 2550.771 -88.622 -92.196
f 5197 5198 5199
f 5199 5200 5197
v 2550.008 -88.685 -90.515
v 2543.683 -88.713 -95.413
v 2538.016 -89.251 -88.095
v 2544.342 -89.014 -83.198
f 5201 5202 5203
f 5203 5204 5201
v 2543.865 -89.039 -82.683
v 2538.493 -89.204 -88.610
v 2456.228 -97.612 -14.046
v 2461.600 -97.584 -8.118
f 5205 5206 5207
f 5207 5208 5205
v 2462.066 -97.557 -8.619
v 2455.762 -97.637 -13.545
v 2443.974 -98.037 1.539
v 2450.277 -98.019 6.465
f 5209 5210 5211
f 5211 5212 5209
v 2287.817 -91.628 106.980
v 2294.405 -91.258 111.520
v 2330.261 -93.074 59.490
v 2323.673 -93.455 54.951
f 5213 5214 5215
f 5215 5216 5213
v 2323.685 -93.456 54.934
v 2330.249 -93.072 59.508
v 2351.422 -95.910 29.127
v 2344.858 -96.246 24.553
f 5217 5218 5219
f 5219 5220 5217
v 2344.828 -96.241 24.597
v 2351.452 -95.914 29.083
v 2377.734 -99.436 -9.724
v 2371.111 -99.865 -14.210
f 5221 5222 5223
f 5223 5224 5221
v 2370.911 -99.838 -13.884
v 2377.934 -99.459 -10.051
v 2388.531 -100.548 -29.468
v 2381.509 -101.090 -33.301
f 5225 5226 5227
f 5227 5228 5225
v 2381.416 -101.081 -33.120
v 2388.624 -100.555 -29.649
v 2400.123 -101.250 -53.531
v 2392.915 -101.849 -57.001
f 5229 5230 5231
f 5231 5232 5229
v 2392.528 -101.815 -55.522
v 2400.511 -101.276 -55.010
v 2401.402 -101.685 -68.892
v 2393.418 -102.304 -69.405
f 5233 5234 5235
f 5235 5236 5233
v 2393.413 -102.288 -69.004
v 2401.407 -101.698 -69.293
v 2400.806 -102.235 -85.871
v 2392.811 -102.915 -85.581
f 5237 5238 5239
f 5239 5240 5237
v 2392.857 -102.903 -85.104
v 2400.760 -102.246 -86.348
v 2395.684 -103.026 -118.591
v 2387.781 -103.769 -117.347
f 5241 5242 5243
f 5243 5244 5241
v 2387.813 -103.768 -117.171
v 2395.652 -103.027 -118.767
v 2382.516 -102.062 -183.267
v 2374.677 -102.554 -181.670
f 5245 5246 5247
f 5247 5248 5245
v 4285.874 -94.671 179.026
v 4281.541 -94.310 172.301
v 4248.846 -94.224 193.369
v 4253.180 -94.748 200.093
f 5249 5250 5251
f 5251 5252 5249
v 3748.139 -87.977 -443.957
v 3747.047 -87.200 -436.032
v 3839.998 -93.536 -423.219
v 3841.091 -93.646 -431.144
f 5253 5254 5255
f 5255 5256 5253
v 3841.084 -93.646 -431.145
v 3840.005 -93.537 -423.218
v 3898.437 -98.932 -415.266
v 3899.516 -98.534 -423.193
f 5257 5258 5259
f 5259 5260 5257
v 3899.335 -98.518 -423.214
v 3898.618 -98.949 -415.246
v 3941.620 -101.752 -411.376
v 3942.338 -101.200 -419.343
f 5261 5262 5263
f 5263 5264 5261
v 3942.202 -101.192 -419.353
v 3941.757 -101.760 -411.366
v 3990.125 -102.650 -408.671
v 3990.570 -102.135 -416.659
f 5265 5266 5267
f 5267 5268 5265
v 3990.562 -102.135 -416.659
v 3990.133 -102.650 -408.671
v 4039.993 -100.871 -405.989
v 4040.422 -100.599 -413.978
f 5269 5270 5271
f 5271 5272 5269
v 4040.224 -100.610 -413.983
v 4040.191 -100.858 -405.983
v 4138.530 -94.423 -405.574
v 4138.564 -94.827 -413.574
f 5273 5274 5275
f 5275 5276 5273
v 4138.611 -94.824 -413.573
v 4138.483 -94.426 -405.574
v 4229.286 -92.529 -404.121
v 4229.414 -93.006 -412.120
f 5277 5278 5279
f 5279 5280 5277
v 4229.413 -93.006 -412.120
v 4229.288 -92.529 -404.121
v 4243.626 -92.844 -403.897
v 4243.751 -93.266 -411.896
f 5281 5282 5283
f 5283 5284 5281
v 4200.005 -105.722 -116.568
v 4193.930 -105.880 -121.774
v 4188.553 -105.910 -115.499
v 4194.628 -105.978 -110.294
f 5285 5286 5287
f 5287 5288 5285
v 4194.065 -105.955 -109.754
v 4189.116 -105.909 -116.039
v 4184.185 -105.879 -112.156
v 4189.134 -105.785 -105.871
f 5289 5290 5291
f 5291 5292 5289
v 4187.445 -105.741 -105.091
v 4185.874 -105.914 -112.935
v 4178.816 -105.787 -111.522
v 4180.387 -105.610 -103.678
f 5293 5294 5295
f 5295 5296 5293
v 4179.483 -105.595 -103.602
v 4179.720 -105.802 -111.598
v 4172.150 -105.700 -111.823
v 4171.913 -105.499 -103.826
f 5297 5298 5299
f 5299 5300 5297
v 4171.351 -105.493 -103.883
v 4172.713 -105.707 -111.766
v 4164.987 -105.615 -113.100
v 4163.626 -105.421 -105.217
f 5301 5302 5303
f 5303 5304 5301
v 4163.282 -105.418 -105.292
v 4165.330 -105.621 -113.025
v 4080.193 -99.102 -135.573
v 4078.145 -98.901 -127.839
f 5305 5306 5307
f 5307 5308 5305
v 4232.730 -92.962 -1686.617
v 4224.791 -92.992 -1685.631
v 4226.672 -94.114 -1670.491
v 4234.611 -94.042 -1671.478
f 5309 5310 5311
f 5311 5312 5309
v 4234.629 -94.054 -1671.305
v 4226.654 -94.101 -1670.664
v 4227.011 -94.426 -1666.238
v 4234.985 -94.366 -1666.880
f 5313 5314 5315
f 5315 5316 5313
v 4234.998 -94.389 -1666.559
v 4226.998 -94.402 -1666.559
v 4226.998 -94.914 -1660.588
v 4234.998 -94.881 -1660.588
f 5317 5318 5319
f 5319 5320 5317
v 4234.997 -94.873 -1660.687
v 4226.999 -94.923 -1660.488
v 4227.155 -95.484 -1654.226
v 4235.152 -95.412 -1654.425
f 5321 5322 5323
f 5323 5324 5321
v 4235.152 -95.411 -1654.433
v 4227.155 -95.485 -1654.218
v 4227.300 -95.966 -1648.841
v 4235.297 -95.874 -1649.057
f 5325 5326 5327
f 5327 5328 5325
v 4235.297 -95.874 -1649.049
v 4227.300 -95.965 -1648.849
v 4227.533 -96.797 -1639.535
v 4235.531 -96.674 -1639.736
f 5329 5330 5331
f 5331 5332 5329
v 4235.529 -96.669 -1639.787
v 4227.535 -96.802 -1639.484
v 4231.787 -103.965 -1527.431
v 4239.782 -103.378 -1527.735
f 5333 5334 5335
f 5335 5336 5333
v 4239.776 -103.377 -1527.848
v 4231.793 -103.967 -1527.318
v 4249.694 -91.953 -1257.786
v 4257.676 -92.368 -1258.316
f 5337 5338 5339
f 5339 5340 5337
v 3984.291 -90.592 -1537.559
v 3983.780 -90.437 -1529.576
v 4048.969 -95.837 -1525.401
v 4049.480 -95.940 -1533.385
f 5341 5342 5343
f 5343 5344 5341
v 4049.248 -95.916 -1533.393
v 4049.201 -95.862 -1525.393
v 4113.989 -102.528 -1525.010
v 4114.036 -102.457 -1533.010
f 5345 5346 5347
f 5347 5348 5345
v 4114.046 -102.457 -1533.010
v 4113.979 -102.527 -1525.010
v 4174.013 -105.551 -1524.508
v 4174.080 -105.412 -1532.508
f 5349 5350 5351
f 5351 5352 5349
v 4174.107 -105.413 -1532.507
v 4173.987 -105.551 -1524.508
v 4235.725 -103.831 -1523.584
v 4235.844 -103.702 -1531.583
f 5353 5354 5355
f 5355 5356 5353
v 3564.259 -80.074 -657.792
v 3556.827 -79.621 -660.752
v 3553.832 -78.991 -653.236
v 3561.264 -79.484 -650.275
f 5357 5358 5359
f 5359 5360 5357
v 3561.268 -79.484 -650.286
v 3553.828 -78.991 -653.226
v 3549.876 -78.103 -643.226
v 3557.316 -78.647 -640.286
f 5361 5362 5363
f 5363 5364 5361
v 3554.329 -78.643 -645.689
v 3552.864 -78.094 -637.824
v 3564.497 -79.126 -635.657
v 3565.962 -79.605 -643.522
f 5365 5366 5367
f 5367 5368 5365
v 3565.756 -79.588 -643.555
v 3564.702 -79.145 -635.625
v 3613.004 -84.738 -629.205
v 3614.058 -84.829 -637.135
f 5369 5370 5371
f 5371 5372 5369
v 3613.938 -84.815 -637.149
v 3613.124 -84.754 -629.191
v 3707.924 -94.959 -619.495
v 3708.738 -94.658 -627.453
f 5373 5374 5375
f 5375 5376 5373
v 3708.818 -94.662 -627.444
v 3707.844 -94.955 -619.504
v 3759.106 -96.777 -613.216
v 3760.080 -96.464 -621.157
f 5377 5378 5379
f 5379 5380 5377
v 3759.900 -96.464 -621.175
v 3759.287 -96.777 -613.198
v 3789.376 -96.430 -610.886
v 3789.989 -96.174 -618.863
f 5381 5382 5383
f 5383 5384 5381
v 3790.141 -96.168 -618.848
v 3789.224 -96.437 -610.901
v 3890.525 -90.722 -599.211
v 3891.442 -90.872 -607.158
f 5385 5386 5387
f 5387 5388 5385
v 3891.429 -90.873 -607.159
v 3890.538 -90.721 -599.209
v 3962.729 -89.627 -591.125
v 3963.619 -89.679 -599.075
f 5389 5390 5391
f 5391 5392 5389
v 3963.556 -89.677 -599.082
v 3962.793 -89.629 -591.118
v 4032.969 -94.109 -584.395
v 4033.732 -94.202 -592.358
f 5393 5394 5395
f 5395 5396 5393
v 4033.731 -94.202 -592.358
v 4032.969 -94.109 -584.395
v 4088.962 -100.028 -579.032
v 4089.725 -100.103 -586.995
f 5397 5398 5399
f 5399 5400 5397
v 4089.725 -100.103 -586.995
v 4088.963 -100.028 -579.032
v 4162.244 -105.469 -572.017
v 4163.007 -105.459 -579.981
f 5401 5402 5403
f 5403 5404 5401
v 4163.081 -105.460 -579.973
v 4162.169 -105.468 -572.025
v 4197.402 -105.748 -567.983
v 4198.314 -105.736 -575.931
f 5405 5406 5407
f 5407 5408 5405
v 4198.431 -105.730 -575.916
v 4197.285 -105.755 -567.998
v 4207.593 -105.188 -566.506
v 4208.739 -105.222 -574.423
f 5409 5410 5411
f 5411 5412 5409
v 4208.963 -105.211 -574.384
v 4207.370 -105.200 -566.544
v 4215.429 -104.744 -564.906
v 4217.022 -104.816 -572.746
f 5413 5414 5415
f 5415 5416 5413
v 4217.463 -104.794 -572.630
v 4214.988 -104.770 -565.023
v 4220.510 -104.435 -563.226
v 4222.985 -104.525 -570.834
f 5417 5418 5419
f 5419 5420 5417
v 4223.049 -104.521 -570.812
v 4220.446 -104.439 -563.248
v 4228.661 -103.942 -560.421
v 4231.264 -104.073 -567.985
f 5421 5422 5423
f 5423 5424 5421
v 4231.827 -104.037 -567.742
v 4228.098 -103.978 -560.664
v 4233.764 -103.604 -557.679
v 4237.493 -103.588 -564.757
f 5425 5426 5427
f 5427 5428 5425
v 4237.851 -103.545 -564.543
v 4233.406 -103.629 -557.892
v 4238.783 -103.123 -554.299
v 4243.228 -102.894 -560.950
f 5429 5430 5431
f 5431 5432 5429
v 4243.631 -102.844 -560.642
v 4238.380 -103.172 -554.607
v 4243.011 -102.602 -550.578
v 4248.262 -102.271 -556.614
f 5433 5434 5435
f 5435 5436 5433
v 4248.619 -102.226 -556.261
v 4242.653 -102.646 -550.931
v 4246.383 -102.170 -546.757
v 4252.348 -101.752 -552.087
f 5437 5438 5439
f 5439 5440 5437
v 4252.665 -101.711 -551.683
v 4246.066 -102.211 -547.161
v 4249.650 -101.731 -541.930
v 4256.250 -101.238 -546.452
f 5441 5442 5443
f 5443 5444 5441
v 4256.381 -101.220 -546.247
v 4249.519 -101.749 -542.134
v 4252.647 -101.278 -536.916
v 4259.509 -100.805 -541.030
f 5445 5446 5447
f 5447 5448 5445
v 4259.736 -100.774 -540.591
v 4252.420 -101.320 -537.355
v 4255.258 -100.758 -530.936
v 4262.575 -100.278 -534.171
f 5449 5450 5451
f 5451 5452 5449
v 4262.777 -100.236 -533.602
v 4255.057 -100.802 -531.505
v 4257.005 -100.302 -524.332
v 4264.725 -99.776 -526.429
f 5453 5454 5455
f 5455 5456 5453
v 4264.796 -99.758 -526.121
v 4256.934 -100.322 -524.639
v 4258.426 -99.842 -516.727
v 4266.287 -99.325 -518.209
f 5457 5458 5459
f 5459 5460 5457
v 4266.354 -99.296 -517.598
v 4258.359 -99.875 -517.338
v 4258.659 -99.428 -508.091
v 4266.655 -98.910 -508.351
f 5461 5462 5463
f 5463 5464 5461
v 4266.641 -98.921 -508.581
v 4258.673 -99.413 -507.861
v 4259.564 -98.777 -498.007
v 4267.531 -98.366 -498.727
f 5465 5466 5467
f 5467 5468 5465
v 4267.514 -98.322 -497.847
v 4259.582 -98.827 -498.887
v 4257.912 -98.154 -486.153
v 4265.844 -97.751 -485.113
f 5469 5470 5471
f 5471 5472 5469
v 4265.772 -97.733 -484.720
v 4257.983 -98.175 -486.546
v 4255.646 -97.648 -476.573
v 4263.435 -97.275 -474.747
f 5473 5474 5475
f 5475 5476 5473
v 4263.419 -97.272 -474.683
v 4255.661 -97.652 -476.638
v 4251.754 -96.680 -461.130
v 4259.512 -96.423 -459.175
f 5477 5478 5479
f 5479 5480 5477
v 4259.548 -96.432 -459.333
v 4251.718 -96.669 -460.972
v 4246.497 -94.925 -436.033
v 4254.327 -94.894 -434.394
f 5481 5482 5483
f 5483 5484 5481
v 4254.296 -94.886 -434.257
v 4246.528 -94.935 -436.169
v 4239.804 -92.975 -408.852
v 4247.572 -93.140 -406.940
f 5485 5486 5487
f 5487 5488 5485
v 4247.630 -93.156 -407.217
v 4239.746 -92.958 -408.575
v 4236.017 -91.590 -386.925
v 4243.901 -91.933 -385.567
f 5489 5490 5491
f 5491 5492 5489
v 4243.908 -91.934 -385.610
v 4236.010 -91.587 -386.883
v 4234.418 -91.302 -377.002
v 4242.316 -91.618 -375.729
f 5493 5494 5495
f 5495 5496 5493
v 4242.314 -91.618 -375.716
v 4234.420 -91.302 -377.015
v 4221.407 -92.188 -297.932
v 4229.301 -92.317 -296.633
f 5497 5498 5499
f 5499 5500 5497
v 4229.304 -92.317 -296.650
v 4221.404 -92.189 -297.915
v 4218.065 -93.702 -277.057
v 4225.964 -93.809 -275.792
f 5501 5502 5503
f 5503 5504 5501
v 4225.955 -93.813 -275.738
v 4218.074 -93.698 -277.112
v 4204.671 -101.113 -200.235
v 4212.552 -100.983 -198.861
f 5505 5506 5507
f 5507 5508 5505
v 4212.552 -100.983 -198.861
v 4204.671 -101.113 -200.234
v 4198.548 -104.111 -165.085
v 4206.430 -103.849 -163.712
f 5509 5510 5511
f 5511 5512 5509
v 4206.459 -103.837 -163.913
v 4198.518 -104.124 -164.884
v 4195.691 -105.515 -141.741
v 4203.632 -105.148 -140.771
f 5513 5514 5515
f 5515 5516 5513
v 4203.632 -105.148 -140.772
v 4195.691 -105.515 -141.741
v 4192.997 -105.903 -119.655
v 4200.938 -105.640 -118.687
f 5517 5518 5519
f 5519 5520 5517
v 4200.953 -105.637 -118.827
v 4192.982 -105.905 -119.515
v 4190.444 -105.388 -90.098
v 4198.415 -105.253 -89.411
f 5521 5522 5523
f 5523 5524 5521
v 4198.334 -105.243 -88.886
v 4190.525 -105.402 -90.623
v 4188.432 -105.090 -81.219
v 4196.241 -104.985 -79.481
f 5525 5526 5527
f 5527 5528 5525
v 4196.114 -104.961 -79.034
v 4188.559 -105.121 -81.665
v 4185.164 -104.460 -71.917
v 4192.719 -104.360 -69.286
f 5529 5530 5531
f 5531 5532 5529
v 4192.659 -104.349 -69.125
v 4185.224 -104.470 -72.078
v 4179.368 -103.492 -57.337
v 4186.803 -103.351 -54.384
f 5533 5534 5535
f 5535 5536 5533
v 3153.024 -75.490 -488.215
v 3145.165 -75.359 -489.709
v 3142.171 -75.309 -473.950
v 3150.030 -75.277 -472.457
f 5537 5538 5539
f 5539 5540 5537
v 4242.021 -102.306 -158.105
v 4246.357 -101.636 -164.827
v 4238.576 -102.075 -169.847
v 4234.240 -102.679 -163.124
f 5541 5542 5543
f 5543 5544 5541
v 4233.010 -102.672 -164.375
v 4239.806 -102.029 -168.596
v 4235.286 -101.965 -175.874
v 4228.490 -102.506 -171.654
f 5545 5546 5547
f 5547 5548 5545
v 4227.894 -102.437 -173.548
v 4235.883 -102.081 -173.979
v 4235.382 -101.417 -183.265
v 4227.393 -101.747 -182.834
f 5549 5550 5551
f 5551 5552 5549
v 4227.440 -101.679 -183.695
v 4235.335 -101.482 -182.404
v 4241.268 -98.397 -218.703
v 4233.373 -98.539 -219.993
f 5553 5554 5555
f 5555 5556 5553
v 4233.373 -98.539 -219.993
v 4241.268 -98.397 -218.703
v 4268.876 -93.222 -387.662
v 4260.980 -92.890 -388.952
f 5557 5558 5559
f 5559 5560 5557
v 4261.306 -92.947 -390.004
v 4268.550 -93.171 -386.610
v 4272.802 -93.665 -395.684
v 4265.558 -93.479 -399.079
f 5561 5562 5563
f 5563 5564 5561
v 4266.417 -93.556 -400.273
v 4271.944 -93.590 -394.490
v 4277.722 -93.999 -400.011
v 4272.194 -93.961 -405.795
f 5565 5566 5567
f 5567 5568 5565
v 4236.698 -91.599 -386.487
v 4228.816 -91.555 -387.855
v 4227.257 -91.254 -378.872
v 4235.139 -91.325 -377.505
f 5569 5570 5571
f 5571 5572 5569
v 4235.151 -91.327 -377.573
v 4227.246 -91.251 -378.804
v 4214.900 -92.055 -299.482
v 4222.805 -92.186 -298.252
f 5573 5574 5575
f 5575 5576 5573
v 4222.805 -92.186 -298.253
v 4214.900 -92.055 -299.481
v 4211.627 -93.583 -278.413
v 4219.533 -93.694 -277.185
f 5577 5578 5579
f 5579 5580 5577
v 4219.505 -93.707 -277.025
v 4211.656 -93.570 -278.572
v 4196.416 -101.277 -201.259
v 4204.265 -101.170 -199.712
f 5581 5582 5583
f 5583 5584 5581
v 4204.281 -101.162 -199.801
v 4196.399 -101.286 -201.170
v 4194.184 -102.464 -188.410
v 4202.066 -102.329 -187.041
f 5585 5586 5587
f 5587 5588 5585
v 4201.379 -102.495 -185.399
v 4194.871 -102.319 -190.052
v 4188.893 -103.033 -181.691
v 4195.401 -103.452 -177.038
f 5589 5590 5591
f 5591 5592 5589
v 4193.119 -103.601 -175.484
v 4191.176 -102.908 -183.245
v 4181.625 -103.068 -180.854
v 4183.567 -103.728 -173.093
f 5593 5594 5595
f 5595 5596 5593
v 4183.680 -103.727 -173.123
v 4181.512 -103.070 -180.824
v 4171.426 -103.252 -177.984
v 4173.595 -103.806 -170.283
f 5597 5598 5599
f 5599 5600 5597
v 4171.216 -103.785 -170.349
v 4173.805 -103.271 -177.918
v 4120.182 -100.708 -196.253
v 4117.594 -100.984 -188.683
f 5601 5602 5603
f 5603 5604 5601
v 4116.315 -100.903 -189.405
v 4121.461 -100.783 -195.531
v 4115.783 -100.388 -200.299
v 4110.638 -100.468 -194.173
f 5605 5606 5607
f 5607 5608 5605
v 4109.537 -100.352 -195.655
v 4116.885 -100.487 -198.818
v 4114.503 -100.170 -204.352
v 4107.154 -100.028 -201.189
f 5609 5610 5611
f 5611 5612 5609
v 4106.920 -99.990 -201.921
v 4114.737 -100.211 -203.621
v 4112.789 -99.710 -212.577
v 4104.972 -99.556 -210.876
f 5613 5614 5615
f 5615 5616 5613
v 4104.889 -99.508 -211.994
v 4112.871 -99.768 -211.459
v 4113.472 -99.316 -220.414
v 4105.490 -99.157 -220.950
f 5617 5618 5619
f 5619 5620 5617
v 4105.563 -99.137 -221.485
v 4113.400 -99.343 -219.880
v 4145.905 -92.740 -378.601
v 4138.068 -93.350 -380.206
f 5621 5622 5623
f 5623 5624 5621
v 4229.221 -91.453 -385.300
v 4236.292 -91.720 -389.042
v 4230.915 -92.251 -399.200
v 4223.845 -91.959 -395.458
f 5625 5626 5627
f 5627 5628 5625
v 4224.818 -91.896 -394.257
v 4229.942 -92.313 -400.401
v 4222.784 -92.619 -406.371
v 4217.660 -92.197 -400.228
f 5629 5630 5631
f 5631 5632 5629
v 4220.297 -92.162 -399.300
v 4220.148 -92.658 -407.299
v 4155.649 -93.519 -406.097
v 4155.798 -93.026 -398.098
f 5633 5634 5635
f 5635 5636 5633
v 4158.696 -93.021 -399.421
v 4152.751 -93.545 -404.774
v 4141.998 -93.546 -392.833
v 4147.942 -92.844 -387.479
f 5637 5638 5639
f 5639 5640 5637
v 4148.824 -92.874 -389.087
v 4141.116 -93.520 -391.226
v 4138.132 -93.352 -380.473
v 4145.841 -92.738 -378.334
f 5641 5642 5643
f 5643 5644 5641
v 1898.710 -82.005 -429.657
v 1899.155 -81.404 -421.669
v 1912.647 -82.507 -422.422
v 1912.201 -83.035 -430.410
f 5645 5646 5647
f 5647 5648 5645
v 1912.353 -83.046 -430.415
v 1912.496 -82.495 -422.416
v 1956.077 -86.576 -423.196
v 1955.934 -86.763 -431.194
f 5649 5650 5651
f 5651 5652 5649
v 1955.935 -86.763 -431.194
v 1956.077 -86.576 -423.196
v 2056.443 -95.543 -424.979
v 2056.300 -94.875 -432.978
f 5653 5654 5655
f 5655 5656 5653
v 2055.689 -94.847 -432.920
v 2057.054 -95.574 -425.037
v 2088.034 -96.839 -430.400
v 2086.669 -96.009 -438.283
f 5657 5658 5659
f 5659 5660 5657
v 2086.660 -96.009 -438.281
v 2088.044 -96.840 -430.402
v 2167.214 -97.033 -444.311
v 2165.830 -96.574 -452.190
f 5661 5662 5663
f 5663 5664 5661
v 2165.830 -96.574 -452.190
v 2167.214 -97.033 -444.311
v 2230.678 -97.011 -455.460
v 2229.293 -97.210 -463.339
f 5665 5666 5667
f 5667 5668 5665
v 2229.398 -97.212 -463.356
v 2230.573 -97.010 -455.443
v 2241.516 -97.135 -457.068
v 2240.341 -97.452 -464.981
f 5669 5670 5671
f 5671 5672 5669
v 2172.879 -92.390 -131.139
v 2165.108 -91.541 -129.235
v 2176.708 -93.100 -81.881
v 2184.478 -93.984 -83.785
f 5673 5674 5675
f 5675 5676 5673
v 2183.019 -93.792 -86.014
v 2178.167 -93.331 -79.652
v 2193.373 -95.241 -68.055
v 2198.225 -95.686 -74.416
f 5677 5678 5679
f 5679 5680 5677
v 2198.320 -95.697 -74.341
v 2193.278 -95.230 -68.130
v 2243.617 -98.857 -27.262
v 2248.659 -99.421 -33.473
f 5681 5682 5683
f 5683 5684 5681
v 1933.238 -84.284 52.835
v 1932.354 -84.535 44.884
v 1921.066 -83.405 46.139
v 1921.950 -83.052 54.090
f 5685 5686 5687
f 5687 5688 5685
v 1921.637 -83.026 54.112
v 1921.379 -83.430 46.116
v 1909.501 -82.494 46.499
v 1909.759 -82.037 54.495
f 5689 5690 5691
f 5691 5692 5689
v 1908.860 -81.968 54.423
v 1910.400 -82.559 46.572
v 1903.665 -82.123 45.251
v 1902.126 -81.503 53.102
f 5693 5694 5695
f 5695 5696 5693
v 1901.420 -81.460 52.895
v 1904.370 -82.164 45.458
v 1897.112 -81.802 42.579
v 1894.162 -81.071 50.015
f 5697 5698 5699
f 5699 5700 5697
v 1893.807 -81.054 49.853
v 1897.468 -81.817 42.740
v 1878.811 -81.361 33.138
v 1875.150 -80.527 40.251
f 5701 5702 5703
f 5703 5704 5701
v 1874.880 -80.526 40.098
v 1879.081 -81.358 33.290
v 1854.891 -81.732 18.364
v 1850.690 -80.887 25.172
f 5705 5706 5707
f 5707 5708 5705
v 2292.403 -95.006 196.984
v 2296.988 -94.386 190.429
v 2198.805 -97.858 121.743
v 2194.219 -98.213 128.299
f 5709 5710 5711
f 5711 5712 5709
v 2194.273 -98.209 128.336
v 2198.750 -97.862 121.706
v 2140.920 -100.628 82.648
v 2136.442 -101.028 89.278
f 5713 5714 5715
f 5715 5716 5713
v 2981.058 -77.311 -488.816
v 2988.272 -77.218 -485.357
v 2996.543 -75.210 -502.609
v 2989.329 -75.382 -506.067
f 5717 5718 5719
f 5719 5720 5717
v 2989.013 -75.484 -505.122
v 2996.858 -75.102 -503.554
v 2999.842 -73.833 -518.481
v 2991.997 -74.209 -520.048
f 5721 5722 5723
f 5723 5724 5721
v 2989.135 -74.377 -520.856
v 2981.197 -74.934 -521.847
v 2979.338 -75.991 -506.960
v 2987.276 -75.530 -505.969
f 5725 5726 5727
f 5727 5728 5725
v 2987.297 -75.463 -506.744
v 2979.316 -76.053 -506.185
v 2980.675 -77.490 -486.807
v 2988.655 -77.027 -487.366
f 5729 5730 5731
f 5731 5732 5729
v 4063.000 -99.386 -754.748
v 4055.040 -99.874 -755.547
v 4053.014 -99.492 -735.363
v 4060.974 -99.177 -734.564
f 5733 5734 5735
f 5735 5736 5733
v 4060.940 -99.174 -734.304
v 4053.049 -99.498 -735.622
v 4044.288 -97.730 -683.153
v 4052.179 -97.921 -681.836
f 5737 5738 5739
f 5739 5740 5737
v 4052.179 -97.921 -681.836
v 4044.288 -97.730 -683.153
v 4031.787 -94.220 -608.308
v 4039.678 -94.992 -606.990
f 5741 5742 5743
f 5743 5744 5741
v 4039.702 -94.998 -607.158
v 4031.763 -94.214 -608.140
v 4029.380 -93.739 -588.867
v 4037.320 -94.577 -587.886
f 5745 5746 5747
f 5747 5748 5745
v 3653.570 -82.212 -851.875
v 3657.115 -81.806 -844.704
v 3660.321 -81.794 -846.289
v 3656.776 -82.129 -853.460
f 5749 5750 5751
f 5751 5752 5749
v 3657.772 -82.100 -853.799
v 3659.325 -81.796 -845.951
v 3663.800 -81.766 -846.836
v 3662.247 -82.084 -854.684
f 5753 5754 5755
f 5755 5756 5753
v 3663.652 -82.071 -854.710
v 3662.395 -81.784 -846.809
v 3789.288 -86.826 -826.625
v 3790.545 -87.073 -834.526
f 5757 5758 5759
f 5759 5760 5757
v 3790.602 -87.080 -834.516
v 3789.231 -86.818 -826.634
v 3848.676 -94.653 -816.291
v 3850.047 -94.830 -824.173
f 5761 5762 5763
f 5763 5764 5761
v 3850.046 -94.830 -824.173
v 3848.676 -94.653 -816.291
v 3925.564 -102.989 -802.923
v 3926.935 -103.261 -810.805
f 5765 5766 5767
f 5767 5768 5765
v 3927.016 -103.266 -810.790
v 3925.483 -102.983 -802.938
v 4037.504 -101.724 -781.076
v 4039.037 -101.715 -788.927
f 5769 5770 5771
f 5771 5772 5769
v 4039.410 -101.682 -788.836
v 4037.130 -101.757 -781.167
v 4046.682 -100.914 -778.327
v 4048.962 -100.853 -785.996
f 5773 5774 5775
f 5775 5776 5773
v 4049.921 -100.769 -785.566
v 4045.722 -101.000 -778.757
v 4050.798 -100.535 -775.626
v 4054.998 -100.326 -782.435
f 5777 5778 5779
f 5779 5780 5777
v 4055.885 -100.242 -781.691
v 4049.911 -100.618 -776.370
v 4053.640 -100.255 -772.183
v 4059.614 -99.883 -777.504
f 5781 5782 5783
f 5783 5784 5781
v 4060.422 -99.802 -776.107
v 4052.832 -100.341 -773.579
v 4054.324 -100.151 -769.101
v 4061.914 -99.638 -771.629
f 5785 5786 5787
f 5787 5788 5785
v 4062.071 -99.619 -770.983
v 4054.167 -100.174 -769.747
v 4054.913 -100.040 -764.978
v 4062.816 -99.515 -766.215
f 5789 5790 5791
f 5791 5792 5789
v 4062.864 -99.506 -765.656
v 4054.865 -100.053 -765.537
v 4055.021 -99.867 -755.088
v 4063.020 -99.389 -755.207
f 5793 5794 5795
f 5795 5796 5793
v 3556.946 -79.647 -661.022
v 3564.140 -80.052 -657.522
v 3571.008 -81.268 -671.643
v 3563.814 -80.978 -675.143
f 5797 5798 5799
f 5799 5800 5797
v 3563.815 -80.978 -675.144
v 3571.008 -81.268 -671.642
v 3652.661 -81.936 -839.379
v 3645.468 -82.325 -842.881
f 5801 5802 5803
f 5803 5804 5801
v 3645.846 -82.316 -843.505
v 3652.282 -81.949 -838.754
v 3655.266 -81.841 -842.797
v 3648.829 -82.289 -847.547
f 5805 5806 5807
f 5807 5808 5805
v 3649.298 -82.283 -848.078
v 3654.796 -81.859 -842.266
v 3658.092 -81.793 -845.384
v 3652.593 -82.232 -851.195
f 5809 5810 5811
f 5811 5812 5809
v 4256.867 -93.608 -410.311
v 4264.730 -93.808 -408.837
v 4274.203 -96.210 -459.376
v 4266.340 -96.413 -460.850
f 5813 5814 5815
f 5815 5816 5813
v 4266.343 -96.414 -460.868
v 4274.199 -96.210 -459.357
v 4277.094 -96.821 -474.403
v 4269.238 -97.150 -475.914
f 5817 5818 5819
f 5819 5820 5817
v 4269.179 -99.628 -532.128
v 4276.729 -99.068 -534.775
v 4274.636 -99.418 -540.745
v 4267.086 -100.039 -538.099
f 5821 5822 5823
f 5823 5824 5821
v 4267.221 -100.014 -537.764
v 4274.502 -99.436 -541.080
v 4271.374 -99.850 -547.949
v 4264.093 -100.464 -544.633
f 5825 5826 5827
f 5827 5828 5825
v 4264.251 -100.443 -544.323
v 4271.216 -99.871 -548.259
v 4267.932 -100.297 -554.071
v 4260.967 -100.880 -550.135
f 5829 5830 5831
f 5831 5832 5829
v 4261.165 -100.854 -549.820
v 4267.734 -100.322 -554.386
v 4264.483 -100.738 -559.062
v 4257.914 -101.276 -554.496
f 5833 5834 5835
f 5835 5836 5833
v 4258.069 -101.256 -554.288
v 4264.328 -100.757 -559.270
v 4259.965 -101.316 -564.752
v 4253.706 -101.820 -559.770
f 5837 5838 5839
f 5839 5840 5837
v 4253.964 -101.787 -559.476
v 4259.706 -101.350 -565.047
v 4255.220 -101.910 -569.670
v 4249.478 -102.358 -564.099
f 5841 5842 5843
f 5843 5844 5841
v 4250.059 -102.286 -563.605
v 4254.639 -101.969 -570.164
v 4248.227 -102.620 -574.642
v 4243.647 -103.066 -568.083
f 5845 5846 5847
f 5847 5848 5845
v 4243.944 -103.030 -567.894
v 4247.930 -102.650 -574.831
v 4241.952 -103.256 -578.265
v 4237.966 -103.682 -571.329
f 5849 5850 5851
f 5851 5852 5849
v 4238.255 -103.653 -571.178
v 4241.663 -103.286 -578.416
v 4236.587 -103.801 -580.807
v 4233.178 -104.011 -573.569
f 5853 5854 5855
f 5855 5856 5853
v 4233.469 -103.997 -573.446
v 4236.297 -103.831 -580.930
v 4230.776 -104.107 -583.017
v 4227.947 -104.266 -575.533
f 5857 5858 5859
f 5859 5860 5857
v 4228.058 -104.261 -575.493
v 4230.665 -104.113 -583.057
v 4222.004 -104.534 -586.042
v 4219.397 -104.683 -578.479
f 5861 5862 5863
f 5863 5864 5861
v 4219.609 -104.672 -578.412
v 4221.792 -104.544 -586.109
v 4215.970 -104.828 -587.760
v 4213.787 -104.957 -580.063
f 5865 5866 5867
f 5867 5868 5865
v 4213.795 -104.956 -580.061
v 4215.962 -104.829 -587.762
v 4210.140 -105.112 -589.400
v 4207.973 -105.240 -581.699
f 5869 5870 5871
f 5871 5872 5869
v 4208.369 -105.221 -581.609
v 4209.744 -105.131 -589.490
v 4199.447 -105.636 -591.287
v 4198.072 -105.726 -583.406
f 5873 5874 5875
f 5875 5876 5873
v 4198.267 -105.717 -583.376
v 4199.252 -105.645 -591.316
v 4158.342 -105.352 -596.388
v 4157.358 -105.359 -588.449
f 5877 5878 5879
f 5879 5880 5877
v 4157.355 -105.359 -588.449
v 4158.345 -105.352 -596.388
v 4036.227 -94.744 -611.618
v 4035.237 -94.464 -603.680
f 5881 5882 5883
f 5883 5884 5881
v 4035.365 -94.476 -603.666
v 4036.100 -94.731 -611.632
v 3958.465 -90.348 -618.792
v 3957.731 -89.975 -610.826
f 5885 5886 5887
f 5887 5888 5885
v 3957.624 -89.972 -610.837
v 3958.572 -90.351 -618.780
v 3894.085 -91.284 -626.482
v 3893.136 -91.102 -618.538
f 5889 5890 5891
f 5891 5892 5889
v 3893.167 -91.100 -618.534
v 3894.054 -91.285 -626.485
v 3783.414 -95.592 -638.823
v 3782.527 -96.073 -630.872
f 5893 5894 5895
f 5895 5896 5893
v 3782.551 -96.072 -630.870
v 3783.390 -95.592 -638.826
v 3759.077 -95.333 -641.388
v 3758.239 -95.883 -633.432
f 5897 5898 5899
f 5899 5900 5897
v 3758.219 -95.883 -633.434
v 3759.097 -95.334 -641.386
v 3560.982 -80.095 -663.248
v 3560.104 -79.619 -655.296
f 5901 5902 5903
f 5903 5904 5901
v 4249.853 -101.810 -152.817
v 4241.976 -102.482 -154.212
v 4236.766 -103.740 -124.782
v 4244.644 -102.953 -123.387
f 5905 5906 5907
f 5907 5908 5905
v 4244.631 -102.955 -123.319
v 4236.779 -103.738 -124.851
v 4232.905 -103.961 -104.998
v 4240.757 -103.299 -103.465
f 5909 5910 5911
f 5911 5912 5909
v 2926.072 -81.298 -1392.939
v 2933.942 -81.015 -1394.372
v 2927.820 -80.389 -1428.005
v 2919.949 -81.003 -1426.573
f 5913 5914 5915
f 5915 5916 5913
v 2920.041 -81.002 -1426.179
v 2927.727 -80.388 -1428.399
v 2926.647 -80.393 -1432.137
v 2918.962 -81.038 -1429.918
f 5917 5918 5919
f 5919 5920 5917
v 2919.726 -80.996 -1428.474
v 2925.883 -80.427 -1433.581
v 2924.481 -80.512 -1435.272
v 2918.323 -81.085 -1430.165
f 5921 5922 5923
f 5923 5924 5921
v 2919.067 -81.035 -1429.471
v 2923.737 -80.562 -1435.966
v 2921.421 -80.735 -1437.631
v 2916.752 -81.199 -1431.135
f 5925 5926 5927
f 5927 5928 5925
v 2917.544 -81.141 -1430.692
v 2920.629 -80.798 -1438.074
v 2910.198 -81.724 -1442.433
v 2907.113 -82.005 -1435.052
f 5929 5930 5931
f 5931 5932 5929
v 2907.209 -81.996 -1435.013
v 2910.102 -81.733 -1442.472
v 2878.532 -85.231 -1454.718
v 2875.639 -85.283 -1447.259
f 5933 5934 5935
f 5935 5936 5933
v 2875.685 -85.277 -1447.242
v 2878.486 -85.236 -1454.735
v 2851.914 -88.263 -1464.670
v 2849.113 -88.206 -1457.176
f 5937 5938 5939
f 5939 5940 5937
v 2849.323 -88.183 -1457.104
v 2851.705 -88.287 -1464.741
v 2833.916 -90.372 -1470.290
v 2831.534 -90.190 -1462.653
f 5941 5942 5943
f 5943 5944 5941
v 2831.953 -90.145 -1462.546
v 2833.497 -90.421 -1470.396
v 2816.565 -91.771 -1473.725
v 2815.021 -91.406 -1465.875
f 5945 5946 5947
f 5947 5948 5945
v 2815.479 -91.374 -1465.813
v 2816.107 -91.804 -1473.788
v 2787.219 -93.658 -1476.060
v 2786.592 -93.163 -1468.085
f 5949 5950 5951
f 5951 5952 5949
v 2787.313 -93.151 -1468.093
v 2786.499 -93.668 -1476.052
v 2777.849 -93.743 -1475.167
v 2778.663 -93.244 -1467.208
f 5953 5954 5955
f 5955 5956 5953
v 2779.853 -93.242 -1467.520
v 2776.659 -93.742 -1474.855
v 2756.422 -93.562 -1466.043
v 2759.615 -93.094 -1458.709
f 5957 5958 5959
f 5959 5960 5957
v 2760.206 -93.101 -1459.027
v 2755.831 -93.555 -1465.725
v 2752.736 -93.500 -1463.704
v 2757.111 -93.048 -1457.006
f 5961 5962 5963
f 5963 5964 5961
v 2755.897 -93.043 -1456.475
v 2753.951 -93.507 -1464.235
v 2751.001 -93.520 -1463.495
v 2752.947 -93.062 -1455.735
f 5965 5966 5967
f 5967 5968 5965
v 2751.182 -93.095 -1455.694
v 2752.765 -93.490 -1463.536
v 2751.129 -93.538 -1463.866
v 2749.546 -93.146 -1456.024
f 5969 5970 5971
f 5971 5972 5969
v 3127.222 -73.986 -1070.574
v 3130.336 -74.293 -1077.943
v 2941.538 -80.258 -1157.706
v 2938.424 -80.116 -1150.336
f 5973 5974 5975
f 5975 5976 5973
v 3651.408 -86.908 -1149.641
v 3648.390 -87.082 -1142.232
v 3721.983 -94.013 -1112.258
v 3725.001 -93.591 -1119.667
f 5977 5978 5979
f 5979 5980 5977
v 3725.820 -93.672 -1119.215
v 3721.164 -93.943 -1112.710
v 3723.324 -94.150 -1111.164
v 3727.980 -93.918 -1117.670
f 5981 5982 5983
f 5983 5984 5981
v 3728.688 -94.008 -1117.021
v 3722.615 -94.073 -1111.813
v 3725.209 -94.401 -1108.788
v 3731.282 -94.337 -1113.996
f 5985 5986 5987
f 5987 5988 5985
v 3754.653 -83.291 -355.519
v 3762.040 -84.008 -358.589
v 3759.279 -83.943 -365.233
v 3751.892 -83.206 -362.163
f 5989 5990 5991
f 5991 5992 5989
v 3751.687 -83.206 -362.802
v 3759.484 -83.943 -364.594
v 3758.215 -83.982 -370.116
v 3750.418 -83.253 -368.324
f 5993 5994 5995
f 5995 5996 5993
v 3750.346 -83.259 -368.740
v 3758.288 -83.977 -369.699
v 3753.957 -85.256 -405.536
v 3746.015 -84.592 -404.576
f 5997 5998 5999
f 5999 6000 5997
v 3745.996 -84.604 -404.783
v 3753.977 -85.245 -405.330
v 3751.584 -87.842 -440.268
v 3743.602 -87.336 -439.722
f 6001 6002 6003
f 6003 6004 6001
v 3743.593 -87.356 -439.942
v 3751.593 -87.823 -440.048
v 3750.969 -92.261 -487.126
v 3742.970 -92.035 -487.020
f 6005 6006 6007
f 6007 6008 6005
v 3742.994 -92.083 -487.519
v 3750.945 -92.215 -486.627
v 3753.060 -93.973 -505.490
v 3745.110 -93.932 -506.382
f 6009 6010 6011
f 6011 6012 6009
v 3745.110 -93.932 -506.382
v 3753.060 -93.973 -505.490
v 3764.180 -97.086 -604.574
v 3756.230 -97.097 -605.467
f 6013 6014 6015
f 6015 6016 6013
v 3756.210 -97.123 -604.819
v 3764.200 -97.062 -605.221
v 3763.588 -96.603 -617.387
v 3755.598 -96.637 -616.985
f 6017 6018 6019
f 6019 6020 6017
v 4079.940 -98.163 135.789
v 4076.105 -98.539 142.810
v 4177.550 -94.826 198.234
v 4181.386 -94.078 191.213
f 6021 6022 6023
f 6023 6024 6021
v 4109.044 -95.492 88.714
v 4112.902 -95.299 81.706
v 3890.719 -92.876 -40.582
v 3886.862 -93.295 -33.573
f 6025 6026 6027
f 6027 6028 6025
v 3520.583 -87.548 97.423
v 3516.590 -87.641 104.355
v 3553.915 -87.048 125.859
v 3557.909 -86.888 118.927
f 6029 6030 6031
f 6031 6032 6029
v 3557.886 -86.889 118.914
v 3553.937 -87.047 125.871
v 3587.077 -85.354 144.681
v 3591.026 -85.207 137.723
f 6033 6034 6035
f 6035 6036 6033
v 3591.040 -85.206 137.731
v 3587.063 -85.355 144.673
v 3621.995 -83.670 164.684
v 3625.972 -83.439 157.742
f 6037 6038 6039
f 6039 6040 6037
v 3625.936 -83.440 157.722
v 3622.031 -83.669 164.704
v 3677.268 -84.152 195.599
v 3681.173 -83.700 188.617
f 6041 6042 6043
f 6043 6044 6041
v 4062.538 -99.591 -1327.169
v 4070.509 -99.004 -1327.852
v 4053.210 -96.309 -1529.734
v 4045.239 -95.469 -1529.051
f 6045 6046 6047
f 6047 6048 6045
v 4103.991 -100.130 -1592.682
v 4111.966 -100.525 -1593.322
v 4106.667 -97.501 -1659.323
v 4098.693 -97.804 -1658.682
f 6049 6050 6051
f 6051 6052 6049
v 4057.685 -99.390 -738.903
v 4056.304 -99.270 -731.023
v 4072.735 -98.708 -728.144
v 4074.116 -98.669 -736.023
f 6053 6054 6055
f 6055 6056 6053
v 4074.197 -98.665 -736.008
v 4072.653 -98.711 -728.159
v 4085.076 -98.280 -725.715
v 4086.620 -98.120 -733.564
f 6057 6058 6059
f 6059 6060 6057
v 4086.568 -98.122 -733.574
v 4085.129 -98.279 -725.705
v 4126.083 -97.384 -718.215
v 4127.522 -96.864 -726.085
f 6061 6062 6063
f 6063 6064 6061
v 4128.680 -96.852 -725.682
v 4124.926 -97.386 -718.617
v 4127.163 -97.411 -717.429
v 4130.917 -96.857 -724.493
f 6065 6066 6067
f 6067 6068 6065
v 4132.801 -96.938 -722.323
v 4125.279 -97.314 -719.599
v 4126.470 -97.500 -716.310
v 4133.992 -97.137 -719.034
f 6069 6070 6071
f 6071 6072 6069
v 4134.192 -97.191 -718.235
v 4126.271 -97.452 -717.109
v 4126.717 -97.647 -713.978
v 4134.637 -97.411 -715.104
f 6073 6074 6075
f 6075 6076 6073
v 4134.584 -97.516 -713.686
v 4126.769 -97.553 -715.397
v 4126.179 -97.741 -712.702
v 4133.994 -97.724 -710.991
f 6077 6078 6079
f 6079 6080 6077
v 4132.911 -97.884 -709.014
v 4127.262 -97.590 -714.679
v 4125.169 -97.766 -712.591
v 4130.818 -98.060 -706.927
f 6081 6082 6083
f 6083 6084 6081
v 4129.049 -98.152 -705.901
v 4126.939 -97.667 -713.617
v 4123.655 -97.786 -712.719
v 4125.765 -98.247 -705.003
f 6085 6086 6087
f 6087 6088 6085
v 4226.081 -92.077 -301.216
v 4224.627 -92.488 -293.349
v 4241.359 -92.972 -290.258
v 4242.812 -92.578 -298.125
f 6089 6090 6091
f 6091 6092 6089
v 4266.351 -99.430 -1110.671
v 4258.362 -100.060 -1110.237
v 4259.854 -100.984 -1082.773
v 4267.842 -100.218 -1083.207
f 6093 6094 6095
f 6095 6096 6093
v 4267.833 -100.217 -1083.336
v 4259.863 -100.986 -1082.645
v 4262.657 -101.156 -1050.399
v 4270.627 -100.338 -1051.090
f 6097 6098 6099
f 6099 6100 6097
v 4270.641 -100.335 -1050.851
v 4262.644 -101.159 -1050.638
v 4263.211 -100.970 -1029.304
v 4271.209 -100.166 -1029.517
f 6101 6102 6103
f 6103 6104 6101
v 4271.203 -100.167 -1029.649
v 4263.217 -100.969 -1029.172
v 4266.123 -99.161 -980.480
v 4274.108 -98.612 -980.957
f 6105 6106 6107
f 6107 6108 6105
v 4274.107 -98.613 -980.977
v 4266.124 -99.160 -980.460
v 4267.693 -97.923 -956.207
v 4275.677 -97.562 -956.723
f 6109 6110 6111
f 6111 6112 6109
v 4275.663 -97.570 -956.888
v 4267.707 -97.913 -956.042
v 4270.301 -96.575 -931.630
v 4278.256 -96.432 -932.476
f 6113 6114 6115
f 6115 6116 6113
v 4257.677 -92.368 -1258.305
v 4249.693 -91.953 -1257.797
v 4254.057 -95.373 -1189.262
v 4262.040 -95.368 -1189.771
f 6117 6118 6119
f 6119 6120 6117
v 4262.043 -95.371 -1189.717
v 4254.053 -95.370 -1189.317
v 4255.701 -97.528 -1156.397
v 4263.691 -97.247 -1156.797
f 6121 6122 6123
f 6123 6124 6121
v 4263.691 -97.247 -1156.799
v 4255.701 -97.528 -1156.395
v 4257.460 -99.573 -1121.600
v 4265.450 -99.013 -1122.003
f 6125 6126 6127
f 6127 6128 6125
v 4265.442 -99.007 -1122.118
v 4257.467 -99.579 -1121.485
v 4258.369 -100.064 -1110.137
v 4266.344 -99.427 -1110.771
f 6129 6130 6131
f 6131 6132 6129
v 4177.326 -102.238 -41.724
v 4182.567 -101.705 -35.680
v 4191.005 -102.390 -42.998
v 4185.764 -102.927 -49.042
f 6133 6134 6135
f 6135 6136 6133
v 4187.021 -103.401 -55.140
v 4179.151 -103.443 -56.580
v 4176.012 -102.031 -39.422
v 4183.881 -101.915 -37.982
f 6137 6138 6139
f 6139 6140 6137
v 4185.153 -102.864 -48.377
v 4191.616 -102.454 -43.662
v 4195.423 -102.932 -48.879
v 4188.961 -103.313 -53.595
f 6141 6142 6143
f 6143 6144 6141
v 4261.821 -98.178 -489.633
v 4261.935 -97.723 -481.634
v 4274.948 -97.218 -481.819
v 4274.834 -97.567 -489.818
f 6145 6146 6147
f 6147 6148 6145
v 4276.519 -97.693 -494.805
v 4276.247 -98.040 -502.801
v 4263.412 -98.799 -502.365
v 4263.683 -98.347 -494.369
f 6149 6150 6151
f 6151 6152 6149
v 2814.985 -83.423 -908.393
v 2815.533 -84.177 -916.374
v 2797.632 -84.976 -917.603
v 2797.085 -84.174 -909.622
f 6153 6154 6155
f 6155 6156 6153
v 2799.920 -84.795 -916.685
v 2794.798 -84.350 -910.539
v 2807.366 -82.921 -900.064
v 2812.488 -83.296 -906.209
f 6157 6158 6159
f 6159 6160 6157
v 2948.954 -82.883 -1218.488
v 2956.567 -82.959 -1216.028
v 2982.671 -85.415 -1296.795
v 2975.059 -85.177 -1299.256
f 6161 6162 6163
f 6163 6164 6161
v 3414.871 -80.925 -1258.150
v 3418.409 -81.433 -1265.324
v 3340.497 -72.282 -1303.753
v 3336.958 -71.792 -1296.578
f 6165 6166 6167
f 6167 6168 6165
v 3336.931 -71.789 -1296.592
v 3340.524 -72.285 -1303.739
v 3259.996 -69.744 -1344.229
v 3256.402 -69.144 -1337.082
f 6169 6170 6171
f 6171 6172 6169
v 3256.441 -69.143 -1337.062
v 3259.957 -69.745 -1344.248
v 3180.464 -74.156 -1383.153
v 3176.947 -73.931 -1375.967
f 6173 6174 6175
f 6175 6176 6173
v 3648.314 -87.075 -1142.264
v 3651.484 -86.915 -1149.609
v 3611.242 -84.293 -1166.980
v 3608.072 -84.162 -1159.635
f 6177 6178 6179
f 6179 6180 6177
v 3607.928 -84.155 -1159.700
v 3611.386 -84.298 -1166.915
v 3570.531 -83.678 -1186.492
v 3567.074 -83.244 -1179.278
f 6181 6182 6183
f 6183 6184 6181
v 2997.586 -72.068 -614.823
v 2998.683 -72.357 -622.747
v 2947.643 -77.258 -629.814
v 2946.546 -77.219 -621.890
f 6185 6186 6187
f 6187 6188 6185
v 2946.740 -77.195 -621.868
v 2947.449 -77.282 -629.836
v 2870.939 -86.254 -636.639
v 2870.230 -86.616 -628.670
f 6189 6190 6191
f 6191 6192 6189
v 2869.813 -86.658 -628.730
v 2871.356 -86.216 -636.580
v 2842.925 -88.670 -642.167
v 2841.382 -89.302 -634.317
f 6193 6194 6195
f 6195 6196 6193
v 2841.156 -89.322 -634.369
v 2843.151 -88.652 -642.116
v 2812.983 -90.286 -649.883
v 2810.989 -90.982 -642.136
f 6197 6198 6199
f 6199 6200 6197
v 2811.478 -90.960 -642.042
v 2812.494 -90.307 -649.977
v 2612.008 -92.119 -675.657
v 2610.991 -91.534 -667.721
f 6201 6202 6203
f 6203 6204 6201
v 2179.023 -96.337 -924.600
v 2184.189 -96.201 -930.708
v 2172.022 -95.389 -940.999
v 2166.856 -95.533 -934.891
f 6205 6206 6207
f 6207 6208 6205
v 2166.936 -95.629 -933.243
v 2166.086 -96.063 -925.288
v 2181.181 -96.405 -923.677
v 2182.031 -96.115 -931.632
f 6209 6210 6211
f 6211 6212 6209
v 2316.700 -105.011 -1086.917
v 2314.168 -105.196 -1079.328
v 2355.980 -105.321 -1065.378
v 2358.512 -105.006 -1072.967
f 6213 6214 6215
f 6215 6216 6213
v 2358.480 -105.007 -1072.977
v 2356.012 -105.320 -1065.368
v 2458.381 -96.232 -1032.171
v 2460.849 -95.936 -1039.781
f 6217 6218 6219
f 6219 6220 6217
v 2461.004 -95.919 -1039.727
v 2458.226 -96.249 -1032.225
v 2590.507 -90.151 -983.242
v 2593.285 -89.601 -990.744
f 6221 6222 6223
f 6223 6224 6221
v 2593.235 -89.599 -990.763
v 2590.558 -90.152 -983.224
v 2650.926 -91.514 -961.784
v 2653.603 -91.312 -969.323
f 6225 6226 6227
f 6227 6228 6225
v 2653.567 -91.311 -969.335
v 2650.962 -91.514 -961.771
v 2709.371 -90.639 -941.653
v 2711.977 -90.914 -949.217
f 6229 6230 6231
f 6231 6232 6229
v 2712.065 -90.911 -949.185
v 2709.283 -90.644 -941.684
v 2763.162 -86.971 -921.698
v 2765.944 -87.551 -929.198
f 6233 6234 6235
f 6235 6236 6233
v 2765.910 -87.554 -929.211
v 2763.195 -86.968 -921.686
v 2796.001 -84.236 -909.850
v 2798.716 -84.911 -917.375
f 6237 6238 6239
f 6239 6240 6237
v 2542.262 -93.708 -675.842
v 2548.067 -93.003 -670.337
v 2584.992 -95.820 -709.279
v 2579.186 -96.564 -714.783
f 6241 6242 6243
f 6243 6244 6241
v 2579.439 -96.582 -715.028
v 2584.739 -95.806 -709.035
v 2647.545 -94.828 -764.568
v 2642.246 -95.582 -770.561
f 6245 6246 6247
f 6247 6248 6245
v 1824.903 -88.261 -573.573
v 1821.879 -87.873 -566.167
v 1871.060 -90.358 -546.088
v 1874.084 -90.773 -553.495
f 6249 6250 6251
f 6251 6252 6249
v 1878.869 -86.039 -677.867
v 1870.906 -85.588 -678.641
v 1865.763 -89.706 -625.724
v 1873.726 -90.108 -624.950
f 6253 6254 6255
f 6255 6256 6253
v 1873.737 -90.102 -625.099
v 1865.751 -89.712 -625.574
v 1864.026 -90.797 -596.539
v 1872.012 -91.166 -596.065
f 6257 6258 6259
f 6259 6260 6257
v 1872.017 -91.166 -596.184
v 1864.021 -90.797 -596.420
v 1863.498 -90.842 -578.653
v 1871.494 -91.210 -578.418
f 6261 6262 6263
f 6263 6264 6261
v 1871.480 -91.208 -578.890
v 1863.512 -90.845 -578.181
v 1864.781 -90.736 -563.915
v 1872.749 -91.128 -564.624
f 6265 6266 6267
f 6267 6268 6265
v 1872.633 -91.147 -565.286
v 1864.896 -90.717 -563.252
v 1868.703 -90.350 -548.774
v 1876.440 -90.781 -550.809
f 6269 6270 6271
f 6271 6272 6269
v 1876.186 -90.795 -551.505
v 1868.958 -90.336 -548.078
v 1887.926 -88.438 -508.067
v 1895.155 -88.783 -511.494
f 6273 6274 6275
f 6275 6276 6273
v 1894.786 -88.818 -512.118
v 1888.295 -88.388 -507.442
v 1900.607 -87.200 -490.349
v 1907.098 -87.744 -495.025
f 6277 6278 6279
f 6279 6280 6277
v 1906.471 -87.781 -495.711
v 1901.234 -87.163 -489.664
v 1925.713 -86.475 -468.462
v 1930.951 -87.060 -474.510
f 6281 6282 6283
f 6283 6284 6281
v 2240.173 -97.448 -464.952
v 2241.683 -97.137 -457.096
v 2387.411 -99.844 -485.100
v 2385.902 -100.420 -492.956
f 6285 6286 6287
f 6287 6288 6285
v 1783.314 -77.045 -403.722
v 1785.122 -76.731 -395.929
v 1887.669 -80.339 -419.719
v 1885.861 -80.885 -427.512
f 6289 6290 6291
f 6291 6292 6289
v 1886.101 -80.907 -427.560
v 1887.429 -80.316 -419.671
v 1899.596 -81.442 -421.718
v 1898.269 -81.969 -429.607
f 6293 6294 6295
f 6295 6296 6293
v 2451.208 -98.547 -404.319
v 2458.271 -99.055 -400.562
v 2466.253 -99.182 -415.568
v 2459.190 -98.823 -419.325
f 6297 6298 6299
f 6299 6300 6297
v 2459.130 -98.822 -419.208
v 2466.312 -99.182 -415.685
v 2479.949 -98.515 -443.491
v 2472.766 -98.323 -447.014
f 6301 6302 6303
f 6303 6304 6301
v 2472.698 -98.328 -446.867
v 2480.017 -98.509 -443.638
v 2496.248 -96.141 -480.426
v 2488.928 -96.225 -483.655
f 6305 6306 6307
f 6307 6308 6305
v 4265.926 -98.311 -29.620
v 4271.322 -98.278 -35.526
v 4264.453 -99.005 -41.801
v 4259.058 -99.031 -35.894
f 6309 6310 6311
f 6311 6312 6309
v 4259.115 -99.024 -35.842
v 4264.395 -99.011 -41.852
v 4255.735 -100.029 -49.461
v 4250.455 -100.030 -43.451
f 6313 6314 6315
f 6315 6316 6313
v 4250.595 -100.013 -43.333
v 4255.595 -100.046 -49.578
v 4243.650 -101.439 -59.141
v 4238.650 -101.512 -52.896
f 6317 6318 6319
f 6319 6320 6317
v 4238.761 -101.499 -52.811
v 4243.540 -101.452 -59.227
v 4229.513 -102.902 -69.675
v 4224.734 -102.740 -63.259
f 6321 6322 6323
f 6323 6324 6321
v 4224.033 -102.808 -63.928
v 4230.215 -102.834 -69.006
v 4223.346 -103.615 -77.367
v 4217.165 -103.593 -72.289
f 6325 6326 6327
f 6327 6328 6325
v 4216.788 -103.642 -72.834
v 4223.723 -103.566 -76.823
v 4217.456 -104.306 -87.720
v 4210.521 -104.535 -83.732
f 6329 6330 6331
f 6331 6332 6329
v 4210.332 -104.553 -84.104
v 4217.645 -104.288 -87.348
v 4212.413 -104.827 -99.143
v 4205.100 -105.100 -95.899
f 6333 6334 6335
f 6335 6336 6333
v 1846.383 -86.191 -974.154
v 1842.032 -85.434 -967.441
v 1855.402 -85.254 -958.775
v 1859.753 -86.121 -965.489
f 6337 6338 6339
f 6339 6340 6337
v 1860.134 -86.117 -965.208
v 1855.020 -85.264 -959.056
v 1866.063 -84.879 -949.875
v 1871.177 -85.735 -956.027
f 6341 6342 6343
f 6343 6344 6341
v 1871.530 -85.719 -955.695
v 1865.710 -84.895 -950.207
v 1879.224 -84.119 -935.874
v 1885.045 -84.919 -941.363
f 6345 6346 6347
f 6347 6348 6345
v 1885.368 -84.894 -940.973
v 1878.900 -84.142 -936.264
v 1889.498 -83.251 -921.707
v 1895.966 -84.035 -926.415
f 6349 6350 6351
f 6351 6352 6349
v 1896.182 -84.016 -926.085
v 1889.282 -83.270 -922.037
v 1892.955 -82.898 -915.776
v 1899.856 -83.665 -919.824
f 6353 6354 6355
f 6355 6356 6353
v 1899.855 -83.666 -919.825
v 1892.956 -82.898 -915.774
v 1897.865 -82.455 -907.413
v 1904.764 -83.251 -911.463
f 6357 6358 6359
f 6359 6360 6357
v 1904.957 -83.232 -911.092
v 1897.672 -82.475 -907.784
v 1904.318 -81.834 -893.148
v 1911.603 -82.606 -896.455
f 6361 6362 6363
f 6363 6364 6361
v 1911.768 -82.590 -896.028
v 1904.153 -81.852 -893.575
v 1910.643 -81.007 -873.430
v 1918.258 -81.825 -875.883
f 6365 6366 6367
f 6367 6368 6365
v 1918.326 -81.817 -875.645
v 1910.574 -81.011 -873.668
v 1913.792 -80.765 -861.052
v 1921.543 -81.566 -863.029
f 6369 6370 6371
f 6371 6372 6369
v 1921.627 -81.557 -862.607
v 1913.708 -80.775 -861.475
v 1916.313 -80.271 -843.258
v 1924.232 -81.163 -844.391
f 6373 6374 6375
f 6375 6376 6373
v 1924.264 -81.156 -844.090
v 1916.281 -80.280 -843.560
v 1916.960 -80.217 -833.335
v 1924.943 -81.116 -833.865
f 6377 6378 6379
f 6379 6380 6377
v 1924.948 -81.115 -833.773
v 1916.955 -80.218 -833.428
v 1917.545 -80.116 -819.769
v 1925.538 -81.051 -820.114
f 6381 6382 6383
f 6383 6384 6381
v 1925.539 -81.048 -819.811
v 1917.544 -80.119 -820.072
v 1917.020 -80.144 -804.022
v 1925.016 -81.054 -803.761
f 6385 6386 6387
f 6387 6388 6385
v 1925.000 -81.056 -803.512
v 1917.036 -80.141 -804.271
v 1911.159 -82.136 -742.621
v 1919.122 -82.810 -741.862
f 6389 6390 6391
f 6391 6392 6389
v 1829.283 -85.675 -982.323
v 1825.848 -84.866 -975.098
v 1842.490 -85.435 -967.185
v 1845.925 -86.190 -974.410
f 6393 6394 6395
f 6395 6396 6393
v 2201.817 -96.488 -483.927
v 2209.774 -96.880 -484.751
v 2208.194 -96.764 -500.008
v 2200.236 -96.217 -499.183
f 6397 6398 6399
f 6399 6400 6397
v 2200.225 -96.215 -499.311
v 2208.205 -96.765 -499.880
v 2206.691 -96.579 -521.108
v 2198.711 -95.841 -520.539
f 6401 6402 6403
f 6403 6404 6401
v 2198.732 -95.845 -520.330
v 2206.671 -96.576 -521.316
v 2203.342 -96.115 -548.118
v 2195.403 -95.205 -547.132
f 6405 6406 6407
f 6407 6408 6405
v 2195.509 -95.205 -548.662
v 2203.236 -96.108 -546.588
v 2204.438 -96.232 -551.066
v 2196.712 -95.313 -553.140
f 6409 6410 6411
f 6411 6412 6409
v 2198.043 -95.457 -555.200
v 2203.107 -96.084 -549.006
v 2206.758 -96.502 -551.992
v 2201.694 -95.879 -558.185
f 6413 6414 6415
f 6415 6416 6413
v 2204.034 -96.159 -559.084
v 2204.418 -96.230 -551.093
v 2246.441 -100.944 -553.114
v 2246.057 -101.046 -561.105
f 6417 6418 6419
f 6419 6420 6417
v 2246.289 -101.073 -561.109
v 2246.210 -100.918 -553.110
v 2284.837 -104.083 -552.727
v 2284.917 -104.352 -560.726
f 6421 6422 6423
f 6423 6424 6421
v 4231.379 -100.959 -40.912
v 4235.404 -101.360 -47.825
v 4200.917 -104.027 -67.903
v 4196.892 -103.749 -60.989
f 6425 6426 6427
f 6427 6428 6425
v 4196.802 -103.756 -61.043
v 4201.007 -104.020 -67.849
v 4191.044 -104.651 -74.004
v 4186.839 -104.173 -67.199
f 6429 6430 6431
f 6431 6432 6429
v 4280.807 -96.835 -12.386
v 4284.805 -96.881 -19.315
v 4235.391 -101.361 -47.833
v 4231.392 -100.958 -40.904
f 6433 6434 6435
f 6435 6436 6433
v 4105.477 -101.702 -103.463
v 4101.597 -101.241 -96.467
v 4181.146 -103.190 -52.362
v 4185.025 -103.658 -59.359
f 6437 6438 6439
f 6439 6440 6437
v 4184.897 -103.661 -59.427
v 4181.275 -103.187 -52.294
v 4190.381 -102.821 -47.671
v 4194.003 -103.422 -54.804
f 6441 6442 6443
f 6443 6444 6441
v 3060.632 -73.665 -502.382
v 3062.185 -73.030 -510.230
v 2996.696 -73.625 -523.188
v 2995.143 -74.293 -515.341
f 6445 6446 6447
f 6447 6448 6445
v 2995.157 -74.292 -515.338
v 2996.681 -73.626 -523.191
v 2985.928 -74.345 -525.278
v 2984.404 -74.960 -517.425
f 6449 6450 6451
f 6451 6452 6449
v 4186.996 -104.168 -67.107
v 4190.887 -104.656 -74.097
v 4081.115 -99.196 -135.201
v 4077.224 -98.806 -128.211
f 6453 6454 6455
f 6455 6456 6453
v 4077.233 -98.807 -128.206
v 4081.105 -99.195 -135.207
v 3947.310 -94.384 -209.204
v 3943.438 -93.650 -202.203
f 6457 6458 6459
f 6459 6460 6457
v 3943.438 -93.650 -202.203
v 3947.310 -94.384 -209.203
v 3670.058 -81.307 -362.549
v 3666.186 -81.248 -355.548
f 6461 6462 6463
f 6463 6464 6461
v 3666.409 -81.244 -355.434
v 3669.834 -81.314 -362.663
v 3640.780 -82.607 -376.427
v 3637.355 -82.689 -369.198
f 6465 6466 6467
f 6467 6468 6465
v 3637.278 -82.693 -369.235
v 3640.857 -82.603 -376.390
v 3607.717 -84.233 -392.967
v 3604.138 -84.420 -385.813
f 6469 6470 6471
f 6471 6472 6469
v 3604.476 -84.403 -385.663
v 3607.379 -84.248 -393.117
v 3572.135 -85.302 -406.842
v 3569.232 -85.606 -399.387
f 6473 6474 6475
f 6475 6476 6473
v 3569.444 -85.604 -399.312
v 3571.924 -85.303 -406.918
v 3530.390 -84.961 -420.457
v 3527.911 -85.450 -412.851
f 6477 6478 6479
f 6479 6480 6477
v 3528.268 -85.462 -412.753
v 3530.033 -84.946 -420.556
v 3468.462 -81.791 -434.478
v 3466.698 -82.394 -426.675
f 6481 6482 6483
f 6483 6484 6481
v 3466.819 -82.402 -426.650
v 3468.341 -81.784 -434.504
v 3353.481 -75.604 -456.761
v 3351.959 -75.305 -448.907
f 6485 6486 6487
f 6487 6488 6485
v 3351.969 -75.305 -448.906
v 3353.472 -75.603 -456.763
v 3307.497 -75.158 -465.561
v 3305.994 -74.487 -457.703
f 6489 6490 6491
f 6491 6492 6489
v 3306.062 -74.487 -457.691
v 3307.429 -75.158 -465.573
v 3149.778 -75.478 -492.903
v 3148.412 -75.385 -485.021
f 6493 6494 6495
f 6495 6496 6493
v 3148.319 -75.384 -485.038
v 3149.871 -75.480 -492.886
v 3062.185 -73.030 -510.230
v 3060.632 -73.665 -502.382
f 6497 6498 6499
f 6499 6500 6497
v 2923.089 -80.347 -521.535
v 2921.651 -80.592 -513.665
v 2982.588 -76.125 -502.530
v 2984.026 -75.427 -510.399
f 6501 6502 6503
f 6503 6504 6501
v 2984.123 -75.421 -510.380
v 2982.491 -76.129 -502.549
v 2987.879 -75.874 -501.426
v 2989.511 -75.111 -509.258
f 6505 6506 6507
f 6507 6508 6505
v 2989.616 -75.106 -509.234
v 2987.773 -75.879 -501.449
v 2992.014 -75.696 -500.445
v 2993.857 -74.880 -508.230
f 6509 6510 6511
f 6511 6512 6509
v 2993.733 -74.886 -508.258
v 2992.139 -75.690 -500.418
v 3145.304 -75.284 -469.283
v 3146.897 -75.319 -477.123
f 6513 6514 6515
f 6515 6516 6513
v 3146.824 -75.319 -477.137
v 3145.377 -75.284 -469.269
v 3300.779 -72.962 -440.697
v 3302.226 -73.629 -448.565
f 6517 6518 6519
f 6519 6520 6517
v 3302.226 -73.629 -448.565
v 3300.779 -72.962 -440.697
v 3444.481 -82.085 -414.266
v 3445.928 -81.654 -422.134
f 6521 6522 6523
f 6523 6524 6521
v 3445.805 -81.644 -422.154
v 3444.605 -82.096 -414.245
v 3477.076 -84.265 -409.318
v 3478.277 -83.803 -417.227
f 6525 6526 6527
f 6527 6528 6525
v 3478.578 -83.824 -417.170
v 3476.775 -84.246 -409.375
v 3503.781 -85.677 -403.127
v 3505.584 -85.188 -410.922
f 6529 6530 6531
f 6531 6532 6529
v 3505.699 -85.192 -410.893
v 3503.666 -85.674 -403.156
v 3538.465 -86.551 -394.015
v 3540.497 -86.080 -401.752
f 6533 6534 6535
f 6535 6536 6533
v 3540.785 -86.080 -401.665
v 3538.178 -86.554 -394.102
v 3565.696 -86.186 -384.618
v 3568.303 -85.880 -392.181
f 6537 6538 6539
f 6539 6540 6537
v 3568.496 -85.877 -392.109
v 3565.503 -86.191 -384.690
v 3587.110 -85.367 -375.972
v 3590.103 -85.147 -383.391
f 6541 6542 6543
f 6543 6544 6541
v 3590.200 -85.142 -383.350
v 3587.013 -85.372 -376.012
v 3602.642 -84.536 -369.223
v 3605.829 -84.345 -376.560
f 6545 6546 6547
f 6547 6548 6545
v 3606.012 -84.335 -376.476
v 3602.459 -84.547 -369.308
v 3655.948 -81.605 -342.797
v 3659.501 -81.421 -349.965
f 6549 6550 6551
f 6551 6552 6549
v 3659.630 -81.419 -349.898
v 3655.820 -81.611 -342.864
v 3712.882 -82.118 -311.954
v 3716.692 -81.893 -318.988
f 6553 6554 6555
f 6555 6556 6553
v 3716.726 -81.895 -318.970
v 3712.848 -82.115 -311.973
v 4101.598 -101.241 -96.467
v 4105.476 -101.702 -103.463
f 6557 6558 6559
f 6559 6560 6557
v 2626.917 -90.439 -514.883
v 2632.461 -90.800 -509.115
v 2637.849 -90.699 -514.293
v 2632.305 -90.340 -520.061
f 6561 6562 6563
f 6563 6564 6561
v 2631.644 -90.357 -519.230
v 2638.510 -90.683 -515.125
v 2643.998 -90.519 -524.306
v 2637.132 -90.156 -528.410
f 6565 6566 6567
f 6567 6568 6565
v 2954.094 -83.129 -1221.029
v 2951.427 -82.749 -1213.487
v 3005.394 -81.203 -1194.398
v 3008.062 -81.842 -1201.940
f 6569 6570 6571
f 6571 6572 6569
v 3007.989 -81.846 -1201.965
v 3005.468 -81.198 -1194.373
v 3026.830 -79.975 -1187.279
v 3029.351 -80.644 -1194.872
f 6573 6574 6575
f 6575 6576 6573
v 3029.723 -80.621 -1194.727
v 3026.458 -79.999 -1187.424
v 3158.494 -75.889 -1128.388
v 3161.759 -75.827 -1135.691
f 6577 6578 6579
f 6579 6580 6577
v 2138.777 -88.586 -1041.502
v 2131.260 -87.790 -1044.241
v 2116.722 -88.109 -1004.333
v 2124.239 -88.639 -1001.595
f 6581 6582 6583
f 6583 6584 6581
v 2123.412 -88.659 -1000.243
v 2117.549 -88.088 -1005.685
v 2113.809 -88.085 -1001.656
v 2119.672 -88.656 -996.214
f 6585 6586 6587
f 6587 6588 6585
v 2116.486 -88.567 -994.943
v 2116.994 -88.192 -1002.927
v 2112.218 -87.924 -1003.231
v 2111.711 -88.296 -995.247
f 6589 6590 6591
f 6591 6592 6589
v 2111.100 -88.257 -995.333
v 2112.829 -87.960 -1003.144
v 2104.769 -87.443 -1004.928
v 2103.041 -87.746 -997.117
f 6593 6594 6595
f 6595 6596 6593
v 2082.641 -90.101 -959.277
v 2074.897 -89.698 -961.288
v 2073.306 -90.251 -955.159
v 2081.049 -90.676 -953.148
f 6597 6598 6599
f 6599 6600 6597
v 2080.994 -90.693 -952.958
v 2073.360 -90.234 -955.349
v 2055.593 -94.721 -898.612
v 2063.228 -95.333 -896.221
f 6601 6602 6603
f 6603 6604 6601
v 2063.033 -95.362 -895.720
v 2055.788 -94.694 -899.114
v 2047.885 -95.490 -882.245
v 2055.129 -96.196 -878.851
f 6605 6606 6607
f 6607 6608 6605
v 2053.150 -96.217 -876.901
v 2049.863 -95.468 -884.195
v 2045.232 -95.287 -882.107
v 2048.520 -96.073 -874.814
f 6609 6610 6611
f 6611 6612 6609
v 2046.411 -95.949 -874.488
v 2047.341 -95.442 -882.434
v 2042.265 -94.944 -883.028
v 2041.335 -95.393 -875.082
f 6613 6614 6615
f 6615 6616 6613
v 2040.572 -95.305 -875.248
v 2043.028 -95.027 -882.862
v 2033.321 -93.929 -885.993
v 2030.865 -94.146 -878.379
f 6617 6618 6619
f 6619 6620 6617
v 2029.118 -93.911 -879.512
v 2035.068 -94.158 -884.859
v 2032.385 -93.735 -887.845
v 2026.435 -93.491 -882.498
f 6621 6622 6623
f 6623 6624 6621
v 2025.410 -93.254 -885.171
v 2033.410 -93.987 -885.171
v 2033.410 -93.771 -888.764
v 2025.410 -93.065 -888.764
f 6625 6626 6627
f 6627 6628 6625
v 2025.693 -93.012 -890.243
v 2033.127 -93.834 -887.285
v 2039.839 -93.320 -904.154
v 2032.406 -92.566 -907.112
f 6629 6630 6631
f 6631 6632 6629
v 2092.976 -91.783 -216.230
v 2085.245 -91.292 -214.171
v 2097.502 -87.798 -168.151
v 2105.232 -88.303 -170.210
f 6633 6634 6635
f 6635 6636 6633
v 2104.123 -88.349 -172.079
v 2098.610 -87.751 -166.282
v 2101.750 -87.747 -163.296
v 2107.263 -88.345 -169.094
f 6637 6638 6639
f 6639 6640 6637
v 2104.663 -88.273 -170.192
v 2104.349 -87.821 -162.198
v 2108.379 -88.021 -162.039
v 2108.693 -88.468 -170.033
f 6641 6642 6643
f 6643 6644 6641
v 2107.599 -88.407 -169.925
v 2109.473 -88.083 -162.148
v 2120.660 -88.801 -164.842
v 2118.787 -89.112 -172.620
f 6645 6646 6647
f 6647 6648 6645
v 2116.238 -88.883 -170.694
v 2123.208 -89.031 -166.768
v 2124.555 -89.223 -169.158
v 2117.585 -89.077 -173.085
f 6649 6650 6651
f 6651 6652 6649
v 2117.086 -88.930 -170.773
v 2125.055 -89.367 -171.471
v 2124.755 -89.565 -174.905
v 2116.785 -89.113 -174.208
f 6653 6654 6655
f 6655 6656 6653
v 2116.929 -89.062 -173.439
v 2124.611 -89.619 -175.673
v 2111.330 -93.003 -221.350
v 2103.649 -92.490 -219.116
f 6657 6658 6659
f 6659 6660 6657
v 1986.942 -88.672 -188.775
v 1979.149 -88.781 -186.967
v 1989.379 -88.155 -142.888
v 1997.172 -87.746 -144.697
f 6661 6662 6663
f 6663 6664 6661
v 1997.200 -87.721 -143.017
v 1989.352 -88.170 -144.568
v 1988.762 -88.187 -141.583
v 1996.610 -87.742 -140.032
f 6665 6666 6667
f 6667 6668 6665
v 1994.836 -87.833 -137.434
v 1990.536 -88.102 -144.180
v 1988.443 -88.207 -142.846
v 1992.743 -87.948 -136.100
f 6669 6670 6671
f 6671 6672 6669
v 1991.627 -88.011 -135.609
v 1989.559 -88.148 -143.337
v 1976.724 -88.861 -139.903
v 1978.792 -88.746 -132.175
f 6673 6674 6675
f 6675 6676 6673
v 1976.567 -88.875 -132.220
v 1978.948 -88.736 -139.857
v 1976.110 -88.895 -140.742
v 1973.729 -89.039 -133.105
f 6677 6678 6679
f 6679 6680 6677
v 1971.420 -89.169 -134.986
v 1978.419 -88.766 -138.861
v 1976.927 -88.849 -141.556
v 1969.928 -89.248 -137.681
f 6681 6682 6683
f 6683 6684 6681
v 1969.498 -89.270 -138.869
v 1977.357 -88.825 -140.368
v 1968.963 -88.975 -184.367
v 1961.105 -89.136 -182.868
f 6685 6686 6687
f 6687 6688 6685
v 2054.780 -98.532 -336.784
v 2047.054 -97.942 -334.711
v 2063.106 -96.066 -274.873
v 2070.833 -96.674 -276.946
f 6689 6690 6691
f 6691 6692 6689
v 2210.798 -96.887 -439.331
v 2203.332 -96.990 -436.458
v 2209.966 -96.899 -419.220
v 2217.432 -96.634 -422.093
f 6693 6694 6695
f 6695 6696 6693
v 2216.454 -96.681 -423.557
v 2210.945 -96.863 -417.756
v 2215.575 -96.650 -413.358
v 2221.085 -96.460 -419.158
f 6697 6698 6699
f 6699 6700 6697
v 2219.680 -96.527 -420.023
v 2216.980 -96.580 -412.492
v 2235.181 -95.581 -405.967
v 2237.881 -95.624 -413.498
f 6701 6702 6703
f 6703 6704 6701
v 2091.079 -96.400 -435.794
v 2083.625 -96.361 -432.889
v 2088.345 -97.774 -420.776
v 2095.799 -97.667 -423.681
f 6705 6706 6707
f 6707 6708 6705
v 2094.922 -97.519 -425.034
v 2089.221 -97.924 -419.422
v 2092.316 -98.270 -416.279
v 2098.017 -97.887 -421.891
f 6709 6710 6711
f 6711 6712 6709
v 2095.594 -97.721 -423.062
v 2094.739 -98.402 -415.107
v 2100.272 -98.559 -414.513
v 2101.126 -97.904 -422.467
f 6713 6714 6715
f 6715 6716 6713
v 2100.152 -97.883 -422.453
v 2101.245 -98.578 -414.528
v 2158.041 -98.267 -422.361
v 2156.948 -97.794 -430.286
f 6717 6718 6719
f 6719 6720 6717
v 2155.608 -97.825 -429.851
v 2159.380 -98.228 -422.796
v 2161.629 -98.138 -423.998
v 2157.857 -97.745 -431.053
f 6721 6722 6723
f 6723 6724 6721
v 2156.530 -97.819 -429.908
v 2162.956 -98.062 -425.143
v 2164.670 -97.924 -427.454
v 2158.244 -97.674 -432.220
f 6725 6726 6727
f 6727 6728 6725
v 2157.600 -97.755 -430.898
v 2165.314 -97.849 -428.776
v 2170.379 -96.921 -447.190
v 2162.665 -96.700 -449.312
f 6729 6730 6731
f 6731 6732 6729
v 2251.802 -99.198 -206.987
v 2249.802 -99.465 -199.241
v 2255.479 -99.852 -197.775
v 2257.480 -99.520 -205.521
f 6733 6734 6735
f 6735 6736 6733
v 2256.809 -99.488 -205.634
v 2256.150 -99.887 -197.662
v 2260.625 -100.104 -197.292
v 2261.284 -99.681 -205.265
f 6737 6738 6739
f 6739 6740 6737
v 2260.291 -99.646 -205.223
v 2261.618 -100.146 -197.334
v 2379.561 -99.812 -217.187
v 2378.234 -99.208 -225.076
f 6741 6742 6743
f 6743 6744 6741
v 2521.731 -98.138 -448.211
v 2518.215 -98.749 -441.025
v 2553.224 -99.839 -423.893
v 2556.741 -99.061 -431.079
f 6745 6746 6747
f 6747 6748 6745
v 2514.778 -99.522 -431.225
v 2511.431 -100.066 -423.958
v 2545.562 -101.316 -408.239
v 2548.908 -100.717 -415.505
f 6749 6750 6751
f 6751 6752 6749
v 2502.240 -100.706 -413.010
v 2498.900 -100.946 -405.741
v 2535.902 -102.604 -388.741
v 2539.242 -102.191 -396.010
f 6753 6754 6755
f 6755 6756 6753
v 2493.602 -101.157 -394.943
v 2490.216 -101.257 -387.695
v 2526.851 -102.984 -370.576
v 2530.238 -102.865 -377.823
f 6757 6758 6759
f 6759 6760 6757
v 2484.992 -101.139 -376.175
v 2481.794 -101.035 -368.842
v 2518.229 -103.106 -352.951
v 2521.427 -103.120 -360.284
f 6761 6762 6763
f 6763 6764 6761
v 2422.815 -99.258 -197.421
v 2429.780 -98.898 -193.485
v 2455.684 -97.990 -239.320
v 2448.719 -98.044 -243.257
f 6765 6766 6767
f 6767 6768 6765
v 2449.041 -98.049 -243.740
v 2455.362 -97.983 -238.837
v 2461.028 -98.132 -246.142
v 2454.707 -98.182 -251.045
f 6769 6770 6771
f 6771 6772 6769
v 2454.885 -98.188 -251.258
v 2460.850 -98.127 -245.928
v 2479.663 -99.060 -266.983
v 2473.698 -99.100 -272.314
f 6773 6774 6775
f 6775 6776 6773
v 2473.097 -99.055 -271.425
v 2480.264 -99.109 -267.872
v 2487.945 -100.023 -283.366
v 2480.778 -99.885 -286.919
f 6777 6778 6779
f 6779 6780 6777
v 2480.779 -99.885 -286.921
v 2487.945 -100.023 -283.365
v 2497.084 -101.282 -301.778
v 2489.918 -100.996 -305.335
f 6781 6782 6783
f 6783 6784 6781
v 2489.918 -100.996 -305.335
v 2497.084 -101.282 -301.777
v 2505.978 -102.291 -319.689
v 2498.813 -102.153 -323.247
f 6785 6786 6787
f 6787 6788 6785
v 2498.811 -102.153 -323.244
v 2505.979 -102.291 -319.692
v 2514.863 -102.868 -337.617
v 2507.695 -102.711 -341.169
f 6789 6790 6791
f 6791 6792 6789
v 2507.696 -102.711 -341.171
v 2514.862 -102.868 -337.615
v 2523.411 -103.268 -354.840
v 2516.245 -103.028 -358.396
f 6793 6794 6795
f 6795 6796 6793
v 2516.244 -103.028 -358.395
v 2523.412 -103.268 -354.841
v 2532.128 -103.063 -372.423
v 2524.961 -102.791 -375.976
f 6797 6798 6799
f 6799 6800 6797
v 2524.962 -102.791 -375.979
v 2532.127 -103.063 -372.420
v 2541.155 -102.588 -390.596
v 2533.990 -102.218 -394.155
f 6801 6802 6803
f 6803 6804 6801
v 2533.988 -102.219 -394.152
v 2541.156 -102.588 -390.599
v 2550.819 -101.021 -410.096
v 2543.651 -101.012 -413.649
f 6805 6806 6807
f 6807 6808 6805
v 2543.652 -101.012 -413.650
v 2550.818 -101.021 -410.094
v 2558.566 -99.502 -425.708
v 2551.400 -99.397 -429.264
f 6809 6810 6811
f 6811 6812 6809
v 2551.399 -99.397 -429.263
v 2558.566 -99.502 -425.708
v 2565.067 -98.087 -438.812
v 2557.901 -97.977 -442.367
f 6813 6814 6815
f 6815 6816 6813
v 2557.525 -98.100 -441.166
v 2565.442 -97.964 -440.013
v 2566.333 -97.372 -446.129
v 2558.416 -97.505 -447.282
f 6817 6818 6819
f 6819 6820 6817
v 2558.846 -97.721 -444.820
v 2565.902 -97.147 -448.590
v 2563.665 -96.785 -452.778
v 2556.609 -97.385 -449.008
f 6821 6822 6823
f 6823 6824 6821
v 2558.461 -97.506 -447.260
v 2561.812 -96.660 -454.525
v 2519.655 -95.889 -473.969
v 2516.305 -96.612 -466.705
f 6825 6826 6827
f 6827 6828 6825
v 2516.306 -96.612 -466.704
v 2519.654 -95.889 -473.970
v 2494.262 -95.885 -485.673
v 2490.914 -96.453 -478.408
f 6829 6830 6831
f 6831 6832 6829
v 2490.912 -96.453 -478.409
v 2494.264 -95.885 -485.672
v 2472.312 -96.444 -495.804
v 2468.960 -96.865 -488.540
f 6833 6834 6835
f 6835 6836 6833
v 2469.492 -96.847 -488.339
v 2471.780 -96.465 -496.005
v 2462.306 -96.910 -498.832
v 2460.019 -97.215 -491.166
f 6837 6838 6839
f 6839 6840 6837
v 2460.824 -97.180 -491.013
v 2461.501 -96.953 -498.984
v 2450.002 -97.606 -499.962
v 2449.325 -97.712 -491.991
f 6841 6842 6843
f 6843 6844 6841
v 2450.005 -97.680 -491.991
v 2449.322 -97.646 -499.962
v 2414.457 -99.525 -496.976
v 2415.139 -99.209 -489.006
f 6845 6846 6847
f 6847 6848 6845
v 2415.356 -99.203 -489.030
v 2414.240 -99.533 -496.952
v 2386.099 -100.415 -492.989
v 2387.214 -99.847 -485.067
f 6849 6850 6851
f 6851 6852 6849
v 2108.358 -97.026 -732.181
v 2105.352 -97.604 -739.595
v 2096.881 -97.087 -736.160
v 2099.886 -96.496 -728.746
f 6853 6854 6855
f 6855 6856 6853
v 2099.611 -96.479 -728.646
v 2097.156 -97.103 -736.260
v 2092.525 -96.850 -734.768
v 2094.980 -96.218 -727.154
f 6857 6858 6859
f 6859 6860 6857
v 2094.499 -96.194 -727.031
v 2093.006 -96.874 -734.890
v 2078.824 -95.993 -732.196
v 2080.317 -95.370 -724.336
f 6861 6862 6863
f 6863 6864 6861
v 1890.039 -86.591 -957.129
v 1886.764 -85.797 -949.830
v 1904.753 -85.763 -941.759
v 1908.028 -86.479 -949.058
f 6865 6866 6867
f 6867 6868 6865
v 1905.176 -86.391 -949.219
v 1907.606 -85.867 -941.597
v 1912.537 -86.189 -943.169
v 1910.107 -86.688 -950.791
f 6869 6870 6871
f 6871 6872 6869
v 1908.227 -86.522 -949.514
v 1914.417 -86.360 -944.446
v 1917.846 -86.797 -948.634
v 1911.656 -86.965 -953.702
f 6873 6874 6875
f 6875 6876 6873
v 1910.953 -86.844 -952.424
v 1918.549 -86.914 -949.912
v 1938.152 -89.781 -1009.185
v 1930.557 -90.110 -1011.697
f 6877 6878 6879
f 6879 6880 6877
v 1841.504 -84.267 -955.546
v 1836.314 -83.366 -949.458
v 1855.572 -82.699 -933.038
v 1860.762 -83.556 -939.126
f 6881 6882 6883
f 6883 6884 6881
v 1860.995 -83.545 -938.911
v 1855.340 -82.709 -933.253
v 1875.800 -81.634 -912.804
v 1881.455 -82.476 -918.462
f 6885 6886 6887
f 6887 6888 6885
v 1882.575 -82.323 -916.279
v 1874.680 -81.800 -914.987
v 1876.183 -80.948 -905.806
v 1884.078 -81.507 -907.099
f 6889 6890 6891
f 6891 6892 6889
v 1884.041 -81.358 -905.611
v 1876.220 -81.100 -907.294
v 1874.116 -80.117 -897.519
v 1881.937 -80.364 -895.835
f 6893 6894 6895
f 6895 6896 6893
v 1881.453 -80.224 -894.613
v 1874.600 -80.245 -898.741
v 1869.379 -79.255 -890.076
v 1876.232 -79.235 -885.947
f 6897 6898 6899
f 6899 6900 6897
v 1876.695 -79.353 -887.077
v 1868.916 -79.136 -888.945
v 1867.124 -78.414 -881.482
v 1874.903 -78.631 -879.614
f 6901 6902 6903
f 6903 6904 6901
v 1874.899 -78.791 -881.497
v 1867.128 -78.254 -879.599
v 1879.963 -76.422 -827.050
v 1887.734 -77.168 -828.948
f 6905 6906 6907
f 6907 6908 6905
v 1974.628 -88.406 -315.203
v 1966.750 -87.339 -313.811
v 1969.188 -87.756 -300.008
v 1977.066 -88.749 -301.399
f 6909 6910 6911
f 6911 6912 6909
v 1977.083 -88.752 -300.113
v 1969.171 -87.746 -301.293
v 1968.725 -87.709 -298.308
v 1976.638 -88.698 -297.128
f 6913 6914 6915
f 6915 6916 6913
v 1974.478 -88.439 -294.144
v 1970.885 -87.963 -301.292
v 1967.601 -87.559 -299.641
v 1971.194 -88.052 -292.493
f 6917 6918 6919
f 6919 6920 6917
v 1970.353 -87.954 -292.183
v 1968.442 -87.662 -299.951
v 1939.922 -84.435 -292.937
v 1941.833 -84.952 -285.169
f 6921 6922 6923
f 6923 6924 6921
v 1941.768 -84.945 -285.153
v 1939.987 -84.442 -292.952
v 1922.744 -82.701 -289.016
v 1924.524 -83.335 -281.217
f 6925 6926 6927
f 6927 6928 6925
v 2005.728 -91.093 -259.793
v 2013.485 -91.736 -261.751
v 2001.340 -91.974 -309.885
v 1993.583 -90.920 -307.928
f 6929 6930 6931
f 6931 6932 6929
v 4124.170 -98.270 -704.898
v 4125.250 -97.750 -712.824
v 4092.400 -98.217 -717.302
v 4091.319 -98.418 -709.376
f 6933 6934 6935
f 6935 6936 6933
v 4090.153 -98.425 -709.721
v 4093.566 -98.199 -716.957
v 4090.961 -98.232 -718.185
v 4087.548 -98.437 -710.950
f 6937 6938 6939
f 6939 6940 6937
v 4086.450 -98.441 -711.716
v 4092.059 -98.223 -717.419
v 4090.044 -98.229 -719.401
v 4084.435 -98.447 -713.697
f 6941 6942 6943
f 6943 6944 6941
v 4083.262 -98.442 -716.126
v 4091.217 -98.252 -716.972
v 4089.826 -98.042 -730.063
v 4081.871 -98.362 -729.217
f 6945 6946 6947
f 6947 6948 6945
v 2608.148 -99.754 -841.138
v 2605.278 -100.116 -833.671
v 2656.340 -94.343 -814.041
v 2659.210 -93.929 -821.509
f 6949 6950 6951
f 6951 6952 6949
v 2608.554 -98.839 -862.360
v 2606.764 -99.337 -854.562
v 2690.020 -89.640 -835.448
v 2691.810 -89.417 -843.245
f 6953 6954 6955
f 6955 6956 6953
v 2589.920 -101.269 -787.935
v 2597.413 -100.542 -785.132
v 2602.255 -100.385 -798.078
v 2594.762 -101.127 -800.881
f 6957 6958 6959
f 6959 6960 6957
v 2594.599 -101.130 -800.325
v 2602.418 -100.381 -798.634
v 2610.622 -99.593 -836.559
v 2602.803 -100.275 -838.250
f 6961 6962 6963
f 6963 6964 6961
v 2602.717 -100.293 -837.584
v 2610.709 -99.576 -837.225
v 2611.655 -98.763 -858.281
v 2603.663 -99.409 -858.641
f 6965 6966 6967
f 6967 6968 6965
v 2603.659 -99.420 -858.413
v 2611.659 -98.753 -858.509
v 2611.314 -97.224 -887.320
v 2603.314 -97.766 -887.224
f 6969 6970 6971
f 6971 6972 6969
v 2603.345 -97.725 -887.767
v 2611.283 -97.262 -886.776
v 2612.474 -96.558 -896.313
v 2604.536 -96.971 -897.305
f 6973 6974 6975
f 6975 6976 6973
v 2250.243 -101.451 -557.336
v 2242.256 -100.540 -556.883
v 2243.413 -100.290 -536.461
v 2251.401 -101.119 -536.914
f 6977 6978 6979
f 6979 6980 6977
v 2251.082 -101.014 -535.109
v 2243.732 -100.381 -538.267
v 2241.984 -100.075 -534.198
v 2249.334 -100.685 -531.040
f 6981 6982 6983
f 6983 6984 6981
v 2247.999 -100.495 -529.375
v 2243.319 -100.261 -535.863
v 2238.466 -99.675 -532.363
v 2243.146 -99.924 -525.874
f 6985 6986 6987
f 6987 6988 6985
v 2241.657 -99.768 -525.210
v 2239.955 -99.840 -533.027
v 2201.850 -96.098 -524.732
v 2203.552 -96.313 -516.915
f 6989 6990 6991
f 6991 6992 6989
v 2545.971 -88.481 -102.175
v 2549.968 -88.563 -95.245
v 2576.618 -87.517 -110.621
v 2572.621 -87.639 -117.550
f 6993 6994 6995
f 6995 6996 6993
v 2633.292 -90.767 -510.261
v 2626.087 -90.476 -513.738
v 2514.077 -100.529 -281.677
v 2521.282 -100.331 -278.200
f 6997 6998 6999
f 6999 7000 6997
v 4241.246 -101.364 -178.264
v 4249.114 -100.850 -176.819
v 4256.216 -98.046 -215.482
v 4248.348 -98.262 -216.927
f 7001 7002 7003
f 7003 7004 7001
v 4248.362 -98.256 -217.002
v 4256.202 -98.051 -215.406
v 4261.946 -96.150 -243.621
v 4254.107 -96.128 -245.217
f 7005 7006 7007
f 7007 7008 7005
v 4230.953 -98.170 -224.733
v 4229.350 -98.907 -216.896
v 4236.519 -98.858 -215.429
v 4238.122 -98.127 -223.267
f 7009 7010 7011
f 7011 7012 7009
v 4238.162 -98.127 -223.259
v 4236.480 -98.859 -215.438
v 4240.164 -98.773 -214.645
v 4241.847 -98.071 -222.466
f 7013 7014 7015
f 7015 7016 7013
v 4241.822 -98.071 -222.471
v 4240.189 -98.773 -214.640
v 4251.466 -98.466 -212.289
v 4253.099 -97.855 -220.120
f 7017 7018 7019
f 7019 7020 7017
v 4273.018 -96.795 -471.161
v 4273.313 -97.164 -479.156
v 4259.687 -97.696 -479.658
v 4259.393 -97.211 -471.663
f 7021 7022 7023
f 7023 7024 7021
v 4259.510 -97.207 -471.660
v 4259.570 -97.701 -479.660
v 4100.550 -99.180 -480.862
v 4100.490 -98.906 -472.862
f 7025 7026 7027
f 7027 7028 7025
v 4033.529 -97.518 -685.077
v 4025.690 -97.407 -686.675
v 4014.492 -93.632 -631.736
v 4022.330 -94.075 -630.139
f 7029 7030 7031
f 7031 7032 7029
v 4047.519 -97.660 -678.559
v 4048.948 -97.977 -686.430
v 4030.324 -97.706 -689.812
v 4028.895 -97.208 -681.941
f 7033 7034 7035
f 7035 7036 7033
v 4025.656 -97.394 -686.480
v 4033.564 -97.529 -685.272
v 4041.022 -99.895 -734.082
v 4033.114 -100.243 -735.290
f 7037 7038 7039
f 7039 7040 7037
v 2458.380 -99.059 -400.784
v 2451.099 -98.542 -404.098
v 2403.777 -95.397 -300.115
v 2411.058 -95.918 -296.801
f 7041 7042 7043
f 7043 7044 7041
v 2411.349 -95.916 -297.719
v 2403.486 -95.403 -299.196
v 2399.000 -96.169 -275.314
v 2406.863 -96.542 -273.837
f 7045 7046 7047
f 7047 7048 7045
v 2406.919 -96.527 -274.259
v 2398.944 -96.186 -274.892
v 2397.452 -97.116 -256.082
v 2405.427 -97.309 -255.450
f 7049 7050 7051
f 7051 7052 7049
v 2405.171 -97.359 -254.324
v 2397.709 -97.056 -257.207
v 2387.556 -98.658 -230.935
v 2395.019 -98.773 -228.051
f 7053 7054 7055
f 7055 7056 7053
v 2393.918 -98.884 -226.480
v 2388.657 -98.541 -232.506
v 2382.757 -98.968 -227.354
v 2388.018 -99.321 -221.328
f 7057 7058 7059
f 7059 7060 7057
v 2387.161 -99.378 -220.756
v 2383.614 -98.915 -227.927
v 2377.124 -99.253 -224.717
v 2380.671 -99.757 -217.546
f 7061 7062 7063
f 7063 7064 7061
v 4237.381 -91.275 -372.489
v 4239.353 -91.575 -380.242
v 4232.184 -91.405 -382.065
v 4230.212 -91.172 -374.312
f 7065 7066 7067
f 7067 7068 7065
v 4231.078 -91.181 -374.190
v 4231.318 -91.397 -382.187
v 4221.645 -91.278 -382.477
v 4221.404 -91.051 -374.481
f 7069 7070 7071
f 7071 7072 7069
v 4223.791 -91.105 -375.183
v 4219.258 -91.227 -381.775
v 4217.087 -91.155 -380.283
v 4221.620 -91.033 -373.691
f 7073 7074 7075
f 7075 7076 7073
v 4223.181 -91.114 -375.824
v 4215.527 -91.073 -378.149
v 4214.937 -91.009 -376.208
v 4222.591 -91.052 -373.882
f 7077 7078 7079
f 7079 7080 7077
v 4222.713 -91.068 -374.408
v 4214.815 -90.993 -375.681
v 4203.917 -91.515 -308.050
v 4211.815 -91.665 -306.777
f 7081 7082 7083
f 7083 7084 7081
v 4211.721 -91.580 -308.480
v 4204.010 -91.603 -306.347
v 4204.979 -91.792 -302.846
v 4212.689 -91.763 -304.980
f 7085 7086 7087
f 7087 7088 7085
v 4211.411 -91.651 -306.973
v 4206.257 -91.906 -300.854
v 4209.096 -92.053 -298.463
v 4214.250 -91.799 -304.582
f 7089 7090 7091
f 7091 7092 7089
v 4213.060 -91.753 -305.274
v 4210.285 -92.098 -297.771
v 4217.466 -92.296 -295.115
v 4220.240 -91.954 -302.619
f 7093 7094 7095
f 7095 7096 7093
v 4219.800 -91.944 -302.753
v 4217.905 -92.310 -294.981
v 4224.406 -92.482 -293.396
v 4226.301 -92.082 -301.168
f 7097 7098 7099
f 7099 7100 7097
v 4237.828 -94.324 -269.086
v 4239.441 -93.815 -276.922
v 4222.821 -93.460 -280.343
v 4221.208 -94.055 -272.507
f 7101 7102 7103
f 7103 7104 7101
v 4221.179 -94.054 -272.513
v 4222.850 -93.461 -280.337
v 4216.415 -93.335 -281.710
v 4214.745 -93.946 -273.887
f 7105 7106 7107
f 7107 7108 7105
v 4214.894 -93.948 -273.858
v 4216.266 -93.333 -281.739
v 4214.596 -93.304 -282.030
v 4213.224 -93.924 -274.148
f 7109 7110 7111
f 7111 7112 7109
v 4213.388 -93.926 -274.123
v 4214.432 -93.302 -282.055
v 4207.709 -93.206 -282.940
v 4206.665 -93.850 -275.008
f 7113 7114 7115
f 7115 7116 7113
v 4207.923 -93.849 -275.042
v 4206.451 -93.204 -282.906
v 4202.499 -93.251 -282.166
v 4203.971 -93.906 -274.303
f 7117 7118 7119
f 7119 7120 7117
v 4206.106 -93.814 -275.449
v 4200.364 -93.340 -281.020
v 4197.903 -93.547 -278.483
v 4203.646 -94.021 -272.913
f 7121 7122 7123
f 7123 7124 7121
v 4204.720 -93.846 -275.041
v 4196.829 -93.726 -276.355
v 4185.407 -100.712 -207.747
v 4193.299 -100.830 -206.433
f 7125 7126 7127
f 7127 7128 7125
v 4193.302 -100.695 -207.727
v 4185.404 -100.844 -206.453
v 4185.850 -101.120 -203.693
v 4193.747 -100.983 -204.966
f 7129 7130 7131
f 7131 7132 7129
v 4192.344 -100.730 -207.415
v 4187.253 -101.331 -201.244
v 4189.190 -101.469 -199.646
v 4194.281 -100.893 -205.816
f 7133 7134 7135
f 7135 7136 7133
v 4192.745 -100.814 -206.602
v 4190.725 -101.538 -198.861
v 4199.330 -101.593 -196.615
v 4201.350 -100.855 -204.356
f 7137 7138 7139
f 7139 7140 7137
v 4200.791 -100.860 -204.460
v 4199.890 -101.584 -196.511
v 4208.161 -101.396 -195.573
v 4209.062 -100.704 -203.522
f 7141 7142 7143
f 7143 7144 7141
v 2318.969 -103.362 -645.748
v 2317.732 -103.948 -637.844
v 2362.305 -103.976 -630.869
v 2363.542 -103.397 -638.773
f 7145 7146 7147
f 7147 7148 7145
v 2362.863 -103.414 -638.821
v 2362.984 -103.957 -630.822
v 2382.242 -103.094 -631.112
v 2382.121 -102.638 -639.111
f 7149 7150 7151
f 7151 7152 7149
v 2381.682 -102.670 -639.080
v 2382.681 -103.059 -631.143
v 2414.707 -100.537 -635.172
v 2413.709 -100.367 -643.109
f 7153 7154 7155
f 7155 7156 7153
v 2414.176 -100.336 -643.141
v 2414.241 -100.571 -635.141
v 2433.722 -98.863 -635.299
v 2433.656 -98.788 -643.299
f 7157 7158 7159
f 7159 7160 7157
v 2521.531 -96.323 -468.495
v 2514.430 -96.195 -472.179
v 2463.434 -99.712 -373.902
v 2470.535 -100.234 -370.217
f 7161 7162 7163
f 7163 7164 7161
v 2470.680 -100.241 -370.529
v 2463.289 -99.704 -373.590
v 2445.366 -98.234 -330.303
v 2452.758 -98.889 -327.243
f 7165 7166 7167
f 7167 7168 7165
v 3895.056 -98.379 -420.023
v 3902.897 -99.131 -418.437
v 3907.005 -97.939 -438.753
v 3899.163 -97.378 -440.339
f 7169 7170 7171
f 7171 7172 7169
v 3900.298 -97.306 -442.416
v 3905.870 -98.044 -436.675
v 3911.246 -97.877 -441.893
v 3905.675 -97.237 -447.634
f 7173 7174 7175
f 7175 7176 7173
v 3907.270 -97.218 -448.582
v 3909.652 -97.885 -440.945
v 3916.598 -97.994 -443.111
v 3914.216 -97.282 -450.748
f 7177 7178 7179
f 7179 7180 7177
v 3915.945 -97.329 -450.894
v 3914.869 -97.937 -442.966
v 3992.493 -100.748 -432.438
v 3993.568 -100.064 -440.366
f 7181 7182 7183
f 7183 7184 7181
v 3816.084 -90.446 -316.024
v 3823.951 -91.411 -314.574
v 3826.322 -91.584 -327.440
v 3818.455 -90.558 -328.890
f 7185 7186 7187
f 7187 7188 7185
v 3818.453 -90.558 -328.881
v 3826.324 -91.585 -327.449
v 3842.154 -93.735 -414.485
v 3834.283 -92.941 -415.917
f 7189 7190 7191
f 7191 7192 7189
v 3834.291 -92.942 -415.964
v 3842.145 -93.734 -414.439
v 3844.471 -93.937 -426.419
v 3836.618 -93.258 -427.944
f 7193 7194 7195
f 7195 7196 7193
v 3968.035 -97.276 -232.983
v 3975.924 -97.304 -231.656
v 3992.644 -104.505 -331.095
v 3984.755 -104.708 -332.421
f 7197 7198 7199
f 7199 7200 7197
v 4093.335 -100.479 -582.747
v 4085.353 -99.651 -583.279
v 4084.885 -99.606 -576.265
v 4092.867 -100.435 -575.733
f 7201 7202 7203
f 7203 7204 7201
v 4092.861 -100.435 -575.654
v 4084.891 -99.606 -576.344
v 4076.832 -98.651 -483.178
v 4084.802 -98.846 -482.488
f 7205 7206 7207
f 7207 7208 7205
v 4084.507 -98.824 -481.291
v 4077.126 -98.661 -484.375
v 4074.443 -98.596 -477.955
v 4081.825 -98.706 -474.871
f 7209 7210 7211
f 7211 7212 7209
v 4079.310 -98.657 -472.590
v 4076.957 -98.648 -480.236
v 4069.187 -98.488 -477.845
v 4071.540 -98.582 -470.199
f 7213 7214 7215
f 7215 7216 7213
v 4070.117 -98.567 -470.030
v 4070.610 -98.522 -478.015
v 3903.709 -93.992 -488.318
v 3903.216 -94.571 -480.333
f 7217 7218 7219
f 7219 7220 7217
v 3845.412 -94.191 -820.865
v 3853.311 -95.294 -819.599
v 3863.218 -95.862 -881.407
v 3855.319 -95.045 -882.674
f 7221 7222 7223
f 7223 7224 7221
v 3155.611 -75.801 -503.595
v 3147.722 -75.513 -504.922
v 3145.150 -75.358 -489.625
v 3153.039 -75.491 -488.299
f 7225 7226 7227
f 7227 7228 7225
v 3297.680 -73.276 -445.810
v 3305.325 -73.317 -443.453
v 3310.568 -74.790 -460.453
v 3302.923 -74.867 -462.811
f 7229 7230 7231
f 7231 7232 7229
v 3302.887 -74.856 -462.685
v 3310.604 -74.801 -460.579
v 3314.133 -75.842 -473.511
v 3306.415 -75.976 -475.617
f 7233 7234 7235
f 7235 7236 7233
v 3941.419 -94.018 -206.303
v 3949.329 -94.009 -205.104
v 3950.186 -94.615 -210.757
v 3942.277 -94.599 -211.956
f 7237 7238 7239
f 7239 7240 7237
v 3942.312 -94.458 -210.558
v 3950.151 -94.759 -212.155
v 3949.105 -95.266 -217.293
v 3941.265 -94.962 -215.697
f 7241 7242 7243
f 7243 7244 7241
v 3942.505 -94.761 -213.525
v 3947.865 -95.463 -219.465
v 3942.566 -95.849 -224.246
v 3937.206 -95.155 -218.307
f 7245 7246 7247
f 7247 7248 7245
v 3937.784 -95.122 -217.873
v 3941.988 -95.881 -224.680
v 3851.819 -94.672 -280.370
v 3847.616 -94.221 -273.563
f 7249 7250 7251
f 7251 7252 7249
v 3847.950 -94.250 -273.378
v 3851.485 -94.642 -280.555
v 3788.779 -87.351 -311.451
v 3785.243 -87.202 -304.275
f 7253 7254 7255
f 7255 7256 7253
v 3784.987 -87.169 -304.412
v 3789.035 -87.385 -311.313
v 3657.956 -82.057 -388.204
v 3653.909 -82.068 -381.303
f 7257 7258 7259
f 7259 7260 7257
v 3654.276 -82.048 -381.113
v 3657.589 -82.075 -388.395
v 3599.513 -84.415 -414.813
v 3596.201 -84.579 -407.531
f 7261 7262 7263
f 7263 7264 7261
v 3596.084 -84.582 -407.587
v 3599.630 -84.413 -414.758
v 3574.249 -84.509 -427.307
v 3570.703 -84.839 -420.135
f 7265 7266 7267
f 7267 7268 7265
v 3571.543 -84.848 -419.831
v 3573.409 -84.495 -427.611
v 3542.952 -83.925 -434.916
v 3541.086 -84.491 -427.136
f 7269 7270 7271
f 7271 7272 7269
v 3541.251 -84.494 -427.100
v 3542.788 -83.921 -434.951
v 3375.742 -76.314 -467.658
v 3374.205 -76.263 -459.807
f 7273 7274 7275
f 7275 7276 7273
v 3374.313 -76.267 -459.787
v 3375.634 -76.312 -467.677
v 3310.935 -76.217 -478.509
v 3309.614 -75.587 -470.619
f 7277 7278 7279
f 7279 7280 7277
v 3309.538 -75.588 -470.632
v 3311.010 -76.216 -478.496
v 3152.402 -75.740 -508.190
v 3150.930 -75.588 -500.327
f 7281 7282 7283
f 7283 7284 7281
v 3150.952 -75.589 -500.323
v 3152.381 -75.740 -508.194
v 2999.016 -72.622 -536.040
v 2997.587 -73.234 -528.168
f 7285 7286 7287
f 7287 7288 7285
v 2897.213 -83.330 -537.716
v 2905.004 -82.344 -535.897
v 2908.299 -81.944 -550.005
v 2900.508 -82.985 -551.824
f 7289 7290 7291
f 7291 7292 7289
v 2515.159 -91.128 -547.763
v 2523.094 -90.610 -546.748
v 2524.096 -90.273 -554.581
v 2516.161 -90.807 -555.596
f 7293 7294 7295
f 7295 7296 7293
v 2516.912 -90.692 -557.466
v 2523.345 -90.390 -552.711
v 2525.884 -90.091 -556.146
v 2519.450 -90.396 -560.900
f 7297 7298 7299
f 7299 7300 7297
v 2521.016 -90.239 -562.166
v 2524.318 -90.247 -554.880
v 2530.585 -89.697 -557.720
v 2527.283 -89.680 -565.006
f 7301 7302 7303
f 7303 7304 7301
v 2528.386 -89.587 -565.325
v 2529.482 -89.788 -557.401
v 2626.675 -88.556 -570.835
v 2625.579 -88.506 -578.759
f 7305 7306 7307
f 7307 7308 7305
v 2625.874 -88.523 -578.789
v 2626.380 -88.539 -570.805
v 2682.786 -91.936 -574.385
v 2682.279 -91.902 -582.369
f 7309 7310 7311
f 7311 7312 7309
v 2682.280 -91.902 -582.369
v 2682.785 -91.936 -574.385
v 2711.172 -93.648 -576.181
v 2710.666 -93.618 -584.165
f 7313 7314 7315
f 7315 7316 7313
v 2711.323 -93.643 -584.153
v 2710.515 -93.623 -576.194
v 2822.190 -92.325 -564.847
v 2822.999 -92.420 -572.806
f 7317 7318 7319
f 7319 7320 7317
v 2823.450 -92.390 -572.734
v 2821.739 -92.358 -564.919
v 2903.548 -82.565 -547.007
v 2905.259 -82.357 -554.822
f 7321 7322 7323
f 7323 7324 7321
v 2905.202 -82.365 -554.834
v 2903.605 -82.558 -546.995
v 2985.647 -74.051 -530.272
v 2987.245 -73.413 -538.111
f 7325 7326 7327
f 7327 7328 7325
v 2987.139 -73.421 -538.131
v 2985.752 -74.044 -530.252
v 2997.608 -73.233 -528.165
v 2998.995 -72.622 -536.043
f 7329 7330 7331
f 7331 7332 7329
v 2301.445 -105.477 -600.059
v 2299.367 -105.464 -592.334
v 2327.842 -106.132 -584.672
v 2329.921 -106.157 -592.398
f 7333 7334 7335
f 7335 7336 7333
v 2329.509 -106.147 -592.485
v 2328.255 -106.142 -584.584
v 2394.100 -103.114 -574.136
v 2395.354 -102.985 -582.037
f 7337 7338 7339
f 7339 7340 7337
v 2293.395 -105.300 -577.853
v 2295.973 -105.406 -585.426
v 2283.595 -104.474 -589.640
v 2281.017 -104.284 -582.067
f 7341 7342 7343
f 7343 7344 7341
v 2279.552 -104.163 -582.952
v 2285.059 -104.595 -588.755
v 2267.448 -102.969 -605.465
v 2261.942 -102.701 -599.662
f 7345 7346 7347
f 7347 7348 7345
v 2262.466 -102.744 -599.242
v 2266.924 -102.915 -605.885
v 2242.433 -100.294 -622.318
v 2237.976 -99.933 -615.675
f 7349 7350 7351
f 7351 7352 7349
v 2239.082 -100.063 -615.157
v 2241.327 -100.168 -622.835
v 2186.691 -94.561 -638.806
v 2184.447 -94.139 -631.127
f 7353 7354 7355
f 7355 7356 7353
v 4225.377 -92.771 -408.587
v 4233.323 -92.766 -407.655
v 4238.110 -95.825 -448.485
v 4230.164 -95.970 -449.417
f 7357 7358 7359
f 7359 7360 7357
v 4243.298 -93.250 -411.877
v 4244.079 -92.862 -403.915
v 4261.188 -93.561 -405.593
v 4260.408 -93.853 -413.555
f 7361 7362 7363
f 7363 7364 7361
v 2983.076 -77.756 -481.971
v 2982.958 -78.431 -473.972
v 3027.653 -76.969 -473.312
v 3027.771 -76.158 -481.311
f 7365 7366 7367
f 7367 7368 7365
v 3028.283 -76.146 -481.270
v 3027.141 -76.981 -473.352
v 3091.339 -76.290 -464.093
v 3092.481 -75.752 -472.011
f 7369 7370 7371
f 7371 7372 7369
v 3093.086 -75.754 -471.875
v 3090.734 -76.294 -464.228
v 3120.067 -75.955 -455.206
v 3122.419 -75.666 -462.853
f 7373 7374 7375
f 7375 7376 7373
v 3124.475 -75.667 -461.386
v 3118.010 -75.971 -456.674
v 3122.641 -76.017 -450.320
v 3129.106 -75.697 -455.032
f 7377 7378 7379
f 7379 7380 7377
v 3129.863 -75.712 -452.961
v 3121.884 -75.983 -452.391
v 3122.262 -76.122 -447.094
v 3130.242 -75.793 -447.664
f 7381 7382 7383
f 7383 7384 7381
v 3130.021 -75.828 -446.040
v 3122.483 -76.068 -448.718
v 3115.614 -76.990 -429.379
v 3123.153 -76.593 -426.702
f 7385 7386 7387
f 7387 7388 7385
v 3123.360 -76.557 -427.605
v 3115.407 -77.033 -428.476
v 3111.823 -78.259 -395.783
v 3119.775 -77.557 -394.912
f 7389 7390 7391
f 7391 7392 7389
v 3119.668 -77.578 -394.332
v 3111.930 -78.234 -396.363
v 3105.507 -79.338 -371.886
v 3113.245 -78.565 -369.855
f 7393 7394 7395
f 7395 7396 7393
v 3112.401 -78.672 -368.253
v 3106.351 -79.228 -373.488
v 3102.956 -79.636 -369.565
v 3109.005 -79.078 -364.330
f 7397 7398 7399
f 7399 7400 7397
v 3107.197 -79.285 -363.137
v 3104.764 -79.431 -370.758
v 3099.054 -80.052 -368.935
v 3101.486 -79.920 -361.314
f 7401 7402 7403
f 7403 7404 7401
v 3100.296 -80.050 -361.125
v 3100.244 -79.925 -369.125
v 3065.457 -83.041 -368.900
v 3065.509 -83.246 -360.900
f 7405 7406 7407
f 7407 7408 7405
v 3066.258 -83.192 -360.976
v 3064.707 -83.094 -368.824
v 2952.898 -84.475 -346.725
v 2954.449 -84.516 -338.877
f 7409 7410 7411
f 7411 7412 7409
v 2868.970 -82.342 -253.498
v 2875.940 -82.044 -257.426
v 2860.711 -80.828 -284.451
v 2853.741 -81.008 -280.524
f 7413 7414 7415
f 7415 7416 7413
v 2853.336 -80.948 -281.557
v 2861.116 -80.883 -283.419
v 2852.979 -79.379 -317.419
v 2845.199 -79.249 -315.557
f 7417 7418 7419
f 7419 7420 7417
v 3152.729 -74.373 -294.402
v 3154.411 -74.148 -302.223
v 3106.488 -78.975 -312.526
v 3104.806 -78.942 -304.705
f 7421 7422 7423
f 7423 7424 7421
v 3105.786 -78.850 -304.618
v 3105.508 -79.072 -312.613
v 3083.856 -81.133 -311.860
v 3084.134 -80.808 -303.865
f 7425 7426 7427
f 7427 7428 7425
v 3084.805 -80.750 -303.946
v 3083.185 -81.195 -311.780
v 2968.381 -83.308 -288.043
v 2970.001 -82.852 -280.209
f 7429 7430 7431
f 7431 7432 7429
v 2970.328 -82.858 -280.291
v 2968.055 -83.300 -287.961
v 2871.318 -81.997 -259.297
v 2873.591 -82.340 -251.627
f 7433 7434 7435
f 7435 7436 7433
v 2873.638 -82.339 -251.641
v 2871.271 -81.999 -259.283
v 2765.273 -88.462 -226.445
v 2767.640 -89.096 -218.803
f 7437 7438 7439
f 7439 7440 7437
v 2767.236 -89.121 -218.701
v 2765.677 -88.436 -226.547
v 2720.593 -90.619 -217.592
v 2722.151 -91.040 -209.745
f 7441 7442 7443
f 7443 7444 7441
v 2730.215 -86.438 -278.850
v 2722.236 -87.113 -279.442
v 2717.383 -90.896 -213.964
v 2725.361 -90.759 -213.373
f 7445 7446 7447
f 7447 7448 7445
v 2725.001 -90.852 -211.987
v 2717.743 -90.813 -215.350
v 2686.094 -92.077 -147.046
v 2693.353 -92.523 -143.683
f 7449 7450 7451
f 7451 7452 7449
v 2693.706 -92.517 -145.741
v 2685.742 -92.072 -144.987
v 2686.187 -92.117 -140.285
v 2694.151 -92.585 -141.039
f 7453 7454 7455
f 7455 7456 7453
v 2692.279 -92.456 -144.060
v 2688.059 -92.236 -137.263
v 2691.421 -92.444 -135.176
v 2695.641 -92.669 -141.973
f 7457 7458 7459
f 7459 7460 7457
v 2692.443 -92.479 -142.424
v 2694.619 -92.638 -134.726
v 2864.704 -86.329 -182.820
v 2862.528 -86.132 -190.518
f 7461 7462 7463
f 7463 7464 7461
v 2862.527 -86.132 -190.518
v 2864.705 -86.329 -182.820
v 2937.441 -79.652 -203.400
v 2935.263 -80.081 -211.098
f 7465 7466 7467
f 7467 7468 7465
v 2935.316 -80.078 -211.112
v 2937.388 -79.656 -203.385
v 3077.717 -77.104 -241.005
v 3075.646 -77.789 -248.732
f 7469 7470 7471
f 7471 7472 7469
v 3075.963 -77.783 -248.803
v 3077.400 -77.108 -240.933
v 3144.437 -75.229 -253.178
v 3142.999 -75.284 -261.048
f 7473 7474 7475
f 7475 7476 7473
v 3142.735 -75.298 -260.990
v 3144.701 -75.218 -253.236
v 3153.506 -74.815 -255.468
v 3151.540 -74.807 -263.223
f 7477 7478 7479
f 7479 7480 7477
v 3149.579 -74.928 -262.052
v 3155.468 -74.706 -256.638
v 3160.689 -74.319 -262.318
v 3154.799 -74.557 -267.732
f 7481 7482 7483
f 7483 7484 7481
v 3153.856 -74.637 -265.963
v 3161.633 -74.221 -264.087
v 3166.709 -73.419 -285.129
v 3158.932 -73.942 -287.006
f 7485 7486 7487
f 7487 7488 7485
v 3158.996 -73.976 -284.895
v 3166.645 -73.366 -287.240
v 3164.563 -73.339 -294.030
v 3156.915 -74.033 -291.684
f 7489 7490 7491
f 7491 7492 7489
v 3158.317 -73.945 -289.674
v 3163.161 -73.402 -296.040
v 3155.992 -74.000 -301.496
v 3151.148 -74.511 -295.129
f 7493 7494 7495
f 7495 7496 7493
v 3664.497 -86.539 -1165.828
v 3657.365 -86.000 -1169.453
v 3646.333 -86.681 -1147.749
v 3653.465 -87.349 -1144.124
f 7497 7498 7499
f 7499 7500 7497
v 3441.941 -72.105 -1041.227
v 3445.641 -71.864 -1048.320
v 3423.176 -72.981 -1060.037
v 3419.477 -73.116 -1052.944
f 7501 7502 7503
f 7503 7504 7501
v 3418.357 -73.166 -1053.811
v 3424.296 -72.910 -1059.171
v 3422.949 -73.004 -1060.663
v 3417.010 -73.225 -1055.304
f 7505 7506 7507
f 7507 7508 7505
v 3415.988 -73.293 -1057.725
v 3423.971 -72.909 -1058.242
v 3423.827 -72.958 -1060.475
v 3415.843 -73.336 -1059.957
f 7509 7510 7511
f 7511 7512 7509
v 3416.145 -73.351 -1061.761
v 3423.525 -72.939 -1058.672
v 3428.523 -72.935 -1070.614
v 3421.143 -73.325 -1073.702
f 7513 7514 7515
f 7515 7516 7513
v 3421.186 -73.325 -1073.801
v 3428.480 -72.935 -1070.515
v 3432.599 -72.946 -1079.656
v 3425.305 -73.318 -1082.943
f 7517 7518 7519
f 7519 7520 7517
v 4219.609 -102.646 -990.332
v 4211.640 -102.910 -989.626
v 4212.464 -102.142 -980.326
v 4220.433 -101.904 -981.032
f 7521 7522 7523
f 7523 7524 7521
v 4220.195 -101.993 -982.079
v 4212.702 -102.050 -979.278
v 4213.971 -101.738 -975.883
v 4221.464 -101.688 -978.684
f 7525 7526 7527
f 7527 7528 7525
v 4220.063 -101.879 -980.524
v 4215.372 -101.545 -974.044
v 4218.055 -101.304 -972.102
v 4222.746 -101.635 -978.582
f 7529 7530 7531
f 7531 7532 7529
v 4221.079 -101.748 -979.284
v 4219.721 -101.194 -971.400
v 4247.418 -99.647 -966.631
v 4248.775 -100.036 -974.515
f 7533 7534 7535
f 7535 7536 7533
v 4249.641 -99.964 -974.263
v 4246.552 -99.713 -966.883
v 4256.560 -98.875 -962.696
v 4259.648 -99.099 -970.076
f 7537 7538 7539
f 7539 7540 7537
v 4260.464 -99.026 -969.616
v 4255.745 -98.949 -963.156
v 4269.326 -97.693 -953.235
v 4274.045 -97.777 -959.695
f 7541 7542 7543
f 7543 7544 7541
v 4034.291 -102.068 -785.405
v 4042.250 -101.397 -784.598
v 4043.586 -101.423 -797.768
v 4035.627 -102.127 -798.575
f 7545 7546 7547
f 7547 7548 7545
v 4035.759 -102.096 -797.076
v 4043.453 -101.450 -799.267
v 4042.919 -101.516 -801.143
v 4035.225 -102.167 -798.952
f 7549 7550 7551
f 7551 7552 7549
v 4036.567 -102.024 -796.929
v 4041.576 -101.657 -803.166
v 4040.096 -101.802 -804.355
v 4035.087 -102.168 -798.117
f 7553 7554 7555
f 7555 7556 7553
v 4036.403 -102.045 -797.417
v 4038.780 -101.928 -805.056
v 4018.742 -103.407 -811.291
v 4016.365 -103.396 -803.652
f 7557 7558 7559
f 7559 7560 7557
v 4014.946 -103.481 -804.439
v 4020.162 -103.320 -810.504
v 4012.437 -103.707 -817.148
v 4007.220 -104.002 -811.083
f 7561 7562 7563
f 7563 7564 7561
v 4006.013 -104.097 -812.913
v 4013.643 -103.668 -815.318
v 4009.691 -103.708 -827.854
v 4002.061 -104.124 -825.449
f 7565 7566 7567
f 7567 7568 7565
v 4001.884 -104.119 -826.412
v 4009.869 -103.712 -826.892
v 4008.667 -103.393 -846.905
v 4000.681 -103.783 -846.425
f 7569 7570 7571
f 7571 7572 7569
v 4000.727 -103.738 -847.315
v 4008.621 -103.434 -846.014
v 4012.506 -102.264 -869.594
v 4004.612 -102.480 -870.894
f 7573 7574 7575
f 7575 7576 7573
v 3559.349 -80.860 -677.922
v 3552.163 -80.658 -681.439
v 3541.198 -78.282 -659.036
v 3548.384 -78.659 -655.519
f 7577 7578 7579
f 7579 7580 7577
v 3547.365 -78.500 -654.216
v 3542.217 -78.444 -660.339
v 3538.855 -77.997 -657.512
v 3544.004 -78.049 -651.389
f 7581 7582 7583
f 7583 7584 7581
v 3541.492 -77.774 -650.451
v 3541.367 -78.260 -658.450
v 3536.291 -77.846 -658.371
v 3536.416 -77.328 -650.372
f 7585 7586 7587
f 7587 7588 7585
v 3534.600 -77.198 -650.776
v 3538.106 -77.966 -657.967
v 3513.616 -77.637 -669.908
v 3510.110 -76.784 -662.717
f 7589 7590 7591
f 7591 7592 7589
v 3565.512 -80.800 -669.873
v 3569.310 -81.420 -676.913
v 3557.655 -81.085 -683.201
v 3553.857 -80.406 -676.160
f 7593 7594 7595
f 7595 7596 7593
v 3552.113 -80.647 -681.333
v 3559.399 -80.869 -678.029
v 3598.661 -84.568 -764.618
v 3591.375 -84.890 -767.922
f 7597 7598 7599
f 7599 7600 7597
v 3591.024 -84.883 -766.472
v 3599.013 -84.566 -766.068
v 3599.247 -84.594 -770.692
v 3591.257 -84.942 -771.096
f 7601 7602 7603
f 7603 7604 7601
v 3592.248 -84.860 -768.252
v 3598.256 -84.662 -773.535
v 3595.039 -84.850 -777.194
v 3589.031 -85.052 -771.911
f 7605 7606 7607
f 7607 7608 7605
v 3590.594 -84.967 -770.821
v 3593.476 -84.939 -778.284
v 3567.205 -86.291 -788.429
v 3564.323 -86.252 -780.966
f 7609 7610 7611
f 7611 7612 7609
v 3557.048 -78.594 -639.735
v 3550.145 -78.158 -643.777
v 3543.198 -76.800 -631.915
v 3550.102 -77.333 -627.873
f 7613 7614 7615
f 7615 7616 7613
v 3550.340 -77.373 -628.349
v 3542.961 -76.747 -631.439
v 3515.943 -73.396 -566.937
v 3523.322 -73.989 -563.847
f 7617 7618 7619
f 7619 7620 7617
v 3523.585 -73.929 -566.009
v 3515.681 -73.458 -564.775
v 3517.172 -73.903 -555.224
v 3525.077 -74.363 -556.459
f 7621 7622 7623
f 7623 7624 7621
v 3523.914 -74.209 -558.708
v 3518.335 -74.058 -552.974
v 3523.712 -74.584 -547.743
v 3529.291 -74.735 -553.478
f 7625 7626 7627
f 7627 7628 7625
v 3527.155 -74.562 -554.557
v 3525.848 -74.755 -546.664
v 3602.436 -83.419 -533.983
v 3603.742 -83.549 -541.876
f 7629 7630 7631
f 7631 7632 7629
v 2237.092 -96.498 -908.713
v 2229.558 -96.658 -911.405
v 2216.879 -96.473 -875.923
v 2224.412 -96.056 -873.231
f 7633 7634 7635
f 7635 7636 7633
v 2678.536 -91.665 -578.210
v 2686.529 -92.172 -578.543
v 2686.106 -92.141 -588.701
v 2678.113 -91.638 -588.368
f 7637 7638 7639
f 7639 7640 7637
v 2678.140 -91.639 -588.045
v 2686.079 -92.139 -589.025
v 2684.588 -92.035 -601.112
v 2676.648 -91.545 -600.132
f 7641 7642 7643
f 7643 7644 7641
v 2677.099 -91.573 -598.720
v 2684.137 -92.001 -602.523
v 2682.645 -91.900 -605.284
v 2675.607 -91.481 -601.481
f 7645 7646 7647
f 7647 7648 7645
v 2678.122 -91.637 -599.510
v 2680.130 -91.747 -607.254
v 2675.800 -91.496 -608.377
v 2673.792 -91.368 -600.633
f 7649 7650 7651
f 7651 7652 7649
v 2674.663 -91.422 -600.507
v 2674.929 -91.446 -608.503
v 2630.134 -89.074 -609.996
v 2629.868 -88.851 -602.000
f 7653 7654 7655
f 7655 7656 7653
v 2473.994 -99.885 -295.800
v 2469.972 -99.481 -288.884
v 2482.351 -99.734 -281.685
v 2486.373 -100.200 -288.601
f 7657 7658 7659
f 7659 7660 7657
v 2482.008 -100.744 -313.217
v 2478.678 -100.365 -305.943
v 2491.836 -100.934 -299.919
v 2495.166 -101.360 -307.193
f 7661 7662 7663
f 7663 7664 7661
v 2492.165 -101.818 -331.209
v 2488.514 -101.473 -324.091
v 2500.570 -102.075 -317.909
v 2504.220 -102.456 -325.027
f 7665 7666 7667
f 7667 7668 7665
v 2498.953 -102.444 -349.087
v 2495.775 -102.154 -341.746
v 2509.690 -102.715 -335.722
v 2512.868 -102.867 -343.064
f 7669 7670 7671
f 7671 7672 7669
v 3736.395 -88.469 11.704
v 3732.519 -87.619 18.703
v 3829.835 -92.234 72.595
v 3833.711 -92.758 65.596
f 7673 7674 7675
f 7675 7676 7673
v 3683.981 -83.231 53.122
v 3680.427 -82.770 60.289
v 3735.519 -82.555 87.605
v 3739.073 -82.991 80.438
f 7677 7678 7679
f 7679 7680 7677
v 3739.271 -82.993 80.543
v 3735.321 -82.552 87.500
v 3779.314 -85.597 112.477
v 3783.264 -86.017 105.520
f 7681 7682 7683
f 7683 7684 7681
v 3630.156 -83.042 95.774
v 3626.761 -83.167 103.018
v 3695.891 -80.926 135.419
v 3699.286 -80.704 128.175
f 7685 7686 7687
f 7687 7688 7685
v 3699.706 -80.718 128.404
v 3695.470 -80.925 135.190
v 3738.929 -83.358 162.321
v 3743.166 -83.329 155.535
f 7689 7690 7691
f 7691 7692 7689
v 3086.970 -71.054 -597.449
v 3088.502 -71.327 -605.301
v 3011.524 -71.739 -620.320
v 3009.992 -71.464 -612.468
f 7693 7694 7695
f 7695 7696 7693
v 3831.872 -93.634 -214.365
v 3828.134 -93.738 -207.292
v 3901.594 -91.357 -168.470
v 3905.331 -91.573 -175.543
f 7697 7698 7699
f 7699 7700 7697
v 3905.080 -91.589 -175.665
v 3901.845 -91.342 -168.349
v 3961.256 -89.881 -142.076
v 3964.491 -90.349 -149.392
f 7701 7702 7703
f 7703 7704 7701
v 3964.028 -90.343 -149.564
v 3961.719 -89.894 -141.904
v 4002.328 -91.672 -129.660
v 4004.638 -91.955 -137.319
f 7705 7706 7707
f 7707 7708 7705
v 4005.231 -91.998 -137.087
v 4001.735 -91.628 -129.892
v 4066.233 -97.681 -98.547
v 4069.730 -98.031 -105.742
f 7709 7710 7711
f 7711 7712 7709
v 4070.039 -98.064 -105.575
v 4065.925 -97.649 -98.714
v 4127.429 -102.252 -61.835
v 4131.543 -102.760 -68.696
f 7713 7714 7715
f 7715 7716 7713
v 4131.867 -102.769 -68.479
v 4127.104 -102.244 -62.051
v 4173.302 -101.011 -27.827
v 4178.064 -101.575 -34.255
f 7717 7718 7719
f 7719 7720 7717
v 3747.433 -94.241 -509.579
v 3750.736 -93.644 -502.293
v 3762.681 -94.312 -507.709
v 3759.377 -94.758 -514.995
f 7721 7722 7723
f 7723 7724 7721
v 3758.624 -94.720 -514.548
v 3763.434 -94.360 -508.156
v 3774.933 -95.035 -516.808
v 3770.124 -95.375 -523.201
f 7725 7726 7727
f 7727 7728 7725
v 3769.329 -95.320 -522.405
v 3775.728 -95.089 -517.604
v 3788.719 -95.864 -534.921
v 3782.320 -96.326 -539.722
f 7729 7730 7731
f 7731 7732 7729
v 2374.722 -97.722 -922.371
v 2377.708 -98.342 -929.793
v 2327.247 -100.275 -950.097
v 2324.260 -99.496 -942.675
f 7733 7734 7735
f 7735 7736 7733
v 2324.243 -99.496 -942.682
v 2327.264 -100.275 -950.090
v 2318.614 -100.532 -953.617
v 2315.594 -99.765 -946.209
f 7737 7738 7739
f 7739 7740 7737
v 2270.014 -100.809 -974.085
v 2266.834 -100.232 -966.744
v 2307.143 -99.978 -949.281
v 2310.323 -100.730 -956.622
f 7741 7742 7743
f 7743 7744 7741
v 2310.098 -100.736 -956.711
v 2307.368 -99.972 -949.191
v 2315.739 -99.760 -946.153
v 2318.469 -100.536 -953.673
f 7745 7746 7747
f 7747 7748 7745
v 2859.630 -86.593 -186.336
v 2867.602 -85.877 -187.002
v 2865.843 -84.984 -208.031
v 2857.871 -85.560 -207.364
f 7749 7750 7751
f 7751 7752 7749
v 2857.960 -85.474 -208.601
v 2865.754 -85.060 -206.794
v 2869.628 -83.910 -223.504
v 2861.834 -84.200 -225.311
f 7753 7754 7755
f 7755 7756 7753
v 2861.897 -84.182 -225.547
v 2869.565 -83.925 -223.268
v 2875.688 -82.662 -243.874
v 2868.019 -82.760 -246.153
f 7757 7758 7759
f 7759 7760 7757
v 2867.860 -82.814 -245.243
v 2875.847 -82.617 -244.784
v 2876.448 -82.138 -255.232
v 2868.461 -82.235 -255.692
f 7761 7762 7763
f 7763 7764 7761
v 2481.983 -96.734 -686.157
v 2489.523 -96.321 -683.482
v 2503.393 -98.765 -722.569
v 2495.854 -98.888 -725.244
f 7765 7766 7767
f 7767 7768 7765
v 2411.011 -98.759 -689.691
v 2410.081 -99.113 -681.745
v 2473.833 -96.546 -674.281
v 2474.763 -96.822 -682.227
f 7769 7770 7771
f 7771 7772 7769
v 2473.334 -96.874 -682.136
v 2475.262 -96.481 -674.372
v 2482.498 -96.221 -676.169
v 2480.570 -96.677 -683.933
f 7773 7774 7775
f 7775 7776 7773
v 2478.538 -96.697 -682.701
v 2484.530 -96.191 -677.400
v 2488.749 -96.275 -682.169
v 2482.757 -96.773 -687.470
f 7777 7778 7779
f 7779 7780 7777
v 1900.514 -89.624 -1461.608
v 1892.764 -89.690 -1463.593
v 1882.055 -86.213 -1421.782
v 1889.805 -86.261 -1419.797
f 7781 7782 7783
f 7783 7784 7781
v 1889.712 -86.228 -1419.486
v 1882.149 -86.244 -1422.093
v 1857.959 -78.232 -1351.933
v 1865.522 -78.398 -1349.325
f 7785 7786 7787
f 7787 7788 7785
v 1865.532 -78.400 -1349.354
v 1857.949 -78.230 -1351.904
v 1833.871 -74.271 -1280.318
v 1841.453 -74.282 -1277.767
f 7789 7790 7791
f 7791 7792 7789
v 1841.384 -74.278 -1277.578
v 1833.940 -74.272 -1280.507
v 1827.873 -74.420 -1265.091
v 1835.317 -74.482 -1262.161
f 7793 7794 7795
f 7795 7796 7793
v 2636.971 -90.162 -528.114
v 2644.159 -90.515 -524.602
v 2649.046 -90.402 -534.601
v 2641.858 -89.998 -538.114
f 7797 7798 7799
f 7799 7800 7797
v 2642.223 -89.994 -538.718
v 2648.681 -90.404 -533.997
v 2651.742 -90.425 -538.184
v 2645.284 -90.062 -542.906
f 7801 7802 7803
f 7803 7804 7801
v 2645.866 -90.079 -543.544
v 2651.160 -90.416 -537.546
v 2658.029 -90.641 -543.609
v 2652.735 -90.324 -549.607
f 7805 7806 7807
f 7807 7808 7805
v 2628.822 -89.216 -546.614
v 2621.628 -89.063 -543.114
v 2625.658 -89.454 -534.832
v 2632.852 -89.599 -538.332
f 7809 7810 7811
f 7811 7812 7809
v 2633.135 -89.643 -537.554
v 2625.375 -89.405 -535.610
v 2626.722 -89.713 -530.234
v 2634.482 -89.915 -532.178
f 7813 7814 7815
f 7815 7816 7813
v 2634.600 -89.963 -531.070
v 2626.604 -89.656 -531.342
v 2626.448 -89.867 -526.758
v 2634.444 -90.140 -526.486
f 7817 7818 7819
f 7819 7820 7817
v 1968.183 -87.375 -1211.858
v 1965.425 -87.182 -1204.349
v 2101.179 -92.391 -1154.480
v 2103.937 -93.264 -1161.990
f 7821 7822 7823
f 7823 7824 7821
v 2104.094 -93.264 -1161.928
v 2101.022 -92.391 -1154.542
v 2226.278 -98.347 -1102.441
v 2229.351 -98.508 -1109.828
f 7825 7826 7827
f 7827 7828 7825
v 3972.598 -100.227 -1660.889
v 3980.022 -100.052 -1657.908
v 3980.924 -100.284 -1660.154
v 3973.500 -100.462 -1663.135
f 7829 7830 7831
f 7831 7832 7829
v 3974.174 -100.581 -1664.247
v 3980.249 -100.166 -1659.042
v 3982.932 -100.510 -1662.173
v 3976.857 -100.885 -1667.378
f 7833 7834 7835
f 7835 7836 7833
v 3977.336 -100.930 -1667.850
v 3982.453 -100.457 -1661.701
v 3985.136 -100.713 -1663.933
v 3980.019 -101.145 -1670.083
f 7837 7838 7839
f 7839 7840 7837
v 3981.147 -101.213 -1670.744
v 3984.008 -100.633 -1663.273
v 3987.147 -100.795 -1664.475
v 3984.286 -101.351 -1671.946
f 7841 7842 7843
f 7843 7844 7841
v 3986.176 -101.396 -1672.184
v 3985.257 -100.744 -1664.237
v 3989.142 -100.734 -1663.788
v 3990.061 -101.355 -1671.735
f 7845 7846 7847
f 7847 7848 7845
v 3990.628 -101.336 -1671.627
v 3988.575 -100.752 -1663.895
v 3995.889 -100.480 -1661.953
v 3997.942 -101.057 -1669.685
f 7849 7850 7851
f 7851 7852 7849
v 3998.081 -101.052 -1669.645
v 3995.749 -100.485 -1661.993
v 4014.862 -99.835 -1656.167
v 4017.195 -100.359 -1663.819
f 7853 7854 7855
f 7855 7856 7853
v 4017.151 -100.360 -1663.833
v 4014.907 -99.833 -1656.154
v 4039.631 -99.156 -1648.928
v 4041.875 -99.460 -1656.606
f 7857 7858 7859
f 7859 7860 7857
v 4040.612 -99.498 -1656.764
v 4040.893 -99.131 -1648.769
v 4046.915 -99.054 -1648.981
v 4046.635 -99.358 -1656.976
f 7861 7862 7863
f 7863 7864 7861
v 4046.401 -99.364 -1656.961
v 4047.150 -99.051 -1648.996
v 4051.925 -98.996 -1649.445
v 4051.176 -99.259 -1657.410
f 7865 7866 7867
f 7867 7868 7865
v 4050.442 -99.273 -1657.271
v 4052.660 -98.989 -1649.584
v 4058.337 -98.939 -1651.222
v 4056.119 -99.171 -1658.909
f 7869 7870 7871
f 7871 7872 7869
v 4055.411 -99.183 -1658.629
v 4059.045 -98.933 -1651.502
v 4067.260 -98.832 -1655.690
v 4063.627 -99.026 -1662.817
f 7873 7874 7875
f 7875 7876 7873
v 4063.579 -99.027 -1662.792
v 4067.308 -98.831 -1655.715
v 4072.974 -98.694 -1658.700
v 4069.245 -98.867 -1665.778
f 7877 7878 7879
f 7879 7880 7877
v 4069.405 -98.862 -1665.858
v 4072.814 -98.699 -1658.620
v 4077.890 -98.516 -1661.012
v 4074.481 -98.652 -1668.249
f 7881 7882 7883
f 7883 7884 7881
v 4075.197 -98.618 -1668.506
v 4077.174 -98.543 -1660.754
v 4082.406 -98.335 -1662.088
v 4080.429 -98.365 -1669.840
f 7885 7886 7887
f 7887 7888 7885
v 4081.192 -98.327 -1669.958
v 4081.644 -98.366 -1661.971
v 4087.010 -98.152 -1662.275
v 4086.557 -98.063 -1670.262
f 7889 7890 7891
f 7891 7892 7889
v 4086.783 -98.052 -1670.268
v 4086.783 -98.161 -1662.268
v 4092.461 -97.937 -1662.268
v 4092.461 -97.774 -1670.268
f 7893 7894 7895
f 7895 7896 7893
v 4093.289 -97.735 -1670.182
v 4091.633 -97.967 -1662.355
v 4096.564 -97.802 -1661.311
v 4098.220 -97.520 -1669.138
f 7897 7898 7899
f 7899 7900 7897
v 4099.538 -97.472 -1668.600
v 4095.246 -97.838 -1661.849
v 4098.530 -97.776 -1659.762
v 4102.822 -97.380 -1666.513
f 7901 7902 7903
f 7903 7904 7901
v 4104.025 -97.364 -1665.325
v 4097.328 -97.784 -1660.949
v 4098.597 -97.797 -1659.007
v 4105.294 -97.386 -1663.384
f 7905 7906 7907
f 7907 7908 7905
v 4105.738 -97.405 -1662.466
v 4098.152 -97.784 -1659.925
v 4098.887 -97.827 -1657.732
v 4106.473 -97.468 -1660.273
f 7909 7910 7911
f 7911 7912 7909
v 3152.214 -74.553 -1214.651
v 3145.018 -75.106 -1218.148
v 3129.812 -75.858 -1186.853
v 3137.008 -75.521 -1183.356
f 7913 7914 7915
f 7915 7916 7913
v 3083.261 -81.663 -1305.123
v 3079.653 -82.225 -1297.983
v 3128.099 -77.015 -1273.504
v 3131.707 -76.584 -1280.644
f 7917 7918 7919
f 7919 7920 7917
v 3459.451 -82.069 -1359.616
v 3456.006 -82.412 -1352.396
v 3710.938 -82.795 -1230.755
v 3714.383 -82.399 -1237.975
f 7921 7922 7923
f 7923 7924 7921
v 2775.075 -81.217 -857.135
v 2779.790 -80.526 -850.672
v 2786.580 -80.325 -855.626
v 2781.866 -81.021 -862.089
f 7925 7926 7927
f 7927 7928 7925
v 2781.595 -81.027 -861.873
v 2786.851 -80.318 -855.842
v 2790.246 -80.252 -858.801
v 2784.990 -80.962 -864.832
f 7929 7930 7931
f 7931 7932 7929
v 2784.098 -80.959 -863.717
v 2791.138 -80.295 -859.916
v 2813.446 -82.822 -901.236
v 2806.407 -83.387 -905.037
f 7933 7934 7935
f 7935 7936 7933
v 2806.461 -83.395 -905.135
v 2813.392 -82.815 -901.139
v 2818.724 -83.483 -910.385
v 2811.794 -84.122 -914.382
f 7937 7938 7939
f 7939 7940 7937
v 2811.762 -84.117 -914.326
v 2818.755 -83.487 -910.441
v 2852.084 -86.761 -970.427
v 2845.091 -87.559 -974.312
f 7941 7942 7943
f 7943 7944 7941
v 2845.064 -87.558 -974.263
v 2852.111 -86.762 -970.476
v 2878.449 -85.973 -1019.485
v 2871.403 -86.985 -1023.272
f 7945 7946 7947
f 7947 7948 7945
v 2871.275 -86.993 -1023.012
v 2878.577 -85.961 -1019.745
v 2889.108 -84.673 -1043.286
v 2881.806 -85.722 -1046.552
f 7949 7950 7951
f 7951 7952 7949
v 2881.881 -85.711 -1046.712
v 2889.032 -84.683 -1043.126
v 2902.435 -82.757 -1069.850
v 2895.284 -83.723 -1073.436
f 7953 7954 7955
f 7955 7956 7953
v 2895.277 -83.724 -1073.421
v 2902.443 -82.756 -1069.865
v 2916.313 -80.974 -1097.817
v 2909.147 -81.828 -1101.373
f 7957 7958 7959
f 7959 7960 7957
v 2909.146 -81.828 -1101.372
v 2916.314 -80.974 -1097.818
v 2927.245 -80.084 -1119.866
v 2920.078 -80.811 -1123.420
f 7961 7962 7963
f 7963 7964 7961
v 2920.090 -80.811 -1123.443
v 2927.234 -80.085 -1119.843
v 2943.553 -79.908 -1152.221
v 2936.409 -80.434 -1155.821
f 7965 7966 7967
f 7967 7968 7965
